datetime,open,high,low,close,volume
2026-02-01 09:15:00,6292.0,6292.0,6190.0,6202.0,506
2026-02-01 09:25:00,6202.0,6211.5,6140.0,6180.0,631
2026-02-01 09:35:00,6180.0,6185.0,6166.0,6171.0,224
2026-02-01 09:45:00,6171.0,6184.5,6155.0,6181.0,85
2026-02-01 09:55:00,6181.0,6181.0,6167.5,6179.0,9
2026-02-01 10:05:00,6179.0,6179.0,6162.0,6162.0,39
2026-02-01 10:15:00,6162.0,6172.0,6150.0,6150.0,124
2026-02-01 10:25:00,6150.0,6169.0,6149.0,6162.0,60
2026-02-01 10:35:00,6162.0,6177.0,6160.0,6177.0,44
2026-02-01 10:45:00,6168.0,6180.0,6164.0,6164.0,63
2026-02-01 10:55:00,6164.0,6179.0,6164.0,6179.0,12
2026-02-01 11:05:00,6179.0,6179.0,6154.5,6154.5,55
2026-02-01 11:15:00,6154.5,6177.5,6154.5,6172.0,31
2026-02-01 11:25:00,6172.0,6180.0,6144.0,6150.0,135
2026-02-01 11:35:00,6150.0,6162.5,6134.5,6135.5,204
2026-02-01 11:45:00,6135.5,6141.5,6110.5,6133.0,315
2026-02-01 11:55:00,6133.0,6138.0,6119.5,6119.5,46
2026-02-01 12:05:00,6119.5,6134.5,6109.0,6110.5,155
2026-02-01 12:15:00,6110.5,6126.0,6088.0,6088.0,521
2026-02-01 12:25:00,6088.0,6100.5,6029.5,6066.0,627
2026-02-01 12:35:00,6066.0,6132.0,6066.0,6115.5,215
2026-02-01 12:45:00,6115.5,6115.5,6097.5,6101.0,118
2026-02-01 12:55:00,6101.0,6113.0,6094.5,6104.0,159
2026-02-01 13:05:00,6104.0,6104.5,6080.5,6080.5,73
2026-02-01 13:15:00,6080.5,6080.5,6072.5,6072.5,27
2026-02-01 13:25:00,6072.5,6072.5,6058.0,6068.0,122
2026-02-01 13:35:00,6068.0,6071.5,6059.5,6060.0,20
2026-02-01 13:45:00,6060.0,6077.5,6056.0,6058.0,58
2026-02-01 13:55:00,6058.0,6067.0,6055.0,6055.5,55
2026-02-01 14:05:00,6055.5,6072.0,6055.0,6072.0,54
2026-02-01 14:15:00,6072.0,6072.0,6055.0,6068.5,54
2026-02-01 14:25:00,6068.5,6072.0,6066.0,6067.5,18
2026-02-01 14:35:00,6067.5,6072.0,6063.0,6071.0,22
2026-02-01 14:45:00,6071.0,6071.0,6056.0,6065.5,22
2026-02-01 14:55:00,6065.5,6065.5,5998.5,5998.5,649
2026-02-01 15:05:00,5998.5,6002.5,5980.0,5990.0,1721
2026-02-01 15:15:00,5990.0,5998.0,5970.5,5994.5,485
2026-02-01 15:25:00,5993.0,6000.0,5981.5,6000.0,647
2026-02-02 09:15:00,5955.0,6032.0,5952.0,5981.5,328
2026-02-02 09:25:00,5980.5,6005.0,5961.0,5961.0,232
2026-02-02 09:35:00,5961.0,5991.5,5958.5,5984.0,214
2026-02-02 09:45:00,5984.0,6003.0,5977.5,5995.5,212
2026-02-02 09:55:00,5995.5,6001.0,5985.0,5990.5,237
2026-02-02 10:05:00,5990.5,5995.5,5979.5,5986.5,74
2026-02-02 10:15:00,5986.5,5986.5,5939.0,5950.0,464
2026-02-02 10:25:00,5950.0,5952.5,5934.0,5948.0,283
2026-02-02 10:35:00,5948.0,5948.0,5934.0,5940.0,40
2026-02-02 10:45:00,5940.0,5940.0,5926.0,5931.5,162
2026-02-02 10:55:00,5931.5,5933.0,5884.0,5898.5,497
2026-02-02 11:05:00,5898.5,5900.0,5873.0,5886.0,408
2026-02-02 11:15:00,5883.0,5897.0,5868.0,5880.5,418
2026-02-02 11:25:00,5880.5,5894.5,5877.5,5889.5,209
2026-02-02 11:35:00,5889.5,5906.0,5889.5,5905.0,119
2026-02-02 11:45:00,5905.0,5907.0,5885.5,5896.0,120
2026-02-02 11:55:00,5896.0,5896.0,5892.0,5892.5,108
2026-02-02 12:05:00,5892.5,5892.5,5875.0,5888.5,233
2026-02-02 12:15:00,5888.5,5897.0,5884.0,5890.0,79
2026-02-02 12:25:00,5890.0,5890.0,5881.0,5890.0,43
2026-02-02 12:35:00,5890.0,5900.0,5884.5,5886.5,27
2026-02-02 12:45:00,5886.5,5898.0,5877.0,5885.5,211
2026-02-02 12:55:00,5890.0,5894.0,5884.5,5889.5,43
2026-02-02 13:05:00,5889.5,5900.0,5888.5,5895.0,70
2026-02-02 13:15:00,5895.0,5904.5,5890.0,5892.0,44
2026-02-02 13:25:00,5892.0,5900.0,5889.0,5900.0,101
2026-02-02 13:35:00,5900.0,5902.5,5898.5,5900.5,36
2026-02-02 13:45:00,5900.5,5922.0,5895.5,5919.5,296
2026-02-02 13:55:00,5919.5,5937.0,5912.0,5937.0,52
2026-02-02 14:05:00,5937.0,5968.0,5935.5,5957.0,267
2026-02-02 14:15:00,5957.0,5975.5,5948.0,5970.0,1788
2026-02-02 14:25:00,5977.5,5983.0,5968.0,5974.0,902
2026-02-02 14:35:00,5974.0,5975.0,5970.0,5975.0,312
2026-02-02 14:45:00,5975.0,5975.0,5968.5,5973.0,278
2026-02-02 14:55:00,5973.0,5975.0,5970.0,5974.5,226
2026-02-02 15:05:00,5974.5,5988.0,5968.0,5970.5,1315
2026-02-02 15:15:00,5970.5,5980.0,5929.5,5961.0,3304
2026-02-02 15:25:00,5961.0,6032.0,5930.5,5963.5,736
2026-02-03 09:15:00,6278.0,6903.5,6100.0,6284.0,14628
2026-02-03 09:25:00,6284.0,6295.0,6234.0,6251.0,2528
2026-02-03 09:35:00,6251.0,6260.5,6230.0,6239.5,830
2026-02-03 09:45:00,6234.0,6245.0,6147.0,6164.0,1668
2026-02-03 09:55:00,6164.0,6245.0,6145.5,6231.0,2900
2026-02-03 10:05:00,6231.0,6409.0,6208.0,6403.5,3705
2026-02-03 10:15:00,6397.5,6409.0,6357.0,6385.5,4552
2026-02-03 10:25:00,6385.5,6540.0,6383.5,6540.0,7486
2026-02-03 10:35:00,6548.5,6560.0,6458.0,6473.5,4778
2026-02-03 10:45:00,6475.0,6482.5,6291.0,6299.0,4026
2026-02-03 10:55:00,6296.0,6310.5,6248.0,6267.5,3572
2026-02-03 11:05:00,6267.5,6300.0,6250.5,6266.5,1172
2026-02-03 11:15:00,6270.5,6299.5,6262.0,6266.5,1529
2026-02-03 11:25:00,6266.5,6274.0,6233.5,6253.5,854
2026-02-03 11:35:00,6263.0,6265.0,6200.0,6202.5,1158
2026-02-03 11:45:00,6206.5,6249.0,6206.5,6230.0,1283
2026-02-03 11:55:00,6230.0,6230.0,6182.0,6191.0,775
2026-02-03 12:05:00,6191.0,6218.0,6171.0,6182.0,1491
2026-02-03 12:15:00,6182.0,6192.5,6167.5,6175.0,1467
2026-02-03 12:25:00,6175.0,6200.0,6153.0,6160.0,2710
2026-02-03 12:35:00,6161.0,6208.5,6150.5,6195.0,3449
2026-02-03 12:45:00,6195.0,6195.0,6150.5,6169.0,2418
2026-02-03 12:55:00,6167.5,6226.5,6152.5,6206.0,2674
2026-02-03 13:05:00,6206.0,6217.0,6194.5,6211.0,268
2026-02-03 13:15:00,6211.0,6221.5,6200.5,6207.0,1005
2026-02-03 13:25:00,6214.5,6262.5,6210.0,6240.0,3611
2026-02-03 13:35:00,6240.0,6284.0,6224.5,6267.0,3259
2026-02-03 13:45:00,6267.0,6308.5,6261.0,6308.5,2205
2026-02-03 13:55:00,6308.5,6325.0,6292.5,6316.5,2776
2026-02-03 14:05:00,6315.0,6344.0,6294.5,6294.5,3031
2026-02-03 14:15:00,6285.0,6297.5,6262.5,6267.5,1094
2026-02-03 14:25:00,6266.5,6279.0,6264.0,6269.0,593
2026-02-03 14:35:00,6268.0,6307.0,6260.0,6286.0,971
2026-02-03 14:45:00,6280.5,6290.5,6240.0,6253.5,1481
2026-02-03 14:55:00,6253.5,6300.0,6252.0,6270.5,1475
2026-02-03 15:05:00,6270.5,6288.0,6261.5,6278.5,1029
2026-02-03 15:15:00,6278.5,6290.5,6266.5,6268.5,4245
2026-02-03 15:25:00,6269.5,6282.0,6200.0,6200.0,2694
2026-02-04 09:15:00,6280.0,6290.5,6204.5,6254.0,2048
2026-02-04 09:25:00,6254.0,6266.5,6234.0,6234.0,214
2026-02-04 09:35:00,6234.0,6234.5,6208.0,6217.5,250
2026-02-04 09:45:00,6217.5,6232.0,6217.5,6227.0,223
2026-02-04 09:55:00,6227.0,6237.5,6220.5,6228.0,98
2026-02-04 10:05:00,6228.0,6242.5,6228.0,6241.5,66
2026-02-04 10:15:00,6241.5,6244.5,6215.0,6216.5,187
2026-02-04 10:25:00,6216.5,6224.5,6201.0,6201.0,255
2026-02-04 10:35:00,6201.0,6210.0,6164.5,6170.5,1017
2026-02-04 10:45:00,6170.5,6193.0,6170.5,6177.5,186
2026-02-04 10:55:00,6177.5,6225.0,6170.0,6225.0,411
2026-02-04 11:05:00,6225.0,6249.0,6219.5,6222.0,390
2026-02-04 11:15:00,6222.0,6242.0,6222.0,6225.0,44
2026-02-04 11:25:00,6225.0,6230.0,6225.0,6226.5,55
2026-02-04 11:35:00,6226.5,6244.5,6226.5,6235.0,149
2026-02-04 11:45:00,6235.0,6235.0,6226.5,6226.5,14
2026-02-04 11:55:00,6226.5,6239.5,6226.5,6239.5,26
2026-02-04 12:05:00,6239.5,6243.5,6232.0,6233.5,45
2026-02-04 12:15:00,6233.5,6240.5,6227.0,6227.0,106
2026-02-04 12:25:00,6227.0,6242.0,6227.0,6242.0,167
2026-02-04 12:35:00,6242.0,6242.0,6235.0,6235.0,20
2026-02-04 12:45:00,6235.0,6235.0,6226.5,6226.5,11
2026-02-04 12:55:00,6226.5,6226.5,6226.5,6226.5,0
2026-02-04 13:05:00,6226.5,6234.5,6226.5,6230.0,105
2026-02-04 13:15:00,6230.0,6239.5,6230.0,6239.0,211
2026-02-04 13:25:00,6239.0,6243.5,6239.0,6243.5,20
2026-02-04 13:35:00,6243.5,6261.5,6239.0,6249.5,126
2026-02-04 13:45:00,6249.5,6260.0,6241.0,6260.0,116
2026-02-04 13:55:00,6260.0,6315.0,6260.0,6310.5,696
2026-02-04 14:05:00,6310.5,6338.0,6302.5,6310.0,749
2026-02-04 14:15:00,6314.0,6336.0,6314.0,6316.0,232
2026-02-04 14:25:00,6316.0,6327.5,6315.0,6327.5,191
2026-02-04 14:35:00,6327.5,6327.5,6310.5,6316.5,189
2026-02-04 14:45:00,6316.5,6335.0,6310.0,6321.0,767
2026-02-04 14:55:00,6321.0,6330.0,6308.0,6330.0,270
2026-02-04 15:05:00,6330.0,6338.0,6316.0,6329.5,519
2026-02-04 15:15:00,6329.5,6345.0,6320.0,6320.0,858
2026-02-04 15:25:00,6320.0,6345.0,6225.5,6289.0,678
2026-02-05 09:15:00,6315.0,6317.5,6244.5,6263.0,614
2026-02-05 09:25:00,6263.0,6265.5,6242.0,6258.5,176
2026-02-05 09:35:00,6249.0,6255.0,6239.0,6241.5,129
2026-02-05 09:45:00,6241.5,6285.0,6232.5,6285.0,276
2026-02-05 09:55:00,6285.0,6304.5,6285.0,6304.5,240
2026-02-05 10:05:00,6307.0,6336.0,6307.0,6323.5,824
2026-02-05 10:15:00,6323.5,6330.0,6323.5,6324.0,201
2026-02-05 10:25:00,6324.0,6330.0,6316.5,6318.0,190
2026-02-05 10:35:00,6318.0,6327.5,6265.5,6265.5,1437
2026-02-05 10:45:00,6265.5,6300.5,6249.0,6298.5,455
2026-02-05 10:55:00,6298.5,6306.0,6282.5,6300.5,323
2026-02-05 11:05:00,6299.0,6300.0,6283.5,6283.5,151
2026-02-05 11:15:00,6285.5,6294.5,6278.5,6291.5,204
2026-02-05 11:25:00,6291.5,6297.0,6280.5,6289.0,178
2026-02-05 11:35:00,6286.0,6297.0,6286.0,6291.5,153
2026-02-05 11:45:00,6292.0,6313.5,6292.0,6312.5,513
2026-02-05 11:55:00,6312.5,6325.0,6303.5,6307.0,301
2026-02-05 12:05:00,6307.0,6310.0,6300.0,6300.0,37
2026-02-05 12:15:00,6300.0,6310.0,6300.0,6304.0,133
2026-02-05 12:25:00,6305.0,6308.5,6292.5,6304.5,44
2026-02-05 12:35:00,6304.5,6310.0,6304.5,6310.0,33
2026-02-05 12:45:00,6310.0,6310.0,6301.5,6309.5,23
2026-02-05 12:55:00,6309.5,6328.5,6309.5,6314.5,128
2026-02-05 13:05:00,6314.5,6334.0,6314.5,6334.0,72
2026-02-05 13:15:00,6334.0,6334.0,6327.0,6327.0,11
2026-02-05 13:25:00,6327.0,6327.0,6315.5,6315.5,54
2026-02-05 13:35:00,6315.5,6326.0,6315.5,6324.5,16
2026-02-05 13:45:00,6324.5,6340.0,6324.5,6340.0,578
2026-02-05 13:55:00,6340.0,6343.5,6331.0,6333.5,125
2026-02-05 14:05:00,6333.5,6348.0,6333.5,6340.5,186
2026-02-05 14:15:00,6340.5,6360.0,6340.5,6347.0,501
2026-02-05 14:25:00,6347.0,6347.0,6286.0,6296.5,867
2026-02-05 14:35:00,6296.5,6299.0,6288.0,6294.0,41
2026-02-05 14:45:00,6294.0,6296.0,6282.5,6284.5,298
2026-02-05 14:55:00,6284.5,6296.0,6271.0,6280.0,95
2026-02-05 15:05:00,6280.0,6282.5,6265.0,6279.5,274
2026-02-05 15:15:00,6279.5,6279.5,6237.5,6240.5,564
2026-02-05 15:25:00,6240.0,6263.0,6235.0,6254.0,418
2026-02-06 09:15:00,6260.0,6262.5,6214.0,6220.5,430
2026-02-06 09:25:00,6220.5,6220.5,6183.0,6206.0,374
2026-02-06 09:35:00,6206.0,6206.0,6169.5,6169.5,483
2026-02-06 09:45:00,6169.5,6265.0,6163.0,6256.5,603
2026-02-06 09:55:00,6256.5,6257.5,6236.0,6240.0,266
2026-02-06 10:05:00,6239.5,6239.5,6192.5,6200.0,227
2026-02-06 10:15:00,6200.0,6269.5,6200.0,6269.5,836
2026-02-06 10:25:00,6269.5,6310.0,6255.5,6302.0,622
2026-02-06 10:35:00,6302.0,6303.0,6290.0,6298.0,440
2026-02-06 10:45:00,6298.0,6301.0,6280.0,6280.0,296
2026-02-06 10:55:00,6280.0,6298.0,6280.0,6298.0,240
2026-02-06 11:05:00,6298.0,6300.0,6292.5,6300.0,86
2026-02-06 11:15:00,6300.0,6313.0,6297.5,6301.5,67
2026-02-06 11:25:00,6301.5,6305.0,6294.0,6295.5,661
2026-02-06 11:35:00,6295.5,6301.5,6289.0,6294.0,29
2026-02-06 11:45:00,6294.0,6333.0,6289.0,6314.5,661
2026-02-06 11:55:00,6321.0,6330.0,6310.0,6315.0,235
2026-02-06 12:05:00,6315.0,6330.0,6310.0,6330.0,255
2026-02-06 12:15:00,6330.0,6330.0,6304.0,6304.0,228
2026-02-06 12:25:00,6304.0,6310.0,6304.0,6310.0,88
2026-02-06 12:35:00,6310.0,6323.5,6301.0,6313.0,247
2026-02-06 12:45:00,6313.0,6320.5,6313.0,6320.5,6
2026-02-06 12:55:00,6320.5,6320.5,6315.0,6315.0,1
2026-02-06 13:05:00,6315.0,6327.0,6315.0,6327.0,188
2026-02-06 13:15:00,6318.0,6324.5,6316.0,6323.0,70
2026-02-06 13:25:00,6323.0,6328.0,6320.0,6328.0,159
2026-02-06 13:35:00,6328.0,6333.0,6323.0,6333.0,80
2026-02-06 13:45:00,6333.0,6339.5,6324.5,6337.5,149
2026-02-06 13:55:00,6337.5,6340.0,6327.5,6340.0,105
2026-02-06 14:05:00,6330.0,6340.0,6323.0,6340.0,301
2026-02-06 14:15:00,6340.0,6344.0,6327.0,6328.5,325
2026-02-06 14:25:00,6328.5,6329.5,6313.5,6317.5,135
2026-02-06 14:35:00,6317.5,6317.5,6300.0,6302.0,266
2026-02-06 14:45:00,6302.0,6325.0,6291.5,6320.0,348
2026-02-06 14:55:00,6320.0,6334.5,6320.0,6321.5,200
2026-02-06 15:05:00,6321.0,6414.5,6320.0,6414.5,2464
2026-02-06 15:15:00,6403.5,6513.0,6403.0,6510.0,6829
2026-02-06 15:25:00,6510.0,6551.0,6416.0,6425.0,3478
2026-02-09 09:15:00,6499.0,6499.5,6410.0,6427.5,1139
2026-02-09 09:25:00,6427.5,6437.0,6415.0,6437.0,787
2026-02-09 09:35:00,6439.0,6456.0,6426.0,6435.5,177
2026-02-09 09:45:00,6435.5,6435.5,6417.0,6433.5,295
2026-02-09 09:55:00,6433.5,6477.0,6428.5,6477.0,386
2026-02-09 10:05:00,6476.0,6512.0,6476.0,6512.0,833
2026-02-09 10:15:00,6511.5,6523.0,6504.5,6508.0,604
2026-02-09 10:25:00,6508.0,6509.0,6489.0,6500.0,325
2026-02-09 10:35:00,6500.0,6511.5,6499.0,6499.0,150
2026-02-09 10:45:00,6499.0,6511.5,6465.0,6483.0,425
2026-02-09 10:55:00,6482.0,6500.0,6460.5,6486.5,820
2026-02-09 11:05:00,6496.0,6519.5,6491.5,6512.0,957
2026-02-09 11:15:00,6512.0,6520.0,6505.5,6512.5,136
2026-02-09 11:25:00,6512.5,6514.0,6491.0,6491.0,209
2026-02-09 11:35:00,6499.0,6507.0,6490.5,6500.0,136
2026-02-09 11:45:00,6500.0,6534.5,6499.0,6525.0,712
2026-02-09 11:55:00,6525.0,6530.0,6517.0,6526.0,142
2026-02-09 12:05:00,6526.0,6530.0,6525.0,6525.5,192
2026-02-09 12:15:00,6525.0,6531.0,6505.5,6525.0,955
2026-02-09 12:25:00,6525.0,6530.5,6511.5,6530.0,463
2026-02-09 12:35:00,6530.0,6544.5,6530.0,6540.0,464
2026-02-09 12:45:00,6540.0,6540.5,6528.0,6531.5,70
2026-02-09 12:55:00,6531.5,6546.0,6525.0,6541.0,2196
2026-02-09 13:05:00,6541.0,6541.0,6530.0,6533.5,57
2026-02-09 13:15:00,6533.5,6545.0,6529.5,6530.0,236
2026-02-09 13:25:00,6530.0,6564.0,6530.0,6558.0,1764
2026-02-09 13:35:00,6558.0,6563.0,6551.0,6558.0,156
2026-02-09 13:45:00,6558.0,6559.0,6519.0,6519.0,753
2026-02-09 13:55:00,6519.0,6519.0,6498.0,6508.0,224
2026-02-09 14:05:00,6508.0,6510.5,6501.0,6507.5,50
2026-02-09 14:15:00,6507.5,6532.5,6507.5,6520.5,523
2026-02-09 14:25:00,6520.5,6538.0,6515.5,6515.5,694
2026-02-09 14:35:00,6518.0,6532.5,6505.0,6532.5,509
2026-02-09 14:45:00,6532.5,6540.0,6530.0,6530.0,1019
2026-02-09 14:55:00,6530.0,6541.5,6530.0,6531.5,2139
2026-02-09 15:05:00,6531.5,6540.0,6509.5,6519.5,1319
2026-02-09 15:15:00,6519.5,6530.5,6519.5,6530.0,6383
2026-02-09 15:25:00,6530.0,6530.0,6519.5,6520.0,1893
2026-02-10 09:15:00,6530.0,6554.5,6510.0,6534.5,1209
2026-02-10 09:25:00,6534.5,6549.5,6534.5,6542.5,275
2026-02-10 09:35:00,6542.5,6575.0,6534.0,6558.0,6557
2026-02-10 09:45:00,6560.0,6564.5,6543.0,6543.0,614
2026-02-10 09:55:00,6543.0,6552.0,6543.0,6550.0,199
2026-02-10 10:05:00,6550.0,6552.0,6545.0,6549.0,505
2026-02-10 10:15:00,6550.0,6552.0,6504.5,6515.0,731
2026-02-10 10:25:00,6515.0,6529.0,6500.0,6509.0,358
2026-02-10 10:35:00,6509.0,6509.0,6500.0,6500.5,192
2026-02-10 10:45:00,6497.5,6511.0,6485.5,6502.5,243
2026-02-10 10:55:00,6502.5,6513.0,6500.5,6513.0,111
2026-02-10 11:05:00,6513.0,6535.0,6512.0,6518.0,346
2026-02-10 11:15:00,6518.0,6519.0,6515.0,6515.0,13
2026-02-10 11:25:00,6515.0,6519.0,6513.0,6513.0,14
2026-02-10 11:35:00,6513.0,6520.0,6510.5,6512.5,43
2026-02-10 11:45:00,6512.5,6522.0,6509.5,6515.5,43
2026-02-10 11:55:00,6515.5,6520.0,6515.5,6520.0,19
2026-02-10 12:05:00,6520.0,6525.5,6517.5,6521.5,171
2026-02-10 12:15:00,6521.5,6523.5,6515.0,6523.5,57
2026-02-10 12:25:00,6523.5,6535.0,6518.0,6527.5,122
2026-02-10 12:35:00,6527.0,6535.0,6527.0,6535.0,61
2026-02-10 12:45:00,6535.0,6539.0,6530.5,6535.0,55
2026-02-10 12:55:00,6535.0,6539.5,6535.0,6535.0,30
2026-02-10 13:05:00,6535.0,6539.5,6530.0,6536.5,29
2026-02-10 13:15:00,6536.5,6536.5,6526.0,6530.0,107
2026-02-10 13:25:00,6530.0,6534.5,6530.0,6534.5,78
2026-02-10 13:35:00,6534.5,6537.5,6523.5,6531.0,421
2026-02-10 13:45:00,6531.0,6537.0,6530.0,6537.0,46
2026-02-10 13:55:00,6537.0,6537.0,6530.0,6536.0,105
2026-02-10 14:05:00,6536.0,6553.5,6530.0,6543.0,602
2026-02-10 14:15:00,6543.0,6552.0,6520.0,6524.5,463
2026-02-10 14:25:00,6524.5,6535.0,6524.5,6525.0,38
2026-02-10 14:35:00,6525.0,6534.5,6505.5,6505.5,142
2026-02-10 14:45:00,6505.5,6519.5,6490.0,6490.0,254
2026-02-10 14:55:00,6490.0,6509.0,6484.0,6498.5,236
2026-02-10 15:05:00,6498.5,6666.0,6498.5,6658.5,5582
2026-02-10 15:15:00,6658.5,6720.0,6658.5,6705.0,5440
2026-02-10 15:25:00,6711.0,6711.0,6480.0,6674.0,1276
2026-02-11 09:15:00,6615.0,6646.0,6580.0,6590.0,1642
2026-02-11 09:25:00,6590.0,6597.0,6570.0,6587.0,858
2026-02-11 09:35:00,6591.0,6591.0,6552.0,6572.5,300
2026-02-11 09:45:00,6572.5,6584.0,6563.5,6570.5,233
2026-02-11 09:55:00,6590.0,6590.0,6553.5,6559.0,381
2026-02-11 10:05:00,6559.0,6569.5,6558.5,6558.5,229
2026-02-11 10:15:00,6558.5,6582.0,6556.0,6582.0,214
2026-02-11 10:25:00,6577.0,6583.5,6561.0,6565.0,194
2026-02-11 10:35:00,6565.0,6574.0,6562.0,6569.0,96
2026-02-11 10:45:00,6569.0,6581.0,6565.5,6581.0,107
2026-02-11 10:55:00,6581.0,6581.0,6552.0,6560.0,275
2026-02-11 11:05:00,6560.0,6565.0,6552.5,6555.0,312
2026-02-11 11:15:00,6555.0,6561.0,6535.0,6561.0,669
2026-02-11 11:25:00,6554.0,6569.5,6554.0,6567.5,107
2026-02-11 11:35:00,6567.5,6570.0,6563.5,6564.5,48
2026-02-11 11:45:00,6564.5,6564.5,6542.0,6564.5,149
2026-02-11 11:55:00,6564.5,6630.0,6559.5,6625.5,511
2026-02-11 12:05:00,6625.5,6698.0,6625.5,6661.5,2709
2026-02-11 12:15:00,6661.5,6699.0,6651.5,6695.0,1061
2026-02-11 12:25:00,6691.5,6695.0,6656.5,6684.5,1349
2026-02-11 12:35:00,6685.5,6695.5,6673.0,6688.0,547
2026-02-11 12:45:00,6688.0,6695.0,6674.0,6685.0,575
2026-02-11 12:55:00,6680.5,6690.0,6679.5,6686.0,400
2026-02-11 13:05:00,6686.0,6699.0,6675.0,6699.0,872
2026-02-11 13:15:00,6695.5,6719.0,6682.5,6714.0,1175
2026-02-11 13:25:00,6714.0,6724.0,6708.0,6720.0,751
2026-02-11 13:35:00,6720.0,6722.5,6711.0,6718.5,665
2026-02-11 13:45:00,6718.5,6723.5,6711.0,6720.0,423
2026-02-11 13:55:00,6720.0,6724.0,6675.0,6680.5,727
2026-02-11 14:05:00,6680.5,6686.0,6661.0,6686.0,349
2026-02-11 14:15:00,6686.0,6718.0,6680.0,6697.0,693
2026-02-11 14:25:00,6697.0,6716.0,6691.5,6715.0,326
2026-02-11 14:35:00,6715.0,6715.0,6683.5,6690.0,342
2026-02-11 14:45:00,6690.0,6691.0,6677.0,6683.0,173
2026-02-11 14:55:00,6683.0,6715.0,6683.0,6710.0,930
2026-02-11 15:05:00,6710.0,6714.0,6672.0,6672.0,1024
2026-02-11 15:15:00,6674.5,6681.5,6609.0,6610.5,762
2026-02-11 15:25:00,6610.5,6642.0,6601.5,6603.0,675
2026-02-12 09:15:00,6610.0,6650.0,6515.0,6582.0,2226
2026-02-12 09:25:00,6582.0,6599.5,6572.0,6593.5,449
2026-02-12 09:35:00,6593.5,6594.0,6580.0,6580.5,216
2026-02-12 09:45:00,6580.5,6592.0,6567.5,6591.0,361
2026-02-12 09:55:00,6582.0,6584.5,6575.5,6579.0,130
2026-02-12 10:05:00,6579.0,6596.0,6579.0,6587.0,50
2026-02-12 10:15:00,6585.0,6590.5,6580.0,6586.5,162
2026-02-12 10:25:00,6586.5,6586.5,6570.0,6577.5,79
2026-02-12 10:35:00,6577.5,6577.5,6568.0,6568.0,21
2026-02-12 10:45:00,6568.0,6568.0,6560.0,6560.0,30
2026-02-12 10:55:00,6560.0,6566.0,6552.0,6555.5,235
2026-02-12 11:05:00,6555.5,6563.0,6540.0,6552.0,1101
2026-02-12 11:15:00,6552.0,6559.0,6545.5,6545.5,25
2026-02-12 11:25:00,6545.5,6552.0,6545.5,6546.0,60
2026-02-12 11:35:00,6546.0,6578.0,6540.5,6545.0,622
2026-02-12 11:45:00,6545.0,6550.0,6543.0,6547.0,44
2026-02-12 11:55:00,6547.0,6547.5,6540.0,6540.5,25
2026-02-12 12:05:00,6540.5,6549.5,6540.0,6545.0,55
2026-02-12 12:15:00,6545.0,6613.5,6545.0,6605.0,996
2026-02-12 12:25:00,6605.0,6666.0,6605.0,6635.5,2623
2026-02-12 12:35:00,6638.0,6651.5,6620.0,6644.5,1139
2026-02-12 12:45:00,6650.5,6653.5,6635.5,6648.0,1059
2026-02-12 12:55:00,6648.0,6653.5,6639.0,6651.5,1010
2026-02-12 13:05:00,6653.0,6653.5,6636.5,6652.5,898
2026-02-12 13:15:00,6653.0,6692.0,6645.5,6683.0,1380
2026-02-12 13:25:00,6685.0,6692.0,6658.0,6670.0,1261
2026-02-12 13:35:00,6670.0,6680.0,6665.0,6669.0,1238
2026-02-12 13:45:00,6669.0,6712.0,6665.0,6710.0,1389
2026-02-12 13:55:00,6710.0,6710.0,6680.0,6681.5,509
2026-02-12 14:05:00,6681.5,6692.5,6680.0,6691.5,132
2026-02-12 14:15:00,6691.5,6695.0,6681.5,6690.0,179
2026-02-12 14:25:00,6690.0,6714.0,6687.5,6706.0,402
2026-02-12 14:35:00,6706.0,6706.0,6691.0,6691.0,456
2026-02-12 14:45:00,6691.0,6691.0,6667.0,6680.0,3030
2026-02-12 14:55:00,6672.5,6685.0,6672.5,6683.5,1920
2026-02-12 15:05:00,6683.5,6684.5,6624.0,6624.0,393
2026-02-12 15:15:00,6624.0,6631.0,6603.0,6604.0,890
2026-02-12 15:25:00,6605.0,6620.5,6601.0,6601.0,318
2026-02-13 09:15:00,6600.5,6601.0,6501.0,6501.0,802
2026-02-13 09:25:00,6501.0,6544.0,6492.0,6534.5,568
2026-02-13 09:35:00,6534.5,6562.0,6520.0,6561.0,313
2026-02-13 09:45:00,6561.0,6565.0,6551.0,6553.0,116
2026-02-13 09:55:00,6553.0,6569.5,6542.0,6563.5,287
2026-02-13 10:05:00,6563.5,6576.0,6542.5,6543.0,839
2026-02-13 10:15:00,6543.0,6565.0,6535.0,6565.0,99
2026-02-13 10:25:00,6565.0,6565.0,6555.5,6560.0,102
2026-02-13 10:35:00,6560.0,6561.5,6556.0,6560.5,65
2026-02-13 10:45:00,6560.5,6561.0,6551.0,6551.5,30
2026-02-13 10:55:00,6551.5,6559.0,6550.0,6550.5,99
2026-02-13 11:05:00,6550.5,6552.0,6541.5,6552.0,99
2026-02-13 11:15:00,6552.0,6562.0,6546.0,6546.5,37
2026-02-13 11:25:00,6546.5,6560.5,6546.0,6550.5,90
2026-02-13 11:35:00,6550.5,6560.0,6545.5,6552.0,86
2026-02-13 11:45:00,6552.0,6555.0,6540.0,6548.0,115
2026-02-13 11:55:00,6548.0,6560.0,6545.0,6560.0,132
2026-02-13 12:05:00,6560.0,6572.0,6555.0,6560.5,265
2026-02-13 12:15:00,6560.5,6564.0,6557.0,6560.0,44
2026-02-13 12:25:00,6560.0,6578.0,6559.5,6561.0,59
2026-02-13 12:35:00,6561.0,6647.0,6561.0,6637.5,613
2026-02-13 12:45:00,6637.5,6663.0,6598.0,6608.0,647
2026-02-13 12:55:00,6608.0,6608.5,6570.0,6608.5,860
2026-02-13 13:05:00,6600.0,6648.0,6600.0,6635.5,337
2026-02-13 13:15:00,6635.5,6652.0,6635.5,6641.5,217
2026-02-13 13:25:00,6641.5,6650.0,6632.0,6648.5,236
2026-02-13 13:35:00,6650.0,6666.0,6636.5,6650.0,697
2026-02-13 13:45:00,6650.0,6650.0,6637.5,6650.0,209
2026-02-13 13:55:00,6650.0,6650.0,6638.0,6638.0,211
2026-02-13 14:05:00,6638.0,6645.0,6628.0,6635.5,428
2026-02-13 14:15:00,6635.5,6635.5,6623.0,6633.0,312
2026-02-13 14:25:00,6621.5,6650.0,6621.5,6638.0,455
2026-02-13 14:35:00,6638.0,6640.0,6628.0,6640.0,270
2026-02-13 14:45:00,6640.0,6648.5,6627.5,6648.5,414
2026-02-13 14:55:00,6648.5,6660.0,6640.0,6645.0,1142
2026-02-13 15:05:00,6645.0,6650.5,6637.0,6648.5,1224
2026-02-13 15:15:00,6648.5,6650.0,6566.0,6574.5,1973
2026-02-13 15:25:00,6574.5,6577.0,6550.0,6550.0,150
2026-02-16 09:15:00,6607.0,6619.0,6558.5,6571.0,734
2026-02-16 09:25:00,6571.0,6573.0,6540.5,6571.0,403
2026-02-16 09:35:00,6571.0,6579.0,6560.0,6560.0,183
2026-02-16 09:45:00,6560.0,6561.0,6541.0,6543.0,150
2026-02-16 09:55:00,6543.0,6569.5,6543.0,6562.5,136
2026-02-16 10:05:00,6562.5,6563.0,6555.5,6560.5,24
2026-02-16 10:15:00,6560.5,6569.5,6557.0,6569.5,37
2026-02-16 10:25:00,6569.5,6574.0,6560.0,6560.0,107
2026-02-16 10:35:00,6560.0,6570.5,6560.0,6570.5,10
2026-02-16 10:45:00,6570.5,6586.0,6570.0,6576.5,414
2026-02-16 10:55:00,6576.5,6578.0,6576.0,6576.5,13
2026-02-16 11:05:00,6576.5,6585.0,6576.0,6585.0,13
2026-02-16 11:15:00,6591.0,6611.5,6588.0,6588.0,218
2026-02-16 11:25:00,6588.0,6592.5,6576.5,6576.5,59
2026-02-16 11:35:00,6576.5,6587.5,6576.5,6587.5,16
2026-02-16 11:45:00,6587.5,6587.5,6577.5,6577.5,8
2026-02-16 11:55:00,6577.5,6586.5,6576.0,6582.5,82
2026-02-16 12:05:00,6582.5,6583.0,6576.0,6576.0,43
2026-02-16 12:15:00,6576.0,6589.0,6576.0,6588.5,94
2026-02-16 12:25:00,6588.5,6588.5,6572.5,6582.0,216
2026-02-16 12:35:00,6582.0,6582.0,6561.0,6561.0,99
2026-02-16 12:45:00,6561.0,6568.0,6551.0,6560.0,201
2026-02-16 12:55:00,6560.0,6563.5,6551.0,6561.5,79
2026-02-16 13:05:00,6561.5,6565.0,6552.5,6555.0,275
2026-02-16 13:15:00,6555.0,6568.0,6552.5,6552.5,176
2026-02-16 13:25:00,6552.5,6564.5,6552.5,6557.0,9
2026-02-16 13:35:00,6557.0,6569.0,6557.0,6560.5,236
2026-02-16 13:45:00,6560.5,6572.0,6560.5,6572.0,17
2026-02-16 13:55:00,6572.0,6590.0,6560.5,6582.5,437
2026-02-16 14:05:00,6582.0,6585.0,6571.5,6572.5,167
2026-02-16 14:15:00,6572.5,6572.5,6561.0,6561.0,163
2026-02-16 14:25:00,6561.0,6582.0,6561.0,6576.0,233
2026-02-16 14:35:00,6576.0,6580.0,6571.0,6572.5,28
2026-02-16 14:45:00,6572.5,6579.0,6562.0,6562.0,148
2026-02-16 14:55:00,6562.0,6574.0,6560.5,6564.5,475
2026-02-16 15:05:00,6564.5,6571.5,6551.0,6554.0,271
2026-02-16 15:15:00,6551.0,6551.0,6534.5,6545.5,920
2026-02-16 15:25:00,6545.5,6546.5,6539.5,6539.5,249
2026-02-17 09:15:00,6547.5,6574.5,6516.5,6574.5,333
2026-02-17 09:25:00,6574.5,6574.5,6553.5,6558.5,94
2026-02-17 09:35:00,6560.5,6581.0,6560.5,6579.5,95
2026-02-17 09:45:00,6579.5,6610.0,6579.5,6602.5,302
2026-02-17 09:55:00,6602.5,6604.5,6591.0,6600.0,55
2026-02-17 10:05:00,6600.0,6600.0,6580.0,6580.5,349
2026-02-17 10:15:00,6580.5,6599.5,6580.5,6582.5,92
2026-02-17 10:25:00,6582.5,6597.0,6582.5,6584.5,30
2026-02-17 10:35:00,6584.5,6599.5,6583.5,6597.0,101
2026-02-17 10:45:00,6597.0,6597.0,6560.0,6583.0,421
2026-02-17 10:55:00,6583.0,6593.5,6576.5,6582.5,105
2026-02-17 11:05:00,6582.5,6594.5,6582.5,6594.5,7
2026-02-17 11:15:00,6594.5,6594.5,6584.5,6584.5,12
2026-02-17 11:25:00,6584.5,6586.0,6580.0,6580.0,4
2026-02-17 11:35:00,6580.0,6589.5,6579.5,6581.0,83
2026-02-17 11:45:00,6581.0,6589.5,6581.0,6589.5,46
2026-02-17 11:55:00,6589.5,6666.0,6581.5,6653.5,1728
2026-02-17 12:05:00,6642.5,6686.5,6642.5,6686.5,584
2026-02-17 12:15:00,6679.0,6679.0,6656.0,6660.0,232
2026-02-17 12:25:00,6660.0,6681.5,6660.0,6678.0,205
2026-02-17 12:35:00,6678.0,6683.0,6673.0,6682.5,343
2026-02-17 12:45:00,6685.0,6719.5,6681.0,6719.5,1875
2026-02-17 12:55:00,6719.5,6719.5,6656.0,6669.0,674
2026-02-17 13:05:00,6669.0,6669.0,6656.0,6656.5,178
2026-02-17 13:15:00,6656.5,6656.5,6599.5,6610.5,581
2026-02-17 13:25:00,6610.5,6613.0,6600.0,6607.5,138
2026-02-17 13:35:00,6607.5,6625.0,6602.0,6619.0,136
2026-02-17 13:45:00,6619.0,6626.5,6610.0,6616.0,28
2026-02-17 13:55:00,6616.0,6621.5,6607.5,6617.0,178
2026-02-17 14:05:00,6617.0,6619.0,6600.0,6600.0,67
2026-02-17 14:15:00,6600.0,6615.0,6600.0,6615.0,53
2026-02-17 14:25:00,6615.0,6620.0,6608.0,6620.0,107
2026-02-17 14:35:00,6620.0,6620.0,6604.0,6613.0,91
2026-02-17 14:45:00,6613.0,6630.0,6613.0,6618.0,133
2026-02-17 14:55:00,6618.0,6626.0,6618.0,6620.0,132
2026-02-17 15:05:00,6620.0,6652.0,6611.5,6649.0,1770
2026-02-17 15:15:00,6649.0,6669.0,6632.0,6669.0,3613
2026-02-17 15:25:00,6669.0,6675.0,6650.0,6665.0,1265
2026-02-18 09:15:00,6640.0,6650.0,6623.0,6640.5,275
2026-02-18 09:25:00,6640.5,6654.0,6606.5,6630.0,418
2026-02-18 09:35:00,6630.0,6630.0,6617.0,6627.0,76
2026-02-18 09:45:00,6627.0,6627.0,6600.5,6615.5,169
2026-02-18 09:55:00,6615.5,6618.0,6580.0,6588.5,323
2026-02-18 10:05:00,6588.5,6615.5,6588.5,6613.0,223
2026-02-18 10:15:00,6613.0,6626.5,6612.0,6621.0,376
2026-02-18 10:25:00,6621.0,6635.0,6612.5,6618.5,55
2026-02-18 10:35:00,6618.5,6629.5,6617.0,6618.0,24
2026-02-18 10:45:00,6618.0,6626.0,6618.0,6626.0,17
2026-02-18 10:55:00,6626.0,6635.5,6621.5,6627.5,139
2026-02-18 11:05:00,6627.5,6627.5,6618.5,6618.5,40
2026-02-18 11:15:00,6618.5,6618.5,6617.0,6617.0,15
2026-02-18 11:25:00,6617.0,6620.5,6615.0,6615.0,36
2026-02-18 11:35:00,6615.0,6630.0,6615.0,6621.5,44
2026-02-18 11:45:00,6621.5,6621.5,6620.5,6620.5,8
2026-02-18 11:55:00,6620.5,6647.0,6620.5,6635.5,97
2026-02-18 12:05:00,6635.5,6645.0,6629.5,6630.0,416
2026-02-18 12:15:00,6630.0,6630.5,6627.0,6630.5,24
2026-02-18 12:25:00,6630.5,6631.0,6630.5,6631.0,22
2026-02-18 12:35:00,6631.0,6644.5,6620.0,6620.0,260
2026-02-18 12:45:00,6620.0,6620.0,6605.0,6608.0,112
2026-02-18 12:55:00,6608.0,6608.0,6602.0,6608.0,25
2026-02-18 13:05:00,6608.0,6609.0,6600.0,6609.0,160
2026-02-18 13:15:00,6609.0,6609.0,6605.0,6605.0,1
2026-02-18 13:25:00,6605.0,6630.0,6605.0,6630.0,205
2026-02-18 13:35:00,6630.0,6630.0,6619.5,6627.0,60
2026-02-18 13:45:00,6627.0,6627.0,6577.0,6577.0,864
2026-02-18 13:55:00,6577.0,6593.5,6577.0,6586.0,320
2026-02-18 14:05:00,6586.0,6591.5,6570.0,6582.0,543
2026-02-18 14:15:00,6582.0,6598.0,6582.0,6592.5,26
2026-02-18 14:25:00,6592.5,6606.5,6590.0,6598.0,82
2026-02-18 14:35:00,6598.0,6601.0,6585.5,6585.5,221
2026-02-18 14:45:00,6592.5,6594.5,6582.0,6594.5,67
2026-02-18 14:55:00,6594.5,6610.0,6582.0,6589.0,162
2026-02-18 15:05:00,6589.0,6650.0,6582.0,6650.0,885
2026-02-18 15:15:00,6650.0,6652.0,6631.5,6637.5,2595
2026-02-18 15:25:00,6637.5,6650.0,6631.5,6647.0,558
2026-02-19 09:15:00,6645.0,6650.0,6608.5,6615.0,420
2026-02-19 09:25:00,6615.0,6615.0,6587.0,6600.0,181
2026-02-19 09:35:00,6600.0,6610.0,6599.5,6599.5,110
2026-02-19 09:45:00,6599.5,6610.5,6597.0,6610.5,69
2026-02-19 09:55:00,6610.5,6617.5,6610.5,6611.0,35
2026-02-19 10:05:00,6611.0,6625.0,6610.5,6620.5,98
2026-02-19 10:15:00,6620.5,6620.5,6610.5,6611.0,46
2026-02-19 10:25:00,6611.0,6612.0,6611.0,6612.0,38
2026-02-19 10:35:00,6612.0,6623.5,6598.5,6598.5,175
2026-02-19 10:45:00,6598.5,6611.0,6590.0,6609.0,103
2026-02-19 10:55:00,6609.0,6619.5,6609.0,6619.5,111
2026-02-19 11:05:00,6604.0,6612.5,6600.0,6607.0,75
2026-02-19 11:15:00,6607.0,6613.0,6607.0,6607.0,22
2026-02-19 11:25:00,6607.0,6607.0,6600.0,6606.0,33
2026-02-19 11:35:00,6606.0,6606.0,6592.0,6592.0,85
2026-02-19 11:45:00,6592.0,6592.0,6592.0,6592.0,0
2026-02-19 11:55:00,6592.0,6601.5,6583.5,6600.0,160
2026-02-19 12:05:00,6600.0,6659.0,6600.0,6649.5,1002
2026-02-19 12:15:00,6644.5,6657.5,6641.0,6650.0,1848
2026-02-19 12:25:00,6650.0,6656.5,6645.0,6653.5,700
2026-02-19 12:35:00,6653.5,6654.0,6636.5,6651.0,1122
2026-02-19 12:45:00,6651.0,6651.0,6638.0,6647.0,888
2026-02-19 12:55:00,6647.0,6660.0,6640.0,6648.0,842
2026-02-19 13:05:00,6647.0,6651.0,6635.5,6650.5,602
2026-02-19 13:15:00,6650.5,6652.5,6638.0,6650.0,690
2026-02-19 13:25:00,6650.0,6651.5,6641.0,6649.5,511
2026-02-19 13:35:00,6649.5,6651.5,6641.0,6646.0,1011
2026-02-19 13:45:00,6646.0,6651.5,6636.0,6645.0,790
2026-02-19 13:55:00,6645.0,6650.0,6635.0,6646.5,561
2026-02-19 14:05:00,6646.5,6649.5,6636.5,6648.0,595
2026-02-19 14:15:00,6648.0,6651.5,6641.0,6650.5,658
2026-02-19 14:25:00,6650.5,6654.0,6625.0,6647.5,1181
2026-02-19 14:35:00,6647.0,6650.5,6639.5,6642.0,512
2026-02-19 14:45:00,6642.0,6650.0,6639.5,6640.5,654
2026-02-19 14:55:00,6640.5,6648.0,6613.0,6613.0,436
2026-02-19 15:05:00,6613.0,6625.5,6604.0,6618.0,197
2026-02-19 15:15:00,6618.0,6618.0,6600.0,6600.0,465
2026-02-19 15:25:00,6582.0,6599.5,6565.0,6566.0,392
2026-02-20 09:15:00,6600.0,6621.5,6550.0,6552.0,528
2026-02-20 09:25:00,6552.0,6579.0,6540.5,6579.0,286
2026-02-20 09:35:00,6579.0,6594.0,6579.0,6594.0,69
2026-02-20 09:45:00,6593.5,6593.5,6571.0,6591.5,279
2026-02-20 09:55:00,6590.5,6594.0,6533.0,6559.5,1757
2026-02-20 10:05:00,6559.5,6562.0,6542.0,6552.0,270
2026-02-20 10:15:00,6552.0,6573.5,6551.5,6563.5,206
2026-02-20 10:25:00,6563.5,6571.0,6560.0,6567.0,33
2026-02-20 10:35:00,6567.0,6570.0,6560.0,6565.0,24
2026-02-20 10:45:00,6565.0,6565.0,6560.0,6564.0,46
2026-02-20 10:55:00,6564.0,6564.0,6540.0,6545.0,72
2026-02-20 11:05:00,6545.0,6547.5,6540.0,6540.0,80
2026-02-20 11:15:00,6540.0,6549.5,6533.0,6534.5,83
2026-02-20 11:25:00,6534.5,6588.0,6534.5,6581.0,532
2026-02-20 11:35:00,6581.0,6581.0,6561.0,6561.5,15
2026-02-20 11:45:00,6561.5,6562.0,6550.0,6550.5,289
2026-02-20 11:55:00,6550.5,6571.0,6533.0,6567.5,28846
2026-02-20 12:05:00,6567.5,6569.0,6560.0,6568.5,120
2026-02-20 12:15:00,6568.5,6579.0,6566.0,6567.5,299
2026-02-20 12:25:00,6567.5,6585.0,6567.5,6575.0,129
2026-02-20 12:35:00,6575.0,6587.0,6575.0,6575.0,68
2026-02-20 12:45:00,6575.0,6581.0,6575.0,6579.0,64
2026-02-20 12:55:00,6579.0,6579.0,6575.0,6576.5,22
2026-02-20 13:05:00,6576.5,6580.5,6575.0,6580.5,171
2026-02-20 13:15:00,6580.5,6581.0,6575.0,6578.5,94
2026-02-20 13:25:00,6578.5,6591.0,6578.5,6589.0,59
2026-02-20 13:35:00,6589.0,6589.0,6579.0,6579.0,105
2026-02-20 13:45:00,6579.0,6589.0,6579.0,6579.0,14
2026-02-20 13:55:00,6579.0,6591.0,6577.0,6589.0,18
2026-02-20 14:05:00,6589.0,6589.0,6575.0,6575.0,25
2026-02-20 14:15:00,6575.0,6590.0,6575.0,6575.0,85
2026-02-20 14:25:00,6575.0,6586.0,6575.0,6579.0,49
2026-02-20 14:35:00,6579.0,6583.5,6575.0,6581.5,23
2026-02-20 14:45:00,6581.5,6589.0,6575.0,6580.0,61
2026-02-20 14:55:00,6578.0,6580.0,6575.0,6575.0,200
2026-02-20 15:05:00,6575.0,6612.5,6575.0,6612.5,2227
2026-02-20 15:15:00,6612.5,6612.5,6584.5,6584.5,362
2026-02-20 15:25:00,6584.5,6616.0,6584.5,6616.0,559
2026-02-23 09:15:00,6624.0,6646.0,6617.0,6623.0,641
2026-02-23 09:25:00,6633.5,6639.5,6623.0,6635.0,215
2026-02-23 09:35:00,6635.0,6635.0,6617.0,6625.0,195
2026-02-23 09:45:00,6625.0,6625.0,6596.0,6596.0,138
2026-02-23 09:55:00,6596.0,6609.0,6596.0,6603.0,42
2026-02-23 10:05:00,6603.0,6606.5,6596.0,6604.5,105
2026-02-23 10:15:00,6604.5,6604.5,6591.5,6599.5,249
2026-02-23 10:25:00,6599.5,6599.5,6591.0,6591.0,41
2026-02-23 10:35:00,6591.0,6592.0,6581.0,6581.0,128
2026-02-23 10:45:00,6581.0,6581.0,6557.5,6568.0,167
2026-02-23 10:55:00,6568.0,6572.5,6564.0,6564.0,120
2026-02-23 11:05:00,6564.0,6574.0,6564.0,6574.0,51
2026-02-23 11:15:00,6574.0,6574.0,6566.0,6566.0,86
2026-02-23 11:25:00,6566.0,6568.5,6560.0,6560.0,139
2026-02-23 11:35:00,6560.0,6578.5,6560.0,6578.5,75
2026-02-23 11:45:00,6578.5,6578.5,6540.0,6553.0,714
2026-02-23 11:55:00,6553.0,6567.0,6549.0,6567.0,55
2026-02-23 12:05:00,6567.0,6600.0,6556.0,6593.0,51043
2026-02-23 12:15:00,6593.0,6599.0,6585.0,6595.5,133
2026-02-23 12:25:00,6597.0,6598.5,6585.5,6593.0,62
2026-02-23 12:35:00,6593.0,6605.0,6587.0,6587.5,202
2026-02-23 12:45:00,6587.5,6588.5,6583.0,6588.0,70
2026-02-23 12:55:00,6588.0,6588.0,6578.5,6585.0,55
2026-02-23 13:05:00,6585.0,6585.0,6582.5,6584.5,32
2026-02-23 13:15:00,6584.5,6585.0,6578.5,6585.0,148
2026-02-23 13:25:00,6585.0,6585.0,6580.5,6585.0,112
2026-02-23 13:35:00,6585.0,6585.0,6582.5,6585.0,19
2026-02-23 13:45:00,6585.0,6585.0,6570.0,6575.0,284
2026-02-23 13:55:00,6575.0,6575.0,6570.0,6570.0,178
2026-02-23 14:05:00,6570.0,6575.5,6570.0,6575.0,275
2026-02-23 14:15:00,6575.0,6584.5,6571.0,6580.0,95
2026-02-23 14:25:00,6580.0,6581.0,6577.0,6577.0,62
2026-02-23 14:35:00,6577.0,6579.0,6572.0,6578.5,77
2026-02-23 14:45:00,6578.5,6578.5,6500.5,6509.0,1873
2026-02-23 14:55:00,6487.5,6559.0,6456.0,6553.0,3472
2026-02-23 15:05:00,6558.0,6564.0,6533.5,6548.5,815
2026-02-23 15:15:00,6549.5,6549.5,6514.5,6548.0,1275
2026-02-23 15:25:00,6541.5,6546.5,6505.0,6505.0,680
2026-02-24 09:15:00,6535.0,6535.0,6480.0,6510.0,720
2026-02-24 09:25:00,6511.5,6517.0,6490.0,6495.5,493
2026-02-24 09:35:00,6495.5,6518.0,6490.0,6494.0,418
2026-02-24 09:45:00,6494.0,6504.5,6493.5,6504.5,1108
2026-02-24 09:55:00,6504.5,6511.5,6500.0,6500.0,249
2026-02-24 10:05:00,6500.0,6511.5,6493.5,6493.5,290
2026-02-24 10:15:00,6493.5,6511.5,6491.0,6505.0,240
2026-02-24 10:25:00,6505.0,6519.0,6495.0,6505.0,270
2026-02-24 10:35:00,6505.0,6515.0,6505.0,6510.0,73
2026-02-24 10:45:00,6510.0,6510.0,6490.0,6498.0,161
2026-02-24 10:55:00,6498.0,6504.5,6498.0,6504.5,78
2026-02-24 11:05:00,6504.5,6504.5,6494.0,6503.0,8
2026-02-24 11:15:00,6503.0,6505.5,6500.0,6502.5,19
2026-02-24 11:25:00,6502.5,6507.5,6500.0,6502.0,956
2026-02-24 11:35:00,6502.0,6504.5,6493.0,6500.0,89
2026-02-24 11:45:00,6500.0,6506.0,6495.0,6495.0,37
2026-02-24 11:55:00,6495.0,6500.0,6491.5,6491.5,147
2026-02-24 12:05:00,6491.5,6495.0,6485.5,6493.5,241
2026-02-24 12:15:00,6493.5,6493.5,6493.5,6493.5,3
2026-02-24 12:25:00,6493.5,6497.0,6462.0,6472.0,516
2026-02-24 12:35:00,6472.0,6472.5,6465.0,6470.0,93
2026-02-24 12:45:00,6470.0,6470.0,6462.5,6469.0,24
2026-02-24 12:55:00,6469.0,6484.5,6462.0,6475.5,128
2026-02-24 13:05:00,6475.5,6475.5,6469.0,6470.0,94
2026-02-24 13:15:00,6470.0,6470.0,6461.5,6469.0,70
2026-02-24 13:25:00,6469.0,6469.0,6452.5,6459.5,118
2026-02-24 13:35:00,6459.5,6464.5,6452.0,6452.0,80
2026-02-24 13:45:00,6452.0,6452.0,6442.0,6444.0,101
2026-02-24 13:55:00,6444.0,6457.5,6444.0,6457.5,148
2026-02-24 14:05:00,6457.5,6473.5,6456.0,6466.5,100
2026-02-24 14:15:00,6466.5,6469.0,6466.5,6469.0,16
2026-02-24 14:25:00,6469.0,6478.0,6469.0,6478.0,31
2026-02-24 14:35:00,6478.0,6500.0,6471.0,6490.5,50442
2026-02-24 14:45:00,6490.5,6495.0,6483.0,6491.5,80
2026-02-24 14:55:00,6491.5,6496.5,6484.5,6484.5,140
2026-02-24 15:05:00,6484.5,6493.0,6478.0,6479.5,1052
2026-02-24 15:15:00,6479.5,6487.0,6445.5,6450.5,1014
2026-02-24 15:25:00,6450.5,6465.0,6440.0,6464.0,807
2026-02-25 09:15:00,6500.0,6500.0,6420.0,6460.5,896
2026-02-25 09:25:00,6460.5,6477.5,6460.5,6470.5,140
2026-02-25 09:35:00,6470.5,6475.5,6460.0,6469.5,797
2026-02-25 09:45:00,6469.5,6481.5,6468.5,6481.5,64
2026-02-25 09:55:00,6481.5,6494.5,6481.0,6494.5,310
2026-02-25 10:05:00,6494.5,6514.0,6490.0,6514.0,178
2026-02-25 10:15:00,6514.0,6514.0,6503.5,6508.0,95
2026-02-25 10:25:00,6508.0,6509.5,6508.0,6509.5,16
2026-02-25 10:35:00,6509.5,6532.0,6508.5,6514.5,508
2026-02-25 10:45:00,6514.5,6533.5,6514.5,6530.0,116
2026-02-25 10:55:00,6530.0,6530.0,6515.0,6524.5,241
2026-02-25 11:05:00,6524.5,6530.0,6515.0,6515.0,39
2026-02-25 11:15:00,6515.0,6525.5,6500.0,6500.0,2059
2026-02-25 11:25:00,6500.0,6519.5,6499.5,6504.5,2301
2026-02-25 11:35:00,6503.0,6517.5,6500.0,6513.0,170
2026-02-25 11:45:00,6507.5,6519.0,6504.5,6509.5,195
2026-02-25 11:55:00,6509.0,6517.0,6504.0,6506.0,162
2026-02-25 12:05:00,6506.0,6518.5,6503.5,6514.0,189
2026-02-25 12:15:00,6514.0,6519.5,6502.0,6514.0,161
2026-02-25 12:25:00,6513.0,6519.0,6504.0,6510.0,183
2026-02-25 12:35:00,6507.5,6513.0,6500.0,6500.0,182
2026-02-25 12:45:00,6500.0,6507.5,6500.0,6500.0,165
2026-02-25 12:55:00,6500.0,6506.5,6500.0,6500.0,295
2026-02-25 13:05:00,6500.0,6511.5,6500.0,6500.0,167
2026-02-25 13:15:00,6500.0,6508.5,6500.0,6507.0,213
2026-02-25 13:25:00,6504.0,6507.0,6500.0,6500.0,161
2026-02-25 13:35:00,6500.0,6509.5,6500.0,6500.0,518
2026-02-25 13:45:00,6500.0,6510.0,6500.0,6502.0,320
2026-02-25 13:55:00,6502.0,6540.0,6500.5,6510.5,971
2026-02-25 14:05:00,6510.5,6519.0,6506.5,6509.5,263
2026-02-25 14:15:00,6515.5,6529.0,6509.5,6529.0,377
2026-02-25 14:25:00,6525.5,6530.5,6516.5,6521.0,352
2026-02-25 14:35:00,6529.5,6530.5,6516.0,6524.5,163
2026-02-25 14:45:00,6516.0,6523.0,6510.0,6515.5,201
2026-02-25 14:55:00,6516.5,6546.0,6511.0,6546.0,496
2026-02-25 15:05:00,6546.5,6549.0,6534.0,6546.5,335
2026-02-25 15:15:00,6545.5,6546.5,6536.5,6543.0,358
2026-02-25 15:25:00,6544.0,6548.5,6516.0,6544.0,287
2026-02-26 09:15:00,6540.0,6540.0,6486.0,6519.0,2395
2026-02-26 09:25:00,6519.0,6560.0,6519.0,6551.0,307
2026-02-26 09:35:00,6551.0,6609.0,6551.0,6582.0,1679
2026-02-26 09:45:00,6582.0,6606.5,6582.0,6595.5,577
2026-02-26 09:55:00,6595.5,6595.5,6570.5,6577.0,588
2026-02-26 10:05:00,6577.0,6580.0,6571.5,6574.0,122
2026-02-26 10:15:00,6574.0,6579.5,6560.0,6565.0,151
2026-02-26 10:25:00,6565.0,6573.5,6549.0,6559.5,149
2026-02-26 10:35:00,6559.5,6565.0,6554.5,6561.5,26
2026-02-26 10:45:00,6561.5,6569.0,6558.0,6558.0,42
2026-02-26 10:55:00,6558.0,6558.0,6546.5,6548.0,468
2026-02-26 11:05:00,6548.0,6561.0,6548.0,6561.0,9
2026-02-26 11:15:00,6561.0,6573.0,6560.0,6571.0,312
2026-02-26 11:25:00,6571.0,6589.5,6548.0,6561.0,293
2026-02-26 11:35:00,6561.0,6571.0,6551.0,6551.0,28
2026-02-26 11:45:00,6551.0,6561.5,6551.0,6553.0,23
2026-02-26 11:55:00,6553.0,6560.5,6514.5,6552.5,1601
2026-02-26 12:05:00,6552.5,6552.5,6536.0,6540.5,137
2026-02-26 12:15:00,6540.5,6543.0,6533.5,6541.5,71
2026-02-26 12:25:00,6541.5,6541.5,6522.0,6522.0,44
2026-02-26 12:35:00,6522.0,6539.5,6514.5,6533.0,75
2026-02-26 12:45:00,6533.0,6542.0,6533.0,6533.5,131
2026-02-26 12:55:00,6533.5,6534.0,6529.5,6529.5,110
2026-02-26 13:05:00,6529.5,6530.0,6509.5,6520.0,591
2026-02-26 13:15:00,6520.0,6529.0,6513.0,6529.0,44
2026-02-26 13:25:00,6529.0,6542.5,6523.5,6532.0,186
2026-02-26 13:35:00,6532.0,6532.0,6511.5,6522.0,147
2026-02-26 13:45:00,6522.0,6527.5,6517.5,6521.5,85
2026-02-26 13:55:00,6521.5,6525.5,6521.5,6525.5,3
2026-02-26 14:05:00,6525.5,6530.0,6522.0,6522.0,50
2026-02-26 14:15:00,6522.0,6525.0,6517.0,6525.0,56
2026-02-26 14:25:00,6525.0,6532.5,6523.0,6532.5,56
2026-02-26 14:35:00,6532.5,6555.0,6526.0,6553.5,205
2026-02-26 14:45:00,6553.5,6556.0,6535.5,6535.5,172
2026-02-26 14:55:00,6535.5,6554.0,6531.5,6543.5,99
2026-02-26 15:05:00,6543.5,6548.0,6516.0,6516.0,216
2026-02-26 15:15:00,6527.0,6532.5,6516.5,6521.5,467
2026-02-26 15:25:00,6534.0,6560.0,6512.0,6553.5,556
2026-02-27 09:15:00,6549.5,6549.5,6475.0,6524.0,538
2026-02-27 09:25:00,6524.0,6558.0,6516.5,6540.0,313
2026-02-27 09:35:00,6543.5,6563.5,6535.5,6554.0,130
2026-02-27 09:45:00,6553.0,6555.0,6541.5,6554.5,99
2026-02-27 09:55:00,6554.5,6588.5,6542.0,6588.5,288
2026-02-27 10:05:00,6588.5,6595.0,6576.5,6587.5,401
2026-02-27 10:15:00,6587.5,6606.0,6568.0,6568.0,924
2026-02-27 10:25:00,6568.0,6585.5,6562.5,6574.5,122
2026-02-27 10:35:00,6574.5,6585.0,6570.5,6584.0,171
2026-02-27 10:45:00,6584.0,6584.5,6571.5,6582.5,111
2026-02-27 10:55:00,6582.5,6590.0,6574.0,6585.0,391
2026-02-27 11:05:00,6585.0,6585.0,6541.5,6566.0,386
2026-02-27 11:15:00,6566.0,6566.5,6562.0,6566.5,14
2026-02-27 11:25:00,6566.5,6578.0,6564.0,6576.5,277
2026-02-27 11:35:00,6577.5,6577.5,6567.0,6574.0,9
2026-02-27 11:45:00,6574.0,6577.0,6566.0,6577.0,39
2026-02-27 11:55:00,6577.0,6577.5,6562.5,6574.0,117
2026-02-27 12:05:00,6574.0,6589.5,6568.0,6585.0,559
2026-02-27 12:15:00,6585.0,6587.0,6573.5,6585.5,72
2026-02-27 12:25:00,6585.5,6586.5,6566.0,6582.5,300
2026-02-27 12:35:00,6582.5,6585.5,6573.0,6585.0,57
2026-02-27 12:45:00,6585.0,6585.0,6566.5,6584.0,117
2026-02-27 12:55:00,6584.0,6584.0,6573.0,6583.5,29
2026-02-27 13:05:00,6583.5,6587.5,6578.0,6587.5,24
2026-02-27 13:15:00,6587.5,6587.5,6578.5,6586.5,14
2026-02-27 13:25:00,6588.5,6590.0,6586.5,6586.5,76
2026-02-27 13:35:00,6586.5,6586.5,6540.0,6562.5,2936
2026-02-27 13:45:00,6562.5,6569.0,6536.0,6561.5,246
2026-02-27 13:55:00,6561.5,6572.5,6561.5,6569.0,75
2026-02-27 14:05:00,6569.0,6569.0,6545.5,6562.0,80
2026-02-27 14:15:00,6562.0,6565.5,6553.5,6555.0,36
2026-02-27 14:25:00,6555.0,6559.5,6544.0,6559.5,193
2026-02-27 14:35:00,6559.5,6567.5,6549.0,6567.5,125
2026-02-27 14:45:00,6567.5,6570.0,6560.5,6569.5,65
2026-02-27 14:55:00,6569.5,6645.0,6553.0,6619.0,3617
2026-02-27 15:05:00,6611.0,6699.0,6607.5,6699.0,8893
2026-02-27 15:15:00,6699.0,6815.0,6628.5,6645.0,12698
2026-02-27 15:25:00,6645.5,6664.5,6632.0,6632.0,3515
2026-03-02 09:15:00,6545.0,6545.0,6472.0,6490.0,2188
2026-03-02 09:25:00,6490.0,6582.5,6475.0,6574.5,1339
2026-03-02 09:35:00,6574.5,6580.5,6562.5,6565.5,301
2026-03-02 09:45:00,6565.5,6582.0,6561.0,6579.0,743
2026-03-02 09:55:00,6579.0,6579.0,6566.0,6577.0,442
2026-03-02 10:05:00,6577.0,6579.0,6572.0,6575.0,312
2026-03-02 10:15:00,6575.0,6579.0,6540.0,6559.5,1019
2026-03-02 10:25:00,6559.5,6567.5,6548.0,6558.0,337
2026-03-02 10:35:00,6558.0,6558.0,6540.0,6548.0,929
2026-03-02 10:45:00,6548.0,6551.0,6548.0,6550.5,746
2026-03-02 10:55:00,6548.0,6550.0,6540.0,6550.0,353
2026-03-02 11:05:00,6550.0,6552.0,6540.0,6542.5,713
2026-03-02 11:15:00,6542.5,6547.5,6541.5,6541.5,17
2026-03-02 11:25:00,6541.5,6547.5,6540.0,6546.0,207
2026-03-02 11:35:00,6546.0,6546.0,6540.0,6540.0,120
2026-03-02 11:45:00,6540.0,6551.5,6540.0,6551.5,85
2026-03-02 11:55:00,6551.5,6554.0,6540.0,6540.0,569
2026-03-02 12:05:00,6540.0,6544.5,6540.0,6544.5,159
2026-03-02 12:15:00,6544.5,6555.5,6540.0,6555.0,255
2026-03-02 12:25:00,6555.0,6555.0,6547.0,6547.0,375
2026-03-02 12:35:00,6550.0,6551.5,6540.0,6550.0,258
2026-03-02 12:45:00,6546.5,6561.0,6546.5,6561.0,182
2026-03-02 12:55:00,6561.0,6561.0,6547.0,6547.0,220
2026-03-02 13:05:00,6547.0,6554.0,6540.0,6547.5,124
2026-03-02 13:15:00,6547.5,6556.5,6540.0,6556.5,72
2026-03-02 13:25:00,6556.5,6556.5,6541.0,6547.5,110
2026-03-02 13:35:00,6547.5,6548.0,6540.0,6540.0,111
2026-03-02 13:45:00,6540.0,6544.5,6540.0,6544.5,153
2026-03-02 13:55:00,6544.5,6555.0,6540.0,6555.0,358
2026-03-02 14:05:00,6554.0,6566.5,6550.0,6555.0,238
2026-03-02 14:15:00,6555.0,6562.0,6555.0,6562.0,152
2026-03-02 14:25:00,6562.0,6562.0,6540.5,6551.5,93
2026-03-02 14:35:00,6551.5,6562.0,6550.5,6550.5,66
2026-03-02 14:45:00,6555.0,6558.5,6550.0,6553.0,102
2026-03-02 14:55:00,6553.0,6553.0,6542.5,6549.5,90
2026-03-02 15:05:00,6549.5,6552.0,6540.0,6541.0,546
2026-03-02 15:15:00,6541.0,6550.0,6501.5,6516.0,882
2026-03-02 15:25:00,6526.0,6540.5,6520.0,6526.0,194
2026-03-04 09:15:00,6460.0,6475.0,6425.0,6425.0,779
2026-03-04 09:25:00,6425.0,6440.5,6409.0,6416.0,1413
2026-03-04 09:35:00,6416.0,6418.5,6378.0,6384.5,732
2026-03-04 09:45:00,6384.5,6396.0,6378.0,6378.0,240
2026-03-04 09:55:00,6378.0,6378.0,6341.0,6357.0,620
2026-03-04 10:05:00,6357.0,6385.0,6350.0,6383.5,284
2026-03-04 10:15:00,6383.5,6383.5,6350.5,6350.5,241
2026-03-04 10:25:00,6350.5,6365.0,6338.0,6344.0,302
2026-03-04 10:35:00,6344.0,6344.0,6316.5,6326.0,249
2026-03-04 10:45:00,6331.5,6348.0,6326.5,6336.0,137
2026-03-04 10:55:00,6336.0,6348.5,6334.0,6348.0,209
2026-03-04 11:05:00,6340.5,6354.0,6333.5,6333.5,135
2026-03-04 11:15:00,6340.0,6340.0,6322.0,6322.0,293
2026-03-04 11:25:00,6322.0,6326.0,6316.0,6320.0,131
2026-03-04 11:35:00,6320.0,6326.0,6306.5,6308.0,539
2026-03-04 11:45:00,6308.0,6314.5,6297.0,6297.5,388
2026-03-04 11:55:00,6290.0,6295.0,6281.5,6293.0,241
2026-03-04 12:05:00,6293.0,6298.5,6273.5,6273.5,151
2026-03-04 12:15:00,6272.0,6281.0,6264.0,6274.0,201
2026-03-04 12:25:00,6274.0,6280.0,6258.0,6269.0,241
2026-03-04 12:35:00,6269.0,6323.5,6266.0,6307.5,1490
2026-03-04 12:45:00,6307.5,6324.0,6305.5,6315.5,209
2026-03-04 12:55:00,6315.5,6355.5,6313.0,6343.5,416
2026-03-04 13:05:00,6342.0,6350.5,6331.5,6350.0,486
2026-03-04 13:15:00,6350.0,6355.5,6344.0,6352.5,224
2026-03-04 13:25:00,6352.5,6358.5,6346.0,6350.5,202
2026-03-04 13:35:00,6350.5,6366.0,6342.0,6360.5,801
2026-03-04 13:45:00,6360.5,6369.0,6350.0,6358.5,159
2026-03-04 13:55:00,6358.5,6361.0,6346.0,6357.0,225
2026-03-04 14:05:00,6357.0,6359.5,6350.0,6351.0,250
2026-03-04 14:15:00,6351.0,6381.5,6351.0,6370.0,485
2026-03-04 14:25:00,6370.0,6383.0,6370.0,6374.5,205
2026-03-04 14:35:00,6374.5,6378.0,6370.0,6375.0,309
2026-03-04 14:45:00,6375.0,6380.0,6372.5,6372.5,202
2026-03-04 14:55:00,6372.5,6378.0,6370.0,6371.5,372
2026-03-04 15:05:00,6371.5,6374.0,6370.0,6373.5,296
2026-03-04 15:15:00,6373.5,6478.0,6370.0,6475.0,2914
2026-03-04 15:25:00,6475.0,6737.5,6474.5,6700.0,2924
2026-03-05 09:15:00,6575.0,6600.0,6512.0,6527.0,816
2026-03-05 09:25:00,6527.0,6528.5,6499.5,6502.0,476
2026-03-05 09:35:00,6502.0,6502.0,6471.0,6472.0,367
2026-03-05 09:45:00,6472.0,6490.0,6470.0,6486.0,135
2026-03-05 09:55:00,6486.0,6486.0,6461.0,6461.0,175
2026-03-05 10:05:00,6461.0,6464.0,6461.0,6462.0,40
2026-03-05 10:15:00,6465.0,6468.0,6433.0,6433.0,489
2026-03-05 10:25:00,6433.0,6446.5,6430.0,6439.0,223
2026-03-05 10:35:00,6439.0,6458.5,6439.0,6458.5,63
2026-03-05 10:45:00,6459.5,6466.5,6440.5,6440.5,183
2026-03-05 10:55:00,6440.5,6444.5,6430.5,6440.0,212
2026-03-05 11:05:00,6440.0,6445.5,6430.5,6440.0,391
2026-03-05 11:15:00,6440.0,6442.0,6429.5,6431.5,151
2026-03-05 11:25:00,6431.5,6438.5,6430.0,6431.0,95
2026-03-05 11:35:00,6431.0,6446.0,6425.0,6439.0,129
2026-03-05 11:45:00,6439.0,6441.0,6385.0,6390.5,885
2026-03-05 11:55:00,6390.5,6390.5,6373.0,6373.0,341
2026-03-05 12:05:00,6373.0,6406.0,6371.5,6390.0,261
2026-03-05 12:15:00,6390.0,6405.0,6386.5,6401.0,113
2026-03-05 12:25:00,6401.0,6402.0,6395.0,6395.0,141
2026-03-05 12:35:00,6395.0,6470.5,6391.0,6469.5,2470
2026-03-05 12:45:00,6469.5,6495.0,6469.0,6487.5,194
2026-03-05 12:55:00,6488.0,6493.5,6485.0,6485.0,113
2026-03-05 13:05:00,6485.0,6485.0,6471.0,6471.0,102
2026-03-05 13:15:00,6471.0,6479.5,6471.0,6474.0,151
2026-03-05 13:25:00,6474.0,6478.0,6463.5,6463.5,110
2026-03-05 13:35:00,6463.5,6467.5,6458.5,6467.5,117
2026-03-05 13:45:00,6467.5,6467.5,6452.5,6452.5,74
2026-03-05 13:55:00,6452.5,6458.0,6450.0,6450.0,80
2026-03-05 14:05:00,6450.0,6465.0,6435.0,6460.0,204
2026-03-05 14:15:00,6460.0,6461.0,6447.0,6448.5,97
2026-03-05 14:25:00,6448.5,6478.0,6448.5,6467.5,232
2026-03-05 14:35:00,6467.5,6528.5,6467.5,6527.5,550
2026-03-05 14:45:00,6525.0,6550.0,6518.0,6550.0,769
2026-03-05 14:55:00,6550.0,6555.0,6536.5,6546.5,460
2026-03-05 15:05:00,6548.5,6620.0,6537.5,6549.5,1456
2026-03-05 15:15:00,6549.5,6570.0,6501.0,6550.0,736
2026-03-05 15:25:00,6550.0,6550.0,6511.5,6520.0,117
2026-03-06 09:15:00,6500.0,6550.0,6500.0,6550.0,224
2026-03-06 09:25:00,6550.0,6579.0,6550.0,6565.0,181
2026-03-06 09:35:00,6565.0,6571.0,6546.0,6551.5,110
2026-03-06 09:45:00,6551.5,6580.0,6551.5,6574.5,77
2026-03-06 09:55:00,6574.0,6578.5,6562.5,6570.0,163
2026-03-06 10:05:00,6570.0,6580.0,6565.0,6578.0,37
2026-03-06 10:15:00,6578.0,6578.0,6571.0,6578.0,35
2026-03-06 10:25:00,6578.0,6584.5,6576.0,6576.0,77
2026-03-06 10:35:00,6576.0,6579.0,6558.0,6558.0,151
2026-03-06 10:45:00,6558.0,6559.5,6486.0,6495.0,526
2026-03-06 10:55:00,6495.0,6502.0,6482.0,6482.0,302
2026-03-06 11:05:00,6482.0,6488.5,6455.5,6470.0,301
2026-03-06 11:15:00,6470.0,6480.0,6467.0,6478.5,75
2026-03-06 11:25:00,6478.5,6485.0,6478.5,6482.0,62
2026-03-06 11:35:00,6482.0,6482.5,6468.0,6476.5,107
2026-03-06 11:45:00,6476.5,6476.5,6470.0,6472.5,21
2026-03-06 11:55:00,6472.5,6472.5,6450.0,6462.5,298
2026-03-06 12:05:00,6468.5,6468.5,6457.0,6461.5,86
2026-03-06 12:15:00,6461.5,6465.5,6434.5,6439.5,410
2026-03-06 12:25:00,6439.5,6453.5,6439.5,6451.0,95
2026-03-06 12:35:00,6451.0,6451.0,6438.5,6447.0,122
2026-03-06 12:45:00,6447.0,6449.5,6438.0,6443.0,113
2026-03-06 12:55:00,6443.0,6461.0,6443.0,6461.0,218
2026-03-06 13:05:00,6461.0,6469.0,6460.0,6467.5,77
2026-03-06 13:15:00,6467.5,6474.0,6461.0,6474.0,239
2026-03-06 13:25:00,6471.0,6471.0,6470.0,6470.0,185
2026-03-06 13:35:00,6473.0,6487.5,6470.0,6482.5,89
2026-03-06 13:45:00,6482.5,6483.0,6473.5,6480.5,31
2026-03-06 13:55:00,6480.5,6480.5,6480.0,6480.0,7
2026-03-06 14:05:00,6480.0,6480.0,6470.0,6471.5,63
2026-03-06 14:15:00,6471.5,6479.5,6471.5,6479.5,27
2026-03-06 14:25:00,6479.5,6489.0,6479.0,6481.5,45
2026-03-06 14:35:00,6481.5,6486.5,6475.0,6475.0,112
2026-03-06 14:45:00,6475.0,6480.0,6470.0,6480.0,170
2026-03-06 14:55:00,6480.0,6480.0,6444.0,6444.0,235
2026-03-06 15:05:00,6444.0,6445.0,6423.0,6423.0,357
2026-03-06 15:15:00,6423.0,6441.5,6373.0,6403.0,1104
2026-03-06 15:25:00,6411.0,6425.0,6370.0,6425.0,945
2026-03-09 09:15:00,6384.0,6384.0,6270.5,6287.0,835
2026-03-09 09:25:00,6287.0,6300.0,6260.0,6264.0,492
2026-03-09 09:35:00,6264.0,6275.0,6250.5,6264.0,195
2026-03-09 09:45:00,6264.0,6276.0,6250.0,6255.5,251
2026-03-09 09:55:00,6255.5,6277.5,6254.5,6256.5,209
2026-03-09 10:05:00,6256.5,6280.5,6256.5,6278.5,155
2026-03-09 10:15:00,6278.5,6292.5,6264.0,6273.0,131
2026-03-09 10:25:00,6273.0,6273.0,6255.0,6269.0,76
2026-03-09 10:35:00,6269.0,6318.0,6266.5,6311.0,548
2026-03-09 10:45:00,6311.0,6321.0,6305.0,6319.0,268
2026-03-09 10:55:00,6319.0,6350.0,6313.5,6324.0,205
2026-03-09 11:05:00,6324.0,6330.5,6313.0,6317.5,104
2026-03-09 11:15:00,6317.5,6322.0,6303.0,6314.5,300
2026-03-09 11:25:00,6314.5,6317.5,6305.5,6315.0,40
2026-03-09 11:35:00,6315.0,6317.5,6301.0,6301.0,132
2026-03-09 11:45:00,6309.0,6309.0,6291.0,6293.0,95
2026-03-09 11:55:00,6293.0,6305.0,6283.0,6290.5,220
2026-03-09 12:05:00,6290.5,6297.0,6282.0,6283.5,97
2026-03-09 12:15:00,6283.5,6294.0,6277.5,6285.5,43
2026-03-09 12:25:00,6285.5,6296.0,6279.5,6286.0,73
2026-03-09 12:35:00,6286.0,6286.0,6277.5,6277.5,40
2026-03-09 12:45:00,6277.5,6294.0,6275.0,6276.0,36
2026-03-09 12:55:00,6277.5,6291.0,6271.0,6271.0,159
2026-03-09 13:05:00,6271.0,6298.5,6266.0,6297.5,78
2026-03-09 13:15:00,6297.0,6297.0,6274.5,6277.0,55
2026-03-09 13:25:00,6277.0,6277.0,6247.5,6265.0,1201
2026-03-09 13:35:00,6265.0,6265.0,6235.5,6240.5,309
2026-03-09 13:45:00,6240.5,6252.0,6236.0,6241.5,62
2026-03-09 13:55:00,6241.5,6256.0,6235.0,6241.0,223
2026-03-09 14:05:00,6241.0,6249.5,6235.0,6247.0,150
2026-03-09 14:15:00,6247.0,6247.0,6235.0,6239.0,97
2026-03-09 14:25:00,6239.0,6244.0,6235.0,6240.0,31
2026-03-09 14:35:00,6240.0,6242.0,6235.0,6241.5,62
2026-03-09 14:45:00,6241.5,6248.0,6238.0,6245.5,102
2026-03-09 14:55:00,6245.5,6250.0,6120.5,6130.0,3892
2026-03-09 15:05:00,6130.0,6139.5,6106.0,6125.5,4958
2026-03-09 15:15:00,6125.5,6194.5,6110.0,6144.5,5947
2026-03-09 15:25:00,6144.5,6167.5,6118.0,6139.0,1125
2026-03-10 09:15:00,6225.0,6256.0,6186.0,6202.0,695
2026-03-10 09:25:00,6198.5,6200.5,6181.0,6192.5,173
2026-03-10 09:35:00,6192.5,6192.5,6130.0,6138.5,760
2026-03-10 09:45:00,6127.5,6160.0,6127.5,6148.5,380
2026-03-10 09:55:00,6148.5,6151.5,6138.0,6139.5,153
2026-03-10 10:05:00,6139.5,6148.5,6136.0,6147.0,137
2026-03-10 10:15:00,6147.0,6164.5,6136.5,6146.0,462
2026-03-10 10:25:00,6146.0,6150.0,6115.5,6123.5,571
2026-03-10 10:35:00,6123.0,6150.0,6108.0,6146.5,308
2026-03-10 10:45:00,6146.5,6150.0,6133.5,6140.0,73
2026-03-10 10:55:00,6140.0,6148.0,6133.0,6135.0,85
2026-03-10 11:05:00,6135.0,6142.0,6084.5,6090.0,834
2026-03-10 11:15:00,6090.0,6103.0,6080.5,6095.5,227
2026-03-10 11:25:00,6095.5,6095.5,6060.0,6064.0,976
2026-03-10 11:35:00,6064.0,6079.5,6056.0,6056.5,859
2026-03-10 11:45:00,6056.5,6063.5,6030.0,6037.0,976
2026-03-10 11:55:00,6036.0,6088.0,6036.0,6066.5,798
2026-03-10 12:05:00,6069.5,6084.0,6039.0,6041.0,1261
2026-03-10 12:15:00,6041.0,6044.0,6012.5,6022.0,1077
2026-03-10 12:25:00,6022.0,6031.0,6007.0,6011.0,457
2026-03-10 12:35:00,6011.0,6030.5,6006.0,6010.0,656
2026-03-10 12:45:00,6010.0,6013.0,6000.5,6005.0,690
2026-03-10 12:55:00,6005.0,6013.0,5994.5,6000.0,2105
2026-03-10 13:05:00,6003.0,6003.5,5977.0,5985.0,2128
2026-03-10 13:15:00,5985.0,6135.0,5985.0,6071.0,6789
2026-03-10 13:25:00,6071.0,6125.5,6067.0,6106.5,1663
2026-03-10 13:35:00,6112.5,6120.5,6105.0,6106.5,722
2026-03-10 13:45:00,6108.0,6128.0,6106.0,6122.0,666
2026-03-10 13:55:00,6122.0,6133.5,6105.5,6107.0,674
2026-03-10 14:05:00,6107.0,6127.0,6107.0,6119.0,606
2026-03-10 14:15:00,6119.0,6125.0,6101.0,6101.0,588
2026-03-10 14:25:00,6101.0,6115.0,6081.0,6081.0,494
2026-03-10 14:35:00,6081.0,6100.0,6081.0,6087.5,686
2026-03-10 14:45:00,6086.0,6092.0,6031.5,6035.0,1379
2026-03-10 14:55:00,6035.0,6039.5,6012.0,6021.5,1021
2026-03-10 15:05:00,6020.5,6100.0,6001.5,6066.0,3825
2026-03-10 15:15:00,6067.5,6105.0,6057.0,6076.0,2503
2026-03-10 15:25:00,6076.0,6104.0,6065.0,6079.5,638
2026-03-11 09:15:00,6079.5,6109.5,6053.5,6063.0,741
2026-03-11 09:25:00,6063.0,6063.0,6030.5,6031.0,613
2026-03-11 09:35:00,6031.0,6065.5,6010.0,6065.5,967
2026-03-11 09:45:00,6068.0,6098.0,6043.5,6063.5,1210
2026-03-11 09:55:00,6062.5,6075.5,6062.5,6072.0,287
2026-03-11 10:05:00,6072.0,6075.0,6066.5,6068.0,239
2026-03-11 10:15:00,6068.0,6075.0,6061.0,6069.5,194
2026-03-11 10:25:00,6069.5,6089.5,6063.5,6087.0,455
2026-03-11 10:35:00,6086.5,6086.5,6053.5,6062.0,256
2026-03-11 10:45:00,6068.5,6068.5,6050.0,6062.5,505
2026-03-11 10:55:00,6062.0,6088.0,6060.5,6088.0,356
2026-03-11 11:05:00,6087.5,6135.0,6087.5,6124.0,2149
2026-03-11 11:15:00,6124.0,6142.5,6109.0,6134.0,826
2026-03-11 11:25:00,6135.0,6150.0,6125.5,6149.5,2911
2026-03-11 11:35:00,6149.5,6168.0,6144.5,6160.0,567
2026-03-11 11:45:00,6160.0,6165.0,6150.0,6158.5,386
2026-03-11 11:55:00,6158.5,6165.0,6151.0,6161.0,83
2026-03-11 12:05:00,6161.0,6165.0,6146.5,6150.0,1331
2026-03-11 12:15:00,6150.0,6160.5,6150.0,6150.5,185
2026-03-11 12:25:00,6150.5,6185.0,6150.5,6172.0,995
2026-03-11 12:35:00,6170.5,6179.0,6161.0,6173.5,249
2026-03-11 12:45:00,6173.5,6173.5,6149.0,6157.0,462
2026-03-11 12:55:00,6157.0,6163.0,6150.0,6159.5,216
2026-03-11 13:05:00,6167.5,6167.5,6150.0,6160.5,343
2026-03-11 13:15:00,6162.0,6163.5,6153.5,6160.0,104
2026-03-11 13:25:00,6160.0,6173.0,6160.0,6167.0,451
2026-03-11 13:35:00,6167.0,6190.0,6167.0,6180.0,454
2026-03-11 13:45:00,6180.0,6180.0,6160.5,6160.5,258
2026-03-11 13:55:00,6160.5,6181.0,6160.5,6179.0,253
2026-03-11 14:05:00,6179.0,6183.5,6164.0,6179.0,412
2026-03-11 14:15:00,6179.0,6204.0,6173.5,6200.0,654
2026-03-11 14:25:00,6200.0,6214.0,6200.0,6208.0,197
2026-03-11 14:35:00,6208.0,6213.0,6176.0,6185.0,1091
2026-03-11 14:45:00,6185.0,6204.5,6177.0,6204.5,3258
2026-03-11 14:55:00,6204.5,6205.0,6196.0,6203.5,524
2026-03-11 15:05:00,6200.0,6207.5,6195.5,6207.5,886
2026-03-11 15:15:00,6200.0,6227.5,6189.5,6213.5,4735
2026-03-11 15:25:00,6213.0,6213.0,6200.0,6200.0,1454
2026-03-12 09:15:00,6150.0,6152.0,6055.0,6087.0,1112
2026-03-12 09:25:00,6087.0,6102.5,6079.5,6089.5,475
2026-03-12 09:35:00,6089.5,6097.5,6079.0,6094.0,507
2026-03-12 09:45:00,6094.0,6125.5,6094.0,6119.0,483
2026-03-12 09:55:00,6119.0,6135.5,6114.0,6131.5,211
2026-03-12 10:05:00,6131.5,6131.5,6113.0,6115.0,101
2026-03-12 10:15:00,6115.0,6133.0,6106.0,6125.0,760
2026-03-12 10:25:00,6125.0,6149.5,6125.0,6149.5,161
2026-03-12 10:35:00,6149.5,6149.5,6134.0,6138.5,119
2026-03-12 10:45:00,6138.5,6148.5,6121.0,6142.5,386
2026-03-12 10:55:00,6132.5,6159.0,6130.5,6159.0,313
2026-03-12 11:05:00,6147.0,6153.0,6128.5,6146.5,265
2026-03-12 11:15:00,6141.5,6248.0,6141.5,6240.0,1318
2026-03-12 11:25:00,6244.0,6268.0,6229.0,6268.0,947
2026-03-12 11:35:00,6262.5,6282.5,6183.0,6219.0,1567
2026-03-12 11:45:00,6211.0,6222.0,6204.5,6216.5,1415
2026-03-12 11:55:00,6213.5,6240.0,6213.5,6221.0,1509
2026-03-12 12:05:00,6241.0,6295.0,6224.5,6290.0,1778
2026-03-12 12:15:00,6290.0,6305.0,6281.0,6301.0,1326
2026-03-12 12:25:00,6300.5,6302.0,6300.0,6301.5,149
2026-03-12 12:35:00,6300.0,6307.0,6300.0,6300.0,250
2026-03-12 12:45:00,6300.0,6308.0,6295.0,6300.0,180
2026-03-12 12:55:00,6300.0,6305.0,6300.0,6300.5,117
2026-03-12 13:05:00,6300.0,6305.0,6300.0,6303.0,318
2026-03-12 13:15:00,6301.0,6303.0,6269.0,6300.5,1785
2026-03-12 13:25:00,6300.0,6308.0,6298.0,6306.0,555
2026-03-12 13:35:00,6305.0,6310.0,6295.5,6300.0,217
2026-03-12 13:45:00,6300.0,6304.0,6298.0,6304.0,95
2026-03-12 13:55:00,6302.0,6308.5,6300.0,6300.0,97
2026-03-12 14:05:00,6300.0,6310.0,6300.0,6301.5,132
2026-03-12 14:15:00,6301.0,6324.0,6300.0,6309.0,272
2026-03-12 14:25:00,6305.0,6314.0,6300.0,6300.0,148
2026-03-12 14:35:00,6300.0,6309.5,6300.0,6306.5,218
2026-03-12 14:45:00,6301.0,6306.0,6298.0,6303.0,138
2026-03-12 14:55:00,6300.5,6312.0,6300.0,6300.5,749
2026-03-12 15:05:00,6300.5,6306.5,6300.0,6300.0,998
2026-03-12 15:15:00,6300.0,6325.0,6299.5,6300.0,2207
2026-03-12 15:25:00,6300.5,6323.5,6297.5,6300.0,864
2026-03-13 09:15:00,6210.0,6279.5,6195.0,6219.0,717
2026-03-13 09:25:00,6225.0,6238.5,6209.5,6210.0,134
2026-03-13 09:35:00,6210.0,6220.5,6182.0,6206.5,267
2026-03-13 09:45:00,6206.5,6215.5,6157.0,6168.0,266
2026-03-13 09:55:00,6163.5,6183.0,6155.0,6155.0,375
2026-03-13 10:05:00,6155.0,6163.0,6141.5,6145.5,232
2026-03-13 10:15:00,6145.5,6158.5,6141.0,6144.5,259
2026-03-13 10:25:00,6140.0,6169.0,6136.0,6143.0,249
2026-03-13 10:35:00,6143.0,6147.5,6126.5,6129.0,80
2026-03-13 10:45:00,6129.0,6147.5,6125.0,6140.0,160
2026-03-13 10:55:00,6140.0,6140.0,6125.0,6125.0,201
2026-03-13 11:05:00,6125.0,6125.0,6108.0,6108.0,268
2026-03-13 11:15:00,6108.0,6115.0,6102.5,6114.5,197
2026-03-13 11:25:00,6105.0,6132.5,6105.0,6113.5,656
2026-03-13 11:35:00,6113.5,6116.5,6107.0,6107.0,99
2026-03-13 11:45:00,6107.0,6113.5,6105.0,6105.0,132
2026-03-13 11:55:00,6105.0,6112.0,6085.0,6087.0,257
2026-03-13 12:05:00,6086.0,6092.5,6080.0,6085.0,316
2026-03-13 12:15:00,6085.0,6090.5,6061.0,6062.0,508
2026-03-13 12:25:00,6061.0,6073.5,6061.0,6063.5,144
2026-03-13 12:35:00,6071.0,6071.0,6036.0,6043.5,695
2026-03-13 12:45:00,6043.5,6050.5,6036.0,6036.0,220
2026-03-13 12:55:00,6036.0,6040.0,6025.0,6032.0,505
2026-03-13 13:05:00,6031.0,6039.0,6021.0,6030.5,273
2026-03-13 13:15:00,6030.5,6036.5,6017.0,6024.0,689
2026-03-13 13:25:00,6024.0,6029.5,6017.0,6017.0,88
2026-03-13 13:35:00,6017.0,6025.0,6010.0,6018.5,351
2026-03-13 13:45:00,6018.5,6018.5,6005.5,6015.0,145
2026-03-13 13:55:00,6006.5,6015.5,5990.0,6001.0,412
2026-03-13 14:05:00,6001.0,6050.5,6001.0,6037.0,1727
2026-03-13 14:15:00,6037.0,6065.0,6029.5,6048.5,447
2026-03-13 14:25:00,6046.5,6230.5,6044.0,6222.5,2395
2026-03-13 14:35:00,6230.0,6331.5,6227.0,6331.5,4721
2026-03-13 14:45:00,6331.0,6425.0,6288.0,6396.0,6444
2026-03-13 14:55:00,6396.5,6538.0,6385.0,6499.5,10484
2026-03-13 15:05:00,6500.0,6500.0,6367.5,6428.0,11494
2026-03-13 15:15:00,6442.5,6510.0,6397.0,6491.5,6459
2026-03-13 15:25:00,6507.5,6530.0,6448.0,6448.0,2290
2026-03-16 09:15:00,6365.5,6436.0,6263.0,6278.5,1455
2026-03-16 09:25:00,6278.5,6343.5,6277.5,6310.5,705
2026-03-16 09:35:00,6310.5,6349.5,6309.0,6349.5,548
2026-03-16 09:45:00,6349.5,6383.5,6330.5,6344.0,733
2026-03-16 09:55:00,6344.0,6344.0,6297.0,6309.5,673
2026-03-16 10:05:00,6309.5,6319.5,6272.0,6272.0,323
2026-03-16 10:15:00,6272.0,6275.0,6233.5,6240.0,617
2026-03-16 10:25:00,6239.5,6256.5,6231.0,6236.0,540
2026-03-16 10:35:00,6236.0,6257.0,6231.0,6231.0,679
2026-03-16 10:45:00,6231.0,6245.5,6222.0,6229.5,411
2026-03-16 10:55:00,6229.5,6260.0,6210.5,6260.0,504
2026-03-16 11:05:00,6260.0,6288.5,6255.0,6271.0,2073
2026-03-16 11:15:00,6271.0,6319.5,6271.0,6302.0,548
2026-03-16 11:25:00,6302.0,6308.0,6275.5,6291.0,457
2026-03-16 11:35:00,6296.5,6296.5,6270.5,6277.0,210
2026-03-16 11:45:00,6277.0,6289.0,6274.0,6278.0,62
2026-03-16 11:55:00,6278.0,6288.0,6273.5,6277.5,186
2026-03-16 12:05:00,6277.5,6289.5,6271.0,6274.5,203
2026-03-16 12:15:00,6274.5,6289.5,6271.0,6288.0,28
2026-03-16 12:25:00,6288.0,6306.5,6278.0,6278.0,111
2026-03-16 12:35:00,6279.0,6301.0,6279.0,6279.0,181
2026-03-16 12:45:00,6279.0,6285.0,6272.5,6276.0,73
2026-03-16 12:55:00,6276.0,6279.0,6250.0,6250.0,517
2026-03-16 13:05:00,6240.0,6261.5,6230.5,6249.0,358
2026-03-16 13:15:00,6249.0,6261.0,6248.5,6250.5,50
2026-03-16 13:25:00,6253.0,6256.5,6244.5,6244.5,59
2026-03-16 13:35:00,6247.5,6261.0,6237.5,6246.5,170
2026-03-16 13:45:00,6246.5,6267.5,6233.0,6260.0,263
2026-03-16 13:55:00,6260.0,6261.5,6259.0,6260.0,17
2026-03-16 14:05:00,6260.0,6270.0,6259.0,6260.5,81
2026-03-16 14:15:00,6260.5,6293.0,6259.0,6282.0,321
2026-03-16 14:25:00,6282.0,6294.5,6273.5,6290.0,343
2026-03-16 14:35:00,6280.0,6290.5,6273.0,6280.5,158
2026-03-16 14:45:00,6280.5,6307.0,6280.5,6285.0,1216
2026-03-16 14:55:00,6285.0,6287.0,6226.5,6232.0,686
2026-03-16 15:05:00,6232.0,6273.0,6230.5,6257.0,1408
2026-03-16 15:15:00,6257.0,6288.0,6250.5,6259.5,1153
2026-03-16 15:25:00,6261.0,6261.0,6215.5,6215.5,645
2026-03-17 09:15:00,6270.0,6306.5,6238.0,6267.5,769
2026-03-17 09:25:00,6271.0,6275.0,6222.0,6237.0,573
2026-03-17 09:35:00,6237.0,6254.5,6235.0,6248.0,73
2026-03-17 09:45:00,6248.0,6266.5,6239.0,6266.5,198
2026-03-17 09:55:00,6266.5,6278.0,6250.5,6266.0,343
2026-03-17 10:05:00,6266.0,6269.5,6261.0,6268.5,162
2026-03-17 10:15:00,6268.5,6269.5,6252.0,6268.5,210
2026-03-17 10:25:00,6268.5,6268.5,6250.0,6256.5,31
2026-03-17 10:35:00,6256.5,6260.5,6235.5,6247.5,135
2026-03-17 10:45:00,6247.5,6247.5,6237.5,6246.0,7
2026-03-17 10:55:00,6246.0,6252.0,6245.0,6250.5,123
2026-03-17 11:05:00,6250.5,6250.5,6210.5,6220.5,1249
2026-03-17 11:15:00,6220.5,6220.5,6200.0,6212.0,159
2026-03-17 11:25:00,6212.0,6212.0,6163.5,6172.0,630
2026-03-17 11:35:00,6172.0,6189.0,6172.0,6181.0,302
2026-03-17 11:45:00,6181.0,6198.5,6181.0,6194.0,370
2026-03-17 11:55:00,6194.0,6194.0,6170.0,6174.0,245
2026-03-17 12:05:00,6174.0,6174.0,6148.0,6164.0,1240
2026-03-17 12:15:00,6164.0,6168.0,6142.0,6161.5,316
2026-03-17 12:25:00,6161.5,6164.0,6150.0,6151.0,407
2026-03-17 12:35:00,6151.0,6165.0,6145.0,6159.0,305
2026-03-17 12:45:00,6159.0,6167.5,6153.0,6165.5,226
2026-03-17 12:55:00,6165.5,6170.0,6153.0,6166.0,321
2026-03-17 13:05:00,6169.0,6173.5,6160.0,6173.5,95
2026-03-17 13:15:00,6181.0,6192.0,6177.5,6180.0,156
2026-03-17 13:25:00,6180.0,6253.5,6180.0,6228.0,1342
2026-03-17 13:35:00,6228.0,6275.0,6228.0,6254.5,908
2026-03-17 13:45:00,6254.5,6254.5,6235.5,6249.0,270
2026-03-17 13:55:00,6249.0,6250.5,6240.0,6249.5,309
2026-03-17 14:05:00,6249.5,6255.0,6240.0,6255.0,281
2026-03-17 14:15:00,6255.0,6255.0,6239.0,6243.0,76
2026-03-17 14:25:00,6243.0,6248.0,6241.0,6241.0,9
2026-03-17 14:35:00,6241.0,6248.0,6241.0,6248.0,16
2026-03-17 14:45:00,6248.0,6248.0,6211.5,6211.5,19931
2026-03-17 14:55:00,6211.5,6218.5,6175.0,6186.5,167
2026-03-17 15:05:00,6186.5,6195.0,6185.5,6194.5,188
2026-03-17 15:15:00,6194.5,6204.0,6180.5,6204.0,864
2026-03-17 15:25:00,6203.5,6244.0,6201.0,6244.0,279
2026-03-18 09:15:00,6194.5,6290.0,6194.5,6280.5,587
2026-03-18 09:25:00,6280.5,6308.0,6280.5,6296.0,275
2026-03-18 09:35:00,6296.0,6299.5,6290.0,6290.0,120
2026-03-18 09:45:00,6290.0,6354.0,6279.5,6350.0,931
2026-03-18 09:55:00,6350.0,6376.0,6305.5,6338.5,454
2026-03-18 10:05:00,6338.5,6347.0,6330.0,6342.5,169
2026-03-18 10:15:00,6342.5,6342.5,6324.5,6331.0,165
2026-03-18 10:25:00,6331.0,6340.0,6330.0,6332.5,67
2026-03-18 10:35:00,6335.5,6339.0,6325.0,6330.5,186
2026-03-18 10:45:00,6330.5,6337.0,6322.0,6334.5,91
2026-03-18 10:55:00,6334.5,6348.5,6326.5,6348.5,234
2026-03-18 11:05:00,6342.5,6347.5,6335.0,6341.0,297
2026-03-18 11:15:00,6345.0,6354.0,6309.0,6330.0,751
2026-03-18 11:25:00,6334.5,6337.0,6305.0,6312.5,530
2026-03-18 11:35:00,6312.5,6312.5,6305.0,6309.5,151
2026-03-18 11:45:00,6309.5,6314.0,6283.0,6283.0,349
2026-03-18 11:55:00,6283.0,6288.0,6270.0,6275.5,249
2026-03-18 12:05:00,6275.5,6278.0,6263.0,6263.0,87
2026-03-18 12:15:00,6263.0,6273.5,6252.5,6265.0,129
2026-03-18 12:25:00,6265.0,6265.0,6258.0,6258.5,104
2026-03-18 12:35:00,6258.5,6274.5,6258.5,6274.5,256
2026-03-18 12:45:00,6274.5,6274.5,6260.0,6265.0,51
2026-03-18 12:55:00,6265.0,6278.0,6265.0,6277.0,38
2026-03-18 13:05:00,6277.0,6280.0,6260.5,6268.5,191
2026-03-18 13:15:00,6268.5,6272.0,6262.5,6266.5,75
2026-03-18 13:25:00,6266.5,6266.5,6254.0,6262.5,136
2026-03-18 13:35:00,6262.5,6275.5,6262.5,6273.5,46
2026-03-18 13:45:00,6273.5,6280.0,6273.5,6275.0,39
2026-03-18 13:55:00,6275.0,6275.0,6260.0,6261.5,100
2026-03-18 14:05:00,6261.5,6274.5,6261.5,6274.5,53
2026-03-18 14:15:00,6274.5,6277.0,6267.5,6277.0,28
2026-03-18 14:25:00,6277.0,6277.0,6262.0,6275.0,663
2026-03-18 14:35:00,6274.0,6274.0,6249.5,6249.5,380
2026-03-18 14:45:00,6249.5,6257.0,6249.5,6255.0,56
2026-03-18 14:55:00,6255.0,6271.0,6252.5,6257.0,515
2026-03-18 15:05:00,6259.5,6270.0,6253.5,6263.0,730
2026-03-18 15:15:00,6263.0,6403.0,6259.0,6370.0,5181
2026-03-18 15:25:00,6356.0,6401.0,6320.0,6333.0,2432
2026-03-19 09:15:00,6242.0,6290.0,6219.0,6270.0,760
2026-03-19 09:25:00,6277.5,6331.0,6259.5,6313.0,805
2026-03-19 09:35:00,6313.0,6320.5,6288.0,6299.0,120
2026-03-19 09:45:00,6299.0,6319.5,6280.0,6319.0,592
2026-03-19 09:55:00,6319.0,6319.0,6311.0,6312.0,51
2026-03-19 10:05:00,6312.0,6326.0,6311.0,6326.0,32
2026-03-19 10:15:00,6326.0,6326.0,6313.5,6315.5,184
2026-03-19 10:25:00,6315.5,6322.0,6310.0,6320.0,235
2026-03-19 10:35:00,6320.0,6320.0,6305.0,6309.5,103
2026-03-19 10:45:00,6309.5,6309.5,6306.5,6306.5,24
2026-03-19 10:55:00,6303.5,6308.5,6298.5,6306.5,77
2026-03-19 11:05:00,6308.5,6316.0,6300.0,6301.0,253
2026-03-19 11:15:00,6301.0,6314.0,6297.0,6301.0,96
2026-03-19 11:25:00,6301.0,6301.0,6288.0,6291.0,37
2026-03-19 11:35:00,6291.0,6291.0,6285.0,6285.0,16
2026-03-19 11:45:00,6285.0,6285.0,6275.0,6280.5,246
2026-03-19 11:55:00,6280.5,6280.5,6261.0,6274.5,136
2026-03-19 12:05:00,6274.5,6274.5,6267.0,6272.5,8
2026-03-19 12:15:00,6272.5,6298.5,6267.0,6298.5,303
2026-03-19 12:25:00,6295.0,6303.5,6292.0,6292.0,232
2026-03-19 12:35:00,6292.0,6296.5,6288.0,6292.5,19
2026-03-19 12:45:00,6292.5,6297.0,6290.0,6290.0,59
2026-03-19 12:55:00,6290.0,6294.0,6288.0,6289.0,5
2026-03-19 13:05:00,6289.5,6310.0,6289.5,6301.0,105
2026-03-19 13:15:00,6301.0,6301.0,6291.0,6295.0,26
2026-03-19 13:25:00,6295.0,6295.0,6254.5,6268.5,694
2026-03-19 13:35:00,6268.5,6268.5,6249.5,6249.5,2152
2026-03-19 13:45:00,6249.5,6271.0,6248.5,6262.0,217
2026-03-19 13:55:00,6262.0,6268.0,6249.5,6259.5,189
2026-03-19 14:05:00,6259.5,6259.5,6247.5,6247.5,80
2026-03-19 14:15:00,6247.5,6266.0,6247.5,6255.5,132
2026-03-19 14:25:00,6255.5,6268.0,6255.5,6267.5,168
2026-03-19 14:35:00,6267.5,6267.5,6261.5,6264.5,7
2026-03-19 14:45:00,6264.5,6266.5,6255.0,6255.0,36
2026-03-19 14:55:00,6255.0,6259.0,6222.5,6231.5,253
2026-03-19 15:05:00,6225.0,6231.5,6215.0,6222.0,231
2026-03-19 15:15:00,6215.0,6235.0,6207.5,6228.0,592
2026-03-19 15:25:00,6228.0,6228.0,6201.5,6228.0,250
2026-03-20 09:15:00,6283.5,6305.5,6250.0,6296.0,527
2026-03-20 09:25:00,6296.0,6296.0,6275.0,6275.5,74
2026-03-20 09:35:00,6275.5,6347.5,6258.0,6330.0,477
2026-03-20 09:45:00,6330.0,6330.0,6271.0,6274.0,235
2026-03-20 09:55:00,6274.0,6288.0,6273.5,6288.0,97
2026-03-20 10:05:00,6288.0,6300.0,6288.0,6291.5,69
2026-03-20 10:15:00,6291.5,6300.5,6276.0,6300.5,133
2026-03-20 10:25:00,6301.5,6316.0,6301.5,6312.5,103
2026-03-20 10:35:00,6312.5,6319.0,6310.5,6316.0,559
2026-03-20 10:45:00,6316.0,6316.0,6310.0,6310.0,273
2026-03-20 10:55:00,6310.0,6316.0,6300.0,6303.5,244
2026-03-20 11:05:00,6303.5,6307.0,6288.5,6303.5,257
2026-03-20 11:15:00,6303.5,6313.5,6303.5,6312.5,101
2026-03-20 11:25:00,6312.5,6312.5,6296.5,6304.0,143
2026-03-20 11:35:00,6304.0,6304.0,6291.5,6291.5,44
2026-03-20 11:45:00,6291.5,6316.0,6291.5,6298.5,824
2026-03-20 11:55:00,6298.5,6310.0,6298.5,6303.5,258
2026-03-20 12:05:00,6303.5,6303.5,6296.0,6301.5,342
2026-03-20 12:15:00,6301.5,6304.0,6295.5,6300.0,763
2026-03-20 12:25:00,6300.0,6304.0,6299.0,6300.0,167
2026-03-20 12:35:00,6300.0,6300.0,6263.5,6265.0,447
2026-03-20 12:45:00,6265.0,6316.0,6264.0,6306.0,928
2026-03-20 12:55:00,6306.0,6315.0,6297.5,6304.0,347
2026-03-20 13:05:00,6304.0,6316.0,6304.0,6310.0,107
2026-03-20 13:15:00,6310.0,6312.5,6310.0,6312.5,65
2026-03-20 13:25:00,6312.5,6316.0,6299.5,6300.0,1142
2026-03-20 13:35:00,6300.0,6309.0,6300.0,6308.0,57
2026-03-20 13:45:00,6308.0,6308.0,6300.0,6304.5,95
2026-03-20 13:55:00,6304.5,6307.5,6304.5,6307.5,80
2026-03-20 14:05:00,6307.5,6308.0,6300.0,6300.0,86
2026-03-20 14:15:00,6300.0,6309.0,6300.0,6309.0,122
2026-03-20 14:25:00,6309.0,6309.0,6305.5,6305.5,32
2026-03-20 14:35:00,6305.5,6310.0,6304.0,6310.0,197
2026-03-20 14:45:00,6310.0,6315.0,6310.0,6310.5,434
2026-03-20 14:55:00,6310.5,6315.0,6310.0,6311.0,603
2026-03-20 15:05:00,6310.0,6310.5,6240.0,6240.0,1216
2026-03-20 15:15:00,6240.0,6250.0,6210.0,6228.0,2350
2026-03-20 15:25:00,6228.0,6248.5,6200.0,6237.5,1128
2026-03-23 09:15:00,6192.0,6192.0,6111.5,6126.5,1639
2026-03-23 09:25:00,6126.5,6167.0,6126.5,6167.0,383
2026-03-23 09:35:00,6167.0,6205.0,6167.0,6199.5,257
2026-03-23 09:45:00,6199.5,6248.0,6165.5,6229.5,2935
2026-03-23 09:55:00,6229.5,6242.0,6186.5,6193.5,842
2026-03-23 10:05:00,6200.0,6208.0,6180.0,6186.5,877
2026-03-23 10:15:00,6187.0,6196.0,6172.0,6175.0,734
2026-03-23 10:25:00,6171.0,6183.0,6157.0,6180.0,433
2026-03-23 10:35:00,6177.0,6195.5,6175.0,6177.5,932
2026-03-23 10:45:00,6177.5,6185.0,6175.0,6181.0,201
2026-03-23 10:55:00,6180.0,6185.0,6175.0,6185.0,260
2026-03-23 11:05:00,6180.5,6194.5,6178.0,6183.5,191
2026-03-23 11:15:00,6183.5,6188.0,6176.0,6181.0,571
2026-03-23 11:25:00,6181.0,6186.5,6180.5,6181.5,121
2026-03-23 11:35:00,6181.5,6185.5,6136.0,6136.0,1336
2026-03-23 11:45:00,6136.0,6149.5,6133.0,6139.5,282
2026-03-23 11:55:00,6139.5,6146.5,6135.5,6136.5,60
2026-03-23 12:05:00,6136.5,6146.5,6136.5,6138.5,66
2026-03-23 12:15:00,6138.5,6169.5,6138.5,6165.5,310
2026-03-23 12:25:00,6165.5,6165.5,6130.0,6134.0,636
2026-03-23 12:35:00,6134.0,6134.0,6102.0,6109.0,518
2026-03-23 12:45:00,6109.0,6114.5,6101.0,6101.0,100
2026-03-23 12:55:00,6107.0,6125.5,6101.0,6120.5,282
2026-03-23 13:05:00,6120.5,6125.5,6063.5,6068.0,606
2026-03-23 13:15:00,6067.5,6106.5,6045.5,6087.0,1052
2026-03-23 13:25:00,6087.0,6103.5,6087.0,6100.5,86
2026-03-23 13:35:00,6100.5,6110.0,6095.0,6098.5,217
2026-03-23 13:45:00,6098.5,6124.0,6098.5,6105.5,691
2026-03-23 13:55:00,6105.5,6114.0,6105.5,6113.5,136
2026-03-23 14:05:00,6113.5,6128.0,6110.0,6120.0,124
2026-03-23 14:15:00,6120.0,6138.5,6120.0,6125.5,188
2026-03-23 14:25:00,6125.5,6126.5,6110.0,6110.0,93
2026-03-23 14:35:00,6110.0,6121.5,6106.0,6116.5,548
2026-03-23 14:45:00,6116.5,6121.0,6102.0,6114.0,214
2026-03-23 14:55:00,6114.0,6143.0,6108.5,6123.5,882
2026-03-23 15:05:00,6123.5,6133.5,6089.0,6100.0,3272
2026-03-23 15:15:00,6100.0,6110.5,6083.0,6094.5,6708
2026-03-23 15:25:00,6100.0,6126.5,6050.0,6050.0,2089
2026-03-24 09:15:00,6180.0,6180.0,6115.0,6144.0,433
2026-03-24 09:25:00,6144.0,6159.0,6130.0,6130.0,282
2026-03-24 09:35:00,6130.0,6175.0,6122.5,6151.0,373
2026-03-24 09:45:00,6156.0,6167.0,6075.5,6075.5,1157
2026-03-24 09:55:00,6075.5,6109.5,6061.0,6090.0,689
2026-03-24 10:05:00,6090.0,6135.0,6090.0,6124.0,303
2026-03-24 10:15:00,6124.0,6129.5,6098.0,6111.0,633
2026-03-24 10:25:00,6111.0,6118.0,6087.0,6088.5,170
2026-03-24 10:35:00,6088.5,6096.0,6070.5,6090.0,152
2026-03-24 10:45:00,6090.0,6111.0,6084.0,6102.0,201
2026-03-24 10:55:00,6102.0,6130.0,6089.0,6130.0,206
2026-03-24 11:05:00,6130.0,6138.0,6110.5,6119.0,272
2026-03-24 11:15:00,6119.0,6120.0,6108.5,6108.5,208
2026-03-24 11:25:00,6109.5,6111.5,6100.0,6108.0,233
2026-03-24 11:35:00,6108.0,6149.5,6108.0,6148.5,2504
2026-03-24 11:45:00,6149.5,6150.0,6141.0,6148.5,212
2026-03-24 11:55:00,6148.5,6150.0,6144.0,6150.0,651
2026-03-24 12:05:00,6149.0,6150.0,6133.5,6143.0,1974
2026-03-24 12:15:00,6143.5,6150.0,6126.0,6142.5,2306
2026-03-24 12:25:00,6142.5,6150.0,6142.5,6150.0,89
2026-03-24 12:35:00,6150.0,6218.0,6146.5,6196.0,19497
2026-03-24 12:45:00,6197.0,6197.0,6171.5,6171.5,478
2026-03-24 12:55:00,6179.5,6180.0,6151.0,6157.5,382
2026-03-24 13:05:00,6157.5,6163.0,6140.5,6155.0,53837
2026-03-24 13:15:00,6162.0,6163.5,6149.0,6150.0,3935
2026-03-24 13:25:00,6158.5,6169.5,6150.0,6164.5,7161
2026-03-24 13:35:00,6160.0,6170.0,6158.5,6165.0,911
2026-03-24 13:45:00,6165.0,6165.0,6141.0,6145.0,726
2026-03-24 13:55:00,6145.0,6157.5,6130.5,6138.5,952
2026-03-24 14:05:00,6140.5,6188.0,6139.5,6182.5,2416
2026-03-24 14:15:00,6179.0,6183.0,6169.0,6176.5,1055
2026-03-24 14:25:00,6176.5,6178.5,6166.0,6176.0,940
2026-03-24 14:35:00,6176.0,6177.5,6163.0,6168.5,969
2026-03-24 14:45:00,6164.5,6173.5,6131.0,6138.0,2867
2026-03-24 14:55:00,6138.0,6138.5,6100.0,6120.0,1370
2026-03-24 15:05:00,6120.0,6137.0,6108.5,6131.5,1273
2026-03-24 15:15:00,6131.5,6131.5,6113.5,6120.0,1973
2026-03-24 15:25:00,6120.0,6127.0,6111.5,6120.0,1227
2026-03-25 09:15:00,6197.0,6250.0,6082.5,6235.0,3989
2026-03-25 09:25:00,6231.0,6241.0,6218.0,6224.0,274
2026-03-25 09:35:00,6224.0,6251.0,6217.0,6237.5,1038
2026-03-25 09:45:00,6240.5,6264.0,6211.5,6223.0,744
2026-03-25 09:55:00,6223.0,6230.5,6210.0,6229.0,116
2026-03-25 10:05:00,6229.0,6239.0,6224.5,6239.0,128
2026-03-25 10:15:00,6239.0,6246.0,6229.5,6240.5,313
2026-03-25 10:25:00,6240.5,6247.5,6230.5,6243.5,335
2026-03-25 10:35:00,6243.5,6249.0,6239.5,6244.5,206
2026-03-25 10:45:00,6244.5,6250.0,6240.0,6246.0,242
2026-03-25 10:55:00,6246.0,6249.5,6236.0,6243.5,250
2026-03-25 11:05:00,6243.5,6249.0,6240.0,6244.5,206
2026-03-25 11:15:00,6244.5,6250.0,6239.5,6249.0,245
2026-03-25 11:25:00,6249.0,6249.0,6237.5,6242.0,233
2026-03-25 11:35:00,6242.0,6250.5,6235.0,6239.0,343
2026-03-25 11:45:00,6239.0,6254.5,6239.0,6245.0,1470
2026-03-25 11:55:00,6245.0,6254.5,6243.0,6245.0,3583
2026-03-25 12:05:00,6250.0,6257.0,6244.5,6245.0,5735
2026-03-25 12:15:00,6245.0,6286.0,6237.0,6245.0,8478
2026-03-25 12:25:00,6250.5,6252.0,6240.0,6249.5,1133
2026-03-25 12:35:00,6249.5,6252.5,6242.0,6250.5,947
2026-03-25 12:45:00,6245.0,6253.0,6243.5,6250.0,675
2026-03-25 12:55:00,6250.0,6252.5,6243.0,6251.0,747
2026-03-25 13:05:00,6251.0,6253.5,6242.5,6247.0,907
2026-03-25 13:15:00,6246.5,6249.5,6215.0,6225.0,744
2026-03-25 13:25:00,6225.0,6229.5,6212.5,6223.5,365
2026-03-25 13:35:00,6223.5,6223.5,6204.0,6210.0,421
2026-03-25 13:45:00,6210.0,6219.5,6205.0,6218.0,251
2026-03-25 13:55:00,6218.0,6220.0,6210.0,6218.0,127
2026-03-25 14:05:00,6218.0,6218.5,6202.5,6218.0,205
2026-03-25 14:15:00,6218.0,6220.0,6207.5,6211.5,178
2026-03-25 14:25:00,6211.5,6218.5,6206.5,6217.5,1147
2026-03-25 14:35:00,6217.0,6218.5,6211.0,6216.0,107
2026-03-25 14:45:00,6216.0,6220.0,6201.5,6220.0,5705
2026-03-25 14:55:00,6220.0,6220.0,6209.5,6217.5,5617
2026-03-25 15:05:00,6218.5,6220.0,6211.0,6218.0,3697
2026-03-25 15:15:00,6218.0,6218.0,6210.0,6217.0,7722
2026-03-25 15:25:00,6216.0,6245.0,6213.5,6240.0,4175
2026-03-27 09:15:00,6200.0,6214.5,6149.0,6214.5,1075
2026-03-27 09:25:00,6210.0,6261.0,6200.0,6245.0,2463
2026-03-27 09:35:00,6245.0,6247.5,6226.0,6239.5,285
2026-03-27 09:45:00,6239.5,6239.5,6210.5,6215.5,191
2026-03-27 09:55:00,6215.5,6220.0,6200.5,6207.0,250
2026-03-27 10:05:00,6207.0,6207.0,6183.5,6183.5,225
2026-03-27 10:15:00,6180.0,6186.0,6179.0,6180.0,81
2026-03-27 10:25:00,6180.0,6203.5,6172.0,6174.0,498
2026-03-27 10:35:00,6174.5,6177.5,6170.0,6171.0,71
2026-03-27 10:45:00,6171.0,6173.5,6160.5,6168.5,240
2026-03-27 10:55:00,6168.5,6180.0,6162.0,6178.5,217
2026-03-27 11:05:00,6178.5,6189.0,6173.0,6179.5,149
2026-03-27 11:15:00,6179.5,6181.5,6170.0,6175.5,128
2026-03-27 11:25:00,6175.5,6199.0,6174.5,6187.5,248
2026-03-27 11:35:00,6187.5,6199.5,6187.5,6193.0,136
2026-03-27 11:45:00,6193.0,6197.0,6162.0,6188.0,915
2026-03-27 11:55:00,6188.0,6188.0,6178.5,6179.5,100
2026-03-27 12:05:00,6179.5,6204.0,6178.0,6178.0,356
2026-03-27 12:15:00,6177.5,6177.5,6167.5,6173.0,33
2026-03-27 12:25:00,6173.0,6186.0,6172.0,6172.0,208
2026-03-27 12:35:00,6172.0,6197.0,6172.0,6196.0,113
2026-03-27 12:45:00,6196.0,6231.5,6196.0,6227.0,1842
2026-03-27 12:55:00,6227.0,6240.0,6220.0,6232.0,1576
2026-03-27 13:05:00,6232.0,6249.5,6221.0,6241.5,1565
2026-03-27 13:15:00,6241.5,6250.0,6240.0,6243.0,1295
2026-03-27 13:25:00,6246.5,6250.0,6243.0,6247.0,780
2026-03-27 13:35:00,6247.0,6250.5,6236.0,6245.0,1017
2026-03-27 13:45:00,6245.0,6250.0,6234.5,6240.5,1316
2026-03-27 13:55:00,6240.5,6240.5,6230.0,6240.5,889
2026-03-27 14:05:00,6240.5,6241.0,6234.0,6240.5,860
2026-03-27 14:15:00,6240.5,6240.5,6229.5,6239.5,1067
2026-03-27 14:25:00,6239.5,6249.5,6234.5,6242.5,917
2026-03-27 14:35:00,6248.5,6249.5,6238.5,6241.5,840
2026-03-27 14:45:00,6241.5,6246.5,6238.5,6244.0,784
2026-03-27 14:55:00,6242.0,6245.0,6220.0,6237.5,1398
2026-03-27 15:05:00,6239.5,6247.0,6234.5,6240.5,2352
2026-03-27 15:15:00,6240.5,6250.0,6230.0,6237.0,5637
2026-03-27 15:25:00,6236.0,6240.0,6210.0,6210.0,1548
2026-03-30 09:15:00,6240.0,6240.0,6082.5,6139.5,2188
2026-03-30 09:25:00,6139.5,6156.0,6120.0,6156.0,665
2026-03-30 09:35:00,6156.0,6170.0,6137.5,6142.0,1407
2026-03-30 09:45:00,6142.0,6216.0,6142.0,6195.5,754
2026-03-30 09:55:00,6195.5,6209.0,6190.5,6200.0,272
2026-03-30 10:05:00,6196.5,6196.5,6170.0,6189.5,592
2026-03-30 10:15:00,6190.5,6194.5,6170.0,6176.0,260
2026-03-30 10:25:00,6176.0,6186.0,6162.5,6163.5,239
2026-03-30 10:35:00,6163.5,6191.5,6163.5,6179.0,350
2026-03-30 10:45:00,6179.0,6182.5,6162.0,6167.5,245
2026-03-30 10:55:00,6168.5,6184.5,6157.5,6174.0,379
2026-03-30 11:05:00,6174.0,6184.5,6171.5,6179.0,144
2026-03-30 11:15:00,6179.0,6197.0,6175.5,6182.5,215
2026-03-30 11:25:00,6182.5,6197.5,6172.5,6197.5,263
2026-03-30 11:35:00,6197.5,6212.0,6191.5,6199.0,471
2026-03-30 11:45:00,6199.0,6200.5,6186.0,6199.0,245
2026-03-30 11:55:00,6199.0,6278.0,6185.0,6201.0,2544
2026-03-30 12:05:00,6197.5,6199.5,6167.5,6175.0,1073
2026-03-30 12:15:00,6175.0,6175.0,6163.0,6163.0,651
2026-03-30 12:25:00,6163.0,6175.0,6162.0,6174.5,407
2026-03-30 12:35:00,6174.5,6177.0,6168.0,6174.0,452
2026-03-30 12:45:00,6174.0,6175.0,6171.0,6174.5,311
2026-03-30 12:55:00,6174.5,6209.0,6173.0,6209.0,646
2026-03-30 13:05:00,6209.0,6215.0,6194.0,6209.0,615
2026-03-30 13:15:00,6209.0,6281.5,6209.0,6281.0,730
2026-03-30 13:25:00,6276.0,6312.5,6263.5,6291.5,1217
2026-03-30 13:35:00,6291.5,6331.5,6291.0,6327.0,2013
2026-03-30 13:45:00,6327.0,6338.0,6311.5,6316.0,809
2026-03-30 13:55:00,6319.5,6330.0,6287.0,6300.0,1636
2026-03-30 14:05:00,6300.0,6300.0,6270.5,6286.5,1388
2026-03-30 14:15:00,6289.5,6355.0,6284.0,6333.5,2136
2026-03-30 14:25:00,6333.5,6342.0,6327.5,6333.5,627
2026-03-30 14:35:00,6333.5,6345.0,6327.0,6335.0,736
2026-03-30 14:45:00,6335.0,6354.5,6335.0,6346.0,1125
2026-03-30 14:55:00,6338.0,6374.0,6338.0,6374.0,1708
2026-03-30 15:05:00,6374.0,6385.0,6367.5,6370.5,6544
2026-03-30 15:15:00,6370.5,6385.5,6352.0,6352.5,5879
2026-03-30 15:25:00,6352.5,6359.5,6331.5,6355.0,2598
2026-04-01 09:15:00,6399.0,6416.5,6364.5,6389.0,2463
2026-04-01 09:25:00,6389.0,6394.5,6355.5,6369.5,664
2026-04-01 09:35:00,6363.5,6372.0,6319.0,6330.0,1387
2026-04-01 09:45:00,6330.0,6360.5,6310.5,6360.5,1255
2026-04-01 09:55:00,6360.5,6378.0,6360.5,6375.0,204
2026-04-01 10:05:00,6375.0,6380.0,6363.0,6380.0,312
2026-04-01 10:15:00,6380.0,6382.5,6355.0,6355.0,221
2026-04-01 10:25:00,6355.0,6389.5,6319.0,6389.5,808
2026-04-01 10:35:00,6388.5,6463.0,6376.0,6459.5,2768
2026-04-01 10:45:00,6459.5,6459.5,6432.0,6442.5,1733
2026-04-01 10:55:00,6442.5,6494.5,6428.5,6475.5,1533
2026-04-01 11:05:00,6475.5,6480.0,6471.0,6475.0,538
2026-04-01 11:15:00,6478.5,6478.5,6443.0,6445.0,718
2026-04-01 11:25:00,6445.0,6475.0,6420.0,6471.5,716
2026-04-01 11:35:00,6479.0,6479.0,6454.0,6456.5,208
2026-04-01 11:45:00,6456.5,6456.5,6406.5,6406.5,627
2026-04-01 11:55:00,6406.5,6444.5,6406.5,6422.0,845
2026-04-01 12:05:00,6422.0,6435.0,6420.5,6429.0,117
2026-04-01 12:15:00,6429.0,6435.0,6420.5,6435.0,66
2026-04-01 12:25:00,6435.0,6472.5,6434.0,6470.0,554
2026-04-01 12:35:00,6470.0,6475.0,6440.5,6474.0,572
2026-04-01 12:45:00,6470.0,6506.5,6470.0,6481.5,1131
2026-04-01 12:55:00,6492.5,6492.5,6469.5,6478.0,337
2026-04-01 13:05:00,6478.0,6480.0,6458.5,6465.5,166
2026-04-01 13:15:00,6465.5,6471.0,6454.5,6459.5,150
2026-04-01 13:25:00,6459.5,6474.0,6453.0,6461.5,103
2026-04-01 13:35:00,6461.5,6466.5,6419.5,6435.0,648
2026-04-01 13:45:00,6435.0,6458.5,6427.0,6458.5,233
2026-04-01 13:55:00,6458.5,6459.5,6447.5,6452.0,34
2026-04-01 14:05:00,6452.0,6476.5,6452.0,6473.5,937
2026-04-01 14:15:00,6473.5,6475.5,6461.5,6462.0,61
2026-04-01 14:25:00,6462.0,6463.5,6457.0,6458.5,31
2026-04-01 14:35:00,6458.5,6462.5,6440.0,6454.0,213
2026-04-01 14:45:00,6451.0,6451.0,6377.0,6386.0,1484
2026-04-01 14:55:00,6386.0,6468.0,6376.0,6444.0,1564
2026-04-01 15:05:00,6443.5,6457.0,6436.0,6439.0,906
2026-04-01 15:15:00,6435.5,6457.5,6418.5,6444.0,1818
2026-04-01 15:25:00,6444.0,6450.0,6366.0,6366.0,755
2026-04-02 09:15:00,6410.0,6410.0,6260.0,6300.5,2062
2026-04-02 09:25:00,6310.0,6328.5,6308.5,6320.0,176
2026-04-02 09:35:00,6320.0,6323.5,6305.5,6315.5,458
2026-04-02 09:45:00,6315.5,6345.5,6310.0,6343.0,369
2026-04-02 09:55:00,6343.0,6353.5,6320.5,6320.5,188
2026-04-02 10:05:00,6320.5,6327.0,6310.5,6318.5,48
2026-04-02 10:15:00,6318.5,6322.0,6300.0,6300.0,103
2026-04-02 10:25:00,6300.0,6306.5,6290.5,6306.5,86
2026-04-02 10:35:00,6306.5,6329.5,6302.5,6326.0,128
2026-04-02 10:45:00,6326.0,6335.5,6319.5,6324.5,184
2026-04-02 10:55:00,6324.5,6348.5,6320.5,6342.0,101
2026-04-02 11:05:00,6342.0,6351.5,6342.0,6349.5,292
2026-04-02 11:15:00,6349.5,6355.0,6346.0,6346.0,64
2026-04-02 11:25:00,6346.0,6355.0,6337.5,6354.0,124
2026-04-02 11:35:00,6354.0,6388.5,6354.0,6375.5,302
2026-04-02 11:45:00,6375.5,6381.0,6330.5,6330.5,675
2026-04-02 11:55:00,6330.5,6342.0,6300.5,6305.0,449
2026-04-02 12:05:00,6305.0,6322.5,6301.5,6322.0,372
2026-04-02 12:15:00,6326.5,6336.0,6320.5,6322.5,196
2026-04-02 12:25:00,6322.5,6323.5,6311.0,6316.5,70
2026-04-02 12:35:00,6316.5,6316.5,6289.0,6304.0,277
2026-04-02 12:45:00,6304.0,6304.0,6289.0,6293.5,192
2026-04-02 12:55:00,6293.5,6300.0,6290.0,6293.5,187
2026-04-02 13:05:00,6293.5,6300.0,6291.0,6296.0,106
2026-04-02 13:15:00,6296.0,6303.5,6296.0,6297.0,197
2026-04-02 13:25:00,6297.0,6303.0,6291.0,6291.0,170
2026-04-02 13:35:00,6291.0,6308.5,6291.0,6300.0,280
2026-04-02 13:45:00,6300.0,6305.0,6295.5,6302.5,52
2026-04-02 13:55:00,6302.5,6309.5,6295.0,6300.0,180
2026-04-02 14:05:00,6300.0,6302.5,6289.0,6295.0,775
2026-04-02 14:15:00,6295.0,6299.5,6280.0,6295.5,296
2026-04-02 14:25:00,6295.5,6297.0,6288.0,6290.0,201
2026-04-02 14:35:00,6289.5,6294.5,6288.5,6289.5,384
2026-04-02 14:45:00,6289.5,6295.5,6278.0,6278.0,522
2026-04-02 14:55:00,6278.0,6290.0,6274.0,6285.0,517
2026-04-02 15:05:00,6285.0,6305.0,6282.5,6304.5,1320
2026-04-02 15:15:00,6304.5,6304.5,6287.5,6291.5,961
2026-04-02 15:25:00,6291.5,6300.0,6290.0,6298.0,720
2026-04-06 09:15:00,6300.0,6372.0,6235.0,6238.0,1116
2026-04-06 09:25:00,6252.0,6258.0,6215.5,6231.0,277
2026-04-06 09:35:00,6231.0,6239.5,6205.0,6220.5,679
2026-04-06 09:45:00,6220.5,6231.5,6175.0,6175.0,950
2026-04-06 09:55:00,6172.5,6175.0,6160.0,6169.5,537
2026-04-06 10:05:00,6169.5,6170.5,6154.0,6160.5,875
2026-04-06 10:15:00,6160.5,6167.5,6155.0,6160.0,442
2026-04-06 10:25:00,6160.0,6164.0,6155.5,6161.0,128
2026-04-06 10:35:00,6161.0,6166.5,6157.0,6157.5,89
2026-04-06 10:45:00,6157.5,6163.5,6156.0,6156.0,288
2026-04-06 10:55:00,6158.5,6160.0,6152.0,6160.0,207
2026-04-06 11:05:00,6160.0,6160.0,6125.0,6139.0,779
2026-04-06 11:15:00,6139.0,6154.5,6139.0,6151.5,259
2026-04-06 11:25:00,6151.5,6151.5,6135.0,6135.0,244
2026-04-06 11:35:00,6135.0,6164.5,6135.0,6153.5,309
2026-04-06 11:45:00,6153.5,6164.5,6147.0,6159.0,811
2026-04-06 11:55:00,6160.0,6166.0,6150.0,6165.0,512
2026-04-06 12:05:00,6165.0,6165.0,6149.0,6149.0,311
2026-04-06 12:15:00,6149.5,6152.5,6140.0,6150.0,311
2026-04-06 12:25:00,6150.0,6165.5,6150.0,6151.0,255
2026-04-06 12:35:00,6151.0,6159.0,6150.0,6154.0,155
2026-04-06 12:45:00,6154.0,6154.0,6146.0,6151.5,184
2026-04-06 12:55:00,6152.5,6152.5,6146.5,6151.5,66
2026-04-06 13:05:00,6151.5,6154.0,6143.5,6150.0,194
2026-04-06 13:15:00,6150.0,6159.5,6147.0,6151.0,171
2026-04-06 13:25:00,6151.0,6200.0,6151.0,6190.5,659
2026-04-06 13:35:00,6190.5,6190.5,6175.0,6175.0,234
2026-04-06 13:45:00,6175.0,6180.0,6175.0,6179.5,47
2026-04-06 13:55:00,6179.5,6186.5,6175.0,6183.0,200
2026-04-06 14:05:00,6183.0,6184.0,6162.5,6162.5,355
2026-04-06 14:15:00,6163.0,6170.0,6155.5,6166.0,86
2026-04-06 14:25:00,6166.0,6170.0,6152.0,6169.0,900
2026-04-06 14:35:00,6167.0,6172.5,6153.0,6155.0,1121
2026-04-06 14:45:00,6155.0,6168.5,6154.0,6154.0,927
2026-04-06 14:55:00,6154.0,6157.5,6145.0,6152.5,470
2026-04-06 15:05:00,6152.5,6157.5,6147.5,6151.0,623
2026-04-06 15:15:00,6152.0,6158.0,6140.5,6145.5,1199
2026-04-06 15:25:00,6145.5,6156.0,6136.0,6156.0,877
2026-04-07 09:15:00,6187.0,6239.0,6148.5,6237.5,1890
2026-04-07 09:25:00,6237.5,6237.5,6200.0,6207.0,739
2026-04-07 09:35:00,6207.0,6207.0,6155.0,6155.0,974
2026-04-07 09:45:00,6155.0,6177.5,6155.0,6177.5,281
2026-04-07 09:55:00,6177.5,6196.5,6177.5,6196.0,179
2026-04-07 10:05:00,6196.0,6209.5,6189.5,6209.5,207
2026-04-07 10:15:00,6209.5,6218.5,6201.0,6215.0,219
2026-04-07 10:25:00,6215.0,6237.0,6215.0,6232.5,449
2026-04-07 10:35:00,6232.5,6255.0,6220.5,6255.0,705
2026-04-07 10:45:00,6247.0,6260.0,6233.5,6233.5,578
2026-04-07 10:55:00,6233.5,6246.5,6233.5,6238.0,160
2026-04-07 11:05:00,6238.0,6247.5,6237.5,6244.0,207
2026-04-07 11:15:00,6244.0,6245.0,6244.0,6245.0,74
2026-04-07 11:25:00,6245.0,6248.5,6244.5,6248.5,147
2026-04-07 11:35:00,6248.5,6250.0,6234.0,6234.0,120
2026-04-07 11:45:00,6234.0,6243.0,6230.0,6239.0,103
2026-04-07 11:55:00,6239.0,6244.5,6232.0,6232.0,70
2026-04-07 12:05:00,6232.0,6238.5,6229.0,6230.0,158
2026-04-07 12:15:00,6230.0,6238.5,6230.0,6231.5,189
2026-04-07 12:25:00,6231.5,6241.0,6231.5,6241.0,77
2026-04-07 12:35:00,6241.0,6241.0,6230.0,6239.5,105
2026-04-07 12:45:00,6239.5,6240.5,6230.0,6230.0,44
2026-04-07 12:55:00,6230.0,6233.0,6222.5,6228.5,140
2026-04-07 13:05:00,6228.5,6228.5,6215.0,6215.0,133
2026-04-07 13:15:00,6215.0,6220.5,6213.0,6213.0,87
2026-04-07 13:25:00,6213.0,6230.5,6213.0,6221.0,160
2026-04-07 13:35:00,6221.0,6228.5,6210.5,6219.0,100
2026-04-07 13:45:00,6219.0,6224.5,6214.0,6214.0,186
2026-04-07 13:55:00,6214.0,6214.5,6205.5,6214.0,142
2026-04-07 14:05:00,6214.0,6220.0,6200.0,6220.0,449
2026-04-07 14:15:00,6220.0,6220.0,6201.0,6201.0,51
2026-04-07 14:25:00,6201.0,6205.5,6197.0,6205.5,62
2026-04-07 14:35:00,6205.5,6205.5,6200.0,6203.0,17
2026-04-07 14:45:00,6200.0,6203.5,6180.0,6189.0,367
2026-04-07 14:55:00,6189.0,6212.5,6180.5,6206.0,313
2026-04-07 15:05:00,6206.0,6219.0,6204.5,6209.5,244
2026-04-07 15:15:00,6209.5,6218.5,6200.0,6201.5,687
2026-04-07 15:25:00,6208.0,6233.0,6180.0,6232.0,596
2026-04-08 09:15:00,6300.0,6323.5,6271.5,6300.0,1205
2026-04-08 09:25:00,6300.0,6318.5,6288.0,6318.5,578
2026-04-08 09:35:00,6318.5,6333.5,6313.0,6316.0,513
2026-04-08 09:45:00,6316.0,6330.0,6316.0,6319.5,648
2026-04-08 09:55:00,6319.0,6323.5,6310.0,6318.0,235
2026-04-08 10:05:00,6318.0,6339.5,6318.0,6330.0,390
2026-04-08 10:15:00,6331.5,6345.0,6315.0,6339.0,561
2026-04-08 10:25:00,6339.0,6385.0,6339.0,6356.0,889
2026-04-08 10:35:00,6356.0,6372.0,6356.0,6359.0,163
2026-04-08 10:45:00,6360.0,6370.0,6357.0,6368.5,104
2026-04-08 10:55:00,6373.5,6380.5,6371.5,6372.0,145
2026-04-08 11:05:00,6372.0,6380.5,6364.0,6374.0,175
2026-04-08 11:15:00,6374.0,6379.0,6368.5,6368.5,71
2026-04-08 11:25:00,6368.5,6378.5,6368.5,6378.5,86
2026-04-08 11:35:00,6378.5,6378.5,6366.5,6366.5,109
2026-04-08 11:45:00,6366.5,6370.5,6359.0,6364.5,287
2026-04-08 11:55:00,6364.5,6370.5,6364.0,6365.5,165
2026-04-08 12:05:00,6365.5,6374.0,6355.0,6360.0,1104
2026-04-08 12:15:00,6360.0,6377.5,6360.0,6375.0,145
2026-04-08 12:25:00,6375.0,6375.0,6354.5,6354.5,130
2026-04-08 12:35:00,6354.5,6374.5,6354.5,6373.0,48
2026-04-08 12:45:00,6373.0,6373.0,6368.0,6373.0,24
2026-04-08 12:55:00,6373.0,6373.0,6368.0,6369.0,83
2026-04-08 13:05:00,6369.0,6376.0,6368.0,6376.0,54
2026-04-08 13:15:00,6376.0,6379.0,6373.0,6378.5,82
2026-04-08 13:25:00,6378.5,6383.0,6368.0,6368.0,258
2026-04-08 13:35:00,6368.0,6370.0,6363.0,6369.0,56
2026-04-08 13:45:00,6369.0,6369.0,6364.0,6364.0,34
2026-04-08 13:55:00,6364.0,6370.0,6364.0,6364.0,70
2026-04-08 14:05:00,6364.0,6370.0,6352.5,6352.5,109
2026-04-08 14:15:00,6352.5,6366.5,6351.5,6360.5,140
2026-04-08 14:25:00,6360.5,6364.0,6355.0,6364.0,14
2026-04-08 14:35:00,6364.0,6381.0,6357.5,6376.5,210
2026-04-08 14:45:00,6376.5,6385.0,6376.5,6379.0,159
2026-04-08 14:55:00,6379.0,6383.5,6371.5,6380.0,283
2026-04-08 15:05:00,6380.0,6380.0,6375.0,6376.0,370
2026-04-08 15:15:00,6376.0,6423.5,6375.0,6409.0,1781
2026-04-08 15:25:00,6409.0,6419.0,6400.0,6400.0,393
2026-04-09 09:15:00,6335.0,6420.0,6335.0,6407.5,1040
2026-04-09 09:25:00,6407.5,6407.5,6358.0,6358.0,303
2026-04-09 09:35:00,6358.0,6368.0,6351.0,6351.5,159
2026-04-09 09:45:00,6351.5,6359.0,6345.0,6359.0,661
2026-04-09 09:55:00,6359.0,6360.0,6345.0,6360.0,85
2026-04-09 10:05:00,6360.0,6365.0,6356.0,6364.0,39
2026-04-09 10:15:00,6356.5,6379.0,6356.0,6371.0,126
2026-04-09 10:25:00,6371.0,6385.5,6371.0,6385.5,31
2026-04-09 10:35:00,6385.5,6398.0,6380.5,6385.0,118
2026-04-09 10:45:00,6385.0,6386.0,6371.0,6378.5,29
2026-04-09 10:55:00,6378.5,6383.5,6367.5,6371.0,119
2026-04-09 11:05:00,6371.0,6377.0,6366.5,6376.5,33
2026-04-09 11:15:00,6376.5,6394.0,6371.0,6383.0,256
2026-04-09 11:25:00,6383.0,6395.5,6383.0,6391.0,183
2026-04-09 11:35:00,6391.0,6398.0,6391.0,6398.0,29
2026-04-09 11:45:00,6394.0,6396.0,6382.5,6382.5,51
2026-04-09 11:55:00,6387.0,6391.5,6382.5,6383.5,69
2026-04-09 12:05:00,6383.5,6396.0,6380.5,6383.0,155
2026-04-09 12:15:00,6383.0,6395.5,6383.0,6395.0,43
2026-04-09 12:25:00,6395.0,6397.5,6390.0,6390.0,160
2026-04-09 12:35:00,6394.5,6493.0,6394.5,6483.5,1086
2026-04-09 12:45:00,6483.5,6497.0,6436.5,6461.0,1250
2026-04-09 12:55:00,6461.0,6474.5,6441.0,6451.0,402
2026-04-09 13:05:00,6443.0,6448.5,6436.5,6442.0,137
2026-04-09 13:15:00,6442.0,6446.0,6437.0,6444.5,123
2026-04-09 13:25:00,6437.0,6443.0,6419.5,6440.5,230
2026-04-09 13:35:00,6440.5,6441.5,6427.5,6437.0,127
2026-04-09 13:45:00,6437.0,6437.0,6422.5,6427.0,78
2026-04-09 13:55:00,6427.0,6437.0,6418.0,6437.0,83
2026-04-09 14:05:00,6437.0,6448.5,6435.5,6442.0,110
2026-04-09 14:15:00,6442.0,6442.0,6414.5,6425.0,173
2026-04-09 14:25:00,6427.5,6430.0,6415.5,6423.0,137
2026-04-09 14:35:00,6423.0,6425.0,6418.0,6424.0,121
2026-04-09 14:45:00,6424.0,6434.5,6410.0,6421.0,326
2026-04-09 14:55:00,6430.0,6464.5,6430.0,6464.5,760
2026-04-09 15:05:00,6466.0,6475.0,6463.0,6467.0,338
2026-04-09 15:15:00,6467.0,6475.0,6436.0,6436.5,758
2026-04-09 15:25:00,6446.5,6449.5,6377.0,6377.0,406
2026-04-10 09:15:00,6456.5,6520.0,6440.5,6510.5,1082
2026-04-10 09:25:00,6510.5,6511.5,6460.0,6464.0,1334
2026-04-10 09:35:00,6466.5,6471.5,6446.0,6467.5,329
2026-04-10 09:45:00,6467.5,6478.5,6460.0,6465.5,493
2026-04-10 09:55:00,6464.5,6464.5,6453.0,6459.5,185
2026-04-10 10:05:00,6459.5,6464.0,6450.0,6464.0,102
2026-04-10 10:15:00,6464.0,6475.0,6459.5,6475.0,102
2026-04-10 10:25:00,6475.0,6484.5,6468.0,6474.5,241
2026-04-10 10:35:00,6474.5,6477.0,6469.5,6471.0,117
2026-04-10 10:45:00,6471.0,6478.0,6462.5,6469.5,126
2026-04-10 10:55:00,6469.5,6469.5,6462.0,6462.0,144
2026-04-10 11:05:00,6462.0,6462.0,6461.5,6462.0,35
2026-04-10 11:15:00,6462.0,6462.0,6461.0,6461.0,17
2026-04-10 11:25:00,6468.0,6468.0,6461.0,6468.0,11
2026-04-10 11:35:00,6468.0,6468.0,6451.0,6458.5,170
2026-04-10 11:45:00,6451.5,6458.0,6440.5,6458.0,129
2026-04-10 11:55:00,6458.0,6459.0,6458.0,6459.0,9
2026-04-10 12:05:00,6459.0,6466.5,6458.0,6466.5,43
2026-04-10 12:15:00,6466.5,6466.5,6458.0,6458.0,33
2026-04-10 12:25:00,6458.0,6464.0,6450.5,6450.5,70
2026-04-10 12:35:00,6450.5,6485.5,6450.5,6485.0,191
2026-04-10 12:45:00,6485.0,6497.5,6480.0,6480.0,158
2026-04-10 12:55:00,6480.0,6495.5,6480.0,6488.0,53
2026-04-10 13:05:00,6488.0,6492.5,6472.0,6472.0,135
2026-04-10 13:15:00,6472.0,6472.0,6403.5,6431.5,3129
2026-04-10 13:25:00,6431.5,6440.5,6429.0,6440.0,85
2026-04-10 13:35:00,6440.0,6445.0,6430.5,6440.0,96
2026-04-10 13:45:00,6440.0,6442.5,6433.0,6439.0,61
2026-04-10 13:55:00,6439.0,6439.5,6430.5,6430.5,87
2026-04-10 14:05:00,6430.5,6500.0,6430.5,6500.0,3111
2026-04-10 14:15:00,6500.0,6500.0,6498.5,6498.5,738
2026-04-10 14:25:00,6498.5,6500.0,6498.5,6498.5,892
2026-04-10 14:35:00,6498.5,6500.0,6498.5,6499.5,772
2026-04-10 14:45:00,6499.5,6500.0,6498.5,6500.0,5447
2026-04-10 14:55:00,6500.0,6500.0,6465.0,6480.0,1792
2026-04-10 15:05:00,6480.0,6482.5,6450.5,6450.5,313
2026-04-10 15:15:00,6449.5,6454.5,6430.0,6449.5,925
2026-04-10 15:25:00,6445.0,6470.0,6429.5,6470.0,317
2026-04-13 09:15:00,6323.5,6353.5,6304.5,6344.0,557
2026-04-13 09:25:00,6344.0,6377.5,6342.0,6377.5,297
2026-04-13 09:35:00,6377.5,6385.0,6362.5,6379.5,228
2026-04-13 09:45:00,6379.5,6405.0,6368.0,6400.5,382
2026-04-13 09:55:00,6400.5,6405.0,6371.5,6378.5,362
2026-04-13 10:05:00,6378.5,6385.5,6377.0,6381.5,90
2026-04-13 10:15:00,6381.5,6384.5,6370.0,6384.5,72
2026-04-13 10:25:00,6377.0,6395.0,6377.0,6383.5,172
2026-04-13 10:35:00,6383.5,6405.0,6362.0,6387.5,442
2026-04-13 10:45:00,6387.5,6423.0,6387.5,6416.0,182
2026-04-13 10:55:00,6416.0,6416.0,6397.0,6403.0,27
2026-04-13 11:05:00,6403.0,6404.0,6397.0,6404.0,44
2026-04-13 11:15:00,6404.0,6406.0,6394.0,6394.0,142
2026-04-13 11:25:00,6394.0,6394.0,6386.5,6386.5,24
2026-04-13 11:35:00,6386.5,6394.5,6377.0,6377.0,125
2026-04-13 11:45:00,6377.0,6377.0,6362.5,6362.5,157
2026-04-13 11:55:00,6362.5,6374.0,6362.5,6364.5,188
2026-04-13 12:05:00,6364.5,6375.0,6364.5,6375.0,37
2026-04-13 12:15:00,6375.0,6375.0,6364.5,6370.0,95
2026-04-13 12:25:00,6370.0,6375.5,6370.0,6375.5,37
2026-04-13 12:35:00,6375.5,6386.0,6365.5,6365.5,34
2026-04-13 12:45:00,6365.5,6365.5,6364.0,6364.0,149
2026-04-13 12:55:00,6364.0,6369.5,6340.0,6350.0,455
2026-04-13 13:05:00,6350.0,6353.0,6344.0,6352.5,115
2026-04-13 13:15:00,6352.5,6355.5,6345.0,6352.5,88
2026-04-13 13:25:00,6352.5,6352.5,6341.0,6350.5,205
2026-04-13 13:35:00,6342.0,6348.5,6340.0,6346.5,143
2026-04-13 13:45:00,6346.5,6346.5,6340.0,6345.5,36
2026-04-13 13:55:00,6345.5,6351.5,6340.0,6348.0,38
2026-04-13 14:05:00,6348.0,6348.0,6327.0,6333.0,233
2026-04-13 14:15:00,6333.0,6333.5,6327.0,6327.0,62
2026-04-13 14:25:00,6327.0,6331.5,6325.0,6326.0,85
2026-04-13 14:35:00,6326.0,6332.5,6325.0,6332.5,135
2026-04-13 14:45:00,6332.5,6336.0,6329.5,6329.5,100
2026-04-13 14:55:00,6329.5,6334.0,6310.0,6313.0,262
2026-04-13 15:05:00,6313.0,6333.5,6305.5,6327.5,354
2026-04-13 15:15:00,6327.5,6339.5,6295.0,6309.0,2048
2026-04-13 15:25:00,6309.0,6323.5,6289.5,6299.0,694
2026-04-15 09:15:00,6408.5,6417.5,6376.0,6390.0,571
2026-04-15 09:25:00,6390.0,6405.0,6351.0,6357.5,1186
2026-04-15 09:35:00,6357.5,6405.5,6351.0,6394.5,673
2026-04-15 09:45:00,6394.5,6394.5,6372.0,6375.0,295
2026-04-15 09:55:00,6375.0,6450.0,6373.0,6435.0,670
2026-04-15 10:05:00,6443.0,6443.0,6422.5,6429.0,542
2026-04-15 10:15:00,6422.0,6428.0,6421.5,6428.0,144
2026-04-15 10:25:00,6428.0,6464.0,6428.0,6454.0,666
2026-04-15 10:35:00,6454.0,6469.0,6452.0,6459.0,326
2026-04-15 10:45:00,6459.0,6482.5,6454.0,6479.0,889
2026-04-15 10:55:00,6479.0,6479.0,6468.0,6468.0,235
2026-04-15 11:05:00,6468.0,6503.0,6468.0,6486.0,1435
2026-04-15 11:15:00,6486.0,6510.0,6486.0,6499.0,257
2026-04-15 11:25:00,6499.0,6499.0,6481.0,6486.5,499
2026-04-15 11:35:00,6486.5,6490.0,6469.5,6483.5,183
2026-04-15 11:45:00,6479.0,6482.5,6473.5,6478.5,141
2026-04-15 11:55:00,6478.5,6490.5,6474.0,6481.0,111
2026-04-15 12:05:00,6481.0,6484.0,6474.0,6477.5,216
2026-04-15 12:15:00,6475.0,6488.5,6474.0,6477.0,299
2026-04-15 12:25:00,6477.0,6489.5,6476.5,6484.0,117
2026-04-15 12:35:00,6484.0,6580.0,6484.0,6568.0,2384
2026-04-15 12:45:00,6572.0,6580.0,6556.0,6570.0,832
2026-04-15 12:55:00,6570.0,6575.0,6555.0,6574.0,866
2026-04-15 13:05:00,6574.0,6576.0,6556.0,6565.0,976
2026-04-15 13:15:00,6566.5,6566.5,6529.0,6537.0,1031
2026-04-15 13:25:00,6535.0,6559.5,6534.5,6553.5,460
2026-04-15 13:35:00,6553.5,6560.0,6547.5,6560.0,506
2026-04-15 13:45:00,6560.0,6560.0,6525.0,6525.0,615
2026-04-15 13:55:00,6525.0,6557.0,6506.0,6545.0,1096
2026-04-15 14:05:00,6545.0,6552.5,6529.0,6552.5,263
2026-04-15 14:15:00,6553.0,6554.5,6540.0,6540.5,329
2026-04-15 14:25:00,6540.5,6540.5,6525.0,6525.0,113
2026-04-15 14:35:00,6531.0,6537.0,6523.5,6530.0,262
2026-04-15 14:45:00,6525.0,6535.5,6500.5,6526.0,310
2026-04-15 14:55:00,6526.0,6560.0,6520.5,6550.5,1546
2026-04-15 15:05:00,6552.5,6560.0,6531.0,6544.5,1008
2026-04-15 15:15:00,6544.0,6560.0,6528.5,6550.0,733
2026-04-15 15:25:00,6550.0,6560.0,6535.0,6560.0,529
2026-04-16 09:15:00,6590.0,6606.5,6558.0,6599.5,1864
2026-04-16 09:25:00,6599.5,6609.5,6576.0,6580.5,789
2026-04-16 09:35:00,6580.5,6596.0,6566.5,6571.0,343
2026-04-16 09:45:00,6571.0,6574.0,6559.0,6559.0,344
2026-04-16 09:55:00,6559.0,6564.5,6554.5,6560.0,172
2026-04-16 10:05:00,6560.0,6575.0,6554.0,6571.5,146
2026-04-16 10:15:00,6571.5,6571.5,6563.5,6567.0,50
2026-04-16 10:25:00,6567.0,6567.0,6556.0,6562.0,43
2026-04-16 10:35:00,6562.0,6569.5,6555.0,6564.0,124
2026-04-16 10:45:00,6564.0,6570.0,6564.0,6565.5,27
2026-04-16 10:55:00,6565.5,6579.5,6565.5,6579.5,154
2026-04-16 11:05:00,6579.5,6579.5,6565.5,6567.5,605
2026-04-16 11:15:00,6567.5,6570.5,6565.0,6565.0,53
2026-04-16 11:25:00,6565.0,6573.0,6565.0,6565.5,66
2026-04-16 11:35:00,6565.5,6574.0,6554.0,6554.0,269
2026-04-16 11:45:00,6554.0,6554.0,6540.0,6548.0,286
2026-04-16 11:55:00,6548.0,6590.5,6539.5,6574.5,694
2026-04-16 12:05:00,6574.5,6615.0,6574.5,6610.0,1363
2026-04-16 12:15:00,6610.0,6614.5,6601.0,6610.0,639
2026-04-16 12:25:00,6610.0,6610.0,6595.0,6601.5,654
2026-04-16 12:35:00,6601.5,6601.5,6592.0,6599.0,90
2026-04-16 12:45:00,6599.0,6599.0,6591.5,6599.0,20
2026-04-16 12:55:00,6599.0,6600.0,6586.5,6600.0,153
2026-04-16 13:05:00,6600.0,6600.0,6591.0,6598.0,138
2026-04-16 13:15:00,6598.0,6599.5,6593.0,6593.0,29
2026-04-16 13:25:00,6593.0,6599.5,6590.5,6597.5,141
2026-04-16 13:35:00,6597.5,6600.0,6591.5,6599.0,185
2026-04-16 13:45:00,6599.0,6599.0,6599.0,6599.0,16
2026-04-16 13:55:00,6599.0,6599.0,6594.0,6599.0,28
2026-04-16 14:05:00,6599.0,6599.0,6592.0,6599.0,49
2026-04-16 14:15:00,6599.0,6600.0,6592.0,6592.5,236
2026-04-16 14:25:00,6592.5,6600.0,6592.5,6598.5,47
2026-04-16 14:35:00,6599.0,6600.0,6592.5,6599.5,207
2026-04-16 14:45:00,6599.5,6600.0,6593.0,6597.0,93
2026-04-16 14:55:00,6597.0,6598.5,6590.0,6591.0,117
2026-04-16 15:05:00,6591.0,6600.0,6590.0,6599.0,1029
2026-04-16 15:15:00,6599.0,6600.0,6585.5,6597.0,644
2026-04-16 15:25:00,6600.0,6600.0,6581.0,6600.0,1252
2026-04-17 09:15:00,6598.5,6617.5,6570.0,6609.5,590
2026-04-17 09:25:00,6609.5,6615.0,6597.0,6608.5,90
2026-04-17 09:35:00,6615.0,6615.0,6570.5,6570.5,649
2026-04-17 09:45:00,6570.5,6602.5,6570.5,6594.5,158
2026-04-17 09:55:00,6594.5,6594.5,6555.0,6575.0,282
2026-04-17 10:05:00,6575.0,6583.0,6564.0,6566.5,192
2026-04-17 10:15:00,6566.5,6577.5,6566.5,6576.0,108
2026-04-17 10:25:00,6576.0,6600.5,6567.0,6599.5,352
2026-04-17 10:35:00,6589.0,6595.5,6585.5,6587.5,67
2026-04-17 10:45:00,6594.0,6594.0,6575.0,6575.0,1190
2026-04-17 10:55:00,6575.0,6575.0,6557.0,6557.0,258
2026-04-17 11:05:00,6557.0,6567.0,6557.0,6560.5,52
2026-04-17 11:15:00,6560.5,6573.5,6559.5,6573.5,213
2026-04-17 11:25:00,6573.5,6581.5,6566.0,6568.0,148
2026-04-17 11:35:00,6568.0,6571.0,6563.5,6569.0,39
2026-04-17 11:45:00,6569.0,6569.0,6563.5,6566.5,31
2026-04-17 11:55:00,6566.5,6571.0,6558.5,6566.5,136
2026-04-17 12:05:00,6566.5,6587.0,6560.0,6576.0,282
2026-04-17 12:15:00,6576.0,6577.0,6562.5,6562.5,61
2026-04-17 12:25:00,6562.5,6568.0,6560.0,6562.0,49
2026-04-17 12:35:00,6562.0,6563.0,6560.0,6560.0,30
2026-04-17 12:45:00,6560.0,6564.5,6560.0,6564.5,50
2026-04-17 12:55:00,6564.5,6567.5,6561.5,6561.5,70
2026-04-17 13:05:00,6561.5,6568.0,6561.5,6563.0,87
2026-04-17 13:15:00,6563.0,6580.5,6563.0,6580.5,136
2026-04-17 13:25:00,6580.5,6586.0,6580.5,6585.0,11
2026-04-17 13:35:00,6578.0,6584.0,6566.5,6576.5,121
2026-04-17 13:45:00,6576.5,6584.5,6576.5,6576.5,49
2026-04-17 13:55:00,6576.5,6580.0,6576.5,6580.0,219
2026-04-17 14:05:00,6580.0,6581.5,6574.5,6580.0,193
2026-04-17 14:15:00,6580.0,6585.5,6576.0,6577.0,55
2026-04-17 14:25:00,6577.0,6584.5,6574.5,6574.5,215
2026-04-17 14:35:00,6574.5,6579.5,6574.0,6575.0,68
2026-04-17 14:45:00,6575.0,6592.0,6574.0,6592.0,249
2026-04-17 14:55:00,6592.0,6602.0,6575.0,6600.5,2954
2026-04-17 15:05:00,6600.5,6602.0,6600.0,6602.0,508
2026-04-17 15:15:00,6602.0,6602.0,6600.0,6601.0,8661
2026-04-17 15:25:00,6601.0,6602.0,6600.0,6602.0,938
2026-04-20 09:15:00,6620.0,6641.0,6560.5,6586.5,863
2026-04-20 09:25:00,6586.5,6588.0,6567.5,6576.5,309
2026-04-20 09:35:00,6576.5,6580.0,6550.5,6550.5,342
2026-04-20 09:45:00,6550.5,6567.0,6550.5,6567.0,63
2026-04-20 09:55:00,6567.0,6575.0,6564.0,6568.5,88
2026-04-20 10:05:00,6568.5,6579.5,6568.5,6575.0,51
2026-04-20 10:15:00,6575.0,6585.0,6575.0,6581.5,34
2026-04-20 10:25:00,6581.5,6600.0,6581.5,6595.5,610
2026-04-20 10:35:00,6595.5,6600.0,6589.0,6600.0,553
2026-04-20 10:45:00,6600.0,6600.0,6598.0,6600.0,291
2026-04-20 10:55:00,6600.0,6601.0,6598.0,6600.0,111
2026-04-20 11:05:00,6600.0,6605.5,6598.0,6600.5,784
2026-04-20 11:15:00,6600.5,6603.0,6598.0,6599.0,147
2026-04-20 11:25:00,6599.0,6603.0,6598.0,6602.5,174
2026-04-20 11:35:00,6602.5,6603.0,6598.0,6599.5,148
2026-04-20 11:45:00,6599.5,6599.5,6599.5,6599.5,22
2026-04-20 11:55:00,6599.5,6600.0,6598.0,6598.0,64
2026-04-20 12:05:00,6598.0,6600.0,6589.0,6589.0,655
2026-04-20 12:15:00,6589.0,6599.0,6583.0,6592.0,174
2026-04-20 12:25:00,6592.0,6600.0,6577.5,6581.0,354
2026-04-20 12:35:00,6581.0,6583.5,6575.0,6575.0,87
2026-04-20 12:45:00,6575.0,6585.0,6570.0,6575.0,211
2026-04-20 12:55:00,6575.0,6576.0,6570.5,6570.5,39
2026-04-20 13:05:00,6570.5,6571.0,6570.5,6570.5,31
2026-04-20 13:15:00,6570.5,6571.0,6565.5,6565.5,69
2026-04-20 13:25:00,6565.5,6569.0,6551.0,6551.0,257
2026-04-20 13:35:00,6551.0,6553.0,6540.0,6540.0,347
2026-04-20 13:45:00,6540.0,6550.0,6540.0,6549.5,61
2026-04-20 13:55:00,6549.5,6550.0,6545.0,6549.0,41
2026-04-20 14:05:00,6549.0,6560.0,6542.0,6543.5,423
2026-04-20 14:15:00,6543.5,6554.5,6543.5,6554.5,59
2026-04-20 14:25:00,6554.5,6559.0,6548.5,6550.0,101
2026-04-20 14:35:00,6550.0,6563.5,6550.0,6556.0,78
2026-04-20 14:45:00,6556.0,6561.5,6550.5,6556.0,56
2026-04-20 14:55:00,6556.0,6564.5,6543.5,6547.0,260
2026-04-20 15:05:00,6547.5,6564.5,6541.0,6549.0,557
2026-04-20 15:15:00,6549.0,6557.0,6510.5,6516.0,973
2026-04-20 15:25:00,6516.0,6532.0,6512.5,6532.0,332
2026-04-21 09:15:00,6549.0,6599.5,6545.0,6571.0,609
2026-04-21 09:25:00,6579.0,6580.5,6560.5,6580.5,217
2026-04-21 09:35:00,6580.5,6583.5,6553.0,6561.5,446
2026-04-21 09:45:00,6561.5,6573.5,6561.5,6565.5,330
2026-04-21 09:55:00,6565.5,6573.0,6530.0,6550.0,390
2026-04-21 10:05:00,6550.0,6563.5,6533.0,6545.5,459
2026-04-21 10:15:00,6545.5,6553.0,6545.0,6550.0,154
2026-04-21 10:25:00,6550.0,6562.0,6549.0,6551.5,696
2026-04-21 10:35:00,6552.0,6575.0,6550.0,6567.0,402
2026-04-21 10:45:00,6567.0,6575.0,6561.0,6564.0,216
2026-04-21 10:55:00,6564.0,6570.0,6559.0,6559.5,163
2026-04-21 11:05:00,6559.5,6564.0,6550.5,6556.0,239
2026-04-21 11:15:00,6556.0,6567.5,6556.0,6557.5,298
2026-04-21 11:25:00,6557.5,6565.5,6550.0,6550.0,157
2026-04-21 11:35:00,6550.0,6559.0,6546.5,6550.0,58
2026-04-21 11:45:00,6550.0,6550.0,6545.0,6550.0,49
2026-04-21 11:55:00,6550.0,6550.0,6550.0,6550.0,20
2026-04-21 12:05:00,6550.0,6551.5,6547.0,6550.0,125
2026-04-21 12:15:00,6550.0,6557.0,6545.5,6555.0,252
2026-04-21 12:25:00,6555.0,6559.5,6548.0,6550.5,250
2026-04-21 12:35:00,6550.5,6567.0,6550.0,6567.0,290
2026-04-21 12:45:00,6561.0,6572.0,6558.0,6565.0,268
2026-04-21 12:55:00,6565.0,6574.0,6554.5,6563.5,415
2026-04-21 13:05:00,6563.5,6621.0,6563.0,6616.5,1855
2026-04-21 13:15:00,6608.0,6630.5,6608.0,6623.0,562
2026-04-21 13:25:00,6623.0,6682.5,6621.0,6648.5,3497
2026-04-21 13:35:00,6655.0,6657.5,6630.5,6642.0,788
2026-04-21 13:45:00,6636.0,6655.0,6634.5,6650.0,576
2026-04-21 13:55:00,6650.0,6658.5,6644.5,6656.5,3426
2026-04-21 14:05:00,6655.0,6659.0,6602.0,6613.5,8936
2026-04-21 14:15:00,6613.5,6618.5,6550.0,6596.0,2209
2026-04-21 14:25:00,6593.0,6618.0,6588.5,6601.0,2226
2026-04-21 14:35:00,6606.5,6612.0,6597.5,6601.0,1858
2026-04-21 14:45:00,6601.0,6611.0,6601.0,6601.0,1907
2026-04-21 14:55:00,6601.0,6608.0,6538.0,6550.0,2238
2026-04-21 15:05:00,6548.0,6557.5,6544.0,6546.5,1210
2026-04-21 15:15:00,6544.5,6550.0,6535.0,6540.5,1299
2026-04-21 15:25:00,6544.5,6598.5,6544.0,6557.0,2538
2026-04-22 09:15:00,6580.0,6640.0,6550.0,6597.0,558
2026-04-22 09:25:00,6597.0,6605.0,6573.0,6605.0,540
2026-04-22 09:35:00,6605.0,6623.0,6600.0,6601.0,242
2026-04-22 09:45:00,6600.0,6603.0,6589.0,6596.0,350
2026-04-22 09:55:00,6596.0,6599.5,6574.0,6586.0,88
2026-04-22 10:05:00,6586.0,6594.5,6573.0,6591.5,248
2026-04-22 10:15:00,6591.5,6593.0,6577.0,6577.0,257
2026-04-22 10:25:00,6577.0,6595.0,6566.0,6567.5,219
2026-04-22 10:35:00,6567.5,6570.0,6563.0,6563.0,75
2026-04-22 10:45:00,6563.0,6575.0,6563.0,6571.0,40
2026-04-22 10:55:00,6571.0,6595.0,6551.0,6595.0,208
2026-04-22 11:05:00,6594.5,6594.5,6573.5,6578.5,151
2026-04-22 11:15:00,6575.5,6619.5,6575.0,6613.5,778
2026-04-22 11:25:00,6613.5,6660.0,6607.5,6653.5,1201
2026-04-22 11:35:00,6653.5,6707.0,6640.0,6640.0,2564
2026-04-22 11:45:00,6630.5,6630.5,6610.0,6627.0,860
2026-04-22 11:55:00,6627.0,6635.5,6622.5,6631.0,119
2026-04-22 12:05:00,6631.0,6644.5,6620.0,6623.5,436
2026-04-22 12:15:00,6623.5,6625.5,6617.0,6617.0,33
2026-04-22 12:25:00,6617.0,6629.5,6617.0,6629.0,74
2026-04-22 12:35:00,6629.0,6629.0,6619.5,6621.5,44
2026-04-22 12:45:00,6621.5,6625.0,6617.5,6625.0,44
2026-04-22 12:55:00,6625.0,6629.5,6620.5,6625.5,72
2026-04-22 13:05:00,6625.5,6630.0,6622.0,6622.0,78
2026-04-22 13:15:00,6622.0,6623.0,6610.0,6611.0,220
2026-04-22 13:25:00,6611.0,6629.5,6611.0,6622.0,31
2026-04-22 13:35:00,6622.0,6625.0,6616.0,6620.5,55
2026-04-22 13:45:00,6620.5,6620.5,6610.0,6612.5,211
2026-04-22 13:55:00,6612.5,6621.5,6610.0,6612.5,91
2026-04-22 14:05:00,6612.5,6625.0,6612.5,6625.0,70
2026-04-22 14:15:00,6625.0,6625.0,6607.0,6610.0,156
2026-04-22 14:25:00,6610.0,6616.0,6602.0,6614.5,76
2026-04-22 14:35:00,6614.5,6614.5,6603.5,6612.5,57
2026-04-22 14:45:00,6612.5,6624.5,6610.5,6624.5,309
2026-04-22 14:55:00,6624.5,6641.0,6617.0,6641.0,269
2026-04-22 15:05:00,6641.0,6695.0,6630.5,6659.5,3097
2026-04-22 15:15:00,6659.5,6690.0,6651.0,6669.0,3776
2026-04-22 15:25:00,6669.5,6670.0,6630.5,6650.0,1191
2026-04-23 09:15:00,6670.0,6670.0,6607.5,6662.0,830
2026-04-23 09:25:00,6662.0,6668.0,6643.0,6668.0,325
2026-04-23 09:35:00,6668.0,6683.5,6587.5,6587.5,870
2026-04-23 09:45:00,6587.5,6603.5,6575.0,6600.0,455
2026-04-23 09:55:00,6600.0,6610.5,6585.0,6588.5,153
2026-04-23 10:05:00,6588.5,6650.0,6586.5,6650.0,14245
2026-04-23 10:15:00,6650.0,6673.0,6643.0,6673.0,492
2026-04-23 10:25:00,6673.0,6707.0,6650.5,6655.0,1017
2026-04-23 10:35:00,6655.0,6658.5,6644.0,6644.0,316
2026-04-23 10:45:00,6644.0,6648.0,6640.5,6648.0,43
2026-04-23 10:55:00,6648.0,6649.5,6648.0,6649.5,39
2026-04-23 11:05:00,6649.5,6653.0,6648.5,6649.0,103
2026-04-23 11:15:00,6649.0,6715.0,6649.0,6715.0,521
2026-04-23 11:25:00,6715.0,6822.0,6715.0,6802.0,3289
2026-04-23 11:35:00,6802.0,6817.5,6795.5,6810.0,1217
2026-04-23 11:45:00,6810.0,6820.0,6801.5,6806.5,549
2026-04-23 11:55:00,6806.5,6854.0,6800.0,6800.0,2070
2026-04-23 12:05:00,6800.0,6810.0,6797.5,6800.0,751
2026-04-23 12:15:00,6800.0,6802.0,6735.5,6760.0,934
2026-04-23 12:25:00,6760.0,6764.0,6749.5,6758.5,305
2026-04-23 12:35:00,6759.0,6769.0,6742.5,6767.5,347
2026-04-23 12:45:00,6767.5,6835.0,6756.0,6833.0,14238
2026-04-23 12:55:00,6833.0,6889.0,6813.0,6824.5,3005
2026-04-23 13:05:00,6824.5,6827.5,6811.0,6817.5,150
2026-04-23 13:15:00,6817.5,6822.0,6815.0,6815.0,115
2026-04-23 13:25:00,6815.0,6839.5,6815.0,6830.0,113
2026-04-23 13:35:00,6823.0,6826.5,6805.5,6809.0,227
2026-04-23 13:45:00,6809.0,6822.5,6808.5,6816.5,280
2026-04-23 13:55:00,6816.5,6850.0,6810.5,6828.0,1079
2026-04-23 14:05:00,6828.0,6828.5,6789.0,6811.0,26009
2026-04-23 14:15:00,6818.5,6823.0,6751.5,6768.5,17904
2026-04-23 14:25:00,6768.5,6777.0,6750.0,6750.0,400
2026-04-23 14:35:00,6750.0,6779.5,6740.0,6775.5,463
2026-04-23 14:45:00,6775.5,6788.0,6760.5,6788.0,822
2026-04-23 14:55:00,6788.0,6794.5,6756.5,6768.0,934
2026-04-23 15:05:00,6768.0,6784.5,6719.5,6733.0,2376
2026-04-23 15:15:00,6733.0,6763.0,6683.0,6694.0,6068
2026-04-23 15:25:00,6694.0,6700.0,6683.0,6694.0,845
2026-04-24 09:15:00,6798.0,6847.0,6703.5,6739.0,2803
2026-04-24 09:25:00,6739.0,6792.0,6710.0,6748.5,2179
2026-04-24 09:35:00,6759.0,6770.0,6732.0,6754.0,741
2026-04-24 09:45:00,6758.0,6880.0,6750.0,6876.5,5874
2026-04-24 09:55:00,6880.0,6950.0,6865.0,6934.0,10361
2026-04-24 10:05:00,6935.5,6938.0,6865.0,6880.5,7649
2026-04-24 10:15:00,6880.5,6880.5,6856.5,6865.0,1654
2026-04-24 10:25:00,6865.0,6878.5,6855.0,6865.0,1468
2026-04-24 10:35:00,6865.0,6887.5,6861.0,6865.5,899
2026-04-24 10:45:00,6865.5,6874.0,6860.0,6865.0,457
2026-04-24 10:55:00,6865.0,6871.0,6779.0,6779.0,4163
2026-04-24 11:05:00,6781.0,6790.0,6749.5,6750.5,2253
2026-04-24 11:15:00,6750.5,6760.5,6731.0,6745.0,1014
2026-04-24 11:25:00,6744.5,6753.5,6721.0,6731.5,2003
2026-04-24 11:35:00,6731.5,6735.0,6689.5,6699.5,2483
2026-04-24 11:45:00,6699.0,6699.0,6669.0,6669.0,843
2026-04-24 11:55:00,6674.0,6700.5,6658.5,6700.5,1166
2026-04-24 12:05:00,6700.5,6725.0,6690.0,6724.0,1767
2026-04-24 12:15:00,6724.0,6725.0,6692.5,6692.5,524
2026-04-24 12:25:00,6692.5,6704.5,6688.5,6704.5,231
2026-04-24 12:35:00,6704.5,6717.5,6693.5,6717.5,347
2026-04-24 12:45:00,6717.5,6725.5,6706.5,6719.5,716
2026-04-24 12:55:00,6719.5,6737.0,6711.0,6711.0,582
2026-04-24 13:05:00,6711.0,6713.5,6680.5,6693.0,750
2026-04-24 13:15:00,6693.0,6699.5,6672.5,6672.5,514
2026-04-24 13:25:00,6672.0,6685.5,6648.5,6648.5,723
2026-04-24 13:35:00,6650.0,6675.5,6633.0,6675.5,1060
2026-04-24 13:45:00,6675.5,6698.5,6665.5,6668.0,861
2026-04-24 13:55:00,6668.0,6989.5,6668.0,6830.0,66785
2026-04-24 14:05:00,6822.0,6935.0,6726.5,6891.0,65262
2026-04-24 14:15:00,6887.0,6889.0,6780.0,6800.0,17265
2026-04-24 14:25:00,6802.0,6813.5,6767.0,6780.5,8513
2026-04-24 14:35:00,6782.0,6999.0,6755.0,6825.0,37756
2026-04-24 14:45:00,6828.0,6875.0,6806.5,6834.5,23973
2026-04-24 14:55:00,6834.5,6842.0,6670.0,6689.5,11978
2026-04-24 15:05:00,6692.5,6708.0,6605.0,6667.0,12770
2026-04-24 15:15:00,6670.0,6717.0,6647.0,6684.5,9918
2026-04-24 15:25:00,6684.5,6687.5,6630.5,6650.0,7271
2026-04-27 09:15:00,6750.0,6750.0,6554.5,6602.5,11169
2026-04-27 09:25:00,6605.5,6644.5,6592.0,6611.5,2537
2026-04-27 09:35:00,6610.5,6656.5,6600.5,6631.5,2369
2026-04-27 09:45:00,6632.0,6648.0,6591.0,6601.5,2488
2026-04-27 09:55:00,6601.5,6613.0,6576.0,6594.5,1940
2026-04-27 10:05:00,6594.5,6600.0,6579.0,6598.5,1864
2026-04-27 10:15:00,6598.5,6661.0,6598.5,6653.5,1901
2026-04-27 10:25:00,6653.5,6675.0,6653.5,6670.0,1990
2026-04-27 10:35:00,6670.0,6680.0,6649.0,6667.0,2003
2026-04-27 10:45:00,6667.0,6683.5,6663.5,6678.0,433
2026-04-27 10:55:00,6679.5,6681.5,6650.0,6651.0,417
2026-04-27 11:05:00,6651.0,6655.0,6630.5,6642.5,581
2026-04-27 11:15:00,6645.5,6653.0,6633.0,6636.0,248
2026-04-27 11:25:00,6636.0,6647.5,6621.5,6642.0,948
2026-04-27 11:35:00,6642.0,6645.5,6616.0,6632.0,528
2026-04-27 11:45:00,6623.5,6637.5,6613.0,6631.0,493
2026-04-27 11:55:00,6631.0,6649.0,6625.5,6649.0,240
2026-04-27 12:05:00,6649.0,6720.5,6646.0,6716.5,3731
2026-04-27 12:15:00,6716.5,6735.0,6716.5,6730.0,1964
2026-04-27 12:25:00,6727.0,6770.0,6721.5,6750.0,2644
2026-04-27 12:35:00,6750.0,6761.5,6703.0,6720.0,7037
2026-04-27 12:45:00,6720.0,6739.0,6715.5,6725.0,764
2026-04-27 12:55:00,6725.0,6729.5,6705.0,6720.5,3379
2026-04-27 13:05:00,6724.0,6727.0,6714.0,6722.5,2199
2026-04-27 13:15:00,6723.0,6723.0,6711.5,6718.5,796
2026-04-27 13:25:00,6718.5,6725.0,6714.0,6720.0,390
2026-04-27 13:35:00,6721.5,6723.0,6718.0,6722.5,505
2026-04-27 13:45:00,6722.5,6724.0,6713.5,6722.5,544
2026-04-27 13:55:00,6722.5,6723.0,6715.0,6716.0,467
2026-04-27 14:05:00,6716.0,6725.0,6716.0,6720.0,787
2026-04-27 14:15:00,6720.0,6722.5,6720.0,6721.5,410
2026-04-27 14:25:00,6721.5,6725.5,6714.5,6720.0,931
2026-04-27 14:35:00,6722.0,6723.0,6718.0,6719.5,751
2026-04-27 14:45:00,6719.5,6719.5,6698.0,6705.0,1708
2026-04-27 14:55:00,6700.0,6705.0,6688.5,6700.0,2959
2026-04-27 15:05:00,6700.0,6717.0,6699.5,6700.0,1970
2026-04-27 15:15:00,6706.5,6707.0,6699.0,6700.5,2646
2026-04-27 15:25:00,6700.0,6705.0,6700.0,6700.0,874
2026-04-28 09:15:00,6700.0,6738.0,6680.0,6700.0,1696
2026-04-28 09:25:00,6700.0,6739.0,6700.0,6734.0,562
2026-04-28 09:35:00,6734.0,6739.0,6709.0,6709.0,543
2026-04-28 09:45:00,6709.0,6723.0,6703.0,6719.0,389
2026-04-28 09:55:00,6724.0,6735.0,6710.5,6728.5,393
2026-04-28 10:05:00,6728.5,6826.0,6719.5,6813.0,2085
2026-04-28 10:15:00,6810.0,6929.0,6810.0,6910.5,4763
2026-04-28 10:25:00,6905.5,6915.0,6864.0,6869.5,4192
2026-04-28 10:35:00,6860.5,6876.5,6850.0,6853.5,772
2026-04-28 10:45:00,6852.0,6877.5,6850.0,6863.0,690
2026-04-28 10:55:00,6863.0,6888.5,6861.5,6885.0,571
2026-04-28 11:05:00,6885.0,6945.0,6885.0,6938.5,2692
2026-04-28 11:15:00,6932.0,6940.0,6906.0,6922.0,1989
2026-04-28 11:25:00,6922.0,6948.0,6912.0,6929.0,2098
2026-04-28 11:35:00,6929.0,6929.0,6912.5,6919.5,383
2026-04-28 11:45:00,6919.5,6927.0,6910.0,6919.5,925
2026-04-28 11:55:00,6919.0,6923.0,6902.0,6920.0,1504
2026-04-28 12:05:00,6924.5,6928.0,6902.5,6921.5,880
2026-04-28 12:15:00,6921.5,6930.0,6915.0,6924.0,1190
2026-04-28 12:25:00,6924.0,6930.0,6920.0,6920.0,338
2026-04-28 12:35:00,6920.0,6939.0,6915.0,6939.0,1265
2026-04-28 12:45:00,6939.0,6952.0,6930.0,6939.0,1285
2026-04-28 12:55:00,6939.0,6945.0,6927.5,6940.0,409
2026-04-28 13:05:00,6940.0,6960.0,6936.0,6945.0,1568
2026-04-28 13:15:00,6945.0,6950.5,6935.0,6943.0,587
2026-04-28 13:25:00,6943.0,6945.0,6928.0,6945.0,1131
2026-04-28 13:35:00,6945.0,6970.0,6940.0,6965.0,1444
2026-04-28 13:45:00,6959.0,6995.0,6949.0,6995.0,2543
2026-04-28 13:55:00,6996.0,7029.5,6984.0,7025.0,6801
2026-04-28 14:05:00,7025.0,7025.0,6935.0,6952.0,5046
2026-04-28 14:15:00,6952.0,6969.5,6952.0,6966.5,432
2026-04-28 14:25:00,6966.5,6966.5,6950.0,6958.0,1086
2026-04-28 14:35:00,6958.0,6958.0,6903.5,6913.5,7554
2026-04-28 14:45:00,6913.5,6919.5,6901.0,6912.0,1978
2026-04-28 14:55:00,6912.0,6915.5,6860.0,6860.0,3216
2026-04-28 15:05:00,6860.0,6869.5,6826.0,6841.5,2772
2026-04-28 15:15:00,6836.5,6868.0,6826.0,6853.5,2632
2026-04-28 15:25:00,6853.5,6880.0,6845.5,6880.0,1508
2026-04-29 09:15:00,6867.5,6983.5,6841.0,6853.5,2582
2026-04-29 09:25:00,6845.0,6901.5,6813.5,6874.0,2701
2026-04-29 09:35:00,6874.0,6874.0,6783.5,6849.5,6268
2026-04-29 09:45:00,6849.5,6875.0,6843.5,6855.0,886
2026-04-29 09:55:00,6855.0,6857.5,6840.5,6856.0,255
2026-04-29 10:05:00,6856.0,6867.0,6855.5,6862.0,176
2026-04-29 10:15:00,6862.0,6869.5,6836.5,6837.5,552
2026-04-29 10:25:00,6837.5,6840.0,6825.0,6834.0,165
2026-04-29 10:35:00,6834.0,6841.5,6820.0,6821.5,346
2026-04-29 10:45:00,6825.0,6825.0,6806.0,6815.0,418
2026-04-29 10:55:00,6815.0,6818.0,6791.0,6802.5,1215
2026-04-29 11:05:00,6802.5,6803.5,6793.0,6800.5,190
2026-04-29 11:15:00,6800.5,6812.5,6794.0,6800.5,206
2026-04-29 11:25:00,6800.5,6800.5,6791.0,6791.5,279
2026-04-29 11:35:00,6791.5,6799.0,6787.5,6790.5,238
2026-04-29 11:45:00,6790.5,6790.5,6784.0,6786.5,346
2026-04-29 11:55:00,6784.0,6796.0,6775.0,6790.5,534
2026-04-29 12:05:00,6790.5,6792.5,6778.5,6783.5,225
2026-04-29 12:15:00,6783.5,6797.0,6783.0,6790.5,199
2026-04-29 12:25:00,6790.5,6796.5,6788.0,6791.5,53
2026-04-29 12:35:00,6791.5,6793.5,6782.0,6783.0,226
2026-04-29 12:45:00,6783.0,6789.5,6781.5,6785.0,86
2026-04-29 12:55:00,6785.5,6792.0,6772.5,6776.5,1542
2026-04-29 13:05:00,6776.5,6787.0,6776.5,6786.5,89
2026-04-29 13:15:00,6786.5,6816.5,6786.5,6813.0,391
2026-04-29 13:25:00,6813.0,6816.0,6810.0,6814.0,165
2026-04-29 13:35:00,6814.0,6814.0,6780.0,6781.0,320
2026-04-29 13:45:00,6781.0,6801.0,6775.0,6791.0,328
2026-04-29 13:55:00,6791.0,6803.5,6783.0,6789.0,345
2026-04-29 14:05:00,6789.0,6800.0,6784.0,6794.0,234
2026-04-29 14:15:00,6801.0,6801.0,6785.0,6785.5,390
2026-04-29 14:25:00,6785.5,6793.5,6779.5,6783.5,86
2026-04-29 14:35:00,6783.5,6793.0,6783.5,6791.5,100
2026-04-29 14:45:00,6791.5,6795.0,6783.0,6786.0,197
2026-04-29 14:55:00,6786.0,6821.5,6781.0,6816.0,1216
2026-04-29 15:05:00,6818.0,6847.5,6817.5,6830.0,1221
2026-04-29 15:15:00,6826.5,6830.0,6782.5,6792.5,1456
2026-04-29 15:25:00,6792.5,6799.5,6769.5,6777.0,734
2026-04-30 09:15:00,6790.0,6790.0,6705.0,6729.5,2282
2026-04-30 09:25:00,6729.5,6772.0,6727.5,6772.0,479
2026-04-30 09:35:00,6772.0,6775.5,6731.0,6761.5,245
2026-04-30 09:45:00,6768.5,6768.5,6750.5,6755.5,357
2026-04-30 09:55:00,6755.5,6755.5,6740.0,6747.5,351
2026-04-30 10:05:00,6747.5,6764.5,6735.0,6750.0,589
2026-04-30 10:15:00,6750.0,6750.0,6715.5,6715.5,366
2026-04-30 10:25:00,6719.0,6741.5,6711.0,6720.5,364
2026-04-30 10:35:00,6725.0,6748.5,6717.0,6729.5,474
2026-04-30 10:45:00,6729.5,6740.0,6727.0,6727.5,147
2026-04-30 10:55:00,6727.5,6737.0,6703.0,6727.5,1191
2026-04-30 11:05:00,6727.5,6730.5,6716.0,6719.0,83
2026-04-30 11:15:00,6719.0,6732.5,6715.0,6731.5,61
2026-04-30 11:25:00,6731.5,6738.5,6725.5,6737.0,159
2026-04-30 11:35:00,6737.0,6738.0,6725.5,6725.5,105
2026-04-30 11:45:00,6725.5,6725.5,6706.0,6724.0,151
2026-04-30 11:55:00,6724.0,6730.5,6716.5,6730.0,68
2026-04-30 12:05:00,6730.0,6735.5,6728.5,6734.0,126
2026-04-30 12:15:00,6727.5,6743.5,6727.5,6743.0,264
2026-04-30 12:25:00,6743.0,6844.5,6740.0,6829.5,4046
2026-04-30 12:35:00,6825.0,6832.0,6774.0,6778.5,2177
2026-04-30 12:45:00,6778.5,6778.5,6757.5,6760.5,593
2026-04-30 12:55:00,6760.5,6761.0,6745.0,6750.0,124
2026-04-30 13:05:00,6750.0,6755.5,6744.5,6754.5,105
2026-04-30 13:15:00,6754.5,6759.5,6750.5,6750.5,200
2026-04-30 13:25:00,6750.5,6758.0,6741.0,6757.5,292
2026-04-30 13:35:00,6757.5,6759.5,6751.0,6759.5,66
2026-04-30 13:45:00,6759.5,6775.5,6757.0,6772.0,320
2026-04-30 13:55:00,6772.0,6792.5,6762.0,6775.0,333
2026-04-30 14:05:00,6775.0,6775.0,6741.0,6745.5,258
2026-04-30 14:15:00,6745.5,6747.5,6730.0,6741.0,343
2026-04-30 14:25:00,6741.0,6747.0,6736.0,6747.0,79
2026-04-30 14:35:00,6747.0,6750.0,6739.0,6739.0,128
2026-04-30 14:45:00,6739.0,6753.0,6734.5,6753.0,266
2026-04-30 14:55:00,6753.0,6828.0,6738.5,6825.5,1972
2026-04-30 15:05:00,6828.5,6835.0,6810.5,6835.0,2237
2026-04-30 15:15:00,6834.5,6834.5,6774.5,6809.5,2202
2026-04-30 15:25:00,6805.5,6825.0,6799.5,6825.0,870
2026-05-04 09:15:00,6889.5,6978.5,6867.5,6957.0,3162
2026-05-04 09:25:00,6957.0,7019.0,6945.5,7019.0,2477
2026-05-04 09:35:00,7019.0,7030.0,6980.5,6988.5,3176
2026-05-04 09:45:00,6988.5,6988.5,6970.5,6973.5,760
2026-05-04 09:55:00,6983.0,6988.0,6954.0,6960.0,687
2026-05-04 10:05:00,6960.0,6979.5,6954.5,6964.5,487
2026-05-04 10:15:00,6966.0,6972.0,6935.0,6940.5,499
2026-05-04 10:25:00,6940.5,6981.5,6937.5,6975.0,468
2026-05-04 10:35:00,6975.0,6978.0,6931.0,6932.5,389
2026-05-04 10:45:00,6932.5,6948.0,6922.5,6930.5,431
2026-05-04 10:55:00,6930.5,6936.5,6913.0,6928.0,452
2026-05-04 11:05:00,6928.0,6935.0,6922.0,6925.5,178
2026-05-04 11:15:00,6925.5,6935.0,6915.0,6917.5,304
2026-05-04 11:25:00,6917.5,6924.0,6900.0,6904.0,433
2026-05-04 11:35:00,6904.0,6915.0,6886.0,6915.0,408
2026-05-04 11:45:00,6915.0,6919.0,6900.5,6908.5,158
2026-05-04 11:55:00,6908.5,6990.0,6890.5,6990.0,1614
2026-05-04 12:05:00,6990.0,6990.0,6954.5,6954.5,443
2026-05-04 12:15:00,6954.5,6964.5,6928.5,6944.0,1406
2026-05-04 12:25:00,6943.5,6954.5,6925.5,6926.0,540
2026-05-04 12:35:00,6926.0,6941.5,6914.5,6925.0,219
2026-05-04 12:45:00,6920.5,6936.5,6911.0,6936.5,260
2026-05-04 12:55:00,6936.5,6938.5,6915.5,6921.0,223
2026-05-04 13:05:00,6921.0,6938.5,6919.5,6930.0,103
2026-05-04 13:15:00,6930.0,6937.0,6876.5,6892.5,582
2026-05-04 13:25:00,6892.5,6955.0,6857.0,6955.0,3113
2026-05-04 13:35:00,6955.0,6980.0,6941.5,6979.0,1054
2026-05-04 13:45:00,6972.0,6989.0,6972.0,6979.5,771
2026-05-04 13:55:00,6980.0,6980.0,6964.5,6969.0,762
2026-05-04 14:05:00,6968.5,6990.0,6966.0,6988.5,735
2026-05-04 14:15:00,6989.5,6999.0,6983.5,6999.0,845
2026-05-04 14:25:00,6999.5,7000.0,6975.0,6993.5,915
2026-05-04 14:35:00,6999.5,7000.0,6980.0,6990.5,1575
2026-05-04 14:45:00,6990.5,6990.5,6965.5,6979.5,471
2026-05-04 14:55:00,6979.5,6987.5,6970.0,6975.5,419
2026-05-04 15:05:00,6975.5,6980.5,6950.0,6950.0,799
2026-05-04 15:15:00,6950.0,6959.0,6941.5,6950.0,1147
2026-05-04 15:25:00,6952.5,6956.0,6928.5,6956.0,1287
2026-05-05 09:15:00,7010.0,7018.0,6952.5,6977.5,2143
2026-05-05 09:25:00,6977.5,7041.0,6973.5,7039.0,2268
2026-05-05 09:35:00,7039.0,7054.0,7007.0,7013.0,1779
2026-05-05 09:45:00,7013.0,7043.5,7000.0,7011.0,2592
2026-05-05 09:55:00,7011.0,7020.0,6990.5,6998.0,559
2026-05-05 10:05:00,6998.0,7000.0,6984.5,6986.0,452
2026-05-05 10:15:00,6986.0,6994.0,6972.0,6976.0,414
2026-05-05 10:25:00,6976.0,6987.0,6974.0,6980.0,510
2026-05-05 10:35:00,6980.0,6985.5,6975.0,6979.0,143
2026-05-05 10:45:00,6979.0,6979.0,6960.0,6965.5,714
2026-05-05 10:55:00,6965.5,6974.5,6951.0,6974.5,389
2026-05-05 11:05:00,6974.5,6974.5,6960.0,6970.0,111
2026-05-05 11:15:00,6970.0,6970.0,6912.5,6920.5,1021
2026-05-05 11:25:00,6928.5,6935.0,6912.5,6935.0,372
2026-05-05 11:35:00,6935.0,6935.0,6915.0,6920.0,567
2026-05-05 11:45:00,6915.5,6921.0,6910.0,6917.5,329
2026-05-05 11:55:00,6917.5,6919.5,6885.5,6894.0,497
2026-05-05 12:05:00,6894.0,6911.5,6892.5,6911.5,355
2026-05-05 12:15:00,6911.5,6916.0,6909.5,6912.0,176
2026-05-05 12:25:00,6901.5,6919.0,6900.0,6900.0,457
2026-05-05 12:35:00,6900.0,6909.0,6895.5,6900.0,129
2026-05-05 12:45:00,6900.0,6903.5,6895.0,6900.0,409
2026-05-05 12:55:00,6914.5,6914.5,6904.0,6905.0,252
2026-05-05 13:05:00,6905.0,6909.0,6901.0,6901.5,260
2026-05-05 13:15:00,6901.5,6907.0,6890.0,6893.0,305
2026-05-05 13:25:00,6893.0,6898.0,6887.0,6894.0,204
2026-05-05 13:35:00,6894.0,6899.5,6894.0,6894.0,207
2026-05-05 13:45:00,6894.0,6900.0,6892.5,6892.5,113
2026-05-05 13:55:00,6892.5,6892.5,6876.5,6882.0,366
2026-05-05 14:05:00,6882.0,6899.5,6882.0,6893.0,701
2026-05-05 14:15:00,6893.0,6914.5,6893.0,6904.0,797
2026-05-05 14:25:00,6904.0,6934.0,6904.0,6908.0,735
2026-05-05 14:35:00,6908.0,6915.0,6904.5,6904.5,147
2026-05-05 14:45:00,6904.5,6945.0,6901.5,6944.5,705
2026-05-05 14:55:00,6944.5,6944.5,6910.5,6911.0,561
2026-05-05 15:05:00,6914.5,6918.0,6888.5,6895.5,453
2026-05-05 15:15:00,6895.5,6915.0,6895.5,6915.0,964
2026-05-05 15:25:00,6915.0,6935.0,6899.0,6900.0,634
2026-05-06 09:15:00,6956.0,6974.5,6923.0,6923.0,1140
2026-05-06 09:25:00,6923.0,6947.5,6923.0,6940.0,389
2026-05-06 09:35:00,6940.0,6959.5,6930.0,6937.0,593
2026-05-06 09:45:00,6937.0,6949.5,6930.0,6932.0,336
2026-05-06 09:55:00,6932.0,6943.5,6921.5,6923.0,391
2026-05-06 10:05:00,6923.0,6945.0,6920.5,6944.5,217
2026-05-06 10:15:00,6944.5,6959.0,6941.5,6958.5,542
2026-05-06 10:25:00,6958.5,6958.5,6944.0,6956.0,410
2026-05-06 10:35:00,6956.0,6970.0,6955.5,6969.5,488
2026-05-06 10:45:00,6969.5,6970.0,6963.5,6965.0,365
2026-05-06 10:55:00,6965.0,6965.0,6946.5,6952.0,184
2026-05-06 11:05:00,6952.0,6957.0,6950.0,6956.5,54
2026-05-06 11:15:00,6956.0,6989.0,6956.0,6973.0,636
2026-05-06 11:25:00,6973.0,6974.0,6960.5,6962.5,204
2026-05-06 11:35:00,6962.5,6969.5,6954.5,6956.0,110
2026-05-06 11:45:00,6956.0,6969.5,6953.0,6961.0,277
2026-05-06 11:55:00,6961.0,6966.5,6956.5,6956.5,57
2026-05-06 12:05:00,6956.5,6967.0,6954.5,6965.0,111
2026-05-06 12:15:00,6965.0,7014.5,6945.5,7013.5,1182
2026-05-06 12:25:00,7013.5,7023.0,7002.0,7020.0,1217
2026-05-06 12:35:00,7020.0,7032.5,7012.0,7020.0,481
2026-05-06 12:45:00,7020.0,7020.0,6999.5,7020.0,319
2026-05-06 12:55:00,7020.0,7020.0,7009.5,7018.0,286
2026-05-06 13:05:00,7018.0,7025.0,7003.5,7025.0,685
2026-05-06 13:15:00,7025.0,7029.0,7018.0,7022.5,235
2026-05-06 13:25:00,7022.5,7025.0,6994.0,7009.0,703
2026-05-06 13:35:00,7009.0,7019.5,7003.0,7018.5,216
2026-05-06 13:45:00,7018.5,7020.0,7010.0,7016.0,402
2026-05-06 13:55:00,7016.0,7060.0,6990.0,7060.0,2518
2026-05-06 14:05:00,7055.5,7109.5,7038.5,7089.5,4120
2026-05-06 14:15:00,7089.5,7111.0,7082.0,7100.5,1844
2026-05-06 14:25:00,7100.5,7129.0,7095.0,7128.0,1932
2026-05-06 14:35:00,7128.0,7148.0,7117.0,7140.5,2842
2026-05-06 14:45:00,7136.0,7150.0,7103.0,7116.5,3694
2026-05-06 14:55:00,7109.0,7135.0,7085.0,7085.0,2277
2026-05-06 15:05:00,7085.0,7113.5,7082.0,7094.5,904
2026-05-06 15:15:00,7094.5,7120.0,7089.0,7113.0,1590
2026-05-06 15:25:00,7113.0,7119.5,7090.0,7109.0,1246
2026-05-07 09:15:00,7171.0,7180.0,7101.0,7112.0,1866
2026-05-07 09:25:00,7112.0,7143.0,7105.0,7143.0,925
2026-05-07 09:35:00,7143.0,7143.0,7110.0,7128.0,504
2026-05-07 09:45:00,7128.0,7139.5,7096.0,7114.0,1203
2026-05-07 09:55:00,7114.0,7129.0,7111.5,7116.5,434
2026-05-07 10:05:00,7116.5,7116.5,7087.0,7094.5,401
2026-05-07 10:15:00,7094.5,7129.5,7094.0,7121.0,528
2026-05-07 10:25:00,7121.0,7130.0,7108.0,7130.0,275
2026-05-07 10:35:00,7130.0,7130.0,7106.5,7123.0,390
2026-05-07 10:45:00,7123.0,7135.0,7117.5,7127.0,318
2026-05-07 10:55:00,7127.0,7133.5,7121.5,7121.5,38
2026-05-07 11:05:00,7121.5,7136.0,7107.0,7135.0,385
2026-05-07 11:15:00,7135.0,7178.5,7125.0,7173.0,1326
2026-05-07 11:25:00,7173.0,7173.0,7140.0,7165.0,541
2026-05-07 11:35:00,7165.0,7171.5,7113.0,7149.5,916
2026-05-07 11:45:00,7149.5,7159.5,7144.0,7159.0,489
2026-05-07 11:55:00,7159.0,7160.0,7140.0,7154.5,555
2026-05-07 12:05:00,7154.5,7159.0,7142.0,7156.5,234
2026-05-07 12:15:00,7156.5,7157.0,7140.0,7145.0,263
2026-05-07 12:25:00,7145.0,7145.0,7131.5,7141.0,244
2026-05-07 12:35:00,7141.0,7145.5,7051.0,7064.0,1092
2026-05-07 12:45:00,7064.0,7108.0,7050.5,7090.0,984
2026-05-07 12:55:00,7090.0,7105.0,7073.5,7076.0,397
2026-05-07 13:05:00,7076.0,7089.5,7075.5,7077.5,148
2026-05-07 13:15:00,7077.5,7088.0,7062.0,7073.5,197
2026-05-07 13:25:00,7073.5,7080.0,7046.0,7072.5,814
2026-05-07 13:35:00,7072.5,7091.5,7058.5,7069.5,213
2026-05-07 13:45:00,7069.5,7069.5,7045.5,7053.5,340
2026-05-07 13:55:00,7063.5,7087.5,7050.5,7084.0,356
2026-05-07 14:05:00,7084.0,7084.0,7062.0,7062.0,204
2026-05-07 14:15:00,7062.0,7070.5,7055.0,7055.0,99
2026-05-07 14:25:00,7059.5,7085.0,7059.0,7076.0,350
2026-05-07 14:35:00,7076.0,7086.0,7076.0,7076.0,44
2026-05-07 14:45:00,7080.0,7083.5,7070.0,7083.0,84
2026-05-07 14:55:00,7083.0,7083.0,7050.5,7064.0,825
2026-05-07 15:05:00,7055.5,7060.5,7020.0,7029.0,1173
2026-05-07 15:15:00,7029.0,7037.0,7002.0,7035.0,1021
2026-05-07 15:25:00,7031.0,7040.5,6986.0,7005.0,1066
2026-05-08 09:15:00,7025.0,7112.0,7016.5,7078.0,2320
2026-05-08 09:25:00,7078.0,7100.0,7071.0,7079.5,1081
2026-05-08 09:35:00,7079.5,7088.5,7055.5,7065.0,546
2026-05-08 09:45:00,7060.5,7082.5,7056.0,7080.5,608
2026-05-08 09:55:00,7080.5,7091.0,7065.0,7069.5,494
2026-05-08 10:05:00,7066.0,7075.5,7042.0,7044.0,403
2026-05-08 10:15:00,7044.0,7057.0,7030.5,7057.0,554
2026-05-08 10:25:00,7057.0,7063.0,7035.0,7050.5,327
2026-05-08 10:35:00,7045.5,7083.0,7045.5,7058.5,1264
2026-05-08 10:45:00,7058.5,7082.0,7058.5,7063.0,824
2026-05-08 10:55:00,7063.0,7075.0,7054.5,7059.0,440
2026-05-08 11:05:00,7059.0,7071.5,7022.0,7044.0,668
2026-05-08 11:15:00,7044.0,7058.0,7044.0,7051.5,151
2026-05-08 11:25:00,7051.5,7055.0,7035.5,7040.0,301
2026-05-08 11:35:00,7040.0,7088.0,7027.0,7087.0,1873
2026-05-08 11:45:00,7081.5,7089.0,7074.5,7089.0,905
2026-05-08 11:55:00,7089.0,7090.0,7080.5,7090.0,599
2026-05-08 12:05:00,7090.0,7090.0,7077.0,7077.5,679
2026-05-08 12:15:00,7077.5,7090.0,7075.0,7079.5,913
2026-05-08 12:25:00,7079.5,7088.0,7070.0,7085.0,719
2026-05-08 12:35:00,7085.0,7095.0,7081.0,7084.5,687
2026-05-08 12:45:00,7084.5,7092.0,7077.0,7084.0,538
2026-05-08 12:55:00,7084.0,7095.0,7083.0,7086.0,661
2026-05-08 13:05:00,7087.0,7093.0,7081.0,7085.0,779
2026-05-08 13:15:00,7085.0,7094.0,7081.5,7087.5,643
2026-05-08 13:25:00,7087.5,7089.5,7083.0,7085.0,754
2026-05-08 13:35:00,7085.0,7094.0,7083.5,7093.0,695
2026-05-08 13:45:00,7091.5,7093.5,7081.0,7085.0,807
2026-05-08 13:55:00,7085.0,7090.0,7084.0,7090.0,807
2026-05-08 14:05:00,7090.0,7093.5,7083.5,7090.5,661
2026-05-08 14:15:00,7090.5,7092.5,7085.5,7092.0,621
2026-05-08 14:25:00,7092.0,7098.0,7086.5,7095.0,932
2026-05-08 14:35:00,7095.0,7096.0,7089.0,7095.0,938
2026-05-08 14:45:00,7095.0,7098.0,7088.0,7095.0,1039
2026-05-08 14:55:00,7095.0,7097.0,7086.0,7090.0,1333
2026-05-08 15:05:00,7087.5,7092.5,7080.0,7092.0,3243
2026-05-08 15:15:00,7092.0,7098.0,7070.0,7097.5,1898
2026-05-08 15:25:00,7090.0,7100.0,7076.0,7090.0,348
2026-05-11 09:15:00,7050.0,7051.0,6876.0,6960.5,3573
2026-05-11 09:25:00,6949.5,6991.0,6949.5,6955.0,1449
2026-05-11 09:35:00,6955.0,6959.5,6937.5,6939.5,428
2026-05-11 09:45:00,6945.0,6950.0,6927.5,6950.0,334
2026-05-11 09:55:00,6950.0,6950.0,6916.0,6934.0,1318
2026-05-11 10:05:00,6934.0,6984.5,6931.5,6984.5,404
2026-05-11 10:15:00,6984.5,6984.5,6950.5,6950.5,313
2026-05-11 10:25:00,6950.5,6958.0,6943.5,6947.5,160
2026-05-11 10:35:00,6947.5,6950.5,6935.5,6939.5,160
2026-05-11 10:45:00,6939.5,6940.0,6922.0,6933.5,224
2026-05-11 10:55:00,6933.5,6979.5,6928.5,6966.5,347
2026-05-11 11:05:00,6966.5,6971.0,6953.0,6953.0,112
2026-05-11 11:15:00,6953.0,6990.0,6941.0,6990.0,413
2026-05-11 11:25:00,6990.0,6990.0,6966.5,6969.0,151
2026-05-11 11:35:00,6969.0,6974.0,6963.0,6971.5,79
2026-05-11 11:45:00,6971.5,6971.5,6952.5,6953.0,57
2026-05-11 11:55:00,6953.0,6978.5,6941.0,6978.5,459
2026-05-11 12:05:00,6978.5,6987.5,6975.0,6982.0,117
2026-05-11 12:15:00,6982.0,6987.5,6976.5,6985.5,79
2026-05-11 12:25:00,6980.5,6980.5,6965.0,6974.5,96
2026-05-11 12:35:00,6974.5,6979.0,6966.5,6979.0,85
2026-05-11 12:45:00,6979.0,6992.5,6975.0,6984.5,450
2026-05-11 12:55:00,6984.5,7019.0,6970.0,6970.0,1938
2026-05-11 13:05:00,6970.0,6976.5,6964.5,6971.0,488
2026-05-11 13:15:00,6971.0,6975.0,6963.5,6964.0,66
2026-05-11 13:25:00,6964.0,6969.5,6951.0,6965.5,675
2026-05-11 13:35:00,6965.5,6975.5,6961.0,6966.0,195
2026-05-11 13:45:00,6966.0,6971.0,6956.0,6959.0,97
2026-05-11 13:55:00,6959.0,6959.5,6935.5,6935.5,1181
2026-05-11 14:05:00,6935.5,6950.0,6935.0,6945.0,197
2026-05-11 14:15:00,6945.0,6951.5,6935.5,6951.5,838
2026-05-11 14:25:00,6951.5,6954.5,6940.5,6940.5,485
2026-05-11 14:35:00,6940.5,6946.5,6925.0,6930.0,934
2026-05-11 14:45:00,6930.0,6930.0,6910.0,6916.0,249
2026-05-11 14:55:00,6916.0,6919.0,6901.5,6906.0,616
2026-05-11 15:05:00,6905.5,6908.0,6882.0,6898.0,1205
2026-05-11 15:15:00,6898.0,6915.0,6885.5,6900.0,614
2026-05-11 15:25:00,6891.5,6900.0,6870.0,6870.0,1362
2026-05-12 09:15:00,6870.0,6905.0,6850.0,6861.5,1670
2026-05-12 09:25:00,6861.5,6861.5,6804.0,6805.0,690
2026-05-12 09:35:00,6805.0,6882.5,6805.0,6876.5,642
2026-05-12 09:45:00,6876.5,6883.0,6862.0,6870.5,125
2026-05-12 09:55:00,6870.5,6878.0,6857.0,6857.5,125
2026-05-12 10:05:00,6857.5,6887.5,6832.0,6883.5,25919
2026-05-12 10:15:00,6883.5,6887.5,6862.0,6862.0,127
2026-05-12 10:25:00,6862.0,6883.5,6840.5,6862.5,124
2026-05-12 10:35:00,6862.5,6864.0,6845.0,6864.0,231
2026-05-12 10:45:00,6864.0,6866.0,6845.0,6845.0,73
2026-05-12 10:55:00,6845.0,6933.5,6845.0,6907.0,1184
2026-05-12 11:05:00,6907.0,6939.5,6888.5,6888.5,896
2026-05-12 11:15:00,6888.5,6897.0,6875.5,6897.0,208
2026-05-12 11:25:00,6897.0,6900.0,6884.0,6885.5,82
2026-05-12 11:35:00,6885.5,6887.0,6855.0,6864.5,428
2026-05-12 11:45:00,6864.5,6870.5,6859.0,6863.0,202
2026-05-12 11:55:00,6863.0,6884.0,6858.0,6878.5,1016
2026-05-12 12:05:00,6878.5,6880.0,6848.5,6848.5,166
2026-05-12 12:15:00,6848.5,6858.0,6848.5,6858.0,53
2026-05-12 12:25:00,6858.0,6858.0,6845.0,6849.5,164
2026-05-12 12:35:00,6849.5,6855.0,6844.0,6853.0,100
2026-05-12 12:45:00,6853.0,6853.5,6848.5,6848.5,23
2026-05-12 12:55:00,6848.5,6850.5,6844.0,6845.0,81
2026-05-12 13:05:00,6845.0,6852.0,6840.5,6845.0,383
2026-05-12 13:15:00,6845.0,6852.0,6845.0,6845.0,125
2026-05-12 13:25:00,6845.0,6864.5,6845.0,6864.5,17070
2026-05-12 13:35:00,6864.5,6864.5,6852.0,6858.0,101
2026-05-12 13:45:00,6858.0,6864.5,6850.5,6855.0,106
2026-05-12 13:55:00,6855.0,6858.0,6851.5,6858.0,60
2026-05-12 14:05:00,6858.0,6862.0,6845.0,6846.5,219
2026-05-12 14:15:00,6846.5,6869.0,6845.0,6869.0,1964
2026-05-12 14:25:00,6871.0,6880.0,6849.0,6855.0,135
2026-05-12 14:35:00,6855.0,6858.0,6842.5,6852.5,156
2026-05-12 14:45:00,6852.5,6859.5,6843.0,6848.5,307
2026-05-12 14:55:00,6848.5,6850.0,6840.0,6849.5,542
2026-05-12 15:05:00,6849.5,6856.5,6845.0,6850.0,936
2026-05-12 15:15:00,6846.5,6874.5,6846.5,6860.5,893
2026-05-12 15:25:00,6860.5,6864.0,6845.0,6845.0,463
2026-05-13 09:15:00,6886.5,7000.0,6862.0,6998.0,2025
2026-05-13 09:20:00,6979.5,7023.0,6950.0,7000.0,288243
2026-05-13 09:25:00,6988.0,7023.0,6950.0,6990.5,1492
2026-05-13 09:35:00,6991.0,7045.0,6956.5,7037.5,1979
2026-05-13 09:45:00,7037.5,7049.5,6993.0,7043.0,1546
2026-05-13 09:55:00,7045.0,7057.0,7025.5,7054.5,1694
2026-05-13 10:05:00,7056.5,7064.5,7031.0,7033.0,1825
2026-05-13 10:15:00,7031.0,7035.0,7008.5,7012.5,1230
2026-05-13 10:25:00,7013.0,7022.0,7000.5,7019.5,696
2026-05-13 10:35:00,7019.5,7024.0,6977.5,7009.5,1264
2026-05-13 10:45:00,7010.0,7010.0,6990.5,6994.5,761
2026-05-13 10:55:00,6994.5,6995.0,6977.5,6982.0,787
2026-05-13 11:05:00,6977.0,6985.5,6964.5,6980.5,1077
2026-05-13 11:15:00,6985.5,6985.5,6950.0,6974.5,1179
2026-05-13 11:25:00,6974.5,7035.0,6971.0,7021.5,2580
2026-05-13 11:35:00,7021.5,7070.0,7014.0,7052.0,1822
2026-05-13 11:45:00,7058.5,7064.5,7020.5,7025.0,1366
2026-05-13 11:55:00,7019.5,7048.0,6996.5,7005.0,1312
2026-05-13 12:05:00,7002.0,7005.0,6989.5,6989.5,921
2026-05-13 12:15:00,6989.5,7047.5,6989.0,7027.0,1483
2026-05-13 12:25:00,7032.0,7055.0,7022.0,7040.0,876
2026-05-13 12:35:00,7040.0,7043.5,7028.5,7032.5,608
2026-05-13 12:45:00,7038.0,7039.0,7010.0,7029.0,994
2026-05-13 12:55:00,7028.0,7029.0,7000.0,7008.0,535
2026-05-13 13:05:00,7004.5,7037.5,7004.5,7020.5,1021
2026-05-13 13:15:00,7025.0,7029.0,6980.0,6982.0,1116
2026-05-13 13:25:00,6980.0,6992.0,6980.0,6990.0,532
2026-05-13 13:35:00,6990.0,6990.0,6985.5,6986.0,343
2026-05-13 13:45:00,6989.0,6990.0,6985.0,6985.5,161
2026-05-13 13:55:00,6990.0,6990.0,6980.0,6982.5,306
2026-05-13 14:05:00,6982.5,6989.0,6982.5,6986.0,206
2026-05-13 14:15:00,6990.0,6990.0,6970.0,6975.0,635
2026-05-13 14:25:00,6982.5,6984.0,6973.0,6980.0,356
2026-05-13 14:35:00,6980.0,6990.0,6980.0,6981.0,518
2026-05-13 14:45:00,6981.0,6990.0,6980.0,6989.0,382
2026-05-13 14:55:00,6982.5,6989.5,6982.0,6987.0,619
2026-05-13 15:05:00,6986.5,6990.0,6981.0,6988.0,1061
2026-05-13 15:15:00,6988.0,6994.5,6985.0,6990.0,1431
2026-05-13 15:25:00,6989.5,6990.0,6978.0,6989.0,897
2026-05-14 09:15:00,6990.0,7039.5,6990.0,7025.5,693
2026-05-14 09:25:00,7025.5,7085.0,7010.5,7085.0,1215
2026-05-14 09:35:00,7085.0,7099.0,7064.0,7064.0,1032
2026-05-14 09:45:00,7061.5,7082.5,7011.5,7026.5,632
2026-05-14 09:55:00,7026.5,7081.0,7001.0,7076.0,1484
2026-05-14 10:05:00,7076.0,7089.0,7069.5,7076.0,214
2026-05-14 10:15:00,7067.5,7068.5,7034.0,7034.0,630
2026-05-14 10:25:00,7034.0,7054.5,7034.0,7042.5,35
2026-05-14 10:35:00,7042.5,7052.5,7025.0,7025.0,95
2026-05-14 10:45:00,7025.0,7058.0,7025.0,7053.5,467
2026-05-14 10:55:00,7053.5,7053.5,7027.0,7027.0,157
2026-05-14 11:05:00,7027.0,7034.5,7018.5,7034.5,459
2026-05-14 11:15:00,7034.5,7035.0,7021.0,7031.0,128
2026-05-14 11:25:00,7031.0,7044.0,7024.5,7044.0,235
2026-05-14 11:35:00,7044.0,7059.0,7030.0,7030.5,137
2026-05-14 11:45:00,7030.5,7037.5,7011.0,7019.0,246
2026-05-14 11:55:00,7019.0,7030.0,7019.0,7023.5,59
2026-05-14 12:05:00,7023.5,7030.0,7023.5,7030.0,17
2026-05-14 12:15:00,7030.0,7030.0,7015.0,7015.0,90
2026-05-14 12:25:00,7015.0,7023.0,7012.0,7013.5,74
2026-05-14 12:35:00,7020.5,7025.5,7013.5,7013.5,66
2026-05-14 12:45:00,7013.5,7028.5,7013.5,7025.5,126
2026-05-14 12:55:00,7025.5,7025.5,7014.0,7014.0,10
2026-05-14 13:05:00,7014.0,7017.0,7014.0,7017.0,17
2026-05-14 13:15:00,7017.0,7030.0,7017.0,7020.0,198
2026-05-14 13:25:00,7020.0,7024.0,7004.5,7024.0,302
2026-05-14 13:35:00,7024.0,7024.0,7010.0,7010.0,73
2026-05-14 13:45:00,7010.0,7015.0,7007.0,7010.0,89
2026-05-14 13:55:00,7010.0,7022.5,7010.0,7020.0,24
2026-05-14 14:05:00,7020.0,7024.5,7004.0,7004.0,132
2026-05-14 14:15:00,7004.0,7035.0,7002.5,7023.5,4423
2026-05-14 14:25:00,7005.0,7025.0,7000.0,7005.0,2827
2026-05-14 14:35:00,7005.0,7018.5,7001.0,7005.0,1530
2026-05-14 14:45:00,7005.0,7011.0,6971.0,6975.0,306
2026-05-14 14:55:00,6975.0,6978.5,6953.5,6967.5,661
2026-05-14 15:00:00,6974.5,6974.5,6960.5,6960.5,2268711
2026-05-14 15:05:00,6967.5,6972.0,6957.5,6968.0,506
2026-05-14 15:10:00,6960.0,6977.5,6957.5,6968.5,3198320
2026-05-14 15:15:00,6965.0,6977.5,6957.5,6965.0,1024
2026-05-14 15:20:00,6964.5,6986.5,6958.0,6964.0,3257560
2026-05-14 15:25:00,6970.5,6976.5,6965.5,6970.5,123
2026-05-15 09:20:00,6998.0,7023.5,6988.0,6997.0,109249
2026-05-15 09:30:00,6997.0,7022.0,6976.0,7020.0,254593
2026-05-15 09:40:00,7019.0,7050.0,7019.0,7025.0,362642
2026-05-15 09:50:00,7011.0,7017.0,7002.5,7002.5,62820
2026-05-15 10:00:00,7002.5,7010.0,6986.0,6991.0,188728
2026-05-15 10:10:00,6991.0,7018.0,6991.0,7010.0,223979
2026-05-15 10:20:00,7010.0,7018.0,7010.0,7018.0,181072
2026-05-15 10:30:00,7018.0,7025.5,7012.0,7014.0,349803
2026-05-15 10:40:00,7014.0,7017.5,7005.0,7011.5,279233
2026-05-15 10:50:00,7011.5,7026.5,7011.5,7021.0,290561
2026-05-15 11:40:00,7030.0,7040.0,7026.0,7034.5,379245
2026-05-15 11:50:00,7034.5,7044.0,7030.0,7030.0,399708
2026-05-15 12:00:00,7030.0,7120.5,7030.0,7120.5,1425436
2026-05-15 12:10:00,7125.0,7133.5,7110.0,7120.5,1630243
2026-05-15 12:20:00,7120.5,7123.0,7080.0,7083.5,1939693
2026-05-15 12:30:00,7083.5,7093.5,7081.5,7088.5,1477339
2026-05-15 12:40:00,7088.5,7094.5,7085.0,7090.0,1351800
2026-05-15 12:50:00,7090.0,7092.0,7083.5,7092.0,1680012
2026-05-15 13:00:00,7092.0,7094.5,7090.0,7090.0,1559880
2026-05-15 13:10:00,7090.0,7093.0,7087.5,7091.5,1624665
2026-05-15 13:20:00,7091.5,7115.0,7088.5,7110.5,1684108
2026-05-15 13:30:00,7110.5,7138.5,7108.0,7131.5,1934348
2026-05-15 13:40:00,7131.5,7140.0,7122.5,7132.0,2208481
2026-05-15 13:50:00,7132.0,7136.0,7120.0,7120.5,1750374
2026-05-15 14:00:00,7122.0,7130.0,7118.0,7130.0,1984887
2026-05-15 14:10:00,7130.0,7135.0,7113.0,7115.0,2207222
2026-05-15 14:20:00,7115.0,7129.5,7112.0,7116.0,2079713
2026-05-15 14:30:00,7116.0,7120.0,7090.0,7096.0,2120121
2026-05-15 14:40:00,7096.0,7100.0,7083.5,7095.5,2124444
2026-05-15 14:50:00,7086.0,7099.5,7086.0,7099.5,2125945
2026-05-15 15:00:00,7092.0,7109.0,7080.0,7089.5,2641208
2026-05-15 15:10:00,7089.5,7111.5,7087.0,7099.5,3389039
2026-05-15 15:20:00,7100.0,7116.5,7080.0,7100.0,3673074
2026-05-18 12:15:00,6795.0,6797.5,6787.0,6795.0,361
2026-05-19 09:20:00,6970.0,7060.5,6960.0,7012.0,464139
2026-05-19 09:30:00,7012.0,7067.5,7012.0,7055.5,720021
2026-05-19 09:40:00,7057.0,7099.0,7057.0,7061.5,782494
2026-05-19 09:50:00,7063.5,7078.5,7063.5,7069.0,697702
2026-05-19 10:00:00,7069.0,7076.0,7062.0,7062.0,840295
2026-05-19 10:10:00,7062.0,7090.0,7062.0,7090.0,816568
2026-05-19 10:20:00,7115.5,7120.0,7104.0,7108.5,1294461
2026-05-19 10:30:00,7108.5,7119.5,7104.5,7105.0,1135488
2026-05-19 10:40:00,7105.0,7108.0,7088.0,7088.0,817312
2026-05-19 10:50:00,7088.0,7109.0,7061.5,7061.5,1116285
2026-05-19 11:00:00,7061.5,7087.0,7046.5,7071.5,1343823
2026-05-19 11:10:00,7071.5,7088.0,7071.5,7081.5,1143787
2026-05-19 11:20:00,7081.5,7095.5,7078.0,7091.0,940118
2026-05-19 11:30:00,7091.0,7123.5,7091.0,7114.0,2066576
2026-05-19 11:40:00,7114.0,7135.0,7080.5,7095.0,2761247
2026-05-19 11:50:00,7095.0,7096.5,7081.0,7088.0,2207454
2026-05-19 12:00:00,7088.0,7096.0,7084.0,7093.0,2181933
2026-05-19 12:10:00,7093.0,7096.5,7086.0,7087.0,1660010
2026-05-19 12:20:00,7089.5,7095.5,7056.5,7072.0,2224875
2026-05-19 12:30:00,7072.0,7084.0,7065.5,7070.5,1818906
2026-05-19 12:40:00,7070.5,7089.0,7068.0,7089.0,2517878
2026-05-19 12:50:00,7089.0,7089.0,7074.5,7077.0,1672525
2026-05-19 13:00:00,7077.0,7080.0,7073.5,7075.0,1177603
2026-05-19 13:10:00,7075.0,7075.0,7073.5,7075.0,1487096
2026-05-19 13:20:00,7075.0,7079.0,7028.5,7030.5,2168315
2026-05-19 13:30:00,7030.5,7046.0,7030.5,7037.0,2503697
2026-05-19 13:40:00,7037.0,7047.5,7037.0,7044.5,1510262
2026-05-19 13:50:00,7044.5,7049.0,7042.0,7046.0,2204108
2026-05-19 14:00:00,7046.0,7055.0,7042.5,7050.0,1862612
2026-05-19 14:10:00,7047.5,7060.0,7046.5,7046.5,2958966
2026-05-19 14:20:00,7046.5,7071.0,7046.0,7071.0,3835263
2026-05-19 14:30:00,7072.5,7078.5,7045.0,7051.5,3812618
2026-05-19 14:40:00,7051.5,7060.0,7045.0,7059.0,4347234
2026-05-19 14:50:00,7059.0,7079.5,7042.0,7046.0,4710764
2026-05-19 15:00:00,7045.5,7059.5,7035.0,7058.0,4745536
2026-05-19 15:10:00,7061.0,7061.0,7040.0,7050.0,4520889
2026-05-19 15:20:00,7050.0,7069.0,7035.0,7036.5,4556056
2026-05-20 09:15:00,7000.0,7006.5,6938.0,6968.0,1120
2026-05-20 09:20:00,6953.0,6973.0,6941.0,6969.0,140784
2026-05-20 09:25:00,6968.0,7000.0,6955.0,6999.5,216
2026-05-20 09:30:00,6969.0,7000.0,6969.0,6981.5,186909
2026-05-20 09:35:00,6999.5,6999.5,6973.5,6982.5,375
2026-05-20 09:40:00,6981.5,6995.0,6975.0,6991.5,193797
2026-05-20 09:45:00,6982.5,7095.0,6977.5,7090.0,1381
2026-05-20 09:50:00,6991.5,7095.0,6986.5,7084.0,612027
2026-05-20 09:55:00,7090.0,7095.0,7057.0,7057.0,1054
2026-05-20 10:00:00,7084.0,7090.0,7040.5,7052.0,679790
2026-05-20 10:05:00,7057.0,7068.0,7040.5,7055.5,481
2026-05-20 10:10:00,7052.0,7077.0,7046.5,7073.0,557226
2026-05-20 10:15:00,7055.5,7077.0,7050.5,7074.5,451
2026-05-20 10:20:00,7073.0,7083.5,7065.5,7083.5,638818
2026-05-20 10:25:00,7074.5,7115.0,7065.5,7089.5,805
2026-05-20 10:30:00,7083.0,7112.0,7069.5,7080.5,1007630
2026-05-20 10:35:00,7083.0,7098.5,7063.5,7075.0,1203
2026-05-20 10:40:00,7080.5,7083.0,7060.0,7065.0,1041052
2026-05-20 10:45:00,7075.0,7076.5,7060.0,7073.5,396
2026-05-20 10:50:00,7066.0,7075.0,7062.5,7062.5,838155
2026-05-20 10:55:00,7073.5,7073.5,7047.5,7047.5,136
2026-05-20 11:00:00,7062.5,7063.0,7038.5,7042.0,1061399
2026-05-20 11:05:00,7047.5,7060.0,7038.5,7050.0,1059
2026-05-20 11:10:00,7042.0,7055.0,7042.0,7049.5,854809
2026-05-20 11:15:00,7050.0,7050.0,7045.0,7045.0,76
2026-05-20 11:20:00,7049.5,7055.5,7029.5,7052.0,1262569
2026-05-20 11:25:00,7045.0,7064.5,7029.5,7062.5,1133
2026-05-20 11:30:00,7056.0,7083.5,7045.5,7050.0,1577296
2026-05-20 11:35:00,7062.5,7083.5,7040.0,7040.0,1393
2026-05-20 11:40:00,7047.0,7047.0,7030.5,7034.5,995988
2026-05-20 11:45:00,7040.0,7040.0,7026.0,7026.0,114
2026-05-20 11:50:00,7032.5,7052.5,7026.0,7047.0,1193876
2026-05-20 11:55:00,7026.0,7059.5,7026.0,7056.0,798
2026-05-20 12:00:00,7047.0,7059.5,7047.0,7054.0,833329
2026-05-20 12:05:00,7056.0,7060.0,7047.0,7052.0,417
2026-05-20 12:10:00,7054.0,7066.5,7047.0,7063.0,1129131
2026-05-20 12:15:00,7052.0,7078.5,7052.0,7070.0,1121
2026-05-20 12:20:00,7063.5,7078.5,7049.0,7050.0,1737369
2026-05-20 12:25:00,7066.5,7068.0,7045.0,7047.0,1068
2026-05-20 12:30:00,7045.0,7070.0,7044.0,7050.0,1545765
2026-05-20 12:35:00,7047.0,7070.0,7044.0,7060.5,1198
2026-05-20 12:40:00,7050.0,7065.0,7046.0,7055.5,1853165
2026-05-20 12:45:00,7060.5,7075.0,7047.0,7075.0,1042
2026-05-20 12:50:00,7048.0,7075.0,7048.0,7049.0,1640829
2026-05-20 12:55:00,7075.0,7075.0,7038.5,7038.5,222
2026-05-20 13:00:00,7049.0,7049.5,7035.0,7038.0,1317755
2026-05-20 13:05:00,7038.5,7049.5,7031.0,7031.0,210
2026-05-20 13:10:00,7038.0,7042.5,7026.5,7040.0,2298890
2026-05-20 13:15:00,7031.0,7050.0,7026.5,7048.5,538
2026-05-20 13:20:00,7040.0,7060.0,7040.0,7049.0,2250303
2026-05-20 13:25:00,7048.5,7066.0,7044.0,7066.0,4105
2026-05-20 13:30:00,7055.0,7066.0,7044.0,7060.5,3578733
2026-05-20 13:35:00,7066.0,7066.0,7042.5,7042.5,475
2026-05-20 13:40:00,7060.5,7060.5,7035.0,7042.5,2057805
2026-05-20 13:45:00,7042.5,7042.5,7035.0,7042.5,60
2026-05-20 13:50:00,7042.5,7050.0,7042.5,7049.5,1701835
2026-05-20 13:55:00,7042.5,7050.0,7036.5,7036.5,140
2026-05-20 14:00:00,7049.5,7049.5,7036.5,7044.0,1893390
2026-05-20 14:05:00,7036.5,7046.0,7036.5,7036.5,70
2026-05-20 14:10:00,7044.0,7044.0,7032.5,7032.5,1350070
2026-05-20 14:15:00,7036.5,7036.5,7030.0,7030.0,67
2026-05-20 14:20:00,7032.5,7036.5,7030.0,7030.0,1722209
2026-05-20 14:25:00,7030.0,7034.0,7011.0,7011.0,252
2026-05-20 14:30:00,7030.0,7034.0,7000.0,7000.0,3043504
2026-05-20 14:35:00,7011.0,7011.5,6994.0,6994.0,582
2026-05-20 14:40:00,7000.0,7006.0,6990.0,7000.0,2637458
2026-05-20 14:45:00,6992.0,7012.0,6990.0,7007.0,175
2026-05-20 14:50:00,7000.0,7022.0,7000.0,7010.5,2657840
2026-05-20 14:55:00,7007.0,7022.0,6988.5,7002.0,526
2026-05-20 15:00:00,7010.5,7015.0,6988.5,6993.5,3429798
2026-05-20 15:05:00,7002.0,7009.0,6981.5,6984.5,860
2026-05-20 15:10:00,6995.0,7000.0,6976.0,6996.5,3270504
2026-05-20 15:15:00,6984.5,7002.0,6984.5,6997.5,668
2026-05-20 15:20:00,6996.5,7002.0,6955.0,6961.0,4575728
2026-05-20 15:25:00,6990.0,6999.5,6955.0,6961.0,481
2026-05-21 09:15:00,7028.5,7098.5,6980.5,7081.5,1192
2026-05-21 09:20:00,7015.0,7106.0,7015.0,7086.5,191807
2026-05-21 09:25:00,7077.0,7106.0,7070.0,7076.0,985
2026-05-21 09:30:00,7086.5,7120.5,7076.0,7103.5,334197
2026-05-21 09:35:00,7082.5,7121.5,7080.0,7090.0,1198
2026-05-21 09:40:00,7103.5,7135.5,7090.0,7130.0,804201
2026-05-21 09:45:00,7090.0,7170.0,7090.0,7156.5,3379
2026-05-21 09:50:00,7130.0,7167.0,7125.0,7133.0,1401082
2026-05-21 09:55:00,7156.5,7157.0,7120.0,7125.0,901
2026-05-21 10:00:00,7133.0,7144.5,7106.5,7108.0,1543246
2026-05-21 10:05:00,7120.0,7125.0,7106.5,7116.5,949
2026-05-21 10:10:00,7108.0,7128.0,7108.0,7127.0,1787597
2026-05-21 10:15:00,7113.5,7142.5,7113.0,7130.5,820
2026-05-21 10:20:00,7127.0,7141.5,7122.5,7127.0,853725
2026-05-21 10:25:00,7136.0,7136.0,7080.5,7095.0,802
2026-05-21 10:30:00,7127.0,7134.5,7080.5,7089.0,2117222
2026-05-21 10:35:00,7084.0,7109.0,7081.5,7097.0,486
2026-05-21 10:40:00,7089.0,7103.5,7081.5,7090.0,2693745
2026-05-21 10:45:00,7102.0,7103.5,7086.0,7090.0,463
2026-05-21 10:50:00,7090.0,7118.5,7086.0,7112.0,1470708
2026-05-21 10:55:00,7090.0,7118.5,7086.0,7091.5,718
2026-05-21 11:00:00,7105.0,7119.0,7090.0,7100.5,3232837
2026-05-21 11:05:00,7091.5,7119.0,7090.0,7091.0,864
2026-05-21 11:10:00,7100.5,7109.5,7089.0,7089.5,2855684
2026-05-21 11:15:00,7100.0,7100.0,7089.0,7092.0,385
2026-05-21 11:20:00,7089.5,7100.0,7085.5,7093.0,3501013
2026-05-21 11:25:00,7092.0,7109.5,7085.5,7102.0,681
2026-05-21 11:30:00,7093.0,7109.5,7090.5,7101.0,3743813
2026-05-21 11:35:00,7102.0,7109.5,7091.0,7092.0,593
2026-05-21 11:40:00,7101.0,7109.0,7087.0,7087.0,3421368
2026-05-21 11:45:00,7092.0,7096.5,7087.0,7087.0,223
2026-05-21 11:50:00,7087.0,7096.5,7085.5,7096.5,2752827
2026-05-21 11:55:00,7090.5,7110.0,7085.5,7098.0,381
2026-05-21 12:00:00,7096.5,7110.0,7090.0,7091.0,3618825
2026-05-21 12:05:00,7098.0,7098.0,7090.0,7094.0,287
2026-05-21 12:10:00,7091.0,7110.0,7088.5,7101.5,3020344
2026-05-21 12:15:00,7095.0,7110.0,7088.5,7099.0,567
2026-05-21 12:20:00,7101.5,7108.0,7089.5,7092.5,3735195
2026-05-21 12:25:00,7100.5,7100.5,7086.0,7093.5,263
2026-05-21 12:30:00,7092.5,7106.0,7086.0,7092.0,2907752
2026-05-21 12:35:00,7095.0,7106.0,7090.0,7092.5,256
2026-05-21 12:40:00,7092.0,7100.0,7089.0,7100.0,2621483
2026-05-21 12:45:00,7092.5,7105.0,7089.0,7096.5,388
2026-05-21 12:50:00,7100.0,7108.0,7091.5,7103.0,5063864
2026-05-21 12:55:00,7096.5,7108.0,7090.0,7092.5,588
2026-05-21 13:00:00,7095.0,7106.0,7090.0,7095.0,4854492
2026-05-21 13:05:00,7102.0,7105.5,7091.5,7091.5,704
2026-05-21 13:10:00,7095.0,7105.5,7090.0,7093.5,3968489
2026-05-21 13:15:00,7091.5,7104.0,7090.0,7090.0,322
2026-05-21 13:20:00,7093.5,7108.0,7089.5,7096.0,4566512
2026-05-21 13:25:00,7090.0,7108.0,7089.5,7091.5,522
2026-05-21 13:30:00,7096.0,7104.0,7090.0,7090.0,5034362
2026-05-21 13:35:00,7099.0,7102.0,7089.0,7094.0,265
2026-05-21 13:40:00,7090.5,7094.0,7089.0,7089.0,690539
2026-05-21 13:45:00,7094.0,7109.0,7055.5,7070.5,524
2026-05-21 13:55:00,7070.5,7084.0,7065.0,7073.0,263
2026-05-21 14:05:00,7073.0,7080.0,7060.5,7060.5,110
2026-05-21 14:10:00,7074.0,7082.0,7071.5,7077.5,3626175
2026-05-21 14:15:00,7079.5,7088.0,7065.0,7065.0,415
2026-05-21 14:25:00,7065.5,7081.5,7065.0,7078.5,251
2026-05-21 14:35:00,7080.5,7089.5,7067.0,7082.5,336
2026-05-21 14:45:00,7082.0,7085.5,7072.5,7074.5,192
2026-05-21 14:50:00,7078.0,7082.0,7050.0,7050.0,3246370
2026-05-21 15:00:00,7055.0,7067.5,7040.5,7055.5,4483121
2026-05-21 15:10:00,7055.5,7065.0,7032.5,7046.5,4839680
2026-05-21 15:20:00,7043.0,7080.0,7043.0,7065.0,4595348
