datetime,open,high,low,close,volume
2026-02-01 09:15:00,1020.0,1023.9,1016.2,1020.3,50871
2026-02-01 09:25:00,1020.3,1020.3,1015.8,1015.8,31317
2026-02-01 09:35:00,1016.6,1023.3,1015.6,1020.5,56376
2026-02-01 09:45:00,1020.5,1022.2,1016.8,1018.3,30117
2026-02-01 09:55:00,1018.3,1018.4,1015.2,1018.2,20821
2026-02-01 10:05:00,1018.2,1020.0,1017.6,1019.4,24429
2026-02-01 10:15:00,1019.2,1021.5,1019.0,1021.2,21309
2026-02-01 10:25:00,1021.2,1021.5,1019.2,1021.3,31345
2026-02-01 10:35:00,1021.2,1022.7,1019.6,1019.6,23090
2026-02-01 10:45:00,1020.0,1021.5,1016.0,1020.5,47361
2026-02-01 10:55:00,1020.1,1020.8,1017.2,1018.7,43709
2026-02-01 11:05:00,1018.3,1021.8,1018.3,1021.0,35337
2026-02-01 11:15:00,1020.7,1022.4,1018.3,1021.8,49195
2026-02-01 11:25:00,1021.5,1028.0,1021.5,1027.4,84674
2026-02-01 11:35:00,1026.9,1028.6,1021.8,1022.9,48962
2026-02-01 11:45:00,1022.4,1023.0,1019.2,1021.5,44374
2026-02-01 11:55:00,1021.5,1022.9,980.4,988.9,348985
2026-02-01 12:05:00,989.7,1009.4,989.4,994.7,135590
2026-02-01 12:15:00,994.1,994.8,983.4,984.8,116644
2026-02-01 12:25:00,984.8,989.4,970.2,989.0,209681
2026-02-01 12:35:00,988.5,999.9,981.9,986.0,180312
2026-02-01 12:45:00,985.0,988.0,978.0,982.3,141653
2026-02-01 12:55:00,982.3,997.3,982.3,996.9,96101
2026-02-01 13:05:00,996.8,1003.0,995.7,1000.5,120626
2026-02-01 13:15:00,1000.6,1001.0,991.1,992.6,50528
2026-02-01 13:25:00,993.0,993.2,987.0,992.0,47077
2026-02-01 13:35:00,991.7,994.0,986.1,988.4,49160
2026-02-01 13:45:00,988.5,990.0,986.4,987.2,23957
2026-02-01 13:55:00,987.7,992.5,985.4,989.9,37968
2026-02-01 14:05:00,990.0,990.3,987.4,989.2,26462
2026-02-01 14:15:00,989.0,990.0,985.3,987.8,26088
2026-02-01 14:25:00,987.4,995.0,987.4,992.7,57258
2026-02-01 14:35:00,992.9,993.4,988.2,988.5,44747
2026-02-01 14:45:00,988.0,999.8,987.9,994.7,314708
2026-02-01 14:55:00,994.3,999.4,992.2,997.7,337035
2026-02-01 15:05:00,998.2,1002.5,995.7,1000.6,330455
2026-02-01 15:15:00,1000.2,1000.9,992.1,999.2,360153
2026-02-01 15:25:00,999.2,1000.0,992.2,994.0,95014
2026-02-02 09:15:00,990.2,992.7,965.8,969.0,800461
2026-02-02 09:25:00,969.1,971.6,963.0,964.3,851256
2026-02-02 09:35:00,964.0,970.2,962.0,962.7,273299
2026-02-02 09:45:00,962.5,973.5,962.0,970.8,255932
2026-02-02 09:55:00,970.4,973.2,967.7,968.0,249773
2026-02-02 10:05:00,967.6,968.5,963.2,964.5,186398
2026-02-02 10:15:00,964.7,968.7,962.3,965.7,179674
2026-02-02 10:25:00,965.7,968.0,964.1,967.5,117014
2026-02-02 10:35:00,967.5,969.7,964.1,964.8,195026
2026-02-02 10:45:00,964.5,965.9,960.3,960.5,158385
2026-02-02 10:55:00,960.3,960.3,954.7,956.0,357738
2026-02-02 11:05:00,956.0,956.0,951.7,952.3,681338
2026-02-02 11:15:00,952.0,955.6,950.1,951.4,343697
2026-02-02 11:25:00,951.7,954.9,950.0,954.5,191608
2026-02-02 11:35:00,954.0,956.8,952.0,956.1,172809
2026-02-02 11:45:00,956.0,957.3,950.0,952.4,249671
2026-02-02 11:55:00,952.5,952.6,948.3,950.3,259063
2026-02-02 12:05:00,950.1,951.2,948.1,950.8,133214
2026-02-02 12:15:00,950.9,954.8,948.3,948.3,260998
2026-02-02 12:25:00,948.3,950.3,944.6,945.6,284412
2026-02-02 12:35:00,945.2,951.5,943.4,947.7,379060
2026-02-02 12:45:00,947.8,948.4,944.8,945.0,398555
2026-02-02 12:55:00,945.0,948.5,944.4,948.5,329760
2026-02-02 13:05:00,948.3,948.3,944.9,945.0,346799
2026-02-02 13:15:00,945.0,945.7,940.0,940.9,431729
2026-02-02 13:25:00,941.0,943.3,939.0,942.8,332770
2026-02-02 13:35:00,942.8,951.9,941.1,949.9,581455
2026-02-02 13:45:00,950.0,952.4,947.8,948.3,583848
2026-02-02 13:55:00,948.3,950.2,946.9,949.2,182008
2026-02-02 14:05:00,949.2,951.3,946.6,948.8,174140
2026-02-02 14:15:00,949.1,949.8,946.0,947.0,160154
2026-02-02 14:25:00,947.3,949.0,945.8,946.9,194083
2026-02-02 14:35:00,946.9,950.4,945.6,950.0,204913
2026-02-02 14:45:00,949.5,956.3,949.5,956.0,755896
2026-02-02 14:55:00,956.0,960.7,955.5,958.5,616827
2026-02-02 15:05:00,958.5,961.0,957.0,960.1,700252
2026-02-02 15:15:00,960.5,968.1,960.4,967.3,683367
2026-02-02 15:25:00,967.3,969.9,965.0,966.0,282150
2026-02-03 09:15:00,1013.0,1041.5,1010.1,1015.2,1134369
2026-02-03 09:25:00,1015.0,1015.6,1010.2,1011.7,329737
2026-02-03 09:35:00,1012.0,1015.8,997.2,1001.7,1001467
2026-02-03 09:45:00,1002.1,1009.1,1000.1,1006.0,163973
2026-02-03 09:55:00,1006.6,1009.1,1004.7,1006.4,235005
2026-02-03 10:05:00,1006.4,1007.1,1003.0,1004.6,197404
2026-02-03 10:15:00,1004.6,1010.5,1004.4,1010.0,262511
2026-02-03 10:25:00,1010.1,1013.2,1006.5,1010.0,358398
2026-02-03 10:35:00,1010.0,1011.0,1008.1,1008.8,80128
2026-02-03 10:45:00,1008.9,1010.2,1005.7,1008.2,254001
2026-02-03 10:55:00,1008.2,1008.9,1004.2,1007.8,108098
2026-02-03 11:05:00,1007.5,1008.8,1007.2,1008.0,86120
2026-02-03 11:15:00,1008.0,1011.7,1007.2,1011.5,77062
2026-02-03 11:25:00,1011.7,1014.5,1011.1,1013.9,129162
2026-02-03 11:35:00,1014.2,1014.9,1012.7,1014.0,304271
2026-02-03 11:45:00,1013.9,1015.9,1012.0,1013.7,175398
2026-02-03 11:55:00,1013.5,1014.2,1009.6,1010.1,114714
2026-02-03 12:05:00,1010.3,1010.5,1005.9,1007.1,213677
2026-02-03 12:15:00,1007.1,1010.3,1006.4,1010.0,152462
2026-02-03 12:25:00,1009.9,1011.6,1007.2,1008.2,449452
2026-02-03 12:35:00,1008.1,1009.0,1005.8,1006.6,395349
2026-02-03 12:45:00,1006.6,1009.4,1006.6,1008.4,111078
2026-02-03 12:55:00,1008.6,1012.5,1008.1,1012.4,132564
2026-02-03 13:05:00,1012.5,1014.9,1012.4,1013.7,119011
2026-02-03 13:15:00,1013.7,1015.0,1013.2,1014.2,162332
2026-02-03 13:25:00,1014.2,1014.2,1010.9,1011.0,104540
2026-02-03 13:35:00,1011.0,1012.2,1008.8,1010.9,112788
2026-02-03 13:45:00,1010.9,1012.0,1009.0,1010.7,111325
2026-02-03 13:55:00,1010.7,1012.1,1009.6,1011.0,359569
2026-02-03 14:05:00,1010.5,1010.8,1007.2,1009.5,171415
2026-02-03 14:15:00,1009.4,1011.4,1009.3,1010.0,141294
2026-02-03 14:25:00,1009.9,1010.4,1007.4,1008.0,136876
2026-02-03 14:35:00,1007.8,1008.2,1001.9,1002.9,192964
2026-02-03 14:45:00,1002.9,1003.9,1001.6,1002.8,213338
2026-02-03 14:55:00,1002.8,1003.7,1001.0,1002.1,252305
2026-02-03 15:05:00,1002.1,1002.7,1000.5,1001.2,362200
2026-02-03 15:15:00,1001.3,1001.9,998.2,999.8,735083
2026-02-03 15:25:00,999.8,1000.0,998.0,1000.0,187829
2026-02-04 09:15:00,1010.4,1011.2,995.5,1008.4,507771
2026-02-04 09:25:00,1008.3,1008.8,1004.7,1005.5,139023
2026-02-04 09:35:00,1005.7,1005.7,1000.0,1002.8,103254
2026-02-04 09:45:00,1002.5,1004.2,1001.4,1002.9,60240
2026-02-04 09:55:00,1002.9,1005.0,1002.7,1003.6,46081
2026-02-04 10:05:00,1003.5,1006.5,1003.5,1006.2,45874
2026-02-04 10:15:00,1006.2,1006.7,1004.5,1005.2,85527
2026-02-04 10:25:00,1005.1,1006.0,1003.7,1003.8,75380
2026-02-04 10:35:00,1003.4,1003.5,1000.7,1002.6,60838
2026-02-04 10:45:00,1002.7,1003.9,1001.3,1001.9,47748
2026-02-04 10:55:00,1001.9,1005.8,1001.9,1003.7,40386
2026-02-04 11:05:00,1003.6,1003.6,1000.4,1000.5,59898
2026-02-04 11:15:00,1000.5,1002.0,1000.0,1000.2,86228
2026-02-04 11:25:00,1000.5,1001.5,999.2,999.8,61775
2026-02-04 11:35:00,999.7,1001.1,999.3,1000.9,54149
2026-02-04 11:45:00,1000.9,1002.9,1000.4,1002.7,127710
2026-02-04 11:55:00,1002.8,1003.2,1001.3,1001.3,174191
2026-02-04 12:05:00,1001.3,1002.0,1001.3,1002.0,30213
2026-02-04 12:15:00,1001.9,1002.5,1000.8,1002.5,109311
2026-02-04 12:25:00,1002.6,1003.5,1001.8,1002.2,51066
2026-02-04 12:35:00,1002.1,1003.0,1000.9,1002.0,64930
2026-02-04 12:45:00,1001.9,1002.1,999.0,1000.0,123773
2026-02-04 12:55:00,999.9,1000.0,998.8,998.9,164422
2026-02-04 13:05:00,998.9,1000.0,998.9,999.9,99184
2026-02-04 13:15:00,1000.0,1001.5,999.2,1000.9,140504
2026-02-04 13:25:00,1001.0,1001.5,1000.5,1001.2,148025
2026-02-04 13:35:00,1001.1,1001.2,1000.5,1000.9,33587
2026-02-04 13:45:00,1000.7,1001.0,1000.3,1000.9,54823
2026-02-04 13:55:00,1001.0,1001.0,999.9,1000.4,40744
2026-02-04 14:05:00,1000.5,1000.9,999.6,1000.2,149358
2026-02-04 14:15:00,1000.1,1000.4,999.3,1000.0,33686
2026-02-04 14:25:00,999.9,1000.0,999.0,999.1,40313
2026-02-04 14:35:00,999.2,1000.0,998.0,999.0,94317
2026-02-04 14:45:00,999.0,999.5,996.6,997.2,110895
2026-02-04 14:55:00,997.2,1000.2,996.9,999.5,222707
2026-02-04 15:05:00,999.8,1000.0,998.6,998.9,300382
2026-02-04 15:15:00,998.9,998.9,997.3,998.0,436496
2026-02-04 15:25:00,998.0,1000.0,997.8,998.7,137519
2026-02-05 09:15:00,995.5,997.0,976.8,979.0,343567
2026-02-05 09:25:00,978.9,981.7,976.0,977.5,144194
2026-02-05 09:35:00,977.3,980.8,972.9,973.4,147305
2026-02-05 09:45:00,973.1,978.7,972.4,978.0,220724
2026-02-05 09:55:00,978.0,986.4,977.4,983.8,249308
2026-02-05 10:05:00,984.1,988.1,983.6,987.4,83057
2026-02-05 10:15:00,987.2,991.8,985.6,989.0,136099
2026-02-05 10:25:00,989.1,991.6,988.4,989.7,80069
2026-02-05 10:35:00,989.8,990.4,987.9,988.1,68163
2026-02-05 10:45:00,987.9,990.2,987.6,987.7,63856
2026-02-05 10:55:00,988.0,988.0,984.0,985.9,92073
2026-02-05 11:05:00,985.5,987.2,984.4,986.8,72626
2026-02-05 11:15:00,987.2,987.9,985.7,986.7,80681
2026-02-05 11:25:00,986.5,987.4,984.2,985.3,92821
2026-02-05 11:35:00,985.1,988.8,984.6,987.4,89689
2026-02-05 11:45:00,987.4,988.0,985.4,986.1,92567
2026-02-05 11:55:00,986.1,988.6,985.6,988.1,92697
2026-02-05 12:05:00,988.1,988.2,985.1,986.4,82628
2026-02-05 12:15:00,986.3,986.6,983.3,983.8,100807
2026-02-05 12:25:00,983.5,986.5,982.0,985.1,132389
2026-02-05 12:35:00,985.2,986.1,983.5,984.9,100024
2026-02-05 12:45:00,984.9,987.0,984.6,986.5,96002
2026-02-05 12:55:00,986.7,988.2,985.2,987.6,103633
2026-02-05 13:05:00,987.6,990.6,987.1,989.0,128506
2026-02-05 13:15:00,988.7,990.0,988.7,988.8,79394
2026-02-05 13:25:00,988.8,988.9,985.1,985.7,98255
2026-02-05 13:35:00,986.1,987.7,985.5,986.2,100808
2026-02-05 13:45:00,986.4,988.0,985.6,986.4,102274
2026-02-05 13:55:00,986.6,987.0,985.0,985.9,105192
2026-02-05 14:05:00,986.1,986.4,981.6,982.8,155580
2026-02-05 14:15:00,982.8,984.5,982.2,982.4,131040
2026-02-05 14:25:00,982.3,986.7,981.8,986.3,110097
2026-02-05 14:35:00,986.3,986.5,982.6,983.4,121753
2026-02-05 14:45:00,983.5,989.8,983.4,989.3,299466
2026-02-05 14:55:00,989.4,992.8,988.7,991.3,444414
2026-02-05 15:05:00,991.4,993.4,989.7,992.1,415486
2026-02-05 15:15:00,992.2,993.8,991.2,993.0,502100
2026-02-05 15:25:00,993.1,998.0,990.6,994.0,205791
2026-02-06 09:15:00,994.0,998.5,990.5,993.6,225297
2026-02-06 09:25:00,993.1,993.9,992.0,992.0,39048
2026-02-06 09:35:00,992.1,992.2,986.8,986.8,65671
2026-02-06 09:45:00,986.8,993.0,986.6,992.0,86915
2026-02-06 09:55:00,992.0,992.0,988.1,989.4,32345
2026-02-06 10:05:00,989.4,990.8,987.0,987.8,42543
2026-02-06 10:15:00,987.8,989.0,985.9,987.0,48975
2026-02-06 10:25:00,987.0,987.3,983.0,984.4,54809
2026-02-06 10:35:00,984.5,984.6,982.0,982.1,50257
2026-02-06 10:45:00,982.1,982.9,976.0,976.5,90870
2026-02-06 10:55:00,976.5,977.5,975.4,976.1,76881
2026-02-06 11:05:00,976.2,979.0,972.9,978.5,98742
2026-02-06 11:15:00,978.6,982.4,977.8,982.3,69330
2026-02-06 11:25:00,982.1,985.0,981.9,984.7,58815
2026-02-06 11:35:00,984.7,987.3,983.6,985.5,142864
2026-02-06 11:45:00,985.5,988.3,985.0,986.2,31317
2026-02-06 11:55:00,986.2,988.9,985.4,987.4,28659
2026-02-06 12:05:00,987.5,987.5,985.2,986.9,64620
2026-02-06 12:15:00,986.9,987.0,984.4,984.6,65996
2026-02-06 12:25:00,984.8,986.0,984.0,984.6,38930
2026-02-06 12:35:00,984.3,987.9,984.3,987.1,19334
2026-02-06 12:45:00,987.1,988.3,984.5,984.8,50944
2026-02-06 12:55:00,984.5,987.2,984.4,985.2,41934
2026-02-06 13:05:00,985.2,988.0,985.1,987.6,26562
2026-02-06 13:15:00,987.8,988.3,986.9,987.9,45337
2026-02-06 13:25:00,988.0,989.1,986.6,987.8,47061
2026-02-06 13:35:00,987.8,988.7,985.8,986.7,51966
2026-02-06 13:45:00,986.6,988.6,986.0,988.5,15218
2026-02-06 13:55:00,988.5,992.6,988.3,991.0,56177
2026-02-06 14:05:00,991.4,992.3,990.5,990.6,32534
2026-02-06 14:15:00,990.6,993.6,990.6,992.4,43137
2026-02-06 14:25:00,992.4,992.7,991.0,992.0,29448
2026-02-06 14:35:00,992.0,997.8,992.0,996.1,128911
2026-02-06 14:45:00,996.0,997.0,993.6,996.0,143284
2026-02-06 14:55:00,995.9,1001.4,995.9,1001.0,266767
2026-02-06 15:05:00,1000.8,1004.8,1000.6,1004.4,340772
2026-02-06 15:15:00,1004.5,1005.0,1003.1,1004.1,376021
2026-02-06 15:25:00,1004.0,1004.1,999.0,1001.0,131718
2026-02-09 09:15:00,1005.0,1009.0,1003.4,1007.3,322203
2026-02-09 09:25:00,1007.4,1014.8,1006.5,1014.1,142495
2026-02-09 09:35:00,1014.3,1015.0,1012.7,1014.7,89151
2026-02-09 09:45:00,1015.0,1018.0,1013.2,1016.8,147917
2026-02-09 09:55:00,1016.9,1019.5,1015.3,1019.5,195164
2026-02-09 10:05:00,1019.5,1019.9,1017.2,1019.7,299820
2026-02-09 10:15:00,1019.7,1025.8,1019.0,1023.5,137437
2026-02-09 10:25:00,1023.7,1024.7,1022.4,1022.9,68819
2026-02-09 10:35:00,1022.5,1026.5,1022.2,1025.5,116988
2026-02-09 10:45:00,1025.9,1026.3,1025.0,1025.5,51667
2026-02-09 10:55:00,1025.5,1025.9,1023.0,1024.5,48088
2026-02-09 11:05:00,1024.5,1025.6,1023.3,1025.0,199566
2026-02-09 11:15:00,1024.6,1027.0,1024.1,1026.1,401919
2026-02-09 11:25:00,1026.4,1032.0,1025.1,1031.5,98589
2026-02-09 11:35:00,1031.9,1031.9,1029.0,1030.5,175314
2026-02-09 11:45:00,1030.5,1030.8,1028.9,1030.3,70921
2026-02-09 11:55:00,1030.7,1034.3,1030.0,1034.0,117615
2026-02-09 12:05:00,1034.0,1040.7,1033.6,1039.4,733591
2026-02-09 12:15:00,1039.7,1044.1,1039.5,1040.9,316656
2026-02-09 12:25:00,1041.0,1046.4,1040.5,1044.7,315610
2026-02-09 12:35:00,1045.2,1046.9,1042.9,1043.7,163546
2026-02-09 12:45:00,1043.7,1044.6,1042.2,1043.5,97555
2026-02-09 12:55:00,1043.8,1044.5,1040.1,1041.4,213300
2026-02-09 13:05:00,1041.7,1045.8,1041.4,1042.8,151192
2026-02-09 13:15:00,1042.8,1043.0,1040.9,1041.0,83786
2026-02-09 13:25:00,1041.3,1042.1,1040.3,1040.6,74489
2026-02-09 13:35:00,1041.0,1041.7,1040.1,1041.1,78720
2026-02-09 13:45:00,1041.1,1042.6,1040.6,1042.5,64399
2026-02-09 13:55:00,1042.5,1048.9,1042.4,1048.9,615649
2026-02-09 14:05:00,1048.8,1054.3,1046.6,1054.2,435161
2026-02-09 14:15:00,1054.1,1055.5,1052.5,1053.6,256365
2026-02-09 14:25:00,1053.6,1055.7,1052.7,1054.2,206203
2026-02-09 14:35:00,1054.2,1058.0,1053.8,1057.2,453418
2026-02-09 14:45:00,1057.4,1059.6,1054.0,1054.6,269166
2026-02-09 14:55:00,1054.8,1059.9,1054.4,1059.9,211864
2026-02-09 15:05:00,1059.9,1064.0,1059.4,1063.4,483890
2026-02-09 15:15:00,1062.8,1065.0,1062.1,1064.9,474115
2026-02-09 15:25:00,1064.9,1067.8,1061.0,1063.0,272560
2026-02-10 09:15:00,1064.9,1066.8,1048.6,1051.8,346473
2026-02-10 09:25:00,1051.4,1053.2,1048.1,1049.5,138430
2026-02-10 09:35:00,1049.1,1052.9,1047.3,1052.6,132262
2026-02-10 09:45:00,1052.5,1054.7,1050.6,1051.1,93638
2026-02-10 09:55:00,1051.1,1052.0,1050.5,1051.9,57910
2026-02-10 10:05:00,1051.8,1052.6,1048.0,1048.4,92881
2026-02-10 10:15:00,1048.4,1048.4,1041.4,1042.7,141381
2026-02-10 10:25:00,1042.6,1045.4,1041.5,1045.3,71667
2026-02-10 10:35:00,1045.3,1045.5,1041.3,1041.6,58871
2026-02-10 10:45:00,1042.0,1043.5,1040.7,1041.1,75918
2026-02-10 10:55:00,1041.1,1043.1,1040.7,1041.9,48112
2026-02-10 11:05:00,1041.7,1044.6,1041.7,1042.4,95587
2026-02-10 11:15:00,1042.2,1045.6,1042.0,1044.0,74722
2026-02-10 11:25:00,1044.0,1045.0,1037.5,1038.3,119970
2026-02-10 11:35:00,1038.0,1038.8,1036.5,1038.6,82008
2026-02-10 11:45:00,1039.0,1041.6,1038.6,1041.6,41422
2026-02-10 11:55:00,1041.6,1045.9,1040.1,1044.7,95303
2026-02-10 12:05:00,1044.7,1048.4,1042.3,1048.4,107509
2026-02-10 12:15:00,1048.4,1049.4,1047.5,1048.8,39857
2026-02-10 12:25:00,1048.9,1048.9,1046.5,1048.7,35024
2026-02-10 12:35:00,1048.9,1048.9,1047.5,1048.4,64374
2026-02-10 12:45:00,1048.4,1049.0,1047.9,1048.7,35843
2026-02-10 12:55:00,1049.2,1049.6,1046.5,1047.0,56081
2026-02-10 13:05:00,1047.0,1048.8,1046.3,1046.3,45875
2026-02-10 13:15:00,1046.7,1047.3,1045.0,1045.4,44130
2026-02-10 13:25:00,1045.6,1047.5,1043.8,1044.8,89728
2026-02-10 13:35:00,1044.9,1046.0,1044.2,1044.9,51361
2026-02-10 13:45:00,1044.9,1045.0,1043.0,1043.7,39916
2026-02-10 13:55:00,1043.7,1043.7,1042.0,1042.6,45367
2026-02-10 14:05:00,1042.5,1044.7,1042.0,1043.2,57510
2026-02-10 14:15:00,1043.4,1046.5,1043.4,1044.7,86404
2026-02-10 14:25:00,1044.7,1044.7,1042.6,1043.5,43030
2026-02-10 14:35:00,1043.3,1045.9,1043.0,1045.0,249342
2026-02-10 14:45:00,1045.1,1045.9,1044.7,1045.3,172680
2026-02-10 14:55:00,1045.3,1050.8,1045.1,1050.5,323434
2026-02-10 15:05:00,1050.3,1051.0,1047.8,1048.2,394885
2026-02-10 15:15:00,1048.2,1049.0,1046.6,1047.3,415264
2026-02-10 15:25:00,1047.7,1048.8,1046.1,1048.6,155532
2026-02-11 09:15:00,1053.0,1053.0,1043.5,1048.5,362853
2026-02-11 09:25:00,1048.0,1049.4,1044.0,1044.0,129445
2026-02-11 09:35:00,1043.9,1045.5,1041.5,1042.0,93560
2026-02-11 09:45:00,1042.0,1044.5,1041.5,1044.0,64965
2026-02-11 09:55:00,1044.0,1046.1,1043.0,1046.0,114202
2026-02-11 10:05:00,1047.0,1048.2,1045.0,1046.6,66585
2026-02-11 10:15:00,1046.7,1050.0,1046.6,1050.0,117122
2026-02-11 10:25:00,1050.0,1055.8,1049.7,1054.6,181154
2026-02-11 10:35:00,1054.4,1055.0,1051.4,1051.4,149021
2026-02-11 10:45:00,1051.4,1051.6,1049.2,1049.6,78302
2026-02-11 10:55:00,1050.0,1052.8,1048.8,1051.6,78175
2026-02-11 11:05:00,1051.6,1052.4,1050.0,1052.1,70302
2026-02-11 11:15:00,1052.2,1054.8,1052.0,1053.7,87982
2026-02-11 11:25:00,1053.8,1056.0,1053.6,1055.4,126321
2026-02-11 11:35:00,1055.7,1055.7,1052.6,1053.3,123336
2026-02-11 11:45:00,1053.4,1054.4,1053.2,1054.4,30652
2026-02-11 11:55:00,1054.3,1055.4,1053.6,1053.8,98403
2026-02-11 12:05:00,1053.8,1053.8,1052.3,1052.5,119424
2026-02-11 12:15:00,1053.0,1053.7,1049.9,1049.9,129269
2026-02-11 12:25:00,1051.0,1051.4,1049.5,1049.5,87290
2026-02-11 12:35:00,1049.8,1050.6,1049.5,1050.2,58085
2026-02-11 12:45:00,1050.2,1050.6,1048.1,1049.6,92931
2026-02-11 12:55:00,1049.6,1049.6,1046.7,1047.2,90372
2026-02-11 13:05:00,1047.2,1049.4,1047.0,1048.7,70412
2026-02-11 13:15:00,1049.1,1050.9,1048.5,1050.3,203583
2026-02-11 13:25:00,1050.3,1050.6,1049.5,1049.7,30038
2026-02-11 13:35:00,1049.6,1052.6,1049.6,1052.0,124134
2026-02-11 13:45:00,1052.0,1052.3,1049.5,1050.7,139847
2026-02-11 13:55:00,1050.6,1050.8,1050.0,1050.6,60495
2026-02-11 14:05:00,1050.6,1053.9,1050.5,1052.3,128360
2026-02-11 14:15:00,1052.8,1053.1,1050.8,1052.0,140246
2026-02-11 14:25:00,1052.1,1053.8,1051.9,1053.2,85693
2026-02-11 14:35:00,1053.2,1053.9,1052.5,1053.7,85432
2026-02-11 14:45:00,1053.5,1055.5,1053.4,1055.2,189439
2026-02-11 14:55:00,1055.4,1059.3,1055.0,1057.4,310618
2026-02-11 15:05:00,1057.2,1058.7,1055.3,1055.8,369888
2026-02-11 15:15:00,1055.8,1057.4,1055.0,1055.9,294198
2026-02-11 15:25:00,1056.0,1059.0,1055.9,1058.5,103778
2026-02-12 09:15:00,1053.5,1060.0,1049.7,1053.9,744563
2026-02-12 09:25:00,1053.7,1058.6,1053.0,1058.0,529735
2026-02-12 09:35:00,1058.0,1061.9,1057.6,1060.3,271611
2026-02-12 09:45:00,1060.1,1064.9,1059.0,1064.4,116228
2026-02-12 09:55:00,1064.7,1073.5,1064.7,1071.2,436001
2026-02-12 10:05:00,1071.1,1072.6,1068.7,1072.0,189613
2026-02-12 10:15:00,1071.6,1073.4,1070.0,1070.4,182291
2026-02-12 10:25:00,1070.5,1072.0,1068.0,1070.3,108375
2026-02-12 10:35:00,1070.3,1070.8,1068.0,1068.3,63710
2026-02-12 10:45:00,1068.6,1069.4,1067.2,1067.7,91472
2026-02-12 10:55:00,1068.0,1075.5,1067.2,1074.9,179406
2026-02-12 11:05:00,1074.6,1078.0,1074.6,1077.0,166596
2026-02-12 11:15:00,1077.0,1077.7,1074.9,1076.1,135092
2026-02-12 11:25:00,1076.5,1077.1,1075.0,1075.9,93742
2026-02-12 11:35:00,1075.9,1078.9,1075.0,1078.9,113398
2026-02-12 11:45:00,1078.7,1080.5,1078.5,1080.4,154731
2026-02-12 11:55:00,1080.3,1080.4,1076.2,1078.1,130472
2026-02-12 12:05:00,1078.1,1080.5,1077.3,1080.1,89233
2026-02-12 12:15:00,1080.2,1083.5,1080.0,1082.7,220787
2026-02-12 12:25:00,1082.7,1087.1,1082.2,1086.5,372096
2026-02-12 12:35:00,1086.8,1087.0,1081.8,1081.8,294443
2026-02-12 12:45:00,1081.9,1084.4,1081.3,1084.1,139651
2026-02-12 12:55:00,1084.1,1084.2,1081.2,1083.9,135363
2026-02-12 13:05:00,1083.6,1084.0,1077.1,1078.0,273795
2026-02-12 13:15:00,1077.9,1080.6,1077.7,1079.8,125368
2026-02-12 13:25:00,1080.1,1082.0,1077.6,1078.1,177050
2026-02-12 13:35:00,1078.1,1078.6,1073.3,1074.5,247441
2026-02-12 13:45:00,1074.5,1075.3,1071.0,1071.5,235090
2026-02-12 13:55:00,1071.5,1076.4,1071.0,1076.4,131041
2026-02-12 14:05:00,1076.1,1077.0,1075.2,1076.1,75994
2026-02-12 14:15:00,1076.0,1076.3,1073.5,1074.4,178504
2026-02-12 14:25:00,1074.6,1078.5,1074.4,1076.4,140369
2026-02-12 14:35:00,1076.4,1080.4,1076.4,1078.8,112662
2026-02-12 14:45:00,1078.6,1078.9,1074.2,1075.8,191038
2026-02-12 14:55:00,1075.8,1082.8,1075.8,1082.0,355807
2026-02-12 15:05:00,1082.0,1083.8,1081.2,1082.3,434629
2026-02-12 15:15:00,1082.3,1086.0,1082.1,1083.8,618704
2026-02-12 15:25:00,1083.8,1084.4,1080.6,1083.0,197286
2026-02-13 09:15:00,1081.8,1086.0,1074.5,1076.7,505955
2026-02-13 09:25:00,1076.7,1076.7,1067.6,1068.4,243381
2026-02-13 09:35:00,1068.1,1072.7,1065.7,1071.1,137541
2026-02-13 09:45:00,1071.5,1072.8,1068.3,1069.8,112651
2026-02-13 09:55:00,1069.7,1071.0,1067.7,1069.6,71094
2026-02-13 10:05:00,1069.6,1070.0,1066.7,1067.8,67289
2026-02-13 10:15:00,1067.7,1069.8,1066.4,1069.1,65241
2026-02-13 10:25:00,1069.1,1074.2,1068.9,1073.7,96470
2026-02-13 10:35:00,1073.7,1077.8,1071.3,1071.4,81337
2026-02-13 10:45:00,1071.6,1072.2,1067.7,1070.4,63665
2026-02-13 10:55:00,1070.3,1071.4,1067.5,1068.7,66116
2026-02-13 11:05:00,1068.7,1070.0,1067.5,1068.7,68594
2026-02-13 11:15:00,1068.8,1070.5,1062.7,1063.0,93582
2026-02-13 11:25:00,1063.2,1067.7,1063.1,1065.4,63709
2026-02-13 11:35:00,1065.6,1067.6,1064.2,1065.8,58036
2026-02-13 11:45:00,1065.8,1069.5,1065.8,1068.1,68670
2026-02-13 11:55:00,1068.5,1069.9,1068.1,1068.4,39962
2026-02-13 12:05:00,1068.5,1070.0,1067.4,1069.1,49747
2026-02-13 12:15:00,1069.3,1070.0,1065.0,1069.2,250456
2026-02-13 12:25:00,1069.3,1070.0,1066.5,1069.7,66235
2026-02-13 12:35:00,1069.7,1069.7,1067.1,1067.9,48012
2026-02-13 12:45:00,1067.9,1068.3,1063.6,1064.2,74252
2026-02-13 12:55:00,1064.1,1065.0,1060.2,1060.9,73085
2026-02-13 13:05:00,1060.9,1065.4,1060.3,1064.2,73906
2026-02-13 13:15:00,1064.1,1065.3,1060.9,1061.4,78104
2026-02-13 13:25:00,1061.1,1061.9,1060.0,1061.1,66185
2026-02-13 13:35:00,1061.2,1062.6,1060.3,1062.0,72836
2026-02-13 13:45:00,1062.2,1062.9,1060.1,1061.4,51617
2026-02-13 13:55:00,1061.3,1064.9,1061.0,1064.1,78744
2026-02-13 14:05:00,1064.4,1069.4,1064.4,1069.2,129436
2026-02-13 14:15:00,1069.2,1073.0,1066.9,1070.7,157694
2026-02-13 14:25:00,1070.6,1072.3,1069.7,1070.2,112844
2026-02-13 14:35:00,1070.0,1070.5,1062.7,1066.1,288387
2026-02-13 14:45:00,1066.1,1066.6,1064.4,1065.8,137840
2026-02-13 14:55:00,1065.8,1069.9,1065.5,1068.8,204509
2026-02-13 15:05:00,1068.9,1068.9,1065.2,1066.2,243795
2026-02-13 15:15:00,1066.2,1067.3,1062.9,1063.7,252239
2026-02-13 15:25:00,1064.0,1065.0,1061.0,1064.0,117692
2026-02-16 09:15:00,1065.8,1074.7,1052.8,1071.2,578309
2026-02-16 09:25:00,1071.2,1084.4,1069.1,1082.5,300373
2026-02-16 09:35:00,1082.3,1082.6,1072.9,1074.6,261456
2026-02-16 09:45:00,1074.7,1075.0,1068.0,1074.0,220519
2026-02-16 09:55:00,1074.0,1075.7,1071.7,1073.9,67750
2026-02-16 10:05:00,1074.3,1074.4,1071.6,1071.9,84319
2026-02-16 10:15:00,1071.8,1074.0,1069.0,1069.2,85967
2026-02-16 10:25:00,1069.4,1070.8,1067.2,1070.3,101445
2026-02-16 10:35:00,1070.6,1071.3,1069.5,1069.9,60234
2026-02-16 10:45:00,1069.5,1072.4,1069.5,1070.7,32043
2026-02-16 10:55:00,1070.6,1071.5,1069.0,1070.8,26989
2026-02-16 11:05:00,1071.0,1072.5,1070.8,1072.0,21163
2026-02-16 11:15:00,1072.1,1074.3,1072.0,1073.8,48183
2026-02-16 11:25:00,1073.8,1078.3,1073.0,1077.4,199397
2026-02-16 11:35:00,1077.5,1078.4,1073.5,1077.7,299077
2026-02-16 11:45:00,1077.7,1078.9,1075.0,1076.0,158656
2026-02-16 11:55:00,1076.0,1080.0,1075.4,1077.5,61205
2026-02-16 12:05:00,1077.5,1077.5,1073.0,1073.1,43001
2026-02-16 12:15:00,1073.0,1075.0,1071.5,1071.5,50077
2026-02-16 12:25:00,1071.5,1077.6,1070.8,1076.9,117468
2026-02-16 12:35:00,1076.8,1077.9,1076.0,1076.7,53172
2026-02-16 12:45:00,1076.6,1077.9,1076.2,1076.6,57640
2026-02-16 12:55:00,1076.7,1077.1,1074.6,1075.7,81137
2026-02-16 13:05:00,1075.8,1076.0,1073.0,1073.4,42117
2026-02-16 13:15:00,1073.3,1076.8,1073.3,1076.0,455494
2026-02-16 13:25:00,1076.0,1077.2,1075.7,1076.8,164468
2026-02-16 13:35:00,1076.8,1077.5,1076.1,1076.1,52103
2026-02-16 13:45:00,1076.1,1076.7,1075.7,1076.1,39643
2026-02-16 13:55:00,1076.1,1077.5,1075.5,1077.2,43310
2026-02-16 14:05:00,1077.0,1078.0,1076.2,1077.4,50958
2026-02-16 14:15:00,1078.0,1078.1,1076.0,1076.5,45483
2026-02-16 14:25:00,1076.2,1077.9,1075.9,1077.6,53283
2026-02-16 14:35:00,1077.6,1083.0,1077.1,1082.7,93969
2026-02-16 14:45:00,1082.3,1083.0,1081.0,1082.3,121202
2026-02-16 14:55:00,1082.3,1088.3,1081.3,1086.0,279867
2026-02-16 15:05:00,1086.0,1086.4,1084.0,1085.7,254011
2026-02-16 15:15:00,1085.7,1086.3,1084.2,1085.3,273127
2026-02-16 15:25:00,1085.3,1085.5,1082.6,1085.0,107068
2026-02-17 09:15:00,1080.0,1081.9,1067.8,1069.2,178992
2026-02-17 09:25:00,1069.3,1071.0,1063.0,1066.5,126190
2026-02-17 09:35:00,1066.2,1066.6,1061.1,1063.5,118251
2026-02-17 09:45:00,1063.2,1065.9,1062.4,1064.4,55062
2026-02-17 09:55:00,1064.9,1065.3,1060.3,1060.7,72090
2026-02-17 10:05:00,1060.5,1064.9,1060.0,1064.6,53073
2026-02-17 10:15:00,1064.6,1066.3,1062.8,1064.6,55899
2026-02-17 10:25:00,1065.0,1072.4,1064.5,1070.3,105616
2026-02-17 10:35:00,1070.3,1070.4,1064.5,1064.9,52044
2026-02-17 10:45:00,1064.9,1065.1,1060.7,1064.2,129384
2026-02-17 10:55:00,1064.2,1065.7,1061.6,1061.9,91855
2026-02-17 11:05:00,1062.0,1064.1,1061.0,1062.8,53242
2026-02-17 11:15:00,1063.4,1063.6,1061.5,1063.3,14941
2026-02-17 11:25:00,1063.4,1064.0,1060.9,1064.0,33196
2026-02-17 11:35:00,1063.6,1065.6,1063.6,1064.8,35620
2026-02-17 11:45:00,1064.5,1067.7,1064.5,1067.0,37672
2026-02-17 11:55:00,1067.0,1068.1,1066.6,1067.4,29154
2026-02-17 12:05:00,1067.0,1068.0,1066.3,1066.8,20323
2026-02-17 12:15:00,1066.3,1068.3,1064.0,1066.6,255836
2026-02-17 12:25:00,1066.4,1067.3,1063.5,1064.6,22334
2026-02-17 12:35:00,1064.6,1066.5,1064.0,1066.0,16157
2026-02-17 12:45:00,1065.6,1069.3,1065.1,1068.0,27142
2026-02-17 12:55:00,1068.0,1068.0,1065.0,1065.5,26726
2026-02-17 13:05:00,1065.1,1070.0,1064.6,1067.2,72051
2026-02-17 13:15:00,1066.7,1070.0,1065.7,1069.3,30072
2026-02-17 13:25:00,1069.7,1069.8,1067.7,1069.6,20020
2026-02-17 13:35:00,1069.6,1069.7,1068.1,1068.3,18834
2026-02-17 13:45:00,1068.3,1068.6,1066.5,1066.6,13770
2026-02-17 13:55:00,1066.9,1067.3,1064.0,1067.1,55711
2026-02-17 14:05:00,1066.8,1067.3,1063.5,1063.5,35419
2026-02-17 14:15:00,1064.1,1069.0,1064.0,1067.6,57140
2026-02-17 14:25:00,1067.5,1068.5,1066.4,1067.6,26502
2026-02-17 14:35:00,1068.0,1075.3,1067.5,1073.1,194128
2026-02-17 14:45:00,1073.8,1075.3,1072.0,1074.6,138075
2026-02-17 14:55:00,1074.7,1078.7,1073.1,1077.0,159975
2026-02-17 15:05:00,1077.4,1077.4,1074.7,1074.8,150774
2026-02-17 15:15:00,1074.9,1075.3,1073.2,1073.5,164391
2026-02-17 15:25:00,1073.4,1074.0,1070.8,1073.0,77726
2026-02-18 09:15:00,1076.2,1082.6,1072.1,1081.1,251668
2026-02-18 09:25:00,1081.2,1087.1,1079.5,1080.5,189705
2026-02-18 09:35:00,1080.6,1084.0,1080.2,1083.6,57663
2026-02-18 09:45:00,1084.0,1084.0,1077.0,1077.5,66786
2026-02-18 09:55:00,1077.3,1077.6,1074.0,1077.0,88445
2026-02-18 10:05:00,1076.5,1077.5,1074.5,1074.9,48953
2026-02-18 10:15:00,1074.8,1077.0,1074.5,1077.0,67389
2026-02-18 10:25:00,1077.1,1079.5,1076.3,1078.6,42890
2026-02-18 10:35:00,1078.6,1079.3,1077.0,1078.5,25042
2026-02-18 10:45:00,1078.4,1080.1,1077.7,1078.9,26887
2026-02-18 10:55:00,1079.4,1080.2,1078.8,1079.7,27585
2026-02-18 11:05:00,1079.9,1080.1,1078.1,1078.9,27768
2026-02-18 11:15:00,1079.2,1079.4,1075.6,1076.3,41319
2026-02-18 11:25:00,1076.3,1078.2,1075.9,1076.8,42383
2026-02-18 11:35:00,1076.8,1077.0,1073.5,1074.4,117335
2026-02-18 11:45:00,1074.7,1075.0,1074.4,1074.9,20627
2026-02-18 11:55:00,1075.0,1075.0,1074.0,1074.9,39142
2026-02-18 12:05:00,1074.5,1075.8,1074.5,1075.0,50007
2026-02-18 12:15:00,1075.0,1076.4,1074.8,1076.1,84919
2026-02-18 12:25:00,1076.4,1077.1,1076.1,1077.1,38728
2026-02-18 12:35:00,1076.8,1077.4,1074.3,1074.8,33837
2026-02-18 12:45:00,1074.8,1075.9,1074.6,1075.9,22250
2026-02-18 12:55:00,1075.6,1076.6,1074.5,1075.5,86721
2026-02-18 13:05:00,1075.9,1077.0,1074.6,1077.0,135720
2026-02-18 13:15:00,1076.8,1078.8,1076.8,1077.8,31755
2026-02-18 13:25:00,1078.0,1078.1,1076.3,1076.8,24062
2026-02-18 13:35:00,1076.8,1077.0,1076.0,1076.7,23309
2026-02-18 13:45:00,1076.8,1077.6,1073.2,1073.5,48813
2026-02-18 13:55:00,1073.8,1075.7,1072.7,1075.3,37415
2026-02-18 14:05:00,1075.0,1076.6,1074.6,1076.1,32384
2026-02-18 14:15:00,1076.2,1078.0,1076.1,1077.5,37332
2026-02-18 14:25:00,1077.6,1077.6,1075.7,1076.0,39369
2026-02-18 14:35:00,1076.0,1076.3,1075.0,1075.4,36427
2026-02-18 14:45:00,1075.4,1075.8,1074.2,1075.8,35330
2026-02-18 14:55:00,1076.0,1079.6,1075.6,1076.4,106389
2026-02-18 15:05:00,1076.4,1077.0,1075.1,1076.0,155806
2026-02-18 15:15:00,1076.0,1076.7,1074.9,1076.0,161307
2026-02-18 15:25:00,1076.0,1076.2,1073.5,1074.7,61468
2026-02-19 09:15:00,1078.0,1078.0,1071.0,1074.5,95914
2026-02-19 09:25:00,1074.3,1074.4,1069.3,1070.4,54277
2026-02-19 09:35:00,1070.4,1073.0,1069.5,1070.4,75671
2026-02-19 09:45:00,1070.4,1072.5,1069.0,1070.1,58615
2026-02-19 09:55:00,1069.8,1071.7,1069.2,1071.5,47839
2026-02-19 10:05:00,1071.5,1072.5,1070.0,1070.4,39190
2026-02-19 10:15:00,1070.1,1074.0,1069.8,1073.4,51301
2026-02-19 10:25:00,1073.1,1073.4,1070.4,1071.5,34308
2026-02-19 10:35:00,1071.0,1072.6,1070.0,1071.7,36148
2026-02-19 10:45:00,1071.7,1073.7,1070.2,1073.7,37829
2026-02-19 10:55:00,1073.7,1075.3,1071.4,1071.8,54009
2026-02-19 11:05:00,1071.7,1073.1,1069.5,1069.9,54849
2026-02-19 11:15:00,1069.9,1071.1,1069.6,1070.3,27992
2026-02-19 11:25:00,1069.9,1072.2,1069.7,1070.9,29491
2026-02-19 11:35:00,1070.9,1071.9,1070.1,1071.8,24368
2026-02-19 11:45:00,1071.9,1071.9,1069.8,1070.5,27576
2026-02-19 11:55:00,1070.5,1070.5,1067.1,1068.5,35677
2026-02-19 12:05:00,1068.5,1069.7,1066.3,1067.1,35171
2026-02-19 12:15:00,1067.1,1071.2,1066.5,1069.8,40690
2026-02-19 12:25:00,1069.8,1069.9,1067.7,1068.9,31381
2026-02-19 12:35:00,1068.9,1069.7,1066.1,1067.3,62276
2026-02-19 12:45:00,1067.3,1068.2,1066.4,1067.6,31307
2026-02-19 12:55:00,1067.3,1068.8,1066.6,1068.1,42592
2026-02-19 13:05:00,1068.1,1070.5,1067.4,1069.1,67652
2026-02-19 13:15:00,1069.1,1069.1,1067.0,1068.2,33331
2026-02-19 13:25:00,1068.0,1068.2,1064.0,1064.8,54938
2026-02-19 13:35:00,1064.7,1066.4,1063.5,1065.6,46089
2026-02-19 13:45:00,1065.6,1066.0,1064.0,1064.3,26952
2026-02-19 13:55:00,1064.5,1065.2,1064.1,1064.5,21917
2026-02-19 14:05:00,1064.5,1066.0,1063.1,1065.6,50844
2026-02-19 14:15:00,1065.1,1067.0,1062.5,1063.0,83773
2026-02-19 14:25:00,1063.3,1063.4,1060.4,1061.8,88511
2026-02-19 14:35:00,1061.9,1063.2,1057.7,1058.6,159982
2026-02-19 14:45:00,1058.3,1061.5,1056.4,1061.5,161185
2026-02-19 14:55:00,1061.4,1062.9,1058.9,1059.2,192112
2026-02-19 15:05:00,1059.2,1060.5,1053.5,1053.9,217596
2026-02-19 15:15:00,1053.4,1054.2,1048.9,1052.2,234075
2026-02-19 15:25:00,1052.2,1057.0,1048.1,1050.7,104652
2026-02-20 09:15:00,1056.8,1061.0,1051.1,1052.0,207054
2026-02-20 09:25:00,1051.6,1051.6,1044.6,1050.2,167201
2026-02-20 09:35:00,1051.0,1056.1,1050.3,1056.1,98517
2026-02-20 09:45:00,1056.0,1059.0,1053.9,1055.0,90872
2026-02-20 09:55:00,1054.9,1057.8,1054.9,1055.0,41488
2026-02-20 10:05:00,1055.1,1055.5,1051.5,1053.0,42381
2026-02-20 10:15:00,1052.9,1058.0,1052.9,1056.8,40834
2026-02-20 10:25:00,1056.6,1058.6,1056.5,1057.8,37873
2026-02-20 10:35:00,1057.8,1058.9,1055.0,1057.6,39665
2026-02-20 10:45:00,1057.8,1059.5,1056.9,1057.8,26481
2026-02-20 10:55:00,1057.7,1062.1,1057.6,1060.8,88031
2026-02-20 11:05:00,1060.9,1061.3,1055.3,1055.5,46100
2026-02-20 11:15:00,1055.4,1059.0,1055.4,1056.7,28562
2026-02-20 11:25:00,1056.7,1061.0,1056.1,1060.8,38922
2026-02-20 11:35:00,1060.8,1061.0,1059.0,1059.7,38180
2026-02-20 11:45:00,1059.6,1060.5,1057.2,1057.4,33285
2026-02-20 11:55:00,1057.2,1060.0,1057.2,1059.6,25451
2026-02-20 12:05:00,1059.5,1060.9,1058.5,1060.5,36306
2026-02-20 12:15:00,1060.5,1064.8,1060.4,1064.1,43905
2026-02-20 12:25:00,1064.1,1064.1,1060.7,1061.3,47190
2026-02-20 12:35:00,1061.3,1062.4,1060.2,1060.2,26585
2026-02-20 12:45:00,1060.2,1062.4,1059.3,1061.9,25993
2026-02-20 12:55:00,1061.7,1061.9,1059.6,1061.0,42661
2026-02-20 13:05:00,1061.0,1061.5,1056.2,1058.4,34028
2026-02-20 13:15:00,1058.4,1059.8,1057.3,1059.1,26008
2026-02-20 13:25:00,1059.1,1060.9,1058.3,1060.7,21354
2026-02-20 13:35:00,1060.8,1061.9,1060.0,1061.2,28585
2026-02-20 13:45:00,1061.1,1062.2,1060.6,1060.8,21731
2026-02-20 13:55:00,1060.9,1064.0,1060.7,1063.5,26567
2026-02-20 14:05:00,1063.1,1064.8,1061.0,1061.5,50102
2026-02-20 14:15:00,1061.5,1062.5,1061.2,1061.6,23247
2026-02-20 14:25:00,1061.1,1062.2,1059.7,1061.1,28558
2026-02-20 14:35:00,1061.0,1062.0,1059.4,1061.5,33650
2026-02-20 14:45:00,1061.5,1063.5,1059.4,1062.8,69844
2026-02-20 14:55:00,1062.5,1066.0,1062.5,1063.3,131677
2026-02-20 15:05:00,1063.3,1063.4,1056.8,1058.6,193566
2026-02-20 15:15:00,1058.6,1059.8,1056.5,1058.2,192352
2026-02-20 15:25:00,1058.2,1060.7,1055.7,1059.6,93063
2026-02-23 09:15:00,1072.8,1072.8,1063.2,1071.4,250243
2026-02-23 09:25:00,1071.4,1077.0,1070.9,1075.2,178425
2026-02-23 09:35:00,1075.2,1077.5,1072.9,1073.7,82352
2026-02-23 09:45:00,1073.5,1074.0,1069.8,1071.0,49929
2026-02-23 09:55:00,1071.1,1074.0,1070.3,1073.6,40341
2026-02-23 10:05:00,1073.4,1074.6,1071.5,1072.6,40451
2026-02-23 10:15:00,1072.3,1073.0,1069.5,1070.2,45068
2026-02-23 10:25:00,1069.9,1071.6,1069.1,1069.5,56002
2026-02-23 10:35:00,1069.3,1070.2,1067.1,1067.5,45133
2026-02-23 10:45:00,1067.5,1069.5,1066.1,1068.6,54961
2026-02-23 10:55:00,1068.2,1069.5,1066.7,1067.1,40432
2026-02-23 11:05:00,1066.8,1068.7,1066.1,1068.0,37723
2026-02-23 11:15:00,1067.9,1069.7,1065.4,1065.9,83218
2026-02-23 11:25:00,1065.7,1066.4,1063.8,1064.0,41740
2026-02-23 11:35:00,1064.0,1065.0,1061.2,1061.9,43303
2026-02-23 11:45:00,1061.4,1063.3,1060.0,1062.7,62770
2026-02-23 11:55:00,1062.5,1063.7,1060.5,1061.7,41489
2026-02-23 12:05:00,1061.5,1065.2,1061.1,1064.9,40079
2026-02-23 12:15:00,1064.9,1065.5,1063.1,1063.6,40244
2026-02-23 12:25:00,1063.4,1065.0,1063.4,1064.1,29473
2026-02-23 12:35:00,1064.0,1066.2,1063.7,1065.8,29770
2026-02-23 12:45:00,1065.8,1067.0,1062.5,1063.9,40798
2026-02-23 12:55:00,1063.7,1063.9,1061.5,1062.2,29683
2026-02-23 13:05:00,1062.0,1064.5,1062.0,1063.5,31723
2026-02-23 13:15:00,1063.2,1064.1,1062.4,1063.0,27445
2026-02-23 13:25:00,1063.0,1063.9,1059.3,1059.9,48491
2026-02-23 13:35:00,1059.6,1062.9,1059.6,1062.4,33194
2026-02-23 13:45:00,1062.1,1062.8,1060.9,1061.0,25731
2026-02-23 13:55:00,1060.9,1062.0,1058.8,1060.0,39082
2026-02-23 14:05:00,1059.9,1061.3,1056.9,1057.6,92136
2026-02-23 14:15:00,1058.1,1060.6,1057.8,1059.7,36600
2026-02-23 14:25:00,1059.7,1064.5,1059.1,1063.9,40045
2026-02-23 14:35:00,1063.7,1064.2,1060.2,1060.6,43627
2026-02-23 14:45:00,1060.6,1062.9,1060.5,1062.8,66547
2026-02-23 14:55:00,1062.8,1068.7,1062.3,1067.8,137339
2026-02-23 15:05:00,1067.8,1068.5,1064.7,1065.3,116749
2026-02-23 15:15:00,1065.4,1065.6,1062.0,1063.5,201863
2026-02-23 15:25:00,1063.5,1065.0,1062.1,1064.0,66541
2026-02-24 09:15:00,1064.7,1064.7,1055.6,1057.1,115708
2026-02-24 09:25:00,1057.1,1057.1,1051.4,1052.5,82539
2026-02-24 09:35:00,1052.3,1054.3,1050.2,1051.3,47615
2026-02-24 09:45:00,1051.2,1054.5,1051.2,1053.6,41077
2026-02-24 09:55:00,1053.5,1054.2,1052.0,1052.3,64863
2026-02-24 10:05:00,1052.1,1054.0,1051.7,1052.1,59696
2026-02-24 10:15:00,1052.0,1053.0,1050.8,1052.6,53294
2026-02-24 10:25:00,1052.6,1057.0,1052.4,1056.5,41366
2026-02-24 10:35:00,1056.5,1057.9,1056.2,1057.6,31057
2026-02-24 10:45:00,1057.6,1057.7,1055.6,1056.0,20847
2026-02-24 10:55:00,1056.0,1057.4,1055.2,1055.6,28563
2026-02-24 11:05:00,1055.2,1055.8,1054.3,1055.6,50781
2026-02-24 11:15:00,1055.5,1059.3,1055.2,1058.7,37849
2026-02-24 11:25:00,1058.8,1059.3,1058.0,1058.6,23873
2026-02-24 11:35:00,1059.0,1059.9,1057.2,1057.5,44881
2026-02-24 11:45:00,1057.5,1057.5,1055.4,1056.0,23387
2026-02-24 11:55:00,1056.0,1057.8,1055.5,1057.6,25034
2026-02-24 12:05:00,1057.5,1058.0,1056.1,1057.2,22802
2026-02-24 12:15:00,1057.1,1057.1,1052.9,1053.2,23092
2026-02-24 12:25:00,1053.0,1053.8,1052.7,1053.3,23084
2026-02-24 12:35:00,1053.3,1055.5,1053.3,1055.3,30181
2026-02-24 12:45:00,1054.9,1055.2,1052.5,1054.0,48969
2026-02-24 12:55:00,1054.0,1057.0,1053.7,1057.0,34104
2026-02-24 13:05:00,1056.8,1057.8,1056.4,1056.7,33835
2026-02-24 13:15:00,1056.7,1057.4,1055.0,1055.2,36668
2026-02-24 13:25:00,1055.2,1056.0,1053.0,1053.6,40319
2026-02-24 13:35:00,1053.3,1056.0,1052.1,1053.3,54167
2026-02-24 13:45:00,1053.3,1054.0,1052.5,1054.0,24098
2026-02-24 13:55:00,1054.0,1057.8,1054.0,1056.7,71388
2026-02-24 14:05:00,1056.6,1057.9,1055.0,1057.9,25150
2026-02-24 14:15:00,1057.9,1060.8,1056.6,1057.6,80082
2026-02-24 14:25:00,1057.6,1058.9,1055.7,1056.2,54135
2026-02-24 14:35:00,1056.4,1057.4,1054.3,1054.3,110735
2026-02-24 14:45:00,1054.4,1059.8,1054.0,1059.3,107837
2026-02-24 14:55:00,1059.2,1062.0,1058.0,1060.4,201049
2026-02-24 15:05:00,1060.3,1061.3,1059.2,1061.1,253303
2026-02-24 15:15:00,1061.1,1064.9,1060.4,1064.9,272351
2026-02-24 15:25:00,1064.6,1066.0,1063.0,1065.5,115492
2026-02-25 09:15:00,1065.0,1065.0,1055.8,1061.7,155970
2026-02-25 09:25:00,1061.7,1063.3,1059.1,1062.0,67027
2026-02-25 09:35:00,1061.8,1065.5,1060.9,1064.3,61793
2026-02-25 09:45:00,1064.3,1073.4,1064.3,1072.9,82310
2026-02-25 09:55:00,1072.7,1075.6,1072.2,1075.4,77688
2026-02-25 10:05:00,1075.5,1077.6,1074.2,1075.6,152661
2026-02-25 10:15:00,1075.7,1079.3,1075.1,1078.9,102784
2026-02-25 10:25:00,1078.9,1079.2,1076.0,1077.7,145627
2026-02-25 10:35:00,1077.9,1079.3,1076.3,1079.3,74557
2026-02-25 10:45:00,1079.3,1080.0,1077.5,1078.5,49443
2026-02-25 10:55:00,1078.9,1079.8,1075.5,1076.9,64261
2026-02-25 11:05:00,1077.1,1081.8,1077.0,1081.0,74263
2026-02-25 11:15:00,1081.0,1084.0,1079.6,1083.5,74750
2026-02-25 11:25:00,1083.2,1083.5,1081.6,1083.2,46265
2026-02-25 11:35:00,1083.2,1084.9,1080.6,1083.0,61951
2026-02-25 11:45:00,1083.0,1086.7,1083.0,1085.9,86603
2026-02-25 11:55:00,1085.9,1090.5,1085.7,1090.4,109799
2026-02-25 12:05:00,1090.3,1093.9,1090.1,1092.0,125969
2026-02-25 12:15:00,1092.4,1095.0,1090.5,1091.4,109670
2026-02-25 12:25:00,1091.4,1091.5,1085.5,1086.0,87996
2026-02-25 12:35:00,1086.0,1088.1,1083.4,1086.0,108529
2026-02-25 12:45:00,1086.7,1086.7,1082.3,1084.0,91467
2026-02-25 12:55:00,1084.1,1085.9,1078.1,1079.7,118307
2026-02-25 13:05:00,1079.7,1082.4,1078.6,1081.1,36584
2026-02-25 13:15:00,1081.2,1083.8,1080.4,1080.7,50673
2026-02-25 13:25:00,1081.0,1082.7,1079.2,1081.0,39007
2026-02-25 13:35:00,1080.9,1083.2,1080.9,1082.7,24851
2026-02-25 13:45:00,1082.8,1083.2,1080.7,1082.2,27595
2026-02-25 13:55:00,1082.2,1082.6,1080.0,1080.9,38321
2026-02-25 14:05:00,1080.8,1082.0,1080.0,1081.7,32582
2026-02-25 14:15:00,1081.5,1085.8,1081.5,1085.0,40849
2026-02-25 14:25:00,1084.6,1085.5,1079.5,1080.4,82577
2026-02-25 14:35:00,1080.2,1082.2,1079.5,1080.4,55478
2026-02-25 14:45:00,1080.4,1081.0,1079.5,1081.0,35525
2026-02-25 14:55:00,1081.6,1086.0,1080.8,1085.8,106314
2026-02-25 15:05:00,1085.7,1087.0,1084.5,1086.3,127888
2026-02-25 15:15:00,1086.3,1088.0,1085.2,1086.3,209268
2026-02-25 15:25:00,1085.7,1086.3,1084.1,1085.0,72453
2026-02-26 09:15:00,1089.0,1102.0,1087.0,1101.5,274838
2026-02-26 09:25:00,1101.6,1105.0,1098.0,1102.6,228651
2026-02-26 09:35:00,1102.9,1104.7,1098.2,1098.9,119842
2026-02-26 09:45:00,1098.9,1100.0,1095.3,1099.3,86039
2026-02-26 09:55:00,1099.0,1099.7,1095.5,1098.0,52830
2026-02-26 10:05:00,1097.5,1099.9,1093.6,1096.0,83236
2026-02-26 10:15:00,1096.2,1098.8,1093.4,1096.0,93553
2026-02-26 10:25:00,1095.9,1104.4,1095.0,1102.1,156956
2026-02-26 10:35:00,1102.1,1106.8,1102.1,1104.5,162838
2026-02-26 10:45:00,1104.7,1107.7,1103.0,1105.3,127946
2026-02-26 10:55:00,1105.3,1106.0,1098.2,1100.0,193308
2026-02-26 11:05:00,1100.0,1100.0,1097.3,1097.8,59879
2026-02-26 11:15:00,1097.8,1101.5,1097.2,1100.7,125018
2026-02-26 11:25:00,1101.3,1102.4,1096.2,1098.2,73287
2026-02-26 11:35:00,1098.2,1099.2,1095.3,1095.3,67642
2026-02-26 11:45:00,1095.3,1097.8,1094.2,1096.3,72932
2026-02-26 11:55:00,1096.0,1096.9,1094.5,1095.6,52989
2026-02-26 12:05:00,1095.6,1096.6,1090.4,1090.4,79337
2026-02-26 12:15:00,1090.8,1091.5,1086.7,1087.3,112267
2026-02-26 12:25:00,1087.6,1089.8,1086.5,1087.8,86020
2026-02-26 12:35:00,1087.9,1092.0,1087.6,1091.7,74533
2026-02-26 12:45:00,1092.0,1093.2,1089.3,1089.9,64128
2026-02-26 12:55:00,1089.9,1091.1,1087.2,1091.0,55408
2026-02-26 13:05:00,1091.0,1091.7,1089.6,1090.2,69935
2026-02-26 13:15:00,1090.2,1090.3,1087.6,1089.6,66058
2026-02-26 13:25:00,1089.6,1091.4,1088.8,1089.4,75265
2026-02-26 13:35:00,1089.1,1092.7,1088.6,1090.7,81224
2026-02-26 13:45:00,1090.7,1091.5,1085.1,1086.7,157286
2026-02-26 13:55:00,1086.7,1091.0,1085.1,1090.0,113622
2026-02-26 14:05:00,1090.0,1094.4,1088.5,1094.3,102729
2026-02-26 14:15:00,1094.3,1096.4,1093.1,1093.5,113079
2026-02-26 14:25:00,1094.0,1097.1,1093.0,1096.9,135897
2026-02-26 14:35:00,1096.9,1099.4,1096.2,1098.8,147760
2026-02-26 14:45:00,1098.7,1100.9,1098.1,1100.7,226039
2026-02-26 14:55:00,1100.1,1102.8,1099.7,1102.0,301912
2026-02-26 15:05:00,1101.7,1105.0,1101.5,1104.0,426412
2026-02-26 15:15:00,1104.0,1108.0,1103.2,1106.8,479672
2026-02-26 15:25:00,1106.7,1107.7,1101.6,1107.0,225232
2026-02-27 09:15:00,1099.0,1103.9,1090.1,1090.3,242571
2026-02-27 09:25:00,1090.5,1091.5,1087.1,1089.5,135918
2026-02-27 09:35:00,1089.8,1089.9,1086.5,1086.5,67309
2026-02-27 09:45:00,1086.7,1087.3,1080.3,1082.5,144841
2026-02-27 09:55:00,1082.6,1085.1,1082.2,1085.1,76107
2026-02-27 10:05:00,1085.1,1085.8,1084.3,1085.2,30096
2026-02-27 10:15:00,1085.6,1085.8,1083.1,1085.7,39346
2026-02-27 10:25:00,1085.8,1087.9,1085.0,1085.9,40931
2026-02-27 10:35:00,1086.0,1086.5,1083.8,1084.0,62752
2026-02-27 10:45:00,1083.7,1085.2,1083.0,1084.5,42136
2026-02-27 10:55:00,1084.6,1085.2,1082.0,1084.3,51363
2026-02-27 11:05:00,1084.0,1084.9,1083.1,1084.8,46873
2026-02-27 11:15:00,1084.8,1085.2,1083.1,1083.9,26424
2026-02-27 11:25:00,1083.9,1084.7,1082.0,1082.5,18007
2026-02-27 11:35:00,1082.6,1084.3,1081.3,1083.2,59030
2026-02-27 11:45:00,1083.2,1084.5,1082.3,1084.4,17768
2026-02-27 11:55:00,1084.5,1084.9,1081.3,1081.8,119756
2026-02-27 12:05:00,1081.6,1082.2,1079.5,1080.1,52630
2026-02-27 12:15:00,1080.0,1082.3,1079.1,1080.4,85544
2026-02-27 12:25:00,1081.1,1083.5,1081.0,1082.7,32015
2026-02-27 12:35:00,1082.6,1082.6,1080.1,1082.3,20795
2026-02-27 12:45:00,1082.1,1083.3,1079.1,1080.0,26222
2026-02-27 12:55:00,1080.2,1080.8,1079.6,1080.8,15453
2026-02-27 13:05:00,1080.8,1081.9,1077.7,1078.3,36964
2026-02-27 13:15:00,1078.1,1080.5,1075.9,1079.1,206043
2026-02-27 13:25:00,1079.1,1082.1,1079.1,1080.9,45435
2026-02-27 13:35:00,1080.6,1081.5,1079.5,1081.1,33506
2026-02-27 13:45:00,1081.0,1085.6,1080.4,1085.2,75194
2026-02-27 13:55:00,1085.2,1085.3,1081.7,1083.2,156630
2026-02-27 14:05:00,1083.1,1084.8,1082.0,1084.0,222113
2026-02-27 14:15:00,1084.0,1085.1,1083.9,1084.0,47039
2026-02-27 14:25:00,1084.0,1084.3,1082.6,1083.1,46652
2026-02-27 14:35:00,1083.0,1086.0,1083.0,1085.1,61778
2026-02-27 14:45:00,1085.1,1088.6,1083.0,1087.4,143173
2026-02-27 14:55:00,1087.8,1089.2,1073.3,1075.7,674980
2026-02-27 15:05:00,1076.3,1081.5,1075.2,1080.2,981541
2026-02-27 15:15:00,1080.1,1081.9,1078.3,1081.2,984000
2026-02-27 15:25:00,1081.2,1084.2,1077.0,1079.5,417143
2026-03-02 09:15:00,1044.0,1069.2,1038.0,1065.1,613558
2026-03-02 09:25:00,1065.5,1070.2,1059.7,1068.7,194393
2026-03-02 09:35:00,1068.7,1070.3,1066.4,1069.3,128945
2026-03-02 09:45:00,1069.0,1071.0,1064.0,1064.1,167266
2026-03-02 09:55:00,1064.7,1065.6,1060.5,1060.8,132869
2026-03-02 10:05:00,1060.6,1061.8,1059.0,1060.0,72429
2026-03-02 10:15:00,1060.4,1060.5,1056.3,1058.8,54660
2026-03-02 10:25:00,1058.8,1060.8,1057.0,1057.7,44629
2026-03-02 10:35:00,1057.7,1058.3,1053.0,1053.0,53587
2026-03-02 10:45:00,1053.1,1054.1,1049.3,1051.0,67709
2026-03-02 10:55:00,1050.6,1058.4,1050.6,1057.4,116866
2026-03-02 11:05:00,1057.4,1058.9,1054.5,1055.0,79244
2026-03-02 11:15:00,1055.0,1057.2,1054.5,1055.9,58330
2026-03-02 11:25:00,1056.3,1056.7,1053.0,1053.8,43309
2026-03-02 11:35:00,1053.8,1056.7,1052.0,1056.0,101614
2026-03-02 11:45:00,1056.0,1059.4,1055.0,1056.0,119217
2026-03-02 11:55:00,1056.1,1056.1,1052.4,1055.1,88551
2026-03-02 12:05:00,1055.1,1056.3,1053.7,1053.7,47274
2026-03-02 12:15:00,1053.7,1055.4,1052.9,1055.0,74614
2026-03-02 12:25:00,1055.0,1056.0,1053.7,1054.4,52785
2026-03-02 12:35:00,1054.3,1054.7,1047.6,1048.4,208599
2026-03-02 12:45:00,1048.7,1049.8,1046.0,1047.3,101953
2026-03-02 12:55:00,1047.8,1049.0,1046.2,1047.1,87045
2026-03-02 13:05:00,1047.1,1049.7,1046.4,1046.9,74196
2026-03-02 13:15:00,1047.2,1048.3,1043.4,1044.6,254865
2026-03-02 13:25:00,1044.4,1044.7,1041.7,1043.6,64629
2026-03-02 13:35:00,1043.7,1045.0,1042.1,1043.9,92826
2026-03-02 13:45:00,1044.0,1044.4,1040.8,1041.0,107490
2026-03-02 13:55:00,1041.0,1048.3,1039.0,1044.9,331871
2026-03-02 14:05:00,1044.8,1049.8,1044.6,1048.8,498684
2026-03-02 14:15:00,1049.5,1050.2,1047.5,1049.4,193505
2026-03-02 14:25:00,1049.4,1049.5,1043.7,1049.0,208693
2026-03-02 14:35:00,1049.0,1054.4,1048.9,1053.2,295235
2026-03-02 14:45:00,1053.6,1060.9,1050.8,1059.8,363844
2026-03-02 14:55:00,1059.8,1060.1,1051.0,1052.8,433542
2026-03-02 15:05:00,1052.7,1055.3,1050.8,1055.2,346303
2026-03-02 15:15:00,1055.3,1057.7,1048.7,1049.1,532927
2026-03-02 15:25:00,1049.5,1051.8,1048.0,1048.1,179017
2026-03-04 09:15:00,1042.3,1042.5,1007.0,1009.7,1092885
2026-03-04 09:25:00,1009.7,1013.8,1001.5,1003.7,442922
2026-03-04 09:35:00,1003.9,1007.3,1002.1,1004.1,327574
2026-03-04 09:45:00,1004.0,1004.1,991.0,995.0,832124
2026-03-04 09:55:00,995.0,995.3,987.4,989.5,326421
2026-03-04 10:05:00,989.5,1001.0,987.7,1000.0,292894
2026-03-04 10:15:00,999.6,1000.0,993.0,993.3,244176
2026-03-04 10:25:00,993.3,997.9,993.0,994.7,144183
2026-03-04 10:35:00,994.8,996.0,992.0,996.0,105517
2026-03-04 10:45:00,995.7,998.7,994.9,997.5,119491
2026-03-04 10:55:00,997.9,1000.7,997.0,999.2,134583
2026-03-04 11:05:00,999.2,1004.0,998.3,1001.8,136396
2026-03-04 11:15:00,1002.0,1002.2,1000.0,1000.5,65583
2026-03-04 11:25:00,1000.4,1001.1,998.8,1000.8,128171
2026-03-04 11:35:00,1001.0,1001.9,1000.0,1000.5,81929
2026-03-04 11:45:00,1000.2,1005.3,1000.0,1003.3,125779
2026-03-04 11:55:00,1003.3,1005.0,1002.7,1004.8,104046
2026-03-04 12:05:00,1004.6,1004.9,1000.5,1001.1,110547
2026-03-04 12:15:00,1001.3,1006.0,1001.2,1005.0,115956
2026-03-04 12:25:00,1004.9,1005.5,1001.9,1003.8,98263
2026-03-04 12:35:00,1003.8,1006.7,1003.7,1006.0,127278
2026-03-04 12:45:00,1006.1,1007.5,1004.9,1005.4,102994
2026-03-04 12:55:00,1005.5,1008.6,1005.1,1008.5,106438
2026-03-04 13:05:00,1008.4,1010.0,1007.4,1009.2,116348
2026-03-04 13:15:00,1009.3,1013.5,1008.5,1012.7,147304
2026-03-04 13:25:00,1012.7,1014.7,1010.3,1012.3,134982
2026-03-04 13:35:00,1012.2,1013.0,1009.7,1011.3,99720
2026-03-04 13:45:00,1011.3,1011.7,1010.0,1010.2,110894
2026-03-04 13:55:00,1010.0,1011.5,1008.3,1011.2,134251
2026-03-04 14:05:00,1011.3,1015.1,1008.5,1014.6,272666
2026-03-04 14:15:00,1014.6,1019.0,1013.9,1016.6,257181
2026-03-04 14:25:00,1016.3,1021.6,1012.2,1018.7,392414
2026-03-04 14:35:00,1018.9,1019.4,1014.4,1018.3,377004
2026-03-04 14:45:00,1018.3,1020.0,1014.6,1018.0,243910
2026-03-04 14:55:00,1017.9,1018.7,1010.5,1010.6,367850
2026-03-04 15:05:00,1010.6,1011.3,1007.7,1008.7,380161
2026-03-04 15:15:00,1008.6,1011.4,1007.3,1010.4,389036
2026-03-04 15:25:00,1010.4,1011.4,1008.0,1010.0,165304
2026-03-05 09:15:00,1022.3,1032.0,1018.3,1020.9,558136
2026-03-05 09:25:00,1020.9,1025.2,1020.2,1024.7,153122
2026-03-05 09:35:00,1024.7,1027.3,1020.1,1025.1,168384
2026-03-05 09:45:00,1025.1,1029.4,1024.4,1029.4,90410
2026-03-05 09:55:00,1029.2,1032.5,1026.5,1031.0,125777
2026-03-05 10:05:00,1031.1,1037.0,1031.1,1035.1,236688
2026-03-05 10:15:00,1035.1,1036.3,1031.0,1032.8,154344
2026-03-05 10:25:00,1032.7,1035.1,1030.0,1030.9,152522
2026-03-05 10:35:00,1031.0,1037.0,1030.8,1035.6,70182
2026-03-05 10:45:00,1036.0,1036.8,1033.1,1034.0,57973
2026-03-05 10:55:00,1034.0,1039.6,1033.2,1039.3,127183
2026-03-05 11:05:00,1039.6,1039.8,1036.7,1037.6,105872
2026-03-05 11:15:00,1037.6,1037.6,1033.2,1033.5,76293
2026-03-05 11:25:00,1033.5,1033.7,1030.2,1032.4,104520
2026-03-05 11:35:00,1032.2,1032.9,1028.5,1028.8,88520
2026-03-05 11:45:00,1028.8,1031.1,1028.8,1031.1,68517
2026-03-05 11:55:00,1031.0,1031.5,1029.2,1031.2,72813
2026-03-05 12:05:00,1031.2,1031.6,1029.0,1031.5,100258
2026-03-05 12:15:00,1031.0,1034.7,1030.1,1034.7,81397
2026-03-05 12:25:00,1034.6,1037.0,1034.3,1035.2,70736
2026-03-05 12:35:00,1035.2,1036.0,1033.5,1034.9,53280
2026-03-05 12:45:00,1034.8,1036.0,1032.3,1033.9,58291
2026-03-05 12:55:00,1033.9,1034.7,1032.0,1032.8,74318
2026-03-05 13:05:00,1032.2,1034.1,1032.0,1033.8,51202
2026-03-05 13:15:00,1033.8,1034.3,1032.2,1033.3,51756
2026-03-05 13:25:00,1033.3,1036.0,1032.0,1032.6,81983
2026-03-05 13:35:00,1032.4,1033.5,1030.0,1033.1,169297
2026-03-05 13:45:00,1033.1,1034.0,1031.1,1031.5,144404
2026-03-05 13:55:00,1031.5,1031.8,1027.0,1027.6,103408
2026-03-05 14:05:00,1027.2,1027.6,1025.3,1026.3,85581
2026-03-05 14:15:00,1026.5,1028.1,1023.0,1027.3,143765
2026-03-05 14:25:00,1026.9,1028.1,1025.2,1025.9,112317
2026-03-05 14:35:00,1025.7,1037.8,1025.7,1037.2,128997
2026-03-05 14:45:00,1037.2,1046.4,1036.9,1046.0,314089
2026-03-05 14:55:00,1045.9,1046.1,1038.4,1039.2,213509
2026-03-05 15:05:00,1039.3,1040.8,1037.8,1039.3,247853
2026-03-05 15:15:00,1039.6,1040.8,1036.3,1038.8,235591
2026-03-05 15:25:00,1038.8,1040.0,1035.0,1039.5,104238
2026-03-06 09:15:00,1043.9,1051.2,1030.7,1048.7,438541
2026-03-06 09:25:00,1048.4,1052.0,1045.7,1046.2,195972
2026-03-06 09:35:00,1046.0,1047.9,1044.2,1046.0,113211
2026-03-06 09:45:00,1046.0,1048.0,1042.2,1043.6,103505
2026-03-06 09:55:00,1043.6,1043.6,1037.6,1039.2,118307
2026-03-06 10:05:00,1039.0,1040.9,1037.8,1039.3,78726
2026-03-06 10:15:00,1039.6,1041.0,1037.6,1039.9,80396
2026-03-06 10:25:00,1039.8,1040.8,1037.3,1037.3,70161
2026-03-06 10:35:00,1037.5,1038.6,1035.6,1036.3,99096
2026-03-06 10:45:00,1036.3,1039.0,1033.3,1037.0,122583
2026-03-06 10:55:00,1036.7,1040.9,1035.3,1040.9,78425
2026-03-06 11:05:00,1040.8,1041.4,1038.2,1038.6,52613
2026-03-06 11:15:00,1038.7,1038.9,1034.4,1036.9,64667
2026-03-06 11:25:00,1036.8,1039.0,1036.8,1038.8,44383
2026-03-06 11:35:00,1038.8,1041.9,1038.6,1039.0,86435
2026-03-06 11:45:00,1038.6,1040.9,1037.6,1039.4,52379
2026-03-06 11:55:00,1039.4,1040.9,1038.6,1038.9,46529
2026-03-06 12:05:00,1039.2,1039.8,1038.3,1038.8,42241
2026-03-06 12:15:00,1038.8,1039.3,1036.0,1036.3,70865
2026-03-06 12:25:00,1036.6,1036.6,1034.0,1035.8,57185
2026-03-06 12:35:00,1035.8,1037.0,1035.6,1036.7,44654
2026-03-06 12:45:00,1036.7,1037.4,1034.8,1035.9,47475
2026-03-06 12:55:00,1035.9,1037.6,1035.1,1035.6,41348
2026-03-06 13:05:00,1035.6,1036.7,1034.3,1034.9,75615
2026-03-06 13:15:00,1034.9,1036.3,1032.5,1032.5,125909
2026-03-06 13:25:00,1032.9,1033.0,1027.9,1029.0,83079
2026-03-06 13:35:00,1029.1,1029.4,1027.2,1028.8,63603
2026-03-06 13:45:00,1028.8,1029.5,1026.7,1027.9,60609
2026-03-06 13:55:00,1027.9,1028.6,1025.3,1025.3,133375
2026-03-06 14:05:00,1025.3,1028.5,1023.8,1026.7,110468
2026-03-06 14:15:00,1026.6,1026.8,1024.6,1024.6,72213
2026-03-06 14:25:00,1024.6,1026.5,1020.5,1021.1,103876
2026-03-06 14:35:00,1021.1,1022.4,1016.9,1017.3,1535762
2026-03-06 14:45:00,1017.6,1017.7,1011.0,1016.0,314108
2026-03-06 14:55:00,1015.5,1016.0,1009.0,1013.5,865973
2026-03-06 15:05:00,1013.5,1013.7,1004.2,1004.5,635130
2026-03-06 15:15:00,1004.5,1010.0,1000.0,1010.0,1461762
2026-03-06 15:25:00,1010.1,1012.8,1008.4,1010.7,347200
2026-03-09 09:15:00,957.5,962.8,934.2,950.7,1854738
2026-03-09 09:25:00,949.8,956.0,943.0,950.2,666763
2026-03-09 09:35:00,950.2,956.9,950.0,952.0,381992
2026-03-09 09:45:00,951.7,953.3,950.3,952.9,265508
2026-03-09 09:55:00,953.1,956.4,951.5,952.7,169732
2026-03-09 10:05:00,952.9,958.2,952.8,954.6,192343
2026-03-09 10:15:00,954.3,956.2,951.4,954.9,153806
2026-03-09 10:25:00,954.9,957.0,954.5,954.7,101919
2026-03-09 10:35:00,954.7,955.8,950.6,952.6,160516
2026-03-09 10:45:00,952.8,958.9,950.0,958.4,491782
2026-03-09 10:55:00,958.4,959.7,954.1,954.4,212109
2026-03-09 11:05:00,954.3,954.4,949.1,951.6,186364
2026-03-09 11:15:00,951.7,959.2,950.3,958.5,241112
2026-03-09 11:25:00,958.6,960.4,954.8,959.0,240529
2026-03-09 11:35:00,959.2,972.5,958.4,971.5,385490
2026-03-09 11:45:00,971.2,976.8,968.7,975.2,230589
2026-03-09 11:55:00,975.2,976.0,968.8,971.7,202271
2026-03-09 12:05:00,971.7,975.2,968.5,971.5,224842
2026-03-09 12:15:00,971.7,978.0,969.1,977.0,334512
2026-03-09 12:25:00,977.1,981.0,976.6,977.2,915041
2026-03-09 12:35:00,977.3,981.0,976.5,980.0,103645
2026-03-09 12:45:00,979.9,982.5,978.4,981.1,109568
2026-03-09 12:55:00,981.2,985.7,979.2,983.5,130009
2026-03-09 13:05:00,984.1,984.7,981.1,981.8,75869
2026-03-09 13:15:00,981.8,984.4,981.0,982.4,76658
2026-03-09 13:25:00,982.3,988.0,981.5,985.9,115188
2026-03-09 13:35:00,985.8,986.5,984.0,984.5,74739
2026-03-09 13:45:00,984.2,985.0,981.4,985.0,84533
2026-03-09 13:55:00,984.8,986.4,978.0,979.4,230095
2026-03-09 14:05:00,979.4,980.8,976.6,976.9,350451
2026-03-09 14:15:00,977.0,979.3,976.0,979.3,252540
2026-03-09 14:25:00,979.3,986.0,977.0,983.6,398645
2026-03-09 14:35:00,983.7,989.9,982.9,988.7,337529
2026-03-09 14:45:00,988.7,993.0,987.6,990.3,361709
2026-03-09 14:55:00,990.3,991.7,986.8,989.0,440996
2026-03-09 15:05:00,989.1,989.6,984.9,988.1,491481
2026-03-09 15:15:00,988.0,988.5,984.8,986.5,529574
2026-03-09 15:25:00,986.7,990.5,986.3,989.9,165868
2026-03-10 09:15:00,1010.0,1029.0,1006.7,1022.9,1049453
2026-03-10 09:25:00,1023.2,1025.0,1014.4,1017.3,412411
2026-03-10 09:35:00,1017.1,1023.1,1011.2,1023.1,447872
2026-03-10 09:45:00,1023.2,1027.6,1021.6,1027.0,389892
2026-03-10 09:55:00,1027.0,1040.3,1026.0,1037.1,766408
2026-03-10 10:05:00,1037.6,1043.6,1035.1,1038.9,571110
2026-03-10 10:15:00,1039.0,1043.0,1032.6,1034.7,339662
2026-03-10 10:25:00,1034.7,1040.2,1034.1,1038.0,286969
2026-03-10 10:35:00,1037.9,1041.8,1036.5,1041.1,289459
2026-03-10 10:45:00,1041.1,1045.7,1039.3,1042.1,558731
2026-03-10 10:55:00,1042.1,1043.3,1040.1,1041.3,151905
2026-03-10 11:05:00,1041.2,1045.5,1041.0,1045.5,218666
2026-03-10 11:15:00,1045.3,1051.2,1045.0,1050.7,285371
2026-03-10 11:25:00,1050.7,1053.5,1048.2,1051.3,338225
2026-03-10 11:35:00,1051.0,1052.4,1050.1,1051.0,125164
2026-03-10 11:45:00,1051.0,1052.5,1048.2,1048.6,162712
2026-03-10 11:55:00,1048.6,1050.0,1046.7,1048.6,154057
2026-03-10 12:05:00,1048.6,1052.9,1046.4,1046.6,185565
2026-03-10 12:15:00,1046.7,1049.7,1045.3,1048.6,163326
2026-03-10 12:25:00,1048.6,1050.9,1047.0,1050.5,325385
2026-03-10 12:35:00,1050.8,1052.6,1050.0,1050.7,177568
2026-03-10 12:45:00,1050.6,1056.2,1050.5,1055.7,416169
2026-03-10 12:55:00,1055.7,1056.5,1053.5,1055.2,185274
2026-03-10 13:05:00,1055.0,1057.0,1050.3,1055.7,288706
2026-03-10 13:15:00,1055.8,1059.0,1054.2,1056.6,253163
2026-03-10 13:25:00,1057.0,1063.0,1056.5,1061.2,600525
2026-03-10 13:35:00,1061.2,1065.2,1060.4,1064.7,341826
2026-03-10 13:45:00,1064.7,1068.3,1063.3,1065.5,380154
2026-03-10 13:55:00,1065.5,1066.5,1056.2,1058.5,394744
2026-03-10 14:05:00,1058.5,1063.4,1057.5,1061.5,326505
2026-03-10 14:15:00,1061.5,1062.9,1055.3,1057.2,291408
2026-03-10 14:25:00,1057.2,1057.5,1054.6,1054.9,301263
2026-03-10 14:35:00,1054.7,1056.5,1053.3,1056.2,410158
2026-03-10 14:45:00,1056.1,1061.3,1053.3,1059.7,456511
2026-03-10 14:55:00,1060.1,1061.9,1058.3,1060.0,642897
2026-03-10 15:05:00,1059.9,1063.8,1058.8,1062.6,612059
2026-03-10 15:15:00,1062.8,1066.8,1062.4,1066.6,735088
2026-03-10 15:25:00,1066.6,1068.0,1063.0,1066.7,217741
2026-03-11 09:15:00,1062.9,1077.9,1051.2,1055.8,969789
2026-03-11 09:25:00,1055.8,1063.5,1054.0,1061.6,589657
2026-03-11 09:35:00,1061.4,1061.7,1056.2,1058.7,176411
2026-03-11 09:45:00,1058.8,1065.0,1057.7,1060.6,664386
2026-03-11 09:55:00,1060.6,1066.1,1058.5,1058.5,313883
2026-03-11 10:05:00,1058.6,1060.4,1058.0,1059.5,157834
2026-03-11 10:15:00,1059.3,1060.1,1056.3,1058.4,261647
2026-03-11 10:25:00,1058.8,1060.5,1058.4,1060.2,129530
2026-03-11 10:35:00,1060.2,1061.8,1056.4,1056.7,147956
2026-03-11 10:45:00,1056.7,1061.0,1056.1,1059.4,281028
2026-03-11 10:55:00,1059.5,1061.8,1057.1,1059.4,133727
2026-03-11 11:05:00,1059.4,1059.4,1057.0,1058.1,98433
2026-03-11 11:15:00,1058.2,1058.3,1053.8,1053.8,150054
2026-03-11 11:25:00,1054.2,1055.2,1052.6,1054.4,197620
2026-03-11 11:35:00,1054.4,1057.6,1052.9,1055.1,130837
2026-03-11 11:45:00,1054.9,1055.4,1051.4,1051.8,174869
2026-03-11 11:55:00,1051.8,1052.1,1049.5,1051.7,221390
2026-03-11 12:05:00,1051.7,1051.9,1049.7,1050.1,176136
2026-03-11 12:15:00,1050.3,1050.8,1049.4,1049.8,129130
2026-03-11 12:25:00,1049.7,1050.3,1046.2,1046.4,267487
2026-03-11 12:35:00,1046.6,1047.7,1043.3,1046.0,137892
2026-03-11 12:45:00,1045.7,1046.5,1043.0,1045.1,96740
2026-03-11 12:55:00,1045.2,1045.6,1041.6,1042.1,320304
2026-03-11 13:05:00,1042.3,1042.7,1039.2,1040.0,155729
2026-03-11 13:15:00,1040.3,1040.4,1036.2,1039.3,214934
2026-03-11 13:25:00,1039.2,1040.0,1036.7,1037.7,224699
2026-03-11 13:35:00,1038.0,1038.0,1032.5,1033.0,139394
2026-03-11 13:45:00,1033.3,1034.4,1032.1,1033.0,150790
2026-03-11 13:55:00,1033.1,1033.9,1031.4,1032.4,134305
2026-03-11 14:05:00,1032.5,1034.3,1032.0,1033.9,133229
2026-03-11 14:15:00,1033.9,1036.9,1031.8,1036.3,143067
2026-03-11 14:25:00,1036.1,1041.0,1033.2,1038.5,295022
2026-03-11 14:35:00,1038.2,1039.1,1035.1,1036.0,453207
2026-03-11 14:45:00,1036.0,1037.1,1032.4,1035.1,492726
2026-03-11 14:55:00,1035.1,1035.9,1032.7,1032.9,438193
2026-03-11 15:05:00,1032.8,1033.0,1028.7,1029.8,852168
2026-03-11 15:15:00,1029.8,1032.0,1029.3,1031.0,535330
2026-03-11 15:25:00,1031.5,1040.4,1031.0,1038.0,402254
2026-03-12 09:15:00,1021.1,1023.0,1008.1,1012.6,541794
2026-03-12 09:25:00,1013.0,1015.0,1008.6,1011.1,452564
2026-03-12 09:35:00,1011.1,1012.8,1006.1,1011.2,373674
2026-03-12 09:45:00,1011.2,1017.4,1010.3,1016.0,223811
2026-03-12 09:55:00,1015.9,1019.5,1014.2,1015.5,366511
2026-03-12 10:05:00,1015.6,1021.1,1013.3,1016.0,164746
2026-03-12 10:15:00,1016.3,1016.8,1013.4,1015.6,59981
2026-03-12 10:25:00,1015.9,1019.0,1015.1,1018.6,83634
2026-03-12 10:35:00,1018.3,1028.0,1017.7,1023.6,273252
2026-03-12 10:45:00,1023.6,1024.5,1021.5,1022.4,56446
2026-03-12 10:55:00,1022.4,1027.2,1021.7,1026.5,67535
2026-03-12 11:05:00,1026.6,1028.3,1024.7,1028.0,89410
2026-03-12 11:15:00,1028.0,1031.7,1023.4,1025.9,118521
2026-03-12 11:25:00,1026.4,1031.0,1026.0,1030.0,81190
2026-03-12 11:35:00,1030.3,1034.4,1029.4,1033.4,93266
2026-03-12 11:45:00,1033.4,1034.7,1031.1,1033.2,85366
2026-03-12 11:55:00,1033.1,1036.9,1032.6,1035.5,122956
2026-03-12 12:05:00,1035.6,1036.4,1033.2,1036.2,66573
2026-03-12 12:15:00,1036.2,1036.3,1033.5,1035.3,49384
2026-03-12 12:25:00,1035.1,1036.5,1032.2,1033.1,71832
2026-03-12 12:35:00,1033.0,1033.6,1030.0,1033.5,84504
2026-03-12 12:45:00,1033.6,1035.3,1033.0,1033.8,39275
2026-03-12 12:55:00,1033.9,1033.9,1030.7,1031.6,87308
2026-03-12 13:05:00,1031.6,1036.1,1028.1,1035.9,140609
2026-03-12 13:15:00,1035.9,1040.4,1035.5,1040.0,75864
2026-03-12 13:25:00,1040.1,1043.1,1038.1,1041.6,143476
2026-03-12 13:35:00,1041.7,1046.7,1041.7,1043.3,101012
2026-03-12 13:45:00,1043.4,1045.9,1042.1,1042.4,123776
2026-03-12 13:55:00,1042.4,1042.7,1039.6,1040.5,142380
2026-03-12 14:05:00,1040.5,1042.4,1036.4,1039.2,156030
2026-03-12 14:15:00,1039.2,1039.2,1033.7,1033.7,184612
2026-03-12 14:25:00,1033.7,1035.2,1030.7,1034.6,219281
2026-03-12 14:35:00,1034.7,1038.8,1032.1,1032.5,255704
2026-03-12 14:45:00,1032.3,1036.3,1030.3,1036.1,255573
2026-03-12 14:55:00,1036.1,1037.3,1033.6,1034.9,359742
2026-03-12 15:05:00,1035.0,1035.0,1030.4,1030.7,480191
2026-03-12 15:15:00,1030.8,1031.9,1029.4,1030.2,532326
2026-03-12 15:25:00,1030.2,1030.3,1026.6,1029.1,211463
2026-03-13 09:15:00,1021.3,1028.0,1014.7,1015.0,351128
2026-03-13 09:25:00,1014.8,1019.5,1013.0,1017.0,146642
2026-03-13 09:35:00,1017.0,1017.2,1013.0,1014.0,197142
2026-03-13 09:45:00,1014.0,1014.0,1007.3,1008.0,108534
2026-03-13 09:55:00,1008.0,1010.0,1006.5,1009.7,189055
2026-03-13 10:05:00,1009.8,1011.6,1008.5,1009.7,96861
2026-03-13 10:15:00,1009.7,1011.4,999.8,1001.5,217022
2026-03-13 10:25:00,1001.3,1006.5,1000.3,1003.4,167384
2026-03-13 10:35:00,1003.1,1004.8,1002.8,1004.4,54362
2026-03-13 10:45:00,1004.4,1010.0,1003.3,1007.5,172865
2026-03-13 10:55:00,1007.7,1009.0,1004.0,1004.2,71361
2026-03-13 11:05:00,1004.4,1004.4,1001.0,1001.4,118828
2026-03-13 11:15:00,1001.3,1005.6,1000.7,1004.7,85332
2026-03-13 11:25:00,1004.3,1007.7,1003.9,1004.2,111673
2026-03-13 11:35:00,1004.0,1009.0,1004.0,1007.0,124858
2026-03-13 11:45:00,1006.8,1008.7,1005.8,1006.0,61458
2026-03-13 11:55:00,1006.0,1006.2,1004.0,1004.7,47877
2026-03-13 12:05:00,1004.7,1005.1,1002.8,1005.1,45523
2026-03-13 12:15:00,1005.0,1005.1,1001.6,1002.2,203817
2026-03-13 12:25:00,1002.2,1005.3,1002.0,1002.2,225417
2026-03-13 12:35:00,1002.2,1003.0,996.5,997.4,145309
2026-03-13 12:45:00,997.0,1001.3,996.6,999.4,79115
2026-03-13 12:55:00,999.5,1002.0,998.3,1001.6,73099
2026-03-13 13:05:00,1001.8,1001.8,996.6,996.9,77514
2026-03-13 13:15:00,996.8,998.5,994.7,994.9,85611
2026-03-13 13:25:00,995.1,1001.8,994.8,999.4,116995
2026-03-13 13:35:00,999.4,1000.3,997.7,999.5,79783
2026-03-13 13:45:00,999.5,1000.5,998.3,998.6,130688
2026-03-13 13:55:00,998.6,998.9,996.2,998.6,80644
2026-03-13 14:05:00,998.7,1002.0,998.2,1001.8,137875
2026-03-13 14:15:00,1001.8,1005.2,1001.3,1002.7,181909
2026-03-13 14:25:00,1002.8,1005.7,1001.0,1004.9,354097
2026-03-13 14:35:00,1005.2,1005.2,1000.6,1002.9,248300
2026-03-13 14:45:00,1002.5,1005.6,999.2,1004.3,331761
2026-03-13 14:55:00,1004.3,1004.4,1000.3,1001.0,366792
2026-03-13 15:05:00,1001.0,1004.3,999.4,1003.3,516906
2026-03-13 15:15:00,1003.3,1006.3,1003.0,1005.0,626992
2026-03-13 15:25:00,1005.0,1007.9,1004.7,1005.9,120023
2026-03-16 09:15:00,990.0,993.6,978.0,980.6,1260420
2026-03-16 09:25:00,981.1,983.7,969.3,981.8,786741
2026-03-16 09:35:00,982.0,991.0,981.9,989.8,1237910
2026-03-16 09:45:00,989.6,1002.9,989.6,1000.8,587662
2026-03-16 09:55:00,1001.0,1001.7,994.5,998.0,352865
2026-03-16 10:05:00,998.0,998.6,990.9,994.4,292985
2026-03-16 10:15:00,994.2,994.3,988.2,990.0,146890
2026-03-16 10:25:00,990.0,991.0,985.3,986.9,178781
2026-03-16 10:35:00,987.1,990.0,985.0,985.2,145483
2026-03-16 10:45:00,985.1,986.1,981.3,981.4,96224
2026-03-16 10:55:00,981.3,989.7,979.7,988.5,156476
2026-03-16 11:05:00,988.5,990.0,983.0,984.8,158430
2026-03-16 11:15:00,984.8,995.8,984.1,993.6,201465
2026-03-16 11:25:00,993.2,998.0,991.8,997.9,105053
2026-03-16 11:35:00,998.0,999.8,994.0,994.7,243574
2026-03-16 11:45:00,994.7,996.5,990.2,990.6,219003
2026-03-16 11:55:00,990.6,996.6,988.7,993.1,206828
2026-03-16 12:05:00,993.1,994.3,991.5,992.0,74222
2026-03-16 12:15:00,991.8,991.9,988.7,990.8,89055
2026-03-16 12:25:00,990.8,990.8,987.5,987.7,102446
2026-03-16 12:35:00,987.9,988.6,984.1,984.7,129599
2026-03-16 12:45:00,984.8,984.8,980.7,982.3,100065
2026-03-16 12:55:00,982.3,984.7,980.8,981.1,103055
2026-03-16 13:05:00,981.7,981.7,977.4,977.5,168421
2026-03-16 13:15:00,977.6,980.5,977.6,979.3,90135
2026-03-16 13:25:00,979.5,980.8,978.0,978.6,128242
2026-03-16 13:35:00,978.6,980.8,977.9,977.9,82630
2026-03-16 13:45:00,978.0,981.6,976.2,980.3,102288
2026-03-16 13:55:00,979.8,981.4,978.7,979.6,43008
2026-03-16 14:05:00,979.4,982.5,978.1,979.9,73542
2026-03-16 14:15:00,979.9,989.5,978.1,989.1,151209
2026-03-16 14:25:00,989.0,993.1,987.2,989.4,655865
2026-03-16 14:35:00,989.2,999.8,988.5,997.6,621650
2026-03-16 14:45:00,997.7,998.5,995.1,996.7,272884
2026-03-16 14:55:00,996.4,997.8,990.7,992.3,321109
2026-03-16 15:05:00,992.3,995.7,991.3,992.1,305131
2026-03-16 15:15:00,991.6,993.1,988.2,988.6,299276
2026-03-16 15:25:00,988.6,990.0,987.6,990.0,93930
2026-03-17 09:15:00,999.9,999.9,986.1,987.5,270178
2026-03-17 09:25:00,987.5,991.0,983.2,989.1,144163
2026-03-17 09:35:00,989.5,996.9,989.0,996.3,178877
2026-03-17 09:45:00,996.8,1004.8,996.1,1002.5,159769
2026-03-17 09:55:00,1002.1,1004.7,1000.2,1003.0,134798
2026-03-17 10:05:00,1003.0,1008.0,1001.2,1007.5,169395
2026-03-17 10:15:00,1007.7,1012.0,1007.5,1010.5,138499
2026-03-17 10:25:00,1010.3,1011.2,1004.4,1004.8,205297
2026-03-17 10:35:00,1004.5,1005.5,1001.9,1004.4,87094
2026-03-17 10:45:00,1004.4,1008.0,1002.9,1007.6,63113
2026-03-17 10:55:00,1007.3,1009.0,1006.5,1007.4,49992
2026-03-17 11:05:00,1007.2,1008.0,1004.2,1005.9,47536
2026-03-17 11:15:00,1005.9,1006.9,1001.1,1001.6,75957
2026-03-17 11:25:00,1001.5,1002.2,995.3,995.8,164775
2026-03-17 11:35:00,995.8,998.1,994.9,997.4,68944
2026-03-17 11:45:00,997.3,999.7,996.5,997.6,77855
2026-03-17 11:55:00,997.5,998.2,994.6,997.7,63282
2026-03-17 12:05:00,997.2,1000.6,996.6,1000.3,41339
2026-03-17 12:15:00,1000.0,1000.4,995.8,996.2,44164
2026-03-17 12:25:00,995.8,997.5,994.6,997.4,50008
2026-03-17 12:35:00,997.5,998.7,996.7,998.5,32887
2026-03-17 12:45:00,998.6,999.7,996.4,997.0,54998
2026-03-17 12:55:00,997.2,1001.1,996.1,1000.7,82533
2026-03-17 13:05:00,1000.7,1002.5,998.9,1002.1,49363
2026-03-17 13:15:00,1002.3,1004.8,1001.4,1001.8,61089
2026-03-17 13:25:00,1002.0,1003.6,1000.7,1001.5,74808
2026-03-17 13:35:00,1001.7,1002.0,999.1,1000.8,78660
2026-03-17 13:45:00,1000.9,1004.3,1000.7,1003.4,76020
2026-03-17 13:55:00,1003.4,1005.0,1001.8,1004.4,77584
2026-03-17 14:05:00,1004.4,1005.6,1002.0,1004.9,81633
2026-03-17 14:15:00,1004.8,1005.4,1000.9,1000.9,224159
2026-03-17 14:25:00,1000.8,1004.8,999.1,1003.2,156522
2026-03-17 14:35:00,1003.8,1006.8,1002.9,1003.7,142220
2026-03-17 14:45:00,1003.9,1005.3,1001.1,1005.3,87754
2026-03-17 14:55:00,1005.2,1007.9,1004.1,1005.4,180244
2026-03-17 15:05:00,1005.2,1005.5,1003.3,1004.2,187620
2026-03-17 15:15:00,1004.1,1005.0,1003.3,1003.7,189935
2026-03-17 15:25:00,1003.6,1005.5,1002.6,1004.5,96599
2026-03-18 09:15:00,1013.3,1028.9,1011.1,1024.0,431250
2026-03-18 09:25:00,1023.3,1027.5,1020.5,1027.1,148991
2026-03-18 09:35:00,1027.1,1027.1,1020.2,1025.0,149229
2026-03-18 09:45:00,1024.6,1026.4,1022.5,1023.0,77108
2026-03-18 09:55:00,1023.1,1023.1,1012.2,1013.6,169857
2026-03-18 10:05:00,1013.7,1015.0,1010.4,1013.1,111716
2026-03-18 10:15:00,1013.1,1016.5,1013.0,1016.5,90611
2026-03-18 10:25:00,1016.5,1016.7,1014.2,1014.9,43554
2026-03-18 10:35:00,1014.8,1015.8,1012.4,1012.7,52164
2026-03-18 10:45:00,1013.0,1014.8,1012.0,1012.1,59115
2026-03-18 10:55:00,1012.6,1014.6,1008.5,1011.3,93634
2026-03-18 11:05:00,1011.3,1014.3,1010.8,1012.3,47167
2026-03-18 11:15:00,1012.4,1017.0,1008.9,1015.3,91871
2026-03-18 11:25:00,1015.2,1015.7,1013.2,1014.3,42256
2026-03-18 11:35:00,1014.3,1017.2,1013.5,1015.9,66683
2026-03-18 11:45:00,1016.2,1017.7,1015.1,1016.3,57272
2026-03-18 11:55:00,1016.3,1017.3,1012.3,1012.3,89294
2026-03-18 12:05:00,1012.5,1013.7,1011.3,1012.4,54195
2026-03-18 12:15:00,1012.4,1013.3,1011.6,1012.7,25918
2026-03-18 12:25:00,1012.1,1013.5,1010.1,1013.5,32204
2026-03-18 12:35:00,1013.5,1013.5,1010.9,1011.7,20522
2026-03-18 12:45:00,1011.7,1012.8,1010.3,1011.3,27305
2026-03-18 12:55:00,1011.3,1012.8,1010.7,1012.3,29862
2026-03-18 13:05:00,1012.6,1014.8,1011.0,1014.5,38449
2026-03-18 13:15:00,1014.9,1016.4,1013.2,1015.6,69634
2026-03-18 13:25:00,1016.1,1018.4,1014.8,1017.4,55805
2026-03-18 13:35:00,1017.8,1021.9,1016.1,1021.5,115589
2026-03-18 13:45:00,1021.3,1021.5,1019.4,1021.3,52214
2026-03-18 13:55:00,1021.4,1022.0,1019.0,1019.6,58764
2026-03-18 14:05:00,1019.8,1021.9,1018.9,1020.4,42373
2026-03-18 14:15:00,1020.2,1024.0,1019.6,1024.0,104437
2026-03-18 14:25:00,1023.9,1025.0,1018.0,1018.6,121618
2026-03-18 14:35:00,1018.6,1019.5,1015.8,1016.4,88491
2026-03-18 14:45:00,1016.1,1018.5,1015.7,1017.0,58171
2026-03-18 14:55:00,1016.8,1021.8,1016.8,1021.4,225393
2026-03-18 15:05:00,1021.4,1024.2,1020.9,1022.9,416266
2026-03-18 15:15:00,1023.3,1023.8,1018.5,1019.6,304294
2026-03-18 15:25:00,1019.9,1021.5,1017.1,1017.1,130322
2026-03-19 09:15:00,1000.0,1000.0,981.5,992.2,548870
2026-03-19 09:25:00,992.5,994.7,988.0,988.7,190987
2026-03-19 09:35:00,988.7,989.2,985.2,986.0,171555
2026-03-19 09:45:00,986.0,989.1,984.2,985.5,261731
2026-03-19 09:55:00,985.4,985.5,979.0,980.3,369650
2026-03-19 10:05:00,980.3,983.6,980.0,980.8,149768
2026-03-19 10:15:00,980.6,980.6,976.0,976.9,265074
2026-03-19 10:25:00,977.0,979.4,976.1,976.9,266454
2026-03-19 10:35:00,977.0,979.6,973.2,974.1,362768
2026-03-19 10:45:00,974.1,975.6,972.0,972.7,303734
2026-03-19 10:55:00,972.7,975.0,967.3,968.2,671192
2026-03-19 11:05:00,968.4,969.9,967.0,967.2,227346
2026-03-19 11:15:00,967.5,970.0,965.5,969.3,223409
2026-03-19 11:25:00,969.2,970.0,966.3,969.5,186312
2026-03-19 11:35:00,969.6,969.9,967.0,967.1,151277
2026-03-19 11:45:00,967.0,968.1,966.1,967.0,204693
2026-03-19 11:55:00,966.8,966.8,963.5,964.6,226032
2026-03-19 12:05:00,964.6,967.8,963.6,967.8,210507
2026-03-19 12:15:00,967.7,967.7,962.4,963.1,232096
2026-03-19 12:25:00,962.9,964.4,962.1,963.9,204828
2026-03-19 12:35:00,963.9,963.9,958.7,958.9,279443
2026-03-19 12:45:00,958.9,961.4,958.7,960.5,323212
2026-03-19 12:55:00,960.4,961.7,956.5,956.6,344288
2026-03-19 13:05:00,956.6,958.6,956.5,956.7,214006
2026-03-19 13:15:00,956.9,959.4,956.4,957.5,244400
2026-03-19 13:25:00,957.5,959.2,956.3,959.2,159882
2026-03-19 13:35:00,959.0,961.0,958.0,959.0,198605
2026-03-19 13:45:00,958.7,961.1,958.5,961.0,136735
2026-03-19 13:55:00,961.0,961.2,955.1,955.6,185519
2026-03-19 14:05:00,955.6,956.0,952.6,953.7,264730
2026-03-19 14:15:00,953.6,955.6,952.5,954.9,203780
2026-03-19 14:25:00,955.1,958.7,955.0,958.6,218539
2026-03-19 14:35:00,958.6,960.1,954.5,958.0,484473
2026-03-19 14:45:00,957.9,958.0,951.3,951.7,277925
2026-03-19 14:55:00,951.5,952.9,947.1,950.7,763262
2026-03-19 15:05:00,950.7,951.0,946.3,949.3,703755
2026-03-19 15:15:00,949.8,952.7,948.1,950.2,1066489
2026-03-19 15:25:00,950.3,953.9,949.2,953.0,444781
2026-03-20 09:15:00,962.0,966.9,954.5,958.8,2073496
2026-03-20 09:25:00,958.8,961.5,956.4,956.7,547621
2026-03-20 09:35:00,956.7,957.3,940.0,943.3,1051915
2026-03-20 09:45:00,943.3,945.0,938.3,943.1,871994
2026-03-20 09:55:00,943.0,943.0,935.2,939.4,925730
2026-03-20 10:05:00,939.3,939.9,930.5,931.5,1002424
2026-03-20 10:15:00,931.4,931.9,922.3,928.5,1022101
2026-03-20 10:25:00,928.8,936.3,925.0,936.2,873048
2026-03-20 10:35:00,936.2,944.4,935.5,943.0,855624
2026-03-20 10:45:00,942.7,945.6,940.0,943.0,396822
2026-03-20 10:55:00,943.0,952.1,941.8,950.0,476690
2026-03-20 11:05:00,949.8,955.8,949.7,952.6,674668
2026-03-20 11:15:00,952.3,959.5,952.3,955.7,389251
2026-03-20 11:25:00,955.9,957.3,954.0,954.9,274195
2026-03-20 11:35:00,955.0,955.8,949.8,951.0,313123
2026-03-20 11:45:00,951.1,954.2,950.7,952.2,144946
2026-03-20 11:55:00,952.1,952.8,947.6,950.0,231841
2026-03-20 12:05:00,949.8,955.2,949.2,954.4,196810
2026-03-20 12:15:00,954.4,954.6,946.0,948.3,257340
2026-03-20 12:25:00,948.7,949.5,944.3,947.3,296579
2026-03-20 12:35:00,947.5,953.3,946.3,952.6,222715
2026-03-20 12:45:00,952.8,955.0,951.6,952.0,220147
2026-03-20 12:55:00,952.0,953.6,950.1,951.7,227410
2026-03-20 13:05:00,951.9,952.6,949.7,950.3,148145
2026-03-20 13:15:00,950.2,951.6,948.1,951.0,235020
2026-03-20 13:25:00,951.0,952.9,949.4,950.4,244179
2026-03-20 13:35:00,950.4,951.8,949.5,949.8,142064
2026-03-20 13:45:00,949.8,949.8,947.7,949.0,144101
2026-03-20 13:55:00,949.0,950.0,946.2,949.8,186025
2026-03-20 14:05:00,949.8,950.1,945.8,946.5,449458
2026-03-20 14:15:00,946.5,946.8,942.3,945.5,304425
2026-03-20 14:25:00,945.5,947.7,942.3,947.1,290765
2026-03-20 14:35:00,947.0,947.1,941.0,941.7,312846
2026-03-20 14:45:00,941.7,943.4,940.3,941.9,345694
2026-03-20 14:55:00,942.0,952.0,940.5,941.3,2678194
2026-03-20 15:05:00,941.6,942.2,933.4,936.7,4106894
2026-03-20 15:15:00,936.5,938.8,931.9,935.9,3823683
2026-03-20 15:25:00,935.9,940.3,932.6,934.0,1544517
2026-03-23 09:15:00,930.0,930.1,909.3,913.8,751800
2026-03-23 09:25:00,914.3,915.9,902.6,908.8,414125
2026-03-23 09:35:00,908.8,911.3,905.0,908.1,275730
2026-03-23 09:45:00,907.8,907.8,901.3,902.4,257863
2026-03-23 09:55:00,902.4,902.4,896.2,899.9,419742
2026-03-23 10:05:00,899.6,900.0,893.2,894.7,208201
2026-03-23 10:15:00,894.6,895.0,888.8,889.2,246444
2026-03-23 10:25:00,889.4,889.9,882.1,884.8,478437
2026-03-23 10:35:00,884.2,890.1,883.2,885.1,204170
2026-03-23 10:45:00,885.3,886.6,880.8,885.2,253808
2026-03-23 10:55:00,885.1,885.5,881.0,881.5,157857
2026-03-23 11:05:00,881.8,886.3,878.6,883.7,312004
2026-03-23 11:15:00,883.4,884.0,880.3,882.6,185636
2026-03-23 11:25:00,882.6,886.5,881.0,881.5,243595
2026-03-23 11:35:00,881.5,886.5,880.8,882.5,172355
2026-03-23 11:45:00,882.5,882.6,876.1,878.2,259110
2026-03-23 11:55:00,878.3,881.6,877.5,878.5,201203
2026-03-23 12:05:00,878.5,880.9,877.0,877.6,194898
2026-03-23 12:15:00,877.6,878.7,874.0,874.7,242285
2026-03-23 12:25:00,875.0,878.1,873.5,874.2,225789
2026-03-23 12:35:00,874.0,878.7,874.0,875.6,164868
2026-03-23 12:45:00,875.4,877.1,872.3,872.9,237520
2026-03-23 12:55:00,872.9,874.9,872.4,872.9,179609
2026-03-23 13:05:00,872.9,874.8,871.1,872.4,203764
2026-03-23 13:15:00,872.3,873.7,870.2,872.5,252391
2026-03-23 13:25:00,871.8,875.0,870.8,874.0,215187
2026-03-23 13:35:00,874.2,878.5,873.3,877.7,180885
2026-03-23 13:45:00,877.7,882.0,876.9,878.8,295495
2026-03-23 13:55:00,879.1,884.6,878.8,884.0,297421
2026-03-23 14:05:00,884.3,884.3,880.2,880.7,280382
2026-03-23 14:15:00,880.3,881.2,878.0,878.0,281458
2026-03-23 14:25:00,878.4,879.0,872.0,872.0,396736
2026-03-23 14:35:00,872.1,877.7,871.8,877.1,264275
2026-03-23 14:45:00,877.1,882.4,875.5,880.3,277454
2026-03-23 14:55:00,880.5,880.9,873.8,874.2,263164
2026-03-23 15:05:00,874.0,876.5,873.0,876.3,375305
2026-03-23 15:15:00,876.1,880.9,876.0,880.3,481756
2026-03-23 15:25:00,880.3,884.4,879.2,880.8,159625
2026-03-24 09:15:00,907.0,916.0,903.0,913.1,873748
2026-03-24 09:25:00,913.4,917.0,910.5,911.9,507175
2026-03-24 09:35:00,912.0,912.9,903.2,904.1,459748
2026-03-24 09:45:00,904.3,905.3,897.0,905.0,771665
2026-03-24 09:55:00,904.9,909.2,900.0,900.6,573974
2026-03-24 10:05:00,900.3,901.7,896.2,898.8,187567
2026-03-24 10:15:00,898.8,904.0,898.3,902.6,93542
2026-03-24 10:25:00,902.6,902.7,897.4,897.7,81346
2026-03-24 10:35:00,897.7,906.1,897.2,905.2,540528
2026-03-24 10:45:00,905.0,907.5,903.1,906.2,631031
2026-03-24 10:55:00,906.1,907.3,902.3,904.9,164297
2026-03-24 11:05:00,904.8,905.5,900.3,903.2,99553
2026-03-24 11:15:00,903.2,906.8,902.0,903.5,108825
2026-03-24 11:25:00,903.5,907.8,902.9,906.4,118273
2026-03-24 11:35:00,906.3,909.6,906.0,908.9,129851
2026-03-24 11:45:00,909.0,914.5,908.8,913.0,163746
2026-03-24 11:55:00,913.0,916.9,912.6,913.6,143612
2026-03-24 12:05:00,913.2,916.0,911.0,914.5,126720
2026-03-24 12:15:00,914.6,924.5,913.4,924.0,280795
2026-03-24 12:25:00,923.8,926.5,921.5,924.2,383266
2026-03-24 12:35:00,924.2,931.9,923.9,928.4,525539
2026-03-24 12:45:00,928.5,929.3,923.1,923.8,364121
2026-03-24 12:55:00,923.9,924.8,915.3,916.2,453501
2026-03-24 13:05:00,916.2,918.2,914.0,916.0,218384
2026-03-24 13:15:00,916.0,916.5,911.2,911.2,324942
2026-03-24 13:25:00,911.7,913.1,910.0,911.1,557294
2026-03-24 13:35:00,911.1,914.8,908.9,911.6,848715
2026-03-24 13:45:00,911.8,916.0,909.5,912.2,289036
2026-03-24 13:55:00,912.3,914.8,911.6,914.0,340757
2026-03-24 14:05:00,914.0,916.8,913.1,916.3,531292
2026-03-24 14:15:00,916.4,917.0,908.6,910.3,308306
2026-03-24 14:25:00,910.0,910.4,905.0,906.5,281840
2026-03-24 14:35:00,906.5,906.5,899.1,901.3,472289
2026-03-24 14:45:00,901.4,903.0,900.1,901.2,197055
2026-03-24 14:55:00,901.0,904.5,900.5,903.5,281103
2026-03-24 15:05:00,903.5,904.0,901.1,902.3,370441
2026-03-24 15:15:00,902.3,906.9,901.0,906.3,329221
2026-03-24 15:25:00,906.3,907.9,905.4,907.1,162576
2026-03-25 09:15:00,919.0,940.7,917.3,939.0,1160991
2026-03-25 09:25:00,938.5,944.2,937.8,942.2,540782
2026-03-25 09:35:00,942.3,944.0,939.9,942.9,337601
2026-03-25 09:45:00,943.0,945.0,941.0,942.6,247058
2026-03-25 09:55:00,942.8,943.9,940.0,941.6,240869
2026-03-25 10:05:00,941.7,944.8,940.1,944.7,280251
2026-03-25 10:15:00,944.7,950.0,942.0,949.2,522398
2026-03-25 10:25:00,949.4,951.0,948.5,950.5,477353
2026-03-25 10:35:00,950.3,953.2,949.1,952.1,312835
2026-03-25 10:45:00,952.1,954.5,950.0,952.7,380548
2026-03-25 10:55:00,952.6,956.8,952.0,954.9,451849
2026-03-25 11:05:00,955.2,957.7,954.7,957.5,299852
2026-03-25 11:15:00,957.5,957.5,952.4,952.7,389957
2026-03-25 11:25:00,952.7,954.4,952.0,953.3,331194
2026-03-25 11:35:00,953.3,953.4,948.8,951.7,400732
2026-03-25 11:45:00,951.7,955.7,951.3,954.4,261768
2026-03-25 11:55:00,954.2,955.1,949.3,952.0,274390
2026-03-25 12:05:00,952.0,955.0,951.0,954.9,196496
2026-03-25 12:15:00,955.0,955.0,953.6,954.1,189848
2026-03-25 12:25:00,954.1,955.5,953.5,954.9,228132
2026-03-25 12:35:00,954.9,956.0,954.3,955.5,203718
2026-03-25 12:45:00,955.6,955.6,953.0,954.1,229916
2026-03-25 12:55:00,954.1,955.0,953.0,954.7,231763
2026-03-25 13:05:00,954.7,957.0,954.4,955.2,331238
2026-03-25 13:15:00,955.2,956.6,954.0,956.1,241025
2026-03-25 13:25:00,956.1,957.6,954.7,957.3,273933
2026-03-25 13:35:00,957.3,962.9,957.2,962.7,469112
2026-03-25 13:45:00,962.8,965.0,960.9,961.2,452250
2026-03-25 13:55:00,961.4,964.0,960.6,963.5,337699
2026-03-25 14:05:00,963.5,964.8,961.1,962.2,371950
2026-03-25 14:15:00,962.2,962.7,958.0,958.6,399565
2026-03-25 14:25:00,958.8,961.7,958.1,960.9,347815
2026-03-25 14:35:00,960.9,961.6,956.5,958.3,414725
2026-03-25 14:45:00,958.4,959.2,955.0,955.9,377716
2026-03-25 14:55:00,956.1,959.9,955.4,959.4,489752
2026-03-25 15:05:00,959.4,959.5,956.5,957.0,501605
2026-03-25 15:15:00,956.8,957.6,952.0,957.4,843565
2026-03-25 15:25:00,957.5,957.7,954.3,955.8,207425
2026-03-27 09:15:00,950.0,951.0,923.5,930.2,1494421
2026-03-27 09:25:00,930.2,931.0,918.7,920.5,592643
2026-03-27 09:35:00,920.8,922.6,916.1,919.5,397055
2026-03-27 09:45:00,919.1,920.7,915.8,919.3,378452
2026-03-27 09:55:00,919.0,919.2,914.0,917.6,320743
2026-03-27 10:05:00,917.6,917.7,913.0,913.1,243083
2026-03-27 10:15:00,913.1,916.0,911.4,913.5,249076
2026-03-27 10:25:00,913.5,918.2,913.0,916.4,284865
2026-03-27 10:35:00,916.4,917.4,913.4,914.6,175926
2026-03-27 10:45:00,914.5,916.2,913.0,913.7,202399
2026-03-27 10:55:00,914.0,915.4,911.5,913.9,220394
2026-03-27 11:05:00,913.9,915.9,911.6,915.9,145307
2026-03-27 11:15:00,916.0,916.0,912.2,912.4,72986
2026-03-27 11:25:00,912.4,912.8,908.6,909.6,299382
2026-03-27 11:35:00,909.6,911.7,909.0,911.5,155413
2026-03-27 11:45:00,911.1,912.4,909.3,910.0,118478
2026-03-27 11:55:00,909.8,910.5,907.6,909.0,118658
2026-03-27 12:05:00,909.0,910.1,907.5,907.5,136698
2026-03-27 12:15:00,907.5,908.5,905.8,908.5,117414
2026-03-27 12:25:00,908.5,911.8,907.9,911.6,238935
2026-03-27 12:35:00,911.3,912.8,909.0,911.0,163094
2026-03-27 12:45:00,911.2,914.7,910.4,912.7,124840
2026-03-27 12:55:00,912.5,913.6,911.0,913.2,155054
2026-03-27 13:05:00,913.1,914.5,912.8,913.8,193354
2026-03-27 13:15:00,913.8,915.9,913.5,913.7,196736
2026-03-27 13:25:00,913.8,915.2,911.2,911.4,108880
2026-03-27 13:35:00,910.5,913.2,910.5,911.2,103342
2026-03-27 13:45:00,911.5,912.2,910.3,910.7,83235
2026-03-27 13:55:00,910.6,910.8,908.6,910.1,247321
2026-03-27 14:05:00,910.1,910.5,907.4,909.1,192970
2026-03-27 14:15:00,909.5,909.8,907.0,908.1,187895
2026-03-27 14:25:00,908.0,908.5,904.1,904.9,330465
2026-03-27 14:35:00,904.9,906.8,904.3,905.4,292607
2026-03-27 14:45:00,905.4,907.0,904.5,905.9,343844
2026-03-27 14:55:00,906.0,907.9,902.5,905.2,741239
2026-03-27 15:05:00,904.8,906.7,903.3,903.5,1030019
2026-03-27 15:15:00,903.7,904.8,900.0,901.5,1340627
2026-03-27 15:25:00,901.9,903.7,900.0,903.0,386588
2026-03-30 09:15:00,888.0,890.0,874.4,885.6,1143574
2026-03-30 09:25:00,885.4,896.3,882.6,896.3,443332
2026-03-30 09:35:00,896.0,896.0,887.4,888.0,285968
2026-03-30 09:45:00,888.0,889.7,881.5,882.5,324921
2026-03-30 09:55:00,882.4,884.7,879.1,883.6,237756
2026-03-30 10:05:00,883.6,883.6,878.2,880.0,239117
2026-03-30 10:15:00,880.0,880.2,877.3,878.2,146944
2026-03-30 10:25:00,878.3,878.5,873.4,873.9,178169
2026-03-30 10:35:00,873.9,875.7,872.3,872.6,209868
2026-03-30 10:45:00,872.6,873.5,870.7,871.2,173329
2026-03-30 10:55:00,871.6,874.2,870.5,873.0,145861
2026-03-30 11:05:00,873.0,873.1,870.0,871.7,153898
2026-03-30 11:15:00,871.6,876.8,871.3,876.6,179788
2026-03-30 11:25:00,876.5,878.2,874.8,877.9,161785
2026-03-30 11:35:00,877.6,879.6,875.2,875.7,170436
2026-03-30 11:45:00,875.5,876.9,874.0,876.7,157523
2026-03-30 11:55:00,876.7,881.1,876.5,880.1,273120
2026-03-30 12:05:00,880.0,882.0,878.3,879.6,147731
2026-03-30 12:15:00,879.8,881.0,876.4,876.5,155931
2026-03-30 12:25:00,876.8,877.6,875.2,875.6,168237
2026-03-30 12:35:00,875.7,879.2,874.1,877.4,177143
2026-03-30 12:45:00,877.5,878.0,874.0,874.5,127123
2026-03-30 12:55:00,874.3,877.7,874.3,877.7,113234
2026-03-30 13:05:00,877.5,880.8,877.1,877.6,144881
2026-03-30 13:15:00,877.6,880.3,877.4,879.4,126355
2026-03-30 13:25:00,879.8,879.9,877.1,878.9,143067
2026-03-30 13:35:00,878.9,880.1,877.2,877.7,142649
2026-03-30 13:45:00,878.0,878.4,876.0,876.2,226703
2026-03-30 13:55:00,876.2,877.3,874.5,875.6,202312
2026-03-30 14:05:00,875.8,876.7,874.6,875.4,166217
2026-03-30 14:15:00,875.2,876.0,873.0,874.6,170512
2026-03-30 14:25:00,874.5,878.0,874.3,874.7,186122
2026-03-30 14:35:00,874.5,875.3,872.4,872.6,242685
2026-03-30 14:45:00,872.8,875.5,870.7,873.3,312328
2026-03-30 14:55:00,873.3,875.4,871.0,871.1,913656
2026-03-30 15:05:00,871.1,873.5,871.1,872.9,1060663
2026-03-30 15:15:00,872.9,873.0,870.9,872.2,994988
2026-03-30 15:25:00,872.2,875.0,867.0,868.3,354980
2026-04-01 09:15:00,915.6,926.3,910.85,918.15,1938301
2026-04-01 09:25:00,918.35,921.3,914.05,914.75,553025
2026-04-01 09:35:00,914.8,914.8,908.5,911.15,477123
2026-04-01 09:45:00,911.0,917.35,911.0,915.5,377883
2026-04-01 09:55:00,915.45,916.15,913.25,915.55,183523
2026-04-01 10:05:00,915.1,915.55,911.3,912.25,160068
2026-04-01 10:15:00,912.25,914.7,910.1,910.5,131529
2026-04-01 10:25:00,910.6,910.85,906.45,908.35,322076
2026-04-01 10:35:00,908.35,909.45,903.4,907.9,434144
2026-04-01 10:45:00,907.9,907.95,902.0,904.15,357901
2026-04-01 10:55:00,903.7,906.4,901.0,903.0,347658
2026-04-01 11:05:00,902.85,907.6,901.85,904.25,217119
2026-04-01 11:15:00,904.25,904.9,901.1,901.6,150072
2026-04-01 11:25:00,901.6,904.8,901.5,903.3,80027
2026-04-01 11:35:00,903.15,905.6,903.1,904.6,100515
2026-04-01 11:45:00,904.6,904.6,899.55,900.85,259805
2026-04-01 11:55:00,900.85,910.15,900.0,909.45,373782
2026-04-01 12:05:00,909.2,911.85,907.7,910.1,328055
2026-04-01 12:15:00,910.1,911.8,908.5,908.85,151516
2026-04-01 12:25:00,909.1,911.05,907.15,909.6,147885
2026-04-01 12:35:00,909.4,911.0,908.05,909.65,190809
2026-04-01 12:45:00,909.6,912.3,909.4,912.3,165624
2026-04-01 12:55:00,912.3,913.6,911.25,912.05,94755
2026-04-01 13:05:00,912.0,916.0,912.0,915.4,135277
2026-04-01 13:15:00,915.5,916.0,905.55,906.1,230053
2026-04-01 13:25:00,906.1,906.8,902.6,904.2,145905
2026-04-01 13:35:00,904.3,904.3,896.1,901.55,572691
2026-04-01 13:45:00,901.6,904.7,900.0,903.85,307850
2026-04-01 13:55:00,903.85,906.0,900.9,905.9,182561
2026-04-01 14:05:00,905.9,909.4,905.4,908.5,265873
2026-04-01 14:15:00,908.5,908.9,903.5,904.0,231863
2026-04-01 14:25:00,904.4,906.0,903.3,903.45,181240
2026-04-01 14:35:00,903.45,903.65,900.25,900.25,330744
2026-04-01 14:45:00,900.45,900.5,895.75,897.0,377441
2026-04-01 14:55:00,897.0,900.5,896.7,900.0,399996
2026-04-01 15:05:00,899.8,901.5,899.25,900.35,249873
2026-04-01 15:15:00,900.3,903.3,899.25,900.6,394338
2026-04-01 15:25:00,900.95,902.1,898.45,899.9,120413
2026-04-02 09:15:00,876.0,880.4,863.45,870.0,740951
2026-04-02 09:25:00,870.0,871.7,867.3,871.65,401605
2026-04-02 09:35:00,871.65,875.0,870.0,871.3,279470
2026-04-02 09:45:00,871.35,871.8,865.3,867.2,261753
2026-04-02 09:55:00,867.2,869.25,864.2,866.5,189376
2026-04-02 10:05:00,866.5,869.7,864.55,869.0,125764
2026-04-02 10:15:00,868.75,868.75,866.05,867.15,103329
2026-04-02 10:25:00,867.45,871.6,867.15,870.45,113990
2026-04-02 10:35:00,870.35,873.75,870.35,871.2,178112
2026-04-02 10:45:00,871.2,872.6,869.5,871.85,109745
2026-04-02 10:55:00,871.8,873.4,870.55,872.45,103792
2026-04-02 11:05:00,872.4,873.3,870.8,871.6,265335
2026-04-02 11:15:00,871.55,872.4,870.0,870.65,101955
2026-04-02 11:25:00,870.65,872.1,868.75,870.0,140891
2026-04-02 11:35:00,870.4,872.9,870.15,871.45,85793
2026-04-02 11:45:00,871.5,872.3,870.5,871.95,66917
2026-04-02 11:55:00,872.0,874.8,870.4,870.45,264112
2026-04-02 12:05:00,870.4,871.35,869.2,870.9,98290
2026-04-02 12:15:00,870.9,873.3,869.3,871.7,122284
2026-04-02 12:25:00,871.85,876.1,871.0,875.3,125732
2026-04-02 12:35:00,875.25,879.35,874.8,878.45,144302
2026-04-02 12:45:00,878.5,878.8,876.1,876.2,103132
2026-04-02 12:55:00,876.25,879.6,875.9,878.8,178128
2026-04-02 13:05:00,878.75,879.0,876.3,877.9,84449
2026-04-02 13:15:00,877.9,879.55,876.4,879.25,155856
2026-04-02 13:25:00,879.2,888.4,878.6,888.0,299925
2026-04-02 13:35:00,887.8,888.15,885.1,887.6,157132
2026-04-02 13:45:00,887.6,889.5,885.6,888.25,160250
2026-04-02 13:55:00,888.05,888.9,884.6,888.35,113800
2026-04-02 14:05:00,888.35,892.35,887.0,891.6,158151
2026-04-02 14:15:00,891.6,893.9,891.0,893.1,163767
2026-04-02 14:25:00,893.15,895.0,891.0,894.6,210422
2026-04-02 14:35:00,894.85,894.95,886.1,887.15,242300
2026-04-02 14:45:00,887.15,891.75,885.7,891.6,158906
2026-04-02 14:55:00,891.45,892.7,889.5,891.2,206054
2026-04-02 15:05:00,891.45,893.75,890.95,892.3,301000
2026-04-02 15:15:00,892.3,893.0,888.95,890.7,325737
2026-04-02 15:25:00,890.9,891.9,890.35,891.8,157272
2026-04-06 09:15:00,895.0,901.65,885.65,893.7,413933
2026-04-06 09:25:00,893.7,904.8,892.7,904.8,216177
2026-04-06 09:35:00,904.65,909.9,904.0,905.25,285495
2026-04-06 09:45:00,905.8,907.85,900.1,900.7,150959
2026-04-06 09:55:00,900.7,902.2,897.75,899.4,114547
2026-04-06 10:05:00,899.4,904.8,898.7,904.8,107002
2026-04-06 10:15:00,904.85,907.05,902.55,904.0,115423
2026-04-06 10:25:00,903.0,903.85,900.0,903.3,64547
2026-04-06 10:35:00,903.15,908.7,903.05,907.3,111979
2026-04-06 10:45:00,907.6,913.6,906.25,906.9,253218
2026-04-06 10:55:00,907.05,909.0,904.6,905.0,130694
2026-04-06 11:05:00,905.15,906.35,899.8,901.0,175688
2026-04-06 11:15:00,900.85,904.15,900.1,902.5,91034
2026-04-06 11:25:00,902.5,904.15,901.9,902.95,47906
2026-04-06 11:35:00,903.3,905.85,902.95,905.0,64449
2026-04-06 11:45:00,905.0,910.6,904.2,906.25,128350
2026-04-06 11:55:00,906.65,909.6,905.65,905.85,73590
2026-04-06 12:05:00,905.8,909.05,905.8,906.2,70676
2026-04-06 12:15:00,906.35,909.8,906.0,908.8,67411
2026-04-06 12:25:00,908.75,910.2,905.5,905.55,63231
2026-04-06 12:35:00,905.95,907.1,905.0,906.6,67406
2026-04-06 12:45:00,906.6,911.5,906.4,911.45,91586
2026-04-06 12:55:00,911.4,914.25,911.0,911.35,152890
2026-04-06 13:05:00,911.75,916.6,911.35,916.5,202125
2026-04-06 13:15:00,916.5,917.5,912.85,913.65,160654
2026-04-06 13:25:00,913.6,916.7,912.55,915.75,120630
2026-04-06 13:35:00,915.75,919.1,915.25,916.5,247913
2026-04-06 13:45:00,916.5,919.75,915.6,918.5,120940
2026-04-06 13:55:00,918.6,920.85,917.0,920.5,134518
2026-04-06 14:05:00,920.6,924.75,919.6,924.5,190657
2026-04-06 14:15:00,924.5,927.7,923.5,925.2,223444
2026-04-06 14:25:00,925.3,926.0,922.95,925.4,127611
2026-04-06 14:35:00,925.4,926.7,924.0,924.0,130612
2026-04-06 14:45:00,924.0,925.9,923.4,924.5,139162
2026-04-06 14:55:00,924.45,928.65,922.1,928.65,249046
2026-04-06 15:05:00,928.65,931.0,927.25,928.85,355014
2026-04-06 15:15:00,929.0,929.5,926.15,926.7,307514
2026-04-06 15:25:00,926.7,926.7,922.1,922.8,108100
2026-04-07 09:15:00,920.0,920.7,910.05,914.6,390745
2026-04-07 09:25:00,914.5,920.95,913.5,919.0,315983
2026-04-07 09:35:00,917.9,924.9,916.5,918.3,257480
2026-04-07 09:45:00,918.9,922.9,918.5,920.95,130705
2026-04-07 09:55:00,920.95,924.3,920.3,922.75,93299
2026-04-07 10:05:00,922.65,923.8,919.85,922.3,81601
2026-04-07 10:15:00,922.3,923.7,920.85,922.15,56097
2026-04-07 10:25:00,922.05,924.9,922.0,922.25,81779
2026-04-07 10:35:00,922.55,924.85,920.0,924.15,59927
2026-04-07 10:45:00,924.25,924.25,917.85,919.2,130291
2026-04-07 10:55:00,919.2,920.7,918.1,920.0,185690
2026-04-07 11:05:00,918.5,920.9,917.15,918.0,169687
2026-04-07 11:15:00,918.2,922.4,917.5,922.2,75052
2026-04-07 11:25:00,922.2,923.8,921.2,922.0,77863
2026-04-07 11:35:00,922.2,923.0,920.0,920.75,53111
2026-04-07 11:45:00,920.75,921.9,920.2,921.65,41083
2026-04-07 11:55:00,921.6,924.6,921.3,921.4,67053
2026-04-07 12:05:00,921.4,923.4,921.0,922.1,54567
2026-04-07 12:15:00,922.1,922.7,920.8,921.2,58457
2026-04-07 12:25:00,921.2,922.5,920.9,922.0,38515
2026-04-07 12:35:00,922.0,922.95,921.0,922.2,29958
2026-04-07 12:45:00,922.2,923.3,921.05,922.15,128310
2026-04-07 12:55:00,922.15,923.85,921.15,923.45,160537
2026-04-07 13:05:00,923.45,926.35,922.35,925.05,93594
2026-04-07 13:15:00,925.0,927.05,924.15,924.65,85891
2026-04-07 13:25:00,924.6,927.9,923.65,926.45,137250
2026-04-07 13:35:00,926.6,927.7,925.1,926.05,84612
2026-04-07 13:45:00,926.1,926.5,923.25,925.5,83389
2026-04-07 13:55:00,925.6,926.0,921.75,925.45,87606
2026-04-07 14:05:00,925.45,925.65,923.5,925.2,66419
2026-04-07 14:15:00,925.2,925.55,922.9,924.35,84930
2026-04-07 14:25:00,924.35,925.95,923.5,924.95,100626
2026-04-07 14:35:00,924.95,925.55,922.55,924.65,197411
2026-04-07 14:45:00,924.9,927.55,924.3,927.45,170374
2026-04-07 14:55:00,927.55,931.75,925.9,931.7,470925
2026-04-07 15:05:00,931.65,932.4,930.0,930.45,434019
2026-04-07 15:15:00,930.65,931.75,930.1,930.8,473694
2026-04-07 15:25:00,931.2,931.5,929.0,930.0,183246
2026-04-08 09:15:00,975.0,999.4,975.0,989.3,1806188
2026-04-08 09:25:00,989.35,997.0,988.7,995.7,752901
2026-04-08 09:35:00,995.85,1004.75,995.85,1000.0,878494
2026-04-08 09:45:00,1000.0,1005.6,999.85,1001.4,427055
2026-04-08 09:55:00,1001.65,1007.0,1001.0,1004.75,1144918
2026-04-08 10:05:00,1004.7,1007.0,1004.15,1005.75,436967
2026-04-08 10:15:00,1006.05,1015.2,1005.0,1014.8,660608
2026-04-08 10:25:00,1014.8,1021.7,1014.2,1015.3,789676
2026-04-08 10:35:00,1015.7,1019.7,1015.25,1019.1,329409
2026-04-08 10:45:00,1019.0,1023.7,1018.05,1023.7,657129
2026-04-08 10:55:00,1023.7,1033.4,1023.7,1031.3,813915
2026-04-08 11:05:00,1031.45,1035.0,1030.0,1032.55,839154
2026-04-08 11:15:00,1032.55,1035.45,1028.75,1033.8,769651
2026-04-08 11:25:00,1033.7,1034.5,1025.85,1027.95,553703
2026-04-08 11:35:00,1027.45,1029.8,1024.6,1026.3,490560
2026-04-08 11:45:00,1026.35,1028.0,1025.0,1026.55,276446
2026-04-08 11:55:00,1026.5,1026.6,1022.1,1024.7,368107
2026-04-08 12:05:00,1024.7,1024.95,1019.0,1021.1,341714
2026-04-08 12:15:00,1021.1,1026.4,1020.8,1025.2,206444
2026-04-08 12:25:00,1025.2,1025.5,1021.1,1021.9,200616
2026-04-08 12:35:00,1022.0,1024.4,1018.85,1023.65,351374
2026-04-08 12:45:00,1023.65,1030.45,1021.6,1030.2,295432
2026-04-08 12:55:00,1030.2,1032.0,1027.35,1029.5,239411
2026-04-08 13:05:00,1029.5,1030.9,1029.45,1030.45,133938
2026-04-08 13:15:00,1030.3,1031.7,1027.7,1031.6,143239
2026-04-08 13:25:00,1031.85,1032.8,1030.45,1032.35,230956
2026-04-08 13:35:00,1032.35,1032.85,1022.8,1024.6,849800
2026-04-08 13:45:00,1024.4,1028.8,1023.85,1028.8,666974
2026-04-08 13:55:00,1028.9,1030.6,1028.3,1030.4,151157
2026-04-08 14:05:00,1030.4,1030.5,1027.65,1028.55,131866
2026-04-08 14:15:00,1028.45,1030.95,1027.6,1029.8,152058
2026-04-08 14:25:00,1029.55,1030.15,1015.0,1015.3,544306
2026-04-08 14:35:00,1015.55,1023.25,1015.25,1023.25,297518
2026-04-08 14:45:00,1023.1,1023.7,1019.3,1021.75,168604
2026-04-08 14:55:00,1021.8,1023.5,1019.9,1023.0,244333
2026-04-08 15:05:00,1023.0,1025.15,1022.3,1023.15,278196
2026-04-08 15:15:00,1023.15,1024.75,1022.45,1023.6,416253
2026-04-08 15:25:00,1023.95,1025.2,1021.7,1024.0,163440
2026-04-09 09:15:00,1010.1,1015.0,995.5,1003.4,908950
2026-04-09 09:25:00,1003.45,1008.0,1001.2,1002.75,359620
2026-04-09 09:35:00,1002.65,1008.0,1002.2,1008.0,296171
2026-04-09 09:45:00,1009.9,1010.45,1004.0,1004.95,337431
2026-04-09 09:55:00,1004.95,1008.2,1004.0,1008.0,166308
2026-04-09 10:05:00,1008.0,1012.95,1007.1,1010.0,225250
2026-04-09 10:15:00,1010.0,1014.45,1009.2,1010.3,148030
2026-04-09 10:25:00,1010.6,1010.75,1007.5,1009.75,103607
2026-04-09 10:35:00,1009.7,1011.5,1005.15,1006.1,129563
2026-04-09 10:45:00,1005.55,1006.95,1004.0,1004.7,154499
2026-04-09 10:55:00,1004.7,1006.95,1004.45,1005.95,92184
2026-04-09 11:05:00,1005.3,1006.7,1004.8,1005.6,78530
2026-04-09 11:15:00,1005.75,1006.45,1004.0,1005.35,95109
2026-04-09 11:25:00,1005.05,1006.2,1005.0,1005.65,98668
2026-04-09 11:35:00,1005.45,1007.6,1005.45,1006.8,81597
2026-04-09 11:45:00,1006.6,1009.6,1006.0,1007.9,138214
2026-04-09 11:55:00,1007.9,1009.0,1007.0,1007.3,72080
2026-04-09 12:05:00,1007.3,1010.0,1006.1,1008.5,126964
2026-04-09 12:15:00,1008.85,1009.0,1007.0,1007.4,60141
2026-04-09 12:25:00,1007.4,1007.95,1006.0,1006.1,70521
2026-04-09 12:35:00,1006.1,1007.65,1004.0,1004.75,150177
2026-04-09 12:45:00,1004.1,1005.1,1000.2,1002.25,263008
2026-04-09 12:55:00,1002.6,1002.65,999.5,1000.6,260526
2026-04-09 13:05:00,1000.6,1000.95,997.25,998.7,260877
2026-04-09 13:15:00,998.7,998.85,993.0,995.5,254265
2026-04-09 13:25:00,995.4,996.2,994.0,995.7,169672
2026-04-09 13:35:00,995.7,996.15,993.6,994.9,153294
2026-04-09 13:45:00,994.9,995.9,992.4,995.7,193285
2026-04-09 13:55:00,995.65,998.05,994.5,997.6,147025
2026-04-09 14:05:00,997.4,998.3,996.1,996.6,107157
2026-04-09 14:15:00,996.6,997.5,994.2,994.5,123770
2026-04-09 14:25:00,994.5,994.9,990.45,991.85,177313
2026-04-09 14:35:00,991.6,996.9,991.6,995.35,208261
2026-04-09 14:45:00,995.55,997.0,993.65,996.8,206200
2026-04-09 14:55:00,996.55,996.7,992.55,994.3,322958
2026-04-09 15:05:00,994.25,997.9,994.2,997.9,328914
2026-04-09 15:15:00,997.9,998.7,995.25,997.1,376612
2026-04-09 15:25:00,997.1,997.35,993.25,995.55,175541
2026-04-10 09:15:00,1016.1,1029.9,1011.25,1027.0,1148426
2026-04-10 09:25:00,1027.4,1029.0,1022.45,1022.8,398906
2026-04-10 09:35:00,1022.7,1025.5,1019.3,1024.0,296753
2026-04-10 09:45:00,1024.65,1026.3,1023.25,1024.0,137626
2026-04-10 09:55:00,1024.0,1031.0,1023.85,1026.0,306867
2026-04-10 10:05:00,1025.8,1026.25,1018.7,1024.5,295152
2026-04-10 10:15:00,1024.5,1026.2,1023.0,1023.6,133376
2026-04-10 10:25:00,1023.5,1023.8,1020.0,1022.1,166500
2026-04-10 10:35:00,1022.4,1022.9,1020.05,1021.15,87427
2026-04-10 10:45:00,1021.15,1021.6,1018.0,1018.85,139748
2026-04-10 10:55:00,1019.0,1022.15,1016.75,1020.0,139701
2026-04-10 11:05:00,1020.0,1021.9,1019.55,1020.6,61889
2026-04-10 11:15:00,1021.0,1021.0,1018.6,1019.8,75866
2026-04-10 11:25:00,1019.85,1021.15,1019.0,1019.0,83494
2026-04-10 11:35:00,1019.3,1020.0,1018.6,1018.75,90768
2026-04-10 11:45:00,1018.75,1019.25,1015.6,1018.7,102083
2026-04-10 11:55:00,1018.8,1021.0,1018.3,1020.8,76826
2026-04-10 12:05:00,1021.0,1022.0,1020.25,1020.75,78907
2026-04-10 12:15:00,1020.7,1021.65,1019.55,1021.65,67532
2026-04-10 12:25:00,1021.65,1022.0,1019.6,1020.5,81298
2026-04-10 12:35:00,1020.5,1021.8,1018.35,1018.65,70456
2026-04-10 12:45:00,1018.45,1020.55,1015.9,1016.7,108443
2026-04-10 12:55:00,1016.5,1018.05,1015.55,1017.85,91355
2026-04-10 13:05:00,1017.85,1018.45,1016.3,1017.0,76118
2026-04-10 13:15:00,1017.35,1018.5,1017.2,1018.05,79625
2026-04-10 13:25:00,1018.2,1018.85,1016.75,1017.5,197620
2026-04-10 13:35:00,1017.3,1022.9,1017.1,1022.75,183603
2026-04-10 13:45:00,1022.75,1025.4,1021.65,1022.15,248882
2026-04-10 13:55:00,1022.05,1026.9,1021.95,1026.5,176160
2026-04-10 14:05:00,1026.5,1027.0,1024.5,1025.5,270601
2026-04-10 14:15:00,1025.8,1025.95,1019.95,1022.1,282238
2026-04-10 14:25:00,1022.1,1023.3,1020.0,1022.95,263471
2026-04-10 14:35:00,1022.55,1023.0,1020.0,1022.4,253661
2026-04-10 14:45:00,1022.4,1025.0,1021.6,1024.9,209452
2026-04-10 14:55:00,1024.9,1027.75,1024.4,1027.15,285435
2026-04-10 15:05:00,1027.15,1028.9,1026.3,1028.25,356787
2026-04-10 15:15:00,1028.25,1028.65,1027.05,1027.7,513950
2026-04-10 15:25:00,1027.8,1028.0,1026.75,1027.5,355820
2026-04-13 09:15:00,1000.15,1003.6,988.8,999.8,918058
2026-04-13 09:25:00,999.95,1003.75,997.5,997.95,291703
2026-04-13 09:35:00,998.0,998.0,994.05,996.0,207574
2026-04-13 09:45:00,996.0,1002.0,994.5,1001.3,177282
2026-04-13 09:55:00,1001.25,1003.5,998.2,999.8,306047
2026-04-13 10:05:00,999.8,1000.5,995.3,995.55,137960
2026-04-13 10:15:00,995.55,999.35,993.0,998.8,249237
2026-04-13 10:25:00,998.8,1001.0,998.0,998.2,91552
2026-04-13 10:35:00,998.0,1001.3,996.2,999.95,172477
2026-04-13 10:45:00,999.95,1001.55,999.0,1000.75,118228
2026-04-13 10:55:00,1000.5,1001.35,998.15,999.65,192087
2026-04-13 11:05:00,999.7,1000.0,998.3,999.4,69642
2026-04-13 11:15:00,999.5,1001.9,999.5,1000.15,204164
2026-04-13 11:25:00,1000.1,1001.0,998.75,999.55,58282
2026-04-13 11:35:00,999.55,1002.8,999.25,1002.25,165152
2026-04-13 11:45:00,1002.7,1004.5,1001.95,1003.5,151447
2026-04-13 11:55:00,1003.55,1005.0,1002.35,1004.5,80374
2026-04-13 12:05:00,1004.5,1010.7,1004.45,1010.0,278085
2026-04-13 12:15:00,1009.7,1010.5,1008.2,1008.85,122843
2026-04-13 12:25:00,1008.9,1014.7,1008.7,1014.6,201102
2026-04-13 12:35:00,1014.7,1015.5,1011.0,1011.2,149662
2026-04-13 12:45:00,1011.45,1012.35,1009.75,1010.3,98485
2026-04-13 12:55:00,1010.15,1011.2,1006.5,1007.5,181111
2026-04-13 13:05:00,1007.25,1010.0,1007.0,1008.5,153679
2026-04-13 13:15:00,1008.85,1009.5,1005.05,1006.7,152388
2026-04-13 13:25:00,1006.75,1009.0,1006.65,1007.6,87083
2026-04-13 13:35:00,1007.65,1009.3,1007.5,1009.15,275764
2026-04-13 13:45:00,1009.3,1011.5,1009.0,1011.0,117626
2026-04-13 13:55:00,1011.0,1012.35,1010.0,1010.7,117588
2026-04-13 14:05:00,1010.55,1010.8,1006.0,1006.6,149343
2026-04-13 14:15:00,1006.5,1007.0,1004.5,1005.25,141616
2026-04-13 14:25:00,1005.15,1008.7,1005.1,1007.2,145136
2026-04-13 14:35:00,1007.45,1008.0,1005.35,1006.3,151505
2026-04-13 14:45:00,1006.05,1006.8,1004.7,1005.2,176340
2026-04-13 14:55:00,1005.1,1006.0,1002.55,1004.85,474984
2026-04-13 15:05:00,1004.8,1005.05,1003.1,1004.6,441224
2026-04-13 15:15:00,1005.0,1005.0,1002.4,1004.05,633471
2026-04-13 15:25:00,1004.1,1008.6,1003.3,1007.0,354644
2026-04-15 09:15:00,1030.0,1042.7,1030.0,1041.3,930681
2026-04-15 09:25:00,1041.05,1043.5,1037.25,1039.9,543067
2026-04-15 09:35:00,1039.9,1040.0,1033.3,1033.7,280820
2026-04-15 09:45:00,1034.15,1034.5,1029.0,1031.1,278491
2026-04-15 09:55:00,1031.0,1031.1,1027.05,1028.9,199714
2026-04-15 10:05:00,1028.85,1030.0,1025.8,1026.6,191816
2026-04-15 10:15:00,1026.6,1030.9,1026.25,1028.0,193501
2026-04-15 10:25:00,1027.95,1030.95,1026.8,1030.1,524726
2026-04-15 10:35:00,1030.1,1030.8,1027.8,1029.0,100457
2026-04-15 10:45:00,1028.9,1030.2,1028.3,1029.65,69041
2026-04-15 10:55:00,1029.65,1030.0,1027.0,1027.25,101323
2026-04-15 11:05:00,1027.0,1029.55,1026.75,1027.05,193227
2026-04-15 11:15:00,1027.0,1029.95,1024.1,1029.65,240197
2026-04-15 11:25:00,1029.65,1030.85,1028.5,1030.6,86805
2026-04-15 11:35:00,1030.6,1033.5,1030.5,1031.0,81660
2026-04-15 11:45:00,1031.0,1032.3,1030.0,1031.95,97420
2026-04-15 11:55:00,1031.95,1032.3,1030.25,1032.0,64759
2026-04-15 12:05:00,1031.85,1032.0,1028.0,1029.25,223821
2026-04-15 12:15:00,1029.2,1029.3,1027.1,1028.75,66886
2026-04-15 12:25:00,1028.75,1028.75,1027.0,1027.65,62901
2026-04-15 12:35:00,1027.7,1027.9,1026.3,1027.55,68271
2026-04-15 12:45:00,1027.55,1028.6,1026.45,1027.1,137646
2026-04-15 12:55:00,1027.15,1028.95,1027.1,1028.2,103318
2026-04-15 13:05:00,1028.15,1028.45,1027.3,1028.4,104213
2026-04-15 13:15:00,1028.35,1028.85,1026.25,1026.55,124405
2026-04-15 13:25:00,1026.55,1028.0,1026.15,1027.5,126085
2026-04-15 13:35:00,1027.5,1027.9,1024.75,1025.5,229266
2026-04-15 13:45:00,1025.5,1026.9,1024.9,1025.65,128138
2026-04-15 13:55:00,1025.6,1026.8,1023.55,1024.5,185752
2026-04-15 14:05:00,1024.35,1025.3,1024.0,1025.15,129303
2026-04-15 14:15:00,1025.1,1025.15,1022.6,1024.0,154741
2026-04-15 14:25:00,1024.0,1025.0,1023.0,1024.35,137565
2026-04-15 14:35:00,1023.8,1024.55,1021.1,1021.55,277551
2026-04-15 14:45:00,1021.6,1024.05,1021.35,1023.55,152593
2026-04-15 14:55:00,1023.5,1024.35,1021.2,1022.5,197931
2026-04-15 15:05:00,1022.5,1022.5,1019.65,1020.0,385648
2026-04-15 15:15:00,1019.95,1023.9,1019.95,1022.4,331206
2026-04-15 15:25:00,1022.4,1022.4,1016.45,1020.0,191733
2026-04-16 09:15:00,1026.1,1034.35,1024.45,1025.65,410256
2026-04-16 09:25:00,1025.4,1027.9,1021.5,1022.5,182211
2026-04-16 09:35:00,1022.5,1023.7,1020.45,1022.65,191910
2026-04-16 09:45:00,1022.55,1028.4,1021.95,1025.5,160112
2026-04-16 09:55:00,1025.5,1026.3,1021.5,1024.5,202537
2026-04-16 10:05:00,1024.45,1025.55,1022.25,1024.95,347529
2026-04-16 10:15:00,1024.95,1027.5,1024.05,1025.1,168375
2026-04-16 10:25:00,1025.1,1029.0,1025.1,1027.25,179840
2026-04-16 10:35:00,1027.3,1029.85,1026.05,1028.45,90310
2026-04-16 10:45:00,1028.3,1029.6,1027.3,1028.4,74369
2026-04-16 10:55:00,1028.35,1029.8,1027.3,1028.65,74763
2026-04-16 11:05:00,1029.1,1031.9,1028.6,1029.65,164071
2026-04-16 11:15:00,1029.8,1032.0,1029.55,1030.65,102124
2026-04-16 11:25:00,1030.85,1033.7,1029.75,1033.4,124029
2026-04-16 11:35:00,1033.4,1033.9,1029.75,1029.75,281220
2026-04-16 11:45:00,1029.7,1030.0,1025.7,1028.6,321629
2026-04-16 11:55:00,1028.9,1029.45,1024.15,1024.15,141210
2026-04-16 12:05:00,1024.35,1028.0,1024.0,1026.85,205769
2026-04-16 12:15:00,1026.6,1027.25,1023.1,1024.3,168455
2026-04-16 12:25:00,1024.2,1025.25,1023.05,1023.35,83966
2026-04-16 12:35:00,1023.1,1025.85,1022.0,1024.9,92613
2026-04-16 12:45:00,1024.65,1026.15,1023.95,1024.7,113133
2026-04-16 12:55:00,1024.35,1026.5,1024.0,1026.5,108473
2026-04-16 13:05:00,1026.35,1026.9,1023.2,1023.6,143536
2026-04-16 13:15:00,1023.6,1024.85,1019.0,1019.95,132261
2026-04-16 13:25:00,1019.65,1020.3,1016.5,1017.65,113149
2026-04-16 13:35:00,1017.65,1018.3,1015.35,1017.75,139657
2026-04-16 13:45:00,1017.6,1022.0,1017.6,1021.7,108634
2026-04-16 13:55:00,1021.6,1022.6,1019.2,1019.45,74368
2026-04-16 14:05:00,1019.45,1020.85,1018.65,1020.4,64572
2026-04-16 14:15:00,1020.4,1021.6,1019.7,1020.3,67697
2026-04-16 14:25:00,1020.3,1022.0,1019.8,1022.0,65389
2026-04-16 14:35:00,1022.25,1023.05,1021.55,1022.3,79138
2026-04-16 14:45:00,1022.5,1026.0,1022.5,1025.5,122392
2026-04-16 14:55:00,1025.35,1025.9,1021.6,1023.3,192593
2026-04-16 15:05:00,1022.95,1023.5,1021.85,1023.1,160270
2026-04-16 15:15:00,1022.95,1023.75,1022.0,1022.4,164836
2026-04-16 15:25:00,1022.3,1022.4,1020.85,1022.0,71381
2026-04-17 09:15:00,1022.0,1025.6,1013.15,1022.85,384875
2026-04-17 09:25:00,1022.9,1026.5,1022.3,1025.55,123307
2026-04-17 09:35:00,1025.55,1031.8,1024.15,1025.8,172839
2026-04-17 09:45:00,1025.75,1033.8,1025.35,1031.05,152934
2026-04-17 09:55:00,1031.45,1032.6,1025.0,1027.9,108704
2026-04-17 10:05:00,1027.9,1030.65,1027.9,1029.4,63392
2026-04-17 10:15:00,1029.6,1031.75,1029.2,1030.25,112622
2026-04-17 10:25:00,1030.25,1030.95,1026.8,1027.65,56746
2026-04-17 10:35:00,1027.6,1028.3,1026.0,1027.15,52330
2026-04-17 10:45:00,1027.4,1030.2,1026.65,1029.95,76175
2026-04-17 10:55:00,1029.95,1034.85,1029.0,1034.6,177500
2026-04-17 11:05:00,1034.55,1036.0,1031.95,1033.0,184073
2026-04-17 11:15:00,1033.0,1035.0,1032.6,1033.5,67872
2026-04-17 11:25:00,1033.5,1034.35,1029.3,1031.5,224070
2026-04-17 11:35:00,1031.5,1033.0,1031.0,1032.35,41102
2026-04-17 11:45:00,1032.35,1032.8,1030.0,1031.8,50712
2026-04-17 11:55:00,1031.8,1031.8,1029.5,1030.4,75232
2026-04-17 12:05:00,1030.4,1031.3,1029.55,1031.3,36910
2026-04-17 12:15:00,1031.3,1032.0,1030.45,1031.8,40786
2026-04-17 12:25:00,1031.7,1032.2,1030.35,1031.75,81518
2026-04-17 12:35:00,1031.75,1033.0,1031.15,1031.95,43639
2026-04-17 12:45:00,1031.95,1033.75,1030.35,1033.45,113950
2026-04-17 12:55:00,1033.7,1034.9,1033.3,1034.25,60805
2026-04-17 13:05:00,1034.2,1034.45,1033.8,1034.45,45765
2026-04-17 13:15:00,1034.45,1036.0,1034.25,1035.75,98006
2026-04-17 13:25:00,1035.75,1038.45,1034.85,1038.4,119718
2026-04-17 13:35:00,1038.4,1039.5,1037.05,1038.0,123144
2026-04-17 13:45:00,1037.8,1038.0,1036.0,1036.85,82369
2026-04-17 13:55:00,1036.85,1037.65,1035.15,1036.65,76873
2026-04-17 14:05:00,1036.9,1037.95,1035.9,1036.65,68950
2026-04-17 14:15:00,1036.65,1037.95,1036.55,1037.95,64393
2026-04-17 14:25:00,1037.95,1038.0,1037.05,1037.85,55797
2026-04-17 14:35:00,1037.75,1039.15,1037.3,1038.75,123306
2026-04-17 14:45:00,1038.75,1038.9,1037.4,1037.85,131363
2026-04-17 14:55:00,1037.45,1038.5,1035.5,1037.55,208644
2026-04-17 15:05:00,1037.6,1038.0,1036.65,1036.95,252971
2026-04-17 15:15:00,1036.95,1037.0,1035.55,1036.9,225418
2026-04-17 15:25:00,1036.85,1037.8,1035.0,1037.0,151685
2026-04-20 09:15:00,1040.0,1044.5,1026.0,1043.05,377036
2026-04-20 09:25:00,1043.4,1045.9,1035.3,1035.7,157154
2026-04-20 09:35:00,1035.7,1037.55,1032.95,1032.95,133536
2026-04-20 09:45:00,1032.8,1034.7,1030.0,1034.6,127042
2026-04-20 09:55:00,1034.15,1034.5,1031.0,1033.85,64561
2026-04-20 10:05:00,1033.85,1037.35,1033.25,1035.95,70115
2026-04-20 10:15:00,1036.3,1042.6,1036.3,1042.0,255733
2026-04-20 10:25:00,1042.0,1046.9,1041.85,1045.85,228353
2026-04-20 10:35:00,1046.0,1049.0,1044.8,1048.35,191909
2026-04-20 10:45:00,1048.3,1048.5,1044.75,1046.0,107097
2026-04-20 10:55:00,1046.15,1047.15,1045.15,1046.6,71823
2026-04-20 11:05:00,1046.5,1046.5,1042.25,1045.0,115099
2026-04-20 11:15:00,1045.0,1046.95,1044.55,1046.5,54681
2026-04-20 11:25:00,1046.65,1047.0,1045.65,1045.8,101981
2026-04-20 11:35:00,1046.0,1046.3,1044.0,1045.1,60580
2026-04-20 11:45:00,1045.15,1045.35,1043.05,1045.0,69339
2026-04-20 11:55:00,1045.0,1045.45,1044.15,1045.15,77147
2026-04-20 12:05:00,1045.15,1045.8,1044.1,1045.35,93737
2026-04-20 12:15:00,1045.6,1047.4,1044.9,1045.0,123963
2026-04-20 12:25:00,1045.0,1045.95,1045.0,1045.75,43078
2026-04-20 12:35:00,1045.5,1046.6,1045.0,1046.15,53123
2026-04-20 12:45:00,1046.25,1046.95,1045.55,1046.15,63893
2026-04-20 12:55:00,1046.4,1046.55,1043.5,1045.05,115137
2026-04-20 13:05:00,1045.15,1046.8,1042.45,1046.5,174444
2026-04-20 13:15:00,1046.65,1049.95,1045.45,1046.9,94256
2026-04-20 13:25:00,1047.15,1047.65,1043.7,1047.35,100771
2026-04-20 13:35:00,1047.35,1047.4,1045.05,1045.65,52234
2026-04-20 13:45:00,1045.5,1045.5,1042.55,1044.8,95361
2026-04-20 13:55:00,1044.8,1045.6,1042.8,1043.9,82018
2026-04-20 14:05:00,1043.9,1044.4,1042.95,1044.05,63028
2026-04-20 14:15:00,1044.05,1046.0,1042.5,1045.4,120998
2026-04-20 14:25:00,1045.85,1048.7,1045.45,1047.5,74995
2026-04-20 14:35:00,1047.55,1047.6,1046.4,1046.85,52488
2026-04-20 14:45:00,1047.1,1047.5,1045.6,1047.25,55788
2026-04-20 14:55:00,1047.35,1047.6,1046.15,1046.85,98837
2026-04-20 15:05:00,1046.9,1047.0,1044.85,1045.05,155397
2026-04-20 15:15:00,1045.05,1045.35,1043.05,1044.9,552103
2026-04-20 15:25:00,1045.0,1045.5,1042.0,1044.0,126265
2026-04-21 09:15:00,1054.0,1062.7,1051.1,1057.05,459794
2026-04-21 09:25:00,1056.55,1058.15,1054.25,1055.45,147387
2026-04-21 09:35:00,1055.45,1055.95,1049.05,1051.7,149470
2026-04-21 09:45:00,1051.4,1055.6,1050.5,1055.55,152228
2026-04-21 09:55:00,1055.4,1059.15,1054.6,1058.8,176918
2026-04-21 10:05:00,1058.75,1059.45,1053.0,1053.2,123546
2026-04-21 10:15:00,1053.15,1053.9,1047.55,1048.55,160950
2026-04-21 10:25:00,1048.7,1049.95,1046.6,1048.7,143335
2026-04-21 10:35:00,1048.7,1048.85,1042.1,1044.8,168281
2026-04-21 10:45:00,1044.8,1047.0,1043.1,1046.8,80829
2026-04-21 10:55:00,1046.8,1048.95,1046.4,1046.65,92851
2026-04-21 11:05:00,1047.0,1048.0,1045.45,1048.0,52701
2026-04-21 11:15:00,1048.0,1048.1,1046.0,1046.4,54058
2026-04-21 11:25:00,1046.4,1046.85,1044.1,1045.0,68512
2026-04-21 11:35:00,1045.0,1045.65,1043.3,1043.9,61280
2026-04-21 11:45:00,1043.7,1044.0,1040.0,1040.4,104997
2026-04-21 11:55:00,1040.3,1042.0,1039.25,1041.0,77907
2026-04-21 12:05:00,1041.1,1047.6,1040.8,1047.0,136257
2026-04-21 12:15:00,1047.0,1049.3,1046.75,1046.75,284968
2026-04-21 12:25:00,1046.75,1048.0,1045.85,1046.0,92025
2026-04-21 12:35:00,1046.0,1046.95,1045.0,1045.2,150647
2026-04-21 12:45:00,1045.2,1046.3,1041.8,1044.7,165185
2026-04-21 12:55:00,1044.85,1045.65,1042.0,1042.85,94735
2026-04-21 13:05:00,1042.9,1045.65,1041.25,1044.15,122230
2026-04-21 13:15:00,1044.15,1044.8,1042.0,1042.4,120177
2026-04-21 13:25:00,1042.4,1043.0,1041.1,1041.25,144118
2026-04-21 13:35:00,1041.25,1042.05,1039.7,1040.25,156287
2026-04-21 13:45:00,1040.25,1042.45,1039.5,1041.8,131495
2026-04-21 13:55:00,1041.85,1044.0,1041.7,1043.55,177975
2026-04-21 14:05:00,1043.5,1044.1,1042.5,1043.15,117908
2026-04-21 14:15:00,1043.0,1043.35,1040.75,1042.75,125225
2026-04-21 14:25:00,1042.55,1044.95,1042.0,1043.25,187974
2026-04-21 14:35:00,1043.25,1044.65,1042.15,1043.4,174659
2026-04-21 14:45:00,1043.4,1045.5,1043.3,1044.6,118536
2026-04-21 14:55:00,1044.85,1046.15,1043.35,1044.05,172061
2026-04-21 15:05:00,1044.3,1046.85,1043.45,1046.8,272476
2026-04-21 15:15:00,1046.7,1046.95,1044.05,1045.0,274194
2026-04-21 15:25:00,1045.0,1045.9,1042.8,1045.0,174188
2026-04-22 09:15:00,1050.0,1051.3,1036.35,1047.0,478823
2026-04-22 09:25:00,1047.05,1047.05,1043.05,1044.15,103018
2026-04-22 09:35:00,1044.15,1045.75,1040.1,1040.85,95717
2026-04-22 09:45:00,1040.85,1040.9,1037.35,1037.35,133657
2026-04-22 09:55:00,1037.35,1037.35,1030.3,1033.15,160106
2026-04-22 10:05:00,1033.0,1033.65,1029.4,1030.0,139221
2026-04-22 10:15:00,1030.0,1030.35,1029.4,1030.0,165418
2026-04-22 10:25:00,1030.0,1030.35,1029.7,1030.0,93456
2026-04-22 10:35:00,1030.2,1034.35,1029.65,1033.9,405309
2026-04-22 10:45:00,1034.0,1037.05,1033.5,1036.4,88319
2026-04-22 10:55:00,1036.4,1038.6,1036.0,1038.3,81874
2026-04-22 11:05:00,1038.3,1038.6,1035.5,1037.35,52670
2026-04-22 11:15:00,1037.35,1040.0,1036.75,1039.6,60284
2026-04-22 11:25:00,1039.6,1041.8,1039.6,1041.35,101413
2026-04-22 11:35:00,1041.35,1041.4,1037.1,1037.5,80309
2026-04-22 11:45:00,1037.5,1039.7,1036.55,1039.65,77752
2026-04-22 11:55:00,1039.7,1041.0,1039.25,1040.65,63327
2026-04-22 12:05:00,1040.75,1040.75,1036.55,1039.0,83765
2026-04-22 12:15:00,1038.85,1040.8,1038.15,1039.9,54022
2026-04-22 12:25:00,1039.7,1040.5,1038.75,1040.0,66233
2026-04-22 12:35:00,1040.0,1040.45,1039.3,1040.0,52618
2026-04-22 12:45:00,1040.0,1041.7,1039.75,1041.05,60829
2026-04-22 12:55:00,1041.25,1044.0,1041.05,1043.7,73789
2026-04-22 13:05:00,1043.7,1045.75,1043.7,1044.7,66182
2026-04-22 13:15:00,1044.7,1045.25,1043.0,1043.65,50129
2026-04-22 13:25:00,1043.75,1050.15,1043.1,1047.5,171860
2026-04-22 13:35:00,1047.6,1051.6,1047.5,1050.25,181593
2026-04-22 13:45:00,1050.25,1052.6,1049.45,1051.35,99456
2026-04-22 13:55:00,1051.35,1053.7,1049.0,1049.1,98316
2026-04-22 14:05:00,1049.05,1050.0,1047.5,1048.3,83446
2026-04-22 14:15:00,1048.3,1048.8,1046.25,1047.6,60557
2026-04-22 14:25:00,1047.9,1048.95,1046.0,1047.25,81663
2026-04-22 14:35:00,1047.2,1049.0,1046.4,1046.8,82740
2026-04-22 14:45:00,1047.1,1048.6,1046.5,1048.0,85866
2026-04-22 14:55:00,1048.0,1048.15,1045.15,1046.05,120289
2026-04-22 15:05:00,1046.0,1046.05,1044.0,1045.3,174457
2026-04-22 15:15:00,1045.3,1046.0,1042.05,1042.2,174263
2026-04-22 15:25:00,1042.05,1043.0,1040.0,1041.05,79532
2026-04-23 09:15:00,1044.9,1044.9,1026.55,1029.8,414394
2026-04-23 09:25:00,1030.15,1033.7,1025.25,1026.45,226241
2026-04-23 09:35:00,1026.45,1029.85,1023.3,1027.9,158887
2026-04-23 09:45:00,1027.8,1033.0,1027.75,1031.2,104476
2026-04-23 09:55:00,1031.4,1032.0,1028.8,1030.7,79250
2026-04-23 10:05:00,1030.85,1031.45,1023.55,1024.25,174186
2026-04-23 10:15:00,1024.45,1024.55,1021.7,1023.0,140120
2026-04-23 10:25:00,1023.55,1023.55,1016.7,1019.5,206559
2026-04-23 10:35:00,1019.35,1019.7,1015.0,1015.7,119883
2026-04-23 10:45:00,1015.9,1017.65,1014.15,1017.65,121590
2026-04-23 10:55:00,1017.55,1020.5,1016.8,1020.0,83301
2026-04-23 11:05:00,1019.95,1020.8,1018.25,1019.2,60756
2026-04-23 11:15:00,1019.1,1021.65,1018.95,1020.6,38077
2026-04-23 11:25:00,1020.8,1024.35,1020.3,1023.95,131454
2026-04-23 11:35:00,1023.65,1024.0,1018.2,1018.8,116221
2026-04-23 11:45:00,1018.8,1020.35,1017.95,1019.05,64834
2026-04-23 11:55:00,1018.8,1021.85,1018.8,1021.0,46297
2026-04-23 12:05:00,1021.0,1023.4,1018.0,1022.7,173087
2026-04-23 12:15:00,1022.7,1024.25,1022.0,1023.1,53881
2026-04-23 12:25:00,1023.1,1023.25,1018.6,1020.35,79209
2026-04-23 12:35:00,1020.1,1022.95,1019.05,1022.35,72642
2026-04-23 12:45:00,1022.55,1023.15,1020.7,1022.0,36499
2026-04-23 12:55:00,1021.85,1023.35,1021.6,1022.0,42363
2026-04-23 13:05:00,1022.0,1022.5,1013.55,1016.25,132427
2026-04-23 13:15:00,1016.25,1020.5,1016.15,1018.6,103926
2026-04-23 13:25:00,1018.7,1020.9,1012.05,1013.8,155350
2026-04-23 13:35:00,1013.8,1016.75,1013.75,1016.25,83464
2026-04-23 13:45:00,1016.4,1016.7,1015.1,1016.2,42660
2026-04-23 13:55:00,1016.3,1018.4,1015.8,1018.25,68082
2026-04-23 14:05:00,1017.95,1018.4,1014.0,1014.1,69918
2026-04-23 14:15:00,1014.15,1015.35,1013.0,1013.3,76881
2026-04-23 14:25:00,1013.5,1014.15,1010.5,1010.75,101131
2026-04-23 14:35:00,1010.75,1011.8,1008.3,1009.15,141319
2026-04-23 14:45:00,1009.0,1012.35,1008.0,1011.7,159466
2026-04-23 14:55:00,1012.2,1013.25,1010.1,1011.1,129668
2026-04-23 15:05:00,1011.0,1012.3,1008.25,1008.5,203127
2026-04-23 15:15:00,1008.5,1009.7,1006.35,1008.0,308463
2026-04-23 15:25:00,1008.0,1010.2,1008.0,1009.25,121079
2026-04-24 09:15:00,1006.95,1017.65,1005.0,1015.4,541167
2026-04-24 09:25:00,1015.4,1015.8,1004.2,1004.5,238019
2026-04-24 09:35:00,1004.35,1007.2,1001.05,1005.1,190421
2026-04-24 09:45:00,1005.05,1005.6,1001.0,1001.6,118487
2026-04-24 09:55:00,1001.55,1004.55,1000.0,1004.55,101662
2026-04-24 10:05:00,1004.4,1009.1,1004.25,1007.75,115209
2026-04-24 10:15:00,1007.6,1008.6,1002.2,1002.2,87768
2026-04-24 10:25:00,1002.0,1003.45,1000.0,1001.8,116452
2026-04-24 10:35:00,1001.85,1002.45,995.05,997.25,142044
2026-04-24 10:45:00,997.15,1000.0,995.95,996.4,53681
2026-04-24 10:55:00,996.2,997.4,992.1,993.85,82547
2026-04-24 11:05:00,994.25,996.95,993.3,993.3,70503
2026-04-24 11:15:00,993.3,999.2,993.05,997.1,78534
2026-04-24 11:25:00,997.25,999.6,996.5,999.35,70102
2026-04-24 11:35:00,999.0,999.4,996.15,996.25,59510
2026-04-24 11:45:00,996.65,997.5,993.5,995.05,77883
2026-04-24 11:55:00,995.4,997.35,994.6,996.25,159772
2026-04-24 12:05:00,996.25,1001.45,995.0,1000.55,216308
2026-04-24 12:15:00,1001.0,1005.0,1000.0,1000.25,85677
2026-04-24 12:25:00,1000.5,1001.0,998.8,1000.4,60359
2026-04-24 12:35:00,1000.55,1001.25,997.4,999.25,51039
2026-04-24 12:45:00,999.8,1002.0,999.35,1000.15,43714
2026-04-24 12:55:00,1000.4,1003.9,1000.3,1001.6,152509
2026-04-24 13:05:00,1001.55,1002.55,998.5,1000.25,39819
2026-04-24 13:15:00,1000.25,1002.9,999.25,1001.35,80079
2026-04-24 13:25:00,1001.7,1003.0,999.35,1000.55,58866
2026-04-24 13:35:00,1000.55,1000.55,993.9,995.65,109824
2026-04-24 13:45:00,996.0,996.95,992.1,993.4,102737
2026-04-24 13:55:00,993.4,997.4,992.8,996.45,80169
2026-04-24 14:05:00,996.45,998.6,994.55,997.95,100829
2026-04-24 14:15:00,998.05,1001.55,997.15,998.15,94088
2026-04-24 14:25:00,998.4,1000.8,998.0,1000.0,107202
2026-04-24 14:35:00,1000.1,1002.6,998.7,1000.6,180633
2026-04-24 14:45:00,1000.6,1001.3,997.2,998.65,204678
2026-04-24 14:55:00,998.65,1001.9,985.3,987.75,654230
2026-04-24 15:05:00,987.45,1024.0,983.55,1021.1,2920924
2026-04-24 15:15:00,1021.05,1030.4,1012.1,1018.6,1298751
2026-04-24 15:25:00,1018.05,1018.35,1013.0,1016.0,276487
2026-04-27 09:15:00,1011.3,1012.0,973.35,980.1,2101477
2026-04-27 09:25:00,980.45,981.35,974.0,976.65,924707
2026-04-27 09:35:00,976.6,978.4,971.35,975.15,642818
2026-04-27 09:45:00,975.25,982.4,975.25,979.55,444462
2026-04-27 09:55:00,979.25,981.4,970.7,975.0,522717
2026-04-27 10:05:00,975.3,975.3,964.65,965.75,716011
2026-04-27 10:15:00,966.1,970.0,965.75,969.3,313819
2026-04-27 10:25:00,969.3,972.0,963.75,965.4,515789
2026-04-27 10:35:00,965.4,975.6,965.05,975.5,432616
2026-04-27 10:45:00,975.5,978.3,974.85,977.95,379553
2026-04-27 10:55:00,978.0,979.6,976.2,978.55,569144
2026-04-27 11:05:00,978.5,978.5,975.0,977.15,165812
2026-04-27 11:15:00,976.85,979.0,976.0,977.2,154121
2026-04-27 11:25:00,977.25,977.25,974.2,974.8,182620
2026-04-27 11:35:00,974.8,975.85,972.3,975.35,202621
2026-04-27 11:45:00,975.3,977.8,974.45,976.25,142262
2026-04-27 11:55:00,976.25,977.15,973.9,975.45,157822
2026-04-27 12:05:00,975.45,975.45,972.5,973.95,129993
2026-04-27 12:15:00,973.95,974.6,968.8,969.55,313104
2026-04-27 12:25:00,969.5,971.75,968.95,971.55,220980
2026-04-27 12:35:00,971.5,972.95,969.45,970.0,244724
2026-04-27 12:45:00,969.95,970.95,969.8,970.5,155498
2026-04-27 12:55:00,970.45,970.95,969.4,969.55,179500
2026-04-27 13:05:00,969.55,970.75,969.2,970.6,137821
2026-04-27 13:15:00,970.6,970.9,969.2,970.15,252243
2026-04-27 13:25:00,970.2,972.85,969.0,970.9,334167
2026-04-27 13:35:00,971.0,976.5,970.95,974.3,298903
2026-04-27 13:45:00,974.3,975.9,971.3,975.9,239954
2026-04-27 13:55:00,975.9,975.9,973.5,974.1,162184
2026-04-27 14:05:00,973.85,975.5,971.5,975.35,260733
2026-04-27 14:15:00,975.4,975.45,973.8,974.2,157267
2026-04-27 14:25:00,974.2,974.2,971.5,973.9,208000
2026-04-27 14:35:00,974.15,978.3,973.5,977.0,328709
2026-04-27 14:45:00,977.15,979.1,976.4,978.55,342180
2026-04-27 14:55:00,978.7,978.9,973.55,974.65,446181
2026-04-27 15:05:00,974.7,975.2,972.9,973.45,495410
2026-04-27 15:15:00,973.5,977.0,973.0,976.1,1062099
2026-04-27 15:25:00,976.25,976.3,970.75,974.0,399037
2026-04-28 09:15:00,974.5,974.5,968.0,972.45,398196
2026-04-28 09:25:00,972.15,978.8,972.15,977.45,207951
2026-04-28 09:35:00,977.4,979.75,976.05,978.6,160169
2026-04-28 09:45:00,978.65,979.75,974.25,974.6,151946
2026-04-28 09:55:00,974.35,975.2,973.2,974.55,110731
2026-04-28 10:05:00,974.3,975.0,973.25,974.25,106226
2026-04-28 10:15:00,974.2,976.05,973.5,975.9,77649
2026-04-28 10:25:00,975.9,976.0,974.5,974.9,85234
2026-04-28 10:35:00,974.9,974.9,971.15,972.1,92812
2026-04-28 10:45:00,971.85,973.2,971.15,972.0,68236
2026-04-28 10:55:00,972.0,973.0,970.05,971.3,95000
2026-04-28 11:05:00,971.3,971.3,965.1,965.5,316367
2026-04-28 11:15:00,965.75,965.8,963.9,965.35,119919
2026-04-28 11:25:00,965.3,965.5,961.0,962.8,195269
2026-04-28 11:35:00,962.85,963.8,961.3,961.8,108336
2026-04-28 11:45:00,961.65,962.3,960.45,961.0,145019
2026-04-28 11:55:00,961.0,961.0,956.6,957.0,217507
2026-04-28 12:05:00,956.95,958.0,956.3,956.95,140177
2026-04-28 12:15:00,956.95,958.0,955.0,956.05,166783
2026-04-28 12:25:00,956.0,957.0,953.1,954.45,148711
2026-04-28 12:35:00,954.45,954.6,953.1,953.7,154896
2026-04-28 12:45:00,953.75,954.2,951.25,951.6,172449
2026-04-28 12:55:00,951.5,952.35,950.0,951.1,196732
2026-04-28 13:05:00,951.25,954.3,951.05,952.65,156773
2026-04-28 13:15:00,952.75,954.35,952.7,954.15,128835
2026-04-28 13:25:00,954.2,954.6,952.15,953.0,162437
2026-04-28 13:35:00,953.1,953.1,950.1,950.3,270508
2026-04-28 13:45:00,950.3,952.75,950.0,952.55,334577
2026-04-28 13:55:00,952.55,954.2,950.0,950.35,203606
2026-04-28 14:05:00,950.35,951.8,950.0,950.95,132930
2026-04-28 14:15:00,950.95,951.8,949.3,951.15,237064
2026-04-28 14:25:00,951.3,953.95,950.35,952.4,170666
2026-04-28 14:35:00,952.5,954.0,952.0,953.0,138138
2026-04-28 14:45:00,953.15,954.2,952.5,954.2,122183
2026-04-28 14:55:00,954.0,954.5,951.85,952.1,309961
2026-04-28 15:05:00,952.1,953.25,952.0,952.7,209855
2026-04-28 15:15:00,952.7,953.05,951.85,952.1,293974
2026-04-28 15:25:00,952.1,954.5,952.05,952.5,223517
2026-04-29 09:15:00,965.0,967.9,956.05,958.0,519519
2026-04-29 09:25:00,957.75,962.6,957.75,960.05,251066
2026-04-29 09:35:00,960.4,961.45,958.05,959.3,210404
2026-04-29 09:45:00,959.55,964.75,959.45,963.4,404038
2026-04-29 09:55:00,963.4,968.4,962.25,967.0,287875
2026-04-29 10:05:00,967.3,970.0,966.05,969.8,203856
2026-04-29 10:15:00,970.15,972.85,964.55,965.25,300364
2026-04-29 10:25:00,965.25,967.35,962.65,964.7,220563
2026-04-29 10:35:00,964.65,964.65,961.2,962.9,117200
2026-04-29 10:45:00,962.9,965.95,962.6,963.75,100485
2026-04-29 10:55:00,964.0,965.95,963.65,965.0,69693
2026-04-29 11:05:00,965.05,965.2,964.0,964.15,76491
2026-04-29 11:15:00,964.25,967.25,964.2,966.6,88676
2026-04-29 11:25:00,966.75,967.4,965.25,966.7,72419
2026-04-29 11:35:00,966.8,968.35,965.0,965.0,75437
2026-04-29 11:45:00,965.1,966.15,963.6,966.0,83995
2026-04-29 11:55:00,966.15,969.85,966.0,968.4,93450
2026-04-29 12:05:00,968.55,972.0,968.4,970.55,141818
2026-04-29 12:15:00,970.7,971.7,970.1,970.8,78918
2026-04-29 12:25:00,971.15,975.0,970.85,974.9,197455
2026-04-29 12:35:00,975.0,975.3,972.9,973.5,138785
2026-04-29 12:45:00,973.5,973.85,972.5,972.85,66575
2026-04-29 12:55:00,972.95,973.65,970.6,970.95,80564
2026-04-29 13:05:00,970.95,973.55,970.5,972.0,84788
2026-04-29 13:15:00,972.05,972.85,970.0,970.6,96026
2026-04-29 13:25:00,970.6,971.2,968.9,969.5,56871
2026-04-29 13:35:00,969.5,969.8,964.7,964.9,115724
2026-04-29 13:45:00,965.2,965.2,960.7,962.3,135816
2026-04-29 13:55:00,962.3,963.05,959.55,960.3,243219
2026-04-29 14:05:00,960.7,961.75,959.3,960.75,70360
2026-04-29 14:15:00,960.6,961.3,958.1,960.35,101324
2026-04-29 14:25:00,960.35,960.7,958.0,959.6,79201
2026-04-29 14:35:00,959.4,960.95,958.2,960.8,89961
2026-04-29 14:45:00,960.65,960.95,958.25,958.7,78274
2026-04-29 14:55:00,958.7,960.0,957.85,958.9,153250
2026-04-29 15:05:00,958.9,959.0,956.5,956.7,261215
2026-04-29 15:15:00,956.7,957.0,955.45,955.75,230912
2026-04-29 15:25:00,955.65,956.7,954.9,956.7,133449
2026-04-30 09:15:00,945.2,950.0,921.0,933.25,799049
2026-04-30 09:25:00,933.45,935.0,929.05,933.9,218031
2026-04-30 09:35:00,933.65,936.15,931.05,935.3,170850
2026-04-30 09:45:00,935.25,938.5,932.0,932.2,136643
2026-04-30 09:55:00,932.0,933.5,927.3,927.45,140590
2026-04-30 10:05:00,927.45,928.0,926.0,926.3,161831
2026-04-30 10:15:00,926.25,929.35,924.1,928.5,233424
2026-04-30 10:25:00,928.3,929.45,927.15,928.8,79920
2026-04-30 10:35:00,928.75,932.7,927.25,931.7,197150
2026-04-30 10:45:00,931.7,932.7,928.0,929.1,222793
2026-04-30 10:55:00,928.8,930.45,928.0,930.0,72795
2026-04-30 11:05:00,929.9,931.15,928.95,929.75,66904
2026-04-30 11:15:00,929.7,930.35,928.0,929.65,81434
2026-04-30 11:25:00,929.95,932.85,929.75,931.55,170030
2026-04-30 11:35:00,931.2,933.0,930.75,930.8,109982
2026-04-30 11:45:00,930.95,930.95,927.6,929.0,77922
2026-04-30 11:55:00,928.65,929.7,926.95,927.75,75443
2026-04-30 12:05:00,927.75,931.0,927.25,931.0,109854
2026-04-30 12:15:00,931.35,932.8,930.15,932.2,73794
2026-04-30 12:25:00,932.25,932.45,930.35,932.3,54057
2026-04-30 12:35:00,932.25,932.25,930.4,930.95,52286
2026-04-30 12:45:00,930.85,933.2,930.2,931.95,77701
2026-04-30 12:55:00,931.9,933.9,931.25,933.4,45188
2026-04-30 13:05:00,933.4,933.7,932.25,933.0,59463
2026-04-30 13:15:00,932.95,935.55,931.5,934.95,129040
2026-04-30 13:25:00,935.0,935.5,932.0,933.4,94998
2026-04-30 13:35:00,933.4,935.5,933.0,934.8,99757
2026-04-30 13:45:00,934.8,935.0,932.4,933.2,112028
2026-04-30 13:55:00,932.9,933.75,932.15,933.0,161924
2026-04-30 14:05:00,933.0,934.9,932.8,932.95,215577
2026-04-30 14:15:00,933.0,934.35,932.5,933.5,82741
2026-04-30 14:25:00,933.55,935.0,932.8,934.95,112379
2026-04-30 14:35:00,935.0,937.25,934.75,936.85,104962
2026-04-30 14:45:00,937.0,937.7,935.55,937.45,210292
2026-04-30 14:55:00,937.4,938.7,936.0,938.35,239070
2026-04-30 15:05:00,938.3,938.4,935.35,936.75,370432
2026-04-30 15:15:00,936.75,937.95,936.3,937.6,381255
2026-04-30 15:25:00,937.55,938.5,937.45,938.5,151670
2026-05-04 09:15:00,942.0,959.0,942.0,956.95,391588
2026-05-04 09:25:00,958.45,963.35,958.0,961.0,247090
2026-05-04 09:35:00,961.3,969.0,961.25,967.95,265567
2026-05-04 09:45:00,967.55,968.8,962.9,963.7,174181
2026-05-04 09:55:00,964.0,964.45,960.6,961.4,76965
2026-05-04 10:05:00,961.25,962.5,960.35,960.8,57971
2026-05-04 10:15:00,960.85,963.3,959.3,960.0,135875
2026-05-04 10:25:00,960.2,964.8,959.4,963.45,62144
2026-05-04 10:35:00,963.15,964.8,961.05,961.8,66084
2026-05-04 10:45:00,961.8,964.6,961.55,964.35,45837
2026-05-04 10:55:00,964.3,964.9,962.8,963.75,49499
2026-05-04 11:05:00,964.0,964.0,961.8,963.25,52434
2026-05-04 11:15:00,963.25,964.85,961.8,962.65,52175
2026-05-04 11:25:00,962.6,965.95,961.8,964.85,75485
2026-05-04 11:35:00,964.5,965.9,962.2,963.55,53937
2026-05-04 11:45:00,963.55,964.0,962.9,963.9,33230
2026-05-04 11:55:00,963.9,964.3,962.2,963.7,35106
2026-05-04 12:05:00,963.7,964.25,956.8,956.8,252753
2026-05-04 12:15:00,956.65,960.9,956.0,959.35,105281
2026-05-04 12:25:00,959.35,960.5,958.0,958.0,124622
2026-05-04 12:35:00,958.25,960.75,957.95,960.05,160755
2026-05-04 12:45:00,960.0,960.9,956.95,957.2,154433
2026-05-04 12:55:00,956.75,959.6,955.1,956.6,162628
2026-05-04 13:05:00,956.6,957.0,955.1,955.2,47173
2026-05-04 13:15:00,955.2,955.2,952.7,953.35,73682
2026-05-04 13:25:00,953.45,954.25,950.0,950.05,79414
2026-05-04 13:35:00,950.1,956.7,948.35,956.45,88900
2026-05-04 13:45:00,956.5,956.7,954.35,954.9,53863
2026-05-04 13:55:00,954.9,955.15,953.1,953.8,37349
2026-05-04 14:05:00,954.0,957.35,953.3,957.15,54374
2026-05-04 14:15:00,957.25,961.4,957.0,959.75,81542
2026-05-04 14:25:00,960.0,961.15,959.1,960.2,47489
2026-05-04 14:35:00,960.2,960.7,957.6,959.0,68089
2026-05-04 14:45:00,959.25,959.5,957.5,959.25,49291
2026-05-04 14:55:00,959.5,960.9,958.2,959.9,86862
2026-05-04 15:05:00,960.1,962.35,959.8,960.4,159628
2026-05-04 15:15:00,960.85,961.0,959.7,960.0,150210
2026-05-04 15:25:00,960.0,961.0,958.0,961.0,94588
2026-05-05 09:15:00,955.65,955.65,940.1,941.2,356257
2026-05-05 09:25:00,941.2,945.0,937.3,944.3,288643
2026-05-05 09:35:00,944.3,949.5,944.05,949.0,194394
2026-05-05 09:45:00,949.0,953.65,947.1,953.0,156466
2026-05-05 09:55:00,952.85,956.0,952.55,954.75,122690
2026-05-05 10:05:00,954.85,959.45,954.05,955.25,118103
2026-05-05 10:15:00,955.25,957.8,954.65,956.8,91617
2026-05-05 10:25:00,956.8,956.95,954.45,954.7,53383
2026-05-05 10:35:00,954.7,955.5,952.1,952.7,69357
2026-05-05 10:45:00,952.7,956.2,952.6,955.25,137676
2026-05-05 10:55:00,955.25,955.25,952.5,954.3,47410
2026-05-05 11:05:00,954.5,954.5,953.0,953.75,40823
2026-05-05 11:15:00,953.75,955.0,952.55,953.9,46602
2026-05-05 11:25:00,953.9,957.15,953.9,956.45,84469
2026-05-05 11:35:00,956.4,958.3,956.05,956.65,107525
2026-05-05 11:45:00,956.7,957.3,955.1,956.15,89025
2026-05-05 11:55:00,956.15,956.15,953.1,954.8,66948
2026-05-05 12:05:00,954.8,957.2,954.55,957.2,76921
2026-05-05 12:15:00,957.2,960.0,955.5,958.85,70113
2026-05-05 12:25:00,959.3,959.5,957.0,959.15,52521
2026-05-05 12:35:00,959.05,961.65,958.5,960.85,73411
2026-05-05 12:45:00,960.9,961.8,959.6,960.25,70593
2026-05-05 12:55:00,960.25,960.5,959.0,959.95,44911
2026-05-05 13:05:00,960.0,962.75,959.5,962.1,74749
2026-05-05 13:15:00,962.15,962.95,961.0,961.75,71702
2026-05-05 13:25:00,961.75,962.3,959.3,959.7,59997
2026-05-05 13:35:00,959.6,962.5,958.85,962.1,47297
2026-05-05 13:45:00,962.45,964.95,961.7,962.1,110440
2026-05-05 13:55:00,962.1,963.5,961.5,963.3,49921
2026-05-05 14:05:00,963.3,963.5,960.65,961.95,77196
2026-05-05 14:15:00,961.95,966.0,961.45,965.85,139930
2026-05-05 14:25:00,965.85,966.4,964.05,964.3,79351
2026-05-05 14:35:00,964.35,965.8,963.8,964.7,80108
2026-05-05 14:45:00,964.7,964.7,962.0,963.5,87584
2026-05-05 14:55:00,963.5,963.55,960.45,961.9,86442
2026-05-05 15:05:00,961.85,964.15,961.65,962.65,179377
2026-05-05 15:15:00,962.65,966.9,962.4,964.9,332927
2026-05-05 15:25:00,965.0,966.3,963.0,965.0,81215
2026-05-06 09:15:00,980.0,987.2,977.15,979.6,541319
2026-05-06 09:25:00,979.35,984.95,979.3,982.0,170984
2026-05-06 09:35:00,981.9,983.85,980.35,982.45,144017
2026-05-06 09:45:00,982.45,983.55,980.7,981.0,85144
2026-05-06 09:55:00,980.8,982.7,980.1,980.2,63303
2026-05-06 10:05:00,980.45,980.5,979.15,980.0,61297
2026-05-06 10:15:00,979.95,979.95,976.05,977.6,103453
2026-05-06 10:25:00,977.45,978.25,977.1,977.65,26437
2026-05-06 10:35:00,977.8,980.9,977.15,980.25,60395
2026-05-06 10:45:00,979.85,981.8,979.2,981.0,61075
2026-05-06 10:55:00,981.0,981.7,978.1,978.6,102793
2026-05-06 11:05:00,978.75,979.65,977.0,978.85,52522
2026-05-06 11:15:00,978.85,979.8,977.7,978.5,40035
2026-05-06 11:25:00,978.5,980.8,977.85,980.65,38140
2026-05-06 11:35:00,980.65,982.55,979.2,981.25,83832
2026-05-06 11:45:00,981.5,984.9,981.0,984.0,85137
2026-05-06 11:55:00,984.0,984.35,980.15,981.45,56962
2026-05-06 12:05:00,981.8,981.8,980.15,981.2,31918
2026-05-06 12:15:00,981.2,981.5,977.7,978.0,79777
2026-05-06 12:25:00,978.1,981.5,977.65,981.15,45709
2026-05-06 12:35:00,981.1,982.0,979.6,979.8,62737
2026-05-06 12:45:00,980.0,980.05,979.1,979.65,60605
2026-05-06 12:55:00,979.65,979.95,978.25,978.7,83183
2026-05-06 13:05:00,978.75,980.65,978.75,980.5,38126
2026-05-06 13:15:00,980.5,981.6,980.35,981.45,38683
2026-05-06 13:25:00,981.75,983.1,980.05,982.25,69355
2026-05-06 13:35:00,982.2,983.35,981.95,983.35,48891
2026-05-06 13:45:00,983.0,983.75,981.85,983.15,58055
2026-05-06 13:55:00,983.3,983.8,981.85,982.7,39560
2026-05-06 14:05:00,982.65,983.5,982.3,983.4,42031
2026-05-06 14:15:00,983.4,990.7,983.4,990.5,349019
2026-05-06 14:25:00,990.9,995.85,990.1,991.9,386298
2026-05-06 14:35:00,992.0,1001.75,990.7,1001.1,499209
2026-05-06 14:45:00,1001.3,1004.6,1000.9,1002.4,365651
2026-05-06 14:55:00,1002.4,1004.15,1000.5,1001.9,375766
2026-05-06 15:05:00,1001.8,1004.5,1000.9,1002.45,431116
2026-05-06 15:15:00,1002.45,1006.8,1002.2,1006.0,666805
2026-05-06 15:25:00,1005.95,1007.45,1005.65,1006.65,255141
2026-05-07 09:15:00,1009.0,1016.0,1002.05,1009.5,454880
2026-05-07 09:25:00,1009.95,1012.35,1007.55,1009.75,164801
2026-05-07 09:35:00,1009.5,1011.4,1005.4,1009.1,124561
2026-05-07 09:45:00,1009.5,1011.95,1007.6,1008.95,121421
2026-05-07 09:55:00,1008.9,1011.0,1007.5,1009.45,62042
2026-05-07 10:05:00,1009.9,1010.3,1006.0,1007.65,90944
2026-05-07 10:15:00,1007.7,1010.65,1007.05,1009.0,86794
2026-05-07 10:25:00,1008.85,1009.0,1006.55,1007.1,50124
2026-05-07 10:35:00,1007.35,1009.1,1007.05,1008.65,26137
2026-05-07 10:45:00,1008.5,1009.5,1007.9,1008.45,68618
2026-05-07 10:55:00,1008.6,1009.9,1007.8,1009.75,156374
2026-05-07 11:05:00,1009.5,1010.0,1007.85,1009.25,32366
2026-05-07 11:15:00,1008.95,1009.4,1008.0,1009.0,38083
2026-05-07 11:25:00,1008.7,1012.0,1008.0,1008.55,201354
2026-05-07 11:35:00,1008.55,1010.5,1008.1,1008.8,55273
2026-05-07 11:45:00,1008.8,1009.7,1005.35,1009.2,288863
2026-05-07 11:55:00,1009.4,1011.4,1009.25,1011.4,47809
2026-05-07 12:05:00,1011.45,1011.9,1009.3,1009.35,47863
2026-05-07 12:15:00,1009.35,1013.45,1009.35,1012.5,99436
2026-05-07 12:25:00,1012.25,1013.2,1010.95,1011.85,82783
2026-05-07 12:35:00,1011.65,1019.5,1011.0,1019.1,219296
2026-05-07 12:45:00,1019.25,1023.75,1017.5,1020.0,253510
2026-05-07 12:55:00,1019.95,1021.75,1017.05,1018.15,124285
2026-05-07 13:05:00,1018.4,1019.8,1017.65,1019.0,58562
2026-05-07 13:15:00,1019.0,1019.5,1015.1,1015.9,122696
2026-05-07 13:25:00,1015.9,1016.35,1015.0,1015.75,38728
2026-05-07 13:35:00,1015.85,1016.9,1015.0,1016.4,36232
2026-05-07 13:45:00,1016.25,1016.5,1015.1,1016.45,41296
2026-05-07 13:55:00,1016.45,1018.45,1016.25,1016.85,58246
2026-05-07 14:05:00,1016.85,1018.45,1016.3,1016.5,56280
2026-05-07 14:15:00,1016.4,1016.9,1015.5,1016.45,55475
2026-05-07 14:25:00,1016.2,1017.95,1016.2,1017.1,77726
2026-05-07 14:35:00,1016.75,1017.5,1013.8,1014.85,75249
2026-05-07 14:45:00,1014.95,1016.85,1014.55,1016.55,82948
2026-05-07 14:55:00,1016.55,1017.5,1016.0,1016.75,246705
2026-05-07 15:05:00,1016.75,1017.1,1014.15,1015.05,404103
2026-05-07 15:15:00,1015.1,1016.2,1015.05,1015.45,408392
2026-05-07 15:25:00,1015.3,1015.45,1013.0,1014.5,174801
2026-05-08 09:15:00,1013.0,1013.35,1001.25,1006.0,593523
2026-05-08 09:25:00,1006.0,1008.0,1004.95,1006.45,218106
2026-05-08 09:35:00,1006.35,1006.45,1003.3,1004.5,181810
2026-05-08 09:45:00,1004.4,1004.7,1002.25,1004.2,189203
2026-05-08 09:55:00,1003.75,1005.65,1003.05,1005.65,163771
2026-05-08 10:05:00,1005.4,1007.0,1004.6,1006.7,170605
2026-05-08 10:15:00,1006.7,1007.0,1005.5,1006.8,55912
2026-05-08 10:25:00,1006.6,1007.6,1005.7,1007.05,88634
2026-05-08 10:35:00,1007.15,1008.75,1006.3,1008.7,46040
2026-05-08 10:45:00,1008.7,1009.15,1005.25,1006.15,57498
2026-05-08 10:55:00,1006.2,1008.0,1005.0,1007.9,83964
2026-05-08 11:05:00,1007.75,1011.6,1007.5,1011.15,124147
2026-05-08 11:15:00,1011.25,1012.0,1006.1,1008.4,91311
2026-05-08 11:25:00,1008.4,1008.6,1006.8,1007.4,62699
2026-05-08 11:35:00,1007.25,1008.5,1007.05,1007.65,42428
2026-05-08 11:45:00,1007.7,1007.95,1007.0,1007.15,43221
2026-05-08 11:55:00,1007.2,1007.9,1005.2,1005.65,56337
2026-05-08 12:05:00,1005.65,1005.75,1002.0,1004.5,103913
2026-05-08 12:15:00,1004.55,1005.55,1003.6,1004.9,89805
2026-05-08 12:25:00,1004.7,1005.75,1004.6,1005.0,34646
2026-05-08 12:35:00,1005.05,1005.5,1004.3,1004.85,27775
2026-05-08 12:45:00,1004.75,1006.6,1004.55,1005.4,64320
2026-05-08 12:55:00,1005.6,1006.0,1004.95,1005.0,50988
2026-05-08 13:05:00,1005.05,1006.15,1004.45,1004.8,93509
2026-05-08 13:15:00,1004.8,1006.15,1004.4,1006.0,131892
2026-05-08 13:25:00,1006.0,1007.95,1005.65,1006.25,169426
2026-05-08 13:35:00,1006.4,1007.0,1006.0,1006.0,55953
2026-05-08 13:45:00,1006.0,1006.5,1005.1,1006.15,349805
2026-05-08 13:55:00,1006.2,1007.45,1004.5,1005.75,154443
2026-05-08 14:05:00,1006.1,1008.8,1005.0,1005.5,167781
2026-05-08 14:15:00,1005.75,1007.05,1005.05,1005.2,131190
2026-05-08 14:25:00,1005.05,1007.75,1005.05,1007.25,103431
2026-05-08 14:35:00,1007.25,1008.85,1006.9,1008.5,96353
2026-05-08 14:45:00,1008.7,1010.85,1008.05,1009.75,143344
2026-05-08 14:55:00,1010.15,1011.6,1007.0,1007.4,305812
2026-05-08 15:05:00,1007.6,1009.75,1007.15,1008.6,360037
2026-05-08 15:15:00,1007.95,1008.95,1006.5,1007.6,606146
2026-05-08 15:25:00,1007.6,1007.8,1002.0,1003.05,201458
2026-05-11 09:15:00,990.0,990.85,977.25,986.5,534303
2026-05-11 09:25:00,986.2,987.05,981.9,982.3,146991
2026-05-11 09:35:00,982.65,983.6,973.1,973.6,253591
2026-05-11 09:45:00,973.6,974.5,971.55,974.0,159354
2026-05-11 09:55:00,974.1,974.5,972.0,973.15,70951
2026-05-11 10:05:00,972.9,975.9,972.65,975.25,74755
2026-05-11 10:15:00,975.25,975.3,970.45,974.15,121650
2026-05-11 10:25:00,974.4,978.45,974.35,977.7,161454
2026-05-11 10:35:00,977.95,979.2,976.05,976.75,97845
2026-05-11 10:45:00,976.7,976.7,973.0,975.75,101252
2026-05-11 10:55:00,975.9,978.45,975.0,977.85,50989
2026-05-11 11:05:00,977.9,979.0,977.15,978.85,61460
2026-05-11 11:15:00,978.85,981.05,976.8,979.25,113896
2026-05-11 11:25:00,979.15,982.5,978.5,982.5,110503
2026-05-11 11:35:00,982.5,983.7,980.95,981.25,91951
2026-05-11 11:45:00,981.25,982.5,979.35,980.6,87909
2026-05-11 11:55:00,980.6,982.35,979.7,982.1,130011
2026-05-11 12:05:00,982.15,983.45,981.4,982.5,64317
2026-05-11 12:15:00,982.85,982.85,981.0,981.9,33630
2026-05-11 12:25:00,981.6,982.6,978.6,981.3,134171
2026-05-11 12:35:00,981.0,982.9,980.55,982.3,62043
2026-05-11 12:45:00,982.3,982.75,979.0,981.35,66638
2026-05-11 12:55:00,981.35,981.85,980.35,980.7,47071
2026-05-11 13:05:00,980.7,982.8,979.6,982.4,135432
2026-05-11 13:15:00,982.4,982.9,981.1,982.0,61271
2026-05-11 13:25:00,982.0,982.0,975.0,978.0,215629
2026-05-11 13:35:00,978.15,981.0,976.1,977.25,154351
2026-05-11 13:45:00,977.6,984.8,977.2,984.5,147111
2026-05-11 13:55:00,984.45,984.45,982.0,982.6,663090
2026-05-11 14:05:00,983.0,984.4,982.3,982.3,125697
2026-05-11 14:15:00,982.35,983.1,979.1,979.3,450692
2026-05-11 14:25:00,979.3,980.95,978.5,980.3,151108
2026-05-11 14:35:00,980.25,980.5,977.7,977.95,66091
2026-05-11 14:45:00,978.15,979.8,978.0,978.95,91317
2026-05-11 14:55:00,979.0,979.45,976.4,977.9,191869
2026-05-11 15:05:00,977.9,977.95,974.4,975.15,201238
2026-05-11 15:15:00,975.2,977.15,973.0,975.4,298662
2026-05-11 15:25:00,975.4,977.3,974.3,977.0,127737
2026-05-12 09:15:00,971.0,979.95,969.55,972.0,226163
2026-05-12 09:25:00,971.95,971.95,964.75,965.25,162548
2026-05-12 09:35:00,965.7,968.85,964.0,965.3,167122
2026-05-12 09:45:00,965.25,967.95,964.5,966.4,100521
2026-05-12 09:55:00,966.3,966.8,963.4,964.7,126226
2026-05-12 10:05:00,964.6,965.6,962.4,962.6,114410
2026-05-12 10:15:00,962.7,963.85,956.25,956.6,181323
2026-05-12 10:25:00,956.55,956.7,953.35,955.15,224845
2026-05-12 10:35:00,955.25,957.15,953.1,953.35,161845
2026-05-12 10:45:00,953.5,953.5,950.2,951.1,278400
2026-05-12 10:55:00,951.1,952.0,947.7,948.6,272157
2026-05-12 11:05:00,948.75,949.8,947.0,947.25,104848
2026-05-12 11:15:00,947.3,948.6,946.0,946.65,131714
2026-05-12 11:25:00,946.65,948.3,944.9,945.55,235114
2026-05-12 11:35:00,945.6,948.8,944.75,948.05,189769
2026-05-12 11:45:00,948.15,948.2,945.1,947.8,198314
2026-05-12 11:55:00,947.7,949.5,945.15,945.6,178476
2026-05-12 12:05:00,945.7,945.95,944.95,945.0,140118
2026-05-12 12:15:00,945.1,949.0,945.0,949.0,182968
2026-05-12 12:25:00,949.0,949.65,944.05,944.1,178266
2026-05-12 12:35:00,944.05,944.3,942.05,943.95,146132
2026-05-12 12:45:00,943.95,944.95,943.05,943.1,102553
2026-05-12 12:55:00,943.2,943.85,942.65,943.15,91593
2026-05-12 13:05:00,943.15,944.15,941.6,943.1,212721
2026-05-12 13:15:00,943.0,945.0,941.0,941.1,232962
2026-05-12 13:25:00,941.1,943.3,939.95,942.05,366243
2026-05-12 13:35:00,942.05,943.0,935.5,937.1,242208
2026-05-12 13:45:00,937.1,940.35,936.7,939.35,241163
2026-05-12 13:55:00,939.35,939.35,936.05,936.2,177539
2026-05-12 14:05:00,936.3,936.85,932.5,932.55,372176
2026-05-12 14:15:00,932.95,936.8,932.5,936.35,275577
2026-05-12 14:25:00,936.4,937.2,934.1,935.7,265472
2026-05-12 14:35:00,935.65,938.0,934.0,937.65,324548
2026-05-12 14:45:00,937.6,938.4,933.55,934.35,286029
2026-05-12 14:55:00,934.4,935.05,931.7,932.3,430019
2026-05-12 15:05:00,932.15,932.25,925.95,926.6,531463
2026-05-12 15:15:00,926.65,934.65,926.55,933.5,628338
2026-05-12 15:25:00,933.5,935.0,931.95,933.9,181420
2026-05-13 09:20:00,926.1,928.85,921.35,921.35,311771684
2026-05-13 09:25:00,928.3,928.3,919.35,921.05,309728
2026-05-13 09:35:00,920.6,920.65,915.0,918.0,261308
2026-05-13 09:45:00,918.05,921.45,915.0,920.9,312234
2026-05-13 09:55:00,920.75,925.95,919.1,923.95,353774
2026-05-13 10:05:00,923.85,925.95,922.0,922.1,215406
2026-05-13 10:15:00,922.25,927.1,922.1,925.05,233778
2026-05-13 10:25:00,925.1,926.6,923.5,925.05,180241
2026-05-13 10:35:00,925.0,926.4,923.7,924.2,162074
2026-05-13 10:45:00,924.25,926.1,922.2,922.7,177243
2026-05-13 10:55:00,922.6,922.8,918.15,920.3,246725
2026-05-13 11:05:00,920.3,920.4,918.1,919.0,325947
2026-05-13 11:15:00,919.05,919.85,916.4,917.65,165015
2026-05-13 11:25:00,917.6,923.3,916.95,922.95,160084
2026-05-13 11:35:00,922.95,927.0,922.2,926.2,253730
2026-05-13 11:45:00,927.25,929.5,925.4,927.2,240248
2026-05-13 11:55:00,927.2,928.5,926.65,928.15,140093
2026-05-13 12:05:00,928.1,930.8,927.3,930.2,135341
2026-05-13 12:15:00,930.05,930.9,927.35,927.75,123239
2026-05-13 12:25:00,927.7,928.95,926.5,927.9,134061
2026-05-13 12:35:00,927.8,928.25,923.9,925.05,160742
2026-05-13 12:45:00,925.1,929.5,924.65,928.8,145925
2026-05-13 12:55:00,929.15,932.5,928.6,930.75,189272
2026-05-13 13:05:00,930.6,931.4,928.05,928.9,147081
2026-05-13 13:15:00,929.05,929.8,927.25,928.85,308187
2026-05-13 13:25:00,928.9,929.6,926.1,928.55,140175
2026-05-13 13:35:00,928.45,928.7,925.0,925.4,200406
2026-05-13 13:45:00,925.35,926.1,923.0,923.95,269560
2026-05-13 13:55:00,923.95,924.2,921.1,924.1,215850
2026-05-13 14:05:00,924.1,927.05,924.0,925.25,981398
2026-05-13 14:15:00,925.25,925.9,920.0,923.3,379783
2026-05-13 14:25:00,923.2,925.0,922.6,924.1,295123
2026-05-13 14:35:00,924.05,925.95,923.4,924.4,486473
2026-05-13 14:45:00,924.5,925.25,923.25,924.75,232782
2026-05-13 14:55:00,924.8,924.9,919.85,921.85,445628
2026-05-13 15:05:00,921.85,922.8,920.35,921.2,540017
2026-05-13 15:15:00,921.2,922.45,917.1,917.5,597169
2026-05-13 15:25:00,917.5,924.15,917.4,920.9,296998
2026-05-14 09:15:00,929.9,930.45,917.55,917.9,385102
2026-05-14 09:25:00,917.8,919.8,916.5,917.3,259958
2026-05-14 09:35:00,917.5,917.8,908.0,908.8,239067
2026-05-14 09:45:00,908.7,911.3,905.5,905.55,302890
2026-05-14 09:55:00,905.55,906.75,901.3,902.6,277323
2026-05-14 10:05:00,902.6,910.85,901.7,910.65,501562
2026-05-14 10:15:00,910.7,916.75,910.0,913.3,401803
2026-05-14 10:25:00,913.2,914.45,912.0,913.5,149193
2026-05-14 10:35:00,913.6,913.75,912.55,912.85,222192
2026-05-14 10:45:00,912.7,914.95,911.3,914.25,264523
2026-05-14 10:55:00,914.35,915.6,911.1,911.1,131361
2026-05-14 11:05:00,911.4,913.0,910.15,910.35,143141
2026-05-14 11:15:00,910.3,912.8,910.0,912.0,156211
2026-05-14 11:25:00,911.9,919.45,911.85,919.0,337188
2026-05-14 11:35:00,919.05,928.35,918.45,928.0,660510
2026-05-14 11:45:00,928.15,928.25,925.0,926.55,211184
2026-05-14 11:55:00,926.4,930.4,924.9,925.4,372784
2026-05-14 12:05:00,925.25,926.45,922.5,925.45,174713
2026-05-14 12:15:00,925.45,931.9,925.35,931.05,401603
2026-05-14 12:25:00,931.05,933.8,927.7,928.4,350973
2026-05-14 12:35:00,928.25,932.0,927.8,931.1,222622
2026-05-14 12:45:00,931.05,941.65,929.65,930.6,728838
2026-05-14 12:55:00,930.7,934.9,928.0,934.7,139038
2026-05-14 13:05:00,934.7,936.45,931.8,932.1,110540
2026-05-14 13:15:00,932.1,933.3,931.05,931.55,106858
2026-05-14 13:25:00,931.5,932.9,931.0,932.0,133840
2026-05-14 13:35:00,932.0,933.0,931.2,932.5,96540
2026-05-14 13:45:00,933.0,933.75,930.75,931.95,76876
2026-05-14 13:55:00,931.95,934.4,931.5,932.75,79547
2026-05-14 14:05:00,932.75,938.0,932.35,937.3,120728
2026-05-14 14:15:00,937.55,938.1,934.5,935.35,106450
2026-05-14 14:25:00,935.35,938.15,935.25,937.45,103696
2026-05-14 14:35:00,937.4,938.2,935.85,937.45,127905
2026-05-14 14:45:00,937.2,937.45,934.3,935.9,209372
2026-05-14 14:55:00,935.9,937.3,934.45,936.25,204410
2026-05-14 15:00:00,936.35,937.0,933.95,934.5,3468235443
2026-05-14 15:05:00,936.35,937.0,935.5,936.3,49594
2026-05-14 15:10:00,934.55,935.2,933.0,933.6,7307439752
2026-05-14 15:20:00,933.35,938.4,933.3,937.1,7128538265
2026-05-15 09:20:00,936.3,943.3,930.0,942.35,785017907
2026-05-15 09:30:00,942.1,942.1,935.0,938.15,830611926
2026-05-15 09:40:00,938.5,945.85,937.8,941.7,924749428
2026-05-15 09:50:00,940.6,940.75,939.2,939.2,126342244
2026-05-15 10:00:00,939.5,939.5,935.15,935.45,656272637
2026-05-15 10:10:00,935.45,938.95,935.3,937.95,1178016459
2026-05-15 10:20:00,938.0,939.6,937.0,938.15,1545333938
2026-05-15 10:30:00,938.15,939.5,935.0,938.5,1505649374
2026-05-15 10:40:00,938.5,941.25,938.05,940.25,1653427875
2026-05-15 10:50:00,940.25,943.45,940.2,942.1,1825518533
2026-05-15 11:40:00,933.15,935.0,932.25,934.55,1592000062
2026-05-15 11:50:00,934.55,936.25,934.05,935.0,2203360762
2026-05-15 12:00:00,935.1,939.25,934.1,938.5,2153401744
2026-05-15 12:10:00,938.55,939.95,937.15,937.7,1981602889
2026-05-15 12:20:00,937.65,938.25,935.3,937.15,2770919981
2026-05-15 12:30:00,937.15,940.05,936.35,940.0,2164849875
2026-05-15 12:40:00,940.0,943.2,939.95,942.8,2033437707
2026-05-15 12:50:00,942.8,944.35,942.6,943.35,2344929271
2026-05-15 13:00:00,943.35,943.5,941.65,942.3,2972550430
2026-05-15 13:10:00,942.3,944.15,942.15,943.45,2644345379
2026-05-15 13:20:00,943.45,943.45,942.0,942.9,2575814307
2026-05-15 13:30:00,942.9,943.0,939.7,939.95,3669511013
2026-05-15 13:40:00,940.15,941.3,936.35,938.05,4156812755
2026-05-15 13:50:00,938.05,940.1,937.1,939.0,3778632267
2026-05-15 14:00:00,939.0,939.2,937.1,938.25,1794197962
2026-05-15 14:10:00,938.25,939.55,937.6,938.65,3033966214
2026-05-15 14:20:00,938.65,940.4,937.8,939.85,3483348214
2026-05-15 14:30:00,939.85,941.3,938.15,939.95,4453853462
2026-05-15 14:40:00,940.5,941.4,934.35,934.35,4145667743
2026-05-15 14:50:00,934.35,938.95,933.35,938.15,3478234326
2026-05-15 15:00:00,938.15,940.05,937.05,938.0,4989417680
2026-05-15 15:10:00,938.0,938.6,936.3,937.5,2902968190
2026-05-15 15:20:00,937.35,937.45,935.25,936.4,1440463740
2026-05-18 09:20:00,919.95,921.75,915.3,917.25,510777284
2026-05-18 09:30:00,917.25,919.5,916.0,918.15,413434308
2026-05-18 09:40:00,918.05,919.4,913.15,914.5,792398087
2026-05-18 09:50:00,914.4,914.55,911.6,913.65,885944502
2026-05-18 10:00:00,913.7,914.05,911.0,911.95,1140689701
2026-05-18 10:10:00,911.95,913.35,911.35,912.9,907368025
2026-05-18 10:20:00,912.9,915.6,912.25,913.2,1357854679
2026-05-18 10:30:00,913.2,915.0,911.0,913.75,1220911854
2026-05-18 10:40:00,913.9,915.6,912.45,913.3,1081528725
2026-05-18 10:50:00,913.3,918.7,912.85,918.5,1120262090
2026-05-18 11:00:00,918.5,919.45,916.95,918.5,1531060376
2026-05-18 11:10:00,918.5,919.6,916.8,918.4,1876104611
2026-05-18 11:20:00,918.5,919.3,916.65,916.85,1776574658
2026-05-18 11:30:00,916.85,922.3,916.85,921.6,1811696203
2026-05-18 11:40:00,921.6,921.75,915.25,916.5,1485271327
2026-05-18 11:50:00,916.5,916.5,913.9,913.9,1700844740
2026-05-18 12:00:00,913.95,919.0,912.55,919.0,2570344346
2026-05-18 12:15:00,919.15,921.55,918.0,921.4,176340
2026-05-18 12:20:00,920.9,922.95,919.4,920.75,2622278830
2026-05-18 12:30:00,920.4,922.9,920.0,921.65,2537193883
2026-05-18 12:40:00,921.65,922.2,920.45,920.7,2029291815
2026-05-18 12:50:00,920.7,924.9,919.8,924.6,2571923157
2026-05-18 13:00:00,924.5,928.6,924.35,928.1,3769541987
2026-05-18 13:10:00,928.1,928.25,925.45,927.35,4031702355
2026-05-18 13:20:00,927.35,928.5,925.25,926.8,2900042440
2026-05-18 13:30:00,926.95,928.75,926.35,926.9,2641731292
2026-05-18 13:40:00,926.9,928.4,926.5,928.1,3317038117
2026-05-18 13:50:00,928.1,931.55,928.05,930.7,3934780765
2026-05-18 14:00:00,931.1,931.6,929.15,929.7,3122365755
2026-05-18 14:10:00,929.95,931.05,928.8,930.0,2935530456
2026-05-18 14:20:00,930.0,930.4,928.0,928.85,3403659693
2026-05-18 14:30:00,928.95,929.55,927.45,928.45,2167581096
2026-05-18 14:40:00,928.5,929.95,927.25,927.9,2865658970
2026-05-18 14:50:00,927.8,929.25,927.6,928.75,2666396836
2026-05-18 15:00:00,928.85,937.5,928.85,935.15,4897738177
2026-05-18 15:10:00,935.4,935.9,931.05,931.85,3817615565
2026-05-18 15:20:00,931.85,934.1,931.75,933.95,3393229464
2026-05-19 09:20:00,928.3,931.5,925.3,931.1,228747956
2026-05-19 09:30:00,931.15,932.0,925.0,929.0,151376288
2026-05-19 09:40:00,929.3,931.95,927.4,928.3,271206204
2026-05-19 09:50:00,928.3,928.95,925.6,926.15,351625661
2026-05-19 10:00:00,926.0,928.75,925.9,927.6,262057711
2026-05-19 10:10:00,927.45,930.6,926.65,926.65,407467863
2026-05-19 10:20:00,926.65,929.05,926.65,927.7,428892130
2026-05-19 10:30:00,927.85,928.35,924.7,926.5,428895769
2026-05-19 10:40:00,926.5,928.0,925.55,927.7,488443119
2026-05-19 10:50:00,928.0,930.2,926.0,928.0,506453666
2026-05-19 11:00:00,928.0,929.65,926.6,926.9,523319591
2026-05-19 11:10:00,927.0,928.05,925.05,925.6,527615598
2026-05-19 11:20:00,925.6,926.7,925.15,926.45,468921485
2026-05-19 11:30:00,926.55,926.95,925.0,926.5,548887732
2026-05-19 11:40:00,926.5,928.85,926.15,928.6,647231379
2026-05-19 11:50:00,928.6,931.1,928.1,929.65,928425021
2026-05-19 12:00:00,929.65,930.1,928.1,929.7,889755248
2026-05-19 12:10:00,929.7,930.45,928.6,929.55,1107346617
2026-05-19 12:20:00,929.55,930.0,928.25,929.55,1122793042
2026-05-19 12:30:00,929.65,930.1,928.3,929.6,1101262867
2026-05-19 12:40:00,929.6,929.95,927.45,927.7,937253709
2026-05-19 12:50:00,927.7,928.4,926.4,927.5,973591670
2026-05-19 13:00:00,927.5,927.95,926.2,927.45,1067538511
2026-05-19 13:10:00,927.4,930.3,926.05,930.2,1082573041
2026-05-19 13:20:00,930.2,931.85,929.3,930.8,1905679295
2026-05-19 13:30:00,930.65,931.9,927.3,928.3,1450573058
2026-05-19 13:40:00,928.6,929.6,927.55,928.5,1229079374
2026-05-19 13:50:00,928.45,928.6,926.6,927.1,1052383275
2026-05-19 14:00:00,927.05,929.25,927.05,928.7,1048324481
2026-05-19 14:10:00,928.7,930.0,928.35,929.3,1115978131
2026-05-19 14:20:00,929.3,929.65,927.35,927.65,1096216832
2026-05-19 14:30:00,927.65,929.9,927.65,928.75,1541378402
2026-05-19 14:40:00,928.75,928.95,926.4,927.05,2197329893
2026-05-19 14:50:00,927.2,928.45,926.9,927.9,2719368808
2026-05-19 15:00:00,928.1,928.1,926.45,927.3,2899760937
2026-05-19 15:10:00,927.25,928.0,926.7,927.05,2986397128
2026-05-19 15:20:00,927.05,928.5,926.85,927.2,3605962135
2026-05-20 09:20:00,920.1,921.6,918.7,919.35,117778423
2026-05-20 09:30:00,919.25,922.5,919.05,922.4,170134854
2026-05-20 09:40:00,922.2,923.2,919.65,923.2,242539093
2026-05-20 09:50:00,922.7,925.45,922.15,923.4,461331548
2026-05-20 10:00:00,923.4,923.4,918.85,919.1,453771369
2026-05-20 10:10:00,919.1,920.0,917.5,917.85,538243069
2026-05-20 10:20:00,917.9,919.2,917.0,919.1,572904291
2026-05-20 10:30:00,919.1,922.0,917.35,921.05,1348653868
2026-05-20 10:40:00,921.0,921.5,916.5,916.8,1349370092
2026-05-20 10:50:00,916.75,920.35,916.4,919.95,1563335523
2026-05-20 11:00:00,920.1,922.0,919.35,921.0,1816769404
2026-05-20 11:10:00,921.0,921.0,919.6,919.6,1695245016
2026-05-20 11:20:00,919.65,923.7,919.6,922.7,1876942964
2026-05-20 11:30:00,922.55,923.0,921.7,922.15,1386414686
2026-05-20 11:40:00,922.3,922.3,920.0,921.6,1312610398
2026-05-20 11:50:00,921.65,922.1,919.8,920.1,1970420937
2026-05-20 12:00:00,920.15,921.1,917.1,917.2,1424235510
2026-05-20 12:10:00,917.35,918.5,917.3,917.95,1153955194
2026-05-20 12:20:00,917.95,919.15,917.6,918.95,1511306104
2026-05-20 12:30:00,918.9,919.4,918.0,919.35,1444347110
2026-05-20 12:40:00,919.35,919.6,918.25,918.8,1673567802
2026-05-20 12:50:00,918.75,919.7,917.1,917.35,1995864874
2026-05-20 13:00:00,917.3,917.7,916.0,916.95,1629000915
2026-05-20 13:10:00,917.2,917.2,914.1,914.9,1897614493
2026-05-20 13:20:00,914.9,915.8,913.0,913.0,2561982341
2026-05-20 13:30:00,913.1,917.3,913.0,915.2,2554367491
2026-05-20 13:40:00,915.45,916.0,914.3,915.1,2192063985
2026-05-20 13:50:00,915.15,916.75,914.6,916.75,2285756492
2026-05-20 14:00:00,916.8,919.5,916.05,919.1,3138461129
2026-05-20 14:10:00,919.3,919.85,918.8,919.45,2620440689
2026-05-20 14:20:00,919.5,922.35,919.25,922.3,2008352340
2026-05-20 14:30:00,922.35,922.5,919.35,921.05,2185428394
2026-05-20 14:40:00,921.15,923.7,921.05,923.7,2585491801
2026-05-20 14:50:00,923.7,924.05,922.8,923.45,2220685566
2026-05-20 15:00:00,923.4,924.0,921.5,923.95,1669991067
2026-05-20 15:10:00,923.95,924.55,923.15,923.75,2370186186
2026-05-20 15:20:00,923.75,925.0,922.35,925.0,2904033271
2026-05-21 09:20:00,935.8,936.4,931.6,932.15,125766844
2026-05-21 09:30:00,932.15,934.5,929.0,934.0,234485656
2026-05-21 09:40:00,934.1,934.85,931.45,931.65,327918026
2026-05-21 09:50:00,931.8,933.0,930.1,930.25,240696961
2026-05-21 10:00:00,930.3,931.75,928.0,928.35,259561412
2026-05-21 10:10:00,928.35,930.1,927.2,929.15,470477655
2026-05-21 10:20:00,929.15,930.0,926.7,928.8,213755358
2026-05-21 10:30:00,929.1,929.3,927.0,928.05,713423652
2026-05-21 10:40:00,928.05,929.35,928.0,928.0,590053789
2026-05-21 10:50:00,928.05,928.05,922.2,922.2,978259803
2026-05-21 11:00:00,922.2,922.2,919.45,919.65,795381259
2026-05-21 11:10:00,919.85,919.85,915.1,916.8,1167131614
2026-05-21 11:20:00,916.8,922.5,916.5,922.2,1151990764
2026-05-21 11:30:00,922.3,922.55,920.6,920.85,1104485399
2026-05-21 11:40:00,920.95,921.95,920.3,921.5,887474723
2026-05-21 11:50:00,921.45,922.35,919.3,919.75,1129582955
2026-05-21 12:00:00,920.0,921.4,919.4,920.6,924129736
2026-05-21 12:10:00,920.65,920.7,916.6,917.4,1282969810
2026-05-21 12:20:00,917.45,917.8,914.2,915.3,1393039863
2026-05-21 12:30:00,915.4,916.25,914.05,914.8,1275846136
2026-05-21 12:40:00,914.85,916.0,913.6,915.95,1145489231
2026-05-21 12:50:00,916.0,916.0,912.15,912.45,1427370667
2026-05-21 13:00:00,912.45,913.5,910.0,912.8,1738478451
2026-05-21 13:10:00,912.8,914.5,912.8,913.45,1660239011
2026-05-21 13:20:00,913.55,914.25,911.2,911.6,1746413536
2026-05-21 13:30:00,911.65,914.4,911.1,913.75,1592014876
2026-05-21 13:40:00,913.75,914.9,913.5,914.8,755052756
2026-05-21 13:45:00,914.5,914.8,912.1,913.05,84866
2026-05-21 13:55:00,913.05,915.35,912.5,913.0,91549
2026-05-21 14:00:00,912.9,913.7,912.55,912.7,961895187
2026-05-21 14:05:00,913.15,913.7,912.0,912.5,109347
2026-05-21 14:10:00,912.6,913.6,911.6,912.85,2284826924
2026-05-21 14:40:00,912.9,913.75,912.5,913.0,775025400
2026-05-21 14:50:00,913.0,914.0,912.5,913.4,1921864560
2026-05-21 15:00:00,913.15,915.6,913.05,915.2,2952599325
2026-05-21 15:10:00,915.05,915.5,914.0,914.8,1537616655
2026-05-21 15:20:00,914.8,915.9,914.55,915.7,1976338078
