datetime,open,high,low,close,volume
2026-02-01 09:15:00,3690.0,3695.2,3670.0,3675.8,4972
2026-02-01 09:25:00,3675.8,3685.0,3672.0,3681.0,2475
2026-02-01 09:35:00,3681.0,3681.0,3673.0,3676.2,1095
2026-02-01 09:45:00,3677.8,3689.0,3677.8,3685.9,1960
2026-02-01 09:55:00,3685.9,3685.9,3664.1,3678.0,4376
2026-02-01 10:05:00,3677.8,3687.0,3677.7,3687.0,1332
2026-02-01 10:15:00,3685.4,3697.9,3685.4,3692.7,2369
2026-02-01 10:25:00,3692.7,3696.6,3692.4,3694.1,531
2026-02-01 10:35:00,3694.1,3705.0,3694.1,3704.3,11119
2026-02-01 10:45:00,3704.3,3709.5,3699.8,3709.5,6847
2026-02-01 10:55:00,3709.5,3709.5,3699.4,3700.0,5716
2026-02-01 11:05:00,3701.3,3708.8,3697.8,3700.9,4170
2026-02-01 11:15:00,3700.9,3708.9,3699.5,3707.7,5353
2026-02-01 11:25:00,3708.0,3708.0,3700.0,3706.5,3253
2026-02-01 11:35:00,3706.0,3707.9,3699.3,3700.0,3855
2026-02-01 11:45:00,3700.0,3706.1,3699.4,3705.4,1690
2026-02-01 11:55:00,3705.4,3706.0,3695.3,3703.0,9208
2026-02-01 12:05:00,3700.1,3703.2,3670.0,3675.0,12107
2026-02-01 12:15:00,3675.7,3675.7,3639.0,3642.1,11415
2026-02-01 12:25:00,3642.5,3645.2,3529.0,3621.5,40848
2026-02-01 12:35:00,3621.5,3678.1,3621.5,3666.0,14623
2026-02-01 12:45:00,3666.0,3673.8,3658.1,3666.4,14662
2026-02-01 12:55:00,3668.3,3678.4,3662.9,3678.4,9616
2026-02-01 13:05:00,3679.3,3679.6,3665.0,3675.6,3650
2026-02-01 13:15:00,3675.3,3690.0,3673.2,3689.9,3987
2026-02-01 13:25:00,3689.9,3689.9,3677.9,3687.0,3478
2026-02-01 13:35:00,3687.0,3694.0,3685.4,3692.5,7526
2026-02-01 13:45:00,3694.0,3695.0,3681.1,3683.9,4178
2026-02-01 13:55:00,3682.0,3684.0,3676.8,3680.0,4160
2026-02-01 14:05:00,3680.0,3698.0,3676.1,3695.0,5533
2026-02-01 14:15:00,3694.7,3708.0,3694.7,3707.5,3668
2026-02-01 14:25:00,3708.0,3710.0,3699.6,3700.6,6343
2026-02-01 14:35:00,3700.8,3705.1,3698.4,3701.4,2112
2026-02-01 14:45:00,3702.0,3703.1,3673.9,3674.1,6796
2026-02-01 14:55:00,3676.6,3678.3,3656.8,3674.0,5257
2026-02-01 15:05:00,3673.7,3675.2,3626.0,3626.0,16840
2026-02-01 15:15:00,3628.4,3628.4,3570.3,3596.1,32573
2026-02-01 15:25:00,3598.8,3635.0,3596.0,3604.0,8534
2026-02-02 09:15:00,3639.0,3639.0,3600.0,3630.4,13724
2026-02-02 09:25:00,3630.6,3651.7,3626.6,3648.0,2922
2026-02-02 09:35:00,3646.6,3646.6,3632.5,3643.6,7807
2026-02-02 09:45:00,3643.6,3657.3,3641.2,3655.1,3994
2026-02-02 09:55:00,3655.0,3655.1,3646.4,3650.0,4914
2026-02-02 10:05:00,3650.9,3652.2,3647.2,3649.5,3537
2026-02-02 10:15:00,3650.0,3658.9,3648.0,3655.2,2626
2026-02-02 10:25:00,3654.4,3659.1,3651.4,3656.9,2548
2026-02-02 10:35:00,3656.6,3658.3,3650.2,3653.1,1771
2026-02-02 10:45:00,3653.1,3654.3,3642.1,3645.4,2358
2026-02-02 10:55:00,3645.4,3646.6,3623.2,3623.3,10714
2026-02-02 11:05:00,3623.2,3628.2,3613.1,3619.3,10246
2026-02-02 11:15:00,3617.7,3624.9,3612.5,3614.6,5841
2026-02-02 11:25:00,3614.6,3617.0,3606.2,3616.0,5446
2026-02-02 11:35:00,3613.2,3623.3,3608.0,3623.3,6382
2026-02-02 11:45:00,3623.3,3625.0,3615.3,3621.6,3405
2026-02-02 11:55:00,3621.6,3621.6,3614.0,3615.9,5852
2026-02-02 12:05:00,3617.0,3624.7,3616.2,3624.7,2352
2026-02-02 12:15:00,3624.7,3631.1,3619.9,3621.6,3606
2026-02-02 12:25:00,3623.6,3630.7,3619.1,3622.8,3756
2026-02-02 12:35:00,3622.8,3625.0,3618.2,3620.5,2684
2026-02-02 12:45:00,3619.0,3623.6,3616.6,3621.6,3331
2026-02-02 12:55:00,3622.3,3639.0,3622.3,3639.0,3666
2026-02-02 13:05:00,3639.0,3648.9,3638.2,3640.7,2643
2026-02-02 13:15:00,3640.7,3642.1,3633.0,3641.9,2728
2026-02-02 13:25:00,3639.6,3647.0,3636.9,3644.2,4052
2026-02-02 13:35:00,3644.2,3654.8,3641.8,3653.1,3054
2026-02-02 13:45:00,3655.2,3656.0,3650.0,3652.8,1052
2026-02-02 13:55:00,3652.9,3652.9,3638.8,3641.0,1603
2026-02-02 14:05:00,3640.0,3650.4,3639.6,3650.3,4506
2026-02-02 14:15:00,3650.3,3653.0,3649.3,3650.1,500
2026-02-02 14:25:00,3651.2,3652.4,3644.1,3650.1,10432
2026-02-02 14:35:00,3650.1,3654.7,3650.0,3653.9,4384
2026-02-02 14:45:00,3653.9,3657.3,3650.6,3654.9,6133
2026-02-02 14:55:00,3655.3,3672.7,3653.8,3664.0,11652
2026-02-02 15:05:00,3664.0,3678.5,3664.0,3674.2,16565
2026-02-02 15:15:00,3674.9,3683.3,3673.4,3677.3,21255
2026-02-02 15:25:00,3677.3,3680.0,3665.4,3665.5,8005
2026-02-03 09:15:00,3750.0,3760.0,3721.0,3732.9,29928
2026-02-03 09:25:00,3732.9,3740.0,3726.0,3738.6,16828
2026-02-03 09:35:00,3739.1,3741.9,3718.5,3723.4,10220
2026-02-03 09:45:00,3723.8,3738.8,3717.0,3733.9,11632
2026-02-03 09:55:00,3731.7,3734.9,3716.6,3719.9,8758
2026-02-03 10:05:00,3719.7,3721.5,3709.0,3720.0,7149
2026-02-03 10:15:00,3720.0,3734.8,3720.0,3725.0,5081
2026-02-03 10:25:00,3726.0,3741.7,3725.0,3739.7,6669
2026-02-03 10:35:00,3739.7,3744.6,3731.1,3731.1,5869
2026-02-03 10:45:00,3731.6,3734.7,3726.0,3730.3,3393
2026-02-03 10:55:00,3730.8,3739.7,3728.1,3736.4,5031
2026-02-03 11:05:00,3735.5,3737.5,3731.6,3735.9,1306
2026-02-03 11:15:00,3735.9,3737.8,3729.0,3732.0,1964
2026-02-03 11:25:00,3732.0,3749.1,3731.4,3747.8,7496
2026-02-03 11:35:00,3746.2,3777.8,3746.2,3777.8,44749
2026-02-03 11:45:00,3775.7,3780.0,3768.0,3768.6,11172
2026-02-03 11:55:00,3769.9,3802.4,3767.8,3788.8,22682
2026-02-03 12:05:00,3789.3,3789.3,3776.7,3778.3,6705
2026-02-03 12:15:00,3776.7,3792.8,3776.4,3788.3,8068
2026-02-03 12:25:00,3789.0,3795.0,3783.9,3789.6,6576
2026-02-03 12:35:00,3789.7,3790.3,3783.8,3787.8,5738
2026-02-03 12:45:00,3786.9,3787.5,3781.0,3786.5,5910
2026-02-03 12:55:00,3786.5,3787.7,3780.6,3786.2,3160
2026-02-03 13:05:00,3784.7,3786.2,3774.5,3782.9,17190
2026-02-03 13:15:00,3782.9,3784.1,3771.7,3776.9,23691
2026-02-03 13:25:00,3776.9,3779.6,3775.0,3775.6,6294
2026-02-03 13:35:00,3776.0,3786.4,3775.0,3778.3,8557
2026-02-03 13:45:00,3778.3,3780.0,3775.0,3779.0,3605
2026-02-03 13:55:00,3779.5,3780.0,3775.0,3776.9,3178
2026-02-03 14:05:00,3777.0,3779.8,3775.0,3776.0,2462
2026-02-03 14:15:00,3776.0,3779.0,3775.0,3775.4,3643
2026-02-03 14:25:00,3776.1,3779.9,3775.0,3779.0,2372
2026-02-03 14:35:00,3779.0,3790.9,3774.9,3775.7,13535
2026-02-03 14:45:00,3775.7,3779.9,3774.0,3777.0,15996
2026-02-03 14:55:00,3776.4,3780.0,3775.0,3776.0,13439
2026-02-03 15:05:00,3775.3,3780.0,3774.5,3777.1,25287
2026-02-03 15:15:00,3777.1,3780.0,3775.0,3778.1,21856
2026-02-03 15:25:00,3776.0,3778.8,3775.0,3778.8,14388
2026-02-04 09:15:00,3794.0,3804.0,3749.0,3795.5,26409
2026-02-04 09:25:00,3795.0,3828.0,3794.7,3823.7,26511
2026-02-04 09:35:00,3823.7,3833.0,3818.0,3830.0,15201
2026-02-04 09:45:00,3830.5,3830.5,3817.1,3820.0,5808
2026-02-04 09:55:00,3822.2,3827.9,3821.5,3822.0,3986
2026-02-04 10:05:00,3823.0,3829.3,3820.0,3826.2,3011
2026-02-04 10:15:00,3826.2,3830.0,3818.1,3819.7,4690
2026-02-04 10:25:00,3819.8,3835.0,3819.8,3833.2,7470
2026-02-04 10:35:00,3834.3,3838.0,3827.9,3830.4,6985
2026-02-04 10:45:00,3830.4,3835.0,3826.1,3830.0,3789
2026-02-04 10:55:00,3830.0,3845.5,3829.3,3845.0,6496
2026-02-04 11:05:00,3845.5,3847.6,3827.0,3832.1,6549
2026-02-04 11:15:00,3832.1,3832.1,3812.5,3812.5,6469
2026-02-04 11:25:00,3812.5,3820.7,3809.1,3815.6,8896
2026-02-04 11:35:00,3815.6,3821.4,3815.0,3819.0,2696
2026-02-04 11:45:00,3818.9,3821.8,3817.0,3819.8,6913
2026-02-04 11:55:00,3819.8,3828.1,3819.5,3822.4,3258
2026-02-04 12:05:00,3824.5,3831.6,3822.4,3828.3,2246
2026-02-04 12:15:00,3828.3,3832.0,3825.0,3832.0,4593
2026-02-04 12:25:00,3832.0,3841.4,3831.0,3838.6,2890
2026-02-04 12:35:00,3838.6,3844.4,3835.8,3842.3,2807
2026-02-04 12:45:00,3842.0,3842.0,3835.4,3839.0,4710
2026-02-04 12:55:00,3839.0,3842.0,3835.5,3841.2,4362
2026-02-04 13:05:00,3841.2,3845.0,3841.0,3842.0,2643
2026-02-04 13:15:00,3842.0,3843.9,3840.0,3843.0,2511
2026-02-04 13:25:00,3843.5,3843.7,3841.6,3843.0,2837
2026-02-04 13:35:00,3847.0,3849.0,3844.0,3846.9,7995
2026-02-04 13:45:00,3848.0,3848.0,3843.1,3845.0,2658
2026-02-04 13:55:00,3844.1,3848.0,3843.0,3846.1,3697
2026-02-04 14:05:00,3846.1,3846.9,3837.5,3844.4,11432
2026-02-04 14:15:00,3844.4,3846.3,3828.0,3829.0,10171
2026-02-04 14:25:00,3828.2,3832.3,3825.1,3828.0,2993
2026-02-04 14:35:00,3828.0,3830.4,3825.0,3829.5,3852
2026-02-04 14:45:00,3828.0,3835.7,3820.7,3825.6,11574
2026-02-04 14:55:00,3825.0,3830.0,3821.3,3827.1,6705
2026-02-04 15:05:00,3826.6,3828.9,3822.0,3824.6,11686
2026-02-04 15:15:00,3824.4,3826.9,3818.2,3821.7,15774
2026-02-04 15:25:00,3821.6,3825.0,3820.7,3824.0,6236
2026-02-05 09:15:00,3849.0,3872.3,3825.1,3862.8,33165
2026-02-05 09:25:00,3862.8,3879.9,3856.0,3858.0,22410
2026-02-05 09:35:00,3858.0,3860.9,3835.0,3837.5,10169
2026-02-05 09:45:00,3837.5,3847.0,3831.2,3844.7,6123
2026-02-05 09:55:00,3844.9,3853.1,3844.9,3849.5,8256
2026-02-05 10:05:00,3849.5,3855.7,3848.0,3854.5,4379
2026-02-05 10:15:00,3854.8,3864.5,3851.0,3862.5,24811
2026-02-05 10:25:00,3863.9,3868.7,3861.6,3866.6,15544
2026-02-05 10:35:00,3866.9,3872.9,3862.0,3865.7,12322
2026-02-05 10:45:00,3865.7,3878.0,3863.3,3870.9,18412
2026-02-05 10:55:00,3870.9,3873.0,3862.8,3865.2,8611
2026-02-05 11:05:00,3865.0,3876.9,3863.4,3876.9,7471
2026-02-05 11:15:00,3876.8,3877.0,3873.1,3875.0,5499
2026-02-05 11:25:00,3875.1,3876.9,3873.8,3876.0,4351
2026-02-05 11:35:00,3876.0,3884.0,3873.0,3881.6,23872
2026-02-05 11:45:00,3880.0,3881.4,3862.6,3866.5,46102
2026-02-05 11:55:00,3863.7,3869.6,3860.5,3863.9,17786
2026-02-05 12:05:00,3864.1,3873.3,3863.6,3867.5,12657
2026-02-05 12:15:00,3868.8,3872.1,3858.7,3865.0,47285
2026-02-05 12:25:00,3865.9,3879.9,3864.4,3877.9,5772
2026-02-05 12:35:00,3879.9,3882.1,3877.0,3882.1,17314
2026-02-05 12:45:00,3882.0,3889.0,3881.0,3888.9,15039
2026-02-05 12:55:00,3888.2,3900.0,3885.1,3899.1,23142
2026-02-05 13:05:00,3899.8,3912.0,3896.1,3910.0,41834
2026-02-05 13:15:00,3910.4,3933.0,3906.3,3933.0,59971
2026-02-05 13:25:00,3931.9,3943.5,3928.0,3937.1,58595
2026-02-05 13:35:00,3936.8,3943.6,3928.6,3932.7,31900
2026-02-05 13:45:00,3932.7,3934.2,3915.0,3933.0,49328
2026-02-05 13:55:00,3933.0,3933.0,3923.6,3925.0,16544
2026-02-05 14:05:00,3925.0,3928.1,3915.1,3918.8,15417
2026-02-05 14:15:00,3919.0,3935.0,3917.3,3933.3,29909
2026-02-05 14:25:00,3935.3,3938.7,3931.6,3936.9,17831
2026-02-05 14:35:00,3936.8,3942.0,3935.0,3935.7,15614
2026-02-05 14:45:00,3935.2,3939.5,3935.0,3939.5,11501
2026-02-05 14:55:00,3938.3,3944.7,3935.0,3937.6,22904
2026-02-05 15:05:00,3937.0,3938.9,3928.5,3930.2,33801
2026-02-05 15:15:00,3931.3,3936.0,3924.5,3935.6,40857
2026-02-05 15:25:00,3935.6,3949.5,3930.0,3930.0,28908
2026-02-06 09:15:00,3934.8,3949.0,3902.7,3906.0,31938
2026-02-06 09:25:00,3905.0,3906.8,3891.0,3893.1,9679
2026-02-06 09:35:00,3893.1,3901.6,3877.2,3880.5,7813
2026-02-06 09:45:00,3880.5,3887.5,3875.6,3876.2,4564
2026-02-06 09:55:00,3876.1,3878.7,3866.2,3873.0,10397
2026-02-06 10:05:00,3872.4,3878.2,3870.0,3873.1,6699
2026-02-06 10:15:00,3875.6,3887.5,3870.2,3886.0,9116
2026-02-06 10:25:00,3886.0,3887.5,3870.5,3872.9,7780
2026-02-06 10:35:00,3873.4,3875.7,3870.0,3874.3,5400
2026-02-06 10:45:00,3874.3,3874.3,3852.2,3852.8,21988
2026-02-06 10:55:00,3853.8,3863.1,3852.5,3858.3,4496
2026-02-06 11:05:00,3858.3,3873.2,3856.0,3870.0,5681
2026-02-06 11:15:00,3873.3,3878.3,3868.3,3877.1,7473
2026-02-06 11:25:00,3877.1,3878.4,3866.3,3875.0,4767
2026-02-06 11:35:00,3875.0,3879.6,3868.3,3871.5,3853
2026-02-06 11:45:00,3871.5,3871.9,3860.0,3861.9,5221
2026-02-06 11:55:00,3861.9,3871.0,3860.3,3862.4,3912
2026-02-06 12:05:00,3862.4,3864.8,3858.2,3860.1,4143
2026-02-06 12:15:00,3860.1,3864.0,3858.3,3859.0,2693
2026-02-06 12:25:00,3859.0,3861.9,3853.0,3853.1,4909
2026-02-06 12:35:00,3853.5,3865.4,3853.5,3858.9,4225
2026-02-06 12:45:00,3858.9,3862.0,3855.0,3856.2,5868
2026-02-06 12:55:00,3856.6,3860.0,3852.2,3853.3,5143
2026-02-06 13:05:00,3853.3,3860.6,3852.1,3859.7,4008
2026-02-06 13:15:00,3859.7,3862.9,3853.8,3856.1,2128
2026-02-06 13:25:00,3855.7,3856.5,3850.0,3855.1,6803
2026-02-06 13:35:00,3855.1,3861.8,3853.9,3859.9,4582
2026-02-06 13:45:00,3859.9,3865.1,3856.0,3864.3,3355
2026-02-06 13:55:00,3864.3,3868.0,3858.7,3866.4,8854
2026-02-06 14:05:00,3866.4,3876.7,3865.1,3875.8,4577
2026-02-06 14:15:00,3875.8,3881.0,3874.1,3878.4,7027
2026-02-06 14:25:00,3878.4,3880.0,3874.0,3876.9,1938
2026-02-06 14:35:00,3876.1,3880.2,3872.9,3876.9,6891
2026-02-06 14:45:00,3876.9,3882.3,3875.6,3877.8,5309
2026-02-06 14:55:00,3877.8,3886.5,3877.0,3886.5,11109
2026-02-06 15:05:00,3885.9,3898.4,3885.7,3889.1,10773
2026-02-06 15:15:00,3890.0,3895.0,3889.9,3893.7,12437
2026-02-06 15:25:00,3893.6,3895.6,3890.3,3893.0,5898
2026-02-09 09:15:00,3893.1,3924.9,3890.2,3919.4,14642
2026-02-09 09:25:00,3921.0,3922.9,3912.7,3917.1,8754
2026-02-09 09:35:00,3918.8,3939.6,3918.0,3935.1,9901
2026-02-09 09:45:00,3936.7,3938.0,3926.8,3928.2,5635
2026-02-09 09:55:00,3928.2,3928.9,3906.2,3915.0,8457
2026-02-09 10:05:00,3915.0,3916.8,3908.5,3912.0,6933
2026-02-09 10:15:00,3911.2,3914.3,3908.6,3912.0,5248
2026-02-09 10:25:00,3912.0,3925.0,3910.8,3924.8,5002
2026-02-09 10:35:00,3924.8,3926.0,3919.0,3919.0,5589
2026-02-09 10:45:00,3919.0,3925.0,3919.0,3922.5,3624
2026-02-09 10:55:00,3920.5,3926.1,3919.3,3923.4,4265
2026-02-09 11:05:00,3923.4,3925.0,3915.1,3917.8,4903
2026-02-09 11:15:00,3917.3,3920.2,3914.4,3920.2,4473
2026-02-09 11:25:00,3920.4,3923.1,3912.3,3914.1,3575
2026-02-09 11:35:00,3914.1,3918.2,3910.0,3910.1,3824
2026-02-09 11:45:00,3910.1,3915.4,3910.0,3910.7,3828
2026-02-09 11:55:00,3910.3,3923.0,3910.3,3919.1,3411
2026-02-09 12:05:00,3920.0,3920.0,3912.1,3913.1,3485
2026-02-09 12:15:00,3914.3,3918.2,3913.1,3914.5,3084
2026-02-09 12:25:00,3914.5,3917.8,3911.8,3913.0,3587
2026-02-09 12:35:00,3913.0,3914.0,3903.0,3905.0,3720
2026-02-09 12:45:00,3905.2,3916.9,3905.0,3910.1,4355
2026-02-09 12:55:00,3910.7,3920.0,3910.1,3918.4,4603
2026-02-09 13:05:00,3918.4,3924.8,3917.9,3924.8,7829
2026-02-09 13:15:00,3924.5,3926.9,3920.5,3920.6,4397
2026-02-09 13:25:00,3920.6,3925.0,3915.0,3923.6,4163
2026-02-09 13:35:00,3923.6,3927.7,3920.5,3922.0,5649
2026-02-09 13:45:00,3922.8,3926.0,3918.6,3923.3,3176
2026-02-09 13:55:00,3922.5,3923.0,3916.9,3920.6,4303
2026-02-09 14:05:00,3921.9,3923.7,3918.3,3920.9,3318
2026-02-09 14:15:00,3920.9,3922.0,3915.0,3921.2,3758
2026-02-09 14:25:00,3921.3,3923.6,3916.5,3916.5,3639
2026-02-09 14:35:00,3916.9,3919.2,3908.0,3916.7,6308
2026-02-09 14:45:00,3916.9,3920.0,3910.8,3916.2,7665
2026-02-09 14:55:00,3916.6,3926.0,3914.9,3925.0,11526
2026-02-09 15:05:00,3924.8,3927.0,3919.0,3923.0,14056
2026-02-09 15:15:00,3922.9,3923.4,3916.5,3922.7,12788
2026-02-09 15:25:00,3923.0,3925.9,3920.0,3923.6,6434
2026-02-10 09:15:00,3940.0,3956.0,3920.0,3930.0,37228
2026-02-10 09:25:00,3930.0,3940.9,3928.0,3940.0,6803
2026-02-10 09:35:00,3942.9,3964.7,3940.3,3964.5,14422
2026-02-10 09:45:00,3964.5,3964.7,3956.2,3956.2,12728
2026-02-10 09:55:00,3956.2,3960.6,3950.0,3959.0,6445
2026-02-10 10:05:00,3960.0,3960.6,3955.0,3955.5,2605
2026-02-10 10:15:00,3956.0,3965.0,3955.2,3960.7,6037
2026-02-10 10:25:00,3960.7,3974.0,3959.0,3973.4,9068
2026-02-10 10:35:00,3972.5,3980.0,3962.5,3967.0,13442
2026-02-10 10:45:00,3967.0,3970.3,3961.2,3967.7,5049
2026-02-10 10:55:00,3966.0,3968.1,3954.1,3962.9,5646
2026-02-10 11:05:00,3962.6,3964.9,3956.3,3957.2,2473
2026-02-10 11:15:00,3956.8,3964.0,3951.1,3961.3,4533
2026-02-10 11:25:00,3961.3,3967.5,3960.6,3965.7,2405
2026-02-10 11:35:00,3965.7,3970.8,3965.0,3968.8,3745
2026-02-10 11:45:00,3968.8,3970.1,3964.9,3968.2,2189
2026-02-10 11:55:00,3968.2,3970.0,3966.0,3966.5,2861
2026-02-10 12:05:00,3966.6,3967.5,3960.9,3963.0,1817
2026-02-10 12:15:00,3962.6,3965.0,3960.6,3961.7,2363
2026-02-10 12:25:00,3961.6,3972.8,3960.3,3971.4,3735
2026-02-10 12:35:00,3972.0,3989.8,3972.0,3986.2,15180
2026-02-10 12:45:00,3986.3,3994.9,3986.3,3991.4,11820
2026-02-10 12:55:00,3990.2,3997.0,3990.1,3994.0,7346
2026-02-10 13:05:00,3994.0,4004.3,3992.6,4000.7,16994
2026-02-10 13:15:00,4000.7,4019.0,3998.2,4001.2,28294
2026-02-10 13:25:00,4000.1,4010.5,3994.4,3995.1,9990
2026-02-10 13:35:00,3995.0,3997.7,3990.0,3994.0,7526
2026-02-10 13:45:00,3994.0,4002.0,3992.8,3993.3,6989
2026-02-10 13:55:00,3993.3,3995.7,3982.4,3984.4,8103
2026-02-10 14:05:00,3985.3,3986.4,3978.6,3982.5,6968
2026-02-10 14:15:00,3982.5,3988.5,3981.2,3984.6,3839
2026-02-10 14:25:00,3981.7,3986.2,3981.0,3985.0,3368
2026-02-10 14:35:00,3984.4,3987.1,3980.8,3984.2,4562
2026-02-10 14:45:00,3983.7,3996.0,3983.1,3996.0,4339
2026-02-10 14:55:00,3996.0,4002.9,3990.4,4000.0,20330
2026-02-10 15:05:00,4000.1,4003.4,3996.9,4001.0,25374
2026-02-10 15:15:00,4000.0,4006.4,3998.8,4005.0,44576
2026-02-10 15:25:00,4005.1,4007.0,4003.5,4005.0,16601
2026-02-11 09:15:00,4014.0,4032.2,4005.7,4011.4,42785
2026-02-11 09:25:00,4011.4,4015.0,4004.0,4008.0,9330
2026-02-11 09:35:00,4005.7,4006.5,3988.9,3994.0,11391
2026-02-11 09:45:00,3994.0,3996.7,3985.3,3993.0,9264
2026-02-11 09:55:00,3993.0,3998.7,3981.7,3983.1,6733
2026-02-11 10:05:00,3983.1,3988.0,3975.0,3978.5,5317
2026-02-11 10:15:00,3977.0,3989.8,3970.1,3984.0,8434
2026-02-11 10:25:00,3984.0,3989.3,3978.3,3979.6,8158
2026-02-11 10:35:00,3981.3,3983.2,3978.3,3979.8,4124
2026-02-11 10:45:00,3979.8,3988.6,3978.4,3982.4,3951
2026-02-11 10:55:00,3982.4,4002.3,3980.3,3998.2,14711
2026-02-11 11:05:00,3998.2,4000.4,3984.5,3986.4,4811
2026-02-11 11:15:00,3986.4,3996.0,3985.8,3990.7,2746
2026-02-11 11:25:00,3990.8,3995.1,3987.6,3994.7,2386
2026-02-11 11:35:00,3995.1,3998.5,3991.7,3994.2,6403
2026-02-11 11:45:00,3994.1,3997.6,3991.7,3992.8,3713
2026-02-11 11:55:00,3991.7,3995.5,3989.2,3993.9,4132
2026-02-11 12:05:00,3993.9,3995.0,3988.2,3988.7,3839
2026-02-11 12:15:00,3988.7,3988.7,3981.0,3982.3,4138
2026-02-11 12:25:00,3982.4,3986.5,3980.0,3980.1,2285
2026-02-11 12:35:00,3980.1,3984.0,3974.7,3978.8,5144
2026-02-11 12:45:00,3978.9,3984.2,3975.6,3980.0,4133
2026-02-11 12:55:00,3979.5,3983.5,3973.9,3974.7,4280
2026-02-11 13:05:00,3976.1,3980.0,3975.0,3978.0,2326
2026-02-11 13:15:00,3979.5,3988.4,3978.0,3984.8,7980
2026-02-11 13:25:00,3985.1,3989.7,3984.1,3987.6,1556
2026-02-11 13:35:00,3987.5,3995.0,3985.7,3993.3,5613
2026-02-11 13:45:00,3993.3,4006.5,3993.3,3993.5,18467
2026-02-11 13:55:00,3994.4,3999.6,3990.0,3992.5,4970
2026-02-11 14:05:00,3992.5,3998.3,3992.2,3997.0,3796
2026-02-11 14:15:00,3997.0,4004.0,3995.2,4000.3,9813
2026-02-11 14:25:00,4000.3,4004.9,3998.7,4000.0,7532
2026-02-11 14:35:00,4000.0,4003.0,3995.0,3998.5,6940
2026-02-11 14:45:00,3997.3,4001.0,3993.1,3993.3,6693
2026-02-11 14:55:00,3993.3,4008.9,3992.1,4002.5,18071
2026-02-11 15:05:00,4003.7,4005.2,3999.0,4004.4,21607
2026-02-11 15:15:00,4004.4,4008.0,3998.7,4000.0,28620
2026-02-11 15:25:00,4000.0,4001.0,3991.0,4000.0,7588
2026-02-12 09:15:00,4000.0,4000.0,3956.1,3961.0,13174
2026-02-12 09:25:00,3961.0,3975.0,3958.2,3974.8,10765
2026-02-12 09:35:00,3975.7,3982.1,3962.4,3968.9,11108
2026-02-12 09:45:00,3969.2,3976.5,3963.1,3972.9,3575
2026-02-12 09:55:00,3972.9,3975.0,3967.0,3971.4,2321
2026-02-12 10:05:00,3970.0,3974.7,3968.0,3972.8,1827
2026-02-12 10:15:00,3972.8,3979.9,3969.8,3973.5,2415
2026-02-12 10:25:00,3973.5,3973.5,3963.9,3968.5,3228
2026-02-12 10:35:00,3968.5,3970.0,3962.5,3964.0,4075
2026-02-12 10:45:00,3964.0,3970.0,3964.0,3970.0,4090
2026-02-12 10:55:00,3970.0,3970.0,3964.0,3964.0,1304
2026-02-12 11:05:00,3964.0,3966.0,3960.5,3963.6,1056
2026-02-12 11:15:00,3965.0,3965.0,3955.0,3955.0,5516
2026-02-12 11:25:00,3956.1,3959.6,3955.0,3955.1,2571
2026-02-12 11:35:00,3955.1,3964.5,3952.8,3962.8,10781
2026-02-12 11:45:00,3962.8,3971.5,3958.0,3958.9,15622
2026-02-12 11:55:00,3958.9,3961.0,3956.0,3956.0,2790
2026-02-12 12:05:00,3956.0,3956.3,3951.5,3952.5,4289
2026-02-12 12:15:00,3952.5,3956.5,3952.3,3955.0,2548
2026-02-12 12:25:00,3955.0,3962.8,3951.1,3961.0,2055
2026-02-12 12:35:00,3961.0,3967.3,3960.7,3965.2,2841
2026-02-12 12:45:00,3965.2,3966.7,3960.8,3964.0,3051
2026-02-12 12:55:00,3964.0,3965.0,3960.0,3960.2,1754
2026-02-12 13:05:00,3960.0,3963.0,3957.0,3960.3,1796
2026-02-12 13:15:00,3960.3,3964.4,3960.3,3962.2,736
2026-02-12 13:25:00,3962.2,3964.8,3960.7,3962.0,1118
2026-02-12 13:35:00,3962.0,3965.0,3961.5,3962.7,1189
2026-02-12 13:45:00,3962.7,3965.0,3960.7,3963.8,1937
2026-02-12 13:55:00,3963.8,3965.0,3961.2,3961.9,1638
2026-02-12 14:05:00,3961.9,3965.4,3960.0,3963.5,2749
2026-02-12 14:15:00,3963.5,3964.9,3961.0,3963.2,2141
2026-02-12 14:25:00,3963.2,3963.3,3957.1,3957.1,2057
2026-02-12 14:35:00,3957.1,3960.0,3950.2,3950.2,3298
2026-02-12 14:45:00,3950.2,3955.9,3947.6,3953.7,6325
2026-02-12 14:55:00,3953.7,3966.6,3953.7,3963.3,17055
2026-02-12 15:05:00,3963.9,3965.0,3960.0,3960.5,12862
2026-02-12 15:15:00,3960.6,3965.0,3959.6,3964.9,16468
2026-02-12 15:25:00,3965.0,3965.0,3952.7,3954.0,12527
2026-02-13 09:15:00,3944.3,3949.5,3915.4,3925.9,11089
2026-02-13 09:25:00,3925.9,3928.9,3910.1,3910.1,6365
2026-02-13 09:35:00,3910.0,3914.0,3900.2,3911.6,7517
2026-02-13 09:45:00,3911.6,3913.7,3905.0,3909.0,3152
2026-02-13 09:55:00,3909.0,3909.8,3902.0,3902.9,2826
2026-02-13 10:05:00,3902.9,3905.9,3890.0,3890.1,7455
2026-02-13 10:15:00,3892.6,3897.7,3887.0,3896.0,3420
2026-02-13 10:25:00,3896.8,3899.7,3892.3,3896.8,2304
2026-02-13 10:35:00,3896.8,3907.9,3893.4,3903.9,5377
2026-02-13 10:45:00,3903.9,3913.0,3901.4,3911.1,4149
2026-02-13 10:55:00,3912.1,3924.9,3912.1,3917.6,3727
2026-02-13 11:05:00,3917.6,3918.3,3905.1,3909.6,2834
2026-02-13 11:15:00,3912.2,3914.1,3902.2,3905.2,4256
2026-02-13 11:25:00,3905.2,3913.0,3902.2,3907.5,4107
2026-02-13 11:35:00,3908.0,3912.0,3903.0,3912.0,3368
2026-02-13 11:45:00,3912.0,3919.8,3907.0,3916.8,3263
2026-02-13 11:55:00,3916.8,3937.0,3916.4,3934.5,13117
2026-02-13 12:05:00,3933.1,3936.7,3929.0,3932.3,4937
2026-02-13 12:15:00,3932.3,3936.0,3929.2,3931.4,3121
2026-02-13 12:25:00,3931.4,3934.5,3924.2,3927.4,2548
2026-02-13 12:35:00,3928.1,3928.1,3916.4,3918.2,3463
2026-02-13 12:45:00,3918.2,3920.9,3915.4,3916.8,1832
2026-02-13 12:55:00,3916.8,3920.7,3910.4,3914.1,2065
2026-02-13 13:05:00,3914.3,3919.0,3912.0,3915.5,2335
2026-02-13 13:15:00,3915.5,3918.8,3906.2,3906.9,4730
2026-02-13 13:25:00,3907.8,3915.0,3906.0,3907.7,3703
2026-02-13 13:35:00,3907.7,3915.1,3906.8,3914.3,3639
2026-02-13 13:45:00,3914.3,3914.9,3904.1,3908.8,5655
2026-02-13 13:55:00,3908.8,3914.4,3901.7,3907.2,6193
2026-02-13 14:05:00,3907.2,3908.5,3900.2,3905.9,4377
2026-02-13 14:15:00,3906.0,3910.0,3904.2,3909.9,4510
2026-02-13 14:25:00,3909.9,3910.0,3902.9,3906.1,5937
2026-02-13 14:35:00,3906.1,3910.0,3903.9,3907.4,6033
2026-02-13 14:45:00,3905.4,3910.0,3901.2,3908.9,6205
2026-02-13 14:55:00,3908.8,3915.0,3905.6,3913.0,16386
2026-02-13 15:05:00,3912.8,3913.1,3905.0,3909.4,19015
2026-02-13 15:15:00,3909.4,3910.0,3905.7,3906.4,14105
2026-02-13 15:25:00,3906.2,3910.0,3890.0,3890.0,8068
2026-02-16 09:15:00,3850.0,3900.0,3850.0,3879.5,13987
2026-02-16 09:25:00,3879.5,3894.9,3879.5,3893.6,12341
2026-02-16 09:35:00,3893.6,3895.9,3882.4,3882.7,1253
2026-02-16 09:45:00,3882.5,3885.0,3880.4,3883.0,1381
2026-02-16 09:55:00,3883.0,3892.0,3882.5,3890.0,1349
2026-02-16 10:05:00,3890.0,3894.5,3889.0,3894.5,1781
2026-02-16 10:15:00,3894.5,3897.1,3889.0,3891.9,1885
2026-02-16 10:25:00,3891.9,3891.9,3887.4,3890.6,607
2026-02-16 10:35:00,3890.7,3891.9,3887.6,3888.5,1003
2026-02-16 10:45:00,3888.5,3890.3,3881.3,3884.3,1210
2026-02-16 10:55:00,3882.0,3886.1,3875.5,3878.2,2392
2026-02-16 11:05:00,3878.2,3884.7,3878.2,3880.3,809
2026-02-16 11:15:00,3880.3,3892.3,3879.4,3890.3,2116
2026-02-16 11:25:00,3890.4,3895.0,3885.3,3894.9,2218
2026-02-16 11:35:00,3894.0,3900.8,3892.6,3897.1,3177
2026-02-16 11:45:00,3896.9,3896.9,3876.8,3879.0,6743
2026-02-16 11:55:00,3879.0,3884.8,3873.0,3877.7,3648
2026-02-16 12:05:00,3877.7,3877.7,3871.9,3873.7,1664
2026-02-16 12:15:00,3872.9,3875.6,3857.7,3858.7,9508
2026-02-16 12:25:00,3858.1,3862.5,3856.4,3861.4,3187
2026-02-16 12:35:00,3861.4,3862.0,3855.0,3857.4,4744
2026-02-16 12:45:00,3857.4,3857.5,3852.1,3853.3,2007
2026-02-16 12:55:00,3853.3,3855.0,3842.3,3848.7,4509
2026-02-16 13:05:00,3849.0,3856.7,3848.5,3852.8,1265
2026-02-16 13:15:00,3852.8,3860.0,3851.0,3858.0,950
2026-02-16 13:25:00,3858.0,3868.8,3856.8,3868.8,1374
2026-02-16 13:35:00,3868.8,3872.7,3866.5,3868.7,2387
2026-02-16 13:45:00,3869.4,3871.4,3865.0,3866.4,1892
2026-02-16 13:55:00,3866.4,3868.5,3863.0,3865.6,1494
2026-02-16 14:05:00,3865.6,3869.2,3865.0,3867.7,2111
2026-02-16 14:15:00,3867.7,3869.7,3864.8,3865.6,1832
2026-02-16 14:25:00,3865.6,3872.0,3865.0,3872.0,1981
2026-02-16 14:35:00,3871.6,3872.8,3865.0,3867.1,2271
2026-02-16 14:45:00,3867.1,3869.8,3863.0,3865.3,4110
2026-02-16 14:55:00,3865.3,3878.0,3865.3,3873.0,15544
2026-02-16 15:05:00,3873.0,3879.5,3869.1,3876.0,43840
2026-02-16 15:15:00,3876.0,3890.1,3876.0,3886.0,51402
2026-02-16 15:25:00,3886.7,3887.0,3877.2,3878.0,22501
2026-02-17 09:15:00,3869.9,3929.9,3869.9,3889.5,8243
2026-02-17 09:25:00,3888.0,3897.0,3885.9,3895.6,2375
2026-02-17 09:35:00,3895.6,3905.0,3891.0,3905.0,2440
2026-02-17 09:45:00,3905.0,3919.6,3905.0,3919.0,2759
2026-02-17 09:55:00,3919.0,3924.0,3915.0,3916.1,4167
2026-02-17 10:05:00,3920.0,3922.5,3915.1,3916.0,2437
2026-02-17 10:15:00,3916.0,3918.3,3914.0,3917.1,1219
2026-02-17 10:25:00,3917.1,3923.0,3914.6,3920.1,2131
2026-02-17 10:35:00,3920.1,3934.7,3920.1,3932.9,7735
2026-02-17 10:45:00,3932.6,3940.0,3930.3,3939.8,3894
2026-02-17 10:55:00,3939.8,3940.0,3915.3,3919.2,23505
2026-02-17 11:05:00,3919.3,3923.4,3915.1,3916.6,1782
2026-02-17 11:15:00,3916.0,3918.3,3898.0,3901.0,6740
2026-02-17 11:25:00,3900.4,3903.3,3896.7,3900.0,2339
2026-02-17 11:35:00,3900.0,3902.7,3898.0,3900.0,1594
2026-02-17 11:45:00,3900.0,3904.7,3898.0,3901.7,1021
2026-02-17 11:55:00,3901.3,3903.9,3891.3,3891.3,2415
2026-02-17 12:05:00,3891.3,3892.8,3880.6,3883.1,2297
2026-02-17 12:15:00,3883.1,3887.4,3881.9,3884.4,1273
2026-02-17 12:25:00,3884.4,3888.9,3883.6,3883.6,1512
2026-02-17 12:35:00,3883.6,3887.7,3878.5,3882.0,1775
2026-02-17 12:45:00,3882.0,3892.9,3881.2,3889.5,3095
2026-02-17 12:55:00,3890.6,3891.7,3884.7,3887.4,9572
2026-02-17 13:05:00,3887.4,3897.8,3885.3,3888.9,1896
2026-02-17 13:15:00,3888.9,3892.9,3888.1,3892.8,744
2026-02-17 13:25:00,3891.6,3893.2,3888.0,3890.1,822
2026-02-17 13:35:00,3890.1,3895.6,3890.1,3890.9,710
2026-02-17 13:45:00,3892.7,3894.3,3890.0,3890.6,885
2026-02-17 13:55:00,3890.6,3893.3,3886.8,3890.5,9242
2026-02-17 14:05:00,3890.5,3894.5,3883.2,3883.4,2284
2026-02-17 14:15:00,3883.3,3887.8,3882.3,3885.7,1630
2026-02-17 14:25:00,3885.7,3888.4,3882.1,3888.4,6660
2026-02-17 14:35:00,3886.2,3899.0,3885.0,3898.5,2907
2026-02-17 14:45:00,3898.5,3907.7,3897.4,3901.7,8777
2026-02-17 14:55:00,3901.8,3905.0,3897.4,3899.9,14949
2026-02-17 15:05:00,3900.0,3903.4,3898.2,3901.1,12329
2026-02-17 15:15:00,3902.0,3908.0,3900.0,3907.0,10728
2026-02-17 15:25:00,3907.0,3907.0,3899.1,3900.0,4908
2026-02-18 09:15:00,3903.0,3924.7,3883.5,3891.3,13675
2026-02-18 09:25:00,3891.3,3903.9,3891.3,3895.8,2943
2026-02-18 09:35:00,3894.5,3905.5,3894.5,3904.1,3394
2026-02-18 09:45:00,3905.8,3917.6,3902.8,3910.0,21743
2026-02-18 09:55:00,3908.6,3909.6,3902.0,3904.4,5046
2026-02-18 10:05:00,3904.4,3908.3,3894.1,3895.4,3557
2026-02-18 10:15:00,3895.4,3903.0,3892.5,3902.0,3725
2026-02-18 10:25:00,3900.9,3909.9,3899.0,3909.9,9727
2026-02-18 10:35:00,3909.9,3910.0,3902.6,3904.6,5492
2026-02-18 10:45:00,3904.6,3905.8,3900.0,3902.0,824
2026-02-18 10:55:00,3900.4,3903.7,3895.6,3902.5,3082
2026-02-18 11:05:00,3902.5,3910.0,3901.2,3910.0,2150
2026-02-18 11:15:00,3910.5,3912.7,3906.3,3907.9,2424
2026-02-18 11:25:00,3907.9,3907.9,3899.9,3902.1,1301
2026-02-18 11:35:00,3902.1,3903.0,3896.9,3901.7,1181
2026-02-18 11:45:00,3901.7,3909.0,3899.1,3900.1,1240
2026-02-18 11:55:00,3900.1,3905.2,3900.1,3903.2,333
2026-02-18 12:05:00,3903.2,3907.7,3901.9,3901.9,672
2026-02-18 12:15:00,3901.9,3906.3,3901.9,3906.3,726
2026-02-18 12:25:00,3906.3,3906.9,3899.6,3901.6,1044
2026-02-18 12:35:00,3901.6,3909.8,3898.7,3908.0,1875
2026-02-18 12:45:00,3908.0,3910.0,3904.1,3907.2,2907
2026-02-18 12:55:00,3907.2,3908.0,3904.0,3905.0,797
2026-02-18 13:05:00,3905.0,3907.4,3904.8,3905.3,2000
2026-02-18 13:15:00,3907.0,3908.2,3905.5,3905.6,1083
2026-02-18 13:25:00,3905.6,3908.5,3902.0,3905.6,8775
2026-02-18 13:35:00,3905.6,3908.9,3905.6,3907.1,1101
2026-02-18 13:45:00,3907.2,3910.0,3904.6,3907.0,3038
2026-02-18 13:55:00,3907.0,3909.8,3906.1,3908.1,1127
2026-02-18 14:05:00,3907.8,3912.0,3906.0,3912.0,10224
2026-02-18 14:15:00,3911.7,3914.9,3910.5,3912.9,1722
2026-02-18 14:25:00,3912.9,3913.9,3910.0,3913.8,2443
2026-02-18 14:35:00,3913.8,3914.9,3911.1,3913.2,3588
2026-02-18 14:45:00,3913.2,3913.3,3903.0,3905.0,5892
2026-02-18 14:55:00,3905.0,3915.0,3905.0,3914.5,12664
2026-02-18 15:05:00,3915.0,3922.4,3910.2,3920.2,8980
2026-02-18 15:15:00,3921.2,3922.4,3914.4,3917.9,12878
2026-02-18 15:25:00,3917.9,3924.0,3910.0,3914.6,4939
2026-02-19 09:15:00,3915.0,3944.0,3908.0,3940.0,22165
2026-02-19 09:25:00,3940.0,3940.3,3926.8,3927.4,8906
2026-02-19 09:35:00,3927.6,3933.5,3915.5,3917.1,4263
2026-02-19 09:45:00,3916.3,3924.2,3909.8,3909.8,8394
2026-02-19 09:55:00,3911.2,3913.2,3904.4,3906.9,2849
2026-02-19 10:05:00,3907.7,3913.4,3903.5,3903.9,4233
2026-02-19 10:15:00,3903.9,3912.9,3903.1,3907.2,2045
2026-02-19 10:25:00,3907.2,3912.5,3904.0,3908.0,507
2026-02-19 10:35:00,3908.0,3912.0,3900.7,3908.0,2683
2026-02-19 10:45:00,3908.0,3908.0,3900.7,3903.3,1169
2026-02-19 10:55:00,3903.3,3905.6,3892.0,3896.0,2510
2026-02-19 11:05:00,3896.0,3896.3,3881.0,3881.0,3915
2026-02-19 11:15:00,3881.0,3881.7,3867.1,3868.4,5234
2026-02-19 11:25:00,3868.6,3874.1,3860.0,3868.6,3161
2026-02-19 11:35:00,3869.0,3871.7,3865.4,3870.3,1826
2026-02-19 11:45:00,3870.9,3870.9,3852.1,3853.0,3236
2026-02-19 11:55:00,3854.7,3857.4,3851.2,3857.4,2031
2026-02-19 12:05:00,3857.8,3862.2,3850.4,3861.7,3387
2026-02-19 12:15:00,3860.0,3866.9,3858.3,3866.9,1899
2026-02-19 12:25:00,3866.9,3869.8,3863.0,3869.7,1417
2026-02-19 12:35:00,3868.4,3869.4,3856.7,3858.3,2614
2026-02-19 12:45:00,3861.1,3865.4,3858.5,3861.0,1363
2026-02-19 12:55:00,3863.7,3866.4,3858.0,3858.0,1404
2026-02-19 13:05:00,3859.5,3864.1,3857.6,3861.8,1309
2026-02-19 13:15:00,3864.9,3872.0,3862.3,3868.4,1425
2026-02-19 13:25:00,3870.8,3872.0,3860.2,3866.6,2322
2026-02-19 13:35:00,3866.6,3867.8,3858.0,3858.0,2070
2026-02-19 13:45:00,3858.0,3861.5,3855.9,3857.9,5618
2026-02-19 13:55:00,3857.9,3860.0,3840.8,3842.0,8709
2026-02-19 14:05:00,3843.2,3844.0,3836.6,3843.4,5018
2026-02-19 14:15:00,3843.3,3844.0,3838.0,3839.3,3551
2026-02-19 14:25:00,3839.3,3839.9,3830.0,3835.6,6139
2026-02-19 14:35:00,3836.1,3837.4,3822.1,3824.3,6019
2026-02-19 14:45:00,3823.8,3832.9,3821.2,3831.7,9489
2026-02-19 14:55:00,3832.8,3842.7,3826.0,3831.0,39084
2026-02-19 15:05:00,3831.2,3840.6,3825.0,3833.4,43531
2026-02-19 15:15:00,3833.4,3838.5,3827.6,3833.0,48377
2026-02-19 15:25:00,3833.0,3844.0,3827.7,3833.0,12700
2026-02-20 09:15:00,3848.4,3879.0,3838.0,3839.5,12242
2026-02-20 09:25:00,3839.5,3850.0,3825.0,3844.7,3236
2026-02-20 09:35:00,3844.7,3848.1,3831.3,3839.5,2323
2026-02-20 09:45:00,3839.3,3863.6,3839.3,3858.9,37916
2026-02-20 09:55:00,3858.9,3861.8,3850.5,3851.2,1924
2026-02-20 10:05:00,3851.2,3858.0,3844.4,3845.3,1869
2026-02-20 10:15:00,3845.3,3869.9,3845.3,3869.4,4630
2026-02-20 10:25:00,3869.4,3878.1,3862.2,3862.2,3780
2026-02-20 10:35:00,3867.7,3876.6,3865.2,3869.3,4683
2026-02-20 10:45:00,3869.3,3878.9,3864.0,3874.8,4226
2026-02-20 10:55:00,3873.4,3876.6,3867.0,3869.1,2552
2026-02-20 11:05:00,3868.5,3883.9,3863.6,3881.9,2725
2026-02-20 11:15:00,3880.7,3886.0,3870.3,3875.4,1160
2026-02-20 11:25:00,3875.4,3884.0,3873.4,3883.4,1034
2026-02-20 11:35:00,3883.4,3889.3,3883.3,3886.6,2427
2026-02-20 11:45:00,3886.6,3889.0,3878.6,3878.6,1145
2026-02-20 11:55:00,3878.6,3878.6,3863.4,3867.1,1721
2026-02-20 12:05:00,3867.6,3869.7,3864.5,3869.7,695
2026-02-20 12:15:00,3869.2,3869.3,3852.2,3852.2,3394
2026-02-20 12:25:00,3853.2,3861.4,3851.5,3856.3,3429
2026-02-20 12:35:00,3856.2,3861.2,3853.2,3854.5,4102
2026-02-20 12:45:00,3854.5,3862.6,3854.5,3860.0,1166
2026-02-20 12:55:00,3859.1,3867.0,3859.1,3864.2,2302
2026-02-20 13:05:00,3864.2,3865.5,3860.0,3863.4,6615
2026-02-20 13:15:00,3863.4,3865.3,3861.0,3861.8,1377
2026-02-20 13:25:00,3861.8,3872.3,3861.8,3870.1,2849
2026-02-20 13:35:00,3869.2,3872.0,3866.8,3872.0,1236
2026-02-20 13:45:00,3872.0,3879.9,3872.0,3874.0,3457
2026-02-20 13:55:00,3874.0,3880.0,3874.0,3877.5,3810
2026-02-20 14:05:00,3875.3,3884.9,3874.3,3881.7,2778
2026-02-20 14:15:00,3882.1,3884.4,3880.0,3880.1,2180
2026-02-20 14:25:00,3880.1,3883.3,3868.5,3871.9,5590
2026-02-20 14:35:00,3871.9,3873.4,3869.1,3871.1,6792
2026-02-20 14:45:00,3871.1,3876.0,3871.1,3873.9,6313
2026-02-20 14:55:00,3873.9,3879.5,3861.6,3862.3,10680
2026-02-20 15:05:00,3862.2,3877.4,3862.2,3874.6,19643
2026-02-20 15:15:00,3875.2,3878.4,3846.2,3850.1,12862
2026-02-20 15:25:00,3848.1,3862.0,3840.0,3850.0,2901
2026-02-23 09:15:00,3889.0,3898.3,3871.2,3898.1,8400
2026-02-23 09:25:00,3898.1,3900.0,3873.0,3875.0,9212
2026-02-23 09:35:00,3874.5,3875.0,3864.2,3865.9,3306
2026-02-23 09:45:00,3865.9,3866.9,3857.2,3857.2,4910
2026-02-23 09:55:00,3857.2,3857.2,3845.0,3848.4,10413
2026-02-23 10:05:00,3848.4,3851.0,3844.0,3851.0,5952
2026-02-23 10:15:00,3851.0,3857.1,3847.0,3854.0,7358
2026-02-23 10:25:00,3854.0,3856.4,3842.2,3845.1,5415
2026-02-23 10:35:00,3845.1,3854.3,3841.5,3851.1,9874
2026-02-23 10:45:00,3851.1,3860.8,3843.4,3856.6,2387
2026-02-23 10:55:00,3856.6,3858.1,3847.3,3850.6,6758
2026-02-23 11:05:00,3850.6,3851.5,3845.0,3845.0,2690
2026-02-23 11:15:00,3846.2,3854.5,3846.2,3849.5,11012
2026-02-23 11:25:00,3849.5,3861.9,3848.8,3861.5,2100
2026-02-23 11:35:00,3861.5,3864.9,3858.0,3859.0,2942
2026-02-23 11:45:00,3859.0,3863.6,3850.0,3855.0,23746
2026-02-23 11:55:00,3855.0,3859.2,3846.5,3855.3,39217
2026-02-23 12:05:00,3855.3,3870.0,3854.5,3854.5,14130
2026-02-23 12:15:00,3854.0,3858.4,3845.2,3849.1,33884
2026-02-23 12:25:00,3847.6,3852.2,3846.2,3846.2,6677
2026-02-23 12:35:00,3846.2,3847.7,3842.0,3843.4,3376
2026-02-23 12:45:00,3842.7,3845.0,3833.3,3837.3,4739
2026-02-23 12:55:00,3837.3,3837.8,3823.0,3827.6,4969
2026-02-23 13:05:00,3825.1,3829.7,3814.6,3814.8,7522
2026-02-23 13:15:00,3814.8,3824.3,3810.3,3821.5,6398
2026-02-23 13:25:00,3821.6,3826.1,3818.6,3820.0,3332
2026-02-23 13:35:00,3819.9,3831.5,3819.0,3830.0,3016
2026-02-23 13:45:00,3830.0,3845.0,3830.0,3844.0,15674
2026-02-23 13:55:00,3843.3,3846.9,3830.0,3831.1,14030
2026-02-23 14:05:00,3831.8,3842.0,3829.4,3839.7,16650
2026-02-23 14:15:00,3841.5,3844.7,3829.3,3834.0,15640
2026-02-23 14:25:00,3836.9,3839.5,3832.5,3838.0,10828
2026-02-23 14:35:00,3838.1,3839.9,3835.0,3838.5,25505
2026-02-23 14:45:00,3838.4,3840.1,3829.0,3836.3,10252
2026-02-23 14:55:00,3836.3,3844.2,3834.6,3839.8,18321
2026-02-23 15:05:00,3839.9,3848.9,3838.6,3847.7,18192
2026-02-23 15:15:00,3847.8,3849.1,3845.2,3849.1,30985
2026-02-23 15:25:00,3849.1,3854.1,3830.0,3840.0,18697
2026-02-24 09:15:00,3840.0,3847.1,3821.5,3834.4,17732
2026-02-24 09:25:00,3834.4,3834.4,3808.4,3816.2,17060
2026-02-24 09:35:00,3816.9,3824.7,3813.4,3824.7,5870
2026-02-24 09:45:00,3824.7,3836.8,3821.1,3831.7,4763
2026-02-24 09:55:00,3834.4,3837.4,3827.2,3832.1,4473
2026-02-24 10:05:00,3832.1,3835.1,3823.0,3826.8,3745
2026-02-24 10:15:00,3826.8,3832.2,3821.0,3832.0,2401
2026-02-24 10:25:00,3829.0,3832.1,3815.0,3815.5,13846
2026-02-24 10:35:00,3815.5,3823.4,3815.5,3819.9,2668
2026-02-24 10:45:00,3821.9,3823.9,3810.3,3814.6,2471
2026-02-24 10:55:00,3814.6,3818.4,3810.0,3811.0,5124
2026-02-24 11:05:00,3810.8,3815.4,3806.2,3808.3,7933
2026-02-24 11:15:00,3808.3,3813.7,3806.1,3809.0,5592
2026-02-24 11:25:00,3809.4,3811.9,3808.0,3810.0,1725
2026-02-24 11:35:00,3810.0,3810.7,3806.4,3807.8,4133
2026-02-24 11:45:00,3807.8,3807.8,3802.0,3804.3,2811
2026-02-24 11:55:00,3804.0,3817.0,3800.0,3807.9,7881
2026-02-24 12:05:00,3807.9,3812.0,3805.0,3808.4,2129
2026-02-24 12:15:00,3808.4,3809.8,3806.2,3806.8,1048
2026-02-24 12:25:00,3806.8,3811.1,3806.5,3808.3,1763
2026-02-24 12:35:00,3808.2,3810.0,3806.3,3806.9,1746
2026-02-24 12:45:00,3807.2,3810.0,3803.0,3808.6,3177
2026-02-24 12:55:00,3808.6,3810.0,3802.0,3808.0,3315
2026-02-24 13:05:00,3808.4,3812.0,3798.6,3811.8,20259
2026-02-24 13:15:00,3812.0,3815.8,3809.1,3811.4,14523
2026-02-24 13:25:00,3811.4,3818.0,3809.3,3817.0,9406
2026-02-24 13:35:00,3817.0,3820.1,3812.1,3815.6,2977
2026-02-24 13:45:00,3815.9,3824.9,3815.4,3824.8,8632
2026-02-24 13:55:00,3824.8,3835.0,3824.6,3833.3,14728
2026-02-24 14:05:00,3833.3,3844.1,3829.1,3842.7,9430
2026-02-24 14:15:00,3842.7,3850.0,3840.6,3840.6,6835
2026-02-24 14:25:00,3840.6,3850.0,3835.0,3835.7,7815
2026-02-24 14:35:00,3835.7,3842.5,3833.1,3838.0,15710
2026-02-24 14:45:00,3836.3,3842.5,3834.3,3837.1,10769
2026-02-24 14:55:00,3837.1,3856.2,3835.0,3849.6,28959
2026-02-24 15:05:00,3851.3,3859.4,3837.2,3840.4,54136
2026-02-24 15:15:00,3839.1,3862.3,3835.0,3850.0,49398
2026-02-24 15:25:00,3850.0,3855.6,3840.0,3840.0,17965
2026-02-25 09:15:00,3880.0,3906.4,3869.5,3892.5,26218
2026-02-25 09:25:00,3892.5,3898.5,3877.5,3896.0,6603
2026-02-25 09:35:00,3897.0,3899.6,3884.0,3892.3,5142
2026-02-25 09:45:00,3892.3,3894.9,3884.1,3887.7,5365
2026-02-25 09:55:00,3887.0,3898.5,3886.0,3895.9,3543
2026-02-25 10:05:00,3895.9,3905.0,3895.9,3903.0,10077
2026-02-25 10:15:00,3904.0,3915.3,3904.0,3912.0,12174
2026-02-25 10:25:00,3911.5,3918.8,3910.3,3913.8,8141
2026-02-25 10:35:00,3913.8,3918.0,3907.3,3910.3,5911
2026-02-25 10:45:00,3909.8,3913.2,3906.3,3907.9,4688
2026-02-25 10:55:00,3909.9,3916.1,3907.5,3915.9,3863
2026-02-25 11:05:00,3914.3,3942.3,3913.8,3940.9,18379
2026-02-25 11:15:00,3940.9,3943.1,3927.7,3927.9,7858
2026-02-25 11:25:00,3927.9,3943.2,3926.4,3938.4,22198
2026-02-25 11:35:00,3937.9,3945.8,3926.7,3931.8,17202
2026-02-25 11:45:00,3932.0,3933.2,3914.1,3914.1,6646
2026-02-25 11:55:00,3914.4,3926.4,3908.0,3925.0,8381
2026-02-25 12:05:00,3925.4,3925.4,3915.5,3917.3,2127
2026-02-25 12:15:00,3917.3,3919.5,3916.0,3919.5,1269
2026-02-25 12:25:00,3917.9,3921.7,3914.0,3915.0,3885
2026-02-25 12:35:00,3912.4,3914.9,3887.0,3887.0,7790
2026-02-25 12:45:00,3886.4,3889.9,3882.7,3888.6,5400
2026-02-25 12:55:00,3886.7,3889.3,3880.0,3884.0,6446
2026-02-25 13:05:00,3884.0,3887.7,3881.5,3886.4,3463
2026-02-25 13:15:00,3886.4,3886.4,3875.2,3875.2,4217
2026-02-25 13:25:00,3875.1,3877.4,3870.1,3871.0,3451
2026-02-25 13:35:00,3871.0,3871.9,3860.5,3864.1,9597
2026-02-25 13:45:00,3864.2,3870.4,3857.8,3869.6,2573
2026-02-25 13:55:00,3869.6,3886.5,3867.5,3878.0,21312
2026-02-25 14:05:00,3877.7,3885.1,3877.0,3880.3,4227
2026-02-25 14:15:00,3880.3,3885.0,3876.1,3880.5,3823
2026-02-25 14:25:00,3880.4,3883.7,3876.3,3883.4,5091
2026-02-25 14:35:00,3884.0,3886.2,3876.6,3883.6,5781
2026-02-25 14:45:00,3881.9,3887.1,3873.2,3887.1,18610
2026-02-25 14:55:00,3886.1,3900.9,3886.1,3897.5,11858
2026-02-25 15:05:00,3898.0,3898.0,3883.9,3888.5,11584
2026-02-25 15:15:00,3884.4,3890.9,3880.5,3881.4,11150
2026-02-25 15:25:00,3881.0,3886.8,3871.5,3871.6,8459
2026-02-26 09:15:00,3900.0,3900.6,3865.0,3866.2,7843
2026-02-26 09:25:00,3866.2,3868.3,3860.1,3866.1,5276
2026-02-26 09:35:00,3866.1,3883.3,3865.0,3867.0,3656
2026-02-26 09:45:00,3867.0,3867.0,3855.0,3865.9,5252
2026-02-26 09:55:00,3867.2,3867.2,3857.4,3858.8,2665
2026-02-26 10:05:00,3858.8,3859.6,3855.1,3855.1,3218
2026-02-26 10:15:00,3855.1,3879.8,3850.0,3874.7,21304
2026-02-26 10:25:00,3874.7,3877.8,3870.5,3875.9,9413
2026-02-26 10:35:00,3876.4,3880.0,3864.1,3877.3,13986
2026-02-26 10:45:00,3877.3,3880.0,3871.0,3871.0,21610
2026-02-26 10:55:00,3874.2,3879.8,3871.1,3872.1,13580
2026-02-26 11:05:00,3872.1,3885.7,3871.0,3885.7,6606
2026-02-26 11:15:00,3885.7,3887.1,3880.3,3883.3,3937
2026-02-26 11:25:00,3883.3,3890.0,3866.3,3875.1,24898
2026-02-26 11:35:00,3875.1,3875.1,3838.2,3840.0,18387
2026-02-26 11:45:00,3840.0,3840.9,3832.0,3833.2,11677
2026-02-26 11:55:00,3833.8,3841.2,3828.4,3839.4,9146
2026-02-26 12:05:00,3840.0,3841.4,3832.4,3832.6,6587
2026-02-26 12:15:00,3832.6,3848.1,3831.7,3846.6,7740
2026-02-26 12:25:00,3846.6,3854.6,3841.1,3841.1,8960
2026-02-26 12:35:00,3841.4,3848.3,3830.6,3836.7,16659
2026-02-26 12:45:00,3839.0,3842.3,3832.8,3833.8,6534
2026-02-26 12:55:00,3833.8,3838.1,3820.0,3838.1,11643
2026-02-26 13:05:00,3838.2,3842.0,3834.4,3838.4,4818
2026-02-26 13:15:00,3838.4,3847.5,3838.0,3847.5,12341
2026-02-26 13:25:00,3847.5,3852.3,3843.1,3846.7,9385
2026-02-26 13:35:00,3845.7,3845.7,3840.1,3842.5,3852
2026-02-26 13:45:00,3842.5,3849.7,3842.1,3848.4,3027
2026-02-26 13:55:00,3848.4,3853.8,3848.4,3852.5,4612
2026-02-26 14:05:00,3853.0,3857.9,3850.0,3857.4,3878
2026-02-26 14:15:00,3857.4,3862.0,3857.1,3858.4,5266
2026-02-26 14:25:00,3858.4,3860.0,3848.5,3851.7,18760
2026-02-26 14:35:00,3851.7,3853.0,3848.0,3852.5,8163
2026-02-26 14:45:00,3852.5,3859.0,3851.5,3858.8,22188
2026-02-26 14:55:00,3858.0,3869.6,3857.4,3867.3,13744
2026-02-26 15:05:00,3867.2,3873.5,3866.2,3867.5,21851
2026-02-26 15:15:00,3866.1,3870.0,3853.8,3853.8,32618
2026-02-26 15:25:00,3854.6,3868.9,3854.4,3865.0,9887
2026-02-27 09:15:00,3880.2,3880.2,3840.8,3848.3,10421
2026-02-27 09:25:00,3847.4,3848.4,3833.7,3837.9,5233
2026-02-27 09:35:00,3837.9,3838.8,3826.7,3838.8,5356
2026-02-27 09:45:00,3838.2,3838.3,3819.0,3819.9,5422
2026-02-27 09:55:00,3819.9,3819.9,3808.0,3810.0,11592
2026-02-27 10:05:00,3811.3,3816.6,3804.0,3811.8,30911
2026-02-27 10:15:00,3811.8,3816.4,3811.0,3816.4,4715
2026-02-27 10:25:00,3816.4,3829.4,3815.4,3829.2,8224
2026-02-27 10:35:00,3829.2,3833.0,3827.6,3830.3,5682
2026-02-27 10:45:00,3830.0,3838.9,3827.8,3837.3,7376
2026-02-27 10:55:00,3837.3,3867.3,3834.1,3865.9,11653
2026-02-27 11:05:00,3864.7,3879.6,3850.8,3871.9,44531
2026-02-27 11:15:00,3872.1,3883.0,3864.6,3867.8,6642
2026-02-27 11:25:00,3866.2,3868.0,3856.0,3856.9,4292
2026-02-27 11:35:00,3856.8,3864.8,3852.4,3863.8,5493
2026-02-27 11:45:00,3864.3,3867.5,3860.4,3865.2,3949
2026-02-27 11:55:00,3865.2,3875.7,3864.9,3866.7,6618
2026-02-27 12:05:00,3866.0,3866.0,3858.0,3860.8,6033
2026-02-27 12:15:00,3860.8,3866.8,3854.5,3860.9,6591
2026-02-27 12:25:00,3861.0,3865.9,3859.2,3859.2,3401
2026-02-27 12:35:00,3859.3,3861.3,3850.0,3851.7,2218
2026-02-27 12:45:00,3851.7,3862.2,3850.0,3857.4,3162
2026-02-27 12:55:00,3856.5,3857.4,3852.0,3852.4,2727
2026-02-27 13:05:00,3852.4,3865.8,3852.4,3863.6,7204
2026-02-27 13:15:00,3862.4,3863.7,3856.7,3860.0,3081
2026-02-27 13:25:00,3860.0,3863.3,3850.3,3850.5,9660
2026-02-27 13:35:00,3850.5,3858.7,3848.4,3854.9,7345
2026-02-27 13:45:00,3856.1,3864.1,3854.2,3860.2,8661
2026-02-27 13:55:00,3860.7,3869.1,3858.0,3866.1,7008
2026-02-27 14:05:00,3868.5,3868.5,3862.0,3864.4,7252
2026-02-27 14:15:00,3864.4,3866.2,3860.6,3861.4,2795
2026-02-27 14:25:00,3861.4,3863.8,3854.5,3857.4,3341
2026-02-27 14:35:00,3856.9,3863.5,3855.9,3858.0,5776
2026-02-27 14:45:00,3858.1,3864.2,3858.0,3858.6,4039
2026-02-27 14:55:00,3859.6,3866.5,3846.7,3846.9,45881
2026-02-27 15:05:00,3846.7,3849.4,3840.0,3841.2,69067
2026-02-27 15:15:00,3842.1,3849.0,3840.5,3845.1,68948
2026-02-27 15:25:00,3845.0,3855.0,3840.0,3855.0,26342
2026-03-02 09:15:00,3700.0,3818.9,3700.0,3799.1,46336
2026-03-02 09:25:00,3802.3,3810.5,3785.5,3801.2,9340
2026-03-02 09:35:00,3803.1,3812.6,3794.3,3811.0,13126
2026-03-02 09:45:00,3808.5,3811.0,3796.2,3802.0,3392
2026-03-02 09:55:00,3802.0,3809.5,3798.0,3798.9,3483
2026-03-02 10:05:00,3797.1,3801.0,3790.0,3796.2,4227
2026-03-02 10:15:00,3796.3,3803.2,3793.2,3797.3,4718
2026-03-02 10:25:00,3795.4,3812.3,3795.4,3806.7,6768
2026-03-02 10:35:00,3806.5,3809.9,3802.8,3805.9,2479
2026-03-02 10:45:00,3805.0,3809.0,3801.3,3805.7,3150
2026-03-02 10:55:00,3805.7,3813.6,3803.1,3809.5,7383
2026-03-02 11:05:00,3811.1,3816.8,3805.1,3812.4,2953
2026-03-02 11:15:00,3811.9,3818.5,3810.0,3816.0,2691
2026-03-02 11:25:00,3815.2,3817.4,3809.1,3813.8,3700
2026-03-02 11:35:00,3813.0,3828.4,3812.0,3828.4,5382
2026-03-02 11:45:00,3828.4,3833.1,3820.0,3824.7,9975
2026-03-02 11:55:00,3825.5,3829.4,3796.7,3800.0,15874
2026-03-02 12:05:00,3800.0,3811.4,3800.0,3802.8,22765
2026-03-02 12:15:00,3804.0,3806.3,3783.0,3783.0,14678
2026-03-02 12:25:00,3783.4,3783.8,3766.9,3768.7,13425
2026-03-02 12:35:00,3768.7,3769.1,3751.1,3753.5,15496
2026-03-02 12:45:00,3751.9,3755.6,3740.0,3740.2,7888
2026-03-02 12:55:00,3742.1,3750.0,3735.5,3747.0,7773
2026-03-02 13:05:00,3747.0,3754.0,3745.9,3753.2,3334
2026-03-02 13:15:00,3753.2,3760.0,3750.0,3759.8,5872
2026-03-02 13:25:00,3759.9,3765.2,3752.0,3752.2,6036
2026-03-02 13:35:00,3754.4,3760.0,3747.9,3755.4,7224
2026-03-02 13:45:00,3753.7,3758.0,3749.8,3752.5,7209
2026-03-02 13:55:00,3752.5,3767.4,3750.0,3764.7,11414
2026-03-02 14:05:00,3764.7,3784.9,3764.7,3784.0,9151
2026-03-02 14:15:00,3784.9,3784.9,3766.5,3773.6,8095
2026-03-02 14:25:00,3775.0,3777.9,3762.0,3776.0,8929
2026-03-02 14:35:00,3778.2,3793.0,3777.0,3790.6,7407
2026-03-02 14:45:00,3790.6,3804.0,3785.0,3801.8,17851
2026-03-02 14:55:00,3803.7,3809.0,3796.1,3801.5,18209
2026-03-02 15:05:00,3802.5,3815.5,3799.0,3800.7,14654
2026-03-02 15:15:00,3800.7,3804.1,3797.1,3802.8,15776
2026-03-02 15:25:00,3802.8,3805.0,3800.0,3800.0,4985
2026-03-04 09:15:00,3772.2,3794.5,3748.0,3778.7,39992
2026-03-04 09:25:00,3776.7,3795.0,3776.7,3780.7,14364
2026-03-04 09:35:00,3780.4,3786.8,3772.0,3779.4,9523
2026-03-04 09:45:00,3779.7,3782.1,3771.5,3774.4,10754
2026-03-04 09:55:00,3773.9,3773.9,3752.5,3756.8,14129
2026-03-04 10:05:00,3758.6,3777.0,3758.4,3764.6,11145
2026-03-04 10:15:00,3766.5,3770.0,3760.5,3769.2,13250
2026-03-04 10:25:00,3769.2,3770.0,3761.6,3768.9,46655
2026-03-04 10:35:00,3767.8,3770.0,3762.0,3768.6,6447
2026-03-04 10:45:00,3769.2,3770.0,3760.1,3766.1,40208
2026-03-04 10:55:00,3766.1,3767.0,3760.8,3761.6,5740
2026-03-04 11:05:00,3761.6,3767.7,3757.2,3758.0,6676
2026-03-04 11:15:00,3757.0,3763.9,3755.6,3762.0,5274
2026-03-04 11:25:00,3762.0,3763.7,3756.2,3759.7,3867
2026-03-04 11:35:00,3759.6,3765.0,3756.8,3760.0,4777
2026-03-04 11:45:00,3760.5,3765.0,3759.5,3763.7,7873
2026-03-04 11:55:00,3764.5,3764.6,3758.2,3760.1,6409
2026-03-04 12:05:00,3759.1,3760.8,3752.3,3754.5,6300
2026-03-04 12:15:00,3754.5,3761.8,3747.7,3750.6,8080
2026-03-04 12:25:00,3750.0,3752.6,3736.0,3738.4,6664
2026-03-04 12:35:00,3738.5,3745.5,3737.3,3745.0,6274
2026-03-04 12:45:00,3745.0,3755.0,3743.3,3755.0,7197
2026-03-04 12:55:00,3755.0,3758.4,3751.4,3752.9,5669
2026-03-04 13:05:00,3752.3,3764.0,3749.2,3761.8,7973
2026-03-04 13:15:00,3763.7,3763.8,3752.1,3756.3,6950
2026-03-04 13:25:00,3756.2,3757.7,3748.0,3751.4,6766
2026-03-04 13:35:00,3751.4,3758.0,3750.0,3757.8,9275
2026-03-04 13:45:00,3757.8,3761.2,3746.8,3754.1,9572
2026-03-04 13:55:00,3754.0,3759.6,3749.5,3757.8,8889
2026-03-04 14:05:00,3757.8,3769.9,3754.2,3767.9,9285
2026-03-04 14:15:00,3769.5,3770.0,3765.1,3765.3,8521
2026-03-04 14:25:00,3765.3,3770.0,3759.1,3768.0,14145
2026-03-04 14:35:00,3768.0,3773.9,3760.4,3760.4,22908
2026-03-04 14:45:00,3761.1,3769.1,3753.7,3765.0,70932
2026-03-04 14:55:00,3764.9,3767.1,3760.9,3764.7,40368
2026-03-04 15:05:00,3764.1,3766.6,3752.9,3758.2,38902
2026-03-04 15:15:00,3757.7,3764.9,3753.1,3761.3,43103
2026-03-04 15:25:00,3761.4,3765.0,3750.0,3754.6,16800
2026-03-05 09:15:00,3763.0,3790.5,3763.0,3765.8,13343
2026-03-05 09:25:00,3765.8,3770.8,3743.3,3747.0,7932
2026-03-05 09:35:00,3748.6,3756.4,3748.6,3749.4,3131
2026-03-05 09:45:00,3750.5,3753.0,3745.0,3747.0,3947
2026-03-05 09:55:00,3747.0,3747.9,3740.0,3745.5,2837
2026-03-05 10:05:00,3745.5,3750.4,3740.0,3741.5,2213
2026-03-05 10:15:00,3741.5,3743.1,3728.7,3729.6,3810
2026-03-05 10:25:00,3731.2,3732.0,3727.0,3727.5,3864
2026-03-05 10:35:00,3726.6,3737.3,3726.6,3734.6,3250
2026-03-05 10:45:00,3734.6,3735.0,3731.0,3732.9,3130
2026-03-05 10:55:00,3732.9,3757.0,3730.1,3752.4,12833
2026-03-05 11:05:00,3752.9,3768.0,3752.4,3765.1,9039
2026-03-05 11:15:00,3766.9,3768.3,3765.1,3766.5,15516
2026-03-05 11:25:00,3767.9,3769.0,3763.0,3766.6,30753
2026-03-05 11:35:00,3767.6,3768.4,3766.5,3768.0,13062
2026-03-05 11:45:00,3768.0,3769.0,3766.5,3768.5,18998
2026-03-05 11:55:00,3768.0,3769.7,3766.1,3766.5,7549
2026-03-05 12:05:00,3766.7,3781.7,3766.2,3781.4,18359
2026-03-05 12:15:00,3784.0,3806.9,3782.5,3800.3,15962
2026-03-05 12:25:00,3801.8,3816.9,3799.9,3810.0,24363
2026-03-05 12:35:00,3810.0,3811.8,3800.0,3806.2,6377
2026-03-05 12:45:00,3806.2,3819.9,3805.7,3815.5,18193
2026-03-05 12:55:00,3815.5,3818.7,3810.3,3813.0,5416
2026-03-05 13:05:00,3813.1,3829.9,3810.7,3823.9,32322
2026-03-05 13:15:00,3824.0,3826.9,3809.0,3814.0,20018
2026-03-05 13:25:00,3814.1,3820.0,3812.0,3816.7,8685
2026-03-05 13:35:00,3817.0,3819.9,3811.5,3816.7,8671
2026-03-05 13:45:00,3816.1,3821.0,3810.0,3814.5,10539
2026-03-05 13:55:00,3815.0,3824.0,3814.9,3823.2,10368
2026-03-05 14:05:00,3824.1,3828.0,3812.0,3813.8,13408
2026-03-05 14:15:00,3814.0,3822.0,3810.0,3822.0,11277
2026-03-05 14:25:00,3822.8,3824.2,3814.7,3814.7,11888
2026-03-05 14:35:00,3816.6,3830.0,3812.4,3825.9,20117
2026-03-05 14:45:00,3825.9,3853.0,3825.9,3848.3,24662
2026-03-05 14:55:00,3848.2,3852.0,3842.1,3842.2,25760
2026-03-05 15:05:00,3842.3,3842.5,3826.7,3828.6,29375
2026-03-05 15:15:00,3828.7,3837.7,3823.8,3828.0,31470
2026-03-05 15:25:00,3828.0,3851.0,3826.0,3850.0,13009
2026-03-06 09:15:00,3825.0,3855.0,3825.0,3850.5,9861
2026-03-06 09:25:00,3850.8,3870.0,3847.7,3858.5,6204
2026-03-06 09:35:00,3858.5,3862.2,3853.9,3859.8,2719
2026-03-06 09:45:00,3859.5,3859.5,3851.8,3852.2,3168
2026-03-06 09:55:00,3852.2,3865.0,3852.1,3861.3,3403
2026-03-06 10:05:00,3861.3,3872.7,3860.4,3872.6,3463
2026-03-06 10:15:00,3872.0,3876.7,3866.5,3871.9,2963
2026-03-06 10:25:00,3872.3,3875.0,3862.3,3863.0,3016
2026-03-06 10:35:00,3863.4,3863.4,3856.0,3858.2,3029
2026-03-06 10:45:00,3858.2,3862.0,3846.2,3857.0,7334
2026-03-06 10:55:00,3855.0,3872.7,3851.4,3871.8,5008
2026-03-06 11:05:00,3871.8,3873.3,3865.0,3865.0,2444
2026-03-06 11:15:00,3864.5,3865.2,3855.8,3857.6,3004
2026-03-06 11:25:00,3857.6,3861.6,3851.8,3855.3,2340
2026-03-06 11:35:00,3855.2,3863.2,3854.9,3858.9,3257
2026-03-06 11:45:00,3858.7,3860.4,3854.1,3858.4,1953
2026-03-06 11:55:00,3858.0,3860.0,3855.4,3857.0,1344
2026-03-06 12:05:00,3857.0,3857.0,3850.1,3850.7,1851
2026-03-06 12:15:00,3850.7,3854.6,3840.6,3841.8,2910
2026-03-06 12:25:00,3841.8,3841.8,3833.6,3836.0,2546
2026-03-06 12:35:00,3836.6,3837.4,3830.0,3830.4,2382
2026-03-06 12:45:00,3830.4,3833.2,3825.0,3826.6,2584
2026-03-06 12:55:00,3826.1,3845.0,3825.7,3838.0,4956
2026-03-06 13:05:00,3837.5,3846.5,3837.0,3844.8,3792
2026-03-06 13:15:00,3844.6,3846.3,3841.0,3844.5,1579
2026-03-06 13:25:00,3844.5,3846.5,3835.6,3837.7,2462
2026-03-06 13:35:00,3837.7,3844.8,3837.5,3839.9,1648
2026-03-06 13:45:00,3839.9,3844.8,3834.4,3840.7,2514
2026-03-06 13:55:00,3840.0,3845.1,3835.1,3844.7,2467
2026-03-06 14:05:00,3844.2,3865.0,3844.0,3862.0,4943
2026-03-06 14:15:00,3862.0,3898.0,3861.2,3898.0,18413
2026-03-06 14:25:00,3898.0,3903.9,3890.0,3894.0,14987
2026-03-06 14:35:00,3894.0,3896.1,3873.9,3876.6,7040
2026-03-06 14:45:00,3876.0,3884.6,3871.2,3881.5,16907
2026-03-06 14:55:00,3880.5,3882.1,3868.7,3869.4,13606
2026-03-06 15:05:00,3869.4,3880.8,3868.6,3879.6,27184
2026-03-06 15:15:00,3879.1,3885.0,3875.0,3881.0,17341
2026-03-06 15:25:00,3881.0,3884.9,3880.0,3881.5,7662
2026-03-09 09:15:00,3866.9,3868.0,3814.5,3835.4,24170
2026-03-09 09:25:00,3835.4,3902.9,3826.0,3897.0,38287
2026-03-09 09:35:00,3900.0,3902.6,3880.5,3881.3,42955
2026-03-09 09:45:00,3881.2,3882.8,3847.1,3852.9,38009
2026-03-09 09:55:00,3850.7,3863.4,3850.1,3855.0,105761
2026-03-09 10:05:00,3855.0,3884.6,3855.0,3872.0,11712
2026-03-09 10:15:00,3872.2,3882.0,3866.0,3869.3,18685
2026-03-09 10:25:00,3868.0,3873.4,3860.1,3860.8,6540
2026-03-09 10:35:00,3860.8,3866.5,3855.8,3858.0,8140
2026-03-09 10:45:00,3859.5,3870.6,3857.5,3864.4,16824
2026-03-09 10:55:00,3862.6,3877.5,3858.6,3870.7,9399
2026-03-09 11:05:00,3870.7,3878.0,3868.5,3873.3,4833
2026-03-09 11:15:00,3873.3,3875.4,3868.4,3870.7,3521
2026-03-09 11:25:00,3870.7,3886.0,3868.8,3884.0,6548
2026-03-09 11:35:00,3886.3,3905.7,3879.5,3899.8,29643
2026-03-09 11:45:00,3899.8,3919.0,3896.7,3918.0,18806
2026-03-09 11:55:00,3919.0,3941.9,3910.4,3939.8,61629
2026-03-09 12:05:00,3941.5,3942.0,3896.4,3897.0,53022
2026-03-09 12:15:00,3897.9,3912.0,3891.0,3905.8,15826
2026-03-09 12:25:00,3906.4,3920.0,3905.4,3910.0,16543
2026-03-09 12:35:00,3910.0,3932.7,3910.0,3927.2,29421
2026-03-09 12:45:00,3924.0,3925.9,3912.2,3923.0,27338
2026-03-09 12:55:00,3923.0,3932.0,3915.0,3916.2,14825
2026-03-09 13:05:00,3917.9,3927.9,3914.0,3925.2,7433
2026-03-09 13:15:00,3925.2,3928.3,3915.6,3920.0,8488
2026-03-09 13:25:00,3920.0,3935.0,3917.9,3917.9,15856
2026-03-09 13:35:00,3917.9,3924.0,3911.1,3915.7,10093
2026-03-09 13:45:00,3913.9,3916.2,3909.9,3914.8,13962
2026-03-09 13:55:00,3914.6,3920.0,3900.1,3903.6,14858
2026-03-09 14:05:00,3903.6,3912.5,3902.2,3909.9,18946
2026-03-09 14:15:00,3909.9,3911.9,3902.7,3908.1,10282
2026-03-09 14:25:00,3908.0,3921.5,3903.8,3917.4,18378
2026-03-09 14:35:00,3917.0,3940.0,3917.0,3939.1,34690
2026-03-09 14:45:00,3939.2,3949.0,3935.9,3941.4,20302
2026-03-09 14:55:00,3943.9,3962.4,3942.0,3957.1,36026
2026-03-09 15:05:00,3956.9,3968.1,3952.0,3961.1,44280
2026-03-09 15:15:00,3960.8,3982.0,3960.2,3969.3,60894
2026-03-09 15:25:00,3969.3,3969.4,3961.8,3967.0,15241
2026-03-10 09:15:00,3993.0,4000.0,3960.1,3962.2,63027
2026-03-10 09:25:00,3962.2,3973.7,3950.3,3956.2,37789
2026-03-10 09:35:00,3954.4,3968.4,3945.5,3966.3,14474
2026-03-10 09:45:00,3966.4,3974.0,3930.0,3931.7,16234
2026-03-10 09:55:00,3931.2,3933.4,3916.9,3925.1,7613
2026-03-10 10:05:00,3926.3,3943.3,3926.0,3928.7,4119
2026-03-10 10:15:00,3928.5,3928.7,3919.0,3922.7,4161
2026-03-10 10:25:00,3922.7,3925.5,3919.0,3923.6,3817
2026-03-10 10:35:00,3925.8,3941.8,3925.8,3936.7,11184
2026-03-10 10:45:00,3938.6,3945.4,3936.0,3937.6,4773
2026-03-10 10:55:00,3937.6,3942.6,3935.0,3942.0,2598
2026-03-10 11:05:00,3942.0,3944.0,3938.1,3940.4,1719
2026-03-10 11:15:00,3940.4,3943.0,3935.0,3942.2,3394
2026-03-10 11:25:00,3943.0,3947.8,3938.0,3941.3,8539
2026-03-10 11:35:00,3941.2,3946.4,3935.3,3944.0,8085
2026-03-10 11:45:00,3944.7,3946.5,3940.0,3940.2,1344
2026-03-10 11:55:00,3940.2,3941.5,3937.0,3937.0,2119
2026-03-10 12:05:00,3937.0,3937.4,3930.0,3930.3,3748
2026-03-10 12:15:00,3930.3,3931.0,3922.7,3928.5,3999
2026-03-10 12:25:00,3928.5,3928.5,3922.1,3922.3,1273
2026-03-10 12:35:00,3923.6,3926.7,3922.3,3923.2,2157
2026-03-10 12:45:00,3923.2,3938.0,3923.0,3935.8,4618
2026-03-10 12:55:00,3935.8,3938.9,3933.5,3937.0,3415
2026-03-10 13:05:00,3937.0,3938.1,3934.2,3935.3,1539
2026-03-10 13:15:00,3936.7,3939.0,3930.8,3932.9,1804
2026-03-10 13:25:00,3933.0,3937.4,3931.0,3937.4,2367
2026-03-10 13:35:00,3936.8,3938.0,3931.3,3934.6,1889
2026-03-10 13:45:00,3934.6,3937.9,3932.3,3933.2,1440
2026-03-10 13:55:00,3933.2,3935.2,3931.0,3932.2,1068
2026-03-10 14:05:00,3932.2,3934.6,3931.0,3931.4,1810
2026-03-10 14:15:00,3931.4,3940.9,3931.4,3938.7,3334
2026-03-10 14:25:00,3941.1,3943.0,3934.0,3943.0,3887
2026-03-10 14:35:00,3943.0,3949.6,3942.3,3948.3,8607
2026-03-10 14:45:00,3946.4,3948.2,3940.5,3947.5,4351
2026-03-10 14:55:00,3947.0,3947.9,3933.2,3936.8,14876
2026-03-10 15:05:00,3936.8,3942.8,3934.6,3937.1,13247
2026-03-10 15:15:00,3937.1,3963.6,3935.6,3962.8,35437
2026-03-10 15:25:00,3962.8,3963.6,3957.0,3957.0,8144
2026-03-11 09:15:00,3946.8,3980.0,3946.8,3968.5,14172
2026-03-11 09:25:00,3969.9,3970.0,3956.0,3964.5,7617
2026-03-11 09:35:00,3963.2,3966.4,3953.0,3956.1,7041
2026-03-11 09:45:00,3954.9,3972.3,3954.9,3971.3,7743
2026-03-11 09:55:00,3971.9,3992.0,3970.0,3975.0,11881
2026-03-11 10:05:00,3974.9,3980.1,3970.8,3980.1,9835
2026-03-11 10:15:00,3980.1,3980.1,3974.9,3976.9,3179
2026-03-11 10:25:00,3976.9,3978.0,3962.0,3965.3,7209
2026-03-11 10:35:00,3964.2,3965.9,3955.6,3962.5,12809
2026-03-11 10:45:00,3960.2,3964.6,3957.0,3960.0,5685
2026-03-11 10:55:00,3960.0,3964.0,3950.3,3963.5,7068
2026-03-11 11:05:00,3963.4,3968.8,3962.0,3966.5,6691
2026-03-11 11:15:00,3966.5,3970.0,3960.2,3966.0,10521
2026-03-11 11:25:00,3966.0,3967.8,3960.0,3961.6,11672
2026-03-11 11:35:00,3961.6,3962.1,3957.0,3962.1,6267
2026-03-11 11:45:00,3962.2,3962.2,3924.4,3928.5,10692
2026-03-11 11:55:00,3928.5,3928.5,3914.9,3926.0,5979
2026-03-11 12:05:00,3926.3,3926.3,3915.0,3916.7,1801
2026-03-11 12:15:00,3918.9,3918.9,3908.3,3912.6,1946
2026-03-11 12:25:00,3912.6,3918.4,3908.1,3916.9,2355
2026-03-11 12:35:00,3913.8,3919.3,3911.4,3917.1,1162
2026-03-11 12:45:00,3917.1,3920.6,3910.5,3916.8,3978
2026-03-11 12:55:00,3917.0,3922.1,3915.1,3917.1,1821
2026-03-11 13:05:00,3917.2,3927.0,3917.0,3927.0,2572
2026-03-11 13:15:00,3927.5,3930.0,3918.6,3928.7,8935
2026-03-11 13:25:00,3928.7,3939.0,3928.7,3939.0,2843
2026-03-11 13:35:00,3939.0,3939.0,3933.3,3934.6,1859
2026-03-11 13:45:00,3935.4,3951.0,3932.9,3951.0,6758
2026-03-11 13:55:00,3951.0,3955.8,3946.0,3953.3,8698
2026-03-11 14:05:00,3953.3,3965.3,3951.1,3962.0,34148
2026-03-11 14:15:00,3958.5,3961.7,3948.4,3960.8,7226
2026-03-11 14:25:00,3959.1,3970.0,3949.9,3966.0,7597
2026-03-11 14:35:00,3966.0,3970.0,3963.6,3966.1,5720
2026-03-11 14:45:00,3966.1,3968.0,3952.8,3959.6,8146
2026-03-11 14:55:00,3959.6,3965.8,3953.0,3955.4,30821
2026-03-11 15:05:00,3955.5,3957.1,3932.4,3933.8,14484
2026-03-11 15:15:00,3935.5,3941.8,3924.9,3932.4,15392
2026-03-11 15:25:00,3932.4,3936.9,3928.2,3935.0,12322
2026-03-12 09:15:00,3928.2,3933.9,3856.2,3876.2,22566
2026-03-12 09:25:00,3873.1,3885.0,3871.3,3876.0,7312
2026-03-12 09:35:00,3876.0,3890.0,3870.8,3890.0,6527
2026-03-12 09:45:00,3891.0,3905.7,3891.0,3904.9,9445
2026-03-12 09:55:00,3904.9,3916.1,3900.0,3911.2,5696
2026-03-12 10:05:00,3911.6,3917.3,3901.5,3902.6,12857
2026-03-12 10:15:00,3902.6,3905.6,3895.0,3901.3,5009
2026-03-12 10:25:00,3903.0,3913.9,3903.0,3907.3,5007
2026-03-12 10:35:00,3907.3,3924.2,3907.3,3917.7,4717
2026-03-12 10:45:00,3917.7,3921.0,3910.0,3915.6,6563
2026-03-12 10:55:00,3915.6,3934.4,3915.6,3932.9,3440
2026-03-12 11:05:00,3933.6,3933.7,3915.7,3920.0,8751
2026-03-12 11:15:00,3920.0,3925.3,3913.6,3919.9,14592
2026-03-12 11:25:00,3920.1,3928.0,3917.0,3923.6,5138
2026-03-12 11:35:00,3924.5,3941.0,3924.5,3941.0,5740
2026-03-12 11:45:00,3941.0,3942.4,3931.7,3935.2,3027
2026-03-12 11:55:00,3935.2,3952.4,3934.1,3945.5,8051
2026-03-12 12:05:00,3944.4,3950.0,3939.3,3944.8,6447
2026-03-12 12:15:00,3946.1,3946.7,3939.4,3942.5,4017
2026-03-12 12:25:00,3942.5,3955.0,3940.9,3950.6,4583
2026-03-12 12:35:00,3950.5,3951.1,3935.1,3938.7,11108
2026-03-12 12:45:00,3938.7,3950.0,3938.7,3945.2,4806
2026-03-12 12:55:00,3945.1,3952.9,3942.0,3947.2,3570
2026-03-12 13:05:00,3947.2,3953.3,3945.3,3951.0,2810
2026-03-12 13:15:00,3951.5,3953.0,3946.8,3950.8,2680
2026-03-12 13:25:00,3950.8,3954.1,3947.2,3947.6,2342
2026-03-12 13:35:00,3948.2,3949.1,3942.2,3944.7,6178
2026-03-12 13:45:00,3944.2,3946.9,3942.2,3944.0,3421
2026-03-12 13:55:00,3945.0,3948.0,3943.2,3945.1,5175
2026-03-12 14:05:00,3945.1,3949.6,3931.5,3946.2,11507
2026-03-12 14:15:00,3946.1,3946.1,3938.2,3944.0,5760
2026-03-12 14:25:00,3944.0,3951.0,3943.9,3948.9,6268
2026-03-12 14:35:00,3948.9,3951.2,3945.0,3947.1,5400
2026-03-12 14:45:00,3946.2,3951.0,3941.2,3950.0,13219
2026-03-12 14:55:00,3950.0,3970.0,3946.2,3967.3,21686
2026-03-12 15:05:00,3968.0,3975.0,3953.2,3953.2,22115
2026-03-12 15:15:00,3954.4,3960.0,3940.2,3940.4,65036
2026-03-12 15:25:00,3942.6,3950.0,3933.8,3945.0,9745
2026-03-13 09:15:00,3945.0,3981.3,3945.0,3977.9,14537
2026-03-13 09:25:00,3979.0,4056.0,3977.9,4034.5,108755
2026-03-13 09:35:00,4036.0,4037.0,4008.0,4011.8,78192
2026-03-13 09:45:00,4010.0,4025.0,3998.0,4004.1,43543
2026-03-13 09:55:00,4002.2,4010.7,3991.0,3999.6,24956
2026-03-13 10:05:00,4000.0,4001.0,3975.1,3976.2,25111
2026-03-13 10:15:00,3976.2,3998.7,3976.2,3985.8,26915
2026-03-13 10:25:00,3985.8,4006.1,3984.2,3990.1,36390
2026-03-13 10:35:00,3988.9,3992.0,3972.0,3980.1,12506
2026-03-13 10:45:00,3980.9,3995.0,3976.7,3990.9,20426
2026-03-13 10:55:00,3992.0,3994.9,3977.0,3990.3,50966
2026-03-13 11:05:00,3990.0,3990.9,3975.1,3978.0,15202
2026-03-13 11:15:00,3978.2,3989.7,3978.2,3986.0,16899
2026-03-13 11:25:00,3987.3,3989.4,3966.4,3980.6,43682
2026-03-13 11:35:00,3980.8,3987.8,3980.0,3982.1,14583
2026-03-13 11:45:00,3982.1,3985.2,3961.7,3962.1,36595
2026-03-13 11:55:00,3962.0,3968.1,3940.0,3944.9,23904
2026-03-13 12:05:00,3943.5,3944.9,3922.3,3933.8,12306
2026-03-13 12:15:00,3933.8,3935.7,3915.0,3915.2,9932
2026-03-13 12:25:00,3915.2,3929.3,3915.2,3921.0,9112
2026-03-13 12:35:00,3920.7,3926.1,3897.8,3898.1,13210
2026-03-13 12:45:00,3901.9,3909.4,3893.2,3898.5,9101
2026-03-13 12:55:00,3898.5,3903.4,3886.0,3891.2,8337
2026-03-13 13:05:00,3889.2,3901.8,3870.0,3872.6,9080
2026-03-13 13:15:00,3871.3,3876.9,3850.9,3855.4,8042
2026-03-13 13:25:00,3855.4,3872.1,3852.4,3870.5,9518
2026-03-13 13:35:00,3870.0,3872.0,3860.0,3868.0,10626
2026-03-13 13:45:00,3868.1,3868.8,3850.9,3850.9,7763
2026-03-13 13:55:00,3850.9,3856.7,3834.1,3835.5,24416
2026-03-13 14:05:00,3835.2,3854.0,3834.0,3841.4,11694
2026-03-13 14:15:00,3841.4,3855.2,3828.5,3846.7,12529
2026-03-13 14:25:00,3848.0,3854.4,3842.4,3850.0,10656
2026-03-13 14:35:00,3849.5,3854.8,3836.5,3837.3,18203
2026-03-13 14:45:00,3837.3,3839.0,3825.0,3834.1,22450
2026-03-13 14:55:00,3836.5,3836.5,3826.7,3831.2,33609
2026-03-13 15:05:00,3831.4,3842.5,3828.9,3839.0,29712
2026-03-13 15:15:00,3839.0,3842.8,3825.7,3836.1,38189
2026-03-13 15:25:00,3835.0,3839.7,3825.0,3830.0,11407
2026-03-16 09:15:00,3824.3,3828.0,3780.2,3786.7,36992
2026-03-16 09:25:00,3790.0,3794.7,3770.1,3784.7,26696
2026-03-16 09:35:00,3784.2,3798.3,3780.3,3786.3,12075
2026-03-16 09:45:00,3788.2,3793.4,3771.0,3779.2,16302
2026-03-16 09:55:00,3778.7,3804.4,3778.7,3799.2,8234
2026-03-16 10:05:00,3800.4,3820.0,3785.2,3788.1,16097
2026-03-16 10:15:00,3786.0,3787.4,3760.0,3760.0,11300
2026-03-16 10:25:00,3760.9,3772.1,3760.0,3764.9,6831
2026-03-16 10:35:00,3764.9,3772.1,3753.0,3753.0,8518
2026-03-16 10:45:00,3753.0,3756.8,3745.0,3746.2,10589
2026-03-16 10:55:00,3746.4,3754.3,3736.1,3754.0,9604
2026-03-16 11:05:00,3754.0,3776.7,3751.0,3766.0,8025
2026-03-16 11:15:00,3772.7,3785.0,3768.7,3775.8,10232
2026-03-16 11:25:00,3774.3,3783.3,3766.0,3781.0,7546
2026-03-16 11:35:00,3780.2,3782.7,3770.0,3771.8,6496
2026-03-16 11:45:00,3771.8,3775.5,3761.5,3761.5,6942
2026-03-16 11:55:00,3761.6,3767.0,3758.1,3760.0,5472
2026-03-16 12:05:00,3760.0,3764.8,3757.6,3759.0,3760
2026-03-16 12:15:00,3758.4,3766.2,3756.2,3763.3,4247
2026-03-16 12:25:00,3763.1,3772.0,3758.5,3758.8,6118
2026-03-16 12:35:00,3760.8,3764.0,3756.7,3760.6,4343
2026-03-16 12:45:00,3758.3,3760.2,3751.0,3758.7,4352
2026-03-16 12:55:00,3758.7,3761.0,3750.1,3753.0,6889
2026-03-16 13:05:00,3750.7,3756.4,3746.0,3746.0,6310
2026-03-16 13:15:00,3746.0,3767.0,3745.9,3765.2,19907
2026-03-16 13:25:00,3763.6,3773.3,3763.6,3771.8,9560
2026-03-16 13:35:00,3771.8,3774.4,3762.1,3763.1,8380
2026-03-16 13:45:00,3761.8,3765.1,3753.0,3757.6,7024
2026-03-16 13:55:00,3755.9,3758.9,3750.6,3754.3,9453
2026-03-16 14:05:00,3754.3,3769.9,3753.2,3762.5,4990
2026-03-16 14:15:00,3762.5,3782.9,3760.9,3779.9,7591
2026-03-16 14:25:00,3778.5,3799.8,3774.0,3799.8,13903
2026-03-16 14:35:00,3797.5,3821.0,3797.5,3818.0,11556
2026-03-16 14:45:00,3818.0,3829.9,3815.0,3827.2,9820
2026-03-16 14:55:00,3827.1,3834.8,3819.1,3821.8,13777
2026-03-16 15:05:00,3821.8,3831.9,3814.7,3815.0,13998
2026-03-16 15:15:00,3815.0,3818.6,3808.0,3813.0,17895
2026-03-16 15:25:00,3812.4,3818.5,3807.6,3815.0,8722
2026-03-17 09:15:00,3827.8,3842.0,3810.0,3820.7,13624
2026-03-17 09:25:00,3820.2,3825.6,3802.1,3802.2,5612
2026-03-17 09:35:00,3802.6,3822.0,3802.4,3814.7,3507
2026-03-17 09:45:00,3814.4,3815.5,3801.3,3803.6,3069
2026-03-17 09:55:00,3803.6,3815.8,3799.3,3810.0,2953
2026-03-17 10:05:00,3809.3,3815.8,3809.3,3814.0,2828
2026-03-17 10:15:00,3814.0,3834.6,3812.7,3831.0,5848
2026-03-17 10:25:00,3831.0,3839.2,3825.0,3837.9,12223
2026-03-17 10:35:00,3837.9,3848.0,3836.3,3846.9,11586
2026-03-17 10:45:00,3846.9,3853.0,3845.0,3847.4,7057
2026-03-17 10:55:00,3847.4,3847.4,3836.4,3839.5,4477
2026-03-17 11:05:00,3839.5,3840.3,3811.6,3814.0,7091
2026-03-17 11:15:00,3814.0,3815.2,3804.5,3806.0,5667
2026-03-17 11:25:00,3806.6,3807.4,3784.0,3786.5,12420
2026-03-17 11:35:00,3784.2,3787.5,3779.2,3781.1,3271
2026-03-17 11:45:00,3782.1,3788.3,3778.9,3782.2,2539
2026-03-17 11:55:00,3784.2,3790.9,3780.0,3785.9,2939
2026-03-17 12:05:00,3785.9,3790.2,3783.0,3785.2,1554
2026-03-17 12:15:00,3785.2,3786.3,3780.3,3784.2,2003
2026-03-17 12:25:00,3785.0,3788.0,3780.1,3784.0,1937
2026-03-17 12:35:00,3784.0,3789.7,3783.0,3787.9,1379
2026-03-17 12:45:00,3787.9,3793.0,3782.9,3782.9,2717
2026-03-17 12:55:00,3782.9,3791.8,3781.0,3788.3,3126
2026-03-17 13:05:00,3788.3,3796.3,3785.0,3794.6,2297
2026-03-17 13:15:00,3794.6,3800.0,3793.4,3795.6,3441
2026-03-17 13:25:00,3796.6,3800.0,3792.0,3795.0,6507
2026-03-17 13:35:00,3795.2,3797.6,3787.1,3789.0,4781
2026-03-17 13:45:00,3789.0,3790.0,3785.0,3785.1,3860
2026-03-17 13:55:00,3785.3,3789.5,3782.4,3787.5,3165
2026-03-17 14:05:00,3787.6,3789.0,3782.3,3788.7,2499
2026-03-17 14:15:00,3788.0,3790.0,3784.3,3787.6,4425
2026-03-17 14:25:00,3787.2,3790.0,3784.0,3787.8,4918
2026-03-17 14:35:00,3787.8,3788.4,3780.3,3781.5,3729
2026-03-17 14:45:00,3781.4,3790.0,3776.0,3787.7,9054
2026-03-17 14:55:00,3787.1,3790.0,3775.0,3780.7,17766
2026-03-17 15:05:00,3781.0,3782.2,3776.1,3780.6,14020
2026-03-17 15:15:00,3779.2,3781.0,3776.5,3780.1,18001
2026-03-17 15:25:00,3780.1,3788.0,3779.5,3787.0,11466
2026-03-18 09:15:00,3800.0,3847.9,3790.3,3844.7,13168
2026-03-18 09:25:00,3843.6,3867.2,3841.6,3852.4,13921
2026-03-18 09:35:00,3852.0,3854.6,3842.3,3846.3,3543
2026-03-18 09:45:00,3845.1,3869.8,3845.0,3865.4,12365
2026-03-18 09:55:00,3865.4,3866.6,3854.6,3863.2,5753
2026-03-18 10:05:00,3863.2,3889.0,3859.2,3867.0,18733
2026-03-18 10:15:00,3867.2,3875.0,3865.1,3869.5,32041
2026-03-18 10:25:00,3869.5,3885.5,3866.1,3884.2,12818
2026-03-18 10:35:00,3884.2,3903.6,3882.2,3894.5,17517
2026-03-18 10:45:00,3894.5,3905.3,3887.0,3900.6,16007
2026-03-18 10:55:00,3900.2,3901.0,3888.8,3896.5,10331
2026-03-18 11:05:00,3896.5,3898.2,3886.1,3891.2,5139
2026-03-18 11:15:00,3891.2,3898.9,3888.3,3896.7,4536
2026-03-18 11:25:00,3896.7,3898.6,3888.0,3888.5,5737
2026-03-18 11:35:00,3888.5,3890.3,3882.0,3882.6,6145
2026-03-18 11:45:00,3882.6,3888.1,3878.7,3882.1,5291
2026-03-18 11:55:00,3883.2,3883.7,3873.4,3876.6,5746
2026-03-18 12:05:00,3876.6,3879.7,3869.0,3869.9,3769
2026-03-18 12:15:00,3869.9,3874.7,3867.1,3872.0,4277
2026-03-18 12:25:00,3870.1,3874.9,3865.0,3869.0,2709
2026-03-18 12:35:00,3869.0,3873.9,3858.0,3860.2,5963
2026-03-18 12:45:00,3860.2,3860.8,3855.7,3857.0,3092
2026-03-18 12:55:00,3857.0,3858.9,3850.0,3853.0,6462
2026-03-18 13:05:00,3853.0,3857.9,3851.0,3854.4,3376
2026-03-18 13:15:00,3854.4,3854.8,3845.5,3852.4,3300
2026-03-18 13:25:00,3853.2,3859.5,3849.4,3850.0,4525
2026-03-18 13:35:00,3850.0,3858.3,3847.0,3857.4,3733
2026-03-18 13:45:00,3857.7,3860.9,3851.0,3854.3,1807
2026-03-18 13:55:00,3854.3,3857.2,3852.1,3852.3,2343
2026-03-18 14:05:00,3852.5,3852.5,3847.0,3848.0,4127
2026-03-18 14:15:00,3849.1,3852.0,3846.6,3852.0,5976
2026-03-18 14:25:00,3850.9,3853.2,3838.2,3840.1,8613
2026-03-18 14:35:00,3840.0,3844.8,3830.8,3835.2,9489
2026-03-18 14:45:00,3835.2,3846.0,3835.2,3845.0,11135
2026-03-18 14:55:00,3845.0,3850.2,3839.6,3848.2,14531
2026-03-18 15:05:00,3848.2,3848.9,3841.0,3844.9,16995
2026-03-18 15:15:00,3845.4,3848.9,3839.8,3844.2,25763
2026-03-18 15:25:00,3845.0,3850.0,3840.0,3849.0,9581
2026-03-19 09:15:00,3801.0,3823.1,3771.0,3814.2,24439
2026-03-19 09:25:00,3813.2,3839.8,3813.2,3837.7,9413
2026-03-19 09:35:00,3840.4,3841.8,3827.0,3828.0,8478
2026-03-19 09:45:00,3828.0,3835.8,3808.0,3811.2,26924
2026-03-19 09:55:00,3811.2,3826.9,3800.0,3826.9,9134
2026-03-19 10:05:00,3825.8,3836.1,3824.0,3835.0,14874
2026-03-19 10:15:00,3835.0,3836.3,3812.8,3820.0,22800
2026-03-19 10:25:00,3820.0,3830.7,3820.0,3824.6,2817
2026-03-19 10:35:00,3824.6,3833.0,3818.6,3823.9,2397
2026-03-19 10:45:00,3823.9,3842.7,3820.0,3840.0,3144
2026-03-19 10:55:00,3840.0,3862.4,3840.0,3855.4,9011
2026-03-19 11:05:00,3855.2,3869.9,3854.6,3869.1,12137
2026-03-19 11:15:00,3869.0,3872.6,3848.9,3857.8,11458
2026-03-19 11:25:00,3857.8,3857.8,3842.0,3850.3,4462
2026-03-19 11:35:00,3850.4,3855.4,3837.7,3843.1,8337
2026-03-19 11:45:00,3844.9,3847.9,3840.2,3841.0,4645
2026-03-19 11:55:00,3841.3,3843.0,3825.7,3838.4,5268
2026-03-19 12:05:00,3835.7,3844.0,3835.0,3842.5,1531
2026-03-19 12:15:00,3841.2,3858.8,3834.6,3858.1,10128
2026-03-19 12:25:00,3859.4,3865.0,3847.2,3855.9,33223
2026-03-19 12:35:00,3856.3,3856.8,3840.0,3840.0,10401
2026-03-19 12:45:00,3840.0,3849.9,3839.4,3848.2,2787
2026-03-19 12:55:00,3848.3,3853.5,3837.9,3837.9,3083
2026-03-19 13:05:00,3838.6,3843.6,3834.2,3838.2,2999
2026-03-19 13:15:00,3838.3,3840.2,3830.4,3832.9,3596
2026-03-19 13:25:00,3832.9,3838.4,3831.1,3831.4,4371
2026-03-19 13:35:00,3831.3,3847.1,3825.1,3841.5,11557
2026-03-19 13:45:00,3840.9,3849.2,3823.0,3823.0,6660
2026-03-19 13:55:00,3823.1,3825.2,3801.2,3803.8,16311
2026-03-19 14:05:00,3803.2,3806.3,3793.8,3802.1,17135
2026-03-19 14:15:00,3802.1,3821.7,3802.0,3820.0,14564
2026-03-19 14:25:00,3820.0,3820.0,3806.2,3813.8,7293
2026-03-19 14:35:00,3813.0,3816.7,3807.0,3816.7,8575
2026-03-19 14:45:00,3814.7,3815.1,3795.1,3797.9,9894
2026-03-19 14:55:00,3797.9,3806.2,3781.1,3800.0,18726
2026-03-19 15:05:00,3800.0,3812.0,3794.4,3810.1,34118
2026-03-19 15:15:00,3810.0,3830.0,3809.6,3824.7,20634
2026-03-19 15:25:00,3822.9,3829.9,3810.0,3829.9,8303
2026-03-20 09:15:00,3822.1,3824.9,3802.2,3821.7,14753
2026-03-20 09:25:00,3821.7,3829.0,3816.0,3829.0,7314
2026-03-20 09:35:00,3829.0,3829.9,3802.0,3810.0,14194
2026-03-20 09:45:00,3810.1,3814.8,3798.9,3809.9,6544
2026-03-20 09:55:00,3809.9,3814.9,3807.4,3809.6,5514
2026-03-20 10:05:00,3809.6,3824.9,3803.0,3823.0,8622
2026-03-20 10:15:00,3821.6,3824.6,3813.2,3818.0,3463
2026-03-20 10:25:00,3817.1,3822.7,3816.0,3820.5,2110
2026-03-20 10:35:00,3820.5,3822.6,3813.6,3820.5,4198
2026-03-20 10:45:00,3820.5,3843.9,3819.4,3836.8,11156
2026-03-20 10:55:00,3836.8,3840.0,3830.1,3838.8,2968
2026-03-20 11:05:00,3836.2,3838.3,3827.8,3829.8,2566
2026-03-20 11:15:00,3829.0,3840.6,3829.0,3837.0,1843
2026-03-20 11:25:00,3837.0,3848.0,3835.0,3848.0,5455
2026-03-20 11:35:00,3845.2,3846.3,3834.1,3837.9,2864
2026-03-20 11:45:00,3837.9,3839.8,3826.8,3828.6,3353
2026-03-20 11:55:00,3828.6,3830.0,3810.0,3811.9,6246
2026-03-20 12:05:00,3812.2,3817.4,3810.0,3814.4,2165
2026-03-20 12:15:00,3814.1,3814.1,3800.0,3800.0,4381
2026-03-20 12:25:00,3800.0,3800.4,3791.2,3800.3,3024
2026-03-20 12:35:00,3802.5,3813.8,3800.0,3811.4,2125
2026-03-20 12:45:00,3812.9,3824.5,3810.2,3817.5,3640
2026-03-20 12:55:00,3817.5,3817.8,3806.4,3809.8,1602
2026-03-20 13:05:00,3809.8,3818.2,3806.0,3818.1,2725
2026-03-20 13:15:00,3818.4,3828.1,3809.9,3813.3,2395
2026-03-20 13:25:00,3813.3,3817.2,3811.1,3814.0,1288
2026-03-20 13:35:00,3816.4,3824.8,3812.7,3813.4,4241
2026-03-20 13:45:00,3811.1,3815.8,3806.0,3811.8,1228
2026-03-20 13:55:00,3811.8,3816.2,3797.0,3807.4,12811
2026-03-20 14:05:00,3807.2,3809.9,3791.0,3791.0,7527
2026-03-20 14:15:00,3790.9,3793.8,3773.0,3788.2,10389
2026-03-20 14:25:00,3788.2,3790.0,3781.1,3788.5,4000
2026-03-20 14:35:00,3787.8,3789.6,3780.0,3786.5,15422
2026-03-20 14:45:00,3786.5,3790.9,3782.1,3788.9,12220
2026-03-20 14:55:00,3788.9,3794.0,3777.5,3784.6,73571
2026-03-20 15:05:00,3783.9,3785.5,3765.1,3768.4,39700
2026-03-20 15:15:00,3767.3,3770.0,3748.7,3765.6,59556
2026-03-20 15:25:00,3765.3,3770.9,3751.5,3769.0,18346
2026-03-23 09:15:00,3750.0,3752.0,3700.7,3702.7,23971
2026-03-23 09:25:00,3700.5,3712.1,3691.2,3695.0,14679
2026-03-23 09:35:00,3694.8,3709.8,3692.8,3703.9,7165
2026-03-23 09:45:00,3703.9,3706.0,3694.5,3700.0,14694
2026-03-23 09:55:00,3699.7,3700.9,3682.1,3695.0,17607
2026-03-23 10:05:00,3695.0,3697.6,3671.5,3677.3,14228
2026-03-23 10:15:00,3677.3,3694.4,3673.8,3686.0,7710
2026-03-23 10:25:00,3686.0,3687.0,3666.4,3667.3,5458
2026-03-23 10:35:00,3667.3,3688.5,3667.0,3670.9,8150
2026-03-23 10:45:00,3670.9,3675.0,3666.0,3672.4,4873
2026-03-23 10:55:00,3672.4,3683.0,3672.0,3682.1,2462
2026-03-23 11:05:00,3679.3,3692.9,3676.7,3679.5,3018
2026-03-23 11:15:00,3677.9,3682.2,3669.7,3674.4,3477
2026-03-23 11:25:00,3673.1,3687.0,3671.8,3680.7,7442
2026-03-23 11:35:00,3680.7,3686.3,3676.0,3678.9,4862
2026-03-23 11:45:00,3678.9,3679.3,3665.5,3674.2,6396
2026-03-23 11:55:00,3672.1,3684.2,3670.2,3681.5,4362
2026-03-23 12:05:00,3681.5,3682.6,3670.1,3674.8,2818
2026-03-23 12:15:00,3672.1,3673.8,3666.6,3666.9,7497
2026-03-23 12:25:00,3667.5,3677.0,3666.0,3671.5,2890
2026-03-23 12:35:00,3670.4,3674.6,3668.5,3671.7,2218
2026-03-23 12:45:00,3670.8,3674.4,3668.5,3668.5,1990
2026-03-23 12:55:00,3668.0,3669.5,3656.7,3660.9,12621
2026-03-23 13:05:00,3660.0,3663.6,3651.4,3652.6,6851
2026-03-23 13:15:00,3652.6,3658.1,3644.8,3651.9,5857
2026-03-23 13:25:00,3650.8,3652.6,3641.1,3642.0,4174
2026-03-23 13:35:00,3642.0,3663.1,3640.9,3661.3,4274
2026-03-23 13:45:00,3662.7,3672.4,3659.2,3668.2,4144
2026-03-23 13:55:00,3668.5,3673.5,3663.5,3672.5,2612
2026-03-23 14:05:00,3671.2,3673.1,3660.7,3665.7,3408
2026-03-23 14:15:00,3665.7,3695.0,3664.1,3679.0,8920
2026-03-23 14:25:00,3677.0,3677.0,3661.0,3661.0,3938
2026-03-23 14:35:00,3661.0,3667.6,3652.5,3665.0,8804
2026-03-23 14:45:00,3664.4,3670.0,3661.7,3662.5,5946
2026-03-23 14:55:00,3662.6,3665.0,3653.0,3653.5,7504
2026-03-23 15:05:00,3653.3,3666.7,3650.0,3666.7,16496
2026-03-23 15:15:00,3664.8,3667.5,3648.4,3648.4,22868
2026-03-23 15:25:00,3650.0,3650.0,3630.0,3643.0,8905
2026-03-24 09:15:00,3730.0,3730.0,3685.1,3697.3,33032
2026-03-24 09:25:00,3697.3,3716.8,3697.3,3702.2,9057
2026-03-24 09:35:00,3701.6,3703.6,3695.0,3696.5,10565
2026-03-24 09:45:00,3696.0,3696.8,3690.2,3690.7,9350
2026-03-24 09:55:00,3690.7,3701.6,3686.5,3687.1,8326
2026-03-24 10:05:00,3687.1,3701.2,3687.1,3696.8,11716
2026-03-24 10:15:00,3697.3,3713.2,3696.8,3711.7,3477
2026-03-24 10:25:00,3711.7,3711.7,3698.3,3701.1,6437
2026-03-24 10:35:00,3699.5,3700.9,3693.5,3697.6,8217
2026-03-24 10:45:00,3697.6,3702.8,3690.1,3691.7,6336
2026-03-24 10:55:00,3690.1,3711.0,3690.1,3708.9,4408
2026-03-24 11:05:00,3710.4,3722.9,3704.0,3720.0,4067
2026-03-24 11:15:00,3719.9,3731.1,3718.1,3723.8,7330
2026-03-24 11:25:00,3723.0,3733.0,3721.0,3728.1,7407
2026-03-24 11:35:00,3728.1,3747.6,3723.0,3745.0,14402
2026-03-24 11:45:00,3745.1,3756.6,3739.0,3750.9,8579
2026-03-24 11:55:00,3752.4,3769.3,3752.3,3763.1,5945
2026-03-24 12:05:00,3763.1,3763.1,3755.0,3760.4,3449
2026-03-24 12:15:00,3760.4,3786.8,3758.9,3785.5,10281
2026-03-24 12:25:00,3786.7,3799.8,3779.9,3796.5,8420
2026-03-24 12:35:00,3801.2,3820.5,3799.2,3807.2,12573
2026-03-24 12:45:00,3807.2,3814.7,3788.1,3788.1,17503
2026-03-24 12:55:00,3791.5,3791.9,3770.5,3786.1,22889
2026-03-24 13:05:00,3786.1,3796.2,3784.7,3784.7,7905
2026-03-24 13:15:00,3784.6,3788.5,3769.2,3787.6,22847
2026-03-24 13:25:00,3788.0,3802.2,3787.4,3798.9,11034
2026-03-24 13:35:00,3798.9,3802.9,3788.0,3790.5,11015
2026-03-24 13:45:00,3791.9,3794.8,3776.3,3783.1,5447
2026-03-24 13:55:00,3786.6,3792.7,3781.8,3788.2,4144
2026-03-24 14:05:00,3788.2,3793.4,3778.2,3785.7,10888
2026-03-24 14:15:00,3788.1,3792.6,3778.5,3782.7,20615
2026-03-24 14:25:00,3785.0,3786.8,3771.6,3772.3,16242
2026-03-24 14:35:00,3771.6,3771.8,3750.0,3750.4,11008
2026-03-24 14:45:00,3750.0,3760.5,3748.1,3757.9,8999
2026-03-24 14:55:00,3759.2,3765.6,3745.1,3750.4,14705
2026-03-24 15:05:00,3750.4,3762.2,3750.4,3753.6,10912
2026-03-24 15:15:00,3753.8,3764.6,3750.0,3760.2,17489
2026-03-24 15:25:00,3761.6,3768.2,3756.0,3759.8,8110
2026-03-25 09:15:00,3780.0,3838.3,3761.0,3832.2,23496
2026-03-25 09:25:00,3832.2,3882.0,3831.5,3876.2,28065
2026-03-25 09:35:00,3876.2,3882.0,3855.9,3872.3,16359
2026-03-25 09:45:00,3871.8,3897.8,3870.9,3892.4,19077
2026-03-25 09:55:00,3892.4,3897.8,3878.2,3889.2,16334
2026-03-25 10:05:00,3891.7,3894.0,3861.5,3869.4,11112
2026-03-25 10:15:00,3869.4,3874.0,3858.2,3865.0,9092
2026-03-25 10:25:00,3865.0,3884.4,3865.0,3882.7,8646
2026-03-25 10:35:00,3881.5,3905.5,3878.8,3905.5,17153
2026-03-25 10:45:00,3905.3,3905.3,3896.0,3900.1,7652
2026-03-25 10:55:00,3900.1,3919.9,3893.3,3919.9,23678
2026-03-25 11:05:00,3920.0,3929.3,3907.2,3910.8,14545
2026-03-25 11:15:00,3910.8,3912.0,3903.0,3907.0,14668
2026-03-25 11:25:00,3907.0,3918.0,3905.0,3912.4,7077
2026-03-25 11:35:00,3911.5,3921.0,3908.9,3911.1,7528
2026-03-25 11:45:00,3911.1,3939.0,3911.1,3935.5,15480
2026-03-25 11:55:00,3935.5,3936.5,3923.0,3924.7,24741
2026-03-25 12:05:00,3924.7,3925.2,3908.0,3913.6,54858
2026-03-25 12:15:00,3913.6,3913.8,3903.1,3903.1,34312
2026-03-25 12:25:00,3901.3,3928.5,3901.1,3926.1,40904
2026-03-25 12:35:00,3926.8,3932.4,3918.3,3919.2,13581
2026-03-25 12:45:00,3920.0,3920.7,3909.0,3912.0,16815
2026-03-25 12:55:00,3912.0,3916.2,3906.8,3915.0,102007
2026-03-25 13:05:00,3914.0,3920.0,3909.3,3911.8,59486
2026-03-25 13:15:00,3913.3,3918.1,3910.3,3914.7,7269
2026-03-25 13:25:00,3914.6,3920.0,3905.0,3911.2,28765
2026-03-25 13:35:00,3909.8,3915.0,3898.0,3906.0,108757
2026-03-25 13:45:00,3906.5,3913.4,3905.3,3912.6,8430
2026-03-25 13:55:00,3911.5,3923.2,3911.3,3920.5,14028
2026-03-25 14:05:00,3920.0,3921.2,3900.1,3905.6,88976
2026-03-25 14:15:00,3905.0,3906.3,3897.1,3897.2,62026
2026-03-25 14:25:00,3897.2,3911.6,3896.0,3908.8,56907
2026-03-25 14:35:00,3906.6,3912.8,3904.7,3908.0,53173
2026-03-25 14:45:00,3908.0,3911.0,3901.8,3905.8,90488
2026-03-25 14:55:00,3905.8,3915.0,3905.8,3910.4,44957
2026-03-25 15:05:00,3910.4,3913.3,3907.1,3907.1,29028
2026-03-25 15:15:00,3907.6,3920.0,3907.1,3915.0,138862
2026-03-25 15:25:00,3916.6,3927.9,3912.0,3920.1,16756
2026-03-27 09:15:00,3900.0,3905.0,3865.5,3890.0,29255
2026-03-27 09:25:00,3892.8,3915.9,3892.2,3900.6,15906
2026-03-27 09:35:00,3900.0,3933.8,3900.0,3931.9,18373
2026-03-27 09:45:00,3931.9,3933.5,3923.0,3931.2,18614
2026-03-27 09:55:00,3931.9,3932.0,3916.3,3925.8,138584
2026-03-27 10:05:00,3928.0,3928.9,3915.1,3915.1,7274
2026-03-27 10:15:00,3915.1,3916.0,3883.1,3888.4,22137
2026-03-27 10:25:00,3889.6,3893.8,3876.3,3883.2,12108
2026-03-27 10:35:00,3885.5,3899.8,3879.4,3891.5,10644
2026-03-27 10:45:00,3891.5,3904.8,3886.0,3897.0,21120
2026-03-27 10:55:00,3898.5,3904.8,3896.0,3902.6,69322
2026-03-27 11:05:00,3902.6,3918.1,3900.0,3912.5,61362
2026-03-27 11:15:00,3912.5,3924.0,3911.3,3915.7,8754
2026-03-27 11:25:00,3915.7,3918.5,3905.0,3907.9,6400
2026-03-27 11:35:00,3907.1,3908.7,3900.7,3904.2,4252
2026-03-27 11:45:00,3904.3,3927.8,3903.3,3926.0,39080
2026-03-27 11:55:00,3926.0,3928.3,3910.5,3927.1,24241
2026-03-27 12:05:00,3926.8,3931.5,3917.0,3917.0,11761
2026-03-27 12:15:00,3919.3,3919.9,3909.9,3912.6,69084
2026-03-27 12:25:00,3912.4,3916.4,3908.2,3910.0,20827
2026-03-27 12:35:00,3909.1,3924.1,3909.1,3922.1,10122
2026-03-27 12:45:00,3925.0,3926.2,3916.5,3920.7,25300
2026-03-27 12:55:00,3920.0,3930.0,3919.8,3925.0,39023
2026-03-27 13:05:00,3924.0,3926.8,3910.0,3910.9,10327
2026-03-27 13:15:00,3912.4,3915.8,3905.0,3905.0,29669
2026-03-27 13:25:00,3905.0,3910.8,3900.0,3902.0,37753
2026-03-27 13:35:00,3902.0,3910.5,3899.0,3906.3,27613
2026-03-27 13:45:00,3906.2,3911.8,3901.9,3910.0,14422
2026-03-27 13:55:00,3909.0,3916.0,3908.4,3911.2,11838
2026-03-27 14:05:00,3911.8,3922.7,3908.3,3921.8,12996
2026-03-27 14:15:00,3920.2,3929.8,3919.0,3925.6,15058
2026-03-27 14:25:00,3928.1,3934.3,3920.0,3930.3,84463
2026-03-27 14:35:00,3930.3,3940.0,3925.9,3927.0,22281
2026-03-27 14:45:00,3926.9,3928.5,3916.8,3921.0,161446
2026-03-27 14:55:00,3922.6,3924.6,3899.0,3901.1,126848
2026-03-27 15:05:00,3899.2,3903.8,3884.2,3896.2,141524
2026-03-27 15:15:00,3896.6,3921.5,3890.0,3921.5,117143
2026-03-27 15:25:00,3920.3,3930.0,3910.2,3915.0,49412
2026-03-30 09:15:00,3897.6,3922.5,3877.0,3896.0,62849
2026-03-30 09:25:00,3896.0,3908.5,3892.0,3903.5,12465
2026-03-30 09:35:00,3903.8,3934.9,3903.8,3908.1,163551
2026-03-30 09:45:00,3908.0,3924.1,3906.7,3920.0,35356
2026-03-30 09:55:00,3922.0,3927.9,3917.2,3921.3,20812
2026-03-30 10:05:00,3920.0,3938.3,3919.1,3937.5,40429
2026-03-30 10:15:00,3937.5,3945.0,3923.6,3941.3,44852
2026-03-30 10:25:00,3942.5,3948.9,3925.3,3929.6,72371
2026-03-30 10:35:00,3930.0,3934.7,3922.6,3923.5,24545
2026-03-30 10:45:00,3923.4,3927.0,3912.8,3920.0,63854
2026-03-30 10:55:00,3920.0,3931.1,3918.5,3920.1,23571
2026-03-30 11:05:00,3920.1,3925.2,3896.4,3898.4,45246
2026-03-30 11:15:00,3898.7,3902.4,3888.0,3898.5,17577
2026-03-30 11:25:00,3898.5,3903.7,3896.0,3900.4,19048
2026-03-30 11:35:00,3901.8,3908.0,3901.0,3904.3,14404
2026-03-30 11:45:00,3904.3,3911.1,3903.3,3908.6,14588
2026-03-30 11:55:00,3908.6,3919.7,3900.7,3911.2,55902
2026-03-30 12:05:00,3911.2,3928.5,3907.1,3911.0,49126
2026-03-30 12:15:00,3911.0,3923.6,3908.9,3917.1,50024
2026-03-30 12:25:00,3917.1,3928.0,3912.2,3927.7,11895
2026-03-30 12:35:00,3927.7,3942.0,3926.1,3940.0,23523
2026-03-30 12:45:00,3940.0,3947.0,3928.5,3933.0,26093
2026-03-30 12:55:00,3933.0,3940.5,3931.0,3938.4,8324
2026-03-30 13:05:00,3939.0,3944.0,3933.2,3937.4,7781
2026-03-30 13:15:00,3937.4,3939.3,3934.8,3938.6,5399
2026-03-30 13:25:00,3938.6,3943.9,3933.9,3942.3,15920
2026-03-30 13:35:00,3947.1,3954.8,3935.2,3937.9,27845
2026-03-30 13:45:00,3937.8,3941.0,3932.6,3935.1,23262
2026-03-30 13:55:00,3935.0,3940.6,3931.4,3939.6,27220
2026-03-30 14:05:00,3939.1,3948.3,3935.0,3944.1,15989
2026-03-30 14:15:00,3944.1,3964.4,3941.0,3943.4,40976
2026-03-30 14:25:00,3943.1,3966.8,3943.1,3948.7,46300
2026-03-30 14:35:00,3948.7,3954.0,3945.0,3946.0,19549
2026-03-30 14:45:00,3946.0,3951.0,3945.7,3950.0,37554
2026-03-30 14:55:00,3948.0,3950.6,3946.0,3950.0,76320
2026-03-30 15:05:00,3950.0,3961.1,3948.5,3952.9,224458
2026-03-30 15:15:00,3952.9,3962.9,3952.9,3960.1,191042
2026-03-30 15:25:00,3960.2,4013.7,3956.6,3982.9,75422
2026-04-01 09:15:00,4075.0,4229.0,4066.1,4165.0,353544
2026-04-01 09:25:00,4180.0,4217.8,4173.1,4192.4,231743
2026-04-01 09:35:00,4190.0,4205.0,4170.0,4201.4,98906
2026-04-01 09:45:00,4201.0,4253.8,4200.0,4244.6,126770
2026-04-01 09:55:00,4244.6,4259.0,4231.1,4250.4,61533
2026-04-01 10:05:00,4250.0,4253.8,4235.0,4246.5,105143
2026-04-01 10:15:00,4246.5,4247.6,4232.0,4239.6,43562
2026-04-01 10:25:00,4240.0,4249.9,4238.0,4242.4,37541
2026-04-01 10:35:00,4246.0,4265.3,4241.5,4261.8,60572
2026-04-01 10:45:00,4261.8,4294.8,4260.1,4273.1,103434
2026-04-01 10:55:00,4272.9,4278.5,4234.0,4258.0,207574
2026-04-01 11:05:00,4258.5,4281.3,4251.8,4263.5,52697
2026-04-01 11:15:00,4263.5,4264.5,4240.7,4251.3,80352
2026-04-01 11:25:00,4251.1,4266.6,4248.0,4255.6,31492
2026-04-01 11:35:00,4255.6,4275.2,4254.1,4270.1,36685
2026-04-01 11:45:00,4270.4,4271.1,4254.5,4255.8,29249
2026-04-01 11:55:00,4256.2,4272.7,4255.5,4263.2,38691
2026-04-01 12:05:00,4263.2,4292.7,4258.0,4282.0,81067
2026-04-01 12:15:00,4280.3,4285.0,4264.4,4269.2,113048
2026-04-01 12:25:00,4267.6,4286.4,4260.4,4283.3,61545
2026-04-01 12:35:00,4284.0,4284.0,4273.0,4273.0,40256
2026-04-01 12:45:00,4274.4,4280.0,4249.0,4250.8,52543
2026-04-01 12:55:00,4250.8,4253.7,4235.0,4251.7,46326
2026-04-01 13:05:00,4251.7,4278.1,4251.7,4277.8,26862
2026-04-01 13:15:00,4277.8,4279.6,4250.0,4255.0,29974
2026-04-01 13:25:00,4255.2,4270.7,4255.0,4268.0,16856
2026-04-01 13:35:00,4268.0,4268.0,4242.0,4252.6,36991
2026-04-01 13:45:00,4252.6,4260.2,4247.0,4251.1,28222
2026-04-01 13:55:00,4252.0,4257.0,4245.0,4246.0,26168
2026-04-01 14:05:00,4246.0,4261.0,4243.4,4259.5,21128
2026-04-01 14:15:00,4260.4,4292.0,4254.0,4291.3,39774
2026-04-01 14:25:00,4291.3,4291.3,4260.0,4266.1,34573
2026-04-01 14:35:00,4265.1,4274.8,4255.5,4270.9,18947
2026-04-01 14:45:00,4270.9,4271.0,4257.0,4269.0,22907
2026-04-01 14:55:00,4268.0,4287.0,4265.8,4271.5,47563
2026-04-01 15:05:00,4271.8,4274.9,4256.6,4263.9,79771
2026-04-01 15:15:00,4265.3,4281.4,4257.5,4281.0,131225
2026-04-01 15:25:00,4280.9,4290.6,4262.6,4263.0,33440
2026-04-02 09:15:00,4228.4,4291.1,4190.3,4284.0,148316
2026-04-02 09:25:00,4284.0,4300.0,4277.9,4280.0,103467
2026-04-02 09:35:00,4280.0,4306.6,4276.6,4297.4,72153
2026-04-02 09:45:00,4296.2,4304.0,4280.0,4281.0,66996
2026-04-02 09:55:00,4281.8,4286.5,4264.0,4267.4,70958
2026-04-02 10:05:00,4265.0,4267.6,4235.0,4246.0,84391
2026-04-02 10:15:00,4247.0,4280.6,4241.0,4261.4,32193
2026-04-02 10:25:00,4261.3,4278.0,4261.3,4269.9,16013
2026-04-02 10:35:00,4269.8,4296.8,4267.0,4291.0,32480
2026-04-02 10:45:00,4291.0,4317.4,4291.0,4310.5,65532
2026-04-02 10:55:00,4311.2,4315.2,4297.5,4303.7,26900
2026-04-02 11:05:00,4303.7,4321.0,4299.2,4302.2,33964
2026-04-02 11:15:00,4302.0,4303.2,4295.0,4295.2,15022
2026-04-02 11:25:00,4296.7,4306.5,4286.2,4287.8,36823
2026-04-02 11:35:00,4289.0,4298.9,4285.5,4294.2,15635
2026-04-02 11:45:00,4296.1,4300.4,4292.6,4295.0,17285
2026-04-02 11:55:00,4296.0,4304.3,4293.0,4300.2,14855
2026-04-02 12:05:00,4299.1,4302.0,4296.0,4300.6,7780
2026-04-02 12:15:00,4299.1,4303.9,4291.3,4297.7,11570
2026-04-02 12:25:00,4297.5,4311.9,4293.6,4306.5,15400
2026-04-02 12:35:00,4306.5,4321.1,4305.5,4307.1,24997
2026-04-02 12:45:00,4307.1,4313.5,4302.0,4307.7,6968
2026-04-02 12:55:00,4305.9,4321.6,4305.1,4315.4,17596
2026-04-02 13:05:00,4315.0,4326.4,4315.0,4322.3,21154
2026-04-02 13:15:00,4322.1,4324.4,4314.7,4321.6,14851
2026-04-02 13:25:00,4324.2,4331.7,4319.2,4323.9,18094
2026-04-02 13:35:00,4324.0,4347.0,4320.0,4344.3,34808
2026-04-02 13:45:00,4343.3,4349.0,4340.2,4343.4,16541
2026-04-02 13:55:00,4341.1,4349.0,4341.1,4346.7,10750
2026-04-02 14:05:00,4348.0,4359.0,4341.0,4359.0,28029
2026-04-02 14:15:00,4357.7,4375.0,4354.9,4364.3,39585
2026-04-02 14:25:00,4364.3,4374.5,4350.2,4373.8,29965
2026-04-02 14:35:00,4373.3,4373.8,4363.1,4367.0,21258
2026-04-02 14:45:00,4367.0,4388.0,4364.4,4385.0,57955
2026-04-02 14:55:00,4385.6,4393.7,4367.1,4369.1,100503
2026-04-02 15:05:00,4368.3,4371.7,4362.0,4364.8,103497
2026-04-02 15:15:00,4364.8,4371.4,4341.0,4341.5,94309
2026-04-02 15:25:00,4341.2,4341.4,4330.0,4333.0,48603
2026-04-06 09:15:00,4450.0,4518.1,4384.3,4430.8,335945
2026-04-06 09:25:00,4430.8,4435.4,4398.7,4400.0,84892
2026-04-06 09:35:00,4400.0,4409.6,4353.1,4366.9,85712
2026-04-06 09:45:00,4368.8,4378.9,4355.0,4375.9,41101
2026-04-06 09:55:00,4378.2,4398.0,4373.1,4395.8,43436
2026-04-06 10:05:00,4397.6,4425.0,4391.7,4416.4,77257
2026-04-06 10:15:00,4416.4,4417.9,4400.0,4403.0,100211
2026-04-06 10:25:00,4403.0,4403.6,4390.8,4402.9,35932
2026-04-06 10:35:00,4403.0,4412.0,4401.0,4410.3,39322
2026-04-06 10:45:00,4407.6,4445.0,4398.8,4421.9,138981
2026-04-06 10:55:00,4422.3,4457.0,4422.2,4432.9,50629
2026-04-06 11:05:00,4432.3,4448.6,4426.9,4447.5,25171
2026-04-06 11:15:00,4446.8,4479.6,4445.0,4464.0,83215
2026-04-06 11:25:00,4463.0,4484.4,4460.6,4479.0,32923
2026-04-06 11:35:00,4479.0,4488.9,4475.1,4483.1,21006
2026-04-06 11:45:00,4483.6,4484.0,4470.0,4479.2,34713
2026-04-06 11:55:00,4479.2,4482.5,4465.6,4468.0,14398
2026-04-06 12:05:00,4468.0,4469.0,4453.0,4456.5,23560
2026-04-06 12:15:00,4456.9,4471.5,4454.9,4455.6,18844
2026-04-06 12:25:00,4456.2,4467.4,4455.0,4458.9,14677
2026-04-06 12:35:00,4456.8,4464.7,4453.0,4462.4,22861
2026-04-06 12:45:00,4463.9,4476.9,4462.1,4471.0,19599
2026-04-06 12:55:00,4472.7,4495.7,4471.1,4482.1,28034
2026-04-06 13:05:00,4483.0,4491.5,4478.1,4484.2,24503
2026-04-06 13:15:00,4484.2,4499.0,4478.4,4497.5,17713
2026-04-06 13:25:00,4498.8,4498.8,4483.7,4484.9,20534
2026-04-06 13:35:00,4484.9,4499.9,4484.2,4487.1,34211
2026-04-06 13:45:00,4487.5,4499.0,4486.0,4492.2,14040
2026-04-06 13:55:00,4493.8,4509.9,4489.5,4508.8,38759
2026-04-06 14:05:00,4506.6,4513.0,4505.5,4509.0,15269
2026-04-06 14:15:00,4507.1,4530.0,4504.1,4526.4,46918
2026-04-06 14:25:00,4525.8,4550.7,4520.0,4543.2,69506
2026-04-06 14:35:00,4543.2,4558.0,4527.3,4541.3,51699
2026-04-06 14:45:00,4541.3,4541.3,4528.0,4529.7,36900
2026-04-06 14:55:00,4529.7,4548.9,4526.5,4547.3,28937
2026-04-06 15:05:00,4547.9,4562.6,4543.0,4552.0,52358
2026-04-06 15:15:00,4554.6,4560.2,4541.7,4558.0,58319
2026-04-06 15:25:00,4557.9,4559.9,4535.0,4535.0,14757
2026-04-07 09:15:00,4485.7,4517.5,4453.1,4506.7,78063
2026-04-07 09:25:00,4506.2,4522.0,4489.4,4493.9,25696
2026-04-07 09:35:00,4492.8,4504.7,4473.1,4475.0,19673
2026-04-07 09:45:00,4475.0,4498.8,4475.0,4495.4,12876
2026-04-07 09:55:00,4498.0,4508.0,4495.1,4499.9,12036
2026-04-07 10:05:00,4499.9,4501.5,4488.6,4497.9,7362
2026-04-07 10:15:00,4496.7,4503.9,4485.6,4500.1,7416
2026-04-07 10:25:00,4500.0,4519.7,4500.0,4511.3,9329
2026-04-07 10:35:00,4511.3,4532.4,4502.9,4524.6,15217
2026-04-07 10:45:00,4524.6,4530.5,4512.2,4514.8,6854
2026-04-07 10:55:00,4516.6,4526.0,4513.5,4524.5,6404
2026-04-07 11:05:00,4524.5,4533.0,4516.7,4522.2,8985
2026-04-07 11:15:00,4521.9,4538.7,4517.9,4536.0,10979
2026-04-07 11:25:00,4536.0,4558.8,4535.7,4553.0,24107
2026-04-07 11:35:00,4553.0,4553.8,4535.0,4544.2,22366
2026-04-07 11:45:00,4544.2,4545.0,4535.4,4537.7,11696
2026-04-07 11:55:00,4537.7,4546.0,4535.0,4537.5,14617
2026-04-07 12:05:00,4537.5,4539.6,4530.6,4532.6,4551
2026-04-07 12:15:00,4532.6,4539.9,4530.0,4531.1,8870
2026-04-07 12:25:00,4531.1,4534.4,4522.8,4528.0,7346
2026-04-07 12:35:00,4528.0,4532.0,4518.2,4518.5,10043
2026-04-07 12:45:00,4520.5,4520.5,4509.0,4509.7,12420
2026-04-07 12:55:00,4510.0,4513.2,4503.5,4506.7,15028
2026-04-07 13:05:00,4508.8,4509.4,4502.0,4503.0,8723
2026-04-07 13:15:00,4503.0,4503.4,4494.5,4495.3,9839
2026-04-07 13:25:00,4495.6,4509.9,4493.9,4507.1,14559
2026-04-07 13:35:00,4506.7,4509.6,4500.0,4502.5,8420
2026-04-07 13:45:00,4503.0,4504.4,4482.7,4488.2,11392
2026-04-07 13:55:00,4489.6,4489.6,4477.2,4484.2,17302
2026-04-07 14:05:00,4484.9,4492.0,4470.0,4470.0,11936
2026-04-07 14:15:00,4471.7,4477.0,4461.0,4473.5,13854
2026-04-07 14:25:00,4473.2,4480.9,4470.0,4470.4,10203
2026-04-07 14:35:00,4471.8,4476.8,4462.4,4473.4,14085
2026-04-07 14:45:00,4473.0,4473.4,4465.3,4470.1,7179
2026-04-07 14:55:00,4470.1,4478.9,4470.1,4473.3,20577
2026-04-07 15:05:00,4473.3,4475.0,4469.0,4471.5,15545
2026-04-07 15:15:00,4471.3,4472.0,4455.0,4463.0,55650
2026-04-07 15:25:00,4465.4,4473.0,4454.3,4464.8,28464
2026-04-08 09:15:00,4521.3,4538.5,4402.1,4403.7,125756
2026-04-08 09:25:00,4403.7,4454.3,4390.6,4431.6,134940
2026-04-08 09:35:00,4432.6,4433.9,4421.6,4428.3,28832
2026-04-08 09:45:00,4428.3,4437.0,4411.1,4416.6,31208
2026-04-08 09:55:00,4417.7,4426.3,4408.0,4414.8,25986
2026-04-08 10:05:00,4412.5,4430.0,4411.2,4418.1,39100
2026-04-08 10:15:00,4417.6,4446.3,4413.0,4428.9,44109
2026-04-08 10:25:00,4428.9,4438.6,4418.1,4427.1,28948
2026-04-08 10:35:00,4427.1,4432.1,4418.1,4424.1,19601
2026-04-08 10:45:00,4422.2,4423.7,4412.2,4418.5,18067
2026-04-08 10:55:00,4419.0,4420.6,4413.3,4413.4,15529
2026-04-08 11:05:00,4414.6,4423.5,4412.0,4413.9,14615
2026-04-08 11:15:00,4413.9,4420.0,4411.1,4418.6,14291
2026-04-08 11:25:00,4418.7,4418.7,4412.1,4413.0,11678
2026-04-08 11:35:00,4413.9,4413.9,4403.5,4404.0,21477
2026-04-08 11:45:00,4404.9,4410.6,4401.0,4404.9,12824
2026-04-08 11:55:00,4404.9,4409.7,4402.0,4406.9,6596
2026-04-08 12:05:00,4406.0,4409.1,4395.0,4396.3,12834
2026-04-08 12:15:00,4396.3,4400.0,4393.0,4397.6,9352
2026-04-08 12:25:00,4396.3,4405.7,4395.0,4400.6,8651
2026-04-08 12:35:00,4401.5,4402.9,4394.7,4395.3,5350
2026-04-08 12:45:00,4395.3,4395.3,4385.0,4391.1,15213
2026-04-08 12:55:00,4391.1,4396.4,4387.0,4387.0,7608
2026-04-08 13:05:00,4387.0,4410.1,4385.0,4395.6,23102
2026-04-08 13:15:00,4396.4,4396.4,4387.0,4388.1,6710
2026-04-08 13:25:00,4388.1,4402.7,4388.1,4396.1,9974
2026-04-08 13:35:00,4396.1,4411.9,4395.8,4407.6,21690
2026-04-08 13:45:00,4407.0,4407.3,4390.0,4394.2,12254
2026-04-08 13:55:00,4394.2,4394.9,4371.0,4372.0,28028
2026-04-08 14:05:00,4372.0,4378.5,4371.0,4372.6,15482
2026-04-08 14:15:00,4372.0,4381.5,4371.0,4379.0,10948
2026-04-08 14:25:00,4379.0,4383.7,4373.0,4374.8,19424
2026-04-08 14:35:00,4375.0,4379.8,4373.0,4376.0,12561
2026-04-08 14:45:00,4375.0,4379.3,4361.4,4366.9,27966
2026-04-08 14:55:00,4366.9,4372.0,4355.0,4368.3,42524
2026-04-08 15:05:00,4368.3,4378.0,4364.8,4367.3,82825
2026-04-08 15:15:00,4367.3,4377.0,4363.3,4368.3,99312
2026-04-08 15:25:00,4369.5,4375.7,4366.1,4375.0,25490
2026-04-09 09:15:00,4351.0,4407.8,4322.3,4398.4,53975
2026-04-09 09:25:00,4397.4,4403.5,4392.0,4393.9,18060
2026-04-09 09:35:00,4393.9,4399.9,4375.0,4375.3,23552
2026-04-09 09:45:00,4376.0,4382.2,4365.4,4371.7,13288
2026-04-09 09:55:00,4368.7,4396.9,4364.8,4394.2,20842
2026-04-09 10:05:00,4394.2,4404.5,4385.0,4389.7,13702
2026-04-09 10:15:00,4388.8,4404.0,4385.8,4396.4,13102
2026-04-09 10:25:00,4398.4,4398.4,4381.7,4392.5,12510
2026-04-09 10:35:00,4393.0,4397.9,4384.4,4388.8,8938
2026-04-09 10:45:00,4387.4,4395.3,4384.2,4389.0,8332
2026-04-09 10:55:00,4389.0,4393.9,4382.6,4385.9,9111
2026-04-09 11:05:00,4385.6,4415.5,4385.4,4404.9,32635
2026-04-09 11:15:00,4404.9,4407.5,4395.0,4398.7,14186
2026-04-09 11:25:00,4400.0,4406.0,4390.2,4392.5,18417
2026-04-09 11:35:00,4391.6,4400.0,4391.6,4395.4,4322
2026-04-09 11:45:00,4395.0,4406.4,4393.6,4394.9,10267
2026-04-09 11:55:00,4394.9,4410.0,4390.1,4410.0,23796
2026-04-09 12:05:00,4405.5,4407.3,4400.0,4406.8,10205
2026-04-09 12:15:00,4405.6,4412.2,4401.0,4407.2,10798
2026-04-09 12:25:00,4407.0,4420.0,4403.8,4411.2,20965
2026-04-09 12:35:00,4410.4,4415.5,4406.8,4406.8,7823
2026-04-09 12:45:00,4406.8,4409.9,4396.5,4403.2,9212
2026-04-09 12:55:00,4403.0,4413.1,4399.3,4413.1,6542
2026-04-09 13:05:00,4413.1,4414.2,4401.2,4404.3,3829
2026-04-09 13:15:00,4404.3,4406.2,4393.9,4401.0,5036
2026-04-09 13:25:00,4400.3,4402.0,4395.0,4399.6,3848
2026-04-09 13:35:00,4399.6,4405.7,4395.2,4399.6,4476
2026-04-09 13:45:00,4399.6,4402.0,4395.2,4399.2,3959
2026-04-09 13:55:00,4398.4,4400.0,4395.0,4399.6,3578
2026-04-09 14:05:00,4399.6,4401.9,4395.5,4397.8,4045
2026-04-09 14:15:00,4397.8,4400.0,4395.0,4398.5,6538
2026-04-09 14:25:00,4397.7,4405.0,4387.8,4390.6,9623
2026-04-09 14:35:00,4390.4,4395.7,4382.6,4395.1,8715
2026-04-09 14:45:00,4393.4,4408.9,4391.8,4406.2,12523
2026-04-09 14:55:00,4406.2,4418.2,4400.2,4410.8,26314
2026-04-09 15:05:00,4411.8,4425.8,4410.8,4413.7,36191
2026-04-09 15:15:00,4413.7,4416.6,4409.0,4415.6,36831
2026-04-09 15:25:00,4416.0,4430.0,4405.0,4405.0,16871
2026-04-10 09:15:00,4415.6,4437.1,4406.1,4414.3,30369
2026-04-10 09:25:00,4416.3,4425.2,4393.3,4413.3,26716
2026-04-10 09:35:00,4413.3,4420.0,4408.5,4410.1,11509
2026-04-10 09:45:00,4410.1,4424.3,4408.5,4423.5,10852
2026-04-10 09:55:00,4423.5,4430.8,4416.3,4416.3,10793
2026-04-10 10:05:00,4416.3,4416.3,4386.1,4405.8,17266
2026-04-10 10:15:00,4407.7,4408.0,4381.6,4385.6,10583
2026-04-10 10:25:00,4386.2,4398.0,4378.0,4392.7,10717
2026-04-10 10:35:00,4393.5,4398.9,4390.0,4397.0,3960
2026-04-10 10:45:00,4397.2,4399.3,4380.1,4384.7,9692
2026-04-10 10:55:00,4384.7,4384.7,4371.0,4374.3,13705
2026-04-10 11:05:00,4374.3,4375.0,4355.1,4357.9,8146
2026-04-10 11:15:00,4357.9,4365.0,4352.0,4361.0,8511
2026-04-10 11:25:00,4361.3,4363.2,4353.2,4361.5,5375
2026-04-10 11:35:00,4361.7,4364.0,4356.0,4362.1,3059
2026-04-10 11:45:00,4362.6,4367.9,4348.3,4353.6,9585
2026-04-10 11:55:00,4354.5,4362.8,4354.0,4361.5,3488
2026-04-10 12:05:00,4359.5,4360.0,4350.7,4357.4,5277
2026-04-10 12:15:00,4358.0,4363.5,4352.0,4361.1,5199
2026-04-10 12:25:00,4361.8,4364.9,4358.4,4360.8,7084
2026-04-10 12:35:00,4360.8,4377.1,4360.0,4371.6,14963
2026-04-10 12:45:00,4370.8,4380.8,4364.0,4379.6,13822
2026-04-10 12:55:00,4378.9,4380.8,4370.5,4370.5,9992
2026-04-10 13:05:00,4372.2,4372.6,4366.0,4368.2,7377
2026-04-10 13:15:00,4368.2,4383.6,4367.2,4378.4,12536
2026-04-10 13:25:00,4378.0,4382.2,4375.9,4377.5,8841
2026-04-10 13:35:00,4376.3,4384.2,4376.3,4380.4,10410
2026-04-10 13:45:00,4380.1,4383.4,4373.5,4377.2,9486
2026-04-10 13:55:00,4377.2,4380.0,4373.0,4376.3,7743
2026-04-10 14:05:00,4376.3,4382.5,4373.0,4377.2,11220
2026-04-10 14:15:00,4375.3,4380.2,4362.5,4369.7,13986
2026-04-10 14:25:00,4369.7,4379.4,4366.8,4375.7,9479
2026-04-10 14:35:00,4375.6,4390.0,4375.6,4379.3,12526
2026-04-10 14:45:00,4380.7,4395.0,4379.9,4394.3,15517
2026-04-10 14:55:00,4392.0,4409.0,4390.2,4400.5,24352
2026-04-10 15:05:00,4400.6,4405.0,4393.1,4395.0,20168
2026-04-10 15:15:00,4393.1,4405.0,4393.1,4403.2,19688
2026-04-10 15:25:00,4402.8,4404.0,4395.0,4395.2,7364
2026-04-13 09:15:00,4300.0,4373.0,4284.2,4356.2,87269
2026-04-13 09:25:00,4353.2,4378.4,4343.2,4353.0,52136
2026-04-13 09:35:00,4355.8,4355.8,4343.0,4348.2,11055
2026-04-13 09:45:00,4346.3,4349.3,4332.0,4338.6,11029
2026-04-13 09:55:00,4338.6,4349.0,4337.3,4343.1,6138
2026-04-13 10:05:00,4346.1,4352.0,4338.1,4343.1,7482
2026-04-13 10:15:00,4343.1,4355.5,4341.2,4351.2,5075
2026-04-13 10:25:00,4351.2,4355.5,4348.3,4350.0,3768
2026-04-13 10:35:00,4350.0,4361.5,4346.0,4350.9,6589
2026-04-13 10:45:00,4349.7,4391.9,4349.7,4386.0,35773
2026-04-13 10:55:00,4384.8,4394.0,4380.6,4388.6,9670
2026-04-13 11:05:00,4388.1,4390.0,4380.6,4383.1,4337
2026-04-13 11:15:00,4383.1,4389.5,4380.0,4384.6,4456
2026-04-13 11:25:00,4384.6,4385.4,4380.0,4382.4,4949
2026-04-13 11:35:00,4382.4,4406.0,4379.1,4403.0,12856
2026-04-13 11:45:00,4401.7,4418.4,4401.1,4417.9,21245
2026-04-13 11:55:00,4417.9,4427.1,4414.9,4425.0,57543
2026-04-13 12:05:00,4426.1,4447.1,4425.0,4440.0,61914
2026-04-13 12:15:00,4440.0,4450.0,4430.0,4441.9,37886
2026-04-13 12:25:00,4443.0,4449.4,4442.0,4445.0,32209
2026-04-13 12:35:00,4445.0,4468.2,4445.0,4462.4,28187
2026-04-13 12:45:00,4461.0,4465.0,4455.2,4460.0,19799
2026-04-13 12:55:00,4460.5,4477.2,4455.3,4462.0,49563
2026-04-13 13:05:00,4462.2,4466.3,4442.0,4449.1,19271
2026-04-13 13:15:00,4448.6,4453.3,4429.1,4430.3,16218
2026-04-13 13:25:00,4430.0,4447.7,4430.0,4446.6,11964
2026-04-13 13:35:00,4447.7,4470.0,4445.2,4469.3,19003
2026-04-13 13:45:00,4469.3,4469.3,4457.8,4464.0,13300
2026-04-13 13:55:00,4464.0,4466.0,4457.2,4459.8,9586
2026-04-13 14:05:00,4459.8,4462.1,4455.1,4459.1,10455
2026-04-13 14:15:00,4459.1,4461.4,4454.3,4459.1,9716
2026-04-13 14:25:00,4459.6,4461.2,4451.0,4454.7,10130
2026-04-13 14:35:00,4454.7,4459.2,4450.0,4453.5,14435
2026-04-13 14:45:00,4454.0,4460.0,4450.0,4454.0,26827
2026-04-13 14:55:00,4453.5,4458.8,4430.8,4448.3,47435
2026-04-13 15:05:00,4446.8,4451.7,4441.6,4444.4,25430
2026-04-13 15:15:00,4443.9,4455.0,4443.5,4446.3,45995
2026-04-13 15:25:00,4445.6,4453.9,4445.2,4450.0,21125
2026-04-15 09:15:00,4500.0,4509.6,4368.0,4464.0,68422
2026-04-15 09:25:00,4464.4,4478.3,4443.7,4468.4,25359
2026-04-15 09:35:00,4471.6,4477.6,4456.0,4468.2,14062
2026-04-15 09:45:00,4468.4,4476.0,4460.0,4466.5,4613
2026-04-15 09:55:00,4464.4,4472.5,4464.4,4467.0,5546
2026-04-15 10:05:00,4467.0,4470.5,4460.0,4470.0,17498
2026-04-15 10:15:00,4470.0,4473.3,4454.0,4456.5,22947
2026-04-15 10:25:00,4454.1,4460.2,4445.3,4445.3,19806
2026-04-15 10:35:00,4445.1,4446.0,4433.1,4438.9,23255
2026-04-15 10:45:00,4437.6,4448.3,4437.5,4447.9,31455
2026-04-15 10:55:00,4448.4,4480.4,4442.6,4480.4,29558
2026-04-15 11:05:00,4477.5,4494.2,4468.4,4473.1,24944
2026-04-15 11:15:00,4474.1,4480.0,4470.6,4471.0,13622
2026-04-15 11:25:00,4470.7,4476.8,4469.0,4469.0,16083
2026-04-15 11:35:00,4469.0,4474.9,4469.0,4474.5,11712
2026-04-15 11:45:00,4474.1,4474.1,4467.8,4470.6,7709
2026-04-15 11:55:00,4470.6,4474.9,4468.0,4470.8,8849
2026-04-15 12:05:00,4470.8,4473.9,4460.2,4463.7,12623
2026-04-15 12:15:00,4463.7,4470.0,4459.5,4470.0,9516
2026-04-15 12:25:00,4469.0,4470.1,4451.1,4455.0,16055
2026-04-15 12:35:00,4454.6,4457.0,4453.6,4454.5,17730
2026-04-15 12:45:00,4455.4,4455.4,4445.1,4445.7,16011
2026-04-15 12:55:00,4445.7,4455.0,4445.7,4454.9,10876
2026-04-15 13:05:00,4453.3,4455.0,4450.0,4450.1,20464
2026-04-15 13:15:00,4450.1,4453.0,4442.2,4442.2,13083
2026-04-15 13:25:00,4442.2,4446.5,4436.6,4439.6,35267
2026-04-15 13:35:00,4438.4,4439.9,4432.4,4436.8,14145
2026-04-15 13:45:00,4436.8,4439.6,4431.0,4432.0,19092
2026-04-15 13:55:00,4431.6,4440.0,4431.2,4439.3,31648
2026-04-15 14:05:00,4439.3,4444.6,4436.3,4436.3,51514
2026-04-15 14:15:00,4436.3,4441.0,4431.2,4438.8,19239
2026-04-15 14:25:00,4438.8,4441.0,4436.4,4441.0,24317
2026-04-15 14:35:00,4439.9,4451.5,4438.0,4449.2,52291
2026-04-15 14:45:00,4449.2,4459.8,4447.2,4458.1,14830
2026-04-15 14:55:00,4458.0,4480.0,4457.2,4474.2,28791
2026-04-15 15:05:00,4474.2,4486.4,4471.4,4478.7,42810
2026-04-15 15:15:00,4478.6,4480.0,4463.6,4472.0,34779
2026-04-15 15:25:00,4472.0,4473.0,4465.3,4468.5,12941
2026-04-16 09:15:00,4496.1,4506.9,4466.5,4486.7,29788
2026-04-16 09:25:00,4486.7,4486.7,4455.5,4457.0,13417
2026-04-16 09:35:00,4458.0,4466.7,4453.5,4460.0,11825
2026-04-16 09:45:00,4460.0,4480.5,4456.9,4468.5,10258
2026-04-16 09:55:00,4468.6,4470.5,4458.5,4463.0,4748
2026-04-16 10:05:00,4464.7,4466.4,4446.6,4450.1,10287
2026-04-16 10:15:00,4452.0,4462.8,4445.6,4447.0,6988
2026-04-16 10:25:00,4447.0,4454.7,4446.1,4451.8,4608
2026-04-16 10:35:00,4451.8,4461.6,4450.9,4461.0,7443
2026-04-16 10:45:00,4461.0,4464.0,4440.7,4442.9,15318
2026-04-16 10:55:00,4442.9,4450.0,4437.0,4450.0,8069
2026-04-16 11:05:00,4450.0,4457.4,4445.2,4447.9,6546
2026-04-16 11:15:00,4447.9,4451.4,4438.0,4438.3,6274
2026-04-16 11:25:00,4438.4,4446.1,4430.0,4435.2,10370
2026-04-16 11:35:00,4435.2,4437.1,4432.5,4434.6,3874
2026-04-16 11:45:00,4433.6,4436.6,4425.7,4431.9,7535
2026-04-16 11:55:00,4430.6,4431.9,4412.0,4420.0,12095
2026-04-16 12:05:00,4420.0,4434.3,4418.0,4425.8,9765
2026-04-16 12:15:00,4425.8,4432.8,4421.3,4427.7,3338
2026-04-16 12:25:00,4427.7,4431.1,4421.6,4422.5,4588
2026-04-16 12:35:00,4422.5,4422.5,4408.6,4409.4,7118
2026-04-16 12:45:00,4408.6,4416.4,4403.0,4407.6,8117
2026-04-16 12:55:00,4405.5,4420.0,4400.0,4400.7,10445
2026-04-16 13:05:00,4400.9,4403.2,4386.3,4390.3,9047
2026-04-16 13:15:00,4390.3,4398.0,4386.0,4387.0,9438
2026-04-16 13:25:00,4387.0,4398.5,4387.0,4395.4,2506
2026-04-16 13:35:00,4395.4,4400.0,4395.3,4398.2,3165
2026-04-16 13:45:00,4399.0,4411.8,4399.0,4409.9,6541
2026-04-16 13:55:00,4408.5,4417.1,4406.2,4406.5,7767
2026-04-16 14:05:00,4406.2,4413.9,4406.0,4410.5,3844
2026-04-16 14:15:00,4410.5,4414.8,4407.0,4410.6,4113
2026-04-16 14:25:00,4410.6,4419.1,4410.0,4419.1,4557
2026-04-16 14:35:00,4418.0,4420.6,4415.1,4418.8,4524
2026-04-16 14:45:00,4418.7,4427.0,4418.7,4426.5,8516
2026-04-16 14:55:00,4424.8,4429.0,4408.7,4425.2,17647
2026-04-16 15:05:00,4425.2,4431.6,4420.9,4427.6,19745
2026-04-16 15:15:00,4427.6,4445.0,4425.1,4432.6,20323
2026-04-16 15:25:00,4435.3,4437.9,4431.0,4436.5,6758
2026-04-17 09:15:00,4446.0,4475.5,4435.1,4472.3,28649
2026-04-17 09:25:00,4472.3,4472.3,4455.0,4455.1,7910
2026-04-17 09:35:00,4455.0,4491.0,4449.3,4477.9,21730
2026-04-17 09:45:00,4477.9,4528.7,4476.0,4514.4,43120
2026-04-17 09:55:00,4514.4,4521.5,4505.1,4513.0,115223
2026-04-17 10:05:00,4513.0,4524.6,4513.0,4521.1,19407
2026-04-17 10:15:00,4520.3,4536.0,4520.0,4535.0,33077
2026-04-17 10:25:00,4533.3,4555.0,4533.3,4543.3,52131
2026-04-17 10:35:00,4544.0,4571.4,4537.0,4569.5,63652
2026-04-17 10:45:00,4570.0,4635.0,4557.6,4617.9,99863
2026-04-17 10:55:00,4618.9,4624.0,4590.1,4600.0,85879
2026-04-17 11:05:00,4600.0,4618.0,4592.0,4611.2,35670
2026-04-17 11:15:00,4611.2,4614.5,4605.0,4606.0,15763
2026-04-17 11:25:00,4606.0,4606.0,4584.0,4595.5,39648
2026-04-17 11:35:00,4595.5,4599.9,4583.3,4590.8,35500
2026-04-17 11:45:00,4589.0,4608.0,4588.1,4607.0,44957
2026-04-17 11:55:00,4605.7,4609.0,4592.8,4596.9,12500
2026-04-17 12:05:00,4597.2,4613.6,4592.8,4606.6,17377
2026-04-17 12:15:00,4606.5,4611.0,4589.2,4598.2,21168
2026-04-17 12:25:00,4598.4,4610.5,4597.4,4605.6,12507
2026-04-17 12:35:00,4605.2,4610.5,4598.1,4601.8,13104
2026-04-17 12:45:00,4601.6,4622.9,4596.9,4620.4,37992
2026-04-17 12:55:00,4622.2,4622.2,4603.0,4609.2,10738
2026-04-17 13:05:00,4609.9,4619.3,4609.9,4614.0,12066
2026-04-17 13:15:00,4614.3,4620.8,4607.9,4618.7,12638
2026-04-17 13:25:00,4618.7,4620.0,4612.3,4617.1,7941
2026-04-17 13:35:00,4617.9,4638.9,4613.6,4628.2,33825
2026-04-17 13:45:00,4630.0,4632.9,4617.0,4628.1,14946
2026-04-17 13:55:00,4628.5,4634.8,4606.0,4617.4,56118
2026-04-17 14:05:00,4618.1,4628.1,4616.4,4621.3,10863
2026-04-17 14:15:00,4621.3,4626.0,4608.9,4609.8,27223
2026-04-17 14:25:00,4610.0,4625.0,4601.2,4616.4,60772
2026-04-17 14:35:00,4616.9,4635.0,4614.0,4629.1,19681
2026-04-17 14:45:00,4629.1,4632.5,4614.0,4614.3,32368
2026-04-17 14:55:00,4614.1,4628.0,4609.7,4621.9,65365
2026-04-17 15:05:00,4621.2,4628.3,4615.9,4626.2,40476
2026-04-17 15:15:00,4626.4,4644.0,4622.6,4638.9,78317
2026-04-17 15:25:00,4638.9,4643.0,4628.3,4630.0,25568
2026-04-20 09:15:00,4629.9,4634.3,4577.0,4613.8,39686
2026-04-20 09:25:00,4617.8,4621.0,4575.0,4579.9,19969
2026-04-20 09:35:00,4579.2,4579.2,4561.7,4562.1,11727
2026-04-20 09:45:00,4562.0,4572.8,4550.6,4570.0,12087
2026-04-20 09:55:00,4572.5,4605.0,4565.0,4602.7,13387
2026-04-20 10:05:00,4605.0,4612.6,4595.5,4600.6,9317
2026-04-20 10:15:00,4599.9,4610.0,4597.8,4607.6,5272
2026-04-20 10:25:00,4608.0,4610.1,4598.1,4607.5,4719
2026-04-20 10:35:00,4607.5,4610.0,4600.0,4602.4,3810
2026-04-20 10:45:00,4602.4,4603.0,4597.5,4597.6,4223
2026-04-20 10:55:00,4598.0,4609.2,4596.0,4599.7,8615
2026-04-20 11:05:00,4599.7,4601.4,4575.0,4585.3,15726
2026-04-20 11:15:00,4585.2,4588.6,4580.8,4583.1,21941
2026-04-20 11:25:00,4583.1,4587.0,4578.5,4580.8,7574
2026-04-20 11:35:00,4580.6,4585.5,4577.5,4584.7,14873
2026-04-20 11:45:00,4584.9,4585.0,4578.4,4580.5,6872
2026-04-20 11:55:00,4580.9,4583.2,4572.4,4577.1,5362
2026-04-20 12:05:00,4577.1,4579.3,4572.0,4579.0,14648
2026-04-20 12:15:00,4578.3,4585.0,4576.6,4581.0,12298
2026-04-20 12:25:00,4581.4,4588.6,4581.2,4586.4,12144
2026-04-20 12:35:00,4588.2,4590.0,4582.0,4582.8,3830
2026-04-20 12:45:00,4582.8,4591.0,4581.0,4584.9,7326
2026-04-20 12:55:00,4585.3,4598.0,4582.7,4596.5,25389
2026-04-20 13:05:00,4596.5,4608.9,4596.5,4608.9,10370
2026-04-20 13:15:00,4606.8,4623.0,4600.3,4601.8,13524
2026-04-20 13:25:00,4600.4,4616.2,4596.1,4607.7,12536
2026-04-20 13:35:00,4608.6,4611.6,4600.0,4602.0,7915
2026-04-20 13:45:00,4600.2,4602.0,4590.0,4593.0,15062
2026-04-20 13:55:00,4593.0,4615.0,4589.9,4614.8,44808
2026-04-20 14:05:00,4612.8,4615.0,4600.5,4605.7,11902
2026-04-20 14:15:00,4605.0,4610.0,4605.0,4610.0,8089
2026-04-20 14:25:00,4608.6,4621.4,4606.6,4618.7,9885
2026-04-20 14:35:00,4618.7,4620.9,4615.0,4616.8,8766
2026-04-20 14:45:00,4616.0,4620.0,4615.0,4616.9,9681
2026-04-20 14:55:00,4616.9,4627.5,4608.3,4611.4,19663
2026-04-20 15:05:00,4613.0,4613.0,4601.6,4608.2,20461
2026-04-20 15:15:00,4608.2,4608.2,4595.0,4600.1,33548
2026-04-20 15:25:00,4600.3,4605.5,4595.0,4600.0,13348
2026-04-21 09:15:00,4605.2,4627.3,4599.1,4611.9,17951
2026-04-21 09:25:00,4609.9,4615.0,4606.0,4612.7,5422
2026-04-21 09:35:00,4612.7,4626.0,4611.0,4622.0,8551
2026-04-21 09:45:00,4620.8,4625.0,4610.4,4613.0,5188
2026-04-21 09:55:00,4613.0,4618.6,4608.0,4608.1,6029
2026-04-21 10:05:00,4608.3,4612.5,4600.0,4610.0,8661
2026-04-21 10:15:00,4610.0,4611.9,4596.0,4601.2,11542
2026-04-21 10:25:00,4601.2,4610.4,4598.0,4610.0,6287
2026-04-21 10:35:00,4608.2,4609.9,4601.7,4605.9,2992
2026-04-21 10:45:00,4605.0,4612.0,4605.0,4611.5,2831
2026-04-21 10:55:00,4611.6,4615.0,4604.5,4605.4,4265
2026-04-21 11:05:00,4605.5,4610.8,4605.5,4610.0,2212
2026-04-21 11:15:00,4610.6,4611.1,4585.2,4590.7,21428
2026-04-21 11:25:00,4590.7,4592.0,4581.2,4590.0,14127
2026-04-21 11:35:00,4590.0,4594.0,4581.0,4591.7,24799
2026-04-21 11:45:00,4589.5,4594.0,4582.1,4589.6,7332
2026-04-21 11:55:00,4589.6,4598.6,4588.0,4595.2,2868
2026-04-21 12:05:00,4592.3,4598.9,4585.5,4585.7,6453
2026-04-21 12:15:00,4585.5,4585.5,4576.0,4581.8,14123
2026-04-21 12:25:00,4580.1,4590.8,4576.0,4587.9,8237
2026-04-21 12:35:00,4587.9,4590.2,4584.7,4586.0,5954
2026-04-21 12:45:00,4586.0,4589.9,4582.7,4589.0,3407
2026-04-21 12:55:00,4586.8,4593.4,4580.0,4587.4,10156
2026-04-21 13:05:00,4585.5,4590.0,4584.6,4586.2,4687
2026-04-21 13:15:00,4586.2,4588.6,4562.5,4566.8,18419
2026-04-21 13:25:00,4565.1,4570.0,4561.2,4570.0,12581
2026-04-21 13:35:00,4568.1,4570.0,4550.0,4552.1,23552
2026-04-21 13:45:00,4552.4,4559.9,4552.4,4555.0,5771
2026-04-21 13:55:00,4555.0,4560.5,4553.1,4555.3,6680
2026-04-21 14:05:00,4555.3,4557.6,4551.1,4554.0,3460
2026-04-21 14:15:00,4554.0,4566.7,4554.0,4565.1,6163
2026-04-21 14:25:00,4564.5,4584.0,4561.6,4584.0,10116
2026-04-21 14:35:00,4582.0,4585.0,4574.8,4576.3,11114
2026-04-21 14:45:00,4577.3,4585.0,4576.1,4580.0,12394
2026-04-21 14:55:00,4578.5,4588.0,4576.8,4586.9,15512
2026-04-21 15:05:00,4585.0,4592.7,4585.0,4590.9,25136
2026-04-21 15:15:00,4590.9,4597.7,4587.4,4591.0,26036
2026-04-21 15:25:00,4591.0,4594.6,4585.8,4590.0,28498
2026-04-22 09:15:00,4589.2,4595.0,4543.3,4551.2,29303
2026-04-22 09:25:00,4550.0,4558.7,4532.1,4556.1,10059
2026-04-22 09:35:00,4556.6,4570.6,4545.2,4562.3,11000
2026-04-22 09:45:00,4563.0,4564.4,4553.2,4561.7,5833
2026-04-22 09:55:00,4562.7,4567.9,4560.9,4562.1,5041
2026-04-22 10:05:00,4564.8,4567.8,4551.5,4562.0,5933
2026-04-22 10:15:00,4560.7,4566.5,4550.3,4566.1,6382
2026-04-22 10:25:00,4566.6,4580.6,4565.0,4576.8,6716
2026-04-22 10:35:00,4576.8,4578.0,4569.3,4570.7,6003
2026-04-22 10:45:00,4568.4,4570.4,4558.7,4563.5,6087
2026-04-22 10:55:00,4563.0,4563.5,4557.0,4560.1,3382
2026-04-22 11:05:00,4560.1,4564.9,4552.1,4563.5,6022
2026-04-22 11:15:00,4563.5,4576.0,4560.6,4572.9,3139
2026-04-22 11:25:00,4572.9,4582.0,4570.1,4577.3,3536
2026-04-22 11:35:00,4579.0,4581.1,4576.0,4577.1,2336
2026-04-22 11:45:00,4577.1,4588.0,4577.1,4583.2,4936
2026-04-22 11:55:00,4585.1,4592.3,4580.9,4588.6,6054
2026-04-22 12:05:00,4588.6,4609.2,4587.6,4606.5,10350
2026-04-22 12:15:00,4606.5,4613.6,4601.2,4613.4,8466
2026-04-22 12:25:00,4614.7,4628.9,4611.0,4621.2,23789
2026-04-22 12:35:00,4622.7,4622.7,4595.7,4612.5,23523
2026-04-22 12:45:00,4614.2,4614.7,4600.3,4601.2,3291
2026-04-22 12:55:00,4601.2,4604.6,4600.0,4601.5,3214
2026-04-22 13:05:00,4603.0,4605.6,4596.6,4599.2,3659
2026-04-22 13:15:00,4600.0,4600.0,4582.8,4590.3,5648
2026-04-22 13:25:00,4590.3,4604.3,4589.6,4600.4,4847
2026-04-22 13:35:00,4600.3,4604.9,4600.0,4601.0,2881
2026-04-22 13:45:00,4601.0,4604.5,4598.0,4600.8,3455
2026-04-22 13:55:00,4602.0,4604.5,4590.0,4599.0,6353
2026-04-22 14:05:00,4599.0,4602.9,4595.0,4600.8,6847
2026-04-22 14:15:00,4601.1,4607.3,4596.0,4605.9,7356
2026-04-22 14:25:00,4605.9,4614.0,4605.9,4607.7,8218
2026-04-22 14:35:00,4605.9,4614.6,4605.2,4611.2,3659
2026-04-22 14:45:00,4611.2,4612.7,4602.0,4605.8,2961
2026-04-22 14:55:00,4605.8,4608.0,4596.9,4601.8,11899
2026-04-22 15:05:00,4603.4,4604.7,4596.1,4597.3,25345
2026-04-22 15:15:00,4597.3,4600.2,4577.9,4577.9,28299
2026-04-22 15:25:00,4581.7,4587.8,4575.0,4580.1,8734
2026-04-23 09:15:00,4590.0,4595.0,4553.7,4566.0,44315
2026-04-23 09:25:00,4562.4,4569.2,4553.1,4560.0,14196
2026-04-23 09:35:00,4560.0,4568.7,4551.5,4566.4,7749
2026-04-23 09:45:00,4566.4,4581.0,4563.0,4568.0,6701
2026-04-23 09:55:00,4567.9,4571.4,4555.7,4565.7,7971
2026-04-23 10:05:00,4563.5,4570.0,4561.1,4562.3,2311
2026-04-23 10:15:00,4562.3,4568.4,4561.2,4564.4,2985
2026-04-23 10:25:00,4566.4,4566.7,4560.3,4562.4,1329
2026-04-23 10:35:00,4560.4,4562.4,4553.7,4555.9,2660
2026-04-23 10:45:00,4557.0,4560.3,4550.0,4559.8,4284
2026-04-23 10:55:00,4559.8,4564.4,4550.0,4564.4,3469
2026-04-23 11:05:00,4564.4,4564.4,4557.1,4562.1,3224
2026-04-23 11:15:00,4562.1,4564.3,4557.4,4558.7,1774
2026-04-23 11:25:00,4558.7,4569.0,4554.0,4568.5,5943
2026-04-23 11:35:00,4568.5,4583.8,4564.5,4577.7,7451
2026-04-23 11:45:00,4577.7,4578.7,4560.0,4567.1,2765
2026-04-23 11:55:00,4564.6,4566.6,4554.1,4554.4,2199
2026-04-23 12:05:00,4554.4,4556.2,4541.6,4541.6,11357
2026-04-23 12:15:00,4541.3,4542.4,4527.3,4532.9,11018
2026-04-23 12:25:00,4532.9,4544.3,4529.4,4541.5,7825
2026-04-23 12:35:00,4541.5,4545.0,4532.5,4541.2,2456
2026-04-23 12:45:00,4541.2,4543.3,4534.2,4538.6,1503
2026-04-23 12:55:00,4535.1,4539.1,4528.0,4534.7,4439
2026-04-23 13:05:00,4534.7,4546.7,4534.7,4538.4,6436
2026-04-23 13:15:00,4538.4,4547.1,4533.1,4539.5,4018
2026-04-23 13:25:00,4541.7,4541.7,4536.0,4538.8,1209
2026-04-23 13:35:00,4538.8,4540.0,4534.3,4537.5,1946
2026-04-23 13:45:00,4535.4,4541.3,4533.8,4537.7,1827
2026-04-23 13:55:00,4537.7,4545.0,4536.6,4541.3,2281
2026-04-23 14:05:00,4540.7,4540.7,4520.0,4529.1,7430
2026-04-23 14:15:00,4529.1,4530.0,4525.5,4527.7,1572
2026-04-23 14:25:00,4526.0,4528.3,4522.7,4523.0,1701
2026-04-23 14:35:00,4523.0,4526.1,4512.2,4518.4,7413
2026-04-23 14:45:00,4518.4,4525.2,4512.9,4523.3,3856
2026-04-23 14:55:00,4523.3,4525.2,4515.5,4523.5,14801
2026-04-23 15:05:00,4523.4,4525.0,4518.0,4522.0,10675
2026-04-23 15:15:00,4521.4,4522.5,4513.7,4519.4,15018
2026-04-23 15:25:00,4519.4,4528.0,4517.7,4525.3,15622
2026-04-24 09:15:00,4559.5,4559.5,4515.9,4530.5,15784
2026-04-24 09:25:00,4529.9,4529.9,4486.8,4493.0,8358
2026-04-24 09:35:00,4490.0,4496.9,4483.9,4495.2,5911
2026-04-24 09:45:00,4495.2,4496.0,4481.0,4481.0,3509
2026-04-24 09:55:00,4481.0,4483.6,4474.0,4477.2,3684
2026-04-24 10:05:00,4477.2,4480.0,4469.9,4472.7,3837
2026-04-24 10:15:00,4472.5,4472.5,4450.0,4450.1,4594
2026-04-24 10:25:00,4450.1,4456.2,4444.0,4444.7,4726
2026-04-24 10:35:00,4444.0,4465.3,4436.0,4458.8,12685
2026-04-24 10:45:00,4456.4,4482.2,4454.0,4455.0,8631
2026-04-24 10:55:00,4456.8,4456.8,4436.7,4439.6,3270
2026-04-24 11:05:00,4440.0,4442.0,4432.6,4434.7,3335
2026-04-24 11:15:00,4434.7,4442.6,4426.2,4441.1,3785
2026-04-24 11:25:00,4441.1,4442.5,4432.8,4433.0,2552
2026-04-24 11:35:00,4434.5,4440.6,4430.0,4436.0,3082
2026-04-24 11:45:00,4436.0,4437.2,4425.0,4425.8,2102
2026-04-24 11:55:00,4425.8,4435.0,4425.3,4433.8,2056
2026-04-24 12:05:00,4433.8,4437.3,4431.3,4435.8,1219
2026-04-24 12:15:00,4435.8,4437.7,4427.0,4428.7,3059
2026-04-24 12:25:00,4428.5,4442.0,4426.0,4442.0,1567
2026-04-24 12:35:00,4442.0,4451.1,4440.0,4441.2,6108
2026-04-24 12:45:00,4441.2,4442.1,4438.0,4439.5,1819
2026-04-24 12:55:00,4439.5,4439.5,4425.0,4427.1,2323
2026-04-24 13:05:00,4427.1,4427.3,4416.0,4418.1,7233
2026-04-24 13:15:00,4418.1,4424.2,4416.1,4424.0,2503
2026-04-24 13:25:00,4424.0,4439.6,4422.0,4436.5,2969
2026-04-24 13:35:00,4436.7,4437.5,4428.4,4431.6,1553
2026-04-24 13:45:00,4431.7,4438.4,4430.0,4434.9,3247
2026-04-24 13:55:00,4434.8,4452.0,4432.0,4451.9,9549
2026-04-24 14:05:00,4452.0,4454.0,4440.1,4440.1,4741
2026-04-24 14:15:00,4440.1,4461.3,4432.6,4460.6,12784
2026-04-24 14:25:00,4459.3,4466.7,4455.0,4464.8,4618
2026-04-24 14:35:00,4464.8,4470.0,4463.0,4466.2,3301
2026-04-24 14:45:00,4466.2,4471.9,4458.9,4461.0,14837
2026-04-24 14:55:00,4460.0,4462.4,4447.5,4447.5,8074
2026-04-24 15:05:00,4449.7,4450.0,4435.1,4437.3,10668
2026-04-24 15:15:00,4437.9,4445.6,4434.3,4441.0,15458
2026-04-24 15:25:00,4444.5,4455.2,4435.0,4435.0,3960
2026-04-27 09:15:00,4489.8,4515.6,4460.3,4512.2,32147
2026-04-27 09:25:00,4510.7,4527.5,4503.6,4505.2,16569
2026-04-27 09:35:00,4508.0,4522.0,4503.4,4520.0,14669
2026-04-27 09:45:00,4520.0,4520.0,4510.9,4520.0,22880
2026-04-27 09:55:00,4520.0,4522.1,4516.8,4519.3,25047
2026-04-27 10:05:00,4519.1,4520.0,4492.7,4495.4,27277
2026-04-27 10:15:00,4493.2,4509.3,4493.2,4506.6,7370
2026-04-27 10:25:00,4507.2,4520.0,4505.0,4517.7,20656
2026-04-27 10:35:00,4515.5,4529.0,4514.8,4527.2,14763
2026-04-27 10:45:00,4527.2,4527.2,4519.2,4520.7,6078
2026-04-27 10:55:00,4521.0,4523.0,4516.9,4517.0,7211
2026-04-27 11:05:00,4518.8,4520.0,4507.3,4514.0,5030
2026-04-27 11:15:00,4512.0,4516.0,4503.7,4506.0,5090
2026-04-27 11:25:00,4506.0,4507.2,4491.2,4497.3,8877
2026-04-27 11:35:00,4497.3,4501.2,4490.0,4490.0,5873
2026-04-27 11:45:00,4491.5,4501.2,4491.5,4499.5,5681
2026-04-27 11:55:00,4499.5,4500.0,4487.0,4489.2,5712
2026-04-27 12:05:00,4486.6,4497.9,4483.5,4485.8,6146
2026-04-27 12:15:00,4487.0,4521.0,4486.5,4521.0,25176
2026-04-27 12:25:00,4521.0,4523.0,4517.7,4520.9,14162
2026-04-27 12:35:00,4521.0,4521.9,4517.6,4521.0,10313
2026-04-27 12:45:00,4521.0,4522.2,4517.2,4520.9,5080
2026-04-27 12:55:00,4520.0,4522.0,4517.7,4517.7,7381
2026-04-27 13:05:00,4517.7,4520.1,4508.2,4514.0,10472
2026-04-27 13:15:00,4514.4,4522.7,4512.9,4520.9,32405
2026-04-27 13:25:00,4520.9,4522.0,4519.9,4520.9,9031
2026-04-27 13:35:00,4520.9,4522.0,4520.0,4520.8,14718
2026-04-27 13:45:00,4520.8,4521.3,4510.3,4520.9,16567
2026-04-27 13:55:00,4520.9,4521.9,4518.3,4520.5,11739
2026-04-27 14:05:00,4520.5,4522.0,4519.4,4520.9,10946
2026-04-27 14:15:00,4520.9,4522.3,4519.2,4520.9,5353
2026-04-27 14:25:00,4520.9,4522.4,4519.1,4520.0,7597
2026-04-27 14:35:00,4520.7,4521.7,4518.3,4520.9,7725
2026-04-27 14:45:00,4520.8,4522.0,4519.8,4520.9,5554
2026-04-27 14:55:00,4520.5,4521.4,4512.1,4515.7,11623
2026-04-27 15:05:00,4515.2,4516.9,4510.2,4513.4,11319
2026-04-27 15:15:00,4512.1,4512.1,4496.8,4501.6,16025
2026-04-27 15:25:00,4497.2,4505.0,4491.8,4500.0,7461
2026-04-28 09:15:00,4506.4,4533.1,4495.2,4497.4,14959
2026-04-28 09:25:00,4497.4,4506.2,4488.0,4488.0,6395
2026-04-28 09:35:00,4487.1,4496.0,4480.0,4487.8,5422
2026-04-28 09:45:00,4490.5,4518.1,4490.5,4506.8,5546
2026-04-28 09:55:00,4506.8,4511.3,4500.4,4511.3,2425
2026-04-28 10:05:00,4511.3,4512.5,4508.5,4510.6,1396
2026-04-28 10:15:00,4510.6,4510.6,4500.8,4506.0,3485
2026-04-28 10:25:00,4506.0,4514.4,4505.3,4512.1,4380
2026-04-28 10:35:00,4512.1,4516.6,4510.3,4512.3,1876
2026-04-28 10:45:00,4512.4,4516.9,4504.1,4515.6,4289
2026-04-28 10:55:00,4515.6,4530.0,4515.6,4530.0,5296
2026-04-28 11:05:00,4528.9,4546.7,4528.9,4544.0,6409
2026-04-28 11:15:00,4544.0,4555.0,4543.4,4551.0,9659
2026-04-28 11:25:00,4551.0,4553.0,4536.8,4548.0,8663
2026-04-28 11:35:00,4548.0,4553.0,4545.5,4551.7,8015
2026-04-28 11:45:00,4551.7,4560.1,4543.1,4555.8,9178
2026-04-28 11:55:00,4553.7,4574.5,4553.7,4572.8,9119
2026-04-28 12:05:00,4571.8,4578.0,4568.3,4570.1,9630
2026-04-28 12:15:00,4572.5,4572.5,4555.1,4560.4,8567
2026-04-28 12:25:00,4562.2,4570.8,4559.0,4561.3,31206
2026-04-28 12:35:00,4561.3,4569.0,4558.0,4561.3,15921
2026-04-28 12:45:00,4560.8,4573.0,4560.0,4565.7,26813
2026-04-28 12:55:00,4565.1,4574.9,4562.0,4562.0,34892
2026-04-28 13:05:00,4563.3,4600.5,4559.9,4591.7,40677
2026-04-28 13:15:00,4591.7,4594.2,4588.0,4589.5,19357
2026-04-28 13:25:00,4589.3,4593.3,4586.0,4587.9,14488
2026-04-28 13:35:00,4589.2,4591.0,4579.4,4589.9,12357
2026-04-28 13:45:00,4587.7,4590.5,4583.2,4589.4,2682
2026-04-28 13:55:00,4588.1,4588.1,4576.1,4577.7,2938
2026-04-28 14:05:00,4577.7,4579.4,4569.2,4570.9,5606
2026-04-28 14:15:00,4570.9,4572.2,4563.4,4566.2,6794
2026-04-28 14:25:00,4566.2,4574.0,4562.4,4562.8,13421
2026-04-28 14:35:00,4562.9,4571.4,4562.4,4564.6,5755
2026-04-28 14:45:00,4564.5,4570.7,4562.9,4567.0,6509
2026-04-28 14:55:00,4567.0,4568.0,4541.5,4542.9,11706
2026-04-28 15:05:00,4542.9,4546.5,4536.2,4537.1,18118
2026-04-28 15:15:00,4536.8,4546.1,4536.0,4544.0,37638
2026-04-28 15:25:00,4544.0,4548.0,4543.0,4544.0,15051
2026-04-29 09:15:00,4558.0,4580.0,4558.0,4571.3,11745
2026-04-29 09:25:00,4573.3,4594.0,4571.4,4571.8,11368
2026-04-29 09:35:00,4571.8,4579.9,4564.0,4570.8,5573
2026-04-29 09:45:00,4570.8,4605.9,4567.7,4601.6,14961
2026-04-29 09:55:00,4598.5,4599.9,4586.0,4589.7,6007
2026-04-29 10:05:00,4589.7,4595.0,4588.4,4591.9,4155
2026-04-29 10:15:00,4591.9,4602.9,4590.0,4590.5,6082
2026-04-29 10:25:00,4592.7,4595.1,4589.5,4594.1,3143
2026-04-29 10:35:00,4594.1,4605.0,4592.2,4604.0,5181
2026-04-29 10:45:00,4604.0,4604.9,4598.1,4598.2,3936
2026-04-29 10:55:00,4600.0,4605.0,4595.1,4595.5,4564
2026-04-29 11:05:00,4595.5,4608.0,4594.1,4603.0,6119
2026-04-29 11:15:00,4604.0,4607.0,4600.2,4605.9,3306
2026-04-29 11:25:00,4606.0,4606.0,4600.0,4604.3,4442
2026-04-29 11:35:00,4605.0,4619.0,4602.9,4613.2,10087
2026-04-29 11:45:00,4613.1,4614.0,4607.4,4610.6,3390
2026-04-29 11:55:00,4610.6,4614.2,4603.3,4605.1,3478
2026-04-29 12:05:00,4605.1,4615.6,4602.0,4615.0,4403
2026-04-29 12:15:00,4614.9,4615.3,4611.1,4612.3,2767
2026-04-29 12:25:00,4612.3,4620.0,4612.3,4616.9,5626
2026-04-29 12:35:00,4618.0,4620.1,4613.5,4616.2,6000
2026-04-29 12:45:00,4616.9,4632.0,4614.2,4627.2,8052
2026-04-29 12:55:00,4627.2,4631.8,4624.1,4627.6,5341
2026-04-29 13:05:00,4627.6,4630.8,4626.5,4630.0,4382
2026-04-29 13:15:00,4630.0,4639.9,4622.0,4624.0,11229
2026-04-29 13:25:00,4623.6,4628.3,4621.2,4624.0,5667
2026-04-29 13:35:00,4623.2,4626.2,4620.0,4623.3,4947
2026-04-29 13:45:00,4624.6,4630.0,4620.0,4624.9,7929
2026-04-29 13:55:00,4624.9,4632.3,4621.6,4622.0,6028
2026-04-29 14:05:00,4622.1,4629.6,4617.5,4624.1,4590
2026-04-29 14:15:00,4624.1,4626.5,4614.5,4616.1,15631
2026-04-29 14:25:00,4616.6,4616.6,4601.5,4609.9,12268
2026-04-29 14:35:00,4609.8,4610.0,4602.2,4604.8,11232
2026-04-29 14:45:00,4604.2,4604.8,4598.4,4599.9,3993
2026-04-29 14:55:00,4599.9,4603.1,4589.6,4600.8,18666
2026-04-29 15:05:00,4600.0,4601.8,4592.9,4595.0,15822
2026-04-29 15:15:00,4593.4,4597.0,4582.0,4589.1,30863
2026-04-29 15:25:00,4587.2,4600.0,4581.1,4592.0,5635
2026-04-30 09:15:00,4584.0,4590.0,4513.9,4533.5,30144
2026-04-30 09:25:00,4534.1,4551.0,4532.2,4550.0,13864
2026-04-30 09:35:00,4550.9,4550.9,4536.7,4539.3,7818
2026-04-30 09:45:00,4539.5,4547.0,4533.7,4545.0,4231
2026-04-30 09:55:00,4545.0,4548.2,4533.8,4533.8,3898
2026-04-30 10:05:00,4535.3,4540.8,4524.0,4524.7,3914
2026-04-30 10:15:00,4526.0,4533.8,4521.0,4529.0,4551
2026-04-30 10:25:00,4529.0,4533.7,4528.0,4532.0,2871
2026-04-30 10:35:00,4532.0,4545.4,4532.0,4538.2,8538
2026-04-30 10:45:00,4539.4,4540.6,4530.0,4533.8,4122
2026-04-30 10:55:00,4535.1,4538.5,4530.6,4532.3,2753
2026-04-30 11:05:00,4530.8,4534.2,4511.0,4514.0,4719
2026-04-30 11:15:00,4513.6,4520.3,4512.4,4516.7,3346
2026-04-30 11:25:00,4515.1,4527.6,4515.0,4524.2,2645
2026-04-30 11:35:00,4525.9,4528.1,4522.8,4524.3,1866
2026-04-30 11:45:00,4526.9,4532.0,4524.0,4529.2,3542
2026-04-30 11:55:00,4530.3,4530.5,4524.0,4525.7,2134
2026-04-30 12:05:00,4527.5,4532.0,4524.7,4530.8,2097
2026-04-30 12:15:00,4530.8,4535.5,4526.9,4533.3,1638
2026-04-30 12:25:00,4534.8,4537.1,4530.0,4531.0,2067
2026-04-30 12:35:00,4532.5,4533.1,4529.9,4531.8,1690
2026-04-30 12:45:00,4531.8,4546.2,4531.8,4538.0,8106
2026-04-30 12:55:00,4538.2,4541.3,4535.0,4539.7,5654
2026-04-30 13:05:00,4541.7,4550.0,4537.0,4540.8,25576
2026-04-30 13:15:00,4540.7,4546.1,4538.8,4542.6,26476
2026-04-30 13:25:00,4542.2,4545.9,4539.0,4539.9,28616
2026-04-30 13:35:00,4540.4,4550.9,4540.4,4547.7,35318
2026-04-30 13:45:00,4548.0,4561.0,4541.3,4561.0,35598
2026-04-30 13:55:00,4567.8,4585.7,4566.2,4571.4,15530
2026-04-30 14:05:00,4571.6,4583.8,4564.7,4578.0,16352
2026-04-30 14:15:00,4578.0,4583.1,4560.0,4563.6,18468
2026-04-30 14:25:00,4563.6,4576.9,4557.0,4576.9,12000
2026-04-30 14:35:00,4576.9,4589.3,4574.4,4586.1,12520
2026-04-30 14:45:00,4587.8,4597.0,4580.0,4594.2,18373
2026-04-30 14:55:00,4593.0,4613.9,4578.1,4584.6,47914
2026-04-30 15:05:00,4583.5,4587.2,4566.4,4577.7,43468
2026-04-30 15:15:00,4577.8,4594.0,4577.7,4589.5,38351
2026-04-30 15:25:00,4589.5,4615.0,4589.5,4614.0,25863
2026-05-04 09:15:00,4585.0,4585.0,4393.8,4402.9,176529
2026-05-04 09:25:00,4403.8,4464.2,4402.1,4451.1,79800
2026-05-04 09:35:00,4450.1,4459.9,4418.0,4435.2,62668
2026-05-04 09:45:00,4437.0,4445.8,4424.0,4431.4,30332
2026-05-04 09:55:00,4433.7,4438.0,4390.0,4393.0,43004
2026-05-04 10:05:00,4393.2,4412.6,4387.0,4387.0,53551
2026-05-04 10:15:00,4386.1,4420.0,4385.0,4407.4,48588
2026-05-04 10:25:00,4407.4,4415.8,4403.0,4410.0,23033
2026-05-04 10:35:00,4411.3,4417.8,4396.7,4415.9,28241
2026-05-04 10:45:00,4415.9,4459.4,4415.0,4444.2,52965
2026-05-04 10:55:00,4445.0,4461.6,4430.5,4436.5,28200
2026-05-04 11:05:00,4436.6,4441.3,4425.4,4440.7,14760
2026-05-04 11:15:00,4439.9,4445.0,4430.0,4433.0,8609
2026-05-04 11:25:00,4432.9,4439.7,4411.1,4432.6,18370
2026-05-04 11:35:00,4433.8,4435.4,4381.1,4383.5,41378
2026-05-04 11:45:00,4383.5,4385.0,4358.9,4360.0,62190
2026-05-04 11:55:00,4360.0,4379.9,4358.0,4369.8,22935
2026-05-04 12:05:00,4369.6,4373.2,4351.0,4361.0,39386
2026-05-04 12:15:00,4362.0,4379.5,4359.2,4376.0,21953
2026-05-04 12:25:00,4378.0,4398.0,4375.7,4394.4,26439
2026-05-04 12:35:00,4393.7,4407.8,4388.9,4397.9,36574
2026-05-04 12:45:00,4397.1,4400.0,4380.5,4388.0,24166
2026-05-04 12:55:00,4388.4,4390.7,4385.3,4387.4,8375
2026-05-04 13:05:00,4387.5,4389.9,4380.6,4381.8,9827
2026-05-04 13:15:00,4381.8,4384.3,4371.2,4373.9,12008
2026-05-04 13:25:00,4373.5,4380.9,4362.3,4364.3,18774
2026-05-04 13:35:00,4364.3,4378.6,4361.4,4377.8,9769
2026-05-04 13:45:00,4377.0,4382.0,4370.0,4379.6,10189
2026-05-04 13:55:00,4379.5,4380.3,4370.0,4375.1,16130
2026-05-04 14:05:00,4375.1,4378.8,4365.4,4373.0,20906
2026-05-04 14:15:00,4373.3,4382.5,4367.6,4382.0,18552
2026-05-04 14:25:00,4381.6,4382.5,4368.1,4374.5,27928
2026-05-04 14:35:00,4374.4,4377.5,4370.6,4375.8,20503
2026-05-04 14:45:00,4375.6,4375.6,4364.1,4367.3,25305
2026-05-04 14:55:00,4366.4,4373.0,4360.6,4365.5,22677
2026-05-04 15:05:00,4365.5,4377.9,4363.0,4376.8,68324
2026-05-04 15:15:00,4377.9,4387.4,4373.1,4376.0,99398
2026-05-04 15:25:00,4375.1,4377.0,4365.0,4365.8,21411
2026-05-05 09:15:00,4380.0,4383.8,4341.0,4351.7,32279
2026-05-05 09:25:00,4351.7,4353.0,4337.0,4338.2,14982
2026-05-05 09:35:00,4340.9,4348.0,4327.0,4331.0,10995
2026-05-05 09:45:00,4330.1,4344.8,4325.5,4326.7,9981
2026-05-05 09:55:00,4326.1,4336.2,4322.0,4323.0,11558
2026-05-05 10:05:00,4322.5,4325.4,4317.2,4318.0,11054
2026-05-05 10:15:00,4318.3,4322.5,4315.5,4318.0,5573
2026-05-05 10:25:00,4316.5,4323.9,4310.0,4311.0,10100
2026-05-05 10:35:00,4310.2,4320.0,4303.0,4317.3,13567
2026-05-05 10:45:00,4317.3,4320.0,4311.7,4320.0,3979
2026-05-05 10:55:00,4320.0,4327.9,4318.1,4324.8,7234
2026-05-05 11:05:00,4324.8,4329.9,4321.4,4329.6,4954
2026-05-05 11:15:00,4329.6,4345.0,4328.0,4344.6,9455
2026-05-05 11:25:00,4347.0,4347.0,4336.7,4343.0,4622
2026-05-05 11:35:00,4343.0,4348.7,4339.5,4345.0,6098
2026-05-05 11:45:00,4346.0,4347.0,4336.2,4336.2,3115
2026-05-05 11:55:00,4336.2,4364.0,4336.0,4352.4,10246
2026-05-05 12:05:00,4350.0,4358.0,4346.4,4354.8,8061
2026-05-05 12:15:00,4354.8,4356.9,4353.0,4354.2,3499
2026-05-05 12:25:00,4354.2,4368.5,4353.0,4365.0,8393
2026-05-05 12:35:00,4363.8,4368.7,4363.5,4366.2,4686
2026-05-05 12:45:00,4367.8,4376.0,4363.9,4363.9,7623
2026-05-05 12:55:00,4365.3,4379.0,4365.1,4370.0,4954
2026-05-05 13:05:00,4371.2,4373.2,4368.2,4370.0,2759
2026-05-05 13:15:00,4370.0,4371.8,4363.0,4364.2,4800
2026-05-05 13:25:00,4365.7,4366.0,4350.3,4357.0,17013
2026-05-05 13:35:00,4357.1,4370.1,4357.1,4369.8,3145
2026-05-05 13:45:00,4367.8,4385.9,4356.8,4357.5,14428
2026-05-05 13:55:00,4360.0,4369.7,4354.8,4360.5,6605
2026-05-05 14:05:00,4358.6,4360.9,4355.4,4359.0,2714
2026-05-05 14:15:00,4359.0,4366.9,4355.7,4363.2,4180
2026-05-05 14:25:00,4364.8,4372.0,4362.5,4366.7,5294
2026-05-05 14:35:00,4365.5,4371.2,4363.8,4369.3,2446
2026-05-05 14:45:00,4370.0,4370.4,4364.0,4368.8,4070
2026-05-05 14:55:00,4368.8,4369.4,4360.1,4360.1,7218
2026-05-05 15:05:00,4360.0,4364.9,4358.0,4363.0,10620
2026-05-05 15:15:00,4363.0,4363.0,4354.1,4354.3,13646
2026-05-05 15:25:00,4357.2,4362.0,4340.0,4340.0,9853
2026-05-06 09:15:00,4363.4,4387.0,4342.1,4354.0,16734
2026-05-06 09:25:00,4355.2,4363.8,4352.3,4363.6,11155
2026-05-06 09:35:00,4363.3,4366.9,4360.2,4361.1,4874
2026-05-06 09:45:00,4362.0,4363.0,4352.3,4357.5,2451
2026-05-06 09:55:00,4356.0,4369.9,4355.1,4362.8,5708
2026-05-06 10:05:00,4362.8,4365.0,4359.6,4364.0,1886
2026-05-06 10:15:00,4362.1,4363.8,4358.4,4360.0,1586
2026-05-06 10:25:00,4360.0,4376.2,4358.0,4376.2,4764
2026-05-06 10:35:00,4376.2,4379.8,4371.5,4376.9,4525
2026-05-06 10:45:00,4374.6,4386.3,4367.1,4368.4,7479
2026-05-06 10:55:00,4368.4,4376.1,4361.1,4362.0,4336
2026-05-06 11:05:00,4362.0,4371.0,4361.8,4370.0,2504
2026-05-06 11:15:00,4370.0,4373.5,4361.3,4362.9,3839
2026-05-06 11:25:00,4363.0,4368.2,4358.6,4364.9,4441
2026-05-06 11:35:00,4364.9,4371.0,4360.6,4369.5,3299
2026-05-06 11:45:00,4369.5,4384.7,4367.4,4381.5,10188
2026-05-06 11:55:00,4381.5,4382.0,4377.9,4380.0,5245
2026-05-06 12:05:00,4380.0,4421.0,4380.0,4418.0,24173
2026-05-06 12:15:00,4418.0,4418.0,4402.8,4407.5,9573
2026-05-06 12:25:00,4407.5,4421.0,4407.5,4420.3,37292
2026-05-06 12:35:00,4421.0,4436.2,4415.0,4431.0,22286
2026-05-06 12:45:00,4431.0,4436.9,4420.1,4427.0,23571
2026-05-06 12:55:00,4427.9,4427.9,4410.0,4420.1,11620
2026-05-06 13:05:00,4420.2,4430.0,4420.0,4420.8,3775
2026-05-06 13:15:00,4420.0,4424.5,4419.4,4420.0,2691
2026-05-06 13:25:00,4420.0,4430.0,4419.0,4424.9,5197
2026-05-06 13:35:00,4424.9,4426.0,4419.0,4421.9,2036
2026-05-06 13:45:00,4421.9,4425.8,4420.0,4422.4,1749
2026-05-06 13:55:00,4422.5,4424.0,4420.0,4420.2,2288
2026-05-06 14:05:00,4422.0,4424.7,4420.0,4422.7,2103
2026-05-06 14:15:00,4422.7,4426.3,4421.0,4425.0,2588
2026-05-06 14:25:00,4425.0,4430.0,4420.0,4422.1,9646
2026-05-06 14:35:00,4422.1,4434.9,4421.0,4434.9,5020
2026-05-06 14:45:00,4435.0,4435.0,4429.0,4431.0,6735
2026-05-06 14:55:00,4430.3,4435.5,4429.3,4431.0,20021
2026-05-06 15:05:00,4430.9,4444.5,4430.3,4434.6,43672
2026-05-06 15:15:00,4434.7,4439.5,4422.2,4427.7,38873
2026-05-06 15:25:00,4425.1,4430.1,4405.0,4416.0,22927
2026-05-07 09:15:00,4430.0,4437.2,4400.2,4409.0,12332
2026-05-07 09:25:00,4406.3,4420.0,4405.4,4405.4,6110
2026-05-07 09:35:00,4405.3,4415.1,4402.1,4411.9,3770
2026-05-07 09:45:00,4410.0,4411.9,4391.0,4392.0,8439
2026-05-07 09:55:00,4392.4,4395.0,4377.1,4379.6,9392
2026-05-07 10:05:00,4379.2,4405.9,4376.1,4405.9,9703
2026-05-07 10:15:00,4405.6,4409.0,4400.0,4408.5,4875
2026-05-07 10:25:00,4409.8,4409.9,4386.8,4388.9,12751
2026-05-07 10:35:00,4388.9,4394.8,4385.6,4394.6,4582
2026-05-07 10:45:00,4394.6,4398.9,4387.7,4391.6,4568
2026-05-07 10:55:00,4394.3,4394.5,4382.2,4382.5,5927
2026-05-07 11:05:00,4384.0,4384.5,4377.1,4381.0,4219
2026-05-07 11:15:00,4381.0,4382.0,4371.0,4376.7,5640
2026-05-07 11:25:00,4375.7,4377.0,4371.5,4375.3,6221
2026-05-07 11:35:00,4375.3,4380.0,4372.4,4377.0,2858
2026-05-07 11:45:00,4377.0,4379.9,4374.8,4374.8,3292
2026-05-07 11:55:00,4373.9,4386.6,4373.0,4385.2,3623
2026-05-07 12:05:00,4386.4,4388.0,4381.5,4381.5,2771
2026-05-07 12:15:00,4383.0,4394.1,4381.2,4391.8,6674
2026-05-07 12:25:00,4392.3,4396.1,4388.0,4395.4,8192
2026-05-07 12:35:00,4397.3,4400.0,4392.9,4397.8,7302
2026-05-07 12:45:00,4398.0,4398.0,4389.0,4390.7,3920
2026-05-07 12:55:00,4392.1,4395.9,4390.7,4394.3,4118
2026-05-07 13:05:00,4392.1,4393.6,4390.0,4391.1,2933
2026-05-07 13:15:00,4390.0,4395.0,4382.8,4390.3,14840
2026-05-07 13:25:00,4390.3,4400.0,4390.0,4400.0,9677
2026-05-07 13:35:00,4400.0,4405.4,4394.8,4395.1,5827
2026-05-07 13:45:00,4395.1,4396.9,4384.1,4385.4,4386
2026-05-07 13:55:00,4387.1,4398.5,4385.6,4394.3,5791
2026-05-07 14:05:00,4394.3,4396.5,4389.2,4389.2,11977
2026-05-07 14:15:00,4389.1,4395.2,4387.0,4391.7,29599
2026-05-07 14:25:00,4392.7,4395.0,4385.2,4386.9,8863
2026-05-07 14:35:00,4386.9,4393.7,4382.0,4391.7,8654
2026-05-07 14:45:00,4391.2,4396.6,4390.0,4395.8,11015
2026-05-07 14:55:00,4395.0,4398.4,4392.0,4393.4,14154
2026-05-07 15:05:00,4394.2,4397.0,4382.2,4382.2,19562
2026-05-07 15:15:00,4384.0,4384.0,4378.0,4381.5,20044
2026-05-07 15:25:00,4383.0,4388.0,4378.0,4388.0,11684
2026-05-08 09:15:00,4410.2,4444.0,4382.4,4411.8,31284
2026-05-08 09:25:00,4411.8,4421.2,4404.0,4419.5,24669
2026-05-08 09:35:00,4419.5,4421.7,4391.9,4396.2,6866
2026-05-08 09:45:00,4398.4,4424.0,4394.3,4424.0,7028
2026-05-08 09:55:00,4424.3,4444.0,4418.0,4440.7,17795
2026-05-08 10:05:00,4440.0,4448.0,4433.5,4439.0,15966
2026-05-08 10:15:00,4439.0,4440.4,4430.0,4438.6,10437
2026-05-08 10:25:00,4439.4,4439.4,4423.7,4427.2,9861
2026-05-08 10:35:00,4427.7,4427.7,4416.6,4418.4,4180
2026-05-08 10:45:00,4418.3,4423.2,4417.0,4419.4,3375
2026-05-08 10:55:00,4419.4,4427.5,4413.8,4426.3,3782
2026-05-08 11:05:00,4424.7,4430.1,4423.0,4423.3,2942
2026-05-08 11:15:00,4423.4,4428.4,4415.3,4421.0,2964
2026-05-08 11:25:00,4420.0,4420.9,4413.1,4414.0,3207
2026-05-08 11:35:00,4414.7,4416.6,4411.0,4413.1,2553
2026-05-08 11:45:00,4411.5,4418.3,4411.0,4415.6,3712
2026-05-08 11:55:00,4415.3,4415.3,4411.6,4414.0,2521
2026-05-08 12:05:00,4414.0,4417.0,4409.2,4409.7,2349
2026-05-08 12:15:00,4409.8,4412.4,4401.0,4403.2,5100
2026-05-08 12:25:00,4403.2,4407.4,4398.3,4402.9,4371
2026-05-08 12:35:00,4402.8,4406.4,4398.4,4399.0,2945
2026-05-08 12:45:00,4398.4,4405.7,4396.3,4403.6,5834
2026-05-08 12:55:00,4403.6,4404.0,4400.0,4401.5,2794
2026-05-08 13:05:00,4401.6,4404.9,4399.6,4401.8,3430
2026-05-08 13:15:00,4401.6,4406.0,4399.1,4405.0,2410
2026-05-08 13:25:00,4408.2,4417.1,4405.0,4411.0,4644
2026-05-08 13:35:00,4412.4,4419.0,4411.6,4413.2,4260
2026-05-08 13:45:00,4413.2,4415.9,4406.5,4412.9,3033
2026-05-08 13:55:00,4412.9,4419.7,4404.1,4417.9,4348
2026-05-08 14:05:00,4417.9,4424.0,4417.6,4419.1,2662
2026-05-08 14:15:00,4419.7,4422.6,4415.0,4416.5,3027
2026-05-08 14:25:00,4416.1,4421.1,4415.0,4418.5,2629
2026-05-08 14:35:00,4419.5,4422.3,4415.2,4419.3,2423
2026-05-08 14:45:00,4418.8,4425.0,4415.0,4425.0,4757
2026-05-08 14:55:00,4424.7,4425.0,4400.3,4406.3,11210
2026-05-08 15:05:00,4403.5,4408.9,4397.5,4398.9,10813
2026-05-08 15:15:00,4398.4,4406.5,4398.4,4400.5,17987
2026-05-08 15:25:00,4400.2,4410.0,4392.5,4396.1,12346
2026-05-11 09:15:00,4401.4,4422.5,4376.0,4390.3,11957
2026-05-11 09:25:00,4391.5,4397.3,4380.3,4384.6,5134
2026-05-11 09:35:00,4386.9,4386.9,4368.6,4376.8,5829
2026-05-11 09:45:00,4376.8,4383.0,4372.7,4380.0,3321
2026-05-11 09:55:00,4379.7,4386.5,4373.0,4383.3,2332
2026-05-11 10:05:00,4383.3,4410.0,4380.7,4407.9,5529
2026-05-11 10:15:00,4407.9,4407.9,4392.0,4393.5,5578
2026-05-11 10:25:00,4393.5,4397.0,4390.7,4390.9,1959
2026-05-11 10:35:00,4390.9,4396.9,4390.9,4394.0,1692
2026-05-11 10:45:00,4394.0,4398.5,4389.0,4396.5,4155
2026-05-11 10:55:00,4397.0,4406.9,4395.6,4406.6,2353
2026-05-11 11:05:00,4406.7,4420.4,4406.7,4413.3,5076
2026-05-11 11:15:00,4413.2,4415.5,4405.8,4405.8,1319
2026-05-11 11:25:00,4407.2,4425.0,4406.1,4422.8,4185
2026-05-11 11:35:00,4421.6,4428.0,4420.7,4423.8,2484
2026-05-11 11:45:00,4423.8,4423.8,4412.0,4416.3,1594
2026-05-11 11:55:00,4416.2,4431.8,4413.6,4417.5,5611
2026-05-11 12:05:00,4416.0,4418.7,4409.1,4414.2,16540
2026-05-11 12:15:00,4414.2,4420.1,4413.3,4417.0,2731
2026-05-11 12:25:00,4417.0,4425.0,4413.6,4423.8,3476
2026-05-11 12:35:00,4423.8,4425.0,4400.0,4407.0,2993
2026-05-11 12:45:00,4407.0,4412.0,4405.6,4412.0,1836
2026-05-11 12:55:00,4412.0,4413.3,4405.0,4405.1,1981
2026-05-11 13:05:00,4405.1,4413.0,4405.1,4407.1,1196
2026-05-11 13:15:00,4407.4,4415.0,4404.1,4414.9,589
2026-05-11 13:25:00,4414.9,4421.0,4414.2,4418.1,1172
2026-05-11 13:35:00,4418.2,4426.5,4415.8,4419.9,5438
2026-05-11 13:45:00,4419.9,4430.0,4419.9,4429.9,2137
2026-05-11 13:55:00,4429.9,4429.9,4424.1,4424.1,1503
2026-05-11 14:05:00,4424.1,4427.6,4417.9,4417.9,1774
2026-05-11 14:15:00,4417.9,4418.0,4409.9,4415.0,4287
2026-05-11 14:25:00,4414.0,4425.4,4414.0,4422.0,872
2026-05-11 14:35:00,4423.9,4423.9,4414.6,4416.0,2921
2026-05-11 14:45:00,4416.0,4417.6,4407.0,4410.0,2813
2026-05-11 14:55:00,4410.0,4414.0,4388.2,4390.3,8891
2026-05-11 15:05:00,4392.1,4392.1,4382.2,4385.3,12164
2026-05-11 15:15:00,4385.3,4396.3,4382.1,4392.4,12531
2026-05-11 15:25:00,4392.1,4395.6,4382.2,4394.0,6452
2026-05-12 09:15:00,4389.0,4419.2,4388.9,4395.9,9020
2026-05-12 09:25:00,4393.4,4397.1,4368.2,4368.2,6498
2026-05-12 09:35:00,4368.4,4383.4,4367.6,4371.2,2807
2026-05-12 09:45:00,4371.2,4376.6,4367.6,4367.6,2108
2026-05-12 09:55:00,4367.6,4371.5,4365.0,4370.9,2783
2026-05-12 10:05:00,4370.9,4375.0,4365.5,4375.0,1906
2026-05-12 10:15:00,4375.0,4379.3,4371.0,4371.4,2368
2026-05-12 10:25:00,4372.0,4372.2,4365.6,4365.6,1690
2026-05-12 10:35:00,4365.6,4380.8,4361.2,4377.8,4562
2026-05-12 10:45:00,4377.8,4388.0,4376.2,4385.0,2989
2026-05-12 10:55:00,4385.0,4398.0,4383.0,4395.0,3714
2026-05-12 11:05:00,4396.5,4396.9,4381.0,4382.5,1062
2026-05-12 11:15:00,4382.5,4393.0,4381.0,4390.7,1040
2026-05-12 11:25:00,4390.7,4390.7,4379.7,4381.7,1528
2026-05-12 11:35:00,4381.7,4390.0,4381.0,4382.9,5144
2026-05-12 11:45:00,4382.1,4385.5,4380.6,4383.0,2917
2026-05-12 11:55:00,4383.0,4385.9,4380.7,4385.3,8458
2026-05-12 12:05:00,4385.3,4385.8,4381.7,4383.8,2477
2026-05-12 12:15:00,4383.8,4385.7,4380.0,4382.0,2048
2026-05-12 12:25:00,4382.0,4387.9,4380.6,4382.1,5515
2026-05-12 12:35:00,4382.8,4384.2,4380.7,4382.8,4371
2026-05-12 12:45:00,4382.8,4394.8,4381.8,4391.6,3933
2026-05-12 12:55:00,4391.5,4392.4,4384.6,4386.8,1494
2026-05-12 13:05:00,4386.6,4404.8,4384.3,4403.1,10858
2026-05-12 13:15:00,4402.4,4415.9,4395.5,4398.0,7353
2026-05-12 13:25:00,4398.0,4407.4,4395.0,4398.5,22987
2026-05-12 13:35:00,4398.1,4400.0,4392.3,4394.5,9315
2026-05-12 13:45:00,4396.7,4400.0,4383.0,4397.3,9511
2026-05-12 13:55:00,4400.0,4400.0,4385.0,4385.2,14347
2026-05-12 14:05:00,4385.2,4388.0,4371.0,4371.0,8065
2026-05-12 14:15:00,4371.0,4373.7,4358.0,4362.6,9314
2026-05-12 14:25:00,4363.6,4368.0,4351.0,4351.0,4105
2026-05-12 14:35:00,4350.1,4363.8,4347.2,4355.7,5517
2026-05-12 14:45:00,4356.0,4363.5,4347.3,4347.6,8225
2026-05-12 14:55:00,4347.7,4352.9,4330.0,4334.1,11769
2026-05-12 15:05:00,4334.6,4336.0,4326.0,4327.2,12827
2026-05-12 15:15:00,4327.8,4333.8,4325.0,4331.9,19286
2026-05-12 15:25:00,4332.7,4338.9,4328.1,4330.0,10888
2026-05-13 09:15:00,4331.7,4388.9,4331.7,4378.7,23166
2026-05-13 09:20:00,4376.0,4381.3,4367.8,4371.0,4718897
2026-05-13 09:25:00,4380.4,4381.3,4360.0,4360.0,4981
2026-05-13 09:35:00,4360.2,4362.2,4342.8,4343.7,7278
2026-05-13 09:45:00,4344.0,4355.8,4342.9,4355.6,3893
2026-05-13 09:55:00,4358.0,4378.7,4355.2,4374.9,11084
2026-05-13 10:05:00,4374.9,4376.5,4362.9,4364.2,4036
2026-05-13 10:15:00,4362.9,4377.7,4362.9,4377.6,2719
2026-05-13 10:25:00,4377.6,4381.0,4369.0,4374.2,4114
2026-05-13 10:35:00,4374.2,4375.0,4366.0,4366.0,2924
2026-05-13 10:45:00,4366.0,4368.9,4358.0,4358.0,1606
2026-05-13 10:55:00,4358.0,4359.6,4349.3,4349.8,6756
2026-05-13 11:05:00,4349.8,4356.2,4347.3,4354.1,1359
2026-05-13 11:15:00,4354.1,4355.5,4340.8,4348.9,3397
2026-05-13 11:25:00,4347.1,4353.8,4343.4,4347.6,2645
2026-05-13 11:35:00,4347.6,4365.0,4347.6,4362.9,6101
2026-05-13 11:45:00,4363.0,4365.5,4356.9,4360.7,6115
2026-05-13 11:55:00,4360.3,4362.0,4355.5,4357.7,4223
2026-05-13 12:05:00,4357.3,4364.9,4355.1,4362.9,4617
2026-05-13 12:15:00,4363.1,4367.8,4348.3,4350.0,6267
2026-05-13 12:25:00,4350.0,4353.4,4345.9,4347.9,3324
2026-05-13 12:35:00,4347.9,4350.0,4343.2,4343.5,3011
2026-05-13 12:45:00,4343.4,4350.0,4342.9,4348.2,1965
2026-05-13 12:55:00,4348.2,4363.7,4348.2,4359.2,8337
2026-05-13 13:05:00,4359.1,4366.9,4354.6,4361.0,7700
2026-05-13 13:15:00,4361.1,4362.8,4350.6,4358.0,8318
2026-05-13 13:25:00,4357.7,4360.0,4352.5,4358.8,8166
2026-05-13 13:35:00,4358.8,4360.0,4348.3,4348.3,6207
2026-05-13 13:45:00,4348.3,4352.1,4344.0,4347.4,2476
2026-05-13 13:55:00,4347.2,4349.9,4341.8,4343.9,3384
2026-05-13 14:05:00,4343.9,4353.7,4343.9,4348.1,4916
2026-05-13 14:15:00,4348.1,4350.0,4341.8,4348.0,2945
2026-05-13 14:25:00,4348.0,4350.0,4345.2,4345.2,3693
2026-05-13 14:35:00,4345.6,4350.0,4343.6,4350.0,3720
2026-05-13 14:45:00,4347.3,4350.0,4344.5,4346.7,12053
2026-05-13 14:55:00,4346.7,4349.5,4335.1,4338.8,8633
2026-05-13 15:05:00,4338.5,4339.1,4333.4,4336.1,9747
2026-05-13 15:15:00,4337.4,4337.7,4325.0,4332.0,13907
2026-05-13 15:25:00,4330.3,4345.0,4328.0,4330.0,4948
2026-05-14 09:15:00,4370.0,4388.0,4311.2,4323.1,25005
2026-05-14 09:25:00,4324.1,4341.8,4320.0,4332.2,11036
2026-05-14 09:35:00,4334.2,4335.0,4315.1,4315.5,3725
2026-05-14 09:45:00,4315.5,4321.1,4296.0,4296.6,5642
2026-05-14 09:55:00,4296.4,4302.0,4286.3,4290.0,6334
2026-05-14 10:05:00,4290.0,4295.3,4281.2,4295.3,4689
2026-05-14 10:15:00,4294.6,4302.9,4287.6,4299.8,3825
2026-05-14 10:25:00,4299.8,4306.7,4296.0,4301.1,3178
2026-05-14 10:35:00,4303.4,4312.0,4301.2,4303.7,4430
2026-05-14 10:45:00,4303.7,4315.2,4296.4,4311.7,7177
2026-05-14 10:55:00,4311.7,4327.8,4305.0,4327.8,5278
2026-05-14 11:05:00,4323.4,4348.8,4323.4,4342.3,8016
2026-05-14 11:15:00,4340.9,4345.8,4334.7,4336.9,3781
2026-05-14 11:25:00,4336.9,4338.3,4322.4,4331.0,4551
2026-05-14 11:35:00,4330.4,4334.4,4326.2,4331.5,3970
2026-05-14 11:45:00,4331.5,4344.4,4330.3,4337.9,4422
2026-05-14 11:55:00,4337.9,4344.3,4330.9,4336.2,5497
2026-05-14 12:05:00,4336.2,4338.1,4324.1,4327.0,2407
2026-05-14 12:15:00,4327.6,4336.5,4323.4,4331.2,4062
2026-05-14 12:25:00,4330.8,4333.4,4324.9,4325.6,4341
2026-05-14 12:35:00,4327.2,4331.8,4324.5,4329.1,2890
2026-05-14 12:45:00,4329.8,4335.0,4326.0,4333.7,3136
2026-05-14 12:55:00,4333.5,4344.8,4332.7,4340.6,4117
2026-05-14 13:05:00,4340.0,4349.0,4339.4,4347.1,5626
2026-05-14 13:15:00,4347.5,4374.4,4346.7,4371.3,12900
2026-05-14 13:25:00,4371.2,4379.0,4369.0,4378.0,13365
2026-05-14 13:35:00,4375.3,4378.9,4364.0,4366.7,9554
2026-05-14 13:45:00,4366.6,4369.4,4363.3,4364.7,36807
2026-05-14 13:55:00,4364.5,4366.7,4356.0,4364.5,10283
2026-05-14 14:05:00,4364.4,4365.9,4358.6,4358.8,7562
2026-05-14 14:15:00,4359.0,4365.0,4358.0,4358.7,6065
2026-05-14 14:25:00,4359.9,4363.1,4350.6,4354.8,6231
2026-05-14 14:35:00,4354.8,4355.6,4346.3,4351.0,6641
2026-05-14 14:45:00,4350.8,4351.2,4345.7,4349.9,8322
2026-05-14 14:55:00,4349.8,4353.2,4342.0,4347.8,13312
2026-05-14 15:00:00,4342.7,4349.7,4341.8,4342.0,89297969
2026-05-14 15:05:00,4347.7,4349.7,4340.3,4341.0,9273
2026-05-14 15:10:00,4341.9,4344.3,4338.1,4339.5,74957374
2026-05-14 15:15:00,4341.5,4342.3,4339.0,4340.0,1568
2026-05-14 15:20:00,4339.5,4340.0,4337.3,4340.0,58930216
2026-05-14 15:25:00,4340.0,4340.0,4338.1,4340.0,19910
2026-05-15 09:15:00,4341.4,4367.4,4335.1,4360.6,8105
2026-05-15 09:20:00,4355.6,4361.7,4347.2,4356.0,4852520
2026-05-15 09:25:00,4360.0,4361.7,4344.0,4348.4,5289
2026-05-15 09:30:00,4356.0,4356.6,4330.3,4333.8,9864818
2026-05-15 09:35:00,4346.4,4346.4,4330.3,4343.4,2405
2026-05-15 09:40:00,4333.8,4353.5,4333.5,4350.7,12343975
2026-05-15 09:45:00,4345.0,4359.3,4344.4,4359.3,2117
2026-05-15 09:50:00,4373.0,4379.4,4370.1,4377.0,4605955
2026-05-15 09:55:00,4357.6,4379.4,4357.6,4370.1,19429
2026-05-15 10:00:00,4377.0,4377.0,4356.5,4361.0,29748820
2026-05-15 10:10:00,4361.0,4365.6,4357.9,4360.7,18535621
2026-05-15 10:20:00,4360.7,4367.2,4358.2,4365.0,28849453
2026-05-15 10:30:00,4365.8,4368.7,4354.6,4359.5,23691601
2026-05-15 10:40:00,4359.5,4387.0,4357.2,4382.7,39774028
2026-05-15 10:50:00,4382.7,4385.2,4378.7,4380.8,22203375
2026-05-15 11:40:00,4347.4,4354.4,4346.5,4347.5,36847354
2026-05-15 11:50:00,4347.5,4351.3,4343.2,4344.3,34083248
2026-05-15 12:00:00,4344.3,4361.8,4343.3,4348.6,45939153
2026-05-15 12:10:00,4348.6,4352.5,4347.1,4352.3,21920802
2026-05-15 12:20:00,4352.3,4352.3,4345.9,4347.2,30729708
2026-05-15 12:30:00,4347.2,4365.1,4344.4,4364.2,57402235
2026-05-15 12:40:00,4364.2,4370.6,4364.2,4368.0,41027863
2026-05-15 12:50:00,4368.0,4374.2,4368.0,4370.7,30006088
2026-05-15 13:00:00,4370.7,4372.0,4357.0,4357.1,45640575
2026-05-15 13:10:00,4357.1,4362.7,4353.9,4356.1,44981879
2026-05-15 13:20:00,4356.1,4360.0,4349.6,4349.8,40187047
2026-05-15 13:30:00,4349.8,4358.2,4346.0,4353.1,52301130
2026-05-15 13:40:00,4353.1,4357.7,4349.2,4350.4,62581709
2026-05-15 13:50:00,4350.4,4359.7,4350.4,4355.2,48850729
2026-05-15 14:00:00,4355.1,4357.3,4350.0,4353.8,52495505
2026-05-15 14:10:00,4353.8,4357.0,4348.2,4348.8,55985017
2026-05-15 14:20:00,4348.8,4354.4,4348.1,4353.0,53443916
2026-05-15 14:30:00,4353.0,4357.0,4349.3,4355.1,64145757
2026-05-15 14:40:00,4355.1,4358.6,4341.0,4341.0,44758824
2026-05-15 14:50:00,4341.0,4355.3,4337.1,4348.0,91785782
2026-05-15 15:00:00,4348.0,4365.0,4348.0,4363.2,104570902
2026-05-15 15:10:00,4363.2,4363.7,4353.0,4360.0,66070500
2026-05-15 15:20:00,4360.0,4363.1,4350.5,4358.5,75612172
2026-05-18 09:20:00,4339.0,4341.5,4316.1,4321.8,2966461
2026-05-18 09:30:00,4321.8,4325.3,4303.1,4310.0,11804742
2026-05-18 09:40:00,4312.0,4314.3,4304.4,4311.5,14711667
2026-05-18 09:50:00,4311.2,4311.2,4286.4,4293.6,12793995
2026-05-18 10:00:00,4291.8,4295.7,4276.1,4281.0,17726265
2026-05-18 10:10:00,4281.0,4282.4,4268.0,4282.0,21146939
2026-05-18 10:20:00,4282.0,4288.4,4272.0,4278.0,29981883
2026-05-18 10:30:00,4277.9,4301.8,4274.0,4295.9,17123010
2026-05-18 10:40:00,4295.9,4300.0,4287.4,4288.0,29693801
2026-05-18 10:50:00,4288.0,4300.8,4287.8,4298.9,21213301
2026-05-18 11:00:00,4298.9,4300.1,4294.0,4298.6,21415358
2026-05-18 11:10:00,4298.6,4304.4,4297.3,4299.5,20586581
2026-05-18 11:20:00,4299.5,4307.8,4297.6,4303.0,27151144
2026-05-18 11:30:00,4303.0,4313.0,4303.0,4310.8,29892436
2026-05-18 11:40:00,4310.8,4312.0,4304.2,4307.6,29665504
2026-05-18 11:50:00,4307.6,4310.5,4296.8,4296.8,22555683
2026-05-18 12:00:00,4297.9,4305.1,4296.4,4301.6,16081848
2026-05-18 12:15:00,4301.4,4309.2,4290.3,4293.0,3986
2026-05-18 12:20:00,4307.0,4307.9,4290.3,4304.4,29975418
2026-05-18 12:30:00,4304.4,4310.0,4299.0,4303.3,45197362
2026-05-18 12:40:00,4303.3,4306.4,4297.6,4299.9,36771961
2026-05-18 12:50:00,4299.9,4309.5,4298.6,4309.0,25892398
2026-05-18 13:00:00,4309.0,4309.7,4296.8,4298.0,39833896
2026-05-18 13:10:00,4298.6,4299.1,4290.2,4290.4,20539611
2026-05-18 13:20:00,4292.1,4298.6,4286.8,4291.4,22938614
2026-05-18 13:30:00,4292.4,4302.2,4292.4,4298.0,68361519
2026-05-18 13:40:00,4298.0,4307.1,4295.0,4303.4,55156124
2026-05-18 13:50:00,4303.4,4306.8,4300.1,4306.0,56871252
2026-05-18 14:00:00,4306.0,4307.4,4300.0,4301.7,34769842
2026-05-18 14:10:00,4301.7,4310.7,4300.0,4303.1,37231818
2026-05-18 14:20:00,4303.1,4305.0,4298.1,4300.6,29596635
2026-05-18 14:30:00,4302.0,4304.5,4299.1,4302.9,32464502
2026-05-18 14:40:00,4302.9,4304.8,4299.6,4301.1,38626939
2026-05-18 14:50:00,4301.1,4302.8,4290.8,4292.1,31638364
2026-05-18 15:00:00,4293.5,4309.9,4293.5,4303.9,32872917
2026-05-18 15:10:00,4303.6,4306.7,4296.1,4303.3,43741629
2026-05-18 15:20:00,4303.2,4308.0,4298.9,4308.0,45203512
2026-05-20 09:15:00,4235.0,4240.2,4196.3,4197.9,21660
2026-05-20 09:20:00,4209.1,4212.0,4186.0,4186.8,6483050
2026-05-20 09:25:00,4199.0,4199.0,4184.0,4190.2,9666
2026-05-20 09:30:00,4186.4,4204.6,4184.0,4202.1,8960240
2026-05-20 09:35:00,4190.2,4204.6,4189.7,4200.1,11459
2026-05-20 09:40:00,4202.0,4204.3,4197.1,4202.7,22513308
2026-05-20 09:45:00,4200.0,4204.0,4186.0,4190.9,7948
2026-05-20 09:50:00,4202.7,4203.1,4186.0,4190.3,34198143
2026-05-20 09:55:00,4190.9,4193.6,4171.8,4173.2,8109
2026-05-20 10:00:00,4190.8,4192.2,4155.0,4155.5,24417117
2026-05-20 10:05:00,4173.2,4173.2,4150.3,4151.0,11652
2026-05-20 10:10:00,4155.9,4157.4,4150.1,4152.0,32468801
2026-05-20 10:15:00,4151.7,4160.9,4150.1,4159.2,5410
2026-05-20 10:20:00,4152.0,4168.1,4151.0,4167.8,37240976
2026-05-20 10:25:00,4159.5,4172.3,4159.4,4172.3,9772
2026-05-20 10:30:00,4166.7,4173.8,4166.7,4168.0,28900679
2026-05-20 10:35:00,4172.7,4173.8,4164.9,4167.9,3652
2026-05-20 10:40:00,4168.0,4173.5,4164.9,4171.0,24478914
2026-05-20 10:45:00,4167.0,4173.5,4165.2,4171.9,1458
2026-05-20 10:50:00,4172.4,4173.7,4167.3,4171.2,26050954
2026-05-20 10:55:00,4171.9,4182.0,4170.0,4176.2,3972
2026-05-20 11:00:00,4175.0,4186.6,4172.0,4178.9,33173942
2026-05-20 11:05:00,4176.2,4186.6,4172.0,4184.9,4068
2026-05-20 11:10:00,4178.9,4185.0,4173.2,4174.7,33736484
2026-05-20 11:15:00,4184.1,4184.8,4173.0,4180.3,4169
2026-05-20 11:20:00,4174.7,4184.4,4173.0,4182.6,62522952
2026-05-20 11:25:00,4180.3,4185.0,4177.6,4179.9,4567
2026-05-20 11:30:00,4182.6,4185.0,4175.1,4175.9,31987051
2026-05-20 11:35:00,4179.0,4182.0,4170.8,4172.6,4488
2026-05-20 11:40:00,4175.9,4177.9,4170.8,4177.3,45410648
2026-05-20 11:45:00,4172.3,4179.6,4171.6,4178.0,2790
2026-05-20 11:50:00,4177.3,4179.6,4167.5,4167.5,48631406
2026-05-20 11:55:00,4178.5,4179.1,4160.9,4162.3,5114
2026-05-20 12:00:00,4167.9,4167.9,4115.4,4128.8,85032462
2026-05-20 12:05:00,4162.0,4162.0,4114.5,4117.4,30870
2026-05-20 12:10:00,4130.0,4132.6,4111.0,4129.0,137681997
2026-05-20 12:15:00,4119.4,4143.2,4111.0,4138.1,17900
2026-05-20 12:20:00,4129.4,4143.2,4128.6,4132.0,131572480
2026-05-20 12:25:00,4138.1,4138.1,4130.0,4130.1,4253
2026-05-20 12:30:00,4132.0,4134.0,4128.3,4131.8,105750446
2026-05-20 12:35:00,4130.1,4136.0,4128.3,4132.8,3176
2026-05-20 12:40:00,4131.8,4136.0,4131.0,4133.8,107635833
2026-05-20 12:45:00,4132.8,4136.6,4130.1,4130.1,5101
2026-05-20 12:50:00,4133.3,4136.6,4130.1,4131.0,93711617
2026-05-20 12:55:00,4130.1,4134.5,4125.0,4125.1,4854
2026-05-20 13:00:00,4131.2,4131.9,4125.0,4130.0,100270230
2026-05-20 13:05:00,4126.7,4130.0,4125.0,4126.5,3510
2026-05-20 13:10:00,4130.0,4130.0,4125.0,4126.2,93435332
2026-05-20 13:15:00,4126.4,4127.1,4121.8,4123.6,2944
2026-05-20 13:20:00,4126.2,4127.9,4121.8,4125.1,92545028
2026-05-20 13:25:00,4123.6,4127.9,4122.2,4125.5,2059
2026-05-20 13:30:00,4125.1,4130.0,4122.2,4128.0,74615063
2026-05-20 13:35:00,4125.4,4130.0,4123.7,4126.8,2948
2026-05-20 13:40:00,4128.0,4129.3,4120.0,4123.8,93477996
2026-05-20 13:45:00,4126.8,4128.5,4120.0,4128.5,6240
2026-05-20 13:50:00,4123.8,4140.4,4120.6,4138.2,139593249
2026-05-20 13:55:00,4128.0,4144.4,4128.0,4137.6,13564
2026-05-20 14:00:00,4138.2,4144.4,4133.1,4141.7,173202162
2026-05-20 14:05:00,4138.5,4144.5,4137.6,4142.9,5398
2026-05-20 14:10:00,4141.7,4145.0,4136.0,4136.6,150046854
2026-05-20 14:15:00,4142.9,4145.0,4134.0,4136.1,6675
2026-05-20 14:20:00,4136.6,4138.0,4122.0,4125.5,157623591
2026-05-20 14:25:00,4136.1,4136.1,4122.0,4122.7,17200
2026-05-20 14:30:00,4125.5,4140.0,4122.0,4136.4,134904536
2026-05-20 14:35:00,4122.5,4141.0,4122.0,4135.6,15310
2026-05-20 14:40:00,4136.4,4145.0,4135.6,4144.8,151621805
2026-05-20 14:45:00,4136.3,4145.0,4136.3,4143.3,12209
2026-05-20 14:50:00,4144.8,4145.5,4139.5,4140.7,132671667
2026-05-20 14:55:00,4143.4,4145.5,4130.0,4133.7,16718
2026-05-20 15:00:00,4140.5,4141.4,4130.0,4138.6,229663578
2026-05-20 15:05:00,4134.1,4149.0,4133.1,4147.0,22422
2026-05-20 15:10:00,4138.6,4153.1,4138.0,4151.1,184945092
2026-05-20 15:15:00,4149.0,4153.1,4143.4,4152.9,21064
2026-05-20 15:20:00,4152.0,4163.2,4148.0,4158.6,131762410
2026-05-20 15:25:00,4152.9,4163.2,4150.0,4163.2,10909
2026-05-21 09:15:00,4167.4,4247.9,4161.8,4244.0,39281
2026-05-21 09:20:00,4201.8,4248.0,4197.2,4238.3,32790889
2026-05-21 09:25:00,4248.0,4253.0,4210.6,4215.0,37443
2026-05-21 09:30:00,4238.3,4253.0,4193.6,4195.0,67824086
2026-05-21 09:35:00,4213.8,4213.8,4180.1,4183.7,20383
2026-05-21 09:40:00,4195.7,4197.5,4180.1,4183.6,83824618
2026-05-21 09:45:00,4183.7,4191.1,4170.4,4172.0,17952
2026-05-21 09:50:00,4183.6,4184.6,4165.0,4167.0,93687296
2026-05-21 09:55:00,4172.0,4175.7,4165.0,4172.1,5841
2026-05-21 10:00:00,4167.0,4175.7,4160.2,4161.8,101498772
2026-05-21 10:05:00,4173.5,4174.2,4156.4,4156.6,10003
2026-05-21 10:10:00,4161.8,4165.7,4153.8,4156.0,92292488
2026-05-21 10:15:00,4158.1,4162.5,4153.8,4155.0,5234
2026-05-21 10:20:00,4156.6,4158.0,4152.0,4154.0,14454127
2026-05-21 10:25:00,4153.0,4155.2,4146.4,4147.7,5329
2026-05-21 10:30:00,4154.1,4154.1,4139.3,4139.4,96740155
2026-05-21 10:35:00,4146.3,4151.3,4136.3,4149.8,6840
2026-05-21 10:40:00,4139.7,4156.1,4136.3,4154.0,124832478
2026-05-21 10:45:00,4149.0,4157.0,4148.0,4153.6,9829
2026-05-21 10:50:00,4154.0,4158.6,4145.2,4156.5,104615823
2026-05-21 10:55:00,4152.9,4164.5,4145.2,4163.8,6027
2026-05-21 11:00:00,4156.5,4173.3,4156.1,4172.0,90459121
2026-05-21 11:05:00,4164.0,4174.7,4163.9,4173.4,39761
2026-05-21 11:10:00,4172.0,4174.7,4151.3,4155.5,146372075
2026-05-21 11:15:00,4173.4,4173.5,4151.3,4160.2,10803
2026-05-21 11:20:00,4155.5,4168.9,4153.8,4164.6,103173563
2026-05-21 11:25:00,4160.2,4168.9,4159.8,4167.1,4557
2026-05-21 11:30:00,4167.4,4168.4,4165.0,4166.4,111761801
2026-05-21 11:35:00,4166.9,4170.6,4165.0,4170.5,24161
2026-05-21 11:40:00,4166.4,4174.9,4155.0,4160.0,116984073
2026-05-21 11:45:00,4170.5,4174.9,4152.6,4157.5,9510
2026-05-21 11:50:00,4160.0,4163.4,4152.6,4157.1,174122797
2026-05-21 11:55:00,4155.9,4163.4,4155.2,4160.0,4681
2026-05-21 12:00:00,4157.1,4161.4,4154.3,4158.6,186151573
2026-05-21 12:05:00,4159.1,4161.1,4154.3,4157.4,6046
2026-05-21 12:10:00,4158.6,4162.7,4152.1,4159.5,222672754
2026-05-21 12:15:00,4157.3,4164.8,4152.1,4158.1,21399
2026-05-21 12:20:00,4159.5,4164.8,4156.0,4161.1,269699305
2026-05-21 12:25:00,4158.4,4164.6,4157.2,4163.1,32471
2026-05-21 12:30:00,4161.1,4164.5,4157.9,4161.8,191217383
2026-05-21 12:35:00,4163.1,4166.7,4158.2,4159.0,7952
2026-05-21 12:40:00,4161.8,4166.7,4156.2,4157.0,195441056
2026-05-21 12:45:00,4158.2,4159.7,4141.0,4141.6,4245
2026-05-21 12:50:00,4156.6,4156.6,4130.1,4131.2,214304179
2026-05-21 12:55:00,4140.1,4140.9,4128.5,4133.2,4265
2026-05-21 13:00:00,4131.2,4139.9,4128.5,4137.0,176120117
2026-05-21 13:05:00,4134.5,4143.8,4130.0,4140.5,3847
2026-05-21 13:10:00,4139.0,4145.0,4131.8,4133.3,213492652
2026-05-21 13:15:00,4140.5,4145.0,4129.1,4129.2,5219
2026-05-21 13:20:00,4134.2,4137.4,4128.5,4131.1,208881609
2026-05-21 13:25:00,4129.1,4132.7,4128.5,4132.2,5159
2026-05-21 13:30:00,4131.1,4140.0,4128.5,4132.4,195501131
2026-05-21 13:35:00,4129.9,4144.0,4128.5,4144.0,8251
2026-05-21 13:40:00,4132.4,4138.2,4132.4,4138.2,153405360
2026-05-21 13:45:00,4142.6,4144.9,4122.3,4128.5,11479
2026-05-21 13:55:00,4128.3,4140.1,4125.0,4133.4,13438
2026-05-21 14:00:00,4133.4,4138.7,4129.0,4129.2,109665014
2026-05-21 14:05:00,4133.4,4138.7,4124.0,4125.9,5605
2026-05-21 14:10:00,4129.0,4130.4,4124.0,4125.0,238210106
2026-05-21 14:15:00,4125.3,4128.7,4124.6,4125.5,3939
2026-05-21 14:25:00,4125.5,4136.9,4124.6,4129.7,10523
2026-05-21 14:35:00,4129.7,4138.0,4129.3,4133.3,8490
2026-05-21 14:45:00,4133.5,4137.0,4132.0,4133.9,2196
2026-05-21 14:50:00,4138.3,4142.0,4135.3,4139.6,172838533
2026-05-21 15:00:00,4138.8,4145.1,4132.9,4132.9,259414608
2026-05-21 15:10:00,4133.1,4140.9,4132.6,4135.6,151430318
2026-05-21 15:20:00,4135.6,4139.6,4130.0,4130.0,123703160
