datetime,open,high,low,close,volume
2026-02-01 09:15:00,173.4,174.0,171.12,172.65,82954
2026-02-01 09:25:00,172.72,173.25,172.46,172.87,33112
2026-02-01 09:35:00,173.06,173.67,172.85,173.5,42742
2026-02-01 09:45:00,173.46,174.34,173.46,174.17,48240
2026-02-01 09:55:00,174.17,174.83,174.09,174.34,45639
2026-02-01 10:05:00,174.29,174.72,174.0,174.7,22183
2026-02-01 10:15:00,174.7,175.45,174.5,174.7,49318
2026-02-01 10:25:00,174.7,174.94,174.5,174.93,11885
2026-02-01 10:35:00,174.95,175.1,174.65,174.9,21174
2026-02-01 10:45:00,174.9,174.97,174.7,174.76,16062
2026-02-01 10:55:00,174.75,174.77,174.1,174.1,21970
2026-02-01 11:05:00,174.1,175.7,174.1,174.4,48467
2026-02-01 11:15:00,174.3,174.4,173.5,174.07,41366
2026-02-01 11:25:00,174.16,175.0,174.11,174.85,33139
2026-02-01 11:35:00,174.8,174.9,173.43,173.58,34470
2026-02-01 11:45:00,173.66,174.0,173.31,173.75,29516
2026-02-01 11:55:00,173.75,173.75,171.5,172.16,54944
2026-02-01 12:05:00,172.0,173.32,171.82,172.25,24075
2026-02-01 12:15:00,172.24,172.3,169.2,169.55,114753
2026-02-01 12:25:00,169.45,169.7,167.21,168.74,81462
2026-02-01 12:35:00,168.66,170.39,168.55,170.2,56625
2026-02-01 12:45:00,170.21,170.86,170.04,170.36,41474
2026-02-01 12:55:00,170.47,170.81,169.82,170.18,28471
2026-02-01 13:05:00,170.18,170.29,169.74,170.17,21148
2026-02-01 13:15:00,170.26,170.26,169.83,169.91,8720
2026-02-01 13:25:00,169.99,170.2,169.55,169.6,36300
2026-02-01 13:35:00,169.55,169.63,168.9,169.24,66477
2026-02-01 13:45:00,169.17,169.84,168.55,169.01,23449
2026-02-01 13:55:00,168.99,169.21,168.62,168.94,21337
2026-02-01 14:05:00,168.94,169.27,168.55,169.27,20983
2026-02-01 14:15:00,168.98,169.25,168.6,168.62,22143
2026-02-01 14:25:00,168.74,169.73,168.62,169.7,12897
2026-02-01 14:35:00,169.67,169.99,169.51,169.56,12353
2026-02-01 14:45:00,169.69,169.9,169.0,169.0,15106
2026-02-01 14:55:00,169.0,169.27,168.67,168.96,42863
2026-02-01 15:05:00,168.96,168.99,168.1,168.2,46402
2026-02-01 15:15:00,168.2,169.99,168.0,168.96,96911
2026-02-01 15:25:00,169.0,169.0,167.7,168.2,21330
2026-02-02 09:15:00,168.35,169.21,166.6,166.81,169929
2026-02-02 09:25:00,167.0,167.75,165.99,167.19,232599
2026-02-02 09:35:00,167.21,168.33,167.08,168.0,135344
2026-02-02 09:45:00,168.0,168.67,167.85,168.54,40001
2026-02-02 09:55:00,168.43,168.57,167.8,168.09,42464
2026-02-02 10:05:00,168.09,168.43,167.82,168.34,27760
2026-02-02 10:15:00,168.3,168.45,167.79,168.09,40762
2026-02-02 10:25:00,167.99,168.3,167.76,168.15,35594
2026-02-02 10:35:00,168.2,168.26,167.83,168.16,75699
2026-02-02 10:45:00,168.16,168.18,167.6,167.69,27433
2026-02-02 10:55:00,167.67,167.8,167.08,167.31,37868
2026-02-02 11:05:00,167.31,167.58,166.71,167.28,37545
2026-02-02 11:15:00,167.28,167.49,166.8,166.87,18514
2026-02-02 11:25:00,166.87,168.25,166.74,168.11,43849
2026-02-02 11:35:00,168.12,168.2,167.61,167.78,12687
2026-02-02 11:45:00,167.77,168.13,167.51,167.75,31001
2026-02-02 11:55:00,167.86,167.9,167.21,167.32,13037
2026-02-02 12:05:00,167.32,167.85,167.02,167.63,21980
2026-02-02 12:15:00,167.63,168.11,167.63,167.87,11194
2026-02-02 12:25:00,167.87,167.94,167.5,167.77,16163
2026-02-02 12:35:00,167.64,167.84,167.1,167.41,66881
2026-02-02 12:45:00,167.39,168.07,167.24,167.76,47071
2026-02-02 12:55:00,167.65,167.85,167.55,167.85,24387
2026-02-02 13:05:00,167.85,168.15,167.71,168.08,12195
2026-02-02 13:15:00,168.07,168.07,166.66,166.91,50899
2026-02-02 13:25:00,166.81,167.23,166.79,167.2,15386
2026-02-02 13:35:00,167.2,167.98,166.91,167.81,28402
2026-02-02 13:45:00,167.73,168.5,167.61,168.45,30325
2026-02-02 13:55:00,168.4,168.49,167.59,167.66,54909
2026-02-02 14:05:00,167.66,167.98,167.59,167.85,12396
2026-02-02 14:15:00,167.85,168.2,167.62,167.82,11330
2026-02-02 14:25:00,167.82,168.88,167.74,168.64,24569
2026-02-02 14:35:00,168.64,169.0,168.23,168.45,37726
2026-02-02 14:45:00,168.45,170.59,168.43,169.83,134738
2026-02-02 14:55:00,169.77,170.82,169.77,170.59,52544
2026-02-02 15:05:00,170.57,171.24,170.56,171.24,86052
2026-02-02 15:15:00,171.24,171.84,171.05,171.28,94295
2026-02-02 15:25:00,171.36,172.5,171.07,172.0,99855
2026-02-03 09:15:00,176.0,178.98,175.01,175.05,382928
2026-02-03 09:25:00,175.05,176.27,174.5,175.49,230176
2026-02-03 09:35:00,175.46,176.21,174.63,174.66,138229
2026-02-03 09:45:00,174.63,176.0,174.57,175.51,80471
2026-02-03 09:55:00,175.35,175.76,173.97,174.21,120693
2026-02-03 10:05:00,174.24,174.38,173.0,173.02,57774
2026-02-03 10:15:00,173.02,173.46,173.02,173.23,46242
2026-02-03 10:25:00,173.13,173.68,173.11,173.19,32106
2026-02-03 10:35:00,173.19,173.52,173.02,173.08,40644
2026-02-03 10:45:00,173.08,173.12,172.55,172.78,32632
2026-02-03 10:55:00,172.85,173.6,172.79,173.16,26271
2026-02-03 11:05:00,173.16,173.28,172.8,172.97,27809
2026-02-03 11:15:00,173.0,173.39,172.84,173.21,36124
2026-02-03 11:25:00,173.21,173.91,172.91,173.8,33470
2026-02-03 11:35:00,173.8,174.36,173.75,174.08,31453
2026-02-03 11:45:00,174.08,174.25,173.64,173.75,24503
2026-02-03 11:55:00,173.75,174.12,173.68,173.7,21756
2026-02-03 12:05:00,173.7,173.81,173.19,173.53,33488
2026-02-03 12:15:00,173.53,174.0,173.53,173.91,19797
2026-02-03 12:25:00,173.91,174.07,173.85,173.9,12544
2026-02-03 12:35:00,173.9,174.62,173.39,174.5,71986
2026-02-03 12:45:00,174.5,174.59,173.67,173.84,35019
2026-02-03 12:55:00,173.84,174.05,173.8,173.82,20758
2026-02-03 13:05:00,173.82,174.19,173.82,173.83,7681
2026-02-03 13:15:00,173.83,174.8,173.83,174.8,12616
2026-02-03 13:25:00,174.8,174.83,173.35,173.5,61647
2026-02-03 13:35:00,173.5,173.73,173.15,173.64,16713
2026-02-03 13:45:00,173.64,174.0,173.64,173.86,9394
2026-02-03 13:55:00,173.86,174.0,173.64,173.9,12418
2026-02-03 14:05:00,173.9,174.02,173.75,174.02,10722
2026-02-03 14:15:00,174.02,174.05,173.67,173.92,14919
2026-02-03 14:25:00,173.92,174.1,173.74,173.92,11879
2026-02-03 14:35:00,173.93,174.0,173.43,173.43,38188
2026-02-03 14:45:00,173.43,173.7,173.09,173.09,55168
2026-02-03 14:55:00,173.23,173.46,172.8,172.81,87196
2026-02-03 15:05:00,172.81,173.31,172.61,172.98,179683
2026-02-03 15:15:00,172.98,173.48,172.95,173.48,167922
2026-02-03 15:25:00,173.48,173.48,173.1,173.28,79348
2026-02-04 09:15:00,174.0,174.75,173.1,174.26,192425
2026-02-04 09:25:00,174.27,175.52,174.11,175.19,76180
2026-02-04 09:35:00,175.19,175.41,174.91,175.3,65795
2026-02-04 09:45:00,175.39,176.28,175.27,175.59,98143
2026-02-04 09:55:00,175.61,175.84,175.46,175.5,41418
2026-02-04 10:05:00,175.48,177.0,175.48,176.62,140373
2026-02-04 10:15:00,176.61,176.79,176.02,176.07,66806
2026-02-04 10:25:00,176.07,176.07,175.55,175.6,64573
2026-02-04 10:35:00,175.6,175.6,175.15,175.36,50794
2026-02-04 10:45:00,175.36,175.63,175.26,175.44,18577
2026-02-04 10:55:00,175.5,175.8,175.21,175.72,15687
2026-02-04 11:05:00,175.58,175.96,175.16,175.18,23684
2026-02-04 11:15:00,175.18,175.41,174.81,175.02,71485
2026-02-04 11:25:00,175.02,175.07,174.84,175.07,13547
2026-02-04 11:35:00,174.97,175.1,173.33,173.76,220416
2026-02-04 11:45:00,173.81,173.98,173.55,173.78,27842
2026-02-04 11:55:00,173.75,174.35,173.75,174.2,58487
2026-02-04 12:05:00,174.2,175.08,174.03,175.05,31215
2026-02-04 12:15:00,175.05,175.2,174.7,174.8,37701
2026-02-04 12:25:00,174.8,175.2,174.8,175.11,23597
2026-02-04 12:35:00,175.2,175.34,174.8,175.2,21087
2026-02-04 12:45:00,175.2,175.43,174.9,174.91,52693
2026-02-04 12:55:00,174.92,175.0,174.62,174.82,15476
2026-02-04 13:05:00,174.82,175.2,174.79,175.04,12058
2026-02-04 13:15:00,175.05,175.1,174.8,174.92,9069
2026-02-04 13:25:00,174.92,175.21,174.92,175.14,17197
2026-02-04 13:35:00,175.14,175.52,174.94,175.39,51816
2026-02-04 13:45:00,175.39,175.58,175.04,175.47,12609
2026-02-04 13:55:00,175.54,176.63,175.25,176.63,58083
2026-02-04 14:05:00,176.55,176.55,176.1,176.5,76766
2026-02-04 14:15:00,176.5,176.83,176.2,176.2,60300
2026-02-04 14:25:00,176.15,177.2,176.15,177.05,96629
2026-02-04 14:35:00,177.11,177.11,176.8,176.88,52423
2026-02-04 14:45:00,176.97,177.04,176.61,176.98,48700
2026-02-04 14:55:00,177.0,177.12,176.55,176.94,55595
2026-02-04 15:05:00,176.95,177.0,176.6,176.8,85561
2026-02-04 15:15:00,176.75,177.07,176.6,176.7,104026
2026-02-04 15:25:00,176.64,177.0,176.51,176.9,47388
2026-02-05 09:15:00,176.8,176.82,175.2,175.46,154423
2026-02-05 09:25:00,175.59,175.59,174.34,174.91,74466
2026-02-05 09:35:00,174.91,175.08,174.14,174.22,83343
2026-02-05 09:45:00,174.13,174.67,173.8,174.64,64302
2026-02-05 09:55:00,174.64,174.9,174.27,174.8,26790
2026-02-05 10:05:00,174.79,175.18,174.51,175.18,30398
2026-02-05 10:15:00,175.18,175.2,174.66,175.02,19367
2026-02-05 10:25:00,175.02,175.02,174.35,174.58,26814
2026-02-05 10:35:00,174.57,174.61,174.31,174.31,19109
2026-02-05 10:45:00,174.31,174.31,173.91,174.04,15420
2026-02-05 10:55:00,174.0,174.21,173.75,174.05,21888
2026-02-05 11:05:00,174.05,174.32,173.91,174.26,9786
2026-02-05 11:15:00,174.26,174.35,173.95,174.03,13174
2026-02-05 11:25:00,174.03,174.14,173.8,173.81,15696
2026-02-05 11:35:00,173.85,174.04,173.68,174.04,23195
2026-02-05 11:45:00,174.04,174.08,173.76,173.9,16107
2026-02-05 11:55:00,173.9,174.09,173.84,173.94,10660
2026-02-05 12:05:00,173.94,174.12,173.65,173.65,15297
2026-02-05 12:15:00,173.65,173.65,173.4,173.45,17586
2026-02-05 12:25:00,173.45,173.91,173.37,173.91,34599
2026-02-05 12:35:00,173.91,174.02,173.8,174.0,9390
2026-02-05 12:45:00,174.0,174.04,173.66,173.74,13216
2026-02-05 12:55:00,173.74,173.93,173.69,173.87,4196
2026-02-05 13:05:00,173.87,174.08,173.87,173.96,5659
2026-02-05 13:15:00,173.96,174.39,173.96,174.28,22749
2026-02-05 13:25:00,174.28,174.39,173.71,173.79,18885
2026-02-05 13:35:00,173.79,173.79,173.65,173.73,11368
2026-02-05 13:45:00,173.73,173.9,173.63,173.63,17861
2026-02-05 13:55:00,173.55,173.85,173.55,173.68,9468
2026-02-05 14:05:00,173.68,173.75,173.28,173.46,52006
2026-02-05 14:15:00,173.46,173.69,173.36,173.5,21815
2026-02-05 14:25:00,173.5,173.65,173.46,173.6,10460
2026-02-05 14:35:00,173.6,173.82,173.46,173.46,17885
2026-02-05 14:45:00,173.52,174.0,173.34,173.82,57986
2026-02-05 14:55:00,173.72,174.3,173.61,174.1,65805
2026-02-05 15:05:00,174.1,174.2,173.52,173.89,99222
2026-02-05 15:15:00,173.99,174.1,173.71,174.1,95394
2026-02-05 15:25:00,174.1,174.23,174.03,174.1,37342
2026-02-06 09:15:00,173.05,173.57,172.15,172.2,100212
2026-02-06 09:25:00,172.17,172.85,172.02,172.22,33503
2026-02-06 09:35:00,172.22,172.25,171.6,171.71,52525
2026-02-06 09:45:00,171.73,173.0,171.73,172.22,64214
2026-02-06 09:55:00,172.2,172.2,171.35,171.61,34529
2026-02-06 10:05:00,171.55,171.74,171.1,171.56,28469
2026-02-06 10:15:00,171.58,172.01,171.5,171.79,24289
2026-02-06 10:25:00,171.8,171.91,171.46,171.52,14706
2026-02-06 10:35:00,171.52,171.67,171.5,171.5,18658
2026-02-06 10:45:00,171.5,171.57,171.0,171.2,27425
2026-02-06 10:55:00,171.15,171.39,171.0,171.16,17984
2026-02-06 11:05:00,171.17,171.7,171.17,171.6,25291
2026-02-06 11:15:00,171.6,171.71,171.37,171.66,10448
2026-02-06 11:25:00,171.66,171.81,171.55,171.81,9843
2026-02-06 11:35:00,171.81,172.28,171.7,172.0,18641
2026-02-06 11:45:00,172.0,172.04,171.7,171.91,6227
2026-02-06 11:55:00,171.91,172.15,171.73,171.73,15285
2026-02-06 12:05:00,171.73,171.86,171.56,171.76,7925
2026-02-06 12:15:00,171.76,171.9,171.51,171.55,9130
2026-02-06 12:25:00,171.55,171.76,171.0,171.05,24800
2026-02-06 12:35:00,171.05,171.53,171.05,171.1,4072
2026-02-06 12:45:00,171.11,171.32,170.65,170.74,41369
2026-02-06 12:55:00,170.74,170.79,170.5,170.55,19250
2026-02-06 13:05:00,170.55,170.68,170.4,170.52,14304
2026-02-06 13:15:00,170.52,170.71,170.51,170.62,4244
2026-02-06 13:25:00,170.62,170.71,170.4,170.41,8787
2026-02-06 13:35:00,170.41,170.8,170.4,170.5,10096
2026-02-06 13:45:00,170.5,170.93,170.5,170.71,11680
2026-02-06 13:55:00,170.61,170.92,170.58,170.92,24104
2026-02-06 14:05:00,170.91,171.22,170.91,171.15,23545
2026-02-06 14:15:00,171.15,171.2,170.76,170.9,12686
2026-02-06 14:25:00,170.9,171.15,170.72,170.85,43940
2026-02-06 14:35:00,170.74,170.92,170.73,170.81,9339
2026-02-06 14:45:00,170.81,171.08,170.81,171.0,19670
2026-02-06 14:55:00,170.96,171.07,170.8,170.95,59556
2026-02-06 15:05:00,170.99,171.48,170.85,171.08,110325
2026-02-06 15:15:00,171.72,171.77,171.28,171.64,148230
2026-02-06 15:25:00,171.64,171.9,171.63,171.75,30103
2026-02-09 09:15:00,172.8,176.51,172.5,176.01,383586
2026-02-09 09:25:00,176.0,177.9,175.25,177.4,324888
2026-02-09 09:35:00,177.68,177.68,175.75,175.82,116782
2026-02-09 09:45:00,175.82,175.93,175.51,175.86,53461
2026-02-09 09:55:00,175.86,175.94,175.14,175.17,69790
2026-02-09 10:05:00,175.21,175.35,175.01,175.35,37679
2026-02-09 10:15:00,175.2,175.55,174.75,175.55,76342
2026-02-09 10:25:00,175.61,176.65,175.61,176.49,70393
2026-02-09 10:35:00,176.45,176.69,176.09,176.55,42836
2026-02-09 10:45:00,176.55,176.85,176.3,176.59,32981
2026-02-09 10:55:00,176.61,177.06,176.33,176.65,65507
2026-02-09 11:05:00,176.65,177.28,176.6,176.92,59912
2026-02-09 11:15:00,176.92,177.11,176.8,176.95,23995
2026-02-09 11:25:00,176.95,177.13,176.4,176.53,38470
2026-02-09 11:35:00,176.53,176.85,176.44,176.54,26491
2026-02-09 11:45:00,176.54,176.75,176.25,176.5,34093
2026-02-09 11:55:00,176.47,176.73,176.33,176.73,17126
2026-02-09 12:05:00,176.73,176.9,176.61,176.68,22998
2026-02-09 12:15:00,176.69,177.33,176.67,177.0,46500
2026-02-09 12:25:00,177.07,177.22,176.59,176.76,34781
2026-02-09 12:35:00,176.76,177.0,176.62,176.7,30223
2026-02-09 12:45:00,176.7,177.21,176.61,176.63,51220
2026-02-09 12:55:00,176.64,177.09,176.63,177.0,17130
2026-02-09 13:05:00,177.0,177.21,176.9,177.0,23431
2026-02-09 13:15:00,176.97,177.29,176.85,176.91,28346
2026-02-09 13:25:00,177.0,177.82,176.8,177.59,69291
2026-02-09 13:35:00,177.63,178.7,177.62,178.3,189723
2026-02-09 13:45:00,178.33,179.35,178.31,178.8,133344
2026-02-09 13:55:00,178.81,178.89,178.54,178.7,37700
2026-02-09 14:05:00,178.65,178.99,178.6,178.7,69857
2026-02-09 14:15:00,178.73,178.82,178.41,178.71,64270
2026-02-09 14:25:00,178.71,179.1,178.56,178.98,45468
2026-02-09 14:35:00,179.0,179.19,178.41,178.86,78691
2026-02-09 14:45:00,178.8,178.95,178.43,178.62,50145
2026-02-09 14:55:00,178.62,180.95,178.41,180.9,295806
2026-02-09 15:05:00,180.85,181.53,180.63,181.11,322511
2026-02-09 15:15:00,181.06,181.9,180.54,180.78,327163
2026-02-09 15:25:00,180.54,181.3,179.63,180.97,128635
2026-02-10 09:15:00,181.7,181.96,180.36,181.2,221048
2026-02-10 09:25:00,181.2,182.95,180.62,182.5,181017
2026-02-10 09:35:00,182.5,182.89,181.74,181.94,107093
2026-02-10 09:45:00,181.93,182.19,181.51,181.71,36551
2026-02-10 09:55:00,181.71,181.81,181.02,181.13,50841
2026-02-10 10:05:00,181.13,181.32,180.68,180.9,54339
2026-02-10 10:15:00,180.9,181.34,180.61,180.69,72426
2026-02-10 10:25:00,180.61,181.99,180.61,181.84,39177
2026-02-10 10:35:00,181.84,183.19,181.84,182.5,169921
2026-02-10 10:45:00,182.5,182.5,181.65,181.82,29717
2026-02-10 10:55:00,181.75,182.57,181.56,182.18,36493
2026-02-10 11:05:00,182.18,182.6,182.05,182.6,38674
2026-02-10 11:15:00,182.6,184.79,182.54,184.0,278597
2026-02-10 11:25:00,184.01,184.46,183.88,184.02,50625
2026-02-10 11:35:00,184.03,184.37,184.0,184.21,30467
2026-02-10 11:45:00,184.21,184.28,183.79,183.79,29401
2026-02-10 11:55:00,183.79,183.92,183.72,183.73,16680
2026-02-10 12:05:00,183.73,184.18,183.56,184.09,29103
2026-02-10 12:15:00,184.09,184.18,183.76,183.93,23226
2026-02-10 12:25:00,183.93,184.09,183.65,183.8,45862
2026-02-10 12:35:00,183.85,184.06,183.57,183.92,30406
2026-02-10 12:45:00,183.74,183.93,183.66,183.75,10223
2026-02-10 12:55:00,183.69,183.87,183.5,183.55,43492
2026-02-10 13:05:00,183.55,183.78,183.5,183.5,19508
2026-02-10 13:15:00,183.6,183.6,182.71,182.8,44080
2026-02-10 13:25:00,182.8,182.87,182.31,182.58,39111
2026-02-10 13:35:00,182.58,182.8,182.48,182.67,10325
2026-02-10 13:45:00,182.65,183.0,182.42,182.92,18289
2026-02-10 13:55:00,182.9,182.93,182.46,182.69,8622
2026-02-10 14:05:00,182.53,182.8,182.42,182.73,22153
2026-02-10 14:15:00,182.61,182.97,182.6,182.83,7098
2026-02-10 14:25:00,182.82,182.88,182.61,182.64,20432
2026-02-10 14:35:00,182.64,182.89,182.55,182.7,9579
2026-02-10 14:45:00,182.7,182.93,182.65,182.69,17408
2026-02-10 14:55:00,182.69,184.06,182.68,183.69,115494
2026-02-10 15:05:00,183.57,183.69,183.07,183.6,107601
2026-02-10 15:15:00,183.36,183.55,183.01,183.18,109373
2026-02-10 15:25:00,183.06,183.43,183.01,183.2,46464
2026-02-11 09:15:00,183.6,184.26,182.5,182.6,116194
2026-02-11 09:25:00,182.51,182.71,181.51,181.55,85878
2026-02-11 09:35:00,181.55,181.79,181.1,181.2,55285
2026-02-11 09:45:00,181.14,182.0,181.11,181.99,59063
2026-02-11 09:55:00,181.99,182.11,181.61,181.7,23054
2026-02-11 10:05:00,181.7,182.45,181.56,182.24,58061
2026-02-11 10:15:00,182.24,182.6,182.24,182.41,50614
2026-02-11 10:25:00,182.41,182.66,182.3,182.52,12490
2026-02-11 10:35:00,182.52,182.78,182.39,182.76,8047
2026-02-11 10:45:00,182.76,182.94,182.6,182.65,13661
2026-02-11 10:55:00,182.65,182.65,182.14,182.21,18807
2026-02-11 11:05:00,182.26,182.61,181.83,181.99,27874
2026-02-11 11:15:00,181.99,182.08,181.65,181.89,11269
2026-02-11 11:25:00,181.89,181.98,181.67,181.81,7528
2026-02-11 11:35:00,181.85,182.03,181.75,181.75,9129
2026-02-11 11:45:00,181.85,182.24,181.85,182.08,25411
2026-02-11 11:55:00,182.08,182.61,181.9,182.33,62362
2026-02-11 12:05:00,182.33,182.55,182.19,182.24,56284
2026-02-11 12:15:00,182.24,182.4,182.0,182.1,3916
2026-02-11 12:25:00,182.01,182.2,182.0,182.11,2071
2026-02-11 12:35:00,182.11,182.3,182.0,182.01,11841
2026-02-11 12:45:00,182.01,182.4,182.0,182.27,4789
2026-02-11 12:55:00,182.27,182.45,182.11,182.15,16503
2026-02-11 13:05:00,182.15,182.3,182.0,182.05,10151
2026-02-11 13:15:00,182.05,182.3,182.0,182.17,8701
2026-02-11 13:25:00,182.17,182.49,182.07,182.49,25104
2026-02-11 13:35:00,182.37,182.76,182.28,182.55,12623
2026-02-11 13:45:00,182.55,183.07,182.46,182.58,19734
2026-02-11 13:55:00,182.58,182.71,182.0,182.02,28367
2026-02-11 14:05:00,182.02,182.37,182.01,182.2,7076
2026-02-11 14:15:00,182.2,182.69,182.2,182.44,7584
2026-02-11 14:25:00,182.44,183.55,182.44,183.12,55216
2026-02-11 14:35:00,183.12,183.35,183.05,183.15,12877
2026-02-11 14:45:00,183.24,183.3,183.06,183.15,21714
2026-02-11 14:55:00,183.15,184.8,183.04,184.17,143272
2026-02-11 15:05:00,184.2,184.64,184.1,184.26,142743
2026-02-11 15:15:00,184.26,184.48,183.83,184.16,104512
2026-02-11 15:25:00,184.15,184.29,183.6,184.14,82425
2026-02-12 09:15:00,183.51,185.19,182.69,183.24,236858
2026-02-12 09:25:00,183.24,183.24,182.5,182.91,82579
2026-02-12 09:35:00,183.09,183.2,182.3,182.31,52511
2026-02-12 09:45:00,182.31,182.73,181.81,182.56,40513
2026-02-12 09:55:00,182.57,182.73,182.28,182.53,36988
2026-02-12 10:05:00,182.52,183.0,182.1,182.68,47538
2026-02-12 10:15:00,182.79,183.0,182.26,182.26,31606
2026-02-12 10:25:00,182.26,182.41,182.01,182.2,27434
2026-02-12 10:35:00,182.2,182.34,181.56,181.88,43278
2026-02-12 10:45:00,181.88,181.88,181.5,181.55,38248
2026-02-12 10:55:00,181.55,181.78,181.5,181.71,14082
2026-02-12 11:05:00,181.62,181.79,181.5,181.55,12439
2026-02-12 11:15:00,181.55,181.58,181.25,181.36,28046
2026-02-12 11:25:00,181.31,181.56,180.8,181.05,42153
2026-02-12 11:35:00,181.05,181.35,180.61,181.09,51471
2026-02-12 11:45:00,181.09,182.25,180.7,180.77,44512
2026-02-12 11:55:00,180.77,180.89,180.7,180.7,8963
2026-02-12 12:05:00,180.7,180.87,180.55,180.63,21168
2026-02-12 12:15:00,180.63,180.93,180.54,180.81,23837
2026-02-12 12:25:00,180.81,180.97,180.76,180.87,7299
2026-02-12 12:35:00,180.87,181.35,180.87,181.21,24211
2026-02-12 12:45:00,181.21,181.21,180.6,180.96,34207
2026-02-12 12:55:00,180.82,181.39,180.82,181.3,17520
2026-02-12 13:05:00,181.3,181.55,181.05,181.07,17175
2026-02-12 13:15:00,181.07,181.9,181.07,181.24,24080
2026-02-12 13:25:00,181.27,181.59,181.24,181.25,10389
2026-02-12 13:35:00,181.25,181.64,181.25,181.46,13680
2026-02-12 13:45:00,181.46,182.0,181.2,182.0,45277
2026-02-12 13:55:00,181.81,182.37,181.81,182.26,66467
2026-02-12 14:05:00,182.22,182.56,182.0,182.25,23780
2026-02-12 14:15:00,182.22,182.36,181.84,182.36,29618
2026-02-12 14:25:00,182.36,182.46,182.05,182.05,21349
2026-02-12 14:35:00,182.08,182.25,181.91,181.99,9190
2026-02-12 14:45:00,181.99,182.0,181.2,181.72,61133
2026-02-12 14:55:00,181.67,181.94,181.35,181.62,30735
2026-02-12 15:05:00,181.5,181.5,180.2,180.7,132089
2026-02-12 15:15:00,180.67,181.95,180.2,180.54,102751
2026-02-12 15:25:00,180.48,180.76,180.4,180.55,43247
2026-02-13 09:15:00,199.1,206.7,197.15,201.6,13258903
2026-02-13 09:25:00,201.5,205.19,200.77,203.78,6394432
2026-02-13 09:35:00,203.83,204.38,202.0,202.85,3797540
2026-02-13 09:45:00,202.84,203.6,201.71,202.99,3201231
2026-02-13 09:55:00,202.99,203.19,200.0,202.72,4328051
2026-02-13 10:05:00,202.77,204.76,202.0,204.7,4498884
2026-02-13 10:15:00,204.71,207.8,204.39,206.77,7329211
2026-02-13 10:25:00,206.66,206.9,204.86,206.58,4006427
2026-02-13 10:35:00,206.49,206.99,205.84,206.23,2129631
2026-02-13 10:45:00,206.25,208.0,206.17,207.14,4244445
2026-02-13 10:55:00,207.15,209.71,207.02,209.19,6235340
2026-02-13 11:05:00,209.05,209.29,207.81,207.89,2782246
2026-02-13 11:15:00,207.9,209.0,207.5,208.23,2304427
2026-02-13 11:25:00,208.15,208.99,207.72,207.8,1665537
2026-02-13 11:35:00,207.81,208.41,206.77,206.82,2185507
2026-02-13 11:45:00,207.0,207.77,206.5,207.12,1434578
2026-02-13 11:55:00,207.27,207.71,206.1,206.24,1404986
2026-02-13 12:05:00,206.39,206.54,205.15,205.2,2196480
2026-02-13 12:15:00,205.21,205.8,203.42,204.78,2486574
2026-02-13 12:25:00,204.79,205.8,204.0,204.6,1645845
2026-02-13 12:35:00,204.65,206.7,204.14,206.45,1507379
2026-02-13 12:45:00,206.45,207.42,206.01,207.2,1743499
2026-02-13 12:55:00,207.2,207.3,206.43,206.98,1004483
2026-02-13 13:05:00,206.98,208.5,206.92,207.6,2201462
2026-02-13 13:15:00,207.6,208.01,206.0,206.45,1532952
2026-02-13 13:25:00,206.5,206.75,205.75,206.1,1286829
2026-02-13 13:35:00,206.0,208.0,206.0,207.94,1321646
2026-02-13 13:45:00,207.94,209.0,207.55,207.88,3170726
2026-02-13 13:55:00,207.8,208.5,207.11,208.1,1567173
2026-02-13 14:05:00,208.1,208.99,206.47,207.99,3247031
2026-02-13 14:15:00,207.8,208.99,207.8,208.75,2833469
2026-02-13 14:25:00,208.89,210.0,204.09,205.27,9090528
2026-02-13 14:35:00,205.12,205.66,202.35,202.75,4386401
2026-02-13 14:45:00,202.7,203.85,200.32,200.8,5029830
2026-02-13 14:55:00,200.92,203.75,200.8,202.4,4472297
2026-02-13 15:05:00,202.55,204.42,200.66,201.15,4733204
2026-02-13 15:15:00,201.1,202.34,200.0,201.33,5351843
2026-02-13 15:25:00,201.33,202.0,199.16,199.32,1600801
2026-02-16 09:15:00,201.5,211.18,200.22,210.62,9609657
2026-02-16 09:25:00,210.58,211.48,209.13,210.3,4255977
2026-02-16 09:35:00,210.35,210.44,208.32,209.0,3107755
2026-02-16 09:45:00,208.9,209.0,207.22,208.5,2670193
2026-02-16 09:55:00,208.58,209.05,207.02,207.3,2047239
2026-02-16 10:05:00,207.38,209.6,206.44,209.36,2820713
2026-02-16 10:15:00,209.36,210.74,208.54,209.43,2862191
2026-02-16 10:25:00,209.4,211.48,209.4,211.29,2958136
2026-02-16 10:35:00,211.29,214.4,211.05,213.29,5866878
2026-02-16 10:45:00,213.33,213.5,212.08,213.2,2323140
2026-02-16 10:55:00,213.24,214.6,213.21,214.16,2889363
2026-02-16 11:05:00,214.12,214.8,213.71,213.99,1790659
2026-02-16 11:15:00,213.9,214.87,213.8,214.02,1859671
2026-02-16 11:25:00,214.0,214.77,213.4,213.99,1605633
2026-02-16 11:35:00,213.99,214.4,213.16,214.25,1544543
2026-02-16 11:45:00,214.3,214.5,213.65,213.86,933253
2026-02-16 11:55:00,213.86,214.39,213.7,214.2,818610
2026-02-16 12:05:00,214.18,214.4,213.65,213.77,711840
2026-02-16 12:15:00,213.7,213.93,213.3,213.51,931522
2026-02-16 12:25:00,213.51,214.4,213.44,214.0,731485
2026-02-16 12:35:00,213.93,214.48,213.71,214.23,731350
2026-02-16 12:45:00,214.23,214.28,213.9,214.0,498255
2026-02-16 12:55:00,214.0,214.15,213.3,213.43,695422
2026-02-16 13:05:00,213.43,218.5,213.4,218.37,5606738
2026-02-16 13:15:00,218.41,219.33,217.42,219.0,4370432
2026-02-16 13:25:00,218.9,219.1,217.76,218.39,2512869
2026-02-16 13:35:00,218.36,219.9,218.21,219.2,3047524
2026-02-16 13:45:00,219.2,219.5,218.5,219.09,1667800
2026-02-16 13:55:00,219.06,219.68,218.7,218.87,1761028
2026-02-16 14:05:00,218.85,218.97,217.31,218.15,2316714
2026-02-16 14:15:00,218.05,219.75,217.8,219.6,2354678
2026-02-16 14:25:00,219.55,221.43,219.45,221.43,5220741
2026-02-16 14:35:00,221.31,223.56,221.1,222.26,6988990
2026-02-16 14:45:00,222.25,222.7,221.01,222.6,3392597
2026-02-16 14:55:00,222.63,223.75,222.0,223.1,4526879
2026-02-16 15:05:00,223.1,226.8,222.39,224.85,10546372
2026-02-16 15:15:00,224.98,231.9,223.35,231.69,12922107
2026-02-16 15:25:00,231.72,236.65,230.15,231.0,3927207
2026-02-17 09:15:00,231.15,236.28,230.56,232.25,13263158
2026-02-17 09:25:00,232.21,232.24,227.48,230.5,8927936
2026-02-17 09:35:00,230.6,231.25,229.0,231.03,3329024
2026-02-17 09:45:00,231.19,232.0,230.0,230.75,2976708
2026-02-17 09:55:00,230.78,230.8,229.6,230.1,1569113
2026-02-17 10:05:00,230.22,230.25,229.0,229.48,1255219
2026-02-17 10:15:00,229.39,229.7,228.13,228.65,1712460
2026-02-17 10:25:00,228.77,229.66,228.11,228.24,1423422
2026-02-17 10:35:00,228.2,228.36,225.21,226.93,3706793
2026-02-17 10:45:00,227.04,228.91,226.02,226.05,2007366
2026-02-17 10:55:00,226.12,226.35,223.2,223.7,3344502
2026-02-17 11:05:00,223.64,223.7,221.21,221.96,3489885
2026-02-17 11:15:00,221.95,222.49,220.6,221.31,2345221
2026-02-17 11:25:00,221.31,222.89,221.0,222.13,1628363
2026-02-17 11:35:00,222.09,222.84,218.37,219.74,2932641
2026-02-17 11:45:00,219.74,221.61,219.74,221.29,944907
2026-02-17 11:55:00,221.29,221.9,220.01,220.42,1026177
2026-02-17 12:05:00,220.52,223.01,220.41,221.21,1455999
2026-02-17 12:15:00,221.21,221.5,220.51,220.75,551980
2026-02-17 12:25:00,220.78,221.7,220.23,221.7,623332
2026-02-17 12:35:00,221.62,221.75,220.0,220.9,690108
2026-02-17 12:45:00,220.8,221.29,219.9,219.9,517369
2026-02-17 12:55:00,219.9,220.3,219.2,219.21,621814
2026-02-17 13:05:00,219.3,219.66,218.0,219.23,1545474
2026-02-17 13:15:00,219.23,219.97,217.95,218.5,928405
2026-02-17 13:25:00,218.51,218.91,217.75,218.83,855911
2026-02-17 13:35:00,218.72,219.74,218.5,218.99,809587
2026-02-17 13:45:00,219.07,219.27,217.95,218.17,600210
2026-02-17 13:55:00,218.15,219.6,218.0,219.29,732147
2026-02-17 14:05:00,219.29,219.29,217.5,217.91,908360
2026-02-17 14:15:00,217.91,218.0,216.6,217.01,1208171
2026-02-17 14:25:00,217.01,218.64,217.0,218.3,977526
2026-02-17 14:35:00,218.37,218.37,217.21,217.54,621894
2026-02-17 14:45:00,217.54,217.99,217.15,217.23,671946
2026-02-17 14:55:00,217.3,217.38,214.5,214.8,2992656
2026-02-17 15:05:00,214.68,216.63,214.53,215.8,2490454
2026-02-17 15:15:00,215.83,217.21,213.68,215.97,4456783
2026-02-17 15:25:00,215.79,215.8,214.41,214.6,828357
2026-02-18 09:15:00,217.0,220.89,215.84,219.3,5906064
2026-02-18 09:25:00,219.35,219.94,217.33,219.16,2090659
2026-02-18 09:35:00,219.17,220.0,218.25,218.7,2340466
2026-02-18 09:45:00,218.65,219.7,218.6,219.19,732819
2026-02-18 09:55:00,219.2,219.2,216.29,217.82,2073633
2026-02-18 10:05:00,217.79,218.98,217.05,217.81,1151833
2026-02-18 10:15:00,217.91,218.27,216.56,217.0,746393
2026-02-18 10:25:00,217.03,217.22,215.73,216.3,1139586
2026-02-18 10:35:00,216.3,217.5,215.35,217.1,1296463
2026-02-18 10:45:00,217.06,217.4,216.0,216.65,755442
2026-02-18 10:55:00,216.64,216.97,215.65,216.21,452099
2026-02-18 11:05:00,216.21,216.3,214.51,214.66,858751
2026-02-18 11:15:00,214.66,216.21,214.4,215.62,834125
2026-02-18 11:25:00,215.5,215.8,214.81,215.76,612155
2026-02-18 11:35:00,215.76,216.09,215.1,215.62,420683
2026-02-18 11:45:00,215.52,215.7,213.75,214.07,886903
2026-02-18 11:55:00,214.08,215.0,213.77,214.6,585167
2026-02-18 12:05:00,214.74,214.8,213.9,214.0,342257
2026-02-18 12:15:00,214.02,214.84,213.03,214.39,1040195
2026-02-18 12:25:00,214.39,214.39,213.3,213.59,425352
2026-02-18 12:35:00,213.58,213.65,209.51,210.65,2777018
2026-02-18 12:45:00,210.6,211.76,209.5,210.74,1321652
2026-02-18 12:55:00,210.96,212.58,210.5,212.14,1113530
2026-02-18 13:05:00,212.14,213.42,211.9,212.9,1320807
2026-02-18 13:15:00,212.89,214.89,212.5,213.18,1248427
2026-02-18 13:25:00,213.15,213.2,212.21,212.42,547781
2026-02-18 13:35:00,212.42,213.5,211.7,213.15,804447
2026-02-18 13:45:00,213.35,214.0,213.01,213.41,557653
2026-02-18 13:55:00,213.41,214.2,213.1,214.15,411684
2026-02-18 14:05:00,214.07,214.97,213.67,213.91,1079254
2026-02-18 14:15:00,213.91,214.9,213.65,214.89,539882
2026-02-18 14:25:00,214.8,215.0,213.8,214.6,582520
2026-02-18 14:35:00,214.7,216.5,214.36,216.2,1653276
2026-02-18 14:45:00,216.19,218.5,216.15,216.7,2860131
2026-02-18 14:55:00,216.74,217.0,213.75,214.41,1820860
2026-02-18 15:05:00,214.5,215.25,213.5,213.95,1352233
2026-02-18 15:15:00,214.0,215.94,213.5,215.1,2406830
2026-02-18 15:25:00,215.11,215.75,214.8,215.0,352220
2026-02-19 09:15:00,217.84,217.9,213.56,214.09,1472604
2026-02-19 09:25:00,214.04,214.24,212.66,212.83,647836
2026-02-19 09:35:00,212.77,213.62,211.79,212.81,664296
2026-02-19 09:45:00,212.81,213.38,212.8,213.3,279638
2026-02-19 09:55:00,213.35,216.14,213.16,215.87,968512
2026-02-19 10:05:00,215.87,216.38,215.11,215.37,608437
2026-02-19 10:15:00,215.48,215.5,214.59,215.0,343128
2026-02-19 10:25:00,215.14,215.28,213.9,214.02,307397
2026-02-19 10:35:00,214.02,214.64,213.5,214.5,197571
2026-02-19 10:45:00,214.5,214.96,213.93,214.96,247251
2026-02-19 10:55:00,214.96,215.03,214.18,214.3,140205
2026-02-19 11:05:00,214.3,214.47,213.69,214.08,130221
2026-02-19 11:15:00,214.15,214.66,214.07,214.38,81835
2026-02-19 11:25:00,214.29,214.85,214.25,214.83,129665
2026-02-19 11:35:00,214.83,215.48,213.85,215.31,217745
2026-02-19 11:45:00,215.31,215.95,214.73,215.29,309728
2026-02-19 11:55:00,215.17,216.6,214.9,216.44,433777
2026-02-19 12:05:00,216.45,218.44,216.15,218.4,1131310
2026-02-19 12:15:00,218.44,220.75,216.67,219.64,2070338
2026-02-19 12:25:00,219.7,221.9,219.14,220.6,2320783
2026-02-19 12:35:00,220.6,220.84,218.32,218.42,1549565
2026-02-19 12:45:00,218.39,218.62,217.5,217.83,1120500
2026-02-19 12:55:00,217.83,219.6,217.5,218.8,761178
2026-02-19 13:05:00,218.81,219.62,218.55,218.99,611724
2026-02-19 13:15:00,218.98,219.7,218.66,218.82,419989
2026-02-19 13:25:00,218.82,219.5,218.65,218.75,338840
2026-02-19 13:35:00,218.75,219.12,218.14,218.37,305982
2026-02-19 13:45:00,218.32,218.89,217.64,218.33,451356
2026-02-19 13:55:00,218.34,218.58,217.6,217.92,270479
2026-02-19 14:05:00,217.92,218.5,217.6,218.3,361290
2026-02-19 14:15:00,218.26,218.87,217.4,218.6,434899
2026-02-19 14:25:00,218.6,219.6,218.42,218.61,700138
2026-02-19 14:35:00,218.62,219.1,218.41,218.75,232121
2026-02-19 14:45:00,218.61,218.95,218.39,218.66,298490
2026-02-19 14:55:00,218.58,218.9,217.6,217.88,556790
2026-02-19 15:05:00,217.88,218.4,216.71,217.54,762757
2026-02-19 15:15:00,217.65,218.3,216.55,217.22,1116826
2026-02-19 15:25:00,217.23,217.72,216.2,216.4,241761
2026-02-20 09:15:00,217.79,217.99,215.6,216.03,848513
2026-02-20 09:25:00,216.03,217.8,215.44,217.34,530001
2026-02-20 09:35:00,217.53,217.53,216.0,216.3,247733
2026-02-20 09:45:00,216.22,216.74,216.01,216.49,147758
2026-02-20 09:55:00,216.48,216.9,215.75,215.76,224760
2026-02-20 10:05:00,215.87,216.34,215.4,215.84,156686
2026-02-20 10:15:00,215.83,216.43,215.7,216.15,89303
2026-02-20 10:25:00,216.15,216.16,215.85,216.1,62215
2026-02-20 10:35:00,216.1,216.65,216.0,216.6,57344
2026-02-20 10:45:00,216.51,216.99,216.47,216.51,226134
2026-02-20 10:55:00,216.51,216.65,215.53,215.89,110272
2026-02-20 11:05:00,215.89,216.0,215.6,215.65,57327
2026-02-20 11:15:00,215.65,216.5,215.65,216.25,71069
2026-02-20 11:25:00,216.25,216.5,216.06,216.15,43383
2026-02-20 11:35:00,216.15,216.24,215.87,215.89,28676
2026-02-20 11:45:00,215.89,216.28,215.85,216.0,72276
2026-02-20 11:55:00,216.0,216.2,215.8,215.86,40609
2026-02-20 12:05:00,215.86,216.09,215.75,215.89,54095
2026-02-20 12:15:00,215.89,216.73,215.88,216.3,64176
2026-02-20 12:25:00,216.28,216.36,215.81,216.31,66897
2026-02-20 12:35:00,216.4,216.7,214.51,214.75,345676
2026-02-20 12:45:00,214.8,215.2,214.7,215.16,145472
2026-02-20 12:55:00,215.16,215.23,214.6,214.81,73390
2026-02-20 13:05:00,214.93,214.93,214.1,214.27,152498
2026-02-20 13:15:00,214.12,214.38,214.0,214.02,112134
2026-02-20 13:25:00,214.12,214.13,213.75,214.08,138088
2026-02-20 13:35:00,214.1,214.31,213.71,214.23,86093
2026-02-20 13:45:00,214.24,215.1,214.24,214.53,99383
2026-02-20 13:55:00,214.55,214.74,214.2,214.21,54278
2026-02-20 14:05:00,214.21,214.63,214.0,214.3,52692
2026-02-20 14:15:00,214.3,215.5,214.3,214.84,139018
2026-02-20 14:25:00,214.79,214.9,214.56,214.78,26657
2026-02-20 14:35:00,214.78,215.1,214.7,214.88,83004
2026-02-20 14:45:00,214.88,215.2,214.71,215.16,104556
2026-02-20 14:55:00,215.18,215.65,215.04,215.2,149017
2026-02-20 15:05:00,215.21,215.4,214.58,215.16,286775
2026-02-20 15:15:00,215.16,215.3,214.33,214.68,316446
2026-02-20 15:25:00,214.69,214.79,214.2,214.79,159716
2026-02-23 09:15:00,216.9,221.94,216.01,219.8,1452935
2026-02-23 09:25:00,219.91,221.13,219.73,220.0,518473
2026-02-23 09:35:00,220.0,220.95,218.61,218.8,440885
2026-02-23 09:45:00,218.7,219.95,218.65,219.38,244369
2026-02-23 09:55:00,219.24,219.78,218.75,219.65,134581
2026-02-23 10:05:00,219.65,220.0,219.35,219.65,149771
2026-02-23 10:15:00,219.67,222.39,219.56,222.22,604101
2026-02-23 10:25:00,222.22,222.76,217.8,220.59,1494722
2026-02-23 10:35:00,220.55,220.6,219.2,219.35,251574
2026-02-23 10:45:00,219.4,219.44,218.01,218.3,393972
2026-02-23 10:55:00,218.42,218.43,217.36,218.09,229812
2026-02-23 11:05:00,218.01,218.12,217.24,217.75,128019
2026-02-23 11:15:00,217.75,218.19,217.29,217.61,115108
2026-02-23 11:25:00,217.6,217.98,217.6,217.6,156508
2026-02-23 11:35:00,217.61,217.7,217.4,217.4,72759
2026-02-23 11:45:00,217.41,217.46,216.4,217.29,197973
2026-02-23 11:55:00,217.29,217.45,216.75,216.91,110968
2026-02-23 12:05:00,216.89,216.95,215.8,216.27,137780
2026-02-23 12:15:00,216.4,217.0,216.28,216.77,63322
2026-02-23 12:25:00,216.77,216.87,216.01,216.2,54987
2026-02-23 12:35:00,216.18,216.67,216.05,216.41,57782
2026-02-23 12:45:00,216.42,217.19,216.39,217.19,69783
2026-02-23 12:55:00,217.5,217.62,216.51,216.89,112111
2026-02-23 13:05:00,216.89,216.94,216.32,216.52,67355
2026-02-23 13:15:00,216.51,216.62,216.19,216.35,35862
2026-02-23 13:25:00,216.25,217.14,216.24,216.74,101869
2026-02-23 13:35:00,216.74,217.1,216.32,216.38,54555
2026-02-23 13:45:00,216.38,216.65,215.6,215.81,115987
2026-02-23 13:55:00,215.81,216.16,214.48,214.77,163373
2026-02-23 14:05:00,214.86,215.29,214.4,214.94,122130
2026-02-23 14:15:00,214.94,215.19,214.7,215.1,72095
2026-02-23 14:25:00,215.09,215.7,214.78,215.1,105836
2026-02-23 14:35:00,215.1,215.7,214.95,215.44,91856
2026-02-23 14:45:00,215.44,216.29,215.44,215.71,189859
2026-02-23 14:55:00,215.71,216.55,215.59,216.31,183517
2026-02-23 15:05:00,216.36,217.19,216.13,217.1,318766
2026-02-23 15:15:00,217.1,217.97,216.59,217.94,541245
2026-02-23 15:25:00,217.9,217.99,216.3,216.3,164757
2026-02-24 09:15:00,216.9,218.82,216.1,218.33,541587
2026-02-24 09:25:00,218.44,218.48,216.85,217.3,244712
2026-02-24 09:35:00,217.25,217.64,214.18,215.49,406163
2026-02-24 09:45:00,215.7,217.0,215.27,216.66,206119
2026-02-24 09:55:00,216.63,218.24,216.47,217.79,328279
2026-02-24 10:05:00,217.68,217.84,214.0,215.74,291821
2026-02-24 10:15:00,215.74,216.42,215.53,216.0,124810
2026-02-24 10:25:00,216.0,216.55,215.8,216.12,58007
2026-02-24 10:35:00,216.12,216.66,216.12,216.35,24995
2026-02-24 10:45:00,216.42,216.47,216.0,216.12,66439
2026-02-24 10:55:00,216.07,216.27,215.4,215.4,88889
2026-02-24 11:05:00,215.47,216.0,215.31,215.7,38584
2026-02-24 11:15:00,215.7,216.0,215.43,215.6,95565
2026-02-24 11:25:00,215.6,215.84,214.92,215.1,107605
2026-02-24 11:35:00,215.1,215.47,214.91,214.91,50489
2026-02-24 11:45:00,214.61,215.23,214.61,215.03,41374
2026-02-24 11:55:00,215.1,215.13,214.52,214.61,84937
2026-02-24 12:05:00,214.61,215.0,214.6,214.84,49715
2026-02-24 12:15:00,214.84,214.88,214.6,214.76,37365
2026-02-24 12:25:00,214.75,214.93,214.41,214.5,161692
2026-02-24 12:35:00,214.25,214.84,212.54,212.8,334320
2026-02-24 12:45:00,212.73,213.0,211.82,212.06,338191
2026-02-24 12:55:00,212.16,212.97,211.9,212.8,120245
2026-02-24 13:05:00,212.78,213.41,212.75,212.89,135172
2026-02-24 13:15:00,212.89,213.18,212.64,212.72,92465
2026-02-24 13:25:00,212.81,212.97,212.3,212.31,88565
2026-02-24 13:35:00,212.4,212.95,212.11,212.53,52300
2026-02-24 13:45:00,212.53,212.89,212.05,212.68,74054
2026-02-24 13:55:00,212.58,213.3,212.58,213.11,43675
2026-02-24 14:05:00,213.11,214.24,212.87,214.14,115197
2026-02-24 14:15:00,214.1,214.14,213.64,213.77,95039
2026-02-24 14:25:00,213.77,214.0,213.55,213.57,40632
2026-02-24 14:35:00,213.57,214.0,213.57,213.92,42191
2026-02-24 14:45:00,213.75,214.9,213.74,214.71,125798
2026-02-24 14:55:00,214.67,215.0,214.65,214.98,120295
2026-02-24 15:05:00,214.89,216.0,214.8,215.95,237306
2026-02-24 15:15:00,215.95,216.5,215.75,216.05,321610
2026-02-24 15:25:00,216.05,216.39,215.81,216.05,142669
2026-02-25 09:15:00,217.0,220.25,216.0,217.87,595202
2026-02-25 09:25:00,217.92,217.97,217.02,217.06,155237
2026-02-25 09:35:00,217.01,217.17,216.27,216.3,155945
2026-02-25 09:45:00,216.3,216.4,216.0,216.3,110372
2026-02-25 09:55:00,216.46,216.85,216.28,216.65,80187
2026-02-25 10:05:00,216.65,217.45,216.32,217.0,105475
2026-02-25 10:15:00,217.05,217.5,216.38,216.65,90554
2026-02-25 10:25:00,216.55,218.19,216.44,217.2,178464
2026-02-25 10:35:00,217.32,219.42,217.21,218.81,195334
2026-02-25 10:45:00,218.97,218.97,218.2,218.2,58579
2026-02-25 10:55:00,218.17,218.98,218.16,218.55,77251
2026-02-25 11:05:00,218.57,219.9,218.57,219.9,195075
2026-02-25 11:15:00,219.75,221.49,219.3,220.7,629842
2026-02-25 11:25:00,220.7,220.91,220.06,220.42,286859
2026-02-25 11:35:00,220.42,221.1,220.05,220.74,127599
2026-02-25 11:45:00,220.74,220.74,219.3,220.0,179536
2026-02-25 11:55:00,220.0,220.01,219.28,219.47,70055
2026-02-25 12:05:00,219.47,219.64,219.43,219.56,49624
2026-02-25 12:15:00,219.56,219.88,219.11,219.27,64099
2026-02-25 12:25:00,219.27,219.88,218.72,218.73,67060
2026-02-25 12:35:00,218.73,219.2,218.6,219.01,52669
2026-02-25 12:45:00,218.99,219.32,218.23,218.37,110080
2026-02-25 12:55:00,218.37,218.64,218.14,218.29,83450
2026-02-25 13:05:00,218.29,218.82,218.26,218.65,51375
2026-02-25 13:15:00,218.4,218.92,218.37,218.64,44846
2026-02-25 13:25:00,218.64,219.2,218.4,218.9,68472
2026-02-25 13:35:00,218.9,219.35,218.8,218.99,49018
2026-02-25 13:45:00,218.97,219.13,218.55,218.79,38586
2026-02-25 13:55:00,218.76,218.82,218.44,218.61,47344
2026-02-25 14:05:00,218.62,218.74,217.81,217.97,96080
2026-02-25 14:15:00,217.97,218.96,217.95,218.77,58627
2026-02-25 14:25:00,218.77,218.83,218.21,218.63,40225
2026-02-25 14:35:00,218.63,219.0,218.5,218.98,52612
2026-02-25 14:45:00,219.0,219.29,218.4,218.74,101533
2026-02-25 14:55:00,218.8,219.7,218.76,219.53,145702
2026-02-25 15:05:00,219.52,220.3,219.47,219.92,268991
2026-02-25 15:15:00,219.93,220.0,219.51,219.75,247415
2026-02-25 15:25:00,219.7,220.0,219.51,219.51,137113
2026-02-26 09:15:00,220.97,222.48,219.53,222.18,652557
2026-02-26 09:25:00,222.16,223.9,221.74,223.0,1019369
2026-02-26 09:35:00,223.07,223.64,222.82,223.4,306337
2026-02-26 09:45:00,223.4,223.61,222.5,222.75,235049
2026-02-26 09:55:00,222.68,224.64,222.3,222.9,547378
2026-02-26 10:05:00,223.12,223.4,222.71,223.03,131043
2026-02-26 10:15:00,223.03,223.65,222.92,223.51,85253
2026-02-26 10:25:00,223.51,224.33,223.33,223.68,206505
2026-02-26 10:35:00,223.66,223.66,223.3,223.5,61429
2026-02-26 10:45:00,223.5,223.87,222.81,223.55,119362
2026-02-26 10:55:00,223.58,223.58,222.81,223.12,68917
2026-02-26 11:05:00,223.12,223.3,222.9,223.11,30916
2026-02-26 11:15:00,223.15,223.83,222.91,223.49,51890
2026-02-26 11:25:00,223.49,223.57,222.9,222.99,73609
2026-02-26 11:35:00,222.9,222.99,222.61,222.67,84534
2026-02-26 11:45:00,222.67,223.99,222.51,223.33,214689
2026-02-26 11:55:00,223.33,223.55,223.07,223.5,74947
2026-02-26 12:05:00,223.4,223.89,223.06,223.06,73978
2026-02-26 12:15:00,223.06,223.39,222.84,223.3,89084
2026-02-26 12:25:00,223.26,224.24,223.1,223.73,174232
2026-02-26 12:35:00,223.73,224.59,223.63,224.3,165393
2026-02-26 12:45:00,224.39,224.4,223.96,224.1,91596
2026-02-26 12:55:00,224.08,224.9,223.98,224.9,191805
2026-02-26 13:05:00,224.9,224.9,224.11,224.2,68325
2026-02-26 13:15:00,224.2,224.2,223.61,223.9,103611
2026-02-26 13:25:00,223.9,224.2,223.8,223.85,37503
2026-02-26 13:35:00,223.97,224.11,223.8,223.84,56865
2026-02-26 13:45:00,223.84,224.15,223.84,224.15,63387
2026-02-26 13:55:00,224.15,224.45,223.7,223.91,94163
2026-02-26 14:05:00,223.82,224.1,223.7,223.92,68186
2026-02-26 14:15:00,223.98,225.36,223.98,224.78,401992
2026-02-26 14:25:00,224.9,224.91,224.4,224.44,86729
2026-02-26 14:35:00,224.5,225.25,224.33,225.24,161501
2026-02-26 14:45:00,225.24,225.45,224.61,225.39,243242
2026-02-26 14:55:00,225.39,225.4,224.8,224.96,174529
2026-02-26 15:05:00,224.95,225.16,224.82,224.95,280549
2026-02-26 15:15:00,224.97,225.0,223.75,224.4,494988
2026-02-26 15:25:00,224.47,224.89,224.05,224.54,202785
2026-02-27 09:15:00,224.95,226.15,222.45,225.68,577114
2026-02-27 09:25:00,225.53,225.7,223.03,223.76,409859
2026-02-27 09:35:00,223.76,224.45,223.0,223.71,203317
2026-02-27 09:45:00,223.71,223.85,223.0,223.2,102099
2026-02-27 09:55:00,223.2,223.23,221.61,221.77,241677
2026-02-27 10:05:00,221.78,222.58,221.6,222.08,92532
2026-02-27 10:15:00,222.08,222.39,221.75,222.16,60150
2026-02-27 10:25:00,222.41,222.59,221.9,222.25,48457
2026-02-27 10:35:00,222.25,222.46,221.2,221.6,87851
2026-02-27 10:45:00,221.52,221.65,220.65,220.84,133258
2026-02-27 10:55:00,220.75,222.07,220.7,221.77,126473
2026-02-27 11:05:00,221.93,221.93,221.0,221.11,54473
2026-02-27 11:15:00,221.22,221.22,220.51,220.67,122060
2026-02-27 11:25:00,220.67,221.29,220.67,220.7,30825
2026-02-27 11:35:00,220.58,220.93,220.43,220.76,102164
2026-02-27 11:45:00,220.7,220.75,220.1,220.2,33097
2026-02-27 11:55:00,220.2,220.5,220.1,220.21,56957
2026-02-27 12:05:00,220.15,220.34,219.0,219.23,191427
2026-02-27 12:15:00,219.35,219.77,219.2,219.68,60539
2026-02-27 12:25:00,219.6,220.25,219.6,219.75,38444
2026-02-27 12:35:00,219.75,219.83,219.2,219.55,41063
2026-02-27 12:45:00,219.55,219.79,219.33,219.6,27165
2026-02-27 12:55:00,219.6,220.3,219.6,219.88,38054
2026-02-27 13:05:00,219.88,220.27,219.71,219.82,22318
2026-02-27 13:15:00,219.72,220.11,219.72,220.09,27697
2026-02-27 13:25:00,220.09,220.35,219.86,219.86,27810
2026-02-27 13:35:00,219.86,220.29,219.86,220.1,18884
2026-02-27 13:45:00,220.1,220.69,220.1,220.2,56889
2026-02-27 13:55:00,220.2,220.82,220.18,220.52,48920
2026-02-27 14:05:00,220.53,220.65,220.01,220.14,28362
2026-02-27 14:15:00,220.14,220.17,219.76,219.85,44066
2026-02-27 14:25:00,219.86,220.17,219.52,219.79,52171
2026-02-27 14:35:00,219.84,219.85,219.5,219.72,55725
2026-02-27 14:45:00,219.75,220.2,219.54,220.1,63583
2026-02-27 14:55:00,220.11,222.04,220.04,221.77,415925
2026-02-27 15:05:00,221.78,222.0,221.17,221.78,363310
2026-02-27 15:15:00,221.81,222.5,221.17,221.97,414679
2026-02-27 15:25:00,221.51,222.11,220.53,221.0,179377
2026-03-02 09:15:00,208.0,214.0,207.06,213.3,903375
2026-03-02 09:25:00,213.9,215.98,213.01,215.96,387900
2026-03-02 09:35:00,215.98,216.4,215.3,216.1,250829
2026-03-02 09:45:00,216.18,217.84,216.0,217.24,255160
2026-03-02 09:55:00,217.25,218.76,217.14,217.33,203475
2026-03-02 10:05:00,217.33,217.62,216.25,216.6,141837
2026-03-02 10:15:00,216.7,217.16,216.5,216.82,51897
2026-03-02 10:25:00,216.88,216.88,215.65,216.23,69217
2026-03-02 10:35:00,216.23,216.45,214.7,214.7,91813
2026-03-02 10:45:00,214.63,214.94,213.86,214.0,120686
2026-03-02 10:55:00,214.03,214.89,213.86,214.5,76866
2026-03-02 11:05:00,214.5,214.5,213.5,213.9,74844
2026-03-02 11:15:00,213.75,213.95,213.32,213.53,38317
2026-03-02 11:25:00,213.53,213.66,212.66,212.8,162347
2026-03-02 11:35:00,212.84,213.84,212.61,213.68,83046
2026-03-02 11:45:00,213.7,213.99,212.96,213.13,66247
2026-03-02 11:55:00,213.28,213.28,212.1,212.29,73621
2026-03-02 12:05:00,212.29,212.6,212.01,212.1,98800
2026-03-02 12:15:00,212.1,212.2,211.42,211.8,125093
2026-03-02 12:25:00,211.85,211.85,211.32,211.59,41412
2026-03-02 12:35:00,211.55,211.77,211.0,211.1,55387
2026-03-02 12:45:00,211.19,211.84,211.0,211.61,71002
2026-03-02 12:55:00,211.79,212.33,211.56,212.19,47864
2026-03-02 13:05:00,212.19,212.19,211.12,211.5,53429
2026-03-02 13:15:00,211.5,211.5,211.02,211.24,40483
2026-03-02 13:25:00,211.25,211.25,210.34,210.64,118480
2026-03-02 13:35:00,210.64,211.0,210.1,210.55,81101
2026-03-02 13:45:00,210.55,210.89,210.01,210.1,99478
2026-03-02 13:55:00,210.04,211.99,210.0,211.96,185001
2026-03-02 14:05:00,211.96,213.23,211.96,213.2,197108
2026-03-02 14:15:00,213.2,213.5,212.57,213.01,93248
2026-03-02 14:25:00,213.0,213.13,212.07,213.12,104002
2026-03-02 14:35:00,213.12,213.67,212.77,213.08,66917
2026-03-02 14:45:00,213.08,213.31,212.66,213.07,42876
2026-03-02 14:55:00,213.07,213.55,212.18,212.33,125262
2026-03-02 15:05:00,212.38,212.81,211.78,212.35,184139
2026-03-02 15:15:00,212.35,213.23,212.0,213.23,324677
2026-03-02 15:25:00,213.05,213.38,212.28,213.09,89057
2026-03-04 09:15:00,209.0,209.99,205.52,206.1,913094
2026-03-04 09:25:00,206.02,207.05,204.5,204.82,631515
2026-03-04 09:35:00,204.82,205.91,204.31,205.2,193802
2026-03-04 09:45:00,205.29,206.1,204.3,204.77,206472
2026-03-04 09:55:00,204.89,205.34,204.1,205.23,167626
2026-03-04 10:05:00,205.22,205.99,204.9,205.85,110879
2026-03-04 10:15:00,205.85,205.95,204.56,205.08,112535
2026-03-04 10:25:00,205.0,205.5,204.5,204.65,57964
2026-03-04 10:35:00,204.65,204.74,203.61,203.79,165758
2026-03-04 10:45:00,203.7,204.49,203.5,204.12,65519
2026-03-04 10:55:00,204.15,204.5,203.8,204.38,52550
2026-03-04 11:05:00,204.4,204.92,204.09,204.4,39196
2026-03-04 11:15:00,204.3,204.38,202.64,203.6,156278
2026-03-04 11:25:00,203.6,203.63,203.19,203.22,53595
2026-03-04 11:35:00,203.2,203.82,203.11,203.38,50907
2026-03-04 11:45:00,203.38,204.3,202.85,203.62,100723
2026-03-04 11:55:00,203.62,203.95,203.4,203.83,42017
2026-03-04 12:05:00,203.83,203.93,203.2,203.25,40203
2026-03-04 12:15:00,203.25,203.5,203.1,203.2,39918
2026-03-04 12:25:00,203.24,203.28,202.4,202.65,74276
2026-03-04 12:35:00,202.76,203.33,202.5,203.0,71984
2026-03-04 12:45:00,202.97,203.88,202.97,203.77,60502
2026-03-04 12:55:00,203.77,204.13,203.61,204.13,69057
2026-03-04 13:05:00,204.12,205.05,203.71,204.73,104792
2026-03-04 13:15:00,204.73,206.43,204.18,206.18,128530
2026-03-04 13:25:00,206.22,206.25,204.71,204.75,91499
2026-03-04 13:35:00,204.7,204.93,204.27,204.56,53107
2026-03-04 13:45:00,204.56,204.76,204.1,204.13,28135
2026-03-04 13:55:00,204.1,204.46,203.68,204.25,37343
2026-03-04 14:05:00,204.3,205.49,204.11,205.14,49159
2026-03-04 14:15:00,205.27,205.84,204.72,204.86,106247
2026-03-04 14:25:00,204.86,204.92,204.25,204.57,53420
2026-03-04 14:35:00,204.57,204.88,204.18,204.8,76069
2026-03-04 14:45:00,204.8,205.15,204.31,204.52,89547
2026-03-04 14:55:00,204.52,204.8,202.75,202.9,146843
2026-03-04 15:05:00,202.95,203.18,202.22,202.63,216838
2026-03-04 15:15:00,202.67,203.14,202.06,202.35,259604
2026-03-04 15:25:00,202.27,202.42,201.1,201.1,203811
2026-03-05 09:15:00,205.15,207.0,203.51,205.0,429446
2026-03-05 09:25:00,204.81,205.91,204.6,205.32,184107
2026-03-05 09:35:00,205.36,205.6,203.53,203.83,188936
2026-03-05 09:45:00,203.85,204.86,203.85,204.59,55381
2026-03-05 09:55:00,204.59,204.69,203.11,203.25,129070
2026-03-05 10:05:00,203.25,203.86,203.11,203.45,47698
2026-03-05 10:15:00,203.45,203.7,202.2,202.57,138145
2026-03-05 10:25:00,202.49,202.58,201.97,202.2,90397
2026-03-05 10:35:00,202.35,203.35,202.35,203.01,48502
2026-03-05 10:45:00,203.01,203.26,202.57,202.91,51605
2026-03-05 10:55:00,202.8,203.21,202.7,202.8,34208
2026-03-05 11:05:00,202.8,203.0,202.71,202.9,22237
2026-03-05 11:15:00,202.77,203.75,202.7,202.7,123943
2026-03-05 11:25:00,202.65,202.65,201.4,202.0,101365
2026-03-05 11:35:00,201.96,202.0,201.0,201.0,73074
2026-03-05 11:45:00,201.1,201.45,200.75,201.42,90131
2026-03-05 11:55:00,201.36,201.6,201.01,201.6,24504
2026-03-05 12:05:00,201.59,202.4,201.59,202.39,99483
2026-03-05 12:15:00,202.39,203.49,202.23,203.11,81920
2026-03-05 12:25:00,203.2,203.78,203.04,203.13,99919
2026-03-05 12:35:00,203.06,203.39,203.0,203.16,37988
2026-03-05 12:45:00,203.16,203.65,203.03,203.51,106404
2026-03-05 12:55:00,203.51,203.94,202.81,202.99,109319
2026-03-05 13:05:00,202.8,203.29,202.67,203.0,44524
2026-03-05 13:15:00,203.0,203.13,202.0,202.65,66640
2026-03-05 13:25:00,202.72,203.31,202.58,202.71,43796
2026-03-05 13:35:00,202.71,203.14,202.54,202.61,34554
2026-03-05 13:45:00,202.61,202.69,201.61,201.79,43446
2026-03-05 13:55:00,201.8,202.19,201.61,202.17,63077
2026-03-05 14:05:00,202.07,202.13,201.24,201.39,83926
2026-03-05 14:15:00,201.39,201.79,201.05,201.67,37613
2026-03-05 14:25:00,201.58,201.75,201.36,201.62,33593
2026-03-05 14:35:00,201.62,203.5,201.5,203.49,128960
2026-03-05 14:45:00,203.49,204.8,203.35,204.7,229005
2026-03-05 14:55:00,204.91,205.12,204.41,205.0,194616
2026-03-05 15:05:00,204.94,205.33,204.69,204.83,171072
2026-03-05 15:15:00,204.83,204.97,204.33,204.95,204865
2026-03-05 15:25:00,204.95,205.19,204.58,205.1,75593
2026-03-06 09:15:00,204.4,207.8,204.0,207.79,523359
2026-03-06 09:25:00,207.79,208.84,207.02,208.18,204772
2026-03-06 09:35:00,208.21,208.92,207.57,208.78,151072
2026-03-06 09:45:00,208.66,209.18,207.5,207.72,159950
2026-03-06 09:55:00,207.72,208.17,206.9,207.31,146405
2026-03-06 10:05:00,207.4,208.0,207.05,207.62,99379
2026-03-06 10:15:00,207.8,207.8,206.8,207.17,70855
2026-03-06 10:25:00,207.2,207.51,206.71,206.8,53437
2026-03-06 10:35:00,206.8,206.8,206.2,206.61,48847
2026-03-06 10:45:00,206.61,206.76,205.81,206.21,105326
2026-03-06 10:55:00,206.42,206.95,206.04,206.73,43162
2026-03-06 11:05:00,206.73,207.0,206.23,206.65,39002
2026-03-06 11:15:00,206.65,207.09,206.2,206.29,58264
2026-03-06 11:25:00,206.29,206.41,205.8,206.06,54176
2026-03-06 11:35:00,206.06,206.75,205.8,206.49,31998
2026-03-06 11:45:00,206.36,206.98,206.08,206.53,28401
2026-03-06 11:55:00,206.53,206.53,206.03,206.1,19067
2026-03-06 12:05:00,206.1,206.42,205.6,205.67,34244
2026-03-06 12:15:00,205.67,206.1,205.38,205.79,43610
2026-03-06 12:25:00,205.79,206.15,205.7,206.15,35069
2026-03-06 12:35:00,206.15,206.88,205.89,206.87,48419
2026-03-06 12:45:00,206.87,207.0,206.51,206.8,25196
2026-03-06 12:55:00,206.8,207.0,206.49,206.7,25778
2026-03-06 13:05:00,206.7,206.96,206.26,206.49,34722
2026-03-06 13:15:00,206.49,206.99,206.38,206.82,24210
2026-03-06 13:25:00,206.82,207.19,206.15,206.2,52374
2026-03-06 13:35:00,206.25,207.89,206.25,207.61,84034
2026-03-06 13:45:00,207.61,207.9,207.24,207.4,63115
2026-03-06 13:55:00,207.4,207.6,207.1,207.51,50604
2026-03-06 14:05:00,207.51,207.73,207.04,207.65,71861
2026-03-06 14:15:00,207.51,208.4,207.44,207.99,102984
2026-03-06 14:25:00,207.99,208.13,207.71,207.86,46475
2026-03-06 14:35:00,207.86,208.0,206.25,206.7,137573
2026-03-06 14:45:00,206.52,206.63,205.67,206.13,85865
2026-03-06 14:55:00,206.2,206.2,205.16,205.35,113912
2026-03-06 15:05:00,205.35,205.75,205.06,205.75,81347
2026-03-06 15:15:00,205.59,205.59,204.13,204.8,183866
2026-03-06 15:25:00,204.75,204.9,203.9,204.9,93274
2026-03-09 09:15:00,198.0,199.59,193.5,193.64,461040
2026-03-09 09:25:00,193.64,195.3,193.0,194.97,369378
2026-03-09 09:35:00,194.9,195.88,194.76,195.0,131781
2026-03-09 09:45:00,194.77,195.67,194.3,194.7,194163
2026-03-09 09:55:00,194.7,195.76,194.49,195.23,84632
2026-03-09 10:05:00,195.23,196.2,194.95,195.82,101102
2026-03-09 10:15:00,195.76,195.82,194.55,194.89,80531
2026-03-09 10:25:00,194.85,195.42,194.55,194.65,78710
2026-03-09 10:35:00,194.62,195.24,194.4,194.95,45121
2026-03-09 10:45:00,194.96,195.32,193.79,195.02,76244
2026-03-09 10:55:00,195.07,195.99,195.0,195.36,101103
2026-03-09 11:05:00,195.35,195.44,194.7,195.04,30159
2026-03-09 11:15:00,195.04,195.7,194.65,195.6,51141
2026-03-09 11:25:00,195.6,196.2,195.5,196.0,108876
2026-03-09 11:35:00,196.0,196.5,195.59,196.0,48114
2026-03-09 11:45:00,196.0,196.45,195.62,195.7,83859
2026-03-09 11:55:00,195.7,195.75,194.84,195.19,51355
2026-03-09 12:05:00,195.19,195.24,194.4,194.65,46970
2026-03-09 12:15:00,194.56,195.0,194.16,194.59,94381
2026-03-09 12:25:00,194.59,195.14,194.59,194.81,33545
2026-03-09 12:35:00,194.81,195.3,194.65,194.66,171221
2026-03-09 12:45:00,194.75,194.87,193.8,194.4,52432
2026-03-09 12:55:00,194.4,194.9,194.15,194.88,15842
2026-03-09 13:05:00,194.9,194.99,194.41,194.52,12374
2026-03-09 13:15:00,194.52,194.83,194.06,194.06,34944
2026-03-09 13:25:00,194.06,194.62,193.67,194.26,48245
2026-03-09 13:35:00,194.12,194.52,194.01,194.2,19379
2026-03-09 13:45:00,194.3,194.6,193.85,194.06,24043
2026-03-09 13:55:00,194.06,194.3,193.7,193.77,37633
2026-03-09 14:05:00,193.78,194.18,193.7,193.71,26530
2026-03-09 14:15:00,193.71,193.97,193.5,193.93,56131
2026-03-09 14:25:00,193.93,194.29,193.76,194.11,31658
2026-03-09 14:35:00,194.0,194.39,193.68,194.16,74433
2026-03-09 14:45:00,194.17,194.83,194.03,194.49,152627
2026-03-09 14:55:00,194.54,194.81,194.03,194.7,136670
2026-03-09 15:05:00,194.7,195.28,194.34,194.81,160600
2026-03-09 15:15:00,194.81,196.2,194.81,195.99,276880
2026-03-09 15:25:00,195.86,196.0,195.31,196.0,78327
2026-03-10 09:15:00,200.32,201.0,198.13,199.27,375094
2026-03-10 09:25:00,199.27,199.52,198.26,198.4,137927
2026-03-10 09:35:00,198.4,198.66,197.6,198.34,113919
2026-03-10 09:45:00,198.42,198.86,198.01,198.37,56484
2026-03-10 09:55:00,198.22,198.22,197.27,197.83,80386
2026-03-10 10:05:00,197.83,198.44,197.54,198.44,51501
2026-03-10 10:15:00,198.44,198.72,197.93,198.2,55482
2026-03-10 10:25:00,198.29,198.5,197.9,198.08,46037
2026-03-10 10:35:00,198.08,198.49,197.93,198.09,26585
2026-03-10 10:45:00,198.21,198.62,198.0,198.36,39717
2026-03-10 10:55:00,198.36,198.39,198.04,198.25,42964
2026-03-10 11:05:00,198.2,198.87,198.2,198.5,54078
2026-03-10 11:15:00,198.5,199.73,198.5,199.09,64312
2026-03-10 11:25:00,199.09,199.25,198.56,199.02,83703
2026-03-10 11:35:00,198.87,199.45,198.83,199.16,20334
2026-03-10 11:45:00,199.16,199.16,198.29,198.84,18677
2026-03-10 11:55:00,198.81,198.89,198.62,198.75,16121
2026-03-10 12:05:00,198.75,198.9,198.04,198.15,32326
2026-03-10 12:15:00,198.17,198.72,197.81,197.9,26230
2026-03-10 12:25:00,197.9,198.45,197.9,198.2,11998
2026-03-10 12:35:00,198.2,198.66,198.2,198.56,19956
2026-03-10 12:45:00,198.56,198.89,198.3,198.65,17829
2026-03-10 12:55:00,198.78,199.35,198.7,198.89,52224
2026-03-10 13:05:00,198.89,198.89,198.05,198.21,22640
2026-03-10 13:15:00,198.21,198.36,197.83,197.93,23977
2026-03-10 13:25:00,197.95,198.5,197.95,198.32,10095
2026-03-10 13:35:00,198.32,198.84,198.31,198.4,14320
2026-03-10 13:45:00,198.4,198.51,198.21,198.35,11148
2026-03-10 13:55:00,198.35,198.54,198.1,198.32,16205
2026-03-10 14:05:00,198.32,198.7,198.15,198.58,14946
2026-03-10 14:15:00,198.64,198.83,198.21,198.28,19160
2026-03-10 14:25:00,198.28,198.76,198.23,198.6,17692
2026-03-10 14:35:00,198.51,200.36,198.5,199.39,410949
2026-03-10 14:45:00,199.42,199.6,198.88,199.53,126434
2026-03-10 14:55:00,199.69,199.77,199.0,199.25,102052
2026-03-10 15:05:00,199.35,199.75,199.25,199.57,97502
2026-03-10 15:15:00,199.57,200.8,199.5,200.47,249107
2026-03-10 15:25:00,200.47,200.8,200.0,200.59,132525
2026-03-11 09:15:00,201.99,205.46,201.05,204.59,475515
2026-03-11 09:25:00,204.42,205.22,203.86,204.7,188888
2026-03-11 09:35:00,204.7,205.9,204.07,205.28,177648
2026-03-11 09:45:00,205.43,206.46,205.19,205.28,171978
2026-03-11 09:55:00,205.2,205.46,204.8,204.84,131114
2026-03-11 10:05:00,204.84,205.0,204.05,204.1,110061
2026-03-11 10:15:00,204.2,204.74,203.9,204.34,98365
2026-03-11 10:25:00,204.44,204.59,203.15,203.4,97849
2026-03-11 10:35:00,203.4,203.4,202.41,202.61,164055
2026-03-11 10:45:00,202.56,202.75,201.8,202.75,124755
2026-03-11 10:55:00,202.79,203.34,202.0,202.82,73931
2026-03-11 11:05:00,202.76,202.96,202.04,202.14,41810
2026-03-11 11:15:00,202.14,202.31,201.77,201.9,77304
2026-03-11 11:25:00,201.9,202.37,201.62,202.03,48365
2026-03-11 11:35:00,202.03,202.2,201.74,201.75,43407
2026-03-11 11:45:00,201.8,201.95,201.5,201.71,33719
2026-03-11 11:55:00,201.71,202.45,201.31,202.24,46885
2026-03-11 12:05:00,202.24,202.74,201.9,202.39,48175
2026-03-11 12:15:00,202.39,202.86,202.39,202.53,33621
2026-03-11 12:25:00,202.53,202.75,202.1,202.28,14207
2026-03-11 12:35:00,202.28,202.37,201.65,202.11,41142
2026-03-11 12:45:00,202.11,202.2,201.87,201.95,23070
2026-03-11 12:55:00,201.95,202.16,201.5,201.7,43013
2026-03-11 13:05:00,201.7,201.82,200.67,201.0,74622
2026-03-11 13:15:00,200.92,201.4,200.4,201.25,86829
2026-03-11 13:25:00,201.25,201.54,201.01,201.05,24216
2026-03-11 13:35:00,201.05,201.1,200.7,200.95,27121
2026-03-11 13:45:00,200.95,200.95,200.0,200.44,101883
2026-03-11 13:55:00,200.48,200.75,200.2,200.74,21244
2026-03-11 14:05:00,200.74,200.75,200.31,200.67,39493
2026-03-11 14:15:00,200.67,200.78,199.8,199.8,45105
2026-03-11 14:25:00,199.62,200.64,199.62,200.33,56617
2026-03-11 14:35:00,200.35,200.37,200.12,200.3,33569
2026-03-11 14:45:00,200.18,200.32,199.33,199.89,42889
2026-03-11 14:55:00,199.89,199.97,199.15,199.5,63275
2026-03-11 15:05:00,199.5,199.91,198.83,199.26,120632
2026-03-11 15:15:00,199.16,199.9,198.0,199.31,224450
2026-03-11 15:25:00,199.4,199.4,198.05,198.57,98684
2026-03-12 09:15:00,198.2,198.2,194.4,195.9,340401
2026-03-12 09:25:00,195.9,197.23,195.71,196.73,166533
2026-03-12 09:35:00,196.76,197.05,196.2,196.63,73172
2026-03-12 09:45:00,196.63,197.3,196.45,197.14,46659
2026-03-12 09:55:00,197.14,198.0,197.01,197.5,119091
2026-03-12 10:05:00,197.37,197.53,196.47,196.57,90917
2026-03-12 10:15:00,196.57,196.57,195.8,195.8,44449
2026-03-12 10:25:00,195.8,196.92,195.8,196.8,80009
2026-03-12 10:35:00,196.8,197.16,196.39,197.16,39565
2026-03-12 10:45:00,197.16,197.53,196.75,197.11,42301
2026-03-12 10:55:00,197.11,199.26,196.87,198.96,175670
2026-03-12 11:05:00,198.96,199.74,198.52,199.15,56604
2026-03-12 11:15:00,199.21,199.39,198.44,198.9,44120
2026-03-12 11:25:00,198.93,200.5,198.93,200.4,103406
2026-03-12 11:35:00,200.52,202.48,200.52,202.21,193098
2026-03-12 11:45:00,202.2,202.2,201.26,201.95,87219
2026-03-12 11:55:00,201.92,202.35,201.52,201.8,107056
2026-03-12 12:05:00,201.8,201.91,201.25,201.7,38924
2026-03-12 12:15:00,201.65,202.14,201.38,202.0,37983
2026-03-12 12:25:00,202.0,202.89,201.9,202.33,69808
2026-03-12 12:35:00,202.21,202.85,202.04,202.5,48475
2026-03-12 12:45:00,202.5,203.73,202.5,202.75,154766
2026-03-12 12:55:00,202.86,203.48,202.61,203.2,50896
2026-03-12 13:05:00,203.2,203.48,202.6,203.24,59731
2026-03-12 13:15:00,203.24,204.0,203.08,203.85,87037
2026-03-12 13:25:00,203.89,204.8,203.7,204.4,85019
2026-03-12 13:35:00,204.5,204.7,203.9,204.07,55606
2026-03-12 13:45:00,204.11,204.3,203.41,203.98,53278
2026-03-12 13:55:00,203.8,204.0,203.5,203.68,20429
2026-03-12 14:05:00,203.68,203.78,202.61,203.2,62834
2026-03-12 14:15:00,203.2,203.36,202.88,203.05,21914
2026-03-12 14:25:00,203.05,203.56,202.99,203.41,28504
2026-03-12 14:35:00,203.41,203.48,202.55,202.69,60442
2026-03-12 14:45:00,202.66,202.95,200.49,201.18,189443
2026-03-12 14:55:00,201.0,201.8,200.51,200.7,118682
2026-03-12 15:05:00,200.62,201.09,200.49,200.76,76905
2026-03-12 15:15:00,200.75,200.98,200.15,200.75,190737
2026-03-12 15:25:00,200.8,201.23,200.2,200.68,67226
2026-03-13 09:15:00,198.0,199.91,195.72,196.29,312654
2026-03-13 09:25:00,196.2,197.33,195.9,196.62,143482
2026-03-13 09:35:00,196.62,196.98,196.1,196.19,92548
2026-03-13 09:45:00,196.2,196.2,194.41,194.5,215158
2026-03-13 09:55:00,194.5,194.65,193.65,194.2,133651
2026-03-13 10:05:00,194.21,194.21,193.03,193.21,82060
2026-03-13 10:15:00,193.21,193.48,192.5,192.69,116601
2026-03-13 10:25:00,192.69,194.0,192.63,192.94,81992
2026-03-13 10:35:00,192.92,193.1,192.33,192.58,78359
2026-03-13 10:45:00,192.53,193.8,192.41,193.45,47118
2026-03-13 10:55:00,193.45,193.45,192.75,192.97,59093
2026-03-13 11:05:00,192.97,192.97,192.0,192.25,63334
2026-03-13 11:15:00,192.25,192.5,191.81,192.4,53018
2026-03-13 11:25:00,192.4,193.4,192.36,193.31,42905
2026-03-13 11:35:00,193.28,193.5,193.02,193.33,35487
2026-03-13 11:45:00,193.25,193.25,192.8,192.96,25205
2026-03-13 11:55:00,192.7,193.07,192.26,192.54,43529
2026-03-13 12:05:00,192.54,192.67,192.07,192.67,20745
2026-03-13 12:15:00,192.67,192.69,191.1,191.1,112655
2026-03-13 12:25:00,191.25,192.01,191.05,191.3,51639
2026-03-13 12:35:00,191.3,191.48,190.48,190.99,133440
2026-03-13 12:45:00,190.84,191.5,190.84,191.15,29510
2026-03-13 12:55:00,191.2,191.45,190.78,190.97,46341
2026-03-13 13:05:00,190.8,190.94,190.21,190.45,45278
2026-03-13 13:15:00,190.45,190.74,190.02,190.03,30931
2026-03-13 13:25:00,190.09,190.98,190.01,190.01,69180
2026-03-13 13:35:00,190.15,190.59,189.8,190.46,98150
2026-03-13 13:45:00,190.58,190.59,190.0,190.11,79961
2026-03-13 13:55:00,190.11,190.3,189.75,189.89,72582
2026-03-13 14:05:00,189.89,191.19,189.86,191.19,56487
2026-03-13 14:15:00,191.11,191.3,190.63,190.86,52958
2026-03-13 14:25:00,191.0,191.5,190.87,191.15,36011
2026-03-13 14:35:00,191.15,191.39,190.95,191.2,47032
2026-03-13 14:45:00,191.2,191.2,189.84,189.98,51541
2026-03-13 14:55:00,189.97,190.48,189.8,189.89,96957
2026-03-13 15:05:00,189.84,190.41,189.61,190.33,141946
2026-03-13 15:15:00,190.32,190.32,185.0,189.46,699837
2026-03-13 15:25:00,189.39,190.0,189.13,189.83,166553
2026-03-16 09:15:00,189.82,190.9,186.15,186.57,348188
2026-03-16 09:25:00,186.57,189.19,185.79,189.19,177873
2026-03-16 09:35:00,189.19,190.29,189.0,189.9,161735
2026-03-16 09:45:00,189.87,190.14,189.1,189.5,79448
2026-03-16 09:55:00,189.5,189.7,188.52,188.9,77043
2026-03-16 10:05:00,188.9,189.54,188.15,188.2,73680
2026-03-16 10:15:00,188.2,188.2,186.39,186.41,94868
2026-03-16 10:25:00,186.52,187.26,186.13,186.47,50558
2026-03-16 10:35:00,186.47,187.02,186.12,186.31,41232
2026-03-16 10:45:00,186.18,186.28,185.35,185.41,50173
2026-03-16 10:55:00,185.52,186.84,185.12,186.36,67806
2026-03-16 11:05:00,186.44,186.75,186.06,186.44,32032
2026-03-16 11:15:00,186.44,188.3,186.43,188.12,82899
2026-03-16 11:25:00,188.01,188.19,187.52,187.9,25513
2026-03-16 11:35:00,187.9,188.1,187.5,187.5,26510
2026-03-16 11:45:00,187.5,188.43,187.24,187.72,47542
2026-03-16 11:55:00,187.65,188.27,187.17,187.95,18692
2026-03-16 12:05:00,187.95,188.0,187.3,187.51,28724
2026-03-16 12:15:00,187.5,188.32,187.12,188.32,46808
2026-03-16 12:25:00,188.28,188.65,187.97,188.0,72506
2026-03-16 12:35:00,187.92,188.4,187.7,187.85,7461
2026-03-16 12:45:00,187.85,188.11,187.44,188.11,33679
2026-03-16 12:55:00,188.02,188.41,187.63,187.8,20890
2026-03-16 13:05:00,187.74,188.43,187.44,187.95,20326
2026-03-16 13:15:00,187.93,188.25,187.74,188.1,16874
2026-03-16 13:25:00,188.1,188.37,187.71,187.71,14447
2026-03-16 13:35:00,187.71,188.33,187.61,187.9,18466
2026-03-16 13:45:00,187.86,188.25,187.47,187.81,49667
2026-03-16 13:55:00,187.81,188.02,187.42,187.58,22138
2026-03-16 14:05:00,187.58,188.44,187.46,188.05,23864
2026-03-16 14:15:00,188.05,189.7,187.65,189.63,78358
2026-03-16 14:25:00,189.61,190.1,189.05,190.0,154099
2026-03-16 14:35:00,189.8,190.37,189.68,190.07,75608
2026-03-16 14:45:00,190.07,190.79,189.51,190.19,50705
2026-03-16 14:55:00,190.19,190.39,188.71,189.13,105846
2026-03-16 15:05:00,189.13,189.58,188.94,189.22,120312
2026-03-16 15:15:00,189.18,189.36,188.35,188.95,165078
2026-03-16 15:25:00,188.8,189.22,188.52,189.0,68258
2026-03-17 09:15:00,189.0,191.15,186.5,186.66,266116
2026-03-17 09:25:00,186.54,187.12,186.05,186.56,93808
2026-03-17 09:35:00,186.68,187.68,186.57,187.22,86729
2026-03-17 09:45:00,187.25,187.6,186.79,187.02,56615
2026-03-17 09:55:00,187.02,187.33,186.31,187.2,80361
2026-03-17 10:05:00,187.32,187.6,187.0,187.4,48057
2026-03-17 10:15:00,187.4,188.44,187.4,188.0,72646
2026-03-17 10:25:00,188.1,188.35,187.11,187.16,53779
2026-03-17 10:35:00,187.16,187.48,186.82,187.38,42765
2026-03-17 10:45:00,187.38,188.98,187.3,188.66,63893
2026-03-17 10:55:00,188.69,188.9,188.3,188.67,60850
2026-03-17 11:05:00,188.67,188.97,188.09,188.09,18823
2026-03-17 11:15:00,188.09,188.2,187.5,187.77,33832
2026-03-17 11:25:00,187.6,187.76,187.2,187.31,19343
2026-03-17 11:35:00,187.32,187.63,187.11,187.45,18132
2026-03-17 11:45:00,187.45,187.65,187.18,187.32,32293
2026-03-17 11:55:00,187.32,187.36,186.75,187.0,22561
2026-03-17 12:05:00,187.0,187.19,186.75,187.06,24840
2026-03-17 12:15:00,187.06,187.16,186.49,186.52,40691
2026-03-17 12:25:00,186.52,186.68,186.2,186.61,22235
2026-03-17 12:35:00,186.43,186.94,186.43,186.94,20180
2026-03-17 12:45:00,186.94,187.25,186.69,186.83,40519
2026-03-17 12:55:00,186.8,187.38,186.68,187.29,64378
2026-03-17 13:05:00,187.29,187.55,187.05,187.5,34301
2026-03-17 13:15:00,187.55,187.9,187.39,187.54,32822
2026-03-17 13:25:00,187.54,188.48,187.27,187.86,35357
2026-03-17 13:35:00,187.86,187.9,187.36,187.4,33789
2026-03-17 13:45:00,187.55,187.81,187.39,187.76,21341
2026-03-17 13:55:00,187.76,188.09,187.65,188.0,14500
2026-03-17 14:05:00,188.0,188.39,187.7,187.99,46052
2026-03-17 14:15:00,187.92,188.1,187.75,187.96,36884
2026-03-17 14:25:00,187.96,188.7,187.57,188.61,79698
2026-03-17 14:35:00,188.6,188.85,188.24,188.45,41068
2026-03-17 14:45:00,188.41,188.85,188.15,188.83,55534
2026-03-17 14:55:00,188.94,190.5,188.94,189.4,179175
2026-03-17 15:05:00,189.5,189.72,189.05,189.49,131963
2026-03-17 15:15:00,189.45,189.72,188.71,189.27,144098
2026-03-17 15:25:00,189.33,189.6,189.01,189.6,38379
2026-03-18 09:15:00,190.5,191.89,190.07,191.31,223840
2026-03-18 09:25:00,191.31,192.49,190.75,192.3,146867
2026-03-18 09:35:00,192.33,192.95,192.11,192.51,114324
2026-03-18 09:45:00,192.51,193.2,192.51,192.75,122463
2026-03-18 09:55:00,192.75,192.75,190.82,190.99,151233
2026-03-18 10:05:00,190.99,191.33,190.75,191.21,53737
2026-03-18 10:15:00,191.21,192.43,191.21,192.31,92743
2026-03-18 10:25:00,192.31,192.7,192.03,192.41,73493
2026-03-18 10:35:00,192.3,192.4,192.0,192.02,25186
2026-03-18 10:45:00,192.02,192.92,192.01,192.8,40767
2026-03-18 10:55:00,192.8,193.49,192.6,193.35,102878
2026-03-18 11:05:00,193.33,194.48,193.11,194.32,86364
2026-03-18 11:15:00,194.35,194.7,193.96,194.5,91549
2026-03-18 11:25:00,194.5,195.27,194.19,194.9,133360
2026-03-18 11:35:00,194.9,196.18,194.78,195.51,138898
2026-03-18 11:45:00,195.51,195.52,194.37,194.55,66452
2026-03-18 11:55:00,194.55,194.65,194.29,194.63,36009
2026-03-18 12:05:00,194.63,194.89,194.4,194.68,39235
2026-03-18 12:15:00,194.59,194.9,194.58,194.7,24773
2026-03-18 12:25:00,194.7,196.0,194.35,195.47,128643
2026-03-18 12:35:00,195.61,195.77,195.12,195.2,21398
2026-03-18 12:45:00,195.19,195.2,194.5,194.81,35639
2026-03-18 12:55:00,194.95,195.0,194.71,194.83,9972
2026-03-18 13:05:00,194.83,195.46,194.83,195.45,35037
2026-03-18 13:15:00,195.45,195.82,195.15,195.7,41038
2026-03-18 13:25:00,195.7,196.06,195.69,196.06,51917
2026-03-18 13:35:00,196.1,196.1,195.31,195.85,63973
2026-03-18 13:45:00,195.99,195.99,195.5,195.8,41754
2026-03-18 13:55:00,195.8,195.89,195.35,195.38,17307
2026-03-18 14:05:00,195.37,195.47,194.93,195.16,56570
2026-03-18 14:15:00,195.1,195.75,195.0,195.62,39559
2026-03-18 14:25:00,195.62,195.83,194.74,194.74,58406
2026-03-18 14:35:00,194.74,195.09,194.32,194.32,57030
2026-03-18 14:45:00,194.32,195.22,194.32,195.16,66052
2026-03-18 14:55:00,195.16,195.3,194.58,194.94,37959
2026-03-18 15:05:00,194.95,195.08,194.67,194.73,96346
2026-03-18 15:15:00,194.72,194.8,194.13,194.7,118174
2026-03-18 15:25:00,194.75,194.75,193.9,194.6,79435
2026-03-19 09:15:00,189.3,192.44,189.3,192.3,205958
2026-03-19 09:25:00,192.45,192.74,191.97,192.52,87556
2026-03-19 09:35:00,192.24,192.5,191.5,191.63,51102
2026-03-19 09:45:00,191.63,191.73,190.85,190.86,67757
2026-03-19 09:55:00,190.86,191.28,190.6,191.2,29172
2026-03-19 10:05:00,191.2,191.41,191.05,191.21,22913
2026-03-19 10:15:00,190.95,191.02,190.26,190.5,53028
2026-03-19 10:25:00,190.5,191.5,190.5,191.48,17996
2026-03-19 10:35:00,191.48,191.72,191.12,191.46,82031
2026-03-19 10:45:00,191.46,191.5,190.9,191.33,38303
2026-03-19 10:55:00,191.33,191.57,190.81,190.81,10526
2026-03-19 11:05:00,190.81,191.9,190.65,191.11,39232
2026-03-19 11:15:00,191.14,191.16,190.4,191.04,47723
2026-03-19 11:25:00,190.9,191.88,190.74,191.21,57404
2026-03-19 11:35:00,191.21,191.51,191.2,191.37,30764
2026-03-19 11:45:00,191.23,191.44,191.11,191.32,7809
2026-03-19 11:55:00,191.2,191.2,190.75,190.9,18740
2026-03-19 12:05:00,190.9,191.5,190.83,191.5,13171
2026-03-19 12:15:00,191.5,191.69,191.0,191.0,28656
2026-03-19 12:25:00,191.0,191.24,190.68,191.16,26055
2026-03-19 12:35:00,191.16,191.16,190.77,190.92,18875
2026-03-19 12:45:00,190.92,191.33,190.84,191.33,9519
2026-03-19 12:55:00,191.33,191.39,190.65,190.65,13658
2026-03-19 13:05:00,190.65,190.84,190.25,190.25,28341
2026-03-19 13:15:00,190.25,190.48,190.15,190.2,32645
2026-03-19 13:25:00,190.2,190.39,190.0,190.26,24113
2026-03-19 13:35:00,190.26,190.69,190.04,190.45,16260
2026-03-19 13:45:00,190.48,190.71,190.16,190.25,36764
2026-03-19 13:55:00,190.25,190.39,189.72,189.9,52458
2026-03-19 14:05:00,189.9,189.9,188.95,189.0,42695
2026-03-19 14:15:00,189.0,189.89,189.0,189.28,32671
2026-03-19 14:25:00,189.49,189.49,189.0,189.25,41835
2026-03-19 14:35:00,189.3,189.3,188.41,188.99,55627
2026-03-19 14:45:00,188.99,189.0,187.4,187.67,97919
2026-03-19 14:55:00,187.67,187.95,187.15,187.78,47489
2026-03-19 15:05:00,187.72,188.2,187.54,187.92,86060
2026-03-19 15:15:00,187.87,188.21,186.82,188.11,184395
2026-03-19 15:25:00,188.1,188.35,187.15,188.35,79696
2026-03-20 09:15:00,190.56,193.9,190.04,193.9,275737
2026-03-20 09:25:00,193.9,196.97,193.75,195.79,376161
2026-03-20 09:35:00,195.91,196.1,194.63,194.91,169973
2026-03-20 09:45:00,194.88,195.33,194.71,195.25,78735
2026-03-20 09:55:00,195.21,195.48,194.46,194.51,64035
2026-03-20 10:05:00,194.51,194.79,193.87,194.05,78346
2026-03-20 10:15:00,194.05,194.08,193.0,193.46,96081
2026-03-20 10:25:00,193.46,194.0,193.42,193.6,51709
2026-03-20 10:35:00,193.6,193.8,193.1,193.2,17483
2026-03-20 10:45:00,193.2,193.92,192.86,193.45,56522
2026-03-20 10:55:00,193.43,193.45,192.5,192.51,46979
2026-03-20 11:05:00,192.5,192.89,192.41,192.8,21163
2026-03-20 11:15:00,192.8,193.95,192.75,193.8,29334
2026-03-20 11:25:00,193.86,194.31,193.35,193.75,29795
2026-03-20 11:35:00,193.75,193.99,193.08,193.19,13863
2026-03-20 11:45:00,193.19,193.4,192.83,192.83,31909
2026-03-20 11:55:00,192.99,193.34,192.27,192.4,94287
2026-03-20 12:05:00,192.37,192.57,191.73,192.09,39251
2026-03-20 12:15:00,192.11,192.22,191.31,191.35,33269
2026-03-20 12:25:00,191.35,191.99,191.06,191.5,33701
2026-03-20 12:35:00,191.65,192.0,191.44,191.96,19487
2026-03-20 12:45:00,191.96,192.3,191.82,192.3,33232
2026-03-20 12:55:00,192.26,192.26,191.41,191.71,25511
2026-03-20 13:05:00,191.71,192.2,191.61,192.06,23271
2026-03-20 13:15:00,192.0,192.39,191.62,191.86,28755
2026-03-20 13:25:00,191.86,192.19,191.7,191.98,9603
2026-03-20 13:35:00,191.85,192.2,191.74,191.76,13137
2026-03-20 13:45:00,191.63,191.82,191.32,191.53,29226
2026-03-20 13:55:00,191.53,191.83,191.2,191.42,35804
2026-03-20 14:05:00,191.42,191.73,191.0,191.0,16358
2026-03-20 14:15:00,191.0,191.17,190.72,190.85,31791
2026-03-20 14:25:00,190.72,191.35,190.72,191.35,43017
2026-03-20 14:35:00,191.35,191.69,191.01,191.49,55745
2026-03-20 14:45:00,191.23,191.52,191.01,191.24,79911
2026-03-20 14:55:00,191.31,192.32,190.79,191.78,139973
2026-03-20 15:05:00,191.78,192.0,191.56,191.64,176496
2026-03-20 15:15:00,191.64,191.89,191.04,191.75,177952
2026-03-20 15:25:00,191.85,191.95,191.44,191.51,94884
2026-03-23 09:15:00,188.0,189.81,187.4,188.41,341831
2026-03-23 09:25:00,188.41,189.52,188.1,189.05,151105
2026-03-23 09:35:00,189.04,189.04,185.9,186.24,123696
2026-03-23 09:45:00,186.09,186.23,184.41,184.54,113602
2026-03-23 09:55:00,184.54,184.8,183.33,183.5,101082
2026-03-23 10:05:00,183.42,184.18,183.25,183.42,82314
2026-03-23 10:15:00,183.3,183.3,182.4,182.46,85188
2026-03-23 10:25:00,182.61,182.61,181.81,181.99,100679
2026-03-23 10:35:00,181.99,183.19,181.8,182.29,69071
2026-03-23 10:45:00,182.12,182.52,181.35,181.67,82079
2026-03-23 10:55:00,181.67,182.04,181.13,181.76,71638
2026-03-23 11:05:00,181.76,182.75,181.52,181.98,65499
2026-03-23 11:15:00,181.98,182.2,181.52,181.84,62426
2026-03-23 11:25:00,181.8,182.27,181.5,181.6,45665
2026-03-23 11:35:00,181.6,181.99,181.4,181.59,30893
2026-03-23 11:45:00,181.59,182.39,181.54,181.68,33508
2026-03-23 11:55:00,181.6,181.71,181.36,181.5,49811
2026-03-23 12:05:00,181.5,181.99,181.45,181.5,21760
2026-03-23 12:15:00,181.39,181.72,180.65,180.65,80700
2026-03-23 12:25:00,180.65,181.5,180.47,181.15,61334
2026-03-23 12:35:00,181.05,181.54,180.9,181.22,61243
2026-03-23 12:45:00,181.22,181.87,180.84,180.95,42936
2026-03-23 12:55:00,180.95,180.95,179.35,179.67,166407
2026-03-23 13:05:00,179.67,180.23,179.01,179.96,102412
2026-03-23 13:15:00,179.85,180.79,179.85,180.39,69608
2026-03-23 13:25:00,180.37,180.77,180.0,180.72,19591
2026-03-23 13:35:00,180.72,181.08,180.5,180.9,26013
2026-03-23 13:45:00,180.9,181.7,180.9,181.44,58727
2026-03-23 13:55:00,181.44,183.2,181.41,182.24,78549
2026-03-23 14:05:00,182.14,182.89,181.72,182.34,66006
2026-03-23 14:15:00,182.34,183.21,182.34,182.66,47232
2026-03-23 14:25:00,182.64,182.68,181.52,181.61,32889
2026-03-23 14:35:00,181.61,182.13,181.59,181.94,46194
2026-03-23 14:45:00,181.94,182.45,181.8,182.15,29939
2026-03-23 14:55:00,182.2,182.38,180.86,181.03,130420
2026-03-23 15:05:00,181.03,182.25,181.03,182.0,175020
2026-03-23 15:15:00,181.99,182.06,180.65,180.95,136791
2026-03-23 15:25:00,180.94,181.22,180.1,180.5,73844
2026-03-24 09:15:00,188.0,188.0,184.2,185.57,291596
2026-03-24 09:25:00,185.57,186.9,185.57,186.48,131545
2026-03-24 09:35:00,186.4,186.7,185.55,185.62,74827
2026-03-24 09:45:00,185.69,185.95,184.7,185.95,81217
2026-03-24 09:55:00,185.86,186.5,184.93,184.93,40486
2026-03-24 10:05:00,184.9,185.2,184.31,184.54,52197
2026-03-24 10:15:00,184.54,185.0,184.27,184.55,34626
2026-03-24 10:25:00,184.68,184.88,183.5,183.62,82564
2026-03-24 10:35:00,183.36,184.12,183.1,183.66,76992
2026-03-24 10:45:00,183.66,184.28,183.24,183.79,30679
2026-03-24 10:55:00,183.79,184.05,183.54,184.05,20321
2026-03-24 11:05:00,184.05,184.7,183.91,184.26,40756
2026-03-24 11:15:00,184.26,185.47,184.2,184.2,38748
2026-03-24 11:25:00,184.2,185.05,184.12,185.05,12504
2026-03-24 11:35:00,185.05,185.61,184.74,185.0,25414
2026-03-24 11:45:00,185.0,185.73,185.0,185.64,29874
2026-03-24 11:55:00,185.73,186.27,185.64,185.95,35960
2026-03-24 12:05:00,185.95,185.95,185.3,185.37,27082
2026-03-24 12:15:00,185.37,187.33,185.31,187.13,41633
2026-03-24 12:25:00,187.11,187.24,185.95,186.74,46857
2026-03-24 12:35:00,186.91,187.8,186.8,187.21,56341
2026-03-24 12:45:00,187.22,187.8,187.17,187.6,50166
2026-03-24 12:55:00,187.6,188.26,187.32,187.68,90689
2026-03-24 13:05:00,187.83,188.65,187.27,188.35,85571
2026-03-24 13:15:00,188.49,188.6,187.84,188.38,47039
2026-03-24 13:25:00,188.29,188.72,188.09,188.52,28710
2026-03-24 13:35:00,188.52,189.0,188.23,188.41,69063
2026-03-24 13:45:00,188.41,188.71,187.24,187.65,83104
2026-03-24 13:55:00,187.65,187.87,187.35,187.67,18591
2026-03-24 14:05:00,187.67,187.99,187.6,187.83,15058
2026-03-24 14:15:00,188.09,188.39,187.6,187.77,23713
2026-03-24 14:25:00,187.77,188.0,187.56,187.84,13290
2026-03-24 14:35:00,187.74,187.85,187.0,187.5,45855
2026-03-24 14:45:00,187.5,187.78,187.27,187.77,28855
2026-03-24 14:55:00,187.77,188.3,187.1,187.33,42537
2026-03-24 15:05:00,187.33,187.97,187.12,187.43,116238
2026-03-24 15:15:00,187.43,187.8,186.87,187.5,139952
2026-03-24 15:25:00,187.5,187.7,187.11,187.31,44515
2026-03-25 09:15:00,191.0,194.7,190.41,193.61,412182
2026-03-25 09:25:00,193.5,193.9,193.1,193.78,102275
2026-03-25 09:35:00,193.8,194.2,192.7,194.04,103650
2026-03-25 09:45:00,193.94,195.3,193.94,194.81,137320
2026-03-25 09:55:00,194.92,195.69,194.39,194.67,128818
2026-03-25 10:05:00,194.67,195.98,194.62,195.71,141760
2026-03-25 10:15:00,195.73,195.73,194.76,194.76,117850
2026-03-25 10:25:00,194.76,196.45,194.76,196.04,89026
2026-03-25 10:35:00,196.04,197.2,195.97,197.04,186768
2026-03-25 10:45:00,196.95,197.31,196.25,196.35,127287
2026-03-25 10:55:00,196.35,196.46,195.81,196.16,58237
2026-03-25 11:05:00,196.16,196.51,195.88,196.0,50735
2026-03-25 11:15:00,196.13,196.3,195.92,196.1,60099
2026-03-25 11:25:00,196.0,196.4,195.59,196.07,62219
2026-03-25 11:35:00,196.2,196.3,195.31,195.58,43451
2026-03-25 11:45:00,195.5,196.21,195.5,196.09,24394
2026-03-25 11:55:00,196.09,196.2,195.93,196.12,34813
2026-03-25 12:05:00,196.12,196.29,195.9,196.2,25918
2026-03-25 12:15:00,196.14,196.3,195.9,196.0,25419
2026-03-25 12:25:00,196.0,196.15,195.81,195.84,16413
2026-03-25 12:35:00,195.84,196.1,195.79,195.96,22952
2026-03-25 12:45:00,195.92,196.06,195.46,195.46,414752
2026-03-25 12:55:00,195.46,196.47,195.15,196.08,128562
2026-03-25 13:05:00,196.08,196.59,195.98,196.14,130404
2026-03-25 13:15:00,196.15,196.15,195.61,195.87,70281
2026-03-25 13:25:00,195.87,196.52,195.84,196.06,84909
2026-03-25 13:35:00,196.06,196.36,196.03,196.35,20770
2026-03-25 13:45:00,196.3,196.61,196.22,196.25,15875
2026-03-25 13:55:00,196.25,196.5,196.05,196.05,20528
2026-03-25 14:05:00,196.04,196.18,195.35,195.4,58324
2026-03-25 14:15:00,195.4,196.29,195.38,195.93,55077
2026-03-25 14:25:00,196.03,196.3,195.93,196.16,22428
2026-03-25 14:35:00,196.16,196.2,195.93,196.1,29749
2026-03-25 14:45:00,196.1,196.24,195.92,196.01,32602
2026-03-25 14:55:00,196.01,196.48,195.71,196.25,91107
2026-03-25 15:05:00,196.24,196.25,195.8,196.19,115068
2026-03-25 15:15:00,196.15,196.34,195.51,195.74,177318
2026-03-25 15:25:00,195.71,196.23,195.69,195.95,100837
2026-03-27 09:15:00,193.5,194.42,191.26,192.14,222516
2026-03-27 09:25:00,192.12,193.11,191.91,192.13,65254
2026-03-27 09:35:00,192.13,192.3,191.4,191.71,65696
2026-03-27 09:45:00,191.8,191.83,191.31,191.35,255675
2026-03-27 09:55:00,191.35,191.61,190.2,190.57,301331
2026-03-27 10:05:00,190.5,190.76,190.15,190.59,76759
2026-03-27 10:15:00,190.55,190.55,189.31,189.82,72897
2026-03-27 10:25:00,189.79,190.25,189.36,189.49,27706
2026-03-27 10:35:00,189.53,189.61,189.09,189.11,35009
2026-03-27 10:45:00,189.11,189.11,188.5,188.69,47135
2026-03-27 10:55:00,188.66,189.29,188.37,188.78,73156
2026-03-27 11:05:00,188.65,189.3,188.62,188.83,22792
2026-03-27 11:15:00,188.83,188.88,188.05,188.24,32566
2026-03-27 11:25:00,188.22,188.99,188.06,188.55,37141
2026-03-27 11:35:00,188.69,189.06,188.34,188.79,44668
2026-03-27 11:45:00,188.79,189.2,188.36,189.11,17267
2026-03-27 11:55:00,189.1,189.1,188.11,188.36,18103
2026-03-27 12:05:00,188.33,188.73,188.28,188.51,20355
2026-03-27 12:15:00,188.5,188.51,187.99,188.4,49360
2026-03-27 12:25:00,188.39,189.15,188.35,188.96,54959
2026-03-27 12:35:00,188.96,189.8,188.59,188.99,26700
2026-03-27 12:45:00,188.99,189.4,188.73,189.01,22541
2026-03-27 12:55:00,189.01,189.3,188.73,189.25,31670
2026-03-27 13:05:00,189.25,189.45,189.02,189.45,16859
2026-03-27 13:15:00,189.45,190.3,189.18,189.99,84478
2026-03-27 13:25:00,189.96,190.87,189.37,190.44,118337
2026-03-27 13:35:00,190.31,190.31,189.2,189.5,53257
2026-03-27 13:45:00,189.5,189.74,189.25,189.35,23303
2026-03-27 13:55:00,189.35,189.61,189.11,189.58,39036
2026-03-27 14:05:00,189.6,190.1,189.16,189.98,97441
2026-03-27 14:15:00,189.91,190.0,189.47,189.76,59116
2026-03-27 14:25:00,189.58,189.76,189.1,189.3,48023
2026-03-27 14:35:00,189.3,189.7,189.1,189.57,20818
2026-03-27 14:45:00,189.61,190.66,189.3,190.3,108158
2026-03-27 14:55:00,190.3,190.46,189.7,190.25,89443
2026-03-27 15:05:00,190.22,190.3,189.89,190.0,91261
2026-03-27 15:15:00,190.03,190.27,189.15,189.27,135065
2026-03-27 15:25:00,189.31,189.52,189.0,189.45,53276
2026-03-30 09:15:00,186.0,187.5,183.85,186.26,277671
2026-03-30 09:25:00,186.26,189.35,186.02,189.32,177811
2026-03-30 09:35:00,189.16,190.18,188.39,189.92,95454
2026-03-30 09:45:00,190.03,191.71,189.38,190.35,232463
2026-03-30 09:55:00,190.23,190.23,188.72,189.0,61447
2026-03-30 10:05:00,189.0,189.13,187.2,187.65,53076
2026-03-30 10:15:00,187.65,187.65,186.7,186.84,59794
2026-03-30 10:25:00,186.84,187.02,186.21,186.48,45070
2026-03-30 10:35:00,186.48,187.37,186.36,186.48,58111
2026-03-30 10:45:00,186.33,186.81,186.24,186.29,25273
2026-03-30 10:55:00,186.4,186.9,186.1,186.53,14095
2026-03-30 11:05:00,186.43,186.82,185.83,186.21,42310
2026-03-30 11:15:00,186.21,186.8,186.01,186.19,14920
2026-03-30 11:25:00,186.19,186.95,185.91,186.78,31583
2026-03-30 11:35:00,186.99,187.28,186.02,186.02,29231
2026-03-30 11:45:00,186.02,186.37,185.69,186.28,26507
2026-03-30 11:55:00,186.31,187.65,186.05,187.65,54927
2026-03-30 12:05:00,187.57,187.64,186.25,186.65,55311
2026-03-30 12:15:00,186.65,187.55,186.0,186.16,55831
2026-03-30 12:25:00,186.16,186.18,185.5,185.86,33111
2026-03-30 12:35:00,185.79,186.3,185.72,186.17,16086
2026-03-30 12:45:00,186.17,186.17,185.56,185.56,15627
2026-03-30 12:55:00,185.71,186.09,185.56,185.75,9040
2026-03-30 13:05:00,185.75,186.83,185.36,186.69,43098
2026-03-30 13:15:00,186.69,186.95,186.27,186.9,55379
2026-03-30 13:25:00,186.9,186.92,186.0,186.6,23182
2026-03-30 13:35:00,186.51,186.73,185.65,185.74,24077
2026-03-30 13:45:00,185.74,185.87,184.99,185.0,61305
2026-03-30 13:55:00,185.12,186.3,184.55,186.13,53603
2026-03-30 14:05:00,186.3,186.37,185.0,185.15,58191
2026-03-30 14:15:00,185.15,185.28,184.5,184.6,44948
2026-03-30 14:25:00,184.52,184.64,184.02,184.11,63298
2026-03-30 14:35:00,184.0,184.31,183.75,184.22,52692
2026-03-30 14:45:00,184.27,184.27,183.4,183.63,50276
2026-03-30 14:55:00,183.63,183.63,182.18,182.29,65094
2026-03-30 15:05:00,182.29,183.0,177.5,182.31,408456
2026-03-30 15:15:00,182.42,182.99,182.14,182.65,214052
2026-03-30 15:25:00,182.65,182.94,182.44,182.51,75362
2026-04-01 09:15:00,191.33,192.15,188.46,191.81,377589
2026-04-01 09:25:00,191.81,193.48,191.21,191.72,196837
2026-04-01 09:35:00,191.72,192.21,190.91,191.78,134636
2026-04-01 09:45:00,191.78,193.0,191.78,192.96,68732
2026-04-01 09:55:00,193.0,193.5,192.55,192.8,94841
2026-04-01 10:05:00,192.95,193.26,192.44,192.58,36372
2026-04-01 10:15:00,192.58,192.6,191.33,191.33,61671
2026-04-01 10:25:00,191.33,191.7,190.8,191.42,74018
2026-04-01 10:35:00,191.42,191.95,191.3,191.8,56828
2026-04-01 10:45:00,191.8,192.13,191.51,191.85,33934
2026-04-01 10:55:00,191.85,191.85,191.12,191.27,17840
2026-04-01 11:05:00,191.28,192.58,191.13,191.74,74032
2026-04-01 11:15:00,191.74,197.37,191.68,197.24,623443
2026-04-01 11:25:00,197.23,199.2,196.51,198.6,592803
2026-04-01 11:35:00,198.63,199.8,198.49,199.0,371998
2026-04-01 11:45:00,198.91,199.14,197.1,197.25,251846
2026-04-01 11:55:00,197.25,201.55,197.01,200.96,514990
2026-04-01 12:05:00,201.05,201.14,199.55,199.8,180957
2026-04-01 12:15:00,199.87,201.41,199.6,201.06,196682
2026-04-01 12:25:00,201.06,201.88,199.85,200.1,232289
2026-04-01 12:35:00,200.1,200.89,200.1,200.39,74531
2026-04-01 12:45:00,200.35,200.98,200.25,200.5,57181
2026-04-01 12:55:00,200.48,200.48,199.1,199.2,225858
2026-04-01 13:05:00,199.12,199.83,199.11,199.83,68400
2026-04-01 13:15:00,199.68,199.84,198.21,198.6,109128
2026-04-01 13:25:00,198.61,199.26,198.46,198.92,97128
2026-04-01 13:35:00,198.92,198.92,197.16,197.83,262591
2026-04-01 13:45:00,197.9,199.57,197.72,198.4,102888
2026-04-01 13:55:00,198.4,198.8,197.7,198.12,55536
2026-04-01 14:05:00,198.12,198.82,198.1,198.6,44257
2026-04-01 14:15:00,198.51,199.78,198.25,199.12,113597
2026-04-01 14:25:00,199.23,200.5,199.09,200.25,273074
2026-04-01 14:35:00,200.38,200.7,199.98,200.14,273992
2026-04-01 14:45:00,200.22,200.29,200.0,200.16,243606
2026-04-01 14:55:00,200.04,201.16,199.58,200.0,371242
2026-04-01 15:05:00,199.99,201.0,199.88,200.93,180399
2026-04-01 15:15:00,200.89,201.99,200.75,201.59,366041
2026-04-01 15:25:00,201.58,201.78,200.47,201.1,112215
2026-04-02 09:15:00,194.0,195.0,192.87,194.76,336229
2026-04-02 09:25:00,194.75,194.9,193.72,194.05,111095
2026-04-02 09:35:00,193.8,194.44,193.63,194.25,66151
2026-04-02 09:45:00,194.25,194.25,192.5,192.61,170607
2026-04-02 09:55:00,192.61,193.23,192.51,192.66,82524
2026-04-02 10:05:00,192.66,192.66,192.0,192.47,96831
2026-04-02 10:15:00,192.25,192.29,191.61,191.74,72940
2026-04-02 10:25:00,191.67,192.57,191.64,192.5,34470
2026-04-02 10:35:00,192.5,192.71,192.31,192.57,29327
2026-04-02 10:45:00,192.57,192.62,191.83,192.51,34833
2026-04-02 10:55:00,192.5,192.73,192.34,192.44,27633
2026-04-02 11:05:00,192.44,192.64,192.2,192.36,13763
2026-04-02 11:15:00,192.36,192.49,192.21,192.49,12559
2026-04-02 11:25:00,192.49,193.1,192.45,192.8,24839
2026-04-02 11:35:00,192.74,193.2,192.74,193.1,27929
2026-04-02 11:45:00,193.15,193.48,193.05,193.39,33971
2026-04-02 11:55:00,193.39,194.45,193.39,193.6,116951
2026-04-02 12:05:00,193.6,194.0,193.3,194.0,32585
2026-04-02 12:15:00,194.0,194.25,193.12,193.58,51657
2026-04-02 12:25:00,193.58,193.99,193.53,193.81,12308
2026-04-02 12:35:00,193.81,196.89,193.8,196.5,168932
2026-04-02 12:45:00,196.59,197.8,196.15,197.44,134681
2026-04-02 12:55:00,197.4,198.39,197.21,198.32,157261
2026-04-02 13:05:00,198.32,199.36,197.81,199.01,146430
2026-04-02 13:15:00,199.01,199.33,198.79,199.33,137456
2026-04-02 13:25:00,199.33,199.99,199.05,199.5,172664
2026-04-02 13:35:00,199.5,199.7,199.16,199.48,71380
2026-04-02 13:45:00,199.47,199.8,199.11,199.57,63885
2026-04-02 13:55:00,199.57,199.99,199.34,199.98,84037
2026-04-02 14:05:00,199.98,200.67,199.65,200.47,122736
2026-04-02 14:15:00,200.45,200.8,198.5,198.77,183856
2026-04-02 14:25:00,198.77,200.8,198.61,200.8,196071
2026-04-02 14:35:00,200.7,201.88,199.18,199.45,482222
2026-04-02 14:45:00,199.45,200.32,199.11,200.0,103918
2026-04-02 14:55:00,200.0,200.7,200.0,200.0,98558
2026-04-02 15:05:00,200.0,201.39,200.0,200.99,188608
2026-04-02 15:15:00,200.99,201.27,200.04,200.1,201857
2026-04-02 15:25:00,200.1,200.25,199.0,199.0,80068
2026-04-06 09:15:00,199.0,199.54,195.75,196.5,261840
2026-04-06 09:25:00,196.7,197.49,195.66,197.49,168378
2026-04-06 09:35:00,197.38,198.45,196.61,197.4,143834
2026-04-06 09:45:00,197.4,197.96,195.9,196.43,95026
2026-04-06 09:55:00,196.58,196.9,195.9,196.21,66883
2026-04-06 10:05:00,196.47,196.72,196.0,196.61,34800
2026-04-06 10:15:00,196.61,197.47,196.2,196.86,66597
2026-04-06 10:25:00,196.86,197.19,196.31,196.6,95462
2026-04-06 10:35:00,196.6,197.44,196.6,197.06,34915
2026-04-06 10:45:00,197.25,197.58,196.4,196.41,59032
2026-04-06 10:55:00,196.41,197.0,196.26,196.36,51627
2026-04-06 11:05:00,196.27,196.71,195.6,196.51,156067
2026-04-06 11:15:00,196.51,198.3,196.35,198.02,338053
2026-04-06 11:25:00,198.02,199.75,197.8,199.71,184289
2026-04-06 11:35:00,199.71,200.98,199.05,200.55,227970
2026-04-06 11:45:00,200.55,201.0,200.18,200.64,210087
2026-04-06 11:55:00,200.65,200.98,199.9,200.06,152139
2026-04-06 12:05:00,200.06,200.4,199.68,199.71,18066
2026-04-06 12:15:00,199.71,200.5,199.71,200.25,58217
2026-04-06 12:25:00,200.25,200.91,200.07,200.11,24558
2026-04-06 12:35:00,200.0,200.1,199.61,199.77,43339
2026-04-06 12:45:00,199.77,199.99,199.31,199.84,40457
2026-04-06 12:55:00,199.84,200.24,199.24,199.44,106353
2026-04-06 13:05:00,199.43,199.99,199.11,199.78,39416
2026-04-06 13:15:00,199.78,200.0,199.46,199.77,89879
2026-04-06 13:25:00,199.81,199.82,199.35,199.64,23390
2026-04-06 13:35:00,199.65,201.65,199.57,201.1,176178
2026-04-06 13:45:00,201.1,201.72,200.92,201.7,85724
2026-04-06 13:55:00,201.72,204.0,201.37,202.25,535548
2026-04-06 14:05:00,202.38,202.99,201.65,202.0,293991
2026-04-06 14:15:00,201.98,202.91,201.61,201.83,206685
2026-04-06 14:25:00,201.83,202.0,201.07,201.7,107123
2026-04-06 14:35:00,201.7,202.94,201.61,202.71,207333
2026-04-06 14:45:00,202.71,203.34,202.68,202.94,216371
2026-04-06 14:55:00,203.01,203.01,202.3,202.61,85472
2026-04-06 15:05:00,202.63,203.28,202.56,202.74,150263
2026-04-06 15:15:00,202.67,202.73,201.52,201.79,258887
2026-04-06 15:25:00,201.59,202.0,201.5,201.79,95849
2026-04-07 09:15:00,199.7,202.48,199.11,202.25,276853
2026-04-07 09:25:00,202.11,203.3,200.5,200.5,149536
2026-04-07 09:35:00,200.84,200.91,199.6,199.7,123382
2026-04-07 09:45:00,199.61,200.37,199.61,199.89,88481
2026-04-07 09:55:00,199.89,200.7,199.89,200.55,51140
2026-04-07 10:05:00,200.55,200.74,200.2,200.5,21567
2026-04-07 10:15:00,200.5,201.33,200.27,200.47,86162
2026-04-07 10:25:00,200.67,201.19,200.65,200.83,34257
2026-04-07 10:35:00,200.83,201.29,200.28,201.28,15993
2026-04-07 10:45:00,201.2,201.29,200.26,200.32,24719
2026-04-07 10:55:00,200.4,200.61,199.94,200.36,46951
2026-04-07 11:05:00,200.51,200.55,200.0,200.01,14390
2026-04-07 11:15:00,200.01,200.54,199.89,200.1,21321
2026-04-07 11:25:00,200.01,200.48,199.9,200.19,15531
2026-04-07 11:35:00,200.14,200.48,199.7,200.0,37452
2026-04-07 11:45:00,200.05,200.37,199.6,200.15,32445
2026-04-07 11:55:00,200.15,200.5,199.7,199.89,51681
2026-04-07 12:05:00,199.89,199.89,199.35,199.51,30153
2026-04-07 12:15:00,199.51,199.66,199.3,199.37,11200
2026-04-07 12:25:00,199.37,199.53,199.23,199.24,35865
2026-04-07 12:35:00,199.24,199.5,199.15,199.41,24624
2026-04-07 12:45:00,199.38,199.64,199.25,199.3,23366
2026-04-07 12:55:00,199.3,199.45,198.73,199.24,37394
2026-04-07 13:05:00,199.19,199.38,198.8,199.33,13707
2026-04-07 13:15:00,199.33,199.34,199.11,199.15,8144
2026-04-07 13:25:00,199.15,199.89,199.01,199.78,30008
2026-04-07 13:35:00,199.7,199.86,199.5,199.79,32408
2026-04-07 13:45:00,199.68,200.15,199.36,199.56,59358
2026-04-07 13:55:00,199.56,199.65,199.1,199.4,22031
2026-04-07 14:05:00,199.4,199.45,198.83,199.11,40454
2026-04-07 14:15:00,199.05,199.4,198.5,198.91,56129
2026-04-07 14:25:00,199.04,199.19,198.8,198.82,23682
2026-04-07 14:35:00,198.82,198.95,198.6,198.66,42979
2026-04-07 14:45:00,198.66,198.81,198.55,198.69,43344
2026-04-07 14:55:00,198.6,199.31,198.6,198.99,45618
2026-04-07 15:05:00,199.1,199.39,198.45,198.81,116583
2026-04-07 15:15:00,198.91,198.98,198.01,198.47,127568
2026-04-07 15:25:00,198.47,199.39,198.07,198.77,93972
2026-04-08 09:15:00,207.12,208.99,204.28,204.88,713686
2026-04-08 09:25:00,204.88,205.29,204.0,204.89,289368
2026-04-08 09:35:00,204.81,208.14,204.81,207.31,615970
2026-04-08 09:45:00,207.38,207.5,207.0,207.37,131760
2026-04-08 09:55:00,207.35,207.35,206.56,206.93,146833
2026-04-08 10:05:00,206.91,206.99,205.3,205.46,204919
2026-04-08 10:15:00,205.46,206.49,205.22,206.27,132717
2026-04-08 10:25:00,206.27,206.98,206.19,206.66,52630
2026-04-08 10:35:00,206.66,207.0,206.21,206.22,106420
2026-04-08 10:45:00,206.22,207.25,206.08,206.9,250161
2026-04-08 10:55:00,206.73,206.9,206.35,206.64,46808
2026-04-08 11:05:00,206.7,207.38,206.5,207.12,136915
2026-04-08 11:15:00,207.24,207.55,206.61,207.27,88091
2026-04-08 11:25:00,207.27,207.8,206.88,207.1,64011
2026-04-08 11:35:00,207.1,207.28,206.7,207.0,33198
2026-04-08 11:45:00,207.1,207.4,206.5,206.85,21743
2026-04-08 11:55:00,206.73,206.98,206.58,206.95,38039
2026-04-08 12:05:00,206.83,207.24,206.77,207.24,52162
2026-04-08 12:15:00,207.24,207.45,206.98,207.15,28725
2026-04-08 12:25:00,207.15,207.17,206.3,206.59,48846
2026-04-08 12:35:00,206.5,207.08,206.3,206.82,34408
2026-04-08 12:45:00,206.94,206.97,206.66,206.76,23648
2026-04-08 12:55:00,206.76,206.94,206.7,206.8,18910
2026-04-08 13:05:00,206.85,207.08,206.8,206.96,13340
2026-04-08 13:15:00,206.96,207.12,206.9,207.06,16613
2026-04-08 13:25:00,207.06,207.06,206.8,206.83,11887
2026-04-08 13:35:00,206.88,207.1,206.7,206.7,28894
2026-04-08 13:45:00,206.7,207.0,206.7,206.81,32417
2026-04-08 13:55:00,206.81,207.09,206.75,206.89,25527
2026-04-08 14:05:00,206.89,206.89,206.53,206.69,17848
2026-04-08 14:15:00,206.69,206.95,206.53,206.88,17471
2026-04-08 14:25:00,206.88,207.06,206.75,206.81,39924
2026-04-08 14:35:00,206.81,207.0,206.58,206.8,33876
2026-04-08 14:45:00,206.8,207.23,206.52,206.65,88036
2026-04-08 14:55:00,206.65,206.7,205.86,206.34,157499
2026-04-08 15:05:00,206.34,206.58,206.31,206.45,71709
2026-04-08 15:15:00,206.45,206.64,205.9,206.54,177204
2026-04-08 15:25:00,206.54,207.44,206.4,207.0,150494
2026-04-09 09:15:00,207.21,209.02,205.86,208.01,523220
2026-04-09 09:25:00,208.23,208.9,207.0,207.28,257307
2026-04-09 09:35:00,207.11,207.81,206.0,206.29,224874
2026-04-09 09:45:00,206.29,206.6,205.65,206.0,125554
2026-04-09 09:55:00,205.99,206.5,205.0,206.11,125217
2026-04-09 10:05:00,206.11,207.1,206.07,206.69,83662
2026-04-09 10:15:00,206.69,208.11,206.57,207.87,193137
2026-04-09 10:25:00,207.87,208.11,207.5,207.68,81506
2026-04-09 10:35:00,207.64,207.95,207.53,207.69,33538
2026-04-09 10:45:00,207.83,208.79,207.69,208.79,118063
2026-04-09 10:55:00,208.85,210.99,208.71,209.2,653701
2026-04-09 11:05:00,209.2,210.22,208.91,210.22,208051
2026-04-09 11:15:00,210.22,210.35,209.41,209.6,62258
2026-04-09 11:25:00,209.68,209.99,209.41,209.65,61586
2026-04-09 11:35:00,209.7,210.0,209.15,209.33,59464
2026-04-09 11:45:00,209.34,209.81,209.33,209.59,36684
2026-04-09 11:55:00,209.6,210.8,209.6,210.4,133356
2026-04-09 12:05:00,210.26,210.85,209.98,210.22,141906
2026-04-09 12:15:00,210.22,210.78,210.06,210.28,69446
2026-04-09 12:25:00,210.27,210.35,209.9,210.0,67146
2026-04-09 12:35:00,210.1,210.28,209.7,209.93,36797
2026-04-09 12:45:00,209.93,209.93,209.1,209.48,68399
2026-04-09 12:55:00,209.48,209.7,209.16,209.26,21232
2026-04-09 13:05:00,209.26,210.35,209.16,209.72,110887
2026-04-09 13:15:00,209.65,210.61,209.63,210.4,163928
2026-04-09 13:25:00,210.26,212.0,210.2,211.7,418175
2026-04-09 13:35:00,211.7,211.7,210.25,210.34,124323
2026-04-09 13:45:00,210.25,210.34,209.8,210.14,53072
2026-04-09 13:55:00,210.14,210.3,209.9,210.25,41898
2026-04-09 14:05:00,210.25,210.25,209.45,209.71,67205
2026-04-09 14:15:00,209.71,209.8,209.03,209.04,71323
2026-04-09 14:25:00,209.04,209.45,208.8,209.15,97065
2026-04-09 14:35:00,209.15,209.7,209.09,209.44,46570
2026-04-09 14:45:00,209.44,209.95,209.32,209.79,59703
2026-04-09 14:55:00,209.79,210.0,209.3,209.91,105285
2026-04-09 15:05:00,209.91,210.05,208.9,209.0,212144
2026-04-09 15:15:00,209.0,209.0,207.53,207.92,409854
2026-04-09 15:25:00,207.92,208.0,207.8,207.94,84075
2026-04-10 09:15:00,210.01,213.2,209.8,211.44,421775
2026-04-10 09:25:00,211.7,212.66,211.7,212.08,184874
2026-04-10 09:35:00,212.08,212.46,211.5,212.11,130010
2026-04-10 09:45:00,212.11,212.8,212.0,212.46,119108
2026-04-10 09:55:00,212.46,213.0,212.21,212.21,183728
2026-04-10 10:05:00,212.22,213.1,211.9,213.0,127657
2026-04-10 10:15:00,213.0,213.75,212.79,213.4,138266
2026-04-10 10:25:00,213.4,213.43,212.8,213.0,87116
2026-04-10 10:35:00,213.0,213.36,212.9,213.14,29833
2026-04-10 10:45:00,213.14,213.17,212.4,212.43,41150
2026-04-10 10:55:00,212.43,212.65,212.3,212.51,27098
2026-04-10 11:05:00,212.51,213.36,212.42,213.33,39173
2026-04-10 11:15:00,213.23,214.99,213.23,214.3,271145
2026-04-10 11:25:00,214.41,214.85,214.21,214.37,83653
2026-04-10 11:35:00,214.37,214.5,213.97,214.2,53926
2026-04-10 11:45:00,214.2,214.2,213.53,213.99,56880
2026-04-10 11:55:00,214.0,214.98,213.86,214.94,89562
2026-04-10 12:05:00,214.91,215.2,214.75,214.81,155404
2026-04-10 12:15:00,214.81,214.9,214.47,214.75,31513
2026-04-10 12:25:00,215.0,215.0,214.61,214.88,58244
2026-04-10 12:35:00,215.0,215.0,214.41,214.68,43957
2026-04-10 12:45:00,214.71,215.0,214.4,214.7,38045
2026-04-10 12:55:00,214.8,215.19,214.47,214.7,119901
2026-04-10 13:05:00,214.7,215.2,214.67,214.77,63493
2026-04-10 13:15:00,214.91,215.13,214.03,214.04,56785
2026-04-10 13:25:00,214.04,214.5,214.04,214.25,44819
2026-04-10 13:35:00,214.31,214.6,214.1,214.5,33330
2026-04-10 13:45:00,214.51,214.67,214.1,214.39,25990
2026-04-10 13:55:00,214.44,214.81,214.25,214.81,35203
2026-04-10 14:05:00,214.81,214.85,214.31,214.41,38581
2026-04-10 14:15:00,214.4,214.41,213.05,213.57,175100
2026-04-10 14:25:00,213.57,213.62,213.11,213.36,57479
2026-04-10 14:35:00,213.47,213.49,213.06,213.41,40464
2026-04-10 14:45:00,213.41,213.5,212.92,213.4,71187
2026-04-10 14:55:00,213.5,213.9,213.43,213.55,76170
2026-04-10 15:05:00,213.55,213.7,213.29,213.41,131068
2026-04-10 15:15:00,213.47,214.43,213.41,214.21,226691
2026-04-10 15:25:00,214.28,214.35,213.61,213.75,86373
2026-04-13 09:15:00,210.0,210.0,206.23,208.63,396385
2026-04-13 09:25:00,208.63,210.08,208.62,209.89,163697
2026-04-13 09:35:00,209.9,209.9,208.29,209.36,101390
2026-04-13 09:45:00,209.36,209.9,209.13,209.9,62629
2026-04-13 09:55:00,209.81,211.5,209.61,211.07,103212
2026-04-13 10:05:00,211.07,214.28,211.04,213.48,280182
2026-04-13 10:15:00,213.26,214.3,212.89,214.18,113074
2026-04-13 10:25:00,214.35,215.8,214.01,215.45,296280
2026-04-13 10:35:00,215.45,215.75,214.34,215.03,115513
2026-04-13 10:45:00,215.03,216.55,215.03,216.51,137749
2026-04-13 10:55:00,216.4,216.8,216.06,216.59,120835
2026-04-13 11:05:00,216.73,219.02,216.61,218.43,344739
2026-04-13 11:15:00,218.5,218.75,217.78,218.46,155227
2026-04-13 11:25:00,218.47,218.65,217.8,218.26,87556
2026-04-13 11:35:00,218.28,219.2,218.07,218.3,130186
2026-04-13 11:45:00,218.3,218.61,217.81,218.03,49763
2026-04-13 11:55:00,218.03,218.26,217.3,217.41,87784
2026-04-13 12:05:00,217.41,217.76,216.91,216.91,75663
2026-04-13 12:15:00,216.49,217.02,216.44,216.64,85086
2026-04-13 12:25:00,216.53,217.37,216.36,216.46,70640
2026-04-13 12:35:00,216.46,216.84,216.35,216.57,35081
2026-04-13 12:45:00,216.57,216.76,216.3,216.41,34748
2026-04-13 12:55:00,216.41,216.74,215.11,215.76,115339
2026-04-13 13:05:00,215.76,216.5,215.57,216.28,57620
2026-04-13 13:15:00,216.28,216.28,215.65,216.27,34332
2026-04-13 13:25:00,216.27,216.85,216.08,216.72,26848
2026-04-13 13:35:00,216.72,216.76,216.27,216.5,42660
2026-04-13 13:45:00,216.5,217.88,216.12,217.63,95929
2026-04-13 13:55:00,217.6,217.95,217.21,217.31,84227
2026-04-13 14:05:00,217.31,217.77,216.99,217.73,67008
2026-04-13 14:15:00,217.51,218.73,217.38,218.47,103871
2026-04-13 14:25:00,218.34,218.74,218.2,218.38,127083
2026-04-13 14:35:00,218.23,218.7,218.23,218.53,112280
2026-04-13 14:45:00,218.53,218.66,217.52,217.61,103985
2026-04-13 14:55:00,217.7,218.18,217.31,218.1,141838
2026-04-13 15:05:00,218.1,218.1,217.31,217.32,153724
2026-04-13 15:15:00,217.3,217.79,217.12,217.5,203714
2026-04-13 15:25:00,217.55,218.0,216.5,216.5,138111
2026-04-15 09:15:00,220.2,222.8,219.73,221.73,428728
2026-04-15 09:25:00,221.67,222.29,220.72,221.78,213505
2026-04-15 09:35:00,221.97,222.3,221.5,222.07,122178
2026-04-15 09:45:00,222.0,222.48,221.91,222.47,80628
2026-04-15 09:55:00,222.47,223.0,221.93,222.22,178869
2026-04-15 10:05:00,222.17,222.51,221.91,222.02,75682
2026-04-15 10:15:00,222.15,222.16,221.48,221.5,88912
2026-04-15 10:25:00,221.48,221.79,221.25,221.79,56794
2026-04-15 10:35:00,221.79,221.98,221.58,221.61,18865
2026-04-15 10:45:00,221.61,221.62,221.31,221.35,34569
2026-04-15 10:55:00,221.33,221.47,221.21,221.22,18338
2026-04-15 11:05:00,221.22,221.86,221.21,221.7,27829
2026-04-15 11:15:00,221.85,222.91,221.3,221.31,138132
2026-04-15 11:25:00,221.49,221.55,221.31,221.36,26683
2026-04-15 11:35:00,221.47,221.65,221.34,221.6,11477
2026-04-15 11:45:00,221.6,221.97,221.45,221.7,17843
2026-04-15 11:55:00,221.76,222.39,221.6,222.0,36103
2026-04-15 12:05:00,222.0,222.29,221.82,222.21,44912
2026-04-15 12:15:00,222.29,222.46,222.03,222.12,36417
2026-04-15 12:25:00,222.08,222.21,221.83,222.0,16071
2026-04-15 12:35:00,222.0,222.0,221.7,221.8,16828
2026-04-15 12:45:00,221.8,221.92,221.51,221.55,23897
2026-04-15 12:55:00,221.51,221.76,221.19,221.66,68517
2026-04-15 13:05:00,221.66,221.66,221.41,221.5,27599
2026-04-15 13:15:00,221.5,221.76,221.11,221.21,100462
2026-04-15 13:25:00,221.21,221.67,221.17,221.37,25165
2026-04-15 13:35:00,221.37,221.59,221.15,221.32,27448
2026-04-15 13:45:00,221.29,221.34,220.55,220.87,60870
2026-04-15 13:55:00,220.87,221.6,220.63,221.01,31891
2026-04-15 14:05:00,221.01,221.35,221.01,221.19,27503
2026-04-15 14:15:00,221.2,221.32,220.61,220.67,36396
2026-04-15 14:25:00,220.61,220.94,220.55,220.71,24273
2026-04-15 14:35:00,220.71,220.8,220.41,220.46,37961
2026-04-15 14:45:00,220.5,220.68,220.19,220.26,96453
2026-04-15 14:55:00,220.26,220.9,220.13,220.84,53882
2026-04-15 15:05:00,220.8,220.89,220.1,220.1,167760
2026-04-15 15:15:00,220.11,220.11,219.0,219.36,238026
2026-04-15 15:25:00,219.36,219.5,219.05,219.49,77431
2026-04-16 09:15:00,223.0,223.0,221.06,221.5,263053
2026-04-16 09:25:00,221.51,221.74,221.0,221.04,76145
2026-04-16 09:35:00,221.0,221.05,219.4,219.59,127247
2026-04-16 09:45:00,219.52,219.52,218.71,218.98,164879
2026-04-16 09:55:00,218.98,219.15,218.1,218.99,133127
2026-04-16 10:05:00,218.99,219.65,218.91,219.6,79879
2026-04-16 10:15:00,219.56,220.95,219.5,220.35,72629
2026-04-16 10:25:00,220.35,225.4,220.35,225.2,666550
2026-04-16 10:35:00,225.2,227.7,224.93,226.78,909623
2026-04-16 10:45:00,226.96,227.3,225.7,226.44,532895
2026-04-16 10:55:00,226.33,229.45,226.33,226.88,1127700
2026-04-16 11:05:00,227.02,227.94,227.02,227.44,183900
2026-04-16 11:15:00,227.55,227.65,226.6,226.67,126190
2026-04-16 11:25:00,226.66,226.85,225.51,225.63,164276
2026-04-16 11:35:00,225.55,225.86,224.72,225.2,149210
2026-04-16 11:45:00,225.1,225.27,223.87,224.22,167320
2026-04-16 11:55:00,224.14,224.21,223.4,223.41,116165
2026-04-16 12:05:00,223.4,224.0,223.36,223.8,83825
2026-04-16 12:15:00,223.8,224.8,223.6,224.05,86932
2026-04-16 12:25:00,224.03,224.03,223.6,223.72,57880
2026-04-16 12:35:00,223.7,224.71,223.51,224.42,117396
2026-04-16 12:45:00,224.42,225.4,224.04,225.12,135936
2026-04-16 12:55:00,225.23,228.7,224.8,228.69,391630
2026-04-16 13:05:00,228.69,230.0,227.53,228.44,924602
2026-04-16 13:15:00,228.44,228.49,226.97,227.09,180641
2026-04-16 13:25:00,227.01,227.55,227.0,227.2,100334
2026-04-16 13:35:00,227.2,227.49,227.02,227.3,84167
2026-04-16 13:45:00,227.44,229.45,227.31,229.0,216891
2026-04-16 13:55:00,229.1,229.1,227.76,227.76,138550
2026-04-16 14:05:00,227.83,227.83,227.4,227.72,78023
2026-04-16 14:15:00,227.72,228.7,227.41,228.39,123739
2026-04-16 14:25:00,228.39,230.0,228.26,229.0,783588
2026-04-16 14:35:00,228.98,229.21,228.71,228.82,256370
2026-04-16 14:45:00,228.76,229.15,228.6,228.8,142339
2026-04-16 14:55:00,228.8,228.8,228.25,228.77,179639
2026-04-16 15:05:00,228.7,229.17,228.49,228.99,347364
2026-04-16 15:15:00,228.99,229.0,227.55,228.2,599653
2026-04-16 15:25:00,228.2,228.3,227.77,227.88,231575
2026-04-17 09:15:00,230.1,244.0,229.48,243.86,4362822
2026-04-17 09:25:00,243.83,245.7,238.54,243.22,4246226
2026-04-17 09:35:00,243.21,243.76,239.25,239.68,1387896
2026-04-17 09:45:00,239.7,240.15,238.0,238.22,907605
2026-04-17 09:55:00,238.01,238.55,237.35,238.14,476322
2026-04-17 10:05:00,238.25,241.57,238.01,241.47,686758
2026-04-17 10:15:00,241.57,242.66,241.49,241.8,810408
2026-04-17 10:25:00,241.9,245.0,241.31,244.07,1535947
2026-04-17 10:35:00,244.07,244.22,241.51,242.1,505073
2026-04-17 10:45:00,241.86,242.99,241.2,242.37,347344
2026-04-17 10:55:00,242.24,242.49,240.51,240.9,290520
2026-04-17 11:05:00,240.9,241.25,240.4,240.72,168459
2026-04-17 11:15:00,240.85,242.11,240.7,241.26,245167
2026-04-17 11:25:00,241.3,241.5,240.61,241.4,126101
2026-04-17 11:35:00,241.31,241.44,240.52,240.9,87569
2026-04-17 11:45:00,240.9,241.0,240.31,240.61,103838
2026-04-17 11:55:00,240.5,244.83,240.32,244.4,544799
2026-04-17 12:05:00,244.42,247.56,242.8,243.24,2413837
2026-04-17 12:15:00,243.39,244.6,242.7,243.17,409811
2026-04-17 12:25:00,243.28,244.0,243.01,243.37,247166
2026-04-17 12:35:00,243.37,243.84,242.18,242.68,243686
2026-04-17 12:45:00,242.68,243.09,242.2,242.32,102504
2026-04-17 12:55:00,242.32,242.96,242.22,242.77,75193
2026-04-17 13:05:00,242.77,242.89,241.06,241.57,264469
2026-04-17 13:15:00,241.57,241.7,241.01,241.68,90783
2026-04-17 13:25:00,241.4,241.49,240.49,241.2,223421
2026-04-17 13:35:00,241.19,241.85,241.0,241.25,102190
2026-04-17 13:45:00,241.25,241.35,240.57,240.69,108273
2026-04-17 13:55:00,240.51,240.78,239.16,239.5,484165
2026-04-17 14:05:00,239.5,239.77,238.8,238.91,148916
2026-04-17 14:15:00,238.91,239.44,238.7,239.14,132888
2026-04-17 14:25:00,239.14,239.69,238.62,238.62,168472
2026-04-17 14:35:00,238.62,238.99,238.32,238.7,155360
2026-04-17 14:45:00,238.75,241.73,238.51,241.65,476520
2026-04-17 14:55:00,241.65,242.48,240.39,242.0,532897
2026-04-17 15:05:00,241.79,243.09,241.1,241.22,685021
2026-04-17 15:15:00,241.23,242.6,241.1,241.5,663854
2026-04-17 15:25:00,241.43,241.74,239.99,240.75,338625
2026-04-20 09:15:00,241.0,244.65,236.71,243.79,859198
2026-04-20 09:25:00,243.54,244.18,242.3,243.23,422789
2026-04-20 09:35:00,243.03,244.07,241.16,242.3,326140
2026-04-20 09:45:00,242.23,244.8,241.63,244.1,421763
2026-04-20 09:55:00,244.58,244.6,242.55,243.77,182626
2026-04-20 10:05:00,243.58,247.0,243.2,246.59,570226
2026-04-20 10:15:00,246.6,247.4,245.2,246.27,443089
2026-04-20 10:25:00,246.11,247.33,245.6,247.33,325114
2026-04-20 10:35:00,247.14,247.8,246.51,246.84,321779
2026-04-20 10:45:00,246.84,247.0,244.3,244.4,256945
2026-04-20 10:55:00,244.4,245.97,244.04,245.82,246378
2026-04-20 11:05:00,245.85,247.16,245.55,246.84,147542
2026-04-20 11:15:00,246.88,247.8,246.68,247.65,200917
2026-04-20 11:25:00,247.65,249.7,247.1,247.89,680359
2026-04-20 11:35:00,247.87,248.8,247.2,247.22,140950
2026-04-20 11:45:00,247.22,247.26,246.57,246.78,88511
2026-04-20 11:55:00,246.81,247.0,246.23,246.39,60723
2026-04-20 12:05:00,246.27,246.8,246.1,246.2,63150
2026-04-20 12:15:00,246.2,246.77,246.1,246.38,63222
2026-04-20 12:25:00,246.38,246.82,246.2,246.46,39937
2026-04-20 12:35:00,246.46,246.59,246.1,246.2,47810
2026-04-20 12:45:00,246.2,246.3,245.2,245.65,104399
2026-04-20 12:55:00,245.5,245.86,245.22,245.37,70296
2026-04-20 13:05:00,245.37,245.89,245.21,245.51,86309
2026-04-20 13:15:00,245.41,245.86,244.01,244.01,138320
2026-04-20 13:25:00,244.03,244.08,243.14,243.47,315428
2026-04-20 13:35:00,243.62,243.62,242.82,242.94,121297
2026-04-20 13:45:00,242.94,244.0,242.62,243.9,120299
2026-04-20 13:55:00,243.74,244.08,242.95,243.61,66642
2026-04-20 14:05:00,243.61,243.61,242.62,242.94,60881
2026-04-20 14:15:00,242.94,244.54,242.86,244.05,124678
2026-04-20 14:25:00,244.09,244.47,243.85,244.25,59209
2026-04-20 14:35:00,244.25,244.46,243.12,243.12,56551
2026-04-20 14:45:00,243.12,243.61,242.98,243.2,78385
2026-04-20 14:55:00,243.2,243.3,242.65,242.95,103576
2026-04-20 15:05:00,243.0,243.03,242.0,242.6,298061
2026-04-20 15:15:00,242.61,242.71,241.15,241.35,304511
2026-04-20 15:25:00,241.36,242.0,240.1,241.0,191330
2026-04-21 09:15:00,243.0,247.46,242.25,245.3,669570
2026-04-21 09:25:00,245.77,245.77,243.86,244.5,151105
2026-04-21 09:35:00,244.41,245.68,244.4,245.59,134924
2026-04-21 09:45:00,245.78,247.1,245.41,246.62,237747
2026-04-21 09:55:00,246.62,247.0,246.42,246.94,208588
2026-04-21 10:05:00,246.94,247.64,246.07,246.9,276811
2026-04-21 10:15:00,246.9,247.04,245.87,245.95,117353
2026-04-21 10:25:00,245.95,246.0,245.5,246.0,63508
2026-04-21 10:35:00,245.87,245.99,245.5,245.71,40182
2026-04-21 10:45:00,245.85,245.85,245.3,245.31,50989
2026-04-21 10:55:00,245.31,245.87,245.3,245.45,55804
2026-04-21 11:05:00,245.5,245.96,245.31,245.36,29111
2026-04-21 11:15:00,245.36,245.73,244.8,244.81,93232
2026-04-21 11:25:00,244.92,245.17,243.4,243.4,181323
2026-04-21 11:35:00,243.58,244.38,243.3,244.15,94404
2026-04-21 11:45:00,244.15,244.55,243.85,243.85,35406
2026-04-21 11:55:00,243.87,244.2,243.5,244.0,52064
2026-04-21 12:05:00,244.0,244.7,243.9,244.25,98641
2026-04-21 12:15:00,244.25,244.25,243.62,244.13,54156
2026-04-21 12:25:00,244.13,244.21,243.84,243.87,11715
2026-04-21 12:35:00,243.98,244.5,243.5,244.18,80782
2026-04-21 12:45:00,244.18,244.38,243.85,243.88,25635
2026-04-21 12:55:00,243.88,244.19,243.7,243.71,21757
2026-04-21 13:05:00,243.72,244.06,243.6,243.75,31232
2026-04-21 13:15:00,243.75,243.93,243.64,243.77,18320
2026-04-21 13:25:00,243.77,243.9,243.6,243.65,26859
2026-04-21 13:35:00,243.65,243.66,243.0,243.0,65827
2026-04-21 13:45:00,243.0,243.52,243.0,243.52,131912
2026-04-21 13:55:00,243.52,245.5,243.45,245.28,203997
2026-04-21 14:05:00,245.31,245.6,243.6,243.86,143412
2026-04-21 14:15:00,243.79,243.79,243.34,243.51,28998
2026-04-21 14:25:00,243.51,243.64,242.84,242.97,41580
2026-04-21 14:35:00,242.97,243.2,242.54,242.7,42282
2026-04-21 14:45:00,242.7,243.09,242.54,242.91,43488
2026-04-21 14:55:00,242.91,243.21,242.51,242.6,85238
2026-04-21 15:05:00,242.56,243.46,242.55,243.15,132342
2026-04-21 15:15:00,243.15,243.84,242.88,243.65,232315
2026-04-21 15:25:00,243.65,243.95,243.34,243.44,79930
2026-04-22 09:15:00,243.0,247.2,242.8,246.01,441800
2026-04-22 09:25:00,245.72,247.75,245.05,247.56,314613
2026-04-22 09:35:00,247.35,247.79,246.23,246.92,183386
2026-04-22 09:45:00,246.88,247.15,246.4,246.87,118991
2026-04-22 09:55:00,246.95,246.98,245.41,246.08,123583
2026-04-22 10:05:00,246.19,246.37,245.57,246.03,69374
2026-04-22 10:15:00,246.02,246.34,245.65,246.21,55415
2026-04-22 10:25:00,246.19,246.49,245.49,245.64,72805
2026-04-22 10:35:00,245.64,246.38,245.36,245.71,38659
2026-04-22 10:45:00,245.71,246.55,245.52,246.28,33515
2026-04-22 10:55:00,246.2,246.38,245.4,245.59,57239
2026-04-22 11:05:00,245.59,245.7,244.54,245.02,89550
2026-04-22 11:15:00,245.1,245.27,244.52,245.24,58487
2026-04-22 11:25:00,245.24,245.84,245.24,245.65,35939
2026-04-22 11:35:00,245.65,245.9,245.48,245.64,22904
2026-04-22 11:45:00,245.64,245.75,245.21,245.75,14790
2026-04-22 11:55:00,245.7,247.0,245.67,246.9,115835
2026-04-22 12:05:00,246.92,249.8,246.81,249.62,767584
2026-04-22 12:15:00,249.62,249.8,248.5,249.5,313478
2026-04-22 12:25:00,249.5,250.39,247.95,249.3,479883
2026-04-22 12:35:00,249.5,249.84,248.81,248.98,112179
2026-04-22 12:45:00,248.8,249.0,247.83,248.18,100435
2026-04-22 12:55:00,248.05,248.32,247.58,247.85,63191
2026-04-22 13:05:00,247.85,247.94,247.06,247.86,80193
2026-04-22 13:15:00,247.96,249.1,247.36,247.8,133733
2026-04-22 13:25:00,247.8,248.4,247.66,248.0,46547
2026-04-22 13:35:00,248.0,248.27,247.98,248.23,41156
2026-04-22 13:45:00,248.25,248.25,247.86,247.98,41132
2026-04-22 13:55:00,247.91,248.18,247.41,247.51,166946
2026-04-22 14:05:00,247.5,247.6,247.2,247.4,59800
2026-04-22 14:15:00,247.27,247.48,246.81,247.33,136747
2026-04-22 14:25:00,247.3,247.49,246.6,246.7,167598
2026-04-22 14:35:00,246.5,246.64,246.4,246.43,87742
2026-04-22 14:45:00,246.6,246.6,245.7,245.79,137062
2026-04-22 14:55:00,245.79,246.0,245.35,245.4,168146
2026-04-22 15:05:00,245.38,245.79,245.2,245.75,177291
2026-04-22 15:15:00,245.75,245.82,245.37,245.43,793082
2026-04-22 15:25:00,245.5,245.61,245.2,245.5,165854
2026-04-23 09:15:00,244.2,246.3,242.8,243.97,307498
2026-04-23 09:25:00,244.11,244.11,242.19,242.94,251025
2026-04-23 09:35:00,242.72,243.73,242.05,242.57,124478
2026-04-23 09:45:00,242.57,243.09,242.23,242.59,43507
2026-04-23 09:55:00,242.5,242.8,241.6,242.14,108973
2026-04-23 10:05:00,242.24,243.64,241.2,243.5,211289
2026-04-23 10:15:00,243.68,244.87,243.02,244.68,158535
2026-04-23 10:25:00,244.59,245.15,244.01,244.6,117745
2026-04-23 10:35:00,244.6,244.69,243.37,243.93,64617
2026-04-23 10:45:00,243.93,244.0,242.95,243.8,90987
2026-04-23 10:55:00,243.72,244.5,243.04,244.33,65427
2026-04-23 11:05:00,244.33,244.62,243.83,243.83,57281
2026-04-23 11:15:00,243.83,244.1,243.58,243.58,31691
2026-04-23 11:25:00,243.5,244.21,243.48,243.7,55415
2026-04-23 11:35:00,243.7,244.1,243.3,243.64,47661
2026-04-23 11:45:00,243.45,244.62,243.21,244.62,46148
2026-04-23 11:55:00,244.62,246.65,244.46,245.99,203350
2026-04-23 12:05:00,245.93,246.06,245.31,245.6,70048
2026-04-23 12:15:00,245.55,245.86,245.21,245.44,52777
2026-04-23 12:25:00,245.44,245.44,244.39,244.39,58688
2026-04-23 12:35:00,244.39,245.0,244.35,244.46,38729
2026-04-23 12:45:00,244.46,245.0,244.32,245.0,31385
2026-04-23 12:55:00,244.86,245.45,244.86,245.19,43018
2026-04-23 13:05:00,245.19,245.36,244.81,245.19,40785
2026-04-23 13:15:00,245.05,245.89,244.91,245.87,59244
2026-04-23 13:25:00,245.72,246.48,245.44,245.85,114266
2026-04-23 13:35:00,245.96,246.05,245.05,245.49,47001
2026-04-23 13:45:00,245.5,246.0,245.32,245.83,35758
2026-04-23 13:55:00,245.83,246.15,245.36,245.7,47264
2026-04-23 14:05:00,245.7,245.76,244.53,244.82,91923
2026-04-23 14:15:00,244.51,244.88,244.31,244.73,75288
2026-04-23 14:25:00,244.73,244.91,244.11,244.35,97292
2026-04-23 14:35:00,244.35,244.94,243.3,243.3,125814
2026-04-23 14:45:00,243.3,244.0,242.95,243.78,167207
2026-04-23 14:55:00,243.66,244.49,243.45,243.89,107644
2026-04-23 15:05:00,244.07,244.12,243.5,243.53,175478
2026-04-23 15:15:00,243.58,243.92,243.36,243.5,217613
2026-04-23 15:25:00,243.55,243.8,243.1,243.4,148559
2026-04-24 09:15:00,243.5,244.8,242.0,243.31,290966
2026-04-24 09:25:00,242.84,245.99,242.53,244.87,297550
2026-04-24 09:35:00,244.8,246.3,238.61,242.75,650340
2026-04-24 09:45:00,242.75,243.92,241.25,243.55,239785
2026-04-24 09:55:00,243.27,245.74,243.11,245.65,251219
2026-04-24 10:05:00,245.6,245.85,244.99,245.5,135666
2026-04-24 10:15:00,245.5,246.2,243.7,243.88,118827
2026-04-24 10:25:00,243.64,244.39,243.17,244.3,108521
2026-04-24 10:35:00,244.16,244.37,243.23,243.41,45385
2026-04-24 10:45:00,243.41,244.05,243.2,243.73,77501
2026-04-24 10:55:00,243.73,243.73,242.91,242.95,61294
2026-04-24 11:05:00,243.0,243.22,242.41,242.41,62778
2026-04-24 11:15:00,242.41,242.93,242.15,242.8,60327
2026-04-24 11:25:00,242.8,243.47,242.2,243.21,53500
2026-04-24 11:35:00,243.21,243.67,243.21,243.25,50908
2026-04-24 11:45:00,243.25,243.25,242.0,242.19,81634
2026-04-24 11:55:00,242.19,242.82,241.75,242.82,80340
2026-04-24 12:05:00,242.85,243.8,242.4,243.6,49491
2026-04-24 12:15:00,243.62,244.0,243.55,243.68,92322
2026-04-24 12:25:00,243.68,244.61,243.34,244.61,96869
2026-04-24 12:35:00,244.62,245.25,242.81,243.6,214188
2026-04-24 12:45:00,243.68,244.5,243.68,244.0,130871
2026-04-24 12:55:00,244.0,244.47,243.81,244.06,36184
2026-04-24 13:05:00,244.06,244.19,242.7,243.01,253129
2026-04-24 13:15:00,243.05,243.27,242.02,242.73,62928
2026-04-24 13:25:00,242.69,243.0,242.37,242.62,51888
2026-04-24 13:35:00,242.62,242.9,241.68,241.96,83302
2026-04-24 13:45:00,241.96,243.25,241.83,243.19,44349
2026-04-24 13:55:00,243.19,243.19,242.83,243.0,29239
2026-04-24 14:05:00,243.0,243.49,242.5,243.13,33026
2026-04-24 14:15:00,243.13,244.13,243.08,243.83,73570
2026-04-24 14:25:00,243.8,244.09,243.6,244.0,68607
2026-04-24 14:35:00,244.0,244.22,243.55,243.61,94892
2026-04-24 14:45:00,243.61,243.99,242.37,242.61,153930
2026-04-24 14:55:00,242.53,242.93,242.0,242.13,118070
2026-04-24 15:05:00,242.15,243.43,242.11,242.73,210964
2026-04-24 15:15:00,242.92,243.62,242.85,243.15,252057
2026-04-24 15:25:00,243.11,243.11,242.21,242.21,68614
2026-04-27 09:15:00,244.0,248.83,243.18,247.68,598021
2026-04-27 09:25:00,247.68,250.75,247.54,248.29,597032
2026-04-27 09:35:00,248.3,248.81,246.78,247.6,158454
2026-04-27 09:45:00,247.64,249.2,247.64,249.06,117368
2026-04-27 09:55:00,249.15,249.15,248.01,248.59,101486
2026-04-27 10:05:00,248.59,252.73,248.35,252.5,712807
2026-04-27 10:15:00,252.7,254.8,251.52,251.78,965699
2026-04-27 10:25:00,251.65,254.7,251.41,254.5,751222
2026-04-27 10:35:00,254.6,262.61,254.18,261.94,3032875
2026-04-27 10:45:00,261.6,262.99,260.31,261.06,1224896
2026-04-27 10:55:00,261.06,264.6,261.06,261.86,1135345
2026-04-27 11:05:00,261.96,262.8,260.22,261.48,581812
2026-04-27 11:15:00,261.35,261.73,259.1,259.39,543293
2026-04-27 11:25:00,259.34,259.9,257.64,257.93,389210
2026-04-27 11:35:00,257.93,258.39,257.03,257.66,323903
2026-04-27 11:45:00,257.6,258.24,257.1,257.64,221665
2026-04-27 11:55:00,257.64,258.3,257.21,258.14,209922
2026-04-27 12:05:00,258.11,261.5,257.78,260.8,572099
2026-04-27 12:15:00,260.8,261.29,259.37,259.8,203164
2026-04-27 12:25:00,259.9,260.07,259.46,259.96,99284
2026-04-27 12:35:00,260.06,260.2,259.55,259.7,96486
2026-04-27 12:45:00,259.7,259.98,259.14,259.37,126213
2026-04-27 12:55:00,259.01,260.9,258.72,260.76,230332
2026-04-27 13:05:00,260.78,261.0,259.97,260.4,149151
2026-04-27 13:15:00,260.42,260.42,259.96,260.05,136121
2026-04-27 13:25:00,260.19,260.4,260.0,260.36,63849
2026-04-27 13:35:00,260.36,260.39,258.61,258.8,110998
2026-04-27 13:45:00,258.5,258.82,257.65,258.21,183802
2026-04-27 13:55:00,258.22,258.53,257.16,257.69,177811
2026-04-27 14:05:00,257.54,257.82,257.31,257.52,50534
2026-04-27 14:15:00,257.41,257.62,256.55,256.57,207226
2026-04-27 14:25:00,256.57,256.94,255.88,256.31,179472
2026-04-27 14:35:00,256.11,256.25,255.6,256.12,227273
2026-04-27 14:45:00,256.15,256.7,255.9,256.6,160733
2026-04-27 14:55:00,256.6,257.36,256.45,256.7,229866
2026-04-27 15:05:00,256.76,257.7,256.65,256.66,260011
2026-04-27 15:15:00,256.78,258.7,256.4,257.5,675639
2026-04-27 15:25:00,257.47,257.85,256.9,257.45,232110
2026-04-28 09:15:00,258.1,259.7,256.02,256.62,618983
2026-04-28 09:25:00,256.62,258.45,256.18,256.18,199414
2026-04-28 09:35:00,256.1,257.7,255.55,257.59,156927
2026-04-28 09:45:00,257.94,260.0,257.63,259.5,382576
2026-04-28 09:55:00,259.6,259.6,258.07,258.62,126111
2026-04-28 10:05:00,258.62,258.8,257.17,257.39,127863
2026-04-28 10:15:00,257.25,257.63,256.56,257.22,92531
2026-04-28 10:25:00,257.22,257.43,256.32,256.94,99062
2026-04-28 10:35:00,256.85,257.89,256.65,257.25,64993
2026-04-28 10:45:00,257.27,258.8,257.16,258.61,104924
2026-04-28 10:55:00,258.79,258.8,257.86,258.76,57228
2026-04-28 11:05:00,258.76,259.09,258.2,259.09,72183
2026-04-28 11:15:00,259.09,259.26,257.17,257.3,61544
2026-04-28 11:25:00,257.24,257.4,255.51,256.01,197296
2026-04-28 11:35:00,256.01,256.65,255.95,256.56,58026
2026-04-28 11:45:00,256.64,256.94,256.4,256.45,40612
2026-04-28 11:55:00,256.45,257.0,256.07,256.77,33390
2026-04-28 12:05:00,256.77,256.94,256.15,256.85,31921
2026-04-28 12:15:00,256.74,256.96,255.12,255.67,67937
2026-04-28 12:25:00,255.67,256.4,255.33,255.59,41278
2026-04-28 12:35:00,255.59,256.44,255.45,256.26,46436
2026-04-28 12:45:00,256.18,257.0,256.06,256.83,69692
2026-04-28 12:55:00,256.94,256.99,256.22,256.6,23902
2026-04-28 13:05:00,256.6,257.5,256.41,256.68,70296
2026-04-28 13:15:00,256.62,257.16,256.32,256.84,39565
2026-04-28 13:25:00,256.84,257.27,256.5,256.51,41844
2026-04-28 13:35:00,256.56,256.65,255.97,256.41,39660
2026-04-28 13:45:00,256.41,256.5,256.04,256.4,31137
2026-04-28 13:55:00,256.4,256.91,256.0,256.4,66761
2026-04-28 14:05:00,256.24,256.35,255.41,255.56,68057
2026-04-28 14:15:00,255.49,256.25,254.05,256.2,124873
2026-04-28 14:25:00,256.2,256.84,255.89,256.81,57119
2026-04-28 14:35:00,256.75,257.09,256.51,256.74,67041
2026-04-28 14:45:00,256.74,257.19,256.57,257.05,87427
2026-04-28 14:55:00,257.04,257.62,256.2,256.26,115866
2026-04-28 15:05:00,256.26,256.63,256.0,256.28,107975
2026-04-28 15:15:00,256.38,256.72,255.99,256.54,190321
2026-04-28 15:25:00,256.53,257.0,256.4,257.0,110137
2026-04-29 09:15:00,258.4,259.5,255.54,256.82,326214
2026-04-29 09:25:00,256.82,258.25,255.87,258.03,138495
2026-04-29 09:35:00,258.03,259.14,256.82,257.02,98337
2026-04-29 09:45:00,257.16,257.22,255.62,255.9,66658
2026-04-29 09:55:00,255.64,256.09,255.53,255.82,81059
2026-04-29 10:05:00,255.98,256.2,255.1,255.43,58112
2026-04-29 10:15:00,255.69,255.95,255.2,255.61,41593
2026-04-29 10:25:00,255.59,255.8,255.0,255.07,58623
2026-04-29 10:35:00,255.07,255.26,253.92,254.5,121093
2026-04-29 10:45:00,254.64,255.0,253.45,254.85,92662
2026-04-29 10:55:00,254.85,254.98,253.5,253.5,69929
2026-04-29 11:05:00,253.42,253.46,252.5,253.3,106151
2026-04-29 11:15:00,253.39,254.15,253.25,253.5,79489
2026-04-29 11:25:00,253.3,253.75,253.21,253.25,58859
2026-04-29 11:35:00,253.25,253.65,253.08,253.34,32597
2026-04-29 11:45:00,253.19,253.49,252.3,253.02,42238
2026-04-29 11:55:00,252.91,253.06,252.4,252.65,36085
2026-04-29 12:05:00,252.47,252.69,252.25,252.29,20192
2026-04-29 12:15:00,252.39,252.71,252.26,252.36,18805
2026-04-29 12:25:00,252.36,252.74,252.25,252.67,35236
2026-04-29 12:35:00,252.67,252.74,252.55,252.68,15869
2026-04-29 12:45:00,252.55,252.75,252.51,252.51,15718
2026-04-29 12:55:00,252.51,252.95,252.4,252.95,21149
2026-04-29 13:05:00,252.95,253.0,252.4,252.66,30976
2026-04-29 13:15:00,252.83,252.86,252.0,252.22,32005
2026-04-29 13:25:00,252.1,252.5,252.1,252.1,33720
2026-04-29 13:35:00,252.1,252.26,250.52,250.57,127041
2026-04-29 13:45:00,250.89,252.4,250.12,252.12,199692
2026-04-29 13:55:00,252.12,252.17,250.41,250.46,72592
2026-04-29 14:05:00,250.6,251.3,250.32,251.28,72198
2026-04-29 14:15:00,251.28,251.34,250.44,251.2,75310
2026-04-29 14:25:00,251.29,251.29,250.56,250.81,41293
2026-04-29 14:35:00,250.81,251.41,250.45,251.37,63010
2026-04-29 14:45:00,251.37,251.56,250.77,251.02,48705
2026-04-29 14:55:00,251.01,251.16,250.4,250.72,71648
2026-04-29 15:05:00,250.72,251.38,250.49,250.95,118257
2026-04-29 15:15:00,251.15,251.27,250.25,250.85,267238
2026-04-29 15:25:00,250.85,251.9,250.57,250.98,107348
2026-04-30 09:15:00,252.0,253.0,248.61,248.91,433192
2026-04-30 09:25:00,248.85,254.4,248.07,254.24,595599
2026-04-30 09:35:00,254.17,254.74,251.5,253.07,397581
2026-04-30 09:45:00,253.06,253.3,251.24,251.84,156680
2026-04-30 09:55:00,251.84,252.22,251.4,251.59,135697
2026-04-30 10:05:00,251.59,252.5,248.93,248.98,252431
2026-04-30 10:15:00,249.13,249.16,247.8,248.25,219220
2026-04-30 10:25:00,248.11,248.88,248.11,248.49,63776
2026-04-30 10:35:00,248.51,250.49,248.35,249.62,82926
2026-04-30 10:45:00,249.62,249.7,247.51,248.04,150883
2026-04-30 10:55:00,248.04,248.6,247.6,247.7,106783
2026-04-30 11:05:00,247.7,248.95,247.6,248.09,75507
2026-04-30 11:15:00,248.11,248.99,247.71,248.0,57094
2026-04-30 11:25:00,248.0,249.29,248.0,249.0,53971
2026-04-30 11:35:00,249.0,249.75,248.53,248.81,50216
2026-04-30 11:45:00,248.7,248.82,248.09,248.26,11473
2026-04-30 11:55:00,248.26,248.78,248.26,248.78,23703
2026-04-30 12:05:00,248.61,249.27,248.44,248.98,20750
2026-04-30 12:15:00,249.01,249.27,248.55,249.0,26532
2026-04-30 12:25:00,248.9,249.23,248.21,248.55,32373
2026-04-30 12:35:00,248.55,248.68,248.06,248.46,49321
2026-04-30 12:45:00,248.46,249.4,248.46,249.24,49153
2026-04-30 12:55:00,249.24,249.67,249.06,249.53,77010
2026-04-30 13:05:00,249.4,249.4,248.8,249.36,38435
2026-04-30 13:15:00,249.36,249.48,249.0,249.48,22701
2026-04-30 13:25:00,249.48,252.5,248.99,251.8,146507
2026-04-30 13:35:00,251.78,252.55,251.36,252.39,156649
2026-04-30 13:45:00,252.39,253.49,252.39,253.0,145026
2026-04-30 13:55:00,253.01,253.5,252.51,252.74,100874
2026-04-30 14:05:00,252.74,252.74,252.05,252.32,86209
2026-04-30 14:15:00,252.41,252.6,251.29,251.96,83773
2026-04-30 14:25:00,252.0,253.26,251.89,253.2,84566
2026-04-30 14:35:00,253.2,253.41,252.61,253.17,79212
2026-04-30 14:45:00,253.23,253.36,251.59,251.86,126124
2026-04-30 14:55:00,251.78,252.4,251.36,251.48,79094
2026-04-30 15:05:00,251.64,251.9,251.02,251.87,122020
2026-04-30 15:15:00,251.9,252.4,251.0,252.3,266845
2026-04-30 15:25:00,252.34,253.4,252.05,253.2,181982
2026-05-04 09:15:00,254.9,255.65,253.2,254.2,431101
2026-05-04 09:25:00,254.4,254.45,252.4,252.6,173005
2026-05-04 09:35:00,252.55,252.95,250.8,250.9,164060
2026-05-04 09:45:00,250.9,252.45,250.6,252.35,110961
2026-05-04 09:55:00,252.4,254.45,252.25,252.95,151812
2026-05-04 10:05:00,253.0,253.85,252.2,252.45,79806
2026-05-04 10:15:00,252.45,253.9,252.35,253.25,54740
2026-05-04 10:25:00,253.15,255.1,253.0,253.45,130254
2026-05-04 10:35:00,253.45,254.4,253.25,254.05,42077
2026-05-04 10:45:00,254.1,254.5,253.55,253.75,73354
2026-05-04 10:55:00,253.75,255.1,253.3,254.95,60231
2026-05-04 11:05:00,255.0,255.2,254.5,254.75,44175
2026-05-04 11:15:00,254.9,255.0,253.75,254.8,53177
2026-05-04 11:25:00,254.8,255.45,254.45,255.25,75794
2026-05-04 11:35:00,255.25,256.25,255.0,255.75,141607
2026-05-04 11:45:00,255.8,256.95,255.4,255.85,211981
2026-05-04 11:55:00,255.9,256.6,255.2,255.65,150430
2026-05-04 12:05:00,255.65,255.85,254.95,255.05,53002
2026-05-04 12:15:00,255.05,255.85,254.95,255.7,49306
2026-05-04 12:25:00,255.7,255.7,254.85,255.2,84552
2026-05-04 12:35:00,255.0,255.65,254.85,255.25,30534
2026-05-04 12:45:00,255.1,255.5,254.8,255.1,42592
2026-05-04 12:55:00,255.1,255.5,255.0,255.0,26153
2026-05-04 13:05:00,255.15,256.9,255.0,256.9,59818
2026-05-04 13:15:00,257.0,258.0,256.1,257.5,304350
2026-05-04 13:25:00,257.5,258.6,257.05,257.85,290208
2026-05-04 13:35:00,257.85,262.2,257.3,261.6,913962
2026-05-04 13:45:00,261.65,262.45,260.5,261.65,516796
2026-05-04 13:55:00,261.3,261.6,259.55,260.6,334366
2026-05-04 14:05:00,260.5,260.75,260.0,260.15,140778
2026-05-04 14:15:00,260.15,261.95,259.65,261.65,400532
2026-05-04 14:25:00,261.6,261.75,260.65,261.0,204370
2026-05-04 14:35:00,260.95,261.45,260.1,261.05,194166
2026-05-04 14:45:00,261.3,261.4,260.3,260.8,232120
2026-05-04 14:55:00,260.65,262.0,260.65,261.65,355021
2026-05-04 15:05:00,261.8,263.25,261.35,261.45,590683
2026-05-04 15:15:00,261.4,261.95,260.7,261.2,450072
2026-05-04 15:25:00,261.3,261.65,260.8,261.2,180238
2026-05-05 09:15:00,261.4,261.4,256.3,257.7,542262
2026-05-05 09:25:00,257.7,259.95,257.4,259.65,310321
2026-05-05 09:35:00,259.4,260.4,259.05,259.45,182235
2026-05-05 09:45:00,259.3,259.45,258.4,258.65,104072
2026-05-05 09:55:00,258.5,258.5,257.5,257.85,121633
2026-05-05 10:05:00,257.85,258.2,257.3,257.5,55755
2026-05-05 10:15:00,257.45,257.85,257.1,257.2,52860
2026-05-05 10:25:00,257.35,257.9,256.55,257.5,86187
2026-05-05 10:35:00,257.7,257.8,256.8,257.0,62549
2026-05-05 10:45:00,256.9,257.5,256.7,256.95,52763
2026-05-05 10:55:00,257.05,257.15,256.0,257.15,79284
2026-05-05 11:05:00,257.15,257.2,256.55,256.7,53077
2026-05-05 11:15:00,256.8,257.5,256.6,256.9,54442
2026-05-05 11:25:00,256.9,257.1,256.6,257.1,28064
2026-05-05 11:35:00,257.1,257.5,256.7,256.75,32174
2026-05-05 11:45:00,256.75,257.1,256.5,256.8,21031
2026-05-05 11:55:00,256.85,257.7,256.55,257.35,28863
2026-05-05 12:05:00,257.35,258.3,257.2,258.2,50501
2026-05-05 12:15:00,258.2,258.9,257.9,258.5,57480
2026-05-05 12:25:00,258.5,258.9,258.25,258.45,43638
2026-05-05 12:35:00,258.45,258.85,258.1,258.7,56223
2026-05-05 12:45:00,258.7,259.0,258.3,258.65,26526
2026-05-05 12:55:00,258.65,258.95,258.45,258.5,33675
2026-05-05 13:05:00,258.5,259.1,258.15,258.55,64255
2026-05-05 13:15:00,258.6,258.7,257.65,257.9,40155
2026-05-05 13:25:00,257.7,257.85,257.05,257.4,87102
2026-05-05 13:35:00,257.4,257.8,257.3,257.75,21266
2026-05-05 13:45:00,257.7,258.9,257.6,258.45,55924
2026-05-05 13:55:00,258.3,259.15,258.3,258.5,62041
2026-05-05 14:05:00,258.5,258.85,258.25,258.85,42639
2026-05-05 14:15:00,258.85,260.85,258.6,259.8,230980
2026-05-05 14:25:00,259.75,260.15,259.05,259.85,103174
2026-05-05 14:35:00,259.85,261.35,259.5,261.35,162176
2026-05-05 14:45:00,261.35,262.4,259.05,259.15,349940
2026-05-05 14:55:00,259.25,259.8,259.05,259.1,67632
2026-05-05 15:05:00,259.3,260.9,259.15,260.65,149097
2026-05-05 15:15:00,260.65,261.0,259.8,260.1,321064
2026-05-05 15:25:00,260.0,261.0,259.95,260.3,128647
2026-05-06 09:15:00,262.5,263.75,259.2,260.15,574857
2026-05-06 09:25:00,260.0,261.55,259.15,261.35,234351
2026-05-06 09:35:00,261.5,265.0,261.3,263.0,545458
2026-05-06 09:45:00,263.0,263.2,262.35,262.7,140036
2026-05-06 09:55:00,262.7,263.45,262.6,262.85,129635
2026-05-06 10:05:00,262.8,262.8,260.85,262.4,159366
2026-05-06 10:15:00,262.4,262.5,261.6,262.3,49177
2026-05-06 10:25:00,262.1,262.45,261.5,262.05,53516
2026-05-06 10:35:00,262.1,262.1,260.75,261.5,86092
2026-05-06 10:45:00,261.5,261.5,260.35,260.6,52924
2026-05-06 10:55:00,260.6,261.05,260.05,260.3,76522
2026-05-06 11:05:00,260.25,261.65,260.0,261.2,85730
2026-05-06 11:15:00,261.05,261.65,260.75,260.85,38431
2026-05-06 11:25:00,260.95,261.3,260.5,261.2,33550
2026-05-06 11:35:00,261.2,261.2,260.35,260.95,47737
2026-05-06 11:45:00,260.95,261.2,260.6,260.95,30181
2026-05-06 11:55:00,260.9,261.8,260.9,261.65,64226
2026-05-06 12:05:00,261.8,261.8,260.5,260.65,56869
2026-05-06 12:15:00,260.65,261.1,260.0,260.1,67039
2026-05-06 12:25:00,260.1,260.9,259.5,260.8,69285
2026-05-06 12:35:00,260.8,260.95,260.0,260.15,40642
2026-05-06 12:45:00,260.1,260.15,259.0,259.75,75403
2026-05-06 12:55:00,259.6,259.8,259.2,259.4,29983
2026-05-06 13:05:00,259.4,260.7,259.35,260.5,31687
2026-05-06 13:15:00,260.5,261.2,260.15,261.2,43720
2026-05-06 13:25:00,261.2,261.3,260.65,260.65,47127
2026-05-06 13:35:00,260.5,261.15,260.5,260.8,32332
2026-05-06 13:45:00,260.8,261.35,260.55,261.25,44872
2026-05-06 13:55:00,261.15,261.25,260.6,260.9,24282
2026-05-06 14:05:00,260.9,261.1,260.6,260.6,31606
2026-05-06 14:15:00,260.85,261.7,260.7,261.45,58794
2026-05-06 14:25:00,261.35,261.9,260.8,260.95,87739
2026-05-06 14:35:00,260.95,261.5,260.55,261.05,47583
2026-05-06 14:45:00,261.2,262.7,261.0,261.7,168204
2026-05-06 14:55:00,261.9,262.5,261.5,262.25,100683
2026-05-06 15:05:00,262.4,262.9,261.5,261.8,165675
2026-05-06 15:15:00,261.8,262.75,261.75,262.55,279997
2026-05-06 15:25:00,262.4,263.15,262.2,262.5,236505
2026-05-07 09:15:00,262.5,263.45,258.1,259.65,461613
2026-05-07 09:25:00,259.65,260.0,259.0,259.5,145230
2026-05-07 09:35:00,259.5,260.25,259.2,259.5,75841
2026-05-07 09:45:00,259.3,259.75,258.0,258.3,165731
2026-05-07 09:55:00,258.15,258.95,258.0,258.7,78100
2026-05-07 10:05:00,258.5,259.0,258.1,258.7,70964
2026-05-07 10:15:00,258.65,259.65,258.5,259.6,84048
2026-05-07 10:25:00,259.35,259.75,259.15,259.5,25171
2026-05-07 10:35:00,259.55,259.95,259.3,259.85,36377
2026-05-07 10:45:00,259.85,260.9,259.25,259.9,148302
2026-05-07 10:55:00,259.85,260.1,259.4,259.8,58702
2026-05-07 11:05:00,259.6,260.0,259.2,259.4,25540
2026-05-07 11:15:00,259.45,261.85,259.4,261.7,105005
2026-05-07 11:25:00,261.85,262.75,261.6,262.75,152236
2026-05-07 11:35:00,263.05,267.0,262.65,262.9,978156
2026-05-07 11:45:00,263.0,263.3,262.5,262.75,93509
2026-05-07 11:55:00,262.75,263.9,262.6,262.8,125589
2026-05-07 12:05:00,262.8,263.5,262.4,263.05,69313
2026-05-07 12:15:00,262.95,264.0,262.95,263.25,73321
2026-05-07 12:25:00,263.3,263.9,263.05,263.4,81493
2026-05-07 12:35:00,263.4,264.0,263.15,263.8,86103
2026-05-07 12:45:00,263.6,263.95,262.85,263.65,91049
2026-05-07 12:55:00,263.7,264.2,263.5,263.85,65797
2026-05-07 13:05:00,263.8,263.9,263.25,263.55,25790
2026-05-07 13:15:00,263.55,263.65,262.05,262.4,79000
2026-05-07 13:25:00,262.35,262.95,262.35,262.75,53723
2026-05-07 13:35:00,262.6,263.65,262.6,263.6,52781
2026-05-07 13:45:00,263.6,263.95,263.3,263.5,67706
2026-05-07 13:55:00,263.5,263.6,262.5,262.75,43389
2026-05-07 14:05:00,262.75,263.2,262.4,263.15,32845
2026-05-07 14:15:00,263.2,263.3,262.7,263.0,81505
2026-05-07 14:25:00,263.0,263.2,262.6,262.85,49511
2026-05-07 14:35:00,262.85,263.0,262.1,262.4,81017
2026-05-07 14:45:00,262.3,262.5,261.25,261.25,131987
2026-05-07 14:55:00,261.25,261.7,261.1,261.65,80708
2026-05-07 15:05:00,261.5,261.7,260.45,261.1,228781
2026-05-07 15:15:00,261.2,261.85,261.0,261.6,182336
2026-05-07 15:25:00,261.65,261.7,261.05,261.7,150748
2026-05-08 09:15:00,261.1,263.0,259.55,260.65,283710
2026-05-08 09:25:00,260.75,261.9,260.3,260.3,108911
2026-05-08 09:35:00,261.0,261.15,259.5,260.15,131416
2026-05-08 09:45:00,260.1,261.5,259.45,261.5,97338
2026-05-08 09:55:00,261.25,261.3,259.9,259.9,44348
2026-05-08 10:05:00,260.1,260.1,259.5,259.65,53046
2026-05-08 10:15:00,259.65,259.95,259.05,259.4,73763
2026-05-08 10:25:00,259.4,259.65,259.1,259.15,35249
2026-05-08 10:35:00,259.15,259.35,259.0,259.25,82689
2026-05-08 10:45:00,259.25,260.1,259.0,259.2,52476
2026-05-08 10:55:00,259.2,259.55,259.0,259.1,35508
2026-05-08 11:05:00,259.1,259.4,258.8,258.8,57479
2026-05-08 11:15:00,258.8,259.0,258.5,258.65,53673
2026-05-08 11:25:00,258.65,259.15,258.5,258.85,50192
2026-05-08 11:35:00,258.85,261.4,258.65,260.8,111248
2026-05-08 11:45:00,260.5,260.65,259.65,259.7,33983
2026-05-08 11:55:00,259.7,259.7,259.15,259.65,12344
2026-05-08 12:05:00,259.65,259.75,259.0,259.0,10737
2026-05-08 12:15:00,259.0,259.1,258.6,259.0,23368
2026-05-08 12:25:00,259.0,259.25,258.6,258.6,23128
2026-05-08 12:35:00,258.6,258.85,258.35,258.35,23813
2026-05-08 12:45:00,258.3,258.3,257.0,257.4,139966
2026-05-08 12:55:00,257.4,257.6,257.2,257.5,31451
2026-05-08 13:05:00,257.5,257.9,257.25,257.75,18467
2026-05-08 13:15:00,257.75,257.75,257.0,257.3,17431
2026-05-08 13:25:00,257.3,257.8,257.0,257.3,15946
2026-05-08 13:35:00,257.3,257.3,256.5,257.0,32079
2026-05-08 13:45:00,257.0,257.45,256.7,256.7,27750
2026-05-08 13:55:00,256.8,257.45,256.4,257.0,50578
2026-05-08 14:05:00,257.0,257.35,256.75,256.75,18099
2026-05-08 14:15:00,256.75,257.05,256.4,256.7,20866
2026-05-08 14:25:00,256.9,257.6,256.6,257.3,50070
2026-05-08 14:35:00,257.45,258.2,257.1,257.75,42693
2026-05-08 14:45:00,257.75,257.9,257.25,257.3,33204
2026-05-08 14:55:00,257.3,257.45,256.6,256.8,31918
2026-05-08 15:05:00,256.8,256.8,256.0,256.2,126593
2026-05-08 15:15:00,256.2,256.95,256.0,256.5,159923
2026-05-08 15:25:00,256.5,256.95,256.05,256.7,64787
2026-05-11 09:15:00,256.4,256.95,252.1,256.1,441113
2026-05-11 09:25:00,256.35,256.4,254.4,254.55,128148
2026-05-11 09:35:00,254.6,254.9,253.35,254.05,200657
2026-05-11 09:45:00,254.05,254.45,252.65,254.05,84612
2026-05-11 09:55:00,254.0,254.5,253.1,254.2,79812
2026-05-11 10:05:00,254.0,254.8,253.7,254.15,46057
2026-05-11 10:15:00,254.35,254.35,253.35,253.55,36838
2026-05-11 10:25:00,253.6,253.7,252.9,252.9,43025
2026-05-11 10:35:00,253.05,253.35,252.0,252.3,60180
2026-05-11 10:45:00,252.3,252.4,251.2,251.95,50598
2026-05-11 10:55:00,252.2,252.75,251.65,252.25,47667
2026-05-11 11:05:00,252.1,253.0,252.05,252.5,31648
2026-05-11 11:15:00,252.5,252.85,251.75,251.75,44514
2026-05-11 11:25:00,251.75,252.1,251.5,251.5,20909
2026-05-11 11:35:00,251.5,252.8,251.5,252.65,33649
2026-05-11 11:45:00,252.55,252.65,251.65,252.35,22961
2026-05-11 11:55:00,252.35,252.35,250.7,250.95,47607
2026-05-11 12:05:00,250.85,251.3,250.4,250.7,64743
2026-05-11 12:15:00,250.7,250.85,250.0,250.3,68213
2026-05-11 12:25:00,250.25,250.5,249.35,249.85,52750
2026-05-11 12:35:00,249.8,250.45,249.2,250.35,68973
2026-05-11 12:45:00,250.35,250.65,249.1,249.5,77017
2026-05-11 12:55:00,249.65,250.0,249.4,249.8,62185
2026-05-11 13:05:00,249.8,250.5,249.35,250.35,50163
2026-05-11 13:15:00,250.15,250.45,249.3,249.4,47713
2026-05-11 13:25:00,249.4,250.0,249.3,249.65,87257
2026-05-11 13:35:00,249.7,250.9,249.65,250.2,72685
2026-05-11 13:45:00,250.4,250.85,250.2,250.85,29202
2026-05-11 13:55:00,250.65,251.1,249.75,249.9,43219
2026-05-11 14:05:00,249.75,250.5,249.5,249.7,46810
2026-05-11 14:15:00,249.7,250.35,249.7,250.05,70670
2026-05-11 14:25:00,250.05,251.25,250.05,251.15,71011
2026-05-11 14:35:00,251.25,251.45,249.55,249.6,57523
2026-05-11 14:45:00,249.8,249.8,248.8,249.15,155473
2026-05-11 14:55:00,249.15,249.45,248.05,248.3,173650
2026-05-11 15:05:00,248.15,248.5,247.8,247.9,121872
2026-05-11 15:15:00,247.9,248.7,247.75,248.55,221457
2026-05-11 15:25:00,248.65,249.8,248.4,248.8,101207
2026-05-12 09:15:00,248.4,249.75,245.75,248.0,305309
2026-05-12 09:25:00,248.0,248.45,245.6,246.65,212469
2026-05-12 09:35:00,246.5,248.15,245.7,247.85,172872
2026-05-12 09:45:00,247.8,248.85,247.6,247.85,121803
2026-05-12 09:55:00,247.9,248.3,246.6,247.55,48811
2026-05-12 10:05:00,247.55,248.8,247.0,248.5,55942
2026-05-12 10:15:00,248.45,249.65,247.95,248.25,81859
2026-05-12 10:25:00,248.25,248.35,247.0,247.25,89929
2026-05-12 10:35:00,247.25,247.25,246.0,246.05,103094
2026-05-12 10:45:00,246.0,246.85,245.8,245.8,66742
2026-05-12 10:55:00,245.8,246.55,245.05,245.05,105761
2026-05-12 11:05:00,245.05,245.3,244.45,244.45,85274
2026-05-12 11:15:00,244.45,244.95,243.5,244.4,260037
2026-05-12 11:25:00,244.4,244.55,243.4,243.85,70422
2026-05-12 11:35:00,243.85,244.35,243.7,244.0,55457
2026-05-12 11:45:00,244.0,244.0,242.9,243.65,62827
2026-05-12 11:55:00,243.5,244.15,243.4,243.55,20837
2026-05-12 12:05:00,243.55,243.55,242.15,242.6,79201
2026-05-12 12:15:00,242.7,243.5,242.3,242.6,63089
2026-05-12 12:25:00,242.6,242.75,240.6,241.0,242938
2026-05-12 12:35:00,241.0,241.85,240.35,241.7,67015
2026-05-12 12:45:00,241.55,242.15,241.15,241.75,61999
2026-05-12 12:55:00,241.75,242.0,241.2,241.5,34685
2026-05-12 13:05:00,241.3,241.4,240.0,241.15,85381
2026-05-12 13:15:00,241.3,241.6,240.15,240.3,82315
2026-05-12 13:25:00,240.3,240.35,239.0,239.65,161350
2026-05-12 13:35:00,239.65,239.7,238.9,239.4,68626
2026-05-12 13:45:00,239.25,240.25,238.65,239.3,110549
2026-05-12 13:55:00,239.3,239.6,238.7,238.95,52853
2026-05-12 14:05:00,238.85,239.0,238.1,238.4,76315
2026-05-12 14:15:00,238.55,239.65,238.2,239.6,72805
2026-05-12 14:25:00,239.5,239.5,238.25,238.3,58894
2026-05-12 14:35:00,238.3,238.65,237.65,238.45,80402
2026-05-12 14:45:00,238.35,238.45,237.4,237.75,99137
2026-05-12 14:55:00,237.6,237.75,236.05,236.7,205587
2026-05-12 15:05:00,236.75,236.95,235.6,236.6,166832
2026-05-12 15:15:00,236.6,237.8,236.55,237.4,168815
2026-05-12 15:25:00,237.2,237.8,237.0,237.2,96985
2026-05-13 09:20:00,241.25,247.5,241.15,246.05,132453595
2026-05-13 09:25:00,245.0,247.5,244.2,246.3,409485
2026-05-13 09:35:00,246.4,248.4,244.0,247.7,444315
2026-05-13 09:45:00,247.75,247.75,242.7,244.4,362938
2026-05-13 09:55:00,244.1,244.45,243.2,244.0,65447
2026-05-13 10:05:00,243.8,244.5,243.55,244.1,60746
2026-05-13 10:15:00,244.1,244.5,243.6,244.15,57298
2026-05-13 10:25:00,244.15,244.2,242.4,242.65,79623
2026-05-13 10:35:00,242.5,242.65,241.6,241.85,73782
2026-05-13 10:45:00,241.85,242.15,240.8,241.15,44144
2026-05-13 10:55:00,241.05,241.05,239.6,240.15,69360
2026-05-13 11:05:00,240.15,240.15,239.4,239.95,28967
2026-05-13 11:15:00,239.95,241.15,239.9,240.6,24485
2026-05-13 11:25:00,240.7,241.6,240.4,241.35,26561
2026-05-13 11:35:00,241.25,242.15,241.25,241.95,27980
2026-05-13 11:45:00,241.9,242.0,241.25,241.55,17032
2026-05-13 11:55:00,241.4,242.0,241.4,242.0,12033
2026-05-13 12:05:00,242.0,242.4,241.55,242.25,28769
2026-05-13 12:15:00,242.35,242.45,241.2,241.4,23204
2026-05-13 12:25:00,241.3,241.7,240.8,241.0,16522
2026-05-13 12:35:00,240.9,241.0,239.7,240.3,28202
2026-05-13 12:45:00,240.4,241.6,240.1,241.4,20439
2026-05-13 12:55:00,241.3,242.2,241.3,241.9,34019
2026-05-13 13:05:00,241.9,242.65,241.8,242.3,29009
2026-05-13 13:15:00,242.1,242.75,241.8,242.6,21106
2026-05-13 13:25:00,242.6,242.9,242.0,242.1,75720
2026-05-13 13:35:00,242.35,242.55,241.75,241.95,15304
2026-05-13 13:45:00,241.95,241.95,241.05,241.05,12927
2026-05-13 13:55:00,241.0,241.6,240.7,241.1,40132
2026-05-13 14:05:00,240.85,242.5,240.85,242.45,44102
2026-05-13 14:15:00,242.45,242.5,240.75,241.3,40237
2026-05-13 14:25:00,241.3,241.75,240.85,241.55,21392
2026-05-13 14:35:00,241.5,241.8,241.0,241.2,47017
2026-05-13 14:45:00,241.2,241.45,240.55,241.05,67351
2026-05-13 14:55:00,241.05,241.35,240.15,241.1,72098
2026-05-13 15:05:00,241.1,241.4,240.5,240.7,92654
2026-05-13 15:15:00,240.7,240.7,240.0,240.45,119688
2026-05-13 15:25:00,240.3,241.85,240.05,241.15,100179
2026-05-14 09:15:00,241.6,244.8,241.6,244.5,206100
2026-05-14 09:25:00,244.5,245.45,243.7,243.7,96946
2026-05-14 09:35:00,243.9,243.9,242.9,243.25,97696
2026-05-14 09:45:00,243.4,245.25,242.8,243.5,161309
2026-05-14 09:55:00,243.5,248.75,242.8,247.7,469693
2026-05-14 10:05:00,247.45,249.2,246.3,248.0,367050
2026-05-14 10:15:00,247.9,250.2,246.85,248.7,499266
2026-05-14 10:25:00,248.85,249.35,247.65,249.15,193993
2026-05-14 10:35:00,249.1,255.55,248.55,252.75,1367174
2026-05-14 10:45:00,253.0,254.3,251.8,253.6,684617
2026-05-14 10:55:00,253.6,253.6,250.65,250.7,404206
2026-05-14 11:05:00,251.0,251.45,249.1,249.55,410542
2026-05-14 11:15:00,249.7,252.85,249.7,251.95,364552
2026-05-14 11:25:00,251.95,253.35,251.35,252.8,247665
2026-05-14 11:35:00,252.65,254.1,250.25,253.6,442208
2026-05-14 11:45:00,253.6,255.0,253.1,254.3,198188
2026-05-14 11:55:00,254.15,254.6,253.2,254.4,182127
2026-05-14 12:05:00,254.6,257.3,254.15,255.2,688981
2026-05-14 12:15:00,255.15,255.45,254.8,254.8,113075
2026-05-14 12:25:00,254.8,255.45,254.5,254.9,147300
2026-05-14 12:35:00,254.9,255.6,254.25,255.5,144774
2026-05-14 12:45:00,255.5,256.7,254.55,255.85,306798
2026-05-14 12:55:00,255.85,256.0,255.15,255.55,179210
2026-05-14 13:05:00,255.55,255.7,254.5,254.8,112430
2026-05-14 13:15:00,254.8,255.45,254.4,254.6,78601
2026-05-14 13:25:00,254.5,255.05,254.3,254.85,92286
2026-05-14 13:35:00,254.6,255.2,254.2,254.4,81606
2026-05-14 13:45:00,254.4,254.5,253.5,254.05,153612
2026-05-14 13:55:00,254.1,254.6,253.7,254.1,64571
2026-05-14 14:05:00,254.0,254.75,253.75,254.0,80494
2026-05-14 14:15:00,253.85,254.35,252.65,253.1,169792
2026-05-14 14:25:00,253.1,253.8,252.85,253.8,60523
2026-05-14 14:35:00,253.75,253.75,253.0,253.4,54293
2026-05-14 14:45:00,253.2,253.75,252.8,253.6,112320
2026-05-14 14:55:00,253.75,253.95,253.0,253.2,109424
2026-05-14 15:00:00,253.15,253.65,252.8,253.5,1625435521
2026-05-14 15:05:00,253.05,253.65,252.8,253.45,68113
2026-05-14 15:10:00,253.5,253.95,252.85,253.8,2483744707
2026-05-14 15:20:00,253.75,255.4,253.55,255.2,2162574965
2026-05-15 09:20:00,250.7,250.7,245.1,245.25,167871463
2026-05-15 09:30:00,245.45,246.25,244.4,246.15,327508911
2026-05-15 09:40:00,246.2,248.4,245.8,247.85,358066120
2026-05-15 09:50:00,247.55,247.6,247.25,247.35,65203943
2026-05-15 10:00:00,247.35,247.35,245.35,245.65,370650439
2026-05-15 10:10:00,245.7,246.55,245.65,245.9,439080696
2026-05-15 10:20:00,245.9,246.9,245.65,246.35,483432841
2026-05-15 10:30:00,246.4,247.05,246.15,246.85,461494205
2026-05-15 10:40:00,246.8,247.85,246.8,247.75,497003979
2026-05-15 10:50:00,247.85,249.35,247.7,249.25,586991967
2026-05-15 11:00:00,249.15,249.15,249.15,249.15,1933257
2026-05-15 11:40:00,247.15,247.8,247.05,247.6,414135769
2026-05-15 11:50:00,247.6,247.75,246.9,247.15,487076076
2026-05-15 12:00:00,247.15,248.2,247.15,247.65,639476827
2026-05-15 12:10:00,247.9,247.95,246.85,247.0,500293705
2026-05-15 12:20:00,247.0,247.1,246.25,246.25,625702069
2026-05-15 12:30:00,246.25,247.2,246.2,247.05,601769391
2026-05-15 12:40:00,247.0,247.7,246.95,247.25,608024154
2026-05-15 12:50:00,247.25,247.55,247.1,247.2,601294328
2026-05-15 13:00:00,247.2,247.25,246.5,246.55,587969497
2026-05-15 13:10:00,246.55,247.95,246.55,247.55,697369799
2026-05-15 13:20:00,247.55,247.65,246.85,247.15,621101271
2026-05-15 13:30:00,247.15,249.25,246.9,249.2,707703647
2026-05-15 13:40:00,249.2,249.4,248.3,248.55,848755686
2026-05-15 13:50:00,248.35,249.4,248.35,249.0,804187269
2026-05-15 14:00:00,249.0,249.0,248.3,248.6,824797855
2026-05-15 14:10:00,248.6,249.0,247.8,248.25,900324284
2026-05-15 14:20:00,248.25,248.4,247.65,247.85,889654834
2026-05-15 14:30:00,247.8,248.3,247.65,247.65,947436258
2026-05-15 14:40:00,247.6,248.0,246.05,246.15,909527536
2026-05-15 14:50:00,246.05,246.7,245.35,246.2,941733629
2026-05-15 15:00:00,246.25,247.05,245.95,246.45,810263150
2026-05-15 15:10:00,246.5,247.45,246.1,247.0,737507110
2026-05-15 15:20:00,247.05,247.2,246.35,246.6,757311576
2026-05-18 12:15:00,235.65,235.8,234.5,235.6,46300
2026-05-19 09:20:00,238.65,241.65,238.65,241.15,86710951
2026-05-19 09:30:00,241.35,241.5,239.4,240.65,151280614
2026-05-19 09:40:00,240.85,244.0,240.85,243.6,214863260
2026-05-19 09:50:00,243.75,244.2,242.2,242.2,304128742
2026-05-19 10:00:00,242.2,243.6,242.1,243.45,306060952
2026-05-19 10:10:00,243.45,244.0,243.05,243.25,325978267
2026-05-19 10:20:00,243.2,244.35,243.15,243.65,382215749
2026-05-19 10:30:00,243.65,244.45,242.05,244.4,645584033
2026-05-19 10:40:00,244.4,250.45,244.4,249.3,1977568631
2026-05-19 10:50:00,249.05,250.0,248.0,248.55,1293882664
2026-05-19 11:00:00,248.55,248.85,247.85,248.45,936971555
2026-05-19 11:10:00,248.3,248.75,247.3,247.8,836167576
2026-05-19 11:20:00,247.9,248.0,247.35,247.7,868816368
2026-05-19 11:30:00,247.95,248.0,247.2,247.95,986662616
2026-05-19 11:40:00,248.0,248.45,247.25,247.4,936257802
2026-05-19 11:50:00,247.4,247.7,246.7,247.45,1137281265
2026-05-19 12:00:00,247.5,248.15,247.05,247.1,1098528338
2026-05-19 12:10:00,247.25,247.75,246.75,246.85,1083174443
2026-05-19 12:20:00,247.0,247.5,246.85,247.25,1083912366
2026-05-19 12:30:00,247.25,247.8,246.85,247.4,1102960869
2026-05-19 12:40:00,247.4,247.65,245.55,246.1,1467600692
2026-05-19 12:50:00,246.1,246.6,245.75,246.3,1208774082
2026-05-19 13:00:00,246.45,246.5,245.8,246.2,1152732306
2026-05-19 13:10:00,246.2,246.4,245.95,246.4,1233335065
2026-05-19 13:20:00,246.4,246.7,246.1,246.35,1063960652
2026-05-19 13:30:00,246.4,246.5,245.7,245.85,1053182164
2026-05-19 13:40:00,245.85,246.5,245.65,246.2,1067942794
2026-05-19 13:50:00,246.2,246.4,245.35,245.65,1130031530
2026-05-19 14:00:00,245.65,246.05,245.15,245.7,1259068765
2026-05-19 14:10:00,245.75,245.95,245.3,245.6,1326564249
2026-05-19 14:20:00,245.7,246.4,245.6,245.85,1211994560
2026-05-19 14:30:00,245.75,245.95,244.6,245.0,1320716436
2026-05-19 14:40:00,244.95,245.1,244.4,244.7,1248108587
2026-05-19 14:50:00,244.7,245.55,244.65,245.45,1322684168
2026-05-19 15:00:00,245.3,246.2,245.1,245.3,1410729216
2026-05-19 15:10:00,245.35,245.75,244.55,244.75,1138932201
2026-05-19 15:20:00,244.65,244.75,243.25,243.55,1162635103
2026-05-20 09:15:00,243.0,243.0,238.0,238.6,374390
2026-05-20 09:20:00,238.9,239.2,238.0,238.4,96079231
2026-05-20 09:25:00,238.65,239.8,238.0,239.0,229376
2026-05-20 09:30:00,238.4,239.8,238.0,239.2,158452199
2026-05-20 09:35:00,239.1,239.4,238.1,238.55,152759
2026-05-20 09:40:00,239.2,239.4,238.35,239.15,191807688
2026-05-20 09:45:00,238.75,239.7,238.45,239.7,73695
2026-05-20 09:50:00,239.15,240.1,239.15,239.7,213868129
2026-05-20 09:55:00,239.5,240.1,239.0,239.1,188981
2026-05-20 10:00:00,239.85,239.85,238.75,239.4,244840709
2026-05-20 10:05:00,239.05,239.85,238.75,239.6,39618
2026-05-20 10:10:00,239.4,239.85,239.05,239.75,241781381
2026-05-20 10:15:00,239.5,239.8,239.1,239.1,56523
2026-05-20 10:20:00,239.75,239.75,238.8,239.45,264593171
2026-05-20 10:25:00,239.1,239.65,238.65,239.45,67371
2026-05-20 10:30:00,239.45,240.9,238.65,240.5,317256581
2026-05-20 10:35:00,239.45,241.7,239.4,241.45,125632
2026-05-20 10:40:00,240.5,242.0,240.2,241.4,434542157
2026-05-20 10:45:00,241.45,242.4,241.1,242.1,89722
2026-05-20 10:50:00,241.4,243.25,241.1,242.6,407395048
2026-05-20 10:55:00,242.1,243.25,241.7,241.95,87522
2026-05-20 11:00:00,242.6,243.1,241.7,242.55,424097065
2026-05-20 11:05:00,241.95,242.6,241.85,241.85,41769
2026-05-20 11:10:00,242.55,242.55,241.5,241.6,359401920
2026-05-20 11:15:00,241.85,241.95,241.3,241.9,21090
2026-05-20 11:20:00,241.6,241.95,241.3,241.75,427245301
2026-05-20 11:25:00,241.9,242.0,241.5,241.95,32049
2026-05-20 11:30:00,241.75,242.5,241.5,242.3,361222940
2026-05-20 11:35:00,241.95,242.5,241.75,242.1,64951
2026-05-20 11:40:00,242.3,243.05,240.8,243.05,552349351
2026-05-20 11:45:00,242.1,243.25,240.8,242.65,137659
2026-05-20 11:50:00,243.05,243.25,242.4,242.8,536504184
2026-05-20 11:55:00,242.65,243.0,242.2,242.7,33635
2026-05-20 12:00:00,242.8,242.8,242.0,242.05,428176097
2026-05-20 12:05:00,242.7,242.7,241.7,241.9,44678
2026-05-20 12:10:00,242.05,242.35,241.7,241.9,381471247
2026-05-20 12:15:00,241.9,242.35,241.8,242.2,16293
2026-05-20 12:20:00,242.0,242.25,241.55,242.1,476311047
2026-05-20 12:25:00,242.05,242.3,241.35,242.15,89635
2026-05-20 12:30:00,242.1,242.65,241.35,242.6,441316230
2026-05-20 12:35:00,242.15,242.75,242.05,242.7,15876
2026-05-20 12:40:00,242.6,242.9,242.4,242.55,474385630
2026-05-20 12:45:00,242.7,242.9,242.4,242.6,9335
2026-05-20 12:50:00,242.55,242.7,242.35,242.55,466645424
2026-05-20 12:55:00,242.6,242.7,241.4,241.5,19101
2026-05-20 13:00:00,242.55,242.55,241.35,241.65,450503670
2026-05-20 13:05:00,241.5,241.9,241.35,241.5,15111
2026-05-20 13:10:00,241.65,241.65,240.8,240.9,489218225
2026-05-20 13:15:00,241.5,241.6,240.75,240.75,20465
2026-05-20 13:20:00,240.9,241.45,240.7,240.75,541299749
2026-05-20 13:25:00,240.75,241.2,240.6,240.85,13174
2026-05-20 13:30:00,240.75,241.4,240.6,241.1,524698710
2026-05-20 13:35:00,240.85,241.4,240.8,241.0,33441
2026-05-20 13:40:00,241.1,241.25,240.8,241.2,559404102
2026-05-20 13:45:00,241.0,241.35,240.9,241.2,12450
2026-05-20 13:50:00,241.2,241.8,241.0,241.6,544525734
2026-05-20 13:55:00,241.3,241.8,241.15,241.4,37737
2026-05-20 14:00:00,241.6,241.8,241.3,241.75,509999365
2026-05-20 14:05:00,241.45,242.25,241.4,241.9,77775
2026-05-20 14:10:00,241.75,242.65,241.6,242.1,574526520
2026-05-20 14:15:00,241.9,242.65,241.8,242.15,50060
2026-05-20 14:20:00,242.0,242.4,241.75,242.4,535820579
2026-05-20 14:25:00,242.2,242.5,241.75,241.85,37230
2026-05-20 14:30:00,242.4,242.5,241.5,241.55,576683525
2026-05-20 14:35:00,241.85,241.95,241.5,241.55,23013
2026-05-20 14:40:00,241.5,241.95,241.5,241.8,536734927
2026-05-20 14:45:00,241.6,242.0,241.5,241.65,51490
2026-05-20 14:50:00,241.8,242.0,241.3,241.4,612167116
2026-05-20 14:55:00,241.65,241.85,240.65,240.95,69589
2026-05-20 15:00:00,241.4,241.65,240.65,241.6,661636766
2026-05-20 15:05:00,241.05,241.9,240.95,241.8,66584
2026-05-20 15:10:00,241.6,242.0,241.4,241.55,519996654
2026-05-20 15:15:00,241.8,242.0,241.0,241.3,212100
2026-05-20 15:20:00,241.9,242.0,240.75,241.5,641552568
2026-05-20 15:25:00,241.3,242.0,240.75,241.5,128107
2026-05-21 09:15:00,243.7,247.7,242.25,243.55,430480
2026-05-21 09:20:00,243.05,243.9,242.0,242.0,92302935
2026-05-21 09:25:00,243.45,243.9,240.8,241.35,257339
2026-05-21 09:30:00,242.05,242.3,240.8,242.0,161337626
2026-05-21 09:35:00,241.9,242.3,241.1,242.05,99985
2026-05-21 09:40:00,241.95,242.95,241.75,242.8,186553506
2026-05-21 09:45:00,242.0,243.65,242.0,243.2,98751
2026-05-21 09:50:00,242.8,243.65,242.65,242.8,201213457
2026-05-21 09:55:00,243.2,243.3,242.3,242.3,44875
2026-05-21 10:00:00,242.8,242.9,242.25,242.45,185211099
2026-05-21 10:05:00,242.65,242.7,242.15,242.6,39291
2026-05-21 10:10:00,242.45,243.55,242.1,243.1,212870275
2026-05-21 10:15:00,242.6,243.55,242.6,243.25,69536
2026-05-21 10:20:00,243.15,243.65,243.0,243.35,103462559
2026-05-21 10:25:00,243.3,243.65,242.85,243.0,56573
2026-05-21 10:30:00,243.4,243.65,242.15,242.25,261599613
2026-05-21 10:35:00,242.85,243.65,242.0,242.35,82756
2026-05-21 10:40:00,242.2,242.35,241.7,241.7,314419926
2026-05-21 10:45:00,242.15,242.3,241.6,241.8,33079
2026-05-21 10:50:00,241.85,242.0,240.45,240.85,294192664
2026-05-21 10:55:00,241.8,241.8,240.2,240.55,87651
2026-05-21 11:00:00,240.85,240.85,240.2,240.35,375672160
2026-05-21 11:05:00,240.55,240.65,239.85,240.1,81312
2026-05-21 11:10:00,240.35,240.65,239.2,239.4,381238063
2026-05-21 11:15:00,240.0,240.0,239.2,239.65,90480
2026-05-21 11:20:00,239.3,240.3,239.3,240.05,395237831
2026-05-21 11:25:00,239.7,240.3,239.65,240.3,37256
2026-05-21 11:30:00,239.9,240.35,239.65,240.35,379322248
2026-05-21 11:35:00,240.35,240.4,240.0,240.0,26348
2026-05-21 11:40:00,240.35,240.5,240.0,240.25,382060414
2026-05-21 11:45:00,240.05,240.5,240.05,240.3,14636
2026-05-21 11:50:00,240.25,240.5,239.55,239.9,448739686
2026-05-21 11:55:00,240.3,240.35,239.55,239.95,53174
2026-05-21 12:00:00,239.9,240.0,239.55,239.7,439511209
2026-05-21 12:05:00,239.9,239.9,239.4,239.55,43218
2026-05-21 12:10:00,239.7,239.8,239.25,239.6,402316713
2026-05-21 12:15:00,239.55,239.65,238.6,239.2,71956
2026-05-21 12:20:00,239.6,239.6,238.55,238.65,438861500
2026-05-21 12:25:00,239.05,239.25,238.1,238.25,52231
2026-05-21 12:30:00,238.65,238.65,237.65,237.8,496110874
2026-05-21 12:35:00,238.25,238.45,235.35,236.8,189757
2026-05-21 12:40:00,237.7,237.85,236.3,236.75,539280131
2026-05-21 12:45:00,236.65,237.3,236.3,237.2,57110
2026-05-21 12:50:00,236.75,237.3,236.75,237.1,596690507
2026-05-21 12:55:00,237.1,237.25,236.0,236.65,54116
2026-05-21 13:00:00,237.1,237.65,236.0,237.6,646818464
2026-05-21 13:05:00,236.45,237.65,236.3,236.5,34748
2026-05-21 13:10:00,237.65,237.65,236.3,236.55,682917199
2026-05-21 13:15:00,236.3,236.9,236.3,236.7,22334
2026-05-21 13:20:00,236.55,237.0,236.55,236.85,677604438
2026-05-21 13:25:00,236.6,237.45,236.55,237.05,51397
2026-05-21 13:30:00,236.65,237.7,236.6,237.55,669740116
2026-05-21 13:35:00,237.05,237.95,237.05,237.95,17251
2026-05-21 13:40:00,237.55,237.85,237.55,237.85,314633640
2026-05-21 13:45:00,237.9,238.25,237.4,237.6,57550
2026-05-21 13:55:00,237.4,238.15,237.4,237.8,29694
2026-05-21 14:00:00,237.65,238.55,237.6,238.55,406854181
2026-05-21 14:05:00,237.7,238.6,237.6,238.45,53537
2026-05-21 14:10:00,238.25,238.75,238.0,238.75,870166396
2026-05-21 14:15:00,238.3,238.85,238.0,238.35,43784
2026-05-21 14:25:00,238.2,238.3,237.65,238.15,63132
2026-05-21 14:35:00,238.0,238.3,237.8,237.95,25689
2026-05-21 14:40:00,237.8,238.0,237.7,237.8,395320850
2026-05-21 14:45:00,237.95,238.0,237.7,237.8,23133
2026-05-21 14:50:00,237.75,238.15,237.4,237.55,826794510
2026-05-21 15:00:00,237.4,237.85,237.1,237.3,733463134
2026-05-21 15:10:00,237.3,237.5,236.75,237.1,746998797
2026-05-21 15:20:00,237.35,237.9,236.8,237.7,708786487
