datetime,open,high,low,close,volume
2026-02-01 09:15:00,400.7,400.7,391.2,391.5,41429
2026-02-01 09:25:00,391.95,394.3,391.55,393.85,11268
2026-02-01 09:35:00,393.85,396.0,393.6,395.95,7580
2026-02-01 09:45:00,395.95,398.0,395.15,397.35,33833
2026-02-01 09:55:00,397.35,398.0,396.3,397.8,13406
2026-02-01 10:05:00,397.8,397.8,397.0,397.4,6631
2026-02-01 10:15:00,397.4,397.4,396.05,397.0,6963
2026-02-01 10:25:00,397.0,397.0,396.2,396.95,3201
2026-02-01 10:35:00,396.95,397.1,396.45,396.65,3547
2026-02-01 10:45:00,396.65,397.45,396.2,397.35,3987
2026-02-01 10:55:00,397.35,398.5,396.85,397.0,9409
2026-02-01 11:05:00,397.05,399.5,397.05,398.05,7949
2026-02-01 11:15:00,398.55,399.45,397.5,399.4,4791
2026-02-01 11:25:00,399.4,402.0,398.8,399.0,35013
2026-02-01 11:35:00,399.0,399.0,396.0,396.05,11545
2026-02-01 11:45:00,396.05,397.1,396.0,396.75,8209
2026-02-01 11:55:00,396.75,396.75,395.0,395.8,12409
2026-02-01 12:05:00,395.6,396.95,394.15,394.7,5955
2026-02-01 12:15:00,394.7,394.75,392.0,392.95,8787
2026-02-01 12:25:00,392.95,393.45,373.05,383.25,180498
2026-02-01 12:35:00,383.25,388.45,383.25,388.45,32496
2026-02-01 12:45:00,388.45,389.0,383.65,384.85,14019
2026-02-01 12:55:00,384.85,386.6,382.15,385.3,45568
2026-02-01 13:05:00,385.3,389.4,385.3,388.0,34697
2026-02-01 13:15:00,388.0,388.4,386.8,387.1,5394
2026-02-01 13:25:00,387.1,393.9,386.15,392.55,54056
2026-02-01 13:35:00,392.1,394.0,387.45,387.6,31035
2026-02-01 13:45:00,387.6,390.0,386.7,390.0,10128
2026-02-01 13:55:00,390.0,390.4,389.35,390.4,17499
2026-02-01 14:05:00,390.4,390.75,389.65,390.5,4370
2026-02-01 14:15:00,390.5,391.1,390.0,390.6,29009
2026-02-01 14:25:00,390.6,391.9,390.6,391.5,18618
2026-02-01 14:35:00,391.5,392.5,391.3,392.0,2935
2026-02-01 14:45:00,392.0,392.3,391.0,391.75,4770
2026-02-01 14:55:00,391.75,391.8,390.75,391.0,4687
2026-02-01 15:05:00,391.0,391.0,389.85,390.0,33781
2026-02-01 15:15:00,390.0,390.85,389.5,390.0,122536
2026-02-01 15:25:00,390.0,390.0,386.95,386.95,53995
2026-02-02 09:15:00,386.3,387.6,379.3,381.4,116265
2026-02-02 09:25:00,381.35,382.55,379.05,381.1,62532
2026-02-02 09:35:00,381.05,381.65,380.0,380.9,28782
2026-02-02 09:45:00,380.8,383.95,380.8,383.8,33222
2026-02-02 09:55:00,383.95,384.1,382.3,383.35,19779
2026-02-02 10:05:00,383.35,384.5,382.9,384.05,17551
2026-02-02 10:15:00,384.05,384.35,382.6,383.4,10274
2026-02-02 10:25:00,383.3,384.0,382.5,383.55,11769
2026-02-02 10:35:00,383.55,383.75,381.5,382.15,19754
2026-02-02 10:45:00,382.15,382.15,375.8,376.0,71666
2026-02-02 10:55:00,376.45,376.9,374.8,375.5,44190
2026-02-02 11:05:00,375.5,375.95,374.3,375.6,16856
2026-02-02 11:15:00,375.6,375.85,373.8,375.2,24575
2026-02-02 11:25:00,375.3,377.4,374.6,377.2,31490
2026-02-02 11:35:00,377.65,380.9,376.45,380.9,63904
2026-02-02 11:45:00,380.55,382.0,380.05,380.9,25372
2026-02-02 11:55:00,381.1,383.0,380.95,383.0,25284
2026-02-02 12:05:00,383.0,385.0,382.75,384.9,28670
2026-02-02 12:15:00,384.9,385.85,382.3,382.3,68780
2026-02-02 12:25:00,382.5,383.75,382.0,383.2,42025
2026-02-02 12:35:00,382.75,383.2,381.65,382.55,5967
2026-02-02 12:45:00,382.55,383.1,382.0,382.9,7839
2026-02-02 12:55:00,382.9,385.35,382.2,384.45,37122
2026-02-02 13:05:00,384.45,385.0,383.75,383.75,7715
2026-02-02 13:15:00,383.75,385.0,382.95,383.6,24286
2026-02-02 13:25:00,383.9,384.0,381.7,382.0,12224
2026-02-02 13:35:00,382.0,385.95,382.0,385.55,53149
2026-02-02 13:45:00,385.4,386.45,384.5,385.95,14584
2026-02-02 13:55:00,385.95,386.4,385.3,385.9,8651
2026-02-02 14:05:00,385.9,386.25,385.15,386.25,4261
2026-02-02 14:15:00,386.25,386.8,384.8,385.45,26511
2026-02-02 14:25:00,385.45,390.0,385.25,388.4,92263
2026-02-02 14:35:00,388.4,392.5,386.8,392.0,208597
2026-02-02 14:45:00,391.6,393.0,391.2,391.55,53129
2026-02-02 14:55:00,391.9,392.8,391.5,392.05,15011
2026-02-02 15:05:00,392.15,395.55,392.0,394.85,74722
2026-02-02 15:15:00,394.7,396.0,393.75,396.0,62269
2026-02-02 15:25:00,395.75,396.0,391.2,395.3,38753
2026-02-03 09:15:00,409.05,415.0,402.0,403.2,164664
2026-02-03 09:25:00,403.2,410.9,402.1,407.5,180526
2026-02-03 09:35:00,407.25,408.05,404.9,405.25,115280
2026-02-03 09:45:00,405.25,406.95,404.3,405.15,45212
2026-02-03 09:55:00,405.55,405.9,403.85,404.15,35853
2026-02-03 10:05:00,404.15,404.15,402.1,402.35,29737
2026-02-03 10:15:00,402.45,403.0,400.05,400.8,52743
2026-02-03 10:25:00,400.6,401.9,400.0,401.9,21006
2026-02-03 10:35:00,401.9,404.3,401.7,402.5,62309
2026-02-03 10:45:00,404.6,404.8,401.7,404.8,80560
2026-02-03 10:55:00,404.8,407.2,404.7,405.7,75297
2026-02-03 11:05:00,405.85,407.55,405.8,406.75,11064
2026-02-03 11:15:00,406.75,406.75,405.5,406.25,16844
2026-02-03 11:25:00,406.25,407.7,406.0,407.7,5034
2026-02-03 11:35:00,407.8,408.5,406.75,408.4,23023
2026-02-03 11:45:00,408.35,410.8,408.05,410.5,32071
2026-02-03 11:55:00,410.5,411.55,410.4,410.65,16057
2026-02-03 12:05:00,410.65,411.45,410.05,411.0,14161
2026-02-03 12:15:00,411.0,412.5,410.85,412.0,16598
2026-02-03 12:25:00,412.0,413.05,410.8,411.2,40484
2026-02-03 12:35:00,411.2,411.5,410.05,410.6,16486
2026-02-03 12:45:00,410.5,411.0,410.05,410.4,10931
2026-02-03 12:55:00,410.4,410.7,409.5,410.3,5834
2026-02-03 13:05:00,410.0,410.3,409.45,410.0,3675
2026-02-03 13:15:00,410.0,410.0,409.4,409.85,5379
2026-02-03 13:25:00,409.85,409.85,408.15,408.4,11361
2026-02-03 13:35:00,408.4,409.95,408.15,409.4,9278
2026-02-03 13:45:00,409.4,409.8,407.45,407.8,22031
2026-02-03 13:55:00,407.8,408.25,406.1,407.5,26196
2026-02-03 14:05:00,407.45,409.25,407.15,408.7,17010
2026-02-03 14:15:00,408.7,410.4,408.2,410.4,46847
2026-02-03 14:25:00,410.4,410.55,410.0,410.35,11390
2026-02-03 14:35:00,410.35,410.6,410.0,410.15,17465
2026-02-03 14:45:00,410.15,410.7,410.0,410.5,8348
2026-02-03 14:55:00,410.5,410.9,408.15,408.75,47893
2026-02-03 15:05:00,408.95,409.75,408.65,409.35,34884
2026-02-03 15:15:00,409.35,410.75,407.5,410.5,61591
2026-02-03 15:25:00,410.5,411.2,408.0,408.0,29647
2026-02-04 09:15:00,411.0,411.0,405.2,406.5,54667
2026-02-04 09:25:00,406.5,406.7,404.35,406.2,27026
2026-02-04 09:35:00,406.2,407.6,405.8,406.5,27164
2026-02-04 09:45:00,406.5,408.45,406.25,406.85,27718
2026-02-04 09:55:00,407.0,407.0,405.7,406.1,10504
2026-02-04 10:05:00,406.1,408.0,405.75,406.55,17256
2026-02-04 10:15:00,406.55,406.95,405.1,405.45,10107
2026-02-04 10:25:00,405.45,407.15,405.1,405.5,17049
2026-02-04 10:35:00,405.5,407.95,405.3,407.5,18477
2026-02-04 10:45:00,407.5,407.95,406.0,406.0,40768
2026-02-04 10:55:00,406.0,407.05,404.05,404.6,44612
2026-02-04 11:05:00,404.1,405.45,403.75,405.0,30945
2026-02-04 11:15:00,404.95,406.1,404.65,405.0,20793
2026-02-04 11:25:00,405.0,405.7,404.7,405.0,20790
2026-02-04 11:35:00,405.2,405.35,404.65,405.0,26456
2026-02-04 11:45:00,404.8,405.55,404.7,405.0,27480
2026-02-04 11:55:00,405.0,407.85,405.0,406.9,14217
2026-02-04 12:05:00,406.9,408.65,406.9,408.55,11531
2026-02-04 12:15:00,408.55,408.7,407.3,408.2,13893
2026-02-04 12:25:00,408.2,408.8,407.6,407.85,11556
2026-02-04 12:35:00,407.85,410.1,407.85,409.8,24586
2026-02-04 12:45:00,409.8,410.85,409.75,410.35,13165
2026-02-04 12:55:00,410.35,411.4,410.0,410.85,11363
2026-02-04 13:05:00,410.55,412.0,410.5,411.85,9976
2026-02-04 13:15:00,411.85,416.0,411.85,415.25,104826
2026-02-04 13:25:00,415.25,416.0,414.7,414.95,33225
2026-02-04 13:35:00,414.95,415.8,414.95,415.75,20318
2026-02-04 13:45:00,415.5,415.5,413.5,415.4,52946
2026-02-04 13:55:00,415.4,419.75,415.0,419.75,111163
2026-02-04 14:05:00,419.75,420.4,418.0,420.05,44301
2026-02-04 14:15:00,420.05,421.35,419.4,420.1,49835
2026-02-04 14:25:00,420.0,420.85,419.8,420.85,19138
2026-02-04 14:35:00,420.8,421.3,420.0,420.0,27225
2026-02-04 14:45:00,420.0,420.5,418.95,420.0,22210
2026-02-04 14:55:00,420.0,420.7,419.6,420.3,22301
2026-02-04 15:05:00,420.35,420.65,419.4,420.4,41551
2026-02-04 15:15:00,420.4,420.5,419.2,420.2,60449
2026-02-04 15:25:00,420.15,422.5,420.0,421.0,47770
2026-02-05 09:15:00,418.1,418.1,410.0,412.4,102161
2026-02-05 09:25:00,412.0,412.4,408.7,409.25,73787
2026-02-05 09:35:00,409.25,410.55,407.35,407.55,74669
2026-02-05 09:45:00,407.55,408.75,407.1,407.4,34716
2026-02-05 09:55:00,407.4,408.5,407.1,407.95,11911
2026-02-05 10:05:00,407.95,408.05,406.4,407.8,35556
2026-02-05 10:15:00,407.5,408.8,407.3,408.5,16839
2026-02-05 10:25:00,408.5,408.7,407.25,407.35,9308
2026-02-05 10:35:00,407.65,408.05,407.15,407.5,3482
2026-02-05 10:45:00,406.5,407.0,406.1,406.1,20731
2026-02-05 10:55:00,406.1,406.35,405.25,405.7,7126
2026-02-05 11:05:00,405.7,407.25,405.5,406.7,12185
2026-02-05 11:15:00,406.7,407.3,404.05,404.4,29681
2026-02-05 11:25:00,404.05,404.15,399.5,400.3,99942
2026-02-05 11:35:00,400.3,400.45,399.25,399.7,76313
2026-02-05 11:45:00,399.45,399.85,398.5,398.9,62428
2026-02-05 11:55:00,398.9,399.6,398.5,398.8,38294
2026-02-05 12:05:00,398.8,398.85,397.65,398.2,41548
2026-02-05 12:15:00,398.2,398.2,396.25,396.3,55756
2026-02-05 12:25:00,396.4,398.05,396.0,397.0,83162
2026-02-05 12:35:00,397.0,398.35,397.0,397.55,29978
2026-02-05 12:45:00,397.55,398.25,397.05,397.65,26911
2026-02-05 12:55:00,397.65,398.85,397.0,398.25,32265
2026-02-05 13:05:00,398.3,398.95,397.35,397.7,22703
2026-02-05 13:15:00,397.7,399.4,397.5,398.15,38455
2026-02-05 13:25:00,398.55,399.1,397.65,398.7,36828
2026-02-05 13:35:00,398.7,402.55,398.0,401.55,66801
2026-02-05 13:45:00,401.55,402.75,400.6,401.05,39199
2026-02-05 13:55:00,401.05,402.0,401.05,401.35,22984
2026-02-05 14:05:00,401.4,402.3,401.05,401.75,34089
2026-02-05 14:15:00,401.75,403.25,401.75,402.0,47543
2026-02-05 14:25:00,402.0,402.9,402.0,402.7,20140
2026-02-05 14:35:00,402.7,403.05,402.0,402.3,16967
2026-02-05 14:45:00,402.15,403.2,401.9,403.1,76972
2026-02-05 14:55:00,403.1,404.65,402.7,404.65,41588
2026-02-05 15:05:00,404.65,408.2,403.9,408.0,149403
2026-02-05 15:15:00,408.0,410.8,408.0,410.05,167050
2026-02-05 15:25:00,410.05,418.2,409.8,414.6,183597
2026-02-06 09:15:00,410.3,410.35,406.75,407.35,67073
2026-02-06 09:25:00,407.35,407.75,406.0,406.25,24452
2026-02-06 09:35:00,406.1,406.25,404.6,404.7,18730
2026-02-06 09:45:00,404.85,409.25,404.75,405.85,21768
2026-02-06 09:55:00,405.85,405.85,403.8,403.9,14748
2026-02-06 10:05:00,404.3,404.3,403.2,403.55,9329
2026-02-06 10:15:00,403.55,405.45,402.75,405.0,13961
2026-02-06 10:25:00,405.0,408.3,404.0,407.1,20858
2026-02-06 10:35:00,407.1,408.15,406.9,407.3,20285
2026-02-06 10:45:00,407.3,407.3,405.85,406.75,14928
2026-02-06 10:55:00,406.75,407.7,406.2,407.7,20771
2026-02-06 11:05:00,407.7,408.45,407.2,407.9,15652
2026-02-06 11:15:00,407.9,409.35,407.9,409.2,14651
2026-02-06 11:25:00,409.2,410.3,405.35,406.25,53119
2026-02-06 11:35:00,406.25,406.45,405.0,405.85,50444
2026-02-06 11:45:00,405.95,406.55,405.0,405.5,55025
2026-02-06 11:55:00,405.5,406.2,405.0,405.75,42215
2026-02-06 12:05:00,405.75,406.5,405.05,405.5,63121
2026-02-06 12:15:00,405.25,406.05,405.05,405.4,39181
2026-02-06 12:25:00,405.2,408.6,405.05,407.05,42606
2026-02-06 12:35:00,407.05,409.95,407.05,409.25,27090
2026-02-06 12:45:00,409.35,409.75,406.55,407.15,12599
2026-02-06 12:55:00,406.75,407.5,406.75,406.8,7930
2026-02-06 13:05:00,406.85,409.9,406.85,409.55,23508
2026-02-06 13:15:00,409.75,412.4,409.55,412.15,54200
2026-02-06 13:25:00,412.15,413.0,411.6,412.3,39676
2026-02-06 13:35:00,412.3,412.65,412.1,412.2,18503
2026-02-06 13:45:00,412.3,413.45,412.1,413.4,14222
2026-02-06 13:55:00,413.4,416.55,413.2,416.3,70522
2026-02-06 14:05:00,416.3,422.0,416.0,420.6,155928
2026-02-06 14:15:00,420.8,420.9,419.75,420.2,76177
2026-02-06 14:25:00,420.0,422.15,419.75,421.2,88170
2026-02-06 14:35:00,421.2,423.6,421.0,423.2,51722
2026-02-06 14:45:00,423.2,423.7,422.3,423.05,125839
2026-02-06 14:55:00,423.05,427.3,423.05,427.0,144194
2026-02-06 15:05:00,427.2,432.0,426.6,430.0,251256
2026-02-06 15:15:00,430.0,431.75,430.0,431.1,154552
2026-02-06 15:25:00,432.2,442.4,432.0,438.0,196733
2026-02-09 09:15:00,430.7,452.25,427.2,444.8,642173
2026-02-09 09:25:00,444.75,451.75,440.1,450.0,428506
2026-02-09 09:35:00,450.0,458.45,447.05,450.0,373917
2026-02-09 09:45:00,450.0,466.5,447.5,457.1,756805
2026-02-09 09:55:00,457.1,458.9,454.0,454.1,187821
2026-02-09 10:05:00,454.05,454.15,450.4,451.95,149394
2026-02-09 10:15:00,451.95,452.25,448.0,448.2,135256
2026-02-09 10:25:00,448.2,448.4,442.95,443.05,148351
2026-02-09 10:35:00,443.15,443.8,441.55,442.3,86476
2026-02-09 10:45:00,442.35,442.45,440.0,440.4,77869
2026-02-09 10:55:00,440.05,443.95,440.0,440.65,87945
2026-02-09 11:05:00,440.8,441.65,439.45,439.95,75140
2026-02-09 11:15:00,439.9,440.0,437.0,437.95,96748
2026-02-09 11:25:00,437.7,439.8,437.4,438.1,68559
2026-02-09 11:35:00,438.0,438.5,437.0,437.0,40914
2026-02-09 11:45:00,437.0,438.4,436.45,437.75,66903
2026-02-09 11:55:00,437.75,437.75,435.1,435.25,67348
2026-02-09 12:05:00,435.15,439.75,434.6,439.5,129844
2026-02-09 12:15:00,439.9,442.8,439.9,440.9,114465
2026-02-09 12:25:00,440.9,441.5,439.75,440.6,73010
2026-02-09 12:35:00,440.6,440.9,440.0,440.3,47704
2026-02-09 12:45:00,440.45,445.6,440.35,444.85,156674
2026-02-09 12:55:00,444.7,446.15,441.45,442.55,109474
2026-02-09 13:05:00,442.45,444.35,440.75,441.15,54390
2026-02-09 13:15:00,441.15,443.0,440.05,442.7,54872
2026-02-09 13:25:00,442.7,444.25,442.0,443.0,67511
2026-02-09 13:35:00,443.2,444.55,442.55,444.2,92483
2026-02-09 13:45:00,444.05,448.0,444.05,444.55,89941
2026-02-09 13:55:00,444.8,448.4,444.2,446.3,124958
2026-02-09 14:05:00,446.65,453.35,445.85,452.4,210844
2026-02-09 14:15:00,452.1,457.7,448.85,457.05,261998
2026-02-09 14:25:00,457.05,462.15,457.0,461.65,366172
2026-02-09 14:35:00,461.65,463.85,459.0,462.8,383362
2026-02-09 14:45:00,462.85,467.9,462.85,464.8,295507
2026-02-09 14:55:00,464.8,468.65,464.6,468.1,215912
2026-02-09 15:05:00,467.8,471.75,463.1,463.35,585776
2026-02-09 15:15:00,463.1,463.65,458.05,460.05,274076
2026-02-09 15:25:00,460.7,462.0,458.55,460.0,67734
2026-02-10 09:15:00,460.0,464.6,457.15,462.55,254285
2026-02-10 09:25:00,462.45,467.4,460.0,464.0,141473
2026-02-10 09:35:00,464.0,473.0,463.35,472.5,132718
2026-02-10 09:45:00,472.4,472.75,467.45,468.8,136674
2026-02-10 09:55:00,468.3,469.8,467.7,468.15,142177
2026-02-10 10:05:00,468.05,469.15,465.25,467.0,128262
2026-02-10 10:15:00,467.0,467.0,463.55,463.95,43422
2026-02-10 10:25:00,463.95,464.15,462.0,462.35,40956
2026-02-10 10:35:00,462.35,467.15,460.1,466.6,103803
2026-02-10 10:45:00,466.6,467.95,465.2,465.45,59499
2026-02-10 10:55:00,465.45,469.85,465.35,469.75,70106
2026-02-10 11:05:00,469.5,471.5,468.3,470.05,79932
2026-02-10 11:15:00,470.1,470.45,466.35,466.8,51270
2026-02-10 11:25:00,466.8,467.5,465.4,465.45,27684
2026-02-10 11:35:00,465.45,470.7,465.45,470.2,70757
2026-02-10 11:45:00,470.25,472.25,470.0,470.95,64451
2026-02-10 11:55:00,470.95,472.1,469.0,469.05,56962
2026-02-10 12:05:00,469.05,469.25,468.05,468.2,25326
2026-02-10 12:15:00,468.2,472.5,466.35,471.7,47809
2026-02-10 12:25:00,471.55,474.0,471.1,471.95,69393
2026-02-10 12:35:00,472.35,472.85,470.0,471.45,66890
2026-02-10 12:45:00,471.45,471.65,468.9,469.3,42677
2026-02-10 12:55:00,469.15,471.9,469.15,471.0,36477
2026-02-10 13:05:00,471.0,476.5,470.9,475.8,142039
2026-02-10 13:15:00,475.45,479.3,475.45,476.5,333603
2026-02-10 13:25:00,476.5,476.5,474.05,474.5,56492
2026-02-10 13:35:00,474.7,474.75,472.35,473.2,53302
2026-02-10 13:45:00,473.2,473.75,471.45,471.7,38173
2026-02-10 13:55:00,471.7,475.1,470.3,473.95,54738
2026-02-10 14:05:00,474.0,481.9,473.55,479.9,188628
2026-02-10 14:15:00,479.9,481.0,479.0,480.2,84747
2026-02-10 14:25:00,480.2,480.75,479.3,479.8,119850
2026-02-10 14:35:00,480.0,480.05,477.6,479.0,71494
2026-02-10 14:45:00,479.0,480.0,478.7,479.35,63151
2026-02-10 14:55:00,479.25,481.7,478.5,480.6,167508
2026-02-10 15:05:00,480.95,486.7,480.5,484.55,275810
2026-02-10 15:15:00,484.65,489.35,483.9,489.0,367610
2026-02-10 15:25:00,489.05,493.7,489.0,493.0,203125
2026-02-11 09:15:00,484.0,490.65,478.7,484.8,815453
2026-02-11 09:25:00,485.15,488.55,484.85,486.65,172179
2026-02-11 09:35:00,486.65,489.4,484.15,488.05,131018
2026-02-11 09:45:00,488.05,495.0,487.7,491.0,205540
2026-02-11 09:55:00,491.0,496.15,490.0,495.6,236371
2026-02-11 10:05:00,495.6,495.6,487.5,488.15,173975
2026-02-11 10:15:00,488.4,494.3,488.0,493.65,79272
2026-02-11 10:25:00,493.85,495.25,493.0,493.0,143722
2026-02-11 10:35:00,493.0,495.1,492.3,493.0,88021
2026-02-11 10:45:00,493.0,494.2,493.0,493.0,43478
2026-02-11 10:55:00,493.0,498.0,493.0,496.45,145183
2026-02-11 11:05:00,496.8,500.7,496.8,498.0,275667
2026-02-11 11:15:00,498.0,499.0,496.2,497.35,166322
2026-02-11 11:25:00,497.05,500.0,496.05,499.35,85266
2026-02-11 11:35:00,499.35,503.0,497.35,497.35,150164
2026-02-11 11:45:00,497.35,499.3,495.55,497.2,116838
2026-02-11 11:55:00,497.0,500.8,497.0,499.2,95205
2026-02-11 12:05:00,499.8,500.5,499.3,500.0,79836
2026-02-11 12:15:00,500.0,502.5,499.9,501.6,111191
2026-02-11 12:25:00,501.6,502.4,500.45,500.6,104505
2026-02-11 12:35:00,500.65,502.25,500.65,501.25,99896
2026-02-11 12:45:00,501.25,502.0,500.15,500.25,114576
2026-02-11 12:55:00,500.25,500.85,499.9,500.0,55655
2026-02-11 13:05:00,500.05,500.8,498.05,498.5,42403
2026-02-11 13:15:00,498.5,499.4,496.05,497.1,68163
2026-02-11 13:25:00,496.8,497.35,493.5,494.05,82496
2026-02-11 13:35:00,493.8,494.9,493.55,493.95,43623
2026-02-11 13:45:00,493.95,493.95,491.0,491.0,68863
2026-02-11 13:55:00,491.0,494.6,490.35,494.6,86579
2026-02-11 14:05:00,495.1,497.9,492.3,493.0,170725
2026-02-11 14:15:00,492.65,492.7,486.0,489.5,142078
2026-02-11 14:25:00,489.3,490.1,488.0,489.5,85190
2026-02-11 14:35:00,489.5,489.6,488.0,488.8,46129
2026-02-11 14:45:00,488.55,489.9,487.75,489.75,45510
2026-02-11 14:55:00,489.75,490.0,488.15,489.2,96133
2026-02-11 15:05:00,489.2,490.0,488.2,488.5,58166
2026-02-11 15:15:00,488.5,489.9,488.25,488.75,130988
2026-02-11 15:25:00,489.1,489.65,488.0,488.9,39773
2026-02-12 09:15:00,484.45,487.5,481.6,481.95,158106
2026-02-12 09:25:00,481.95,482.2,479.25,481.6,62305
2026-02-12 09:35:00,481.7,483.0,481.6,482.8,34815
2026-02-12 09:45:00,482.4,486.05,481.2,484.75,50254
2026-02-12 09:55:00,484.75,484.95,482.8,483.5,20622
2026-02-12 10:05:00,483.5,486.7,482.6,486.7,25889
2026-02-12 10:15:00,487.25,488.85,485.55,488.85,63070
2026-02-12 10:25:00,488.45,489.8,487.0,487.85,56563
2026-02-12 10:35:00,487.45,488.7,485.15,485.75,16599
2026-02-12 10:45:00,485.25,486.35,481.4,481.4,48323
2026-02-12 10:55:00,481.75,482.2,480.7,481.2,25027
2026-02-12 11:05:00,481.2,481.2,477.5,478.05,75198
2026-02-12 11:15:00,478.0,478.05,477.1,477.3,26352
2026-02-12 11:25:00,477.15,478.3,476.0,476.4,41163
2026-02-12 11:35:00,476.4,479.65,476.0,478.9,40948
2026-02-12 11:45:00,478.9,479.95,478.25,478.4,32207
2026-02-12 11:55:00,478.4,479.0,477.1,477.2,14209
2026-02-12 12:05:00,477.15,478.25,477.0,477.3,10419
2026-02-12 12:15:00,477.05,478.0,476.5,477.0,15613
2026-02-12 12:25:00,477.0,478.75,476.8,478.3,15010
2026-02-12 12:35:00,478.3,478.7,476.55,477.25,27396
2026-02-12 12:45:00,477.25,477.5,476.3,476.5,14206
2026-02-12 12:55:00,476.5,476.95,475.25,475.8,27869
2026-02-12 13:05:00,475.8,476.75,475.1,475.1,18991
2026-02-12 13:15:00,475.1,476.35,475.05,475.5,12594
2026-02-12 13:25:00,475.5,477.5,475.1,475.5,32469
2026-02-12 13:35:00,475.5,476.45,475.1,475.65,12900
2026-02-12 13:45:00,475.65,475.9,473.45,473.85,23090
2026-02-12 13:55:00,473.85,474.45,473.5,473.7,26351
2026-02-12 14:05:00,473.75,474.5,473.5,473.6,15411
2026-02-12 14:15:00,473.6,474.0,472.5,473.0,26230
2026-02-12 14:25:00,473.0,473.8,472.5,473.3,16951
2026-02-12 14:35:00,473.3,473.4,472.25,472.75,15852
2026-02-12 14:45:00,472.5,475.0,472.15,475.0,26133
2026-02-12 14:55:00,474.65,474.9,473.0,474.3,55753
2026-02-12 15:05:00,474.1,475.0,473.3,473.6,58665
2026-02-12 15:15:00,473.2,473.85,470.15,472.5,122523
2026-02-12 15:25:00,473.05,473.3,470.0,471.9,37350
2026-02-13 09:15:00,471.95,472.0,465.3,469.8,70129
2026-02-13 09:25:00,469.8,469.8,465.5,465.75,43695
2026-02-13 09:35:00,465.75,468.75,464.05,468.2,32816
2026-02-13 09:45:00,468.15,470.0,467.1,469.25,40559
2026-02-13 09:55:00,469.55,469.75,468.2,468.7,14189
2026-02-13 10:05:00,468.7,469.2,467.6,468.2,20053
2026-02-13 10:15:00,468.2,470.0,467.55,470.0,16166
2026-02-13 10:25:00,469.45,472.35,469.45,472.35,23089
2026-02-13 10:35:00,472.35,472.8,468.15,468.95,35696
2026-02-13 10:45:00,468.95,469.45,467.85,468.75,13012
2026-02-13 10:55:00,468.8,468.8,467.0,467.45,5833
2026-02-13 11:05:00,467.45,467.45,465.3,465.9,16558
2026-02-13 11:15:00,465.9,466.3,465.3,465.7,10611
2026-02-13 11:25:00,465.7,466.45,465.3,465.3,10781
2026-02-13 11:35:00,465.3,465.6,464.0,464.45,19566
2026-02-13 11:45:00,464.45,466.85,464.45,466.85,17767
2026-02-13 11:55:00,466.85,468.5,466.2,468.0,11407
2026-02-13 12:05:00,468.0,468.85,467.95,468.4,5000
2026-02-13 12:15:00,468.4,469.95,467.9,469.95,10176
2026-02-13 12:25:00,469.95,470.9,469.7,469.75,18267
2026-02-13 12:35:00,469.75,471.5,468.9,471.0,8427
2026-02-13 12:45:00,470.65,471.9,470.6,471.8,12587
2026-02-13 12:55:00,471.8,472.5,470.85,471.2,14559
2026-02-13 13:05:00,471.2,472.75,470.8,471.8,8226
2026-02-13 13:15:00,471.8,472.7,471.25,471.7,5146
2026-02-13 13:25:00,471.7,471.7,470.55,471.15,10986
2026-02-13 13:35:00,471.15,471.55,470.8,470.9,6612
2026-02-13 13:45:00,470.9,470.9,468.7,469.2,24697
2026-02-13 13:55:00,469.1,469.55,467.7,469.45,15546
2026-02-13 14:05:00,469.45,471.1,469.4,471.0,6877
2026-02-13 14:15:00,471.0,471.2,469.8,470.4,4499
2026-02-13 14:25:00,470.4,470.95,469.55,469.7,6411
2026-02-13 14:35:00,469.7,470.35,469.2,470.2,9648
2026-02-13 14:45:00,470.2,470.4,468.95,469.15,12805
2026-02-13 14:55:00,469.15,469.15,465.1,466.65,35161
2026-02-13 15:05:00,466.65,467.25,465.3,466.6,30364
2026-02-13 15:15:00,466.95,466.95,462.3,462.8,58738
2026-02-13 15:25:00,462.8,463.0,460.0,462.0,56439
2026-02-16 09:15:00,462.0,464.85,458.6,464.15,54951
2026-02-16 09:25:00,464.15,467.0,463.75,466.5,69037
2026-02-16 09:35:00,466.85,467.45,463.65,464.25,11589
2026-02-16 09:45:00,464.25,465.25,462.65,464.2,11152
2026-02-16 09:55:00,464.2,465.5,463.75,464.6,9456
2026-02-16 10:05:00,464.6,468.45,463.3,468.0,29575
2026-02-16 10:15:00,468.65,475.7,467.15,475.15,116142
2026-02-16 10:25:00,475.15,479.6,474.75,478.65,181371
2026-02-16 10:35:00,478.5,479.2,477.1,477.75,46947
2026-02-16 10:45:00,478.0,478.0,477.0,477.4,34325
2026-02-16 10:55:00,477.75,478.1,477.0,477.8,29634
2026-02-16 11:05:00,477.85,478.05,477.05,477.05,14860
2026-02-16 11:15:00,477.25,478.5,477.05,478.25,16280
2026-02-16 11:25:00,478.0,478.25,477.05,477.3,13733
2026-02-16 11:35:00,477.3,478.0,477.1,477.8,10901
2026-02-16 11:45:00,477.4,477.85,475.0,475.2,43882
2026-02-16 11:55:00,475.3,475.85,475.1,475.6,13829
2026-02-16 12:05:00,475.5,475.5,473.2,473.45,19756
2026-02-16 12:15:00,473.45,476.75,473.25,475.65,35668
2026-02-16 12:25:00,475.65,475.65,470.5,471.35,32968
2026-02-16 12:35:00,471.1,471.4,468.0,468.0,49405
2026-02-16 12:45:00,468.0,468.6,466.55,467.3,29543
2026-02-16 12:55:00,467.6,468.2,466.45,467.55,30689
2026-02-16 13:05:00,467.55,470.0,466.4,466.6,35538
2026-02-16 13:15:00,466.6,468.2,466.1,468.0,15311
2026-02-16 13:25:00,468.0,468.05,466.55,466.9,6881
2026-02-16 13:35:00,466.9,467.85,466.7,467.25,10428
2026-02-16 13:45:00,467.25,467.95,466.8,467.25,5586
2026-02-16 13:55:00,467.25,467.65,466.8,467.2,5043
2026-02-16 14:05:00,467.2,467.6,466.1,466.3,10408
2026-02-16 14:15:00,466.3,466.75,463.0,463.1,55777
2026-02-16 14:25:00,463.1,464.5,461.8,464.5,40527
2026-02-16 14:35:00,464.5,464.85,463.25,464.85,12364
2026-02-16 14:45:00,464.7,466.5,459.0,461.55,166032
2026-02-16 14:55:00,461.25,462.3,459.35,460.45,52786
2026-02-16 15:05:00,460.65,461.5,459.55,461.0,41645
2026-02-16 15:15:00,461.0,461.5,459.8,460.6,52900
2026-02-16 15:25:00,460.6,461.35,459.6,461.0,29049
2026-02-17 09:15:00,460.75,464.4,459.1,461.55,93471
2026-02-17 09:25:00,461.55,463.2,460.55,463.0,20225
2026-02-17 09:35:00,462.85,463.5,461.25,462.4,18676
2026-02-17 09:45:00,462.25,464.0,461.75,464.0,26557
2026-02-17 09:55:00,464.0,466.85,462.05,466.85,78558
2026-02-17 10:05:00,466.8,471.7,466.5,471.35,86096
2026-02-17 10:15:00,471.35,471.9,470.85,470.85,56341
2026-02-17 10:25:00,470.85,473.35,470.0,470.25,54570
2026-02-17 10:35:00,470.0,470.85,467.7,470.55,57271
2026-02-17 10:45:00,470.5,471.6,470.0,470.0,42806
2026-02-17 10:55:00,470.1,470.7,469.8,469.8,24780
2026-02-17 11:05:00,469.8,470.35,469.0,470.3,44559
2026-02-17 11:15:00,470.3,470.8,470.0,470.3,8150
2026-02-17 11:25:00,470.65,471.6,470.15,470.6,9883
2026-02-17 11:35:00,470.6,471.35,470.0,470.0,11681
2026-02-17 11:45:00,470.0,470.7,468.0,470.2,38070
2026-02-17 11:55:00,470.2,470.35,468.2,470.35,69854
2026-02-17 12:05:00,470.35,470.95,470.15,470.35,9091
2026-02-17 12:15:00,470.7,471.6,470.25,471.0,13793
2026-02-17 12:25:00,471.05,471.6,470.35,471.0,9856
2026-02-17 12:35:00,471.0,471.8,470.8,471.4,19195
2026-02-17 12:45:00,471.55,472.6,471.05,472.15,19575
2026-02-17 12:55:00,472.15,472.3,471.3,471.35,5032
2026-02-17 13:05:00,471.35,471.85,471.0,471.0,5035
2026-02-17 13:15:00,471.0,472.2,471.0,471.95,32104
2026-02-17 13:25:00,471.95,471.95,471.05,471.2,8512
2026-02-17 13:35:00,471.2,471.6,471.15,471.15,3607
2026-02-17 13:45:00,471.15,471.45,471.15,471.2,2029
2026-02-17 13:55:00,471.2,473.1,469.95,472.95,73281
2026-02-17 14:05:00,472.7,474.95,472.05,474.4,40793
2026-02-17 14:15:00,474.4,477.8,474.1,476.8,75359
2026-02-17 14:25:00,476.8,478.0,476.75,478.0,85883
2026-02-17 14:35:00,478.0,481.9,477.65,481.15,244564
2026-02-17 14:45:00,481.3,481.8,480.3,481.7,58915
2026-02-17 14:55:00,481.45,486.5,480.1,480.5,476357
2026-02-17 15:05:00,480.5,482.1,470.35,473.05,292197
2026-02-17 15:15:00,473.1,474.25,469.2,469.6,219146
2026-02-17 15:25:00,469.55,477.4,469.15,477.0,145141
2026-02-18 09:15:00,477.45,479.9,475.5,477.85,78353
2026-02-18 09:25:00,478.3,485.4,478.05,484.35,104836
2026-02-18 09:35:00,484.5,486.0,484.2,485.2,58332
2026-02-18 09:45:00,485.2,487.4,483.0,483.6,105932
2026-02-18 09:55:00,483.15,484.0,477.0,478.3,144046
2026-02-18 10:05:00,478.3,479.4,477.3,477.65,41539
2026-02-18 10:15:00,477.95,478.6,477.05,478.2,32352
2026-02-18 10:25:00,478.15,478.3,476.25,477.25,40244
2026-02-18 10:35:00,477.25,483.3,477.25,482.85,62628
2026-02-18 10:45:00,482.85,483.6,482.05,482.65,34389
2026-02-18 10:55:00,482.65,483.2,482.05,482.95,24801
2026-02-18 11:05:00,483.05,483.05,481.35,481.8,23210
2026-02-18 11:15:00,481.8,482.8,481.45,481.75,10632
2026-02-18 11:25:00,481.75,482.0,481.15,481.65,10412
2026-02-18 11:35:00,481.65,481.85,481.0,481.85,16707
2026-02-18 11:45:00,481.85,482.8,481.0,482.0,18559
2026-02-18 11:55:00,482.25,482.25,478.85,478.85,45511
2026-02-18 12:05:00,478.85,479.65,478.1,479.35,7131
2026-02-18 12:15:00,478.95,479.4,477.3,479.05,29144
2026-02-18 12:25:00,479.05,479.6,479.05,479.35,5775
2026-02-18 12:35:00,479.35,479.5,478.8,479.25,4133
2026-02-18 12:45:00,479.25,479.95,478.55,479.2,5118
2026-02-18 12:55:00,479.2,482.45,479.2,482.35,17149
2026-02-18 13:05:00,482.0,482.4,479.2,479.85,17138
2026-02-18 13:15:00,479.85,482.65,479.2,482.65,29186
2026-02-18 13:25:00,482.65,482.65,479.6,481.05,42347
2026-02-18 13:35:00,481.05,481.05,479.7,480.0,13329
2026-02-18 13:45:00,480.0,480.05,479.65,479.85,15452
2026-02-18 13:55:00,479.85,482.3,479.65,481.25,105447
2026-02-18 14:05:00,481.25,482.25,480.1,482.25,77894
2026-02-18 14:15:00,482.45,483.5,480.0,482.4,159451
2026-02-18 14:25:00,482.4,483.75,481.0,483.2,89332
2026-02-18 14:35:00,483.2,484.5,482.7,484.5,22924
2026-02-18 14:45:00,484.5,491.9,484.1,489.0,263475
2026-02-18 14:55:00,488.7,492.4,488.55,492.1,162448
2026-02-18 15:05:00,492.1,493.0,489.95,490.95,160129
2026-02-18 15:15:00,490.95,491.0,488.0,488.5,206246
2026-02-18 15:25:00,488.65,489.0,487.9,489.0,40605
2026-02-19 09:15:00,490.35,492.35,485.35,491.75,129850
2026-02-19 09:25:00,491.5,492.0,490.0,490.65,36937
2026-02-19 09:35:00,490.65,492.15,489.95,490.1,24757
2026-02-19 09:45:00,490.15,493.8,490.15,492.5,58287
2026-02-19 09:55:00,492.6,493.75,491.7,492.3,40959
2026-02-19 10:05:00,492.35,492.6,491.6,492.3,13956
2026-02-19 10:15:00,492.3,492.95,491.4,492.55,16669
2026-02-19 10:25:00,492.55,492.95,491.7,492.1,17232
2026-02-19 10:35:00,492.1,492.2,484.5,486.2,99767
2026-02-19 10:45:00,486.25,488.5,482.3,482.55,68953
2026-02-19 10:55:00,482.55,484.55,482.05,483.4,28269
2026-02-19 11:05:00,483.4,484.0,482.2,482.2,18101
2026-02-19 11:15:00,482.2,483.75,482.2,483.2,27662
2026-02-19 11:25:00,483.5,484.0,482.2,482.8,52186
2026-02-19 11:35:00,482.8,483.25,482.05,482.3,17507
2026-02-19 11:45:00,482.3,482.65,480.6,480.6,32437
2026-02-19 11:55:00,480.65,482.15,480.6,481.5,21224
2026-02-19 12:05:00,481.25,482.45,480.3,480.4,21989
2026-02-19 12:15:00,480.5,481.95,479.9,481.15,27993
2026-02-19 12:25:00,481.15,481.65,480.4,481.65,15861
2026-02-19 12:35:00,481.85,482.0,480.05,480.3,16144
2026-02-19 12:45:00,480.4,481.2,479.8,480.8,23402
2026-02-19 12:55:00,480.8,481.15,479.8,480.15,12459
2026-02-19 13:05:00,480.15,480.95,480.0,480.3,13154
2026-02-19 13:15:00,480.3,480.3,478.55,479.2,33149
2026-02-19 13:25:00,479.2,482.25,479.15,480.4,35085
2026-02-19 13:35:00,480.4,480.5,478.75,479.1,23621
2026-02-19 13:45:00,479.1,479.45,478.25,478.7,12206
2026-02-19 13:55:00,478.7,479.0,476.8,477.7,30261
2026-02-19 14:05:00,477.7,477.7,476.0,476.35,23785
2026-02-19 14:15:00,476.5,477.0,475.05,475.25,33376
2026-02-19 14:25:00,475.25,475.75,473.5,475.0,47962
2026-02-19 14:35:00,475.0,477.45,475.0,475.5,39880
2026-02-19 14:45:00,475.5,476.5,474.9,475.05,24625
2026-02-19 14:55:00,475.0,478.0,473.25,477.0,82964
2026-02-19 15:05:00,477.0,479.0,473.1,473.8,66221
2026-02-19 15:15:00,473.75,474.7,471.1,473.85,116422
2026-02-19 15:25:00,473.85,474.45,473.0,473.45,23487
2026-02-20 09:15:00,474.8,478.0,472.1,476.25,115680
2026-02-20 09:25:00,476.1,479.2,475.05,479.2,62059
2026-02-20 09:35:00,479.0,479.7,477.05,477.8,37521
2026-02-20 09:45:00,477.55,477.8,475.75,476.35,44667
2026-02-20 09:55:00,476.35,476.7,474.35,474.5,15579
2026-02-20 10:05:00,474.5,475.7,473.7,475.4,19832
2026-02-20 10:15:00,475.4,478.7,474.95,478.0,33079
2026-02-20 10:25:00,478.0,478.3,477.2,478.0,9389
2026-02-20 10:35:00,478.0,478.9,476.9,478.6,13079
2026-02-20 10:45:00,478.6,478.6,476.85,477.4,5701
2026-02-20 10:55:00,477.4,477.5,474.8,475.6,15759
2026-02-20 11:05:00,475.6,475.8,473.0,473.35,25886
2026-02-20 11:15:00,473.35,474.0,472.15,472.7,30387
2026-02-20 11:25:00,472.7,473.0,472.25,472.5,8159
2026-02-20 11:35:00,472.5,472.85,472.2,472.2,5216
2026-02-20 11:45:00,472.2,472.85,471.55,472.4,13853
2026-02-20 11:55:00,472.45,472.8,472.1,472.65,4969
2026-02-20 12:05:00,472.65,474.3,472.25,472.45,103968
2026-02-20 12:15:00,472.3,473.0,472.1,472.8,6559
2026-02-20 12:25:00,472.8,473.0,472.15,472.5,9294
2026-02-20 12:35:00,472.5,473.0,472.2,472.45,5750
2026-02-20 12:45:00,472.45,472.85,472.0,472.05,4491
2026-02-20 12:55:00,472.45,472.8,471.95,472.8,8462
2026-02-20 13:05:00,472.8,472.8,470.15,471.55,13762
2026-02-20 13:15:00,471.55,471.55,469.2,470.55,20504
2026-02-20 13:25:00,470.55,471.5,470.25,471.35,7676
2026-02-20 13:35:00,471.35,471.8,471.1,471.5,2906
2026-02-20 13:45:00,471.5,472.2,471.25,471.65,3123
2026-02-20 13:55:00,471.65,472.5,471.15,472.35,5635
2026-02-20 14:05:00,472.35,472.4,469.6,471.6,12519
2026-02-20 14:15:00,471.5,472.3,470.5,470.9,4719
2026-02-20 14:25:00,470.9,471.35,468.0,469.8,40315
2026-02-20 14:35:00,469.8,470.25,469.6,469.7,6902
2026-02-20 14:45:00,469.7,471.0,469.25,470.9,25763
2026-02-20 14:55:00,470.9,470.9,469.8,470.05,11513
2026-02-20 15:05:00,470.05,471.75,469.55,471.25,68951
2026-02-20 15:15:00,471.0,473.3,470.25,472.45,132456
2026-02-20 15:25:00,472.45,472.6,469.35,470.3,32702
2026-02-23 09:15:00,473.1,476.6,471.9,474.8,68571
2026-02-23 09:25:00,474.85,479.0,474.1,478.8,45026
2026-02-23 09:35:00,478.85,480.5,477.4,478.1,49255
2026-02-23 09:45:00,478.55,479.0,476.2,477.1,25560
2026-02-23 09:55:00,477.1,478.2,476.4,477.65,19569
2026-02-23 10:05:00,477.3,478.2,476.15,476.6,14828
2026-02-23 10:15:00,476.6,477.3,475.25,475.85,17311
2026-02-23 10:25:00,475.85,476.15,474.3,475.0,9379
2026-02-23 10:35:00,475.0,475.15,473.15,473.45,7686
2026-02-23 10:45:00,473.45,474.65,472.9,474.25,6452
2026-02-23 10:55:00,474.25,475.45,473.0,473.15,19412
2026-02-23 11:05:00,473.15,473.15,468.6,469.1,24192
2026-02-23 11:15:00,469.15,469.55,468.1,468.5,17553
2026-02-23 11:25:00,468.5,469.45,468.1,469.2,16448
2026-02-23 11:35:00,469.2,469.7,468.8,469.2,6377
2026-02-23 11:45:00,469.2,469.25,467.0,468.4,15435
2026-02-23 11:55:00,468.4,468.8,467.9,468.2,4155
2026-02-23 12:05:00,468.2,469.25,468.2,469.05,6736
2026-02-23 12:15:00,469.05,469.5,468.1,468.7,5316
2026-02-23 12:25:00,468.7,469.2,468.0,468.2,3590
2026-02-23 12:35:00,468.2,469.15,467.7,467.9,22073
2026-02-23 12:45:00,467.9,469.2,467.6,469.2,8788
2026-02-23 12:55:00,469.2,469.65,468.05,468.65,8523
2026-02-23 13:05:00,468.55,469.4,467.65,467.9,14237
2026-02-23 13:15:00,467.9,468.1,467.65,467.95,2249
2026-02-23 13:25:00,467.95,468.55,467.7,467.95,9986
2026-02-23 13:35:00,467.95,468.45,467.8,468.45,4746
2026-02-23 13:45:00,468.45,468.45,467.65,468.3,1790
2026-02-23 13:55:00,468.4,469.0,467.45,468.1,13088
2026-02-23 14:05:00,468.1,472.65,467.45,470.6,133215
2026-02-23 14:15:00,470.7,471.05,468.7,469.85,124576
2026-02-23 14:25:00,469.65,474.9,469.2,472.0,137082
2026-02-23 14:35:00,472.0,473.0,471.2,472.0,107605
2026-02-23 14:45:00,472.0,473.25,471.4,472.0,101062
2026-02-23 14:55:00,472.0,473.5,471.35,472.25,83613
2026-02-23 15:05:00,472.25,473.0,472.05,473.0,78557
2026-02-23 15:15:00,473.35,474.9,472.35,473.25,59304
2026-02-23 15:25:00,473.25,473.75,472.7,473.0,17119
2026-02-24 09:15:00,471.0,472.25,465.65,469.65,58332
2026-02-24 09:25:00,469.65,469.85,467.0,467.8,28625
2026-02-24 09:35:00,467.85,468.9,466.2,466.8,46236
2026-02-24 09:45:00,466.45,469.45,466.45,468.7,32149
2026-02-24 09:55:00,468.7,470.2,468.35,469.4,7954
2026-02-24 10:05:00,469.4,469.8,468.3,468.35,3536
2026-02-24 10:15:00,468.65,468.8,467.5,468.4,6538
2026-02-24 10:25:00,468.4,469.1,468.0,468.85,2808
2026-02-24 10:35:00,468.85,470.95,468.35,469.5,10050
2026-02-24 10:45:00,469.5,469.5,468.55,468.55,2282
2026-02-24 10:55:00,468.55,469.4,468.45,469.05,1650
2026-02-24 11:05:00,469.4,471.0,468.75,469.7,7228
2026-02-24 11:15:00,469.7,470.2,468.8,469.4,3387
2026-02-24 11:25:00,469.4,470.0,469.15,469.7,2770
2026-02-24 11:35:00,469.7,469.95,469.1,469.8,27009
2026-02-24 11:45:00,469.8,469.8,468.05,468.8,8008
2026-02-24 11:55:00,468.8,469.15,468.1,468.1,2499
2026-02-24 12:05:00,468.1,468.5,467.95,468.4,17967
2026-02-24 12:15:00,468.4,468.5,467.55,467.55,4230
2026-02-24 12:25:00,467.55,468.4,467.55,468.05,1249
2026-02-24 12:35:00,467.65,468.5,467.1,467.1,14503
2026-02-24 12:45:00,467.1,467.75,467.1,467.25,6335
2026-02-24 12:55:00,467.25,467.95,467.1,467.55,1754
2026-02-24 13:05:00,467.55,468.45,467.05,468.25,3777
2026-02-24 13:15:00,468.25,468.25,467.0,467.6,7242
2026-02-24 13:25:00,467.6,467.6,466.0,466.0,26320
2026-02-24 13:35:00,466.0,467.15,466.0,466.5,6097
2026-02-24 13:45:00,466.5,467.3,466.35,467.15,4207
2026-02-24 13:55:00,466.65,468.35,466.65,467.85,4614
2026-02-24 14:05:00,468.0,469.75,467.3,469.75,6111
2026-02-24 14:15:00,469.75,470.45,469.1,469.7,8575
2026-02-24 14:25:00,469.7,470.15,468.55,469.1,4236
2026-02-24 14:35:00,469.1,469.8,468.6,469.3,5205
2026-02-24 14:45:00,469.05,470.45,468.6,469.95,12133
2026-02-24 14:55:00,469.95,470.5,469.15,469.8,8606
2026-02-24 15:05:00,469.8,469.8,468.15,468.45,23337
2026-02-24 15:15:00,468.45,468.45,466.8,468.2,40601
2026-02-24 15:25:00,467.75,470.0,466.55,470.0,19495
2026-02-25 09:15:00,470.0,470.25,468.0,468.2,62710
2026-02-25 09:25:00,468.1,469.8,468.0,468.35,33759
2026-02-25 09:35:00,468.35,470.0,468.35,468.5,18270
2026-02-25 09:45:00,468.5,470.15,468.2,468.6,13409
2026-02-25 09:55:00,468.55,469.7,468.45,469.7,6925
2026-02-25 10:05:00,469.55,470.0,469.15,469.4,4051
2026-02-25 10:15:00,469.8,472.8,469.45,471.8,34677
2026-02-25 10:25:00,471.55,472.9,471.2,471.7,31283
2026-02-25 10:35:00,471.25,471.65,470.4,470.65,4738
2026-02-25 10:45:00,470.2,470.55,467.2,467.5,29167
2026-02-25 10:55:00,467.5,467.5,466.05,466.5,18666
2026-02-25 11:05:00,466.25,466.6,462.35,462.85,52678
2026-02-25 11:15:00,462.6,463.0,461.0,462.65,30680
2026-02-25 11:25:00,462.65,462.8,462.0,462.4,14826
2026-02-25 11:35:00,462.5,463.15,461.4,461.5,24536
2026-02-25 11:45:00,461.5,462.45,461.5,461.8,7997
2026-02-25 11:55:00,461.8,462.4,461.1,461.45,5598
2026-02-25 12:05:00,461.45,461.8,460.65,460.8,9385
2026-02-25 12:15:00,460.8,461.45,460.0,460.65,27706
2026-02-25 12:25:00,460.65,461.15,457.7,458.3,28793
2026-02-25 12:35:00,458.3,458.85,458.0,458.0,22149
2026-02-25 12:45:00,458.0,458.25,457.05,457.1,23346
2026-02-25 12:55:00,457.1,457.45,455.5,456.4,15613
2026-02-25 13:05:00,456.2,457.9,455.75,456.65,35807
2026-02-25 13:15:00,456.65,457.25,455.75,456.5,7624
2026-02-25 13:25:00,456.5,456.9,455.55,456.3,16730
2026-02-25 13:35:00,456.3,456.3,454.85,454.9,13103
2026-02-25 13:45:00,454.85,456.65,454.6,456.45,17828
2026-02-25 13:55:00,456.4,456.8,455.55,455.95,12240
2026-02-25 14:05:00,455.95,458.0,455.5,456.95,22758
2026-02-25 14:15:00,457.3,457.95,456.6,456.65,13052
2026-02-25 14:25:00,456.65,456.95,456.0,456.0,5000
2026-02-25 14:35:00,456.15,456.9,455.5,456.85,7449
2026-02-25 14:45:00,456.85,457.8,456.85,457.5,11946
2026-02-25 14:55:00,457.5,460.7,457.25,460.5,103514
2026-02-25 15:05:00,460.35,464.2,459.4,460.0,197775
2026-02-25 15:15:00,460.0,463.2,459.95,462.6,71619
2026-02-25 15:25:00,462.6,462.65,460.25,460.5,24008
2026-02-26 09:15:00,473.0,475.55,467.1,470.05,731368
2026-02-26 09:25:00,470.0,472.15,467.6,467.8,177848
2026-02-26 09:35:00,467.5,470.45,466.4,469.4,162274
2026-02-26 09:45:00,469.4,470.4,468.3,469.75,41200
2026-02-26 09:55:00,470.1,471.95,468.5,468.75,73673
2026-02-26 10:05:00,469.0,469.7,466.1,466.5,138670
2026-02-26 10:15:00,466.65,467.95,464.7,465.0,104789
2026-02-26 10:25:00,465.0,466.0,464.1,464.8,71374
2026-02-26 10:35:00,464.5,466.45,464.4,466.0,44782
2026-02-26 10:45:00,466.0,467.35,465.85,466.6,30703
2026-02-26 10:55:00,467.1,467.45,461.7,462.85,108203
2026-02-26 11:05:00,463.0,464.4,462.85,463.9,40853
2026-02-26 11:15:00,464.0,465.5,463.85,465.0,31633
2026-02-26 11:25:00,465.05,465.9,464.15,465.3,36470
2026-02-26 11:35:00,465.55,465.95,464.2,464.4,33453
2026-02-26 11:45:00,464.55,467.75,464.15,466.2,38361
2026-02-26 11:55:00,467.2,467.2,466.0,466.7,34364
2026-02-26 12:05:00,466.95,467.5,466.25,466.3,31902
2026-02-26 12:15:00,466.65,467.55,464.05,464.35,52214
2026-02-26 12:25:00,464.7,464.75,463.65,464.15,33351
2026-02-26 12:35:00,464.5,465.2,463.85,464.45,27864
2026-02-26 12:45:00,464.95,465.3,464.25,464.4,24886
2026-02-26 12:55:00,465.0,465.15,463.75,464.35,27451
2026-02-26 13:05:00,464.35,465.15,464.2,464.3,27173
2026-02-26 13:15:00,465.1,465.3,464.3,464.45,28745
2026-02-26 13:25:00,465.05,465.35,464.3,464.5,25803
2026-02-26 13:35:00,464.55,465.2,463.1,463.1,47311
2026-02-26 13:45:00,463.45,465.05,463.3,464.85,43438
2026-02-26 13:55:00,465.0,465.2,464.0,464.35,27729
2026-02-26 14:05:00,464.65,465.5,464.35,465.0,33727
2026-02-26 14:15:00,465.0,465.25,463.45,464.15,85722
2026-02-26 14:25:00,464.15,467.3,463.7,466.5,66217
2026-02-26 14:35:00,466.8,467.3,464.15,464.95,62193
2026-02-26 14:45:00,464.95,465.7,464.2,464.55,83594
2026-02-26 14:55:00,464.65,465.4,463.7,463.8,63769
2026-02-26 15:05:00,464.2,465.0,463.7,463.75,89808
2026-02-26 15:15:00,463.95,465.0,461.25,463.9,202497
2026-02-26 15:25:00,463.9,466.2,462.1,462.1,66295
2026-02-27 09:15:00,464.0,464.0,455.6,460.6,140280
2026-02-27 09:25:00,460.6,461.6,459.15,460.1,20691
2026-02-27 09:35:00,460.1,461.5,459.6,460.15,13391
2026-02-27 09:45:00,460.1,460.6,459.0,459.2,9407
2026-02-27 09:55:00,459.2,461.6,458.8,460.1,8410
2026-02-27 10:05:00,459.9,461.35,459.75,460.8,6043
2026-02-27 10:15:00,460.8,460.8,460.0,460.2,6365
2026-02-27 10:25:00,460.2,460.95,460.2,460.7,2100
2026-02-27 10:35:00,460.7,460.8,459.45,459.8,3243
2026-02-27 10:45:00,459.8,460.0,455.7,456.35,50242
2026-02-27 10:55:00,456.4,456.4,454.05,455.6,24158
2026-02-27 11:05:00,455.6,456.7,455.2,456.55,9413
2026-02-27 11:15:00,456.55,456.75,455.7,455.7,4594
2026-02-27 11:25:00,455.95,455.95,455.05,455.1,4690
2026-02-27 11:35:00,455.1,455.95,455.1,455.95,3937
2026-02-27 11:45:00,455.95,456.85,455.95,456.7,9305
2026-02-27 11:55:00,456.7,456.95,456.0,456.0,4319
2026-02-27 12:05:00,456.0,456.8,456.0,456.55,2975
2026-02-27 12:15:00,456.75,457.4,456.55,456.75,2776
2026-02-27 12:25:00,456.75,457.4,456.05,456.15,3061
2026-02-27 12:35:00,456.0,456.9,456.0,456.05,3954
2026-02-27 12:45:00,456.05,456.25,454.75,454.85,11679
2026-02-27 12:55:00,454.8,456.3,454.75,456.3,9692
2026-02-27 13:05:00,456.3,457.05,456.05,456.65,3147
2026-02-27 13:15:00,456.6,456.7,456.0,456.0,3307
2026-02-27 13:25:00,456.0,456.9,455.8,456.85,5314
2026-02-27 13:35:00,456.85,457.75,455.0,455.0,19633
2026-02-27 13:45:00,454.75,455.9,454.35,454.85,17631
2026-02-27 13:55:00,454.85,455.15,454.5,454.85,11671
2026-02-27 14:05:00,454.85,454.85,452.0,452.0,52129
2026-02-27 14:15:00,452.1,452.1,450.0,450.05,41770
2026-02-27 14:25:00,450.4,451.65,450.1,451.0,41821
2026-02-27 14:35:00,451.25,454.5,451.0,453.95,31966
2026-02-27 14:45:00,453.95,456.85,453.8,456.45,38744
2026-02-27 14:55:00,456.75,459.6,454.15,454.8,106469
2026-02-27 15:05:00,454.8,454.9,454.0,454.0,84126
2026-02-27 15:15:00,454.05,454.1,454.0,454.1,88577
2026-02-27 15:25:00,454.15,454.8,454.0,454.0,42049
2026-03-02 09:15:00,440.0,444.55,437.6,441.35,117270
2026-03-02 09:25:00,441.3,442.35,439.3,441.7,56164
2026-03-02 09:35:00,441.75,443.2,441.15,443.0,19508
2026-03-02 09:45:00,443.0,446.45,441.5,445.95,61984
2026-03-02 09:55:00,445.95,451.6,445.85,449.95,84188
2026-03-02 10:05:00,449.6,451.0,448.3,451.0,64215
2026-03-02 10:15:00,451.05,451.3,450.1,451.15,22995
2026-03-02 10:25:00,451.15,451.45,450.2,451.0,58217
2026-03-02 10:35:00,451.0,451.45,451.0,451.0,13384
2026-03-02 10:45:00,451.0,451.3,450.9,451.0,75526
2026-03-02 10:55:00,451.05,452.7,451.0,452.0,20434
2026-03-02 11:05:00,452.0,452.15,451.1,451.1,13892
2026-03-02 11:15:00,451.1,451.5,445.95,446.3,22637
2026-03-02 11:25:00,446.3,448.5,445.15,447.65,40646
2026-03-02 11:35:00,447.65,447.9,446.1,446.6,9773
2026-03-02 11:45:00,446.6,446.6,445.1,445.1,8952
2026-03-02 11:55:00,445.1,445.1,442.75,442.8,13289
2026-03-02 12:05:00,442.8,443.25,442.35,442.5,5470
2026-03-02 12:15:00,442.5,442.8,439.1,439.2,61596
2026-03-02 12:25:00,439.2,439.7,438.4,438.65,22775
2026-03-02 12:35:00,438.65,439.2,436.7,436.7,27940
2026-03-02 12:45:00,436.7,438.85,436.2,437.85,25057
2026-03-02 12:55:00,437.8,437.85,437.3,437.35,4749
2026-03-02 13:05:00,437.7,438.05,436.75,436.75,10673
2026-03-02 13:15:00,436.75,437.65,436.5,436.8,6001
2026-03-02 13:25:00,436.8,437.5,436.2,437.0,18349
2026-03-02 13:35:00,436.75,437.0,435.0,435.45,18118
2026-03-02 13:45:00,435.45,436.5,433.15,433.75,17623
2026-03-02 13:55:00,433.75,436.55,433.0,435.85,29320
2026-03-02 14:05:00,436.25,438.4,436.1,437.9,25457
2026-03-02 14:15:00,437.9,438.0,437.15,437.75,15309
2026-03-02 14:25:00,437.4,438.0,436.4,438.0,9256
2026-03-02 14:35:00,438.0,438.85,437.45,438.0,18467
2026-03-02 14:45:00,438.1,438.2,436.8,438.0,14515
2026-03-02 14:55:00,437.95,438.2,436.65,436.75,15021
2026-03-02 15:05:00,436.85,437.5,435.7,437.25,43227
2026-03-02 15:15:00,437.5,440.8,437.2,440.25,55885
2026-03-02 15:25:00,440.3,442.9,438.75,441.0,32309
2026-03-04 09:15:00,432.0,433.7,426.2,426.3,86393
2026-03-04 09:25:00,426.3,426.3,423.95,424.35,73170
2026-03-04 09:35:00,424.0,425.5,422.4,424.95,84664
2026-03-04 09:45:00,425.05,431.65,422.9,430.5,160275
2026-03-04 09:55:00,430.3,431.1,427.75,430.4,76815
2026-03-04 10:05:00,430.4,431.5,430.05,431.45,43234
2026-03-04 10:15:00,431.4,432.65,430.55,432.15,44668
2026-03-04 10:25:00,432.05,432.95,431.25,432.0,26047
2026-03-04 10:35:00,432.0,432.1,430.8,431.15,74614
2026-03-04 10:45:00,431.35,432.1,431.25,431.9,35303
2026-03-04 10:55:00,431.95,432.05,431.45,432.0,30748
2026-03-04 11:05:00,431.8,432.5,431.5,431.8,22038
2026-03-04 11:15:00,431.8,431.95,427.3,429.95,21500
2026-03-04 11:25:00,430.4,430.95,430.0,430.45,5645
2026-03-04 11:35:00,430.05,430.5,428.4,428.85,28050
2026-03-04 11:45:00,428.95,430.05,428.1,430.0,50391
2026-03-04 11:55:00,429.7,430.35,426.75,426.75,29071
2026-03-04 12:05:00,426.75,427.0,424.0,424.1,33480
2026-03-04 12:15:00,424.1,424.25,422.05,423.8,30424
2026-03-04 12:25:00,423.65,425.5,423.3,423.8,14023
2026-03-04 12:35:00,423.6,424.55,423.0,424.3,10382
2026-03-04 12:45:00,424.3,424.75,424.0,424.45,5059
2026-03-04 12:55:00,424.45,426.55,424.2,425.95,32242
2026-03-04 13:05:00,425.95,427.7,425.6,427.4,12120
2026-03-04 13:15:00,427.4,428.65,426.45,428.45,14492
2026-03-04 13:25:00,428.8,430.6,428.45,429.85,22056
2026-03-04 13:35:00,429.8,429.95,426.4,426.75,8229
2026-03-04 13:45:00,426.7,427.05,425.45,426.4,17574
2026-03-04 13:55:00,426.4,427.05,425.35,426.4,573854
2026-03-04 14:05:00,426.4,427.75,426.0,427.05,554862
2026-03-04 14:15:00,427.05,427.2,426.0,426.2,218176
2026-03-04 14:25:00,426.2,427.0,426.0,426.1,32662
2026-03-04 14:35:00,426.1,426.35,426.0,426.35,6575
2026-03-04 14:45:00,426.35,427.05,426.0,426.65,21297
2026-03-04 14:55:00,426.7,426.95,426.0,426.05,100189
2026-03-04 15:05:00,426.05,426.75,426.0,426.2,46984
2026-03-04 15:15:00,426.0,426.4,426.0,426.05,50771
2026-03-04 15:25:00,426.0,428.45,420.35,426.0,43464
2026-03-05 09:15:00,429.0,434.7,428.85,434.5,62827
2026-03-05 09:25:00,434.65,434.75,432.45,432.5,23583
2026-03-05 09:35:00,432.5,432.8,431.25,431.55,16854
2026-03-05 09:45:00,431.55,434.5,431.55,434.4,24384
2026-03-05 09:55:00,433.95,434.5,432.5,433.4,7898
2026-03-05 10:05:00,433.6,434.0,432.0,432.05,5595
2026-03-05 10:15:00,432.15,432.8,431.55,431.8,5504
2026-03-05 10:25:00,431.8,431.85,430.55,430.55,2651
2026-03-05 10:35:00,430.55,432.0,430.5,432.0,7272
2026-03-05 10:45:00,431.95,431.95,431.45,431.85,6147
2026-03-05 10:55:00,431.85,433.15,431.55,432.55,4976
2026-03-05 11:05:00,432.25,432.6,431.6,432.05,5090
2026-03-05 11:15:00,431.75,431.85,430.55,430.85,9827
2026-03-05 11:25:00,430.85,430.85,429.1,429.8,8315
2026-03-05 11:35:00,429.45,429.85,428.4,429.0,10884
2026-03-05 11:45:00,429.0,429.0,427.25,428.15,10433
2026-03-05 11:55:00,427.9,428.2,426.45,427.25,9071
2026-03-05 12:05:00,427.25,430.6,427.25,430.6,19118
2026-03-05 12:15:00,430.65,430.9,429.8,430.35,3582
2026-03-05 12:25:00,429.9,430.95,429.75,429.75,9485
2026-03-05 12:35:00,429.75,429.8,429.0,429.35,5093
2026-03-05 12:45:00,429.35,429.45,428.55,429.25,1608
2026-03-05 12:55:00,429.05,429.8,429.0,429.0,1828
2026-03-05 13:05:00,429.0,429.75,428.65,428.9,5425
2026-03-05 13:15:00,428.9,429.55,428.45,428.8,3083
2026-03-05 13:25:00,428.8,429.7,428.6,428.7,10105
2026-03-05 13:35:00,429.05,429.05,426.9,427.45,42877
2026-03-05 13:45:00,426.8,427.8,426.0,426.0,11889
2026-03-05 13:55:00,426.0,426.75,425.85,425.85,13245
2026-03-05 14:05:00,425.85,426.5,425.2,425.2,5255
2026-03-05 14:15:00,425.2,426.5,425.2,425.9,4461
2026-03-05 14:25:00,425.8,426.0,425.0,425.4,10831
2026-03-05 14:35:00,425.4,429.75,425.4,429.15,28858
2026-03-05 14:45:00,429.0,432.3,428.9,431.7,31375
2026-03-05 14:55:00,431.7,432.85,431.3,432.6,22140
2026-03-05 15:05:00,432.6,435.45,432.1,435.05,37503
2026-03-05 15:15:00,434.7,435.5,431.5,433.65,27768
2026-03-05 15:25:00,433.65,434.95,431.9,433.75,13308
2026-03-06 09:15:00,431.0,435.25,429.9,434.85,24685
2026-03-06 09:25:00,434.85,435.7,432.5,432.95,25179
2026-03-06 09:35:00,433.1,433.1,431.55,431.9,14272
2026-03-06 09:45:00,431.9,431.9,428.0,428.75,38637
2026-03-06 09:55:00,428.75,429.85,428.2,428.55,17840
2026-03-06 10:05:00,428.55,430.0,428.3,429.55,10680
2026-03-06 10:15:00,429.55,429.8,429.1,429.8,5024
2026-03-06 10:25:00,429.8,429.8,429.0,429.7,3868
2026-03-06 10:35:00,429.7,429.7,428.8,428.8,3408
2026-03-06 10:45:00,428.8,429.45,426.95,427.8,19940
2026-03-06 10:55:00,427.75,428.9,427.25,428.4,5572
2026-03-06 11:05:00,428.4,428.75,428.0,428.5,3789
2026-03-06 11:15:00,428.5,428.85,428.0,428.0,2758
2026-03-06 11:25:00,428.0,428.45,427.95,428.2,1287
2026-03-06 11:35:00,428.2,428.8,428.2,428.7,1164
2026-03-06 11:45:00,428.7,428.75,428.45,428.7,813
2026-03-06 11:55:00,428.7,428.8,428.0,428.3,2604
2026-03-06 12:05:00,428.3,428.35,428.0,428.0,1886
2026-03-06 12:15:00,428.0,428.55,427.95,428.05,1232
2026-03-06 12:25:00,428.05,428.15,427.55,427.85,2504
2026-03-06 12:35:00,427.85,428.05,427.15,427.3,3914
2026-03-06 12:45:00,427.3,427.9,427.25,427.9,3241
2026-03-06 12:55:00,427.7,427.75,427.0,427.0,4447
2026-03-06 13:05:00,427.0,427.85,427.0,427.3,3887
2026-03-06 13:15:00,427.55,427.7,427.2,427.65,4454
2026-03-06 13:25:00,427.2,427.65,427.05,427.1,3768
2026-03-06 13:35:00,427.1,427.95,427.1,427.6,1899
2026-03-06 13:45:00,427.6,429.95,426.9,428.95,15642
2026-03-06 13:55:00,428.95,429.2,428.65,429.0,1821
2026-03-06 14:05:00,429.1,429.1,427.95,428.1,6147
2026-03-06 14:15:00,428.1,429.1,428.0,428.75,13506
2026-03-06 14:25:00,428.75,428.85,427.8,427.8,3795
2026-03-06 14:35:00,427.8,428.2,426.8,426.8,6751
2026-03-06 14:45:00,426.8,427.0,425.0,425.3,30145
2026-03-06 14:55:00,425.5,425.55,423.9,424.7,25323
2026-03-06 15:05:00,424.85,425.75,424.15,424.6,21081
2026-03-06 15:15:00,424.8,425.15,421.0,423.7,50308
2026-03-06 15:25:00,423.65,423.9,422.0,422.7,20721
2026-03-09 09:15:00,415.0,416.95,404.15,404.15,89636
2026-03-09 09:25:00,404.15,411.7,404.15,410.0,49024
2026-03-09 09:35:00,410.05,410.55,408.0,408.25,18813
2026-03-09 09:45:00,408.25,409.9,408.0,408.95,28379
2026-03-09 09:55:00,409.5,410.15,409.0,409.15,12019
2026-03-09 10:05:00,409.4,410.4,408.9,408.9,12530
2026-03-09 10:15:00,408.9,409.8,408.8,409.45,9318
2026-03-09 10:25:00,409.45,409.45,408.05,408.5,7569
2026-03-09 10:35:00,408.5,408.9,408.05,408.75,19420
2026-03-09 10:45:00,408.75,410.1,408.0,410.0,11750
2026-03-09 10:55:00,410.0,411.2,409.3,410.3,17130
2026-03-09 11:05:00,410.0,410.55,409.6,410.25,3459
2026-03-09 11:15:00,410.25,411.5,409.05,411.5,11012
2026-03-09 11:25:00,411.5,411.85,410.4,410.7,14295
2026-03-09 11:35:00,410.7,411.4,410.2,410.85,3757
2026-03-09 11:45:00,410.85,410.95,410.3,410.55,2782
2026-03-09 11:55:00,410.55,410.7,409.8,410.0,2700
2026-03-09 12:05:00,410.0,410.65,410.0,410.6,3661
2026-03-09 12:15:00,410.6,411.0,410.0,410.45,4068
2026-03-09 12:25:00,410.45,411.2,410.2,410.65,4786
2026-03-09 12:35:00,410.65,411.4,410.35,410.8,4295
2026-03-09 12:45:00,411.4,411.95,410.65,411.7,8613
2026-03-09 12:55:00,411.7,411.7,410.5,410.9,5760
2026-03-09 13:05:00,410.9,411.6,410.4,410.9,7009
2026-03-09 13:15:00,410.65,411.25,410.0,410.1,6390
2026-03-09 13:25:00,410.1,410.85,409.9,410.85,8461
2026-03-09 13:35:00,410.5,410.9,410.0,410.6,1077
2026-03-09 13:45:00,410.6,410.95,410.05,410.75,1075
2026-03-09 13:55:00,410.75,410.75,409.9,410.0,3037
2026-03-09 14:05:00,410.0,410.75,409.9,410.15,3227
2026-03-09 14:15:00,410.15,410.7,410.15,410.3,8154
2026-03-09 14:25:00,410.3,410.75,410.3,410.75,3845
2026-03-09 14:35:00,410.75,411.8,410.2,411.5,12659
2026-03-09 14:45:00,411.8,413.55,411.5,413.25,24165
2026-03-09 14:55:00,413.05,413.65,411.45,412.6,36925
2026-03-09 15:05:00,412.2,415.75,412.2,415.55,59141
2026-03-09 15:15:00,415.55,416.0,414.0,415.6,28107
2026-03-09 15:25:00,415.55,415.6,410.0,410.0,30386
2026-03-10 09:15:00,416.95,421.95,415.7,416.6,50324
2026-03-10 09:25:00,416.6,416.85,413.65,414.1,35510
2026-03-10 09:35:00,414.1,414.1,412.3,413.7,15407
2026-03-10 09:45:00,413.7,414.6,413.5,414.0,17912
2026-03-10 09:55:00,414.0,414.65,413.1,413.55,13158
2026-03-10 10:05:00,413.75,414.85,413.25,414.85,9032
2026-03-10 10:15:00,414.4,415.8,414.1,414.6,25749
2026-03-10 10:25:00,414.35,415.2,413.85,415.15,28823
2026-03-10 10:35:00,414.9,419.05,414.9,418.8,34058
2026-03-10 10:45:00,418.85,422.2,418.85,420.65,76942
2026-03-10 10:55:00,420.65,421.55,419.8,421.2,22999
2026-03-10 11:05:00,421.0,422.5,420.85,421.2,30214
2026-03-10 11:15:00,421.0,423.4,421.0,423.3,28507
2026-03-10 11:25:00,423.3,423.45,421.8,422.65,15728
2026-03-10 11:35:00,422.65,422.8,421.55,422.35,5030
2026-03-10 11:45:00,422.25,422.45,421.0,421.65,15932
2026-03-10 11:55:00,421.65,422.8,421.65,422.35,9573
2026-03-10 12:05:00,422.35,422.35,420.45,420.5,17997
2026-03-10 12:15:00,420.5,421.0,419.3,420.0,6709
2026-03-10 12:25:00,419.45,422.0,419.45,421.6,16992
2026-03-10 12:35:00,421.6,422.3,421.3,422.0,5087
2026-03-10 12:45:00,422.2,422.3,421.4,421.9,3752
2026-03-10 12:55:00,421.9,423.0,420.5,420.5,19179
2026-03-10 13:05:00,420.5,421.7,420.15,421.65,50347
2026-03-10 13:15:00,421.65,422.45,420.95,421.4,3125
2026-03-10 13:25:00,421.35,422.4,421.05,422.2,1922
2026-03-10 13:35:00,422.0,423.4,422.0,422.75,11102
2026-03-10 13:45:00,422.75,422.9,421.7,422.2,8361
2026-03-10 13:55:00,422.2,422.95,421.8,422.1,4549
2026-03-10 14:05:00,422.1,423.15,422.1,422.7,6817
2026-03-10 14:15:00,422.95,423.15,421.0,421.2,22812
2026-03-10 14:25:00,421.2,421.7,420.85,421.1,6682
2026-03-10 14:35:00,421.0,421.9,420.7,421.5,15314
2026-03-10 14:45:00,421.5,422.75,420.95,422.0,31706
2026-03-10 14:55:00,422.0,425.15,421.95,423.7,59317
2026-03-10 15:05:00,424.55,424.55,423.35,424.35,27020
2026-03-10 15:15:00,424.4,425.85,423.6,424.7,46398
2026-03-10 15:25:00,425.0,426.5,424.5,425.15,19272
2026-03-11 09:15:00,425.15,428.0,420.85,425.1,40235
2026-03-11 09:25:00,425.0,425.35,422.5,423.45,33910
2026-03-11 09:35:00,423.2,423.4,421.95,422.75,27548
2026-03-11 09:45:00,422.75,424.4,422.5,422.55,12702
2026-03-11 09:55:00,422.55,423.65,422.2,422.8,12647
2026-03-11 10:05:00,422.45,422.55,420.15,420.95,12927
2026-03-11 10:15:00,420.8,420.8,417.95,419.3,47982
2026-03-11 10:25:00,419.3,419.4,418.3,418.6,16568
2026-03-11 10:35:00,418.6,418.8,417.1,417.6,29030
2026-03-11 10:45:00,417.6,418.15,417.0,417.35,6760
2026-03-11 10:55:00,417.25,418.7,417.25,418.45,7660
2026-03-11 11:05:00,418.45,418.75,416.5,416.5,14533
2026-03-11 11:15:00,416.75,416.85,415.85,415.85,14291
2026-03-11 11:25:00,415.55,416.5,415.4,416.0,15711
2026-03-11 11:35:00,416.0,417.6,415.45,416.5,25624
2026-03-11 11:45:00,416.5,417.0,414.15,414.75,18678
2026-03-11 11:55:00,414.75,415.9,414.1,415.6,8328
2026-03-11 12:05:00,415.6,416.3,415.1,415.7,8781
2026-03-11 12:15:00,416.0,416.35,415.45,416.0,18033
2026-03-11 12:25:00,416.0,417.4,414.75,416.7,25683
2026-03-11 12:35:00,417.0,417.0,416.0,416.55,15943
2026-03-11 12:45:00,416.9,420.6,416.0,420.05,26309
2026-03-11 12:55:00,420.05,420.75,419.0,419.0,15727
2026-03-11 13:05:00,419.0,421.6,419.0,420.25,20763
2026-03-11 13:15:00,420.2,421.2,419.8,421.0,9265
2026-03-11 13:25:00,420.8,421.9,420.7,421.55,28153
2026-03-11 13:35:00,421.6,421.6,420.45,420.7,6586
2026-03-11 13:45:00,420.7,420.95,419.0,419.5,7558
2026-03-11 13:55:00,419.5,419.6,418.85,419.4,3140
2026-03-11 14:05:00,419.4,419.4,418.4,419.2,8137
2026-03-11 14:15:00,419.1,419.25,418.4,419.25,12554
2026-03-11 14:25:00,418.7,419.65,418.0,419.35,7892
2026-03-11 14:35:00,419.25,419.3,418.2,418.65,5748
2026-03-11 14:45:00,418.65,419.0,418.0,418.9,11545
2026-03-11 14:55:00,418.7,418.85,417.15,417.35,9183
2026-03-11 15:05:00,417.3,418.6,417.05,417.85,53549
2026-03-11 15:15:00,418.0,418.2,417.55,418.1,57295
2026-03-11 15:25:00,418.1,418.95,417.65,418.25,38111
2026-03-12 09:15:00,411.0,413.5,407.3,411.0,77165
2026-03-12 09:25:00,410.85,412.3,410.3,411.4,20489
2026-03-12 09:35:00,411.4,412.1,410.55,411.0,17958
2026-03-12 09:45:00,411.0,411.1,409.7,410.8,15471
2026-03-12 09:55:00,410.85,411.85,410.0,410.0,21653
2026-03-12 10:05:00,409.8,410.6,409.1,409.1,17766
2026-03-12 10:15:00,409.1,409.2,407.55,407.9,16375
2026-03-12 10:25:00,407.9,409.55,407.9,409.2,16900
2026-03-12 10:35:00,409.2,411.0,409.15,409.15,17892
2026-03-12 10:45:00,409.15,410.55,409.15,410.3,2459
2026-03-12 10:55:00,410.3,413.15,410.05,413.1,13902
2026-03-12 11:05:00,413.5,413.95,411.75,411.75,27723
2026-03-12 11:15:00,411.8,413.45,411.8,412.9,20786
2026-03-12 11:25:00,412.9,413.1,412.5,412.85,6751
2026-03-12 11:35:00,412.85,414.8,412.85,414.75,11274
2026-03-12 11:45:00,414.55,414.85,413.45,414.7,2751
2026-03-12 11:55:00,414.95,414.95,413.95,414.45,11484
2026-03-12 12:05:00,414.45,414.5,411.0,412.5,37223
2026-03-12 12:15:00,412.5,413.4,412.15,413.2,8498
2026-03-12 12:25:00,413.2,413.5,412.45,412.55,11532
2026-03-12 12:35:00,412.55,412.55,411.25,411.35,49849
2026-03-12 12:45:00,411.35,412.5,410.0,410.7,15722
2026-03-12 12:55:00,410.7,412.0,410.7,411.95,11525
2026-03-12 13:05:00,411.95,412.9,410.55,412.9,4735
2026-03-12 13:15:00,412.9,413.6,412.45,413.15,4224
2026-03-12 13:25:00,413.05,415.75,413.05,415.75,16362
2026-03-12 13:35:00,415.75,415.8,414.45,414.5,10079
2026-03-12 13:45:00,414.5,414.95,413.6,413.6,11341
2026-03-12 13:55:00,413.6,414.95,412.25,414.8,11648
2026-03-12 14:05:00,414.7,415.2,413.1,414.25,12700
2026-03-12 14:15:00,414.25,414.25,413.05,413.85,11871
2026-03-12 14:25:00,413.45,414.2,412.95,414.0,8746
2026-03-12 14:35:00,413.65,413.85,411.35,411.35,22827
2026-03-12 14:45:00,411.6,413.15,411.2,413.05,19638
2026-03-12 14:55:00,412.75,413.5,412.3,412.85,23930
2026-03-12 15:05:00,413.05,413.8,412.2,413.35,48749
2026-03-12 15:15:00,413.55,413.95,412.55,413.05,33195
2026-03-12 15:25:00,413.1,414.0,405.0,410.25,110180
2026-03-13 09:15:00,409.1,410.6,405.05,405.05,56070
2026-03-13 09:25:00,405.05,406.95,404.15,406.0,23473
2026-03-13 09:35:00,405.9,406.1,404.8,404.8,13431
2026-03-13 09:45:00,404.8,405.1,402.5,403.05,23378
2026-03-13 09:55:00,403.05,403.25,401.4,402.0,13955
2026-03-13 10:05:00,401.6,402.05,401.05,401.25,8717
2026-03-13 10:15:00,401.25,401.65,400.2,400.2,14410
2026-03-13 10:25:00,400.2,402.15,400.15,400.7,13779
2026-03-13 10:35:00,400.7,401.65,400.55,400.6,4978
2026-03-13 10:45:00,400.6,403.55,400.6,403.05,11226
2026-03-13 10:55:00,403.05,403.95,403.05,403.45,7524
2026-03-13 11:05:00,403.15,403.45,402.3,402.7,23004
2026-03-13 11:15:00,402.7,403.45,402.35,403.2,4077
2026-03-13 11:25:00,403.2,404.95,403.05,404.5,6159
2026-03-13 11:35:00,404.5,405.55,404.4,405.05,15436
2026-03-13 11:45:00,405.05,405.2,404.4,405.05,2594
2026-03-13 11:55:00,405.05,405.05,403.8,404.0,10171
2026-03-13 12:05:00,404.4,404.85,404.1,404.75,12469
2026-03-13 12:15:00,404.75,406.85,404.5,405.55,35193
2026-03-13 12:25:00,405.75,406.5,405.1,405.5,12223
2026-03-13 12:35:00,405.5,406.4,404.0,406.0,91180
2026-03-13 12:45:00,406.0,408.7,406.0,408.55,59045
2026-03-13 12:55:00,408.75,409.35,408.0,408.1,34263
2026-03-13 13:05:00,408.1,408.4,404.85,405.0,189926
2026-03-13 13:15:00,404.7,406.4,404.0,404.0,111463
2026-03-13 13:25:00,404.0,404.7,403.9,403.95,74016
2026-03-13 13:35:00,403.95,405.0,403.9,404.4,6449
2026-03-13 13:45:00,404.45,404.9,404.0,404.75,12307
2026-03-13 13:55:00,404.75,406.6,404.0,406.0,26461
2026-03-13 14:05:00,406.0,407.55,405.25,406.45,26541
2026-03-13 14:15:00,406.45,407.4,405.8,406.4,10356
2026-03-13 14:25:00,406.4,408.7,405.8,407.55,20378
2026-03-13 14:35:00,407.15,407.6,406.3,407.35,9486
2026-03-13 14:45:00,407.35,407.6,406.4,406.7,9676
2026-03-13 14:55:00,406.7,406.8,405.5,405.5,9772
2026-03-13 15:05:00,405.5,408.75,405.5,408.6,27848
2026-03-13 15:15:00,408.6,409.5,408.2,408.7,31405
2026-03-13 15:25:00,408.7,409.75,408.65,409.5,17041
2026-03-16 09:15:00,407.8,408.0,402.55,404.05,60125
2026-03-16 09:25:00,404.35,410.75,402.7,410.35,86139
2026-03-16 09:35:00,410.7,417.4,410.35,416.65,101819
2026-03-16 09:45:00,416.65,417.15,413.8,414.15,32925
2026-03-16 09:55:00,413.85,420.9,413.55,415.55,109389
2026-03-16 10:05:00,416.25,417.0,410.65,412.2,74552
2026-03-16 10:15:00,411.8,413.95,409.15,409.85,139516
2026-03-16 10:25:00,410.4,411.95,409.5,410.0,50004
2026-03-16 10:35:00,410.05,410.75,409.1,409.2,30819
2026-03-16 10:45:00,409.2,409.7,407.5,408.9,79220
2026-03-16 10:55:00,408.9,411.75,408.2,411.2,62034
2026-03-16 11:05:00,411.5,412.0,409.85,409.85,44357
2026-03-16 11:15:00,410.1,413.4,410.05,412.0,55991
2026-03-16 11:25:00,412.0,413.1,412.0,412.25,8006
2026-03-16 11:35:00,412.25,415.3,412.25,414.5,38868
2026-03-16 11:45:00,414.5,414.9,413.2,414.3,32888
2026-03-16 11:55:00,414.75,416.15,414.0,415.5,46758
2026-03-16 12:05:00,415.7,415.9,414.0,414.55,43132
2026-03-16 12:15:00,414.95,415.35,414.1,415.15,27163
2026-03-16 12:25:00,415.35,416.0,414.3,414.45,31586
2026-03-16 12:35:00,414.55,415.0,413.3,413.55,41422
2026-03-16 12:45:00,413.5,414.85,412.95,414.3,26272
2026-03-16 12:55:00,414.35,414.85,413.45,413.45,31995
2026-03-16 13:05:00,413.45,414.05,412.55,413.15,24654
2026-03-16 13:15:00,413.15,415.2,413.15,414.4,25407
2026-03-16 13:25:00,414.7,415.5,414.45,415.15,23321
2026-03-16 13:35:00,415.15,420.0,415.15,419.95,83497
2026-03-16 13:45:00,419.95,420.0,417.15,418.15,59638
2026-03-16 13:55:00,418.2,419.5,417.85,419.4,30840
2026-03-16 14:05:00,419.45,419.7,418.4,419.0,38434
2026-03-16 14:15:00,419.2,421.05,418.4,421.0,56204
2026-03-16 14:25:00,421.0,421.9,419.75,421.5,48413
2026-03-16 14:35:00,421.85,421.85,420.55,421.65,63943
2026-03-16 14:45:00,421.65,424.8,421.25,423.0,98717
2026-03-16 14:55:00,423.4,423.95,419.75,420.9,66000
2026-03-16 15:05:00,420.9,423.2,420.8,422.7,37920
2026-03-16 15:15:00,422.7,426.7,421.5,425.1,86296
2026-03-16 15:25:00,425.1,426.45,424.1,426.0,36639
2026-03-17 09:15:00,427.0,427.0,418.8,418.9,64938
2026-03-17 09:25:00,418.9,418.9,416.1,416.55,46818
2026-03-17 09:35:00,416.85,418.9,416.85,417.35,26934
2026-03-17 09:45:00,417.35,419.25,416.6,418.15,15622
2026-03-17 09:55:00,418.15,418.95,414.0,414.05,51228
2026-03-17 10:05:00,414.65,416.25,413.95,415.9,49393
2026-03-17 10:15:00,415.9,416.6,415.0,415.3,47573
2026-03-17 10:25:00,415.5,415.5,413.2,413.7,43222
2026-03-17 10:35:00,413.7,413.95,411.45,411.45,51684
2026-03-17 10:45:00,411.4,413.0,411.3,412.95,19160
2026-03-17 10:55:00,412.65,413.2,412.1,412.25,17279
2026-03-17 11:05:00,412.25,413.6,410.15,410.4,66389
2026-03-17 11:15:00,410.25,410.7,409.25,409.55,40002
2026-03-17 11:25:00,409.55,409.7,408.65,409.3,33962
2026-03-17 11:35:00,409.3,409.7,409.2,409.3,7980
2026-03-17 11:45:00,409.3,409.95,408.75,409.0,22595
2026-03-17 11:55:00,409.1,409.15,407.1,407.7,44195
2026-03-17 12:05:00,407.45,408.3,406.4,407.8,48337
2026-03-17 12:15:00,407.55,408.0,405.2,405.5,57368
2026-03-17 12:25:00,405.6,406.85,405.0,406.8,92751
2026-03-17 12:35:00,406.8,407.3,405.15,405.85,59923
2026-03-17 12:45:00,405.8,406.7,405.1,405.15,35424
2026-03-17 12:55:00,405.3,410.95,405.1,410.15,173275
2026-03-17 13:05:00,409.7,411.8,409.5,411.1,142362
2026-03-17 13:15:00,411.0,412.5,410.0,410.0,66525
2026-03-17 13:25:00,410.0,410.6,409.0,409.15,45407
2026-03-17 13:35:00,409.15,409.25,407.0,407.3,39076
2026-03-17 13:45:00,407.3,408.2,406.25,406.6,74592
2026-03-17 13:55:00,406.6,408.9,406.5,408.65,33728
2026-03-17 14:05:00,408.6,409.65,408.05,409.2,18753
2026-03-17 14:15:00,409.4,409.6,408.0,408.15,19579
2026-03-17 14:25:00,408.15,408.7,407.5,408.0,17550
2026-03-17 14:35:00,408.0,409.5,407.8,409.0,24741
2026-03-17 14:45:00,409.15,410.55,408.5,409.1,45364
2026-03-17 14:55:00,409.1,409.7,406.0,406.55,57765
2026-03-17 15:05:00,406.7,407.25,405.25,405.7,91239
2026-03-17 15:15:00,405.7,406.65,404.6,406.0,122873
2026-03-17 15:25:00,406.2,406.2,404.8,406.0,57029
2026-03-18 09:15:00,408.0,414.0,407.2,410.7,174877
2026-03-18 09:25:00,410.7,414.2,410.2,412.9,97753
2026-03-18 09:35:00,413.25,415.2,412.45,414.35,46842
2026-03-18 09:45:00,414.35,415.6,414.0,415.0,52028
2026-03-18 09:55:00,414.55,414.7,412.0,412.2,88066
2026-03-18 10:05:00,412.4,414.6,412.25,414.3,30562
2026-03-18 10:15:00,414.6,416.0,413.9,415.15,77042
2026-03-18 10:25:00,415.15,415.6,414.55,414.8,16718
2026-03-18 10:35:00,415.1,415.1,410.0,410.5,65077
2026-03-18 10:45:00,410.5,411.4,408.95,409.85,41722
2026-03-18 10:55:00,409.8,411.4,409.2,410.45,53323
2026-03-18 11:05:00,410.45,411.45,407.05,407.2,78281
2026-03-18 11:15:00,407.05,408.0,406.7,407.7,58614
2026-03-18 11:25:00,407.45,408.75,407.25,408.75,46922
2026-03-18 11:35:00,408.5,408.5,407.1,407.45,47619
2026-03-18 11:45:00,407.45,407.45,406.2,407.0,62511
2026-03-18 11:55:00,407.05,409.4,406.6,408.95,72906
2026-03-18 12:05:00,409.1,411.25,407.5,410.4,83929
2026-03-18 12:15:00,410.1,411.2,410.0,411.2,42964
2026-03-18 12:25:00,411.2,411.2,409.7,411.0,40934
2026-03-18 12:35:00,410.35,410.95,409.65,410.75,37354
2026-03-18 12:45:00,410.3,411.2,409.6,410.65,45455
2026-03-18 12:55:00,410.2,411.2,409.7,411.2,45790
2026-03-18 13:05:00,411.2,411.75,410.25,411.75,54763
2026-03-18 13:15:00,411.75,412.45,410.85,412.2,46614
2026-03-18 13:25:00,411.85,412.95,411.2,412.35,53846
2026-03-18 13:35:00,412.35,412.8,411.05,412.4,48539
2026-03-18 13:45:00,412.4,412.4,410.75,412.1,36500
2026-03-18 13:55:00,411.6,411.8,410.65,411.25,40718
2026-03-18 14:05:00,410.95,412.75,410.95,411.75,56986
2026-03-18 14:15:00,411.35,412.7,411.25,412.1,52357
2026-03-18 14:25:00,411.8,412.4,410.5,410.85,41877
2026-03-18 14:35:00,410.85,411.3,409.3,410.2,71262
2026-03-18 14:45:00,410.0,411.1,409.35,410.25,64139
2026-03-18 14:55:00,409.7,412.85,409.35,412.0,83351
2026-03-18 15:05:00,412.1,414.3,411.75,413.95,62552
2026-03-18 15:15:00,414.15,414.15,411.0,411.0,89999
2026-03-18 15:25:00,411.0,412.75,409.5,410.75,47557
2026-03-19 09:15:00,406.0,406.0,400.55,402.2,139159
2026-03-19 09:25:00,402.55,402.9,401.7,402.2,58415
2026-03-19 09:35:00,402.2,403.25,402.15,402.65,28487
2026-03-19 09:45:00,402.5,404.2,402.1,403.35,52359
2026-03-19 09:55:00,403.35,403.4,402.8,403.35,6735
2026-03-19 10:05:00,403.35,404.2,402.9,403.15,7721
2026-03-19 10:15:00,403.25,403.25,402.4,402.55,6050
2026-03-19 10:25:00,402.55,403.4,402.55,403.25,3577
2026-03-19 10:35:00,403.25,403.25,402.6,403.15,9772
2026-03-19 10:45:00,403.15,403.25,402.7,402.75,2093
2026-03-19 10:55:00,402.75,403.6,402.6,402.75,6486
2026-03-19 11:05:00,402.75,402.75,402.0,402.1,22512
2026-03-19 11:15:00,402.1,402.9,401.05,402.25,46033
2026-03-19 11:25:00,402.5,403.5,402.2,403.25,6774
2026-03-19 11:35:00,403.25,403.25,402.95,403.0,3048
2026-03-19 11:45:00,403.0,403.95,403.0,403.75,6341
2026-03-19 11:55:00,403.75,403.75,402.6,402.6,2841
2026-03-19 12:05:00,402.6,403.15,402.6,402.75,6533
2026-03-19 12:15:00,402.75,403.8,402.35,402.5,6385
2026-03-19 12:25:00,402.5,402.7,402.1,402.15,5830
2026-03-19 12:35:00,402.15,402.65,402.0,402.0,3180
2026-03-19 12:45:00,402.0,402.4,401.5,401.5,13685
2026-03-19 12:55:00,402.15,402.2,401.05,401.25,14627
2026-03-19 13:05:00,401.0,402.0,401.0,401.65,13634
2026-03-19 13:15:00,401.65,401.95,401.4,401.6,3802
2026-03-19 13:25:00,401.6,401.85,401.4,401.75,919
2026-03-19 13:35:00,401.75,402.0,401.3,401.7,5007
2026-03-19 13:45:00,401.7,401.9,401.5,401.9,5380
2026-03-19 13:55:00,401.6,402.0,401.2,401.2,6106
2026-03-19 14:05:00,401.2,401.5,401.0,401.1,7086
2026-03-19 14:15:00,401.1,402.0,401.1,401.6,12993
2026-03-19 14:25:00,401.6,401.85,401.25,401.8,12789
2026-03-19 14:35:00,401.85,401.85,401.05,401.75,6819
2026-03-19 14:45:00,401.75,401.75,401.0,401.0,4863
2026-03-19 14:55:00,401.0,401.4,401.0,401.2,12595
2026-03-19 15:05:00,401.2,401.35,400.0,400.05,69289
2026-03-19 15:15:00,400.05,400.15,399.3,399.45,74858
2026-03-19 15:25:00,399.45,400.0,398.0,400.0,18086
2026-03-20 09:15:00,404.95,408.0,403.35,406.15,77872
2026-03-20 09:25:00,406.15,409.5,405.65,408.6,53141
2026-03-20 09:35:00,408.8,408.8,406.15,406.15,27563
2026-03-20 09:45:00,406.15,407.4,405.8,407.0,14684
2026-03-20 09:55:00,407.0,407.55,406.05,406.15,13906
2026-03-20 10:05:00,406.15,407.25,406.15,406.75,6850
2026-03-20 10:15:00,406.75,407.2,406.05,406.75,8246
2026-03-20 10:25:00,406.75,408.0,405.1,405.5,18250
2026-03-20 10:35:00,405.5,405.95,402.15,402.15,41123
2026-03-20 10:45:00,402.45,402.9,400.5,400.6,82792
2026-03-20 10:55:00,400.9,400.9,399.25,399.25,47375
2026-03-20 11:05:00,399.3,399.8,399.0,399.7,40847
2026-03-20 11:15:00,399.7,400.15,399.25,399.55,36437
2026-03-20 11:25:00,399.55,400.0,399.1,399.5,29442
2026-03-20 11:35:00,399.7,399.8,399.0,399.0,50618
2026-03-20 11:45:00,399.0,399.15,398.0,398.65,38728
2026-03-20 11:55:00,398.65,398.7,398.0,398.1,43982
2026-03-20 12:05:00,398.1,398.55,397.0,397.35,48367
2026-03-20 12:15:00,397.5,397.5,397.0,397.0,35771
2026-03-20 12:25:00,397.15,397.3,396.2,396.3,22772
2026-03-20 12:35:00,396.2,397.0,396.0,396.85,46484
2026-03-20 12:45:00,396.85,396.9,396.1,396.55,23968
2026-03-20 12:55:00,396.55,396.65,395.1,395.25,54306
2026-03-20 13:05:00,395.25,395.75,395.0,395.3,32908
2026-03-20 13:15:00,395.45,396.05,395.0,395.1,46112
2026-03-20 13:25:00,395.1,396.85,395.0,395.0,31666
2026-03-20 13:35:00,395.0,397.65,394.0,397.65,83385
2026-03-20 13:45:00,397.65,399.85,395.6,396.35,47035
2026-03-20 13:55:00,396.25,396.9,395.25,396.55,27445
2026-03-20 14:05:00,396.5,397.2,395.8,396.1,19536
2026-03-20 14:15:00,396.1,396.7,395.25,395.4,23899
2026-03-20 14:25:00,395.4,396.3,395.2,395.8,16966
2026-03-20 14:35:00,395.65,395.8,394.75,394.9,20391
2026-03-20 14:45:00,394.75,396.1,394.55,395.95,31493
2026-03-20 14:55:00,395.7,397.2,394.0,394.6,143342
2026-03-20 15:05:00,394.6,394.6,393.0,393.55,255652
2026-03-20 15:15:00,393.55,394.3,391.2,394.3,262505
2026-03-20 15:25:00,394.3,396.2,393.1,395.9,99672
2026-03-23 09:15:00,389.9,389.9,381.2,382.4,74021
2026-03-23 09:25:00,382.4,383.8,381.2,382.35,50344
2026-03-23 09:35:00,382.7,383.75,381.5,382.75,23102
2026-03-23 09:45:00,382.75,382.75,379.4,379.75,26366
2026-03-23 09:55:00,379.75,379.9,375.0,375.4,78057
2026-03-23 10:05:00,375.4,375.4,373.15,373.3,42661
2026-03-23 10:15:00,373.25,373.45,371.1,371.4,36035
2026-03-23 10:25:00,371.7,372.0,370.0,371.7,41121
2026-03-23 10:35:00,371.45,373.1,369.2,370.2,43125
2026-03-23 10:45:00,370.2,373.9,370.2,373.0,35861
2026-03-23 10:55:00,373.0,375.65,372.65,375.65,42509
2026-03-23 11:05:00,375.65,377.7,375.4,376.75,19136
2026-03-23 11:15:00,376.75,377.5,376.2,377.25,13669
2026-03-23 11:25:00,377.25,377.35,376.0,376.05,9422
2026-03-23 11:35:00,376.05,376.75,375.4,375.45,15893
2026-03-23 11:45:00,375.45,376.2,374.95,375.85,19517
2026-03-23 11:55:00,375.65,375.85,372.5,373.15,52475
2026-03-23 12:05:00,373.45,375.0,373.45,374.25,15291
2026-03-23 12:15:00,374.25,374.6,373.1,373.25,26083
2026-03-23 12:25:00,373.35,374.25,372.9,373.3,32397
2026-03-23 12:35:00,373.4,374.6,372.8,374.35,128527
2026-03-23 12:45:00,374.45,375.8,374.0,374.5,29764
2026-03-23 12:55:00,374.5,376.0,373.65,373.65,52424
2026-03-23 13:05:00,373.5,373.75,370.5,371.85,61584
2026-03-23 13:15:00,371.85,374.45,371.7,374.3,35271
2026-03-23 13:25:00,374.05,376.5,373.35,375.7,14943
2026-03-23 13:35:00,375.7,377.1,375.25,376.35,35692
2026-03-23 13:45:00,376.8,378.5,376.35,378.0,19253
2026-03-23 13:55:00,377.9,379.9,377.9,379.9,20400
2026-03-23 14:05:00,379.85,380.45,378.55,380.15,27159
2026-03-23 14:15:00,380.55,381.5,379.8,380.8,24682
2026-03-23 14:25:00,380.8,381.15,378.35,378.85,22111
2026-03-23 14:35:00,378.85,380.4,378.4,380.4,18422
2026-03-23 14:45:00,379.95,382.85,379.8,381.8,36925
2026-03-23 14:55:00,382.2,383.8,373.95,374.35,111395
2026-03-23 15:05:00,374.7,376.0,373.9,375.85,41908
2026-03-23 15:15:00,375.9,376.2,375.05,375.3,58339
2026-03-23 15:25:00,375.3,376.0,375.0,375.0,24586
2026-03-24 09:15:00,388.0,388.3,381.15,384.0,94684
2026-03-24 09:25:00,384.0,384.2,381.85,382.0,17276
2026-03-24 09:35:00,381.6,381.95,377.35,378.0,26321
2026-03-24 09:45:00,377.3,377.7,375.45,376.45,19430
2026-03-24 09:55:00,376.45,377.8,375.0,375.2,25508
2026-03-24 10:05:00,375.05,375.05,373.05,373.7,16230
2026-03-24 10:15:00,373.7,374.5,373.15,373.85,31974
2026-03-24 10:25:00,373.85,375.85,372.5,374.4,38506
2026-03-24 10:35:00,374.15,374.15,372.0,372.55,30969
2026-03-24 10:45:00,372.25,374.1,371.8,373.5,11352
2026-03-24 10:55:00,373.5,376.5,372.1,376.2,22858
2026-03-24 11:05:00,376.3,376.3,372.95,373.35,16722
2026-03-24 11:15:00,373.35,375.75,373.2,375.35,7425
2026-03-24 11:25:00,374.85,377.5,373.65,376.9,15273
2026-03-24 11:35:00,376.9,377.95,376.2,377.9,18847
2026-03-24 11:45:00,377.75,379.05,377.6,379.05,13406
2026-03-24 11:55:00,379.05,379.75,378.25,379.3,16325
2026-03-24 12:05:00,379.3,379.5,378.1,378.5,10148
2026-03-24 12:15:00,378.5,381.5,378.1,381.5,21379
2026-03-24 12:25:00,381.65,383.5,380.85,382.6,60376
2026-03-24 12:35:00,382.9,386.45,382.7,385.8,30632
2026-03-24 12:45:00,385.4,387.8,385.4,386.8,30947
2026-03-24 12:55:00,386.8,387.15,384.85,386.0,14490
2026-03-24 13:05:00,385.85,385.9,384.0,384.2,10768
2026-03-24 13:15:00,384.2,385.0,382.85,384.1,17010
2026-03-24 13:25:00,384.1,384.8,383.85,384.6,7079
2026-03-24 13:35:00,384.55,385.65,383.15,383.15,18237
2026-03-24 13:45:00,383.4,384.25,382.2,382.8,45306
2026-03-24 13:55:00,382.2,383.1,382.15,382.5,13390
2026-03-24 14:05:00,382.5,383.15,381.45,381.85,18460
2026-03-24 14:15:00,381.85,382.4,379.95,380.5,22026
2026-03-24 14:25:00,380.5,381.45,380.2,380.95,7756
2026-03-24 14:35:00,380.95,380.95,379.1,380.6,29767
2026-03-24 14:45:00,381.0,381.65,380.75,381.25,9419
2026-03-24 14:55:00,381.25,383.5,380.35,381.45,27011
2026-03-24 15:05:00,381.45,381.85,380.25,380.75,24543
2026-03-24 15:15:00,380.75,383.35,380.3,381.95,42145
2026-03-24 15:25:00,381.95,383.0,380.65,381.5,26467
2026-03-25 09:15:00,385.25,394.4,382.15,393.5,140500
2026-03-25 09:25:00,393.6,394.8,392.3,394.15,55570
2026-03-25 09:35:00,394.75,395.0,391.65,394.2,33887
2026-03-25 09:45:00,394.2,394.2,393.0,393.35,10283
2026-03-25 09:55:00,393.3,394.65,392.65,393.7,27407
2026-03-25 10:05:00,393.7,394.6,392.3,394.45,15137
2026-03-25 10:15:00,394.15,395.0,394.0,394.7,19097
2026-03-25 10:25:00,394.7,395.0,394.35,394.8,13478
2026-03-25 10:35:00,394.8,395.8,394.5,395.55,20547
2026-03-25 10:45:00,395.7,395.9,394.65,395.4,12373
2026-03-25 10:55:00,395.4,396.0,394.35,394.35,13714
2026-03-25 11:05:00,394.45,394.8,394.05,394.2,9330
2026-03-25 11:15:00,394.2,394.2,392.15,392.6,16461
2026-03-25 11:25:00,392.25,392.25,391.4,392.25,9932
2026-03-25 11:35:00,392.2,392.25,390.5,390.7,14158
2026-03-25 11:45:00,390.7,392.15,390.55,392.0,6900
2026-03-25 11:55:00,392.0,392.05,391.0,391.3,4187
2026-03-25 12:05:00,391.3,391.8,390.55,391.65,5634
2026-03-25 12:15:00,391.85,392.0,391.4,391.85,2630
2026-03-25 12:25:00,391.85,392.65,391.05,392.4,7621
2026-03-25 12:35:00,392.15,393.8,392.1,393.4,17033
2026-03-25 12:45:00,393.4,393.4,391.6,391.7,8241
2026-03-25 12:55:00,391.7,391.7,390.7,391.6,4353
2026-03-25 13:05:00,391.6,392.2,391.4,391.5,6976
2026-03-25 13:15:00,391.5,391.55,391.05,391.5,10393
2026-03-25 13:25:00,391.5,393.0,391.5,391.5,7383
2026-03-25 13:35:00,391.5,392.7,391.5,392.6,3214
2026-03-25 13:45:00,392.6,394.5,392.25,393.5,30430
2026-03-25 13:55:00,393.75,394.25,391.5,393.6,20340
2026-03-25 14:05:00,393.6,394.1,392.65,393.5,9667
2026-03-25 14:15:00,393.5,394.0,391.9,392.15,19187
2026-03-25 14:25:00,392.15,392.85,391.8,392.4,6137
2026-03-25 14:35:00,392.4,393.6,391.8,392.95,15305
2026-03-25 14:45:00,392.95,393.05,392.15,392.45,13254
2026-03-25 14:55:00,392.15,392.15,390.0,390.8,17548
2026-03-25 15:05:00,390.75,391.6,390.05,391.4,37212
2026-03-25 15:15:00,391.15,391.4,389.45,390.1,50651
2026-03-25 15:25:00,390.0,390.85,390.0,390.0,21175
2026-03-27 09:15:00,388.55,388.55,382.1,385.0,41507
2026-03-27 09:25:00,384.95,385.75,383.95,383.95,24372
2026-03-27 09:35:00,383.85,383.85,381.15,381.75,24885
2026-03-27 09:45:00,381.75,381.75,380.0,380.25,26971
2026-03-27 09:55:00,380.3,380.95,379.5,380.5,30792
2026-03-27 10:05:00,380.5,380.5,378.55,378.8,20877
2026-03-27 10:15:00,378.8,379.4,378.1,378.85,19525
2026-03-27 10:25:00,378.85,379.2,378.0,378.55,18022
2026-03-27 10:35:00,378.55,378.9,377.8,378.4,29227
2026-03-27 10:45:00,378.4,378.75,377.8,378.4,14005
2026-03-27 10:55:00,378.4,378.8,378.05,378.6,11126
2026-03-27 11:05:00,378.3,378.7,378.2,378.4,15251
2026-03-27 11:15:00,378.4,382.3,378.35,381.4,94079
2026-03-27 11:25:00,381.4,382.3,381.15,381.6,32323
2026-03-27 11:35:00,381.6,381.95,380.15,380.6,16355
2026-03-27 11:45:00,380.5,381.85,380.25,381.65,7233
2026-03-27 11:55:00,382.0,382.0,379.5,380.75,26003
2026-03-27 12:05:00,380.75,381.65,380.05,381.55,19559
2026-03-27 12:15:00,381.6,381.85,380.95,381.85,5229
2026-03-27 12:25:00,381.85,382.9,381.65,382.6,59893
2026-03-27 12:35:00,382.6,382.9,382.05,382.6,21411
2026-03-27 12:45:00,382.6,382.9,382.3,382.85,9456
2026-03-27 12:55:00,382.85,384.4,382.7,383.8,24656
2026-03-27 13:05:00,383.8,384.85,381.25,381.8,69714
2026-03-27 13:15:00,381.8,382.0,379.2,380.0,37497
2026-03-27 13:25:00,380.0,380.9,378.95,379.9,52304
2026-03-27 13:35:00,379.85,380.45,377.0,377.5,34048
2026-03-27 13:45:00,377.5,379.35,377.5,378.4,52117
2026-03-27 13:55:00,378.25,378.8,377.5,378.45,12316
2026-03-27 14:05:00,378.45,379.3,377.1,379.0,36337
2026-03-27 14:15:00,379.0,381.35,378.4,380.45,44911
2026-03-27 14:25:00,380.7,381.7,379.0,379.55,47749
2026-03-27 14:35:00,379.25,380.45,379.0,379.0,38621
2026-03-27 14:45:00,379.05,380.0,379.0,379.0,84890
2026-03-27 14:55:00,379.5,383.4,379.05,383.0,217325
2026-03-27 15:05:00,382.95,388.95,382.55,387.1,136826
2026-03-27 15:15:00,387.1,389.0,386.0,386.55,175113
2026-03-27 15:25:00,386.6,387.9,384.35,386.5,81669
2026-03-30 09:15:00,377.05,381.05,377.0,379.4,127048
2026-03-30 09:25:00,379.4,381.55,378.5,380.95,38536
2026-03-30 09:35:00,381.15,383.4,381.15,383.4,19249
2026-03-30 09:45:00,383.6,383.95,382.1,382.1,16124
2026-03-30 09:55:00,382.1,382.55,381.8,382.45,15234
2026-03-30 10:05:00,382.45,382.45,380.0,380.8,65348
2026-03-30 10:15:00,380.8,381.7,380.0,380.0,10275
2026-03-30 10:25:00,380.0,380.35,378.6,378.6,61814
2026-03-30 10:35:00,378.6,380.8,378.05,380.3,30553
2026-03-30 10:45:00,380.3,381.25,380.05,380.4,15137
2026-03-30 10:55:00,380.4,380.95,380.1,380.5,33281
2026-03-30 11:05:00,380.5,381.65,380.1,380.8,31275
2026-03-30 11:15:00,380.8,382.55,380.75,381.35,12157
2026-03-30 11:25:00,381.35,382.15,380.95,382.0,7620
2026-03-30 11:35:00,382.35,382.5,380.7,381.1,58607
2026-03-30 11:45:00,381.1,381.25,380.25,381.25,6873
2026-03-30 11:55:00,381.25,382.25,380.85,382.0,9535
2026-03-30 12:05:00,382.0,382.2,381.0,381.85,5264
2026-03-30 12:15:00,381.85,382.0,380.5,380.55,11500
2026-03-30 12:25:00,380.55,380.55,380.0,380.0,48487
2026-03-30 12:35:00,380.2,380.25,377.1,378.5,28434
2026-03-30 12:45:00,378.5,378.85,377.5,377.5,8103
2026-03-30 12:55:00,377.8,378.25,377.2,378.25,12036
2026-03-30 13:05:00,378.25,378.95,377.0,377.45,8297
2026-03-30 13:15:00,377.45,377.65,376.05,376.45,12561
2026-03-30 13:25:00,376.45,376.45,375.35,375.85,4583
2026-03-30 13:35:00,375.85,376.6,375.0,375.7,15611
2026-03-30 13:45:00,375.55,376.25,375.3,375.5,8679
2026-03-30 13:55:00,375.6,377.65,375.5,377.2,29423
2026-03-30 14:05:00,377.2,377.55,375.85,376.1,5514
2026-03-30 14:15:00,376.1,377.5,376.1,376.15,17977
2026-03-30 14:25:00,376.15,376.7,374.1,374.25,45231
2026-03-30 14:35:00,373.95,375.8,373.2,374.15,35539
2026-03-30 14:45:00,374.15,374.3,372.1,372.1,23687
2026-03-30 14:55:00,372.3,372.3,369.1,369.8,36431
2026-03-30 15:05:00,369.75,370.4,368.0,368.9,62493
2026-03-30 15:15:00,368.9,369.8,366.85,367.3,56676
2026-03-30 15:25:00,367.4,368.15,361.2,362.0,45849
2026-04-01 09:15:00,373.0,384.85,373.0,383.55,80452
2026-04-01 09:25:00,383.55,383.95,381.4,381.8,17714
2026-04-01 09:35:00,381.8,381.85,380.2,380.55,25181
2026-04-01 09:45:00,380.75,384.0,380.35,384.0,17642
2026-04-01 09:55:00,384.0,384.55,383.0,383.5,21218
2026-04-01 10:05:00,383.5,383.5,382.45,382.7,4895
2026-04-01 10:15:00,382.7,382.7,381.15,381.2,10717
2026-04-01 10:25:00,381.2,381.5,380.1,381.0,10644
2026-04-01 10:35:00,381.15,382.0,381.0,381.65,4343
2026-04-01 10:45:00,381.65,381.9,380.75,381.0,5686
2026-04-01 10:55:00,380.75,381.0,379.55,379.85,9791
2026-04-01 11:05:00,379.85,379.85,378.0,378.35,21626
2026-04-01 11:15:00,378.35,378.9,378.0,378.6,5841
2026-04-01 11:25:00,378.55,379.5,378.55,379.15,4795
2026-04-01 11:35:00,379.15,379.85,379.0,379.2,6485
2026-04-01 11:45:00,379.3,379.8,378.6,379.25,23963
2026-04-01 11:55:00,379.25,381.35,379.0,379.7,46706
2026-04-01 12:05:00,379.7,382.85,379.5,382.4,17029
2026-04-01 12:15:00,382.4,382.55,382.0,382.05,5163
2026-04-01 12:25:00,382.05,382.9,381.95,382.15,15920
2026-04-01 12:35:00,382.15,382.85,382.0,382.5,3896
2026-04-01 12:45:00,382.5,386.95,382.35,386.7,52713
2026-04-01 12:55:00,386.45,387.85,385.8,385.8,16887
2026-04-01 13:05:00,386.1,386.85,385.35,386.8,17914
2026-04-01 13:15:00,386.6,386.65,384.3,385.0,15798
2026-04-01 13:25:00,385.0,385.1,384.2,384.3,7128
2026-04-01 13:35:00,384.3,385.4,382.1,383.0,18436
2026-04-01 13:45:00,382.9,384.85,382.4,383.65,6120
2026-04-01 13:55:00,383.65,384.5,382.5,383.45,10346
2026-04-01 14:05:00,383.45,383.6,383.0,383.25,5910
2026-04-01 14:15:00,383.25,383.35,382.2,382.8,6442
2026-04-01 14:25:00,382.8,384.2,382.3,383.25,5170
2026-04-01 14:35:00,383.25,383.25,382.2,382.5,12297
2026-04-01 14:45:00,382.6,383.65,382.2,383.05,16911
2026-04-01 14:55:00,383.1,385.0,382.6,384.4,21894
2026-04-01 15:05:00,384.3,384.55,382.0,382.1,30091
2026-04-01 15:15:00,382.45,383.35,382.0,382.45,29886
2026-04-01 15:25:00,382.45,384.8,382.0,384.8,26653
2026-04-02 09:15:00,379.7,383.95,372.15,374.5,51843
2026-04-02 09:25:00,374.5,374.5,370.6,372.0,36966
2026-04-02 09:35:00,371.6,373.5,371.45,373.2,9821
2026-04-02 09:45:00,373.2,373.6,370.5,370.65,11596
2026-04-02 09:55:00,370.35,370.7,366.7,369.45,56478
2026-04-02 10:05:00,369.4,371.7,369.4,370.6,17899
2026-04-02 10:15:00,370.6,370.6,367.8,367.95,43886
2026-04-02 10:25:00,367.95,369.85,367.95,369.8,7897
2026-04-02 10:35:00,369.8,372.45,369.5,372.25,24824
2026-04-02 10:45:00,372.25,372.5,370.45,371.25,11554
2026-04-02 10:55:00,371.25,371.8,370.65,371.6,6119
2026-04-02 11:05:00,371.6,371.9,371.4,371.5,4176
2026-04-02 11:15:00,371.5,371.85,370.5,371.35,7388
2026-04-02 11:25:00,371.35,373.25,371.2,372.55,16545
2026-04-02 11:35:00,372.55,376.85,372.5,375.45,65781
2026-04-02 11:45:00,375.5,376.85,375.15,376.65,10987
2026-04-02 11:55:00,376.65,377.8,375.05,375.25,11378
2026-04-02 12:05:00,375.25,375.45,374.55,374.9,4327
2026-04-02 12:15:00,374.9,376.1,373.8,374.05,19215
2026-04-02 12:25:00,374.05,379.5,373.85,379.5,38246
2026-04-02 12:35:00,380.25,384.65,380.2,384.65,66216
2026-04-02 12:45:00,384.9,384.9,383.0,383.5,39058
2026-04-02 12:55:00,383.5,384.25,383.3,383.5,11074
2026-04-02 13:05:00,383.75,383.85,382.85,383.25,14393
2026-04-02 13:15:00,383.25,384.45,383.05,384.2,13536
2026-04-02 13:25:00,384.25,386.5,384.0,385.7,23230
2026-04-02 13:35:00,385.7,386.75,384.6,385.3,19107
2026-04-02 13:45:00,385.3,385.85,383.6,384.1,28091
2026-04-02 13:55:00,384.1,384.85,383.7,384.5,10310
2026-04-02 14:05:00,384.7,384.95,384.0,384.9,8394
2026-04-02 14:15:00,384.9,386.0,384.65,385.55,47588
2026-04-02 14:25:00,385.4,385.95,384.55,385.1,6419
2026-04-02 14:35:00,385.1,385.3,383.85,384.0,13374
2026-04-02 14:45:00,384.0,390.0,384.0,389.1,62448
2026-04-02 14:55:00,389.5,392.7,388.9,392.45,49556
2026-04-02 15:05:00,392.7,395.9,392.7,393.9,66734
2026-04-02 15:15:00,393.9,394.05,392.55,392.6,39093
2026-04-02 15:25:00,392.6,393.45,391.0,391.0,47663
2026-04-06 09:15:00,394.0,394.0,386.4,387.85,43914
2026-04-06 09:25:00,387.85,389.75,387.05,389.4,23187
2026-04-06 09:35:00,389.2,391.25,388.4,389.8,26672
2026-04-06 09:45:00,389.8,391.0,386.25,387.55,12308
2026-04-06 09:55:00,387.55,387.55,385.5,386.75,22690
2026-04-06 10:05:00,386.75,388.0,386.3,387.8,8823
2026-04-06 10:15:00,387.8,390.75,387.8,389.75,32199
2026-04-06 10:25:00,389.25,389.5,387.85,388.85,5745
2026-04-06 10:35:00,388.85,390.3,388.1,390.0,81701
2026-04-06 10:45:00,390.0,394.15,389.95,390.6,84283
2026-04-06 10:55:00,390.6,391.05,390.15,390.65,5361
2026-04-06 11:05:00,390.65,390.65,387.85,388.2,8032
2026-04-06 11:15:00,388.2,390.85,387.85,390.85,18358
2026-04-06 11:25:00,390.65,392.6,389.35,389.6,25683
2026-04-06 11:35:00,389.6,389.6,385.7,387.8,42276
2026-04-06 11:45:00,387.8,388.5,387.2,387.3,31743
2026-04-06 11:55:00,387.3,389.0,387.3,388.15,17012
2026-04-06 12:05:00,388.15,388.5,387.65,388.4,16830
2026-04-06 12:15:00,388.4,389.1,387.65,388.95,15068
2026-04-06 12:25:00,388.95,391.55,388.5,389.5,46793
2026-04-06 12:35:00,388.95,389.75,388.3,388.5,12476
2026-04-06 12:45:00,388.5,390.6,388.15,390.1,12768
2026-04-06 12:55:00,390.1,391.6,389.95,389.95,13484
2026-04-06 13:05:00,390.05,391.65,390.05,390.85,12346
2026-04-06 13:15:00,390.85,391.35,388.85,390.25,39479
2026-04-06 13:25:00,390.25,391.25,389.4,391.05,26741
2026-04-06 13:35:00,390.85,391.5,389.0,389.05,9558
2026-04-06 13:45:00,389.05,390.5,388.55,390.5,11414
2026-04-06 13:55:00,390.5,391.45,389.95,390.9,8130
2026-04-06 14:05:00,390.8,391.4,389.6,391.15,51032
2026-04-06 14:15:00,391.35,392.0,390.65,391.35,15525
2026-04-06 14:25:00,391.3,391.3,390.5,390.6,20150
2026-04-06 14:35:00,390.6,390.6,389.3,389.45,47521
2026-04-06 14:45:00,389.45,391.05,389.45,390.45,29837
2026-04-06 14:55:00,390.2,391.45,389.35,391.15,22620
2026-04-06 15:05:00,391.15,392.2,390.65,390.8,41995
2026-04-06 15:15:00,391.1,397.0,391.0,396.75,120449
2026-04-06 15:25:00,396.75,406.0,396.75,406.0,94787
2026-04-07 09:15:00,397.0,403.4,396.6,401.75,76041
2026-04-07 09:25:00,401.6,401.7,398.0,398.1,48116
2026-04-07 09:35:00,398.1,401.65,397.15,401.25,38754
2026-04-07 09:45:00,401.25,411.9,399.35,408.15,281152
2026-04-07 09:55:00,408.0,410.35,406.35,409.15,108289
2026-04-07 10:05:00,409.15,410.85,404.55,404.8,151213
2026-04-07 10:15:00,404.55,406.2,403.1,403.1,71539
2026-04-07 10:25:00,403.1,406.15,403.1,404.25,131324
2026-04-07 10:35:00,404.25,405.8,404.15,405.5,31850
2026-04-07 10:45:00,405.8,406.0,401.95,402.15,47567
2026-04-07 10:55:00,402.15,403.15,401.2,402.5,41618
2026-04-07 11:05:00,403.1,403.7,401.5,402.25,32081
2026-04-07 11:15:00,401.85,403.0,401.65,402.45,19090
2026-04-07 11:25:00,402.3,402.65,400.05,400.35,36508
2026-04-07 11:35:00,400.65,401.4,400.05,400.1,19223
2026-04-07 11:45:00,400.4,400.4,399.4,399.65,23414
2026-04-07 11:55:00,399.6,401.0,399.6,400.25,22048
2026-04-07 12:05:00,400.55,400.95,399.3,400.45,26481
2026-04-07 12:15:00,400.15,400.35,399.3,399.9,12005
2026-04-07 12:25:00,399.9,400.65,399.45,400.1,11831
2026-04-07 12:35:00,400.1,400.75,399.8,400.25,12147
2026-04-07 12:45:00,400.25,400.7,399.3,399.5,12655
2026-04-07 12:55:00,399.8,400.0,399.0,399.55,13951
2026-04-07 13:05:00,399.55,400.0,399.0,399.45,11102
2026-04-07 13:15:00,399.45,399.65,399.1,399.45,4983
2026-04-07 13:25:00,399.45,400.65,399.25,400.25,16969
2026-04-07 13:35:00,400.25,401.7,400.25,401.2,26343
2026-04-07 13:45:00,401.2,404.95,400.9,404.95,68773
2026-04-07 13:55:00,404.8,404.9,401.65,404.8,30294
2026-04-07 14:05:00,404.45,404.85,403.45,403.85,12204
2026-04-07 14:15:00,403.85,404.8,402.65,403.25,24492
2026-04-07 14:25:00,403.5,403.8,401.3,401.65,14980
2026-04-07 14:35:00,401.65,402.5,401.0,402.35,19024
2026-04-07 14:45:00,402.05,404.1,402.05,403.0,13164
2026-04-07 14:55:00,403.45,405.5,403.3,404.4,107211
2026-04-07 15:05:00,404.4,409.0,403.15,404.7,567582
2026-04-07 15:15:00,404.95,404.95,403.0,404.0,112720
2026-04-07 15:25:00,404.25,404.35,401.0,402.75,46912
2026-04-08 09:15:00,416.0,418.85,413.7,415.7,243042
2026-04-08 09:25:00,415.75,417.0,414.85,416.75,61495
2026-04-08 09:35:00,417.4,422.4,417.05,421.15,159785
2026-04-08 09:45:00,421.4,424.8,421.15,423.0,79878
2026-04-08 09:55:00,423.0,426.4,423.0,425.65,75918
2026-04-08 10:05:00,425.65,427.0,424.95,425.6,29709
2026-04-08 10:15:00,425.6,426.45,424.6,426.45,29663
2026-04-08 10:25:00,426.2,427.5,425.65,426.0,41551
2026-04-08 10:35:00,426.0,426.0,423.4,424.0,34089
2026-04-08 10:45:00,424.0,424.4,422.95,423.9,20035
2026-04-08 10:55:00,423.9,426.6,422.5,426.25,23014
2026-04-08 11:05:00,426.35,429.95,426.35,429.35,58222
2026-04-08 11:15:00,429.75,429.75,423.05,423.45,140559
2026-04-08 11:25:00,423.35,423.95,422.0,422.35,33292
2026-04-08 11:35:00,422.6,423.0,421.45,421.9,35681
2026-04-08 11:45:00,421.9,422.8,421.4,421.55,16005
2026-04-08 11:55:00,421.55,426.2,421.5,424.95,57724
2026-04-08 12:05:00,425.0,426.05,423.0,423.0,18138
2026-04-08 12:15:00,423.0,423.2,421.7,422.1,21289
2026-04-08 12:25:00,421.75,422.0,419.6,420.0,30799
2026-04-08 12:35:00,420.4,420.85,419.5,419.55,12247
2026-04-08 12:45:00,419.55,420.0,419.0,419.0,19551
2026-04-08 12:55:00,419.0,419.7,418.75,419.0,20205
2026-04-08 13:05:00,418.75,419.05,417.45,417.45,21885
2026-04-08 13:15:00,417.45,417.45,414.4,415.55,47201
2026-04-08 13:25:00,415.55,415.95,414.8,414.9,33724
2026-04-08 13:35:00,414.9,415.2,414.75,414.8,25080
2026-04-08 13:45:00,415.0,415.0,414.6,414.6,19178
2026-04-08 13:55:00,414.45,415.1,414.4,414.8,25685
2026-04-08 14:05:00,414.8,414.9,414.05,414.55,23865
2026-04-08 14:15:00,414.55,415.3,414.55,414.95,133178
2026-04-08 14:25:00,414.95,417.4,414.7,415.0,77498
2026-04-08 14:35:00,415.0,415.1,413.6,414.4,42717
2026-04-08 14:45:00,414.15,414.85,413.55,414.55,32143
2026-04-08 14:55:00,414.55,415.15,413.1,414.9,129289
2026-04-08 15:05:00,414.85,415.05,414.05,414.45,126001
2026-04-08 15:15:00,414.4,415.35,413.9,414.9,169165
2026-04-08 15:25:00,414.9,417.0,414.5,417.0,102794
2026-04-09 09:15:00,418.0,421.85,416.35,419.2,204506
2026-04-09 09:25:00,419.0,419.4,415.65,416.3,70769
2026-04-09 09:35:00,416.3,417.95,415.0,415.25,33005
2026-04-09 09:45:00,415.7,416.55,414.0,414.85,32672
2026-04-09 09:55:00,414.85,415.45,414.1,414.55,29902
2026-04-09 10:05:00,414.55,419.2,414.2,417.6,74902
2026-04-09 10:15:00,417.6,418.7,416.45,417.75,13000
2026-04-09 10:25:00,417.75,419.0,416.65,418.7,18252
2026-04-09 10:35:00,418.7,419.0,416.0,416.0,28016
2026-04-09 10:45:00,416.0,416.55,412.9,412.9,39190
2026-04-09 10:55:00,413.05,413.3,410.0,410.95,144102
2026-04-09 11:05:00,411.0,411.4,409.7,410.35,40046
2026-04-09 11:15:00,410.6,411.0,408.6,409.4,24499
2026-04-09 11:25:00,409.4,409.9,409.0,409.9,53430
2026-04-09 11:35:00,409.75,410.05,406.5,406.7,47542
2026-04-09 11:45:00,407.05,407.5,404.3,404.75,198275
2026-04-09 11:55:00,404.4,404.8,399.75,401.15,356209
2026-04-09 12:05:00,401.15,402.4,400.8,401.8,108061
2026-04-09 12:15:00,401.9,402.25,400.5,400.75,66078
2026-04-09 12:25:00,400.95,401.55,399.75,401.0,139672
2026-04-09 12:35:00,401.0,403.4,400.5,401.0,193875
2026-04-09 12:45:00,401.25,401.8,400.35,401.4,60388
2026-04-09 12:55:00,401.15,402.9,401.1,402.35,122252
2026-04-09 13:05:00,402.35,402.85,400.8,402.7,156294
2026-04-09 13:15:00,402.85,403.65,402.45,403.5,169108
2026-04-09 13:25:00,403.5,403.8,402.0,403.35,71583
2026-04-09 13:35:00,403.35,406.0,403.3,405.0,122665
2026-04-09 13:45:00,405.15,406.35,403.35,403.65,76938
2026-04-09 13:55:00,403.6,405.95,403.35,405.85,70625
2026-04-09 14:05:00,405.85,406.2,405.0,405.4,57812
2026-04-09 14:15:00,405.6,405.85,404.15,404.15,22210
2026-04-09 14:25:00,404.1,404.4,402.0,403.4,93061
2026-04-09 14:35:00,403.6,403.95,401.1,401.5,193457
2026-04-09 14:45:00,401.5,401.65,399.5,400.3,231500
2026-04-09 14:55:00,400.3,400.45,396.6,398.3,331525
2026-04-09 15:05:00,398.1,401.8,398.1,401.7,244054
2026-04-09 15:15:00,401.5,406.65,399.6,404.9,670793
2026-04-09 15:25:00,404.45,404.45,402.35,403.0,191773
2026-04-10 09:15:00,395.0,399.5,394.0,398.9,965864
2026-04-10 09:25:00,398.9,401.0,397.9,398.5,204297
2026-04-10 09:35:00,398.6,399.9,396.75,399.9,88214
2026-04-10 09:45:00,399.85,412.2,398.8,405.25,709389
2026-04-10 09:55:00,405.0,411.1,405.0,408.1,282487
2026-04-10 10:05:00,407.75,410.0,407.0,407.75,151390
2026-04-10 10:15:00,407.2,413.4,407.2,409.35,190166
2026-04-10 10:25:00,409.1,412.1,409.1,411.0,120664
2026-04-10 10:35:00,411.15,411.15,408.35,410.3,98668
2026-04-10 10:45:00,410.3,410.3,405.6,405.6,94293
2026-04-10 10:55:00,405.85,409.3,405.55,407.05,122237
2026-04-10 11:05:00,406.9,407.2,404.7,405.35,47471
2026-04-10 11:15:00,405.7,407.2,403.55,403.95,117704
2026-04-10 11:25:00,404.0,404.85,402.4,402.55,59461
2026-04-10 11:35:00,402.9,403.7,401.75,403.0,35957
2026-04-10 11:45:00,403.0,403.35,399.2,400.15,81593
2026-04-10 11:55:00,400.0,402.75,399.0,402.25,57563
2026-04-10 12:05:00,402.25,402.85,401.35,401.35,38130
2026-04-10 12:15:00,401.35,403.95,399.6,403.9,62315
2026-04-10 12:25:00,403.9,404.25,401.85,402.25,71988
2026-04-10 12:35:00,402.25,403.05,400.95,401.45,103941
2026-04-10 12:45:00,401.45,401.7,399.35,399.9,75435
2026-04-10 12:55:00,399.6,400.0,399.4,399.75,29651
2026-04-10 13:05:00,399.75,400.5,399.75,400.05,32547
2026-04-10 13:15:00,400.05,400.5,399.4,399.85,43941
2026-04-10 13:25:00,399.85,400.0,399.4,399.7,23585
2026-04-10 13:35:00,399.3,399.8,397.5,398.5,98932
2026-04-10 13:45:00,398.45,399.15,397.15,397.55,119736
2026-04-10 13:55:00,397.55,398.9,397.5,398.85,45789
2026-04-10 14:05:00,398.85,399.65,398.55,399.25,34137
2026-04-10 14:15:00,399.25,400.0,397.45,397.5,187364
2026-04-10 14:25:00,397.5,398.1,397.1,397.1,36802
2026-04-10 14:35:00,397.1,397.6,395.6,396.75,68909
2026-04-10 14:45:00,396.75,397.4,396.25,396.8,46462
2026-04-10 14:55:00,396.95,400.05,396.55,400.0,208577
2026-04-10 15:05:00,399.95,400.5,398.7,398.95,272977
2026-04-10 15:15:00,398.95,400.9,398.9,400.9,350285
2026-04-10 15:25:00,400.9,402.3,400.0,400.5,347724
2026-04-13 09:15:00,394.0,394.0,387.35,391.0,191345
2026-04-13 09:25:00,391.0,392.8,390.85,392.6,63156
2026-04-13 09:35:00,392.7,392.7,390.75,391.8,28101
2026-04-13 09:45:00,391.8,393.9,391.5,393.65,38224
2026-04-13 09:55:00,393.65,394.6,390.35,391.15,154504
2026-04-13 10:05:00,391.1,392.4,391.1,391.9,54494
2026-04-13 10:15:00,391.55,392.05,390.9,391.75,58411
2026-04-13 10:25:00,391.65,393.6,391.6,392.2,45914
2026-04-13 10:35:00,392.2,393.5,391.8,393.15,49442
2026-04-13 10:45:00,393.05,396.35,392.85,395.85,70700
2026-04-13 10:55:00,395.8,397.25,395.05,395.05,59224
2026-04-13 11:05:00,395.15,395.5,392.5,393.05,67863
2026-04-13 11:15:00,393.0,395.0,392.6,394.05,60179
2026-04-13 11:25:00,394.05,394.75,392.85,392.9,16091
2026-04-13 11:35:00,392.95,394.9,392.9,394.2,33860
2026-04-13 11:45:00,394.3,395.4,394.0,394.65,159124
2026-04-13 11:55:00,394.65,397.25,394.2,395.45,153450
2026-04-13 12:05:00,395.45,396.0,395.3,395.4,74645
2026-04-13 12:15:00,395.4,396.1,395.05,395.15,92485
2026-04-13 12:25:00,395.15,398.25,395.0,398.2,148478
2026-04-13 12:35:00,397.95,399.6,397.25,398.0,87961
2026-04-13 12:45:00,397.95,398.25,396.2,397.3,37226
2026-04-13 12:55:00,397.3,399.0,395.9,398.35,82315
2026-04-13 13:05:00,398.35,399.65,396.3,396.3,53021
2026-04-13 13:15:00,396.3,396.55,395.8,396.4,21230
2026-04-13 13:25:00,396.2,396.85,395.85,396.35,14563
2026-04-13 13:35:00,396.35,397.0,395.85,395.85,18041
2026-04-13 13:45:00,395.8,400.0,395.8,398.9,437900
2026-04-13 13:55:00,398.9,400.55,396.5,400.1,220239
2026-04-13 14:05:00,400.1,407.4,400.1,405.1,297742
2026-04-13 14:15:00,405.15,408.5,404.35,405.5,173851
2026-04-13 14:25:00,405.5,405.7,403.35,404.55,90763
2026-04-13 14:35:00,404.3,404.35,403.25,403.6,51567
2026-04-13 14:45:00,403.5,405.0,403.25,403.6,86880
2026-04-13 14:55:00,403.6,410.7,403.5,410.0,442804
2026-04-13 15:05:00,410.0,410.5,408.1,408.35,175077
2026-04-13 15:15:00,408.35,410.95,408.0,410.95,193818
2026-04-13 15:25:00,411.0,411.0,409.0,410.0,77987
2026-04-15 09:15:00,414.1,418.8,411.85,412.75,293313
2026-04-15 09:25:00,412.85,414.3,409.15,409.6,124019
2026-04-15 09:35:00,409.35,412.0,408.65,412.0,106677
2026-04-15 09:45:00,412.0,412.45,409.95,411.7,109017
2026-04-15 09:55:00,412.0,412.0,410.1,410.5,39836
2026-04-15 10:05:00,410.5,411.95,409.8,410.0,68753
2026-04-15 10:15:00,409.8,412.9,409.75,412.7,69636
2026-04-15 10:25:00,412.7,412.7,411.5,411.55,27760
2026-04-15 10:35:00,411.85,412.0,411.2,411.35,11232
2026-04-15 10:45:00,411.35,411.95,411.05,411.35,30198
2026-04-15 10:55:00,411.35,412.6,410.6,412.35,25093
2026-04-15 11:05:00,412.35,415.7,412.1,415.05,167875
2026-04-15 11:15:00,415.05,415.05,412.7,413.0,67901
2026-04-15 11:25:00,413.0,416.5,412.75,415.75,89066
2026-04-15 11:35:00,416.0,417.1,414.4,416.5,88540
2026-04-15 11:45:00,416.5,418.15,415.3,417.6,68468
2026-04-15 11:55:00,417.6,417.95,415.8,416.85,19896
2026-04-15 12:05:00,416.85,418.05,416.2,417.4,43851
2026-04-15 12:15:00,417.4,417.7,416.3,417.25,13607
2026-04-15 12:25:00,417.25,417.75,416.55,416.8,33678
2026-04-15 12:35:00,416.8,417.5,415.85,417.4,20735
2026-04-15 12:45:00,417.4,417.75,416.8,417.35,20807
2026-04-15 12:55:00,417.35,417.35,414.05,414.2,48310
2026-04-15 13:05:00,414.2,414.8,413.85,414.3,22263
2026-04-15 13:15:00,414.3,415.5,414.05,414.15,28996
2026-04-15 13:25:00,414.15,414.95,414.0,414.45,18081
2026-04-15 13:35:00,414.45,415.0,414.0,414.6,13992
2026-04-15 13:45:00,414.6,414.75,413.8,414.05,14394
2026-04-15 13:55:00,414.05,414.4,413.8,414.1,8987
2026-04-15 14:05:00,414.1,414.4,413.6,414.3,16891
2026-04-15 14:15:00,414.3,414.5,414.0,414.15,9425
2026-04-15 14:25:00,414.45,414.5,414.05,414.35,8631
2026-04-15 14:35:00,414.35,414.8,413.85,413.85,20155
2026-04-15 14:45:00,413.85,414.35,413.7,414.1,14905
2026-04-15 14:55:00,414.3,414.85,413.8,414.75,25859
2026-04-15 15:05:00,414.75,414.95,413.75,414.25,47583
2026-04-15 15:15:00,414.25,415.25,414.0,414.9,128905
2026-04-15 15:25:00,414.85,414.85,412.5,414.0,60088
2026-04-16 09:15:00,416.0,416.0,408.2,411.1,330568
2026-04-16 09:25:00,411.0,411.15,408.1,410.75,462717
2026-04-16 09:35:00,410.7,410.8,406.1,406.2,395590
2026-04-16 09:45:00,406.15,407.65,405.1,407.15,214799
2026-04-16 09:55:00,407.25,407.4,405.2,405.9,190063
2026-04-16 10:05:00,405.8,408.15,405.6,407.8,127224
2026-04-16 10:15:00,407.8,409.9,407.65,408.8,199632
2026-04-16 10:25:00,408.8,409.0,406.8,406.85,126510
2026-04-16 10:35:00,406.85,407.0,402.55,403.15,521393
2026-04-16 10:45:00,403.15,403.65,402.1,402.5,147809
2026-04-16 10:55:00,402.5,403.05,400.1,401.35,419532
2026-04-16 11:05:00,401.25,403.3,401.05,403.0,114566
2026-04-16 11:15:00,403.2,403.2,401.7,402.2,206577
2026-04-16 11:25:00,402.2,402.6,401.55,402.15,49124
2026-04-16 11:35:00,402.05,402.6,401.45,401.45,51164
2026-04-16 11:45:00,401.55,402.0,400.6,400.85,226120
2026-04-16 11:55:00,400.6,401.0,400.25,400.5,59166
2026-04-16 12:05:00,400.55,401.3,400.5,401.05,66061
2026-04-16 12:15:00,401.05,401.45,400.7,401.0,52525
2026-04-16 12:25:00,401.0,401.6,401.0,401.15,65557
2026-04-16 12:35:00,401.15,401.4,401.1,401.3,44658
2026-04-16 12:45:00,401.4,401.7,401.1,401.4,85199
2026-04-16 12:55:00,401.3,402.7,401.15,401.9,61188
2026-04-16 13:05:00,402.0,402.55,401.7,402.15,70995
2026-04-16 13:15:00,402.1,402.3,401.8,402.05,58197
2026-04-16 13:25:00,402.05,402.3,402.0,402.05,35378
2026-04-16 13:35:00,402.0,402.85,402.0,402.45,69462
2026-04-16 13:45:00,402.45,404.3,402.45,403.25,132644
2026-04-16 13:55:00,403.5,404.5,403.35,403.6,117871
2026-04-16 14:05:00,403.6,404.6,403.35,404.5,57058
2026-04-16 14:15:00,404.6,404.8,404.15,404.7,32750
2026-04-16 14:25:00,404.7,405.85,404.6,405.65,99736
2026-04-16 14:35:00,405.6,405.85,405.5,405.5,47461
2026-04-16 14:45:00,405.5,408.0,405.5,406.7,235275
2026-04-16 14:55:00,406.7,408.45,406.7,408.25,238019
2026-04-16 15:05:00,408.4,408.6,406.6,406.65,190228
2026-04-16 15:15:00,406.65,407.0,405.6,406.0,165353
2026-04-16 15:25:00,406.0,406.0,404.45,405.0,64655
2026-04-17 09:15:00,407.75,407.75,402.5,404.1,192431
2026-04-17 09:25:00,403.75,404.2,402.85,403.4,129389
2026-04-17 09:35:00,403.4,404.1,402.55,403.2,130767
2026-04-17 09:45:00,403.2,403.5,402.5,402.8,46771
2026-04-17 09:55:00,402.8,403.3,401.85,402.75,89289
2026-04-17 10:05:00,402.95,405.5,402.75,405.5,103760
2026-04-17 10:15:00,405.7,406.2,404.75,405.35,67388
2026-04-17 10:25:00,405.35,405.55,404.6,404.85,47466
2026-04-17 10:35:00,404.85,404.95,404.35,404.35,21386
2026-04-17 10:45:00,404.35,405.35,404.35,405.35,21993
2026-04-17 10:55:00,405.3,406.0,404.5,404.8,30786
2026-04-17 11:05:00,404.8,406.2,404.55,405.55,20375
2026-04-17 11:15:00,405.75,406.65,404.75,406.65,57525
2026-04-17 11:25:00,406.45,407.85,406.0,406.85,100107
2026-04-17 11:35:00,406.8,407.1,406.65,406.9,11088
2026-04-17 11:45:00,406.9,407.0,405.6,406.7,41131
2026-04-17 11:55:00,406.7,406.7,405.45,405.9,17074
2026-04-17 12:05:00,405.9,406.05,405.3,405.3,32953
2026-04-17 12:15:00,405.3,406.2,405.3,406.2,15416
2026-04-17 12:25:00,406.2,406.65,405.85,406.15,15992
2026-04-17 12:35:00,406.15,406.55,405.45,406.05,38883
2026-04-17 12:45:00,406.05,407.0,405.8,406.35,39756
2026-04-17 12:55:00,406.35,407.7,406.25,407.65,33961
2026-04-17 13:05:00,407.65,408.6,407.4,407.5,64274
2026-04-17 13:15:00,407.5,408.1,407.5,407.65,29669
2026-04-17 13:25:00,407.65,409.5,407.4,408.8,35600
2026-04-17 13:35:00,408.8,409.5,408.0,408.55,51874
2026-04-17 13:45:00,408.55,412.6,408.5,412.0,172952
2026-04-17 13:55:00,412.0,414.75,411.95,414.3,159837
2026-04-17 14:05:00,414.3,415.0,412.4,413.9,151887
2026-04-17 14:15:00,413.4,417.4,413.35,417.2,151000
2026-04-17 14:25:00,416.8,417.05,415.05,415.9,58752
2026-04-17 14:35:00,415.9,417.0,414.0,414.8,108406
2026-04-17 14:45:00,414.8,415.05,413.55,414.35,79613
2026-04-17 14:55:00,414.3,415.0,414.1,414.8,62117
2026-04-17 15:05:00,414.85,415.0,413.2,413.9,99122
2026-04-17 15:15:00,413.9,413.9,412.2,413.0,100680
2026-04-17 15:25:00,413.15,413.75,412.0,412.9,50586
2026-04-20 09:15:00,414.0,414.0,404.9,408.1,215601
2026-04-20 09:25:00,408.1,409.75,406.1,407.35,93235
2026-04-20 09:35:00,407.45,407.8,406.0,406.45,65698
2026-04-20 09:45:00,406.6,409.1,406.0,409.1,121833
2026-04-20 09:55:00,408.8,409.0,407.8,408.7,21676
2026-04-20 10:05:00,408.7,410.15,408.25,409.0,105999
2026-04-20 10:15:00,409.0,409.85,408.3,409.7,30596
2026-04-20 10:25:00,409.65,411.75,408.8,411.5,175146
2026-04-20 10:35:00,411.6,415.2,411.35,414.75,183861
2026-04-20 10:45:00,414.75,415.85,413.55,415.6,101112
2026-04-20 10:55:00,415.75,415.75,415.0,415.55,94339
2026-04-20 11:05:00,415.5,415.65,413.0,413.85,101289
2026-04-20 11:15:00,413.85,416.4,413.85,415.9,59151
2026-04-20 11:25:00,416.0,417.35,415.6,416.0,111216
2026-04-20 11:35:00,415.7,418.95,415.7,418.0,160641
2026-04-20 11:45:00,417.65,418.0,416.8,417.1,29266
2026-04-20 11:55:00,417.45,420.45,417.0,419.75,140964
2026-04-20 12:05:00,419.75,420.9,418.0,419.55,149507
2026-04-20 12:15:00,419.55,421.8,419.4,421.0,106826
2026-04-20 12:25:00,421.0,421.3,420.1,420.6,71271
2026-04-20 12:35:00,420.6,420.7,420.0,420.5,24830
2026-04-20 12:45:00,420.3,420.9,420.05,420.1,27571
2026-04-20 12:55:00,420.4,420.7,419.85,420.1,61615
2026-04-20 13:05:00,420.3,420.6,419.65,420.0,40999
2026-04-20 13:15:00,420.0,420.25,419.75,420.0,42627
2026-04-20 13:25:00,420.05,420.05,419.0,419.4,104940
2026-04-20 13:35:00,419.75,419.9,419.0,419.05,79149
2026-04-20 13:45:00,419.35,419.6,418.25,418.85,26149
2026-04-20 13:55:00,418.85,418.85,418.0,418.7,20875
2026-04-20 14:05:00,418.7,418.7,418.0,418.5,14568
2026-04-20 14:15:00,418.5,420.0,418.2,419.85,37089
2026-04-20 14:25:00,419.85,419.95,419.6,419.85,11067
2026-04-20 14:35:00,419.65,419.95,419.05,419.4,12482
2026-04-20 14:45:00,419.4,419.4,418.55,418.55,60066
2026-04-20 14:55:00,418.75,420.55,418.55,419.5,48860
2026-04-20 15:05:00,419.5,419.5,418.55,418.65,28465
2026-04-20 15:15:00,418.85,419.0,417.1,417.2,75807
2026-04-20 15:25:00,417.25,417.9,416.2,417.75,65453
2026-04-21 09:15:00,420.85,420.85,418.1,418.7,110985
2026-04-21 09:25:00,419.05,424.1,418.95,422.95,140210
2026-04-21 09:35:00,422.95,423.05,421.75,421.9,85061
2026-04-21 09:45:00,422.0,426.4,421.9,423.0,280298
2026-04-21 09:55:00,423.25,425.0,422.8,424.6,282256
2026-04-21 10:05:00,424.5,425.35,424.5,424.8,28776
2026-04-21 10:15:00,424.85,425.5,424.05,424.55,63104
2026-04-21 10:25:00,424.55,424.65,421.1,421.1,280114
2026-04-21 10:35:00,421.15,421.75,417.7,420.45,268116
2026-04-21 10:45:00,420.45,420.45,419.15,419.5,14929
2026-04-21 10:55:00,419.35,421.4,418.85,419.75,122487
2026-04-21 11:05:00,419.75,420.0,419.5,419.8,15081
2026-04-21 11:15:00,419.85,419.85,418.25,418.35,28573
2026-04-21 11:25:00,418.65,418.9,417.6,417.6,231890
2026-04-21 11:35:00,417.95,419.95,417.25,419.4,125478
2026-04-21 11:45:00,419.35,419.5,418.5,418.7,33499
2026-04-21 11:55:00,418.55,420.0,418.55,419.75,71306
2026-04-21 12:05:00,419.75,423.55,419.6,422.7,98517
2026-04-21 12:15:00,422.75,426.25,422.0,423.15,355977
2026-04-21 12:25:00,423.4,424.3,423.15,423.5,33331
2026-04-21 12:35:00,423.5,424.5,422.8,422.8,94000
2026-04-21 12:45:00,422.8,423.0,422.3,422.6,48361
2026-04-21 12:55:00,422.55,423.1,422.0,422.5,80060
2026-04-21 13:05:00,422.5,423.2,422.1,422.7,38127
2026-04-21 13:15:00,422.7,423.95,422.55,423.05,125876
2026-04-21 13:25:00,423.05,425.1,422.8,423.6,74476
2026-04-21 13:35:00,423.65,423.9,422.05,422.3,61644
2026-04-21 13:45:00,422.35,422.8,422.0,422.0,27574
2026-04-21 13:55:00,422.1,422.6,422.0,422.1,23958
2026-04-21 14:05:00,422.15,422.45,422.0,422.05,22674
2026-04-21 14:15:00,422.2,422.45,422.0,422.0,33801
2026-04-21 14:25:00,422.1,422.85,422.0,422.15,159952
2026-04-21 14:35:00,422.45,422.9,422.0,422.5,35812
2026-04-21 14:45:00,422.4,423.8,422.25,422.5,223518
2026-04-21 14:55:00,422.9,424.55,422.6,423.25,211528
2026-04-21 15:05:00,423.1,423.1,422.3,422.5,139507
2026-04-21 15:15:00,422.5,423.3,422.0,422.5,452544
2026-04-21 15:25:00,422.5,424.0,422.0,423.3,47804
2026-04-22 09:15:00,420.0,425.4,419.7,423.8,168066
2026-04-22 09:25:00,423.8,433.4,423.1,432.0,298430
2026-04-22 09:35:00,432.0,432.65,430.1,431.5,170643
2026-04-22 09:45:00,431.55,432.5,430.2,431.7,94360
2026-04-22 09:55:00,431.5,433.0,428.5,429.25,198535
2026-04-22 10:05:00,429.5,429.5,425.1,425.25,85682
2026-04-22 10:15:00,425.25,425.65,424.45,424.75,55951
2026-04-22 10:25:00,424.4,426.45,423.4,424.6,68006
2026-04-22 10:35:00,424.4,424.95,422.65,423.9,55784
2026-04-22 10:45:00,423.9,425.0,423.4,423.75,43632
2026-04-22 10:55:00,423.8,424.8,423.5,424.45,35580
2026-04-22 11:05:00,424.35,424.65,422.8,423.0,34191
2026-04-22 11:15:00,422.95,423.9,422.75,423.9,45227
2026-04-22 11:25:00,423.9,424.4,423.6,424.4,20140
2026-04-22 11:35:00,424.3,424.75,423.65,424.2,16567
2026-04-22 11:45:00,424.2,424.65,422.05,422.95,56846
2026-04-22 11:55:00,423.1,423.25,421.5,421.9,48992
2026-04-22 12:05:00,421.9,423.0,421.6,421.8,57245
2026-04-22 12:15:00,421.75,422.75,421.05,421.4,56749
2026-04-22 12:25:00,421.35,421.6,420.7,421.45,21697
2026-04-22 12:35:00,421.45,422.15,421.15,421.7,27594
2026-04-22 12:45:00,421.7,422.35,420.55,422.3,30732
2026-04-22 12:55:00,422.0,424.6,422.0,424.1,106990
2026-04-22 13:05:00,424.05,425.0,423.3,424.25,72815
2026-04-22 13:15:00,424.25,424.6,422.4,422.9,30669
2026-04-22 13:25:00,422.9,424.5,422.6,423.25,73607
2026-04-22 13:35:00,423.3,423.8,423.0,423.65,30173
2026-04-22 13:45:00,423.6,425.6,423.5,424.2,119770
2026-04-22 13:55:00,424.15,426.0,423.8,424.0,104291
2026-04-22 14:05:00,424.15,424.45,424.0,424.1,22962
2026-04-22 14:15:00,424.05,424.7,423.75,424.05,39070
2026-04-22 14:25:00,424.05,424.45,424.0,424.0,15902
2026-04-22 14:35:00,424.05,424.35,423.75,424.35,17144
2026-04-22 14:45:00,424.15,425.0,424.15,424.6,28642
2026-04-22 14:55:00,424.5,425.85,423.85,424.85,72990
2026-04-22 15:05:00,424.75,424.9,423.4,424.45,101001
2026-04-22 15:15:00,424.2,424.45,422.55,422.55,107256
2026-04-22 15:25:00,422.7,425.1,422.15,423.95,82291
2026-04-23 09:15:00,420.0,426.5,419.1,426.5,111737
2026-04-23 09:25:00,426.35,426.85,423.55,425.6,80299
2026-04-23 09:35:00,425.6,425.9,424.5,424.65,27742
2026-04-23 09:45:00,424.5,426.5,424.2,426.4,20663
2026-04-23 09:55:00,426.4,428.0,425.55,427.25,36786
2026-04-23 10:05:00,427.3,428.4,424.15,424.55,51638
2026-04-23 10:15:00,424.6,425.15,424.5,424.8,12007
2026-04-23 10:25:00,424.8,425.0,423.2,423.75,97075
2026-04-23 10:35:00,423.75,423.75,421.9,422.25,23586
2026-04-23 10:45:00,422.25,422.5,421.05,421.2,19327
2026-04-23 10:55:00,421.2,422.45,420.6,422.45,14154
2026-04-23 11:05:00,422.45,422.45,421.2,421.6,9770
2026-04-23 11:15:00,421.3,422.3,421.0,421.5,18056
2026-04-23 11:25:00,421.5,422.4,421.1,422.2,9193
2026-04-23 11:35:00,422.2,422.2,421.35,421.4,3245
2026-04-23 11:45:00,421.5,421.55,420.75,421.0,10470
2026-04-23 11:55:00,421.0,423.65,421.0,423.05,25601
2026-04-23 12:05:00,423.05,423.35,422.1,422.6,11476
2026-04-23 12:15:00,422.85,423.35,421.25,423.35,10238
2026-04-23 12:25:00,422.9,423.15,421.5,421.65,3585
2026-04-23 12:35:00,421.65,421.65,420.75,421.55,29278
2026-04-23 12:45:00,421.55,423.4,421.1,423.4,13738
2026-04-23 12:55:00,422.9,423.65,422.4,422.7,29192
2026-04-23 13:05:00,422.7,423.1,422.3,422.85,7182
2026-04-23 13:15:00,422.85,422.85,420.9,422.5,68119
2026-04-23 13:25:00,422.45,422.8,422.05,422.45,3916
2026-04-23 13:35:00,422.1,422.35,421.0,421.35,7131
2026-04-23 13:45:00,421.35,421.85,421.1,421.85,11766
2026-04-23 13:55:00,421.85,422.25,421.15,421.5,11729
2026-04-23 14:05:00,421.2,421.5,420.1,420.2,11790
2026-04-23 14:15:00,420.45,420.7,419.4,420.0,27029
2026-04-23 14:25:00,419.75,420.4,418.6,419.05,29033
2026-04-23 14:35:00,419.15,419.4,418.3,418.6,9051
2026-04-23 14:45:00,418.65,418.95,417.4,418.3,34572
2026-04-23 14:55:00,418.3,420.55,418.0,420.0,40991
2026-04-23 15:05:00,420.0,420.6,419.35,420.0,101628
2026-04-23 15:15:00,420.0,420.4,418.7,420.0,167177
2026-04-23 15:25:00,420.0,422.25,420.0,422.1,108428
2026-04-24 09:15:00,422.2,423.85,417.2,422.1,148141
2026-04-24 09:25:00,421.7,421.9,418.15,418.45,71031
2026-04-24 09:35:00,418.45,418.5,416.05,417.75,52865
2026-04-24 09:45:00,417.75,418.05,416.5,417.1,32826
2026-04-24 09:55:00,417.15,420.45,417.0,420.4,52449
2026-04-24 10:05:00,420.2,421.7,420.15,420.4,28428
2026-04-24 10:15:00,420.25,420.25,418.3,418.3,12351
2026-04-24 10:25:00,418.45,419.5,417.75,418.2,20430
2026-04-24 10:35:00,418.0,418.2,417.05,417.25,11245
2026-04-24 10:45:00,417.0,417.45,416.55,416.55,13897
2026-04-24 10:55:00,416.75,416.9,415.15,415.95,27640
2026-04-24 11:05:00,415.95,416.85,415.05,416.0,45832
2026-04-24 11:15:00,416.35,416.35,415.45,415.6,8207
2026-04-24 11:25:00,415.6,416.8,415.4,416.5,14933
2026-04-24 11:35:00,416.5,418.0,415.75,417.3,51583
2026-04-24 11:45:00,417.3,417.3,415.25,415.25,14445
2026-04-24 11:55:00,415.25,415.7,415.05,415.7,8113
2026-04-24 12:05:00,415.7,417.5,415.35,417.5,14984
2026-04-24 12:15:00,417.6,419.1,416.8,416.8,44102
2026-04-24 12:25:00,417.1,417.2,416.4,416.8,2871
2026-04-24 12:35:00,416.8,417.4,413.95,415.0,93983
2026-04-24 12:45:00,415.0,415.25,413.1,414.0,62178
2026-04-24 12:55:00,414.0,415.9,414.0,414.35,35916
2026-04-24 13:05:00,414.75,414.9,413.25,413.45,5718
2026-04-24 13:15:00,413.45,414.4,413.45,414.25,20450
2026-04-24 13:25:00,413.9,414.25,412.5,413.25,22013
2026-04-24 13:35:00,413.25,413.65,412.05,412.1,18301
2026-04-24 13:45:00,412.1,413.75,412.0,413.15,10734
2026-04-24 13:55:00,413.35,413.8,412.8,413.3,8117
2026-04-24 14:05:00,413.3,413.95,412.3,413.55,6768
2026-04-24 14:15:00,413.6,414.7,413.4,414.25,11226
2026-04-24 14:25:00,413.95,415.45,413.55,414.7,25020
2026-04-24 14:35:00,414.95,416.1,414.65,416.1,27525
2026-04-24 14:45:00,416.15,416.2,414.4,415.65,41017
2026-04-24 14:55:00,415.95,416.1,414.65,414.65,14578
2026-04-24 15:05:00,414.85,417.8,414.2,417.3,79419
2026-04-24 15:15:00,417.25,417.55,417.0,417.15,40726
2026-04-24 15:25:00,417.2,418.2,417.0,418.0,59758
2026-04-27 09:15:00,419.3,421.8,416.8,420.0,65179
2026-04-27 09:25:00,420.0,422.45,418.85,420.1,50756
2026-04-27 09:35:00,420.0,420.5,418.15,419.55,25159
2026-04-27 09:45:00,419.2,421.9,419.05,421.0,13564
2026-04-27 09:55:00,421.0,421.3,418.2,418.45,12677
2026-04-27 10:05:00,418.3,421.15,418.0,420.0,42677
2026-04-27 10:15:00,420.0,420.9,418.15,419.05,32596
2026-04-27 10:25:00,419.1,419.2,417.4,417.4,20541
2026-04-27 10:35:00,417.2,417.9,417.2,417.65,10015
2026-04-27 10:45:00,417.9,419.1,417.7,418.8,8235
2026-04-27 10:55:00,418.8,418.95,417.65,417.7,5625
2026-04-27 11:05:00,417.7,420.45,417.3,420.2,80130
2026-04-27 11:15:00,420.2,420.75,419.3,420.0,28947
2026-04-27 11:25:00,420.0,420.2,418.1,418.5,25573
2026-04-27 11:35:00,418.5,423.0,418.3,422.25,76019
2026-04-27 11:45:00,422.25,423.75,420.25,420.5,58661
2026-04-27 11:55:00,420.5,421.05,420.1,420.8,17403
2026-04-27 12:05:00,420.8,420.95,420.5,420.5,5848
2026-04-27 12:15:00,420.5,421.45,420.1,420.55,14214
2026-04-27 12:25:00,420.4,420.85,419.75,420.4,31077
2026-04-27 12:35:00,420.15,420.5,419.65,419.65,7456
2026-04-27 12:45:00,419.65,420.2,419.4,420.0,3427
2026-04-27 12:55:00,420.0,420.0,419.35,419.8,4644
2026-04-27 13:05:00,419.85,420.45,419.4,419.8,9201
2026-04-27 13:15:00,420.05,420.7,419.6,420.3,14838
2026-04-27 13:25:00,420.55,420.7,420.05,420.4,4589
2026-04-27 13:35:00,420.4,421.0,419.45,419.55,84208
2026-04-27 13:45:00,419.8,420.5,419.8,420.25,2692
2026-04-27 13:55:00,420.0,420.4,419.75,419.8,7574
2026-04-27 14:05:00,420.05,420.5,419.6,420.35,9535
2026-04-27 14:15:00,420.4,420.5,419.65,419.9,8496
2026-04-27 14:25:00,419.9,420.0,419.5,419.85,12460
2026-04-27 14:35:00,419.85,420.8,419.5,419.7,45740
2026-04-27 14:45:00,419.7,420.6,419.3,419.5,85478
2026-04-27 14:55:00,419.6,420.65,419.4,420.0,90226
2026-04-27 15:05:00,420.15,420.3,419.85,420.0,99976
2026-04-27 15:15:00,420.05,420.25,419.15,420.0,183133
2026-04-27 15:25:00,420.05,420.8,419.6,420.0,117560
2026-04-28 09:15:00,420.0,421.9,419.15,419.5,56807
2026-04-28 09:25:00,419.5,424.5,419.5,422.45,50367
2026-04-28 09:35:00,422.4,423.45,421.7,422.5,28807
2026-04-28 09:45:00,422.75,423.75,421.4,421.8,39455
2026-04-28 09:55:00,422.0,424.0,421.7,423.35,82092
2026-04-28 10:05:00,423.35,423.8,421.65,421.7,65762
2026-04-28 10:15:00,421.7,422.1,420.7,421.8,34400
2026-04-28 10:25:00,421.8,422.1,420.25,420.75,17395
2026-04-28 10:35:00,421.0,421.0,419.0,420.0,49449
2026-04-28 10:45:00,420.0,420.45,419.75,420.0,11097
2026-04-28 10:55:00,420.0,420.3,419.0,419.0,15518
2026-04-28 11:05:00,419.0,419.25,417.55,418.0,33441
2026-04-28 11:15:00,418.0,418.2,417.2,417.25,21146
2026-04-28 11:25:00,417.25,417.45,416.1,416.5,30603
2026-04-28 11:35:00,416.5,417.6,416.05,416.3,74568
2026-04-28 11:45:00,416.55,416.75,415.75,415.75,57242
2026-04-28 11:55:00,416.0,416.05,415.05,415.35,29105
2026-04-28 12:05:00,415.35,415.35,414.05,414.65,37735
2026-04-28 12:15:00,414.65,415.0,414.05,414.15,18228
2026-04-28 12:25:00,414.15,414.6,413.45,414.45,25606
2026-04-28 12:35:00,414.25,415.0,413.9,414.5,24804
2026-04-28 12:45:00,414.6,414.8,413.8,413.85,22140
2026-04-28 12:55:00,413.85,414.5,413.6,413.85,18820
2026-04-28 13:05:00,414.2,414.4,413.7,414.0,23721
2026-04-28 13:15:00,414.05,415.0,413.85,414.35,21260
2026-04-28 13:25:00,414.35,414.75,413.5,413.6,20107
2026-04-28 13:35:00,413.75,414.4,413.5,414.0,18600
2026-04-28 13:45:00,414.0,414.4,413.5,413.7,18214
2026-04-28 13:55:00,413.9,414.75,413.55,414.3,22944
2026-04-28 14:05:00,414.3,415.2,414.0,414.0,14643
2026-04-28 14:15:00,414.0,414.55,413.35,414.05,32379
2026-04-28 14:25:00,414.3,415.9,414.05,415.8,40542
2026-04-28 14:35:00,415.8,416.0,414.55,415.05,58803
2026-04-28 14:45:00,415.05,415.8,414.55,415.45,69148
2026-04-28 14:55:00,415.2,416.6,414.65,416.0,135934
2026-04-28 15:05:00,416.35,416.7,415.9,416.0,153864
2026-04-28 15:15:00,416.05,416.25,414.7,415.5,217784
2026-04-28 15:25:00,415.5,416.0,415.05,415.95,17651
2026-04-29 09:15:00,417.15,421.2,416.45,417.0,36214
2026-04-29 09:25:00,417.0,419.25,413.5,413.75,62576
2026-04-29 09:35:00,413.6,414.25,412.25,412.45,52799
2026-04-29 09:45:00,412.4,414.2,411.5,412.8,63181
2026-04-29 09:55:00,412.8,414.15,412.05,414.0,41098
2026-04-29 10:05:00,414.0,414.95,413.25,414.1,68381
2026-04-29 10:15:00,414.4,414.95,413.5,413.5,35358
2026-04-29 10:25:00,413.4,413.7,413.0,413.05,35091
2026-04-29 10:35:00,413.05,413.05,412.0,412.25,43600
2026-04-29 10:45:00,412.25,413.05,412.0,412.3,55791
2026-04-29 10:55:00,412.3,412.95,411.55,411.8,30291
2026-04-29 11:05:00,411.55,412.25,411.0,411.1,59310
2026-04-29 11:15:00,411.15,412.0,411.0,411.25,30483
2026-04-29 11:25:00,411.3,412.25,410.5,410.55,38950
2026-04-29 11:35:00,410.5,410.75,409.4,409.55,66258
2026-04-29 11:45:00,409.45,409.65,408.7,409.65,47713
2026-04-29 11:55:00,409.65,410.5,409.4,409.5,39974
2026-04-29 12:05:00,409.5,410.35,409.15,410.0,28446
2026-04-29 12:15:00,410.0,410.9,409.55,409.95,41682
2026-04-29 12:25:00,409.95,410.7,409.5,409.9,35813
2026-04-29 12:35:00,410.05,410.75,409.75,410.05,27742
2026-04-29 12:45:00,409.9,410.3,409.25,410.0,36575
2026-04-29 12:55:00,410.0,412.85,409.25,412.05,64490
2026-04-29 13:05:00,412.05,414.65,411.55,414.65,105657
2026-04-29 13:15:00,414.45,420.2,414.0,415.25,434518
2026-04-29 13:25:00,415.2,416.0,414.75,415.0,35494
2026-04-29 13:35:00,415.0,415.3,414.05,414.05,52383
2026-04-29 13:45:00,414.15,414.55,414.0,414.15,30968
2026-04-29 13:55:00,414.5,416.5,414.15,415.15,45226
2026-04-29 14:05:00,415.15,417.5,415.15,416.55,44538
2026-04-29 14:15:00,416.55,417.3,415.7,417.15,17430
2026-04-29 14:25:00,417.15,417.4,416.4,416.7,10910
2026-04-29 14:35:00,416.7,418.05,415.3,416.35,76771
2026-04-29 14:45:00,416.35,416.4,414.5,414.65,69239
2026-04-29 14:55:00,414.6,423.9,414.35,421.5,309889
2026-04-29 15:05:00,422.0,423.8,418.1,423.8,253944
2026-04-29 15:15:00,423.45,424.0,419.35,423.85,295137
2026-04-29 15:25:00,423.9,423.9,421.1,421.8,109701
2026-04-30 09:15:00,420.0,421.35,411.2,417.4,88101
2026-04-30 09:25:00,417.05,418.25,415.2,417.1,56806
2026-04-30 09:35:00,417.4,418.9,415.6,418.9,47818
2026-04-30 09:45:00,418.9,419.1,415.15,415.2,23865
2026-04-30 09:55:00,415.2,417.2,414.05,414.6,28541
2026-04-30 10:05:00,414.4,415.05,413.4,413.7,27513
2026-04-30 10:15:00,413.7,413.7,412.85,413.0,30037
2026-04-30 10:25:00,413.0,413.25,412.5,412.5,16483
2026-04-30 10:35:00,412.6,415.4,412.5,414.75,18156
2026-04-30 10:45:00,414.75,415.0,414.0,414.3,6232
2026-04-30 10:55:00,414.3,414.9,413.8,414.75,14210
2026-04-30 11:05:00,414.75,415.0,414.65,415.0,12230
2026-04-30 11:15:00,415.0,416.0,415.0,416.0,6972
2026-04-30 11:25:00,416.0,416.75,415.55,415.7,3636
2026-04-30 11:35:00,415.7,416.55,415.55,415.65,30068
2026-04-30 11:45:00,415.65,416.15,415.65,415.8,1950
2026-04-30 11:55:00,415.8,416.15,415.3,415.5,5299
2026-04-30 12:05:00,415.5,416.75,415.5,416.45,16080
2026-04-30 12:15:00,416.8,419.05,416.25,418.65,50653
2026-04-30 12:25:00,418.65,419.05,417.6,417.6,9592
2026-04-30 12:35:00,417.6,417.6,417.0,417.3,6283
2026-04-30 12:45:00,417.4,417.9,417.35,417.55,3155
2026-04-30 12:55:00,417.55,417.95,416.65,416.65,15551
2026-04-30 13:05:00,416.5,418.05,416.5,417.0,33117
2026-04-30 13:15:00,417.1,417.45,416.75,417.0,5034
2026-04-30 13:25:00,417.0,417.6,417.0,417.05,5666
2026-04-30 13:35:00,417.05,418.5,417.05,418.3,17322
2026-04-30 13:45:00,418.45,418.85,417.6,418.55,25602
2026-04-30 13:55:00,418.55,419.15,417.6,417.85,36110
2026-04-30 14:05:00,417.6,418.45,417.1,417.9,14016
2026-04-30 14:15:00,417.9,418.15,417.05,417.7,9645
2026-04-30 14:25:00,417.7,417.9,417.05,417.8,6093
2026-04-30 14:35:00,417.8,419.2,417.45,418.55,24342
2026-04-30 14:45:00,418.55,419.0,418.1,418.55,9817
2026-04-30 14:55:00,418.3,418.9,417.1,417.2,82424
2026-04-30 15:05:00,417.4,417.45,416.35,416.9,72589
2026-04-30 15:15:00,416.9,417.85,416.0,417.5,59677
2026-04-30 15:25:00,417.5,418.9,417.05,418.9,27144
2026-05-04 09:15:00,423.05,435.0,420.55,430.4,369148
2026-05-04 09:25:00,430.4,431.9,428.5,430.75,123842
2026-05-04 09:35:00,430.6,431.6,429.0,429.05,52700
2026-05-04 09:45:00,429.05,430.5,429.0,429.15,26025
2026-05-04 09:55:00,429.15,430.7,428.8,429.0,127205
2026-05-04 10:05:00,429.0,432.2,429.0,429.0,83921
2026-05-04 10:15:00,429.0,429.5,428.5,429.0,16736
2026-05-04 10:25:00,429.0,431.35,428.95,430.85,27668
2026-05-04 10:35:00,430.85,433.95,430.4,433.25,86782
2026-05-04 10:45:00,433.25,439.9,432.6,439.05,294575
2026-05-04 10:55:00,438.95,439.6,436.9,438.4,130325
2026-05-04 11:05:00,438.45,438.5,434.35,435.45,87195
2026-05-04 11:15:00,435.2,436.15,434.5,434.6,48669
2026-05-04 11:25:00,434.95,441.45,434.25,441.15,152105
2026-05-04 11:35:00,441.15,443.2,440.0,442.25,141060
2026-05-04 11:45:00,442.25,444.3,440.55,441.05,164733
2026-05-04 11:55:00,440.8,441.65,440.0,441.15,59859
2026-05-04 12:05:00,441.25,441.8,439.55,440.0,66197
2026-05-04 12:15:00,440.0,440.35,437.55,438.75,77477
2026-05-04 12:25:00,438.45,439.75,438.2,438.2,57135
2026-05-04 12:35:00,438.2,439.5,437.8,437.8,27750
2026-05-04 12:45:00,437.8,439.4,437.8,438.75,64151
2026-05-04 12:55:00,438.7,439.4,438.0,438.35,43741
2026-05-04 13:05:00,438.4,438.7,435.1,435.4,64360
2026-05-04 13:15:00,435.4,435.9,434.1,434.6,126889
2026-05-04 13:25:00,434.6,434.9,432.95,433.4,57936
2026-05-04 13:35:00,433.4,434.6,432.65,434.15,69317
2026-05-04 13:45:00,433.85,434.25,431.25,432.45,92928
2026-05-04 13:55:00,432.45,432.85,431.25,432.4,27622
2026-05-04 14:05:00,432.2,434.55,432.15,433.35,41791
2026-05-04 14:15:00,433.35,434.3,433.0,433.05,24539
2026-05-04 14:25:00,433.45,433.55,432.1,432.6,33951
2026-05-04 14:35:00,432.6,432.8,430.9,432.45,48248
2026-05-04 14:45:00,432.45,432.6,431.8,432.1,32066
2026-05-04 14:55:00,432.1,434.85,432.0,434.15,130236
2026-05-04 15:05:00,434.4,438.2,434.15,436.6,102734
2026-05-04 15:15:00,436.5,438.5,436.0,438.35,88621
2026-05-04 15:25:00,438.5,440.95,438.5,440.45,129887
2026-05-05 09:15:00,440.35,442.55,435.15,436.95,244319
2026-05-05 09:25:00,436.95,437.95,434.0,437.3,53022
2026-05-05 09:35:00,437.3,438.7,435.6,438.05,45952
2026-05-05 09:45:00,437.75,442.1,437.75,439.5,159552
2026-05-05 09:55:00,439.5,439.8,438.2,439.15,29292
2026-05-05 10:05:00,439.15,439.15,435.35,435.55,88563
2026-05-05 10:15:00,435.55,437.4,435.1,436.45,24529
2026-05-05 10:25:00,436.2,438.9,436.2,437.35,30717
2026-05-05 10:35:00,437.35,438.35,436.5,437.05,29005
2026-05-05 10:45:00,437.25,439.05,436.7,438.25,59681
2026-05-05 10:55:00,438.25,440.55,437.5,440.35,34488
2026-05-05 11:05:00,440.35,440.65,439.3,440.5,38300
2026-05-05 11:15:00,440.15,440.7,437.5,438.5,48438
2026-05-05 11:25:00,438.5,438.5,436.95,437.6,40027
2026-05-05 11:35:00,437.6,439.2,437.55,437.9,39961
2026-05-05 11:45:00,437.9,438.5,435.5,435.6,25228
2026-05-05 11:55:00,435.65,436.05,433.8,434.9,41432
2026-05-05 12:05:00,435.0,435.95,434.75,435.75,15997
2026-05-05 12:15:00,435.95,437.5,435.9,437.0,23661
2026-05-05 12:25:00,437.0,437.05,435.15,435.65,25483
2026-05-05 12:35:00,435.65,438.0,435.3,435.4,43847
2026-05-05 12:45:00,435.35,436.85,435.2,435.55,11823
2026-05-05 12:55:00,435.6,436.75,435.5,436.45,15668
2026-05-05 13:05:00,436.45,437.9,435.35,437.9,35759
2026-05-05 13:15:00,437.2,438.0,436.3,437.4,38254
2026-05-05 13:25:00,437.4,439.45,437.2,437.5,74568
2026-05-05 13:35:00,437.5,438.55,437.5,438.2,31179
2026-05-05 13:45:00,438.2,438.85,437.05,437.1,18004
2026-05-05 13:55:00,437.1,438.45,437.1,438.0,19283
2026-05-05 14:05:00,438.0,439.6,437.15,439.55,34864
2026-05-05 14:15:00,439.15,439.45,438.1,439.1,16484
2026-05-05 14:25:00,439.0,439.5,438.4,438.9,23404
2026-05-05 14:35:00,438.9,440.0,438.55,439.2,39775
2026-05-05 14:45:00,439.3,439.9,437.7,437.9,38264
2026-05-05 14:55:00,437.9,441.7,437.8,439.4,153532
2026-05-05 15:05:00,439.35,440.75,438.55,439.55,91219
2026-05-05 15:15:00,439.2,439.45,437.05,438.3,165181
2026-05-05 15:25:00,438.3,439.0,437.2,438.0,108061
2026-05-06 09:15:00,459.0,465.0,448.0,450.85,3893204
2026-05-06 09:25:00,450.8,459.55,449.1,459.0,1273408
2026-05-06 09:35:00,459.0,463.05,451.4,452.7,1480707
2026-05-06 09:45:00,452.7,454.0,450.0,452.05,563926
2026-05-06 09:55:00,452.05,452.5,449.5,450.4,358255
2026-05-06 10:05:00,450.1,451.85,448.6,451.3,245794
2026-05-06 10:15:00,451.3,451.65,448.65,448.95,149647
2026-05-06 10:25:00,448.95,453.85,447.45,453.3,411649
2026-05-06 10:35:00,453.55,454.45,450.7,450.75,331786
2026-05-06 10:45:00,450.7,451.45,448.8,449.8,151312
2026-05-06 10:55:00,449.75,450.1,446.5,446.7,224430
2026-05-06 11:05:00,446.65,449.4,446.15,448.85,194718
2026-05-06 11:15:00,448.8,448.85,447.05,447.5,105850
2026-05-06 11:25:00,447.5,448.4,447.15,447.7,55339
2026-05-06 11:35:00,447.85,448.0,444.65,446.1,229936
2026-05-06 11:45:00,445.85,447.0,445.5,446.4,82886
2026-05-06 11:55:00,446.35,446.65,445.3,445.6,59490
2026-05-06 12:05:00,445.8,445.85,444.65,445.55,113929
2026-05-06 12:15:00,445.55,445.55,442.0,444.6,270222
2026-05-06 12:25:00,444.55,446.35,442.55,446.0,204028
2026-05-06 12:35:00,445.9,446.35,441.9,442.55,120101
2026-05-06 12:45:00,442.45,443.2,441.9,442.0,90442
2026-05-06 12:55:00,442.05,442.4,441.0,441.25,100834
2026-05-06 13:05:00,441.3,443.6,441.05,443.25,63387
2026-05-06 13:15:00,443.25,443.55,442.15,443.4,73878
2026-05-06 13:25:00,443.6,443.65,442.25,442.25,42341
2026-05-06 13:35:00,442.45,442.5,441.6,442.35,44063
2026-05-06 13:45:00,442.35,449.5,441.5,448.75,401427
2026-05-06 13:55:00,448.75,449.9,447.6,447.9,269377
2026-05-06 14:05:00,447.75,449.1,447.65,448.95,177117
2026-05-06 14:15:00,448.95,450.0,448.5,449.65,171504
2026-05-06 14:25:00,449.7,450.0,448.7,448.95,210902
2026-05-06 14:35:00,448.8,450.0,448.35,449.95,194725
2026-05-06 14:45:00,449.95,451.7,449.95,450.1,279229
2026-05-06 14:55:00,450.0,450.35,449.7,450.25,187735
2026-05-06 15:05:00,450.25,453.05,450.0,452.5,484765
2026-05-06 15:15:00,452.5,452.7,450.2,451.9,402238
2026-05-06 15:25:00,451.9,453.45,451.7,452.15,220478
2026-05-07 09:15:00,455.9,461.5,453.95,459.55,361087
2026-05-07 09:25:00,459.1,459.6,456.55,456.65,107716
2026-05-07 09:35:00,456.85,457.15,455.0,455.7,90775
2026-05-07 09:45:00,455.45,455.9,451.7,452.2,90789
2026-05-07 09:55:00,452.2,453.35,450.35,452.65,109100
2026-05-07 10:05:00,452.4,453.0,449.35,450.45,61741
2026-05-07 10:15:00,450.45,451.8,450.15,450.95,28150
2026-05-07 10:25:00,450.4,452.25,450.25,451.85,34249
2026-05-07 10:35:00,451.85,452.4,451.55,452.05,21773
2026-05-07 10:45:00,451.6,453.4,449.05,453.4,78341
2026-05-07 10:55:00,453.4,453.75,451.8,452.8,58952
2026-05-07 11:05:00,452.8,454.4,452.65,454.35,44566
2026-05-07 11:15:00,454.35,454.35,452.5,453.2,60898
2026-05-07 11:25:00,453.2,454.65,452.9,454.65,63774
2026-05-07 11:35:00,454.65,454.7,452.5,452.5,41060
2026-05-07 11:45:00,452.5,453.8,451.9,453.25,32431
2026-05-07 11:55:00,453.25,454.15,452.15,452.75,36924
2026-05-07 12:05:00,452.75,454.9,452.45,454.85,61333
2026-05-07 12:15:00,454.85,455.45,454.55,455.15,33905
2026-05-07 12:25:00,455.15,457.9,455.0,457.5,84202
2026-05-07 12:35:00,457.5,457.9,456.55,457.65,63029
2026-05-07 12:45:00,457.65,457.7,456.05,456.6,27316
2026-05-07 12:55:00,456.6,456.85,455.8,456.3,29496
2026-05-07 13:05:00,456.3,456.5,455.65,456.0,17587
2026-05-07 13:15:00,456.0,456.4,453.95,454.4,81117
2026-05-07 13:25:00,454.4,454.9,453.9,454.35,7055
2026-05-07 13:35:00,454.0,454.7,453.9,454.7,10639
2026-05-07 13:45:00,454.7,455.2,454.35,455.1,21178
2026-05-07 13:55:00,455.1,455.35,454.5,454.95,9817
2026-05-07 14:05:00,454.95,454.95,454.05,454.45,11166
2026-05-07 14:15:00,454.45,454.9,454.05,454.8,10771
2026-05-07 14:25:00,454.8,454.9,453.9,454.25,11396
2026-05-07 14:35:00,454.25,454.3,452.35,452.45,28507
2026-05-07 14:45:00,452.4,452.65,451.85,452.0,19536
2026-05-07 14:55:00,452.0,455.8,451.25,454.3,96887
2026-05-07 15:05:00,454.1,456.25,454.1,455.7,87225
2026-05-07 15:15:00,455.55,458.2,453.45,457.9,172313
2026-05-07 15:25:00,458.0,458.8,453.15,453.15,103027
2026-05-08 09:15:00,457.75,457.75,451.8,457.5,127787
2026-05-08 09:25:00,457.5,462.3,457.15,457.95,239732
2026-05-08 09:35:00,457.45,458.15,455.6,455.6,52209
2026-05-08 09:45:00,455.75,462.0,455.4,459.8,157869
2026-05-08 09:55:00,460.35,460.35,458.1,458.65,29858
2026-05-08 10:05:00,458.65,459.3,458.0,459.3,26055
2026-05-08 10:15:00,459.45,459.65,458.55,459.3,11158
2026-05-08 10:25:00,459.3,459.65,458.85,459.25,14212
2026-05-08 10:35:00,459.45,464.7,458.6,463.3,197653
2026-05-08 10:45:00,463.3,463.6,461.05,461.65,54620
2026-05-08 10:55:00,461.5,464.55,461.5,464.2,118303
2026-05-08 11:05:00,463.95,468.3,463.3,464.0,276493
2026-05-08 11:15:00,463.7,464.9,462.3,463.9,56293
2026-05-08 11:25:00,464.2,464.75,461.5,463.85,272809
2026-05-08 11:35:00,463.8,465.9,463.25,465.55,62184
2026-05-08 11:45:00,465.45,466.75,464.9,466.25,48003
2026-05-08 11:55:00,466.25,466.65,463.55,464.05,59866
2026-05-08 12:05:00,464.0,464.5,463.5,464.05,33141
2026-05-08 12:15:00,464.05,465.35,463.9,464.55,48055
2026-05-08 12:25:00,464.5,464.7,463.75,464.1,34310
2026-05-08 12:35:00,464.2,464.6,463.5,463.5,38292
2026-05-08 12:45:00,463.6,463.6,461.6,463.5,56095
2026-05-08 12:55:00,463.2,463.55,462.7,463.45,42424
2026-05-08 13:05:00,463.2,463.5,462.6,462.7,42134
2026-05-08 13:15:00,462.8,463.15,462.0,462.25,43073
2026-05-08 13:25:00,462.25,462.85,462.0,462.25,42524
2026-05-08 13:35:00,462.2,462.7,461.45,462.25,50126
2026-05-08 13:45:00,462.25,462.5,461.5,462.2,50373
2026-05-08 13:55:00,462.15,462.6,461.5,462.4,43808
2026-05-08 14:05:00,462.4,463.3,462.15,462.15,43034
2026-05-08 14:15:00,462.15,462.8,461.55,462.1,38339
2026-05-08 14:25:00,462.05,463.4,461.5,461.55,59251
2026-05-08 14:35:00,461.5,462.05,461.5,461.55,27441
2026-05-08 14:45:00,461.55,462.2,461.5,461.7,48873
2026-05-08 14:55:00,461.7,464.4,461.2,462.8,166279
2026-05-08 15:05:00,462.55,463.0,461.8,462.8,131423
2026-05-08 15:15:00,462.0,462.15,461.5,461.6,131352
2026-05-08 15:25:00,461.65,462.05,461.5,461.5,68494
2026-05-11 09:15:00,459.5,459.5,454.45,458.2,124006
2026-05-11 09:25:00,458.2,461.45,457.25,459.15,77490
2026-05-11 09:35:00,458.55,458.7,453.35,453.35,95243
2026-05-11 09:45:00,453.2,453.45,451.6,453.0,97706
2026-05-11 09:55:00,453.0,454.5,452.4,453.85,31734
2026-05-11 10:05:00,453.85,454.6,453.4,453.95,12231
2026-05-11 10:15:00,453.95,453.95,452.55,453.35,16897
2026-05-11 10:25:00,453.35,453.35,452.6,453.35,11473
2026-05-11 10:35:00,453.35,453.8,451.55,452.6,26414
2026-05-11 10:45:00,452.6,453.2,451.2,452.1,35064
2026-05-11 10:55:00,452.1,452.25,451.55,451.6,7325
2026-05-11 11:05:00,451.6,452.0,451.4,451.7,6626
2026-05-11 11:15:00,451.7,451.75,451.0,451.45,8605
2026-05-11 11:25:00,451.5,451.5,449.3,449.75,23536
2026-05-11 11:35:00,449.75,451.6,449.5,450.8,8581
2026-05-11 11:45:00,450.8,450.8,448.7,449.9,19181
2026-05-11 11:55:00,449.9,450.0,448.75,449.5,14930
2026-05-11 12:05:00,449.5,450.05,449.0,449.9,5668
2026-05-11 12:15:00,449.9,449.9,449.1,449.6,1661
2026-05-11 12:25:00,449.35,449.95,448.8,448.85,11869
2026-05-11 12:35:00,448.85,449.25,448.25,448.85,29453
2026-05-11 12:45:00,448.85,449.25,448.6,449.0,3418
2026-05-11 12:55:00,449.0,451.75,449.0,451.0,29466
2026-05-11 13:05:00,451.0,452.0,450.3,451.7,20166
2026-05-11 13:15:00,451.7,452.0,449.75,450.6,49352
2026-05-11 13:25:00,450.6,451.85,450.3,451.4,11742
2026-05-11 13:35:00,451.4,452.3,450.25,450.65,27473
2026-05-11 13:45:00,450.5,450.8,450.0,450.0,5731
2026-05-11 13:55:00,450.0,450.95,448.1,449.8,201228
2026-05-11 14:05:00,449.8,449.85,448.9,448.9,16269
2026-05-11 14:15:00,448.9,449.5,446.7,447.3,76649
2026-05-11 14:25:00,447.3,447.55,446.55,447.0,10073
2026-05-11 14:35:00,447.0,447.0,443.35,443.8,48317
2026-05-11 14:45:00,443.8,444.7,443.5,444.0,17592
2026-05-11 14:55:00,444.0,444.85,441.8,443.05,61838
2026-05-11 15:05:00,443.3,443.75,439.7,441.75,228217
2026-05-11 15:15:00,441.75,443.45,441.65,443.1,91303
2026-05-11 15:25:00,443.05,444.9,442.35,442.6,43018
2026-05-12 09:15:00,443.0,444.0,438.05,438.55,82937
2026-05-12 09:25:00,438.55,438.55,434.05,434.2,65317
2026-05-12 09:35:00,434.55,437.85,434.5,437.35,60044
2026-05-12 09:45:00,437.4,438.3,436.65,437.2,34063
2026-05-12 09:55:00,437.2,437.6,435.6,436.15,18342
2026-05-12 10:05:00,436.05,436.5,434.2,436.45,23098
2026-05-12 10:15:00,436.25,437.55,435.7,435.9,15618
2026-05-12 10:25:00,435.9,436.1,434.5,435.35,26148
2026-05-12 10:35:00,435.35,436.2,434.9,435.0,14441
2026-05-12 10:45:00,435.0,435.0,433.1,433.55,24092
2026-05-12 10:55:00,433.55,434.5,433.5,433.75,2852
2026-05-12 11:05:00,433.85,433.85,432.75,433.0,20357
2026-05-12 11:15:00,432.95,433.9,432.35,433.4,18695
2026-05-12 11:25:00,433.4,433.5,430.95,431.75,36918
2026-05-12 11:35:00,431.75,433.0,431.25,432.7,11513
2026-05-12 11:45:00,432.7,432.7,431.1,431.6,5820
2026-05-12 11:55:00,431.6,432.2,431.0,431.1,5450
2026-05-12 12:05:00,431.4,431.4,430.2,430.25,7345
2026-05-12 12:15:00,430.25,430.55,429.4,430.3,15152
2026-05-12 12:25:00,430.3,430.75,427.25,427.75,25538
2026-05-12 12:35:00,427.75,428.55,426.35,428.55,36536
2026-05-12 12:45:00,428.35,429.45,428.2,428.2,6603
2026-05-12 12:55:00,428.2,428.75,428.2,428.75,3206
2026-05-12 13:05:00,428.75,428.8,426.55,427.4,20875
2026-05-12 13:15:00,427.6,428.7,426.5,426.55,13951
2026-05-12 13:25:00,426.55,427.5,426.4,427.15,7695
2026-05-12 13:35:00,427.15,427.15,426.15,426.15,6272
2026-05-12 13:45:00,426.15,426.9,423.2,424.5,38557
2026-05-12 13:55:00,424.5,424.55,422.95,423.35,17556
2026-05-12 14:05:00,423.35,426.15,423.3,425.4,76699
2026-05-12 14:15:00,425.4,426.6,424.65,426.25,95554
2026-05-12 14:25:00,426.25,426.55,423.25,423.75,42618
2026-05-12 14:35:00,423.8,424.3,423.3,423.85,39093
2026-05-12 14:45:00,423.85,424.6,422.0,422.5,67799
2026-05-12 14:55:00,422.5,424.55,421.0,423.3,50614
2026-05-12 15:05:00,423.65,423.7,420.65,421.05,63833
2026-05-12 15:15:00,421.05,423.0,420.2,423.0,100166
2026-05-12 15:25:00,423.0,423.0,422.3,422.95,42592
2026-05-13 09:15:00,424.95,427.0,418.15,422.1,100926
2026-05-13 09:20:00,421.0,425.0,419.0,422.15,19488748
2026-05-13 09:25:00,423.45,424.6,420.85,420.85,57934
2026-05-13 09:35:00,420.85,422.85,416.85,422.3,72820
2026-05-13 09:45:00,422.35,422.35,417.85,419.5,44855
2026-05-13 09:55:00,419.5,419.55,417.85,418.5,28239
2026-05-13 10:05:00,418.75,418.85,417.3,417.85,36280
2026-05-13 10:15:00,417.85,419.75,417.45,419.5,29658
2026-05-13 10:25:00,419.3,419.35,418.0,418.55,26088
2026-05-13 10:35:00,418.55,418.75,415.8,417.6,65004
2026-05-13 10:45:00,417.95,419.9,416.0,419.75,78953
2026-05-13 10:55:00,419.7,419.7,416.05,416.45,36850
2026-05-13 11:05:00,416.45,416.6,415.55,416.35,15708
2026-05-13 11:15:00,416.25,417.5,416.25,417.5,24896
2026-05-13 11:25:00,417.25,417.6,416.7,417.5,9000
2026-05-13 11:35:00,417.5,419.75,417.35,419.05,18200
2026-05-13 11:45:00,419.35,420.1,417.65,419.55,56370
2026-05-13 11:55:00,419.85,421.0,419.55,419.9,19308
2026-05-13 12:05:00,419.85,420.4,419.65,420.2,5648
2026-05-13 12:15:00,420.4,423.0,419.4,422.35,36579
2026-05-13 12:25:00,422.3,424.0,422.0,423.3,50499
2026-05-13 12:35:00,423.0,423.45,421.15,422.0,25424
2026-05-13 12:45:00,422.0,423.7,422.0,423.4,14696
2026-05-13 12:55:00,423.4,424.3,423.25,423.35,11131
2026-05-13 13:05:00,423.25,423.65,422.35,422.6,13665
2026-05-13 13:15:00,422.6,422.6,421.8,422.4,8201
2026-05-13 13:25:00,422.4,422.7,422.05,422.55,9180
2026-05-13 13:35:00,422.5,424.4,422.4,423.45,15794
2026-05-13 13:45:00,423.75,423.75,423.0,423.0,6304
2026-05-13 13:55:00,423.1,424.0,422.95,423.35,37574
2026-05-13 14:05:00,423.35,425.4,423.35,425.1,14794
2026-05-13 14:15:00,425.1,425.45,423.0,423.75,26556
2026-05-13 14:25:00,423.75,423.8,423.0,423.5,7643
2026-05-13 14:35:00,423.5,423.8,423.0,423.15,5684
2026-05-13 14:45:00,423.15,423.15,421.15,421.2,24566
2026-05-13 14:55:00,421.2,421.5,418.95,420.6,29385
2026-05-13 15:05:00,420.55,420.55,418.25,418.85,81239
2026-05-13 15:15:00,418.75,421.2,418.15,418.5,31833
2026-05-13 15:25:00,418.55,421.05,418.0,419.0,22884
2026-05-14 09:15:00,423.2,425.85,422.0,424.3,46984
2026-05-14 09:25:00,424.1,424.8,422.4,422.4,34141
2026-05-14 09:35:00,422.25,422.3,418.05,418.45,40608
2026-05-14 09:45:00,418.45,419.95,417.2,417.8,54339
2026-05-14 09:55:00,417.8,417.8,415.2,417.1,28808
2026-05-14 10:05:00,417.1,417.3,416.35,417.15,15292
2026-05-14 10:15:00,417.15,417.9,416.35,416.55,8032
2026-05-14 10:25:00,416.55,417.75,416.55,417.3,13934
2026-05-14 10:35:00,417.2,417.6,415.65,415.85,12602
2026-05-14 10:45:00,415.85,415.85,414.05,415.0,20674
2026-05-14 10:55:00,415.0,415.0,412.9,413.15,19137
2026-05-14 11:05:00,413.15,414.0,412.05,413.85,22448
2026-05-14 11:15:00,413.85,414.55,413.5,414.4,13406
2026-05-14 11:25:00,414.4,416.25,413.8,416.25,65480
2026-05-14 11:35:00,416.5,418.5,416.4,418.5,11897
2026-05-14 11:45:00,418.5,419.7,417.6,418.65,20580
2026-05-14 11:55:00,418.65,419.5,418.15,418.7,8830
2026-05-14 12:05:00,418.95,419.6,418.5,419.0,8509
2026-05-14 12:15:00,419.0,420.55,419.0,420.15,9024
2026-05-14 12:25:00,420.15,420.75,420.0,420.75,9876
2026-05-14 12:35:00,420.65,421.3,420.2,421.0,17746
2026-05-14 12:45:00,421.0,421.65,420.0,420.2,5713
2026-05-14 12:55:00,420.2,421.6,420.15,421.3,7075
2026-05-14 13:05:00,421.3,421.85,420.45,421.4,19019
2026-05-14 13:15:00,421.4,422.35,421.0,421.65,15265
2026-05-14 13:25:00,421.65,421.85,420.8,421.65,4888
2026-05-14 13:35:00,421.65,422.2,421.2,421.8,15740
2026-05-14 13:45:00,421.8,422.05,420.6,421.15,6421
2026-05-14 13:55:00,421.4,421.8,421.2,421.75,4916
2026-05-14 14:05:00,421.75,422.2,421.3,422.05,7974
2026-05-14 14:15:00,422.05,422.5,421.2,421.3,7005
2026-05-14 14:25:00,421.3,422.5,421.3,422.4,6810
2026-05-14 14:35:00,422.4,422.6,421.0,421.2,8248
2026-05-14 14:45:00,421.2,421.2,420.0,420.65,11683
2026-05-14 14:55:00,420.65,421.4,420.0,421.4,12452
2026-05-14 15:00:00,421.1,421.4,420.5,420.9,100016803
2026-05-14 15:05:00,421.4,421.4,420.25,420.4,21446
2026-05-14 15:10:00,421.05,421.4,420.0,420.85,153304797
2026-05-14 15:15:00,420.45,421.4,420.0,420.5,60441
2026-05-14 15:20:00,420.8,421.95,419.95,420.75,140020470
2026-05-14 15:25:00,420.45,421.95,419.95,420.75,42164
2026-05-15 09:20:00,416.6,416.6,414.25,416.4,19586140
2026-05-15 09:30:00,416.25,417.9,415.5,417.1,32731795
2026-05-15 09:40:00,417.0,419.5,417.0,419.0,39552370
2026-05-15 09:50:00,419.45,419.5,419.0,419.0,7641659
2026-05-15 10:00:00,419.0,419.0,416.55,416.7,39092666
2026-05-15 10:10:00,417.0,417.7,416.55,417.0,44963175
2026-05-15 10:20:00,417.0,418.95,416.85,418.55,45978448
2026-05-15 10:30:00,418.55,418.85,417.75,418.25,49178620
2026-05-15 10:40:00,419.65,423.1,419.55,422.4,89772232
2026-05-15 10:50:00,422.4,422.8,421.3,421.8,76235047
2026-05-15 11:40:00,420.55,421.25,420.2,421.25,50638585
2026-05-15 11:50:00,421.25,421.45,420.0,420.25,63153889
2026-05-15 12:00:00,420.25,421.0,420.1,420.6,67470649
2026-05-15 12:10:00,420.6,420.6,420.05,420.35,52957260
2026-05-15 12:20:00,420.35,420.4,420.0,420.2,76520020
2026-05-15 12:30:00,420.2,420.6,420.0,420.3,75175344
2026-05-15 12:40:00,420.3,421.15,420.3,421.15,66666426
2026-05-15 12:50:00,421.15,421.15,420.6,420.6,79621644
2026-05-15 13:00:00,420.6,421.05,420.6,420.9,76936989
2026-05-15 13:10:00,420.9,421.45,420.15,420.85,95983957
2026-05-15 13:20:00,420.85,421.45,420.75,421.0,101959212
2026-05-15 13:30:00,421.0,421.05,420.3,420.35,74900987
2026-05-15 13:40:00,420.35,420.7,420.0,420.15,89282427
2026-05-15 13:50:00,420.15,420.3,420.0,420.0,73365285
2026-05-15 14:00:00,420.0,420.2,420.0,420.15,72484702
2026-05-15 14:10:00,420.3,420.45,420.0,420.3,85217661
2026-05-15 14:20:00,420.3,420.3,420.0,420.0,74788909
2026-05-15 14:30:00,420.0,420.15,412.5,412.75,257992399
2026-05-15 14:40:00,412.75,415.85,412.75,414.4,285132878
2026-05-15 14:50:00,414.4,414.4,412.85,413.5,207185052
2026-05-15 15:00:00,413.75,415.0,413.0,413.55,254441278
2026-05-15 15:10:00,413.55,413.8,412.4,412.8,274538364
2026-05-15 15:20:00,412.8,413.85,412.35,413.0,285162534
2026-05-18 09:20:00,407.65,409.8,407.1,408.8,8470965
2026-05-18 09:30:00,408.8,409.2,407.45,407.85,13000464
2026-05-18 09:40:00,408.0,409.9,407.1,407.2,14718694
2026-05-18 09:50:00,407.5,407.8,405.65,406.8,20820025
2026-05-18 10:00:00,407.1,407.45,405.75,406.35,28104804
2026-05-18 10:10:00,406.65,406.9,405.4,406.6,36457668
2026-05-18 10:20:00,406.6,406.6,404.9,405.35,43397178
2026-05-18 10:30:00,405.35,406.1,404.1,405.6,48603426
2026-05-18 10:40:00,405.75,406.0,405.45,405.55,55434634
2026-05-18 10:50:00,405.55,406.5,405.55,406.05,53633970
2026-05-18 11:00:00,406.05,407.0,406.0,407.0,51363806
2026-05-18 11:10:00,407.0,408.6,405.75,408.5,77277727
2026-05-18 11:20:00,408.5,409.45,408.35,409.1,81820908
2026-05-18 11:30:00,409.1,410.7,408.95,410.5,80316302
2026-05-18 11:40:00,410.5,410.7,407.6,408.15,99157214
2026-05-18 11:50:00,408.15,409.75,408.15,409.1,104316612
2026-05-18 12:00:00,409.1,410.0,409.0,409.85,93219007
2026-05-18 12:15:00,410.15,410.65,409.95,410.5,11448
2026-05-18 12:20:00,410.2,410.8,410.0,410.65,66606424
2026-05-18 12:30:00,410.5,411.8,410.25,411.6,96283865
2026-05-18 12:40:00,411.6,411.8,409.45,410.0,90720625
2026-05-18 12:50:00,410.0,411.8,410.0,411.5,93220769
2026-05-18 13:00:00,411.55,411.7,410.6,411.35,109317371
2026-05-18 13:10:00,411.35,411.65,410.45,410.8,97673183
2026-05-18 13:20:00,411.0,411.7,410.65,411.25,93798152
2026-05-18 13:30:00,411.25,411.9,411.25,411.25,95171961
2026-05-18 13:40:00,411.25,411.75,410.75,411.4,107494828
2026-05-18 13:50:00,411.4,412.2,411.3,411.85,95814092
2026-05-18 14:00:00,411.85,412.4,411.0,412.35,116279311
2026-05-18 14:10:00,412.35,412.4,411.6,411.6,122348074
2026-05-18 14:20:00,411.6,411.75,411.05,411.3,101991297
2026-05-18 14:30:00,411.35,411.7,410.6,410.65,128248702
2026-05-18 14:40:00,410.65,411.3,410.4,410.55,129506863
2026-05-18 14:50:00,410.55,411.8,410.4,411.25,112318815
2026-05-18 15:00:00,411.6,416.0,411.6,414.75,157004207
2026-05-18 15:10:00,415.1,416.15,414.4,415.95,161656652
2026-05-18 15:20:00,415.75,416.2,414.0,414.0,167412388
2026-05-19 09:20:00,411.6,413.95,410.15,413.15,18357832
2026-05-19 09:30:00,413.15,414.25,411.05,411.9,30425864
2026-05-19 09:40:00,411.9,413.3,411.9,412.35,28830114
2026-05-19 09:50:00,412.5,412.5,411.6,411.75,32430781
2026-05-19 10:00:00,411.75,412.1,411.1,411.75,37927347
2026-05-19 10:10:00,411.55,412.7,411.55,412.5,41387648
2026-05-19 10:20:00,412.5,412.9,411.6,411.6,49835054
2026-05-19 10:30:00,411.55,412.1,411.15,412.0,53675372
2026-05-19 10:40:00,412.0,413.0,410.3,410.3,59845916
2026-05-19 10:50:00,410.3,412.45,410.15,411.0,83891788
2026-05-19 11:00:00,411.0,411.4,410.25,410.55,86959406
2026-05-19 11:10:00,410.5,411.0,409.6,409.9,85476466
2026-05-19 11:20:00,410.0,410.0,409.0,409.5,103360761
2026-05-19 11:30:00,409.5,409.8,409.05,409.8,118754611
2026-05-19 11:40:00,409.8,410.0,409.25,409.55,109052511
2026-05-19 11:50:00,409.55,410.0,409.5,409.8,105237908
2026-05-19 12:00:00,409.8,409.9,409.5,409.9,114123255
2026-05-19 12:10:00,409.9,410.0,409.75,410.0,108803736
2026-05-19 12:20:00,409.8,410.0,409.55,409.6,116890708
2026-05-19 12:30:00,409.6,409.9,409.55,409.85,101151877
2026-05-19 12:40:00,409.85,410.0,409.55,409.85,120586051
2026-05-19 12:50:00,409.85,409.85,409.4,409.6,126076132
2026-05-19 13:00:00,409.6,410.0,409.1,409.7,116634094
2026-05-19 13:10:00,409.9,410.0,409.35,409.85,139460621
2026-05-19 13:20:00,409.85,410.0,409.25,409.75,140644614
2026-05-19 13:30:00,409.75,409.9,408.75,409.35,138069777
2026-05-19 13:40:00,409.35,409.7,409.0,409.4,139441174
2026-05-19 13:50:00,409.4,409.7,409.1,409.55,147428237
2026-05-19 14:00:00,409.55,409.9,409.3,409.7,158794488
2026-05-19 14:10:00,409.85,409.85,409.15,409.7,164423324
2026-05-19 14:20:00,409.7,409.9,409.3,409.55,154737601
2026-05-19 14:30:00,409.55,409.85,409.0,409.5,159718906
2026-05-19 14:40:00,409.5,409.5,408.25,408.25,171898078
2026-05-19 14:50:00,408.3,409.45,408.2,409.3,177600578
2026-05-19 15:00:00,409.2,409.75,408.2,408.2,178028829
2026-05-19 15:10:00,408.4,409.0,408.15,408.85,185746708
2026-05-19 15:20:00,408.85,408.95,400.0,403.0,309831249
2026-05-20 09:15:00,399.0,399.9,396.0,398.1,103547
2026-05-20 09:20:00,397.95,400.4,397.6,399.45,24627092
2026-05-20 09:25:00,398.65,400.8,397.85,400.05,46490
2026-05-20 09:30:00,399.45,400.8,398.35,399.4,35852475
2026-05-20 09:35:00,400.05,400.25,397.95,397.95,52308
2026-05-20 09:40:00,399.4,399.85,397.65,399.7,46161610
2026-05-20 09:45:00,398.2,400.0,397.65,399.25,18908
2026-05-20 09:50:00,399.7,400.35,399.05,399.7,47589216
2026-05-20 09:55:00,399.25,400.35,398.15,398.55,10822
2026-05-20 10:00:00,399.7,399.7,397.7,398.25,49542559
2026-05-20 10:05:00,398.55,398.55,395.5,395.5,49779
2026-05-20 10:10:00,398.25,398.25,395.3,396.0,76615994
2026-05-20 10:15:00,395.5,396.5,395.3,395.45,32288
2026-05-20 10:20:00,396.0,396.5,394.3,395.15,79673052
2026-05-20 10:25:00,395.35,395.75,394.3,395.25,60695
2026-05-20 10:30:00,395.15,396.15,395.0,395.9,100664794
2026-05-20 10:35:00,395.25,396.85,395.05,396.6,40581
2026-05-20 10:40:00,396.35,396.9,395.8,395.95,103246969
2026-05-20 10:45:00,396.8,396.9,395.8,396.6,14441
2026-05-20 10:50:00,395.95,396.8,395.8,396.65,99058368
2026-05-20 10:55:00,396.65,399.85,396.1,399.1,49272
2026-05-20 11:00:00,396.65,399.85,396.1,399.1,137077627
2026-05-20 11:05:00,399.1,399.85,398.1,398.45,21142
2026-05-20 11:10:00,399.1,399.25,398.1,398.7,103332419
2026-05-20 11:15:00,398.45,400.25,398.2,399.15,37353
2026-05-20 11:20:00,398.7,400.25,398.4,399.45,154770348
2026-05-20 11:25:00,399.25,399.7,398.4,398.75,29082
2026-05-20 11:30:00,399.45,399.55,398.3,398.75,115140010
2026-05-20 11:35:00,398.75,398.95,398.2,398.4,12860
2026-05-20 11:40:00,398.95,399.1,398.2,398.8,124287707
2026-05-20 11:45:00,398.45,399.1,398.1,398.4,19339
2026-05-20 11:50:00,398.8,398.85,398.1,398.55,131505747
2026-05-20 11:55:00,398.55,401.55,398.1,401.0,48445
2026-05-20 12:00:00,398.4,401.45,398.1,400.5,175257099
2026-05-20 12:05:00,400.9,400.9,399.95,400.05,21453
2026-05-20 12:10:00,400.5,400.85,399.8,399.9,131347205
2026-05-20 12:15:00,400.0,400.55,399.8,400.3,19874
2026-05-20 12:20:00,399.9,400.45,399.15,399.65,170089135
2026-05-20 12:25:00,400.3,400.45,399.15,399.9,20521
2026-05-20 12:30:00,399.65,400.45,399.55,400.1,160573485
2026-05-20 12:35:00,399.9,400.2,399.4,400.05,18778
2026-05-20 12:40:00,400.1,400.1,399.15,399.4,197136171
2026-05-20 12:45:00,400.05,400.05,398.7,398.8,23602
2026-05-20 12:50:00,399.4,399.4,398.45,398.75,216804577
2026-05-20 12:55:00,398.65,399.1,398.15,398.6,31314
2026-05-20 13:00:00,398.75,399.65,398.15,399.0,207646119
2026-05-20 13:05:00,398.6,399.65,398.35,399.4,21058
2026-05-20 13:10:00,399.0,399.55,399.0,399.5,210149299
2026-05-20 13:15:00,399.4,399.5,399.15,399.2,19068
2026-05-20 13:20:00,399.5,399.7,398.9,399.0,224780441
2026-05-20 13:25:00,399.55,399.7,398.45,399.0,22671
2026-05-20 13:30:00,399.0,399.3,398.45,398.8,232145612
2026-05-20 13:35:00,399.0,399.3,398.6,398.85,18367
2026-05-20 13:40:00,398.8,399.2,398.55,398.85,242993079
2026-05-20 13:45:00,398.85,399.2,398.55,398.95,23347
2026-05-20 13:50:00,398.85,399.35,398.8,399.35,246710083
2026-05-20 13:55:00,399.15,399.55,398.8,399.15,25168
2026-05-20 14:00:00,399.55,400.0,399.05,399.7,254208267
2026-05-20 14:05:00,399.35,400.4,399.2,400.3,21925
2026-05-20 14:10:00,399.7,400.65,399.5,400.15,216855156
2026-05-20 14:15:00,400.25,402.3,400.05,400.8,86295
2026-05-20 14:20:00,400.25,402.3,399.85,399.9,347756335
2026-05-20 14:25:00,400.8,400.8,398.85,399.0,59593
2026-05-20 14:30:00,399.9,400.15,398.5,398.95,361198138
2026-05-20 14:35:00,399.0,399.4,398.5,398.75,45712
2026-05-20 14:40:00,399.0,399.4,397.85,397.85,404671756
2026-05-20 14:45:00,398.75,399.1,397.0,397.8,198868
2026-05-20 14:50:00,397.85,399.35,397.0,398.4,482606647
2026-05-20 14:55:00,398.15,400.3,397.9,399.35,106052
2026-05-20 15:00:00,398.4,400.65,398.3,399.9,427443322
2026-05-20 15:05:00,399.7,400.7,399.35,399.95,80031
2026-05-20 15:10:00,399.9,400.7,399.45,400.3,311652633
2026-05-20 15:15:00,399.95,401.5,399.45,400.8,119949
2026-05-20 15:20:00,400.3,401.5,400.0,400.65,396724305
2026-05-20 15:25:00,401.0,401.1,400.0,400.65,32622
2026-05-21 09:15:00,405.0,405.0,399.7,400.7,139021
2026-05-21 09:20:00,401.2,401.7,400.55,401.5,32833689
2026-05-21 09:25:00,400.7,402.7,399.8,400.35,73955
2026-05-21 09:30:00,401.95,402.7,399.8,400.75,50428541
2026-05-21 09:35:00,400.85,402.25,400.35,401.45,55973
2026-05-21 09:40:00,400.75,402.25,400.05,400.4,70191376
2026-05-21 09:45:00,401.45,401.65,399.85,400.6,42867
2026-05-21 09:50:00,400.35,400.9,399.75,399.85,76633488
2026-05-21 09:55:00,400.9,400.9,399.7,399.85,17400
2026-05-21 10:00:00,399.85,400.25,399.6,399.8,77520278
2026-05-21 10:05:00,399.85,400.15,399.5,400.15,12409
2026-05-21 10:10:00,399.8,400.45,399.5,400.45,78882351
2026-05-21 10:15:00,400.15,400.6,399.75,400.3,22130
2026-05-21 10:20:00,400.2,401.0,399.75,400.8,43168243
2026-05-21 10:25:00,400.3,401.2,400.3,400.3,14819
2026-05-21 10:30:00,400.8,401.2,399.7,399.75,99330707
2026-05-21 10:35:00,400.3,400.8,399.7,400.8,41629
2026-05-21 10:40:00,399.9,400.8,399.6,399.75,121680215
2026-05-21 10:45:00,400.2,400.35,399.3,400.0,17571
2026-05-21 10:50:00,399.75,400.1,399.3,399.45,106021100
2026-05-21 10:55:00,400.1,400.1,399.0,399.0,15863
2026-05-21 11:00:00,399.45,399.75,398.0,398.3,120177802
2026-05-21 11:05:00,399.0,399.35,398.0,398.4,20880
2026-05-21 11:10:00,398.3,398.8,396.75,397.3,133729066
2026-05-21 11:15:00,398.4,398.4,396.65,397.85,34581
2026-05-21 11:20:00,397.3,398.05,397.2,397.55,134114693
2026-05-21 11:25:00,397.9,398.05,397.5,397.8,9271
2026-05-21 11:30:00,397.55,398.45,397.5,398.0,135932391
2026-05-21 11:35:00,397.8,398.45,397.6,397.9,15353
2026-05-21 11:40:00,398.4,398.5,397.65,398.2,144689100
2026-05-21 11:45:00,397.9,398.6,397.8,398.2,9075
2026-05-21 11:50:00,398.2,398.6,397.95,398.25,153330394
2026-05-21 11:55:00,398.15,398.9,398.05,398.6,9635
2026-05-21 12:00:00,398.25,398.9,398.05,398.65,134660428
2026-05-21 12:05:00,398.6,398.85,398.0,398.3,7604
2026-05-21 12:10:00,398.65,398.65,398.0,398.05,141895124
2026-05-21 12:15:00,398.15,398.5,397.6,397.6,7564
2026-05-21 12:20:00,398.2,398.5,397.0,397.25,151531664
2026-05-21 12:25:00,397.55,397.7,397.0,397.45,24412
2026-05-21 12:30:00,397.2,397.8,397.05,397.15,153487405
2026-05-21 12:35:00,397.6,397.8,396.5,396.9,15782
2026-05-21 12:40:00,397.15,397.2,396.5,397.0,153567981
2026-05-21 12:45:00,396.9,397.8,396.5,397.1,12062
2026-05-21 12:50:00,397.0,397.8,396.6,396.9,170448037
2026-05-21 12:55:00,397.1,397.2,396.1,396.8,21427
2026-05-21 13:00:00,396.9,397.6,396.15,397.6,174416782
2026-05-21 13:05:00,396.8,398.25,396.55,398.25,8935
2026-05-21 13:10:00,397.6,398.25,397.5,397.95,198370846
2026-05-21 13:15:00,397.8,398.15,397.55,397.65,8419
2026-05-21 13:20:00,397.95,398.4,397.6,398.2,200465144
2026-05-21 13:25:00,397.65,399.3,397.65,398.1,23388
2026-05-21 13:30:00,398.2,399.3,397.85,398.25,178547812
2026-05-21 13:35:00,398.3,398.6,397.9,398.15,5768
2026-05-21 13:40:00,398.4,398.4,398.0,398.2,80862495
2026-05-21 13:45:00,398.35,398.6,397.25,397.3,5065
2026-05-21 13:55:00,397.4,399.0,397.15,397.55,18337
2026-05-21 14:00:00,397.65,398.0,397.45,397.45,118327530
2026-05-21 14:05:00,397.65,398.0,397.0,397.25,11690
2026-05-21 14:10:00,397.45,397.9,397.0,397.4,212031021
2026-05-21 14:15:00,397.45,397.9,397.0,397.5,15515
2026-05-21 14:25:00,397.5,397.9,397.3,397.35,6485
2026-05-21 14:35:00,397.55,398.1,397.35,397.55,11123
2026-05-21 14:40:00,397.55,397.8,397.4,397.4,94558518
2026-05-21 14:45:00,397.6,398.05,397.4,397.6,9111
2026-05-21 14:50:00,397.4,398.05,397.35,397.7,184135485
2026-05-21 15:00:00,397.7,398.6,396.4,396.4,226148636
2026-05-21 15:10:00,396.45,397.25,395.8,395.95,225331034
2026-05-21 15:20:00,396.15,396.35,395.0,395.7,224604411
