datetime,open,high,low,close,volume
2026-01-29 09:15:00,782.2,783.4,777.85,781.0,21952
2026-01-29 09:20:00,781.05,781.25,777.6,779.45,13812
2026-01-29 09:25:00,778.5,779.35,778.0,778.15,6272
2026-01-29 09:30:00,778.1,778.2,777.0,777.7,3829
2026-01-29 09:35:00,777.75,777.75,775.35,776.15,5857
2026-01-29 09:40:00,776.25,777.95,776.0,776.25,3998
2026-01-29 09:45:00,776.2,777.0,776.1,776.5,3407
2026-01-29 09:50:00,776.4,776.5,775.2,775.2,4031
2026-01-29 09:55:00,775.2,777.4,775.0,777.25,13649
2026-01-29 10:00:00,777.0,777.25,776.0,776.7,1155
2026-01-29 10:05:00,776.7,777.45,776.05,776.95,897
2026-01-29 10:10:00,777.05,777.05,776.1,776.5,969
2026-01-29 10:15:00,776.5,776.55,775.25,775.3,1419
2026-01-29 10:20:00,775.3,776.7,775.05,776.3,2063
2026-01-29 10:25:00,776.3,776.65,775.2,775.8,1903
2026-01-29 10:30:00,776.0,776.0,775.0,775.0,4962
2026-01-29 10:35:00,775.0,775.25,775.0,775.05,10071
2026-01-29 10:40:00,775.0,775.05,773.6,773.7,25745
2026-01-29 10:45:00,773.7,773.95,773.2,773.3,1549
2026-01-29 10:50:00,773.3,774.2,773.0,774.2,2780
2026-01-29 10:55:00,774.2,774.85,773.0,773.85,2771
2026-01-29 11:00:00,773.85,776.0,773.6,775.85,2398
2026-01-29 11:05:00,775.5,775.5,773.9,774.3,925
2026-01-29 11:10:00,774.2,774.65,774.05,774.15,1302
2026-01-29 11:15:00,774.05,775.7,774.0,775.0,735
2026-01-29 11:20:00,775.05,775.35,774.5,775.0,685
2026-01-29 11:25:00,775.0,775.65,775.0,775.2,351
2026-01-29 11:30:00,775.2,775.35,774.5,774.5,1418
2026-01-29 11:35:00,774.5,774.95,773.5,774.65,1638
2026-01-29 11:40:00,774.65,774.65,774.0,774.0,400
2026-01-29 11:45:00,774.0,774.5,774.0,774.0,986
2026-01-29 11:50:00,774.8,774.8,773.55,774.3,784
2026-01-29 11:55:00,774.3,774.45,773.5,773.75,551
2026-01-29 12:00:00,773.75,774.75,773.75,773.85,1663
2026-01-29 12:05:00,773.75,774.15,773.0,773.5,2718
2026-01-29 12:10:00,773.5,774.0,773.0,773.5,823
2026-01-29 12:15:00,773.5,774.0,773.5,773.7,407
2026-01-29 12:20:00,773.55,774.1,773.55,773.95,439
2026-01-29 12:25:00,773.95,774.0,773.6,774.0,461
2026-01-29 12:30:00,774.0,774.0,773.05,773.1,3224
2026-01-29 12:35:00,773.1,773.5,773.05,773.2,801
2026-01-29 12:40:00,773.2,773.7,773.1,773.1,545
2026-01-29 12:45:00,773.1,773.5,773.1,773.3,451
2026-01-29 12:50:00,773.25,773.7,773.25,773.25,1275
2026-01-29 12:55:00,773.25,773.8,773.25,773.3,495
2026-01-29 13:00:00,773.25,773.7,773.15,773.15,1041
2026-01-29 13:05:00,773.15,774.35,773.1,773.85,2292
2026-01-29 13:10:00,773.85,774.3,773.85,774.1,395
2026-01-29 13:15:00,774.1,775.45,774.1,774.5,1842
2026-01-29 13:20:00,774.5,774.55,774.35,774.35,195
2026-01-29 13:25:00,774.35,774.75,774.35,774.55,524
2026-01-29 13:30:00,774.6,775.45,774.4,774.5,1547
2026-01-29 13:35:00,774.5,774.9,774.35,774.5,404
2026-01-29 13:40:00,774.35,775.0,774.35,774.5,583
2026-01-29 13:45:00,774.35,775.0,774.35,775.0,673
2026-01-29 13:50:00,775.0,775.1,774.55,774.55,856
2026-01-29 13:55:00,774.5,774.6,773.2,773.6,2172
2026-01-29 14:00:00,773.6,774.0,773.5,773.5,1082
2026-01-29 14:05:00,773.5,773.5,772.1,772.6,3745
2026-01-29 14:10:00,772.6,773.5,772.15,773.05,2185
2026-01-29 14:15:00,773.05,773.4,772.6,773.0,897
2026-01-29 14:20:00,773.0,773.6,773.0,773.6,847
2026-01-29 14:25:00,773.4,773.95,773.3,773.55,836
2026-01-29 14:30:00,773.5,773.9,773.45,773.65,1262
2026-01-29 14:35:00,773.65,774.25,773.1,773.8,3873
2026-01-29 14:40:00,773.95,774.5,773.1,773.6,1986
2026-01-29 14:45:00,773.6,774.3,773.3,773.75,597
2026-01-29 14:50:00,773.75,774.45,773.55,773.9,3878
2026-01-29 14:55:00,773.8,774.3,773.65,774.05,1898
2026-01-29 15:00:00,774.2,774.3,773.3,773.6,2866
2026-01-29 15:05:00,773.7,776.45,773.15,776.45,18704
2026-01-29 15:10:00,776.15,776.5,772.0,772.05,5922
2026-01-29 15:15:00,772.0,773.6,772.0,772.65,6609
2026-01-29 15:20:00,772.8,773.85,772.8,773.1,6894
2026-01-29 15:25:00,773.1,775.1,771.0,771.0,15128
2026-01-30 09:15:00,771.0,771.05,762.7,764.75,12577
2026-01-30 09:20:00,764.6,764.7,761.6,761.85,8175
2026-01-30 09:25:00,761.8,765.95,761.6,764.0,4974
2026-01-30 09:30:00,764.0,774.1,763.55,773.7,11398
2026-01-30 09:35:00,773.7,773.7,770.5,771.05,4540
2026-01-30 09:40:00,771.05,772.95,771.0,772.95,1890
2026-01-30 09:45:00,772.95,772.95,771.0,771.2,2161
2026-01-30 09:50:00,771.2,772.9,770.6,771.15,3857
2026-01-30 09:55:00,771.05,772.55,770.35,771.95,1735
2026-01-30 10:00:00,771.95,773.65,771.2,771.7,2081
2026-01-30 10:05:00,771.7,777.2,771.7,776.25,3978
2026-01-30 10:10:00,776.25,777.3,775.65,776.85,4538
2026-01-30 10:15:00,777.1,779.7,776.0,778.15,10999
2026-01-30 10:20:00,778.0,778.0,775.05,776.35,2719
2026-01-30 10:25:00,776.35,778.0,776.35,778.0,842
2026-01-30 10:30:00,777.7,780.45,777.5,779.75,8049
2026-01-30 10:35:00,779.45,779.5,777.85,778.35,3725
2026-01-30 10:40:00,778.0,780.0,777.85,779.8,3008
2026-01-30 10:45:00,780.0,781.45,779.75,780.5,2349
2026-01-30 10:50:00,780.5,781.0,779.05,780.0,3686
2026-01-30 10:55:00,780.25,782.3,779.4,781.55,3144
2026-01-30 11:00:00,781.55,782.55,780.3,780.8,2211
2026-01-30 11:05:00,781.2,781.2,779.25,780.2,2362
2026-01-30 11:10:00,780.0,780.95,778.6,780.1,2647
2026-01-30 11:15:00,779.85,780.75,778.85,779.55,1051
2026-01-30 11:20:00,779.55,780.0,778.85,780.0,1533
2026-01-30 11:25:00,779.8,780.4,778.85,778.85,825
2026-01-30 11:30:00,778.85,779.6,778.05,778.75,894
2026-01-30 11:35:00,778.75,780.6,777.75,780.0,1764
2026-01-30 11:40:00,779.55,780.55,779.1,780.0,1117
2026-01-30 11:45:00,780.0,780.0,778.7,778.85,1024
2026-01-30 11:50:00,778.85,779.45,777.75,778.75,606
2026-01-30 11:55:00,777.8,779.05,777.45,778.95,1276
2026-01-30 12:00:00,778.2,779.3,777.8,778.35,1762
2026-01-30 12:05:00,778.5,778.8,777.5,777.5,696
2026-01-30 12:10:00,777.5,778.3,777.5,777.55,667
2026-01-30 12:15:00,777.55,777.95,775.0,775.95,3434
2026-01-30 12:20:00,775.9,776.85,775.0,776.45,1808
2026-01-30 12:25:00,775.75,776.95,775.25,775.9,814
2026-01-30 12:30:00,775.9,776.3,775.0,775.3,788
2026-01-30 12:35:00,775.7,776.9,775.5,776.15,1014
2026-01-30 12:40:00,776.5,776.7,776.0,776.5,822
2026-01-30 12:45:00,776.5,776.5,775.2,775.9,518
2026-01-30 12:50:00,775.25,776.65,775.0,775.2,1871
2026-01-30 12:55:00,775.65,776.95,775.0,776.65,1017
2026-01-30 13:00:00,776.65,776.65,775.65,775.8,877
2026-01-30 13:05:00,775.8,776.35,775.3,775.5,459
2026-01-30 13:10:00,775.5,776.45,775.05,776.3,970
2026-01-30 13:15:00,776.3,776.45,775.0,775.45,699
2026-01-30 13:20:00,775.45,775.5,775.0,775.4,760
2026-01-30 13:25:00,775.4,775.4,774.3,775.1,822
2026-01-30 13:30:00,775.1,776.5,774.3,776.5,1026
2026-01-30 13:35:00,776.5,776.95,776.0,776.5,1923
2026-01-30 13:40:00,776.5,778.75,776.15,777.3,887
2026-01-30 13:45:00,777.35,778.5,777.35,778.35,1169
2026-01-30 13:50:00,778.55,783.2,778.45,782.05,16333
2026-01-30 13:55:00,782.05,782.05,780.0,780.85,1643
2026-01-30 14:00:00,780.1,781.4,780.0,780.7,1302
2026-01-30 14:05:00,780.7,781.7,780.0,781.2,2369
2026-01-30 14:10:00,781.4,781.95,780.55,781.45,2000
2026-01-30 14:15:00,781.05,781.55,780.05,781.35,2508
2026-01-30 14:20:00,781.35,781.45,780.05,780.95,1353
2026-01-30 14:25:00,780.95,781.0,779.3,779.3,2770
2026-01-30 14:30:00,779.3,779.9,778.95,779.45,1346
2026-01-30 14:35:00,779.4,781.7,776.2,777.4,8976
2026-01-30 14:40:00,777.05,778.05,775.8,776.85,2247
2026-01-30 14:45:00,776.85,776.95,775.5,776.7,1219
2026-01-30 14:50:00,776.0,776.45,775.0,775.95,3403
2026-01-30 14:55:00,775.65,777.9,774.25,775.95,6624
2026-01-30 15:00:00,776.0,778.7,776.0,777.55,8322
2026-01-30 15:05:00,777.55,778.6,776.7,777.7,7794
2026-01-30 15:10:00,777.7,778.7,776.65,776.65,11670
2026-01-30 15:15:00,777.45,779.25,776.75,778.45,22525
2026-01-30 15:20:00,778.1,779.1,776.95,776.95,24812
2026-01-30 15:25:00,777.5,778.55,776.2,778.0,11953
2026-02-01 09:15:00,790.05,794.95,785.75,794.0,14436
2026-02-01 09:20:00,794.0,794.0,788.0,790.05,4922
2026-02-01 09:25:00,790.75,802.0,789.8,801.25,8571
2026-02-01 09:30:00,802.0,809.95,800.15,803.8,18747
2026-02-01 09:35:00,803.25,804.45,791.05,791.35,40531
2026-02-01 09:40:00,791.7,795.75,790.0,794.8,16226
2026-02-01 09:45:00,794.8,800.0,794.25,797.1,8720
2026-02-01 09:50:00,797.1,799.6,795.25,795.45,8028
2026-02-01 09:55:00,795.1,796.0,794.25,795.0,6140
2026-02-01 10:00:00,795.05,796.5,794.15,795.3,6336
2026-02-01 10:05:00,795.2,796.95,795.15,795.7,7347
2026-02-01 10:10:00,796.05,797.35,795.2,796.2,4569
2026-02-01 10:15:00,796.45,799.0,796.05,797.6,13244
2026-02-01 10:20:00,798.15,799.6,797.5,799.0,15137
2026-02-01 10:25:00,799.6,800.1,796.0,796.0,12580
2026-02-01 10:30:00,796.5,797.35,796.0,796.2,4497
2026-02-01 10:35:00,796.2,797.05,796.0,796.1,4315
2026-02-01 10:40:00,796.0,801.4,796.0,799.05,31922
2026-02-01 10:45:00,799.55,800.0,796.6,796.75,10344
2026-02-01 10:50:00,797.75,798.2,796.0,796.15,6175
2026-02-01 10:55:00,796.1,797.1,796.0,796.2,5318
2026-02-01 11:00:00,796.65,796.8,793.5,795.6,5486
2026-02-01 11:05:00,795.8,797.25,795.05,795.4,4780
2026-02-01 11:10:00,796.75,797.05,795.05,795.5,4376
2026-02-01 11:15:00,795.6,800.3,795.35,798.25,14359
2026-02-01 11:20:00,799.0,800.0,797.35,797.85,14454
2026-02-01 11:25:00,798.65,800.0,795.15,796.0,15308
2026-02-01 11:30:00,796.15,796.3,792.75,793.95,8148
2026-02-01 11:35:00,794.0,795.0,793.0,794.35,2922
2026-02-01 11:40:00,794.35,794.35,792.0,792.8,2060
2026-02-01 11:45:00,793.0,794.95,792.25,794.0,2354
2026-02-01 11:50:00,793.45,795.0,793.45,794.8,2563
2026-02-01 11:55:00,794.6,794.8,793.0,794.4,2365
2026-02-01 12:00:00,794.4,795.0,792.0,795.0,2998
2026-02-01 12:05:00,794.85,795.55,794.05,795.0,3457
2026-02-01 12:10:00,795.0,795.0,790.15,790.2,5897
2026-02-01 12:15:00,790.2,790.2,788.0,789.55,7823
2026-02-01 12:20:00,789.55,790.0,789.0,789.25,3325
2026-02-01 12:25:00,789.15,791.0,788.8,789.5,6590
2026-02-01 12:30:00,789.5,789.6,783.95,787.35,13887
2026-02-01 12:35:00,787.35,790.0,786.65,789.95,2998
2026-02-01 12:40:00,790.0,791.05,788.25,790.0,4779
2026-02-01 12:45:00,790.0,790.0,788.4,789.45,2873
2026-02-01 12:50:00,789.45,791.05,789.25,789.25,5771
2026-02-01 12:55:00,790.0,793.5,789.35,791.6,10360
2026-02-01 13:00:00,791.6,794.05,790.2,790.2,8275
2026-02-01 13:05:00,792.15,792.15,788.75,790.0,5399
2026-02-01 13:10:00,790.0,790.0,789.4,790.0,3088
2026-02-01 13:15:00,790.0,790.0,789.75,790.0,2251
2026-02-01 13:20:00,790.0,791.0,790.0,790.0,2848
2026-02-01 13:25:00,790.0,790.05,789.9,789.9,2377
2026-02-01 13:30:00,790.0,790.05,787.15,790.0,17262
2026-02-01 13:35:00,790.0,790.0,789.1,790.0,2100
2026-02-01 13:40:00,790.0,790.0,789.4,790.0,1925
2026-02-01 13:45:00,790.0,790.0,789.55,790.0,1662
2026-02-01 13:50:00,790.0,790.0,788.15,788.7,3305
2026-02-01 13:55:00,789.75,789.95,788.75,789.95,1844
2026-02-01 14:00:00,789.95,789.95,784.6,785.0,8706
2026-02-01 14:05:00,785.0,786.0,780.25,780.25,11464
2026-02-01 14:10:00,780.25,781.5,778.95,780.0,7799
2026-02-01 14:15:00,779.9,780.15,779.2,780.0,2847
2026-02-01 14:20:00,780.0,780.0,779.5,780.0,2615
2026-02-01 14:25:00,780.0,780.0,779.55,780.0,2111
2026-02-01 14:30:00,780.0,780.0,779.8,780.0,2274
2026-02-01 14:35:00,780.0,780.45,779.6,780.0,2373
2026-02-01 14:40:00,780.0,780.0,779.6,780.0,2354
2026-02-01 14:45:00,780.0,780.0,779.5,780.0,1734
2026-02-01 14:50:00,780.0,780.6,779.05,780.0,2585
2026-02-01 14:55:00,780.0,780.0,773.05,774.5,6275
2026-02-01 15:00:00,775.0,775.0,773.1,775.0,4670
2026-02-01 15:05:00,775.0,775.85,774.25,774.95,12747
2026-02-01 15:10:00,775.0,775.0,773.0,774.4,2963
2026-02-01 15:15:00,774.65,775.0,773.0,774.0,4627
2026-02-01 15:20:00,774.0,776.45,774.0,774.9,4882
2026-02-01 15:25:00,774.9,776.75,767.65,771.05,9872
2026-02-02 09:15:00,774.65,774.7,760.1,763.45,18565
2026-02-02 09:20:00,763.45,763.45,756.85,761.85,13073
2026-02-02 09:25:00,762.0,762.5,759.25,760.5,8116
2026-02-02 09:30:00,760.5,764.8,760.0,763.8,6715
2026-02-02 09:35:00,763.55,764.25,762.6,763.7,2539
2026-02-02 09:40:00,763.7,768.6,762.3,766.85,7537
2026-02-02 09:45:00,766.85,768.8,766.3,768.1,4086
2026-02-02 09:50:00,768.1,772.1,767.5,771.15,6594
2026-02-02 09:55:00,771.15,771.85,768.85,768.95,1232
2026-02-02 10:00:00,768.95,769.8,767.95,768.1,1813
2026-02-02 10:05:00,768.3,770.0,767.4,770.0,2683
2026-02-02 10:10:00,770.0,770.0,768.25,769.95,2059
2026-02-02 10:15:00,769.95,771.4,769.0,770.65,1243
2026-02-02 10:20:00,770.4,770.45,769.0,769.0,573
2026-02-02 10:25:00,769.05,771.6,767.15,771.25,4162
2026-02-02 10:30:00,770.8,771.55,769.9,770.9,1799
2026-02-02 10:35:00,770.85,771.5,769.9,770.9,1821
2026-02-02 10:40:00,771.0,771.0,769.45,769.45,1657
2026-02-02 10:45:00,769.45,770.0,766.0,767.1,6865
2026-02-02 10:50:00,767.0,767.7,765.05,766.4,8045
2026-02-02 10:55:00,766.5,767.0,765.0,766.55,1843
2026-02-02 11:00:00,766.5,766.5,763.6,764.9,5143
2026-02-02 11:05:00,765.9,766.0,762.7,763.7,4430
2026-02-02 11:10:00,764.3,766.3,763.15,765.6,4131
2026-02-02 11:15:00,764.4,766.85,764.2,765.25,1769
2026-02-02 11:20:00,765.6,766.15,763.85,766.15,2188
2026-02-02 11:25:00,766.15,767.4,765.0,766.45,961
2026-02-02 11:30:00,766.45,771.55,766.15,771.0,17245
2026-02-02 11:35:00,771.05,771.8,768.15,770.4,34856
2026-02-02 11:40:00,770.4,771.0,770.05,770.85,634
2026-02-02 11:45:00,770.85,770.85,769.1,770.55,581
2026-02-02 11:50:00,770.55,770.75,769.15,769.95,470
2026-02-02 11:55:00,770.2,770.5,767.8,770.5,3068
2026-02-02 12:00:00,770.5,770.5,769.15,770.0,3234
2026-02-02 12:05:00,770.5,772.0,769.45,769.95,39778
2026-02-02 12:10:00,769.95,771.3,769.65,770.55,5545
2026-02-02 12:15:00,770.55,779.45,770.55,778.0,5187
2026-02-02 12:20:00,778.0,780.0,777.05,780.0,1470
2026-02-02 12:25:00,780.0,780.0,778.3,779.0,653
2026-02-02 12:30:00,779.0,779.0,776.3,777.95,5545
2026-02-02 12:35:00,777.9,780.0,775.65,778.4,5915
2026-02-02 12:40:00,778.4,779.5,777.55,779.0,2476
2026-02-02 12:45:00,779.0,779.0,775.1,776.35,1640
2026-02-02 12:50:00,776.35,777.0,776.1,777.0,1365
2026-02-02 12:55:00,777.0,777.8,776.3,777.0,4906
2026-02-02 13:00:00,777.0,777.45,776.55,777.0,1219
2026-02-02 13:05:00,777.0,777.7,776.5,777.0,2668
2026-02-02 13:10:00,777.0,777.0,774.55,775.0,1200
2026-02-02 13:15:00,775.0,775.0,773.25,774.7,2382
2026-02-02 13:20:00,774.7,775.0,773.85,775.0,1562
2026-02-02 13:25:00,775.0,775.0,774.0,774.95,608
2026-02-02 13:30:00,774.95,776.85,774.6,776.8,7828
2026-02-02 13:35:00,776.1,777.0,775.4,775.9,3491
2026-02-02 13:40:00,776.2,777.0,775.0,775.1,5126
2026-02-02 13:45:00,775.1,775.9,774.9,775.0,6737
2026-02-02 13:50:00,775.0,776.6,774.75,775.65,7293
2026-02-02 13:55:00,775.0,775.7,775.0,775.1,6426
2026-02-02 14:00:00,775.0,776.45,774.85,775.8,8345
2026-02-02 14:05:00,775.8,777.3,775.1,775.75,7842
2026-02-02 14:10:00,775.75,778.05,775.2,776.9,8355
2026-02-02 14:15:00,777.1,777.9,775.15,776.4,7902
2026-02-02 14:20:00,776.35,776.8,775.0,775.6,9605
2026-02-02 14:25:00,775.6,777.85,774.95,777.2,13649
2026-02-02 14:30:00,777.2,777.5,776.0,776.1,6754
2026-02-02 14:35:00,776.1,777.3,775.1,775.4,8424
2026-02-02 14:40:00,775.8,775.8,774.9,775.5,6936
2026-02-02 14:45:00,775.3,776.6,775.0,775.65,7827
2026-02-02 14:50:00,775.6,777.85,775.6,775.9,11138
2026-02-02 14:55:00,776.0,779.4,775.95,778.7,13607
2026-02-02 15:00:00,778.95,781.2,778.3,779.05,16935
2026-02-02 15:05:00,778.6,780.9,778.55,779.8,9856
2026-02-02 15:10:00,779.8,783.0,779.25,782.15,18981
2026-02-02 15:15:00,782.15,790.0,782.1,788.0,22312
2026-02-02 15:20:00,788.8,795.0,787.15,790.9,17773
2026-02-02 15:25:00,790.85,796.0,789.0,792.65,15663
2026-02-03 09:15:00,805.15,807.8,794.2,802.1,18471
2026-02-03 09:20:00,802.1,802.9,796.4,796.4,18965
2026-02-03 09:25:00,796.4,797.1,792.55,794.0,9559
2026-02-03 09:30:00,794.5,797.35,793.9,794.4,3862
2026-02-03 09:35:00,794.4,796.65,791.4,795.85,7193
2026-02-03 09:40:00,795.8,796.05,794.2,794.25,1155
2026-02-03 09:45:00,794.25,796.0,791.95,795.45,2815
2026-02-03 09:50:00,795.45,795.5,792.9,793.65,1323
2026-02-03 09:55:00,793.65,793.7,793.05,793.05,561
2026-02-03 10:00:00,793.45,797.2,793.05,797.2,2582
2026-02-03 10:05:00,797.25,799.85,796.95,797.25,19616
2026-02-03 10:10:00,799.05,799.1,797.15,797.75,1515
2026-02-03 10:15:00,798.0,800.0,796.2,796.75,2200
2026-02-03 10:20:00,796.6,797.1,796.2,796.2,1642
2026-02-03 10:25:00,796.2,797.65,796.0,796.3,1568
2026-02-03 10:30:00,796.4,797.25,795.5,796.6,1529
2026-02-03 10:35:00,796.6,801.3,796.55,799.6,63526
2026-02-03 10:40:00,799.4,800.0,796.75,796.75,117446
2026-02-03 10:45:00,796.3,796.8,794.55,794.85,4393
2026-02-03 10:50:00,795.0,795.0,791.9,792.0,9202
2026-02-03 10:55:00,791.95,792.0,790.05,791.65,12119
2026-02-03 11:00:00,791.7,795.0,790.95,795.0,5867
2026-02-03 11:05:00,795.0,796.75,794.85,795.5,6921
2026-02-03 11:10:00,795.5,797.05,795.5,795.85,6043
2026-02-03 11:15:00,795.8,796.8,795.7,796.0,6307
2026-02-03 11:20:00,795.75,796.6,795.65,796.2,9199
2026-02-03 11:25:00,796.2,796.8,795.8,796.0,7934
2026-02-03 11:30:00,796.1,798.15,796.0,796.1,12042
2026-02-03 11:35:00,797.1,797.25,795.8,796.2,6471
2026-02-03 11:40:00,796.2,796.6,795.8,796.0,7367
2026-02-03 11:45:00,796.6,796.8,794.05,795.0,5225
2026-02-03 11:50:00,794.5,795.0,794.45,795.0,1712
2026-02-03 11:55:00,794.75,795.0,794.65,794.7,1346
2026-02-03 12:00:00,794.7,795.0,794.0,794.0,1690
2026-02-03 12:05:00,794.0,795.8,794.0,795.0,4375
2026-02-03 12:10:00,795.0,795.35,795.0,795.0,11300
2026-02-03 12:15:00,795.0,795.4,794.95,795.0,6768
2026-02-03 12:20:00,795.0,798.05,795.0,797.65,8712
2026-02-03 12:25:00,797.65,799.0,797.0,797.1,6477
2026-02-03 12:30:00,797.0,797.7,795.35,795.55,11931
2026-02-03 12:35:00,795.55,796.45,795.05,796.05,6073
2026-02-03 12:40:00,795.8,797.7,795.0,795.15,10136
2026-02-03 12:45:00,795.15,795.65,795.0,795.0,6037
2026-02-03 12:50:00,795.05,795.75,795.0,795.0,5662
2026-02-03 12:55:00,795.2,795.4,795.0,795.4,5990
2026-02-03 13:00:00,795.1,795.65,795.0,795.0,7498
2026-02-03 13:05:00,795.15,795.2,793.0,793.85,4002
2026-02-03 13:10:00,793.35,794.3,793.2,794.2,1188
2026-02-03 13:15:00,794.2,795.0,793.55,794.1,1760
2026-02-03 13:20:00,793.95,794.65,793.85,794.15,1386
2026-02-03 13:25:00,794.15,794.5,794.0,794.4,678
2026-02-03 13:30:00,794.25,794.85,793.95,794.25,901
2026-02-03 13:35:00,794.25,794.6,793.85,794.4,1218
2026-02-03 13:40:00,793.85,794.95,793.65,794.2,725
2026-02-03 13:45:00,794.2,795.0,794.2,794.7,732
2026-02-03 13:50:00,794.7,795.0,794.1,794.95,1117
2026-02-03 13:55:00,794.95,795.0,793.25,793.95,1691
2026-02-03 14:00:00,794.0,795.0,794.0,794.6,1215
2026-02-03 14:05:00,794.65,795.0,793.95,794.5,1315
2026-02-03 14:10:00,794.5,795.0,793.85,793.85,2136
2026-02-03 14:15:00,794.1,795.0,793.85,794.65,1333
2026-02-03 14:20:00,794.65,795.7,791.3,792.0,5674
2026-02-03 14:25:00,792.0,792.0,791.25,791.85,2058
2026-02-03 14:30:00,791.85,792.0,791.15,791.65,1787
2026-02-03 14:35:00,791.65,792.0,791.3,791.85,4495
2026-02-03 14:40:00,791.85,792.7,791.5,791.95,18929
2026-02-03 14:45:00,791.45,792.0,791.4,792.0,1916
2026-02-03 14:50:00,792.0,792.0,791.35,791.8,3028
2026-02-03 14:55:00,791.8,792.0,791.25,791.5,6197
2026-02-03 15:00:00,791.5,791.55,790.5,791.1,4515
2026-02-03 15:05:00,791.1,792.0,790.9,791.35,6892
2026-02-03 15:10:00,791.5,791.55,791.1,791.55,2989
2026-02-03 15:15:00,791.55,791.95,790.0,791.85,8844
2026-02-03 15:20:00,791.85,791.85,790.6,790.95,7951
2026-02-03 15:25:00,790.9,791.2,787.6,789.25,13231
2026-02-04 09:15:00,792.95,792.95,784.3,788.0,7670
2026-02-04 09:20:00,788.0,790.3,786.9,789.1,2730
2026-02-04 09:25:00,788.0,790.55,787.55,790.3,4384
2026-02-04 09:30:00,790.3,791.1,788.3,788.55,3707
2026-02-04 09:35:00,788.55,796.0,788.5,795.0,5795
2026-02-04 09:40:00,795.0,798.85,795.0,797.15,4257
2026-02-04 09:45:00,797.15,797.9,797.05,797.05,3509
2026-02-04 09:50:00,797.05,801.7,796.25,799.3,11302
2026-02-04 09:55:00,799.3,804.9,798.7,803.7,23478
2026-02-04 10:00:00,803.1,804.85,798.15,800.8,12867
2026-02-04 10:05:00,801.4,803.0,800.8,802.4,5032
2026-02-04 10:10:00,802.3,803.3,801.95,802.5,7920
2026-02-04 10:15:00,802.5,802.5,799.8,800.0,6504
2026-02-04 10:20:00,800.0,800.0,797.2,798.0,9059
2026-02-04 10:25:00,798.0,799.7,797.6,798.7,2099
2026-02-04 10:30:00,798.0,798.35,793.15,793.2,4599
2026-02-04 10:35:00,793.2,794.05,790.0,790.3,10104
2026-02-04 10:40:00,790.7,792.6,790.0,790.75,7625
2026-02-04 10:45:00,790.75,793.35,790.15,791.2,10195
2026-02-04 10:50:00,791.3,791.35,789.05,789.55,8154
2026-02-04 10:55:00,789.55,790.85,789.55,789.7,4406
2026-02-04 11:00:00,790.0,791.05,789.85,789.95,4599
2026-02-04 11:05:00,789.95,790.6,789.1,789.2,8800
2026-02-04 11:10:00,789.2,790.2,788.3,789.5,7404
2026-02-04 11:15:00,789.55,790.65,789.0,789.8,4399
2026-02-04 11:20:00,789.75,790.0,789.2,789.55,3639
2026-02-04 11:25:00,789.55,790.2,789.55,790.0,3329
2026-02-04 11:30:00,789.9,790.7,789.75,789.95,3120
2026-02-04 11:35:00,790.0,790.7,789.8,789.9,4168
2026-02-04 11:40:00,790.0,790.1,789.9,789.95,3379
2026-02-04 11:45:00,789.95,790.5,789.95,790.05,4963
2026-02-04 11:50:00,790.05,790.55,788.5,789.8,10030
2026-02-04 11:55:00,789.8,790.5,788.55,789.85,3921
2026-02-04 12:00:00,789.85,790.5,788.5,789.05,2881
2026-02-04 12:05:00,789.05,790.35,788.1,789.65,2197
2026-02-04 12:10:00,789.65,795.0,789.65,793.85,5959
2026-02-04 12:15:00,793.85,795.95,793.3,793.4,6326
2026-02-04 12:20:00,793.8,795.1,793.4,794.25,5742
2026-02-04 12:25:00,793.85,795.0,792.5,794.35,10394
2026-02-04 12:30:00,794.35,794.9,793.15,793.2,6562
2026-02-04 12:35:00,793.8,794.5,793.25,793.5,3726
2026-02-04 12:40:00,793.5,795.0,793.5,793.9,8683
2026-02-04 12:45:00,793.9,794.95,792.75,793.35,4438
2026-02-04 12:50:00,793.35,794.4,792.7,793.55,5027
2026-02-04 12:55:00,793.55,795.0,790.35,790.35,2793
2026-02-04 13:00:00,790.25,790.25,789.1,790.0,3946
2026-02-04 13:05:00,789.8,790.55,789.8,790.0,5568
2026-02-04 13:10:00,789.95,790.55,789.25,789.8,3944
2026-02-04 13:15:00,789.8,790.45,789.8,789.95,3678
2026-02-04 13:20:00,789.95,790.4,789.5,789.7,2802
2026-02-04 13:25:00,789.7,790.6,789.7,790.6,3809
2026-02-04 13:30:00,790.6,794.3,790.0,790.05,12006
2026-02-04 13:35:00,790.0,791.75,789.3,790.15,4733
2026-02-04 13:40:00,789.55,790.15,789.2,789.85,3765
2026-02-04 13:45:00,789.8,790.2,789.8,789.9,4745
2026-02-04 13:50:00,789.9,791.45,789.9,789.95,7671
2026-02-04 13:55:00,790.0,790.5,789.9,790.0,10823
2026-02-04 14:00:00,789.9,790.55,789.75,789.9,5100
2026-02-04 14:05:00,789.9,790.7,789.2,790.0,5695
2026-02-04 14:10:00,789.75,790.5,789.5,790.1,13599
2026-02-04 14:15:00,789.95,791.85,789.5,789.85,18670
2026-02-04 14:20:00,789.85,790.35,789.2,789.2,26479
2026-02-04 14:25:00,789.25,790.55,789.25,790.1,3078
2026-02-04 14:30:00,790.1,791.3,789.1,791.1,7979
2026-02-04 14:35:00,790.7,793.15,790.65,791.95,5515
2026-02-04 14:40:00,791.95,793.8,790.55,793.8,4786
2026-02-04 14:45:00,793.8,796.0,792.9,795.1,30348
2026-02-04 14:50:00,795.1,796.7,795.1,795.8,6268
2026-02-04 14:55:00,795.8,797.2,795.7,796.0,4886
2026-02-04 15:00:00,796.0,798.3,795.0,798.3,11571
2026-02-04 15:05:00,798.0,798.5,796.05,797.55,8646
2026-02-04 15:10:00,797.3,797.3,794.8,795.0,61491
2026-02-04 15:15:00,795.95,796.55,794.6,794.8,49493
2026-02-04 15:20:00,795.0,796.85,794.95,795.3,70322
2026-02-04 15:25:00,795.35,796.5,794.85,795.0,59955
2026-02-05 09:15:00,799.0,803.2,791.5,802.9,13257
2026-02-05 09:20:00,803.5,817.6,800.9,815.55,339569
2026-02-05 09:25:00,816.15,826.0,816.0,822.0,57303
2026-02-05 09:30:00,822.0,822.95,818.15,819.85,62118
2026-02-05 09:35:00,819.85,821.45,809.85,812.55,41291
2026-02-05 09:40:00,812.15,812.7,810.1,812.0,16880
2026-02-05 09:45:00,811.5,816.0,811.0,814.75,13486
2026-02-05 09:50:00,814.8,814.8,811.75,812.4,7345
2026-02-05 09:55:00,812.35,813.4,811.15,813.35,3700
2026-02-05 10:00:00,813.35,813.35,811.0,811.35,4909
2026-02-05 10:05:00,811.35,813.8,810.95,813.65,5677
2026-02-05 10:10:00,813.65,818.95,811.4,818.0,14432
2026-02-05 10:15:00,817.1,818.75,814.2,817.45,15463
2026-02-05 10:20:00,817.0,818.9,816.1,817.25,7640
2026-02-05 10:25:00,817.85,821.55,817.05,818.2,15273
2026-02-05 10:30:00,817.45,818.8,813.55,814.1,20866
2026-02-05 10:35:00,813.6,815.1,813.45,814.05,3048
2026-02-05 10:40:00,814.05,814.3,813.0,813.9,3466
2026-02-05 10:45:00,813.5,814.05,811.5,813.45,7913
2026-02-05 10:50:00,812.6,812.75,811.5,811.75,2653
2026-02-05 10:55:00,811.75,813.35,811.15,812.85,4686
2026-02-05 11:00:00,812.95,814.25,812.0,814.0,4622
2026-02-05 11:05:00,814.0,815.95,813.5,814.7,3350
2026-02-05 11:10:00,814.7,821.95,814.7,816.6,58187
2026-02-05 11:15:00,816.6,819.95,815.5,815.95,34416
2026-02-05 11:20:00,815.95,816.75,813.5,815.05,13873
2026-02-05 11:25:00,815.05,817.8,814.8,817.7,5053
2026-02-05 11:30:00,817.65,817.7,817.0,817.3,4711
2026-02-05 11:35:00,817.3,819.0,816.7,817.0,12210
2026-02-05 11:40:00,817.05,817.7,814.35,814.85,6615
2026-02-05 11:45:00,814.85,815.0,812.05,812.45,6342
2026-02-05 11:50:00,812.45,817.95,810.65,816.65,30760
2026-02-05 11:55:00,816.65,820.9,816.65,819.05,16722
2026-02-05 12:00:00,819.45,819.5,817.4,819.5,7302
2026-02-05 12:05:00,819.7,820.1,817.35,817.9,7662
2026-02-05 12:10:00,817.5,818.0,816.0,816.75,18475
2026-02-05 12:15:00,816.75,819.4,816.75,817.75,3099
2026-02-05 12:20:00,817.75,818.5,817.35,817.75,2884
2026-02-05 12:25:00,817.75,820.0,817.7,819.5,4342
2026-02-05 12:30:00,819.9,819.95,818.3,818.65,3270
2026-02-05 12:35:00,818.65,818.7,817.55,818.3,1968
2026-02-05 12:40:00,818.05,822.4,817.5,821.9,16140
2026-02-05 12:45:00,821.5,824.7,821.05,822.85,40896
2026-02-05 12:50:00,822.85,824.35,821.45,822.0,9035
2026-02-05 12:55:00,821.6,824.5,819.85,822.25,7504
2026-02-05 13:00:00,822.1,824.5,822.05,822.4,8872
2026-02-05 13:05:00,822.4,824.95,822.4,824.1,12082
2026-02-05 13:10:00,824.05,828.4,822.4,825.65,53388
2026-02-05 13:15:00,824.45,825.2,819.0,820.25,25611
2026-02-05 13:20:00,820.25,820.25,817.5,819.05,13993
2026-02-05 13:25:00,818.9,819.25,817.0,817.3,7479
2026-02-05 13:30:00,817.3,818.9,817.3,818.4,3021
2026-02-05 13:35:00,818.4,819.8,818.0,819.65,3407
2026-02-05 13:40:00,819.65,819.65,817.85,818.45,2423
2026-02-05 13:45:00,818.45,823.9,817.9,822.9,7820
2026-02-05 13:50:00,822.9,823.9,822.05,822.8,6042
2026-02-05 13:55:00,822.0,825.9,822.0,822.85,20171
2026-02-05 14:00:00,823.6,823.85,821.0,821.0,4973
2026-02-05 14:05:00,821.0,821.75,821.0,821.0,5189
2026-02-05 14:10:00,821.0,824.5,820.2,824.1,6097
2026-02-05 14:15:00,824.1,826.5,823.55,825.25,6355
2026-02-05 14:20:00,825.8,829.5,825.0,827.5,24402
2026-02-05 14:25:00,828.2,828.2,825.0,826.8,10596
2026-02-05 14:30:00,826.8,827.5,825.55,825.75,9970
2026-02-05 14:35:00,825.75,827.15,824.95,826.5,14578
2026-02-05 14:40:00,826.5,831.7,826.5,828.4,26172
2026-02-05 14:45:00,828.4,829.25,828.0,828.85,17318
2026-02-05 14:50:00,829.0,829.95,826.55,829.65,18829
2026-02-05 14:55:00,829.65,832.4,829.0,830.0,14487
2026-02-05 15:00:00,830.0,832.2,830.0,830.35,13991
2026-02-05 15:05:00,830.6,833.9,829.75,831.2,19778
2026-02-05 15:10:00,831.45,833.0,830.5,831.85,22346
2026-02-05 15:15:00,831.95,835.85,831.6,834.95,46528
2026-02-05 15:20:00,835.8,840.0,828.0,832.6,47643
2026-02-05 15:25:00,833.35,833.35,829.05,829.05,20522
2026-02-06 09:15:00,830.0,835.15,825.2,834.0,15296
2026-02-06 09:20:00,834.0,842.95,834.0,839.95,51503
2026-02-06 09:25:00,839.05,839.85,836.15,839.0,18705
2026-02-06 09:30:00,837.9,838.55,836.0,836.0,15353
2026-02-06 09:35:00,836.0,844.0,836.0,840.4,25456
2026-02-06 09:40:00,840.35,841.0,836.1,838.75,11218
2026-02-06 09:45:00,838.75,844.95,838.75,841.8,16580
2026-02-06 09:50:00,841.8,843.0,839.95,842.35,7200
2026-02-06 09:55:00,842.8,845.0,842.0,843.1,11032
2026-02-06 10:00:00,843.1,843.9,842.2,842.6,12194
2026-02-06 10:05:00,843.0,843.0,836.3,837.3,18762
2026-02-06 10:10:00,837.3,837.7,836.0,836.25,12408
2026-02-06 10:15:00,836.0,839.25,834.3,839.0,28229
2026-02-06 10:20:00,839.0,840.55,837.55,838.35,5541
2026-02-06 10:25:00,838.15,838.5,836.0,836.55,8333
2026-02-06 10:30:00,836.95,838.05,834.5,837.9,10678
2026-02-06 10:35:00,837.9,838.6,836.75,838.55,3504
2026-02-06 10:40:00,838.55,842.0,837.5,840.1,8146
2026-02-06 10:45:00,840.0,840.0,837.0,838.45,5380
2026-02-06 10:50:00,838.45,839.35,836.3,837.5,7462
2026-02-06 10:55:00,837.5,838.05,836.0,837.5,8465
2026-02-06 11:00:00,838.05,838.45,837.8,838.0,644
2026-02-06 11:05:00,838.0,839.7,838.0,839.1,2621
2026-02-06 11:10:00,839.1,839.9,838.6,839.85,1485
2026-02-06 11:15:00,839.85,839.85,837.9,838.5,2113
2026-02-06 11:20:00,838.5,840.8,837.95,840.0,8138
2026-02-06 11:25:00,840.0,840.0,838.45,838.6,1835
2026-02-06 11:30:00,838.6,842.55,837.5,840.9,6299
2026-02-06 11:35:00,840.85,843.5,840.5,843.2,4199
2026-02-06 11:40:00,843.2,843.2,841.15,841.85,4449
2026-02-06 11:45:00,841.85,842.0,840.6,841.6,3058
2026-02-06 11:50:00,841.6,842.85,840.8,842.0,1658
2026-02-06 11:55:00,842.0,842.0,839.95,840.7,4382
2026-02-06 12:00:00,840.7,840.9,839.85,840.6,966
2026-02-06 12:05:00,840.5,840.7,838.1,838.65,1820
2026-02-06 12:10:00,838.65,839.95,838.2,839.6,1323
2026-02-06 12:15:00,839.35,839.85,838.1,838.5,3861
2026-02-06 12:20:00,838.5,838.75,837.45,838.75,1429
2026-02-06 12:25:00,838.75,838.75,837.85,838.35,710
2026-02-06 12:30:00,838.35,838.75,837.55,837.95,2335
2026-02-06 12:35:00,837.95,839.7,837.95,838.85,903
2026-02-06 12:40:00,838.85,839.5,837.55,838.75,1443
2026-02-06 12:45:00,838.75,840.0,838.05,840.0,3275
2026-02-06 12:50:00,840.0,840.0,838.7,838.7,521
2026-02-06 12:55:00,838.75,839.45,838.1,838.95,6542
2026-02-06 13:00:00,838.95,839.95,838.8,839.9,3063
2026-02-06 13:05:00,839.9,842.0,839.35,840.4,4433
2026-02-06 13:10:00,840.4,841.35,840.4,840.8,522
2026-02-06 13:15:00,840.8,842.0,840.45,841.35,1635
2026-02-06 13:20:00,841.35,842.0,840.4,840.4,1067
2026-02-06 13:25:00,840.4,841.9,840.4,840.65,687
2026-02-06 13:30:00,840.65,841.0,839.75,840.15,3590
2026-02-06 13:35:00,840.15,841.5,840.15,841.5,1416
2026-02-06 13:40:00,841.2,843.0,841.2,842.15,2672
2026-02-06 13:45:00,842.15,842.85,840.8,842.85,2152
2026-02-06 13:50:00,842.85,843.0,841.45,842.75,4145
2026-02-06 13:55:00,842.75,848.55,841.5,848.55,21338
2026-02-06 14:00:00,848.15,849.55,847.0,847.5,11207
2026-02-06 14:05:00,847.5,851.8,847.0,849.9,21992
2026-02-06 14:10:00,850.2,852.8,849.55,852.15,9356
2026-02-06 14:15:00,852.0,853.5,850.8,851.35,7907
2026-02-06 14:20:00,851.35,852.55,851.35,852.5,3404
2026-02-06 14:25:00,852.55,854.5,851.2,851.35,8895
2026-02-06 14:30:00,851.35,852.5,850.65,852.2,5743
2026-02-06 14:35:00,852.2,852.5,851.4,852.45,1839
2026-02-06 14:40:00,851.75,854.35,851.75,853.4,3664
2026-02-06 14:45:00,853.4,855.0,853.4,854.25,8626
2026-02-06 14:50:00,854.25,855.5,853.5,853.95,10252
2026-02-06 14:55:00,854.0,857.5,854.0,856.75,8802
2026-02-06 15:00:00,856.75,858.45,855.55,855.6,13712
2026-02-06 15:05:00,856.0,856.8,855.0,855.95,5833
2026-02-06 15:10:00,855.85,857.15,855.65,856.6,6276
2026-02-06 15:15:00,856.25,857.65,853.95,854.05,13813
2026-02-06 15:20:00,854.05,854.95,852.1,852.9,10720
2026-02-06 15:25:00,852.95,854.0,850.0,851.0,22727
2026-02-09 09:15:00,865.0,869.35,855.05,861.3,53327
2026-02-09 09:20:00,861.4,863.0,858.1,863.0,10632
2026-02-09 09:25:00,865.1,871.0,863.1,871.0,11288
2026-02-09 09:30:00,870.35,874.3,869.4,874.3,13620
2026-02-09 09:35:00,874.15,874.65,869.45,869.45,8317
2026-02-09 09:40:00,869.45,871.9,868.0,870.9,6071
2026-02-09 09:45:00,870.9,873.15,870.4,870.8,6007
2026-02-09 09:50:00,870.8,874.9,870.55,874.3,9350
2026-02-09 09:55:00,874.95,877.45,874.0,876.5,15377
2026-02-09 10:00:00,877.0,883.9,875.65,881.3,30161
2026-02-09 10:05:00,881.15,888.5,880.0,887.5,22474
2026-02-09 10:10:00,888.5,888.5,885.3,885.35,5903
2026-02-09 10:15:00,885.25,887.5,884.8,885.9,9322
2026-02-09 10:20:00,885.9,886.95,885.2,886.95,6538
2026-02-09 10:25:00,886.5,889.6,886.5,889.1,11412
2026-02-09 10:30:00,889.45,890.8,887.4,890.25,9381
2026-02-09 10:35:00,890.25,893.25,890.0,890.55,12195
2026-02-09 10:40:00,890.55,893.0,890.35,891.95,6356
2026-02-09 10:45:00,892.0,896.2,892.0,894.7,13802
2026-02-09 10:50:00,895.4,896.55,894.0,896.55,6794
2026-02-09 10:55:00,896.55,898.0,895.25,897.05,11554
2026-02-09 11:00:00,897.05,897.7,890.0,894.0,13303
2026-02-09 11:05:00,894.35,894.9,892.8,893.2,2133
2026-02-09 11:10:00,893.2,894.0,892.55,893.8,6595
2026-02-09 11:15:00,893.15,894.6,890.55,891.6,15040
2026-02-09 11:20:00,891.6,893.25,891.55,892.35,2951
2026-02-09 11:25:00,892.55,892.95,890.35,892.3,6667
2026-02-09 11:30:00,892.3,892.45,891.0,892.3,7073
2026-02-09 11:35:00,892.3,893.7,891.9,892.1,3315
2026-02-09 11:40:00,892.1,892.6,891.6,892.0,2224
2026-02-09 11:45:00,892.0,892.6,891.85,892.0,1719
2026-02-09 11:50:00,892.0,892.5,890.5,890.5,5223
2026-02-09 11:55:00,890.5,892.0,890.0,891.1,4415
2026-02-09 12:00:00,891.2,891.65,891.0,891.45,1279
2026-02-09 12:05:00,891.45,894.05,891.05,893.45,3159
2026-02-09 12:10:00,893.45,894.35,892.45,892.75,1200
2026-02-09 12:15:00,893.1,894.05,893.1,893.1,2420
2026-02-09 12:20:00,893.1,894.0,892.8,893.7,1641
2026-02-09 12:25:00,893.7,894.65,893.55,894.2,2550
2026-02-09 12:30:00,894.2,894.65,893.4,894.65,3222
2026-02-09 12:35:00,894.7,895.95,894.2,895.0,5231
2026-02-09 12:40:00,895.0,895.05,894.5,895.0,969
2026-02-09 12:45:00,895.0,895.0,894.15,894.2,845
2026-02-09 12:50:00,894.2,895.0,894.0,894.1,3720
2026-02-09 12:55:00,893.4,895.5,893.4,895.5,2122
2026-02-09 13:00:00,895.0,896.7,894.85,895.55,3754
2026-02-09 13:05:00,896.1,896.1,895.0,895.9,787
2026-02-09 13:10:00,895.9,895.9,894.35,894.95,2144
2026-02-09 13:15:00,894.95,895.1,894.5,895.0,1014
2026-02-09 13:20:00,895.0,895.15,893.0,895.15,4548
2026-02-09 13:25:00,894.55,897.7,894.55,896.2,5742
2026-02-09 13:30:00,896.35,899.8,896.2,898.6,8544
2026-02-09 13:35:00,898.4,898.85,897.2,898.5,4188
2026-02-09 13:40:00,898.5,899.5,897.6,898.1,2820
2026-02-09 13:45:00,898.1,898.75,898.0,898.05,1039
2026-02-09 13:50:00,898.05,899.4,898.0,898.5,3295
2026-02-09 13:55:00,898.25,900.0,897.2,898.0,10037
2026-02-09 14:00:00,898.0,900.0,897.85,899.0,5826
2026-02-09 14:05:00,899.0,900.95,899.0,899.1,5661
2026-02-09 14:10:00,899.05,899.1,897.5,898.5,3786
2026-02-09 14:15:00,898.5,899.0,897.55,898.05,2609
2026-02-09 14:20:00,898.05,898.95,897.55,897.7,2147
2026-02-09 14:25:00,898.4,899.65,897.65,899.2,4995
2026-02-09 14:30:00,899.0,899.45,898.25,898.5,1682
2026-02-09 14:35:00,898.5,900.0,897.4,899.7,6935
2026-02-09 14:40:00,900.0,900.35,896.85,898.0,9114
2026-02-09 14:45:00,898.0,898.6,897.0,898.5,2053
2026-02-09 14:50:00,898.5,898.5,897.25,898.05,2939
2026-02-09 14:55:00,898.05,899.1,897.5,898.0,3778
2026-02-09 15:00:00,898.3,898.85,897.25,897.95,6433
2026-02-09 15:05:00,897.95,905.8,897.95,905.05,30880
2026-02-09 15:10:00,905.05,907.75,904.45,907.75,15127
2026-02-09 15:15:00,907.8,909.45,906.1,908.45,38458
2026-02-09 15:20:00,908.75,910.5,906.5,910.4,38577
2026-02-09 15:25:00,911.15,914.1,908.95,910.05,42075
2026-02-10 09:15:00,905.95,922.4,901.75,918.5,45928
2026-02-10 09:20:00,918.5,919.15,910.8,912.6,25847
2026-02-10 09:25:00,913.5,913.8,908.55,910.15,15959
2026-02-10 09:30:00,910.55,910.75,905.35,906.25,11932
2026-02-10 09:35:00,906.25,906.95,899.45,900.2,17056
2026-02-10 09:40:00,900.85,900.85,895.65,897.1,6146
2026-02-10 09:45:00,897.0,898.35,896.0,896.65,3816
2026-02-10 09:50:00,896.65,896.65,892.95,893.0,10138
2026-02-10 09:55:00,893.0,896.4,892.6,893.25,5085
2026-02-10 10:00:00,893.25,898.15,893.25,895.25,3855
2026-02-10 10:05:00,896.2,896.2,893.5,894.25,2459
2026-02-10 10:10:00,894.25,899.55,894.0,898.25,6750
2026-02-10 10:15:00,898.6,907.15,898.6,902.85,15307
2026-02-10 10:20:00,902.15,903.55,901.25,902.2,1923
2026-02-10 10:25:00,902.15,902.65,901.0,902.15,1507
2026-02-10 10:30:00,902.15,903.8,901.0,902.95,2936
2026-02-10 10:35:00,902.95,906.9,902.95,905.5,6140
2026-02-10 10:40:00,905.5,908.65,905.05,905.25,8176
2026-02-10 10:45:00,905.25,905.8,904.0,904.0,2591
2026-02-10 10:50:00,904.0,904.5,902.65,902.65,4705
2026-02-10 10:55:00,902.65,903.65,902.0,902.6,1861
2026-02-10 11:00:00,902.6,906.0,902.0,906.0,2451
2026-02-10 11:05:00,905.45,905.45,903.3,903.3,3143
2026-02-10 11:10:00,903.3,904.25,902.7,904.0,436
2026-02-10 11:15:00,904.0,904.45,902.95,903.0,1851
2026-02-10 11:20:00,903.0,906.5,902.75,906.5,3768
2026-02-10 11:25:00,906.9,906.9,905.05,906.2,932
2026-02-10 11:30:00,906.35,907.45,905.55,906.05,1318
2026-02-10 11:35:00,906.05,906.45,904.1,904.75,2308
2026-02-10 11:40:00,904.75,905.45,904.75,904.75,951
2026-02-10 11:45:00,905.0,905.0,902.1,902.85,2760
2026-02-10 11:50:00,902.2,905.0,902.15,905.0,2029
2026-02-10 11:55:00,905.0,905.1,904.0,904.5,756
2026-02-10 12:00:00,905.0,907.55,904.0,907.55,3794
2026-02-10 12:05:00,907.55,907.55,904.55,904.55,5773
2026-02-10 12:10:00,904.6,904.65,897.8,900.45,9695
2026-02-10 12:15:00,900.45,900.45,896.5,896.5,1789
2026-02-10 12:20:00,896.5,904.0,894.9,900.3,12933
2026-02-10 12:25:00,900.3,901.0,900.1,900.1,456
2026-02-10 12:30:00,900.1,902.65,900.1,901.05,930
2026-02-10 12:35:00,901.7,902.3,899.35,899.35,2183
2026-02-10 12:40:00,899.35,902.4,899.35,900.0,1625
2026-02-10 12:45:00,900.0,900.4,896.85,897.5,3044
2026-02-10 12:50:00,897.5,897.8,896.25,897.8,1731
2026-02-10 12:55:00,897.45,900.6,896.9,899.15,2990
2026-02-10 13:00:00,899.75,899.85,898.2,898.95,360
2026-02-10 13:05:00,898.95,898.95,898.0,898.75,492
2026-02-10 13:10:00,898.75,898.9,897.6,898.5,1114
2026-02-10 13:15:00,898.5,898.85,897.2,897.7,1354
2026-02-10 13:20:00,897.7,898.8,896.5,897.05,10765
2026-02-10 13:25:00,897.05,900.1,896.35,897.4,6651
2026-02-10 13:30:00,897.4,898.2,895.8,896.25,1017
2026-02-10 13:35:00,896.25,896.25,894.5,894.95,1490
2026-02-10 13:40:00,894.95,896.7,894.3,895.0,1682
2026-02-10 13:45:00,895.0,895.75,894.25,895.75,9289
2026-02-10 13:50:00,895.75,896.0,895.05,896.0,542
2026-02-10 13:55:00,896.0,896.0,893.5,893.5,1593
2026-02-10 14:00:00,893.5,893.95,891.2,891.45,3716
2026-02-10 14:05:00,892.0,893.6,891.45,893.0,1450
2026-02-10 14:10:00,893.0,893.15,891.85,892.95,1123
2026-02-10 14:15:00,892.95,893.55,892.15,893.55,752
2026-02-10 14:20:00,893.55,893.7,890.6,891.45,2610
2026-02-10 14:25:00,891.45,891.95,890.15,890.15,518
2026-02-10 14:30:00,890.15,891.5,885.0,887.1,19489
2026-02-10 14:35:00,887.1,887.8,886.0,886.5,4892
2026-02-10 14:40:00,886.8,886.85,882.75,883.85,4641
2026-02-10 14:45:00,883.85,884.55,883.0,884.05,3164
2026-02-10 14:50:00,884.05,884.5,883.55,883.95,1705
2026-02-10 14:55:00,883.95,884.05,883.1,883.95,2697
2026-02-10 15:00:00,883.95,884.35,883.1,884.35,3584
2026-02-10 15:05:00,884.35,884.75,883.3,883.85,4039
2026-02-10 15:10:00,883.9,884.25,882.25,884.0,9952
2026-02-10 15:15:00,884.0,885.85,881.4,883.4,9192
2026-02-10 15:20:00,884.6,884.85,881.0,882.6,7158
2026-02-10 15:25:00,882.05,884.05,881.0,881.8,9812
2026-02-11 09:15:00,890.0,898.05,886.95,897.8,39132
2026-02-11 09:20:00,896.65,908.0,895.5,907.0,23372
2026-02-11 09:25:00,907.0,913.35,905.1,910.1,32557
2026-02-11 09:30:00,910.1,913.0,908.15,910.05,32016
2026-02-11 09:35:00,910.05,911.2,899.1,899.1,36943
2026-02-11 09:40:00,899.85,903.0,896.2,902.0,16087
2026-02-11 09:45:00,902.0,905.7,901.25,902.95,17794
2026-02-11 09:50:00,902.5,904.6,901.1,903.9,9508
2026-02-11 09:55:00,903.9,911.8,903.9,910.0,15036
2026-02-11 10:00:00,909.85,915.6,909.7,912.85,27189
2026-02-11 10:05:00,912.85,919.0,912.85,917.6,23936
2026-02-11 10:10:00,917.7,918.5,915.0,916.2,14665
2026-02-11 10:15:00,915.3,919.95,915.3,917.9,27279
2026-02-11 10:20:00,918.4,919.0,916.0,916.65,10997
2026-02-11 10:25:00,916.0,917.0,915.0,916.9,10984
2026-02-11 10:30:00,916.8,916.8,915.0,915.0,12591
2026-02-11 10:35:00,915.0,916.0,915.0,915.0,7001
2026-02-11 10:40:00,915.0,915.5,911.15,915.0,14794
2026-02-11 10:45:00,914.4,915.5,905.0,907.4,19217
2026-02-11 10:50:00,907.4,909.45,907.2,908.0,6498
2026-02-11 10:55:00,908.55,909.45,907.6,908.15,4752
2026-02-11 11:00:00,908.65,909.3,907.2,908.25,5533
2026-02-11 11:05:00,908.25,909.35,906.15,906.85,3175
2026-02-11 11:10:00,906.85,907.3,905.0,905.2,7099
2026-02-11 11:15:00,905.15,905.55,905.0,905.0,2438
2026-02-11 11:20:00,905.0,906.0,905.0,905.3,9185
2026-02-11 11:25:00,905.3,905.85,904.4,905.75,2114
2026-02-11 11:30:00,905.75,905.75,905.0,905.2,2255
2026-02-11 11:35:00,905.2,906.4,905.0,906.0,1160
2026-02-11 11:40:00,906.35,908.25,906.0,908.25,3602
2026-02-11 11:45:00,907.9,907.9,905.5,905.5,3846
2026-02-11 11:50:00,905.0,905.0,901.6,902.15,5932
2026-02-11 11:55:00,902.15,902.75,901.2,901.2,1327
2026-02-11 12:00:00,901.2,906.9,899.5,906.1,9974
2026-02-11 12:05:00,905.5,911.45,905.0,909.85,19527
2026-02-11 12:10:00,910.0,910.65,908.05,910.0,6063
2026-02-11 12:15:00,910.0,910.0,904.7,905.45,3552
2026-02-11 12:20:00,905.45,908.15,904.25,908.0,3166
2026-02-11 12:25:00,908.0,908.0,905.95,906.55,985
2026-02-11 12:30:00,906.65,906.85,905.05,905.15,2737
2026-02-11 12:35:00,905.15,906.15,905.0,905.15,2153
2026-02-11 12:40:00,905.15,905.15,902.85,904.3,3953
2026-02-11 12:45:00,904.45,904.45,897.8,901.65,12779
2026-02-11 12:50:00,902.7,902.75,900.0,901.8,6423
2026-02-11 12:55:00,901.8,903.65,901.25,903.25,5081
2026-02-11 13:00:00,903.3,908.0,902.45,908.0,4466
2026-02-11 13:05:00,907.5,909.45,906.5,907.45,7734
2026-02-11 13:10:00,907.45,912.1,907.45,911.45,7164
2026-02-11 13:15:00,911.45,913.0,911.2,912.15,4102
2026-02-11 13:20:00,912.15,912.5,910.2,911.6,9152
2026-02-11 13:25:00,911.6,912.4,910.7,912.0,3435
2026-02-11 13:30:00,912.0,915.0,911.5,914.5,3788
2026-02-11 13:35:00,914.5,916.0,914.4,914.6,8183
2026-02-11 13:40:00,914.55,915.4,913.6,915.0,10902
2026-02-11 13:45:00,914.0,915.5,912.8,914.5,3315
2026-02-11 13:50:00,914.5,915.8,913.4,913.4,5934
2026-02-11 13:55:00,913.4,914.35,912.7,913.45,4348
2026-02-11 14:00:00,913.0,914.15,911.2,911.25,9511
2026-02-11 14:05:00,911.25,911.25,907.5,907.5,6635
2026-02-11 14:10:00,908.1,911.0,907.4,909.95,3375
2026-02-11 14:15:00,909.95,911.65,909.45,910.0,3145
2026-02-11 14:20:00,910.0,911.05,908.2,910.4,5069
2026-02-11 14:25:00,911.6,916.0,911.6,913.55,13906
2026-02-11 14:30:00,912.75,915.0,912.75,914.0,6019
2026-02-11 14:35:00,913.95,914.8,911.7,912.7,4520
2026-02-11 14:40:00,912.7,912.85,910.5,912.3,2115
2026-02-11 14:45:00,912.3,912.3,911.0,911.05,1381
2026-02-11 14:50:00,911.05,911.75,909.5,909.8,3737
2026-02-11 14:55:00,909.8,916.25,909.8,915.8,11024
2026-02-11 15:00:00,915.7,916.85,915.2,916.15,17040
2026-02-11 15:05:00,916.0,916.0,915.0,915.5,8839
2026-02-11 15:10:00,915.5,917.65,913.85,917.65,37856
2026-02-11 15:15:00,917.05,918.15,915.85,917.1,16360
2026-02-11 15:20:00,917.2,918.2,915.45,916.0,12019
2026-02-11 15:25:00,916.0,916.65,915.0,916.05,14885
2026-02-12 09:15:00,915.9,915.9,905.5,906.0,21247
2026-02-12 09:20:00,905.5,908.95,905.0,905.4,6802
2026-02-12 09:25:00,905.4,907.2,904.95,906.15,5678
2026-02-12 09:30:00,906.15,908.45,904.5,906.95,2505
2026-02-12 09:35:00,907.0,907.5,903.5,905.75,7033
2026-02-12 09:40:00,906.0,906.0,902.0,902.7,4094
2026-02-12 09:45:00,902.9,902.9,899.35,901.85,17031
2026-02-12 09:50:00,903.85,904.65,898.5,900.1,6151
2026-02-12 09:55:00,900.1,904.6,900.1,904.0,4715
2026-02-12 10:00:00,904.5,906.5,903.05,904.0,2016
2026-02-12 10:05:00,904.0,904.0,901.15,901.8,1399
2026-02-12 10:10:00,901.8,902.9,900.15,901.8,2719
2026-02-12 10:15:00,901.8,902.1,900.75,901.95,5496
2026-02-12 10:20:00,901.95,902.45,900.0,902.4,3971
2026-02-12 10:25:00,902.4,902.4,900.0,900.15,1053
2026-02-12 10:30:00,900.7,900.7,899.0,899.05,2726
2026-02-12 10:35:00,899.05,899.4,896.05,898.25,5025
2026-02-12 10:40:00,898.25,898.7,898.0,898.4,662
2026-02-12 10:45:00,898.1,898.85,895.2,896.0,12252
2026-02-12 10:50:00,896.0,896.0,893.45,894.2,2910
2026-02-12 10:55:00,894.2,894.75,893.2,893.2,2118
2026-02-12 11:00:00,893.2,895.0,893.2,894.45,4714
2026-02-12 11:05:00,894.45,894.95,893.2,893.25,1458
2026-02-12 11:10:00,893.3,898.65,891.9,898.0,6317
2026-02-12 11:15:00,898.0,900.0,897.25,898.3,5749
2026-02-12 11:20:00,898.3,899.85,898.0,898.5,2348
2026-02-12 11:25:00,898.5,899.65,898.0,899.0,1399
2026-02-12 11:30:00,899.0,899.0,897.05,898.35,1019
2026-02-12 11:35:00,898.0,898.4,893.7,894.3,2223
2026-02-12 11:40:00,894.55,896.8,893.65,896.5,1002
2026-02-12 11:45:00,896.5,896.5,895.75,896.45,678
2026-02-12 11:50:00,896.45,896.5,893.55,894.0,2017
2026-02-12 11:55:00,894.0,894.0,893.25,893.45,1045
2026-02-12 12:00:00,893.45,893.95,893.0,893.45,510
2026-02-12 12:05:00,893.45,894.65,893.45,894.1,1027
2026-02-12 12:10:00,894.1,894.4,891.25,891.8,6115
2026-02-12 12:15:00,891.8,892.45,890.9,891.8,5590
2026-02-12 12:20:00,891.85,893.5,891.5,893.45,573
2026-02-12 12:25:00,893.45,893.5,891.9,892.55,780
2026-02-12 12:30:00,892.55,892.65,890.65,891.4,3394
2026-02-12 12:35:00,891.4,891.4,890.55,891.0,851
2026-02-12 12:40:00,891.0,891.35,890.5,891.3,500
2026-02-12 12:45:00,891.3,891.3,889.15,889.75,2349
2026-02-12 12:50:00,889.75,891.0,889.4,890.75,1134
2026-02-12 12:55:00,890.75,891.0,890.0,890.0,1307
2026-02-12 13:00:00,889.6,890.4,888.0,890.25,6311
2026-02-12 13:05:00,890.25,890.4,888.0,888.9,718
2026-02-12 13:10:00,888.9,890.0,888.9,889.9,668
2026-02-12 13:15:00,889.9,891.35,889.55,890.65,2198
2026-02-12 13:20:00,890.65,891.85,890.0,891.15,1731
2026-02-12 13:25:00,891.15,893.7,891.1,893.0,4294
2026-02-12 13:30:00,893.0,893.1,892.05,892.65,1035
2026-02-12 13:35:00,892.7,893.85,892.7,893.55,1850
2026-02-12 13:40:00,893.55,893.85,892.0,893.35,1206
2026-02-12 13:45:00,893.35,895.95,893.0,895.7,3227
2026-02-12 13:50:00,895.0,896.5,895.0,895.6,2336
2026-02-12 13:55:00,895.6,896.3,895.0,895.7,593
2026-02-12 14:00:00,895.7,896.0,895.0,895.0,1938
2026-02-12 14:05:00,895.0,895.95,894.0,895.0,2221
2026-02-12 14:10:00,894.5,898.4,894.5,898.4,8491
2026-02-12 14:15:00,898.4,898.45,896.65,897.85,2657
2026-02-12 14:20:00,898.0,898.75,897.4,898.05,2259
2026-02-12 14:25:00,898.05,898.7,897.05,897.05,1178
2026-02-12 14:30:00,897.0,898.5,897.0,898.05,1157
2026-02-12 14:35:00,898.0,898.35,897.0,898.0,12865
2026-02-12 14:40:00,898.0,898.25,896.15,898.0,4406
2026-02-12 14:45:00,898.0,898.0,888.5,889.8,10427
2026-02-12 14:50:00,889.8,890.5,888.25,889.5,2623
2026-02-12 14:55:00,889.5,889.5,888.25,889.35,2473
2026-02-12 15:00:00,889.35,890.25,887.8,889.35,15106
2026-02-12 15:05:00,889.35,889.6,887.15,887.9,3005
2026-02-12 15:10:00,888.35,889.6,887.55,887.8,4408
2026-02-12 15:15:00,887.4,889.85,887.4,888.5,8745
2026-02-12 15:20:00,888.2,889.8,884.05,885.5,11105
2026-02-12 15:25:00,885.5,891.0,885.2,888.0,7531
2026-02-13 09:15:00,888.0,889.05,867.8,875.3,22380
2026-02-13 09:20:00,876.4,885.45,873.45,881.95,20075
2026-02-13 09:25:00,881.95,882.15,879.4,880.2,2149
2026-02-13 09:30:00,880.25,882.0,878.0,878.0,4141
2026-02-13 09:35:00,878.0,880.0,878.0,878.05,2951
2026-02-13 09:40:00,879.0,887.4,879.0,886.35,9275
2026-02-13 09:45:00,886.35,887.4,882.85,884.05,5218
2026-02-13 09:50:00,883.8,884.9,883.0,884.2,1221
2026-02-13 09:55:00,884.2,887.0,883.65,883.95,3201
2026-02-13 10:00:00,883.75,885.7,883.3,884.2,1160
2026-02-13 10:05:00,883.4,893.9,883.4,892.85,6048
2026-02-13 10:10:00,892.85,896.1,891.6,894.1,7239
2026-02-13 10:15:00,893.85,895.0,888.2,895.0,19339
2026-02-13 10:20:00,895.5,899.9,894.6,897.2,18113
2026-02-13 10:25:00,897.5,902.0,895.85,898.05,21672
2026-02-13 10:30:00,899.2,902.0,898.05,900.0,11240
2026-02-13 10:35:00,900.0,900.9,893.85,897.7,22188
2026-02-13 10:40:00,897.7,899.25,897.4,898.1,7529
2026-02-13 10:45:00,898.1,899.5,893.3,895.95,10291
2026-02-13 10:50:00,895.95,897.65,895.0,895.0,3722
2026-02-13 10:55:00,895.2,900.05,894.15,896.5,9793
2026-02-13 11:00:00,896.55,900.95,894.8,900.0,7983
2026-02-13 11:05:00,900.0,900.0,896.6,896.6,3186
2026-02-13 11:10:00,897.4,899.0,897.4,898.8,2234
2026-02-13 11:15:00,898.15,900.85,898.05,900.0,3242
2026-02-13 11:20:00,900.0,900.0,898.3,899.25,3393
2026-02-13 11:25:00,899.3,900.8,896.2,899.6,6063
2026-02-13 11:30:00,899.6,899.85,898.05,898.4,3198
2026-02-13 11:35:00,898.5,899.55,897.0,898.85,3499
2026-02-13 11:40:00,898.85,899.6,897.5,899.6,3679
2026-02-13 11:45:00,899.8,900.35,898.05,899.0,3098
2026-02-13 11:50:00,899.0,899.8,898.1,898.85,2596
2026-02-13 11:55:00,899.0,900.65,898.4,900.45,3226
2026-02-13 12:00:00,900.5,901.0,899.6,900.5,5883
2026-02-13 12:05:00,901.05,904.3,900.5,903.5,4988
2026-02-13 12:10:00,903.15,906.25,902.0,904.85,15837
2026-02-13 12:15:00,905.0,905.5,902.9,905.0,2553
2026-02-13 12:20:00,905.0,905.0,901.1,902.15,4575
2026-02-13 12:25:00,901.35,902.1,901.05,902.0,1293
2026-02-13 12:30:00,902.0,902.0,901.0,901.7,1107
2026-02-13 12:35:00,901.7,902.0,900.65,901.7,2336
2026-02-13 12:40:00,901.7,901.7,900.45,901.25,1240
2026-02-13 12:45:00,900.7,901.8,900.25,901.45,2844
2026-02-13 12:50:00,900.6,901.45,899.0,900.85,20100
2026-02-13 12:55:00,899.85,901.25,899.85,900.05,5960
2026-02-13 13:00:00,900.05,901.4,900.0,900.45,10085
2026-02-13 13:05:00,900.45,901.75,896.55,896.55,10421
2026-02-13 13:10:00,896.55,900.5,896.55,900.3,9305
2026-02-13 13:15:00,900.0,901.95,900.0,901.8,3598
2026-02-13 13:20:00,901.8,901.8,897.0,898.15,8628
2026-02-13 13:25:00,898.8,900.85,898.2,900.4,4900
2026-02-13 13:30:00,900.0,900.5,898.9,900.05,9934
2026-02-13 13:35:00,900.05,901.4,900.0,901.0,3436
2026-02-13 13:40:00,901.0,901.85,900.15,901.45,1752
2026-02-13 13:45:00,900.9,903.4,900.9,902.0,9021
2026-02-13 13:50:00,902.0,902.0,901.35,902.0,1634
2026-02-13 13:55:00,901.4,902.0,901.3,902.0,1644
2026-02-13 14:00:00,901.8,903.0,901.6,902.15,4102
2026-02-13 14:05:00,902.45,903.0,901.0,901.05,2930
2026-02-13 14:10:00,901.0,902.85,901.0,901.95,2454
2026-02-13 14:15:00,902.0,902.0,900.55,901.5,1975
2026-02-13 14:20:00,901.2,902.7,901.0,902.2,1565
2026-02-13 14:25:00,902.2,902.75,901.0,902.0,2277
2026-02-13 14:30:00,902.05,902.3,900.4,901.35,3068
2026-02-13 14:35:00,901.35,902.5,900.0,902.0,9404
2026-02-13 14:40:00,902.0,902.9,901.15,901.85,3204
2026-02-13 14:45:00,901.85,901.85,900.0,900.85,6613
2026-02-13 14:50:00,900.85,901.4,899.05,900.2,11545
2026-02-13 14:55:00,901.05,901.85,900.0,901.55,4700
2026-02-13 15:00:00,901.75,901.75,896.9,897.5,43028
2026-02-13 15:05:00,897.1,900.75,897.0,899.4,9015
2026-02-13 15:10:00,899.2,899.45,897.3,898.4,11804
2026-02-13 15:15:00,898.4,898.9,895.75,898.0,22017
2026-02-13 15:20:00,898.7,899.85,894.05,896.25,13654
2026-02-13 15:25:00,895.5,898.4,891.55,894.0,11485
2026-02-16 09:15:00,898.5,899.2,883.5,884.45,4823
2026-02-16 09:20:00,884.45,886.0,881.2,884.15,5190
2026-02-16 09:25:00,884.15,889.4,881.55,888.75,6295
2026-02-16 09:30:00,888.45,890.95,887.0,890.85,4499
2026-02-16 09:35:00,890.35,891.0,886.95,887.45,5470
2026-02-16 09:40:00,887.5,888.85,886.0,887.3,1463
2026-02-16 09:45:00,886.7,890.35,886.15,890.0,4755
2026-02-16 09:50:00,890.0,890.55,889.0,890.55,1819
2026-02-16 09:55:00,890.85,892.0,890.1,891.2,774
2026-02-16 10:00:00,891.2,892.5,890.8,890.8,1091
2026-02-16 10:05:00,890.8,892.15,890.8,892.0,763
2026-02-16 10:10:00,892.0,892.0,890.35,890.35,1041
2026-02-16 10:15:00,890.85,890.85,890.0,890.65,446
2026-02-16 10:20:00,890.65,891.0,890.0,890.45,628
2026-02-16 10:25:00,890.45,890.45,889.25,890.0,927
2026-02-16 10:30:00,890.0,890.1,889.15,889.4,1171
2026-02-16 10:35:00,889.4,889.85,887.35,887.8,5013
2026-02-16 10:40:00,887.8,887.8,886.75,887.15,1102
2026-02-16 10:45:00,887.15,887.8,882.6,883.35,6538
2026-02-16 10:50:00,883.35,883.9,882.1,882.7,3060
2026-02-16 10:55:00,882.7,884.7,881.0,884.4,3615
2026-02-16 11:00:00,884.4,884.8,883.25,883.3,512
2026-02-16 11:05:00,883.3,884.45,883.0,884.1,523
2026-02-16 11:10:00,884.1,884.85,884.05,884.7,485
2026-02-16 11:15:00,884.7,885.0,884.1,885.0,624
2026-02-16 11:20:00,885.0,886.0,885.0,885.55,615
2026-02-16 11:25:00,885.55,885.65,884.55,884.55,389
2026-02-16 11:30:00,884.55,884.85,883.9,884.5,821
2026-02-16 11:35:00,884.65,884.85,883.9,884.85,1295
2026-02-16 11:40:00,884.85,886.0,884.6,885.25,956
2026-02-16 11:45:00,885.25,885.5,884.25,885.5,857
2026-02-16 11:50:00,885.5,885.5,884.25,884.6,207
2026-02-16 11:55:00,884.6,884.85,884.0,884.65,198
2026-02-16 12:00:00,884.65,885.6,884.65,885.6,429
2026-02-16 12:05:00,885.6,885.8,883.5,884.6,2956
2026-02-16 12:10:00,884.85,885.6,884.0,885.55,385
2026-02-16 12:15:00,885.55,890.35,884.85,890.35,12951
2026-02-16 12:20:00,890.05,890.85,889.4,889.9,1330
2026-02-16 12:25:00,889.9,891.7,889.9,890.4,1532
2026-02-16 12:30:00,890.4,892.4,890.25,891.45,3287
2026-02-16 12:35:00,891.45,891.95,890.8,891.15,607
2026-02-16 12:40:00,891.15,891.15,890.65,890.95,224
2026-02-16 12:45:00,890.95,891.8,890.45,890.45,488
2026-02-16 12:50:00,891.1,891.1,890.1,890.2,268
2026-02-16 12:55:00,890.2,891.45,889.7,890.85,2368
2026-02-16 13:00:00,890.85,890.85,890.0,890.0,355
2026-02-16 13:05:00,890.0,891.5,890.0,891.5,157
2026-02-16 13:10:00,891.5,891.5,890.5,891.15,76
2026-02-16 13:15:00,891.15,891.2,890.5,890.75,743
2026-02-16 13:20:00,890.5,891.45,890.05,891.25,324
2026-02-16 13:25:00,891.25,894.2,890.75,893.65,5305
2026-02-16 13:30:00,893.0,894.75,892.95,893.85,1388
2026-02-16 13:35:00,894.35,896.0,893.45,893.45,2036
2026-02-16 13:40:00,893.45,894.2,893.45,894.2,207
2026-02-16 13:45:00,894.2,894.85,892.95,894.85,2027
2026-02-16 13:50:00,894.2,896.0,894.2,894.8,1123
2026-02-16 13:55:00,894.3,894.95,894.3,894.3,156
2026-02-16 14:00:00,894.3,894.3,892.4,892.7,1397
2026-02-16 14:05:00,892.7,893.1,892.7,893.05,482
2026-02-16 14:10:00,893.05,893.05,892.6,892.6,836
2026-02-16 14:15:00,892.6,893.05,892.6,893.05,422
2026-02-16 14:20:00,893.05,893.45,892.6,893.1,773
2026-02-16 14:25:00,893.4,893.4,891.4,892.0,3447
2026-02-16 14:30:00,892.0,892.6,892.0,892.6,697
2026-02-16 14:35:00,892.6,893.5,892.6,893.0,679
2026-02-16 14:40:00,895.45,895.8,893.95,894.5,5168
2026-02-16 14:45:00,894.5,894.9,894.2,894.3,299
2026-02-16 14:50:00,894.45,898.05,894.45,895.45,6201
2026-02-16 14:55:00,895.45,898.05,893.25,897.2,3613
2026-02-16 15:00:00,897.2,901.2,897.2,899.3,7339
2026-02-16 15:05:00,899.3,899.4,898.0,898.05,5240
2026-02-16 15:10:00,898.05,899.45,898.0,898.45,5482
2026-02-16 15:15:00,898.45,899.75,898.0,898.0,13036
2026-02-16 15:20:00,898.0,899.05,898.0,898.4,12509
2026-02-16 15:25:00,898.05,902.0,892.15,902.0,24038
2026-02-17 09:15:00,896.95,905.95,896.0,905.05,10391
2026-02-17 09:20:00,905.15,907.45,903.25,905.2,10262
2026-02-17 09:25:00,905.9,913.45,905.9,911.65,17643
2026-02-17 09:30:00,911.65,913.95,910.8,912.5,3212
2026-02-17 09:35:00,912.5,914.0,911.35,913.25,6130
2026-02-17 09:40:00,913.25,913.4,911.0,911.3,3340
2026-02-17 09:45:00,910.9,911.8,910.0,910.9,3283
2026-02-17 09:50:00,910.9,910.9,910.0,910.7,2248
2026-02-17 09:55:00,910.1,910.7,907.55,907.6,3170
2026-02-17 10:00:00,908.05,908.05,906.8,907.9,3176
2026-02-17 10:05:00,907.9,910.65,906.8,909.25,3966
2026-02-17 10:10:00,909.25,910.85,909.25,910.4,1439
2026-02-17 10:15:00,910.4,914.4,909.35,914.0,8686
2026-02-17 10:20:00,914.1,921.8,913.4,920.25,25595
2026-02-17 10:25:00,920.25,922.5,918.15,922.5,12329
2026-02-17 10:30:00,922.65,922.9,918.65,919.3,7308
2026-02-17 10:35:00,919.35,919.35,916.55,916.55,8105
2026-02-17 10:40:00,916.55,917.0,915.0,916.55,6912
2026-02-17 10:45:00,916.55,916.55,915.7,916.0,857
2026-02-17 10:50:00,916.0,917.0,915.0,915.35,4148
2026-02-17 10:55:00,916.45,916.8,915.1,916.5,579
2026-02-17 11:00:00,916.5,917.1,915.95,915.95,1059
2026-02-17 11:05:00,915.95,916.0,915.5,916.0,565
2026-02-17 11:10:00,916.0,916.8,915.0,915.85,2011
2026-02-17 11:15:00,915.9,916.8,915.05,915.9,1291
2026-02-17 11:20:00,915.9,916.4,915.55,916.0,1488
2026-02-17 11:25:00,916.0,916.4,915.35,916.1,1922
2026-02-17 11:30:00,916.1,916.2,915.35,915.4,299
2026-02-17 11:35:00,915.3,916.2,915.3,915.4,491
2026-02-17 11:40:00,915.4,916.65,915.35,916.65,334
2026-02-17 11:45:00,916.65,917.0,915.4,916.85,1437
2026-02-17 11:50:00,916.85,917.6,916.1,917.6,497
2026-02-17 11:55:00,917.6,918.0,916.5,917.25,2808
2026-02-17 12:00:00,916.4,916.7,915.45,916.1,758
2026-02-17 12:05:00,916.1,916.85,916.0,916.3,1438
2026-02-17 12:10:00,916.15,917.0,915.75,916.15,748
2026-02-17 12:15:00,916.15,920.25,915.85,920.0,4841
2026-02-17 12:20:00,919.35,921.5,919.35,920.9,5632
2026-02-17 12:25:00,920.9,920.95,919.5,919.95,1792
2026-02-17 12:30:00,919.95,921.5,919.5,921.1,3108
2026-02-17 12:35:00,921.1,924.3,920.9,924.0,20695
2026-02-17 12:40:00,924.0,924.0,923.0,923.4,1753
2026-02-17 12:45:00,923.4,923.6,921.5,921.5,1587
2026-02-17 12:50:00,921.6,924.0,918.15,923.8,17211
2026-02-17 12:55:00,923.8,924.35,922.05,922.4,2595
2026-02-17 13:00:00,922.4,925.3,922.4,925.15,22867
2026-02-17 13:05:00,925.0,927.0,924.75,926.0,9817
2026-02-17 13:10:00,926.45,927.2,925.0,926.0,5522
2026-02-17 13:15:00,925.6,926.9,925.6,925.75,3421
2026-02-17 13:20:00,925.75,928.3,924.9,927.65,10492
2026-02-17 13:25:00,927.65,928.95,926.25,927.4,3280
2026-02-17 13:30:00,927.4,930.0,927.4,928.0,13102
2026-02-17 13:35:00,928.0,933.0,927.05,931.05,16850
2026-02-17 13:40:00,931.5,933.45,930.45,931.15,11954
2026-02-17 13:45:00,931.15,932.5,930.0,931.55,7625
2026-02-17 13:50:00,931.4,933.15,930.7,931.35,9044
2026-02-17 13:55:00,931.35,932.45,930.1,931.55,5468
2026-02-17 14:00:00,932.2,933.3,930.45,932.55,8381
2026-02-17 14:05:00,931.9,932.0,930.6,931.5,3142
2026-02-17 14:10:00,931.5,934.5,930.0,933.0,10356
2026-02-17 14:15:00,932.35,933.3,931.5,931.8,4143
2026-02-17 14:20:00,931.8,932.95,931.1,932.0,5890
2026-02-17 14:25:00,932.0,932.3,930.8,931.8,4739
2026-02-17 14:30:00,931.8,933.3,931.5,932.5,9087
2026-02-17 14:35:00,932.3,933.3,932.0,932.65,9598
2026-02-17 14:40:00,933.0,933.0,930.65,931.55,3546
2026-02-17 14:45:00,931.55,932.45,930.85,932.1,2440
2026-02-17 14:50:00,931.9,933.0,931.85,932.85,5029
2026-02-17 14:55:00,933.1,934.7,932.3,934.5,4670
2026-02-17 15:00:00,934.5,937.0,933.0,933.05,17584
2026-02-17 15:05:00,933.05,936.95,933.05,935.8,8733
2026-02-17 15:10:00,935.8,936.2,934.45,935.0,6215
2026-02-17 15:15:00,935.0,936.0,933.5,933.95,15565
2026-02-17 15:20:00,933.95,934.85,933.5,934.05,10484
2026-02-17 15:25:00,934.1,935.8,932.25,932.9,14368
2026-02-18 09:15:00,936.95,941.1,933.7,935.05,22914
2026-02-18 09:20:00,935.0,942.6,934.2,936.3,18458
2026-02-18 09:25:00,937.0,940.75,935.45,938.15,10751
2026-02-18 09:30:00,938.45,939.9,933.05,934.95,5994
2026-02-18 09:35:00,934.45,945.6,933.0,939.8,16199
2026-02-18 09:40:00,939.8,940.1,936.5,937.5,5965
2026-02-18 09:45:00,937.5,937.5,930.4,932.85,8274
2026-02-18 09:50:00,931.9,940.2,928.7,936.35,12211
2026-02-18 09:55:00,936.35,936.35,926.55,931.95,9088
2026-02-18 10:00:00,931.95,940.45,931.2,938.25,7988
2026-02-18 10:05:00,938.6,940.25,935.05,940.1,10668
2026-02-18 10:10:00,938.85,940.3,930.7,931.5,10296
2026-02-18 10:15:00,931.75,934.05,929.5,932.2,2757
2026-02-18 10:20:00,932.0,940.3,931.65,938.6,7743
2026-02-18 10:25:00,938.6,940.0,937.6,938.05,6002
2026-02-18 10:30:00,938.95,939.7,937.3,938.15,4234
2026-02-18 10:35:00,938.7,940.4,937.45,937.9,6394
2026-02-18 10:40:00,937.9,938.45,936.0,937.2,4640
2026-02-18 10:45:00,937.2,937.3,935.45,936.05,4343
2026-02-18 10:50:00,936.05,941.95,936.05,941.0,4736
2026-02-18 10:55:00,941.0,941.95,939.6,940.35,3952
2026-02-18 11:00:00,940.35,941.65,939.8,940.6,2976
2026-02-18 11:05:00,940.6,941.45,938.9,940.4,3564
2026-02-18 11:10:00,940.4,940.75,938.15,938.4,3400
2026-02-18 11:15:00,938.4,939.65,936.05,936.05,2502
2026-02-18 11:20:00,936.05,937.7,934.9,936.55,3156
2026-02-18 11:25:00,936.95,937.1,935.05,935.95,972
2026-02-18 11:30:00,935.95,937.5,935.9,937.05,416
2026-02-18 11:35:00,937.15,937.15,935.55,936.15,484
2026-02-18 11:40:00,936.15,936.75,934.0,934.85,2175
2026-02-18 11:45:00,934.85,936.0,934.0,934.75,2091
2026-02-18 11:50:00,934.75,935.15,931.35,932.3,3370
2026-02-18 11:55:00,933.0,935.55,931.9,933.8,5020
2026-02-18 12:00:00,933.8,935.35,930.05,932.1,11588
2026-02-18 12:05:00,932.35,934.35,931.4,932.85,3286
2026-02-18 12:10:00,932.85,933.9,931.55,932.7,2769
2026-02-18 12:15:00,932.7,933.75,931.15,931.15,3504
2026-02-18 12:20:00,931.15,932.85,931.05,931.5,1025
2026-02-18 12:25:00,931.75,932.7,931.05,932.65,645
2026-02-18 12:30:00,932.4,932.85,931.45,931.85,351
2026-02-18 12:35:00,931.85,932.3,930.25,930.55,1172
2026-02-18 12:40:00,930.55,931.6,930.0,931.6,2369
2026-02-18 12:45:00,931.6,932.25,930.85,930.85,1586
2026-02-18 12:50:00,930.55,931.95,929.75,930.05,3912
2026-02-18 12:55:00,930.05,931.3,930.05,930.5,1080
2026-02-18 13:00:00,930.5,933.3,929.25,932.25,5109
2026-02-18 13:05:00,932.25,932.9,930.5,930.8,1512
2026-02-18 13:10:00,930.8,931.85,930.8,931.0,407
2026-02-18 13:15:00,931.0,931.85,930.5,930.5,1036
2026-02-18 13:20:00,930.5,931.8,930.5,931.25,558
2026-02-18 13:25:00,931.25,931.85,930.0,931.35,2615
2026-02-18 13:30:00,931.35,931.35,930.0,930.1,1066
2026-02-18 13:35:00,930.1,931.2,930.1,930.55,1113
2026-02-18 13:40:00,930.55,931.25,930.1,930.1,434
2026-02-18 13:45:00,930.1,931.5,929.9,930.05,2571
2026-02-18 13:50:00,930.05,931.6,929.9,930.0,2419
2026-02-18 13:55:00,930.0,931.0,930.0,930.7,1239
2026-02-18 14:00:00,931.0,931.8,930.0,930.75,2176
2026-02-18 14:05:00,930.05,930.85,930.0,930.05,892
2026-02-18 14:10:00,930.05,931.0,930.0,930.6,2272
2026-02-18 14:15:00,930.6,931.15,930.0,931.0,2764
2026-02-18 14:20:00,931.4,931.4,930.0,931.25,1977
2026-02-18 14:25:00,931.25,932.8,929.7,931.3,9185
2026-02-18 14:30:00,931.3,932.15,930.55,931.1,3171
2026-02-18 14:35:00,931.45,931.7,930.2,930.2,1675
2026-02-18 14:40:00,930.2,931.0,929.7,930.25,2812
2026-02-18 14:45:00,930.0,931.2,930.0,930.55,2210
2026-02-18 14:50:00,930.55,930.85,929.8,930.25,1296
2026-02-18 14:55:00,930.25,930.85,930.0,930.15,1975
2026-02-18 15:00:00,930.4,933.4,930.3,931.75,9652
2026-02-18 15:05:00,932.0,932.7,930.15,930.5,10268
2026-02-18 15:10:00,930.15,931.3,930.0,930.3,12063
2026-02-18 15:15:00,930.3,930.7,929.95,930.1,18208
2026-02-18 15:20:00,930.1,931.0,930.0,931.0,17558
2026-02-18 15:25:00,931.0,935.2,929.6,931.5,18793
2026-02-19 09:15:00,939.95,939.95,929.2,932.55,11460
2026-02-19 09:20:00,932.55,937.0,931.0,935.65,3713
2026-02-19 09:25:00,935.65,936.0,932.0,932.0,4758
2026-02-19 09:30:00,932.0,932.0,927.25,930.5,5003
2026-02-19 09:35:00,930.5,931.45,928.7,929.7,2822
2026-02-19 09:40:00,929.7,930.3,925.05,925.1,5763
2026-02-19 09:45:00,925.1,928.3,925.0,926.9,8519
2026-02-19 09:50:00,926.9,928.0,926.0,926.45,1689
2026-02-19 09:55:00,926.45,926.75,923.5,924.4,2883
2026-02-19 10:00:00,924.4,924.6,923.35,924.3,888
2026-02-19 10:05:00,924.3,924.9,922.55,922.55,2882
2026-02-19 10:10:00,922.55,923.0,918.9,920.5,6460
2026-02-19 10:15:00,921.4,923.85,921.0,921.55,1798
2026-02-19 10:20:00,921.55,922.0,920.4,920.85,1981
2026-02-19 10:25:00,920.85,921.6,918.15,920.0,2770
2026-02-19 10:30:00,920.0,920.0,918.4,919.15,1299
2026-02-19 10:35:00,919.15,919.2,916.7,916.7,2571
2026-02-19 10:40:00,917.5,921.45,917.15,920.4,1439
2026-02-19 10:45:00,920.4,920.4,918.1,919.4,2468
2026-02-19 10:50:00,919.5,919.6,918.5,919.5,532
2026-02-19 10:55:00,919.45,919.45,918.0,918.2,272
2026-02-19 11:00:00,918.2,918.85,918.15,918.75,77
2026-02-19 11:05:00,918.75,919.6,918.25,918.65,864
2026-02-19 11:10:00,919.35,920.6,918.1,918.1,1426
2026-02-19 11:15:00,918.1,918.5,916.5,917.6,1683
2026-02-19 11:20:00,917.6,917.6,916.5,917.0,779
2026-02-19 11:25:00,917.0,918.8,915.75,917.95,4477
2026-02-19 11:30:00,917.95,918.85,917.65,918.0,792
2026-02-19 11:35:00,918.0,918.0,917.0,918.0,1578
2026-02-19 11:40:00,917.65,919.55,917.05,919.5,1230
2026-02-19 11:45:00,919.5,919.5,917.1,918.15,591
2026-02-19 11:50:00,918.15,919.0,917.25,917.4,397
2026-02-19 11:55:00,917.4,918.0,917.1,917.1,137
2026-02-19 12:00:00,917.1,918.7,916.15,916.15,3747
2026-02-19 12:05:00,916.15,917.5,915.4,915.5,2810
2026-02-19 12:10:00,915.5,915.5,912.1,912.1,5009
2026-02-19 12:15:00,912.15,912.25,910.05,911.6,2835
2026-02-19 12:20:00,911.5,913.2,910.2,912.5,1702
2026-02-19 12:25:00,912.5,913.35,910.15,913.35,2154
2026-02-19 12:30:00,913.35,914.0,910.55,913.8,4634
2026-02-19 12:35:00,913.8,915.55,913.0,913.0,5630
2026-02-19 12:40:00,913.0,915.65,913.0,914.9,7200
2026-02-19 12:45:00,914.9,916.05,914.9,914.9,2609
2026-02-19 12:50:00,914.9,915.0,912.5,913.25,4554
2026-02-19 12:55:00,913.25,915.55,913.25,915.3,696
2026-02-19 13:00:00,915.3,915.55,914.6,914.9,440
2026-02-19 13:05:00,914.9,915.75,914.9,915.75,250
2026-02-19 13:10:00,915.75,915.75,915.15,915.15,398
2026-02-19 13:15:00,915.15,915.5,913.45,914.05,4077
2026-02-19 13:20:00,914.05,915.0,912.15,915.0,8396
2026-02-19 13:25:00,915.0,916.75,915.0,915.0,2131
2026-02-19 13:30:00,915.3,915.5,914.95,915.4,2318
2026-02-19 13:35:00,915.4,915.75,915.05,915.05,256
2026-02-19 13:40:00,915.65,915.65,915.0,915.0,2779
2026-02-19 13:45:00,915.25,915.35,913.9,914.05,1030
2026-02-19 13:50:00,914.05,915.25,912.7,915.0,6062
2026-02-19 13:55:00,915.0,915.0,913.55,913.6,1650
2026-02-19 14:00:00,913.6,914.7,913.0,913.5,919
2026-02-19 14:05:00,913.5,913.5,912.0,913.0,1990
2026-02-19 14:10:00,913.0,913.0,912.0,912.0,924
2026-02-19 14:15:00,912.0,912.9,912.0,912.3,474
2026-02-19 14:20:00,912.3,917.8,912.3,916.4,7802
2026-02-19 14:25:00,916.4,916.75,915.25,915.25,299
2026-02-19 14:30:00,915.25,916.0,915.25,915.6,1148
2026-02-19 14:35:00,915.35,917.5,915.35,916.5,2724
2026-02-19 14:40:00,916.5,916.7,914.05,914.15,2289
2026-02-19 14:45:00,914.15,916.5,913.65,913.85,6685
2026-02-19 14:50:00,913.85,915.5,913.85,914.1,3008
2026-02-19 14:55:00,914.1,915.25,914.0,915.0,4875
2026-02-19 15:00:00,915.0,915.0,913.15,914.4,7371
2026-02-19 15:05:00,913.5,914.15,910.7,912.9,25748
2026-02-19 15:10:00,913.05,914.3,913.05,914.25,10672
2026-02-19 15:15:00,913.7,915.15,911.35,914.0,20175
2026-02-19 15:20:00,914.0,914.8,911.95,913.0,24797
2026-02-19 15:25:00,913.0,917.0,912.15,915.0,15082
2026-02-20 09:15:00,913.6,920.05,909.55,918.7,17888
2026-02-20 09:20:00,918.7,922.0,918.45,920.85,2270
2026-02-20 09:25:00,919.5,920.75,915.75,915.85,2175
2026-02-20 09:30:00,915.85,918.0,915.75,917.6,1565
2026-02-20 09:35:00,917.6,918.25,915.9,917.15,994
2026-02-20 09:40:00,917.15,917.45,915.55,917.3,2817
2026-02-20 09:45:00,917.3,917.85,916.4,916.4,624
2026-02-20 09:50:00,916.4,918.5,915.55,916.65,2869
2026-02-20 09:55:00,916.65,918.6,916.65,918.6,97
2026-02-20 10:00:00,918.25,919.75,915.8,916.75,2358
2026-02-20 10:05:00,916.75,917.5,915.35,915.35,3035
2026-02-20 10:10:00,915.35,917.0,914.15,915.15,3231
2026-02-20 10:15:00,915.3,922.35,914.6,922.35,4394
2026-02-20 10:20:00,922.35,922.7,921.0,921.6,1115
2026-02-20 10:25:00,921.6,926.2,921.2,924.0,3735
2026-02-20 10:30:00,924.0,928.0,923.8,927.5,3583
2026-02-20 10:35:00,927.5,933.6,927.4,931.5,7363
2026-02-20 10:40:00,931.5,933.45,930.6,932.5,4924
2026-02-20 10:45:00,931.45,932.75,929.35,930.5,4174
2026-02-20 10:50:00,930.0,930.9,928.6,930.5,2046
2026-02-20 10:55:00,930.5,933.2,929.25,929.25,4021
2026-02-20 11:00:00,929.25,930.5,928.05,929.2,618
2026-02-20 11:05:00,929.6,931.4,929.35,930.0,4486
2026-02-20 11:10:00,930.0,930.5,930.0,930.5,705
2026-02-20 11:15:00,930.0,930.85,930.0,930.7,532
2026-02-20 11:20:00,930.7,930.85,929.6,930.1,825
2026-02-20 11:25:00,930.1,931.0,930.0,930.0,1589
2026-02-20 11:30:00,930.0,931.1,930.0,930.5,269
2026-02-20 11:35:00,930.5,931.4,930.0,931.0,1838
2026-02-20 11:40:00,931.0,931.85,930.0,931.25,3791
2026-02-20 11:45:00,931.25,933.0,931.1,931.8,2658
2026-02-20 11:50:00,931.8,931.8,931.0,931.4,994
2026-02-20 11:55:00,931.4,932.1,931.0,932.1,2820
2026-02-20 12:00:00,932.1,932.1,930.85,931.0,348
2026-02-20 12:05:00,931.0,931.5,930.0,930.2,2389
2026-02-20 12:10:00,930.35,931.05,930.15,931.05,730
2026-02-20 12:15:00,930.65,931.5,930.2,931.5,531
2026-02-20 12:20:00,931.5,931.6,931.0,931.25,299
2026-02-20 12:25:00,931.2,932.8,931.0,931.85,1428
2026-02-20 12:30:00,931.85,932.5,931.0,931.15,997
2026-02-20 12:35:00,931.15,932.3,931.0,931.0,761
2026-02-20 12:40:00,931.0,931.85,930.15,931.3,3371
2026-02-20 12:45:00,931.3,931.3,930.05,930.25,2782
2026-02-20 12:50:00,930.25,930.3,930.05,930.05,901
2026-02-20 12:55:00,930.05,931.3,930.0,931.3,5676
2026-02-20 13:00:00,931.3,933.0,931.0,931.0,3336
2026-02-20 13:05:00,931.0,931.15,930.0,930.0,5818
2026-02-20 13:10:00,930.0,931.2,930.0,931.0,28720
2026-02-20 13:15:00,931.0,931.2,930.65,930.65,1814
2026-02-20 13:20:00,930.65,930.8,930.0,930.6,1668
2026-02-20 13:25:00,930.5,932.25,930.5,932.1,2110
2026-02-20 13:30:00,932.1,934.0,931.8,932.0,2590
2026-02-20 13:35:00,932.15,932.85,931.8,931.8,236
2026-02-20 13:40:00,931.8,934.35,931.7,932.85,1406
2026-02-20 13:45:00,932.4,932.85,931.45,931.55,853
2026-02-20 13:50:00,931.55,931.85,931.0,931.05,381
2026-02-20 13:55:00,931.05,931.8,931.05,931.25,621
2026-02-20 14:00:00,931.75,931.9,931.15,931.15,1070
2026-02-20 14:05:00,931.15,931.4,931.0,931.05,740
2026-02-20 14:10:00,931.05,931.4,931.0,931.4,520
2026-02-20 14:15:00,931.4,931.6,931.0,931.35,295
2026-02-20 14:20:00,931.0,931.8,930.6,931.75,7546
2026-02-20 14:25:00,931.75,932.0,931.0,931.2,860
2026-02-20 14:30:00,931.2,931.5,930.1,931.0,1811
2026-02-20 14:35:00,931.0,931.75,931.0,931.0,674
2026-02-20 14:40:00,931.0,931.5,931.0,931.0,3498
2026-02-20 14:45:00,931.0,931.45,930.1,931.05,2956
2026-02-20 14:50:00,930.6,932.0,930.55,931.0,2157
2026-02-20 14:55:00,930.85,930.85,930.3,930.75,306
2026-02-20 15:00:00,930.95,931.25,930.0,930.1,10810
2026-02-20 15:05:00,930.1,931.5,929.6,931.05,10862
2026-02-20 15:10:00,931.05,931.5,930.0,930.0,6841
2026-02-20 15:15:00,930.0,930.2,929.75,930.0,8384
2026-02-20 15:20:00,930.05,930.05,930.0,930.05,19807
2026-02-20 15:25:00,930.05,930.4,930.0,930.05,12921
2026-02-23 09:15:00,930.25,935.15,924.0,929.25,5883
2026-02-23 09:20:00,929.25,929.25,921.35,925.35,8449
2026-02-23 09:25:00,925.85,927.35,925.0,925.2,2881
2026-02-23 09:30:00,926.2,926.2,920.7,920.7,6035
2026-02-23 09:35:00,920.7,922.55,920.1,921.1,920
2026-02-23 09:40:00,921.1,926.7,919.5,924.55,5567
2026-02-23 09:45:00,924.55,929.95,923.55,928.15,4936
2026-02-23 09:50:00,928.15,930.7,927.7,928.3,1424
2026-02-23 09:55:00,928.3,928.5,925.45,925.45,538
2026-02-23 10:00:00,925.7,927.7,925.7,926.2,1097
2026-02-23 10:05:00,926.2,929.0,923.0,923.0,2029
2026-02-23 10:10:00,922.35,922.35,920.75,921.2,2770
2026-02-23 10:15:00,921.25,921.25,918.75,920.5,3450
2026-02-23 10:20:00,920.5,921.85,920.4,921.85,127
2026-02-23 10:25:00,921.85,922.3,921.45,921.7,1265
2026-02-23 10:30:00,921.7,922.75,921.0,921.65,316
2026-02-23 10:35:00,921.65,921.65,920.55,920.55,459
2026-02-23 10:40:00,920.55,921.7,919.45,919.45,1731
2026-02-23 10:45:00,920.15,920.8,920.0,920.2,787
2026-02-23 10:50:00,920.2,922.1,920.2,921.45,407
2026-02-23 10:55:00,920.9,922.35,920.8,921.15,253
2026-02-23 11:00:00,921.15,922.0,920.55,920.55,826
2026-02-23 11:05:00,921.1,925.1,918.0,925.1,10173
2026-02-23 11:10:00,924.05,926.75,924.05,926.3,1596
2026-02-23 11:15:00,926.3,926.4,925.5,926.4,605
2026-02-23 11:20:00,926.4,926.5,926.4,926.45,725
2026-02-23 11:25:00,926.45,927.4,925.65,927.0,1065
2026-02-23 11:30:00,927.0,927.1,925.0,925.0,307
2026-02-23 11:35:00,925.0,926.0,925.0,925.5,1849
2026-02-23 11:40:00,925.5,925.85,925.0,925.85,502
2026-02-23 11:45:00,925.85,925.85,924.3,925.0,1631
2026-02-23 11:50:00,925.0,926.0,924.35,925.3,2383
2026-02-23 11:55:00,925.3,925.95,925.0,925.9,427
2026-02-23 12:00:00,925.9,930.0,925.9,928.15,3188
2026-02-23 12:05:00,928.15,928.15,926.65,926.7,240
2026-02-23 12:10:00,926.45,926.85,925.85,926.25,73
2026-02-23 12:15:00,926.35,927.5,925.95,926.5,542
2026-02-23 12:20:00,926.5,927.2,926.15,927.1,140
2026-02-23 12:25:00,927.1,928.0,926.85,927.85,203
2026-02-23 12:30:00,927.85,928.0,925.7,925.9,319
2026-02-23 12:35:00,925.45,926.85,925.45,926.5,655
2026-02-23 12:40:00,926.5,927.55,926.0,927.1,687
2026-02-23 12:45:00,927.1,927.7,926.55,927.0,117
2026-02-23 12:50:00,927.0,928.0,925.0,926.8,7373
2026-02-23 12:55:00,926.8,928.25,925.0,925.65,1031
2026-02-23 13:00:00,925.65,925.85,925.0,925.7,111
2026-02-23 13:05:00,925.7,925.85,925.0,925.65,437
2026-02-23 13:10:00,925.65,926.3,925.0,926.0,3724
2026-02-23 13:15:00,926.0,926.45,925.0,925.5,391
2026-02-23 13:20:00,925.6,926.65,925.35,926.65,5689
2026-02-23 13:25:00,926.65,927.0,926.2,927.0,219
2026-02-23 13:30:00,927.0,927.15,925.75,926.85,320
2026-02-23 13:35:00,926.85,927.05,925.8,925.9,232
2026-02-23 13:40:00,925.9,926.85,925.5,925.5,388
2026-02-23 13:45:00,925.55,926.55,925.0,925.8,4178
2026-02-23 13:50:00,925.8,925.95,925.1,925.7,205
2026-02-23 13:55:00,925.7,925.7,925.35,925.7,22
2026-02-23 14:00:00,925.7,926.1,925.1,925.5,564
2026-02-23 14:05:00,925.5,925.75,925.0,925.05,8479
2026-02-23 14:10:00,925.05,925.75,925.0,925.05,1538
2026-02-23 14:15:00,925.7,925.75,925.05,925.75,358
2026-02-23 14:20:00,925.15,926.0,925.0,925.2,2825
2026-02-23 14:25:00,925.2,926.0,925.0,926.0,1303
2026-02-23 14:30:00,925.45,926.0,925.45,926.0,1056
2026-02-23 14:35:00,926.0,926.0,925.5,926.0,110
2026-02-23 14:40:00,926.0,926.15,925.25,925.45,1425
2026-02-23 14:45:00,925.45,925.8,925.2,925.5,189
2026-02-23 14:50:00,925.5,925.75,925.15,925.5,570
2026-02-23 14:55:00,925.5,926.6,925.0,926.4,1043
2026-02-23 15:00:00,926.4,926.4,925.0,925.55,3471
2026-02-23 15:05:00,925.55,925.8,925.0,925.1,2546
2026-02-23 15:10:00,925.1,925.1,925.0,925.1,7859
2026-02-23 15:15:00,925.0,925.4,924.0,925.1,6653
2026-02-23 15:20:00,925.1,925.1,925.0,925.1,3387
2026-02-23 15:25:00,925.1,925.7,923.95,925.0,5920
2026-02-24 09:15:00,916.0,924.4,912.45,921.7,7735
2026-02-24 09:20:00,921.25,922.4,920.0,921.3,2807
2026-02-24 09:25:00,921.3,921.4,918.6,920.15,3294
2026-02-24 09:30:00,920.15,920.5,918.45,920.0,2430
2026-02-24 09:35:00,919.5,920.95,919.5,920.2,1484
2026-02-24 09:40:00,920.15,920.2,915.2,919.25,4133
2026-02-24 09:45:00,919.25,921.4,918.5,920.45,805
2026-02-24 09:50:00,921.3,921.4,920.0,920.7,790
2026-02-24 09:55:00,920.7,920.75,920.0,920.65,336
2026-02-24 10:00:00,920.65,922.7,920.3,922.6,2157
2026-02-24 10:05:00,922.6,922.6,920.2,920.9,3239
2026-02-24 10:10:00,920.9,921.3,920.25,920.55,255
2026-02-24 10:15:00,920.55,921.55,920.0,921.55,1602
2026-02-24 10:20:00,921.55,922.25,920.65,921.45,314
2026-02-24 10:25:00,921.45,921.45,920.45,921.4,525
2026-02-24 10:30:00,921.4,921.4,920.1,920.15,246
2026-02-24 10:35:00,920.15,921.45,920.15,920.2,2540
2026-02-24 10:40:00,920.2,921.7,920.2,921.7,1967
2026-02-24 10:45:00,921.7,921.75,920.7,921.5,459
2026-02-24 10:50:00,921.5,922.25,920.4,921.05,624
2026-02-24 10:55:00,921.05,921.9,920.75,920.75,1267
2026-02-24 11:00:00,920.75,921.0,920.2,920.4,165
2026-02-24 11:05:00,920.4,924.55,920.1,921.8,3097
2026-02-24 11:10:00,921.8,922.35,921.25,921.4,1900
2026-02-24 11:15:00,921.4,921.85,920.5,921.85,481
2026-02-24 11:20:00,921.85,922.5,921.4,921.4,1585
2026-02-24 11:25:00,921.85,921.85,920.95,921.85,315
2026-02-24 11:30:00,921.85,922.25,921.25,921.3,199
2026-02-24 11:35:00,921.3,921.85,921.1,921.7,133
2026-02-24 11:40:00,921.7,924.0,921.2,922.75,7330
2026-02-24 11:45:00,922.75,922.75,921.6,921.65,86
2026-02-24 11:50:00,921.65,922.35,921.6,921.75,199
2026-02-24 11:55:00,921.75,921.75,920.5,921.1,349
2026-02-24 12:00:00,921.1,921.5,918.0,918.6,6818
2026-02-24 12:05:00,918.6,920.0,917.1,918.35,2267
2026-02-24 12:10:00,918.35,918.35,916.3,917.0,644
2026-02-24 12:15:00,918.0,918.45,917.2,918.45,12293
2026-02-24 12:20:00,918.45,918.45,915.6,916.7,2465
2026-02-24 12:25:00,916.7,916.95,916.0,916.55,899
2026-02-24 12:30:00,916.55,916.55,915.2,915.85,726
2026-02-24 12:35:00,915.2,915.85,915.2,915.7,444
2026-02-24 12:40:00,915.15,915.45,913.5,914.2,1545
2026-02-24 12:45:00,914.15,920.0,910.45,920.0,14938
2026-02-24 12:50:00,920.0,920.5,918.65,920.0,8085
2026-02-24 12:55:00,920.0,920.65,919.45,920.0,6435
2026-02-24 13:00:00,920.65,921.0,920.0,920.85,619
2026-02-24 13:05:00,920.85,920.85,920.0,920.0,1492
2026-02-24 13:10:00,920.0,920.5,920.0,920.5,461
2026-02-24 13:15:00,920.5,920.5,919.15,920.0,1762
2026-02-24 13:20:00,920.0,920.05,914.15,914.7,5251
2026-02-24 13:25:00,914.7,914.7,908.0,908.7,5057
2026-02-24 13:30:00,908.0,908.0,906.1,906.65,3620
2026-02-24 13:35:00,906.65,906.7,904.3,906.7,2710
2026-02-24 13:40:00,906.7,906.7,903.75,904.0,2424
2026-02-24 13:45:00,904.0,905.0,902.6,902.8,3229
2026-02-24 13:50:00,902.8,903.7,902.1,903.5,1917
2026-02-24 13:55:00,903.5,904.45,903.05,904.15,1628
2026-02-24 14:00:00,904.45,904.45,901.6,901.6,2812
2026-02-24 14:05:00,901.6,902.2,900.85,901.85,1126
2026-02-24 14:10:00,901.85,902.2,901.55,901.95,515
2026-02-24 14:15:00,901.95,903.65,901.55,903.5,2595
2026-02-24 14:20:00,903.25,903.3,902.0,902.2,1128
2026-02-24 14:25:00,902.2,903.25,902.2,902.45,332
2026-02-24 14:30:00,902.4,902.4,901.0,901.4,615
2026-02-24 14:35:00,901.0,903.05,901.0,902.4,3254
2026-02-24 14:40:00,902.4,902.6,901.2,902.0,2294
2026-02-24 14:45:00,902.0,902.7,901.0,902.45,2245
2026-02-24 14:50:00,902.45,903.5,901.35,901.35,1402
2026-02-24 14:55:00,901.35,904.5,901.05,901.8,3550
2026-02-24 15:00:00,900.8,901.15,899.0,899.05,9693
2026-02-24 15:05:00,899.05,904.1,897.05,902.4,8033
2026-02-24 15:10:00,902.25,902.4,900.1,901.45,4729
2026-02-24 15:15:00,901.3,906.0,901.3,905.15,13582
2026-02-24 15:20:00,905.7,910.75,905.0,910.0,12377
2026-02-24 15:25:00,910.05,912.0,902.1,902.1,8029
2026-02-25 09:15:00,907.0,919.75,907.0,916.45,9338
2026-02-25 09:20:00,917.8,918.35,915.5,916.7,1624
2026-02-25 09:25:00,916.7,916.9,915.6,915.9,357
2026-02-25 09:30:00,915.9,917.4,914.7,916.55,4172
2026-02-25 09:35:00,916.55,917.8,916.55,917.35,1085
2026-02-25 09:40:00,917.5,922.0,917.0,920.7,8336
2026-02-25 09:45:00,920.7,923.9,919.9,922.95,2471
2026-02-25 09:50:00,922.95,924.0,921.7,921.7,2501
2026-02-25 09:55:00,922.4,923.15,922.0,922.0,2239
2026-02-25 10:00:00,922.0,925.0,922.0,922.35,2020
2026-02-25 10:05:00,922.35,923.0,921.8,922.15,1182
2026-02-25 10:10:00,922.15,922.55,920.65,920.65,1936
2026-02-25 10:15:00,920.65,921.45,920.0,920.0,2035
2026-02-25 10:20:00,920.7,921.55,920.45,921.0,552
2026-02-25 10:25:00,921.0,921.85,920.6,921.35,819
2026-02-25 10:30:00,921.35,921.35,920.7,920.9,650
2026-02-25 10:35:00,920.9,921.35,919.2,919.6,5127
2026-02-25 10:40:00,919.15,920.85,918.0,920.55,4871
2026-02-25 10:45:00,920.55,921.0,920.0,920.4,1554
2026-02-25 10:50:00,920.4,921.1,920.4,920.55,1068
2026-02-25 10:55:00,920.55,921.1,920.15,920.15,540
2026-02-25 11:00:00,920.15,921.1,920.0,921.0,601
2026-02-25 11:05:00,921.0,921.0,920.55,920.55,104
2026-02-25 11:10:00,920.55,920.9,920.0,920.05,2092
2026-02-25 11:15:00,920.05,921.0,920.0,920.3,3276
2026-02-25 11:20:00,920.95,920.95,920.0,920.05,557
2026-02-25 11:25:00,920.05,920.6,920.05,920.25,191
2026-02-25 11:30:00,920.25,921.0,920.25,920.3,340
2026-02-25 11:35:00,920.3,921.0,920.0,920.45,349
2026-02-25 11:40:00,920.45,920.5,920.0,920.0,192
2026-02-25 11:45:00,920.0,920.25,920.0,920.25,260
2026-02-25 11:50:00,920.25,920.25,920.0,920.0,256
2026-02-25 11:55:00,920.0,921.0,919.75,921.0,14526
2026-02-25 12:00:00,921.0,921.0,920.0,920.0,5187
2026-02-25 12:05:00,920.0,920.3,920.0,920.3,8060
2026-02-25 12:10:00,920.3,924.65,920.0,923.15,6506
2026-02-25 12:15:00,923.15,923.15,921.5,922.15,2365
2026-02-25 12:20:00,922.15,924.4,922.15,922.7,641
2026-02-25 12:25:00,922.7,922.7,920.75,920.75,462
2026-02-25 12:30:00,920.75,921.35,920.0,920.0,483
2026-02-25 12:35:00,920.0,920.2,920.0,920.0,1844
2026-02-25 12:40:00,920.0,920.05,920.0,920.0,1054
2026-02-25 12:45:00,920.0,920.0,915.65,916.3,18751
2026-02-25 12:50:00,917.05,917.7,915.85,916.3,3864
2026-02-25 12:55:00,916.3,917.0,914.7,915.0,3722
2026-02-25 13:00:00,915.0,915.8,915.0,915.8,721
2026-02-25 13:05:00,915.8,916.8,915.2,915.5,450
2026-02-25 13:10:00,915.5,916.95,915.5,916.95,266
2026-02-25 13:15:00,916.95,916.95,915.4,916.2,397
2026-02-25 13:20:00,916.2,916.7,915.35,915.35,307
2026-02-25 13:25:00,915.35,918.5,912.0,912.45,15977
2026-02-25 13:30:00,912.4,913.45,912.4,912.5,241
2026-02-25 13:35:00,912.5,913.2,912.3,912.7,445
2026-02-25 13:40:00,912.7,912.7,912.0,912.15,2553
2026-02-25 13:45:00,912.15,914.8,912.15,914.8,424
2026-02-25 13:50:00,914.8,914.8,912.65,914.0,659
2026-02-25 13:55:00,914.0,915.0,913.85,914.25,504
2026-02-25 14:00:00,914.25,915.15,912.45,912.5,1440
2026-02-25 14:05:00,912.5,913.8,912.45,913.4,150
2026-02-25 14:10:00,913.4,914.7,912.7,912.7,350
2026-02-25 14:15:00,912.7,914.3,912.6,913.75,487
2026-02-25 14:20:00,913.75,914.3,913.35,913.35,1255
2026-02-25 14:25:00,913.35,913.5,913.2,913.5,194
2026-02-25 14:30:00,913.5,918.6,912.65,917.9,4379
2026-02-25 14:35:00,917.9,918.6,916.35,916.35,332
2026-02-25 14:40:00,916.35,918.15,916.3,918.15,565
2026-02-25 14:45:00,918.15,918.15,915.75,916.75,635
2026-02-25 14:50:00,916.1,917.4,915.8,916.7,866
2026-02-25 14:55:00,916.7,920.15,916.7,920.15,2726
2026-02-25 15:00:00,917.9,920.0,917.9,918.65,3301
2026-02-25 15:05:00,918.65,921.5,917.6,920.05,18155
2026-02-25 15:10:00,920.05,921.5,918.7,920.1,9681
2026-02-25 15:15:00,920.4,920.6,920.0,920.3,11090
2026-02-25 15:20:00,920.3,920.45,920.0,920.45,15218
2026-02-25 15:25:00,920.05,920.7,920.0,920.5,10290
2026-02-26 09:15:00,920.0,936.75,920.0,933.25,14275
2026-02-26 09:20:00,933.35,933.85,925.15,925.15,8079
2026-02-26 09:25:00,924.3,924.8,919.85,922.9,8835
2026-02-26 09:30:00,922.9,923.8,920.0,920.75,2763
2026-02-26 09:35:00,920.75,923.0,920.75,921.55,1033
2026-02-26 09:40:00,921.55,922.0,921.5,921.85,1326
2026-02-26 09:45:00,921.85,922.25,921.85,922.25,756
2026-02-26 09:50:00,922.25,922.25,920.0,920.6,2207
2026-02-26 09:55:00,920.35,925.1,917.55,921.15,15032
2026-02-26 10:00:00,920.6,921.1,919.55,919.55,560
2026-02-26 10:05:00,919.55,919.95,918.6,919.95,1272
2026-02-26 10:10:00,919.95,920.0,916.9,917.9,3883
2026-02-26 10:15:00,917.9,917.9,915.0,915.75,1594
2026-02-26 10:20:00,915.75,915.75,914.35,914.35,1497
2026-02-26 10:25:00,914.35,914.35,913.0,914.25,788
2026-02-26 10:30:00,914.6,915.3,913.2,913.2,1168
2026-02-26 10:35:00,913.95,914.0,913.05,913.6,639
2026-02-26 10:40:00,913.6,914.0,911.3,911.85,1804
2026-02-26 10:45:00,911.75,912.5,911.5,912.05,648
2026-02-26 10:50:00,911.7,912.45,911.7,912.0,245
2026-02-26 10:55:00,912.0,912.8,911.15,911.15,735
2026-02-26 11:00:00,911.3,911.8,910.5,910.5,1692
2026-02-26 11:05:00,910.5,910.55,910.15,910.5,576
2026-02-26 11:10:00,910.5,912.0,910.5,911.85,582
2026-02-26 11:15:00,911.15,911.75,911.15,911.35,300
2026-02-26 11:20:00,911.5,913.0,911.5,912.2,1432
2026-02-26 11:25:00,912.2,914.55,912.2,914.55,2530
2026-02-26 11:30:00,914.55,914.55,911.0,911.7,827
2026-02-26 11:35:00,911.25,912.1,911.25,911.8,790
2026-02-26 11:40:00,911.8,911.8,906.65,906.75,5606
2026-02-26 11:45:00,906.75,908.65,906.0,907.6,954
2026-02-26 11:50:00,907.6,908.1,906.0,906.75,687
2026-02-26 11:55:00,906.75,906.75,903.9,904.85,1392
2026-02-26 12:00:00,904.85,906.3,904.1,904.95,2154
2026-02-26 12:05:00,905.35,907.05,905.35,906.75,2627
2026-02-26 12:10:00,906.75,907.5,906.15,906.15,873
2026-02-26 12:15:00,906.05,906.05,904.1,904.1,1363
2026-02-26 12:20:00,904.1,904.45,903.45,903.75,874
2026-02-26 12:25:00,903.7,903.9,903.0,903.0,499
2026-02-26 12:30:00,903.0,903.25,902.1,902.55,995
2026-02-26 12:35:00,902.5,902.6,899.0,899.9,8927
2026-02-26 12:40:00,899.9,899.9,896.55,897.5,7209
2026-02-26 12:45:00,897.5,897.8,891.25,893.75,15676
2026-02-26 12:50:00,893.75,898.85,893.25,897.55,13851
2026-02-26 12:55:00,897.55,903.6,897.55,903.6,10706
2026-02-26 13:00:00,904.5,907.0,903.15,907.0,9865
2026-02-26 13:05:00,905.75,906.05,905.0,905.0,479
2026-02-26 13:10:00,904.3,904.95,903.0,903.85,680
2026-02-26 13:15:00,903.85,903.95,903.55,903.85,943
2026-02-26 13:20:00,903.85,903.85,903.55,903.8,551
2026-02-26 13:25:00,903.8,905.25,903.05,904.05,1820
2026-02-26 13:30:00,904.05,905.65,903.35,903.95,2990
2026-02-26 13:35:00,903.95,904.95,903.45,904.75,2029
2026-02-26 13:40:00,904.75,906.5,904.6,906.15,5093
2026-02-26 13:45:00,906.55,907.9,906.2,907.85,2769
2026-02-26 13:50:00,906.65,907.2,904.0,906.45,11761
2026-02-26 13:55:00,906.45,908.95,906.45,908.2,5029
2026-02-26 14:00:00,908.2,909.0,907.0,907.0,1752
2026-02-26 14:05:00,907.0,907.05,906.0,906.0,2857
2026-02-26 14:10:00,906.0,907.0,905.45,906.0,5644
2026-02-26 14:15:00,906.0,906.0,903.0,903.0,5195
2026-02-26 14:20:00,903.45,903.45,900.0,900.45,2537
2026-02-26 14:25:00,901.2,901.85,900.25,900.8,1433
2026-02-26 14:30:00,900.8,901.45,898.6,899.85,3858
2026-02-26 14:35:00,899.9,901.3,899.5,901.0,1239
2026-02-26 14:40:00,901.0,902.0,900.9,902.0,356
2026-02-26 14:45:00,902.0,902.0,901.35,901.35,1294
2026-02-26 14:50:00,901.2,902.0,900.5,900.85,1575
2026-02-26 14:55:00,901.45,901.75,900.35,900.5,1131
2026-02-26 15:00:00,901.15,903.65,900.5,903.3,6477
2026-02-26 15:05:00,903.45,904.0,902.85,903.15,1714
2026-02-26 15:10:00,903.0,903.35,903.0,903.35,5201
2026-02-26 15:15:00,903.3,903.9,902.2,903.0,9010
2026-02-26 15:20:00,903.0,904.0,902.25,904.0,3109
2026-02-26 15:25:00,903.8,905.0,903.05,904.9,4108
2026-02-27 09:15:00,910.05,910.05,901.75,904.3,4931
2026-02-27 09:20:00,904.3,906.55,903.15,906.55,9471
2026-02-27 09:25:00,905.55,905.85,902.15,902.15,2194
2026-02-27 09:30:00,902.15,903.9,901.3,902.15,741
2026-02-27 09:35:00,902.15,904.2,901.45,903.1,1740
2026-02-27 09:40:00,903.1,903.85,902.55,903.15,711
2026-02-27 09:45:00,903.15,908.5,903.15,908.3,7417
2026-02-27 09:50:00,908.3,912.25,908.3,908.3,3503
2026-02-27 09:55:00,908.3,911.8,908.3,911.15,4346
2026-02-27 10:00:00,910.95,911.6,908.55,910.75,1614
2026-02-27 10:05:00,910.75,914.15,910.55,914.15,3013
2026-02-27 10:10:00,914.0,916.65,912.0,914.3,7802
2026-02-27 10:15:00,913.55,914.5,913.45,913.45,1144
2026-02-27 10:20:00,913.45,914.35,911.0,914.35,1345
2026-02-27 10:25:00,914.45,915.1,912.9,914.05,1378
2026-02-27 10:30:00,913.2,914.55,911.45,914.55,2567
2026-02-27 10:35:00,913.5,916.4,913.5,914.2,2733
2026-02-27 10:40:00,914.2,914.7,913.8,913.8,954
2026-02-27 10:45:00,913.8,915.05,913.1,913.85,2555
2026-02-27 10:50:00,913.85,914.05,911.9,912.7,904
2026-02-27 10:55:00,912.7,912.7,910.65,911.05,1523
2026-02-27 11:00:00,911.05,912.55,911.05,912.55,1221
2026-02-27 11:05:00,912.55,913.7,911.15,913.1,843
2026-02-27 11:10:00,913.1,914.0,912.25,914.0,199
2026-02-27 11:15:00,914.0,914.0,911.8,912.2,1491
2026-02-27 11:20:00,912.2,912.2,911.55,911.6,258
2026-02-27 11:25:00,911.6,912.8,911.5,911.5,1083
2026-02-27 11:30:00,912.35,912.35,911.0,911.8,897
2026-02-27 11:35:00,911.8,912.5,910.6,912.5,1272
2026-02-27 11:40:00,912.15,912.15,909.2,909.2,6231
2026-02-27 11:45:00,909.2,910.0,909.0,909.2,2438
2026-02-27 11:50:00,909.2,910.9,909.2,909.55,354
2026-02-27 11:55:00,909.55,910.65,907.75,910.25,1655
2026-02-27 12:00:00,909.65,910.75,909.65,910.7,500
2026-02-27 12:05:00,910.75,913.75,910.75,913.2,1236
2026-02-27 12:10:00,913.2,913.55,912.2,913.55,342
2026-02-27 12:15:00,913.55,913.65,912.05,912.7,1141
2026-02-27 12:20:00,912.7,912.9,912.4,912.5,1251
2026-02-27 12:25:00,912.5,915.95,912.5,915.95,3420
2026-02-27 12:30:00,915.2,916.3,913.0,913.7,2127
2026-02-27 12:35:00,913.15,913.7,913.15,913.2,692
2026-02-27 12:40:00,913.2,913.5,911.0,911.4,5502
2026-02-27 12:45:00,911.35,911.4,909.5,910.55,1231
2026-02-27 12:50:00,910.55,911.95,910.55,911.0,479
2026-02-27 12:55:00,911.0,914.4,911.0,914.4,1745
2026-02-27 13:00:00,913.8,915.0,913.8,914.55,2436
2026-02-27 13:05:00,914.55,915.2,913.0,913.75,3297
2026-02-27 13:10:00,913.75,918.55,913.75,916.95,8065
2026-02-27 13:15:00,916.95,917.0,916.25,917.0,454
2026-02-27 13:20:00,917.0,919.6,917.0,919.3,2817
2026-02-27 13:25:00,919.3,923.0,918.65,922.15,5990
2026-02-27 13:30:00,922.15,922.4,918.8,920.5,18577
2026-02-27 13:35:00,920.5,922.15,920.0,921.0,1190
2026-02-27 13:40:00,921.95,923.4,920.8,921.8,3073
2026-02-27 13:45:00,921.8,923.7,920.4,923.5,996
2026-02-27 13:50:00,922.85,923.85,921.4,922.9,9140
2026-02-27 13:55:00,922.9,923.45,921.35,923.45,3411
2026-02-27 14:00:00,922.9,923.45,922.55,922.7,940
2026-02-27 14:05:00,922.7,924.85,922.2,924.0,5645
2026-02-27 14:10:00,924.0,925.0,918.65,921.15,23841
2026-02-27 14:15:00,920.75,921.75,917.6,919.0,12246
2026-02-27 14:20:00,919.0,919.65,916.75,917.65,2618
2026-02-27 14:25:00,917.65,918.45,915.8,916.95,3304
2026-02-27 14:30:00,916.95,920.0,916.3,919.0,11526
2026-02-27 14:35:00,918.6,919.5,918.1,918.3,2352
2026-02-27 14:40:00,918.3,918.9,918.3,918.9,430
2026-02-27 14:45:00,918.55,919.6,918.55,918.85,1293
2026-02-27 14:50:00,918.85,922.35,918.85,922.35,19287
2026-02-27 14:55:00,922.35,923.0,921.35,922.85,6540
2026-02-27 15:00:00,922.0,927.0,922.0,923.6,23738
2026-02-27 15:05:00,923.05,924.4,922.2,923.1,20555
2026-02-27 15:10:00,923.05,924.6,920.0,920.8,22484
2026-02-27 15:15:00,921.3,921.45,920.0,920.4,19529
2026-02-27 15:20:00,920.0,922.15,918.7,918.7,22791
2026-02-27 15:25:00,919.05,923.0,918.5,920.05,21543
2026-03-02 09:15:00,880.0,906.15,880.0,904.65,13699
2026-03-02 09:20:00,904.65,904.9,900.1,901.2,6313
2026-03-02 09:25:00,900.65,904.75,900.0,903.55,5909
2026-03-02 09:30:00,903.55,904.0,901.2,903.2,2986
2026-03-02 09:35:00,903.8,910.0,901.2,907.0,9561
2026-03-02 09:40:00,907.0,908.95,906.75,908.3,2694
2026-03-02 09:45:00,909.0,909.0,906.35,908.4,4780
2026-03-02 09:50:00,908.4,908.45,905.0,905.6,2910
2026-03-02 09:55:00,905.6,907.55,905.55,907.0,625
2026-03-02 10:00:00,907.1,907.55,905.55,905.85,816
2026-03-02 10:05:00,905.85,905.85,904.4,905.0,2974
2026-03-02 10:10:00,905.0,905.35,899.8,900.45,8098
2026-03-02 10:15:00,900.85,902.2,899.85,901.1,1341
2026-03-02 10:20:00,900.55,905.0,900.2,905.0,2192
2026-03-02 10:25:00,905.0,905.0,900.8,901.3,5360
2026-03-02 10:30:00,901.3,902.9,900.35,902.0,1136
2026-03-02 10:35:00,902.0,902.45,900.35,900.35,906
2026-03-02 10:40:00,900.25,900.35,896.3,896.3,2146
2026-03-02 10:45:00,896.3,902.75,895.2,900.15,6314
2026-03-02 10:50:00,900.15,901.2,900.0,900.9,3045
2026-03-02 10:55:00,900.95,901.65,900.6,900.9,737
2026-03-02 11:00:00,901.5,901.6,900.15,900.15,890
2026-03-02 11:05:00,900.15,900.85,899.9,900.25,1094
2026-03-02 11:10:00,900.25,900.95,900.25,900.25,616
2026-03-02 11:15:00,900.25,900.5,900.0,900.0,8129
2026-03-02 11:20:00,900.0,900.0,897.8,898.65,10592
2026-03-02 11:25:00,898.65,898.65,895.85,896.25,1327
2026-03-02 11:30:00,896.25,896.25,892.15,892.8,3271
2026-03-02 11:35:00,892.8,898.15,891.85,897.2,9132
2026-03-02 11:40:00,897.2,897.2,895.1,895.8,8641
2026-03-02 11:45:00,895.9,902.0,895.9,902.0,13218
2026-03-02 11:50:00,902.0,902.5,900.75,900.9,4197
2026-03-02 11:55:00,900.9,900.9,898.35,898.35,13550
2026-03-02 12:00:00,898.35,902.35,898.35,901.25,15653
2026-03-02 12:05:00,901.25,902.95,900.55,902.45,587
2026-03-02 12:10:00,902.5,905.8,902.5,905.0,15041
2026-03-02 12:15:00,905.0,906.9,905.0,905.35,2281
2026-03-02 12:20:00,905.35,906.05,902.1,905.85,23441
2026-03-02 12:25:00,905.7,906.25,905.1,905.75,591
2026-03-02 12:30:00,905.35,906.1,905.0,905.0,3818
2026-03-02 12:35:00,905.0,905.75,896.85,897.6,24279
2026-03-02 12:40:00,897.6,897.6,895.15,895.15,3239
2026-03-02 12:45:00,895.15,895.65,893.0,893.8,1461
2026-03-02 12:50:00,893.8,894.3,893.4,893.4,493
2026-03-02 12:55:00,893.4,894.6,892.0,892.6,1663
2026-03-02 13:00:00,892.6,892.6,890.0,891.55,3505
2026-03-02 13:05:00,891.55,894.6,891.5,894.0,2698
2026-03-02 13:10:00,894.0,898.8,894.0,897.95,8192
2026-03-02 13:15:00,897.95,898.6,897.95,898.4,88
2026-03-02 13:20:00,898.4,898.75,898.1,898.35,384
2026-03-02 13:25:00,898.35,902.75,898.2,901.05,2731
2026-03-02 13:30:00,901.05,901.85,900.0,901.5,1630
2026-03-02 13:35:00,901.5,902.05,900.7,900.8,1090
2026-03-02 13:40:00,900.8,900.8,900.0,900.25,2908
2026-03-02 13:45:00,900.45,901.25,900.45,900.75,945
2026-03-02 13:50:00,900.05,901.15,900.0,900.35,551
2026-03-02 13:55:00,900.35,900.35,894.8,895.3,14805
2026-03-02 14:00:00,895.3,902.9,895.3,902.4,20283
2026-03-02 14:05:00,902.4,903.85,902.15,902.95,1194
2026-03-02 14:10:00,902.95,904.65,902.95,903.75,6794
2026-03-02 14:15:00,903.75,913.4,903.65,912.1,13271
2026-03-02 14:20:00,912.1,915.0,910.7,911.55,10531
2026-03-02 14:25:00,912.05,912.2,910.35,910.5,769
2026-03-02 14:30:00,910.5,912.85,910.0,912.3,7573
2026-03-02 14:35:00,912.3,914.0,912.25,913.1,2372
2026-03-02 14:40:00,912.55,914.1,911.45,912.85,3033
2026-03-02 14:45:00,913.3,914.15,912.4,913.35,1595
2026-03-02 14:50:00,913.35,913.35,910.35,911.8,2432
2026-03-02 14:55:00,911.8,911.85,910.05,910.25,1599
2026-03-02 15:00:00,910.55,912.0,910.15,911.85,6537
2026-03-02 15:05:00,911.85,915.75,911.5,914.1,4820
2026-03-02 15:10:00,914.15,915.05,913.9,915.0,5299
2026-03-02 15:15:00,914.95,914.95,914.1,914.2,3099
2026-03-02 15:20:00,914.5,915.9,914.45,915.55,8768
2026-03-02 15:25:00,915.9,917.0,914.0,915.0,7592
2026-03-04 09:15:00,914.35,914.35,896.55,897.6,7753
2026-03-04 09:20:00,897.6,903.9,897.0,900.4,8144
2026-03-04 09:25:00,900.0,901.6,897.0,897.0,13441
2026-03-04 09:30:00,897.65,898.2,892.6,892.6,6330
2026-03-04 09:35:00,892.85,894.85,891.0,891.05,10336
2026-03-04 09:40:00,891.05,893.5,891.05,893.2,3025
2026-03-04 09:45:00,893.2,894.95,892.9,893.65,3151
2026-03-04 09:50:00,893.55,893.65,891.15,892.55,8989
2026-03-04 09:55:00,892.55,893.0,890.7,890.7,3491
2026-03-04 10:00:00,891.35,893.2,889.75,892.95,3873
2026-03-04 10:05:00,892.95,894.8,892.85,894.8,3376
2026-03-04 10:10:00,894.8,895.9,893.65,894.6,2482
2026-03-04 10:15:00,894.6,896.65,894.6,896.0,3326
2026-03-04 10:20:00,896.0,896.5,891.0,891.0,4697
2026-03-04 10:25:00,891.0,895.65,890.95,895.1,1289
2026-03-04 10:30:00,895.1,896.9,895.1,896.75,3910
2026-03-04 10:35:00,896.05,897.1,895.25,895.25,4817
2026-03-04 10:40:00,895.2,895.25,893.8,894.25,972
2026-03-04 10:45:00,894.25,896.5,894.25,895.45,964
2026-03-04 10:50:00,895.45,895.75,895.0,895.05,424
2026-03-04 10:55:00,895.05,896.0,895.0,895.1,4163
2026-03-04 11:00:00,895.75,897.0,895.3,896.3,1063
2026-03-04 11:05:00,896.75,898.5,895.65,898.4,3392
2026-03-04 11:10:00,903.5,907.0,903.1,903.1,9318
2026-03-04 11:15:00,903.55,903.55,902.15,903.2,623
2026-03-04 11:20:00,903.2,903.2,901.85,902.65,276
2026-03-04 11:25:00,902.65,902.65,900.6,901.8,977
2026-03-04 11:30:00,901.8,901.8,900.85,900.85,162
2026-03-04 11:35:00,900.85,902.2,900.6,902.2,927
2026-03-04 11:40:00,902.1,902.6,900.8,900.85,692
2026-03-04 11:45:00,900.85,901.0,900.1,901.0,368
2026-03-04 11:50:00,901.0,903.0,901.0,902.45,2577
2026-03-04 11:55:00,902.45,902.85,900.25,901.1,1618
2026-03-04 12:00:00,901.1,901.3,900.25,901.25,532
2026-03-04 12:05:00,901.25,901.25,900.15,900.55,429
2026-03-04 12:10:00,900.55,901.8,900.1,900.2,2645
2026-03-04 12:15:00,900.2,901.2,900.0,901.2,5891
2026-03-04 12:20:00,901.2,902.95,901.05,902.55,1596
2026-03-04 12:25:00,902.55,902.95,901.0,901.45,543
2026-03-04 12:30:00,901.45,901.8,900.1,901.8,723
2026-03-04 12:35:00,901.8,901.8,900.2,900.55,314
2026-03-04 12:40:00,900.8,900.8,900.0,900.4,282
2026-03-04 12:45:00,900.4,902.0,900.0,900.75,1835
2026-03-04 12:50:00,900.75,900.95,900.05,900.7,1062
2026-03-04 12:55:00,900.7,902.1,900.5,902.1,475
2026-03-04 13:00:00,902.15,902.45,900.25,900.25,2537
2026-03-04 13:05:00,900.25,902.15,900.25,901.15,640
2026-03-04 13:10:00,901.15,901.95,901.15,901.25,290
2026-03-04 13:15:00,901.25,901.85,900.35,900.9,767
2026-03-04 13:20:00,900.9,901.1,900.05,900.85,661
2026-03-04 13:25:00,900.85,900.85,900.05,900.75,443
2026-03-04 13:30:00,900.75,901.0,900.2,900.5,243
2026-03-04 13:35:00,900.2,900.5,900.2,900.25,106
2026-03-04 13:40:00,900.25,900.95,900.0,900.55,8202
2026-03-04 13:45:00,900.55,900.7,900.0,900.05,6114
2026-03-04 13:50:00,900.05,900.2,900.05,900.05,632
2026-03-04 13:55:00,900.05,900.2,900.05,900.2,411
2026-03-04 14:00:00,900.2,900.3,900.05,900.2,704
2026-03-04 14:05:00,900.2,900.35,900.05,900.1,1186
2026-03-04 14:10:00,900.1,900.9,900.1,900.35,662
2026-03-04 14:15:00,900.35,902.8,900.35,902.8,3899
2026-03-04 14:20:00,902.8,902.8,901.0,901.9,1202
2026-03-04 14:25:00,901.9,901.9,901.0,901.2,203
2026-03-04 14:30:00,901.2,901.45,901.0,901.35,1306
2026-03-04 14:35:00,901.35,901.35,900.7,901.0,1726
2026-03-04 14:40:00,901.0,901.45,901.0,901.25,639
2026-03-04 14:45:00,901.25,902.75,900.35,901.45,3468
2026-03-04 14:50:00,901.45,902.15,901.0,901.55,6846
2026-03-04 14:55:00,901.6,901.85,900.55,901.05,6390
2026-03-04 15:00:00,901.05,901.8,900.2,901.75,3516
2026-03-04 15:05:00,901.35,901.85,901.0,901.1,2321
2026-03-04 15:10:00,901.1,902.0,900.3,901.35,7299
2026-03-04 15:15:00,901.0,902.65,895.55,898.3,13443
2026-03-04 15:20:00,897.3,898.05,897.05,897.1,3391
2026-03-04 15:25:00,897.1,897.1,894.25,894.25,4500
2026-03-05 09:15:00,901.45,910.45,896.55,899.4,13565
2026-03-05 09:20:00,899.4,900.45,895.35,900.0,4161
2026-03-05 09:25:00,899.3,902.8,898.15,901.5,3706
2026-03-05 09:30:00,903.05,905.8,901.45,905.05,4623
2026-03-05 09:35:00,905.05,905.65,903.5,904.55,3209
2026-03-05 09:40:00,904.55,904.55,902.25,902.4,5731
2026-03-05 09:45:00,902.4,905.0,902.1,902.4,12799
2026-03-05 09:50:00,902.4,903.85,902.1,903.75,2092
2026-03-05 09:55:00,903.75,903.75,902.1,902.1,1144
2026-03-05 10:00:00,902.1,902.35,898.65,900.35,10337
2026-03-05 10:05:00,900.8,900.8,900.05,900.3,737
2026-03-05 10:10:00,900.3,900.45,899.95,900.4,3578
2026-03-05 10:15:00,900.4,901.65,897.0,898.2,6607
2026-03-05 10:20:00,898.2,899.3,898.0,898.5,352
2026-03-05 10:25:00,898.5,898.5,895.3,896.4,2259
2026-03-05 10:30:00,896.4,896.4,895.0,895.7,6516
2026-03-05 10:35:00,895.2,897.9,895.2,897.65,586
2026-03-05 10:40:00,897.65,898.05,897.5,898.05,219
2026-03-05 10:45:00,898.05,898.85,897.9,898.0,2612
2026-03-05 10:50:00,898.0,899.1,898.0,898.5,6736
2026-03-05 10:55:00,898.5,898.8,898.5,898.75,440
2026-03-05 11:00:00,898.75,899.1,898.65,898.8,103
2026-03-05 11:05:00,898.8,899.7,898.8,899.4,298
2026-03-05 11:10:00,899.4,899.6,899.4,899.6,481
2026-03-05 11:15:00,899.6,899.8,899.4,899.8,1545
2026-03-05 11:20:00,899.8,899.9,899.75,899.75,96
2026-03-05 11:25:00,899.75,899.75,897.0,897.0,3536
2026-03-05 11:30:00,897.0,897.45,897.0,897.45,235
2026-03-05 11:35:00,897.45,897.45,896.15,896.25,522
2026-03-05 11:40:00,896.25,896.6,896.0,896.0,625
2026-03-05 11:45:00,896.0,896.25,895.25,895.8,428
2026-03-05 11:50:00,895.8,895.9,895.0,895.15,2142
2026-03-05 11:55:00,895.15,895.35,895.0,895.05,459
2026-03-05 12:00:00,895.05,895.1,895.0,895.0,1063
2026-03-05 12:05:00,895.0,897.3,894.65,896.8,625
2026-03-05 12:10:00,896.8,898.6,896.8,898.35,350
2026-03-05 12:15:00,898.35,898.45,897.7,898.1,461
2026-03-05 12:20:00,898.1,898.15,897.35,897.9,801
2026-03-05 12:25:00,897.9,897.9,897.35,897.9,383
2026-03-05 12:30:00,897.9,898.5,895.95,895.95,4580
2026-03-05 12:35:00,895.95,896.55,895.15,896.4,823
2026-03-05 12:40:00,896.4,896.9,896.4,896.75,156
2026-03-05 12:45:00,896.75,898.55,896.0,898.5,900
2026-03-05 12:50:00,898.55,898.9,897.05,897.35,518
2026-03-05 12:55:00,897.35,898.55,897.35,898.55,359
2026-03-05 13:00:00,898.55,899.35,898.25,898.5,601
2026-03-05 13:05:00,898.5,899.2,897.8,898.55,1027
2026-03-05 13:10:00,899.0,899.2,896.8,897.35,1879
2026-03-05 13:15:00,897.35,897.8,896.15,896.7,2207
2026-03-05 13:20:00,896.7,898.5,896.15,898.45,638
2026-03-05 13:25:00,898.0,898.0,897.05,897.65,1239
2026-03-05 13:30:00,897.65,898.15,897.1,897.8,720
2026-03-05 13:35:00,897.8,898.1,897.15,897.5,1075
2026-03-05 13:40:00,897.5,900.6,897.15,899.95,4273
2026-03-05 13:45:00,899.9,900.8,899.9,900.2,791
2026-03-05 13:50:00,900.2,900.75,899.9,900.35,455
2026-03-05 13:55:00,900.35,900.65,897.75,898.9,4978
2026-03-05 14:00:00,899.4,899.8,898.1,898.25,268
2026-03-05 14:05:00,898.05,899.9,898.05,899.6,152
2026-03-05 14:10:00,899.6,899.6,898.7,898.9,201
2026-03-05 14:15:00,898.9,899.25,898.55,898.55,94
2026-03-05 14:20:00,898.55,899.4,897.65,898.6,2215
2026-03-05 14:25:00,898.6,899.65,898.5,899.25,471
2026-03-05 14:30:00,899.25,899.45,898.95,899.2,319
2026-03-05 14:35:00,899.35,899.85,899.35,899.45,481
2026-03-05 14:40:00,899.45,905.65,899.45,904.95,11739
2026-03-05 14:45:00,904.95,907.95,904.7,906.55,3713
2026-03-05 14:50:00,906.55,909.8,906.55,909.7,1320
2026-03-05 14:55:00,909.7,910.0,908.0,908.55,3745
2026-03-05 15:00:00,908.5,909.0,906.1,908.4,4887
2026-03-05 15:05:00,908.4,910.0,905.15,909.4,10490
2026-03-05 15:10:00,909.4,909.4,907.25,907.65,1766
2026-03-05 15:15:00,907.95,909.0,906.9,908.0,2488
2026-03-05 15:20:00,907.9,910.35,907.55,909.6,5403
2026-03-05 15:25:00,909.6,912.8,909.5,910.0,4629
2026-03-06 09:15:00,910.0,913.95,909.6,910.2,3271
2026-03-06 09:20:00,910.2,910.2,907.9,910.2,2268
2026-03-06 09:25:00,910.2,910.2,907.2,908.8,1904
2026-03-06 09:30:00,908.8,909.6,908.0,908.0,1415
2026-03-06 09:35:00,908.2,908.2,905.45,906.3,1215
2026-03-06 09:40:00,906.3,908.25,906.3,908.25,181
2026-03-06 09:45:00,908.25,908.85,907.55,908.2,176
2026-03-06 09:50:00,908.2,908.2,906.65,907.85,1556
2026-03-06 09:55:00,907.85,909.0,907.5,908.15,1279
2026-03-06 10:00:00,908.15,908.95,908.15,908.15,475
2026-03-06 10:05:00,908.15,908.45,907.5,907.7,1078
2026-03-06 10:10:00,907.7,909.75,907.55,909.75,2493
2026-03-06 10:15:00,909.75,910.0,908.85,909.6,1765
2026-03-06 10:20:00,909.6,911.95,909.25,911.95,2841
2026-03-06 10:25:00,911.95,912.4,911.5,912.0,1546
2026-03-06 10:30:00,912.0,912.1,911.5,911.5,718
2026-03-06 10:35:00,911.5,912.7,911.5,912.1,530
2026-03-06 10:40:00,912.1,916.75,912.1,916.5,3092
2026-03-06 10:45:00,916.5,919.8,915.1,915.75,11945
2026-03-06 10:50:00,914.9,915.2,910.15,910.15,1775
2026-03-06 10:55:00,910.15,914.2,908.0,913.6,2888
2026-03-06 11:00:00,913.6,915.75,913.6,915.15,404
2026-03-06 11:05:00,915.15,915.8,913.5,915.25,1637
2026-03-06 11:10:00,915.25,917.15,915.1,915.3,730
2026-03-06 11:15:00,915.3,916.0,915.2,915.9,233
2026-03-06 11:20:00,915.9,918.2,915.55,917.05,947
2026-03-06 11:25:00,917.05,917.15,915.95,916.55,522
2026-03-06 11:30:00,916.55,917.0,916.3,916.3,444
2026-03-06 11:35:00,916.3,917.05,915.95,917.0,802
2026-03-06 11:40:00,917.0,918.0,916.45,916.45,556
2026-03-06 11:45:00,916.45,916.85,916.3,916.45,103
2026-03-06 11:50:00,917.1,917.25,916.5,916.5,210
2026-03-06 11:55:00,916.55,917.0,916.2,916.2,240
2026-03-06 12:00:00,916.2,916.5,914.85,915.05,906
2026-03-06 12:05:00,915.05,916.05,914.65,916.05,412
2026-03-06 12:10:00,916.05,916.05,915.55,915.6,286
2026-03-06 12:15:00,915.6,915.65,909.55,910.1,7346
2026-03-06 12:20:00,910.1,910.1,908.1,908.1,1519
2026-03-06 12:25:00,908.5,908.5,898.0,898.0,13986
2026-03-06 12:30:00,897.8,899.7,897.8,899.25,738
2026-03-06 12:35:00,898.9,900.1,897.55,898.55,15890
2026-03-06 12:40:00,898.3,898.85,897.5,898.85,1929
2026-03-06 12:45:00,898.25,900.25,897.35,899.65,2750
2026-03-06 12:50:00,899.05,901.45,899.05,901.1,1343
2026-03-06 12:55:00,901.1,901.45,900.3,900.8,753
2026-03-06 13:00:00,900.8,902.55,900.45,902.0,1239
2026-03-06 13:05:00,902.0,902.55,901.35,902.5,474
2026-03-06 13:10:00,902.5,904.55,902.5,903.15,7973
2026-03-06 13:15:00,903.15,904.8,903.15,903.85,1269
2026-03-06 13:20:00,903.85,904.5,903.85,904.5,627
2026-03-06 13:25:00,904.9,904.9,903.25,904.15,2119
2026-03-06 13:30:00,904.15,904.2,902.6,902.6,911
2026-03-06 13:35:00,902.6,904.0,901.6,901.65,7826
2026-03-06 13:40:00,901.65,902.3,901.0,901.1,1666
2026-03-06 13:45:00,901.1,901.1,899.45,900.45,1659
2026-03-06 13:50:00,900.45,901.75,900.45,901.45,1171
2026-03-06 13:55:00,901.45,901.95,901.25,901.4,466
2026-03-06 14:00:00,901.4,902.35,901.3,901.3,728
2026-03-06 14:05:00,901.3,901.7,901.15,901.7,306
2026-03-06 14:10:00,901.7,902.65,901.5,902.1,661
2026-03-06 14:15:00,902.1,902.55,901.75,902.05,713
2026-03-06 14:20:00,902.05,902.45,901.25,901.95,371
2026-03-06 14:25:00,901.85,904.9,901.4,904.6,3287
2026-03-06 14:30:00,904.6,904.7,904.4,904.4,298
2026-03-06 14:35:00,904.4,904.5,904.0,904.0,3563
2026-03-06 14:40:00,902.65,905.35,902.65,903.7,2595
2026-03-06 14:45:00,903.8,904.1,901.6,902.4,983
2026-03-06 14:50:00,902.4,903.2,901.5,902.3,1140
2026-03-06 14:55:00,902.3,902.7,901.5,902.65,430
2026-03-06 15:00:00,902.65,902.65,898.15,898.45,5013
2026-03-06 15:05:00,898.45,898.8,897.3,897.4,5532
2026-03-06 15:10:00,897.0,897.0,893.55,894.8,4116
2026-03-06 15:15:00,894.8,897.85,894.65,894.65,4263
2026-03-06 15:20:00,894.6,896.25,893.0,896.25,5541
2026-03-06 15:25:00,896.25,896.25,893.1,895.0,3301
2026-03-09 09:15:00,892.0,892.0,873.5,874.8,14584
2026-03-09 09:20:00,874.8,875.2,870.7,872.0,14924
2026-03-09 09:25:00,872.0,873.7,867.6,872.45,4727
2026-03-09 09:30:00,872.25,875.6,871.0,871.0,3564
2026-03-09 09:35:00,871.0,874.15,871.0,872.95,4130
2026-03-09 09:40:00,872.05,872.8,868.55,872.55,7852
2026-03-09 09:45:00,872.0,872.0,865.0,866.25,7706
2026-03-09 09:50:00,866.25,866.4,862.9,863.35,5177
2026-03-09 09:55:00,863.5,867.75,863.0,866.8,3821
2026-03-09 10:00:00,866.85,866.85,861.8,863.0,5204
2026-03-09 10:05:00,863.0,866.0,863.0,864.35,4188
2026-03-09 10:10:00,864.6,866.6,863.4,866.6,4265
2026-03-09 10:15:00,866.6,866.75,864.45,865.25,6040
2026-03-09 10:20:00,865.25,865.6,863.85,864.65,2178
2026-03-09 10:25:00,864.65,866.1,862.1,866.1,6048
2026-03-09 10:30:00,865.75,866.5,864.0,864.0,1178
2026-03-09 10:35:00,863.65,864.75,863.0,864.35,493
2026-03-09 10:40:00,864.05,864.7,863.0,863.5,1331
2026-03-09 10:45:00,863.5,863.5,860.0,861.35,7395
2026-03-09 10:50:00,861.35,864.85,861.35,864.85,2597
2026-03-09 10:55:00,864.5,865.45,863.8,864.7,6120
2026-03-09 11:00:00,864.85,865.9,863.55,864.6,5251
2026-03-09 11:05:00,864.6,865.5,864.15,864.4,1226
2026-03-09 11:10:00,864.0,864.45,862.7,864.0,976
2026-03-09 11:15:00,864.0,864.1,861.45,863.9,14936
2026-03-09 11:20:00,863.9,865.2,863.5,864.75,3002
2026-03-09 11:25:00,864.75,866.0,864.4,865.9,3905
2026-03-09 11:30:00,865.85,865.85,864.2,864.2,2314
2026-03-09 11:35:00,864.2,866.2,864.0,866.2,2386
2026-03-09 11:40:00,866.2,867.85,866.2,867.65,2069
2026-03-09 11:45:00,867.65,867.95,867.05,867.5,1557
2026-03-09 11:50:00,867.5,868.1,867.05,867.05,1166
2026-03-09 11:55:00,867.05,867.05,866.0,866.85,3684
2026-03-09 12:00:00,866.85,867.8,866.85,867.0,1136
2026-03-09 12:05:00,867.0,867.0,863.25,863.55,26968
2026-03-09 12:10:00,863.55,864.4,861.1,864.4,4372
2026-03-09 12:15:00,864.4,865.3,864.05,865.0,567
2026-03-09 12:20:00,865.0,865.65,865.0,865.6,2134
2026-03-09 12:25:00,865.8,866.8,865.55,866.05,442
2026-03-09 12:30:00,866.05,866.65,863.2,863.7,107596
2026-03-09 12:35:00,863.2,865.25,862.0,864.0,6570
2026-03-09 12:40:00,864.0,864.5,863.75,863.75,1031
2026-03-09 12:45:00,863.75,864.5,860.8,862.0,5185
2026-03-09 12:50:00,862.0,862.3,861.45,862.05,1756
2026-03-09 12:55:00,862.05,863.9,862.05,863.05,6453
2026-03-09 13:00:00,863.05,863.9,862.75,863.65,1675
2026-03-09 13:05:00,863.65,864.5,863.4,863.4,745
2026-03-09 13:10:00,863.4,864.05,863.1,863.6,835
2026-03-09 13:15:00,863.6,865.85,863.6,865.0,3600
2026-03-09 13:20:00,865.0,866.45,865.0,866.3,1401
2026-03-09 13:25:00,866.3,870.0,866.3,868.9,10652
2026-03-09 13:30:00,869.0,869.45,868.15,869.1,1614
2026-03-09 13:35:00,869.1,869.1,866.9,866.95,2291
2026-03-09 13:40:00,866.95,868.0,865.45,865.45,1926
2026-03-09 13:45:00,865.8,866.45,864.0,865.0,2549
2026-03-09 13:50:00,864.2,865.0,863.8,864.15,944
2026-03-09 13:55:00,864.15,864.15,861.75,862.25,949
2026-03-09 14:00:00,862.25,864.75,862.25,864.65,2511
2026-03-09 14:05:00,864.65,866.1,863.75,865.85,4269
2026-03-09 14:10:00,865.85,866.1,865.0,865.0,452
2026-03-09 14:15:00,865.0,865.85,865.0,865.7,590
2026-03-09 14:20:00,865.7,866.45,865.0,866.1,464
2026-03-09 14:25:00,866.1,867.55,866.1,867.05,319
2026-03-09 14:30:00,867.05,867.75,867.0,867.0,1152
2026-03-09 14:35:00,867.0,867.3,865.8,865.9,3969
2026-03-09 14:40:00,865.9,867.15,865.65,867.15,837
2026-03-09 14:45:00,866.6,869.45,866.45,868.7,7674
2026-03-09 14:50:00,868.0,869.75,868.0,868.35,4410
2026-03-09 14:55:00,868.35,870.3,868.25,868.5,8610
2026-03-09 15:00:00,868.5,870.65,866.95,870.6,9947
2026-03-09 15:05:00,870.6,872.2,870.15,871.25,3284
2026-03-09 15:10:00,871.2,874.75,871.15,872.8,15692
2026-03-09 15:15:00,872.65,873.95,872.15,873.35,4935
2026-03-09 15:20:00,873.35,874.0,872.2,873.7,3246
2026-03-09 15:25:00,872.5,874.0,871.7,873.9,6201
2026-03-10 09:15:00,884.8,884.8,873.0,877.1,5200
2026-03-10 09:20:00,877.0,882.35,876.45,880.0,3711
2026-03-10 09:25:00,880.0,880.0,876.45,876.45,1786
2026-03-10 09:30:00,876.25,877.35,875.0,876.0,1012
2026-03-10 09:35:00,876.0,876.55,871.5,871.5,4296
2026-03-10 09:40:00,872.1,872.1,869.0,870.55,5002
2026-03-10 09:45:00,870.55,872.3,870.0,870.7,1933
2026-03-10 09:50:00,870.7,871.55,870.05,870.05,792
2026-03-10 09:55:00,870.05,871.6,870.0,870.45,1728
2026-03-10 10:00:00,870.45,871.15,870.45,871.05,953
2026-03-10 10:05:00,871.05,871.15,870.35,870.9,864
2026-03-10 10:10:00,870.35,872.2,870.35,872.2,2754
2026-03-10 10:15:00,872.2,873.5,872.2,872.95,1223
2026-03-10 10:20:00,872.95,872.95,872.0,872.25,3182
2026-03-10 10:25:00,872.3,873.0,871.1,873.0,1545
2026-03-10 10:30:00,873.0,874.1,873.0,873.7,969
2026-03-10 10:35:00,873.7,874.95,873.3,873.6,1625
2026-03-10 10:40:00,874.0,874.0,872.15,872.7,1281
2026-03-10 10:45:00,872.7,874.4,872.6,874.1,1183
2026-03-10 10:50:00,874.0,874.1,873.05,873.45,443
2026-03-10 10:55:00,873.45,873.45,871.35,872.0,772
2026-03-10 11:00:00,872.0,873.45,872.0,872.85,1638
2026-03-10 11:05:00,872.85,875.5,872.85,875.5,904
2026-03-10 11:10:00,875.5,876.65,872.1,872.1,4752
2026-03-10 11:15:00,872.1,877.0,872.1,876.0,1355
2026-03-10 11:20:00,876.0,877.0,875.9,876.55,671
2026-03-10 11:25:00,876.55,878.45,875.2,877.95,881
2026-03-10 11:30:00,877.95,879.5,877.95,878.0,4997
2026-03-10 11:35:00,877.45,877.5,876.0,877.5,1239
2026-03-10 11:40:00,877.5,878.85,877.15,878.85,909
2026-03-10 11:45:00,878.85,878.85,877.85,877.95,291
2026-03-10 11:50:00,877.75,879.0,877.7,878.8,2698
2026-03-10 11:55:00,878.8,878.8,877.15,877.7,1392
2026-03-10 12:00:00,877.7,878.15,877.7,877.95,361
2026-03-10 12:05:00,877.95,879.0,877.7,878.15,995
2026-03-10 12:10:00,877.75,878.1,876.05,876.5,304
2026-03-10 12:15:00,876.5,876.85,875.5,875.55,1261
2026-03-10 12:20:00,875.55,875.9,875.2,875.6,717
2026-03-10 12:25:00,875.6,875.7,875.0,875.4,300
2026-03-10 12:30:00,875.4,875.9,875.2,875.9,155
2026-03-10 12:35:00,875.4,877.2,875.4,876.55,652
2026-03-10 12:40:00,876.55,876.55,874.55,874.55,792
2026-03-10 12:45:00,874.55,876.4,873.25,873.25,8580
2026-03-10 12:50:00,874.05,874.4,872.55,873.7,1573
2026-03-10 12:55:00,873.7,876.0,873.7,875.95,1690
2026-03-10 13:00:00,875.9,875.9,874.65,875.15,661
2026-03-10 13:05:00,875.15,875.15,874.45,874.85,213
2026-03-10 13:10:00,874.85,875.0,873.75,873.75,423
2026-03-10 13:15:00,873.75,874.5,873.75,874.35,67
2026-03-10 13:20:00,874.35,874.8,872.3,872.3,1839
2026-03-10 13:25:00,872.3,872.9,871.8,872.9,688
2026-03-10 13:30:00,872.9,873.85,872.8,873.85,2658
2026-03-10 13:35:00,873.85,874.0,872.8,874.0,472
2026-03-10 13:40:00,874.0,874.2,872.35,873.3,374
2026-03-10 13:45:00,873.3,874.75,872.85,874.75,2666
2026-03-10 13:50:00,874.75,877.35,874.1,876.4,6518
2026-03-10 13:55:00,876.4,876.5,875.1,875.85,697
2026-03-10 14:00:00,875.85,876.2,875.1,876.0,597
2026-03-10 14:05:00,874.4,874.95,873.0,874.0,5792
2026-03-10 14:10:00,874.0,876.4,874.0,875.85,6405
2026-03-10 14:15:00,875.35,875.35,873.55,873.95,1497
2026-03-10 14:20:00,873.95,873.95,873.05,873.4,905
2026-03-10 14:25:00,873.4,873.6,873.0,873.5,377
2026-03-10 14:30:00,873.5,873.5,872.25,873.0,776
2026-03-10 14:35:00,873.0,874.1,872.7,873.7,381
2026-03-10 14:40:00,873.7,874.1,873.0,873.9,586
2026-03-10 14:45:00,873.3,875.25,873.25,874.1,713
2026-03-10 14:50:00,874.1,875.7,873.45,874.35,2223
2026-03-10 14:55:00,874.8,875.95,873.75,873.75,1840
2026-03-10 15:00:00,873.5,873.7,870.35,872.15,3277
2026-03-10 15:05:00,872.15,872.75,871.25,872.25,2384
2026-03-10 15:10:00,872.45,872.55,871.65,872.55,2685
2026-03-10 15:15:00,872.55,876.7,871.35,876.45,7685
2026-03-10 15:20:00,876.45,879.0,876.45,879.0,12311
2026-03-10 15:25:00,879.0,885.0,878.15,880.0,17567
2026-03-11 09:15:00,887.65,887.65,872.2,880.35,11833
2026-03-11 09:20:00,880.35,884.8,880.25,880.4,5839
2026-03-11 09:25:00,880.4,882.65,878.65,881.5,5459
2026-03-11 09:30:00,882.0,883.3,878.25,882.7,5694
2026-03-11 09:35:00,883.0,887.35,883.0,885.85,10409
2026-03-11 09:40:00,886.0,887.0,883.3,885.9,11118
2026-03-11 09:45:00,885.9,894.6,885.25,893.55,15987
2026-03-11 09:50:00,893.55,895.0,890.95,893.1,12977
2026-03-11 09:55:00,893.15,893.55,890.15,891.5,3142
2026-03-11 10:00:00,890.9,892.4,890.0,891.55,3754
2026-03-11 10:05:00,891.55,893.05,890.3,890.55,1367
2026-03-11 10:10:00,890.5,898.9,890.5,895.8,10461
2026-03-11 10:15:00,895.8,896.55,894.35,894.65,5373
2026-03-11 10:20:00,894.65,896.5,894.05,896.3,849
2026-03-11 10:25:00,896.3,896.3,893.25,894.35,1334
2026-03-11 10:30:00,894.1,897.35,894.1,896.25,3471
2026-03-11 10:35:00,896.7,898.6,895.0,897.5,6540
2026-03-11 10:40:00,897.5,898.4,896.65,896.65,1498
2026-03-11 10:45:00,897.5,898.95,895.05,897.3,3148
2026-03-11 10:50:00,897.3,898.45,896.75,898.05,1146
2026-03-11 10:55:00,898.05,900.35,898.05,900.35,3765
2026-03-11 11:00:00,900.45,904.15,900.45,903.0,9523
2026-03-11 11:05:00,903.0,904.35,901.05,901.05,3291
2026-03-11 11:10:00,901.05,901.6,898.55,899.85,4562
2026-03-11 11:15:00,900.45,900.85,897.15,899.2,7435
2026-03-11 11:20:00,899.8,900.55,898.8,899.1,1146
2026-03-11 11:25:00,898.3,899.35,897.05,897.8,4446
2026-03-11 11:30:00,897.8,898.0,895.4,896.05,3326
2026-03-11 11:35:00,896.05,897.15,895.05,896.5,4467
2026-03-11 11:40:00,896.5,897.95,896.5,897.0,677
2026-03-11 11:45:00,897.0,897.55,896.2,897.2,696
2026-03-11 11:50:00,897.2,897.4,895.05,895.7,2941
2026-03-11 11:55:00,895.7,896.45,895.7,896.3,732
2026-03-11 12:00:00,896.3,897.4,896.1,897.2,543
2026-03-11 12:05:00,897.2,897.8,896.3,897.0,1453
2026-03-11 12:10:00,897.4,897.85,897.05,897.7,203
2026-03-11 12:15:00,897.7,903.0,897.6,901.9,4061
2026-03-11 12:20:00,901.9,903.45,900.6,902.6,1636
2026-03-11 12:25:00,902.6,903.2,901.7,903.05,2615
2026-03-11 12:30:00,903.05,903.25,901.0,901.0,2249
2026-03-11 12:35:00,901.0,902.85,900.0,900.0,7159
2026-03-11 12:40:00,900.0,900.0,898.0,899.9,2459
2026-03-11 12:45:00,899.9,899.9,895.8,897.0,880
2026-03-11 12:50:00,896.25,896.9,896.05,896.5,1404
2026-03-11 12:55:00,896.5,896.65,895.05,896.2,2881
2026-03-11 13:00:00,901.4,901.5,896.45,898.2,30405
2026-03-11 13:05:00,898.2,900.1,897.9,898.35,1472
2026-03-11 13:10:00,898.35,898.8,896.0,896.05,1548
2026-03-11 13:15:00,896.05,897.7,895.3,895.3,2641
2026-03-11 13:20:00,895.3,899.2,895.3,897.8,3630
2026-03-11 13:25:00,897.8,898.0,895.2,895.9,1470
2026-03-11 13:30:00,895.9,896.35,895.05,895.2,171
2026-03-11 13:35:00,895.2,895.9,893.2,894.35,3456
2026-03-11 13:40:00,894.35,896.4,894.0,896.0,1211
2026-03-11 13:45:00,896.0,896.6,893.75,894.75,2293
2026-03-11 13:50:00,894.15,894.6,893.0,894.35,477
2026-03-11 13:55:00,893.5,894.7,892.4,893.05,3168
2026-03-11 14:00:00,893.05,893.5,891.1,892.75,2856
2026-03-11 14:05:00,892.75,892.75,890.4,890.55,632
2026-03-11 14:10:00,891.0,891.95,890.0,890.05,10273
2026-03-11 14:15:00,890.5,892.15,890.35,891.15,871
2026-03-11 14:20:00,891.15,893.7,890.0,892.05,3794
2026-03-11 14:25:00,892.05,893.8,892.05,893.8,415
2026-03-11 14:30:00,893.8,893.9,892.3,893.7,4213
2026-03-11 14:35:00,893.7,893.7,892.3,892.55,424
2026-03-11 14:40:00,892.55,892.7,890.8,891.25,1996
2026-03-11 14:45:00,891.25,891.65,890.9,891.35,3832
2026-03-11 14:50:00,891.35,891.75,891.1,891.1,39
2026-03-11 14:55:00,891.1,891.1,890.05,890.1,529
2026-03-11 15:00:00,890.1,891.55,890.1,891.0,1200
2026-03-11 15:05:00,891.55,891.55,890.05,890.7,4558
2026-03-11 15:10:00,890.15,891.0,890.0,890.0,16642
2026-03-11 15:15:00,890.0,891.9,890.0,891.4,4973
2026-03-11 15:20:00,891.25,898.0,891.0,893.5,11089
2026-03-11 15:25:00,893.1,893.45,882.0,891.0,9972
2026-03-12 09:15:00,891.0,891.45,873.15,874.5,5807
2026-03-12 09:20:00,874.5,881.55,874.0,880.65,7260
2026-03-12 09:25:00,880.65,883.0,879.15,880.4,2018
2026-03-12 09:30:00,880.4,880.4,875.0,875.75,1720
2026-03-12 09:35:00,875.75,877.65,874.3,874.3,2617
2026-03-12 09:40:00,874.7,876.2,874.0,876.0,1662
2026-03-12 09:45:00,876.0,876.05,874.95,875.95,2225
2026-03-12 09:50:00,875.95,878.35,875.85,878.3,1154
2026-03-12 09:55:00,878.3,879.5,877.6,879.5,1339
2026-03-12 10:00:00,880.0,880.85,878.8,879.2,2071
2026-03-12 10:05:00,879.2,880.7,876.9,877.8,1350
2026-03-12 10:10:00,877.8,879.0,876.05,876.65,2202
2026-03-12 10:15:00,876.85,876.85,875.05,875.65,1594
2026-03-12 10:20:00,876.0,876.0,875.1,875.1,298
2026-03-12 10:25:00,875.1,878.65,875.1,877.7,1273
2026-03-12 10:30:00,877.3,877.7,873.0,873.75,6592
2026-03-12 10:35:00,873.75,876.0,873.2,876.0,597
2026-03-12 10:40:00,876.0,876.35,874.7,875.0,594
2026-03-12 10:45:00,875.0,875.9,871.0,871.5,3663
2026-03-12 10:50:00,871.5,872.55,870.3,872.0,1738
2026-03-12 10:55:00,872.0,872.6,871.05,872.2,325
2026-03-12 11:00:00,872.2,874.6,872.2,873.0,1725
2026-03-12 11:05:00,873.0,873.75,870.5,870.8,6930
2026-03-12 11:10:00,870.8,876.05,870.8,874.75,5302
2026-03-12 11:15:00,875.6,876.5,872.45,873.0,2132
2026-03-12 11:20:00,873.0,873.45,871.7,872.45,995
2026-03-12 11:25:00,872.45,873.1,871.45,872.6,1637
2026-03-12 11:30:00,872.6,872.6,871.3,871.85,345
2026-03-12 11:35:00,871.85,872.25,871.3,872.25,544
2026-03-12 11:40:00,872.15,873.65,872.0,872.95,608
2026-03-12 11:45:00,872.95,875.0,872.95,873.75,2101
2026-03-12 11:50:00,873.75,875.0,873.75,874.5,500
2026-03-12 11:55:00,874.5,875.55,872.45,872.85,4386
2026-03-12 12:00:00,872.85,872.85,871.65,872.0,3036
2026-03-12 12:05:00,872.0,872.8,871.25,871.25,1773
2026-03-12 12:10:00,871.25,872.75,868.55,872.25,7412
2026-03-12 12:15:00,871.7,872.8,871.2,872.75,1179
2026-03-12 12:20:00,873.0,874.45,872.05,872.5,1688
2026-03-12 12:25:00,872.45,873.3,872.2,872.5,867
2026-03-12 12:30:00,872.5,873.05,871.4,872.6,1284
2026-03-12 12:35:00,872.6,874.75,872.0,872.3,5507
2026-03-12 12:40:00,872.3,874.8,872.3,873.85,1410
2026-03-12 12:45:00,873.85,874.7,873.1,874.1,837
2026-03-12 12:50:00,874.2,874.35,873.65,874.1,533
2026-03-12 12:55:00,874.1,874.4,873.65,873.7,233
2026-03-12 13:00:00,874.0,874.0,873.05,873.05,256
2026-03-12 13:05:00,873.05,873.15,872.0,872.7,1346
2026-03-12 13:10:00,872.7,872.7,872.15,872.4,713
2026-03-12 13:15:00,872.65,873.0,872.0,872.45,1340
2026-03-12 13:20:00,872.45,873.25,872.0,872.4,2056
2026-03-12 13:25:00,872.4,874.7,872.4,874.7,939
2026-03-12 13:30:00,874.7,875.0,872.55,872.55,2121
2026-03-12 13:35:00,872.55,874.15,872.55,873.6,1703
2026-03-12 13:40:00,873.6,875.0,873.6,874.15,4049
2026-03-12 13:45:00,874.15,877.4,872.25,872.25,10621
2026-03-12 13:50:00,872.25,872.25,870.65,871.05,1884
2026-03-12 13:55:00,871.05,871.1,866.2,866.85,4977
2026-03-12 14:00:00,866.85,868.75,866.0,866.35,2616
2026-03-12 14:05:00,866.9,871.8,866.5,871.25,13445
2026-03-12 14:10:00,870.85,871.5,868.95,871.35,6749
2026-03-12 14:15:00,871.35,872.3,871.0,871.65,353
2026-03-12 14:20:00,871.65,872.0,870.1,872.0,1285
2026-03-12 14:25:00,872.25,873.45,872.0,872.75,27251
2026-03-12 14:30:00,872.2,873.05,872.1,872.1,923
2026-03-12 14:35:00,872.1,872.65,870.1,870.1,5583
2026-03-12 14:40:00,870.1,873.85,870.1,873.85,14635
2026-03-12 14:45:00,874.0,874.0,869.5,869.55,19064
2026-03-12 14:50:00,869.85,871.15,868.2,869.85,3854
2026-03-12 14:55:00,870.0,870.0,868.85,869.65,1667
2026-03-12 15:00:00,869.25,869.65,866.0,866.05,3452
2026-03-12 15:05:00,866.1,866.55,863.2,864.65,5731
2026-03-12 15:10:00,864.65,865.5,863.4,863.4,3416
2026-03-12 15:15:00,863.4,863.85,860.1,861.5,8420
2026-03-12 15:20:00,861.85,861.85,860.0,861.0,7963
2026-03-12 15:25:00,861.0,861.45,855.0,860.55,21313
2026-03-13 09:15:00,860.95,863.0,847.05,847.05,13151
2026-03-13 09:20:00,847.1,847.65,843.6,844.5,8654
2026-03-13 09:25:00,844.8,847.8,844.0,846.2,10289
2026-03-13 09:30:00,846.15,847.8,845.0,845.0,6918
2026-03-13 09:35:00,845.0,845.0,839.0,839.2,5971
2026-03-13 09:40:00,839.1,839.1,836.15,836.85,2338
2026-03-13 09:45:00,837.5,838.6,836.1,836.15,4979
2026-03-13 09:50:00,836.85,836.85,832.85,833.1,5818
2026-03-13 09:55:00,833.1,834.3,831.75,832.95,5475
2026-03-13 10:00:00,833.5,836.5,832.7,835.4,3242
2026-03-13 10:05:00,835.4,836.5,835.0,836.2,1314
2026-03-13 10:10:00,836.2,840.0,836.2,839.0,12808
2026-03-13 10:15:00,838.1,843.5,837.75,842.1,14565
2026-03-13 10:20:00,842.1,843.25,840.0,840.25,3820
2026-03-13 10:25:00,840.05,840.85,840.0,840.6,790
2026-03-13 10:30:00,840.9,842.05,840.0,840.0,6250
2026-03-13 10:35:00,840.0,840.0,836.85,838.05,11934
2026-03-13 10:40:00,838.65,840.0,837.35,839.0,2533
2026-03-13 10:45:00,839.85,840.5,837.4,838.0,9916
2026-03-13 10:50:00,837.4,842.0,836.5,841.2,6482
2026-03-13 10:55:00,841.2,841.2,839.5,840.0,1900
2026-03-13 11:00:00,840.0,840.35,837.5,837.5,1446
2026-03-13 11:05:00,837.25,838.25,836.2,836.5,1028
2026-03-13 11:10:00,836.5,837.3,836.15,836.2,527
2026-03-13 11:15:00,836.2,837.45,836.0,836.55,1383
2026-03-13 11:20:00,836.55,837.5,836.55,836.65,246
2026-03-13 11:25:00,836.65,839.35,836.65,839.3,2205
2026-03-13 11:30:00,838.9,839.3,838.65,839.2,317
2026-03-13 11:35:00,839.2,840.35,839.0,839.8,540
2026-03-13 11:40:00,839.8,841.05,839.1,839.35,1300
2026-03-13 11:45:00,839.35,840.15,837.1,837.25,1346
2026-03-13 11:50:00,837.25,838.5,837.25,838.0,625
2026-03-13 11:55:00,838.0,838.0,836.15,836.55,1075
2026-03-13 12:00:00,836.55,836.55,832.0,832.5,4119
2026-03-13 12:05:00,832.5,833.15,832.0,832.55,1369
2026-03-13 12:10:00,832.55,833.25,832.2,832.3,733
2026-03-13 12:15:00,832.25,833.35,832.0,832.65,2066
2026-03-13 12:20:00,832.25,832.8,831.0,831.45,2603
2026-03-13 12:25:00,831.45,832.4,830.5,831.1,2347
2026-03-13 12:30:00,831.1,831.6,830.0,830.05,2682
2026-03-13 12:35:00,830.1,831.0,829.0,829.3,2347
2026-03-13 12:40:00,829.3,829.3,827.1,827.55,1847
2026-03-13 12:45:00,827.55,829.2,827.55,828.7,795
2026-03-13 12:50:00,828.65,829.25,828.0,828.0,485
2026-03-13 12:55:00,828.55,828.75,827.3,827.75,1272
2026-03-13 13:00:00,827.75,828.8,827.3,828.0,1113
2026-03-13 13:05:00,828.0,828.0,821.35,822.05,12456
2026-03-13 13:10:00,822.05,822.35,821.0,821.35,2470
2026-03-13 13:15:00,821.35,822.9,821.2,822.25,908
2026-03-13 13:20:00,822.0,822.75,821.4,821.85,2235
2026-03-13 13:25:00,821.85,826.35,821.4,826.3,27875
2026-03-13 13:30:00,826.3,835.65,825.8,833.0,10435
2026-03-13 13:35:00,833.6,833.65,832.0,832.65,1623
2026-03-13 13:40:00,832.65,834.3,832.0,834.3,1584
2026-03-13 13:45:00,835.25,836.5,832.3,836.15,5266
2026-03-13 13:50:00,836.0,837.05,836.0,837.05,1940
2026-03-13 13:55:00,837.05,837.05,830.95,835.65,15375
2026-03-13 14:00:00,835.65,836.6,834.15,836.35,3609
2026-03-13 14:05:00,836.4,838.95,836.0,836.75,7116
2026-03-13 14:10:00,836.75,839.4,836.55,839.35,8015
2026-03-13 14:15:00,839.35,840.0,838.15,839.7,5568
2026-03-13 14:20:00,840.3,841.5,839.55,840.15,3877
2026-03-13 14:25:00,840.7,841.95,839.0,841.15,4423
2026-03-13 14:30:00,840.0,844.0,840.0,840.25,4314
2026-03-13 14:35:00,840.25,841.1,839.2,840.25,4175
2026-03-13 14:40:00,839.5,839.95,839.0,839.9,4231
2026-03-13 14:45:00,839.75,839.95,837.0,837.55,5376
2026-03-13 14:50:00,836.9,838.45,836.6,836.9,1136
2026-03-13 14:55:00,836.9,839.4,835.7,839.25,6286
2026-03-13 15:00:00,838.55,839.55,836.15,836.15,2883
2026-03-13 15:05:00,836.15,837.95,835.25,837.45,5963
2026-03-13 15:10:00,837.5,838.5,836.85,838.1,6771
2026-03-13 15:15:00,838.55,838.65,837.5,837.75,8843
2026-03-13 15:20:00,837.75,837.8,837.0,837.25,6303
2026-03-13 15:25:00,837.4,837.4,835.0,835.0,6508
2026-03-16 09:15:00,842.3,843.4,827.85,829.55,6205
2026-03-16 09:20:00,829.55,829.55,823.45,827.1,7325
2026-03-16 09:25:00,827.1,831.15,826.7,828.65,4238
2026-03-16 09:30:00,828.85,828.85,826.05,826.75,2560
2026-03-16 09:35:00,826.75,831.95,826.75,830.55,3148
2026-03-16 09:40:00,830.55,833.35,830.0,832.8,3015
2026-03-16 09:45:00,832.8,832.85,831.25,832.8,1576
2026-03-16 09:50:00,832.8,832.85,830.35,830.35,883
2026-03-16 09:55:00,830.25,831.65,827.0,827.0,1703
2026-03-16 10:00:00,827.45,827.85,826.3,827.1,669
2026-03-16 10:05:00,827.1,827.7,825.2,826.9,4890
2026-03-16 10:10:00,826.9,826.9,819.0,820.0,11554
2026-03-16 10:15:00,820.0,820.0,818.0,818.2,2833
2026-03-16 10:20:00,818.0,818.0,816.0,817.6,2035
2026-03-16 10:25:00,817.3,817.3,813.0,813.1,1827
2026-03-16 10:30:00,812.8,814.65,812.75,812.8,1352
2026-03-16 10:35:00,812.8,814.1,812.8,812.8,1942
2026-03-16 10:40:00,812.8,813.45,810.0,811.0,5346
2026-03-16 10:45:00,810.85,812.6,810.85,812.55,1652
2026-03-16 10:50:00,811.85,813.45,811.45,811.65,832
2026-03-16 10:55:00,811.65,814.05,810.5,814.05,1118
2026-03-16 11:00:00,813.0,814.0,813.0,813.5,1110
2026-03-16 11:05:00,813.5,815.0,812.55,813.4,1308
2026-03-16 11:10:00,813.4,814.0,811.0,811.0,1372
2026-03-16 11:15:00,811.65,816.85,811.0,816.85,939
2026-03-16 11:20:00,816.85,825.2,815.15,823.8,9393
2026-03-16 11:25:00,823.2,823.8,822.05,823.5,2106
2026-03-16 11:30:00,823.65,824.8,820.0,820.95,6583
2026-03-16 11:35:00,820.95,821.85,820.25,821.6,603
2026-03-16 11:40:00,821.6,821.95,818.65,819.4,2045
2026-03-16 11:45:00,818.4,820.2,818.25,819.5,865
2026-03-16 11:50:00,819.5,822.05,819.5,821.35,1296
2026-03-16 11:55:00,821.35,824.35,820.05,822.9,2659
2026-03-16 12:00:00,823.1,825.6,822.7,823.2,2396
2026-03-16 12:05:00,823.2,823.2,821.35,822.5,2221
2026-03-16 12:10:00,822.5,823.0,821.55,822.85,940
2026-03-16 12:15:00,822.75,822.85,820.85,821.3,443
2026-03-16 12:20:00,821.1,822.45,820.85,822.45,415
2026-03-16 12:25:00,822.25,825.0,822.15,823.05,3646
2026-03-16 12:30:00,823.05,823.5,820.6,820.6,1077
2026-03-16 12:35:00,820.6,822.9,820.15,822.4,802
2026-03-16 12:40:00,822.4,822.45,821.25,821.55,241
2026-03-16 12:45:00,821.3,821.3,819.0,819.0,810
2026-03-16 12:50:00,818.9,819.5,815.0,816.75,7906
2026-03-16 12:55:00,815.9,815.9,811.0,811.95,2255
2026-03-16 13:00:00,811.95,812.25,810.3,811.7,9174
2026-03-16 13:05:00,811.4,816.4,810.1,816.4,12878
2026-03-16 13:10:00,816.4,817.85,816.4,816.8,395
2026-03-16 13:15:00,816.95,816.95,816.1,816.4,169
2026-03-16 13:20:00,816.4,816.9,816.1,816.8,425
2026-03-16 13:25:00,816.8,818.5,816.55,817.45,325
2026-03-16 13:30:00,817.45,818.85,814.0,814.15,2737
2026-03-16 13:35:00,814.15,816.0,814.05,816.0,239
2026-03-16 13:40:00,816.0,816.0,813.0,813.0,4364
2026-03-16 13:45:00,813.0,814.0,812.6,813.15,1668
2026-03-16 13:50:00,813.15,813.15,812.0,812.75,1811
2026-03-16 13:55:00,812.75,813.45,811.8,813.25,859
2026-03-16 14:00:00,813.35,813.45,811.95,812.65,2040
2026-03-16 14:05:00,812.65,813.1,812.0,812.95,1034
2026-03-16 14:10:00,812.6,814.0,811.7,811.7,10294
2026-03-16 14:15:00,811.6,814.95,811.6,814.65,7069
2026-03-16 14:20:00,814.65,816.85,814.25,816.5,11727
2026-03-16 14:25:00,816.5,818.3,815.85,818.05,3169
2026-03-16 14:30:00,818.05,820.85,817.8,820.85,2137
2026-03-16 14:35:00,820.85,822.75,820.15,822.75,1721
2026-03-16 14:40:00,822.75,825.6,822.3,824.35,10462
2026-03-16 14:45:00,824.35,825.0,823.05,823.65,1551
2026-03-16 14:50:00,823.65,824.55,822.2,823.65,1608
2026-03-16 14:55:00,823.65,823.7,822.0,822.5,1093
2026-03-16 15:00:00,822.95,822.95,817.3,819.0,3587
2026-03-16 15:05:00,819.0,821.65,819.0,821.3,2308
2026-03-16 15:10:00,821.6,822.0,819.7,820.4,4286
2026-03-16 15:15:00,820.75,821.45,817.6,819.5,8439
2026-03-16 15:20:00,819.4,820.1,817.45,818.95,10506
2026-03-16 15:25:00,819.45,820.0,816.6,819.0,5448
2026-03-17 09:15:00,820.0,824.05,819.55,823.25,5052
2026-03-17 09:20:00,822.55,824.75,820.45,823.75,3527
2026-03-17 09:25:00,823.7,823.7,821.0,822.55,4674
2026-03-17 09:30:00,822.5,823.6,821.95,823.55,2352
2026-03-17 09:35:00,823.55,826.1,823.5,825.65,5843
2026-03-17 09:40:00,823.8,824.15,822.5,822.5,3656
2026-03-17 09:45:00,822.95,823.0,818.05,819.3,3112
2026-03-17 09:50:00,819.05,821.5,817.45,821.25,3922
2026-03-17 09:55:00,821.1,822.3,820.15,822.25,1068
2026-03-17 10:00:00,822.25,823.05,821.8,822.35,790
2026-03-17 10:05:00,822.35,823.25,822.35,822.75,836
2026-03-17 10:10:00,822.75,823.85,822.4,823.35,412
2026-03-17 10:15:00,823.35,824.8,823.15,824.0,2369
2026-03-17 10:20:00,824.0,824.0,821.0,821.0,2237
2026-03-17 10:25:00,821.5,821.8,820.0,820.0,3588
2026-03-17 10:30:00,819.5,820.3,818.5,819.05,915
2026-03-17 10:35:00,819.05,819.05,817.0,817.65,4529
2026-03-17 10:40:00,818.1,818.2,815.3,817.0,5541
2026-03-17 10:45:00,816.8,821.95,816.75,821.1,1770
2026-03-17 10:50:00,821.1,821.75,820.35,821.75,4162
2026-03-17 10:55:00,822.5,822.6,821.4,821.7,666
2026-03-17 11:00:00,821.65,822.85,821.65,822.6,530
2026-03-17 11:05:00,822.6,823.0,821.85,822.65,430
2026-03-17 11:10:00,822.65,822.65,821.0,821.5,3065
2026-03-17 11:15:00,821.05,824.7,821.05,823.25,1271
2026-03-17 11:20:00,822.9,823.35,822.0,822.05,378
2026-03-17 11:25:00,822.05,822.45,821.0,821.5,531
2026-03-17 11:30:00,822.4,822.4,821.0,821.05,499
2026-03-17 11:35:00,821.05,822.0,820.0,821.1,5817
2026-03-17 11:40:00,821.1,821.85,820.6,821.2,695
2026-03-17 11:45:00,821.25,823.0,821.25,822.3,261
2026-03-17 11:50:00,822.3,823.0,822.0,822.0,471
2026-03-17 11:55:00,822.0,822.35,820.75,821.2,340
2026-03-17 12:00:00,821.4,821.95,821.0,821.5,513
2026-03-17 12:05:00,821.5,821.95,821.0,821.6,296
2026-03-17 12:10:00,821.6,822.7,821.35,822.7,280
2026-03-17 12:15:00,821.95,822.65,820.6,821.0,478
2026-03-17 12:20:00,821.0,821.35,820.05,820.4,426
2026-03-17 12:25:00,820.0,820.15,817.2,817.85,7477
2026-03-17 12:30:00,817.85,818.6,817.0,817.15,867
2026-03-17 12:35:00,817.15,818.95,817.15,817.85,815
2026-03-17 12:40:00,818.45,819.45,817.0,819.45,708
2026-03-17 12:45:00,819.45,819.45,818.05,819.0,583
2026-03-17 12:50:00,818.65,818.75,817.95,818.2,567
2026-03-17 12:55:00,818.2,818.2,816.8,817.2,199
2026-03-17 13:00:00,817.7,819.8,817.7,819.35,845
2026-03-17 13:05:00,819.4,820.4,817.8,818.85,993
2026-03-17 13:10:00,818.85,819.45,817.8,819.05,782
2026-03-17 13:15:00,819.05,819.5,819.05,819.45,64
2026-03-17 13:20:00,819.45,820.0,817.8,818.6,1085
2026-03-17 13:25:00,818.85,819.25,818.2,818.65,221
2026-03-17 13:30:00,818.65,820.65,818.65,819.1,466
2026-03-17 13:35:00,819.1,819.9,818.65,819.3,1177
2026-03-17 13:40:00,819.3,819.85,818.0,818.25,1103
2026-03-17 13:45:00,818.2,819.2,818.15,818.7,635
2026-03-17 13:50:00,818.7,819.8,818.7,819.2,257
2026-03-17 13:55:00,819.2,820.4,819.2,820.25,300
2026-03-17 14:00:00,819.85,822.9,819.85,822.9,1603
2026-03-17 14:05:00,822.9,823.45,819.15,820.0,2557
2026-03-17 14:10:00,820.0,820.3,817.85,818.8,7423
2026-03-17 14:15:00,818.7,818.75,817.5,817.9,10246
2026-03-17 14:20:00,817.9,817.9,816.4,817.05,1882
2026-03-17 14:25:00,817.05,817.05,816.3,816.95,831
2026-03-17 14:30:00,817.0,824.2,816.5,824.0,10833
2026-03-17 14:35:00,824.6,828.4,821.75,821.75,6483
2026-03-17 14:40:00,821.7,823.75,820.3,822.05,3473
2026-03-17 14:45:00,822.05,823.7,822.05,823.7,3318
2026-03-17 14:50:00,823.75,823.75,822.1,823.75,823
2026-03-17 14:55:00,822.65,824.15,821.1,821.85,5241
2026-03-17 15:00:00,821.85,822.45,819.45,820.55,5391
2026-03-17 15:05:00,820.7,822.8,819.75,821.8,8215
2026-03-17 15:10:00,821.45,823.0,821.15,822.05,4764
2026-03-17 15:15:00,822.1,823.0,820.0,820.15,9531
2026-03-17 15:20:00,820.15,822.35,820.15,821.25,7855
2026-03-17 15:25:00,820.6,823.95,820.15,823.0,7518
2026-03-18 09:15:00,824.0,835.1,821.95,833.1,4958
2026-03-18 09:20:00,833.1,835.8,831.95,832.1,4570
2026-03-18 09:25:00,832.1,838.9,831.25,837.6,1851
2026-03-18 09:30:00,837.6,839.0,837.3,838.7,1534
2026-03-18 09:35:00,838.7,839.3,836.85,838.55,1764
2026-03-18 09:40:00,838.55,839.0,838.0,838.55,677
2026-03-18 09:45:00,838.65,840.95,837.75,840.95,4120
2026-03-18 09:50:00,840.95,840.95,839.4,839.85,3088
2026-03-18 09:55:00,839.85,839.85,836.25,836.9,864
2026-03-18 10:00:00,836.9,838.15,835.0,835.75,730
2026-03-18 10:05:00,836.5,836.5,829.05,829.2,6865
2026-03-18 10:10:00,828.65,830.85,828.65,830.85,1248
2026-03-18 10:15:00,830.85,832.0,830.7,832.0,1592
2026-03-18 10:20:00,832.0,832.0,830.7,830.7,1179
2026-03-18 10:25:00,830.7,831.75,829.7,829.7,615
2026-03-18 10:30:00,829.7,830.8,828.5,830.1,2596
2026-03-18 10:35:00,830.25,831.45,828.9,830.75,1832
2026-03-18 10:40:00,830.75,832.0,830.75,831.0,2759
2026-03-18 10:45:00,831.0,839.15,830.7,837.9,8954
2026-03-18 10:50:00,837.9,838.0,836.1,836.35,741
2026-03-18 10:55:00,837.0,839.05,836.5,838.65,777
2026-03-18 11:00:00,838.65,838.65,836.9,837.2,1868
2026-03-18 11:05:00,837.2,837.65,836.85,837.0,257
2026-03-18 11:10:00,837.0,837.7,835.9,835.95,1709
2026-03-18 11:15:00,835.95,836.25,835.7,835.7,160
2026-03-18 11:20:00,835.7,836.5,834.7,835.4,995
2026-03-18 11:25:00,834.75,836.0,834.3,835.65,1095
2026-03-18 11:30:00,835.35,835.35,834.1,834.1,218
2026-03-18 11:35:00,834.1,834.5,833.6,834.5,1052
2026-03-18 11:40:00,834.5,837.0,834.0,836.15,2341
2026-03-18 11:45:00,836.15,837.4,835.3,835.3,1217
2026-03-18 11:50:00,835.3,836.3,835.15,835.15,163
2026-03-18 11:55:00,835.65,836.0,834.75,835.5,210
2026-03-18 12:00:00,835.5,835.5,832.0,832.15,2094
2026-03-18 12:05:00,832.2,833.2,830.4,832.25,2723
2026-03-18 12:10:00,832.25,833.55,831.75,833.55,315
2026-03-18 12:15:00,833.55,835.05,833.55,834.6,514
2026-03-18 12:20:00,834.6,834.75,833.6,834.75,469
2026-03-18 12:25:00,834.75,835.3,834.15,834.45,450
2026-03-18 12:30:00,835.55,836.5,835.5,835.95,295
2026-03-18 12:35:00,835.95,838.95,835.25,836.25,1992
2026-03-18 12:40:00,836.25,837.0,835.0,835.0,419
2026-03-18 12:45:00,835.0,836.1,835.0,836.1,370
2026-03-18 12:50:00,836.1,836.8,835.8,835.8,920
2026-03-18 12:55:00,835.55,836.5,835.55,835.6,607
2026-03-18 13:00:00,835.6,839.45,835.6,839.45,3347
2026-03-18 13:05:00,839.45,839.65,837.75,838.15,1982
2026-03-18 13:10:00,838.15,839.5,838.0,839.5,688
2026-03-18 13:15:00,839.5,840.2,838.9,840.15,2313
2026-03-18 13:20:00,840.15,842.0,840.05,840.05,1551
2026-03-18 13:25:00,840.05,840.4,839.0,839.4,992
2026-03-18 13:30:00,840.0,840.75,839.75,840.3,1782
2026-03-18 13:35:00,840.3,842.0,839.85,841.1,504
2026-03-18 13:40:00,841.1,841.5,840.7,841.4,166
2026-03-18 13:45:00,841.2,843.6,840.6,843.05,2820
2026-03-18 13:50:00,843.05,845.15,842.45,844.0,1463
2026-03-18 13:55:00,844.0,846.9,844.0,846.35,7241
2026-03-18 14:00:00,845.4,848.0,845.4,846.5,2053
2026-03-18 14:05:00,847.0,848.0,845.45,847.85,3422
2026-03-18 14:10:00,847.85,848.0,845.4,845.4,946
2026-03-18 14:15:00,845.4,848.8,844.5,848.7,2666
2026-03-18 14:20:00,848.9,848.9,845.65,846.25,1996
2026-03-18 14:25:00,846.25,847.35,845.3,845.35,587
2026-03-18 14:30:00,845.35,845.75,843.9,843.9,542
2026-03-18 14:35:00,843.9,844.8,843.0,843.3,2507
2026-03-18 14:40:00,843.3,844.85,843.3,843.3,421
2026-03-18 14:45:00,843.3,844.6,841.5,844.35,1918
2026-03-18 14:50:00,844.35,844.7,843.6,843.85,306
2026-03-18 14:55:00,843.85,845.0,843.85,844.6,803
2026-03-18 15:00:00,844.6,844.6,841.0,842.0,2175
2026-03-18 15:05:00,842.0,842.6,841.05,842.6,771
2026-03-18 15:10:00,842.6,842.6,839.55,840.45,8447
2026-03-18 15:15:00,841.2,841.7,839.7,840.9,3324
2026-03-18 15:20:00,840.1,841.35,838.5,839.95,2927
2026-03-18 15:25:00,839.2,844.8,838.6,844.0,4094
2026-03-19 09:15:00,830.0,836.55,825.1,831.4,9774
2026-03-19 09:20:00,832.6,832.9,829.2,829.2,4511
2026-03-19 09:25:00,829.75,829.75,827.65,828.8,3867
2026-03-19 09:30:00,828.8,837.25,828.75,835.05,7516
2026-03-19 09:35:00,835.05,835.9,832.65,833.5,1031
2026-03-19 09:40:00,833.5,834.15,831.45,832.35,730
2026-03-19 09:45:00,832.35,832.65,827.25,828.05,1987
2026-03-19 09:50:00,828.05,829.9,826.75,827.55,1588
2026-03-19 09:55:00,827.55,827.85,826.1,826.8,1216
2026-03-19 10:00:00,826.8,829.25,826.4,827.85,1083
2026-03-19 10:05:00,827.85,828.55,826.65,827.2,919
2026-03-19 10:10:00,827.2,827.35,826.2,826.2,463
2026-03-19 10:15:00,826.2,827.25,825.8,826.25,3362
2026-03-19 10:20:00,826.25,826.25,825.0,826.0,1598
2026-03-19 10:25:00,826.05,827.1,825.9,826.2,243
2026-03-19 10:30:00,826.2,828.8,826.2,826.85,1138
2026-03-19 10:35:00,826.85,829.05,826.4,829.0,2182
2026-03-19 10:40:00,829.0,829.0,828.0,828.0,144
2026-03-19 10:45:00,828.0,828.9,824.95,825.05,2489
2026-03-19 10:50:00,825.05,825.4,823.45,824.8,967
2026-03-19 10:55:00,824.8,825.4,824.0,824.55,1539
2026-03-19 11:00:00,824.7,824.7,823.5,824.2,666
2026-03-19 11:05:00,824.2,824.35,822.3,822.3,1660
2026-03-19 11:10:00,822.3,822.9,822.0,822.5,1719
2026-03-19 11:15:00,822.5,822.5,821.05,822.3,1787
2026-03-19 11:20:00,822.3,824.6,820.0,822.35,5132
2026-03-19 11:25:00,822.45,823.0,821.7,821.95,1080
2026-03-19 11:30:00,821.95,822.5,821.95,822.5,298
2026-03-19 11:35:00,822.5,823.6,822.2,822.5,679
2026-03-19 11:40:00,822.5,824.45,821.5,823.8,1111
2026-03-19 11:45:00,823.8,824.0,823.6,823.8,155
2026-03-19 11:50:00,823.8,823.8,823.15,823.15,80
2026-03-19 11:55:00,823.15,823.6,823.15,823.5,52
2026-03-19 12:00:00,823.5,823.5,822.75,823.45,612
2026-03-19 12:05:00,823.45,824.4,822.85,823.1,469
2026-03-19 12:10:00,823.1,824.95,823.1,824.95,277
2026-03-19 12:15:00,824.95,825.0,824.25,824.25,171
2026-03-19 12:20:00,824.25,824.8,824.15,824.75,71
2026-03-19 12:25:00,824.75,824.75,823.8,824.55,82
2026-03-19 12:30:00,824.5,824.5,823.8,824.15,385
2026-03-19 12:35:00,824.15,825.2,824.15,824.35,1338
2026-03-19 12:40:00,824.35,824.8,824.35,824.7,44
2026-03-19 12:45:00,824.7,824.85,824.4,824.85,230
2026-03-19 12:50:00,824.85,825.15,824.2,824.2,299
2026-03-19 12:55:00,824.2,824.2,823.65,824.2,196
2026-03-19 13:00:00,824.2,824.2,823.25,823.55,403
2026-03-19 13:05:00,823.55,823.9,823.0,823.6,144
2026-03-19 13:10:00,823.6,824.45,822.75,823.75,4098
2026-03-19 13:15:00,823.75,823.75,821.0,821.55,2008
2026-03-19 13:20:00,821.55,823.85,820.0,823.0,2400
2026-03-19 13:25:00,823.0,823.85,821.2,822.0,1820
2026-03-19 13:30:00,822.0,822.5,821.35,821.85,227
2026-03-19 13:35:00,821.85,823.0,820.35,822.85,2533
2026-03-19 13:40:00,822.85,823.7,820.25,820.25,326
2026-03-19 13:45:00,820.25,821.1,819.15,819.95,486
2026-03-19 13:50:00,819.95,821.05,819.95,820.4,3504
2026-03-19 13:55:00,820.4,820.4,817.3,817.95,1051
2026-03-19 14:00:00,817.95,819.0,816.85,817.4,3030
2026-03-19 14:05:00,817.4,817.45,814.8,815.0,3389
2026-03-19 14:10:00,815.0,815.0,813.8,814.4,1139
2026-03-19 14:15:00,814.4,815.45,813.0,813.0,6101
2026-03-19 14:20:00,813.0,813.0,812.05,812.65,937
2026-03-19 14:25:00,812.65,813.85,810.35,812.6,4432
2026-03-19 14:30:00,813.2,814.05,812.0,814.0,1001
2026-03-19 14:35:00,814.0,814.0,812.0,812.7,1253
2026-03-19 14:40:00,812.95,814.0,811.2,814.0,2865
2026-03-19 14:45:00,814.0,814.0,811.15,811.2,206
2026-03-19 14:50:00,811.2,811.75,809.0,809.2,2684
2026-03-19 14:55:00,809.2,810.6,807.05,808.0,2775
2026-03-19 15:00:00,808.0,810.6,807.1,810.05,2144
2026-03-19 15:05:00,810.05,813.1,808.9,812.55,7031
2026-03-19 15:10:00,813.1,813.1,810.8,811.4,4679
2026-03-19 15:15:00,811.4,813.4,810.45,812.85,3391
2026-03-19 15:20:00,813.15,813.8,811.35,813.25,6061
2026-03-19 15:25:00,812.6,816.0,810.2,816.0,7611
2026-03-20 09:15:00,814.5,821.4,813.05,820.55,10449
2026-03-20 09:20:00,820.65,823.45,815.2,819.7,12409
2026-03-20 09:25:00,819.2,822.8,819.2,821.55,2141
2026-03-20 09:30:00,820.95,824.0,819.55,821.55,5755
2026-03-20 09:35:00,821.85,829.2,820.4,827.0,8830
2026-03-20 09:40:00,826.8,829.25,826.8,827.65,5832
2026-03-20 09:45:00,827.65,828.6,826.55,827.5,4168
2026-03-20 09:50:00,827.15,831.0,827.15,827.7,5083
2026-03-20 09:55:00,825.9,828.7,825.5,827.65,4912
2026-03-20 10:00:00,827.4,828.35,827.05,827.1,3965
2026-03-20 10:05:00,827.1,828.05,826.1,827.6,1701
2026-03-20 10:10:00,827.6,831.95,827.6,831.0,13144
2026-03-20 10:15:00,830.65,831.4,829.5,829.5,3277
2026-03-20 10:20:00,829.5,836.45,829.25,836.4,6469
2026-03-20 10:25:00,836.4,836.4,831.65,833.0,9593
2026-03-20 10:30:00,829.0,829.0,826.15,826.45,5180
2026-03-20 10:35:00,825.95,826.35,822.5,823.0,2973
2026-03-20 10:40:00,823.0,823.25,822.25,823.0,2065
2026-03-20 10:45:00,823.0,827.0,823.0,824.35,5247
2026-03-20 10:50:00,824.35,826.7,822.6,822.95,3468
2026-03-20 10:55:00,822.95,822.95,820.45,821.55,8509
2026-03-20 11:00:00,822.2,825.35,821.75,824.5,9266
2026-03-20 11:05:00,824.15,825.6,823.75,824.4,2473
2026-03-20 11:10:00,824.4,825.05,823.0,824.0,1032
2026-03-20 11:15:00,824.0,829.75,824.0,826.25,8289
2026-03-20 11:20:00,826.25,832.0,826.15,830.15,7886
2026-03-20 11:25:00,830.15,833.45,830.15,831.35,3818
2026-03-20 11:30:00,831.5,832.0,827.25,827.25,15872
2026-03-20 11:35:00,827.25,829.25,825.0,825.0,5491
2026-03-20 11:40:00,824.35,824.65,822.0,824.15,6357
2026-03-20 11:45:00,824.15,824.5,822.0,822.7,4542
2026-03-20 11:50:00,822.7,825.05,822.7,822.85,3680
2026-03-20 11:55:00,822.95,823.05,821.2,821.95,3471
2026-03-20 12:00:00,821.85,822.15,821.1,821.1,2338
2026-03-20 12:05:00,821.55,821.7,818.85,818.85,2679
2026-03-20 12:10:00,818.9,821.85,818.9,821.15,3221
2026-03-20 12:15:00,821.1,822.65,819.7,820.55,5084
2026-03-20 12:20:00,820.25,820.85,819.6,819.6,3149
2026-03-20 12:25:00,820.1,823.15,819.65,822.25,11505
2026-03-20 12:30:00,823.15,824.05,820.55,823.45,6743
2026-03-20 12:35:00,823.5,824.0,822.6,823.3,3081
2026-03-20 12:40:00,823.4,826.8,821.75,825.15,7250
2026-03-20 12:45:00,825.15,826.25,823.85,825.65,2813
2026-03-20 12:50:00,825.65,825.65,823.1,823.85,2623
2026-03-20 12:55:00,823.8,825.6,822.05,822.05,3085
2026-03-20 13:00:00,822.15,823.3,821.65,822.35,3253
2026-03-20 13:05:00,821.95,822.35,821.2,821.45,2322
2026-03-20 13:10:00,821.45,822.55,821.25,821.35,2664
2026-03-20 13:15:00,821.2,823.9,821.15,821.7,3417
2026-03-20 13:20:00,821.7,824.2,821.7,822.25,2471
2026-03-20 13:25:00,822.25,823.7,822.15,823.3,2730
2026-03-20 13:30:00,823.55,824.5,823.0,823.8,2608
2026-03-20 13:35:00,823.85,825.7,823.55,823.75,2778
2026-03-20 13:40:00,823.75,824.95,821.25,822.5,3820
2026-03-20 13:45:00,822.5,823.45,822.5,822.75,3149
2026-03-20 13:50:00,822.75,825.5,822.5,824.1,3888
2026-03-20 13:55:00,824.1,826.4,824.1,824.1,2937
2026-03-20 14:00:00,824.1,825.75,823.15,825.55,3037
2026-03-20 14:05:00,825.85,826.15,823.35,824.65,3319
2026-03-20 14:10:00,824.55,824.7,822.5,822.7,3293
2026-03-20 14:15:00,822.7,823.7,822.55,822.75,3130
2026-03-20 14:20:00,822.7,823.9,821.6,822.25,3393
2026-03-20 14:25:00,822.4,823.3,819.35,821.4,7069
2026-03-20 14:30:00,821.4,824.35,820.25,822.15,6274
2026-03-20 14:35:00,822.15,822.6,819.9,820.4,4795
2026-03-20 14:40:00,820.45,821.5,819.15,819.15,6807
2026-03-20 14:45:00,819.15,821.0,819.15,819.15,5723
2026-03-20 14:50:00,819.15,823.85,818.65,821.7,13369
2026-03-20 14:55:00,821.7,826.8,818.15,819.55,15013
2026-03-20 15:00:00,820.25,854.8,820.25,850.85,163673
2026-03-20 15:05:00,851.55,851.55,822.55,829.1,173121
2026-03-20 15:10:00,829.05,840.85,828.0,837.35,141610
2026-03-20 15:15:00,837.7,845.6,835.65,838.2,128178
2026-03-20 15:20:00,837.6,847.5,837.5,847.5,127421
2026-03-20 15:25:00,848.0,848.0,824.5,834.45,104461
2026-03-23 09:15:00,825.0,825.0,796.25,798.9,25000
2026-03-23 09:20:00,798.3,801.85,797.5,797.85,9304
2026-03-23 09:25:00,797.25,802.3,792.2,793.7,17599
2026-03-23 09:30:00,793.0,796.3,792.7,794.85,10339
2026-03-23 09:35:00,795.1,796.25,793.15,795.0,4986
2026-03-23 09:40:00,795.0,795.0,789.0,791.5,17796
2026-03-23 09:45:00,791.6,791.6,787.0,789.1,14713
2026-03-23 09:50:00,788.8,789.55,785.3,786.95,8376
2026-03-23 09:55:00,786.95,788.5,785.85,787.5,10298
2026-03-23 10:00:00,787.5,788.6,786.25,788.3,2853
2026-03-23 10:05:00,788.35,790.6,788.0,788.2,4229
2026-03-23 10:10:00,788.2,788.7,786.0,786.8,6967
2026-03-23 10:15:00,786.8,787.85,785.0,785.5,4263
2026-03-23 10:20:00,785.5,787.0,783.15,783.55,12011
2026-03-23 10:25:00,783.2,783.75,782.3,783.65,2033
2026-03-23 10:30:00,783.6,785.05,783.6,783.6,2491
2026-03-23 10:35:00,783.6,786.0,783.05,785.0,2621
2026-03-23 10:40:00,785.0,785.0,783.7,784.0,3130
2026-03-23 10:45:00,784.55,786.0,784.0,786.0,1110
2026-03-23 10:50:00,786.25,787.0,782.2,783.5,5943
2026-03-23 10:55:00,783.05,783.35,782.15,782.75,4667
2026-03-23 11:00:00,782.75,782.9,781.0,781.85,3180
2026-03-23 11:05:00,782.25,786.1,781.8,783.3,5329
2026-03-23 11:10:00,783.0,783.25,782.0,783.0,1023
2026-03-23 11:15:00,782.95,783.0,781.2,782.1,1473
2026-03-23 11:20:00,781.25,783.6,781.2,782.45,1328
2026-03-23 11:25:00,782.45,787.3,782.45,786.5,6758
2026-03-23 11:30:00,786.5,786.9,785.8,785.85,4142
2026-03-23 11:35:00,785.5,787.5,785.15,786.45,11783
2026-03-23 11:40:00,786.2,787.5,786.0,786.8,3884
2026-03-23 11:45:00,786.8,787.3,786.2,786.8,847
2026-03-23 11:50:00,786.8,788.1,786.1,786.7,3995
2026-03-23 11:55:00,786.7,787.0,784.3,785.25,3811
2026-03-23 12:00:00,785.35,786.45,785.25,785.5,1759
2026-03-23 12:05:00,785.5,786.6,784.5,785.2,2455
2026-03-23 12:10:00,785.2,786.65,785.2,786.0,2027
2026-03-23 12:15:00,786.05,786.6,786.0,786.0,1717
2026-03-23 12:20:00,786.0,786.2,784.0,784.0,1307
2026-03-23 12:25:00,783.0,784.45,782.5,783.4,2148
2026-03-23 12:30:00,783.4,783.4,781.2,782.15,1743
2026-03-23 12:35:00,782.15,782.45,780.6,780.75,3508
2026-03-23 12:40:00,780.1,782.45,776.65,781.6,14176
2026-03-23 12:45:00,781.6,781.6,779.0,780.35,3464
2026-03-23 12:50:00,780.35,780.35,779.0,779.0,1260
2026-03-23 12:55:00,779.0,788.4,775.55,787.0,26237
2026-03-23 13:00:00,787.0,787.55,783.5,783.7,43590
2026-03-23 13:05:00,783.7,785.7,783.7,784.85,2889
2026-03-23 13:10:00,785.05,785.05,782.85,782.95,810
2026-03-23 13:15:00,782.95,785.4,782.95,784.15,2271
2026-03-23 13:20:00,784.45,784.45,783.15,783.15,151
2026-03-23 13:25:00,783.15,783.45,783.15,783.2,157
2026-03-23 13:30:00,783.2,784.4,783.2,783.7,2029
2026-03-23 13:35:00,783.7,785.0,783.7,783.7,669
2026-03-23 13:40:00,783.7,784.85,783.1,784.35,1367
2026-03-23 13:45:00,784.35,789.55,784.35,788.4,6584
2026-03-23 13:50:00,788.4,789.4,787.55,788.05,2350
2026-03-23 13:55:00,788.05,790.5,787.4,788.4,15202
2026-03-23 14:00:00,788.4,789.0,788.1,789.0,1493
2026-03-23 14:05:00,789.0,789.0,786.75,786.75,1176
2026-03-23 14:10:00,786.75,788.0,786.15,788.0,329
2026-03-23 14:15:00,788.0,788.4,787.25,787.9,795
2026-03-23 14:20:00,788.1,789.95,787.25,787.85,1680
2026-03-23 14:25:00,786.85,787.0,785.75,785.75,759
2026-03-23 14:30:00,785.95,786.0,785.0,785.0,1219
2026-03-23 14:35:00,785.0,787.0,785.0,786.25,3575
2026-03-23 14:40:00,785.85,788.0,784.9,787.15,3220
2026-03-23 14:45:00,787.6,788.55,786.65,786.65,2217
2026-03-23 14:50:00,786.65,788.85,786.65,788.1,7945
2026-03-23 14:55:00,788.65,789.8,788.1,788.75,3473
2026-03-23 15:00:00,789.35,789.8,788.65,788.7,5189
2026-03-23 15:05:00,788.9,789.8,787.7,787.7,11234
2026-03-23 15:10:00,787.7,788.7,787.7,787.95,6768
2026-03-23 15:15:00,787.85,787.95,784.1,784.35,12790
2026-03-23 15:20:00,784.0,784.2,778.0,778.0,16971
2026-03-23 15:25:00,778.0,778.6,771.0,771.0,9958
2026-03-24 09:15:00,791.3,794.05,785.45,786.5,31714
2026-03-24 09:20:00,787.3,790.85,782.8,790.3,17556
2026-03-24 09:25:00,790.6,794.45,787.65,794.25,14191
2026-03-24 09:30:00,794.25,796.7,788.05,788.8,12842
2026-03-24 09:35:00,788.85,792.4,786.0,787.85,13412
2026-03-24 09:40:00,788.0,788.55,784.3,784.65,2327
2026-03-24 09:45:00,784.65,786.5,782.6,784.15,7622
2026-03-24 09:50:00,784.1,787.1,784.0,786.2,1789
2026-03-24 09:55:00,786.0,787.55,785.15,786.95,1418
2026-03-24 10:00:00,786.55,786.55,785.0,785.0,1482
2026-03-24 10:05:00,785.0,785.65,782.4,782.95,7022
2026-03-24 10:10:00,782.95,784.4,782.4,782.4,1505
2026-03-24 10:15:00,782.4,786.15,782.2,784.85,3573
2026-03-24 10:20:00,784.85,785.1,783.0,784.3,1965
2026-03-24 10:25:00,784.3,785.0,782.0,782.85,1646
2026-03-24 10:30:00,782.2,782.45,780.6,780.6,6255
2026-03-24 10:35:00,780.5,780.65,776.5,777.55,5823
2026-03-24 10:40:00,777.55,779.4,777.55,779.0,861
2026-03-24 10:45:00,779.0,781.65,778.3,780.65,3067
2026-03-24 10:50:00,780.65,782.25,780.6,780.6,2295
2026-03-24 10:55:00,780.6,780.75,779.2,779.4,803
2026-03-24 11:00:00,779.4,779.8,779.0,779.65,242
2026-03-24 11:05:00,779.15,780.5,779.0,780.3,554
2026-03-24 11:10:00,780.3,781.85,779.65,779.75,5612
2026-03-24 11:15:00,779.75,781.7,779.55,781.45,1167
2026-03-24 11:20:00,781.45,782.9,780.1,780.35,1126
2026-03-24 11:25:00,780.35,780.35,779.55,780.0,612
2026-03-24 11:30:00,779.7,781.35,779.0,781.35,2292
2026-03-24 11:35:00,781.35,782.5,781.05,781.35,1679
2026-03-24 11:40:00,781.35,782.25,781.25,782.2,568
2026-03-24 11:45:00,782.5,783.5,781.7,782.3,719
2026-03-24 11:50:00,782.3,782.8,782.05,782.75,222
2026-03-24 11:55:00,782.75,783.85,782.75,783.45,617
2026-03-24 12:00:00,784.2,784.75,782.7,783.2,1718
2026-03-24 12:05:00,783.2,783.3,781.05,782.4,3304
2026-03-24 12:10:00,782.4,787.0,782.05,784.0,3041
2026-03-24 12:15:00,784.0,784.7,783.3,783.7,622
2026-03-24 12:20:00,783.7,785.75,783.2,785.2,4049
2026-03-24 12:25:00,785.2,787.8,785.0,785.3,5220
2026-03-24 12:30:00,785.3,792.55,785.3,790.2,22224
2026-03-24 12:35:00,791.0,791.0,789.0,790.7,1433
2026-03-24 12:40:00,790.7,792.3,790.45,791.35,2665
2026-03-24 12:45:00,790.25,791.85,790.0,790.0,3622
2026-03-24 12:50:00,790.0,798.85,789.3,797.15,21725
2026-03-24 12:55:00,800.55,802.0,796.25,796.5,20329
2026-03-24 13:00:00,796.95,800.1,795.3,797.1,18377
2026-03-24 13:05:00,796.3,796.3,793.55,793.55,1184
2026-03-24 13:10:00,793.55,794.05,792.85,793.0,2124
2026-03-24 13:15:00,793.0,793.0,791.0,792.0,1861
2026-03-24 13:20:00,792.0,796.2,791.5,795.55,4565
2026-03-24 13:25:00,795.0,795.55,795.0,795.0,840
2026-03-24 13:30:00,795.0,796.2,795.0,795.15,1072
2026-03-24 13:35:00,795.15,797.55,793.0,796.3,4485
2026-03-24 13:40:00,796.3,796.45,795.35,796.15,469
2026-03-24 13:45:00,796.15,797.0,793.3,793.3,9060
2026-03-24 13:50:00,793.3,794.4,792.5,793.35,1087
2026-03-24 13:55:00,793.35,794.8,793.35,793.4,1564
2026-03-24 14:00:00,793.4,794.6,793.35,793.7,314
2026-03-24 14:05:00,793.95,795.3,793.45,795.15,622
2026-03-24 14:10:00,795.15,796.1,794.05,795.45,805
2026-03-24 14:15:00,795.8,796.8,794.8,795.7,402
2026-03-24 14:20:00,795.7,796.0,793.15,793.65,4987
2026-03-24 14:25:00,793.65,795.15,792.8,794.5,1708
2026-03-24 14:30:00,794.5,797.0,794.5,796.3,2798
2026-03-24 14:35:00,796.3,796.45,794.05,794.05,526
2026-03-24 14:40:00,794.05,797.0,794.05,796.05,1006
2026-03-24 14:45:00,796.05,797.85,795.65,797.2,3757
2026-03-24 14:50:00,797.2,798.8,796.95,797.9,2405
2026-03-24 14:55:00,798.7,799.9,797.55,797.55,3625
2026-03-24 15:00:00,797.55,797.55,794.55,795.95,5345
2026-03-24 15:05:00,795.25,799.7,793.65,799.7,9757
2026-03-24 15:10:00,799.7,799.7,798.0,798.2,3184
2026-03-24 15:15:00,798.2,800.15,797.25,799.25,7587
2026-03-24 15:20:00,799.45,800.3,799.1,800.0,11933
2026-03-24 15:25:00,800.05,803.0,795.0,795.0,13374
2026-03-25 09:15:00,807.45,810.15,796.45,808.1,12113
2026-03-25 09:20:00,807.3,811.3,804.0,810.15,9027
2026-03-25 09:25:00,810.4,811.65,808.65,810.2,8117
2026-03-25 09:30:00,811.1,811.65,808.15,809.2,5984
2026-03-25 09:35:00,809.2,809.75,804.85,806.3,7118
2026-03-25 09:40:00,806.3,807.15,805.05,806.7,7451
2026-03-25 09:45:00,806.7,806.7,804.0,805.35,5159
2026-03-25 09:50:00,804.75,810.5,804.75,807.7,9387
2026-03-25 09:55:00,807.8,809.2,806.2,808.35,7106
2026-03-25 10:00:00,808.35,809.7,805.45,807.85,6775
2026-03-25 10:05:00,806.85,808.55,806.6,807.4,4435
2026-03-25 10:10:00,807.4,811.0,805.95,810.1,7125
2026-03-25 10:15:00,810.5,810.5,806.9,807.4,1467
2026-03-25 10:20:00,807.4,808.9,806.45,806.65,1785
2026-03-25 10:25:00,806.65,808.55,806.3,807.1,1357
2026-03-25 10:30:00,807.3,812.55,806.55,810.75,10130
2026-03-25 10:35:00,810.75,812.55,810.75,812.55,2649
2026-03-25 10:40:00,812.05,813.75,810.6,810.6,4635
2026-03-25 10:45:00,811.6,811.6,810.0,810.0,1710
2026-03-25 10:50:00,810.0,810.25,808.1,808.35,1052
2026-03-25 10:55:00,808.85,808.85,806.0,807.15,3152
2026-03-25 11:00:00,807.8,808.75,805.85,806.6,6429
2026-03-25 11:05:00,806.6,808.9,806.15,808.05,2218
2026-03-25 11:10:00,808.05,808.9,807.0,808.15,1620
2026-03-25 11:15:00,808.15,808.2,806.25,806.7,2215
2026-03-25 11:20:00,806.75,806.9,802.45,802.45,5585
2026-03-25 11:25:00,802.7,802.7,800.8,801.4,2491
2026-03-25 11:30:00,801.4,802.75,801.0,802.2,2032
2026-03-25 11:35:00,802.2,802.75,800.3,800.6,3383
2026-03-25 11:40:00,800.6,801.05,799.0,799.45,2232
2026-03-25 11:45:00,799.45,802.75,799.0,801.85,31056
2026-03-25 11:50:00,802.55,802.8,801.35,802.75,558
2026-03-25 11:55:00,802.7,803.0,801.85,802.85,1151
2026-03-25 12:00:00,802.85,802.85,801.75,802.0,520
2026-03-25 12:05:00,802.4,802.85,802.1,802.35,1931
2026-03-25 12:10:00,802.35,804.4,802.35,804.4,952
2026-03-25 12:15:00,804.6,804.9,803.55,804.4,3293
2026-03-25 12:20:00,804.4,804.4,802.1,803.0,1750
2026-03-25 12:25:00,803.0,808.4,803.0,804.5,8105
2026-03-25 12:30:00,804.5,806.7,804.25,805.2,1500
2026-03-25 12:35:00,805.2,806.45,805.2,806.45,553
2026-03-25 12:40:00,806.45,806.85,805.75,806.5,204
2026-03-25 12:45:00,806.5,806.8,805.1,805.65,707
2026-03-25 12:50:00,805.65,805.95,803.25,803.6,3027
2026-03-25 12:55:00,803.6,804.75,802.55,804.25,372
2026-03-25 13:00:00,804.25,805.35,804.1,804.45,247
2026-03-25 13:05:00,804.45,805.4,803.85,804.0,858
2026-03-25 13:10:00,804.0,805.4,803.25,804.95,878
2026-03-25 13:15:00,804.95,806.35,804.65,804.7,1895
2026-03-25 13:20:00,803.8,805.15,803.3,804.65,714
2026-03-25 13:25:00,804.65,806.4,804.4,806.2,1178
2026-03-25 13:30:00,806.25,806.5,806.05,806.4,159
2026-03-25 13:35:00,806.4,808.0,806.3,806.45,2266
2026-03-25 13:40:00,806.45,806.45,805.75,806.3,1427
2026-03-25 13:45:00,806.3,806.85,806.15,806.85,3024
2026-03-25 13:50:00,806.85,806.85,806.05,806.8,591
2026-03-25 13:55:00,806.8,808.0,806.05,807.7,8009
2026-03-25 14:00:00,807.45,808.5,807.05,807.5,1366
2026-03-25 14:05:00,808.05,808.25,806.0,806.1,896
2026-03-25 14:10:00,806.1,807.2,805.1,805.1,3746
2026-03-25 14:15:00,805.1,805.45,803.7,804.85,3019
2026-03-25 14:20:00,804.25,806.0,803.85,804.25,4733
2026-03-25 14:25:00,804.25,805.15,803.7,804.2,1866
2026-03-25 14:30:00,804.2,804.95,804.0,804.35,956
2026-03-25 14:35:00,804.3,805.0,801.5,801.5,2995
2026-03-25 14:40:00,801.7,802.75,801.3,802.75,842
2026-03-25 14:45:00,802.75,802.75,801.6,802.0,1865
2026-03-25 14:50:00,802.0,802.15,801.0,801.0,2155
2026-03-25 14:55:00,801.0,807.1,801.0,806.65,120615
2026-03-25 15:00:00,806.6,807.0,805.0,805.15,11831
2026-03-25 15:05:00,805.6,810.85,805.0,810.55,10462
2026-03-25 15:10:00,810.55,811.25,807.0,809.4,183915
2026-03-25 15:15:00,807.8,809.3,806.5,806.55,8680
2026-03-25 15:20:00,806.55,809.45,806.5,809.45,10460
2026-03-25 15:25:00,809.25,811.9,808.55,810.7,6020
2026-03-27 09:15:00,807.0,807.0,792.2,794.9,10558
2026-03-27 09:20:00,794.9,802.0,794.9,798.9,14902
2026-03-27 09:25:00,798.5,806.7,798.45,802.0,8668
2026-03-27 09:30:00,801.85,803.6,801.65,802.45,4239
2026-03-27 09:35:00,801.55,803.6,800.2,801.0,3815
2026-03-27 09:40:00,800.95,802.35,799.0,799.0,1944
2026-03-27 09:45:00,798.45,800.2,798.0,799.45,1562
2026-03-27 09:50:00,799.45,799.45,797.5,797.5,774
2026-03-27 09:55:00,797.7,798.35,795.8,796.0,3536
2026-03-27 10:00:00,796.0,797.8,795.95,795.95,3248
2026-03-27 10:05:00,795.95,796.05,793.8,794.6,1465
2026-03-27 10:10:00,794.25,795.0,793.0,794.95,1861
2026-03-27 10:15:00,794.95,794.95,792.15,792.9,1736
2026-03-27 10:20:00,792.9,793.2,791.75,792.8,3450
2026-03-27 10:25:00,792.8,794.55,791.6,791.7,1978
2026-03-27 10:30:00,791.7,797.65,791.7,796.55,8330
2026-03-27 10:35:00,796.55,799.2,796.0,798.0,3801
2026-03-27 10:40:00,798.0,801.0,798.0,800.2,6026
2026-03-27 10:45:00,800.2,801.0,799.5,800.9,1667
2026-03-27 10:50:00,800.7,801.05,799.75,800.0,1577
2026-03-27 10:55:00,800.0,800.35,799.35,799.55,1246
2026-03-27 11:00:00,799.55,801.2,798.0,798.0,2122
2026-03-27 11:05:00,798.0,798.0,795.95,796.0,558
2026-03-27 11:10:00,796.0,796.75,794.65,794.65,600
2026-03-27 11:15:00,794.65,796.35,794.0,796.35,1462
2026-03-27 11:20:00,797.1,797.15,794.65,795.5,1122
2026-03-27 11:25:00,795.5,797.0,794.55,795.55,16659
2026-03-27 11:30:00,795.35,797.8,795.25,796.7,4866
2026-03-27 11:35:00,796.7,797.7,796.7,797.45,375
2026-03-27 11:40:00,797.05,798.55,796.65,798.55,878
2026-03-27 11:45:00,798.55,800.35,798.15,800.35,8791
2026-03-27 11:50:00,801.0,801.35,799.05,800.95,6548
2026-03-27 11:55:00,800.95,801.5,799.35,800.6,8227
2026-03-27 12:00:00,800.6,800.6,797.5,800.25,1628
2026-03-27 12:05:00,800.25,800.5,799.4,800.0,3111
2026-03-27 12:10:00,800.0,800.8,799.8,800.0,982
2026-03-27 12:15:00,800.0,801.0,799.6,800.15,918
2026-03-27 12:20:00,799.4,800.5,799.4,800.25,1189
2026-03-27 12:25:00,800.25,802.85,800.0,802.85,2456
2026-03-27 12:30:00,802.85,802.85,800.0,801.2,7776
2026-03-27 12:35:00,801.2,801.45,798.05,799.65,11911
2026-03-27 12:40:00,799.65,800.45,799.65,800.0,10919
2026-03-27 12:45:00,800.0,801.0,799.2,800.7,1676
2026-03-27 12:50:00,800.7,800.7,799.6,799.6,447
2026-03-27 12:55:00,799.6,800.1,798.55,799.8,4580
2026-03-27 13:00:00,799.8,800.85,798.55,800.0,6186
2026-03-27 13:05:00,800.0,800.95,798.35,800.0,9702
2026-03-27 13:10:00,800.0,800.85,799.55,800.85,313
2026-03-27 13:15:00,800.85,800.85,799.7,800.45,7522
2026-03-27 13:20:00,800.45,801.3,800.0,800.4,324
2026-03-27 13:25:00,800.4,801.75,800.0,800.0,2606
2026-03-27 13:30:00,800.4,803.0,800.0,801.95,1165
2026-03-27 13:35:00,801.5,801.95,792.5,792.5,16093
2026-03-27 13:40:00,792.5,795.8,792.5,795.45,6783
2026-03-27 13:45:00,795.3,796.1,794.5,796.0,2515
2026-03-27 13:50:00,796.0,797.45,795.35,796.6,6322
2026-03-27 13:55:00,796.6,797.05,796.55,796.75,566
2026-03-27 14:00:00,797.15,797.8,795.0,797.0,26817
2026-03-27 14:05:00,797.0,797.7,796.3,797.1,2584
2026-03-27 14:10:00,797.1,798.35,796.2,796.6,1734
2026-03-27 14:15:00,796.6,805.9,796.6,805.5,53092
2026-03-27 14:20:00,805.5,805.55,803.7,804.6,1307
2026-03-27 14:25:00,804.6,804.6,800.0,800.15,14597
2026-03-27 14:30:00,800.15,800.8,799.2,800.2,75834
2026-03-27 14:35:00,800.0,800.95,800.0,800.25,3950
2026-03-27 14:40:00,800.25,801.9,800.1,801.5,642
2026-03-27 14:45:00,801.5,801.6,800.05,800.6,14410
2026-03-27 14:50:00,800.8,802.8,800.5,802.0,4746
2026-03-27 14:55:00,802.1,803.75,801.55,803.15,2953
2026-03-27 15:00:00,803.15,812.05,803.15,810.75,43395
2026-03-27 15:05:00,810.0,814.9,806.65,810.7,38837
2026-03-27 15:10:00,811.0,814.9,810.2,813.45,30033
2026-03-27 15:15:00,813.3,813.3,808.2,809.95,32924
2026-03-27 15:20:00,809.25,809.3,803.25,803.25,38196
2026-03-27 15:25:00,804.9,805.95,798.5,803.65,23376
2026-03-30 09:15:00,799.0,804.6,785.05,788.25,20901
2026-03-30 09:20:00,787.6,788.8,785.65,786.3,7700
2026-03-30 09:25:00,787.0,788.05,783.3,787.1,11709
2026-03-30 09:30:00,787.9,790.65,784.55,787.3,7337
2026-03-30 09:35:00,787.3,789.0,784.6,786.6,12423
2026-03-30 09:40:00,786.6,790.1,785.7,789.7,6771
2026-03-30 09:45:00,789.7,791.0,787.5,787.9,3568
2026-03-30 09:50:00,787.9,788.8,785.5,785.5,2917
2026-03-30 09:55:00,785.5,785.85,783.5,784.35,6175
2026-03-30 10:00:00,784.25,784.4,782.05,782.7,6488
2026-03-30 10:05:00,782.7,783.15,778.6,779.75,8242
2026-03-30 10:10:00,779.75,779.75,777.0,778.45,6386
2026-03-30 10:15:00,778.45,779.3,777.0,777.3,1532
2026-03-30 10:20:00,777.3,777.95,775.95,777.05,4373
2026-03-30 10:25:00,777.05,778.6,776.1,778.4,8140
2026-03-30 10:30:00,778.3,782.8,778.3,782.4,15087
2026-03-30 10:35:00,782.4,785.5,782.0,784.9,8638
2026-03-30 10:40:00,785.2,785.7,783.75,785.0,6543
2026-03-30 10:45:00,783.65,785.0,780.8,785.0,22777
2026-03-30 10:50:00,784.7,785.1,782.8,782.8,6492
2026-03-30 10:55:00,783.95,784.0,782.0,782.15,2821
2026-03-30 11:00:00,782.15,788.45,782.15,787.2,7384
2026-03-30 11:05:00,787.2,788.15,785.2,785.35,2358
2026-03-30 11:10:00,785.35,785.35,783.15,785.35,1673
2026-03-30 11:15:00,785.35,785.6,782.35,784.0,5627
2026-03-30 11:20:00,784.0,786.45,782.85,785.0,11255
2026-03-30 11:25:00,785.0,785.5,783.5,785.0,2515
2026-03-30 11:30:00,785.0,786.8,784.1,785.0,5407
2026-03-30 11:35:00,785.0,787.15,784.5,785.5,1362
2026-03-30 11:40:00,785.5,786.1,784.15,785.0,1133
2026-03-30 11:45:00,785.0,785.0,783.3,783.55,1845
2026-03-30 11:50:00,784.2,784.2,781.7,782.0,6298
2026-03-30 11:55:00,782.6,785.5,782.55,783.95,6606
2026-03-30 12:00:00,783.95,787.25,783.55,787.05,2655
2026-03-30 12:05:00,787.05,787.05,782.7,785.0,18350
2026-03-30 12:10:00,785.0,785.8,784.2,784.25,3466
2026-03-30 12:15:00,784.25,785.75,784.25,785.65,1406
2026-03-30 12:20:00,785.65,787.4,784.75,787.0,3140
2026-03-30 12:25:00,786.55,787.3,786.45,786.55,3658
2026-03-30 12:30:00,786.55,787.5,786.55,786.85,2798
2026-03-30 12:35:00,786.85,788.0,785.2,788.0,1376
2026-03-30 12:40:00,788.0,789.0,787.25,788.4,1033
2026-03-30 12:45:00,788.4,788.7,786.75,786.9,1399
2026-03-30 12:50:00,786.9,787.55,786.6,787.55,2523
2026-03-30 12:55:00,787.5,787.6,786.1,786.85,2176
2026-03-30 13:00:00,787.4,787.4,786.15,786.6,1981
2026-03-30 13:05:00,787.0,787.8,786.6,787.0,2778
2026-03-30 13:10:00,787.0,789.95,786.8,789.3,3145
2026-03-30 13:15:00,789.0,790.0,788.9,789.6,2328
2026-03-30 13:20:00,789.6,790.8,789.05,789.9,5798
2026-03-30 13:25:00,789.9,792.4,789.9,791.4,4198
2026-03-30 13:30:00,791.4,793.1,790.3,791.8,3989
2026-03-30 13:35:00,791.8,793.95,791.4,792.35,2717
2026-03-30 13:40:00,791.55,792.45,790.2,791.3,2732
2026-03-30 13:45:00,791.3,791.35,790.2,791.05,2581
2026-03-30 13:50:00,791.05,791.05,786.05,787.5,8874
2026-03-30 13:55:00,787.5,788.2,786.0,788.2,4568
2026-03-30 14:00:00,788.2,789.5,787.15,789.25,3086
2026-03-30 14:05:00,789.25,789.3,787.0,788.05,2396
2026-03-30 14:10:00,787.0,788.1,785.45,787.0,5963
2026-03-30 14:15:00,787.3,787.9,786.2,787.75,4595
2026-03-30 14:20:00,786.8,788.0,786.4,787.2,2921
2026-03-30 14:25:00,787.2,788.2,785.95,787.35,3932
2026-03-30 14:30:00,787.35,788.4,786.5,786.6,4300
2026-03-30 14:35:00,786.6,787.9,786.05,787.35,3251
2026-03-30 14:40:00,787.0,787.75,782.1,782.1,8122
2026-03-30 14:45:00,782.1,788.8,781.25,788.8,24169
2026-03-30 14:50:00,788.8,790.0,788.0,789.0,8701
2026-03-30 14:55:00,789.0,790.5,787.9,790.0,9780
2026-03-30 15:00:00,790.0,790.0,787.5,788.7,15709
2026-03-30 15:05:00,788.05,788.9,787.1,787.7,10108
2026-03-30 15:10:00,787.75,791.4,787.75,790.0,15342
2026-03-30 15:15:00,790.0,793.05,790.0,792.5,18732
2026-03-30 15:20:00,792.5,792.5,789.6,790.25,8405
2026-03-30 15:25:00,790.15,790.35,787.0,787.0,6435
2026-04-01 09:15:00,810.0,814.9,803.2,814.3,17105
2026-04-01 09:20:00,815.0,819.4,815.0,817.65,5680
2026-04-01 09:25:00,817.65,819.0,816.9,816.9,1554
2026-04-01 09:30:00,816.9,817.65,812.75,813.0,3203
2026-04-01 09:35:00,813.0,813.0,810.7,810.7,988
2026-04-01 09:40:00,810.7,812.85,810.7,812.4,1287
2026-04-01 09:45:00,812.2,814.55,808.55,813.7,4417
2026-04-01 09:50:00,813.5,816.65,813.05,815.4,1463
2026-04-01 09:55:00,815.9,817.8,815.9,816.95,1343
2026-04-01 10:00:00,817.3,823.55,817.3,822.35,3138
2026-04-01 10:05:00,822.35,822.55,820.65,821.6,360
2026-04-01 10:10:00,821.6,821.65,820.15,820.15,581
2026-04-01 10:15:00,820.15,821.1,819.35,819.35,420
2026-04-01 10:20:00,819.35,820.35,817.85,818.2,610
2026-04-01 10:25:00,818.1,818.1,813.75,814.35,3145
2026-04-01 10:30:00,815.4,817.65,815.15,817.3,641
2026-04-01 10:35:00,817.3,817.85,817.25,817.25,408
2026-04-01 10:40:00,817.25,817.8,815.6,817.1,535
2026-04-01 10:45:00,817.1,817.1,816.0,816.55,320
2026-04-01 10:50:00,816.55,816.55,814.05,815.4,319
2026-04-01 10:55:00,815.4,815.7,812.75,813.4,1639
2026-04-01 11:00:00,813.5,813.95,812.3,812.45,558
2026-04-01 11:05:00,812.45,813.95,810.65,812.1,1063
2026-04-01 11:10:00,812.1,813.15,811.3,812.4,1831
2026-04-01 11:15:00,811.65,812.3,810.95,811.5,577
2026-04-01 11:20:00,811.5,813.2,811.5,812.15,1061
2026-04-01 11:25:00,812.15,814.0,811.95,811.95,1242
2026-04-01 11:30:00,811.95,814.8,811.95,814.2,371
2026-04-01 11:35:00,814.2,816.15,814.2,815.0,551
2026-04-01 11:40:00,815.0,815.75,814.25,815.1,443
2026-04-01 11:45:00,815.1,815.15,812.35,812.8,650
2026-04-01 11:50:00,812.2,813.65,812.0,812.0,216
2026-04-01 11:55:00,812.05,818.75,812.0,817.6,2685
2026-04-01 12:00:00,817.65,820.25,817.45,819.6,1136
2026-04-01 12:05:00,819.6,822.8,819.4,821.95,1348
2026-04-01 12:10:00,822.6,826.4,821.85,824.65,2958
2026-04-01 12:15:00,824.65,826.3,824.1,826.25,1144
2026-04-01 12:20:00,826.4,829.45,826.4,828.75,3591
2026-04-01 12:25:00,829.5,829.7,826.35,826.35,2932
2026-04-01 12:30:00,826.35,826.75,825.05,825.05,927
2026-04-01 12:35:00,825.25,826.25,824.45,824.45,1366
2026-04-01 12:40:00,824.6,824.6,823.5,824.45,1019
2026-04-01 12:45:00,824.45,824.55,823.55,823.7,204
2026-04-01 12:50:00,824.75,825.0,823.7,824.25,1554
2026-04-01 12:55:00,824.25,825.0,824.15,824.85,1886
2026-04-01 13:00:00,824.85,826.5,824.35,826.2,422
2026-04-01 13:05:00,826.2,829.8,826.2,828.65,6749
2026-04-01 13:10:00,828.65,831.5,828.1,830.7,2949
2026-04-01 13:15:00,831.55,832.0,829.85,829.85,532
2026-04-01 13:20:00,829.85,829.85,825.55,826.9,2791
2026-04-01 13:25:00,826.9,826.9,826.4,826.55,46
2026-04-01 13:30:00,826.55,827.0,825.15,825.7,886
2026-04-01 13:35:00,825.15,826.35,825.05,825.6,275
2026-04-01 13:40:00,825.6,827.0,824.5,825.0,20323
2026-04-01 13:45:00,825.4,827.3,825.0,826.6,9029
2026-04-01 13:50:00,826.65,828.4,825.85,827.6,1234
2026-04-01 13:55:00,827.6,827.6,825.0,825.0,593
2026-04-01 14:00:00,825.0,825.65,824.9,825.0,568
2026-04-01 14:05:00,825.0,825.6,825.0,825.6,5711
2026-04-01 14:10:00,825.6,825.6,825.0,825.6,319
2026-04-01 14:15:00,825.0,825.6,824.75,825.0,275
2026-04-01 14:20:00,825.0,827.8,824.35,826.65,9453
2026-04-01 14:25:00,826.65,828.9,826.65,827.65,714
2026-04-01 14:30:00,827.65,827.75,826.4,826.4,669
2026-04-01 14:35:00,826.3,826.75,825.8,826.35,207
2026-04-01 14:40:00,825.75,827.0,825.3,827.0,1337
2026-04-01 14:45:00,826.85,826.85,825.2,825.75,759
2026-04-01 14:50:00,825.75,827.1,825.75,826.35,327
2026-04-01 14:55:00,827.0,827.0,825.6,825.9,1297
2026-04-01 15:00:00,825.9,831.0,825.9,829.7,6806
2026-04-01 15:05:00,829.95,831.15,829.05,829.7,6077
2026-04-01 15:10:00,829.6,830.35,829.2,829.35,4883
2026-04-01 15:15:00,829.65,830.9,829.2,830.4,5458
2026-04-01 15:20:00,830.3,832.0,830.2,832.0,7845
2026-04-01 15:25:00,832.0,832.5,828.0,828.95,6840
2026-04-02 09:15:00,819.55,819.55,802.65,806.7,11617
2026-04-02 09:20:00,806.7,811.5,804.15,810.15,6270
2026-04-02 09:25:00,810.4,810.55,806.3,807.45,1412
2026-04-02 09:30:00,808.3,808.55,805.0,805.45,1295
2026-04-02 09:35:00,805.45,809.35,805.25,807.25,3300
2026-04-02 09:40:00,807.25,810.7,806.8,810.7,1921
2026-04-02 09:45:00,810.7,810.7,808.0,808.0,661
2026-04-02 09:50:00,808.0,809.0,804.75,804.95,1113
2026-04-02 09:55:00,804.75,805.4,804.4,805.3,403
2026-04-02 10:00:00,805.3,805.4,803.75,803.75,741
2026-04-02 10:05:00,803.75,803.75,801.35,802.45,2060
2026-04-02 10:10:00,802.3,805.15,802.15,805.0,2246
2026-04-02 10:15:00,804.5,804.5,802.45,803.4,256
2026-04-02 10:20:00,803.4,803.4,800.6,801.25,1346
2026-04-02 10:25:00,801.25,801.35,798.4,800.6,4973
2026-04-02 10:30:00,800.6,801.9,800.05,801.7,1344
2026-04-02 10:35:00,801.7,802.45,800.8,801.85,279
2026-04-02 10:40:00,802.45,802.85,802.15,802.75,429
2026-04-02 10:45:00,802.75,802.75,800.25,800.7,399
2026-04-02 10:50:00,800.7,801.25,798.55,800.35,1454
2026-04-02 10:55:00,800.0,800.5,799.8,800.45,269
2026-04-02 11:00:00,800.45,802.75,800.45,801.55,690
2026-04-02 11:05:00,801.0,801.75,800.85,800.85,513
2026-04-02 11:10:00,800.85,801.3,800.0,801.1,478
2026-04-02 11:15:00,801.1,803.35,800.6,802.9,1748
2026-04-02 11:20:00,802.9,803.6,802.8,802.9,173
2026-04-02 11:25:00,802.9,803.45,802.35,802.35,359
2026-04-02 11:30:00,802.35,804.7,802.1,804.2,922
2026-04-02 11:35:00,804.2,804.8,803.0,804.75,348
2026-04-02 11:40:00,804.75,804.75,803.75,804.2,1198
2026-04-02 11:45:00,804.2,805.5,803.95,803.95,768
2026-04-02 11:50:00,803.95,805.15,803.85,804.55,476
2026-04-02 11:55:00,804.65,808.0,804.5,805.1,1746
2026-04-02 12:00:00,805.35,806.8,803.5,803.6,382
2026-04-02 12:05:00,803.6,804.35,803.6,804.15,72
2026-04-02 12:10:00,804.15,804.55,803.5,804.4,582
2026-04-02 12:15:00,804.4,804.8,803.9,804.8,206
2026-04-02 12:20:00,804.8,804.8,800.5,802.25,664
2026-04-02 12:25:00,802.25,803.1,802.2,802.85,112
2026-04-02 12:30:00,802.8,803.5,802.8,803.45,94
2026-04-02 12:35:00,803.7,804.8,803.45,804.8,529
2026-04-02 12:40:00,804.8,805.2,803.85,804.25,717
2026-04-02 12:45:00,804.25,805.1,803.55,804.45,480
2026-04-02 12:50:00,804.45,806.65,804.45,806.15,504
2026-04-02 12:55:00,806.15,808.6,806.15,808.6,626
2026-04-02 13:00:00,808.6,808.75,807.2,807.2,454
2026-04-02 13:05:00,806.35,807.0,805.55,806.55,584
2026-04-02 13:10:00,806.55,807.45,805.6,806.95,407
2026-04-02 13:15:00,806.95,808.7,806.85,808.7,461
2026-04-02 13:20:00,808.7,810.35,807.95,809.8,2721
2026-04-02 13:25:00,809.8,810.4,809.8,810.1,765
2026-04-02 13:30:00,810.45,810.85,809.0,809.3,1083
2026-04-02 13:35:00,809.25,811.45,809.25,811.0,373
2026-04-02 13:40:00,811.0,811.05,810.55,811.05,351
2026-04-02 13:45:00,811.05,811.8,811.0,811.0,645
2026-04-02 13:50:00,811.0,812.05,810.55,812.0,559
2026-04-02 13:55:00,812.0,812.2,811.15,811.15,101
2026-04-02 14:00:00,811.15,812.2,811.15,811.5,920
2026-04-02 14:05:00,811.5,812.7,810.05,812.55,2919
2026-04-02 14:10:00,812.55,813.75,812.55,813.4,476
2026-04-02 14:15:00,813.75,817.8,813.2,817.4,3284
2026-04-02 14:20:00,817.4,817.4,816.2,817.0,360
2026-04-02 14:25:00,817.0,817.9,816.35,816.85,3786
2026-04-02 14:30:00,816.85,816.85,815.6,816.35,840
2026-04-02 14:35:00,816.35,816.75,813.2,813.2,1126
2026-04-02 14:40:00,813.2,813.8,809.3,809.3,826
2026-04-02 14:45:00,809.65,810.9,808.1,808.6,2591
2026-04-02 14:50:00,808.6,809.75,808.6,809.4,559
2026-04-02 14:55:00,809.2,811.5,809.2,810.75,2317
2026-04-02 15:00:00,811.7,816.45,811.7,816.25,2979
2026-04-02 15:05:00,816.25,817.85,816.15,816.85,1391
2026-04-02 15:10:00,817.0,819.85,815.5,816.25,3988
2026-04-02 15:15:00,816.25,817.25,815.5,816.85,3659
2026-04-02 15:20:00,816.85,817.15,814.4,814.85,3774
2026-04-02 15:25:00,814.55,815.1,807.0,807.0,8654
2026-04-06 09:15:00,824.5,824.5,800.25,804.2,14249
2026-04-06 09:20:00,805.2,806.3,801.7,802.95,2549
2026-04-06 09:25:00,804.3,805.05,798.0,799.85,12958
2026-04-06 09:30:00,799.75,802.5,798.55,802.1,2276
2026-04-06 09:35:00,802.1,806.0,802.1,803.05,4505
2026-04-06 09:40:00,803.05,804.15,798.75,802.25,3203
2026-04-06 09:45:00,802.25,803.7,799.55,800.0,945
2026-04-06 09:50:00,800.0,800.0,796.0,798.55,6424
2026-04-06 09:55:00,798.55,799.5,798.5,798.85,702
2026-04-06 10:00:00,798.85,799.5,798.0,799.5,452
2026-04-06 10:05:00,799.5,801.15,799.15,799.95,832
2026-04-06 10:10:00,799.95,800.8,797.95,798.85,5817
2026-04-06 10:15:00,798.85,799.85,798.1,799.85,3326
2026-04-06 10:20:00,799.0,802.0,798.6,801.75,1463
2026-04-06 10:25:00,801.75,803.15,800.5,802.0,5389
2026-04-06 10:30:00,801.35,802.0,800.0,800.85,1986
2026-04-06 10:35:00,800.85,802.2,800.55,802.0,1299
2026-04-06 10:40:00,802.0,802.35,800.8,802.35,3871
2026-04-06 10:45:00,802.35,806.0,802.0,802.9,5774
2026-04-06 10:50:00,802.9,803.65,802.0,803.35,1792
2026-04-06 10:55:00,803.35,811.2,803.2,806.65,19672
2026-04-06 11:00:00,807.4,807.4,803.85,804.05,2416
2026-04-06 11:05:00,804.05,805.8,803.7,805.0,1225
2026-04-06 11:10:00,805.0,806.75,802.0,804.05,2394
2026-04-06 11:15:00,804.05,806.35,802.0,804.7,3177
2026-04-06 11:20:00,804.7,805.0,803.9,804.2,61
2026-04-06 11:25:00,804.2,805.45,804.1,805.3,191
2026-04-06 11:30:00,805.3,806.35,803.55,806.35,481
2026-04-06 11:35:00,806.35,807.75,805.45,806.25,827
2026-04-06 11:40:00,806.25,806.3,805.3,805.85,85
2026-04-06 11:45:00,805.85,805.85,805.35,805.5,145
2026-04-06 11:50:00,805.5,806.65,805.5,806.0,181
2026-04-06 11:55:00,806.0,806.6,805.45,806.5,1018
2026-04-06 12:00:00,806.5,806.6,805.95,806.55,112
2026-04-06 12:05:00,806.55,806.8,806.0,806.7,326
2026-04-06 12:10:00,806.7,806.85,805.75,806.3,1020
2026-04-06 12:15:00,806.3,806.5,805.6,806.0,983
2026-04-06 12:20:00,806.0,810.5,806.0,810.0,7189
2026-04-06 12:25:00,810.0,810.9,808.9,809.25,9668
2026-04-06 12:30:00,809.25,811.8,808.9,810.0,13607
2026-04-06 12:35:00,810.0,811.0,809.6,810.85,3794
2026-04-06 12:40:00,810.8,813.2,810.8,812.25,1270
2026-04-06 12:45:00,812.25,813.9,812.25,813.0,641
2026-04-06 12:50:00,813.0,814.3,812.8,813.4,1180
2026-04-06 12:55:00,813.4,813.4,811.85,812.15,1160
2026-04-06 13:00:00,812.15,816.15,812.15,815.0,2145
2026-04-06 13:05:00,815.0,816.7,814.7,815.0,1069
2026-04-06 13:10:00,815.15,816.8,814.8,815.15,2369
2026-04-06 13:15:00,815.15,815.95,815.0,815.8,366
2026-04-06 13:20:00,817.0,819.3,817.0,818.25,3158
2026-04-06 13:25:00,818.25,820.45,816.2,816.75,10028
2026-04-06 13:30:00,816.75,820.4,815.2,816.2,5704
2026-04-06 13:35:00,816.2,816.45,815.0,815.0,834
2026-04-06 13:40:00,815.7,816.4,815.0,815.0,234
2026-04-06 13:45:00,815.0,816.2,815.0,815.7,216
2026-04-06 13:50:00,815.2,816.2,815.0,815.65,211
2026-04-06 13:55:00,815.65,819.95,815.65,818.55,2121
2026-04-06 14:00:00,819.25,823.05,819.0,823.05,1354
2026-04-06 14:05:00,823.05,823.95,821.85,821.85,2147
2026-04-06 14:10:00,822.4,823.85,820.5,822.45,4513
2026-04-06 14:15:00,822.45,823.15,822.05,822.5,882
2026-04-06 14:20:00,822.5,823.9,822.1,823.9,1205
2026-04-06 14:25:00,823.9,825.9,823.65,824.5,7124
2026-04-06 14:30:00,824.1,825.05,823.65,824.8,614
2026-04-06 14:35:00,824.8,824.8,822.85,823.05,302
2026-04-06 14:40:00,823.05,824.65,823.05,823.9,814
2026-04-06 14:45:00,823.9,825.0,820.5,820.5,4134
2026-04-06 14:50:00,820.5,820.5,817.7,817.7,6955
2026-04-06 14:55:00,818.1,819.95,816.8,817.65,2382
2026-04-06 15:00:00,817.65,818.5,817.45,818.05,556
2026-04-06 15:05:00,818.05,821.95,818.05,821.85,1194
2026-04-06 15:10:00,822.0,822.95,819.7,820.5,2238
2026-04-06 15:15:00,820.3,821.3,819.0,819.6,1947
2026-04-06 15:20:00,819.6,821.9,818.65,820.6,3832
2026-04-06 15:25:00,820.45,821.0,818.15,818.95,4270
2026-04-07 09:15:00,815.0,830.1,810.0,812.45,9348
2026-04-07 09:20:00,813.45,815.5,810.0,813.9,3839
2026-04-07 09:25:00,813.9,816.15,813.15,814.35,1397
2026-04-07 09:30:00,813.5,815.0,810.25,811.85,1927
2026-04-07 09:35:00,810.85,812.45,808.85,811.85,3701
2026-04-07 09:40:00,811.85,812.9,809.5,809.5,4058
2026-04-07 09:45:00,809.05,813.65,809.05,811.25,1391
2026-04-07 09:50:00,811.25,812.75,811.0,811.35,120
2026-04-07 09:55:00,811.35,812.05,810.9,812.0,327
2026-04-07 10:00:00,811.95,813.0,811.25,812.5,659
2026-04-07 10:05:00,812.5,813.25,812.5,812.75,205
2026-04-07 10:10:00,812.75,813.8,812.1,812.75,1038
2026-04-07 10:15:00,812.55,813.85,811.95,813.5,556
2026-04-07 10:20:00,813.5,814.65,813.2,814.6,866
2026-04-07 10:25:00,814.6,814.7,813.8,814.45,643
2026-04-07 10:30:00,814.45,815.45,812.0,812.0,3378
2026-04-07 10:35:00,812.0,812.95,811.8,812.9,384
2026-04-07 10:40:00,812.9,815.15,812.65,813.7,920
2026-04-07 10:45:00,813.7,814.0,813.0,813.3,621
2026-04-07 10:50:00,813.15,813.6,811.35,811.5,692
2026-04-07 10:55:00,811.5,812.6,809.0,809.0,1086
2026-04-07 11:00:00,809.0,809.85,807.05,809.25,2851
2026-04-07 11:05:00,809.85,811.1,809.55,809.65,1358
2026-04-07 11:10:00,809.9,809.9,808.8,808.8,1567
2026-04-07 11:15:00,808.8,810.35,808.4,809.5,498
2026-04-07 11:20:00,809.5,811.75,809.5,811.2,379
2026-04-07 11:25:00,811.3,812.85,810.15,811.0,1389
2026-04-07 11:30:00,811.2,811.85,810.6,810.65,329
2026-04-07 11:35:00,810.65,811.85,810.65,811.2,997
2026-04-07 11:40:00,811.2,812.25,810.55,811.4,634
2026-04-07 11:45:00,810.8,811.65,810.15,810.15,198
2026-04-07 11:50:00,810.15,812.35,810.1,811.4,562
2026-04-07 11:55:00,811.4,813.6,811.4,813.0,1199
2026-04-07 12:00:00,813.0,817.95,812.55,817.0,6087
2026-04-07 12:05:00,817.0,818.0,815.75,817.6,2452
2026-04-07 12:10:00,817.6,818.85,816.9,818.4,927
2026-04-07 12:15:00,818.4,819.0,817.15,817.3,338
2026-04-07 12:20:00,817.3,818.85,817.1,817.85,1820
2026-04-07 12:25:00,817.85,818.75,817.45,817.95,612
2026-04-07 12:30:00,817.95,820.5,817.8,820.0,3092
2026-04-07 12:35:00,820.0,821.0,819.15,819.75,1946
2026-04-07 12:40:00,819.75,820.7,819.15,820.4,853
2026-04-07 12:45:00,820.4,820.4,818.8,820.0,833
2026-04-07 12:50:00,820.0,822.0,820.0,820.7,1163
2026-04-07 12:55:00,820.5,820.5,820.0,820.35,510
2026-04-07 13:00:00,820.35,820.5,819.9,820.45,480
2026-04-07 13:05:00,820.45,820.45,819.9,820.4,121
2026-04-07 13:10:00,819.9,821.7,819.7,821.7,507
2026-04-07 13:15:00,821.7,822.0,820.6,821.0,866
2026-04-07 13:20:00,821.0,822.65,819.6,819.95,3138
2026-04-07 13:25:00,819.95,821.45,819.9,820.9,2568
2026-04-07 13:30:00,821.05,822.15,820.5,821.7,921
2026-04-07 13:35:00,821.15,822.1,821.0,821.55,428
2026-04-07 13:40:00,821.55,821.55,820.4,821.05,472
2026-04-07 13:45:00,820.7,822.65,820.7,821.25,358
2026-04-07 13:50:00,821.25,822.0,820.95,821.7,1877
2026-04-07 13:55:00,821.7,821.7,819.25,819.9,770
2026-04-07 14:00:00,819.9,820.4,819.5,820.05,429
2026-04-07 14:05:00,820.05,820.9,820.05,820.9,87
2026-04-07 14:10:00,820.9,820.9,819.5,820.4,1419
2026-04-07 14:15:00,820.4,822.6,820.4,822.6,1526
2026-04-07 14:20:00,822.45,822.6,820.9,822.45,1519
2026-04-07 14:25:00,822.45,822.6,821.5,821.5,2008
2026-04-07 14:30:00,821.5,822.5,821.15,821.85,1107
2026-04-07 14:35:00,821.95,822.5,820.95,821.85,2351
2026-04-07 14:40:00,821.85,822.5,820.0,820.0,4373
2026-04-07 14:45:00,821.0,821.0,820.0,820.0,689
2026-04-07 14:50:00,820.0,821.15,820.0,820.0,10036
2026-04-07 14:55:00,820.55,821.0,820.0,820.15,3088
2026-04-07 15:00:00,820.8,821.95,820.35,821.0,1841
2026-04-07 15:05:00,821.7,822.4,820.85,822.2,1026
2026-04-07 15:10:00,822.15,822.4,820.7,821.35,1769
2026-04-07 15:15:00,821.95,821.95,821.6,821.9,1538
2026-04-07 15:20:00,821.9,822.5,821.0,821.5,3806
2026-04-07 15:25:00,821.5,821.75,820.0,820.15,5807
2026-04-08 09:15:00,873.25,873.25,837.65,848.15,26773
2026-04-08 09:20:00,848.15,849.4,844.6,844.7,12258
2026-04-08 09:25:00,844.45,844.7,836.4,836.95,13927
2026-04-08 09:30:00,837.05,847.3,836.15,847.3,4121
2026-04-08 09:35:00,848.0,849.8,845.05,845.3,2867
2026-04-08 09:40:00,845.3,849.35,845.15,849.3,6201
2026-04-08 09:45:00,849.0,852.0,849.0,851.55,2900
2026-04-08 09:50:00,851.55,852.35,848.9,849.45,1227
2026-04-08 09:55:00,849.45,851.1,849.15,849.65,1234
2026-04-08 10:00:00,849.65,849.9,848.6,849.15,504
2026-04-08 10:05:00,850.0,851.5,847.0,847.0,8717
2026-04-08 10:10:00,847.0,847.65,847.0,847.15,774
2026-04-08 10:15:00,847.1,847.55,834.1,836.5,24009
2026-04-08 10:20:00,836.5,839.45,836.5,839.15,8697
2026-04-08 10:25:00,839.15,841.0,833.65,839.25,62814
2026-04-08 10:30:00,839.25,842.15,838.6,841.55,4510
2026-04-08 10:35:00,841.55,843.75,840.5,840.8,3694
2026-04-08 10:40:00,840.8,842.45,840.0,841.5,2264
2026-04-08 10:45:00,841.5,842.7,840.45,841.2,2118
2026-04-08 10:50:00,841.65,846.0,841.35,844.45,2378
2026-04-08 10:55:00,844.45,846.0,844.45,845.45,2260
2026-04-08 11:00:00,845.45,846.0,844.6,845.25,772
2026-04-08 11:05:00,845.25,846.75,845.25,846.0,2924
2026-04-08 11:10:00,846.0,846.85,844.4,844.4,2362
2026-04-08 11:15:00,844.95,845.5,841.2,842.9,8576
2026-04-08 11:20:00,842.9,844.45,842.9,844.0,888
2026-04-08 11:25:00,844.0,844.45,842.25,842.7,1589
2026-04-08 11:30:00,842.45,842.85,842.45,842.85,127
2026-04-08 11:35:00,842.85,842.85,841.1,841.1,1494
2026-04-08 11:40:00,841.1,841.8,840.35,841.8,505
2026-04-08 11:45:00,841.8,842.65,840.2,841.85,3023
2026-04-08 11:50:00,841.85,842.0,838.0,839.3,3568
2026-04-08 11:55:00,839.95,840.45,839.35,840.05,791
2026-04-08 12:00:00,840.0,851.85,838.7,848.95,30455
2026-04-08 12:05:00,848.95,849.0,845.15,845.6,2585
2026-04-08 12:10:00,845.6,847.6,845.05,847.15,3346
2026-04-08 12:15:00,847.15,847.5,846.5,847.5,739
2026-04-08 12:20:00,847.5,847.5,846.25,847.15,731
2026-04-08 12:25:00,847.15,847.85,846.95,847.65,748
2026-04-08 12:30:00,847.65,847.75,845.7,846.6,683
2026-04-08 12:35:00,846.75,846.8,845.75,846.3,397
2026-04-08 12:40:00,846.3,846.5,845.7,846.35,95
2026-04-08 12:45:00,846.3,846.45,845.35,845.35,607
2026-04-08 12:50:00,845.35,845.85,845.0,845.55,2521
2026-04-08 12:55:00,845.55,846.0,845.0,845.65,2165
2026-04-08 13:00:00,845.65,845.95,845.0,845.65,994
2026-04-08 13:05:00,845.65,846.05,845.15,845.45,416
2026-04-08 13:10:00,845.45,846.35,845.2,845.2,567
2026-04-08 13:15:00,845.2,846.35,845.2,845.7,56
2026-04-08 13:20:00,845.7,845.85,845.05,845.05,158
2026-04-08 13:25:00,845.1,846.35,845.1,846.35,170
2026-04-08 13:30:00,846.35,846.5,845.15,845.75,1031
2026-04-08 13:35:00,845.75,846.5,845.75,846.05,235
2026-04-08 13:40:00,845.0,846.05,845.0,845.5,434
2026-04-08 13:45:00,845.5,845.55,844.8,844.8,1362
2026-04-08 13:50:00,844.8,845.1,844.6,844.65,2542
2026-04-08 13:55:00,844.65,845.65,844.6,845.1,2053
2026-04-08 14:00:00,845.35,845.35,844.45,844.55,5610
2026-04-08 14:05:00,844.55,845.25,844.35,844.4,5650
2026-04-08 14:10:00,844.35,845.4,844.05,845.25,22037
2026-04-08 14:15:00,845.25,845.25,844.4,844.45,4985
2026-04-08 14:20:00,844.5,846.15,844.45,845.6,3141
2026-04-08 14:25:00,845.6,846.8,845.6,845.9,297
2026-04-08 14:30:00,845.9,846.55,845.1,845.25,2269
2026-04-08 14:35:00,845.25,846.05,844.7,846.0,144767
2026-04-08 14:40:00,846.0,846.65,845.0,846.3,8195
2026-04-08 14:45:00,846.25,847.4,845.85,846.7,2406
2026-04-08 14:50:00,846.7,846.75,845.1,846.45,2364
2026-04-08 14:55:00,846.45,846.75,846.1,846.35,1426
2026-04-08 15:00:00,846.8,846.8,843.4,845.35,6475
2026-04-08 15:05:00,845.35,846.0,845.0,845.9,2721
2026-04-08 15:10:00,846.65,846.85,844.45,845.05,9902
2026-04-08 15:15:00,845.55,846.4,845.0,845.8,3516
2026-04-08 15:20:00,845.4,846.95,845.25,845.6,9156
2026-04-08 15:25:00,846.2,847.35,845.2,845.7,7667
2026-04-09 09:15:00,845.9,845.95,838.0,844.25,2524
2026-04-09 09:20:00,844.3,846.85,843.15,844.75,2302
2026-04-09 09:25:00,844.75,845.45,842.4,842.4,971
2026-04-09 09:30:00,843.2,843.8,836.15,837.2,2210
2026-04-09 09:35:00,837.35,839.6,836.7,838.4,2072
2026-04-09 09:40:00,838.4,838.4,832.3,832.45,10122
2026-04-09 09:45:00,832.45,834.3,830.1,830.1,4187
2026-04-09 09:50:00,830.65,830.65,828.4,829.0,6492
2026-04-09 09:55:00,829.0,829.6,828.0,828.8,1151
2026-04-09 10:00:00,828.8,830.4,827.0,829.55,4725
2026-04-09 10:05:00,829.55,830.6,829.05,829.15,1204
2026-04-09 10:10:00,829.15,830.7,829.15,830.0,4868
2026-04-09 10:15:00,829.35,832.3,829.15,831.0,1686
2026-04-09 10:20:00,831.0,831.4,830.5,830.75,2876
2026-04-09 10:25:00,830.75,831.5,830.75,831.0,614
2026-04-09 10:30:00,831.0,834.8,831.0,832.55,2209
2026-04-09 10:35:00,832.55,834.0,832.1,833.5,1237
2026-04-09 10:40:00,833.1,833.85,832.3,832.35,870
2026-04-09 10:45:00,832.35,833.6,832.15,833.4,562
2026-04-09 10:50:00,833.4,833.75,832.9,833.4,406
2026-04-09 10:55:00,833.35,834.95,833.2,834.05,1608
2026-04-09 11:00:00,833.15,835.3,833.15,833.35,1211
2026-04-09 11:05:00,833.35,834.3,833.35,834.3,337
2026-04-09 11:10:00,834.3,837.35,833.85,836.2,1669
2026-04-09 11:15:00,836.85,836.9,834.1,835.2,1004
2026-04-09 11:20:00,835.15,836.6,834.15,835.6,782
2026-04-09 11:25:00,835.4,836.6,834.95,835.95,725
2026-04-09 11:30:00,836.25,837.8,836.2,837.7,1831
2026-04-09 11:35:00,837.15,838.65,837.1,837.1,6026
2026-04-09 11:40:00,837.65,838.75,836.8,838.35,894
2026-04-09 11:45:00,838.35,838.5,835.05,835.6,7705
2026-04-09 11:50:00,835.5,836.4,835.0,835.85,742
2026-04-09 11:55:00,835.8,837.75,835.8,837.3,4947
2026-04-09 12:00:00,836.9,837.5,836.55,837.0,302
2026-04-09 12:05:00,837.15,837.2,836.45,837.2,224
2026-04-09 12:10:00,837.2,837.35,836.0,836.15,279
2026-04-09 12:15:00,836.15,837.05,836.15,836.8,412
2026-04-09 12:20:00,836.8,837.65,836.75,837.4,555
2026-04-09 12:25:00,837.3,837.3,835.75,836.45,892
2026-04-09 12:30:00,836.3,836.4,835.25,835.85,338
2026-04-09 12:35:00,835.8,835.8,832.2,833.8,10739
2026-04-09 12:40:00,833.8,834.8,833.8,834.35,444
2026-04-09 12:45:00,834.35,834.35,830.8,831.1,1504
2026-04-09 12:50:00,831.1,831.6,830.5,830.9,403
2026-04-09 12:55:00,830.9,831.3,829.8,830.45,2780
2026-04-09 13:00:00,830.45,832.0,829.65,831.1,5380
2026-04-09 13:05:00,831.1,831.1,830.5,830.6,84
2026-04-09 13:10:00,830.6,830.85,828.25,828.85,1800
2026-04-09 13:15:00,828.85,829.0,827.55,828.3,1888
2026-04-09 13:20:00,828.3,828.35,823.4,824.65,3272
2026-04-09 13:25:00,824.8,825.0,823.15,823.7,3122
2026-04-09 13:30:00,823.7,824.75,822.8,824.45,5339
2026-04-09 13:35:00,824.45,824.95,823.15,823.75,1549
2026-04-09 13:40:00,823.65,823.9,821.0,823.2,2267
2026-04-09 13:45:00,823.35,823.35,821.0,821.8,2768
2026-04-09 13:50:00,821.75,822.5,821.6,822.1,915
2026-04-09 13:55:00,821.95,823.3,821.5,822.3,2026
2026-04-09 14:00:00,822.45,822.85,821.9,822.6,897
2026-04-09 14:05:00,822.85,824.25,822.4,823.35,2103
2026-04-09 14:10:00,823.35,823.9,822.5,823.3,1528
2026-04-09 14:15:00,823.25,823.25,821.55,822.3,1641
2026-04-09 14:20:00,822.3,823.05,822.0,822.35,278
2026-04-09 14:25:00,822.35,822.9,821.8,822.65,848
2026-04-09 14:30:00,822.65,822.75,820.0,820.8,3084
2026-04-09 14:35:00,820.8,823.5,820.3,822.5,1548
2026-04-09 14:40:00,822.5,823.25,822.15,822.45,2229
2026-04-09 14:45:00,822.45,822.45,821.2,821.85,1230
2026-04-09 14:50:00,821.85,823.5,821.85,823.25,3854
2026-04-09 14:55:00,823.25,823.25,822.0,822.55,1042
2026-04-09 15:00:00,822.65,824.75,822.45,823.3,2455
2026-04-09 15:05:00,823.3,824.05,822.5,823.7,2755
2026-04-09 15:10:00,823.7,823.75,822.45,823.2,3608
2026-04-09 15:15:00,823.15,823.75,822.5,823.7,5000
2026-04-09 15:20:00,823.7,824.3,823.3,823.9,3269
2026-04-09 15:25:00,823.9,830.15,823.1,828.0,5429
2026-04-10 09:15:00,830.05,834.4,826.5,831.25,11923
2026-04-10 09:20:00,831.25,833.3,830.8,830.8,6399
2026-04-10 09:25:00,830.8,834.1,830.8,831.65,2160
2026-04-10 09:30:00,831.65,835.0,831.65,832.45,2208
2026-04-10 09:35:00,832.45,833.0,829.45,832.15,1455
2026-04-10 09:40:00,832.15,832.85,831.35,832.8,437
2026-04-10 09:45:00,832.8,835.0,831.9,834.2,2027
2026-04-10 09:50:00,834.2,836.3,834.2,834.45,4183
2026-04-10 09:55:00,834.45,835.2,833.7,834.1,2155
2026-04-10 10:00:00,833.25,834.95,832.45,832.45,1599
2026-04-10 10:05:00,832.85,832.85,830.9,831.75,2110
2026-04-10 10:10:00,831.75,835.35,831.75,834.2,859
2026-04-10 10:15:00,835.0,836.5,834.5,835.5,2574
2026-04-10 10:20:00,836.0,837.35,835.6,837.35,988
2026-04-10 10:25:00,837.35,837.65,834.9,834.9,1962
2026-04-10 10:30:00,834.9,835.4,833.25,833.4,958
2026-04-10 10:35:00,833.4,835.45,833.0,835.0,1665
2026-04-10 10:40:00,835.0,835.6,835.0,835.6,793
2026-04-10 10:45:00,835.6,835.6,834.1,834.1,1236
2026-04-10 10:50:00,834.1,834.75,833.2,834.0,974
2026-04-10 10:55:00,834.0,835.7,834.0,835.0,416
2026-04-10 11:00:00,835.0,835.65,832.4,832.9,772
2026-04-10 11:05:00,832.9,835.1,832.15,833.15,2825
2026-04-10 11:10:00,833.15,834.55,833.15,833.9,416
2026-04-10 11:15:00,834.45,834.45,833.5,833.5,643
2026-04-10 11:20:00,833.5,834.0,832.85,833.55,381
2026-04-10 11:25:00,834.25,836.0,833.35,833.55,2748
2026-04-10 11:30:00,833.55,835.65,833.55,834.75,704
2026-04-10 11:35:00,834.75,835.2,834.3,834.65,423
2026-04-10 11:40:00,834.65,834.65,833.4,833.4,449
2026-04-10 11:45:00,833.4,833.4,830.95,832.05,16340
2026-04-10 11:50:00,832.05,833.75,831.7,833.0,1244
2026-04-10 11:55:00,833.0,834.0,832.9,833.35,1120
2026-04-10 12:00:00,833.4,833.55,831.4,832.9,7576
2026-04-10 12:05:00,833.55,833.8,832.9,833.2,329
2026-04-10 12:10:00,833.2,833.8,833.15,833.75,352
2026-04-10 12:15:00,833.2,833.4,832.1,832.5,255
2026-04-10 12:20:00,832.95,833.0,832.05,832.75,252
2026-04-10 12:25:00,832.75,833.6,831.9,832.0,693
2026-04-10 12:30:00,832.0,832.25,832.0,832.25,149
2026-04-10 12:35:00,832.25,833.6,832.25,833.2,971
2026-04-10 12:40:00,833.2,833.7,832.75,832.8,231
2026-04-10 12:45:00,833.35,833.35,832.8,833.35,291
2026-04-10 12:50:00,833.35,833.35,832.8,833.3,420
2026-04-10 12:55:00,833.3,833.3,832.8,832.8,431
2026-04-10 13:00:00,833.0,833.25,831.6,832.35,1953
2026-04-10 13:05:00,832.55,832.55,831.6,832.25,356
2026-04-10 13:10:00,832.25,832.5,832.1,832.1,221
2026-04-10 13:15:00,832.1,832.85,832.1,832.85,692
2026-04-10 13:20:00,832.85,832.85,831.5,831.5,1278
2026-04-10 13:25:00,831.5,832.6,831.5,832.6,404
2026-04-10 13:30:00,832.6,832.6,831.7,831.7,1114
2026-04-10 13:35:00,831.7,832.2,831.0,831.0,1644
2026-04-10 13:40:00,831.0,832.85,831.0,832.5,2152
2026-04-10 13:45:00,832.5,833.5,831.85,832.5,959
2026-04-10 13:50:00,832.5,833.05,832.1,832.1,628
2026-04-10 13:55:00,832.1,833.25,831.95,832.4,508
2026-04-10 14:00:00,832.4,833.3,832.4,832.65,567
2026-04-10 14:05:00,832.4,833.3,831.5,831.5,1762
2026-04-10 14:10:00,831.5,833.0,831.5,832.05,1264
2026-04-10 14:15:00,832.05,832.05,830.0,831.0,1188
2026-04-10 14:20:00,831.0,831.6,830.75,830.75,288
2026-04-10 14:25:00,830.5,830.6,827.8,828.3,1901
2026-04-10 14:30:00,827.9,829.05,827.6,828.3,434
2026-04-10 14:35:00,828.3,828.45,827.75,828.1,4623
2026-04-10 14:40:00,828.1,829.2,828.1,829.1,852
2026-04-10 14:45:00,829.1,829.2,828.0,829.0,2385
2026-04-10 14:50:00,828.75,829.6,828.75,829.0,305
2026-04-10 14:55:00,829.0,829.5,828.2,828.2,1155
2026-04-10 15:00:00,828.65,829.85,828.0,829.75,1222
2026-04-10 15:05:00,829.5,831.4,829.1,830.75,3828
2026-04-10 15:10:00,830.75,831.4,829.8,831.05,2132
2026-04-10 15:15:00,831.05,831.4,830.0,831.15,2574
2026-04-10 15:20:00,831.7,831.7,829.1,829.1,4390
2026-04-10 15:25:00,829.1,832.0,828.2,830.05,6674
2026-04-13 09:15:00,815.0,816.0,798.0,801.4,17093
2026-04-13 09:20:00,800.8,803.55,800.8,803.3,4868
2026-04-13 09:25:00,803.3,808.05,803.0,807.55,9184
2026-04-13 09:30:00,807.55,810.25,806.45,809.9,4218
2026-04-13 09:35:00,809.8,811.75,809.6,809.8,7709
2026-04-13 09:40:00,809.8,816.7,809.8,816.25,8000
2026-04-13 09:45:00,816.25,817.25,810.7,816.0,21169
2026-04-13 09:50:00,816.0,817.0,813.6,816.1,8770
2026-04-13 09:55:00,816.1,818.8,816.1,817.3,1592
2026-04-13 10:00:00,817.3,817.3,815.6,816.0,1264
2026-04-13 10:05:00,816.55,817.65,815.95,817.0,860
2026-04-13 10:10:00,817.0,820.4,815.0,820.4,10404
2026-04-13 10:15:00,820.2,820.2,816.3,816.75,3502
2026-04-13 10:20:00,817.4,822.8,817.4,821.3,3725
2026-04-13 10:25:00,821.4,821.9,820.25,821.45,2553
2026-04-13 10:30:00,821.45,822.4,820.15,820.75,837
2026-04-13 10:35:00,820.25,821.85,820.0,821.45,765
2026-04-13 10:40:00,821.45,822.4,820.0,821.15,1947
2026-04-13 10:45:00,821.15,822.3,820.95,821.45,329
2026-04-13 10:50:00,821.45,823.6,821.45,822.9,1592
2026-04-13 10:55:00,822.9,825.75,821.4,821.5,4204
2026-04-13 11:00:00,821.5,823.5,821.4,822.4,2015
2026-04-13 11:05:00,822.85,823.8,821.1,821.7,2798
2026-04-13 11:10:00,821.7,821.95,820.15,820.15,475
2026-04-13 11:15:00,820.7,822.0,820.15,820.35,1876
2026-04-13 11:20:00,821.1,822.1,820.15,821.85,982
2026-04-13 11:25:00,821.85,821.85,821.0,821.35,281
2026-04-13 11:30:00,821.35,821.35,819.6,820.0,5105
2026-04-13 11:35:00,820.0,820.05,819.45,820.0,3959
2026-04-13 11:40:00,820.0,820.05,820.0,820.0,10619
2026-04-13 11:45:00,820.0,821.5,820.0,820.75,10164
2026-04-13 11:50:00,820.75,821.4,820.7,820.7,335
2026-04-13 11:55:00,820.7,822.45,820.0,820.0,2463
2026-04-13 12:00:00,820.0,820.65,820.0,820.0,6649
2026-04-13 12:05:00,820.0,821.0,820.0,820.15,420
2026-04-13 12:10:00,820.15,821.65,820.0,821.0,646
2026-04-13 12:15:00,821.0,821.7,820.7,821.0,482
2026-04-13 12:20:00,821.0,822.3,820.6,820.65,824
2026-04-13 12:25:00,820.65,821.9,820.5,820.7,680
2026-04-13 12:30:00,820.7,822.0,820.7,820.8,643
2026-04-13 12:35:00,820.8,821.35,820.55,820.55,360
2026-04-13 12:40:00,820.55,821.15,820.55,820.55,269
2026-04-13 12:45:00,820.55,821.0,820.0,820.05,8958
2026-04-13 12:50:00,820.05,822.25,820.05,820.15,3104
2026-04-13 12:55:00,820.8,820.95,820.05,820.4,934
2026-04-13 13:00:00,820.4,820.5,820.0,820.0,9731
2026-04-13 13:05:00,820.0,821.5,820.0,821.35,1545
2026-04-13 13:10:00,821.35,821.35,820.0,820.05,614
2026-04-13 13:15:00,820.05,820.75,820.05,820.15,647
2026-04-13 13:20:00,820.3,820.3,820.0,820.0,269
2026-04-13 13:25:00,820.0,821.05,820.0,820.2,365
2026-04-13 13:30:00,820.2,822.25,820.2,822.0,2692
2026-04-13 13:35:00,822.0,823.0,821.55,822.25,662
2026-04-13 13:40:00,822.25,822.7,821.15,821.8,1683
2026-04-13 13:45:00,821.8,821.85,820.65,820.65,736
2026-04-13 13:50:00,820.65,822.15,820.5,822.15,703
2026-04-13 13:55:00,822.15,823.05,821.0,821.0,3291
2026-04-13 14:00:00,821.55,821.65,820.45,820.5,876
2026-04-13 14:05:00,820.5,821.05,820.0,820.15,980
2026-04-13 14:10:00,820.15,820.65,820.0,820.0,527
2026-04-13 14:15:00,820.0,820.8,820.0,820.0,647
2026-04-13 14:20:00,820.0,821.65,820.0,821.2,1153
2026-04-13 14:25:00,821.2,821.8,820.6,820.65,380
2026-04-13 14:30:00,821.4,821.45,820.6,821.0,1066
2026-04-13 14:35:00,821.0,821.45,821.0,821.05,1683
2026-04-13 14:40:00,821.05,821.85,821.05,821.2,1401
2026-04-13 14:45:00,821.2,822.4,821.1,821.1,2914
2026-04-13 14:50:00,821.1,821.5,821.1,821.1,1110
2026-04-13 14:55:00,821.1,823.6,820.05,821.55,4914
2026-04-13 15:00:00,821.3,822.95,821.0,821.5,6964
2026-04-13 15:05:00,821.95,823.15,821.05,822.0,3820
2026-04-13 15:10:00,822.0,823.05,821.4,821.8,5066
2026-04-13 15:15:00,821.8,823.65,821.5,822.95,5659
2026-04-13 15:20:00,822.95,823.9,821.35,821.35,8160
2026-04-13 15:25:00,821.4,824.0,821.0,824.0,5874
2026-04-15 09:15:00,835.0,844.55,835.0,839.95,21502
2026-04-15 09:20:00,839.95,841.85,836.95,841.0,9724
2026-04-15 09:25:00,841.0,845.8,838.3,838.85,5558
2026-04-15 09:30:00,838.85,841.7,838.85,840.2,6164
2026-04-15 09:35:00,840.2,842.0,839.85,841.95,6253
2026-04-15 09:40:00,842.0,845.9,841.95,845.25,4682
2026-04-15 09:45:00,847.1,848.95,844.9,845.4,13413
2026-04-15 09:50:00,845.4,846.75,844.25,846.15,4204
2026-04-15 09:55:00,846.15,853.2,845.6,852.4,12933
2026-04-15 10:00:00,852.4,860.0,852.4,855.0,14460
2026-04-15 10:05:00,855.0,855.5,846.55,848.7,4371
2026-04-15 10:10:00,849.3,853.75,848.7,852.75,5853
2026-04-15 10:15:00,851.95,855.85,851.95,854.2,10181
2026-04-15 10:20:00,854.2,857.15,854.0,856.35,4451
2026-04-15 10:25:00,856.35,856.35,853.55,854.75,2285
2026-04-15 10:30:00,854.85,854.85,852.55,852.55,744
2026-04-15 10:35:00,852.55,852.95,850.2,850.25,2404
2026-04-15 10:40:00,850.25,851.3,849.0,850.4,1775
2026-04-15 10:45:00,850.4,851.3,848.8,849.85,8900
2026-04-15 10:50:00,849.85,850.45,843.25,845.9,4184
2026-04-15 10:55:00,845.9,848.8,845.9,848.6,901
2026-04-15 11:00:00,848.6,850.0,847.75,849.5,1250
2026-04-15 11:05:00,849.5,849.5,846.45,848.85,986
2026-04-15 11:10:00,848.85,849.6,848.2,848.2,598
2026-04-15 11:15:00,848.2,849.65,848.2,848.5,3289
2026-04-15 11:20:00,848.5,849.65,848.5,849.15,1918
2026-04-15 11:25:00,849.15,849.6,846.35,847.85,3894
2026-04-15 11:30:00,847.85,847.85,846.7,846.7,61
2026-04-15 11:35:00,846.7,852.45,846.7,851.95,2751
2026-04-15 11:40:00,851.3,852.1,851.25,851.65,205
2026-04-15 11:45:00,851.65,853.5,851.65,853.0,1923
2026-04-15 11:50:00,853.0,853.0,851.65,852.25,1122
2026-04-15 11:55:00,852.25,852.7,851.35,852.5,1656
2026-04-15 12:00:00,852.7,854.85,852.7,853.75,1590
2026-04-15 12:05:00,853.75,853.85,852.8,853.75,220
2026-04-15 12:10:00,853.75,853.75,851.35,851.35,763
2026-04-15 12:15:00,851.35,852.95,851.35,852.5,268
2026-04-15 12:20:00,852.5,853.1,852.45,852.65,1263
2026-04-15 12:25:00,852.65,853.5,851.6,853.5,321
2026-04-15 12:30:00,853.5,853.5,851.55,852.55,1051
2026-04-15 12:35:00,852.75,852.75,851.6,852.3,807
2026-04-15 12:40:00,852.3,852.3,851.9,851.9,122
2026-04-15 12:45:00,851.9,852.3,851.9,852.1,254
2026-04-15 12:50:00,852.1,854.8,852.1,854.8,3042
2026-04-15 12:55:00,854.8,854.8,852.6,852.85,5383
2026-04-15 13:00:00,852.85,853.5,850.95,851.55,6015
2026-04-15 13:05:00,851.55,852.15,851.1,851.65,838
2026-04-15 13:10:00,851.65,851.65,850.2,851.15,2466
2026-04-15 13:15:00,851.15,851.5,851.15,851.5,209
2026-04-15 13:20:00,851.5,851.5,850.2,850.45,1149
2026-04-15 13:25:00,850.15,851.15,850.15,851.15,520
2026-04-15 13:30:00,851.15,851.4,850.55,851.4,240
2026-04-15 13:35:00,851.4,851.95,851.15,851.95,763
2026-04-15 13:40:00,851.95,852.4,850.0,850.4,1092
2026-04-15 13:45:00,850.4,850.45,849.15,849.7,1003
2026-04-15 13:50:00,849.7,850.9,849.7,850.35,1286
2026-04-15 13:55:00,850.35,850.85,850.2,850.2,810
2026-04-15 14:00:00,850.25,851.5,848.3,850.0,3833
2026-04-15 14:05:00,850.0,850.45,850.0,850.4,91
2026-04-15 14:10:00,850.4,852.7,850.0,851.25,2446
2026-04-15 14:15:00,851.7,851.7,845.6,846.1,7834
2026-04-15 14:20:00,845.6,846.95,845.15,846.85,5577
2026-04-15 14:25:00,846.85,846.9,846.15,846.75,355
2026-04-15 14:30:00,846.75,847.6,846.15,847.6,1775
2026-04-15 14:35:00,847.6,847.9,844.65,846.9,2657
2026-04-15 14:40:00,846.9,846.9,845.0,845.65,1864
2026-04-15 14:45:00,845.65,845.65,844.5,844.65,3140
2026-04-15 14:50:00,844.65,845.5,844.65,845.0,1052
2026-04-15 14:55:00,845.0,846.5,844.5,844.85,4417
2026-04-15 15:00:00,845.45,846.9,844.2,846.9,2313
2026-04-15 15:05:00,847.0,847.6,844.1,845.15,3202
2026-04-15 15:10:00,845.15,846.2,844.6,845.75,3185
2026-04-15 15:15:00,845.75,846.7,844.25,845.85,5525
2026-04-15 15:20:00,846.15,846.9,843.25,845.2,6333
2026-04-15 15:25:00,845.2,845.95,844.15,845.6,7175
2026-04-16 09:15:00,854.0,856.35,850.55,853.0,12094
2026-04-16 09:20:00,854.1,858.35,854.1,855.5,7313
2026-04-16 09:25:00,855.45,856.35,853.6,854.4,2216
2026-04-16 09:30:00,854.4,854.4,852.45,852.45,2383
2026-04-16 09:35:00,852.4,853.6,851.95,851.95,2415
2026-04-16 09:40:00,851.95,852.0,848.0,849.0,7152
2026-04-16 09:45:00,849.0,849.0,846.4,847.1,2475
2026-04-16 09:50:00,847.1,848.35,846.6,847.45,1118
2026-04-16 09:55:00,847.45,847.85,846.15,846.2,2127
2026-04-16 10:00:00,846.2,846.2,844.05,845.3,2839
2026-04-16 10:05:00,845.3,846.8,845.3,846.8,412
2026-04-16 10:10:00,846.8,847.65,846.15,846.8,1044
2026-04-16 10:15:00,846.8,846.8,845.0,845.0,1182
2026-04-16 10:20:00,844.7,844.7,842.1,843.2,2462
2026-04-16 10:25:00,843.2,844.9,843.15,844.45,690
2026-04-16 10:30:00,844.45,844.9,841.55,843.05,5031
2026-04-16 10:35:00,843.05,843.05,842.05,842.5,933
2026-04-16 10:40:00,842.5,842.95,842.05,842.4,316
2026-04-16 10:45:00,842.4,843.0,842.25,842.3,662
2026-04-16 10:50:00,842.3,843.2,842.1,843.2,1288
2026-04-16 10:55:00,843.2,843.2,842.4,842.45,467
2026-04-16 11:00:00,842.45,843.05,842.15,842.4,880
2026-04-16 11:05:00,842.4,843.95,842.4,843.3,764
2026-04-16 11:10:00,843.3,844.0,842.65,844.0,997
2026-04-16 11:15:00,844.0,844.75,843.3,844.4,1282
2026-04-16 11:20:00,844.7,844.7,842.85,842.85,502
2026-04-16 11:25:00,842.85,844.0,842.75,843.35,1268
2026-04-16 11:30:00,843.35,843.7,842.9,842.9,320
2026-04-16 11:35:00,842.9,843.4,840.6,841.05,3317
2026-04-16 11:40:00,841.0,841.8,841.0,841.05,1619
2026-04-16 11:45:00,840.75,841.0,840.2,840.6,1059
2026-04-16 11:50:00,840.85,840.85,839.0,839.5,2030
2026-04-16 11:55:00,839.5,840.85,838.75,839.55,1204
2026-04-16 12:00:00,839.55,839.55,837.05,837.05,1093
2026-04-16 12:05:00,837.05,838.3,837.05,838.1,515
2026-04-16 12:10:00,838.1,839.0,838.0,838.2,267
2026-04-16 12:15:00,838.2,838.95,835.5,836.2,2987
2026-04-16 12:20:00,836.2,839.95,836.2,839.05,2628
2026-04-16 12:25:00,839.05,839.9,838.0,838.6,1893
2026-04-16 12:30:00,838.6,839.6,838.6,839.0,272
2026-04-16 12:35:00,839.0,839.3,836.85,839.3,2719
2026-04-16 12:40:00,839.3,839.3,838.3,839.2,252
2026-04-16 12:45:00,839.2,839.35,838.35,839.35,1292
2026-04-16 12:50:00,839.35,839.35,838.0,838.85,338
2026-04-16 12:55:00,838.85,838.95,838.35,838.9,92
2026-04-16 13:00:00,838.9,840.3,838.9,839.7,295
2026-04-16 13:05:00,839.7,840.1,839.0,839.45,375
2026-04-16 13:10:00,839.45,839.45,839.0,839.1,77
2026-04-16 13:15:00,839.1,839.95,839.1,839.8,553
2026-04-16 13:20:00,839.8,840.4,839.0,839.0,672
2026-04-16 13:25:00,839.0,839.85,839.0,839.8,154
2026-04-16 13:30:00,839.8,841.0,839.75,840.8,814
2026-04-16 13:35:00,840.8,840.85,839.65,840.8,446
2026-04-16 13:40:00,840.2,840.8,840.0,840.65,91
2026-04-16 13:45:00,840.65,841.9,840.5,841.9,598
2026-04-16 13:50:00,841.15,843.75,841.15,843.05,726
2026-04-16 13:55:00,843.0,844.75,842.75,844.0,1299
2026-04-16 14:00:00,844.6,844.65,842.9,842.9,1163
2026-04-16 14:05:00,842.9,844.25,842.9,843.2,1143
2026-04-16 14:10:00,843.2,844.6,843.1,844.6,570
2026-04-16 14:15:00,844.6,844.6,843.55,843.9,292
2026-04-16 14:20:00,843.9,845.25,843.2,844.05,12950
2026-04-16 14:25:00,844.05,844.05,841.7,843.75,6495
2026-04-16 14:30:00,843.75,844.7,843.15,843.65,1503
2026-04-16 14:35:00,844.25,845.85,843.85,845.4,1532
2026-04-16 14:40:00,845.4,846.75,845.4,846.0,799
2026-04-16 14:45:00,846.0,846.65,845.5,845.6,804
2026-04-16 14:50:00,846.1,848.0,845.55,847.4,1308
2026-04-16 14:55:00,847.5,848.05,845.85,846.8,2983
2026-04-16 15:00:00,846.75,849.5,846.45,849.5,3663
2026-04-16 15:05:00,849.15,849.85,847.2,847.75,3223
2026-04-16 15:10:00,847.75,849.95,847.75,849.35,5960
2026-04-16 15:15:00,849.2,849.5,847.2,848.5,6635
2026-04-16 15:20:00,849.25,849.9,848.85,849.8,4507
2026-04-16 15:25:00,849.8,850.0,846.05,848.0,7770
2026-04-17 09:15:00,851.9,865.0,850.0,863.2,19912
2026-04-17 09:20:00,863.2,864.55,861.5,863.5,5514
2026-04-17 09:25:00,863.5,863.5,857.55,860.15,8377
2026-04-17 09:30:00,860.15,861.95,858.6,861.15,5410
2026-04-17 09:35:00,861.15,861.15,856.6,859.55,8485
2026-04-17 09:40:00,859.85,861.0,857.4,858.35,907
2026-04-17 09:45:00,858.35,862.0,858.35,861.95,1202
2026-04-17 09:50:00,861.95,862.35,860.0,860.0,2417
2026-04-17 09:55:00,860.0,861.25,860.0,860.2,1559
2026-04-17 10:00:00,860.2,863.7,858.0,863.0,5998
2026-04-17 10:05:00,863.0,866.0,861.15,861.15,5038
2026-04-17 10:10:00,861.15,861.85,855.7,858.15,5644
2026-04-17 10:15:00,858.2,860.0,858.2,858.75,817
2026-04-17 10:20:00,858.75,858.8,855.1,856.75,2779
2026-04-17 10:25:00,856.75,857.45,856.35,857.15,692
2026-04-17 10:30:00,855.7,856.3,853.5,854.7,1191
2026-04-17 10:35:00,854.7,854.9,853.75,854.15,634
2026-04-17 10:40:00,853.95,853.95,851.6,852.6,1323
2026-04-17 10:45:00,852.6,854.95,852.6,854.5,1478
2026-04-17 10:50:00,854.55,855.7,854.0,855.7,1707
2026-04-17 10:55:00,853.5,854.45,853.35,854.25,4001
2026-04-17 11:00:00,854.25,854.55,852.7,853.15,1200
2026-04-17 11:05:00,853.15,854.8,853.15,854.15,347
2026-04-17 11:10:00,854.15,857.5,854.15,857.45,7236
2026-04-17 11:15:00,857.45,857.5,856.6,856.6,207
2026-04-17 11:20:00,856.6,857.35,856.6,857.3,217
2026-04-17 11:25:00,857.3,857.4,856.4,856.4,380
2026-04-17 11:30:00,856.4,857.4,856.4,857.4,633
2026-04-17 11:35:00,857.4,858.0,857.15,857.6,201
2026-04-17 11:40:00,858.0,858.5,857.7,858.5,849
2026-04-17 11:45:00,858.5,859.15,857.55,859.15,520
2026-04-17 11:50:00,859.15,859.15,857.0,857.75,4889
2026-04-17 11:55:00,857.75,858.6,857.35,857.35,412
2026-04-17 12:00:00,857.35,857.9,855.05,855.05,483
2026-04-17 12:05:00,855.05,856.25,854.9,856.25,747
2026-04-17 12:10:00,856.25,857.2,856.15,856.4,528
2026-04-17 12:15:00,856.4,858.0,856.4,858.0,507
2026-04-17 12:20:00,857.9,858.0,856.85,858.0,187
2026-04-17 12:25:00,858.0,858.2,856.1,856.1,3070
2026-04-17 12:30:00,857.0,857.15,854.0,854.25,3260
2026-04-17 12:35:00,854.95,854.95,853.0,853.0,754
2026-04-17 12:40:00,853.25,854.7,851.5,854.7,1642
2026-04-17 12:45:00,854.7,857.7,854.4,857.7,3759
2026-04-17 12:50:00,857.7,859.65,856.85,858.7,4982
2026-04-17 12:55:00,858.7,859.85,857.5,858.2,2272
2026-04-17 13:00:00,858.0,866.5,858.0,864.9,23258
2026-04-17 13:05:00,864.9,865.65,864.0,864.95,3094
2026-04-17 13:10:00,866.1,874.4,866.0,874.0,17005
2026-04-17 13:15:00,873.2,874.7,870.55,870.55,8154
2026-04-17 13:20:00,870.6,871.9,869.8,870.85,3748
2026-04-17 13:25:00,870.85,871.3,869.2,870.4,4063
2026-04-17 13:30:00,870.55,876.35,870.4,872.45,9134
2026-04-17 13:35:00,872.45,873.25,871.6,872.0,1422
2026-04-17 13:40:00,872.25,877.0,871.6,874.65,5179
2026-04-17 13:45:00,874.65,876.95,874.15,876.5,3350
2026-04-17 13:50:00,876.5,878.7,875.3,877.85,4904
2026-04-17 13:55:00,877.3,899.0,877.3,894.7,134838
2026-04-17 14:00:00,895.0,900.0,888.9,891.45,75191
2026-04-17 14:05:00,892.3,893.3,890.0,891.35,15019
2026-04-17 14:10:00,892.15,892.15,887.75,888.4,28380
2026-04-17 14:15:00,888.4,890.5,888.0,888.05,11162
2026-04-17 14:20:00,888.15,888.55,886.3,888.0,5801
2026-04-17 14:25:00,887.6,888.0,886.0,886.4,8041
2026-04-17 14:30:00,886.6,886.75,884.0,886.75,9740
2026-04-17 14:35:00,885.95,886.8,884.1,884.75,5513
2026-04-17 14:40:00,884.75,885.85,882.2,885.5,11328
2026-04-17 14:45:00,884.4,886.2,883.55,883.55,6354
2026-04-17 14:50:00,884.3,884.7,883.0,883.45,6304
2026-04-17 14:55:00,884.0,884.25,882.5,883.0,6561
2026-04-17 15:00:00,883.5,889.8,882.2,887.15,14358
2026-04-17 15:05:00,887.15,889.95,886.85,889.1,10625
2026-04-17 15:10:00,889.0,890.55,888.3,889.4,12744
2026-04-17 15:15:00,889.4,892.0,888.0,891.7,18814
2026-04-17 15:20:00,891.3,893.35,890.9,892.95,20122
2026-04-17 15:25:00,892.95,892.95,888.0,891.85,13934
2026-04-20 09:15:00,890.0,892.0,878.45,888.55,19479
2026-04-20 09:20:00,889.1,896.35,888.05,895.0,11197
2026-04-20 09:25:00,895.0,896.5,887.15,889.85,11426
2026-04-20 09:30:00,888.85,909.8,885.55,908.5,41843
2026-04-20 09:35:00,908.1,915.9,902.0,910.0,101269
2026-04-20 09:40:00,910.0,914.5,907.6,911.75,17426
2026-04-20 09:45:00,912.3,913.25,909.2,910.95,19924
2026-04-20 09:50:00,911.6,919.5,910.0,917.7,31874
2026-04-20 09:55:00,917.5,925.0,917.5,921.75,41981
2026-04-20 10:00:00,921.75,922.45,918.75,922.35,21463
2026-04-20 10:05:00,922.4,923.6,917.55,919.0,20199
2026-04-20 10:10:00,920.0,929.65,918.0,924.0,44241
2026-04-20 10:15:00,924.15,925.95,916.35,923.0,28975
2026-04-20 10:20:00,923.5,928.15,920.85,922.1,17992
2026-04-20 10:25:00,922.1,923.3,915.5,917.6,18268
2026-04-20 10:30:00,917.0,926.3,915.8,925.0,29935
2026-04-20 10:35:00,925.0,929.05,925.0,926.4,21242
2026-04-20 10:40:00,926.25,933.3,921.15,932.6,80228
2026-04-20 10:45:00,932.6,933.6,931.0,933.0,29686
2026-04-20 10:50:00,932.8,933.0,928.05,929.05,19532
2026-04-20 10:55:00,928.3,930.0,926.3,929.0,14129
2026-04-20 11:00:00,928.0,928.7,921.45,926.0,117593
2026-04-20 11:05:00,926.0,928.55,925.0,927.0,8182
2026-04-20 11:10:00,927.0,927.75,925.3,925.3,5924
2026-04-20 11:15:00,925.3,927.3,925.3,926.7,3497
2026-04-20 11:20:00,926.7,929.65,925.05,929.4,8471
2026-04-20 11:25:00,929.0,929.6,926.1,927.0,4146
2026-04-20 11:30:00,927.0,927.0,925.3,926.75,3548
2026-04-20 11:35:00,925.5,926.4,925.0,926.4,3780
2026-04-20 11:40:00,925.6,926.35,925.0,925.9,2248
2026-04-20 11:45:00,925.25,927.75,925.25,926.8,4343
2026-04-20 11:50:00,926.8,926.8,925.0,926.15,3667
2026-04-20 11:55:00,926.15,926.8,925.6,926.05,4514
2026-04-20 12:00:00,926.05,927.85,925.85,927.85,10060
2026-04-20 12:05:00,927.7,929.7,925.0,928.35,45818
2026-04-20 12:10:00,928.0,928.95,925.85,925.85,7211
2026-04-20 12:15:00,925.85,928.8,925.85,928.0,3966
2026-04-20 12:20:00,928.0,928.0,926.1,927.4,2516
2026-04-20 12:25:00,927.4,927.4,926.2,926.4,1703
2026-04-20 12:30:00,926.4,926.5,925.0,925.5,4043
2026-04-20 12:35:00,925.05,928.15,925.05,927.1,5208
2026-04-20 12:40:00,927.95,927.95,926.6,927.05,1437
2026-04-20 12:45:00,927.05,927.75,926.75,927.0,873
2026-04-20 12:50:00,927.0,927.75,926.75,926.75,2077
2026-04-20 12:55:00,926.75,927.55,926.1,926.15,4941
2026-04-20 13:00:00,926.15,926.65,925.0,925.15,6737
2026-04-20 13:05:00,925.15,925.65,924.0,925.0,6778
2026-04-20 13:10:00,925.3,925.8,924.75,925.55,9974
2026-04-20 13:15:00,925.0,926.8,924.9,926.8,6490
2026-04-20 13:20:00,926.8,926.8,924.55,924.95,4538
2026-04-20 13:25:00,924.95,925.9,924.35,925.3,17783
2026-04-20 13:30:00,925.3,925.65,925.0,925.0,1655
2026-04-20 13:35:00,925.0,925.45,924.8,925.0,2464
2026-04-20 13:40:00,925.0,926.0,924.75,925.05,9677
2026-04-20 13:45:00,925.05,926.15,925.0,926.1,2726
2026-04-20 13:50:00,926.1,926.1,925.0,925.0,3705
2026-04-20 13:55:00,925.0,927.4,924.65,927.4,8361
2026-04-20 14:00:00,927.4,927.4,925.4,925.85,1222
2026-04-20 14:05:00,925.75,925.9,924.85,925.0,3456
2026-04-20 14:10:00,925.8,926.0,924.45,925.8,2630
2026-04-20 14:15:00,925.05,927.85,925.0,926.75,5879
2026-04-20 14:20:00,926.5,928.8,926.45,928.0,5494
2026-04-20 14:25:00,928.0,934.8,927.1,934.8,14384
2026-04-20 14:30:00,934.0,934.8,927.55,927.55,10513
2026-04-20 14:35:00,927.55,928.05,925.05,927.1,7516
2026-04-20 14:40:00,927.1,928.05,925.0,926.4,9762
2026-04-20 14:45:00,926.4,927.3,926.0,926.5,3568
2026-04-20 14:50:00,926.5,927.5,925.8,926.1,3310
2026-04-20 14:55:00,926.15,927.2,925.8,926.6,6708
2026-04-20 15:00:00,927.3,927.5,925.95,926.05,5011
2026-04-20 15:05:00,926.2,927.5,926.0,927.5,4377
2026-04-20 15:10:00,927.45,928.0,926.2,926.5,7982
2026-04-20 15:15:00,926.55,927.45,924.1,925.0,26428
2026-04-20 15:20:00,925.0,926.25,923.45,925.4,18879
2026-04-20 15:25:00,925.4,926.0,921.9,921.9,8967
2026-04-21 09:15:00,928.0,930.6,920.15,929.9,13397
2026-04-21 09:20:00,930.5,934.4,928.0,931.0,11123
2026-04-21 09:25:00,929.85,943.8,927.35,941.55,21527
2026-04-21 09:30:00,941.0,942.0,932.05,938.75,24718
2026-04-21 09:35:00,938.75,938.75,933.5,933.5,6438
2026-04-21 09:40:00,933.5,933.65,928.95,929.15,9956
2026-04-21 09:45:00,928.6,932.25,928.1,929.4,5959
2026-04-21 09:50:00,929.4,929.6,927.0,927.05,3255
2026-04-21 09:55:00,927.05,928.8,927.05,927.7,2385
2026-04-21 10:00:00,927.7,928.6,925.05,926.55,6210
2026-04-21 10:05:00,926.55,934.25,926.55,931.0,12833
2026-04-21 10:10:00,931.1,931.95,928.4,929.55,1312
2026-04-21 10:15:00,928.35,928.35,926.2,926.2,2619
2026-04-21 10:20:00,926.2,928.15,925.75,925.75,1350
2026-04-21 10:25:00,925.95,927.05,924.0,924.1,5088
2026-04-21 10:30:00,924.0,928.3,924.0,928.3,2779
2026-04-21 10:35:00,928.3,928.5,927.0,927.8,648
2026-04-21 10:40:00,927.25,930.3,927.25,929.0,5669
2026-04-21 10:45:00,928.65,929.3,927.0,928.0,1089
2026-04-21 10:50:00,928.0,928.0,925.05,926.15,2809
2026-04-21 10:55:00,926.2,927.0,924.5,925.15,2103
2026-04-21 11:00:00,925.15,925.15,924.45,924.8,1734
2026-04-21 11:05:00,924.8,926.4,923.05,923.35,2049
2026-04-21 11:10:00,924.4,925.0,921.3,922.2,2713
2026-04-21 11:15:00,922.9,923.95,921.8,922.1,1617
2026-04-21 11:20:00,923.1,923.1,921.7,921.7,1724
2026-04-21 11:25:00,922.65,923.65,921.85,923.0,1866
2026-04-21 11:30:00,923.0,923.45,922.15,922.15,2368
2026-04-21 11:35:00,922.15,922.15,918.35,919.05,9599
2026-04-21 11:40:00,919.75,920.4,918.6,918.6,1584
2026-04-21 11:45:00,918.6,919.25,917.7,918.0,4460
2026-04-21 11:50:00,918.0,919.9,915.9,916.6,5436
2026-04-21 11:55:00,917.4,919.25,916.8,918.2,2278
2026-04-21 12:00:00,918.2,919.5,918.0,918.0,1246
2026-04-21 12:05:00,918.0,918.7,916.15,916.15,1545
2026-04-21 12:10:00,917.2,918.05,916.7,916.75,1318
2026-04-21 12:15:00,916.75,918.05,916.0,917.35,3907
2026-04-21 12:20:00,917.35,918.3,916.35,916.4,1486
2026-04-21 12:25:00,917.8,918.65,916.6,916.6,1689
2026-04-21 12:30:00,916.6,918.35,916.45,917.0,1740
2026-04-21 12:35:00,917.0,918.35,917.0,917.0,1544
2026-04-21 12:40:00,917.85,918.15,916.05,916.3,2066
2026-04-21 12:45:00,916.3,917.35,916.0,916.05,2053
2026-04-21 12:50:00,916.05,919.15,916.0,918.4,2268
2026-04-21 12:55:00,918.85,920.8,917.1,919.55,2715
2026-04-21 13:00:00,919.5,920.0,919.0,919.05,1716
2026-04-21 13:05:00,919.05,919.8,917.0,917.0,2659
2026-04-21 13:10:00,917.8,921.45,917.0,920.3,2398
2026-04-21 13:15:00,920.1,921.0,918.7,919.05,2005
2026-04-21 13:20:00,919.0,920.8,918.25,920.0,1860
2026-04-21 13:25:00,921.0,921.65,920.0,920.0,1240
2026-04-21 13:30:00,920.0,920.9,919.5,919.65,1214
2026-04-21 13:35:00,919.65,920.6,918.5,920.0,2635
2026-04-21 13:40:00,920.4,921.1,918.5,920.0,2151
2026-04-21 13:45:00,920.0,920.75,919.5,920.0,1013
2026-04-21 13:50:00,920.0,921.5,920.0,920.1,2119
2026-04-21 13:55:00,920.95,921.15,920.0,920.0,1283
2026-04-21 14:00:00,920.0,920.6,918.45,918.65,2203
2026-04-21 14:05:00,918.7,920.95,918.0,919.55,2211
2026-04-21 14:10:00,920.5,920.5,918.5,919.1,2081
2026-04-21 14:15:00,919.2,920.8,919.0,920.0,1975
2026-04-21 14:20:00,920.0,920.55,920.0,920.55,1141
2026-04-21 14:25:00,921.3,921.6,919.5,921.1,1804
2026-04-21 14:30:00,921.05,922.0,920.0,920.0,2561
2026-04-21 14:35:00,920.1,920.35,919.5,920.0,1409
2026-04-21 14:40:00,920.0,920.35,919.5,920.0,1745
2026-04-21 14:45:00,920.0,920.8,919.7,920.1,2752
2026-04-21 14:50:00,920.1,921.0,919.7,920.0,2178
2026-04-21 14:55:00,920.0,920.85,920.0,920.05,1533
2026-04-21 15:00:00,920.1,922.0,920.05,920.1,4910
2026-04-21 15:05:00,920.1,921.0,920.0,920.4,2603
2026-04-21 15:10:00,920.05,920.95,920.0,920.05,3024
2026-04-21 15:15:00,920.0,920.5,918.5,919.6,7120
2026-04-21 15:20:00,920.0,920.45,919.0,920.15,6927
2026-04-21 15:25:00,920.15,920.45,919.1,920.0,5106
2026-04-22 09:15:00,918.0,920.55,910.05,916.9,8102
2026-04-22 09:20:00,916.9,917.8,913.5,914.45,4083
2026-04-22 09:25:00,914.45,914.45,912.0,912.45,3627
2026-04-22 09:30:00,912.45,915.4,912.45,915.05,1437
2026-04-22 09:35:00,916.15,925.55,915.4,922.85,5980
2026-04-22 09:40:00,922.85,926.4,921.15,924.15,9731
2026-04-22 09:45:00,924.0,924.15,920.5,923.8,2090
2026-04-22 09:50:00,923.8,930.05,922.65,929.05,9569
2026-04-22 09:55:00,929.0,929.9,926.25,926.25,1605
2026-04-22 10:00:00,926.7,926.7,921.1,922.0,8580
2026-04-22 10:05:00,922.0,931.0,920.4,930.75,83371
2026-04-22 10:10:00,930.75,935.05,930.75,933.25,12261
2026-04-22 10:15:00,934.05,934.1,929.0,929.0,3503
2026-04-22 10:20:00,929.0,929.5,926.8,928.8,1438
2026-04-22 10:25:00,928.8,928.8,928.0,928.1,136
2026-04-22 10:30:00,927.55,929.45,927.15,928.75,2132
2026-04-22 10:35:00,928.75,929.1,928.0,929.05,908
2026-04-22 10:40:00,929.0,929.0,926.6,927.6,2846
2026-04-22 10:45:00,927.6,929.75,926.55,929.0,4282
2026-04-22 10:50:00,929.0,929.6,927.9,927.9,1903
2026-04-22 10:55:00,927.9,928.75,927.5,927.5,531
2026-04-22 11:00:00,927.5,928.0,927.05,927.95,405
2026-04-22 11:05:00,927.95,927.95,926.55,927.2,325
2026-04-22 11:10:00,927.2,927.7,926.45,926.55,865
2026-04-22 11:15:00,926.55,927.6,926.1,926.7,795
2026-04-22 11:20:00,926.7,927.5,926.7,927.45,191
2026-04-22 11:25:00,927.45,927.65,926.35,927.0,186
2026-04-22 11:30:00,927.0,927.85,926.3,926.8,265
2026-04-22 11:35:00,926.8,927.65,926.8,927.55,613
2026-04-22 11:40:00,927.55,927.55,926.1,926.55,814
2026-04-22 11:45:00,926.55,927.0,926.1,926.1,193
2026-04-22 11:50:00,926.1,933.0,926.1,932.65,6497
2026-04-22 11:55:00,932.65,932.7,931.75,932.5,1258
2026-04-22 12:00:00,932.5,933.6,932.0,933.0,4900
2026-04-22 12:05:00,933.0,934.7,932.1,932.1,1349
2026-04-22 12:10:00,932.1,937.5,932.05,933.65,7342
2026-04-22 12:15:00,933.65,933.65,932.2,932.35,471
2026-04-22 12:20:00,932.35,932.95,931.65,932.15,782
2026-04-22 12:25:00,932.15,932.75,931.15,931.3,468
2026-04-22 12:30:00,931.85,935.85,930.6,935.5,3809
2026-04-22 12:35:00,935.5,935.5,932.85,933.0,1940
2026-04-22 12:40:00,933.0,935.0,933.0,934.1,2159
2026-04-22 12:45:00,934.1,934.1,932.05,932.8,281
2026-04-22 12:50:00,932.8,933.45,931.85,933.45,394
2026-04-22 12:55:00,933.0,934.55,933.0,933.8,1100
2026-04-22 13:00:00,933.8,933.8,932.8,933.0,386
2026-04-22 13:05:00,933.0,933.85,932.8,933.0,314
2026-04-22 13:10:00,933.0,934.6,933.0,934.0,41546
2026-04-22 13:15:00,934.0,935.5,933.45,935.45,11479
2026-04-22 13:20:00,935.45,936.5,933.55,935.55,5390
2026-04-22 13:25:00,935.8,936.55,934.75,935.8,957
2026-04-22 13:30:00,935.8,936.5,934.6,935.1,2680
2026-04-22 13:35:00,935.1,939.35,935.0,938.35,12667
2026-04-22 13:40:00,938.35,938.65,934.0,934.0,6373
2026-04-22 13:45:00,934.0,934.6,933.8,934.4,55
2026-04-22 13:50:00,934.4,935.0,933.0,933.65,3056
2026-04-22 13:55:00,933.65,934.25,933.0,933.75,1137
2026-04-22 14:00:00,933.75,935.0,933.45,935.0,3077
2026-04-22 14:05:00,935.0,935.0,933.0,933.2,932
2026-04-22 14:10:00,933.2,934.8,933.2,933.6,751
2026-04-22 14:15:00,934.6,934.6,933.05,934.0,1461
2026-04-22 14:20:00,934.0,934.0,933.05,933.9,345
2026-04-22 14:25:00,933.9,933.9,930.0,932.0,12367
2026-04-22 14:30:00,932.0,933.95,931.05,933.3,5834
2026-04-22 14:35:00,932.0,932.5,931.4,932.2,1171
2026-04-22 14:40:00,931.35,932.5,931.05,932.1,908
2026-04-22 14:45:00,932.1,932.5,932.0,932.45,725
2026-04-22 14:50:00,932.45,933.0,931.75,931.75,1628
2026-04-22 14:55:00,932.85,933.0,931.65,931.8,594
2026-04-22 15:00:00,931.8,932.95,931.0,931.55,2374
2026-04-22 15:05:00,931.55,931.55,930.1,931.3,5628
2026-04-22 15:10:00,931.3,932.8,931.3,932.25,3188
2026-04-22 15:15:00,932.7,934.5,930.8,933.6,7939
2026-04-22 15:20:00,933.6,934.95,931.95,933.05,5018
2026-04-22 15:25:00,932.5,934.35,931.9,934.0,5936
2026-04-23 09:15:00,927.05,938.6,927.0,932.0,10170
2026-04-23 09:20:00,932.9,948.8,932.05,946.9,38121
2026-04-23 09:25:00,947.0,958.0,945.3,958.0,44538
2026-04-23 09:30:00,957.95,964.6,957.35,963.05,45548
2026-04-23 09:35:00,963.05,966.2,958.8,964.0,45965
2026-04-23 09:40:00,959.4,960.5,952.0,953.2,46821
2026-04-23 09:45:00,954.15,958.0,953.15,957.1,11820
2026-04-23 09:50:00,957.1,959.35,957.1,959.0,6564
2026-04-23 09:55:00,959.0,960.0,956.5,959.3,10583
2026-04-23 10:00:00,959.4,959.4,953.85,955.2,25612
2026-04-23 10:05:00,955.2,955.9,947.4,948.85,30075
2026-04-23 10:10:00,948.85,951.0,946.0,949.0,19339
2026-04-23 10:15:00,949.0,951.15,948.2,950.4,17280
2026-04-23 10:20:00,950.4,954.45,950.4,953.5,7563
2026-04-23 10:25:00,953.25,954.8,952.0,952.85,8259
2026-04-23 10:30:00,952.85,958.75,951.75,958.0,25631
2026-04-23 10:35:00,957.85,959.5,954.3,954.75,19743
2026-04-23 10:40:00,954.75,959.4,953.7,957.45,13445
2026-04-23 10:45:00,957.45,960.0,957.25,959.0,11117
2026-04-23 10:50:00,959.55,959.55,957.15,958.1,6524
2026-04-23 10:55:00,958.4,958.9,955.35,956.15,7162
2026-04-23 11:00:00,956.1,957.0,956.0,956.7,2377
2026-04-23 11:05:00,956.7,956.95,955.15,956.5,2846
2026-04-23 11:10:00,956.5,956.55,952.5,952.5,8002
2026-04-23 11:15:00,953.95,956.0,953.45,954.85,5368
2026-04-23 11:20:00,954.85,955.0,951.75,953.0,6199
2026-04-23 11:25:00,953.35,954.65,952.5,954.6,3194
2026-04-23 11:30:00,954.6,955.45,953.2,954.2,5111
2026-04-23 11:35:00,954.15,954.55,952.55,953.45,2300
2026-04-23 11:40:00,952.55,953.65,949.75,950.95,8823
2026-04-23 11:45:00,951.0,953.2,949.8,952.35,2844
2026-04-23 11:50:00,952.35,952.35,950.45,951.8,3401
2026-04-23 11:55:00,951.8,953.05,950.25,951.35,4200
2026-04-23 12:00:00,951.05,951.75,949.1,949.85,2766
2026-04-23 12:05:00,949.85,954.0,949.0,953.4,6419
2026-04-23 12:10:00,953.4,956.65,953.4,954.75,4776
2026-04-23 12:15:00,954.75,954.75,952.65,953.85,2180
2026-04-23 12:20:00,953.85,955.4,953.05,954.6,3181
2026-04-23 12:25:00,954.6,954.6,952.15,953.6,2359
2026-04-23 12:30:00,953.6,953.65,951.35,952.85,5849
2026-04-23 12:35:00,952.85,953.95,950.8,953.45,6433
2026-04-23 12:40:00,953.4,953.9,951.05,951.85,3238
2026-04-23 12:45:00,951.05,952.15,950.0,950.65,3078
2026-04-23 12:50:00,950.05,950.65,948.1,949.2,6956
2026-04-23 12:55:00,948.4,949.8,948.4,949.6,2651
2026-04-23 13:00:00,948.75,949.65,948.75,949.55,2267
2026-04-23 13:05:00,949.0,949.85,948.9,949.65,3093
2026-04-23 13:10:00,949.0,949.95,948.9,949.85,2879
2026-04-23 13:15:00,949.0,950.55,948.7,950.55,12131
2026-04-23 13:20:00,950.1,953.55,950.1,953.25,2512
2026-04-23 13:25:00,952.9,953.25,952.0,952.2,2572
2026-04-23 13:30:00,952.0,952.45,951.0,952.25,2573
2026-04-23 13:35:00,951.25,952.2,950.2,951.3,2656
2026-04-23 13:40:00,950.3,951.25,949.6,950.25,2998
2026-04-23 13:45:00,949.7,950.45,949.1,949.9,1878
2026-04-23 13:50:00,949.3,949.85,948.45,948.45,2545
2026-04-23 13:55:00,948.55,949.35,947.2,948.45,2664
2026-04-23 14:00:00,948.55,948.55,946.25,947.3,5130
2026-04-23 14:05:00,946.5,947.85,946.4,947.7,2013
2026-04-23 14:10:00,947.05,947.35,945.0,945.9,4241
2026-04-23 14:15:00,945.55,948.4,945.5,948.05,3932
2026-04-23 14:20:00,947.6,948.05,946.5,947.6,3169
2026-04-23 14:25:00,947.0,948.0,946.5,947.0,1920
2026-04-23 14:30:00,946.5,947.9,946.5,946.9,2059
2026-04-23 14:35:00,946.85,947.1,945.25,946.15,5300
2026-04-23 14:40:00,945.45,948.0,945.0,946.5,9620
2026-04-23 14:45:00,945.75,949.7,945.35,949.3,4453
2026-04-23 14:50:00,948.55,952.0,948.1,950.7,7750
2026-04-23 14:55:00,950.6,954.5,950.35,953.5,3840
2026-04-23 15:00:00,953.55,953.55,947.35,948.15,5417
2026-04-23 15:05:00,947.65,948.6,944.9,945.95,5830
2026-04-23 15:10:00,945.95,947.05,941.85,944.15,10207
2026-04-23 15:15:00,944.15,944.5,942.0,944.1,6735
2026-04-23 15:20:00,944.4,944.65,942.25,944.55,5221
2026-04-23 15:25:00,943.9,955.05,942.8,954.0,23800
2026-04-24 09:15:00,953.0,960.0,945.45,950.05,22651
2026-04-24 09:20:00,950.05,950.05,945.2,945.6,4654
2026-04-24 09:25:00,945.6,956.25,943.1,955.2,18494
2026-04-24 09:30:00,953.95,965.0,953.95,962.0,45135
2026-04-24 09:35:00,962.1,964.3,959.6,960.35,24851
2026-04-24 09:40:00,960.35,963.0,958.65,963.0,15612
2026-04-24 09:45:00,963.45,963.45,956.7,960.35,10496
2026-04-24 09:50:00,960.35,960.35,957.6,959.25,6002
2026-04-24 09:55:00,959.25,960.55,956.7,960.55,9373
2026-04-24 10:00:00,961.0,968.8,961.0,967.9,39760
2026-04-24 10:05:00,967.9,968.7,966.0,967.1,14112
2026-04-24 10:10:00,967.1,969.75,966.45,968.8,18089
2026-04-24 10:15:00,968.8,968.8,965.7,966.3,8360
2026-04-24 10:20:00,966.3,967.95,962.7,963.5,10312
2026-04-24 10:25:00,963.5,964.2,959.0,960.9,80646
2026-04-24 10:30:00,960.9,961.5,960.0,961.15,3082
2026-04-24 10:35:00,961.15,962.2,960.85,961.05,2823
2026-04-24 10:40:00,961.05,961.7,958.85,960.5,11346
2026-04-24 10:45:00,961.0,961.6,959.25,959.25,8396
2026-04-24 10:50:00,959.25,960.9,959.1,960.0,4333
2026-04-24 10:55:00,960.0,960.65,960.0,960.65,2281
2026-04-24 11:00:00,960.4,960.4,958.5,959.0,8161
2026-04-24 11:05:00,959.0,959.95,958.2,959.4,3473
2026-04-24 11:10:00,959.4,959.55,956.2,957.5,7922
2026-04-24 11:15:00,958.25,958.6,956.4,957.85,3295
2026-04-24 11:20:00,956.85,960.0,956.85,959.05,9552
2026-04-24 11:25:00,959.1,959.45,958.15,958.85,5643
2026-04-24 11:30:00,958.85,959.65,958.4,959.0,2994
2026-04-24 11:35:00,959.05,959.45,958.1,958.4,4420
2026-04-24 11:40:00,958.4,958.85,957.8,958.8,3253
2026-04-24 11:45:00,958.8,959.1,958.0,958.1,2170
2026-04-24 11:50:00,958.1,958.8,957.1,957.25,3439
2026-04-24 11:55:00,957.25,958.5,957.1,957.1,2517
2026-04-24 12:00:00,957.1,958.4,957.1,957.9,3004
2026-04-24 12:05:00,957.9,958.4,957.85,958.0,2362
2026-04-24 12:10:00,957.85,959.0,957.85,958.75,5660
2026-04-24 12:15:00,958.75,959.0,958.0,959.0,2926
2026-04-24 12:20:00,958.75,959.0,958.5,958.5,2169
2026-04-24 12:25:00,958.5,958.95,958.0,958.95,3330
2026-04-24 12:30:00,959.0,959.25,958.15,959.0,2064
2026-04-24 12:35:00,959.0,959.0,958.35,959.0,1983
2026-04-24 12:40:00,959.0,959.4,958.5,958.75,3147
2026-04-24 12:45:00,958.75,959.0,958.1,958.6,2477
2026-04-24 12:50:00,958.6,959.0,958.0,959.0,2692
2026-04-24 12:55:00,958.55,959.15,958.45,958.55,3793
2026-04-24 13:00:00,959.0,959.0,958.0,959.0,3255
2026-04-24 13:05:00,959.0,959.0,958.0,958.1,2583
2026-04-24 13:10:00,958.1,959.0,958.0,958.9,2786
2026-04-24 13:15:00,958.9,959.0,957.6,958.5,2021
2026-04-24 13:20:00,958.5,959.0,957.5,958.5,4486
2026-04-24 13:25:00,958.5,958.95,957.55,958.95,2528
2026-04-24 13:30:00,958.95,959.0,955.55,955.85,7325
2026-04-24 13:35:00,955.55,956.0,953.0,953.0,14000
2026-04-24 13:40:00,953.0,954.0,952.45,953.0,4271
2026-04-24 13:45:00,953.0,953.5,950.85,951.35,6294
2026-04-24 13:50:00,951.25,952.6,950.2,951.35,4560
2026-04-24 13:55:00,951.35,954.25,951.0,952.05,15670
2026-04-24 14:00:00,952.9,955.3,952.05,953.65,13020
2026-04-24 14:05:00,953.65,954.35,951.75,953.0,12494
2026-04-24 14:10:00,953.0,955.0,945.65,946.1,73082
2026-04-24 14:15:00,946.85,950.3,944.0,950.0,49265
2026-04-24 14:20:00,950.0,953.6,949.8,951.15,20333
2026-04-24 14:25:00,951.15,951.6,950.0,950.45,5185
2026-04-24 14:30:00,950.6,952.0,949.05,950.0,5055
2026-04-24 14:35:00,950.0,951.7,949.3,950.0,5187
2026-04-24 14:40:00,950.0,950.8,949.5,950.2,2678
2026-04-24 14:45:00,950.2,952.2,949.5,951.4,7594
2026-04-24 14:50:00,951.4,953.7,951.0,953.25,7587
2026-04-24 14:55:00,952.8,954.0,951.8,953.7,6291
2026-04-24 15:00:00,954.8,955.65,951.35,952.7,10814
2026-04-24 15:05:00,952.6,954.6,951.0,954.15,11691
2026-04-24 15:10:00,954.15,956.0,953.0,954.45,6774
2026-04-24 15:15:00,955.0,955.25,950.1,951.85,12034
2026-04-24 15:20:00,951.35,952.95,950.15,952.0,8641
2026-04-24 15:25:00,952.0,952.9,950.0,951.1,6411
2026-04-27 09:15:00,960.0,962.85,953.3,954.85,13323
2026-04-27 09:20:00,954.85,958.55,953.0,953.95,5154
2026-04-27 09:25:00,953.0,959.65,948.0,957.15,15028
2026-04-27 09:30:00,957.15,960.45,957.0,959.95,10763
2026-04-27 09:35:00,960.0,965.25,959.0,964.3,46158
2026-04-27 09:40:00,964.3,971.15,964.3,970.15,38652
2026-04-27 09:45:00,970.2,973.6,966.3,969.45,17353
2026-04-27 09:50:00,970.2,972.45,968.9,970.0,8928
2026-04-27 09:55:00,970.0,979.65,970.0,976.9,38926
2026-04-27 10:00:00,976.9,980.5,976.0,976.55,42622
2026-04-27 10:05:00,976.55,976.55,973.65,976.0,7152
2026-04-27 10:10:00,976.0,976.35,973.65,974.35,3768
2026-04-27 10:15:00,974.35,980.0,974.3,980.0,8728
2026-04-27 10:20:00,980.0,980.0,976.25,978.15,3682
2026-04-27 10:25:00,977.0,978.4,976.05,976.45,4698
2026-04-27 10:30:00,976.45,978.0,976.1,976.85,2594
2026-04-27 10:35:00,976.85,977.35,975.4,976.45,1605
2026-04-27 10:40:00,976.45,978.0,976.0,977.15,2261
2026-04-27 10:45:00,977.1,979.2,977.1,978.1,4290
2026-04-27 10:50:00,978.1,980.0,978.1,979.6,3568
2026-04-27 10:55:00,979.6,979.8,977.7,977.7,2424
2026-04-27 11:00:00,978.15,983.0,977.15,981.7,14057
2026-04-27 11:05:00,981.7,987.35,981.7,984.55,39590
2026-04-27 11:10:00,984.55,990.0,983.25,986.1,14337
2026-04-27 11:15:00,986.1,992.0,986.1,990.0,19238
2026-04-27 11:20:00,990.0,990.95,988.2,990.0,12555
2026-04-27 11:25:00,990.0,990.9,988.55,990.0,11875
2026-04-27 11:30:00,990.0,991.0,988.75,990.85,7879
2026-04-27 11:35:00,990.85,991.1,986.0,988.3,6922
2026-04-27 11:40:00,989.35,989.5,986.1,987.05,7133
2026-04-27 11:45:00,987.65,990.15,986.9,990.15,6252
2026-04-27 11:50:00,989.95,990.35,988.4,989.0,2507
2026-04-27 11:55:00,989.0,990.8,987.7,990.7,7041
2026-04-27 12:00:00,990.3,992.2,990.15,991.55,6909
2026-04-27 12:05:00,991.55,993.0,991.2,991.2,3919
2026-04-27 12:10:00,991.2,991.95,990.25,990.55,2313
2026-04-27 12:15:00,990.55,993.45,990.35,991.25,5609
2026-04-27 12:20:00,991.25,991.35,990.0,990.1,4773
2026-04-27 12:25:00,990.1,991.0,989.85,989.95,5938
2026-04-27 12:30:00,989.95,991.9,989.95,991.3,4897
2026-04-27 12:35:00,991.3,991.3,990.0,990.4,2552
2026-04-27 12:40:00,990.4,990.8,990.0,990.05,2367
2026-04-27 12:45:00,990.05,990.7,990.0,990.45,1619
2026-04-27 12:50:00,990.45,990.9,989.4,990.35,3176
2026-04-27 12:55:00,990.35,990.5,989.1,990.0,20888
2026-04-27 13:00:00,990.0,991.5,990.0,991.2,5501
2026-04-27 13:05:00,991.2,991.2,990.0,990.75,2225
2026-04-27 13:10:00,990.7,991.6,990.05,990.3,3300
2026-04-27 13:15:00,991.15,991.2,990.3,990.8,2048
2026-04-27 13:20:00,991.0,991.0,989.15,989.25,4241
2026-04-27 13:25:00,989.25,991.5,989.25,989.8,2112
2026-04-27 13:30:00,989.8,990.0,989.25,989.3,1676
2026-04-27 13:35:00,989.3,990.0,987.5,988.0,2793
2026-04-27 13:40:00,988.0,990.45,988.0,989.0,3728
2026-04-27 13:45:00,989.0,990.85,988.8,989.1,1914
2026-04-27 13:50:00,989.15,990.9,989.1,989.65,3112
2026-04-27 13:55:00,989.65,990.5,989.6,989.65,1959
2026-04-27 14:00:00,990.5,990.5,989.65,990.0,2750
2026-04-27 14:05:00,990.0,990.4,989.5,990.0,2374
2026-04-27 14:10:00,990.0,990.5,988.6,990.2,5516
2026-04-27 14:15:00,990.2,990.7,989.9,990.0,2641
2026-04-27 14:20:00,990.15,990.9,990.0,990.3,1887
2026-04-27 14:25:00,990.3,991.0,990.0,990.5,3427
2026-04-27 14:30:00,990.5,992.75,990.5,992.75,6572
2026-04-27 14:35:00,992.75,992.75,990.5,991.15,2147
2026-04-27 14:40:00,991.15,991.5,990.1,990.2,2897
2026-04-27 14:45:00,990.2,998.5,990.15,995.6,28609
2026-04-27 14:50:00,995.75,996.6,995.05,996.0,3901
2026-04-27 14:55:00,996.0,997.8,995.45,996.0,6274
2026-04-27 15:00:00,996.3,997.0,994.9,995.75,6529
2026-04-27 15:05:00,995.75,996.95,995.15,996.0,4217
2026-04-27 15:10:00,995.7,997.2,994.35,996.15,13933
2026-04-27 15:15:00,996.3,996.75,995.0,996.7,12284
2026-04-27 15:20:00,996.95,997.0,994.25,995.65,10691
2026-04-27 15:25:00,995.65,996.0,994.1,994.5,11268
2026-04-28 09:15:00,1007.75,1024.9,1007.0,1024.7,110973
2026-04-28 09:20:00,1024.85,1026.45,1020.25,1022.4,66349
2026-04-28 09:25:00,1022.4,1029.95,1022.4,1028.25,42232
2026-04-28 09:30:00,1027.0,1027.8,1022.35,1022.35,31069
2026-04-28 09:35:00,1022.45,1023.4,1019.3,1021.9,19561
2026-04-28 09:40:00,1021.9,1022.65,1015.0,1017.95,28319
2026-04-28 09:45:00,1017.25,1019.0,1011.3,1012.05,22329
2026-04-28 09:50:00,1012.05,1015.0,1010.35,1012.0,18350
2026-04-28 09:55:00,1012.0,1013.7,1012.0,1013.35,2920
2026-04-28 10:00:00,1013.35,1015.0,1012.55,1013.3,5040
2026-04-28 10:05:00,1013.3,1013.85,1012.0,1012.3,5056
2026-04-28 10:10:00,1012.15,1012.9,1010.05,1011.1,8619
2026-04-28 10:15:00,1011.1,1011.5,1008.0,1008.5,16619
2026-04-28 10:20:00,1008.5,1011.0,1008.0,1011.0,5575
2026-04-28 10:25:00,1011.0,1012.0,1009.05,1011.0,3902
2026-04-28 10:30:00,1011.0,1011.1,1007.0,1007.0,7580
2026-04-28 10:35:00,1007.0,1009.0,1007.0,1008.85,3319
2026-04-28 10:40:00,1009.1,1009.7,1007.1,1007.8,2413
2026-04-28 10:45:00,1007.8,1007.95,1005.2,1006.0,7706
2026-04-28 10:50:00,1006.0,1009.2,1005.55,1008.85,4896
2026-04-28 10:55:00,1008.85,1010.2,1007.65,1008.95,5141
2026-04-28 11:00:00,1008.95,1009.3,1002.0,1004.7,9963
2026-04-28 11:05:00,1005.0,1005.0,1002.0,1002.35,2749
2026-04-28 11:10:00,1002.05,1003.8,1002.0,1002.95,3975
2026-04-28 11:15:00,1002.95,1003.5,1000.5,1001.7,9166
2026-04-28 11:20:00,1001.15,1003.25,1000.35,1002.8,1833
2026-04-28 11:25:00,1002.7,1002.7,995.0,995.0,16207
2026-04-28 11:30:00,995.0,996.6,995.0,995.0,11812
2026-04-28 11:35:00,995.7,996.0,992.55,993.15,14132
2026-04-28 11:40:00,993.05,993.7,990.3,991.2,8621
2026-04-28 11:45:00,991.55,994.7,991.55,993.05,7730
2026-04-28 11:50:00,993.05,994.45,992.0,994.05,2746
2026-04-28 11:55:00,994.05,994.2,992.35,993.35,4406
2026-04-28 12:00:00,992.85,993.85,992.4,992.65,2975
2026-04-28 12:05:00,992.35,993.5,992.0,992.9,4667
2026-04-28 12:10:00,992.9,992.95,992.0,992.85,820
2026-04-28 12:15:00,992.85,994.65,992.15,993.0,3111
2026-04-28 12:20:00,993.0,993.5,991.0,991.45,3596
2026-04-28 12:25:00,991.2,992.1,990.0,990.7,6390
2026-04-28 12:30:00,990.7,991.3,990.2,991.0,1079
2026-04-28 12:35:00,991.5,994.0,991.0,993.9,5403
2026-04-28 12:40:00,993.95,994.0,991.55,992.0,954
2026-04-28 12:45:00,992.0,994.0,992.0,993.0,2953
2026-04-28 12:50:00,993.0,993.0,992.0,992.0,470
2026-04-28 12:55:00,992.0,992.5,991.5,991.5,1087
2026-04-28 13:00:00,992.0,992.5,991.0,991.95,1196
2026-04-28 13:05:00,991.95,994.5,991.65,993.95,5902
2026-04-28 13:10:00,993.95,996.85,993.95,996.85,3825
2026-04-28 13:15:00,996.7,998.4,994.8,997.15,10054
2026-04-28 13:20:00,996.5,998.65,996.2,998.0,3539
2026-04-28 13:25:00,998.0,998.0,995.5,997.0,3274
2026-04-28 13:30:00,997.1,998.0,997.05,997.2,2411
2026-04-28 13:35:00,997.2,997.2,993.7,993.95,3523
2026-04-28 13:40:00,993.95,996.25,993.9,995.8,1807
2026-04-28 13:45:00,995.8,995.8,994.85,995.4,1572
2026-04-28 13:50:00,995.4,1000.0,995.4,999.35,12375
2026-04-28 13:55:00,999.35,1000.0,995.2,995.95,5689
2026-04-28 14:00:00,995.95,995.95,992.95,992.95,3466
2026-04-28 14:05:00,992.95,995.3,992.6,995.3,3295
2026-04-28 14:10:00,995.3,995.8,993.95,994.4,5404
2026-04-28 14:15:00,994.4,995.0,992.5,995.0,2974
2026-04-28 14:20:00,995.25,995.8,993.6,995.0,2411
2026-04-28 14:25:00,995.5,995.65,993.0,993.0,1362
2026-04-28 14:30:00,993.0,995.0,993.0,993.5,4615
2026-04-28 14:35:00,993.5,995.75,993.4,993.9,43483
2026-04-28 14:40:00,993.9,995.2,993.5,994.8,3542
2026-04-28 14:45:00,994.8,997.25,993.8,997.25,3211
2026-04-28 14:50:00,997.25,997.45,994.8,997.0,4524
2026-04-28 14:55:00,997.0,998.9,996.1,998.65,4778
2026-04-28 15:00:00,998.6,999.5,997.0,997.0,10100
2026-04-28 15:05:00,996.45,999.9,996.45,998.45,12915
2026-04-28 15:10:00,999.4,999.4,995.05,996.5,18733
2026-04-28 15:15:00,996.4,996.95,995.0,995.0,12449
2026-04-28 15:20:00,995.8,996.0,995.0,995.95,7498
2026-04-28 15:25:00,995.95,998.8,995.0,995.1,21582
2026-04-29 09:15:00,1000.5,1005.6,995.65,998.4,9820
2026-04-29 09:20:00,998.4,999.4,993.45,994.65,7085
2026-04-29 09:25:00,994.55,999.5,993.6,998.6,4652
2026-04-29 09:30:00,997.7,999.05,996.0,996.0,4680
2026-04-29 09:35:00,995.6,996.15,980.25,984.6,24224
2026-04-29 09:40:00,985.95,989.2,984.8,985.45,4437
2026-04-29 09:45:00,986.0,988.2,983.0,984.6,4396
2026-04-29 09:50:00,984.6,986.2,983.5,985.0,2975
2026-04-29 09:55:00,983.75,985.55,982.2,985.55,2182
2026-04-29 10:00:00,984.85,987.0,984.85,986.4,6831
2026-04-29 10:05:00,986.4,987.05,983.5,985.45,5102
2026-04-29 10:10:00,985.6,985.75,984.0,984.0,1040
2026-04-29 10:15:00,984.0,986.65,984.0,985.35,1486
2026-04-29 10:20:00,985.35,988.65,985.35,986.8,1574
2026-04-29 10:25:00,986.8,987.5,985.15,985.8,1075
2026-04-29 10:30:00,985.8,986.4,982.2,984.15,5937
2026-04-29 10:35:00,984.15,984.45,983.05,983.6,1113
2026-04-29 10:40:00,983.6,983.65,982.15,982.15,1672
2026-04-29 10:45:00,982.15,983.1,981.0,981.95,2019
2026-04-29 10:50:00,981.95,983.95,977.7,979.45,12910
2026-04-29 10:55:00,979.45,981.3,978.15,979.85,6249
2026-04-29 11:00:00,979.05,980.3,979.05,979.8,2003
2026-04-29 11:05:00,986.7,987.8,984.25,985.0,19157
2026-04-29 11:10:00,985.0,990.05,984.25,989.15,11110
2026-04-29 11:15:00,988.1,988.9,986.0,986.2,1112
2026-04-29 11:20:00,986.2,986.2,985.3,985.3,691
2026-04-29 11:25:00,985.3,987.05,985.25,985.65,627
2026-04-29 11:30:00,985.65,986.5,985.0,985.85,2143
2026-04-29 11:35:00,985.85,986.1,985.1,986.0,4151
2026-04-29 11:40:00,986.0,986.55,984.3,985.2,1664
2026-04-29 11:45:00,985.2,985.95,984.3,985.2,786
2026-04-29 11:50:00,985.2,986.35,984.95,986.3,2036
2026-04-29 11:55:00,989.25,990.1,987.15,989.9,11694
2026-04-29 12:00:00,989.9,990.4,989.0,989.0,2231
2026-04-29 12:05:00,989.0,990.4,989.0,990.4,204
2026-04-29 12:10:00,990.5,993.35,990.15,993.0,3129
2026-04-29 12:15:00,993.0,995.2,992.35,995.2,4391
2026-04-29 12:20:00,995.2,995.45,994.15,995.0,1985
2026-04-29 12:25:00,995.0,995.0,993.0,994.0,850
2026-04-29 12:30:00,994.0,994.0,993.0,993.15,831
2026-04-29 12:35:00,993.15,993.15,992.15,993.0,891
2026-04-29 12:40:00,993.0,993.0,992.0,992.85,287
2026-04-29 12:45:00,992.8,993.0,991.15,992.3,1825
2026-04-29 12:50:00,992.3,993.5,992.3,992.75,1268
2026-04-29 12:55:00,992.75,994.05,992.55,993.8,2544
2026-04-29 13:00:00,993.8,993.8,990.0,990.2,2749
2026-04-29 13:05:00,990.2,991.3,990.05,990.6,505
2026-04-29 13:10:00,990.6,991.8,990.6,991.05,223
2026-04-29 13:15:00,991.05,992.8,991.0,991.95,440
2026-04-29 13:20:00,991.95,993.15,990.05,991.65,1161
2026-04-29 13:25:00,991.65,991.65,988.0,989.0,4441
2026-04-29 13:30:00,989.0,989.85,988.7,989.05,1179
2026-04-29 13:35:00,989.05,1000.7,989.0,997.35,32165
2026-04-29 13:40:00,997.2,998.65,995.0,995.0,3181
2026-04-29 13:45:00,994.3,996.0,992.5,992.85,3688
2026-04-29 13:50:00,992.85,997.05,992.85,996.0,699
2026-04-29 13:55:00,996.0,997.2,995.1,995.4,697
2026-04-29 14:00:00,995.4,995.65,993.05,993.25,1881
2026-04-29 14:05:00,993.3,994.4,993.2,994.0,3220
2026-04-29 14:10:00,994.0,994.1,993.0,993.6,4057
2026-04-29 14:15:00,993.6,995.65,993.6,994.7,1086
2026-04-29 14:20:00,994.7,996.0,994.7,995.85,1421
2026-04-29 14:25:00,995.85,996.8,995.4,995.4,862
2026-04-29 14:30:00,995.4,995.4,993.8,994.45,2007
2026-04-29 14:35:00,994.45,995.7,994.0,995.45,1674
2026-04-29 14:40:00,995.5,996.95,994.9,996.8,6959
2026-04-29 14:45:00,996.1,997.2,994.8,995.25,1287
2026-04-29 14:50:00,995.15,995.9,995.0,995.0,647
2026-04-29 14:55:00,995.0,995.9,995.0,995.25,2451
2026-04-29 15:00:00,995.0,995.35,992.2,992.7,59588
2026-04-29 15:05:00,992.2,993.95,992.2,993.25,979
2026-04-29 15:10:00,993.25,993.75,992.2,992.6,2431
2026-04-29 15:15:00,993.25,993.25,992.2,992.8,6418
2026-04-29 15:20:00,992.2,992.45,992.2,992.2,5952
2026-04-29 15:25:00,992.2,995.85,992.2,994.0,6577
2026-04-30 09:15:00,995.1,995.1,982.0,982.95,15672
2026-04-30 09:20:00,982.75,982.95,974.0,975.55,14422
2026-04-30 09:25:00,975.2,991.35,975.2,990.75,15056
2026-04-30 09:30:00,989.7,999.9,985.15,999.9,9220
2026-04-30 09:35:00,999.2,999.85,993.0,994.3,5211
2026-04-30 09:40:00,993.55,998.8,992.65,998.75,9000
2026-04-30 09:45:00,997.55,998.0,994.15,995.0,6232
2026-04-30 09:50:00,995.0,995.85,992.45,993.65,5299
2026-04-30 09:55:00,993.95,994.35,990.5,992.1,1598
2026-04-30 10:00:00,991.45,991.45,986.1,987.75,4791
2026-04-30 10:05:00,986.75,987.45,985.6,985.6,4894
2026-04-30 10:10:00,984.8,984.8,981.1,981.35,2725
2026-04-30 10:15:00,981.35,982.2,980.0,982.2,1821
2026-04-30 10:20:00,982.85,982.85,979.05,979.2,4246
2026-04-30 10:25:00,979.2,980.5,979.2,979.35,1169
2026-04-30 10:30:00,979.35,980.2,978.15,978.75,1105
2026-04-30 10:35:00,978.75,980.9,978.75,980.9,757
2026-04-30 10:40:00,980.9,983.15,980.65,981.6,904
2026-04-30 10:45:00,981.6,981.7,980.5,980.5,372
2026-04-30 10:50:00,980.5,980.9,976.1,976.1,2144
2026-04-30 10:55:00,976.1,979.55,975.7,977.0,2960
2026-04-30 11:00:00,977.0,980.0,977.0,979.15,1094
2026-04-30 11:05:00,979.0,981.95,978.15,981.95,1066
2026-04-30 11:10:00,981.95,981.95,977.15,977.7,303
2026-04-30 11:15:00,976.5,980.4,976.4,980.15,639
2026-04-30 11:20:00,979.3,979.8,978.0,978.0,763
2026-04-30 11:25:00,977.05,979.75,972.55,976.85,4669
2026-04-30 11:30:00,976.85,977.8,976.0,977.0,2201
2026-04-30 11:35:00,977.0,979.1,977.0,978.5,1155
2026-04-30 11:40:00,978.5,978.55,977.05,977.05,808
2026-04-30 11:45:00,977.05,978.6,976.65,977.45,550
2026-04-30 11:50:00,977.45,979.75,977.15,977.2,420
2026-04-30 11:55:00,977.2,977.8,976.3,976.7,1135
2026-04-30 12:00:00,978.3,980.0,977.85,979.6,4643
2026-04-30 12:05:00,979.6,982.0,979.6,981.55,1526
2026-04-30 12:10:00,981.55,982.15,978.0,978.0,1005
2026-04-30 12:15:00,976.7,978.2,974.85,977.5,7568
2026-04-30 12:20:00,977.5,979.1,976.4,977.25,2752
2026-04-30 12:25:00,977.25,978.65,976.0,976.2,2251
2026-04-30 12:30:00,976.25,977.15,972.05,972.85,14190
2026-04-30 12:35:00,973.2,974.65,970.0,971.95,5970
2026-04-30 12:40:00,971.15,971.7,970.0,971.15,3205
2026-04-30 12:45:00,970.6,976.9,970.4,976.25,3531
2026-04-30 12:50:00,976.25,976.25,974.6,974.6,1406
2026-04-30 12:55:00,975.0,975.0,972.25,972.3,2503
2026-04-30 13:00:00,972.3,973.9,972.0,972.2,3204
2026-04-30 13:05:00,972.2,973.4,970.65,971.55,4224
2026-04-30 13:10:00,970.8,972.85,970.6,972.75,4830
2026-04-30 13:15:00,973.3,977.3,972.35,976.85,5406
2026-04-30 13:20:00,976.85,977.15,975.5,976.85,1793
2026-04-30 13:25:00,976.85,977.95,975.4,975.5,1581
2026-04-30 13:30:00,975.5,985.05,974.5,985.0,22326
2026-04-30 13:35:00,985.0,986.0,981.3,981.6,8833
2026-04-30 13:40:00,981.6,992.0,981.55,992.0,10676
2026-04-30 13:45:00,992.65,994.55,991.8,992.5,2949
2026-04-30 13:50:00,992.5,993.6,991.3,992.85,3345
2026-04-30 13:55:00,992.85,995.0,992.65,994.2,6192
2026-04-30 14:00:00,994.1,995.15,991.2,995.15,5419
2026-04-30 14:05:00,996.4,1005.0,996.2,1000.55,34089
2026-04-30 14:10:00,1000.4,1002.0,998.15,998.4,5379
2026-04-30 14:15:00,999.0,1000.0,996.05,997.3,4352
2026-04-30 14:20:00,997.3,998.6,995.25,995.25,5761
2026-04-30 14:25:00,995.5,996.5,995.0,995.7,3276
2026-04-30 14:30:00,996.35,997.85,995.15,997.45,4231
2026-04-30 14:35:00,997.3,997.3,994.15,994.15,3771
2026-04-30 14:40:00,994.65,995.15,993.15,994.0,6542
2026-04-30 14:45:00,994.0,995.6,993.85,995.45,5237
2026-04-30 14:50:00,995.45,996.7,993.8,993.8,5869
2026-04-30 14:55:00,993.8,994.35,992.0,992.1,6328
2026-04-30 15:00:00,992.65,993.15,986.0,986.0,7325
2026-04-30 15:05:00,986.6,987.05,983.15,984.8,7594
2026-04-30 15:10:00,984.85,985.0,983.1,984.1,5052
2026-04-30 15:15:00,984.0,985.1,982.3,984.05,11413
2026-04-30 15:20:00,984.35,985.55,983.3,985.05,6579
2026-04-30 15:25:00,984.9,994.9,984.2,985.0,9310
2026-05-04 09:15:00,985.55,995.05,985.0,991.65,10706
2026-05-04 09:20:00,991.0,994.25,990.45,994.25,4089
2026-05-04 09:25:00,994.25,997.75,992.95,996.7,2707
2026-05-04 09:30:00,996.7,998.2,995.0,997.15,3319
2026-05-04 09:35:00,997.1,997.1,993.15,994.6,3463
2026-05-04 09:40:00,993.95,996.3,993.2,995.0,7900
2026-05-04 09:45:00,995.0,996.95,994.6,994.8,1047
2026-05-04 09:50:00,994.8,1000.0,994.05,997.25,19069
2026-05-04 09:55:00,997.25,999.65,997.25,998.75,1778
2026-05-04 10:00:00,998.85,999.5,998.15,998.45,755
2026-05-04 10:05:00,998.45,998.85,996.85,997.0,1227
2026-05-04 10:10:00,996.7,997.15,996.3,996.7,379
2026-05-04 10:15:00,997.05,997.05,995.0,995.95,1015
2026-05-04 10:20:00,995.95,996.0,995.15,995.25,631
2026-05-04 10:25:00,995.25,997.1,995.0,997.1,1374
2026-05-04 10:30:00,997.95,999.0,995.4,997.15,982
2026-05-04 10:35:00,997.15,998.6,996.6,998.55,1586
2026-05-04 10:40:00,998.55,998.55,997.2,997.55,929
2026-05-04 10:45:00,997.55,997.65,996.0,996.0,1337
2026-05-04 10:50:00,995.7,997.15,995.7,996.9,267
2026-05-04 10:55:00,996.9,996.9,994.3,995.0,1247
2026-05-04 11:00:00,994.45,996.7,994.45,994.95,4309
2026-05-04 11:05:00,994.95,995.75,994.5,995.05,1587
2026-05-04 11:10:00,995.05,995.95,994.55,995.0,1716
2026-05-04 11:15:00,995.0,995.4,994.5,995.0,1682
2026-05-04 11:20:00,995.0,995.5,994.5,995.0,2592
2026-05-04 11:25:00,995.0,995.5,995.0,995.0,1324
2026-05-04 11:30:00,995.0,995.8,995.0,995.0,1335
2026-05-04 11:35:00,995.25,996.5,994.5,996.5,2137
2026-05-04 11:40:00,996.5,996.75,995.0,995.0,19550
2026-05-04 11:45:00,991.1,992.1,985.95,986.0,6023
2026-05-04 11:50:00,986.0,986.7,981.45,983.3,4880
2026-05-04 11:55:00,983.3,985.5,983.3,985.0,2105
2026-05-04 12:00:00,985.0,990.5,983.3,990.2,3759
2026-05-04 12:05:00,990.2,994.6,990.2,994.0,3238
2026-05-04 12:10:00,994.55,994.55,992.1,992.95,3225
2026-05-04 12:15:00,992.45,993.8,991.3,991.9,2892
2026-05-04 12:20:00,991.9,994.65,991.9,992.6,3030
2026-05-04 12:25:00,992.6,995.0,992.6,994.65,2597
2026-05-04 12:30:00,993.75,994.8,993.15,993.15,2478
2026-05-04 12:35:00,992.9,994.8,991.95,991.95,3542
2026-05-04 12:40:00,991.75,992.95,990.25,991.45,3762
2026-05-04 12:45:00,991.8,992.4,990.1,991.4,3274
2026-05-04 12:50:00,990.1,994.05,990.1,992.65,2453
2026-05-04 12:55:00,993.3,994.55,992.95,993.45,2316
2026-05-04 13:00:00,993.35,994.95,992.6,994.5,2734
2026-05-04 13:05:00,994.5,994.85,993.05,994.3,3771
2026-05-04 13:10:00,994.1,995.0,993.15,994.2,2235
2026-05-04 13:15:00,994.35,994.8,992.5,993.0,2928
2026-05-04 13:20:00,992.5,993.95,991.45,992.25,3442
2026-05-04 13:25:00,992.1,993.85,991.95,992.75,2459
2026-05-04 13:30:00,991.95,993.6,991.15,992.1,2192
2026-05-04 13:35:00,992.1,994.0,992.1,993.35,2197
2026-05-04 13:40:00,993.35,995.25,993.35,994.35,4443
2026-05-04 13:45:00,994.35,995.0,992.7,994.5,3640
2026-05-04 13:50:00,994.3,995.0,993.5,994.0,2121
2026-05-04 13:55:00,993.7,994.9,992.65,992.7,3453
2026-05-04 14:00:00,992.7,993.0,991.3,992.35,2362
2026-05-04 14:05:00,992.25,992.75,991.4,992.5,4283
2026-05-04 14:10:00,992.5,994.85,992.2,993.2,2905
2026-05-04 14:15:00,993.2,994.65,993.1,994.4,2273
2026-05-04 14:20:00,994.4,994.8,993.1,994.3,2210
2026-05-04 14:25:00,993.15,994.8,993.05,994.05,2122
2026-05-04 14:30:00,994.5,994.7,992.95,993.35,2241
2026-05-04 14:35:00,993.35,994.55,992.6,993.3,2152
2026-05-04 14:40:00,994.25,994.7,993.2,994.15,2457
2026-05-04 14:45:00,994.8,995.0,993.1,994.5,5945
2026-05-04 14:50:00,994.5,995.0,994.0,994.2,3045
2026-05-04 14:55:00,994.2,995.0,993.55,994.3,5899
2026-05-04 15:00:00,994.1,994.95,992.9,994.65,3818
2026-05-04 15:05:00,994.95,995.05,993.25,994.15,13351
2026-05-04 15:10:00,994.2,995.0,993.3,993.95,2984
2026-05-04 15:15:00,993.95,995.0,993.75,994.2,4291
2026-05-04 15:20:00,994.9,995.0,994.05,994.05,3647
2026-05-04 15:25:00,994.05,995.0,992.25,994.45,4831
2026-05-05 09:15:00,994.8,994.8,982.5,984.8,4058
2026-05-05 09:20:00,985.0,985.0,975.45,980.0,5552
2026-05-05 09:25:00,980.0,980.6,977.15,977.85,2616
2026-05-05 09:30:00,983.75,984.95,982.3,982.6,9213
2026-05-05 09:35:00,982.35,984.0,978.8,978.8,7208
2026-05-05 09:40:00,978.8,980.1,978.1,980.1,2001
2026-05-05 09:45:00,979.0,982.8,978.1,982.0,6334
2026-05-05 09:50:00,982.0,982.0,980.6,981.5,295
2026-05-05 09:55:00,981.5,982.35,980.95,981.6,1182
2026-05-05 10:00:00,981.6,982.0,980.05,980.25,723
2026-05-05 10:05:00,981.0,981.0,978.0,978.2,2674
2026-05-05 10:10:00,978.2,979.15,978.0,978.05,1819
2026-05-05 10:15:00,978.05,979.45,978.0,978.4,3221
2026-05-05 10:20:00,978.4,978.45,976.7,977.85,1986
2026-05-05 10:25:00,977.85,977.85,975.5,975.5,2154
2026-05-05 10:30:00,976.45,976.85,975.1,975.75,776
2026-05-05 10:35:00,975.75,975.75,973.6,974.4,3548
2026-05-05 10:40:00,974.3,974.3,973.0,973.95,1098
2026-05-05 10:45:00,973.95,974.1,973.15,973.95,850
2026-05-05 10:50:00,974.0,980.15,973.35,980.0,12694
2026-05-05 10:55:00,980.0,980.45,973.2,980.0,23906
2026-05-05 11:00:00,980.15,980.15,978.8,978.8,2280
2026-05-05 11:05:00,978.8,979.0,977.6,979.0,918
2026-05-05 11:10:00,979.0,979.7,978.0,978.25,1197
2026-05-05 11:15:00,978.25,979.15,978.05,979.15,415
2026-05-05 11:20:00,979.15,979.15,977.0,977.15,1171
2026-05-05 11:25:00,977.15,977.8,976.25,977.8,333
2026-05-05 11:30:00,977.8,977.9,976.35,977.5,1250
2026-05-05 11:35:00,977.5,978.7,977.15,978.0,434
2026-05-05 11:40:00,978.0,979.0,975.55,976.05,1448
2026-05-05 11:45:00,976.05,976.5,975.25,976.4,299
2026-05-05 11:50:00,976.4,976.6,973.55,974.1,1878
2026-05-05 11:55:00,974.8,974.8,971.35,972.55,2590
2026-05-05 12:00:00,972.55,974.9,971.7,973.6,1631
2026-05-05 12:05:00,973.6,975.35,973.6,973.9,193
2026-05-05 12:10:00,973.9,975.4,973.35,974.0,1496
2026-05-05 12:15:00,974.0,974.5,973.85,974.4,96
2026-05-05 12:20:00,974.4,974.5,973.15,973.15,453
2026-05-05 12:25:00,973.15,974.5,972.55,973.3,545
2026-05-05 12:30:00,973.3,974.45,973.3,974.0,313
2026-05-05 12:35:00,974.5,974.5,974.0,974.5,267
2026-05-05 12:40:00,974.5,977.35,974.0,975.65,5419
2026-05-05 12:45:00,975.65,981.9,975.5,981.9,22104
2026-05-05 12:50:00,981.9,985.0,976.2,976.2,22772
2026-05-05 12:55:00,976.2,977.85,976.2,977.7,1846
2026-05-05 13:00:00,977.7,978.1,973.85,974.1,2523
2026-05-05 13:05:00,974.1,975.85,974.1,974.25,617
2026-05-05 13:10:00,974.25,980.0,974.25,976.85,7726
2026-05-05 13:15:00,976.85,979.7,975.25,976.0,6838
2026-05-05 13:20:00,976.0,981.0,975.0,979.9,9286
2026-05-05 13:25:00,979.9,981.55,979.0,980.8,1353
2026-05-05 13:30:00,980.8,981.6,978.8,979.6,1212
2026-05-05 13:35:00,979.6,980.9,979.15,980.65,624
2026-05-05 13:40:00,980.65,982.75,979.55,980.4,2825
2026-05-05 13:45:00,980.0,980.25,978.0,979.3,1879
2026-05-05 13:50:00,979.3,979.3,978.0,978.0,640
2026-05-05 13:55:00,978.0,978.85,977.1,977.85,1368
2026-05-05 14:00:00,977.6,980.0,977.0,978.0,8982
2026-05-05 14:05:00,978.0,978.45,976.05,976.05,1592
2026-05-05 14:10:00,976.05,976.9,975.4,976.0,329
2026-05-05 14:15:00,976.0,978.45,976.0,977.35,779
2026-05-05 14:20:00,977.35,978.35,977.35,977.4,130
2026-05-05 14:25:00,977.4,978.5,976.2,977.35,2153
2026-05-05 14:30:00,977.35,978.0,974.3,975.1,1971
2026-05-05 14:35:00,975.1,975.1,973.3,973.3,1899
2026-05-05 14:40:00,973.3,973.75,972.2,973.7,4257
2026-05-05 14:45:00,973.7,973.85,972.25,973.85,807
2026-05-05 14:50:00,973.85,974.0,972.5,973.8,1294
2026-05-05 14:55:00,973.8,975.0,973.4,975.0,1024
2026-05-05 15:00:00,974.85,974.85,973.6,973.75,1840
2026-05-05 15:05:00,974.3,981.55,973.35,981.55,20401
2026-05-05 15:10:00,979.2,980.0,978.25,979.85,16372
2026-05-05 15:15:00,979.9,980.0,978.25,979.4,2446
2026-05-05 15:20:00,979.4,979.45,976.95,978.5,2458
2026-05-05 15:25:00,978.75,980.0,972.05,979.35,4198
2026-05-06 09:15:00,988.75,989.0,977.1,978.3,6940
2026-05-06 09:20:00,978.3,979.35,975.2,976.2,4125
2026-05-06 09:25:00,976.4,978.15,975.05,976.05,4039
2026-05-06 09:30:00,975.95,978.8,975.65,977.2,3105
2026-05-06 09:35:00,977.2,977.2,972.55,972.65,5557
2026-05-06 09:40:00,973.0,974.35,972.8,973.1,1451
2026-05-06 09:45:00,973.1,974.1,972.8,973.0,1062
2026-05-06 09:50:00,973.0,973.75,972.6,973.0,2026
2026-05-06 09:55:00,973.05,980.8,973.0,979.2,10786
2026-05-06 10:00:00,979.2,979.8,975.85,977.8,2248
2026-05-06 10:05:00,977.8,981.6,976.25,981.0,2670
2026-05-06 10:10:00,981.0,982.0,980.1,981.5,2317
2026-05-06 10:15:00,981.5,981.5,977.9,977.9,2138
2026-05-06 10:20:00,977.9,983.05,977.65,981.75,5413
2026-05-06 10:25:00,981.75,982.3,978.0,978.5,3841
2026-05-06 10:30:00,978.5,979.4,978.0,978.4,1271
2026-05-06 10:35:00,978.4,979.0,976.2,977.15,6754
2026-05-06 10:40:00,977.15,978.0,975.85,976.7,2079
2026-05-06 10:45:00,976.7,977.0,975.05,976.7,1849
2026-05-06 10:50:00,976.7,977.65,975.0,975.2,2661
2026-05-06 10:55:00,975.2,976.85,975.15,975.15,1171
2026-05-06 11:00:00,975.15,975.5,974.45,975.1,1083
2026-05-06 11:05:00,975.1,975.8,971.9,974.35,4324
2026-05-06 11:10:00,974.35,975.85,973.1,974.4,1568
2026-05-06 11:15:00,974.4,974.9,972.3,972.5,1639
2026-05-06 11:20:00,972.5,974.1,972.3,973.5,698
2026-05-06 11:25:00,973.5,973.9,970.15,971.7,3183
2026-05-06 11:30:00,971.7,972.7,971.5,972.35,1985
2026-05-06 11:35:00,972.35,975.25,971.5,972.2,12394
2026-05-06 11:40:00,972.2,973.25,971.5,971.7,2603
2026-05-06 11:45:00,971.7,972.5,970.65,971.0,1391
2026-05-06 11:50:00,971.0,971.9,970.6,971.25,1724
2026-05-06 11:55:00,971.25,972.15,970.6,970.8,954
2026-05-06 12:00:00,970.8,971.6,970.6,970.6,1504
2026-05-06 12:05:00,970.6,971.5,970.5,970.55,194
2026-05-06 12:10:00,970.55,971.35,970.55,971.0,496
2026-05-06 12:15:00,971.0,971.4,970.65,970.65,2725
2026-05-06 12:20:00,970.5,970.5,959.4,960.0,15847
2026-05-06 12:25:00,960.0,960.8,957.45,959.9,3616
2026-05-06 12:30:00,959.9,961.1,959.9,960.05,1936
2026-05-06 12:35:00,960.05,962.7,960.0,962.6,1898
2026-05-06 12:40:00,962.6,962.6,960.0,961.05,2524
2026-05-06 12:45:00,961.05,961.05,960.05,960.1,2624
2026-05-06 12:50:00,960.1,965.0,960.05,964.7,1414
2026-05-06 12:55:00,964.7,965.5,962.7,963.85,1373
2026-05-06 13:00:00,963.85,963.85,960.35,961.05,803
2026-05-06 13:05:00,961.05,967.5,960.6,967.5,6407
2026-05-06 13:10:00,967.5,969.95,964.2,964.25,2945
2026-05-06 13:15:00,964.3,964.9,963.8,964.75,1613
2026-05-06 13:20:00,964.75,966.15,964.25,964.7,406
2026-05-06 13:25:00,964.7,965.2,964.3,964.3,1635
2026-05-06 13:30:00,964.3,968.65,964.3,965.85,10227
2026-05-06 13:35:00,965.85,966.4,965.35,965.75,540
2026-05-06 13:40:00,965.6,966.95,965.6,965.8,632
2026-05-06 13:45:00,965.7,968.0,965.7,968.0,2707
2026-05-06 13:50:00,968.0,968.4,966.0,967.35,854
2026-05-06 13:55:00,967.35,968.5,966.75,967.05,1211
2026-05-06 14:00:00,967.05,967.4,967.0,967.0,460
2026-05-06 14:05:00,967.0,967.25,964.3,967.0,3450
2026-05-06 14:10:00,967.0,967.95,966.65,967.0,737
2026-05-06 14:15:00,967.0,969.0,967.0,967.65,912
2026-05-06 14:20:00,967.65,971.0,967.2,970.0,2904
2026-05-06 14:25:00,970.0,971.45,970.0,970.2,1539
2026-05-06 14:30:00,970.35,971.4,970.0,970.2,4063
2026-05-06 14:35:00,970.2,970.8,968.45,970.0,3085
2026-05-06 14:40:00,970.0,972.0,970.0,970.6,10274
2026-05-06 14:45:00,970.6,972.65,970.0,970.7,3393
2026-05-06 14:50:00,970.7,971.4,970.0,970.0,4085
2026-05-06 14:55:00,970.0,971.2,970.0,971.05,1280
2026-05-06 15:00:00,971.2,971.6,968.0,969.35,14060
2026-05-06 15:05:00,969.35,971.6,969.35,970.8,18201
2026-05-06 15:10:00,971.55,971.6,969.05,969.05,11262
2026-05-06 15:15:00,969.05,970.45,968.2,970.0,14559
2026-05-06 15:20:00,970.0,970.35,968.45,970.0,12886
2026-05-06 15:25:00,970.2,970.25,964.35,969.4,7617
2026-05-07 09:15:00,971.0,973.0,965.15,967.5,9623
2026-05-07 09:20:00,967.5,974.15,966.3,973.9,3454
2026-05-07 09:25:00,973.4,974.85,971.55,973.2,5581
2026-05-07 09:30:00,973.2,978.35,972.35,976.55,5903
2026-05-07 09:35:00,976.55,978.8,975.55,975.55,2988
2026-05-07 09:40:00,975.55,979.55,975.25,977.0,4258
2026-05-07 09:45:00,977.0,980.8,975.2,976.4,8482
2026-05-07 09:50:00,975.3,977.85,975.0,976.95,5202
2026-05-07 09:55:00,976.2,978.0,976.0,976.65,2933
2026-05-07 10:00:00,976.65,978.9,975.7,976.5,6484
2026-05-07 10:05:00,976.5,978.0,970.0,970.1,10483
2026-05-07 10:10:00,971.0,972.25,970.05,971.4,2542
2026-05-07 10:15:00,971.4,973.6,971.35,973.6,2954
2026-05-07 10:20:00,973.95,975.7,972.85,974.25,3766
2026-05-07 10:25:00,974.25,976.2,973.6,975.05,2063
2026-05-07 10:30:00,975.05,975.85,973.75,974.3,1998
2026-05-07 10:35:00,974.3,977.0,973.8,974.75,3029
2026-05-07 10:40:00,974.75,976.55,974.6,975.95,2554
2026-05-07 10:45:00,976.15,979.6,975.25,978.0,4272
2026-05-07 10:50:00,978.0,978.95,974.85,977.8,6199
2026-05-07 10:55:00,977.8,979.25,976.8,979.0,3722
2026-05-07 11:00:00,980.0,981.25,979.6,980.05,5892
2026-05-07 11:05:00,980.05,980.15,979.05,979.5,5030
2026-05-07 11:10:00,979.5,980.3,979.05,980.0,1915
2026-05-07 11:15:00,980.0,981.05,979.05,980.0,8357
2026-05-07 11:20:00,980.0,980.45,979.25,980.0,8598
2026-05-07 11:25:00,980.0,980.1,979.3,980.0,5018
2026-05-07 11:30:00,980.0,980.1,979.05,979.7,3243
2026-05-07 11:35:00,979.7,980.1,979.6,980.0,2154
2026-05-07 11:40:00,980.0,980.0,975.0,975.2,20369
2026-05-07 11:45:00,975.2,976.4,975.0,975.0,2839
2026-05-07 11:50:00,975.0,979.55,975.0,978.0,4664
2026-05-07 11:55:00,978.0,979.75,977.35,978.1,4849
2026-05-07 12:00:00,978.1,978.15,976.15,977.6,4967
2026-05-07 12:05:00,978.25,979.2,976.0,977.15,19757
2026-05-07 12:10:00,977.15,979.15,976.55,979.1,3564
2026-05-07 12:15:00,978.75,979.5,977.3,977.75,1823
2026-05-07 12:20:00,978.2,979.0,977.2,978.3,4960
2026-05-07 12:25:00,978.3,979.45,975.0,975.0,9538
2026-05-07 12:30:00,975.6,978.7,975.6,978.0,2503
2026-05-07 12:35:00,978.0,980.0,978.0,979.4,8787
2026-05-07 12:40:00,979.4,979.4,976.75,978.65,3207
2026-05-07 12:45:00,979.4,979.4,976.75,976.75,2380
2026-05-07 12:50:00,976.5,977.75,976.3,976.9,1751
2026-05-07 12:55:00,976.9,977.85,976.15,976.65,2243
2026-05-07 13:00:00,976.65,978.1,976.3,977.7,1905
2026-05-07 13:05:00,977.6,977.85,976.15,977.0,2008
2026-05-07 13:10:00,977.0,977.85,975.65,976.55,2427
2026-05-07 13:15:00,976.55,978.4,975.0,975.1,3577
2026-05-07 13:20:00,975.0,977.5,975.0,975.85,1811
2026-05-07 13:25:00,976.35,977.0,975.65,976.4,1899
2026-05-07 13:30:00,976.4,977.5,976.05,977.5,1977
2026-05-07 13:35:00,977.65,978.1,976.35,977.45,2430
2026-05-07 13:40:00,977.0,978.4,975.65,977.85,1701
2026-05-07 13:45:00,978.35,978.35,976.4,977.15,1721
2026-05-07 13:50:00,977.2,979.25,977.2,978.25,1846
2026-05-07 13:55:00,978.25,979.4,977.55,979.05,1904
2026-05-07 14:00:00,979.05,979.35,978.1,978.15,1591
2026-05-07 14:05:00,978.05,979.35,978.0,978.0,1955
2026-05-07 14:10:00,977.6,979.0,977.4,977.55,3266
2026-05-07 14:15:00,977.55,980.0,975.7,979.15,11954
2026-05-07 14:20:00,978.9,979.75,978.1,979.1,1831
2026-05-07 14:25:00,979.25,979.75,975.4,975.5,6403
2026-05-07 14:30:00,975.5,978.9,975.25,977.8,1940
2026-05-07 14:35:00,977.8,978.1,976.6,977.75,2462
2026-05-07 14:40:00,977.75,979.65,977.65,978.7,2074
2026-05-07 14:45:00,978.7,979.8,977.65,979.05,9530
2026-05-07 14:50:00,979.55,979.55,977.4,977.7,4184
2026-05-07 14:55:00,977.7,978.4,976.2,976.2,3670
2026-05-07 15:00:00,976.95,979.45,976.8,979.45,2649
2026-05-07 15:05:00,978.75,980.0,977.8,979.15,6829
2026-05-07 15:10:00,978.9,980.2,978.45,979.85,2982
2026-05-07 15:15:00,980.0,980.0,978.15,978.65,5545
2026-05-07 15:20:00,979.8,979.95,976.95,977.9,3284
2026-05-07 15:25:00,977.45,978.0,975.05,976.4,7146
2026-05-08 09:15:00,978.65,978.65,969.0,969.3,6506
2026-05-08 09:20:00,969.3,969.3,966.0,968.5,5208
2026-05-08 09:25:00,968.5,972.85,968.25,972.0,4256
2026-05-08 09:30:00,971.8,973.45,968.65,969.25,3706
2026-05-08 09:35:00,969.25,969.75,966.2,966.55,4035
2026-05-08 09:40:00,966.55,968.25,962.7,962.7,4762
2026-05-08 09:45:00,962.35,965.2,960.55,962.6,4607
2026-05-08 09:50:00,962.6,965.4,961.65,964.45,3877
2026-05-08 09:55:00,964.4,965.0,963.5,963.5,2310
2026-05-08 10:00:00,963.35,963.35,960.6,960.6,5436
2026-05-08 10:05:00,961.05,961.45,960.7,961.05,1100
2026-05-08 10:10:00,961.05,965.1,960.5,964.0,4523
2026-05-08 10:15:00,964.0,964.45,959.0,959.35,8053
2026-05-08 10:20:00,959.35,960.85,958.7,960.8,2328
2026-05-08 10:25:00,961.45,962.6,960.1,962.1,5134
2026-05-08 10:30:00,962.1,962.4,960.25,960.3,2379
2026-05-08 10:35:00,960.8,961.0,960.1,960.4,2209
2026-05-08 10:40:00,960.4,960.85,959.15,960.2,1088
2026-05-08 10:45:00,960.15,961.9,960.0,960.1,2186
2026-05-08 10:50:00,960.0,962.2,959.95,961.5,5612
2026-05-08 10:55:00,961.5,962.5,960.4,960.6,1703
2026-05-08 11:00:00,960.6,961.5,960.5,961.5,1046
2026-05-08 11:05:00,961.5,962.0,960.75,960.9,2292
2026-05-08 11:10:00,960.65,960.95,960.0,960.4,2535
2026-05-08 11:15:00,960.4,960.7,960.0,960.5,1854
2026-05-08 11:20:00,960.45,960.45,959.0,959.0,1509
2026-05-08 11:25:00,959.0,959.6,959.0,959.0,1381
2026-05-08 11:30:00,959.0,959.3,958.8,959.0,6327
2026-05-08 11:35:00,959.0,959.0,958.85,958.85,935
2026-05-08 11:40:00,958.85,959.0,958.7,958.9,1033
2026-05-08 11:45:00,958.8,959.0,957.4,958.95,23489
2026-05-08 11:50:00,958.95,958.95,956.3,957.0,1609
2026-05-08 11:55:00,957.0,957.0,955.1,956.45,1512
2026-05-08 12:00:00,956.45,957.0,955.7,957.0,1750
2026-05-08 12:05:00,957.0,957.0,956.0,956.15,1389
2026-05-08 12:10:00,956.45,956.8,956.0,956.8,667
2026-05-08 12:15:00,956.75,956.8,956.15,956.75,2254
2026-05-08 12:20:00,956.8,956.8,956.0,956.5,1076
2026-05-08 12:25:00,956.5,957.0,955.8,956.0,1464
2026-05-08 12:30:00,956.0,956.3,955.45,956.25,1012
2026-05-08 12:35:00,956.25,956.25,955.5,955.6,2067
2026-05-08 12:40:00,955.6,956.15,955.5,955.95,620
2026-05-08 12:45:00,955.95,955.95,954.0,954.3,3243
2026-05-08 12:50:00,954.3,955.1,953.9,954.0,1961
2026-05-08 12:55:00,954.0,954.0,953.4,953.7,1322
2026-05-08 13:00:00,953.7,955.7,953.05,955.7,1081
2026-05-08 13:05:00,955.7,956.8,955.65,956.8,447
2026-05-08 13:10:00,956.8,956.8,956.5,956.5,395
2026-05-08 13:15:00,956.5,956.8,956.5,956.8,1767
2026-05-08 13:20:00,956.8,957.0,955.7,955.7,1461
2026-05-08 13:25:00,955.7,956.8,955.7,956.1,577
2026-05-08 13:30:00,956.1,956.8,956.1,956.75,419
2026-05-08 13:35:00,956.75,956.8,955.7,955.95,545
2026-05-08 13:40:00,955.95,956.8,955.75,956.6,237
2026-05-08 13:45:00,956.6,956.6,955.05,956.1,919
2026-05-08 13:50:00,956.0,956.8,956.0,956.6,1020
2026-05-08 13:55:00,956.6,956.7,955.05,955.7,564
2026-05-08 14:00:00,955.7,956.8,955.5,956.7,1990
2026-05-08 14:05:00,956.7,956.7,955.2,956.5,543
2026-05-08 14:10:00,956.5,956.8,955.0,956.0,5987
2026-05-08 14:15:00,956.0,956.9,955.55,956.25,1753
2026-05-08 14:20:00,956.25,956.25,955.05,956.15,1854
2026-05-08 14:25:00,956.1,956.15,955.2,955.3,283
2026-05-08 14:30:00,955.3,956.2,955.2,956.05,693
2026-05-08 14:35:00,956.05,956.3,955.95,956.3,635
2026-05-08 14:40:00,956.3,956.8,956.0,956.35,339
2026-05-08 14:45:00,956.35,957.85,956.05,957.8,5803
2026-05-08 14:50:00,957.8,957.8,955.3,956.55,2602
2026-05-08 14:55:00,956.55,956.8,955.6,956.45,1900
2026-05-08 15:00:00,956.3,956.7,955.1,956.1,4069
2026-05-08 15:05:00,956.1,957.55,955.95,956.8,8187
2026-05-08 15:10:00,957.3,957.3,955.95,957.0,12396
2026-05-08 15:15:00,957.0,957.1,955.0,956.05,7269
2026-05-08 15:20:00,956.0,956.05,951.0,954.1,7185
2026-05-08 15:25:00,954.1,954.9,952.6,954.9,4573
2026-05-11 09:15:00,950.0,950.75,933.9,937.65,11157
2026-05-11 09:20:00,937.75,938.2,934.6,935.75,6100
2026-05-11 09:25:00,935.7,937.0,931.0,933.0,4673
2026-05-11 09:30:00,932.4,934.3,930.15,931.85,7794
2026-05-11 09:35:00,930.9,931.65,924.65,925.85,6278
2026-05-11 09:40:00,926.0,927.0,922.55,925.0,10601
2026-05-11 09:45:00,924.95,924.95,920.0,924.35,10985
2026-05-11 09:50:00,923.35,924.25,922.1,922.85,3501
2026-05-11 09:55:00,922.85,923.2,921.0,921.2,1465
2026-05-11 10:00:00,921.55,921.55,915.45,917.95,6516
2026-05-11 10:05:00,917.0,917.9,915.45,916.95,2790
2026-05-11 10:10:00,916.9,919.85,915.05,915.85,8424
2026-05-11 10:15:00,915.75,917.8,915.75,916.9,4188
2026-05-11 10:20:00,917.25,918.0,914.9,916.1,4726
2026-05-11 10:25:00,915.95,915.95,909.0,911.0,16626
2026-05-11 10:30:00,911.0,911.85,910.25,911.35,2200
2026-05-11 10:35:00,911.55,912.0,910.4,911.25,3216
2026-05-11 10:40:00,911.25,912.75,911.05,912.5,1705
2026-05-11 10:45:00,911.8,914.4,910.7,913.0,8962
2026-05-11 12:50:00,914.0,914.5,913.7,913.75,4758089
2026-05-11 12:55:00,913.75,913.75,913.75,913.75,38
2026-05-11 13:00:00,914.5,914.5,911.45,912.0,13121230
2026-05-11 13:05:00,912.0,912.55,911.55,912.55,13858316
2026-05-11 13:10:00,912.55,913.1,911.85,912.5,8698692
2026-05-11 13:15:00,912.5,913.7,912.5,913.05,11250267
2026-05-11 13:20:00,913.05,914.7,913.05,914.15,7787466
2026-05-11 13:25:00,914.15,914.9,914.15,914.15,11644403
2026-05-11 13:30:00,914.15,915.0,914.0,914.55,9277475
2026-05-11 13:35:00,914.55,915.0,913.55,915.0,9466082
2026-05-11 13:40:00,914.3,914.5,914.1,914.25,5846002
2026-05-11 13:45:00,914.25,914.95,914.25,914.8,8275093
2026-05-11 13:50:00,914.8,914.8,914.3,914.45,6396189
2026-05-11 13:55:00,914.0,914.4,914.0,914.0,1559949
2026-05-11 14:00:00,914.0,914.6,913.9,914.6,9562614
2026-05-11 14:05:00,914.6,914.6,914.0,914.0,6669659
2026-05-11 14:10:00,914.0,915.0,914.0,914.7,9688364
2026-05-11 14:15:00,914.7,914.7,914.0,914.65,245
2026-05-11 14:20:00,913.25,913.25,912.0,912.7,11920981
2026-05-11 14:25:00,912.7,912.7,910.25,910.9,14169355
2026-05-11 14:30:00,910.9,911.8,910.9,910.9,13200376
2026-05-11 14:35:00,910.9,911.7,910.9,911.5,12166980
2026-05-11 14:40:00,910.5,911.65,910.5,911.55,10274480
2026-05-11 14:45:00,911.55,911.8,910.75,911.0,16588293
2026-05-11 14:50:00,911.0,911.8,911.0,911.75,543
2026-05-11 14:55:00,913.5,913.7,910.65,911.7,17930856
2026-05-11 15:00:00,910.65,911.35,910.0,910.0,20249417
2026-05-11 15:05:00,910.75,911.25,910.05,910.6,20150131
2026-05-11 15:10:00,911.45,911.55,910.0,910.0,17686840
2026-05-11 15:15:00,910.2,910.25,909.0,910.05,22747682
2026-05-11 15:20:00,910.2,910.2,909.0,909.2,23350195
2026-05-11 15:25:00,909.25,910.75,908.6,910.75,22704940
2026-05-12 09:15:00,909.0,910.2,904.3,904.65,692039
2026-05-12 09:20:00,905.45,905.45,898.25,898.25,1368701
2026-05-12 09:25:00,899.0,899.0,892.6,892.85,1832244
2026-05-12 09:30:00,892.05,892.6,889.05,890.2,2631888
2026-05-12 09:35:00,890.2,897.05,889.15,894.5,3626126
2026-05-12 09:40:00,894.5,897.3,893.6,897.25,3470558
2026-05-12 09:45:00,897.25,897.25,893.65,894.6,3919316
2026-05-12 09:50:00,894.6,896.15,894.0,895.8,4125890
2026-05-12 09:55:00,895.05,896.0,894.0,895.4,4613255
2026-05-12 10:00:00,895.4,895.4,893.2,894.75,3465395
2026-05-12 10:05:00,894.8,895.4,892.2,892.2,4554201
2026-05-12 10:10:00,892.2,897.8,891.3,897.25,5963614
2026-05-12 10:15:00,897.8,898.4,896.6,897.85,4889754
2026-05-12 10:20:00,897.4,898.3,895.15,895.15,4312476
2026-05-12 10:25:00,895.15,896.7,894.35,894.75,5430111
2026-05-12 10:30:00,894.75,894.75,892.75,893.5,4476134
2026-05-12 10:35:00,893.5,893.5,892.0,892.65,5109211
2026-05-12 10:40:00,892.65,894.1,892.5,893.75,4587031
2026-05-12 10:45:00,893.2,894.1,893.15,893.5,4879417
2026-05-12 10:50:00,893.5,893.65,893.0,893.0,3995765
2026-05-12 10:55:00,893.0,894.1,892.5,893.85,5689530
2026-05-12 11:00:00,893.85,893.85,890.15,890.2,5692166
2026-05-12 11:05:00,890.2,890.9,886.2,886.2,7738412
2026-05-12 11:10:00,886.2,887.0,886.0,886.0,6945166
2026-05-12 11:15:00,886.0,887.0,885.05,887.0,6185860
2026-05-12 11:20:00,887.0,887.0,883.0,884.4,9595768
2026-05-12 11:25:00,884.4,885.1,883.7,884.45,7859364
2026-05-12 11:30:00,883.75,884.35,883.15,884.1,7266634
2026-05-12 11:35:00,884.1,885.4,884.1,884.4,7935508
2026-05-12 11:40:00,884.4,886.05,884.4,885.0,8416194
2026-05-12 11:45:00,885.0,885.0,881.5,883.15,9062960
2026-05-12 11:50:00,883.15,885.4,883.15,885.0,8848604
2026-05-12 11:55:00,885.0,885.55,884.3,885.15,9592221
2026-05-12 12:00:00,885.15,885.15,884.5,884.95,8620746
2026-05-12 12:05:00,884.95,884.95,883.15,883.8,8080416
2026-05-12 12:10:00,883.8,883.8,881.55,881.85,7983732
2026-05-12 12:15:00,881.85,883.5,881.85,882.75,8438634
2026-05-12 12:20:00,882.75,883.65,882.6,882.9,7270593
2026-05-12 12:25:00,882.9,883.6,881.85,881.85,6589337
2026-05-12 12:30:00,881.85,882.45,880.1,880.1,8125442
2026-05-12 12:35:00,880.65,880.65,877.05,878.65,6592715
2026-05-12 12:50:00,880.4,881.05,879.5,880.45,5640631
2026-05-12 12:55:00,880.45,880.95,879.25,880.0,6142039
2026-05-12 13:00:00,880.8,880.85,879.7,880.0,6266994
2026-05-12 13:05:00,880.0,880.9,879.0,879.0,8179115
2026-05-12 13:10:00,879.0,879.85,878.45,879.35,8098685
2026-05-12 13:15:00,879.35,881.2,879.35,880.7,8009493
2026-05-12 13:20:00,880.7,880.7,878.1,878.7,8046096
2026-05-12 13:25:00,878.7,879.6,877.7,879.0,8074874
2026-05-12 13:30:00,879.0,879.65,878.6,879.0,10468697
2026-05-12 13:35:00,879.05,879.2,877.2,877.65,11246567
2026-05-12 13:40:00,877.65,877.65,875.05,875.7,9966741
2026-05-12 13:45:00,875.3,876.0,874.95,875.1,9000624
2026-05-12 13:50:00,875.1,876.9,874.75,875.1,11138834
2026-05-12 13:55:00,875.1,875.9,874.8,875.9,8449177
2026-05-12 14:00:00,875.9,876.6,875.35,876.0,7373459
2026-05-12 14:05:00,876.0,876.8,874.8,874.8,9644790
2026-05-12 14:10:00,874.8,874.8,873.25,873.75,11969406
2026-05-12 14:15:00,872.0,873.25,872.0,872.45,10479684
2026-05-12 14:20:00,872.45,874.25,870.55,873.65,12025935
2026-05-12 14:25:00,873.75,873.75,870.5,870.5,12190597
2026-05-12 14:30:00,870.5,871.85,869.75,869.95,11650679
2026-05-12 14:35:00,870.0,870.0,869.15,870.0,10585803
2026-05-12 14:40:00,870.0,870.0,867.3,868.0,10702686
2026-05-12 14:45:00,867.9,868.95,866.8,867.05,13415277
2026-05-12 14:50:00,867.05,867.75,865.0,867.0,12641791
2026-05-12 14:55:00,867.0,867.1,864.8,865.2,14606435
2026-05-12 15:00:00,865.2,865.2,860.2,861.55,15818416
2026-05-12 15:05:00,861.55,861.55,860.0,860.25,16205606
2026-05-12 15:10:00,860.55,860.55,858.15,859.3,16718849
2026-05-12 15:15:00,859.3,862.05,858.95,861.1,18026678
2026-05-12 15:20:00,861.15,863.65,860.45,862.55,17207979
2026-05-12 15:25:00,862.6,866.95,861.05,864.45,16423853
2026-05-13 09:15:00,862.7,873.05,862.35,871.0,376147
2026-05-13 09:20:00,870.7,870.95,865.4,867.05,734086
2026-05-13 09:25:00,868.0,871.0,865.75,866.7,927104
2026-05-13 09:30:00,866.1,868.4,863.15,863.15,5524
2026-05-13 09:35:00,863.9,864.25,861.35,861.8,7819
2026-05-13 09:40:00,861.9,869.0,860.35,869.0,8445
2026-05-13 09:45:00,868.05,871.4,862.75,862.85,8812
2026-05-13 09:50:00,862.8,868.85,862.05,868.3,1619
2026-05-13 09:55:00,867.95,868.65,867.2,867.9,1400
2026-05-13 10:00:00,868.25,871.65,867.2,871.0,1909
2026-05-13 10:05:00,871.05,872.25,869.65,869.65,2160
2026-05-13 10:10:00,869.75,872.25,869.4,872.25,1499
2026-05-13 10:15:00,872.7,874.2,871.5,871.65,2333
2026-05-13 10:20:00,872.25,874.65,865.9,866.4,9961
2026-05-13 10:25:00,866.9,868.3,866.7,867.45,744
2026-05-13 10:30:00,867.2,867.4,866.15,867.3,1093
2026-05-13 10:35:00,867.3,867.3,863.65,863.65,1580
2026-05-13 10:40:00,863.7,866.75,863.7,865.95,1964
2026-05-13 10:45:00,865.95,865.95,865.1,865.1,332
2026-05-13 10:50:00,865.0,865.6,862.95,862.95,2669
2026-05-13 10:55:00,862.95,863.25,860.05,860.95,2392
2026-05-13 11:00:00,860.4,861.65,860.0,861.65,901
2026-05-13 11:05:00,861.6,864.05,859.75,859.95,8297
2026-05-13 11:10:00,859.95,859.95,854.55,857.7,9858
2026-05-13 11:15:00,855.6,856.95,854.5,856.9,3931
2026-05-13 11:20:00,856.9,856.9,854.95,855.9,1014
2026-05-13 11:25:00,856.45,856.45,855.35,855.8,277
2026-05-13 11:30:00,855.7,856.75,853.65,854.9,4323
2026-05-13 11:35:00,854.55,856.9,854.55,856.0,1655
2026-05-13 11:40:00,856.05,856.95,853.55,854.4,2505
2026-05-13 11:45:00,854.4,855.2,852.65,852.7,2308
2026-05-13 11:50:00,852.0,854.9,852.0,854.25,2140
2026-05-13 11:55:00,854.45,855.15,853.85,853.9,1676
2026-05-13 12:00:00,853.9,855.0,853.15,854.6,1036
2026-05-13 12:05:00,854.6,856.0,854.6,855.9,1895
2026-05-13 12:10:00,855.9,856.05,854.0,855.6,2180
2026-05-13 12:15:00,855.8,855.9,853.4,853.55,2093
2026-05-13 12:20:00,853.55,853.9,853.05,853.25,667
2026-05-13 12:25:00,853.6,853.9,853.05,853.05,686
2026-05-13 12:30:00,853.05,853.9,852.0,852.4,2086
2026-05-13 12:35:00,852.0,852.7,850.95,851.65,1699
2026-05-13 12:40:00,851.65,852.25,850.5,851.25,2954
2026-05-13 12:45:00,851.65,852.7,851.25,852.7,516
2026-05-13 12:50:00,853.0,853.8,852.65,853.75,1592
2026-05-13 12:55:00,853.8,853.95,852.6,852.75,5004
2026-05-13 13:00:00,852.75,853.0,847.3,847.3,7289
2026-05-13 13:05:00,847.15,848.15,846.0,847.65,4490
2026-05-13 13:10:00,847.9,847.9,846.15,846.95,2315
2026-05-13 13:15:00,846.7,846.7,844.35,845.45,2960
2026-05-13 13:20:00,845.4,846.15,842.2,843.9,6868
2026-05-13 13:25:00,843.95,844.05,842.3,842.6,2907
2026-05-13 13:30:00,842.6,844.7,842.6,844.35,2094
2026-05-13 13:35:00,844.4,844.65,843.2,843.9,1629
2026-05-13 13:40:00,843.9,844.0,842.6,842.85,1135
2026-05-13 13:45:00,842.85,843.6,842.6,842.6,2394
2026-05-13 13:50:00,842.6,843.45,842.2,843.35,1810
2026-05-13 13:55:00,843.4,843.6,840.0,841.0,10182
2026-05-13 14:00:00,841.0,841.45,838.0,838.4,4661
2026-05-13 14:05:00,838.4,839.8,837.55,839.25,5841
2026-05-13 14:10:00,839.2,840.65,838.0,840.4,4267
2026-05-13 14:15:00,840.3,841.35,838.9,840.4,6431
2026-05-13 14:20:00,840.4,840.95,839.0,840.65,1863
2026-05-13 14:25:00,840.65,841.05,839.5,840.25,2173
2026-05-13 14:30:00,840.25,841.45,839.8,839.8,1782
2026-05-13 14:35:00,839.8,840.8,838.9,839.7,3682
2026-05-13 14:40:00,839.7,843.0,839.5,841.6,6720
2026-05-13 14:45:00,841.6,843.0,841.15,841.85,6351
2026-05-13 14:50:00,841.85,844.4,841.85,843.45,11047
2026-05-13 14:55:00,842.05,843.35,841.65,842.1,4307
2026-05-13 15:00:00,842.3,842.3,839.0,840.25,8751
2026-05-13 15:05:00,840.75,840.85,838.55,839.85,8676
2026-05-13 15:10:00,839.85,839.95,836.2,836.2,7586
2026-05-13 15:15:00,836.35,837.95,836.0,836.1,8916
2026-05-13 15:20:00,836.3,837.65,836.0,837.55,5671
2026-05-13 15:25:00,838.1,841.5,838.0,841.45,8318
2026-05-14 09:15:00,844.85,848.05,838.55,839.65,15033
2026-05-14 09:20:00,839.65,842.25,839.3,839.5,5891
2026-05-14 09:25:00,839.0,845.9,836.55,844.8,4805
2026-05-14 09:30:00,844.4,844.6,840.15,842.0,7662
2026-05-14 09:35:00,842.0,842.6,839.0,840.75,4496
2026-05-14 09:40:00,839.8,841.8,839.8,840.5,2453
2026-05-14 09:45:00,840.5,843.0,838.4,838.4,15914
2026-05-14 09:50:00,838.4,839.8,837.1,837.15,7656
2026-05-14 09:55:00,837.15,837.75,830.0,831.8,28483
2026-05-14 10:00:00,831.8,836.1,828.3,834.6,15694
2026-05-14 10:05:00,834.6,838.95,834.0,838.95,3587
2026-05-14 10:10:00,838.55,838.6,829.2,831.65,42786
2026-05-14 10:15:00,832.2,833.05,830.9,831.0,5462
2026-05-14 10:20:00,831.0,831.6,827.0,829.0,4116
2026-05-14 10:25:00,829.0,831.5,829.0,830.95,1388
2026-05-14 10:30:00,830.95,831.3,830.0,831.3,985
2026-05-14 10:35:00,831.3,833.4,831.3,833.0,1866
2026-05-14 10:40:00,832.65,832.65,830.0,830.0,2709
2026-05-14 10:45:00,830.0,830.0,827.5,827.5,3053
2026-05-14 10:50:00,827.5,831.05,827.5,830.8,2430
2026-05-14 10:55:00,831.5,831.5,829.15,830.0,552
2026-05-14 11:00:00,830.0,830.0,828.9,829.0,896
2026-05-14 11:05:00,829.0,829.0,826.35,826.65,3105
2026-05-14 11:10:00,826.65,828.8,826.55,828.2,405
2026-05-14 11:15:00,828.2,829.5,826.8,828.95,999
2026-05-14 11:20:00,828.95,830.9,828.15,830.7,2714
2026-05-14 11:25:00,830.7,830.7,828.25,829.2,1083
2026-05-14 11:30:00,828.6,834.95,828.6,832.35,8803
2026-05-14 11:35:00,832.85,835.0,831.95,834.4,4652
2026-05-14 11:40:00,834.4,834.85,832.85,833.0,4290
2026-05-14 11:45:00,833.6,841.8,833.0,841.8,4099
2026-05-14 11:50:00,841.8,844.0,841.25,841.25,3205
2026-05-14 11:55:00,841.5,844.4,839.35,844.0,4788
2026-05-14 12:00:00,844.0,844.2,842.0,842.0,2376
2026-05-14 12:05:00,842.55,845.45,842.25,842.75,2541
2026-05-14 12:10:00,842.25,844.35,842.25,844.1,1114
2026-05-14 12:15:00,844.45,847.95,844.45,846.4,1893
2026-05-14 12:20:00,846.5,848.85,845.2,847.3,3702
2026-05-14 12:25:00,847.3,848.0,845.35,845.35,1313
2026-05-14 12:30:00,845.35,855.0,845.35,853.85,13307
2026-05-14 12:35:00,853.85,854.4,851.3,852.5,2117
2026-05-14 12:40:00,852.5,854.95,851.45,854.95,1540
2026-05-14 12:45:00,854.25,854.95,850.8,853.65,3625
2026-05-14 12:50:00,853.65,853.65,850.85,851.3,1662
2026-05-14 12:55:00,851.3,851.55,850.4,851.4,392
2026-05-14 13:00:00,851.4,853.35,851.2,851.9,2738
2026-05-14 13:05:00,851.9,853.65,851.85,853.25,3823
2026-05-14 13:10:00,853.25,853.75,851.5,852.1,3594
2026-05-14 13:15:00,852.1,853.45,852.05,852.3,149
2026-05-14 13:20:00,852.3,854.0,850.0,852.15,9364
2026-05-14 13:25:00,852.15,854.0,851.25,851.45,1507
2026-05-14 13:30:00,851.45,852.2,850.95,851.05,821
2026-05-14 13:35:00,851.8,852.9,850.55,852.05,385
2026-05-14 13:40:00,852.15,852.15,850.4,851.55,1873
2026-05-14 13:45:00,851.55,852.75,850.4,850.4,677
2026-05-14 13:50:00,850.3,851.4,850.15,850.25,1217
2026-05-14 13:55:00,850.25,853.8,850.25,852.9,3809
2026-05-14 14:00:00,852.9,853.8,852.25,853.0,381
2026-05-14 14:05:00,853.0,853.5,852.15,853.35,373
2026-05-14 14:10:00,853.35,853.55,851.0,852.7,698
2026-05-14 14:15:00,852.7,853.5,851.7,851.7,644
2026-05-14 14:20:00,851.7,851.8,850.3,850.3,333
2026-05-14 14:25:00,850.3,853.0,850.3,851.75,1106
2026-05-14 14:30:00,851.75,852.85,851.55,852.35,1017
2026-05-14 14:35:00,852.35,852.4,851.2,851.6,333
2026-05-14 14:40:00,851.6,852.0,850.0,850.3,2784
2026-05-14 14:45:00,850.9,851.65,850.3,851.4,1777
2026-05-14 14:50:00,851.4,851.8,850.7,850.7,805
2026-05-14 14:55:00,850.7,852.3,850.0,851.65,1440
2026-05-14 15:00:00,850.95,852.7,850.95,852.6,10927584
2026-05-14 15:05:00,852.6,853.55,852.15,853.2,37965053
2026-05-14 15:10:00,853.55,853.55,852.0,852.5,36134009
2026-05-14 15:15:00,852.0,853.3,852.0,853.3,514
2026-05-14 15:20:00,854.85,856.5,854.35,856.5,31613244
2026-05-14 15:25:00,857.1,860.0,857.1,859.0,37915510
2026-05-15 09:15:00,859.0,859.0,845.4,850.6,444850
2026-05-15 09:20:00,849.85,860.95,846.95,859.15,1398911
2026-05-15 09:25:00,859.15,864.0,859.0,862.15,1816481
2026-05-15 09:30:00,862.15,869.5,859.85,864.0,3017462
2026-05-15 09:35:00,863.0,864.95,860.55,864.5,3960533
2026-05-15 09:40:00,864.5,867.35,862.75,867.35,4242433
2026-05-15 09:45:00,867.55,869.75,866.0,866.4,5711534
2026-05-15 09:50:00,866.4,868.25,861.55,862.7,5571282
2026-05-15 09:55:00,858.4,859.45,857.8,857.8,2480405
2026-05-15 10:00:00,857.8,858.75,855.5,858.25,6047173
2026-05-15 10:05:00,858.25,859.1,857.35,857.85,7478228
2026-05-15 10:10:00,857.85,857.85,855.0,855.5,8156265
2026-05-15 10:15:00,855.2,857.2,855.2,856.7,8371144
2026-05-15 10:20:00,856.7,858.0,856.1,858.0,5579691
2026-05-15 10:25:00,858.0,859.25,857.95,859.05,8026852
2026-05-15 10:30:00,859.05,859.05,857.95,858.25,8095617
2026-05-15 10:35:00,858.25,858.25,856.45,856.45,7503450
2026-05-15 10:40:00,856.45,858.6,856.0,858.5,7034397
2026-05-15 10:45:00,858.5,860.0,858.5,860.0,7118059
2026-05-15 10:50:00,859.95,862.0,859.6,862.0,8668547
2026-05-15 10:55:00,862.0,863.8,861.15,863.05,9100222
2026-05-15 11:40:00,854.85,855.05,854.3,854.8,4427652
2026-05-15 11:45:00,854.8,857.0,854.8,856.0,9325661
2026-05-15 11:50:00,856.0,856.1,854.75,854.75,7530466
2026-05-15 11:55:00,854.75,854.9,853.0,854.25,9197757
2026-05-15 12:00:00,854.25,855.8,854.25,855.8,9469066
2026-05-15 12:05:00,855.8,857.0,855.65,856.35,11497851
2026-05-15 12:10:00,856.35,856.35,850.05,851.85,9650425
2026-05-15 12:15:00,851.35,852.6,851.35,852.0,9944803
2026-05-15 12:20:00,852.0,852.0,850.85,850.85,11661643
2026-05-15 12:25:00,850.85,853.2,850.45,852.05,16869529
2026-05-15 12:30:00,852.05,853.0,851.9,853.0,11019645
2026-05-15 12:35:00,853.0,853.0,851.0,851.0,11090897
2026-05-15 12:40:00,851.0,852.0,851.0,852.0,10164493
2026-05-15 12:45:00,852.0,856.95,851.55,855.45,13285533
2026-05-15 12:50:00,855.45,856.0,854.4,855.8,14306721
2026-05-15 12:55:00,855.8,856.0,854.5,855.0,12844309
2026-05-15 13:00:00,855.0,855.7,854.0,855.35,11783357
2026-05-15 13:05:00,855.35,855.35,854.3,854.9,15318491
2026-05-15 13:10:00,854.9,855.7,854.0,855.7,15946744
2026-05-15 13:15:00,855.7,855.85,854.75,855.7,11891826
2026-05-15 13:20:00,855.7,855.9,854.5,855.4,13612275
2026-05-15 13:25:00,855.4,855.5,854.15,854.7,12914218
2026-05-15 13:30:00,854.7,854.7,854.2,854.35,10224142
2026-05-15 13:35:00,854.35,854.5,853.2,853.2,12793183
2026-05-15 13:40:00,853.2,853.75,852.05,853.0,12831607
2026-05-15 13:45:00,853.35,854.05,851.75,852.35,13460887
2026-05-15 13:50:00,852.35,853.4,851.0,853.4,10382510
2026-05-15 13:55:00,852.85,853.9,852.3,852.55,10142772
2026-05-15 14:00:00,852.55,853.0,851.0,853.0,11344212
2026-05-15 14:05:00,853.0,853.15,852.5,852.85,10808098
2026-05-15 14:10:00,852.85,853.6,852.25,853.6,13884666
2026-05-15 14:15:00,853.6,853.85,852.45,853.85,12147653
2026-05-15 14:20:00,853.85,853.85,852.25,852.25,11309440
2026-05-15 14:25:00,852.25,852.85,851.0,851.0,10842386
2026-05-15 14:30:00,851.6,851.9,850.25,850.65,11619201
2026-05-15 14:35:00,850.65,851.2,849.0,850.3,12911949
2026-05-15 14:40:00,850.3,851.7,850.3,851.7,11144474
2026-05-15 14:45:00,851.7,851.7,846.7,847.6,11282712
2026-05-15 14:50:00,847.5,854.8,847.5,854.0,13568783
2026-05-15 14:55:00,854.0,855.0,853.65,854.9,12884911
2026-05-15 15:00:00,854.9,856.85,854.1,856.5,11681145
2026-05-15 15:05:00,856.5,856.5,855.0,856.2,15077524
2026-05-15 15:10:00,856.2,856.2,855.45,856.0,13763802
2026-05-15 15:15:00,855.9,856.0,855.0,855.0,15921302
2026-05-15 15:20:00,855.15,855.3,855.0,855.05,16157457
2026-05-15 15:25:00,855.0,855.95,855.0,855.0,12978248
2026-05-18 12:10:00,852.4,853.05,852.4,852.4,237
2026-05-18 12:15:00,852.55,853.0,852.4,852.95,165
2026-05-18 12:20:00,852.75,853.65,852.75,853.65,51
2026-05-19 09:15:00,856.8,863.6,856.8,862.55,133048
2026-05-19 09:20:00,863.05,867.0,861.3,867.0,469030
2026-05-19 09:25:00,867.0,868.6,865.65,866.85,817048
2026-05-19 09:30:00,866.85,867.6,861.75,861.75,1078170
2026-05-19 09:35:00,862.1,863.5,860.8,861.85,1128920
2026-05-19 09:40:00,861.85,866.5,861.85,862.9,972253
2026-05-19 09:45:00,863.4,865.2,862.85,863.0,1000173
2026-05-19 09:50:00,857.9,859.5,856.2,858.55,2762580
2026-05-19 09:55:00,858.15,860.0,857.0,857.0,2031169
2026-05-19 10:00:00,857.0,859.55,857.0,858.0,2538488
2026-05-19 10:05:00,858.0,858.9,852.25,852.7,4998077
2026-05-19 10:10:00,852.7,854.95,852.25,853.7,5150109
2026-05-19 10:15:00,853.7,854.55,852.25,853.5,4545748
2026-05-19 10:20:00,853.05,854.15,853.05,853.8,4545273
2026-05-19 10:25:00,853.8,854.75,853.45,853.95,5871906
2026-05-19 10:30:00,853.95,855.0,853.3,854.3,4741576
2026-05-19 10:35:00,854.3,855.0,854.3,854.5,4455464
2026-05-19 10:40:00,854.5,855.0,854.5,854.55,3684451
2026-05-19 10:45:00,854.55,855.25,854.55,854.65,4359167
2026-05-19 10:50:00,854.65,855.0,853.15,853.6,4350911
2026-05-19 10:55:00,854.4,855.25,853.0,853.05,5514491
2026-05-19 11:00:00,853.05,854.4,853.05,853.55,6348184
2026-05-19 11:05:00,853.55,855.0,853.55,854.6,7265946
2026-05-19 11:10:00,854.6,855.0,854.0,854.0,6456950
2026-05-19 11:15:00,854.0,854.0,853.0,853.5,5502935
2026-05-19 11:20:00,853.05,854.0,853.0,853.55,4949398
2026-05-19 11:25:00,853.55,854.45,853.55,853.7,5568923
2026-05-19 11:30:00,853.7,853.7,853.0,853.5,4933086
2026-05-19 11:35:00,853.5,854.75,853.5,853.85,5216769
2026-05-19 11:40:00,853.85,854.65,853.7,854.0,5782941
2026-05-19 11:45:00,854.0,854.6,853.75,854.0,5353549
2026-05-19 11:50:00,854.3,854.75,853.55,853.75,5490801
2026-05-19 11:55:00,853.75,854.7,853.75,854.0,5054050
2026-05-19 12:00:00,854.0,854.4,853.75,854.0,3452137
2026-05-19 12:05:00,854.0,854.7,854.0,854.6,4168107
2026-05-19 12:10:00,854.75,854.75,854.4,854.75,6057947
2026-05-19 12:15:00,854.6,854.6,853.0,853.5,6280022
2026-05-19 12:20:00,853.5,853.85,853.4,853.4,4452596
2026-05-19 12:25:00,853.4,854.55,853.05,854.2,5690747
2026-05-19 12:30:00,854.2,854.2,853.15,853.35,5136110
2026-05-19 12:35:00,853.35,854.5,853.0,853.3,5610386
2026-05-19 12:40:00,853.3,853.95,853.0,853.45,5886770
2026-05-19 12:45:00,853.45,853.8,851.0,851.3,7554483
2026-05-19 12:50:00,851.3,853.45,851.3,852.7,8329109
2026-05-19 12:55:00,852.7,852.7,851.75,852.2,5617956
2026-05-19 13:00:00,852.2,853.55,852.1,852.15,5794307
2026-05-19 13:05:00,852.15,853.75,852.1,853.2,7612030
2026-05-19 13:10:00,853.2,853.2,852.0,852.4,6568909
2026-05-19 13:15:00,853.05,853.05,851.75,852.5,6288203
2026-05-19 13:20:00,852.5,853.0,851.75,852.0,5748033
2026-05-19 13:25:00,852.0,852.85,852.0,852.15,3941481
2026-05-19 13:30:00,852.15,853.85,852.05,853.0,5693192
2026-05-19 13:35:00,853.0,853.0,852.1,852.35,4935167
2026-05-19 13:40:00,852.35,852.9,852.1,852.1,4635037
2026-05-19 13:45:00,852.1,853.1,852.1,852.5,4408727
2026-05-19 13:50:00,852.5,853.25,852.1,852.2,5234939
2026-05-19 13:55:00,852.2,852.4,852.1,852.25,4929478
2026-05-19 14:00:00,852.25,852.35,852.25,852.35,3882982
2026-05-19 14:05:00,852.35,853.4,852.35,852.5,6082254
2026-05-19 14:10:00,852.4,853.45,852.15,853.0,7967460
2026-05-19 14:15:00,853.0,854.0,852.2,852.4,7099551
2026-05-19 14:20:00,852.4,853.25,851.05,851.2,6326671
2026-05-19 14:25:00,851.2,852.8,851.2,851.7,6671350
2026-05-19 14:30:00,851.7,852.45,851.7,852.0,6876241
2026-05-19 14:35:00,852.0,852.0,848.25,849.4,8218961
2026-05-19 14:40:00,849.4,850.6,848.25,848.9,7418565
2026-05-19 14:45:00,848.9,849.75,848.1,849.05,6889852
2026-05-19 14:50:00,849.05,850.4,849.05,850.35,7036859
2026-05-19 14:55:00,849.8,850.1,849.25,849.7,8340830
2026-05-19 15:00:00,849.7,852.65,849.2,852.3,11954273
2026-05-19 15:05:00,852.2,853.55,851.0,852.3,12135196
2026-05-19 15:10:00,852.35,852.8,850.2,851.8,10922514
2026-05-19 15:15:00,851.8,852.35,848.5,848.95,12018161
2026-05-19 15:20:00,849.0,849.0,847.2,848.45,12086710
2026-05-19 15:25:00,847.75,849.0,844.2,846.0,13071603
2026-05-20 09:15:00,842.55,842.55,833.8,839.85,360137
2026-05-20 09:20:00,839.8,842.45,837.85,840.75,637459
2026-05-20 09:25:00,840.75,843.0,840.75,843.0,931922
2026-05-20 09:30:00,842.15,844.2,841.35,841.65,1065962
2026-05-20 09:35:00,841.65,843.35,840.5,843.35,1410716
2026-05-20 09:40:00,843.35,843.95,842.0,843.7,1415946
2026-05-20 09:45:00,843.0,843.5,841.3,842.8,1573688
2026-05-20 09:50:00,843.25,843.8,841.45,842.0,1579470
2026-05-20 09:55:00,842.0,844.45,842.0,842.95,1578569
2026-05-20 10:00:00,842.95,843.55,840.3,840.3,1906909
2026-05-20 10:05:00,840.3,842.85,840.3,841.9,2610591
2026-05-20 10:10:00,841.9,844.8,841.65,843.6,1881093
2026-05-20 10:15:00,843.6,846.4,843.6,845.3,2833424
2026-05-20 10:20:00,845.0,846.85,844.1,846.05,3006855
2026-05-20 10:25:00,846.05,848.0,846.05,847.05,2282598
2026-05-20 10:30:00,846.95,847.9,846.05,846.4,2198795
2026-05-20 10:35:00,846.4,847.4,846.05,847.4,2145256
2026-05-20 10:40:00,847.4,852.0,847.4,851.0,3826407
2026-05-20 10:45:00,851.65,852.55,851.0,851.35,4152721
2026-05-20 10:50:00,851.0,852.3,851.0,851.7,2874395
2026-05-20 10:55:00,851.7,851.9,850.1,850.25,3382004
2026-05-20 11:00:00,850.85,853.5,850.75,852.7,3720622
2026-05-20 11:05:00,852.75,856.45,852.1,856.05,5993681
2026-05-20 11:10:00,856.3,856.95,852.0,852.0,5344589
2026-05-20 11:15:00,852.0,855.9,852.0,853.65,5209630
2026-05-20 11:20:00,853.65,857.55,853.65,855.4,5676244
2026-05-20 11:25:00,855.4,855.55,853.0,853.0,4719706
2026-05-20 11:30:00,853.0,854.95,853.0,853.9,4301585
2026-05-20 11:35:00,853.9,855.1,853.9,855.1,2616147
2026-05-20 11:40:00,854.05,854.8,853.0,853.0,4133469
2026-05-20 11:45:00,853.0,854.75,851.0,853.75,5235556
2026-05-20 11:50:00,853.75,854.7,853.75,853.75,3395134
2026-05-20 11:55:00,853.75,854.7,853.75,853.9,4227175
2026-05-20 12:00:00,853.9,854.45,851.5,852.35,5203239
2026-05-20 12:05:00,852.25,853.65,851.0,851.65,3229632
2026-05-20 12:10:00,851.65,852.7,849.2,852.6,5295088
2026-05-20 12:15:00,852.65,853.2,851.8,852.75,3189402
2026-05-20 12:20:00,852.75,853.35,852.65,852.9,3056000
2026-05-20 12:25:00,852.9,852.9,851.8,852.25,3971707
2026-05-20 12:30:00,852.25,852.95,851.3,852.0,4274570
2026-05-20 12:35:00,852.0,852.25,851.15,851.65,3596205
2026-05-20 12:40:00,851.65,852.2,851.0,851.2,3895302
2026-05-20 12:45:00,851.2,852.2,851.2,852.0,3410102
2026-05-20 12:50:00,852.0,852.25,851.5,851.5,3413053
2026-05-20 12:55:00,852.15,852.15,850.1,851.0,6595322
2026-05-20 13:00:00,851.0,852.2,850.25,850.6,4665875
2026-05-20 13:05:00,851.15,851.5,850.6,851.0,4554806
2026-05-20 13:10:00,851.0,851.6,850.95,851.0,4638076
2026-05-20 13:15:00,850.95,851.5,850.75,851.0,5180973
2026-05-20 13:20:00,851.0,852.75,850.8,851.0,4456485
2026-05-20 13:25:00,851.4,852.2,850.1,850.95,7217502
2026-05-20 13:30:00,850.95,851.95,848.0,850.9,9752859
2026-05-20 13:35:00,850.9,851.65,850.9,851.05,5399311
2026-05-20 13:40:00,851.05,851.75,850.55,850.75,4571018
2026-05-20 13:45:00,851.5,851.95,850.75,851.4,4894136
2026-05-20 13:50:00,851.05,851.8,850.75,851.2,5842379
2026-05-20 13:55:00,851.0,852.0,851.0,851.3,6746199
2026-05-20 14:00:00,851.3,852.75,851.3,852.3,5243033
2026-05-20 14:05:00,852.3,852.8,851.9,852.4,2910773
2026-05-20 14:10:00,852.4,853.15,851.9,851.95,8012912
2026-05-20 14:15:00,852.3,852.65,851.95,852.05,4632199
2026-05-20 14:20:00,852.5,854.0,852.5,853.25,4266580
2026-05-20 14:25:00,853.25,853.9,853.15,853.3,5631929
2026-05-20 14:30:00,853.3,854.45,851.6,851.6,8895505
2026-05-20 14:35:00,851.6,853.6,851.6,852.9,5758131
2026-05-20 14:40:00,852.9,853.5,852.0,852.0,4010429
2026-05-20 14:45:00,852.0,853.4,852.0,852.7,4803466
2026-05-20 14:50:00,852.7,855.0,852.7,854.1,6601466
2026-05-20 14:55:00,854.1,855.1,853.0,854.95,5574754
2026-05-20 15:00:00,855.5,857.95,855.0,855.5,12995199
2026-05-20 15:05:00,856.8,856.9,855.6,856.05,9964212
2026-05-20 15:10:00,856.5,857.45,856.0,856.35,7534373
2026-05-20 15:15:00,856.85,857.0,853.4,853.7,10271463
2026-05-20 15:20:00,854.3,855.0,854.0,854.05,12946742
2026-05-20 15:25:00,854.1,861.9,851.0,859.85,11742933
2026-05-21 09:15:00,840.0,840.0,832.0,833.15,4755197
2026-05-21 09:20:00,833.15,853.55,833.15,851.2,12560320
2026-05-21 09:25:00,850.05,854.65,848.5,853.0,19123264
2026-05-21 09:30:00,852.7,864.0,852.15,863.0,34618690
2026-05-21 09:35:00,863.0,864.6,861.45,862.3,20378635
2026-05-21 09:40:00,862.8,863.35,859.0,862.95,19370211
2026-05-21 09:45:00,862.95,864.0,861.5,862.65,21510842
2026-05-21 09:50:00,862.65,866.0,861.35,865.15,21307034
2026-05-21 09:55:00,865.15,888.3,865.15,875.4,125328152
2026-05-21 10:00:00,875.4,880.0,870.0,870.8,130979662
2026-05-21 10:05:00,870.8,873.55,870.4,872.4,45917691
2026-05-21 10:10:00,872.4,874.2,870.2,873.0,37475895
2026-05-21 10:15:00,873.0,878.8,868.75,870.0,89858048
2026-05-21 10:20:00,870.0,871.2,865.85,868.0,37673608
2026-05-21 10:25:00,866.9,869.7,864.25,868.9,25742068
2026-05-21 10:30:00,867.95,868.6,863.15,863.15,52772248
2026-05-21 10:35:00,863.75,872.05,863.6,869.0,65590613
2026-05-21 10:40:00,868.35,873.8,868.35,873.6,91570050
2026-05-21 10:45:00,872.65,873.2,871.05,872.35,109920827
2026-05-21 10:50:00,872.35,877.25,871.8,875.5,159102170
2026-05-21 10:55:00,874.95,889.25,874.9,886.55,167915132
2026-05-21 11:00:00,886.55,894.0,884.0,885.5,292409016
2026-05-21 11:05:00,884.65,888.0,884.45,887.0,203259714
2026-05-21 11:10:00,887.85,889.0,884.75,887.9,119932449
2026-05-21 11:15:00,887.9,887.9,879.15,880.9,168980890
2026-05-21 11:20:00,880.9,882.2,877.4,881.0,149121989
2026-05-21 11:25:00,880.8,881.0,879.35,880.5,89044013
2026-05-21 11:30:00,880.5,881.5,879.55,879.85,99306676
2026-05-21 11:35:00,879.85,880.2,876.95,877.1,118898835
2026-05-21 11:40:00,877.0,881.0,875.55,879.8,123263022
2026-05-21 11:45:00,879.8,880.8,879.0,880.8,94230472
2026-05-21 11:50:00,880.9,881.0,878.8,880.7,108466819
2026-05-21 11:55:00,880.7,881.0,879.6,879.9,108752173
2026-05-21 12:00:00,879.9,880.75,879.0,880.4,99598331
2026-05-21 12:05:00,880.4,881.3,880.0,881.0,87610649
2026-05-21 12:10:00,881.0,881.05,880.05,881.05,91423902
2026-05-21 12:15:00,881.05,881.05,880.0,880.0,93402803
2026-05-21 12:20:00,880.4,880.4,877.2,878.4,87144847
2026-05-21 12:25:00,878.4,878.65,877.1,877.45,91976632
2026-05-21 12:30:00,877.45,878.6,877.15,878.5,86547986
2026-05-21 12:35:00,878.5,878.5,877.15,877.8,78229290
2026-05-21 12:40:00,878.0,880.0,876.55,879.9,108028037
2026-05-21 12:45:00,879.9,882.75,879.15,880.95,93460889
2026-05-21 12:50:00,880.95,881.0,880.3,881.0,95800646
2026-05-21 12:55:00,881.0,881.8,879.3,880.45,88406670
2026-05-21 13:00:00,880.8,880.95,878.25,879.9,96400558
2026-05-21 13:05:00,879.9,880.2,878.45,880.0,91861687
2026-05-21 13:10:00,880.0,880.0,878.0,880.0,93531649
2026-05-21 13:15:00,880.0,880.0,879.5,879.5,74151176
2026-05-21 13:20:00,879.3,879.9,879.0,879.35,75190191
2026-05-21 13:25:00,879.35,880.0,879.35,880.0,126943962
2026-05-21 13:30:00,880.0,880.15,879.0,879.85,92001739
2026-05-21 13:35:00,879.85,879.85,878.1,878.7,96201176
2026-05-21 13:40:00,878.15,878.8,877.7,877.9,78030168
2026-05-21 13:45:00,878.15,878.15,874.8,875.3,4330
2026-05-21 13:50:00,875.0,877.5,873.0,876.35,9576
2026-05-21 13:55:00,875.65,876.45,875.2,876.05,754
2026-05-21 14:00:00,879.95,880.0,878.65,878.65,27496243
2026-05-21 14:05:00,878.15,878.15,877.2,877.2,653
2026-05-21 14:10:00,877.4,878.0,876.4,876.55,133005546
2026-05-21 14:15:00,876.55,877.6,876.55,877.05,106522747
2026-05-21 14:20:00,877.05,879.0,877.05,878.85,114046304
2026-05-21 14:25:00,879.65,880.45,878.55,879.7,8419
2026-05-21 14:30:00,879.1,880.9,879.1,879.9,8633
2026-05-21 14:35:00,880.0,880.45,879.55,879.95,5568
2026-05-21 14:40:00,879.95,879.95,879.2,879.95,5908
2026-05-21 14:45:00,879.9,880.0,879.35,879.6,2882
2026-05-21 14:50:00,879.95,879.95,878.0,878.4,140427698
2026-05-21 14:55:00,878.4,879.9,878.4,879.15,143487849
2026-05-21 15:00:00,879.45,879.9,877.5,878.15,139434927
2026-05-21 15:05:00,878.15,879.6,878.05,879.1,146166623
2026-05-21 15:10:00,879.1,879.65,878.5,879.65,148151291
2026-05-21 15:15:00,879.65,879.65,873.85,874.9,125324042
2026-05-21 15:20:00,874.9,874.9,870.5,871.75,166837963
2026-05-21 15:25:00,871.55,894.0,868.55,872.0,124296040
