datetime,open,high,low,close,volume
2026-01-30 09:15:00,420.0,420.0,414.45,414.5,8734
2026-01-30 09:20:00,414.5,414.5,411.55,412.0,6872
2026-01-30 09:25:00,412.2,413.6,411.1,412.85,6962
2026-01-30 09:30:00,412.0,417.7,411.9,417.7,26777
2026-01-30 09:35:00,417.7,424.0,417.7,421.3,12333
2026-01-30 09:40:00,421.3,421.55,419.2,420.15,12218
2026-01-30 09:45:00,420.15,420.95,419.5,419.5,6665
2026-01-30 09:50:00,419.5,420.35,419.0,420.35,19520
2026-01-30 09:55:00,420.35,420.35,419.0,419.5,2444
2026-01-30 10:00:00,419.5,422.5,419.5,421.65,8947
2026-01-30 10:05:00,421.65,423.0,421.5,423.0,2536
2026-01-30 10:10:00,423.0,423.8,422.0,422.0,3146
2026-01-30 10:15:00,423.0,423.8,422.8,423.3,2752
2026-01-30 10:20:00,423.3,423.3,420.95,421.0,3563
2026-01-30 10:25:00,421.0,421.45,420.8,420.9,1051
2026-01-30 10:30:00,420.9,421.7,420.6,421.7,4289
2026-01-30 10:35:00,421.7,421.7,420.8,421.0,4003
2026-01-30 10:40:00,421.0,422.95,420.8,422.9,11605
2026-01-30 10:45:00,422.65,422.95,421.95,422.5,1347
2026-01-30 10:50:00,422.5,422.5,420.65,420.65,5004
2026-01-30 10:55:00,420.65,422.2,420.65,421.8,9964
2026-01-30 11:00:00,421.8,422.6,421.45,422.55,3748
2026-01-30 11:05:00,422.2,422.2,420.9,420.9,1837
2026-01-30 11:10:00,420.9,421.0,420.05,421.0,1374
2026-01-30 11:15:00,421.0,421.0,420.65,420.9,1854
2026-01-30 11:20:00,420.9,422.6,420.4,422.0,5436
2026-01-30 11:25:00,422.0,422.5,421.3,421.55,1867
2026-01-30 11:30:00,421.55,421.8,421.0,421.6,1842
2026-01-30 11:35:00,421.6,421.6,420.7,421.6,764
2026-01-30 11:40:00,421.6,422.45,421.55,422.45,1971
2026-01-30 11:45:00,422.45,422.5,422.05,422.5,1125
2026-01-30 11:50:00,422.5,422.5,421.0,421.0,5792
2026-01-30 11:55:00,421.0,421.0,419.75,419.95,9046
2026-01-30 12:00:00,420.0,420.0,419.0,419.35,1375
2026-01-30 12:05:00,419.35,420.0,419.05,419.8,3591
2026-01-30 12:10:00,419.8,421.0,418.55,421.0,9890
2026-01-30 12:15:00,420.65,420.65,419.3,419.35,3073
2026-01-30 12:20:00,419.35,419.75,418.9,418.9,576
2026-01-30 12:25:00,418.9,419.4,418.65,418.65,914
2026-01-30 12:30:00,418.65,419.45,418.0,418.75,1503
2026-01-30 12:35:00,418.75,419.9,418.75,419.4,603
2026-01-30 12:40:00,419.4,419.4,418.65,418.9,165
2026-01-30 12:45:00,418.9,419.95,418.9,419.95,502
2026-01-30 12:50:00,419.95,420.0,419.65,419.65,1140
2026-01-30 12:55:00,419.65,420.0,419.45,419.8,1185
2026-01-30 13:00:00,419.8,419.8,419.3,419.4,302
2026-01-30 13:05:00,419.4,419.55,418.1,419.55,1487
2026-01-30 13:10:00,419.55,419.55,418.95,418.95,474
2026-01-30 13:15:00,418.95,418.95,418.05,418.7,600
2026-01-30 13:20:00,418.7,418.95,418.7,418.95,110
2026-01-30 13:25:00,418.95,419.65,418.9,419.25,370
2026-01-30 13:30:00,419.25,420.0,419.1,420.0,10565
2026-01-30 13:35:00,420.0,421.5,420.0,421.0,3766
2026-01-30 13:40:00,421.0,422.45,421.0,422.2,3635
2026-01-30 13:45:00,422.2,422.2,421.35,421.35,690
2026-01-30 13:50:00,421.35,422.0,421.35,421.75,380
2026-01-30 13:55:00,419.65,419.65,419.05,419.55,42596
2026-01-30 14:00:00,419.55,419.65,418.35,418.7,2783
2026-01-30 14:05:00,418.7,419.15,416.85,416.9,12600
2026-01-30 14:10:00,416.9,419.0,416.9,418.5,3531
2026-01-30 14:15:00,418.8,419.3,416.75,418.25,14589
2026-01-30 14:20:00,418.35,419.15,417.85,419.15,2892
2026-01-30 14:25:00,419.15,419.15,417.05,417.05,1330
2026-01-30 14:30:00,417.25,417.55,415.7,416.2,4820
2026-01-30 14:35:00,416.2,416.9,415.5,415.55,1558
2026-01-30 14:40:00,416.2,416.2,415.5,415.8,1381
2026-01-30 14:45:00,415.8,417.0,415.5,416.8,1543
2026-01-30 14:50:00,416.1,417.2,416.0,416.6,2907
2026-01-30 14:55:00,416.15,416.9,416.05,416.7,1623
2026-01-30 15:00:00,416.55,417.9,416.55,417.0,4711
2026-01-30 15:05:00,417.0,417.7,416.8,417.6,10164
2026-01-30 15:10:00,417.6,418.15,417.45,418.0,6152
2026-01-30 15:15:00,418.0,418.1,417.55,418.05,3212
2026-01-30 15:20:00,417.85,418.15,417.0,417.65,15849
2026-01-30 15:25:00,418.0,418.3,417.65,417.9,14454
2026-02-01 09:15:00,418.5,423.9,418.0,421.55,3907
2026-02-01 09:20:00,421.0,421.0,417.1,418.2,1377
2026-02-01 09:25:00,418.25,421.75,418.25,420.8,2217
2026-02-01 09:30:00,420.6,420.6,419.4,419.75,388
2026-02-01 09:35:00,419.8,421.95,419.15,421.95,1152
2026-02-01 09:40:00,421.95,422.9,418.35,418.35,5106
2026-02-01 09:45:00,418.35,418.9,417.25,417.25,1192
2026-02-01 09:50:00,417.25,417.8,413.9,414.0,2790
2026-02-01 09:55:00,414.0,416.55,413.75,415.6,1737
2026-02-01 10:00:00,415.6,416.4,415.6,415.65,307
2026-02-01 10:05:00,415.65,417.35,415.05,416.65,1689
2026-02-01 10:10:00,416.65,417.25,416.0,416.85,520
2026-02-01 10:15:00,416.85,416.9,415.7,415.7,461
2026-02-01 10:20:00,416.35,417.1,416.2,416.95,218
2026-02-01 10:25:00,416.95,417.55,416.65,417.1,539
2026-02-01 10:30:00,417.1,418.75,416.55,418.25,1388
2026-02-01 10:35:00,418.25,418.7,417.7,418.7,325
2026-02-01 10:40:00,418.7,419.45,418.7,418.7,924
2026-02-01 10:45:00,418.7,419.05,418.25,418.5,489
2026-02-01 10:50:00,418.5,420.0,418.5,419.85,3255
2026-02-01 10:55:00,419.8,419.85,418.75,419.0,1287
2026-02-01 11:00:00,419.0,420.0,419.0,419.55,1075
2026-02-01 11:05:00,419.55,419.55,417.8,418.85,504
2026-02-01 11:10:00,418.85,419.65,418.0,419.1,910
2026-02-01 11:15:00,419.1,420.0,418.6,418.6,999
2026-02-01 11:20:00,418.6,418.95,417.65,418.4,781
2026-02-01 11:25:00,418.4,419.0,418.1,418.95,407
2026-02-01 11:30:00,418.95,419.0,418.9,418.9,309
2026-02-01 11:35:00,418.9,419.0,418.7,419.0,1589
2026-02-01 11:40:00,419.0,419.0,418.5,418.95,1557
2026-02-01 11:45:00,418.95,418.95,418.0,418.05,1403
2026-02-01 11:50:00,418.05,418.05,417.65,417.65,116
2026-02-01 11:55:00,417.65,418.0,417.5,417.5,309
2026-02-01 12:00:00,417.5,417.5,415.95,416.35,369
2026-02-01 12:05:00,416.05,417.0,415.1,417.0,4109
2026-02-01 12:10:00,417.0,417.0,415.0,415.2,4298
2026-02-01 12:15:00,415.5,415.5,414.6,414.9,1269
2026-02-01 12:20:00,414.9,414.9,412.1,413.05,8820
2026-02-01 12:25:00,413.05,414.15,412.9,413.05,362
2026-02-01 12:30:00,413.0,413.0,408.6,409.95,9460
2026-02-01 12:35:00,409.95,413.4,409.3,413.35,6644
2026-02-01 12:40:00,413.35,413.8,408.95,408.95,3514
2026-02-01 12:45:00,408.95,410.0,408.95,409.6,2048
2026-02-01 12:50:00,409.6,409.7,408.0,409.05,2603
2026-02-01 12:55:00,409.05,410.0,409.05,409.95,3774
2026-02-01 13:00:00,409.95,410.0,409.05,410.0,3057
2026-02-01 13:05:00,410.0,410.85,409.5,410.25,654
2026-02-01 13:10:00,410.25,410.25,409.0,409.05,1169
2026-02-01 13:15:00,409.05,409.6,408.45,408.45,2163
2026-02-01 13:20:00,408.45,409.75,408.45,409.75,489
2026-02-01 13:25:00,409.9,410.35,408.5,408.5,1861
2026-02-01 13:30:00,409.25,409.25,408.2,408.8,771
2026-02-01 13:35:00,408.8,409.35,407.95,409.0,2520
2026-02-01 13:40:00,409.0,410.35,409.0,410.35,857
2026-02-01 13:45:00,410.35,411.25,410.25,411.25,76
2026-02-01 13:50:00,411.25,411.25,409.65,409.65,473
2026-02-01 13:55:00,409.65,410.8,409.65,410.0,929
2026-02-01 14:00:00,410.45,410.8,410.3,410.7,208
2026-02-01 14:05:00,410.7,410.95,410.3,410.85,456
2026-02-01 14:10:00,410.85,410.85,410.05,410.4,375
2026-02-01 14:15:00,410.4,411.15,410.05,411.15,367
2026-02-01 14:20:00,411.15,411.35,411.0,411.15,479
2026-02-01 14:25:00,411.15,412.0,410.5,411.9,1401
2026-02-01 14:30:00,411.9,411.9,411.25,411.8,86
2026-02-01 14:35:00,411.4,411.95,410.45,411.55,3819
2026-02-01 14:40:00,411.55,412.0,411.55,412.0,107
2026-02-01 14:45:00,412.0,412.0,410.05,411.2,1221
2026-02-01 14:50:00,411.2,411.2,410.0,410.7,1643
2026-02-01 14:55:00,410.7,410.7,410.0,410.45,137
2026-02-01 15:00:00,410.45,411.8,409.5,410.4,2151
2026-02-01 15:05:00,410.4,410.7,410.1,410.7,479
2026-02-01 15:10:00,410.7,410.7,410.0,410.35,1204
2026-02-01 15:15:00,410.35,410.55,409.5,410.35,4414
2026-02-01 15:20:00,410.35,410.35,409.95,410.15,4434
2026-02-01 15:25:00,409.6,410.8,409.1,410.8,6152
2026-02-02 09:15:00,410.05,411.05,403.1,404.1,12084
2026-02-02 09:20:00,405.15,405.7,402.9,403.6,5741
2026-02-02 09:25:00,403.7,404.15,402.05,403.75,6464
2026-02-02 09:30:00,403.15,405.8,403.15,404.85,3384
2026-02-02 09:35:00,404.85,405.7,404.0,405.6,1170
2026-02-02 09:40:00,405.6,405.6,404.1,404.7,4150
2026-02-02 09:45:00,404.25,405.7,404.25,405.45,3036
2026-02-02 09:50:00,405.45,405.55,404.2,405.5,1106
2026-02-02 09:55:00,405.5,405.65,403.0,403.8,2207
2026-02-02 10:00:00,403.8,403.8,401.75,401.85,3799
2026-02-02 10:05:00,401.85,402.75,399.8,400.0,11564
2026-02-02 10:10:00,399.15,399.35,397.05,399.35,6945
2026-02-02 10:15:00,399.35,402.0,398.05,401.8,13259
2026-02-02 10:20:00,401.8,402.2,401.25,401.9,4125
2026-02-02 10:25:00,401.9,402.2,401.45,402.05,1220
2026-02-02 10:30:00,402.05,402.05,401.05,401.15,1934
2026-02-02 10:35:00,401.15,401.85,400.05,400.6,2596
2026-02-02 10:40:00,400.6,402.0,400.05,400.2,3535
2026-02-02 10:45:00,400.2,400.3,398.2,400.0,9583
2026-02-02 10:50:00,400.5,401.0,399.85,399.85,1088
2026-02-02 10:55:00,399.85,400.25,399.85,400.25,985
2026-02-02 11:00:00,400.25,400.25,396.0,397.5,8061
2026-02-02 11:05:00,397.45,398.05,396.9,397.55,1637
2026-02-02 11:10:00,397.55,398.1,395.7,396.0,6329
2026-02-02 11:15:00,396.0,397.05,395.7,396.2,2477
2026-02-02 11:20:00,396.2,396.25,395.1,395.4,965
2026-02-02 11:25:00,395.4,395.45,392.0,393.8,14422
2026-02-02 11:30:00,394.4,396.5,394.4,396.5,7664
2026-02-02 11:35:00,396.55,396.95,395.55,395.95,1119
2026-02-02 11:40:00,395.95,396.0,394.35,395.65,4052
2026-02-02 11:45:00,395.8,396.0,394.85,395.3,2072
2026-02-02 11:50:00,395.3,396.0,395.1,395.4,4160
2026-02-02 11:55:00,395.4,397.5,394.8,397.5,7229
2026-02-02 12:00:00,397.5,398.45,396.7,396.95,3423
2026-02-02 12:05:00,396.95,397.55,396.4,397.1,6528
2026-02-02 12:10:00,397.1,397.5,397.0,397.3,589
2026-02-02 12:15:00,397.85,399.0,397.7,397.9,4810
2026-02-02 12:20:00,397.7,397.7,397.0,397.35,425
2026-02-02 12:25:00,397.35,397.7,397.1,397.2,442
2026-02-02 12:30:00,397.2,397.65,397.05,397.65,2335
2026-02-02 12:35:00,397.65,398.0,397.15,397.85,552
2026-02-02 12:40:00,397.85,398.3,397.55,397.65,291
2026-02-02 12:45:00,397.65,398.15,397.4,398.0,502
2026-02-02 12:50:00,398.0,398.1,397.4,397.8,440
2026-02-02 12:55:00,397.8,397.8,397.0,397.4,5805
2026-02-02 13:00:00,397.0,398.5,397.0,398.5,4684
2026-02-02 13:05:00,398.5,399.5,398.5,399.3,3235
2026-02-02 13:10:00,399.3,399.95,398.65,398.65,4080
2026-02-02 13:15:00,398.8,399.2,398.35,398.7,1956
2026-02-02 13:20:00,398.7,398.8,398.3,398.5,1096
2026-02-02 13:25:00,398.5,399.2,398.3,399.2,645
2026-02-02 13:30:00,399.2,399.5,398.05,398.95,3554
2026-02-02 13:35:00,398.95,398.95,397.5,397.5,2439
2026-02-02 13:40:00,397.5,398.0,397.0,398.0,4892
2026-02-02 13:45:00,398.15,402.2,398.15,400.8,3509
2026-02-02 13:50:00,401.25,403.0,400.8,402.95,3371
2026-02-02 13:55:00,402.95,402.95,400.85,401.3,3566
2026-02-02 14:00:00,401.3,401.3,399.6,400.0,6406
2026-02-02 14:05:00,400.0,400.95,399.7,400.45,1178
2026-02-02 14:10:00,400.45,400.85,400.0,400.5,581
2026-02-02 14:15:00,400.5,401.6,400.45,401.0,2857
2026-02-02 14:20:00,401.0,401.9,401.0,401.8,1544
2026-02-02 14:25:00,401.8,402.55,401.75,401.8,275
2026-02-02 14:30:00,401.8,402.75,401.5,401.95,571
2026-02-02 14:35:00,401.95,402.15,401.1,401.5,997
2026-02-02 14:40:00,401.45,402.15,401.05,402.15,1256
2026-02-02 14:45:00,402.15,402.7,401.65,402.4,2857
2026-02-02 14:50:00,402.4,403.25,402.25,403.0,4128
2026-02-02 14:55:00,403.0,404.5,403.0,404.15,1744
2026-02-02 15:00:00,404.35,404.8,404.0,404.45,5749
2026-02-02 15:05:00,404.45,405.85,404.05,405.7,5636
2026-02-02 15:10:00,405.7,409.15,405.05,408.7,9165
2026-02-02 15:15:00,408.25,409.2,407.4,408.0,2576
2026-02-02 15:20:00,408.45,409.0,407.05,408.9,6678
2026-02-02 15:25:00,408.9,409.85,405.15,407.0,7408
2026-02-03 09:15:00,435.0,439.8,421.1,424.1,20553
2026-02-03 09:20:00,424.1,429.8,424.1,428.85,16373
2026-02-03 09:25:00,428.8,429.9,425.65,426.55,21110
2026-02-03 09:30:00,427.0,431.4,427.0,429.0,10435
2026-02-03 09:35:00,429.0,429.7,428.0,429.4,6103
2026-02-03 09:40:00,429.4,429.7,428.1,429.5,3844
2026-02-03 09:45:00,429.0,429.0,423.3,425.0,15611
2026-02-03 09:50:00,426.35,427.85,426.35,427.3,9480
2026-02-03 09:55:00,427.3,428.5,426.8,426.8,2812
2026-02-03 10:00:00,426.8,427.85,426.05,426.2,3002
2026-02-03 10:05:00,426.2,427.0,425.1,425.7,5704
2026-02-03 10:10:00,425.7,432.45,425.5,432.3,23815
2026-02-03 10:15:00,431.3,433.75,430.5,430.75,8372
2026-02-03 10:20:00,430.7,431.95,430.2,431.8,2163
2026-02-03 10:25:00,431.8,433.6,431.6,433.0,8286
2026-02-03 10:30:00,433.0,433.0,432.1,433.0,679
2026-02-03 10:35:00,433.0,434.5,433.0,434.5,2055
2026-02-03 10:40:00,434.5,435.45,434.0,435.05,4921
2026-02-03 10:45:00,435.05,435.05,432.5,432.85,4732
2026-02-03 10:50:00,432.5,432.5,431.25,431.25,7502
2026-02-03 10:55:00,431.25,432.95,429.1,429.1,4787
2026-02-03 11:00:00,429.1,429.1,425.5,426.25,6563
2026-02-03 11:05:00,425.8,426.9,424.4,426.9,4292
2026-02-03 11:10:00,426.9,427.0,425.75,425.75,1999
2026-02-03 11:15:00,425.75,426.1,420.0,425.0,28283
2026-02-03 11:20:00,425.0,426.0,425.0,425.95,1076
2026-02-03 11:25:00,425.95,426.4,425.3,425.3,1824
2026-02-03 11:30:00,425.6,426.25,425.5,426.25,5206
2026-02-03 11:35:00,426.0,427.0,426.0,426.85,2131
2026-02-03 11:40:00,426.85,427.0,424.5,424.5,6736
2026-02-03 11:45:00,424.5,425.0,424.0,424.3,20020
2026-02-03 11:50:00,424.3,424.8,424.3,424.3,1357
2026-02-03 11:55:00,424.3,425.0,423.25,424.6,3992
2026-02-03 12:00:00,424.5,424.65,423.95,424.65,634
2026-02-03 12:05:00,424.65,424.65,422.65,423.4,13696
2026-02-03 12:10:00,423.4,423.95,423.1,423.75,1679
2026-02-03 12:15:00,423.8,430.9,423.3,427.85,27845
2026-02-03 12:20:00,427.85,428.0,426.25,426.9,1728
2026-02-03 12:25:00,426.9,427.85,426.15,426.4,5290
2026-02-03 12:30:00,425.5,428.25,425.5,428.25,3991
2026-02-03 12:35:00,427.5,428.5,424.85,428.5,25147
2026-02-03 12:40:00,428.85,429.2,428.05,428.1,2044
2026-02-03 12:45:00,428.1,428.95,426.25,426.85,4570
2026-02-03 12:50:00,426.85,427.1,426.15,426.95,1529
2026-02-03 12:55:00,426.95,427.0,425.5,426.25,5487
2026-02-03 13:00:00,426.25,426.95,422.9,422.9,49582
2026-02-03 13:05:00,422.9,423.35,422.0,422.6,4450
2026-02-03 13:10:00,422.6,423.0,421.6,422.0,4135
2026-02-03 13:15:00,422.0,423.0,422.0,422.3,1342
2026-02-03 13:20:00,422.3,423.0,422.3,422.35,411
2026-02-03 13:25:00,422.35,422.65,422.0,422.1,256
2026-02-03 13:30:00,422.1,422.75,422.0,422.25,2703
2026-02-03 13:35:00,422.25,422.55,421.95,422.4,356
2026-02-03 13:40:00,422.4,422.55,421.95,422.15,662
2026-02-03 13:45:00,422.0,422.9,422.0,422.2,965
2026-02-03 13:50:00,422.2,422.65,422.2,422.65,1016
2026-02-03 13:55:00,422.65,422.7,422.0,422.55,2331
2026-02-03 14:00:00,422.55,422.55,421.55,421.55,164
2026-02-03 14:05:00,421.5,423.3,421.45,422.9,5546
2026-02-03 14:10:00,422.9,423.0,422.7,422.8,249
2026-02-03 14:15:00,422.8,423.0,421.35,421.35,1392
2026-02-03 14:20:00,421.35,422.0,421.35,421.95,935
2026-02-03 14:25:00,421.95,422.0,421.7,421.7,4273
2026-02-03 14:30:00,421.7,422.0,421.1,422.0,599
2026-02-03 14:35:00,421.2,422.0,419.75,421.5,18354
2026-02-03 14:40:00,421.5,421.6,420.9,420.9,194
2026-02-03 14:45:00,420.9,422.0,420.9,422.0,1545
2026-02-03 14:50:00,421.5,421.65,419.25,420.9,2140
2026-02-03 14:55:00,420.9,422.0,420.9,421.9,1335
2026-02-03 15:00:00,421.45,421.85,419.1,419.65,3670
2026-02-03 15:05:00,420.65,421.7,420.65,420.95,3096
2026-02-03 15:10:00,420.95,421.75,420.8,421.6,4030
2026-02-03 15:15:00,421.6,421.9,421.05,421.75,2114
2026-02-03 15:20:00,421.7,422.0,421.2,421.9,5420
2026-02-03 15:25:00,421.9,422.0,420.15,422.0,8431
2026-02-04 09:15:00,425.0,425.0,419.0,419.7,11148
2026-02-04 09:20:00,418.9,419.6,418.0,419.2,6984
2026-02-04 09:25:00,419.2,419.95,418.9,418.9,3670
2026-02-04 09:30:00,418.9,420.2,418.9,419.5,2521
2026-02-04 09:35:00,419.5,420.15,415.1,418.85,40958
2026-02-04 09:40:00,418.55,419.2,417.1,419.2,6371
2026-02-04 09:45:00,419.2,421.85,419.2,420.6,3255
2026-02-04 09:50:00,420.6,420.6,419.5,420.4,1733
2026-02-04 09:55:00,420.4,420.4,419.8,420.2,1079
2026-02-04 10:00:00,420.2,420.25,419.25,419.3,1575
2026-02-04 10:05:00,419.3,423.15,419.0,423.15,3841
2026-02-04 10:10:00,423.5,424.15,421.7,422.65,8282
2026-02-04 10:15:00,422.65,422.65,420.0,421.25,4190
2026-02-04 10:20:00,421.25,421.5,420.45,421.5,206
2026-02-04 10:25:00,421.5,421.5,421.05,421.05,612
2026-02-04 10:30:00,421.15,421.55,419.0,420.15,13779
2026-02-04 10:35:00,420.15,420.15,417.95,417.95,11567
2026-02-04 10:40:00,417.95,418.15,415.7,416.45,4491
2026-02-04 10:45:00,416.45,416.7,415.5,416.7,334
2026-02-04 10:50:00,416.7,416.85,415.55,416.45,3687
2026-02-04 10:55:00,416.45,416.45,415.5,416.0,3109
2026-02-04 11:00:00,416.05,416.5,415.45,416.1,1492
2026-02-04 11:05:00,416.1,416.45,415.5,416.05,826
2026-02-04 11:10:00,416.05,416.55,415.95,416.2,1296
2026-02-04 11:15:00,416.2,416.2,413.95,414.0,4370
2026-02-04 11:20:00,414.0,415.0,413.95,414.2,2120
2026-02-04 11:25:00,414.2,414.2,413.9,413.9,289
2026-02-04 11:30:00,413.9,414.2,413.9,414.2,167
2026-02-04 11:35:00,414.1,414.1,411.7,412.65,4345
2026-02-04 11:40:00,412.65,413.5,412.0,413.5,2041
2026-02-04 11:45:00,413.5,414.15,413.2,413.2,563
2026-02-04 11:50:00,413.3,413.65,410.55,412.5,11211
2026-02-04 11:55:00,412.5,412.6,411.6,412.5,1429
2026-02-04 12:00:00,412.5,413.0,412.45,412.45,141
2026-02-04 12:05:00,412.45,413.6,412.45,413.05,2252
2026-02-04 12:10:00,413.05,414.55,413.05,414.55,1224
2026-02-04 12:15:00,414.55,415.15,414.3,414.7,702
2026-02-04 12:20:00,414.7,415.65,414.65,415.65,1016
2026-02-04 12:25:00,415.65,416.1,415.4,416.05,1150
2026-02-04 12:30:00,416.05,416.05,415.15,415.65,360
2026-02-04 12:35:00,415.75,416.7,415.6,416.15,1008
2026-02-04 12:40:00,416.15,416.45,415.6,416.45,270
2026-02-04 12:45:00,416.45,416.45,414.8,415.55,1952
2026-02-04 12:50:00,414.95,415.45,414.85,414.85,608
2026-02-04 12:55:00,414.85,415.1,414.7,415.0,460
2026-02-04 13:00:00,415.0,415.0,413.0,413.25,1276
2026-02-04 13:05:00,413.25,414.0,413.25,413.35,678
2026-02-04 13:10:00,413.35,413.9,412.15,413.45,2027
2026-02-04 13:15:00,413.45,414.0,412.8,412.8,2019
2026-02-04 13:20:00,412.8,413.0,412.55,412.9,1410
2026-02-04 13:25:00,412.55,413.2,412.2,413.0,866
2026-02-04 13:30:00,413.0,413.2,413.0,413.2,449
2026-02-04 13:35:00,413.2,413.2,412.5,412.9,1283
2026-02-04 13:40:00,412.9,413.0,412.8,413.0,3913
2026-02-04 13:45:00,413.0,416.95,413.0,416.0,9431
2026-02-04 13:50:00,416.0,416.0,415.55,416.0,211
2026-02-04 13:55:00,416.0,416.0,414.45,414.45,3083
2026-02-04 14:00:00,414.55,416.6,414.55,415.0,6106
2026-02-04 14:05:00,414.9,415.7,414.9,415.5,577
2026-02-04 14:10:00,415.5,415.5,414.0,414.0,2259
2026-02-04 14:15:00,414.5,415.0,414.5,414.95,2044
2026-02-04 14:20:00,414.95,414.95,414.6,414.6,3395
2026-02-04 14:25:00,414.6,415.0,413.5,413.85,9298
2026-02-04 14:30:00,413.85,414.0,413.3,414.0,1246
2026-02-04 14:35:00,414.0,414.5,413.7,413.95,2261
2026-02-04 14:40:00,413.95,414.15,412.4,413.9,5955
2026-02-04 14:45:00,413.9,414.0,413.65,413.9,1213
2026-02-04 14:50:00,413.9,414.1,413.6,413.8,876
2026-02-04 14:55:00,413.8,414.0,413.0,413.0,5868
2026-02-04 15:00:00,413.0,413.7,412.95,413.0,14527
2026-02-04 15:05:00,413.0,413.1,412.5,413.0,1542
2026-02-04 15:10:00,412.5,413.0,412.5,413.0,2145
2026-02-04 15:15:00,413.0,413.0,412.5,412.8,5609
2026-02-04 15:20:00,412.8,413.85,412.7,412.9,15781
2026-02-04 15:25:00,412.6,412.9,412.5,412.9,24046
2026-02-05 09:15:00,413.0,415.6,410.6,413.85,9729
2026-02-05 09:20:00,413.85,414.05,410.75,412.2,6053
2026-02-05 09:25:00,412.2,412.2,410.4,410.4,1862
2026-02-05 09:30:00,410.4,412.0,410.4,411.0,1590
2026-02-05 09:35:00,411.2,411.5,409.15,409.2,5743
2026-02-05 09:40:00,409.0,409.0,407.2,407.75,4873
2026-02-05 09:45:00,407.75,407.75,406.45,406.85,4651
2026-02-05 09:50:00,406.85,406.9,405.5,405.65,2725
2026-02-05 09:55:00,405.65,407.55,405.45,407.5,600
2026-02-05 10:00:00,407.5,407.5,406.2,406.2,2631
2026-02-05 10:05:00,406.2,406.85,405.95,406.45,3701
2026-02-05 10:10:00,406.45,407.05,406.1,407.05,1023
2026-02-05 10:15:00,406.65,407.35,406.05,407.15,2675
2026-02-05 10:20:00,407.15,408.05,407.0,407.6,1219
2026-02-05 10:25:00,407.6,408.0,407.0,407.5,1061
2026-02-05 10:30:00,407.5,407.5,406.05,406.05,2923
2026-02-05 10:35:00,407.2,407.2,405.95,405.95,2296
2026-02-05 10:40:00,406.2,406.4,405.05,405.2,4508
2026-02-05 10:45:00,405.2,405.55,404.5,404.6,3264
2026-02-05 10:50:00,404.6,405.55,404.6,405.05,465
2026-02-05 10:55:00,405.05,405.05,403.9,404.4,1945
2026-02-05 11:00:00,404.4,404.65,403.1,403.45,6345
2026-02-05 11:05:00,403.45,404.0,403.0,403.6,1620
2026-02-05 11:10:00,403.6,404.0,403.5,404.0,2213
2026-02-05 11:15:00,404.0,405.25,404.0,404.65,2446
2026-02-05 11:20:00,404.65,405.05,404.25,404.75,1460
2026-02-05 11:25:00,404.75,405.35,404.6,405.0,727
2026-02-05 11:30:00,405.0,405.4,405.0,405.2,256
2026-02-05 11:35:00,404.7,405.15,404.5,405.0,320
2026-02-05 11:40:00,405.0,405.1,404.8,405.1,536
2026-02-05 11:45:00,405.1,405.9,404.95,405.0,827
2026-02-05 11:50:00,405.0,405.35,402.8,403.0,4631
2026-02-05 11:55:00,403.0,404.2,403.0,403.95,1860
2026-02-05 12:00:00,403.95,404.55,403.55,404.55,3536
2026-02-05 12:05:00,404.55,404.75,403.45,403.45,1688
2026-02-05 12:10:00,403.45,403.6,402.9,402.9,1057
2026-02-05 12:15:00,402.9,403.6,402.9,403.2,5924
2026-02-05 12:20:00,403.2,403.2,400.25,401.0,10550
2026-02-05 12:25:00,401.0,401.1,400.5,401.05,9535
2026-02-05 12:30:00,401.15,402.25,401.0,401.25,1705
2026-02-05 12:35:00,401.25,403.0,401.1,402.95,1934
2026-02-05 12:40:00,402.85,403.5,402.1,403.45,1784
2026-02-05 12:45:00,403.4,403.45,403.4,403.45,614
2026-02-05 12:50:00,403.45,403.45,403.0,403.1,614
2026-02-05 12:55:00,403.4,403.4,402.8,403.0,1465
2026-02-05 13:00:00,403.0,403.75,402.55,403.2,2462
2026-02-05 13:05:00,403.2,403.95,403.2,403.95,381
2026-02-05 13:10:00,403.95,404.85,403.4,404.4,3797
2026-02-05 13:15:00,404.4,404.65,404.0,404.45,616
2026-02-05 13:20:00,404.45,405.65,404.4,405.65,2912
2026-02-05 13:25:00,405.65,406.3,405.1,405.6,720
2026-02-05 13:30:00,405.6,406.2,405.0,405.85,710
2026-02-05 13:35:00,405.85,407.25,405.85,407.25,2600
2026-02-05 13:40:00,407.25,407.5,406.5,407.0,2388
2026-02-05 13:45:00,407.0,407.0,406.85,407.0,649
2026-02-05 13:50:00,407.0,407.0,406.2,406.2,361
2026-02-05 13:55:00,406.2,406.75,405.95,406.65,715
2026-02-05 14:00:00,406.65,406.85,406.4,406.8,39
2026-02-05 14:05:00,406.8,406.8,405.95,406.5,672
2026-02-05 14:10:00,406.5,406.5,406.0,406.0,1635
2026-02-05 14:15:00,406.0,406.65,406.0,406.05,687
2026-02-05 14:20:00,406.05,407.0,405.1,405.95,3684
2026-02-05 14:25:00,405.95,406.95,405.85,406.95,200
2026-02-05 14:30:00,407.0,407.95,406.65,407.95,1866
2026-02-05 14:35:00,407.95,408.95,407.95,408.9,3001
2026-02-05 14:40:00,408.9,408.9,407.55,408.0,1290
2026-02-05 14:45:00,408.0,408.0,407.05,407.45,932
2026-02-05 14:50:00,407.45,407.95,407.25,407.35,457
2026-02-05 14:55:00,407.35,407.75,406.85,407.75,3260
2026-02-05 15:00:00,407.75,408.15,407.25,408.15,3013
2026-02-05 15:05:00,408.15,409.0,408.0,408.45,2899
2026-02-05 15:10:00,408.05,408.75,405.85,406.5,4243
2026-02-05 15:15:00,406.6,407.0,405.85,407.0,3193
2026-02-05 15:20:00,407.0,407.0,405.65,406.1,2975
2026-02-05 15:25:00,406.1,408.0,405.0,408.0,5448
2026-02-06 09:15:00,410.0,412.9,401.55,403.55,12010
2026-02-06 09:20:00,403.55,405.0,402.0,404.0,9506
2026-02-06 09:25:00,404.0,404.0,401.25,401.3,1431
2026-02-06 09:30:00,401.3,403.65,401.3,402.25,3422
2026-02-06 09:35:00,402.25,402.5,401.65,402.5,1039
2026-02-06 09:40:00,402.5,402.5,401.0,401.75,2345
2026-02-06 09:45:00,401.75,402.35,401.1,401.7,1784
2026-02-06 09:50:00,401.7,402.35,399.5,399.5,8603
2026-02-06 09:55:00,399.5,400.35,398.95,399.8,1876
2026-02-06 10:00:00,399.8,399.8,398.4,399.0,1947
2026-02-06 10:05:00,399.0,399.2,398.65,399.2,1392
2026-02-06 10:10:00,398.8,399.0,397.5,398.95,7961
2026-02-06 10:15:00,398.95,399.5,398.0,398.9,1765
2026-02-06 10:20:00,398.9,399.6,398.7,398.8,4469
2026-02-06 10:25:00,398.8,399.7,398.3,398.3,2194
2026-02-06 10:30:00,398.3,398.85,398.2,398.5,851
2026-02-06 10:35:00,398.5,398.6,397.2,397.25,2620
2026-02-06 10:40:00,397.25,397.9,396.5,397.0,2684
2026-02-06 10:45:00,397.0,397.0,396.1,396.6,4378
2026-02-06 10:50:00,396.1,396.35,395.2,395.75,7885
2026-02-06 10:55:00,395.75,396.55,395.15,396.45,3687
2026-02-06 11:00:00,396.45,397.0,396.0,397.0,3510
2026-02-06 11:05:00,397.0,399.15,397.0,398.75,2311
2026-02-06 11:10:00,398.75,399.45,398.4,398.4,4439
2026-02-06 11:15:00,398.4,400.0,398.4,400.0,4617
2026-02-06 11:20:00,400.0,402.6,400.0,401.35,8629
2026-02-06 11:25:00,401.35,402.0,400.9,401.25,3419
2026-02-06 11:30:00,401.25,401.4,399.8,401.0,1673
2026-02-06 11:35:00,401.0,402.0,400.75,402.0,1184
2026-02-06 11:40:00,402.0,402.75,401.45,402.0,2828
2026-02-06 11:45:00,402.0,403.1,401.55,403.1,3157
2026-02-06 11:50:00,403.1,403.45,402.0,402.05,2453
2026-02-06 11:55:00,402.05,402.55,401.8,402.3,262
2026-02-06 12:00:00,402.3,403.0,402.05,402.35,939
2026-02-06 12:05:00,402.35,402.35,401.35,401.35,1384
2026-02-06 12:10:00,401.35,401.9,401.15,401.9,592
2026-02-06 12:15:00,402.1,402.7,401.55,402.05,442
2026-02-06 12:20:00,402.05,402.3,401.7,401.9,887
2026-02-06 12:25:00,401.9,402.3,401.65,401.65,214
2026-02-06 12:30:00,401.65,402.0,401.15,401.4,639
2026-02-06 12:35:00,401.4,402.0,401.3,402.0,547
2026-02-06 12:40:00,402.0,402.0,400.6,400.6,698
2026-02-06 12:45:00,400.6,401.2,400.6,401.2,665
2026-02-06 12:50:00,401.2,401.35,400.8,401.35,223
2026-02-06 12:55:00,401.35,401.35,400.0,400.7,1149
2026-02-06 13:00:00,400.7,401.2,400.0,400.4,3535
2026-02-06 13:05:00,400.9,401.0,400.55,400.85,1441
2026-02-06 13:10:00,400.85,401.55,400.7,401.1,866
2026-02-06 13:15:00,401.1,402.0,401.0,401.3,2770
2026-02-06 13:20:00,401.3,402.0,401.0,401.45,2455
2026-02-06 13:25:00,401.45,402.1,401.45,402.1,367
2026-02-06 13:30:00,402.1,405.55,401.85,405.45,20890
2026-02-06 13:35:00,405.45,406.35,405.45,405.75,2989
2026-02-06 13:40:00,405.75,405.95,405.0,405.6,2976
2026-02-06 13:45:00,405.3,406.0,405.05,406.0,808
2026-02-06 13:50:00,406.0,406.0,405.45,405.65,521
2026-02-06 13:55:00,405.65,406.0,405.1,405.55,224
2026-02-06 14:00:00,405.7,406.3,405.0,405.8,5252
2026-02-06 14:05:00,405.8,406.3,405.75,406.25,597
2026-02-06 14:10:00,406.25,406.45,406.0,406.35,1079
2026-02-06 14:15:00,406.35,406.7,406.0,406.7,3685
2026-02-06 14:20:00,406.7,406.7,406.05,406.05,656
2026-02-06 14:25:00,406.05,406.5,405.35,406.2,2198
2026-02-06 14:30:00,406.2,406.55,405.4,406.45,1768
2026-02-06 14:35:00,406.45,406.6,406.05,406.6,179
2026-02-06 14:40:00,406.6,406.6,406.0,406.6,724
2026-02-06 14:45:00,406.6,406.6,406.25,406.6,1162
2026-02-06 14:50:00,406.6,406.7,406.6,406.7,453
2026-02-06 14:55:00,406.6,408.6,406.6,408.1,9406
2026-02-06 15:00:00,408.45,408.5,407.0,407.55,2887
2026-02-06 15:05:00,407.8,408.85,407.8,408.85,1745
2026-02-06 15:10:00,408.85,410.4,408.85,410.4,6236
2026-02-06 15:15:00,410.4,412.95,410.25,412.4,5773
2026-02-06 15:20:00,412.4,415.0,411.75,412.45,13377
2026-02-06 15:25:00,412.2,412.2,410.05,410.05,6162
2026-02-09 09:15:00,420.5,420.5,413.85,417.75,12980
2026-02-09 09:20:00,417.75,422.6,417.75,421.55,13601
2026-02-09 09:25:00,421.55,429.65,421.55,428.5,17590
2026-02-09 09:30:00,428.5,432.95,426.1,427.2,21347
2026-02-09 09:35:00,427.8,428.65,425.05,426.05,13411
2026-02-09 09:40:00,426.65,426.65,423.5,423.55,10570
2026-02-09 09:45:00,423.55,425.9,423.3,423.4,5386
2026-02-09 09:50:00,423.4,427.0,423.1,426.95,3267
2026-02-09 09:55:00,426.25,435.5,426.2,434.65,27235
2026-02-09 10:00:00,435.7,443.8,435.45,442.5,94835
2026-02-09 10:05:00,443.0,443.0,438.5,440.0,38815
2026-02-09 10:10:00,440.0,440.9,435.1,437.25,34707
2026-02-09 10:15:00,437.25,439.8,435.8,436.9,13409
2026-02-09 10:20:00,436.9,439.1,436.6,438.35,5791
2026-02-09 10:25:00,438.5,439.2,433.7,434.25,19093
2026-02-09 10:30:00,434.4,437.15,433.65,435.7,15890
2026-02-09 10:35:00,435.7,436.7,435.0,436.7,5044
2026-02-09 10:40:00,436.7,437.45,435.3,437.3,4688
2026-02-09 10:45:00,437.3,437.6,436.2,436.5,1744
2026-02-09 10:50:00,436.5,437.65,427.2,428.55,27175
2026-02-09 10:55:00,428.85,436.55,428.85,436.0,14129
2026-02-09 11:00:00,436.0,436.7,434.55,434.95,7031
2026-02-09 11:05:00,435.5,436.1,433.8,434.15,3720
2026-02-09 11:10:00,434.15,434.95,433.2,434.85,4161
2026-02-09 11:15:00,435.0,436.65,434.3,436.5,8700
2026-02-09 11:20:00,436.5,437.65,436.0,437.65,3401
2026-02-09 11:25:00,437.2,437.6,436.0,436.65,2622
2026-02-09 11:30:00,436.6,436.6,435.05,435.05,942
2026-02-09 11:35:00,435.05,437.25,435.05,436.65,6403
2026-02-09 11:40:00,436.65,437.1,436.0,436.35,1120
2026-02-09 11:45:00,436.35,436.35,434.2,435.0,1440
2026-02-09 11:50:00,435.0,436.05,434.05,435.7,3188
2026-02-09 11:55:00,435.7,436.0,434.7,435.15,1628
2026-02-09 12:00:00,435.15,435.6,434.95,435.05,1820
2026-02-09 12:05:00,435.05,435.95,435.05,435.85,1235
2026-02-09 12:10:00,435.85,437.65,435.85,437.65,5604
2026-02-09 12:15:00,437.65,439.2,437.5,438.0,12603
2026-02-09 12:20:00,438.0,439.2,437.6,439.0,4467
2026-02-09 12:25:00,439.0,439.1,438.0,438.25,1550
2026-02-09 12:30:00,438.0,438.45,437.55,438.15,3543
2026-02-09 12:35:00,438.15,438.45,437.6,438.15,1568
2026-02-09 12:40:00,438.15,439.9,437.0,439.9,6037
2026-02-09 12:45:00,439.9,439.9,434.05,436.9,14558
2026-02-09 12:50:00,436.9,437.2,435.75,436.2,9124
2026-02-09 12:55:00,436.2,437.55,436.0,437.55,764
2026-02-09 13:00:00,437.95,438.45,437.6,437.95,1215
2026-02-09 13:05:00,437.95,438.3,437.45,438.25,883
2026-02-09 13:10:00,439.0,439.0,438.3,438.3,767
2026-02-09 13:15:00,438.3,438.85,438.25,438.85,476
2026-02-09 13:20:00,438.85,439.35,437.0,437.45,2121
2026-02-09 13:25:00,437.45,438.8,434.8,435.45,13830
2026-02-09 13:30:00,435.45,437.2,435.0,436.25,3309
2026-02-09 13:35:00,436.25,437.85,436.2,437.05,1028
2026-02-09 13:40:00,437.05,437.2,436.35,436.5,1494
2026-02-09 13:45:00,436.5,437.25,436.5,436.55,359
2026-02-09 13:50:00,436.55,437.45,436.45,436.85,1032
2026-02-09 13:55:00,436.85,437.2,436.45,436.7,1027
2026-02-09 14:00:00,436.7,444.2,436.4,443.25,37041
2026-02-09 14:05:00,443.25,444.25,442.25,444.25,7578
2026-02-09 14:10:00,444.25,444.5,442.95,443.3,3586
2026-02-09 14:15:00,443.25,444.0,441.65,443.9,10179
2026-02-09 14:20:00,444.0,446.0,443.75,444.95,25837
2026-02-09 14:25:00,444.95,446.95,444.95,446.15,20745
2026-02-09 14:30:00,446.15,446.2,444.9,446.0,8829
2026-02-09 14:35:00,446.0,446.0,445.25,445.6,8709
2026-02-09 14:40:00,445.6,445.6,442.6,443.8,27035
2026-02-09 14:45:00,443.75,444.9,443.1,444.3,6894
2026-02-09 14:50:00,444.0,444.25,441.6,442.2,14186
2026-02-09 14:55:00,442.2,442.75,441.65,442.35,8832
2026-02-09 15:00:00,442.35,442.6,439.15,439.4,17571
2026-02-09 15:05:00,439.7,441.0,438.85,439.85,12649
2026-02-09 15:10:00,439.85,440.6,439.5,439.55,6985
2026-02-09 15:15:00,439.55,441.0,439.5,440.6,14114
2026-02-09 15:20:00,439.7,440.7,438.45,439.75,10387
2026-02-09 15:25:00,439.5,442.65,438.2,440.3,15335
2026-02-10 09:15:00,444.9,444.9,440.7,444.45,19386
2026-02-10 09:20:00,444.45,448.35,442.7,446.4,23904
2026-02-10 09:25:00,446.4,453.0,445.0,450.95,44305
2026-02-10 09:30:00,450.95,451.0,446.1,446.1,14845
2026-02-10 09:35:00,446.85,448.7,445.75,447.15,15718
2026-02-10 09:40:00,447.85,449.2,447.25,447.55,3369
2026-02-10 09:45:00,447.95,448.0,447.05,447.05,1436
2026-02-10 09:50:00,447.05,448.1,445.15,445.15,2573
2026-02-10 09:55:00,445.15,446.3,445.15,445.9,2004
2026-02-10 10:00:00,445.4,445.4,443.0,445.0,7401
2026-02-10 10:05:00,445.0,446.4,443.6,443.75,11931
2026-02-10 10:10:00,443.75,444.55,442.55,444.0,4427
2026-02-10 10:15:00,443.0,443.95,442.5,443.0,3590
2026-02-10 10:20:00,443.0,443.7,442.9,443.55,1723
2026-02-10 10:25:00,443.55,445.65,443.55,445.65,2661
2026-02-10 10:30:00,445.65,445.85,444.05,445.75,5856
2026-02-10 10:35:00,445.75,445.75,445.3,445.45,3673
2026-02-10 10:40:00,445.3,445.3,444.6,444.65,1860
2026-02-10 10:45:00,444.65,444.65,442.15,442.25,1340
2026-02-10 10:50:00,442.25,443.0,441.1,442.15,9656
2026-02-10 10:55:00,442.15,444.65,442.15,443.55,3883
2026-02-10 11:00:00,444.2,444.7,444.0,444.65,1250
2026-02-10 11:05:00,444.05,445.9,444.05,445.9,1270
2026-02-10 11:10:00,445.9,446.05,445.15,445.35,909
2026-02-10 11:15:00,445.35,445.35,444.5,445.1,1599
2026-02-10 11:20:00,445.1,445.15,444.55,444.6,575
2026-02-10 11:25:00,444.6,444.9,444.2,444.3,649
2026-02-10 11:30:00,444.3,445.0,444.1,445.0,708
2026-02-10 11:35:00,445.0,445.0,443.6,443.6,2888
2026-02-10 11:40:00,443.6,444.0,443.55,443.55,1170
2026-02-10 11:45:00,443.55,444.55,443.55,444.2,1116
2026-02-10 11:50:00,444.2,444.2,442.9,443.1,3569
2026-02-10 11:55:00,443.1,446.0,443.1,444.4,2320
2026-02-10 12:00:00,444.4,445.1,444.3,444.95,548
2026-02-10 12:05:00,444.95,445.1,444.35,444.5,485
2026-02-10 12:10:00,444.45,445.2,444.1,444.1,1323
2026-02-10 12:15:00,444.1,446.0,444.0,445.5,2050
2026-02-10 12:20:00,445.5,447.3,444.9,446.0,6709
2026-02-10 12:25:00,446.0,446.95,445.75,446.5,1918
2026-02-10 12:30:00,446.5,447.0,445.75,446.5,5664
2026-02-10 12:35:00,447.7,450.15,447.6,449.45,11590
2026-02-10 12:40:00,449.45,450.6,449.45,449.5,3636
2026-02-10 12:45:00,449.5,449.9,449.1,449.3,1729
2026-02-10 12:50:00,449.3,451.1,449.3,451.1,3845
2026-02-10 12:55:00,451.1,451.1,449.9,449.9,2578
2026-02-10 13:00:00,450.15,451.6,450.1,450.1,1027
2026-02-10 13:05:00,450.1,451.1,450.0,450.55,1463
2026-02-10 13:10:00,450.55,450.55,449.95,450.45,962
2026-02-10 13:15:00,450.5,450.5,447.0,447.95,6513
2026-02-10 13:20:00,447.95,448.65,446.5,446.5,2330
2026-02-10 13:25:00,446.5,446.9,445.7,446.3,2049
2026-02-10 13:30:00,446.9,446.95,442.35,443.5,12026
2026-02-10 13:35:00,443.5,443.9,442.85,443.05,365
2026-02-10 13:40:00,443.05,443.75,442.5,443.3,3264
2026-02-10 13:45:00,443.3,444.7,443.0,443.0,5142
2026-02-10 13:50:00,443.85,445.25,443.85,445.25,779
2026-02-10 13:55:00,445.2,445.2,443.85,444.4,1701
2026-02-10 14:00:00,444.4,444.55,441.3,443.0,11737
2026-02-10 14:05:00,443.0,443.0,442.3,442.5,882
2026-02-10 14:10:00,442.4,443.2,442.35,443.2,472
2026-02-10 14:15:00,443.2,443.65,443.0,443.65,204
2026-02-10 14:20:00,443.65,443.85,442.8,442.9,1600
2026-02-10 14:25:00,442.95,443.55,442.95,443.35,289
2026-02-10 14:30:00,443.55,443.9,443.3,443.4,317
2026-02-10 14:35:00,443.4,443.8,441.55,442.55,7631
2026-02-10 14:40:00,442.55,442.55,441.0,441.0,652
2026-02-10 14:45:00,441.0,441.35,438.45,439.25,5056
2026-02-10 14:50:00,439.8,442.45,439.8,441.75,4788
2026-02-10 14:55:00,441.75,443.25,441.6,442.35,8702
2026-02-10 15:00:00,442.3,443.15,441.85,442.75,2369
2026-02-10 15:05:00,442.6,442.85,441.25,442.85,5175
2026-02-10 15:10:00,442.85,443.1,442.4,442.5,3853
2026-02-10 15:15:00,442.5,442.5,441.65,441.75,2702
2026-02-10 15:20:00,441.8,443.05,441.8,442.2,19322
2026-02-10 15:25:00,441.5,443.9,441.5,442.9,8100
2026-02-11 09:15:00,445.0,446.0,439.6,440.8,12463
2026-02-11 09:20:00,440.8,441.6,439.9,440.8,4327
2026-02-11 09:25:00,440.8,441.45,440.0,440.0,1433
2026-02-11 09:30:00,440.0,440.5,438.05,438.2,2633
2026-02-11 09:35:00,438.2,438.65,436.25,436.6,4561
2026-02-11 09:40:00,436.6,436.85,435.0,435.0,1718
2026-02-11 09:45:00,435.0,436.2,434.5,435.0,3944
2026-02-11 09:50:00,435.05,435.05,434.05,435.05,2064
2026-02-11 09:55:00,435.05,435.95,434.3,435.8,3599
2026-02-11 10:00:00,435.8,437.5,435.05,436.8,4236
2026-02-11 10:05:00,436.8,437.5,436.8,437.5,1401
2026-02-11 10:10:00,437.5,438.2,437.05,437.7,985
2026-02-11 10:15:00,437.65,437.7,437.15,437.65,138
2026-02-11 10:20:00,437.65,438.2,437.5,438.15,833
2026-02-11 10:25:00,438.15,438.7,437.4,438.35,3126
2026-02-11 10:30:00,438.35,439.15,438.3,438.8,2158
2026-02-11 10:35:00,438.8,439.9,438.45,439.7,1030
2026-02-11 10:40:00,439.7,439.7,438.5,439.45,1173
2026-02-11 10:45:00,439.45,439.75,439.05,439.75,477
2026-02-11 10:50:00,439.75,439.9,438.9,439.1,373
2026-02-11 10:55:00,439.1,439.6,439.1,439.2,808
2026-02-11 11:00:00,439.2,440.7,439.1,440.7,3113
2026-02-11 11:05:00,440.75,441.25,439.9,440.5,2468
2026-02-11 11:10:00,440.5,440.5,439.5,440.0,590
2026-02-11 11:15:00,440.0,440.5,439.65,440.5,314
2026-02-11 11:20:00,440.5,441.05,439.55,440.9,2274
2026-02-11 11:25:00,440.9,440.9,439.6,439.6,1143
2026-02-11 11:30:00,439.6,440.2,439.55,440.1,227
2026-02-11 11:35:00,440.1,440.7,439.5,439.8,629
2026-02-11 11:40:00,439.8,440.4,439.55,439.55,147
2026-02-11 11:45:00,439.55,440.25,439.5,440.25,980
2026-02-11 11:50:00,440.25,440.4,439.8,439.9,533
2026-02-11 11:55:00,439.9,440.15,439.9,440.15,1843
2026-02-11 12:00:00,440.15,440.5,440.1,440.15,315
2026-02-11 12:05:00,440.15,440.5,439.5,439.5,6910
2026-02-11 12:10:00,439.5,440.0,439.5,439.8,2879
2026-02-11 12:15:00,439.8,440.35,439.7,440.15,2041
2026-02-11 12:20:00,439.55,440.15,439.5,439.55,351
2026-02-11 12:25:00,439.55,440.0,439.55,440.0,71
2026-02-11 12:30:00,440.0,440.65,439.6,439.6,492
2026-02-11 12:35:00,439.6,440.0,439.5,439.55,142
2026-02-11 12:40:00,439.55,439.55,437.2,437.2,17346
2026-02-11 12:45:00,437.2,437.85,436.05,436.65,2816
2026-02-11 12:50:00,436.65,437.3,435.75,436.3,1560
2026-02-11 12:55:00,436.55,437.4,436.0,437.4,107
2026-02-11 13:00:00,437.4,442.5,436.8,441.4,11546
2026-02-11 13:05:00,440.9,444.5,440.9,443.9,3248
2026-02-11 13:10:00,443.9,444.8,443.25,443.6,6450
2026-02-11 13:15:00,443.6,444.2,442.05,443.05,1125
2026-02-11 13:20:00,443.05,443.5,443.05,443.5,184
2026-02-11 13:25:00,443.5,443.9,442.35,442.35,1296
2026-02-11 13:30:00,442.35,442.95,442.3,442.5,230
2026-02-11 13:35:00,442.5,442.95,442.45,442.85,1402
2026-02-11 13:40:00,442.9,443.4,442.5,443.0,1397
2026-02-11 13:45:00,442.65,443.95,442.0,442.9,5668
2026-02-11 13:50:00,442.9,443.65,442.75,442.75,412
2026-02-11 13:55:00,442.75,443.3,442.5,442.5,136
2026-02-11 14:00:00,442.5,442.75,442.35,442.75,194
2026-02-11 14:05:00,442.75,442.85,442.3,442.5,130
2026-02-11 14:10:00,442.5,442.9,442.5,442.55,127
2026-02-11 14:15:00,442.55,443.4,442.55,443.4,2414
2026-02-11 14:20:00,443.4,444.0,442.8,443.0,5715
2026-02-11 14:25:00,443.0,443.25,442.25,442.8,698
2026-02-11 14:30:00,442.8,442.85,442.45,442.5,1250
2026-02-11 14:35:00,442.55,443.3,441.7,442.95,2068
2026-02-11 14:40:00,442.95,442.95,442.15,442.2,356
2026-02-11 14:45:00,442.2,442.9,442.05,442.5,387
2026-02-11 14:50:00,442.5,442.5,441.05,441.05,3114
2026-02-11 14:55:00,441.05,441.7,441.05,441.7,469
2026-02-11 15:00:00,441.7,442.5,441.55,441.8,4967
2026-02-11 15:05:00,441.8,442.35,441.55,441.65,1266
2026-02-11 15:10:00,442.45,442.45,441.55,441.9,2402
2026-02-11 15:15:00,441.9,441.9,441.7,441.9,2003
2026-02-11 15:20:00,441.85,442.9,441.5,442.7,8353
2026-02-11 15:25:00,442.7,443.5,442.0,443.45,5577
2026-02-12 09:15:00,442.0,442.5,437.5,438.5,10204
2026-02-12 09:20:00,438.85,439.0,435.6,435.7,6820
2026-02-12 09:25:00,435.7,437.0,435.55,435.95,1648
2026-02-12 09:30:00,436.0,436.5,434.5,436.5,4781
2026-02-12 09:35:00,436.1,436.35,434.8,435.5,5661
2026-02-12 09:40:00,435.5,440.85,434.8,440.0,5752
2026-02-12 09:45:00,440.0,440.45,439.3,439.7,7223
2026-02-12 09:50:00,439.65,440.7,439.65,440.0,6204
2026-02-12 09:55:00,440.0,441.8,439.6,441.8,2030
2026-02-12 10:00:00,441.8,441.9,440.55,441.9,553
2026-02-12 10:05:00,441.9,442.0,440.8,441.05,2772
2026-02-12 10:10:00,441.05,441.65,440.8,441.5,898
2026-02-12 10:15:00,441.5,441.6,441.05,441.05,26
2026-02-12 10:20:00,441.05,441.55,441.0,441.55,487
2026-02-12 10:25:00,441.55,442.4,441.4,442.3,3547
2026-02-12 10:30:00,442.3,445.95,442.25,445.85,17173
2026-02-12 10:35:00,445.85,446.8,443.55,446.8,14040
2026-02-12 10:40:00,446.8,449.0,444.05,447.5,27274
2026-02-12 10:45:00,447.5,447.8,445.1,446.45,12648
2026-02-12 10:50:00,446.45,447.0,445.9,445.9,2883
2026-02-12 10:55:00,445.9,446.4,444.8,445.65,3205
2026-02-12 11:00:00,445.65,449.0,445.0,448.9,14781
2026-02-12 11:05:00,448.9,448.9,446.0,446.0,4938
2026-02-12 11:10:00,446.0,447.9,445.8,445.8,10431
2026-02-12 11:15:00,445.8,446.2,445.0,446.0,3484
2026-02-12 11:20:00,446.0,446.0,445.05,445.7,1071
2026-02-12 11:25:00,445.7,445.95,444.95,445.2,706
2026-02-12 11:30:00,444.9,445.0,444.3,444.3,439
2026-02-12 11:35:00,444.3,445.0,443.45,444.4,3508
2026-02-12 11:40:00,444.0,444.55,443.5,444.55,537
2026-02-12 11:45:00,444.55,445.9,444.5,444.85,1855
2026-02-12 11:50:00,444.85,445.45,444.0,444.8,690
2026-02-12 11:55:00,444.8,444.8,443.9,444.05,261
2026-02-12 12:00:00,444.05,444.05,442.6,442.6,883
2026-02-12 12:05:00,442.6,443.95,442.05,443.8,1270
2026-02-12 12:10:00,443.8,445.05,442.15,445.05,4259
2026-02-12 12:15:00,445.05,445.05,444.5,444.55,78
2026-02-12 12:20:00,444.55,445.1,444.55,445.1,116
2026-02-12 12:25:00,445.1,445.6,444.55,444.55,1012
2026-02-12 12:30:00,444.55,445.45,444.15,444.35,1484
2026-02-12 12:35:00,444.35,445.2,443.95,444.7,4879
2026-02-12 12:40:00,444.7,444.7,443.35,443.95,1411
2026-02-12 12:45:00,443.95,444.0,443.55,443.6,987
2026-02-12 12:50:00,443.4,445.2,443.05,445.2,2995
2026-02-12 12:55:00,445.2,445.25,444.75,444.75,337
2026-02-12 13:00:00,444.6,444.65,444.1,444.5,1148
2026-02-12 13:05:00,444.5,444.5,443.1,443.6,1188
2026-02-12 13:10:00,443.6,443.6,442.05,442.95,3076
2026-02-12 13:15:00,442.95,443.95,442.6,443.75,2602
2026-02-12 13:20:00,443.75,443.75,442.55,443.4,3404
2026-02-12 13:25:00,443.4,443.4,443.05,443.25,61
2026-02-12 13:30:00,443.3,443.95,443.3,443.5,396
2026-02-12 13:35:00,443.5,445.25,443.5,445.25,4406
2026-02-12 13:40:00,445.25,445.5,444.9,445.35,794
2026-02-12 13:45:00,445.35,445.5,445.0,445.0,432
2026-02-12 13:50:00,445.0,445.0,443.45,443.45,2797
2026-02-12 13:55:00,443.45,444.1,443.4,444.1,455
2026-02-12 14:00:00,443.8,445.0,443.25,443.25,7344
2026-02-12 14:05:00,443.35,443.95,443.1,443.1,1088
2026-02-12 14:10:00,443.1,443.55,443.05,443.05,163
2026-02-12 14:15:00,443.05,443.6,443.0,443.0,563
2026-02-12 14:20:00,443.0,443.0,441.75,442.7,3574
2026-02-12 14:25:00,442.7,443.4,442.0,442.2,1486
2026-02-12 14:30:00,442.2,442.7,442.2,442.4,180
2026-02-12 14:35:00,442.4,442.45,441.65,442.35,376
2026-02-12 14:40:00,442.35,442.35,440.45,440.8,2992
2026-02-12 14:45:00,440.8,442.4,440.05,440.2,8518
2026-02-12 14:50:00,440.75,442.5,440.75,441.6,1247
2026-02-12 14:55:00,441.6,442.5,441.6,441.65,1650
2026-02-12 15:00:00,441.95,443.35,441.85,443.35,5254
2026-02-12 15:05:00,443.35,444.0,441.15,441.45,7725
2026-02-12 15:10:00,441.15,441.45,441.0,441.35,1647
2026-02-12 15:15:00,441.1,441.35,440.2,440.8,3184
2026-02-12 15:20:00,440.75,441.0,440.7,440.75,3640
2026-02-12 15:25:00,440.9,441.7,439.75,441.7,12506
2026-02-13 09:15:00,441.35,441.35,436.15,437.0,7204
2026-02-13 09:20:00,437.0,443.35,435.5,442.0,16326
2026-02-13 09:25:00,442.0,443.0,440.05,441.5,8692
2026-02-13 09:30:00,441.5,441.5,439.8,440.4,4375
2026-02-13 09:35:00,440.4,440.8,439.55,440.0,12035
2026-02-13 09:40:00,440.0,442.0,439.75,441.1,17957
2026-02-13 09:45:00,441.1,441.1,440.0,440.0,2326
2026-02-13 09:50:00,440.0,441.0,439.85,440.6,2837
2026-02-13 09:55:00,440.6,441.0,440.0,441.0,3783
2026-02-13 10:00:00,441.0,441.0,440.55,440.85,1882
2026-02-13 10:05:00,440.85,441.15,440.6,441.1,1977
2026-02-13 10:10:00,441.1,441.15,439.85,440.1,3693
2026-02-13 10:15:00,440.1,440.4,439.75,440.0,15063
2026-02-13 10:20:00,440.0,440.0,437.85,438.05,11879
2026-02-13 10:25:00,438.05,439.0,437.9,437.9,1207
2026-02-13 10:30:00,437.9,439.55,437.6,438.8,1917
2026-02-13 10:35:00,438.8,439.9,438.8,439.85,1250
2026-02-13 10:40:00,439.85,440.45,436.95,438.2,13515
2026-02-13 10:45:00,438.35,438.35,434.05,434.05,18392
2026-02-13 10:50:00,434.05,435.0,434.0,434.0,4851
2026-02-13 10:55:00,433.8,434.75,433.8,434.25,1669
2026-02-13 11:00:00,434.25,434.4,432.0,433.0,2498
2026-02-13 11:05:00,433.0,437.1,431.3,434.9,13700
2026-02-13 11:10:00,434.9,435.95,434.9,435.95,771
2026-02-13 11:15:00,435.9,436.4,433.55,433.6,8225
2026-02-13 11:20:00,433.0,434.05,432.0,433.0,15644
2026-02-13 11:25:00,433.0,433.25,432.0,433.0,4079
2026-02-13 11:30:00,433.0,433.75,430.5,433.75,8945
2026-02-13 11:35:00,433.75,433.75,432.0,432.75,5071
2026-02-13 11:40:00,432.75,433.6,432.0,433.05,3495
2026-02-13 11:45:00,433.05,433.6,432.6,432.9,528
2026-02-13 11:50:00,432.9,435.3,432.3,435.05,3864
2026-02-13 11:55:00,435.05,436.3,434.5,434.5,3741
2026-02-13 12:00:00,435.8,436.0,435.8,436.0,479
2026-02-13 12:05:00,436.0,436.4,435.8,436.4,378
2026-02-13 12:10:00,436.4,436.4,435.5,436.0,3400
2026-02-13 12:15:00,436.0,438.0,436.0,438.0,9686
2026-02-13 12:20:00,438.0,438.2,436.95,437.6,10335
2026-02-13 12:25:00,437.5,439.5,437.0,438.5,11429
2026-02-13 12:30:00,438.5,438.5,436.5,437.05,2403
2026-02-13 12:35:00,437.05,437.2,436.8,437.2,550
2026-02-13 12:40:00,437.1,437.1,435.15,435.15,1185
2026-02-13 12:45:00,434.4,438.5,434.4,438.5,4434
2026-02-13 12:50:00,438.5,438.5,436.05,436.4,1081
2026-02-13 12:55:00,436.4,436.75,435.85,435.85,985
2026-02-13 13:00:00,435.85,436.3,435.5,436.3,1643
2026-02-13 13:05:00,436.3,437.0,435.8,436.65,3201
2026-02-13 13:10:00,436.65,437.0,436.2,436.7,5967
2026-02-13 13:15:00,436.7,436.8,435.45,436.05,1306
2026-02-13 13:20:00,436.05,436.1,420.0,422.9,104646
2026-02-13 13:25:00,421.7,427.7,407.0,409.8,181766
2026-02-13 13:30:00,409.8,413.0,406.2,409.0,141836
2026-02-13 13:35:00,408.0,409.9,401.15,404.65,141716
2026-02-13 13:40:00,404.75,406.4,400.4,402.0,73827
2026-02-13 13:45:00,401.95,401.95,397.3,398.0,131770
2026-02-13 13:50:00,398.6,398.6,397.3,397.6,84206
2026-02-13 13:55:00,398.9,401.3,398.3,400.95,69394
2026-02-13 14:00:00,400.2,401.7,399.0,401.7,42337
2026-02-13 14:05:00,402.0,402.0,400.0,400.0,38584
2026-02-13 14:10:00,400.0,402.0,397.3,397.3,123513
2026-02-13 14:15:00,397.3,397.3,397.3,397.3,15128
2026-02-13 14:20:00,397.3,397.3,397.3,397.3,6654
2026-02-13 14:25:00,397.3,397.3,397.3,397.3,3402
2026-02-13 14:30:00,397.3,397.3,397.3,397.3,2581
2026-02-13 14:35:00,397.3,397.3,397.3,397.3,1767
2026-02-13 14:40:00,397.3,397.3,397.3,397.3,3147
2026-02-13 14:45:00,397.3,397.3,397.3,397.3,3676
2026-02-13 14:50:00,397.3,397.3,397.3,397.3,1827
2026-02-13 14:55:00,397.3,397.3,397.3,397.3,3210
2026-02-13 15:00:00,397.3,397.3,397.3,397.3,8990
2026-02-13 15:05:00,397.3,397.3,397.3,397.3,6663
2026-02-13 15:10:00,397.3,397.3,397.3,397.3,1585
2026-02-13 15:15:00,397.3,397.3,397.3,397.3,3824
2026-02-13 15:20:00,397.3,397.3,397.3,397.3,6512
2026-02-13 15:25:00,397.3,397.3,397.3,397.3,7808
2026-02-16 09:15:00,366.95,367.0,357.6,362.5,396585
2026-02-16 09:20:00,362.5,369.95,361.4,367.7,148847
2026-02-16 09:25:00,367.7,367.7,361.75,362.05,84287
2026-02-16 09:30:00,362.05,365.0,361.6,363.6,72657
2026-02-16 09:35:00,363.6,365.45,361.15,361.5,72682
2026-02-16 09:40:00,361.5,361.5,358.55,361.0,164548
2026-02-16 09:45:00,361.3,361.8,360.1,361.8,46048
2026-02-16 09:50:00,361.8,363.6,361.05,362.0,77567
2026-02-16 09:55:00,362.55,363.5,361.05,361.6,81716
2026-02-16 10:00:00,361.6,362.25,361.0,361.0,30572
2026-02-16 10:05:00,361.05,361.05,359.0,359.4,43639
2026-02-16 10:10:00,359.4,360.0,358.6,358.6,37781
2026-02-16 10:15:00,358.6,360.0,358.6,359.5,18318
2026-02-16 10:20:00,359.5,361.75,358.75,360.6,29362
2026-02-16 10:25:00,360.5,361.1,359.3,359.9,29635
2026-02-16 10:30:00,359.9,363.05,359.85,363.05,31095
2026-02-16 10:35:00,363.1,363.7,362.5,363.0,37353
2026-02-16 10:40:00,362.7,363.85,362.1,363.0,15312
2026-02-16 10:45:00,363.5,363.5,361.2,361.7,16032
2026-02-16 10:50:00,361.0,361.65,360.55,361.4,8256
2026-02-16 10:55:00,361.4,361.4,359.75,360.0,29068
2026-02-16 11:00:00,360.0,360.0,359.05,359.7,16946
2026-02-16 11:05:00,359.7,360.9,358.85,360.6,10721
2026-02-16 11:10:00,360.6,361.0,359.9,360.45,26122
2026-02-16 11:15:00,360.75,361.0,359.55,360.1,24613
2026-02-16 11:20:00,360.1,360.9,359.5,360.55,8797
2026-02-16 11:25:00,360.5,361.0,359.85,360.0,15135
2026-02-16 11:30:00,360.0,360.45,359.55,360.0,26353
2026-02-16 11:35:00,360.0,360.35,357.6,357.6,91193
2026-02-16 11:40:00,357.6,360.9,357.6,358.8,89122
2026-02-16 11:45:00,358.8,359.75,358.1,358.55,14288
2026-02-16 11:50:00,358.65,359.0,358.05,359.0,8720
2026-02-16 11:55:00,358.2,359.1,357.6,358.3,43204
2026-02-16 12:00:00,358.3,358.9,358.0,358.7,38304
2026-02-16 12:05:00,358.7,359.5,357.8,358.0,10585
2026-02-16 12:10:00,357.85,358.2,357.6,357.6,36571
2026-02-16 12:15:00,357.65,359.0,357.6,357.75,15920
2026-02-16 12:20:00,357.75,358.4,357.6,357.6,20411
2026-02-16 12:25:00,357.6,357.8,357.6,357.6,22396
2026-02-16 12:30:00,357.6,359.15,357.6,359.15,61010
2026-02-16 12:35:00,359.1,359.1,357.6,357.6,111107
2026-02-16 12:40:00,357.6,358.0,357.6,357.6,24869
2026-02-16 12:45:00,357.6,357.6,357.6,357.6,3665
2026-02-16 12:50:00,357.6,357.6,357.6,357.6,1787
2026-02-16 12:55:00,357.6,357.6,357.6,357.6,2716
2026-02-16 13:00:00,357.6,357.6,357.6,357.6,1152
2026-02-16 13:05:00,357.6,357.6,357.6,357.6,2245
2026-02-16 13:10:00,357.6,357.6,357.6,357.6,842
2026-02-16 13:15:00,357.6,357.6,357.6,357.6,753
2026-02-16 13:20:00,357.6,357.6,357.6,357.6,2607
2026-02-16 13:25:00,357.6,357.6,357.6,357.6,1335
2026-02-16 13:30:00,357.6,358.5,357.6,358.05,52319
2026-02-16 13:35:00,358.05,358.45,357.6,357.6,29546
2026-02-16 13:40:00,357.6,357.6,357.6,357.6,6427
2026-02-16 13:45:00,357.6,357.6,357.6,357.6,4996
2026-02-16 13:50:00,357.6,357.6,357.6,357.6,1211
2026-02-16 13:55:00,357.6,357.6,357.6,357.6,6540
2026-02-16 14:00:00,357.6,357.6,357.6,357.6,1154
2026-02-16 14:05:00,357.6,357.6,357.6,357.6,2585
2026-02-16 14:10:00,357.6,357.95,357.6,357.7,39040
2026-02-16 14:15:00,357.7,357.8,357.6,357.6,10557
2026-02-16 14:20:00,357.6,357.7,357.6,357.7,9684
2026-02-16 14:25:00,357.7,357.7,357.6,357.6,9386
2026-02-16 14:30:00,357.6,357.6,357.6,357.6,1005
2026-02-16 14:35:00,357.6,357.6,357.6,357.6,1748
2026-02-16 14:40:00,357.6,357.6,357.6,357.6,803
2026-02-16 14:45:00,357.6,357.6,357.6,357.6,617
2026-02-16 14:50:00,357.6,357.6,357.6,357.6,1432
2026-02-16 14:55:00,357.6,357.6,357.6,357.6,1727
2026-02-16 15:00:00,357.6,357.6,357.6,357.6,4823
2026-02-16 15:05:00,357.6,357.6,357.6,357.6,3126
2026-02-16 15:10:00,357.6,357.6,357.6,357.6,6468
2026-02-16 15:15:00,357.6,357.6,357.6,357.6,3816
2026-02-16 15:20:00,357.6,357.6,357.6,357.6,3548
2026-02-16 15:25:00,357.6,357.6,357.6,357.6,10377
2026-02-17 09:15:00,357.6,359.9,352.55,357.15,112259
2026-02-17 09:20:00,357.2,365.65,355.3,364.7,108030
2026-02-17 09:25:00,364.3,366.0,363.0,363.1,48963
2026-02-17 09:30:00,363.0,365.0,361.0,363.75,37961
2026-02-17 09:35:00,363.8,364.5,360.5,364.5,31037
2026-02-17 09:40:00,364.5,373.9,363.6,373.5,87104
2026-02-17 09:45:00,373.35,379.5,372.6,377.3,146872
2026-02-17 09:50:00,378.25,384.5,377.0,382.65,168306
2026-02-17 09:55:00,382.65,383.45,377.0,380.0,207963
2026-02-17 10:00:00,379.55,379.6,376.15,376.2,43313
2026-02-17 10:05:00,376.2,377.0,374.4,374.95,40650
2026-02-17 10:10:00,374.95,374.95,368.15,371.5,111859
2026-02-17 10:15:00,371.8,372.25,370.3,371.65,20449
2026-02-17 10:20:00,371.65,372.0,370.05,370.95,10014
2026-02-17 10:25:00,370.95,371.85,369.5,369.5,16148
2026-02-17 10:30:00,369.5,370.05,366.35,367.0,24518
2026-02-17 10:35:00,367.0,369.35,367.0,368.8,16029
2026-02-17 10:40:00,368.8,368.8,367.05,367.6,12023
2026-02-17 10:45:00,367.75,367.9,365.8,367.3,16277
2026-02-17 10:50:00,367.3,367.3,365.4,366.4,19831
2026-02-17 10:55:00,366.0,367.2,366.0,367.2,5161
2026-02-17 11:00:00,367.2,367.2,366.25,366.25,4333
2026-02-17 11:05:00,366.25,366.55,365.55,366.35,5765
2026-02-17 11:10:00,366.35,366.35,365.0,365.5,7647
2026-02-17 11:15:00,365.5,367.8,365.25,367.8,29330
2026-02-17 11:20:00,367.8,367.8,366.3,367.3,6348
2026-02-17 11:25:00,367.0,367.0,365.15,365.85,8962
2026-02-17 11:30:00,365.85,366.0,365.15,365.3,11085
2026-02-17 11:35:00,365.3,365.3,363.05,363.55,18384
2026-02-17 11:40:00,363.3,363.4,362.25,363.0,8628
2026-02-17 11:45:00,363.0,363.15,361.7,362.3,12263
2026-02-17 11:50:00,362.3,365.1,362.3,363.8,22637
2026-02-17 11:55:00,363.8,364.9,363.05,363.25,5808
2026-02-17 12:00:00,363.25,363.7,361.7,361.7,7797
2026-02-17 12:05:00,361.7,363.6,361.7,362.3,9479
2026-02-17 12:10:00,362.55,368.0,362.1,366.55,69585
2026-02-17 12:15:00,366.55,367.75,365.2,365.2,23188
2026-02-17 12:20:00,365.2,365.65,364.45,365.0,6345
2026-02-17 12:25:00,365.1,365.35,364.4,364.45,5421
2026-02-17 12:30:00,364.45,364.45,363.35,363.5,4089
2026-02-17 12:35:00,363.5,364.0,362.55,363.5,6046
2026-02-17 12:40:00,363.5,364.4,363.05,364.4,13565
2026-02-17 12:45:00,364.4,366.7,363.6,364.85,21489
2026-02-17 12:50:00,365.3,365.9,363.0,364.3,20631
2026-02-17 12:55:00,364.2,365.25,363.7,364.3,4391
2026-02-17 13:00:00,364.5,366.5,363.9,365.55,14324
2026-02-17 13:05:00,365.75,366.0,363.8,364.4,14509
2026-02-17 13:10:00,364.4,364.95,362.5,363.15,12432
2026-02-17 13:15:00,362.9,363.55,362.5,363.0,4560
2026-02-17 13:20:00,363.0,363.4,362.7,362.9,3847
2026-02-17 13:25:00,362.9,363.35,362.0,362.75,11373
2026-02-17 13:30:00,362.75,364.6,362.6,362.6,13458
2026-02-17 13:35:00,362.6,364.15,361.0,362.0,31189
2026-02-17 13:40:00,362.0,362.9,362.0,362.65,3700
2026-02-17 13:45:00,362.65,362.95,362.2,362.45,12270
2026-02-17 13:50:00,362.45,362.95,362.05,362.1,2013
2026-02-17 13:55:00,362.1,362.8,362.0,362.1,3027
2026-02-17 14:00:00,362.1,362.5,361.55,362.5,4271
2026-02-17 14:05:00,361.95,362.8,361.95,361.95,2468
2026-02-17 14:10:00,361.95,362.25,361.6,361.9,2803
2026-02-17 14:15:00,361.9,362.35,361.3,361.75,8744
2026-02-17 14:20:00,361.75,362.45,361.75,362.3,1735
2026-02-17 14:25:00,362.3,362.45,360.15,360.6,14767
2026-02-17 14:30:00,360.6,361.5,360.15,361.05,5702
2026-02-17 14:35:00,361.45,361.45,360.6,360.6,6525
2026-02-17 14:40:00,360.6,361.25,360.25,360.85,3220
2026-02-17 14:45:00,360.85,361.45,360.65,361.0,4384
2026-02-17 14:50:00,361.0,361.2,360.1,360.6,9369
2026-02-17 14:55:00,361.0,361.7,360.5,361.7,5753
2026-02-17 15:00:00,361.7,362.0,360.9,361.9,10560
2026-02-17 15:05:00,361.9,362.3,361.65,362.1,12682
2026-02-17 15:10:00,362.1,362.1,360.5,361.4,19437
2026-02-17 15:15:00,361.4,362.1,361.0,361.9,20472
2026-02-17 15:20:00,361.4,363.6,361.35,361.85,43799
2026-02-17 15:25:00,361.65,361.75,360.5,360.5,20680
2026-02-18 09:15:00,368.8,368.8,359.25,360.65,71027
2026-02-18 09:20:00,360.7,362.75,359.75,362.5,30445
2026-02-18 09:25:00,362.4,363.4,360.25,362.5,36269
2026-02-18 09:30:00,362.5,365.15,362.0,362.8,23526
2026-02-18 09:35:00,362.95,365.25,362.25,362.25,18546
2026-02-18 09:40:00,362.25,364.95,361.9,363.8,16994
2026-02-18 09:45:00,363.8,364.95,363.45,364.95,9601
2026-02-18 09:50:00,364.95,364.95,362.0,362.0,25036
2026-02-18 09:55:00,362.0,362.9,361.4,362.0,9965
2026-02-18 10:00:00,362.0,362.25,360.5,360.5,12298
2026-02-18 10:05:00,360.85,361.85,360.5,361.3,7678
2026-02-18 10:10:00,361.3,361.75,361.15,361.6,794
2026-02-18 10:15:00,361.6,361.65,360.2,360.7,19545
2026-02-18 10:20:00,360.7,361.2,360.3,360.4,9524
2026-02-18 10:25:00,360.4,360.5,359.25,359.75,9145
2026-02-18 10:30:00,359.8,359.8,358.0,358.1,8913
2026-02-18 10:35:00,358.0,359.65,358.0,358.6,8360
2026-02-18 10:40:00,358.6,359.2,358.05,358.5,2742
2026-02-18 10:45:00,358.5,359.25,358.5,358.55,1903
2026-02-18 10:50:00,358.55,360.0,358.55,359.35,6952
2026-02-18 10:55:00,359.35,359.4,358.1,359.15,3857
2026-02-18 11:00:00,359.15,359.65,359.0,359.0,677
2026-02-18 11:05:00,359.25,359.3,359.0,359.0,5539
2026-02-18 11:10:00,359.0,359.6,358.8,359.15,3822
2026-02-18 11:15:00,359.0,359.45,358.5,358.9,3262
2026-02-18 11:20:00,358.9,359.15,358.55,358.8,1622
2026-02-18 11:25:00,359.3,359.7,358.95,359.15,2723
2026-02-18 11:30:00,359.15,360.3,359.0,359.1,4870
2026-02-18 11:35:00,359.1,359.4,358.55,358.6,3027
2026-02-18 11:40:00,358.6,358.9,358.3,358.5,2060
2026-02-18 11:45:00,358.5,359.0,358.3,358.55,1520
2026-02-18 11:50:00,358.3,359.0,358.0,358.5,4920
2026-02-18 11:55:00,358.7,358.7,358.05,358.3,3873
2026-02-18 12:00:00,358.3,358.45,357.9,357.9,13345
2026-02-18 12:05:00,357.95,358.15,357.0,357.85,9464
2026-02-18 12:10:00,357.85,358.4,357.65,357.85,2009
2026-02-18 12:15:00,357.85,357.95,357.0,357.75,6068
2026-02-18 12:20:00,357.75,358.1,357.3,358.1,1984
2026-02-18 12:25:00,358.1,358.1,357.45,357.45,1234
2026-02-18 12:30:00,357.45,358.25,357.45,357.95,4194
2026-02-18 12:35:00,357.95,358.45,357.95,358.05,477
2026-02-18 12:40:00,358.05,359.3,357.95,358.55,6005
2026-02-18 12:45:00,358.55,359.0,358.0,358.5,1304
2026-02-18 12:50:00,358.5,359.15,358.4,358.8,2155
2026-02-18 12:55:00,358.8,359.05,358.6,358.65,1413
2026-02-18 13:00:00,358.65,359.25,358.65,358.65,1128
2026-02-18 13:05:00,358.55,358.55,358.0,358.05,4918
2026-02-18 13:10:00,358.05,358.2,357.55,357.55,1955
2026-02-18 13:15:00,357.65,358.2,357.6,357.7,956
2026-02-18 13:20:00,357.7,358.5,357.7,357.75,866
2026-02-18 13:25:00,358.2,358.3,357.55,357.8,8073
2026-02-18 13:30:00,357.8,357.9,357.55,357.65,905
2026-02-18 13:35:00,357.65,358.2,357.6,358.0,5335
2026-02-18 13:40:00,357.65,358.65,357.6,357.65,2993
2026-02-18 13:45:00,357.65,358.35,357.5,357.55,4765
2026-02-18 13:50:00,357.55,357.7,356.55,357.05,7138
2026-02-18 13:55:00,357.1,357.45,356.6,356.85,4757
2026-02-18 14:00:00,356.85,357.0,356.05,356.05,5839
2026-02-18 14:05:00,356.05,357.7,355.0,357.25,27454
2026-02-18 14:10:00,357.15,357.4,356.7,357.0,4368
2026-02-18 14:15:00,357.0,357.45,356.6,357.45,1938
2026-02-18 14:20:00,357.45,357.6,357.25,357.35,1280
2026-02-18 14:25:00,357.35,358.0,357.3,357.45,5958
2026-02-18 14:30:00,357.9,358.0,357.4,357.45,734
2026-02-18 14:35:00,357.45,357.95,357.4,357.45,2786
2026-02-18 14:40:00,357.45,357.95,356.8,357.25,8878
2026-02-18 14:45:00,357.25,358.45,357.25,357.4,8656
2026-02-18 14:50:00,357.75,359.0,357.5,358.65,9370
2026-02-18 14:55:00,358.65,359.0,358.25,358.7,8196
2026-02-18 15:00:00,358.65,360.0,358.65,359.8,9793
2026-02-18 15:05:00,359.85,360.0,358.65,358.65,14694
2026-02-18 15:10:00,358.65,360.0,358.5,359.1,12679
2026-02-18 15:15:00,359.1,360.0,358.9,359.05,16081
2026-02-18 15:20:00,359.05,360.0,359.0,359.2,16447
2026-02-18 15:25:00,359.2,359.95,358.35,358.35,15345
2026-02-19 09:15:00,359.95,362.7,359.0,361.35,27722
2026-02-19 09:20:00,361.7,363.7,360.6,362.7,15411
2026-02-19 09:25:00,362.0,362.0,359.3,360.2,11397
2026-02-19 09:30:00,359.75,359.8,357.6,358.5,8766
2026-02-19 09:35:00,359.0,359.85,358.5,359.0,12240
2026-02-19 09:40:00,359.0,359.85,359.0,359.65,3647
2026-02-19 09:45:00,359.65,364.95,359.15,364.15,12257
2026-02-19 09:50:00,364.15,375.0,364.0,375.0,77803
2026-02-19 09:55:00,375.0,385.85,375.0,385.1,219027
2026-02-19 10:00:00,385.0,388.3,382.45,386.55,162620
2026-02-19 10:05:00,386.85,387.05,380.25,380.8,77942
2026-02-19 10:10:00,381.45,381.45,374.0,375.4,141231
2026-02-19 10:15:00,375.0,377.6,374.0,375.6,69170
2026-02-19 10:20:00,375.65,375.65,372.0,372.3,49409
2026-02-19 10:25:00,372.0,373.95,371.15,372.45,54312
2026-02-19 10:30:00,372.45,372.45,369.4,371.35,40015
2026-02-19 10:35:00,371.35,371.65,369.0,369.6,14542
2026-02-19 10:40:00,369.55,369.9,368.6,369.0,17999
2026-02-19 10:45:00,368.9,372.95,368.0,370.0,33344
2026-02-19 10:50:00,370.0,370.9,369.05,370.35,10599
2026-02-19 10:55:00,370.35,371.15,369.0,371.15,30107
2026-02-19 11:00:00,371.15,371.4,368.55,368.85,19057
2026-02-19 11:05:00,368.85,369.6,368.1,368.1,9156
2026-02-19 11:10:00,368.1,368.9,368.0,368.45,11249
2026-02-19 11:15:00,368.45,368.6,368.0,368.0,3295
2026-02-19 11:20:00,368.0,368.55,367.5,367.65,11680
2026-02-19 11:25:00,367.65,369.0,367.65,368.25,4252
2026-02-19 11:30:00,368.25,368.55,367.5,367.5,6807
2026-02-19 11:35:00,367.5,368.15,367.5,368.0,4237
2026-02-19 11:40:00,368.0,368.15,368.0,368.0,4654
2026-02-19 11:45:00,368.0,369.0,367.85,368.5,8846
2026-02-19 11:50:00,368.5,369.05,368.1,368.9,3370
2026-02-19 11:55:00,368.9,369.55,368.2,368.4,11261
2026-02-19 12:00:00,368.85,369.9,368.0,369.1,7523
2026-02-19 12:05:00,369.6,369.6,368.2,368.2,2977
2026-02-19 12:10:00,368.25,368.45,366.5,367.0,19591
2026-02-19 12:15:00,367.25,367.25,365.4,367.1,12863
2026-02-19 12:20:00,367.1,367.2,366.65,367.0,1190
2026-02-19 12:25:00,367.0,368.25,366.65,367.3,21219
2026-02-19 12:30:00,367.3,367.65,366.6,366.6,3459
2026-02-19 12:35:00,366.6,367.25,366.3,366.4,2492
2026-02-19 12:40:00,366.3,366.65,366.3,366.4,1763
2026-02-19 12:45:00,366.4,367.45,366.25,366.95,3965
2026-02-19 12:50:00,366.4,367.2,366.05,367.2,4330
2026-02-19 12:55:00,367.2,367.9,367.0,367.65,4259
2026-02-19 13:00:00,367.65,367.65,366.75,367.1,1668
2026-02-19 13:05:00,366.75,368.0,366.45,367.5,4417
2026-02-19 13:10:00,367.5,367.6,367.0,367.6,2189
2026-02-19 13:15:00,367.6,367.6,367.05,367.1,7399
2026-02-19 13:20:00,367.25,367.4,367.1,367.4,1103
2026-02-19 13:25:00,367.4,367.4,367.1,367.25,421
2026-02-19 13:30:00,367.1,367.3,366.4,366.75,3041
2026-02-19 13:35:00,366.75,367.0,366.05,366.05,3659
2026-02-19 13:40:00,366.05,367.3,366.05,367.1,2386
2026-02-19 13:45:00,367.25,367.25,366.25,366.5,2783
2026-02-19 13:50:00,366.5,367.45,366.5,367.45,5742
2026-02-19 13:55:00,367.05,367.8,367.0,367.3,4534
2026-02-19 14:00:00,367.3,367.4,367.0,367.15,4395
2026-02-19 14:05:00,367.15,367.4,366.5,366.55,4424
2026-02-19 14:10:00,366.55,366.95,366.05,366.6,2680
2026-02-19 14:15:00,366.6,367.45,366.6,367.15,2120
2026-02-19 14:20:00,367.1,367.7,366.8,367.2,3048
2026-02-19 14:25:00,367.2,367.2,366.0,366.2,8634
2026-02-19 14:30:00,366.2,366.5,364.7,365.25,24974
2026-02-19 14:35:00,365.25,366.5,365.25,366.5,4261
2026-02-19 14:40:00,366.5,366.5,365.2,365.35,3605
2026-02-19 14:45:00,365.35,365.75,363.85,364.7,11322
2026-02-19 14:50:00,364.7,365.0,364.3,364.6,4545
2026-02-19 14:55:00,364.7,366.0,363.7,365.95,11667
2026-02-19 15:00:00,365.95,366.3,364.8,364.8,10251
2026-02-19 15:05:00,364.9,365.3,364.0,365.15,22728
2026-02-19 15:10:00,364.8,365.5,363.0,363.55,19529
2026-02-19 15:15:00,363.55,364.75,362.55,364.75,25827
2026-02-19 15:20:00,364.25,364.4,363.0,364.0,20608
2026-02-19 15:25:00,364.5,367.0,363.25,363.7,26456
2026-02-20 09:15:00,371.0,371.0,359.0,361.05,99531
2026-02-20 09:20:00,361.6,363.65,360.25,362.0,15455
2026-02-20 09:25:00,361.9,362.4,360.2,360.25,11501
2026-02-20 09:30:00,360.55,361.2,359.0,360.95,16646
2026-02-20 09:35:00,360.95,363.25,360.35,361.0,29600
2026-02-20 09:40:00,360.6,360.75,359.25,359.9,13012
2026-02-20 09:45:00,359.9,362.6,359.9,361.3,6017
2026-02-20 09:50:00,361.8,365.5,361.3,363.5,26024
2026-02-20 09:55:00,364.15,367.5,364.0,365.2,21316
2026-02-20 10:00:00,365.7,365.9,364.35,364.6,8810
2026-02-20 10:05:00,364.9,365.15,363.25,363.6,5675
2026-02-20 10:10:00,363.3,364.2,363.1,363.3,3989
2026-02-20 10:15:00,363.3,364.5,361.35,362.2,12353
2026-02-20 10:20:00,361.9,362.6,360.4,360.95,11364
2026-02-20 10:25:00,360.55,361.0,360.5,361.0,8963
2026-02-20 10:30:00,361.0,361.0,358.1,359.0,34327
2026-02-20 10:35:00,359.0,359.4,358.45,358.45,4845
2026-02-20 10:40:00,358.45,360.45,358.45,359.5,7709
2026-02-20 10:45:00,359.85,359.85,358.95,359.4,6044
2026-02-20 10:50:00,359.4,360.15,359.0,359.75,8647
2026-02-20 10:55:00,360.15,360.25,359.0,359.35,4766
2026-02-20 11:00:00,359.35,359.5,359.0,359.0,2004
2026-02-20 11:05:00,359.05,359.05,358.2,359.0,6376
2026-02-20 11:10:00,359.0,359.95,357.9,357.9,43912
2026-02-20 11:15:00,357.9,359.15,357.9,358.65,9163
2026-02-20 11:20:00,358.65,359.5,358.4,358.65,4113
2026-02-20 11:25:00,358.65,360.35,358.4,359.7,23313
2026-02-20 11:30:00,359.7,359.7,358.4,358.65,650
2026-02-20 11:35:00,358.95,359.15,358.2,358.45,2087
2026-02-20 11:40:00,358.45,359.05,358.35,358.7,2178
2026-02-20 11:45:00,358.95,359.5,358.7,358.85,4831
2026-02-20 11:50:00,358.85,359.1,358.65,358.7,1399
2026-02-20 11:55:00,358.7,358.85,358.55,358.7,1334
2026-02-20 12:00:00,358.7,359.0,358.2,358.2,11146
2026-02-20 12:05:00,358.2,358.85,358.0,358.65,18600
2026-02-20 12:10:00,358.65,359.0,358.3,358.55,3088
2026-02-20 12:15:00,358.55,360.1,358.5,359.5,9596
2026-02-20 12:20:00,359.5,360.35,359.0,359.3,5352
2026-02-20 12:25:00,359.55,360.0,358.75,358.75,15057
2026-02-20 12:30:00,358.75,359.0,358.0,358.45,6392
2026-02-20 12:35:00,358.4,359.1,358.05,358.9,7646
2026-02-20 12:40:00,358.9,359.4,358.45,359.15,1528
2026-02-20 12:45:00,359.15,359.55,358.65,359.0,1804
2026-02-20 12:50:00,359.0,359.2,358.65,359.05,1545
2026-02-20 12:55:00,359.05,359.45,358.65,359.0,4102
2026-02-20 13:00:00,359.0,359.45,359.0,359.0,1079
2026-02-20 13:05:00,359.0,359.45,358.65,358.65,4095
2026-02-20 13:10:00,358.65,359.0,358.65,359.0,1408
2026-02-20 13:15:00,359.0,359.1,358.0,358.25,8004
2026-02-20 13:20:00,358.25,358.8,358.2,358.4,1779
2026-02-20 13:25:00,358.35,358.45,357.2,357.4,19003
2026-02-20 13:30:00,357.4,358.3,356.85,358.3,9842
2026-02-20 13:35:00,358.6,358.7,356.9,356.9,8651
2026-02-20 13:40:00,357.25,357.25,355.7,355.7,13667
2026-02-20 13:45:00,355.0,356.15,354.8,355.5,19234
2026-02-20 13:50:00,355.85,356.0,355.5,356.0,2637
2026-02-20 13:55:00,356.0,356.75,355.65,356.35,3300
2026-02-20 14:00:00,356.35,357.5,356.05,357.5,2106
2026-02-20 14:05:00,357.5,357.5,356.95,357.5,2722
2026-02-20 14:10:00,357.5,357.65,357.0,357.2,4498
2026-02-20 14:15:00,357.2,357.8,357.0,357.15,732
2026-02-20 14:20:00,356.95,357.35,356.6,356.9,1625
2026-02-20 14:25:00,356.9,357.5,355.75,356.1,5145
2026-02-20 14:30:00,356.1,356.55,355.5,355.75,3761
2026-02-20 14:35:00,355.75,356.95,355.2,356.4,13257
2026-02-20 14:40:00,356.4,356.95,356.2,356.35,2946
2026-02-20 14:45:00,356.35,357.65,356.35,356.6,5131
2026-02-20 14:50:00,356.6,356.6,355.0,356.3,13005
2026-02-20 14:55:00,356.8,356.8,355.5,355.55,10586
2026-02-20 15:00:00,355.55,356.35,355.55,355.9,5591
2026-02-20 15:05:00,356.15,356.65,355.2,355.4,19616
2026-02-20 15:10:00,356.75,357.8,355.4,357.05,19809
2026-02-20 15:15:00,356.65,357.45,355.7,356.0,13284
2026-02-20 15:20:00,356.05,357.65,355.0,355.35,30102
2026-02-20 15:25:00,355.35,356.0,353.1,353.8,30601
2026-02-23 09:15:00,359.0,368.9,357.6,365.75,116230
2026-02-23 09:20:00,365.75,366.0,362.35,365.55,33991
2026-02-23 09:25:00,365.95,366.45,364.5,364.6,31525
2026-02-23 09:30:00,364.6,369.0,364.6,367.1,49748
2026-02-23 09:35:00,367.35,368.85,366.35,366.45,84662
2026-02-23 09:40:00,366.45,370.95,366.0,370.95,85711
2026-02-23 09:45:00,370.8,370.95,366.65,366.65,54865
2026-02-23 09:50:00,366.8,367.75,366.55,367.2,17188
2026-02-23 09:55:00,367.45,369.0,367.3,367.35,17873
2026-02-23 10:00:00,367.35,370.05,367.35,369.0,37364
2026-02-23 10:05:00,368.8,369.0,367.35,367.85,32140
2026-02-23 10:10:00,367.85,369.0,367.0,368.7,34778
2026-02-23 10:15:00,368.7,368.9,367.2,368.0,18157
2026-02-23 10:20:00,368.0,369.0,367.85,368.2,17222
2026-02-23 10:25:00,368.2,368.6,367.5,368.4,22946
2026-02-23 10:30:00,368.4,369.0,368.2,368.9,10234
2026-02-23 10:35:00,368.9,369.0,367.7,368.3,9739
2026-02-23 10:40:00,368.3,370.0,368.1,369.1,21576
2026-02-23 10:45:00,369.1,370.3,368.95,370.0,35572
2026-02-23 10:50:00,370.0,370.0,368.85,369.6,56674
2026-02-23 10:55:00,369.75,369.75,369.2,369.35,19288
2026-02-23 11:00:00,369.1,369.6,369.05,369.05,6617
2026-02-23 11:05:00,369.05,369.05,367.85,367.85,13263
2026-02-23 11:10:00,367.85,367.85,367.25,367.25,11422
2026-02-23 11:15:00,367.25,367.7,367.05,367.05,12704
2026-02-23 11:20:00,367.05,375.5,367.05,375.0,138459
2026-02-23 11:25:00,375.0,379.7,374.9,379.35,188706
2026-02-23 11:30:00,379.1,391.4,379.1,389.0,715513
2026-02-23 11:35:00,389.45,391.4,385.45,390.0,556082
2026-02-23 11:40:00,390.5,391.4,388.65,390.25,310145
2026-02-23 11:45:00,390.95,391.4,389.45,389.65,224128
2026-02-23 11:50:00,389.7,391.4,389.6,391.4,212665
2026-02-23 11:55:00,391.4,391.4,391.4,391.4,22066
2026-02-23 12:00:00,391.4,391.4,391.4,391.4,7575
2026-02-23 12:05:00,391.4,391.4,391.4,391.4,7077
2026-02-23 12:10:00,391.4,391.4,391.4,391.4,12562
2026-02-23 12:15:00,391.4,391.4,391.4,391.4,2511
2026-02-23 12:20:00,391.4,391.4,391.4,391.4,2283
2026-02-23 12:25:00,391.4,391.4,391.4,391.4,10354
2026-02-23 12:30:00,391.4,391.4,391.4,391.4,824
2026-02-23 12:35:00,391.4,391.4,391.4,391.4,2052
2026-02-23 12:40:00,391.4,391.4,391.4,391.4,1133
2026-02-23 12:45:00,391.4,391.4,391.4,391.4,831
2026-02-23 12:50:00,391.4,391.4,391.4,391.4,355
2026-02-23 12:55:00,391.4,391.4,391.4,391.4,6195
2026-02-23 13:00:00,391.4,391.4,391.4,391.4,438
2026-02-23 13:05:00,391.4,391.4,391.4,391.4,4729
2026-02-23 13:10:00,391.4,391.4,391.4,391.4,3394
2026-02-23 13:15:00,391.4,391.4,391.4,391.4,1256
2026-02-23 13:20:00,391.4,391.4,391.4,391.4,1960
2026-02-23 13:25:00,391.4,391.4,391.4,391.4,2865
2026-02-23 13:30:00,391.4,391.4,391.4,391.4,786
2026-02-23 13:35:00,391.4,391.4,391.4,391.4,1498
2026-02-23 13:40:00,391.4,391.4,391.4,391.4,485
2026-02-23 13:45:00,391.4,391.4,391.4,391.4,5633
2026-02-23 13:50:00,391.4,391.4,391.4,391.4,2466
2026-02-23 13:55:00,391.4,391.4,391.4,391.4,4934
2026-02-23 14:00:00,391.4,391.4,391.4,391.4,1964
2026-02-23 14:05:00,391.4,391.4,391.4,391.4,643
2026-02-23 14:10:00,391.4,391.4,391.4,391.4,6571
2026-02-23 14:15:00,391.4,391.4,391.4,391.4,2849
2026-02-23 14:20:00,391.4,391.4,391.4,391.4,377
2026-02-23 14:25:00,391.4,391.4,391.4,391.4,1850
2026-02-23 14:30:00,391.4,391.4,391.4,391.4,226
2026-02-23 14:35:00,391.4,391.4,391.4,391.4,960
2026-02-23 14:40:00,391.4,391.4,391.4,391.4,312
2026-02-23 14:45:00,391.4,391.4,391.4,391.4,1501
2026-02-23 14:50:00,391.4,391.4,391.4,391.4,443
2026-02-23 14:55:00,391.4,391.4,391.4,391.4,10139
2026-02-23 15:00:00,391.4,391.4,391.4,391.4,329
2026-02-23 15:05:00,391.4,391.4,391.4,391.4,232
2026-02-23 15:10:00,391.4,391.4,391.4,391.4,881
2026-02-23 15:15:00,391.4,391.4,391.4,391.4,12993
2026-02-23 15:20:00,391.4,391.4,391.4,391.4,2214
2026-02-23 15:25:00,391.4,391.4,391.4,391.4,2371
2026-02-24 09:15:00,390.45,417.75,387.0,410.6,933450
2026-02-24 09:20:00,410.6,415.05,404.65,407.6,497426
2026-02-24 09:25:00,407.8,413.0,407.8,412.95,298120
2026-02-24 09:30:00,412.4,414.5,404.55,406.5,383158
2026-02-24 09:35:00,406.5,411.0,402.0,410.0,369134
2026-02-24 09:40:00,410.5,411.0,405.05,406.0,225643
2026-02-24 09:45:00,405.7,407.0,403.1,404.0,118727
2026-02-24 09:50:00,404.0,406.25,401.0,405.55,153234
2026-02-24 09:55:00,405.15,407.35,402.2,407.1,103540
2026-02-24 10:00:00,406.95,408.95,405.25,408.2,130847
2026-02-24 10:05:00,408.15,408.8,405.25,407.7,77066
2026-02-24 10:10:00,407.7,408.25,405.1,405.65,47723
2026-02-24 10:15:00,405.7,405.95,403.4,403.9,50268
2026-02-24 10:20:00,403.45,404.1,401.25,402.0,68076
2026-02-24 10:25:00,402.4,404.4,399.6,402.95,82842
2026-02-24 10:30:00,402.95,406.2,402.0,404.1,84232
2026-02-24 10:35:00,403.7,405.0,403.2,403.8,16594
2026-02-24 10:40:00,403.8,403.85,402.1,402.2,18044
2026-02-24 10:45:00,402.25,404.0,401.15,404.0,40385
2026-02-24 10:50:00,403.7,404.0,402.25,402.35,16354
2026-02-24 10:55:00,402.35,404.85,402.35,402.85,22211
2026-02-24 11:00:00,402.85,402.95,401.25,401.65,22434
2026-02-24 11:05:00,401.3,403.15,401.25,402.6,14658
2026-02-24 11:10:00,402.55,404.3,402.5,403.1,17799
2026-02-24 11:15:00,403.5,403.5,402.3,403.4,8005
2026-02-24 11:20:00,403.35,403.45,402.2,402.8,5494
2026-02-24 11:25:00,402.8,402.85,396.05,398.3,126177
2026-02-24 11:30:00,398.25,398.45,395.7,396.0,66571
2026-02-24 11:35:00,396.0,396.85,394.0,395.1,58625
2026-02-24 11:40:00,395.05,395.95,394.15,394.9,42458
2026-02-24 11:45:00,394.5,395.45,392.65,394.15,59160
2026-02-24 11:50:00,394.15,394.75,392.8,393.0,36547
2026-02-24 11:55:00,392.95,396.0,392.95,395.15,33228
2026-02-24 12:00:00,395.55,395.75,393.75,394.65,14460
2026-02-24 12:05:00,394.95,394.95,393.15,394.45,15804
2026-02-24 12:10:00,394.45,394.95,389.8,392.95,73432
2026-02-24 12:15:00,392.95,395.4,392.65,394.45,33943
2026-02-24 12:20:00,394.45,396.9,393.3,395.7,46717
2026-02-24 12:25:00,396.2,398.85,395.45,398.5,29313
2026-02-24 12:30:00,398.65,399.9,397.35,397.95,84267
2026-02-24 12:35:00,397.9,398.35,397.2,397.5,15340
2026-02-24 12:40:00,397.8,397.8,396.35,396.75,14375
2026-02-24 12:45:00,396.75,397.35,395.8,396.4,10091
2026-02-24 12:50:00,396.85,397.0,395.75,396.55,7750
2026-02-24 12:55:00,396.55,397.6,395.3,396.35,39939
2026-02-24 13:00:00,396.4,396.4,394.25,395.7,28877
2026-02-24 13:05:00,395.7,396.4,395.05,396.05,5649
2026-02-24 13:10:00,396.05,398.4,395.7,397.4,26231
2026-02-24 13:15:00,397.4,398.15,396.95,398.15,6124
2026-02-24 13:20:00,398.2,398.2,396.25,397.1,8082
2026-02-24 13:25:00,397.1,399.6,397.1,399.6,37662
2026-02-24 13:30:00,399.5,400.45,398.0,399.7,33895
2026-02-24 13:35:00,399.6,399.7,398.1,399.7,12843
2026-02-24 13:40:00,399.7,399.7,398.1,398.1,8508
2026-02-24 13:45:00,398.1,398.5,397.8,397.85,10568
2026-02-24 13:50:00,397.95,399.7,397.3,398.45,25949
2026-02-24 13:55:00,398.45,399.75,398.2,399.6,7756
2026-02-24 14:00:00,399.6,402.65,399.25,401.95,58807
2026-02-24 14:05:00,402.0,403.65,401.8,403.5,58618
2026-02-24 14:10:00,403.4,403.9,401.15,402.25,87960
2026-02-24 14:15:00,402.05,402.55,400.7,400.8,28302
2026-02-24 14:20:00,400.2,401.5,399.65,399.65,30950
2026-02-24 14:25:00,399.8,401.95,399.8,401.0,24234
2026-02-24 14:30:00,401.2,401.7,399.35,399.7,20825
2026-02-24 14:35:00,399.65,401.8,399.65,400.55,23813
2026-02-24 14:40:00,400.5,401.95,400.5,401.15,21149
2026-02-24 14:45:00,401.05,409.6,401.05,408.35,221156
2026-02-24 14:50:00,408.65,409.45,405.1,405.1,76015
2026-02-24 14:55:00,405.5,408.5,404.65,408.5,109281
2026-02-24 15:00:00,408.3,409.9,408.3,408.5,243151
2026-02-24 15:05:00,408.35,409.5,407.4,408.0,85298
2026-02-24 15:10:00,408.0,411.7,407.55,410.0,158541
2026-02-24 15:15:00,410.0,410.55,407.0,410.3,131094
2026-02-24 15:20:00,409.85,411.5,409.55,410.5,87933
2026-02-24 15:25:00,410.5,411.4,407.0,407.0,88237
2026-02-25 09:15:00,407.8,414.7,403.0,409.95,131678
2026-02-25 09:20:00,410.0,410.0,406.6,407.3,34826
2026-02-25 09:25:00,407.65,409.3,406.0,409.1,38093
2026-02-25 09:30:00,409.1,412.4,409.1,410.95,35258
2026-02-25 09:35:00,410.55,410.95,408.15,409.45,18444
2026-02-25 09:40:00,409.5,409.5,407.45,407.45,18305
2026-02-25 09:45:00,407.45,408.6,407.15,407.2,10256
2026-02-25 09:50:00,407.45,407.75,407.05,407.1,5410
2026-02-25 09:55:00,407.1,408.75,407.1,408.05,14777
2026-02-25 10:00:00,408.05,409.5,408.05,409.5,4601
2026-02-25 10:05:00,409.6,410.9,408.75,409.9,8252
2026-02-25 10:10:00,409.9,409.95,408.4,408.6,4261
2026-02-25 10:15:00,408.6,408.9,407.35,407.35,6306
2026-02-25 10:20:00,407.35,407.8,406.0,406.5,8980
2026-02-25 10:25:00,406.05,406.85,403.7,403.8,17149
2026-02-25 10:30:00,404.15,406.0,401.55,404.1,66796
2026-02-25 10:35:00,404.1,405.4,402.5,403.15,35223
2026-02-25 10:40:00,403.15,404.4,401.8,401.8,35448
2026-02-25 10:45:00,402.0,402.7,397.8,398.45,30734
2026-02-25 10:50:00,398.45,398.6,397.3,397.7,9016
2026-02-25 10:55:00,397.7,398.5,397.5,398.15,8183
2026-02-25 11:00:00,398.05,400.5,398.05,399.35,21888
2026-02-25 11:05:00,399.35,399.9,398.3,398.85,9732
2026-02-25 11:10:00,399.0,399.0,397.8,398.4,3726
2026-02-25 11:15:00,398.35,398.5,397.8,397.8,5409
2026-02-25 11:20:00,397.8,398.4,397.7,398.4,2770
2026-02-25 11:25:00,398.4,398.4,397.05,397.55,7318
2026-02-25 11:30:00,397.55,397.9,397.1,397.9,1789
2026-02-25 11:35:00,397.9,397.95,396.5,396.95,5771
2026-02-25 11:40:00,397.35,397.35,396.35,397.2,10893
2026-02-25 11:45:00,397.2,398.2,395.8,398.15,18413
2026-02-25 11:50:00,398.15,398.6,397.7,398.3,2395
2026-02-25 11:55:00,398.3,398.5,397.0,397.0,3742
2026-02-25 12:00:00,397.0,399.65,396.5,399.5,19798
2026-02-25 12:05:00,399.5,399.5,398.6,399.0,2321
2026-02-25 12:10:00,399.0,399.0,398.5,399.0,738
2026-02-25 12:15:00,399.0,399.5,399.0,399.5,2436
2026-02-25 12:20:00,399.85,400.65,399.15,400.6,9781
2026-02-25 12:25:00,400.6,400.6,399.4,400.15,2417
2026-02-25 12:30:00,400.15,400.3,399.3,399.7,4029
2026-02-25 12:35:00,399.25,400.15,398.7,399.4,8744
2026-02-25 12:40:00,399.4,399.4,398.4,398.7,8279
2026-02-25 12:45:00,398.3,401.6,398.25,400.15,62816
2026-02-25 12:50:00,400.15,402.5,399.55,401.1,33751
2026-02-25 12:55:00,401.1,405.0,400.2,404.1,51621
2026-02-25 13:00:00,403.7,404.2,401.45,402.9,22109
2026-02-25 13:05:00,402.9,403.8,400.55,401.55,40764
2026-02-25 13:10:00,402.15,402.15,400.6,400.9,3031
2026-02-25 13:15:00,400.9,403.45,400.9,403.0,22720
2026-02-25 13:20:00,403.0,403.95,402.15,403.95,5434
2026-02-25 13:25:00,403.95,403.95,402.5,403.8,3150
2026-02-25 13:30:00,403.8,404.3,401.35,401.35,24335
2026-02-25 13:35:00,401.15,401.15,399.2,400.95,5718
2026-02-25 13:40:00,400.5,400.85,400.0,400.05,2724
2026-02-25 13:45:00,400.05,400.5,400.0,400.45,979
2026-02-25 13:50:00,400.45,400.45,398.95,399.0,5223
2026-02-25 13:55:00,399.0,399.6,398.6,398.6,3661
2026-02-25 14:00:00,398.6,399.0,397.5,397.8,4566
2026-02-25 14:05:00,397.7,398.0,396.6,397.2,5739
2026-02-25 14:10:00,396.6,397.95,396.6,397.55,2614
2026-02-25 14:15:00,397.55,398.95,397.45,398.95,2016
2026-02-25 14:20:00,398.95,399.2,398.5,398.5,4831
2026-02-25 14:25:00,398.5,399.1,398.0,398.3,2717
2026-02-25 14:30:00,398.3,398.75,398.0,398.7,1852
2026-02-25 14:35:00,398.7,398.7,396.65,396.75,24075
2026-02-25 14:40:00,396.75,397.0,394.6,396.2,24350
2026-02-25 14:45:00,396.4,398.4,395.55,396.35,13351
2026-02-25 14:50:00,395.95,396.7,395.85,395.85,39193
2026-02-25 14:55:00,395.85,396.0,394.0,395.7,10023
2026-02-25 15:00:00,396.45,397.1,396.05,396.35,5607
2026-02-25 15:05:00,396.55,397.6,396.0,397.5,8848
2026-02-25 15:10:00,397.5,398.9,397.5,398.35,14080
2026-02-25 15:15:00,398.35,400.85,398.0,400.85,25109
2026-02-25 15:20:00,400.85,404.0,400.85,403.6,37209
2026-02-25 15:25:00,403.6,403.6,390.15,400.5,56164
2026-02-26 09:15:00,395.05,406.5,395.0,404.75,27924
2026-02-26 09:20:00,404.75,405.9,403.0,405.9,17348
2026-02-26 09:25:00,405.9,414.0,405.9,413.3,69227
2026-02-26 09:30:00,413.65,413.65,404.35,405.0,76721
2026-02-26 09:35:00,405.15,405.15,403.45,403.75,20769
2026-02-26 09:40:00,404.0,406.45,403.7,405.4,7224
2026-02-26 09:45:00,405.4,408.8,405.4,407.85,18966
2026-02-26 09:50:00,407.1,410.7,407.1,408.2,29539
2026-02-26 09:55:00,408.2,408.3,406.9,407.5,7490
2026-02-26 10:00:00,407.5,407.5,405.1,405.7,12492
2026-02-26 10:05:00,405.7,406.95,405.5,406.9,5375
2026-02-26 10:10:00,407.15,407.15,405.1,405.1,5430
2026-02-26 10:15:00,405.1,406.0,404.45,405.5,10432
2026-02-26 10:20:00,405.5,406.45,404.85,405.65,11016
2026-02-26 10:25:00,405.65,407.2,405.65,406.25,4390
2026-02-26 10:30:00,406.25,406.65,405.7,406.45,4554
2026-02-26 10:35:00,406.45,406.45,403.3,404.2,32729
2026-02-26 10:40:00,404.2,404.55,403.3,404.55,2360
2026-02-26 10:45:00,404.55,404.55,403.25,403.75,3603
2026-02-26 10:50:00,403.75,403.75,403.0,403.0,12011
2026-02-26 10:55:00,403.0,403.2,402.0,403.2,8348
2026-02-26 11:00:00,403.2,404.5,402.4,404.5,6871
2026-02-26 11:05:00,404.5,404.5,402.45,402.6,5155
2026-02-26 11:10:00,402.6,404.1,402.45,404.0,2459
2026-02-26 11:15:00,403.8,404.5,403.4,404.05,978
2026-02-26 11:20:00,404.05,404.25,404.05,404.1,1736
2026-02-26 11:25:00,404.1,405.0,404.1,404.55,2173
2026-02-26 11:30:00,404.55,404.55,401.5,403.0,4051
2026-02-26 11:35:00,403.0,403.35,402.3,402.3,7831
2026-02-26 11:40:00,402.3,402.3,401.0,401.0,3201
2026-02-26 11:45:00,400.85,402.0,400.25,400.45,8996
2026-02-26 11:50:00,400.25,401.0,399.9,399.95,8214
2026-02-26 11:55:00,399.95,400.2,399.5,399.85,5519
2026-02-26 12:00:00,399.85,399.85,398.8,399.0,3346
2026-02-26 12:05:00,399.2,399.95,399.15,399.4,2454
2026-02-26 12:10:00,399.4,399.7,398.55,398.55,3175
2026-02-26 12:15:00,398.55,399.35,398.3,399.35,2886
2026-02-26 12:20:00,399.0,399.35,398.15,398.6,5913
2026-02-26 12:25:00,398.6,400.7,398.6,399.3,2752
2026-02-26 12:30:00,399.3,399.45,399.0,399.0,2181
2026-02-26 12:35:00,399.0,399.6,398.75,399.6,730
2026-02-26 12:40:00,399.6,400.3,399.25,399.75,1506
2026-02-26 12:45:00,399.75,400.7,399.75,400.0,3603
2026-02-26 12:50:00,400.0,400.0,399.3,399.45,796
2026-02-26 12:55:00,399.45,399.45,398.55,398.7,2594
2026-02-26 13:00:00,398.7,399.5,398.65,399.5,372
2026-02-26 13:05:00,399.5,400.0,399.05,399.05,3260
2026-02-26 13:10:00,399.05,399.05,398.1,398.75,12466
2026-02-26 13:15:00,398.75,399.65,398.4,399.65,3464
2026-02-26 13:20:00,399.65,400.0,398.6,398.6,8430
2026-02-26 13:25:00,398.6,400.0,398.6,400.0,6864
2026-02-26 13:30:00,400.0,400.0,399.3,399.65,1456
2026-02-26 13:35:00,399.65,399.65,398.95,399.5,2378
2026-02-26 13:40:00,399.5,399.5,398.5,398.85,452
2026-02-26 13:45:00,398.85,398.85,397.85,397.85,3253
2026-02-26 13:50:00,397.85,398.25,397.45,397.6,13058
2026-02-26 13:55:00,397.6,398.55,397.6,398.45,1335
2026-02-26 14:00:00,398.45,398.45,397.85,398.0,335
2026-02-26 14:05:00,398.0,398.25,396.55,397.35,3849
2026-02-26 14:10:00,397.35,398.55,397.35,398.0,23497
2026-02-26 14:15:00,398.0,398.0,396.5,396.95,4807
2026-02-26 14:20:00,396.95,397.05,396.0,396.45,13792
2026-02-26 14:25:00,396.45,397.6,396.05,397.6,3783
2026-02-26 14:30:00,397.6,397.6,396.5,397.55,10465
2026-02-26 14:35:00,397.55,397.6,397.0,397.0,2493
2026-02-26 14:40:00,397.0,398.5,397.0,398.35,20920
2026-02-26 14:45:00,398.35,398.7,397.6,398.3,4665
2026-02-26 14:50:00,398.3,398.3,397.5,397.8,1220
2026-02-26 14:55:00,397.2,397.5,396.55,396.6,1948
2026-02-26 15:00:00,397.0,398.0,396.75,397.45,5857
2026-02-26 15:05:00,397.2,397.9,397.0,397.0,8312
2026-02-26 15:10:00,397.0,398.0,397.0,397.7,7821
2026-02-26 15:15:00,397.75,398.0,396.75,397.6,8803
2026-02-26 15:20:00,397.4,399.0,397.4,399.0,15572
2026-02-26 15:25:00,399.0,400.0,398.0,398.0,23334
2026-02-27 09:15:00,400.05,410.4,392.7,395.15,38413
2026-02-27 09:20:00,395.15,397.5,395.1,397.0,11500
2026-02-27 09:25:00,397.0,398.0,396.4,397.3,25988
2026-02-27 09:30:00,397.3,398.0,396.1,396.8,4156
2026-02-27 09:35:00,396.35,397.9,396.0,397.5,8126
2026-02-27 09:40:00,397.5,397.6,396.0,397.0,4745
2026-02-27 09:45:00,397.0,401.95,396.15,401.35,27562
2026-02-27 09:50:00,401.05,403.45,398.95,399.0,23939
2026-02-27 09:55:00,399.0,400.0,398.3,399.25,3383
2026-02-27 10:00:00,399.25,401.0,399.25,401.0,5109
2026-02-27 10:05:00,401.5,401.75,400.05,400.05,5252
2026-02-27 10:10:00,400.05,403.45,400.05,402.4,27670
2026-02-27 10:15:00,402.4,403.95,402.05,403.0,7160
2026-02-27 10:20:00,403.0,403.0,401.0,401.0,2028
2026-02-27 10:25:00,401.5,401.9,400.8,401.35,2936
2026-02-27 10:30:00,401.35,402.7,400.8,401.45,5692
2026-02-27 10:35:00,401.8,402.15,401.3,401.5,5551
2026-02-27 10:40:00,401.5,401.5,399.8,399.8,2332
2026-02-27 10:45:00,399.8,400.45,399.25,399.85,12399
2026-02-27 10:50:00,399.85,400.0,397.5,398.2,8903
2026-02-27 10:55:00,398.3,399.95,398.2,399.65,27871
2026-02-27 11:00:00,399.1,399.7,399.0,399.0,287
2026-02-27 11:05:00,399.05,400.0,398.8,399.65,3139
2026-02-27 11:10:00,399.65,399.65,398.55,398.6,470
2026-02-27 11:15:00,398.6,399.55,398.6,399.0,633
2026-02-27 11:20:00,399.0,399.7,398.7,399.7,975
2026-02-27 11:25:00,399.7,400.4,399.1,400.4,1483
2026-02-27 11:30:00,400.4,400.5,398.5,398.5,1455
2026-02-27 11:35:00,398.5,400.0,398.2,399.9,2084
2026-02-27 11:40:00,399.9,399.9,399.4,399.85,764
2026-02-27 11:45:00,399.85,401.0,399.0,399.85,12911
2026-02-27 11:50:00,399.85,402.0,399.85,401.8,21988
2026-02-27 11:55:00,401.8,402.0,399.8,400.65,7953
2026-02-27 12:00:00,400.65,400.95,400.1,400.7,1368
2026-02-27 12:05:00,400.7,400.75,400.0,400.5,982
2026-02-27 12:10:00,400.5,400.5,399.5,399.9,1211
2026-02-27 12:15:00,399.95,400.5,399.25,400.45,3209
2026-02-27 12:20:00,400.45,400.55,399.05,399.45,812
2026-02-27 12:25:00,399.45,400.45,399.05,400.4,1330
2026-02-27 12:30:00,400.4,400.6,399.6,400.1,9753
2026-02-27 12:35:00,400.1,401.7,399.9,401.45,1336
2026-02-27 12:40:00,401.45,401.5,400.25,400.25,2359
2026-02-27 12:45:00,400.45,400.5,399.6,400.35,1471
2026-02-27 12:50:00,400.35,400.65,399.9,399.9,902
2026-02-27 12:55:00,399.9,400.15,399.45,399.9,1671
2026-02-27 13:00:00,399.9,399.95,399.55,399.95,800
2026-02-27 13:05:00,399.95,399.95,399.05,399.35,2497
2026-02-27 13:10:00,399.35,400.9,399.15,400.7,8166
2026-02-27 13:15:00,400.7,401.45,400.2,401.0,6715
2026-02-27 13:20:00,401.0,401.05,399.95,400.5,1288
2026-02-27 13:25:00,400.5,401.0,399.85,400.6,2469
2026-02-27 13:30:00,401.05,401.2,400.65,400.85,1190
2026-02-27 13:35:00,400.85,401.05,400.5,400.5,1307
2026-02-27 13:40:00,400.5,401.25,400.0,400.7,8291
2026-02-27 13:45:00,400.7,401.05,400.2,401.05,1309
2026-02-27 13:50:00,401.05,401.1,400.75,400.75,660
2026-02-27 13:55:00,400.75,401.85,400.75,401.8,1730
2026-02-27 14:00:00,401.8,403.0,401.3,402.25,3905
2026-02-27 14:05:00,402.3,402.3,401.5,402.15,1628
2026-02-27 14:10:00,402.15,402.65,401.7,401.8,1976
2026-02-27 14:15:00,401.8,402.35,401.25,402.0,3293
2026-02-27 14:20:00,401.95,402.5,401.35,402.3,2433
2026-02-27 14:25:00,402.45,402.5,401.3,401.5,2475
2026-02-27 14:30:00,401.5,401.5,400.85,401.35,4528
2026-02-27 14:35:00,401.35,401.35,400.55,400.95,3099
2026-02-27 14:40:00,400.95,401.45,400.35,401.35,2330
2026-02-27 14:45:00,401.35,401.5,400.6,401.05,3153
2026-02-27 14:50:00,401.05,402.0,401.05,401.5,2998
2026-02-27 14:55:00,401.5,401.85,401.05,401.45,2340
2026-02-27 15:00:00,401.45,405.95,401.35,404.35,30122
2026-02-27 15:05:00,403.85,403.95,402.0,402.7,26342
2026-02-27 15:10:00,402.75,405.0,402.75,404.9,23829
2026-02-27 15:15:00,404.9,405.65,404.15,405.4,19065
2026-02-27 15:20:00,405.4,408.1,405.4,407.0,50859
2026-02-27 15:25:00,407.0,407.25,405.15,405.95,21495
2026-03-02 09:15:00,393.05,399.9,393.05,395.4,30067
2026-03-02 09:20:00,395.9,397.75,394.25,395.95,23265
2026-03-02 09:25:00,395.95,396.5,394.8,395.95,9014
2026-03-02 09:30:00,395.8,396.6,395.0,395.65,13155
2026-03-02 09:35:00,395.65,396.0,394.7,395.7,7910
2026-03-02 09:40:00,395.7,395.9,394.1,395.75,8548
2026-03-02 09:45:00,395.75,397.3,395.0,395.65,8343
2026-03-02 09:50:00,395.65,395.95,394.05,394.45,6036
2026-03-02 09:55:00,394.45,396.0,394.45,395.6,2169
2026-03-02 10:00:00,395.75,396.5,394.0,394.0,14963
2026-03-02 10:05:00,394.0,394.25,392.25,392.5,14549
2026-03-02 10:10:00,392.5,392.85,392.0,392.0,2624
2026-03-02 10:15:00,392.0,392.6,391.3,391.55,8718
2026-03-02 10:20:00,391.55,392.4,391.3,391.95,2889
2026-03-02 10:25:00,392.2,392.7,391.5,391.5,8816
2026-03-02 10:30:00,391.5,392.35,391.3,391.35,7534
2026-03-02 10:35:00,391.35,392.4,391.35,391.5,2800
2026-03-02 10:40:00,391.5,391.7,389.0,389.25,12722
2026-03-02 10:45:00,389.2,390.4,389.0,389.25,4351
2026-03-02 10:50:00,389.25,389.5,388.1,388.4,3108
2026-03-02 10:55:00,388.8,389.45,388.0,389.1,2018
2026-03-02 11:00:00,389.1,390.0,389.1,389.6,2268
2026-03-02 11:05:00,389.6,392.75,389.05,392.1,15401
2026-03-02 11:10:00,392.05,393.5,392.0,393.5,5591
2026-03-02 11:15:00,393.5,394.05,392.05,392.1,10169
2026-03-02 11:20:00,392.1,392.35,391.0,391.0,1622
2026-03-02 11:25:00,391.05,391.05,390.0,390.0,1187
2026-03-02 11:30:00,390.0,390.85,389.75,389.75,3839
2026-03-02 11:35:00,389.55,390.3,389.2,390.3,3304
2026-03-02 11:40:00,389.95,390.8,389.45,389.8,610
2026-03-02 11:45:00,389.75,390.75,389.75,390.4,1202
2026-03-02 11:50:00,390.0,390.65,389.65,390.0,1692
2026-03-02 11:55:00,390.0,390.0,388.1,388.1,6080
2026-03-02 12:00:00,388.1,389.2,387.0,388.85,18678
2026-03-02 12:05:00,388.65,388.7,387.8,388.3,3970
2026-03-02 12:10:00,388.25,388.5,387.45,387.5,2225
2026-03-02 12:15:00,387.45,387.65,386.5,387.25,4602
2026-03-02 12:20:00,386.8,387.25,386.4,386.4,3822
2026-03-02 12:25:00,386.3,386.45,383.0,384.85,27108
2026-03-02 12:30:00,385.0,385.5,384.2,385.0,4977
2026-03-02 12:35:00,385.0,386.25,385.0,385.35,3115
2026-03-02 12:40:00,385.35,386.0,385.0,385.55,3212
2026-03-02 12:45:00,385.55,385.55,384.05,384.5,2810
2026-03-02 12:50:00,384.7,385.7,384.0,384.95,4598
2026-03-02 12:55:00,384.5,385.3,384.5,384.5,1459
2026-03-02 13:00:00,384.55,385.45,384.25,384.7,3614
2026-03-02 13:05:00,384.65,385.3,384.6,384.6,6680
2026-03-02 13:10:00,385.3,385.35,384.6,384.75,1837
2026-03-02 13:15:00,384.75,385.4,384.3,384.8,1873
2026-03-02 13:20:00,384.8,385.05,384.0,384.25,1672
2026-03-02 13:25:00,384.25,384.9,383.5,383.5,5954
2026-03-02 13:30:00,383.8,383.85,383.0,383.15,2307
2026-03-02 13:35:00,383.15,384.0,383.15,383.5,1550
2026-03-02 13:40:00,383.5,384.0,382.3,382.95,7791
2026-03-02 13:45:00,383.4,383.95,382.8,383.25,2180
2026-03-02 13:50:00,383.5,383.7,382.15,382.9,2902
2026-03-02 13:55:00,382.9,382.9,382.0,382.05,2436
2026-03-02 14:00:00,382.05,385.75,382.0,385.4,8151
2026-03-02 14:05:00,385.25,385.9,384.25,384.9,9133
2026-03-02 14:10:00,384.9,386.25,384.9,385.9,8723
2026-03-02 14:15:00,385.9,386.05,385.0,385.35,2294
2026-03-02 14:20:00,385.35,386.5,385.0,385.1,10443
2026-03-02 14:25:00,385.25,385.45,383.9,384.8,2189
2026-03-02 14:30:00,384.8,385.65,383.85,385.65,2434
2026-03-02 14:35:00,385.7,387.05,384.75,385.0,11025
2026-03-02 14:40:00,384.8,385.95,384.75,385.15,3196
2026-03-02 14:45:00,385.15,385.6,384.0,384.3,3609
2026-03-02 14:50:00,384.3,384.95,384.0,384.9,1561
2026-03-02 14:55:00,384.9,384.95,383.85,384.1,5085
2026-03-02 15:00:00,384.5,384.95,383.5,384.4,8511
2026-03-02 15:05:00,384.4,384.85,383.25,384.3,11601
2026-03-02 15:10:00,384.3,385.75,383.55,385.65,8382
2026-03-02 15:15:00,385.1,386.95,385.1,386.3,10033
2026-03-02 15:20:00,386.25,387.5,386.25,387.15,6066
2026-03-02 15:25:00,386.55,387.85,380.0,386.9,41778
2026-03-04 09:15:00,384.65,384.65,375.05,380.35,55330
2026-03-04 09:20:00,380.35,382.65,378.9,379.2,22089
2026-03-04 09:25:00,378.95,379.05,377.0,377.75,15576
2026-03-04 09:30:00,378.25,379.15,376.4,376.4,14591
2026-03-04 09:35:00,376.4,379.05,376.4,377.5,6975
2026-03-04 09:40:00,377.9,379.0,376.75,378.4,8232
2026-03-04 09:45:00,379.05,381.15,378.1,378.25,8090
2026-03-04 09:50:00,378.1,378.1,376.5,376.55,4752
2026-03-04 09:55:00,376.65,377.7,376.55,377.45,3404
2026-03-04 10:00:00,377.1,379.0,376.65,378.75,4687
2026-03-04 10:05:00,378.4,379.35,378.25,378.75,3147
2026-03-04 10:10:00,378.85,379.55,377.8,379.55,2095
2026-03-04 10:15:00,379.55,379.6,378.0,378.05,5713
2026-03-04 10:20:00,378.55,378.55,377.05,377.1,1630
2026-03-04 10:25:00,377.15,378.5,377.1,378.0,4542
2026-03-04 10:30:00,377.6,378.2,377.55,377.95,1818
2026-03-04 10:35:00,377.6,377.95,376.5,376.5,5566
2026-03-04 10:40:00,376.8,377.15,376.1,376.9,4184
2026-03-04 10:45:00,377.15,378.65,377.15,377.5,12610
2026-03-04 10:50:00,377.5,378.0,377.5,377.75,569
2026-03-04 10:55:00,377.75,378.35,377.05,377.1,8832
2026-03-04 11:00:00,377.1,378.35,376.8,377.9,3721
2026-03-04 11:05:00,377.75,378.55,376.7,377.9,3514
2026-03-04 11:10:00,377.9,378.4,377.35,377.6,1370
2026-03-04 11:15:00,377.6,377.85,377.0,377.35,5253
2026-03-04 11:20:00,377.35,377.75,376.45,376.45,1653
2026-03-04 11:25:00,376.5,377.55,376.15,376.55,8427
2026-03-04 11:30:00,376.4,377.1,376.0,376.75,5911
2026-03-04 11:35:00,376.7,377.55,376.45,376.7,1730
2026-03-04 11:40:00,376.7,377.35,375.8,375.8,16837
2026-03-04 11:45:00,376.35,376.75,375.65,375.75,1502
2026-03-04 11:50:00,375.75,377.5,375.75,376.5,997
2026-03-04 11:55:00,376.5,377.0,376.5,376.55,709
2026-03-04 12:00:00,376.55,377.65,376.55,377.6,1113
2026-03-04 12:05:00,377.6,378.0,376.6,377.3,2824
2026-03-04 12:10:00,377.3,377.9,376.6,376.6,1064
2026-03-04 12:15:00,376.65,377.5,376.65,376.65,881
2026-03-04 12:20:00,376.65,377.5,376.6,377.0,616
2026-03-04 12:25:00,377.0,377.2,376.85,377.0,600
2026-03-04 12:30:00,377.0,379.5,376.6,379.1,34200
2026-03-04 12:35:00,379.5,386.0,378.9,382.1,149618
2026-03-04 12:40:00,382.1,382.55,377.75,378.4,9713
2026-03-04 12:45:00,378.4,379.05,378.0,378.05,2236
2026-03-04 12:50:00,378.05,379.0,378.0,378.25,2997
2026-03-04 12:55:00,378.25,379.55,378.25,378.85,635
2026-03-04 13:00:00,378.85,380.7,378.85,380.0,2409
2026-03-04 13:05:00,380.0,381.0,380.0,381.0,3512
2026-03-04 13:10:00,381.55,382.15,381.05,381.25,1259
2026-03-04 13:15:00,381.4,381.4,380.2,380.4,1047
2026-03-04 13:20:00,380.35,381.1,380.1,380.65,1135
2026-03-04 13:25:00,380.65,381.9,380.3,380.9,3217
2026-03-04 13:30:00,380.25,381.9,380.05,380.85,2187
2026-03-04 13:35:00,380.8,380.95,380.0,380.1,560
2026-03-04 13:40:00,380.1,380.35,379.6,379.65,2300
2026-03-04 13:45:00,379.65,380.0,378.15,378.35,7757
2026-03-04 13:50:00,378.15,378.5,377.15,377.6,4519
2026-03-04 13:55:00,377.6,377.85,376.9,377.0,1402
2026-03-04 14:00:00,377.0,377.9,376.95,377.6,2100
2026-03-04 14:05:00,377.6,377.9,377.05,377.35,3394
2026-03-04 14:10:00,377.35,379.8,377.35,379.8,2110
2026-03-04 14:15:00,379.25,381.0,379.15,380.15,3005
2026-03-04 14:20:00,380.15,380.35,378.35,378.35,2671
2026-03-04 14:25:00,378.25,378.5,376.85,377.9,6572
2026-03-04 14:30:00,377.85,379.9,377.25,379.45,3578
2026-03-04 14:35:00,379.05,380.0,378.7,379.05,2118
2026-03-04 14:40:00,378.95,380.8,378.75,380.5,2744
2026-03-04 14:45:00,380.45,380.45,378.85,379.75,2133
2026-03-04 14:50:00,379.15,380.8,378.8,379.7,5250
2026-03-04 14:55:00,379.7,381.4,379.45,380.65,9490
2026-03-04 15:00:00,380.65,380.65,377.5,377.5,4530
2026-03-04 15:05:00,377.55,378.0,376.1,376.45,4106
2026-03-04 15:10:00,376.45,377.1,375.9,376.45,5418
2026-03-04 15:15:00,376.25,377.5,376.25,377.0,2732
2026-03-04 15:20:00,376.95,377.0,375.5,375.65,7668
2026-03-04 15:25:00,375.75,376.5,372.5,373.4,12883
2026-03-05 09:15:00,380.0,382.45,377.3,377.65,28342
2026-03-05 09:20:00,377.65,379.6,376.45,379.2,9663
2026-03-05 09:25:00,379.2,379.75,378.0,378.05,5119
2026-03-05 09:30:00,378.05,378.05,377.0,377.0,3113
2026-03-05 09:35:00,377.6,377.6,376.05,376.65,3451
2026-03-05 09:40:00,376.65,376.65,375.15,375.95,5666
2026-03-05 09:45:00,375.95,376.05,375.05,375.6,3044
2026-03-05 09:50:00,375.6,376.3,375.4,376.25,1770
2026-03-05 09:55:00,376.25,376.4,375.35,375.85,2181
2026-03-05 10:00:00,375.85,375.85,373.5,373.75,4138
2026-03-05 10:05:00,373.5,373.95,373.0,373.0,2438
2026-03-05 10:10:00,373.0,373.55,371.1,371.1,7708
2026-03-05 10:15:00,371.1,372.6,371.05,371.5,2866
2026-03-05 10:20:00,371.5,372.7,371.5,372.15,4197
2026-03-05 10:25:00,372.6,372.6,371.15,371.4,6678
2026-03-05 10:30:00,371.4,371.55,370.0,370.25,15912
2026-03-05 10:35:00,370.25,370.8,370.25,370.5,862
2026-03-05 10:40:00,370.5,373.3,370.5,372.55,2854
2026-03-05 10:45:00,372.2,372.5,371.0,371.05,4915
2026-03-05 10:50:00,371.0,371.7,371.0,371.05,1869
2026-03-05 10:55:00,371.05,371.7,371.0,371.25,2076
2026-03-05 11:00:00,371.25,371.5,370.0,370.05,5839
2026-03-05 11:05:00,370.05,370.75,370.05,370.2,742
2026-03-05 11:10:00,370.2,370.6,370.05,370.05,813
2026-03-05 11:15:00,369.65,370.9,369.65,370.05,7171
2026-03-05 11:20:00,370.0,370.7,369.9,370.0,1098
2026-03-05 11:25:00,370.0,370.5,369.9,369.9,4333
2026-03-05 11:30:00,369.9,371.55,369.9,370.85,3388
2026-03-05 11:35:00,370.35,370.35,369.15,369.15,14131
2026-03-05 11:40:00,369.15,369.95,368.85,368.85,4856
2026-03-05 11:45:00,368.85,369.85,368.55,368.55,2111
2026-03-05 11:50:00,368.55,369.0,368.35,368.45,6224
2026-03-05 11:55:00,369.0,369.35,368.25,368.25,4013
2026-03-05 12:00:00,368.25,370.5,368.25,369.75,4702
2026-03-05 12:05:00,369.55,371.0,369.55,370.65,3187
2026-03-05 12:10:00,370.55,371.5,370.2,371.1,3039
2026-03-05 12:15:00,371.1,371.6,370.0,371.25,1935
2026-03-05 12:20:00,371.25,372.45,371.0,371.05,1813
2026-03-05 12:25:00,371.05,372.85,371.0,372.4,1463
2026-03-05 12:30:00,372.4,373.75,371.85,372.45,4176
2026-03-05 12:35:00,372.25,372.6,371.75,371.8,947
2026-03-05 12:40:00,371.8,372.2,371.0,371.1,1100
2026-03-05 12:45:00,371.1,371.5,370.35,370.55,583
2026-03-05 12:50:00,370.5,372.5,370.5,371.85,2322
2026-03-05 12:55:00,371.8,372.7,371.35,371.35,2860
2026-03-05 13:00:00,371.35,375.0,371.1,374.95,6252
2026-03-05 13:05:00,375.0,380.5,374.95,378.6,26172
2026-03-05 13:10:00,378.6,380.1,375.9,378.9,20567
2026-03-05 13:15:00,378.65,378.85,377.35,378.0,8755
2026-03-05 13:20:00,378.0,378.75,375.95,378.5,8799
2026-03-05 13:25:00,378.25,379.55,378.25,379.4,5343
2026-03-05 13:30:00,379.55,380.0,379.0,379.1,9620
2026-03-05 13:35:00,379.05,380.0,378.75,379.4,5627
2026-03-05 13:40:00,379.4,381.45,379.4,381.2,5650
2026-03-05 13:45:00,380.9,385.5,377.0,382.0,68952
2026-03-05 13:50:00,381.6,386.15,381.45,384.0,21768
2026-03-05 13:55:00,384.0,386.0,384.0,385.7,7340
2026-03-05 14:00:00,385.25,387.6,383.4,386.0,19690
2026-03-05 14:05:00,386.0,386.3,383.85,383.95,7371
2026-03-05 14:10:00,383.6,386.0,383.6,385.0,14405
2026-03-05 14:15:00,385.0,385.2,384.3,385.0,5540
2026-03-05 14:20:00,385.0,386.0,384.65,385.45,4382
2026-03-05 14:25:00,385.45,385.8,385.0,385.55,1287
2026-03-05 14:30:00,385.5,386.0,385.25,385.3,2254
2026-03-05 14:35:00,385.1,387.45,385.0,386.65,7481
2026-03-05 14:40:00,386.55,389.15,386.3,386.45,8307
2026-03-05 14:45:00,386.45,387.35,385.1,387.05,9121
2026-03-05 14:50:00,387.05,388.1,387.0,387.1,27581
2026-03-05 14:55:00,387.1,387.75,387.0,387.55,6096
2026-03-05 15:00:00,387.55,388.5,387.0,388.35,8909
2026-03-05 15:05:00,388.1,390.1,387.2,388.95,17263
2026-03-05 15:10:00,388.95,388.95,386.55,387.0,11682
2026-03-05 15:15:00,386.9,387.7,385.35,387.55,13016
2026-03-05 15:20:00,387.55,387.85,386.0,386.55,4545
2026-03-05 15:25:00,386.95,388.9,383.4,386.1,7754
2026-03-06 09:15:00,390.0,390.6,384.45,384.7,11634
2026-03-06 09:20:00,384.7,388.1,383.25,388.1,13113
2026-03-06 09:25:00,388.1,388.25,385.95,385.95,8687
2026-03-06 09:30:00,385.95,389.45,385.95,389.0,8002
2026-03-06 09:35:00,388.5,389.45,388.2,388.85,3314
2026-03-06 09:40:00,388.85,389.0,388.0,388.85,2591
2026-03-06 09:45:00,388.9,389.45,388.55,388.55,2156
2026-03-06 09:50:00,388.55,389.0,387.95,387.95,2771
2026-03-06 09:55:00,387.95,388.9,387.0,388.9,2588
2026-03-06 10:00:00,388.9,390.0,387.6,390.0,13545
2026-03-06 10:05:00,389.5,391.3,388.65,390.45,5041
2026-03-06 10:10:00,390.6,392.5,390.6,391.9,7455
2026-03-06 10:15:00,391.25,391.55,390.35,390.35,1708
2026-03-06 10:20:00,390.35,390.55,389.3,389.7,1146
2026-03-06 10:25:00,389.7,390.3,388.55,389.2,5063
2026-03-06 10:30:00,388.8,388.8,388.0,388.15,3968
2026-03-06 10:35:00,388.15,388.15,387.0,387.4,17164
2026-03-06 10:40:00,387.4,387.45,385.35,385.5,2278
2026-03-06 10:45:00,385.25,385.25,383.0,383.8,6102
2026-03-06 10:50:00,383.8,384.15,383.05,383.05,1105
2026-03-06 10:55:00,383.05,383.5,381.0,381.55,8062
2026-03-06 11:00:00,381.55,383.65,381.55,383.2,9992
2026-03-06 11:05:00,383.2,383.55,382.0,382.35,2815
2026-03-06 11:10:00,382.8,382.8,381.95,381.95,647
2026-03-06 11:15:00,381.95,382.4,381.55,381.6,518
2026-03-06 11:20:00,381.6,382.05,381.6,382.05,1773
2026-03-06 11:25:00,382.05,382.05,381.4,381.85,284
2026-03-06 11:30:00,381.85,382.4,381.25,381.6,830
2026-03-06 11:35:00,381.6,382.45,381.5,382.45,507
2026-03-06 11:40:00,382.45,384.2,382.45,382.45,2563
2026-03-06 11:45:00,382.7,382.7,381.5,382.0,1723
2026-03-06 11:50:00,382.0,383.65,381.6,383.65,8057
2026-03-06 11:55:00,383.65,385.65,383.65,385.65,2952
2026-03-06 12:00:00,385.65,385.65,384.7,384.7,724
2026-03-06 12:05:00,384.7,384.7,383.5,383.5,6969
2026-03-06 12:10:00,383.95,384.1,383.25,383.85,2672
2026-03-06 12:15:00,383.85,383.85,383.0,383.4,2335
2026-03-06 12:20:00,383.4,383.85,383.4,383.4,508
2026-03-06 12:25:00,383.4,383.4,383.0,383.05,2547
2026-03-06 12:30:00,383.05,384.0,383.05,383.9,1626
2026-03-06 12:35:00,383.9,387.15,383.9,386.8,5994
2026-03-06 12:40:00,386.8,386.8,386.0,386.6,3320
2026-03-06 12:45:00,386.4,386.85,385.35,385.35,1986
2026-03-06 12:50:00,385.35,385.9,385.35,385.35,722
2026-03-06 12:55:00,385.35,386.5,385.35,386.15,2141
2026-03-06 13:00:00,386.15,387.0,386.0,386.05,5101
2026-03-06 13:05:00,386.05,387.0,386.05,386.1,3000
2026-03-06 13:10:00,386.1,386.3,385.95,385.95,305
2026-03-06 13:15:00,386.0,386.3,385.75,385.95,360
2026-03-06 13:20:00,385.95,386.65,385.55,386.65,499
2026-03-06 13:25:00,386.65,386.65,385.4,386.15,696
2026-03-06 13:30:00,386.15,386.45,385.5,385.65,872
2026-03-06 13:35:00,385.65,386.1,385.3,386.1,1397
2026-03-06 13:40:00,386.1,386.5,385.3,386.5,914
2026-03-06 13:45:00,386.5,386.5,385.8,385.8,3558
2026-03-06 13:50:00,385.8,386.0,385.35,386.0,2806
2026-03-06 13:55:00,386.0,386.3,385.5,386.0,262
2026-03-06 14:00:00,386.0,386.0,385.25,385.5,895
2026-03-06 14:05:00,385.5,385.8,385.2,385.8,303
2026-03-06 14:10:00,385.8,386.2,385.05,385.85,2502
2026-03-06 14:15:00,385.85,386.3,385.65,386.3,1788
2026-03-06 14:20:00,386.3,386.4,386.0,386.0,384
2026-03-06 14:25:00,386.0,386.3,385.65,385.75,1610
2026-03-06 14:30:00,385.75,386.4,385.55,386.35,1221
2026-03-06 14:35:00,386.35,386.35,385.0,385.7,2231
2026-03-06 14:40:00,385.7,385.7,385.0,385.25,3207
2026-03-06 14:45:00,385.25,386.65,385.0,385.75,5360
2026-03-06 14:50:00,385.75,385.9,385.1,385.9,3574
2026-03-06 14:55:00,385.9,385.9,385.0,385.0,2472
2026-03-06 15:00:00,385.0,385.45,385.0,385.0,1504
2026-03-06 15:05:00,385.0,385.5,385.0,385.0,6775
2026-03-06 15:10:00,385.0,385.05,385.0,385.05,14505
2026-03-06 15:15:00,385.0,385.1,382.0,383.65,9032
2026-03-06 15:20:00,383.8,386.5,383.5,386.5,10885
2026-03-06 15:25:00,386.5,389.8,383.4,385.4,11967
2026-03-09 09:15:00,370.1,377.0,368.0,368.45,31808
2026-03-09 09:20:00,368.45,369.6,367.25,368.0,55093
2026-03-09 09:25:00,368.0,368.0,363.55,366.9,116946
2026-03-09 09:30:00,366.9,368.0,365.4,366.05,17847
2026-03-09 09:35:00,365.55,367.1,365.1,366.8,20133
2026-03-09 09:40:00,366.8,366.8,363.0,364.6,23221
2026-03-09 09:45:00,364.6,365.0,363.15,364.55,6123
2026-03-09 09:50:00,364.95,365.0,364.05,364.55,7236
2026-03-09 09:55:00,364.55,364.95,364.05,364.05,11075
2026-03-09 10:00:00,364.45,364.45,363.0,363.4,7304
2026-03-09 10:05:00,363.4,364.65,363.0,364.4,6892
2026-03-09 10:10:00,364.15,365.0,364.15,364.55,9830
2026-03-09 10:15:00,364.55,364.95,363.5,364.1,3912
2026-03-09 10:20:00,364.1,364.8,363.05,363.05,3995
2026-03-09 10:25:00,363.05,363.7,362.0,362.4,3525
2026-03-09 10:30:00,362.7,362.85,362.1,362.5,4043
2026-03-09 10:35:00,362.5,362.85,361.55,361.55,3800
2026-03-09 10:40:00,361.55,362.1,361.5,361.55,1559
2026-03-09 10:45:00,361.55,361.9,360.1,360.6,15806
2026-03-09 10:50:00,360.6,363.2,360.1,363.2,7987
2026-03-09 10:55:00,363.2,363.65,362.45,363.35,2204
2026-03-09 11:00:00,363.35,363.7,362.5,362.85,4148
2026-03-09 11:05:00,362.85,366.95,362.85,366.6,27717
2026-03-09 11:10:00,366.6,366.8,365.3,366.65,6095
2026-03-09 11:15:00,366.65,367.5,365.85,367.5,2690
2026-03-09 11:20:00,367.5,370.15,367.25,369.5,13167
2026-03-09 11:25:00,369.5,370.8,368.75,369.65,2518
2026-03-09 11:30:00,369.65,370.85,369.05,369.55,5276
2026-03-09 11:35:00,369.55,370.15,369.35,369.95,4847
2026-03-09 11:40:00,370.0,371.2,369.15,370.3,5103
2026-03-09 11:45:00,370.3,371.05,369.6,369.6,11927
2026-03-09 11:50:00,370.05,370.05,369.1,369.45,978
2026-03-09 11:55:00,369.45,369.45,368.05,368.8,1721
2026-03-09 12:00:00,368.8,370.7,368.2,370.2,6193
2026-03-09 12:05:00,370.2,370.9,370.1,370.3,969
2026-03-09 12:10:00,370.3,371.45,370.3,370.5,2225
2026-03-09 12:15:00,370.5,371.0,370.3,370.45,556
2026-03-09 12:20:00,370.45,371.5,370.05,371.5,2158
2026-03-09 12:25:00,371.5,371.5,370.7,370.8,4348
2026-03-09 12:30:00,370.8,371.2,370.6,370.7,885
2026-03-09 12:35:00,370.7,371.5,370.65,371.25,1016
2026-03-09 12:40:00,371.5,371.9,371.0,371.65,2239
2026-03-09 12:45:00,371.7,372.0,370.35,370.35,12367
2026-03-09 12:50:00,370.35,371.5,370.05,371.4,2005
2026-03-09 12:55:00,371.4,371.5,370.6,371.5,1125
2026-03-09 13:00:00,371.5,371.5,370.6,370.8,1016
2026-03-09 13:05:00,370.8,370.8,370.1,370.55,2741
2026-03-09 13:10:00,370.55,370.7,369.65,370.15,2794
2026-03-09 13:15:00,370.15,371.5,369.3,370.0,5978
2026-03-09 13:20:00,370.0,370.35,369.2,370.0,7697
2026-03-09 13:25:00,370.0,370.2,369.7,369.9,313
2026-03-09 13:30:00,369.9,370.9,369.85,370.9,894
2026-03-09 13:35:00,370.65,370.65,369.85,370.5,561
2026-03-09 13:40:00,370.5,370.5,369.85,370.25,556
2026-03-09 13:45:00,370.25,370.45,369.8,370.45,746
2026-03-09 13:50:00,370.45,371.05,370.0,370.05,5294
2026-03-09 13:55:00,370.05,371.6,370.05,370.95,6249
2026-03-09 14:00:00,370.95,371.6,370.6,371.6,1453
2026-03-09 14:05:00,371.6,371.85,370.65,371.5,2656
2026-03-09 14:10:00,371.5,371.75,370.85,370.95,2727
2026-03-09 14:15:00,370.95,371.35,370.5,371.0,1775
2026-03-09 14:20:00,371.0,372.0,370.6,372.0,6313
2026-03-09 14:25:00,372.0,372.95,372.0,372.5,6365
2026-03-09 14:30:00,372.5,374.0,372.5,372.55,5990
2026-03-09 14:35:00,372.55,372.7,372.05,372.25,6154
2026-03-09 14:40:00,372.25,372.8,371.9,372.45,4182
2026-03-09 14:45:00,372.45,374.0,372.35,372.7,3216
2026-03-09 14:50:00,372.7,373.5,372.2,372.6,1448
2026-03-09 14:55:00,373.0,373.2,372.3,372.95,2391
2026-03-09 15:00:00,372.7,374.85,372.35,374.5,9749
2026-03-09 15:05:00,374.8,375.0,374.0,374.4,10476
2026-03-09 15:10:00,374.95,375.75,373.95,375.1,5669
2026-03-09 15:15:00,375.1,375.9,374.95,375.4,5873
2026-03-09 15:20:00,375.4,377.95,375.0,377.4,10788
2026-03-09 15:25:00,376.5,378.85,374.0,374.0,16534
2026-03-10 09:15:00,376.9,382.65,376.9,378.9,14672
2026-03-10 09:20:00,378.9,379.9,377.9,377.9,10687
2026-03-10 09:25:00,377.9,377.9,375.8,375.8,12185
2026-03-10 09:30:00,376.45,376.8,375.4,376.2,3040
2026-03-10 09:35:00,376.2,376.35,375.4,375.4,4191
2026-03-10 09:40:00,375.4,376.0,375.1,375.95,1436
2026-03-10 09:45:00,375.95,376.4,375.0,375.0,3422
2026-03-10 09:50:00,375.0,375.8,375.0,375.5,1343
2026-03-10 09:55:00,375.75,375.95,374.1,374.35,1590
2026-03-10 10:00:00,374.35,375.3,374.1,374.95,1201
2026-03-10 10:05:00,374.95,375.2,374.25,375.2,1236
2026-03-10 10:10:00,375.2,376.0,374.6,375.75,5437
2026-03-10 10:15:00,375.95,377.25,375.8,376.0,14081
2026-03-10 10:20:00,376.65,378.0,375.3,377.4,9615
2026-03-10 10:25:00,377.4,379.9,377.4,379.15,13271
2026-03-10 10:30:00,379.15,380.2,379.15,380.0,4847
2026-03-10 10:35:00,380.0,380.2,378.45,378.6,1592
2026-03-10 10:40:00,378.6,378.65,377.75,377.75,918
2026-03-10 10:45:00,377.75,378.35,377.55,377.85,1477
2026-03-10 10:50:00,377.85,377.85,376.7,377.3,1537
2026-03-10 10:55:00,377.3,377.75,377.1,377.65,888
2026-03-10 11:00:00,377.65,378.0,377.55,377.65,474
2026-03-10 11:05:00,377.65,379.15,377.65,378.1,700
2026-03-10 11:10:00,378.1,379.25,375.6,375.85,22192
2026-03-10 11:15:00,376.05,377.7,376.05,376.3,1819
2026-03-10 11:20:00,376.3,376.75,375.05,375.25,2111
2026-03-10 11:25:00,375.25,376.8,375.25,375.75,3379
2026-03-10 11:30:00,376.05,376.2,375.75,375.8,701
2026-03-10 11:35:00,375.8,376.4,375.75,375.95,2545
2026-03-10 11:40:00,375.95,376.8,375.8,376.4,2726
2026-03-10 11:45:00,376.4,376.45,375.15,375.3,2102
2026-03-10 11:50:00,375.3,376.55,375.3,376.5,3644
2026-03-10 11:55:00,376.1,376.45,374.05,375.35,6681
2026-03-10 12:00:00,375.35,376.65,374.9,376.0,1410
2026-03-10 12:05:00,376.0,376.3,373.85,376.0,10612
2026-03-10 12:10:00,376.0,376.75,375.7,375.7,1211
2026-03-10 12:15:00,375.7,376.3,375.2,376.1,830
2026-03-10 12:20:00,376.1,376.7,376.1,376.15,4759
2026-03-10 12:25:00,376.1,376.45,376.1,376.4,872
2026-03-10 12:30:00,376.4,376.5,376.15,376.2,5848
2026-03-10 12:35:00,376.2,378.2,376.2,377.0,5632
2026-03-10 12:40:00,377.0,377.0,375.95,376.3,1282
2026-03-10 12:45:00,376.3,377.5,375.75,377.0,3331
2026-03-10 12:50:00,377.0,377.2,376.35,376.65,745
2026-03-10 12:55:00,376.65,377.4,376.5,377.0,1123
2026-03-10 13:00:00,377.1,377.95,377.1,377.1,658
2026-03-10 13:05:00,377.4,377.9,376.45,376.45,3519
2026-03-10 13:10:00,376.45,376.7,375.7,376.1,786
2026-03-10 13:15:00,376.1,376.45,376.05,376.3,411
2026-03-10 13:20:00,376.3,379.2,376.3,379.0,19487
2026-03-10 13:25:00,377.85,378.2,377.5,377.5,1475
2026-03-10 13:30:00,377.5,378.05,377.45,377.9,708
2026-03-10 13:35:00,377.9,378.8,377.2,378.6,1146
2026-03-10 13:40:00,378.6,378.6,377.0,377.65,14187
2026-03-10 13:45:00,377.65,378.9,377.5,377.7,8743
2026-03-10 13:50:00,377.7,378.7,377.7,377.75,906
2026-03-10 13:55:00,377.75,378.75,377.4,377.4,7984
2026-03-10 14:00:00,377.4,377.7,377.15,377.15,774
2026-03-10 14:05:00,377.15,378.2,377.15,377.75,1985
2026-03-10 14:10:00,377.75,377.85,377.15,377.4,1399
2026-03-10 14:15:00,377.4,377.95,377.35,377.35,1402
2026-03-10 14:20:00,377.35,377.6,375.45,375.9,6380
2026-03-10 14:25:00,375.9,377.3,375.9,376.4,893
2026-03-10 14:30:00,376.4,377.0,376.0,376.05,918
2026-03-10 14:35:00,376.05,377.0,375.75,376.95,1040
2026-03-10 14:40:00,376.95,376.95,375.65,376.35,3504
2026-03-10 14:45:00,376.35,377.55,376.1,376.15,8795
2026-03-10 14:50:00,376.15,377.55,376.0,377.15,19106
2026-03-10 14:55:00,377.15,377.25,376.6,376.9,2657
2026-03-10 15:00:00,376.9,377.0,376.05,376.45,2622
2026-03-10 15:05:00,376.45,376.8,375.55,375.65,8075
2026-03-10 15:10:00,375.5,375.5,374.75,375.25,21251
2026-03-10 15:15:00,375.25,376.45,374.75,376.1,10594
2026-03-10 15:20:00,376.2,378.8,375.9,378.4,9970
2026-03-10 15:25:00,378.4,379.7,377.7,379.7,7383
2026-03-11 09:15:00,379.9,384.05,370.0,382.3,29520
2026-03-11 09:20:00,382.3,386.75,381.7,383.8,12157
2026-03-11 09:25:00,383.4,385.3,382.6,383.8,7120
2026-03-11 09:30:00,383.8,383.8,381.9,382.95,8928
2026-03-11 09:35:00,382.95,383.25,381.85,382.3,4972
2026-03-11 09:40:00,382.3,383.65,382.0,383.1,4405
2026-03-11 09:45:00,383.1,383.15,381.45,382.0,5577
2026-03-11 09:50:00,382.0,382.25,380.6,380.9,2603
2026-03-11 09:55:00,380.9,381.1,379.3,379.5,2345
2026-03-11 10:00:00,379.75,380.35,379.0,379.8,1673
2026-03-11 10:05:00,379.8,380.8,379.45,380.05,2493
2026-03-11 10:10:00,380.05,380.05,379.35,379.75,1134
2026-03-11 10:15:00,379.75,380.4,379.5,380.15,3375
2026-03-11 10:20:00,380.15,381.0,380.0,380.6,3122
2026-03-11 10:25:00,380.6,380.65,379.0,379.45,1863
2026-03-11 10:30:00,379.45,379.9,379.0,379.0,1125
2026-03-11 10:35:00,379.0,379.05,378.15,378.15,2779
2026-03-11 10:40:00,378.15,379.0,377.9,377.9,3223
2026-03-11 10:45:00,377.9,378.15,377.05,378.15,3401
2026-03-11 10:50:00,377.85,378.6,377.8,378.4,1957
2026-03-11 10:55:00,378.1,379.55,377.8,378.95,56153
2026-03-11 11:00:00,378.95,380.5,378.6,380.5,1977
2026-03-11 11:05:00,380.05,380.9,379.35,379.5,4264
2026-03-11 11:10:00,379.5,380.3,379.3,379.3,3203
2026-03-11 11:15:00,379.25,379.8,378.5,378.65,1859
2026-03-11 11:20:00,378.65,379.5,377.75,377.75,3317
2026-03-11 11:25:00,377.6,379.0,377.1,378.6,2264
2026-03-11 11:30:00,378.6,378.9,377.2,378.05,1236
2026-03-11 11:35:00,378.05,378.5,377.2,378.2,1689
2026-03-11 11:40:00,378.25,378.6,377.8,378.15,693
2026-03-11 11:45:00,378.15,378.7,377.4,377.75,750
2026-03-11 11:50:00,377.75,378.95,377.35,378.6,28033
2026-03-11 11:55:00,378.6,379.3,378.15,378.95,3572
2026-03-11 12:00:00,378.95,381.1,378.9,381.0,1672
2026-03-11 12:05:00,380.85,380.95,380.05,380.25,4185
2026-03-11 12:10:00,380.25,381.3,380.2,380.7,1326
2026-03-11 12:15:00,380.7,381.35,380.35,381.0,883
2026-03-11 12:20:00,380.9,381.3,380.35,381.0,2512
2026-03-11 12:25:00,381.0,381.45,380.3,380.6,5301
2026-03-11 12:30:00,380.6,381.2,380.6,380.8,2484
2026-03-11 12:35:00,380.8,380.8,380.0,380.25,3437
2026-03-11 12:40:00,380.0,381.05,379.4,380.6,1675
2026-03-11 12:45:00,380.6,380.95,379.7,380.45,6500
2026-03-11 12:50:00,380.25,380.55,379.5,379.95,475
2026-03-11 12:55:00,379.95,380.05,379.5,379.7,1865
2026-03-11 13:00:00,379.7,379.85,379.05,379.45,1660
2026-03-11 13:05:00,379.45,380.0,379.2,379.85,670
2026-03-11 13:10:00,379.85,379.85,378.1,378.6,1434
2026-03-11 13:15:00,378.1,378.7,377.0,377.0,10762
2026-03-11 13:20:00,377.0,380.0,377.0,380.0,3221
2026-03-11 13:25:00,380.0,380.0,378.5,379.15,3727
2026-03-11 13:30:00,379.15,379.95,379.05,379.1,2532
2026-03-11 13:35:00,379.1,379.7,378.4,378.5,1479
2026-03-11 13:40:00,378.4,378.9,377.8,377.8,1831
2026-03-11 13:45:00,377.8,378.0,376.65,376.8,3602
2026-03-11 13:50:00,376.8,377.95,376.8,377.3,1746
2026-03-11 13:55:00,377.3,378.0,377.3,377.55,556
2026-03-11 14:00:00,377.55,377.95,377.05,377.45,1069
2026-03-11 14:05:00,377.5,378.3,377.05,377.6,5691
2026-03-11 14:10:00,377.6,377.6,376.6,377.1,904
2026-03-11 14:15:00,376.8,376.8,376.0,376.05,2645
2026-03-11 14:20:00,376.05,376.1,373.5,373.5,35753
2026-03-11 14:25:00,373.5,376.8,373.5,376.1,6828
2026-03-11 14:30:00,376.1,376.6,375.15,375.25,1630
2026-03-11 14:35:00,375.0,375.25,374.65,374.75,1412
2026-03-11 14:40:00,374.75,376.2,374.5,376.2,7034
2026-03-11 14:45:00,376.2,376.75,375.6,375.85,7725
2026-03-11 14:50:00,375.85,375.95,375.0,375.7,1660
2026-03-11 14:55:00,375.7,376.0,374.4,374.4,6887
2026-03-11 15:00:00,374.3,375.1,374.1,375.1,7039
2026-03-11 15:05:00,374.3,378.35,374.1,377.3,18736
2026-03-11 15:10:00,377.05,377.05,376.5,376.5,2454
2026-03-11 15:15:00,376.55,376.75,374.0,374.25,9845
2026-03-11 15:20:00,374.3,375.0,372.5,374.85,35564
2026-03-11 15:25:00,374.65,376.7,371.95,371.95,17756
2026-03-12 09:15:00,370.1,373.9,365.4,365.4,17090
2026-03-12 09:20:00,366.15,369.05,365.2,369.05,12618
2026-03-12 09:25:00,368.85,371.8,368.3,371.8,17967
2026-03-12 09:30:00,371.15,371.15,370.0,370.65,2468
2026-03-12 09:35:00,370.65,371.0,370.3,370.3,1194
2026-03-12 09:40:00,370.5,372.0,370.3,371.15,5093
2026-03-12 09:45:00,371.15,372.0,370.3,372.0,7306
2026-03-12 09:50:00,371.65,371.75,370.05,370.5,4298
2026-03-12 09:55:00,370.5,373.2,370.5,373.2,1388
2026-03-12 10:00:00,373.2,373.2,371.95,371.95,1300
2026-03-12 10:05:00,371.95,372.4,370.55,370.6,244
2026-03-12 10:10:00,370.6,371.4,370.2,370.2,414
2026-03-12 10:15:00,370.2,370.5,368.8,369.1,3694
2026-03-12 10:20:00,369.15,369.75,368.7,368.75,411
2026-03-12 10:25:00,368.75,369.65,368.75,369.65,1208
2026-03-12 10:30:00,369.65,369.65,368.0,369.5,2266
2026-03-12 10:35:00,369.5,371.25,368.85,371.0,1992
2026-03-12 10:40:00,371.0,371.5,370.55,370.75,4264
2026-03-12 10:45:00,370.75,371.85,370.6,371.6,4269
2026-03-12 10:50:00,371.6,371.85,370.0,371.4,3195
2026-03-12 10:55:00,371.4,373.3,371.05,373.3,4199
2026-03-12 11:00:00,373.0,374.0,372.65,374.0,2607
2026-03-12 11:05:00,374.0,374.7,373.15,373.9,506
2026-03-12 11:10:00,373.9,374.6,373.7,374.0,2689
2026-03-12 11:15:00,374.5,374.85,372.55,372.75,2972
2026-03-12 11:20:00,373.0,373.0,372.0,372.55,1507
2026-03-12 11:25:00,372.55,373.5,372.45,372.95,487
2026-03-12 11:30:00,372.95,372.95,372.0,372.6,218
2026-03-12 11:35:00,372.6,373.5,372.05,373.25,22486
2026-03-12 11:40:00,373.25,374.4,373.0,373.65,9089
2026-03-12 11:45:00,373.65,374.15,372.5,373.75,1668
2026-03-12 11:50:00,373.75,374.25,373.3,374.0,211
2026-03-12 11:55:00,374.0,375.3,373.7,374.6,640
2026-03-12 12:00:00,374.6,375.4,373.7,375.4,5682
2026-03-12 12:05:00,375.4,375.5,374.6,375.0,1233
2026-03-12 12:10:00,375.0,377.4,375.0,377.35,1725
2026-03-12 12:15:00,377.35,377.4,376.1,376.7,2098
2026-03-12 12:20:00,376.7,377.0,375.35,375.4,2450
2026-03-12 12:25:00,375.4,376.8,375.4,375.75,3267
2026-03-12 12:30:00,375.75,376.1,374.45,374.7,2606
2026-03-12 12:35:00,374.7,375.5,374.1,375.25,2914
2026-03-12 12:40:00,375.25,375.8,374.8,375.8,1145
2026-03-12 12:45:00,375.8,376.95,375.8,376.1,1270
2026-03-12 12:50:00,376.1,377.5,375.55,375.55,15056
2026-03-12 12:55:00,375.55,376.5,375.55,376.45,1261
2026-03-12 13:00:00,376.45,376.45,375.5,375.8,540
2026-03-12 13:05:00,375.8,375.8,374.1,374.55,3015
2026-03-12 13:10:00,374.55,375.7,374.3,375.7,757
2026-03-12 13:15:00,375.7,376.35,375.45,375.9,306
2026-03-12 13:20:00,375.9,376.1,375.6,375.85,1044
2026-03-12 13:25:00,376.0,376.05,375.6,376.05,1280
2026-03-12 13:30:00,376.05,376.65,375.9,376.6,817
2026-03-12 13:35:00,376.6,376.85,375.2,376.0,8324
2026-03-12 13:40:00,376.0,376.9,375.65,376.45,1363
2026-03-12 13:45:00,376.45,377.6,376.45,376.55,4656
2026-03-12 13:50:00,376.55,376.6,375.5,376.2,5435
2026-03-12 13:55:00,376.2,376.2,375.2,375.25,1509
2026-03-12 14:00:00,375.25,376.35,375.25,375.95,990
2026-03-12 14:05:00,375.95,377.5,375.05,377.5,432
2026-03-12 14:10:00,377.5,378.4,376.85,377.4,8996
2026-03-12 14:15:00,377.4,377.75,377.15,377.6,1375
2026-03-12 14:20:00,377.6,382.0,377.6,380.1,19302
2026-03-12 14:25:00,380.1,380.65,379.85,380.0,1905
2026-03-12 14:30:00,380.0,381.55,380.0,381.0,3051
2026-03-12 14:35:00,381.0,381.0,378.7,379.25,3475
2026-03-12 14:40:00,379.25,379.25,376.9,376.9,7104
2026-03-12 14:45:00,376.9,377.7,376.6,377.65,1463
2026-03-12 14:50:00,377.65,377.65,376.1,377.5,6910
2026-03-12 14:55:00,376.95,379.0,376.65,378.4,13092
2026-03-12 15:00:00,378.4,378.6,377.9,378.4,5921
2026-03-12 15:05:00,378.4,378.4,377.0,378.3,1931
2026-03-12 15:10:00,378.3,378.7,377.5,378.2,2878
2026-03-12 15:15:00,378.2,378.75,377.8,377.85,2256
2026-03-12 15:20:00,377.85,378.4,376.2,376.5,13784
2026-03-12 15:25:00,376.8,377.05,375.0,376.4,7576
2026-03-13 09:15:00,380.0,380.0,369.15,369.3,11610
2026-03-13 09:20:00,369.0,370.4,368.05,368.1,14703
2026-03-13 09:25:00,368.1,370.65,366.95,369.0,36177
2026-03-13 09:30:00,369.0,370.2,367.05,367.25,7828
2026-03-13 09:35:00,367.3,368.0,367.05,367.1,5534
2026-03-13 09:40:00,367.15,367.65,366.2,366.5,5378
2026-03-13 09:45:00,366.55,366.7,364.15,364.2,13596
2026-03-13 09:50:00,364.2,364.85,363.3,363.4,53262
2026-03-13 09:55:00,363.35,363.8,362.9,362.9,3743
2026-03-13 10:00:00,362.9,363.65,362.0,363.35,9733
2026-03-13 10:05:00,363.35,364.15,362.3,362.35,13856
2026-03-13 10:10:00,362.3,362.95,361.7,361.75,1718
2026-03-13 10:15:00,362.0,362.7,360.85,361.0,8092
2026-03-13 10:20:00,360.85,361.55,360.15,360.15,2478
2026-03-13 10:25:00,360.15,363.35,359.5,362.6,25386
2026-03-13 10:30:00,362.65,363.7,360.65,361.0,4255
2026-03-13 10:35:00,360.6,361.85,360.3,360.85,5459
2026-03-13 10:40:00,360.75,362.1,360.1,361.5,6434
2026-03-13 10:45:00,361.3,361.95,360.25,361.15,11690
2026-03-13 10:50:00,361.5,363.95,361.05,362.6,7417
2026-03-13 10:55:00,362.6,362.6,361.0,361.85,2592
2026-03-13 11:00:00,361.3,362.6,360.7,361.2,6390
2026-03-13 11:05:00,361.05,361.8,361.05,361.3,1437
2026-03-13 11:10:00,361.3,361.75,360.1,360.25,4894
2026-03-13 11:15:00,360.25,361.3,358.9,360.75,17814
2026-03-13 11:20:00,360.75,361.5,360.1,360.35,2593
2026-03-13 11:25:00,360.35,362.65,360.3,361.5,1333
2026-03-13 11:30:00,361.5,362.55,360.55,361.5,4697
2026-03-13 11:35:00,361.4,363.15,361.15,362.45,19865
2026-03-13 11:40:00,362.35,363.65,362.0,362.3,1755
2026-03-13 11:45:00,362.25,362.7,360.15,360.2,3721
2026-03-13 11:50:00,360.2,362.15,360.2,361.0,9871
2026-03-13 11:55:00,361.0,361.45,360.0,360.35,13658
2026-03-13 12:00:00,360.25,360.8,359.0,359.55,5234
2026-03-13 12:05:00,359.55,360.1,358.0,359.7,18289
2026-03-13 12:10:00,359.6,361.2,359.2,361.0,2332
2026-03-13 12:15:00,361.2,361.65,360.3,360.3,3378
2026-03-13 12:20:00,360.75,360.75,359.0,359.1,7765
2026-03-13 12:25:00,359.1,360.4,358.85,359.05,10091
2026-03-13 12:30:00,359.45,359.55,358.05,358.3,1371
2026-03-13 12:35:00,358.2,359.5,358.0,359.0,3585
2026-03-13 12:40:00,358.85,359.45,358.55,358.6,2842
2026-03-13 12:45:00,358.6,360.25,358.55,359.05,1630
2026-03-13 12:50:00,359.05,359.5,358.75,359.0,4096
2026-03-13 12:55:00,358.85,359.65,358.75,359.2,3702
2026-03-13 13:00:00,359.0,361.65,358.75,360.45,10854
2026-03-13 13:05:00,360.35,361.3,359.7,360.1,7657
2026-03-13 13:10:00,360.1,360.15,358.8,359.15,1914
2026-03-13 13:15:00,359.0,360.45,358.75,360.0,6766
2026-03-13 13:20:00,360.0,360.5,358.85,359.15,2155
2026-03-13 13:25:00,358.9,360.8,358.75,360.15,2450
2026-03-13 13:30:00,360.15,361.2,359.0,359.05,3206
2026-03-13 13:35:00,359.0,361.05,359.0,360.1,5731
2026-03-13 13:40:00,360.0,361.0,359.35,360.45,6440
2026-03-13 13:45:00,360.25,360.45,359.0,359.15,2458
2026-03-13 13:50:00,359.25,359.9,359.05,359.35,1629
2026-03-13 13:55:00,359.25,359.65,358.7,358.75,2677
2026-03-13 14:00:00,358.75,359.8,358.6,359.15,1583
2026-03-13 14:05:00,359.1,360.55,359.1,359.8,3320
2026-03-13 14:10:00,359.45,361.45,359.35,361.45,2175
2026-03-13 14:15:00,361.25,361.5,360.05,360.4,31808
2026-03-13 14:20:00,361.0,361.3,360.15,360.25,1667
2026-03-13 14:25:00,360.15,361.0,360.15,360.15,1476
2026-03-13 14:30:00,360.9,362.4,360.4,361.85,1824
2026-03-13 14:35:00,361.5,362.0,361.0,361.05,1957
2026-03-13 14:40:00,361.0,361.45,360.35,360.55,3222
2026-03-13 14:45:00,360.6,360.95,359.55,359.55,5544
2026-03-13 14:50:00,359.55,359.9,359.0,359.35,2412
2026-03-13 14:55:00,359.05,359.65,358.9,359.1,5640
2026-03-13 15:00:00,358.95,359.3,358.0,358.0,10388
2026-03-13 15:05:00,358.0,359.7,357.5,359.0,30482
2026-03-13 15:10:00,358.75,359.5,357.95,358.3,23206
2026-03-13 15:15:00,358.65,359.05,357.0,357.45,16647
2026-03-13 15:20:00,357.45,359.25,357.0,357.85,16185
2026-03-13 15:25:00,357.55,358.95,357.0,357.7,19857
2026-03-16 09:15:00,359.0,364.0,356.4,356.85,40145
2026-03-16 09:20:00,356.85,358.2,355.0,355.05,14775
2026-03-16 09:25:00,355.05,356.35,355.05,355.5,6597
2026-03-16 09:30:00,355.5,355.5,353.25,355.25,11044
2026-03-16 09:35:00,355.45,356.95,354.2,355.4,7897
2026-03-16 09:40:00,355.4,356.85,355.3,356.2,3877
2026-03-16 09:45:00,356.2,356.2,354.9,355.3,12244
2026-03-16 09:50:00,355.55,355.55,354.05,354.4,9035
2026-03-16 09:55:00,354.4,354.85,352.6,353.0,8309
2026-03-16 10:00:00,353.0,353.65,352.2,353.15,3285
2026-03-16 10:05:00,353.15,353.85,352.95,353.0,6446
2026-03-16 10:10:00,353.0,353.0,351.8,352.0,5046
2026-03-16 10:15:00,352.0,352.5,350.55,350.95,4072
2026-03-16 10:20:00,350.25,350.85,347.3,348.45,33926
2026-03-16 10:25:00,348.45,348.75,346.6,348.0,8594
2026-03-16 10:30:00,348.0,349.25,347.9,348.0,5572
2026-03-16 10:35:00,348.0,348.6,347.6,348.0,6061
2026-03-16 10:40:00,348.0,348.2,346.15,346.15,25030
2026-03-16 10:45:00,346.15,346.95,345.85,346.15,15320
2026-03-16 10:50:00,345.8,346.5,345.0,345.25,2863
2026-03-16 10:55:00,345.0,349.05,344.05,348.9,19547
2026-03-16 11:00:00,348.9,349.05,347.2,348.3,4955
2026-03-16 11:05:00,348.3,349.2,347.85,348.3,7308
2026-03-16 11:10:00,348.3,348.6,346.7,347.15,1361
2026-03-16 11:15:00,347.15,348.95,346.65,348.9,3893
2026-03-16 11:20:00,348.9,350.55,348.5,350.4,3500
2026-03-16 11:25:00,350.5,350.7,349.65,350.0,8665
2026-03-16 11:30:00,350.25,351.35,350.2,350.5,3441
2026-03-16 11:35:00,350.5,350.5,348.45,349.3,3016
2026-03-16 11:40:00,349.3,349.65,348.25,348.3,2404
2026-03-16 11:45:00,348.55,348.95,347.8,348.45,2681
2026-03-16 11:50:00,348.45,349.25,345.4,346.25,51251
2026-03-16 11:55:00,346.3,346.6,345.35,346.0,2352
2026-03-16 12:00:00,346.0,347.6,345.5,346.65,8614
2026-03-16 12:05:00,346.65,348.75,345.45,347.05,15255
2026-03-16 12:10:00,347.05,348.65,347.0,347.85,11878
2026-03-16 12:15:00,347.85,348.4,346.85,346.9,1184
2026-03-16 12:20:00,346.9,348.35,346.1,348.35,2717
2026-03-16 12:25:00,348.35,351.0,347.7,351.0,21219
2026-03-16 12:30:00,351.0,351.6,349.25,350.3,18399
2026-03-16 12:35:00,350.3,351.0,349.0,349.65,2391
2026-03-16 12:40:00,349.65,349.95,349.2,349.2,1227
2026-03-16 12:45:00,349.2,349.2,347.65,347.65,4462
2026-03-16 12:50:00,347.65,348.35,347.05,348.25,2184
2026-03-16 12:55:00,348.25,348.9,347.75,348.05,1202
2026-03-16 13:00:00,348.05,350.25,347.8,349.65,1755
2026-03-16 13:05:00,349.35,349.5,348.15,349.4,2117
2026-03-16 13:10:00,349.4,349.4,347.05,347.4,3088
2026-03-16 13:15:00,347.4,347.4,347.2,347.4,279
2026-03-16 13:20:00,347.4,347.6,346.7,347.55,2204
2026-03-16 13:25:00,347.55,347.55,347.1,347.1,737
2026-03-16 13:30:00,347.1,347.1,346.5,346.9,508
2026-03-16 13:35:00,346.9,346.9,346.35,346.45,945
2026-03-16 13:40:00,346.45,347.6,346.45,347.5,6895
2026-03-16 13:45:00,347.5,347.65,346.7,347.3,6527
2026-03-16 13:50:00,347.3,347.45,345.05,347.05,13098
2026-03-16 13:55:00,347.0,347.1,346.55,347.1,744
2026-03-16 14:00:00,347.1,347.45,346.55,347.45,3415
2026-03-16 14:05:00,347.45,347.7,346.85,347.05,8414
2026-03-16 14:10:00,347.05,347.7,346.45,347.3,900
2026-03-16 14:15:00,347.3,349.5,346.4,348.6,12216
2026-03-16 14:20:00,348.6,349.9,348.6,349.45,10237
2026-03-16 14:25:00,349.45,350.0,349.0,349.1,9920
2026-03-16 14:30:00,349.45,350.45,349.35,350.0,3184
2026-03-16 14:35:00,350.0,351.45,349.75,351.45,5609
2026-03-16 14:40:00,351.45,353.05,351.1,351.95,9071
2026-03-16 14:45:00,351.9,353.0,351.1,353.0,7783
2026-03-16 14:50:00,353.25,357.5,353.05,356.65,13954
2026-03-16 14:55:00,356.5,356.7,355.0,355.0,6333
2026-03-16 15:00:00,354.85,356.0,352.15,355.0,18912
2026-03-16 15:05:00,355.0,359.25,354.65,359.25,20804
2026-03-16 15:10:00,359.25,359.35,357.25,357.25,3393
2026-03-16 15:15:00,357.2,359.45,355.95,357.8,19297
2026-03-16 15:20:00,357.8,357.8,355.45,355.75,14537
2026-03-16 15:25:00,355.0,356.8,350.0,353.5,15218
2026-03-17 09:15:00,356.4,358.7,354.55,354.85,21709
2026-03-17 09:20:00,354.85,357.7,354.3,357.45,6073
2026-03-17 09:25:00,357.45,358.5,356.3,356.5,25004
2026-03-17 09:30:00,356.5,356.5,355.05,355.7,3371
2026-03-17 09:35:00,355.85,357.65,355.5,357.3,2613
2026-03-17 09:40:00,357.3,357.8,356.3,356.65,1675
2026-03-17 09:45:00,356.65,357.25,356.0,356.4,4658
2026-03-17 09:50:00,356.4,356.4,355.4,356.2,3125
2026-03-17 09:55:00,356.1,356.95,354.7,356.95,5019
2026-03-17 10:00:00,357.15,358.0,356.55,357.25,5929
2026-03-17 10:05:00,357.3,358.3,357.3,357.8,3751
2026-03-17 10:10:00,357.8,358.4,356.85,356.95,1220
2026-03-17 10:15:00,357.25,357.7,357.0,357.2,2036
2026-03-17 10:20:00,357.2,357.85,357.2,357.5,1682
2026-03-17 10:25:00,357.5,357.5,355.5,356.45,5318
2026-03-17 10:30:00,356.45,356.45,354.8,354.8,2053
2026-03-17 10:35:00,354.55,355.05,353.55,354.4,3364
2026-03-17 10:40:00,354.4,354.55,352.9,353.8,6529
2026-03-17 10:45:00,353.55,354.9,353.55,354.9,3365
2026-03-17 10:50:00,355.0,355.25,354.25,354.85,526
2026-03-17 10:55:00,354.85,356.0,354.8,355.3,1517
2026-03-17 11:00:00,355.3,355.7,354.7,355.25,1686
2026-03-17 11:05:00,355.25,356.4,354.65,356.15,3079
2026-03-17 11:10:00,356.25,357.6,356.0,357.1,5066
2026-03-17 11:15:00,357.1,358.2,356.85,357.95,2445
2026-03-17 11:20:00,357.95,358.65,357.5,358.5,10004
2026-03-17 11:25:00,358.5,359.0,358.5,359.0,3184
2026-03-17 11:30:00,359.0,360.0,358.75,359.6,8204
2026-03-17 11:35:00,359.6,363.2,359.6,363.15,9313
2026-03-17 11:40:00,363.15,363.15,361.0,361.0,17527
2026-03-17 11:45:00,361.0,363.0,361.0,361.2,10931
2026-03-17 11:50:00,361.15,362.8,361.0,362.8,3289
2026-03-17 11:55:00,362.8,362.8,360.25,362.0,6415
2026-03-17 12:00:00,361.8,362.45,361.35,361.55,5358
2026-03-17 12:05:00,361.55,362.35,361.4,361.65,1706
2026-03-17 12:10:00,361.65,362.05,361.65,362.05,7
2026-03-17 12:15:00,361.4,363.45,361.4,363.05,5287
2026-03-17 12:20:00,363.05,364.0,363.05,363.8,8293
2026-03-17 12:25:00,363.8,364.75,363.05,364.35,12549
2026-03-17 12:30:00,364.4,364.5,362.75,362.75,33483
2026-03-17 12:35:00,362.2,362.7,360.1,360.2,8300
2026-03-17 12:40:00,360.2,360.3,358.5,358.85,3210
2026-03-17 12:45:00,358.85,361.05,358.85,361.0,8112
2026-03-17 12:50:00,361.0,361.0,360.0,360.15,655
2026-03-17 12:55:00,360.15,361.15,359.4,360.3,23424
2026-03-17 13:00:00,360.9,360.9,359.85,360.4,2240
2026-03-17 13:05:00,360.4,360.4,359.0,359.95,2205
2026-03-17 13:10:00,359.95,359.95,358.0,358.0,4211
2026-03-17 13:15:00,358.0,358.8,357.4,357.4,4830
2026-03-17 13:20:00,357.4,358.1,357.0,357.4,3076
2026-03-17 13:25:00,357.0,357.4,356.2,356.7,3243
2026-03-17 13:30:00,356.7,359.7,356.7,359.1,6356
2026-03-17 13:35:00,359.0,359.25,358.35,359.0,1545
2026-03-17 13:40:00,359.0,359.0,356.55,356.6,7343
2026-03-17 13:45:00,356.6,356.6,356.0,356.05,1978
2026-03-17 13:50:00,356.05,356.95,355.65,355.65,1556
2026-03-17 13:55:00,355.65,356.2,355.0,355.75,15191
2026-03-17 14:00:00,355.75,356.4,355.1,356.0,4588
2026-03-17 14:05:00,356.0,356.05,355.25,355.75,992
2026-03-17 14:10:00,355.75,356.55,355.7,355.7,1463
2026-03-17 14:15:00,355.7,356.05,355.5,355.65,4104
2026-03-17 14:20:00,355.6,355.6,354.55,354.9,4168
2026-03-17 14:25:00,354.9,355.05,354.7,354.95,359
2026-03-17 14:30:00,354.95,355.9,354.65,355.85,5593
2026-03-17 14:35:00,356.0,356.4,356.0,356.0,3301
2026-03-17 14:40:00,356.0,356.0,355.0,355.9,1107
2026-03-17 14:45:00,355.9,355.9,354.5,355.1,3299
2026-03-17 14:50:00,355.1,356.5,355.0,356.5,15353
2026-03-17 14:55:00,356.3,356.95,355.3,356.95,5549
2026-03-17 15:00:00,356.95,356.95,355.25,355.25,319
2026-03-17 15:05:00,355.25,355.55,354.3,354.95,6439
2026-03-17 15:10:00,354.95,355.55,354.75,354.8,10944
2026-03-17 15:15:00,354.8,355.05,353.75,353.9,12184
2026-03-17 15:20:00,353.9,353.9,349.0,352.95,58674
2026-03-17 15:25:00,352.95,353.7,351.1,352.65,10660
2026-03-18 09:15:00,353.95,357.9,353.0,355.85,16716
2026-03-18 09:20:00,355.85,356.75,355.05,355.05,8045
2026-03-18 09:25:00,355.05,365.2,355.05,363.7,44639
2026-03-18 09:30:00,363.7,366.0,363.1,365.55,22855
2026-03-18 09:35:00,365.55,370.2,364.3,368.9,20713
2026-03-18 09:40:00,369.15,369.15,366.05,366.05,12762
2026-03-18 09:45:00,366.05,366.1,364.8,366.05,6932
2026-03-18 09:50:00,366.05,367.5,366.0,366.75,11621
2026-03-18 09:55:00,366.75,367.6,366.15,366.85,6010
2026-03-18 10:00:00,366.85,368.0,365.35,365.6,11952
2026-03-18 10:05:00,365.6,365.6,364.4,365.0,1818
2026-03-18 10:10:00,365.0,368.45,364.0,368.3,9469
2026-03-18 10:15:00,368.3,371.7,368.3,369.0,27407
2026-03-18 10:20:00,369.0,369.3,367.05,369.0,11196
2026-03-18 10:25:00,369.0,369.0,367.2,367.75,4156
2026-03-18 10:30:00,367.75,369.95,367.65,368.6,5863
2026-03-18 10:35:00,368.6,370.0,368.5,369.05,3133
2026-03-18 10:40:00,369.05,369.05,367.0,367.0,5570
2026-03-18 10:45:00,366.85,369.3,366.65,369.3,6303
2026-03-18 10:50:00,370.0,370.2,368.7,369.55,7803
2026-03-18 10:55:00,369.55,372.5,369.55,370.9,10600
2026-03-18 11:00:00,370.9,372.25,370.35,372.0,5787
2026-03-18 11:05:00,372.65,373.5,371.1,371.85,17479
2026-03-18 11:10:00,371.85,372.6,370.5,371.0,6549
2026-03-18 11:15:00,371.0,373.7,371.0,373.65,6593
2026-03-18 11:20:00,374.05,374.8,372.8,374.8,15725
2026-03-18 11:25:00,374.8,376.95,374.0,376.4,35343
2026-03-18 11:30:00,376.4,380.0,376.35,379.35,46174
2026-03-18 11:35:00,380.9,383.0,380.55,381.9,61669
2026-03-18 11:40:00,381.9,383.5,376.0,376.05,44601
2026-03-18 11:45:00,376.55,376.8,373.05,374.95,26757
2026-03-18 11:50:00,374.95,375.9,374.35,374.55,5566
2026-03-18 11:55:00,374.75,375.85,374.0,374.7,7042
2026-03-18 12:00:00,374.5,375.6,374.5,374.5,4821
2026-03-18 12:05:00,374.5,375.1,374.0,374.7,13287
2026-03-18 12:10:00,374.0,374.1,372.3,373.95,12835
2026-03-18 12:15:00,373.95,375.7,373.6,374.75,6340
2026-03-18 12:20:00,374.75,374.75,372.6,373.45,4652
2026-03-18 12:25:00,373.45,373.5,372.0,372.55,4521
2026-03-18 12:30:00,372.55,373.1,372.0,373.05,2198
2026-03-18 12:35:00,373.05,373.05,369.15,369.55,14924
2026-03-18 12:40:00,369.55,371.45,368.5,371.45,24008
2026-03-18 12:45:00,371.45,372.35,370.45,371.65,4828
2026-03-18 12:50:00,371.65,373.35,371.15,371.2,7466
2026-03-18 12:55:00,371.2,377.55,370.45,376.45,23304
2026-03-18 13:00:00,376.45,379.4,375.7,378.2,26701
2026-03-18 13:05:00,378.2,379.5,376.5,377.45,12632
2026-03-18 13:10:00,377.45,378.7,376.45,377.4,10075
2026-03-18 13:15:00,377.4,378.6,377.0,378.1,7004
2026-03-18 13:20:00,378.1,379.5,377.45,379.0,14161
2026-03-18 13:25:00,379.0,382.4,379.0,381.0,16600
2026-03-18 13:30:00,381.0,381.0,380.0,380.25,9111
2026-03-18 13:35:00,380.25,382.1,379.6,381.75,10589
2026-03-18 13:40:00,381.75,382.9,381.0,381.65,10545
2026-03-18 13:45:00,381.65,381.85,380.25,380.55,5615
2026-03-18 13:50:00,380.55,380.95,380.0,380.05,4268
2026-03-18 13:55:00,380.05,380.5,380.0,380.25,3080
2026-03-18 14:00:00,380.0,380.85,380.0,380.05,2728
2026-03-18 14:05:00,380.05,380.95,379.5,380.5,6575
2026-03-18 14:10:00,380.55,380.95,379.75,380.6,5170
2026-03-18 14:15:00,380.6,382.9,380.1,381.95,11743
2026-03-18 14:20:00,381.95,386.0,381.75,385.45,40412
2026-03-18 14:25:00,385.35,387.85,384.3,387.85,106918
2026-03-18 14:30:00,387.85,387.85,387.85,387.85,3431
2026-03-18 14:35:00,387.85,387.85,387.85,387.85,5782
2026-03-18 14:40:00,387.85,387.85,387.85,387.85,6279
2026-03-18 14:45:00,387.85,387.85,383.75,384.6,48182
2026-03-18 14:50:00,384.0,385.7,382.85,383.7,19283
2026-03-18 14:55:00,383.7,385.0,381.0,382.95,8504
2026-03-18 15:00:00,381.6,386.15,381.6,383.8,44456
2026-03-18 15:05:00,383.8,385.4,383.2,384.5,12163
2026-03-18 15:10:00,384.5,384.5,383.0,383.15,9250
2026-03-18 15:15:00,383.1,383.7,380.65,381.0,21575
2026-03-18 15:20:00,380.7,381.45,380.45,381.2,15632
2026-03-18 15:25:00,381.15,381.75,380.95,380.95,15948
2026-03-19 09:15:00,375.0,379.55,372.0,376.65,57239
2026-03-19 09:20:00,376.65,377.55,374.55,376.65,12852
2026-03-19 09:25:00,376.65,377.5,374.5,374.5,8528
2026-03-19 09:30:00,374.5,376.15,374.15,374.5,13325
2026-03-19 09:35:00,374.5,375.0,373.0,373.5,9704
2026-03-19 09:40:00,373.5,374.35,372.7,373.95,14608
2026-03-19 09:45:00,374.05,374.6,371.25,371.55,9816
2026-03-19 09:50:00,371.55,372.2,370.05,371.2,25505
2026-03-19 09:55:00,370.4,371.05,369.0,370.3,7513
2026-03-19 10:00:00,370.3,371.2,369.7,371.2,1526
2026-03-19 10:05:00,371.25,372.5,370.75,372.5,3862
2026-03-19 10:10:00,372.35,373.0,371.7,372.0,3647
2026-03-19 10:15:00,371.7,371.85,370.7,370.95,3974
2026-03-19 10:20:00,370.05,372.0,370.05,372.0,10287
2026-03-19 10:25:00,372.0,372.7,371.7,371.7,2252
2026-03-19 10:30:00,371.7,373.5,371.7,372.3,6306
2026-03-19 10:35:00,372.3,372.55,371.0,372.0,6113
2026-03-19 10:40:00,372.0,372.0,370.5,371.1,958
2026-03-19 10:45:00,371.1,371.45,367.25,368.9,21158
2026-03-19 10:50:00,368.9,369.15,368.6,369.15,526
2026-03-19 10:55:00,369.15,369.15,368.0,368.05,2285
2026-03-19 11:00:00,367.5,368.15,367.5,368.05,3839
2026-03-19 11:05:00,368.05,368.1,367.2,367.9,2023
2026-03-19 11:10:00,367.5,368.5,367.5,368.2,370
2026-03-19 11:15:00,368.2,368.2,367.55,367.85,641
2026-03-19 11:20:00,367.85,368.5,367.5,368.0,362
2026-03-19 11:25:00,368.0,368.5,367.15,367.6,5865
2026-03-19 11:30:00,367.8,368.45,367.5,368.45,2993
2026-03-19 11:35:00,368.45,368.6,368.0,368.6,884
2026-03-19 11:40:00,368.35,368.6,368.0,368.5,4475
2026-03-19 11:45:00,368.5,369.3,368.35,368.95,15162
2026-03-19 11:50:00,368.95,369.25,368.5,368.5,2213
2026-03-19 11:55:00,368.5,369.25,368.1,368.1,9075
2026-03-19 12:00:00,368.35,368.35,367.25,367.25,8684
2026-03-19 12:05:00,367.25,367.3,366.35,367.0,3293
2026-03-19 12:10:00,367.05,368.15,367.0,368.15,5083
2026-03-19 12:15:00,368.15,368.7,368.05,368.5,2868
2026-03-19 12:20:00,368.5,368.5,367.3,367.95,14763
2026-03-19 12:25:00,367.95,368.2,367.6,368.2,1362
2026-03-19 12:30:00,368.2,368.5,367.7,368.4,1586
2026-03-19 12:35:00,368.4,368.65,368.05,368.05,1093
2026-03-19 12:40:00,368.05,368.4,367.85,368.35,159
2026-03-19 12:45:00,368.35,368.45,367.6,368.0,1554
2026-03-19 12:50:00,368.0,368.9,368.0,368.5,2239
2026-03-19 12:55:00,368.5,368.9,368.25,368.65,652
2026-03-19 13:00:00,368.65,368.65,367.85,367.85,2720
2026-03-19 13:05:00,367.85,369.0,367.5,369.0,19593
2026-03-19 13:10:00,369.0,370.85,368.9,370.5,8367
2026-03-19 13:15:00,370.25,370.8,365.7,366.3,18219
2026-03-19 13:20:00,366.3,366.55,364.05,364.65,12195
2026-03-19 13:25:00,364.0,366.35,363.5,366.0,15000
2026-03-19 13:30:00,366.0,368.55,366.0,368.05,7160
2026-03-19 13:35:00,368.05,368.45,368.0,368.45,1480
2026-03-19 13:40:00,368.45,369.9,368.05,369.6,5071
2026-03-19 13:45:00,369.6,371.3,369.5,370.45,2565
2026-03-19 13:50:00,370.45,370.9,370.25,370.65,2098
2026-03-19 13:55:00,370.65,370.8,370.5,370.7,1294
2026-03-19 14:00:00,370.7,370.75,370.0,370.0,20532
2026-03-19 14:05:00,370.15,370.3,366.4,366.75,6242
2026-03-19 14:10:00,366.75,367.1,365.85,367.1,1556
2026-03-19 14:15:00,367.1,370.9,367.0,370.85,11486
2026-03-19 14:20:00,370.85,371.4,369.0,369.8,11317
2026-03-19 14:25:00,369.8,369.8,368.3,368.3,694
2026-03-19 14:30:00,368.75,370.0,368.75,369.7,1836
2026-03-19 14:35:00,369.7,370.5,368.7,369.0,2613
2026-03-19 14:40:00,369.0,369.4,368.5,369.4,4571
2026-03-19 14:45:00,369.4,369.7,365.85,366.65,8400
2026-03-19 14:50:00,366.65,367.45,365.5,366.1,15643
2026-03-19 14:55:00,365.0,367.65,365.0,365.0,9343
2026-03-19 15:00:00,365.0,366.0,363.35,365.55,11629
2026-03-19 15:05:00,365.25,366.75,364.7,366.2,9300
2026-03-19 15:10:00,366.2,366.4,365.0,365.75,5959
2026-03-19 15:15:00,365.6,366.0,364.45,365.55,10539
2026-03-19 15:20:00,365.55,366.4,365.35,365.95,6022
2026-03-19 15:25:00,365.95,366.95,364.5,364.5,14625
2026-03-20 09:15:00,366.4,371.35,366.4,370.2,25283
2026-03-20 09:20:00,370.2,373.0,370.2,370.8,17777
2026-03-20 09:25:00,370.8,373.25,370.75,372.5,15375
2026-03-20 09:30:00,372.5,373.05,371.8,372.1,9897
2026-03-20 09:35:00,372.1,375.35,371.5,371.5,11956
2026-03-20 09:40:00,371.5,371.5,370.05,370.3,12987
2026-03-20 09:45:00,370.55,370.6,368.3,368.6,3450
2026-03-20 09:50:00,368.6,368.65,368.1,368.35,2231
2026-03-20 09:55:00,368.35,370.6,368.0,370.45,17906
2026-03-20 10:00:00,370.45,370.6,368.3,368.3,6668
2026-03-20 10:05:00,368.3,368.45,365.95,366.15,4041
2026-03-20 10:10:00,365.95,366.25,365.3,365.9,8360
2026-03-20 10:15:00,365.55,365.85,364.5,364.5,5605
2026-03-20 10:20:00,364.5,365.1,364.5,364.95,1957
2026-03-20 10:25:00,364.95,366.0,364.75,365.75,3060
2026-03-20 10:30:00,365.75,367.4,365.65,367.4,2039
2026-03-20 10:35:00,367.4,368.5,366.9,367.0,4610
2026-03-20 10:40:00,367.0,367.5,366.65,367.35,2201
2026-03-20 10:45:00,367.35,367.55,366.6,367.25,2235
2026-03-20 10:50:00,367.25,367.6,367.25,367.6,735
2026-03-20 10:55:00,367.6,367.6,366.3,366.8,637
2026-03-20 11:00:00,366.8,367.3,366.05,366.45,2140
2026-03-20 11:05:00,366.45,366.55,366.05,366.4,4959
2026-03-20 11:10:00,366.4,366.4,365.65,365.65,1132
2026-03-20 11:15:00,366.0,366.7,365.6,366.35,3378
2026-03-20 11:20:00,366.35,368.0,366.35,367.85,6801
2026-03-20 11:25:00,367.85,370.1,367.55,370.1,27493
2026-03-20 11:30:00,370.1,370.75,368.4,368.4,3986
2026-03-20 11:35:00,368.4,368.4,368.0,368.0,1516
2026-03-20 11:40:00,368.0,368.0,365.6,367.7,26798
2026-03-20 11:45:00,367.7,369.4,367.7,368.95,6679
2026-03-20 11:50:00,368.95,368.95,367.8,367.8,177
2026-03-20 11:55:00,367.45,367.8,366.4,366.9,3702
2026-03-20 12:00:00,366.9,367.75,366.0,366.0,2553
2026-03-20 12:05:00,366.0,366.45,365.95,366.0,1852
2026-03-20 12:10:00,366.0,366.5,366.0,366.5,84
2026-03-20 12:15:00,366.5,366.95,365.85,365.85,2395
2026-03-20 12:20:00,365.85,365.85,363.8,364.05,12801
2026-03-20 12:25:00,364.05,364.45,362.85,363.85,16927
2026-03-20 12:30:00,363.85,364.5,362.8,364.5,6883
2026-03-20 12:35:00,364.5,365.2,364.05,364.9,1562
2026-03-20 12:40:00,364.9,365.5,364.9,365.05,920
2026-03-20 12:45:00,365.05,366.65,365.0,366.65,5339
2026-03-20 12:50:00,366.65,366.65,366.1,366.3,992
2026-03-20 12:55:00,366.3,367.4,366.05,366.05,903
2026-03-20 13:00:00,366.6,366.6,365.35,365.8,986
2026-03-20 13:05:00,365.8,366.1,365.0,365.3,2715
2026-03-20 13:10:00,365.75,366.0,364.85,366.0,3483
2026-03-20 13:15:00,366.0,366.9,364.25,364.45,3189
2026-03-20 13:20:00,364.45,365.7,364.05,365.7,1306
2026-03-20 13:25:00,365.7,366.9,365.2,365.2,2926
2026-03-20 13:30:00,365.2,365.75,364.75,364.75,3883
2026-03-20 13:35:00,364.75,366.35,364.55,365.0,13450
2026-03-20 13:40:00,365.0,365.45,363.0,363.9,12623
2026-03-20 13:45:00,364.25,364.5,361.9,362.5,39248
2026-03-20 13:50:00,362.35,363.45,361.65,363.45,2538
2026-03-20 13:55:00,363.45,363.95,361.25,362.2,11459
2026-03-20 14:00:00,362.2,362.25,360.7,361.9,23964
2026-03-20 14:05:00,361.9,361.9,361.0,361.75,15187
2026-03-20 14:10:00,361.75,362.8,361.75,362.55,14476
2026-03-20 14:15:00,362.9,362.9,360.0,361.15,31472
2026-03-20 14:20:00,361.15,362.1,360.8,362.1,11071
2026-03-20 14:25:00,362.1,362.45,361.25,361.6,3887
2026-03-20 14:30:00,361.6,361.75,360.7,361.75,1676
2026-03-20 14:35:00,361.75,361.75,360.95,360.95,1756
2026-03-20 14:40:00,360.95,360.95,359.0,360.0,17821
2026-03-20 14:45:00,360.0,361.0,359.45,360.15,4064
2026-03-20 14:50:00,360.15,360.65,359.8,359.85,1355
2026-03-20 14:55:00,359.85,360.3,357.65,359.55,7455
2026-03-20 15:00:00,359.55,359.7,357.2,357.85,16155
2026-03-20 15:05:00,357.95,359.05,357.65,358.45,15569
2026-03-20 15:10:00,358.45,358.7,357.5,358.5,14201
2026-03-20 15:15:00,358.5,358.65,357.65,357.95,20732
2026-03-20 15:20:00,357.9,360.05,357.5,358.65,19475
2026-03-20 15:25:00,358.65,359.45,351.1,358.0,36281
2026-03-23 09:15:00,358.0,358.0,348.8,349.45,24597
2026-03-23 09:20:00,348.5,351.6,345.95,351.15,128049
2026-03-23 09:25:00,351.15,352.95,350.45,350.5,34502
2026-03-23 09:30:00,350.5,356.5,350.35,356.15,23692
2026-03-23 09:35:00,356.05,370.0,356.05,369.25,113964
2026-03-23 09:40:00,368.2,374.9,357.7,361.65,377286
2026-03-23 09:45:00,361.65,362.75,354.2,357.05,105000
2026-03-23 09:50:00,356.9,362.45,356.5,356.5,47618
2026-03-23 09:55:00,357.2,359.3,355.0,358.2,54570
2026-03-23 10:00:00,358.95,359.55,356.2,358.0,24188
2026-03-23 10:05:00,358.0,359.0,354.8,355.7,25396
2026-03-23 10:10:00,355.7,355.9,352.5,355.0,62526
2026-03-23 10:15:00,355.0,355.0,352.55,353.6,14911
2026-03-23 10:20:00,353.6,354.1,352.6,352.6,7318
2026-03-23 10:25:00,352.6,354.15,352.0,352.75,18814
2026-03-23 10:30:00,352.7,353.45,351.55,352.3,7317
2026-03-23 10:35:00,352.3,355.5,352.3,353.9,8792
2026-03-23 10:40:00,353.9,354.6,353.1,353.35,7510
2026-03-23 10:45:00,354.4,354.4,351.9,352.6,12334
2026-03-23 10:50:00,352.6,353.05,351.5,352.7,7522
2026-03-23 10:55:00,352.7,353.35,351.8,352.05,9255
2026-03-23 11:00:00,352.2,353.3,351.5,353.05,4196
2026-03-23 11:05:00,353.05,355.65,352.9,354.05,10876
2026-03-23 11:10:00,354.05,354.05,350.5,350.5,3123
2026-03-23 11:15:00,350.5,350.65,349.0,350.5,29592
2026-03-23 11:20:00,350.5,351.6,349.85,349.85,11527
2026-03-23 11:25:00,350.25,351.0,349.95,351.0,4033
2026-03-23 11:30:00,351.0,351.0,349.75,349.95,2601
2026-03-23 11:35:00,349.95,350.75,349.85,350.7,4226
2026-03-23 11:40:00,350.35,350.8,350.0,350.0,1627
2026-03-23 11:45:00,350.0,350.5,349.8,350.05,1223
2026-03-23 11:50:00,350.05,350.4,348.65,349.4,13099
2026-03-23 11:55:00,349.4,350.4,349.35,349.85,2736
2026-03-23 12:00:00,350.1,350.4,349.0,349.15,5783
2026-03-23 12:05:00,349.15,349.5,347.0,347.8,17031
2026-03-23 12:10:00,348.0,350.2,347.55,347.85,36271
2026-03-23 12:15:00,347.85,348.55,346.5,347.3,12500
2026-03-23 12:20:00,347.0,348.1,345.0,348.1,44873
2026-03-23 12:25:00,348.1,348.15,346.75,348.15,3436
2026-03-23 12:30:00,348.15,349.0,347.5,348.05,4927
2026-03-23 12:35:00,348.05,348.3,347.1,347.1,2449
2026-03-23 12:40:00,347.1,347.1,346.3,346.55,4525
2026-03-23 12:45:00,347.05,347.85,347.0,347.4,1910
2026-03-23 12:50:00,347.4,347.4,346.3,346.3,2482
2026-03-23 12:55:00,346.3,346.75,345.1,345.7,5257
2026-03-23 13:00:00,345.7,346.0,344.8,345.55,3188
2026-03-23 13:05:00,345.55,345.85,344.5,344.9,4630
2026-03-23 13:10:00,344.9,345.15,344.75,344.9,981
2026-03-23 13:15:00,345.0,345.65,345.0,345.45,1839
2026-03-23 13:20:00,345.35,346.15,345.05,346.15,3873
2026-03-23 13:25:00,345.6,345.8,344.85,345.2,6425
2026-03-23 13:30:00,345.2,346.5,344.85,346.0,10879
2026-03-23 13:35:00,346.0,346.8,345.2,345.2,9864
2026-03-23 13:40:00,345.4,346.5,345.15,346.5,12417
2026-03-23 13:45:00,346.5,348.8,346.5,348.8,9880
2026-03-23 13:50:00,348.8,348.9,347.55,348.35,5930
2026-03-23 13:55:00,348.35,349.0,348.25,348.55,1197
2026-03-23 14:00:00,348.55,348.55,346.25,347.0,9246
2026-03-23 14:05:00,346.9,347.0,346.1,346.2,1185
2026-03-23 14:10:00,346.2,346.9,345.9,346.45,5004
2026-03-23 14:15:00,346.45,346.45,345.65,346.2,1648
2026-03-23 14:20:00,346.3,346.85,345.65,346.25,2064
2026-03-23 14:25:00,346.05,346.45,345.2,345.5,7011
2026-03-23 14:30:00,345.5,345.75,343.2,344.0,21223
2026-03-23 14:35:00,344.0,345.15,342.25,344.5,27884
2026-03-23 14:40:00,344.5,344.85,342.45,344.4,6986
2026-03-23 14:45:00,344.4,344.4,343.3,344.25,6906
2026-03-23 14:50:00,344.25,344.45,343.15,343.9,5367
2026-03-23 14:55:00,343.95,345.25,343.0,344.9,8295
2026-03-23 15:00:00,344.1,344.25,342.65,342.95,14170
2026-03-23 15:05:00,342.95,344.45,342.95,344.2,4722
2026-03-23 15:10:00,344.2,344.2,341.5,343.35,14192
2026-03-23 15:15:00,344.0,344.45,340.2,342.8,20743
2026-03-23 15:20:00,343.3,343.3,336.0,339.95,45959
2026-03-23 15:25:00,340.05,341.95,335.8,341.0,34651
2026-03-24 09:15:00,350.0,352.85,344.15,345.4,45514
2026-03-24 09:20:00,345.2,348.35,344.35,348.35,19627
2026-03-24 09:25:00,348.35,350.3,347.8,349.5,24757
2026-03-24 09:30:00,349.45,349.65,347.4,347.6,8305
2026-03-24 09:35:00,347.3,347.9,346.1,346.15,4681
2026-03-24 09:40:00,346.4,347.0,345.0,345.35,9496
2026-03-24 09:45:00,345.5,345.5,341.85,342.0,26919
2026-03-24 09:50:00,342.0,343.3,341.95,342.45,7869
2026-03-24 09:55:00,342.45,345.25,342.45,343.5,6747
2026-03-24 10:00:00,344.05,344.05,340.7,340.7,11892
2026-03-24 10:05:00,340.75,341.75,340.5,340.95,7792
2026-03-24 10:10:00,340.95,341.4,340.5,340.7,2292
2026-03-24 10:15:00,341.0,342.0,340.8,341.1,870
2026-03-24 10:20:00,341.1,341.6,340.75,341.5,2938
2026-03-24 10:25:00,341.35,342.0,340.1,340.1,2527
2026-03-24 10:30:00,340.35,340.35,337.75,338.75,19338
2026-03-24 10:35:00,338.7,339.0,337.55,338.05,5828
2026-03-24 10:40:00,337.85,340.2,337.7,339.45,10998
2026-03-24 10:45:00,339.65,342.0,338.25,340.2,11171
2026-03-24 10:50:00,340.95,340.95,339.3,339.6,1632
2026-03-24 10:55:00,339.6,340.5,339.3,339.6,3098
2026-03-24 11:00:00,339.9,343.55,339.9,343.2,16639
2026-03-24 11:05:00,343.35,344.05,341.45,342.55,11109
2026-03-24 11:10:00,342.85,343.4,342.8,342.8,2477
2026-03-24 11:15:00,342.8,344.35,342.8,344.35,3392
2026-03-24 11:20:00,344.15,344.5,342.55,342.55,3330
2026-03-24 11:25:00,342.85,342.95,342.1,342.5,3678
2026-03-24 11:30:00,342.5,344.75,342.5,344.35,4815
2026-03-24 11:35:00,344.4,345.7,344.25,345.25,4296
2026-03-24 11:40:00,345.45,346.7,344.15,346.1,5297
2026-03-24 11:45:00,346.3,349.15,346.2,348.9,9013
2026-03-24 11:50:00,348.75,350.95,347.7,350.0,11339
2026-03-24 11:55:00,350.0,352.0,350.0,351.4,9088
2026-03-24 12:00:00,351.5,352.0,350.05,350.65,16455
2026-03-24 12:05:00,350.65,350.65,348.5,349.2,10303
2026-03-24 12:10:00,349.2,350.95,348.95,350.35,3417
2026-03-24 12:15:00,350.35,351.15,349.05,349.1,4394
2026-03-24 12:20:00,349.1,350.8,349.1,350.0,2076
2026-03-24 12:25:00,350.45,350.55,348.05,348.85,5537
2026-03-24 12:30:00,349.0,350.2,349.0,350.05,1297
2026-03-24 12:35:00,350.05,350.3,349.3,350.0,1217
2026-03-24 12:40:00,350.0,351.8,348.85,351.8,27770
2026-03-24 12:45:00,351.5,352.6,351.35,351.35,5719
2026-03-24 12:50:00,351.4,352.1,351.05,352.0,1601
2026-03-24 12:55:00,352.0,352.0,350.35,351.0,898
2026-03-24 13:00:00,351.0,351.55,349.3,349.3,25906
2026-03-24 13:05:00,349.6,350.6,349.2,350.1,5468
2026-03-24 13:10:00,350.4,351.6,349.35,350.25,6359
2026-03-24 13:15:00,350.3,350.45,349.95,350.25,523
2026-03-24 13:20:00,350.2,351.0,350.1,350.6,2222
2026-03-24 13:25:00,350.85,351.25,349.55,350.0,6897
2026-03-24 13:30:00,350.0,350.15,349.35,349.7,1804
2026-03-24 13:35:00,349.7,350.45,349.4,349.4,1934
2026-03-24 13:40:00,349.4,349.7,348.7,348.7,1980
2026-03-24 13:45:00,348.9,349.4,346.8,346.95,6797
2026-03-24 13:50:00,346.95,348.4,346.95,347.6,1106
2026-03-24 13:55:00,348.0,348.65,347.8,348.4,1236
2026-03-24 14:00:00,348.4,349.65,348.4,349.4,4695
2026-03-24 14:05:00,349.3,349.7,349.3,349.35,1327
2026-03-24 14:10:00,349.35,349.65,348.2,348.8,1682
2026-03-24 14:15:00,348.9,349.6,348.0,348.0,7198
2026-03-24 14:20:00,348.0,348.2,347.55,347.7,1325
2026-03-24 14:25:00,347.7,348.25,347.7,347.8,1544
2026-03-24 14:30:00,347.7,348.25,347.7,348.05,941
2026-03-24 14:35:00,348.05,348.15,347.0,347.0,4060
2026-03-24 14:40:00,347.0,347.35,346.3,346.7,2669
2026-03-24 14:45:00,347.05,347.5,346.6,347.25,1336
2026-03-24 14:50:00,347.8,348.65,347.0,348.65,4105
2026-03-24 14:55:00,348.65,349.7,347.45,348.05,5388
2026-03-24 15:00:00,348.2,349.8,348.0,348.55,7560
2026-03-24 15:05:00,348.55,349.8,346.0,348.05,17028
2026-03-24 15:10:00,348.1,348.8,347.4,348.2,13106
2026-03-24 15:15:00,348.0,348.6,347.55,347.85,12511
2026-03-24 15:20:00,348.0,349.1,347.35,348.0,25568
2026-03-24 15:25:00,348.0,348.05,347.0,347.35,14672
2026-03-25 09:15:00,353.85,353.85,349.5,350.85,41989
2026-03-25 09:20:00,350.25,354.3,350.25,354.05,14712
2026-03-25 09:25:00,354.2,356.2,353.6,355.0,22706
2026-03-25 09:30:00,355.0,357.0,355.0,356.95,12503
2026-03-25 09:35:00,356.95,357.0,355.0,355.15,8149
2026-03-25 09:40:00,355.15,355.8,354.25,355.7,8075
2026-03-25 09:45:00,355.7,356.5,355.1,356.5,2223
2026-03-25 09:50:00,356.5,357.6,356.2,356.2,7798
2026-03-25 09:55:00,356.4,357.15,356.05,356.7,3105
2026-03-25 10:00:00,356.7,357.45,356.25,356.7,4762
2026-03-25 10:05:00,356.7,356.85,354.0,354.9,27360
2026-03-25 10:10:00,355.2,356.7,355.15,356.4,10358
2026-03-25 10:15:00,355.8,356.75,355.75,356.1,5194
2026-03-25 10:20:00,356.1,356.45,354.0,354.1,4610
2026-03-25 10:25:00,354.5,355.3,354.0,354.45,11714
2026-03-25 10:30:00,354.45,357.4,354.45,357.4,9600
2026-03-25 10:35:00,357.4,362.7,357.0,362.25,43346
2026-03-25 10:40:00,361.9,362.7,360.3,360.7,16969
2026-03-25 10:45:00,360.55,360.7,359.25,359.55,16871
2026-03-25 10:50:00,359.55,359.55,358.1,358.55,9017
2026-03-25 10:55:00,358.85,358.95,358.25,358.5,1273
2026-03-25 11:00:00,358.5,359.5,358.5,358.6,933
2026-03-25 11:05:00,358.5,360.8,358.5,360.1,8995
2026-03-25 11:10:00,360.05,361.35,359.5,360.05,12164
2026-03-25 11:15:00,360.05,361.25,359.85,360.5,5631
2026-03-25 11:20:00,360.5,360.95,358.55,358.6,2176
2026-03-25 11:25:00,358.4,359.1,357.75,358.75,7306
2026-03-25 11:30:00,358.3,358.7,357.75,358.15,3197
2026-03-25 11:35:00,358.15,358.95,356.7,357.15,17905
2026-03-25 11:40:00,357.0,358.25,356.5,356.5,8412
2026-03-25 11:45:00,356.5,357.35,355.6,356.15,13656
2026-03-25 11:50:00,355.95,357.2,355.8,356.4,4366
2026-03-25 11:55:00,356.4,357.55,356.0,356.55,8894
2026-03-25 12:00:00,356.6,357.5,356.55,357.1,6585
2026-03-25 12:05:00,357.0,357.75,357.0,357.35,2844
2026-03-25 12:10:00,357.05,357.35,356.6,356.85,4775
2026-03-25 12:15:00,356.85,357.35,356.5,357.05,5364
2026-03-25 12:20:00,356.95,357.25,356.5,356.8,1712
2026-03-25 12:25:00,356.5,356.6,355.1,355.1,9188
2026-03-25 12:30:00,355.1,355.9,354.55,354.65,21994
2026-03-25 12:35:00,354.65,354.95,354.3,354.3,4257
2026-03-25 12:40:00,354.3,355.4,354.2,355.05,11124
2026-03-25 12:45:00,355.05,355.45,354.4,354.45,2990
2026-03-25 12:50:00,354.5,354.85,352.8,353.05,8291
2026-03-25 12:55:00,353.05,353.7,352.85,353.1,7023
2026-03-25 13:00:00,353.1,353.8,353.05,353.4,2199
2026-03-25 13:05:00,353.4,353.45,352.7,353.4,4916
2026-03-25 13:10:00,353.05,353.3,352.5,353.3,1118
2026-03-25 13:15:00,353.3,354.0,353.3,353.35,1922
2026-03-25 13:20:00,353.4,353.75,352.65,353.3,2515
2026-03-25 13:25:00,353.35,355.25,353.35,354.8,7068
2026-03-25 13:30:00,354.85,355.0,353.95,354.2,1605
2026-03-25 13:35:00,354.2,355.5,352.7,354.25,9067
2026-03-25 13:40:00,354.4,355.1,353.7,354.5,2107
2026-03-25 13:45:00,354.75,359.0,354.4,358.15,14191
2026-03-25 13:50:00,358.25,358.85,357.3,357.4,13552
2026-03-25 13:55:00,357.8,358.4,357.4,358.2,9942
2026-03-25 14:00:00,359.15,360.0,358.15,358.15,12974
2026-03-25 14:05:00,358.15,358.3,357.05,357.05,5983
2026-03-25 14:10:00,357.0,359.0,356.45,357.3,18756
2026-03-25 14:15:00,357.3,358.35,356.1,356.3,9124
2026-03-25 14:20:00,356.3,356.7,355.3,355.55,3820
2026-03-25 14:25:00,356.1,356.4,355.55,355.85,3763
2026-03-25 14:30:00,355.85,356.8,355.65,356.2,4628
2026-03-25 14:35:00,356.2,356.2,353.35,354.35,15545
2026-03-25 14:40:00,354.35,356.0,354.35,355.6,6813
2026-03-25 14:45:00,355.6,355.7,353.85,354.0,4539
2026-03-25 14:50:00,354.0,355.0,354.0,354.4,6481
2026-03-25 14:55:00,354.5,354.5,353.4,354.1,3928
2026-03-25 15:00:00,354.25,354.3,352.55,353.85,22877
2026-03-25 15:05:00,353.85,354.7,353.85,354.6,3056
2026-03-25 15:10:00,354.6,354.6,353.35,354.05,13008
2026-03-25 15:15:00,353.7,354.6,353.2,353.8,19617
2026-03-25 15:20:00,353.75,354.0,352.6,353.85,31004
2026-03-25 15:25:00,353.05,354.0,352.0,353.2,15036
2026-03-27 09:15:00,353.4,353.75,348.2,349.45,29845
2026-03-27 09:20:00,348.95,352.6,348.3,350.85,23437
2026-03-27 09:25:00,350.5,351.45,349.85,350.8,13379
2026-03-27 09:30:00,350.55,351.7,349.0,349.4,16916
2026-03-27 09:35:00,349.2,350.25,348.4,348.75,11110
2026-03-27 09:40:00,349.35,349.35,347.4,347.8,20385
2026-03-27 09:45:00,347.8,348.3,347.15,347.3,4909
2026-03-27 09:50:00,347.3,347.5,345.35,345.9,13618
2026-03-27 09:55:00,345.9,345.9,344.4,345.45,7077
2026-03-27 10:00:00,345.45,345.5,344.0,345.4,6445
2026-03-27 10:05:00,344.9,344.9,343.35,343.7,5670
2026-03-27 10:10:00,343.7,344.2,343.35,343.35,4877
2026-03-27 10:15:00,343.35,343.35,342.4,342.6,4327
2026-03-27 10:20:00,342.6,342.6,339.55,340.55,28981
2026-03-27 10:25:00,340.9,341.35,340.15,340.6,6199
2026-03-27 10:30:00,340.6,341.5,339.0,339.4,14810
2026-03-27 10:35:00,339.4,340.45,339.0,339.45,6303
2026-03-27 10:40:00,339.45,340.2,339.35,339.8,6759
2026-03-27 10:45:00,339.8,339.95,338.5,338.9,40107
2026-03-27 10:50:00,339.05,339.5,338.6,338.6,5194
2026-03-27 10:55:00,338.5,340.75,338.25,339.1,4476
2026-03-27 11:00:00,339.1,339.7,338.7,338.85,14968
2026-03-27 11:05:00,338.85,339.65,338.8,339.45,8185
2026-03-27 11:10:00,339.45,340.0,338.05,338.5,12445
2026-03-27 11:15:00,338.35,339.2,337.8,338.35,8229
2026-03-27 11:20:00,338.35,338.9,337.8,338.4,4454
2026-03-27 11:25:00,338.4,338.4,337.75,337.9,2709
2026-03-27 11:30:00,337.9,340.4,337.9,339.8,15179
2026-03-27 11:35:00,339.8,340.05,339.2,339.2,2328
2026-03-27 11:40:00,339.2,339.45,338.1,339.05,10547
2026-03-27 11:45:00,339.05,339.15,337.8,338.65,6151
2026-03-27 11:50:00,338.95,340.5,338.5,340.2,7925
2026-03-27 11:55:00,340.2,340.7,338.45,338.75,12320
2026-03-27 12:00:00,338.95,342.35,338.75,340.75,16631
2026-03-27 12:05:00,341.0,341.7,340.3,340.95,7411
2026-03-27 12:10:00,340.95,341.65,340.4,340.55,3753
2026-03-27 12:15:00,340.55,341.15,340.0,340.2,5694
2026-03-27 12:20:00,340.2,342.75,340.0,342.4,11698
2026-03-27 12:25:00,342.4,343.05,341.85,342.6,3885
2026-03-27 12:30:00,342.6,342.9,341.2,341.65,4050
2026-03-27 12:35:00,341.65,343.0,340.2,340.3,14072
2026-03-27 12:40:00,340.3,341.55,340.3,340.95,2292
2026-03-27 12:45:00,340.95,341.8,340.4,341.35,3327
2026-03-27 12:50:00,341.35,341.95,340.05,340.55,10743
2026-03-27 12:55:00,340.55,343.0,340.55,342.55,14880
2026-03-27 13:00:00,342.55,342.9,341.6,342.15,4976
2026-03-27 13:05:00,342.15,342.9,342.15,342.6,2551
2026-03-27 13:10:00,342.6,343.3,342.6,342.95,2634
2026-03-27 13:15:00,342.95,343.45,342.75,343.3,3115
2026-03-27 13:20:00,343.3,343.65,342.05,342.05,10052
2026-03-27 13:25:00,342.05,342.5,342.0,342.4,1149
2026-03-27 13:30:00,342.4,344.85,341.3,344.0,22720
2026-03-27 13:35:00,344.0,345.1,343.55,343.95,3470
2026-03-27 13:40:00,343.95,344.8,343.65,344.3,6052
2026-03-27 13:45:00,344.3,344.5,343.9,344.25,938
2026-03-27 13:50:00,344.75,344.75,343.2,343.3,6788
2026-03-27 13:55:00,343.3,344.5,343.3,343.65,4598
2026-03-27 14:00:00,343.65,346.35,343.1,346.35,17328
2026-03-27 14:05:00,346.35,346.35,344.15,344.15,4257
2026-03-27 14:10:00,344.15,346.25,344.05,346.25,16118
2026-03-27 14:15:00,346.25,348.0,345.4,348.0,21267
2026-03-27 14:20:00,348.0,348.4,347.2,347.2,18815
2026-03-27 14:25:00,347.45,348.4,347.1,347.1,9098
2026-03-27 14:30:00,347.0,347.0,345.05,345.05,7380
2026-03-27 14:35:00,345.05,346.0,344.9,345.25,4263
2026-03-27 14:40:00,345.25,345.75,344.6,345.05,8678
2026-03-27 14:45:00,345.05,347.0,344.5,346.55,13466
2026-03-27 14:50:00,346.55,346.55,345.4,345.4,1735
2026-03-27 14:55:00,345.4,345.4,344.0,344.95,7915
2026-03-27 15:00:00,344.95,346.0,344.25,345.55,12437
2026-03-27 15:05:00,345.55,346.45,345.3,346.4,11110
2026-03-27 15:10:00,346.1,346.4,343.6,344.5,31748
2026-03-27 15:15:00,344.5,344.9,343.55,344.65,8961
2026-03-27 15:20:00,344.2,344.75,342.1,342.25,25415
2026-03-27 15:25:00,342.1,343.95,340.1,342.0,34342
2026-03-30 09:15:00,341.1,343.0,334.6,337.85,51854
2026-03-30 09:20:00,337.85,340.35,336.8,339.95,21823
2026-03-30 09:25:00,339.95,339.95,337.8,338.85,19503
2026-03-30 09:30:00,339.0,340.2,335.3,337.0,37173
2026-03-30 09:35:00,337.0,337.65,335.85,337.05,50785
2026-03-30 09:40:00,337.05,342.9,336.8,341.55,26368
2026-03-30 09:45:00,341.55,342.0,338.3,338.3,12801
2026-03-30 09:50:00,338.3,339.4,337.35,337.35,4139
2026-03-30 09:55:00,337.35,338.0,336.0,336.05,7337
2026-03-30 10:00:00,336.0,336.6,335.55,335.85,9549
2026-03-30 10:05:00,335.85,338.2,335.1,335.4,16569
2026-03-30 10:10:00,335.4,335.7,333.1,334.15,31013
2026-03-30 10:15:00,334.15,334.55,332.55,333.2,14418
2026-03-30 10:20:00,333.2,333.25,332.4,332.4,3601
2026-03-30 10:25:00,332.65,333.0,331.8,332.35,5699
2026-03-30 10:30:00,332.95,332.95,332.0,332.1,3883
2026-03-30 10:35:00,332.1,332.65,331.0,332.4,14798
2026-03-30 10:40:00,332.4,332.4,331.05,331.3,1482
2026-03-30 10:45:00,331.3,331.6,330.55,330.55,8201
2026-03-30 10:50:00,330.55,331.65,330.15,331.0,5537
2026-03-30 10:55:00,331.0,331.0,328.35,328.85,48856
2026-03-30 11:00:00,328.85,330.2,328.4,330.2,3624
2026-03-30 11:05:00,330.2,331.1,330.2,330.5,3502
2026-03-30 11:10:00,330.5,330.85,329.45,330.15,1462
2026-03-30 11:15:00,330.15,332.0,330.15,331.25,4944
2026-03-30 11:20:00,331.0,332.1,329.6,330.0,10613
2026-03-30 11:25:00,330.0,330.0,329.0,329.85,3170
2026-03-30 11:30:00,329.85,331.0,329.65,330.2,3992
2026-03-30 11:35:00,330.55,331.5,330.4,330.6,6808
2026-03-30 11:40:00,330.6,330.9,329.75,329.75,3582
2026-03-30 11:45:00,329.4,330.25,329.25,330.2,3839
2026-03-30 11:50:00,329.8,330.25,329.2,330.25,7091
2026-03-30 11:55:00,330.5,330.5,329.25,330.1,6784
2026-03-30 12:00:00,330.1,332.1,329.75,331.45,10192
2026-03-30 12:05:00,331.45,332.0,330.45,330.45,2101
2026-03-30 12:10:00,330.45,331.8,330.45,331.0,3085
2026-03-30 12:15:00,331.0,331.75,331.0,331.25,3710
2026-03-30 12:20:00,331.25,332.0,330.45,331.45,3495
2026-03-30 12:25:00,331.45,331.45,330.35,330.55,1899
2026-03-30 12:30:00,330.55,330.8,330.0,330.5,2150
2026-03-30 12:35:00,330.5,332.0,330.3,332.0,5944
2026-03-30 12:40:00,332.0,332.4,331.3,331.8,1839
2026-03-30 12:45:00,331.8,331.8,330.3,330.3,3152
2026-03-30 12:50:00,330.3,331.0,329.9,331.0,5746
2026-03-30 12:55:00,331.0,331.0,330.15,330.15,4289
2026-03-30 13:00:00,330.15,330.15,329.55,329.65,5300
2026-03-30 13:05:00,329.65,330.7,329.3,329.45,3007
2026-03-30 13:10:00,329.85,331.65,329.85,331.2,5077
2026-03-30 13:15:00,331.2,331.55,329.75,330.2,14715
2026-03-30 13:20:00,330.2,330.2,329.45,329.85,5758
2026-03-30 13:25:00,329.85,330.1,329.65,330.1,10772
2026-03-30 13:30:00,330.1,331.25,329.75,331.25,12754
2026-03-30 13:35:00,331.95,332.5,331.4,331.45,4847
2026-03-30 13:40:00,331.45,331.45,330.45,330.6,946
2026-03-30 13:45:00,330.6,330.95,329.65,330.6,21697
2026-03-30 13:50:00,330.6,330.6,329.8,330.2,4306
2026-03-30 13:55:00,330.2,330.4,329.7,330.05,6216
2026-03-30 14:00:00,330.05,331.4,329.8,331.05,4511
2026-03-30 14:05:00,330.75,331.4,330.15,330.15,4148
2026-03-30 14:10:00,330.25,330.7,329.6,330.05,2514
2026-03-30 14:15:00,330.05,330.5,329.65,329.75,5400
2026-03-30 14:20:00,329.75,330.3,329.35,329.7,10579
2026-03-30 14:25:00,330.0,330.25,329.5,330.05,19607
2026-03-30 14:30:00,330.05,330.45,329.6,330.0,9517
2026-03-30 14:35:00,330.0,330.45,329.45,330.0,13135
2026-03-30 14:40:00,330.0,330.65,329.85,330.0,6701
2026-03-30 14:45:00,330.4,330.5,330.0,330.0,3390
2026-03-30 14:50:00,330.35,330.6,330.0,330.05,6882
2026-03-30 14:55:00,330.0,330.25,328.0,330.0,54556
2026-03-30 15:00:00,330.0,330.1,325.6,325.6,40328
2026-03-30 15:05:00,325.6,326.9,325.6,326.15,21004
2026-03-30 15:10:00,326.15,326.15,325.05,326.0,17548
2026-03-30 15:15:00,326.1,328.95,325.65,328.65,29934
2026-03-30 15:20:00,328.6,328.95,326.1,326.1,21523
2026-03-30 15:25:00,326.45,328.45,325.0,327.5,41343
2026-04-01 09:15:00,335.0,345.1,335.0,344.95,26239
2026-04-01 09:20:00,345.15,348.45,345.15,347.35,27208
2026-04-01 09:25:00,347.35,351.0,347.35,349.3,27757
2026-04-01 09:30:00,349.3,350.95,347.6,347.6,23277
2026-04-01 09:35:00,347.6,347.6,345.75,346.75,14557
2026-04-01 09:40:00,346.75,350.0,346.5,348.6,12406
2026-04-01 09:45:00,348.6,351.25,347.4,350.9,10859
2026-04-01 09:50:00,350.9,351.5,350.45,350.8,4240
2026-04-01 09:55:00,350.8,351.35,350.35,350.9,4859
2026-04-01 10:00:00,350.9,351.15,350.1,351.0,3185
2026-04-01 10:05:00,351.0,352.0,349.3,350.0,7596
2026-04-01 10:10:00,350.0,351.0,349.5,350.55,2342
2026-04-01 10:15:00,350.55,350.85,349.0,349.85,5189
2026-04-01 10:20:00,349.85,349.85,348.05,348.4,1377
2026-04-01 10:25:00,348.4,348.5,347.25,348.4,4989
2026-04-01 10:30:00,348.4,349.45,347.55,348.95,2666
2026-04-01 10:35:00,348.95,350.55,348.85,350.2,1549
2026-04-01 10:40:00,350.2,350.75,349.55,350.4,1994
2026-04-01 10:45:00,350.4,350.4,349.0,349.5,3299
2026-04-01 10:50:00,349.55,349.55,348.0,348.0,195
2026-04-01 10:55:00,348.0,348.0,347.0,347.7,3203
2026-04-01 11:00:00,347.35,347.7,347.15,347.15,800
2026-04-01 11:05:00,347.15,349.8,347.0,348.4,2430
2026-04-01 11:10:00,348.4,348.4,347.65,347.95,2836
2026-04-01 11:15:00,347.95,348.85,347.6,348.45,3179
2026-04-01 11:20:00,348.45,349.85,348.45,349.3,1464
2026-04-01 11:25:00,349.3,350.0,349.1,350.0,2819
2026-04-01 11:30:00,350.0,350.5,350.0,350.3,808
2026-04-01 11:35:00,350.6,351.15,350.15,351.15,7319
2026-04-01 11:40:00,351.15,351.5,350.55,350.9,3543
2026-04-01 11:45:00,350.9,352.8,350.05,350.05,10967
2026-04-01 11:50:00,350.2,350.8,350.1,350.3,2398
2026-04-01 11:55:00,350.3,350.85,349.25,350.6,3045
2026-04-01 12:00:00,350.6,352.2,350.6,352.0,4226
2026-04-01 12:05:00,352.0,352.75,351.2,352.7,2682
2026-04-01 12:10:00,352.35,353.8,352.3,353.8,4904
2026-04-01 12:15:00,354.0,354.8,353.55,353.75,6639
2026-04-01 12:20:00,353.95,354.95,353.75,354.15,6408
2026-04-01 12:25:00,354.15,355.85,354.1,354.65,9451
2026-04-01 12:30:00,354.65,355.25,354.2,354.95,3300
2026-04-01 12:35:00,354.95,355.2,353.8,354.5,3646
2026-04-01 12:40:00,354.5,355.25,354.1,354.15,3745
2026-04-01 12:45:00,354.15,354.9,354.0,354.45,1746
2026-04-01 12:50:00,354.45,354.95,354.05,354.1,1069
2026-04-01 12:55:00,354.2,354.6,353.1,353.1,5869
2026-04-01 13:00:00,353.1,353.9,353.1,353.9,1817
2026-04-01 13:05:00,353.9,354.2,353.55,354.1,2373
2026-04-01 13:10:00,354.1,354.1,352.0,352.6,7932
2026-04-01 13:15:00,352.6,352.65,350.35,350.5,1662
2026-04-01 13:20:00,350.5,351.0,350.05,350.35,6630
2026-04-01 13:25:00,350.35,351.2,350.05,350.65,2366
2026-04-01 13:30:00,350.65,352.2,350.0,352.2,2661
2026-04-01 13:35:00,351.55,351.55,350.6,351.55,2657
2026-04-01 13:40:00,351.55,351.55,350.0,350.35,54919
2026-04-01 13:45:00,350.35,351.5,350.0,351.0,16758
2026-04-01 13:50:00,351.0,351.0,350.0,350.05,1110
2026-04-01 13:55:00,350.45,351.65,350.45,351.15,4402
2026-04-01 14:00:00,351.15,351.55,350.35,350.8,1073
2026-04-01 14:05:00,350.8,351.55,350.8,351.55,686
2026-04-01 14:10:00,351.55,352.05,351.05,352.05,1728
2026-04-01 14:15:00,352.05,352.1,351.0,352.0,1196
2026-04-01 14:20:00,352.0,352.0,351.3,351.35,2473
2026-04-01 14:25:00,351.35,351.65,351.05,351.65,329
2026-04-01 14:30:00,351.65,351.65,350.55,350.55,1044
2026-04-01 14:35:00,350.55,350.55,350.0,350.4,8828
2026-04-01 14:40:00,350.1,350.1,348.1,348.3,7461
2026-04-01 14:45:00,348.25,348.6,347.45,348.1,3081
2026-04-01 14:50:00,348.1,348.7,347.5,347.65,7835
2026-04-01 14:55:00,347.65,348.85,347.65,348.1,1324
2026-04-01 15:00:00,348.85,350.45,348.5,349.65,4311
2026-04-01 15:05:00,349.45,351.0,349.1,350.95,5117
2026-04-01 15:10:00,350.75,351.65,349.9,350.75,8513
2026-04-01 15:15:00,350.75,351.55,350.3,351.45,1640
2026-04-01 15:20:00,351.0,352.75,351.0,352.1,12091
2026-04-01 15:25:00,351.65,352.4,350.65,351.1,6146
2026-04-02 09:15:00,344.9,344.9,337.75,340.2,53578
2026-04-02 09:20:00,340.2,343.55,339.8,343.25,20898
2026-04-02 09:25:00,343.85,344.0,342.0,342.3,6648
2026-04-02 09:30:00,342.5,343.3,341.65,342.0,5016
2026-04-02 09:35:00,341.3,343.3,341.3,341.4,4783
2026-04-02 09:40:00,341.4,342.4,341.0,342.4,9674
2026-04-02 09:45:00,342.1,342.45,341.3,341.5,807
2026-04-02 09:50:00,341.5,341.7,339.8,339.8,9430
2026-04-02 09:55:00,339.8,339.9,339.1,339.6,2945
2026-04-02 10:00:00,339.1,340.0,338.55,340.0,13402
2026-04-02 10:05:00,339.35,339.35,337.7,338.25,3615
2026-04-02 10:10:00,338.25,339.3,337.85,339.3,3760
2026-04-02 10:15:00,338.55,338.55,336.5,336.5,6260
2026-04-02 10:20:00,336.5,338.0,336.5,337.0,2237
2026-04-02 10:25:00,337.0,337.0,335.0,336.6,22670
2026-04-02 10:30:00,336.6,338.45,336.6,337.3,4526
2026-04-02 10:35:00,337.3,339.0,337.3,338.65,2644
2026-04-02 10:40:00,338.65,339.8,338.65,339.3,3165
2026-04-02 10:45:00,339.3,340.15,339.0,339.0,6450
2026-04-02 10:50:00,339.0,339.6,338.45,338.45,6400
2026-04-02 10:55:00,338.45,339.9,337.6,339.9,6889
2026-04-02 11:00:00,339.9,340.9,339.9,340.5,2104
2026-04-02 11:05:00,340.4,341.8,340.4,341.25,957
2026-04-02 11:10:00,341.25,342.95,340.7,342.95,5694
2026-04-02 11:15:00,342.95,343.2,342.2,343.0,1460
2026-04-02 11:20:00,343.0,343.4,342.65,343.4,1844
2026-04-02 11:25:00,343.4,344.0,343.4,343.8,950
2026-04-02 11:30:00,343.8,344.8,343.7,344.2,4781
2026-04-02 11:35:00,344.2,346.15,344.2,346.15,5343
2026-04-02 11:40:00,346.15,346.5,345.65,346.5,6005
2026-04-02 11:45:00,346.5,347.95,346.5,347.55,1945
2026-04-02 11:50:00,347.55,348.8,347.55,348.55,1413
2026-04-02 11:55:00,348.55,349.9,348.35,349.7,2077
2026-04-02 12:00:00,349.6,349.7,348.3,349.15,3885
2026-04-02 12:05:00,349.15,349.15,347.45,347.75,2774
2026-04-02 12:10:00,347.75,348.15,347.2,347.75,4059
2026-04-02 12:15:00,347.75,349.6,347.75,349.3,6406
2026-04-02 12:20:00,349.3,349.3,345.95,348.15,7418
2026-04-02 12:25:00,348.15,348.95,348.0,348.25,3849
2026-04-02 12:30:00,348.25,349.3,348.25,349.0,1294
2026-04-02 12:35:00,349.0,349.7,348.9,349.45,1860
2026-04-02 12:40:00,349.45,350.9,349.45,349.85,6244
2026-04-02 12:45:00,349.85,351.0,349.85,350.75,2065
2026-04-02 12:50:00,350.75,351.05,349.7,351.05,3503
2026-04-02 12:55:00,351.05,352.25,350.7,352.25,4021
2026-04-02 13:00:00,352.25,353.4,352.0,352.5,4312
2026-04-02 13:05:00,352.5,352.9,351.4,352.65,3408
2026-04-02 13:10:00,352.65,352.65,351.2,351.9,3197
2026-04-02 13:15:00,351.9,352.65,351.8,352.4,1212
2026-04-02 13:20:00,352.4,353.95,352.3,353.95,6117
2026-04-02 13:25:00,353.5,354.15,353.5,354.15,2199
2026-04-02 13:30:00,354.35,354.35,352.4,353.1,1600
2026-04-02 13:35:00,353.1,353.75,352.55,353.15,1129
2026-04-02 13:40:00,353.15,353.8,353.0,353.8,944
2026-04-02 13:45:00,353.8,355.7,353.8,355.1,6182
2026-04-02 13:50:00,355.1,355.5,354.0,354.55,1556
2026-04-02 13:55:00,354.55,354.7,353.15,353.55,1939
2026-04-02 14:00:00,353.55,354.45,353.55,354.45,983
2026-04-02 14:05:00,354.45,354.9,354.35,354.65,4070
2026-04-02 14:10:00,354.65,355.5,354.6,355.5,876
2026-04-02 14:15:00,355.5,355.95,354.9,354.9,3892
2026-04-02 14:20:00,354.9,355.2,354.4,355.1,2459
2026-04-02 14:25:00,355.1,355.1,354.55,355.0,460
2026-04-02 14:30:00,355.0,355.45,354.0,355.4,2060
2026-04-02 14:35:00,355.4,355.4,353.55,353.75,7801
2026-04-02 14:40:00,353.75,353.75,351.35,351.75,5857
2026-04-02 14:45:00,351.75,352.1,351.25,352.0,751
2026-04-02 14:50:00,352.0,354.0,352.0,353.65,3576
2026-04-02 14:55:00,353.65,353.9,352.75,353.9,1717
2026-04-02 15:00:00,353.75,357.8,353.75,357.75,9855
2026-04-02 15:05:00,357.8,359.85,357.55,358.1,9296
2026-04-02 15:10:00,358.1,359.0,356.45,357.3,6155
2026-04-02 15:15:00,357.3,357.75,356.8,357.35,5501
2026-04-02 15:20:00,357.35,357.5,356.25,356.25,13784
2026-04-02 15:25:00,356.25,357.9,355.05,355.3,22447
2026-04-06 09:15:00,356.9,357.35,348.8,349.4,12811
2026-04-06 09:20:00,351.05,352.8,350.75,350.75,11150
2026-04-06 09:25:00,351.5,352.3,349.5,350.45,12195
2026-04-06 09:30:00,350.45,350.7,349.0,350.7,2738
2026-04-06 09:35:00,350.7,354.6,350.7,353.0,10285
2026-04-06 09:40:00,353.0,353.0,350.65,352.1,3962
2026-04-06 09:45:00,352.1,353.5,351.0,351.0,7913
2026-04-06 09:50:00,351.0,351.0,349.45,350.15,2387
2026-04-06 09:55:00,350.15,350.7,349.8,349.95,1039
2026-04-06 10:00:00,349.95,350.55,349.1,350.2,6078
2026-04-06 10:05:00,350.2,350.85,349.35,350.75,2843
2026-04-06 10:10:00,350.75,352.2,350.75,351.85,1098
2026-04-06 10:15:00,351.9,352.85,351.7,352.6,1857
2026-04-06 10:20:00,352.6,354.15,352.6,354.15,6646
2026-04-06 10:25:00,354.15,354.9,353.5,354.7,1008
2026-04-06 10:30:00,354.6,354.95,353.85,354.4,1195
2026-04-06 10:35:00,354.4,354.6,353.85,354.6,1673
2026-04-06 10:40:00,354.6,356.4,354.05,356.4,11095
2026-04-06 10:45:00,356.4,356.9,356.0,356.65,2399
2026-04-06 10:50:00,356.65,356.95,356.05,356.05,1183
2026-04-06 10:55:00,356.05,357.5,355.7,357.5,1875
2026-04-06 11:00:00,357.5,357.6,355.95,355.95,1757
2026-04-06 11:05:00,355.95,355.95,355.0,355.95,1071
2026-04-06 11:10:00,355.95,355.95,353.6,353.6,10647
2026-04-06 11:15:00,353.6,354.9,353.6,354.9,771
2026-04-06 11:20:00,354.9,355.2,354.9,354.9,406
2026-04-06 11:25:00,354.9,356.65,354.9,356.5,1800
2026-04-06 11:30:00,356.5,357.0,356.3,356.45,296
2026-04-06 11:35:00,356.45,358.95,356.45,358.1,3769
2026-04-06 11:40:00,357.3,357.95,356.3,356.9,1654
2026-04-06 11:45:00,356.9,357.4,356.9,357.4,1109
2026-04-06 11:50:00,357.4,357.9,357.1,357.1,1013
2026-04-06 11:55:00,357.1,358.35,357.1,358.3,6781
2026-04-06 12:00:00,358.3,358.35,358.0,358.0,1158
2026-04-06 12:05:00,358.0,358.0,357.65,357.65,1280
2026-04-06 12:10:00,357.65,357.65,357.35,357.65,126
2026-04-06 12:15:00,357.65,357.8,357.35,357.35,457
2026-04-06 12:20:00,357.35,357.95,356.85,357.95,1095
2026-04-06 12:25:00,357.95,358.7,357.65,358.6,1378
2026-04-06 12:30:00,358.6,359.65,358.0,359.65,4850
2026-04-06 12:35:00,359.65,359.65,357.9,358.05,5097
2026-04-06 12:40:00,358.05,360.9,358.05,360.5,17441
2026-04-06 12:45:00,360.5,361.45,360.05,360.6,2894
2026-04-06 12:50:00,360.95,366.3,360.7,366.0,20412
2026-04-06 12:55:00,366.3,368.7,365.2,366.7,38185
2026-04-06 13:00:00,366.7,366.7,363.35,364.45,11353
2026-04-06 13:05:00,364.45,365.5,364.05,365.5,2904
2026-04-06 13:10:00,365.5,366.9,364.7,365.55,10386
2026-04-06 13:15:00,365.8,366.25,365.1,365.7,3193
2026-04-06 13:20:00,365.7,365.7,364.0,364.45,5930
2026-04-06 13:25:00,364.45,364.9,363.6,363.6,2714
2026-04-06 13:30:00,363.85,364.25,363.15,363.8,771
2026-04-06 13:35:00,363.8,364.85,363.8,364.25,2547
2026-04-06 13:40:00,364.25,364.25,362.15,362.8,5658
2026-04-06 13:45:00,362.8,362.95,362.3,362.4,1101
2026-04-06 13:50:00,362.25,363.4,362.0,363.1,2405
2026-04-06 13:55:00,363.1,363.75,362.15,363.0,1905
2026-04-06 14:00:00,363.0,363.85,363.0,363.4,683
2026-04-06 14:05:00,363.4,364.25,363.1,363.1,1062
2026-04-06 14:10:00,363.1,364.7,363.1,364.6,917
2026-04-06 14:15:00,364.6,364.6,363.7,364.55,534
2026-04-06 14:20:00,364.5,364.85,363.75,364.05,2848
2026-04-06 14:25:00,364.05,364.1,362.95,363.1,1745
2026-04-06 14:30:00,363.15,364.15,363.15,363.75,1207
2026-04-06 14:35:00,363.75,363.8,362.05,362.95,1866
2026-04-06 14:40:00,362.95,363.2,362.0,362.45,1753
2026-04-06 14:45:00,362.45,363.2,362.4,363.2,3755
2026-04-06 14:50:00,363.2,364.1,362.1,362.1,9230
2026-04-06 14:55:00,362.1,362.9,361.55,362.75,2561
2026-04-06 15:00:00,362.5,363.75,361.1,363.05,8444
2026-04-06 15:05:00,363.15,364.5,363.05,363.7,8317
2026-04-06 15:10:00,363.15,363.95,363.0,363.3,10338
2026-04-06 15:15:00,363.35,363.55,362.1,362.65,6382
2026-04-06 15:20:00,362.75,363.25,362.4,362.95,6625
2026-04-06 15:25:00,362.8,362.8,361.0,362.4,12501
2026-04-07 09:15:00,356.0,364.95,356.0,362.25,24451
2026-04-07 09:20:00,362.25,366.35,362.15,363.55,9794
2026-04-07 09:25:00,363.55,366.55,363.05,365.95,10573
2026-04-07 09:30:00,365.95,366.0,363.5,363.5,21044
2026-04-07 09:35:00,363.5,363.75,360.2,361.0,8404
2026-04-07 09:40:00,361.0,361.65,358.7,359.3,17638
2026-04-07 09:45:00,359.3,361.8,359.0,361.0,13994
2026-04-07 09:50:00,361.0,361.3,359.1,360.0,16283
2026-04-07 09:55:00,360.0,360.0,358.9,359.7,3216
2026-04-07 10:00:00,359.7,360.4,359.6,360.15,5606
2026-04-07 10:05:00,360.15,363.0,360.15,361.6,7289
2026-04-07 10:10:00,361.6,362.45,361.4,362.25,1658
2026-04-07 10:15:00,362.25,364.05,362.25,364.0,2178
2026-04-07 10:20:00,364.5,364.5,362.9,364.05,1879
2026-04-07 10:25:00,364.05,365.0,364.05,365.0,623
2026-04-07 10:30:00,365.0,365.65,365.0,365.4,2078
2026-04-07 10:35:00,365.05,365.05,363.6,364.95,1812
2026-04-07 10:40:00,364.85,366.15,364.85,365.5,4031
2026-04-07 10:45:00,365.5,365.65,364.3,364.35,6778
2026-04-07 10:50:00,364.5,364.5,363.0,363.0,166
2026-04-07 10:55:00,363.0,363.3,362.65,362.95,1837
2026-04-07 11:00:00,362.95,363.2,362.3,362.7,563
2026-04-07 11:05:00,362.7,363.1,362.15,362.15,55
2026-04-07 11:10:00,362.15,362.45,361.0,361.4,1248
2026-04-07 11:15:00,361.4,362.4,361.4,362.4,640
2026-04-07 11:20:00,362.4,362.7,362.4,362.7,246
2026-04-07 11:25:00,362.7,362.7,362.3,362.3,471
2026-04-07 11:30:00,362.3,362.8,362.3,362.75,122
2026-04-07 11:35:00,362.75,363.95,362.65,363.3,1444
2026-04-07 11:40:00,363.3,363.3,362.3,362.3,91
2026-04-07 11:45:00,362.3,363.35,362.3,362.7,782
2026-04-07 11:50:00,362.7,363.65,362.7,363.65,357
2026-04-07 11:55:00,363.65,364.4,362.85,362.85,1700
2026-04-07 12:00:00,362.65,363.15,361.35,361.75,958
2026-04-07 12:05:00,361.75,361.75,360.15,360.15,2151
2026-04-07 12:10:00,360.15,361.9,360.15,361.9,5389
2026-04-07 12:15:00,361.9,362.45,361.2,361.2,489
2026-04-07 12:20:00,361.2,361.6,361.2,361.5,5
2026-04-07 12:25:00,361.5,362.8,361.15,362.8,184
2026-04-07 12:30:00,362.75,362.75,361.6,361.6,1293
2026-04-07 12:35:00,361.6,361.6,361.5,361.55,35
2026-04-07 12:40:00,361.55,362.2,361.45,361.7,2703
2026-04-07 12:45:00,361.7,361.7,360.2,361.15,685
2026-04-07 12:50:00,361.15,361.95,361.0,361.0,684
2026-04-07 12:55:00,361.0,361.4,360.65,360.7,2101
2026-04-07 13:00:00,360.7,360.75,360.25,360.75,259
2026-04-07 13:05:00,360.75,361.0,360.2,360.45,462
2026-04-07 13:10:00,360.45,361.35,360.45,361.35,515
2026-04-07 13:15:00,361.35,361.55,360.75,361.05,967
2026-04-07 13:20:00,361.05,361.2,360.6,360.6,224
2026-04-07 13:25:00,360.6,361.05,360.6,361.0,569
2026-04-07 13:30:00,361.0,362.05,361.0,361.6,1123
2026-04-07 13:35:00,361.6,362.5,361.6,362.0,45
2026-04-07 13:40:00,362.0,363.3,361.85,362.0,1549
2026-04-07 13:45:00,362.0,362.55,361.8,362.55,1231
2026-04-07 13:50:00,362.55,362.6,361.85,361.85,1088
2026-04-07 13:55:00,361.85,362.5,361.45,361.45,977
2026-04-07 14:00:00,361.45,362.1,361.35,361.5,550
2026-04-07 14:05:00,361.5,362.05,361.5,361.5,799
2026-04-07 14:10:00,361.5,363.05,361.5,363.0,3907
2026-04-07 14:15:00,362.4,362.4,361.1,361.1,3705
2026-04-07 14:20:00,361.1,361.95,360.8,361.5,1488
2026-04-07 14:25:00,361.5,361.65,361.05,361.55,1308
2026-04-07 14:30:00,361.55,362.0,361.25,361.25,740
2026-04-07 14:35:00,361.25,361.3,358.95,359.55,11292
2026-04-07 14:40:00,359.55,360.0,357.0,358.6,22678
2026-04-07 14:45:00,358.6,361.0,358.6,358.9,5012
2026-04-07 14:50:00,358.9,359.9,358.25,358.85,2339
2026-04-07 14:55:00,358.85,359.25,358.5,358.5,829
2026-04-07 15:00:00,358.85,360.1,358.5,359.05,2078
2026-04-07 15:05:00,359.4,360.25,359.0,359.05,4061
2026-04-07 15:10:00,359.75,359.85,357.55,357.95,8290
2026-04-07 15:15:00,357.95,358.55,357.6,358.1,3861
2026-04-07 15:20:00,358.1,358.3,356.5,356.75,11919
2026-04-07 15:25:00,356.85,359.95,355.0,359.0,19858
2026-04-08 09:15:00,370.0,376.4,363.5,370.3,57066
2026-04-08 09:20:00,370.2,375.5,370.2,370.35,51408
2026-04-08 09:25:00,370.4,371.5,369.95,370.0,15932
2026-04-08 09:30:00,370.0,372.65,369.35,371.9,12069
2026-04-08 09:35:00,371.9,372.25,368.45,369.65,22322
2026-04-08 09:40:00,369.65,374.0,369.65,373.5,14437
2026-04-08 09:45:00,373.5,377.45,373.5,376.65,18451
2026-04-08 09:50:00,376.65,376.7,373.8,374.6,14845
2026-04-08 09:55:00,374.9,374.9,372.0,372.0,5386
2026-04-08 10:00:00,372.0,372.95,371.5,372.0,4653
2026-04-08 10:05:00,372.0,373.0,371.8,371.8,3356
2026-04-08 10:10:00,371.8,372.45,370.8,371.05,2480
2026-04-08 10:15:00,371.3,371.85,370.85,370.95,4363
2026-04-08 10:20:00,372.55,372.55,371.25,371.9,3617
2026-04-08 10:25:00,371.9,372.5,371.15,372.1,4402
2026-04-08 10:30:00,372.1,373.0,372.1,372.6,387
2026-04-08 10:35:00,372.6,374.05,372.6,373.5,2364
2026-04-08 10:40:00,374.0,374.4,373.55,374.05,553
2026-04-08 10:45:00,374.0,375.2,373.5,373.5,6070
2026-04-08 10:50:00,373.5,375.4,373.5,374.9,8330
2026-04-08 10:55:00,374.9,374.9,372.9,373.5,4221
2026-04-08 11:00:00,373.5,374.0,373.15,373.15,4019
2026-04-08 11:05:00,373.4,373.8,372.75,373.15,986
2026-04-08 11:10:00,373.15,373.4,372.8,373.2,488
2026-04-08 11:15:00,373.2,373.9,371.1,371.55,4874
2026-04-08 11:20:00,371.55,373.2,371.55,372.8,888
2026-04-08 11:25:00,372.95,372.95,372.35,372.55,224
2026-04-08 11:30:00,372.55,372.55,370.25,370.3,5211
2026-04-08 11:35:00,370.3,372.95,370.3,372.75,6601
2026-04-08 11:40:00,372.75,372.9,372.15,372.25,1339
2026-04-08 11:45:00,372.25,373.25,371.45,372.65,6179
2026-04-08 11:50:00,372.65,372.9,371.0,371.3,4721
2026-04-08 11:55:00,371.3,372.3,371.15,371.7,1869
2026-04-08 12:00:00,371.7,373.05,371.45,373.0,2009
2026-04-08 12:05:00,373.0,373.2,372.65,373.15,802
2026-04-08 12:10:00,373.15,373.45,372.55,373.0,1844
2026-04-08 12:15:00,373.0,374.1,373.0,373.85,1880
2026-04-08 12:20:00,373.85,374.6,373.05,374.15,1733
2026-04-08 12:25:00,374.15,374.15,373.55,373.9,876
2026-04-08 12:30:00,373.3,373.8,373.05,373.3,1498
2026-04-08 12:35:00,373.3,374.6,373.3,374.25,1267
2026-04-08 12:40:00,374.25,374.55,374.25,374.5,866
2026-04-08 12:45:00,374.5,374.6,373.65,373.7,1810
2026-04-08 12:50:00,373.7,374.5,373.55,374.5,288
2026-04-08 12:55:00,374.55,374.65,374.0,374.0,1959
2026-04-08 13:00:00,374.0,376.15,374.0,375.0,17093
2026-04-08 13:05:00,375.0,376.0,374.45,374.85,2070
2026-04-08 13:10:00,374.85,375.35,374.4,374.65,3327
2026-04-08 13:15:00,374.55,375.4,374.55,374.95,978
2026-04-08 13:20:00,374.95,375.0,374.25,374.25,1771
2026-04-08 13:25:00,374.25,374.25,374.0,374.0,2437
2026-04-08 13:30:00,374.0,374.4,374.0,374.4,1380
2026-04-08 13:35:00,374.4,375.0,374.0,374.55,2468
2026-04-08 13:40:00,374.55,375.0,374.25,374.25,1289
2026-04-08 13:45:00,374.25,374.25,373.5,373.65,8206
2026-04-08 13:50:00,373.65,374.85,373.65,374.25,1720
2026-04-08 13:55:00,374.25,374.25,373.4,374.05,1494
2026-04-08 14:00:00,374.05,374.65,373.55,373.8,1352
2026-04-08 14:05:00,373.8,374.4,373.5,373.55,933
2026-04-08 14:10:00,373.55,373.65,372.7,373.1,3212
2026-04-08 14:15:00,373.1,373.95,372.6,373.45,1606
2026-04-08 14:20:00,373.45,374.5,373.45,373.6,170
2026-04-08 14:25:00,373.55,374.65,372.05,372.4,6863
2026-04-08 14:30:00,372.0,373.25,372.0,372.5,1641
2026-04-08 14:35:00,372.5,372.6,370.4,370.4,24059
2026-04-08 14:40:00,370.4,373.7,370.4,373.3,4139
2026-04-08 14:45:00,373.3,374.0,373.2,373.3,1561
2026-04-08 14:50:00,373.3,373.7,372.45,373.7,1073
2026-04-08 14:55:00,373.7,374.4,373.45,374.35,1653
2026-04-08 15:00:00,374.35,374.9,373.0,374.5,10156
2026-04-08 15:05:00,374.5,375.3,374.5,375.0,8136
2026-04-08 15:10:00,375.0,375.35,374.75,375.05,2596
2026-04-08 15:15:00,375.05,375.7,374.55,375.6,17635
2026-04-08 15:20:00,375.6,375.6,373.3,374.15,25028
2026-04-08 15:25:00,374.15,375.5,372.8,375.0,19898
2026-04-09 09:15:00,372.0,381.2,371.45,379.5,38107
2026-04-09 09:20:00,379.25,381.7,379.25,379.6,17097
2026-04-09 09:25:00,379.6,379.6,378.0,378.1,6146
2026-04-09 09:30:00,378.1,378.1,372.9,373.45,5551
2026-04-09 09:35:00,373.1,375.7,372.75,373.15,14020
2026-04-09 09:40:00,373.15,373.3,371.45,371.95,4635
2026-04-09 09:45:00,371.95,372.4,370.55,370.8,4796
2026-04-09 09:50:00,370.65,370.7,369.05,369.8,3535
2026-04-09 09:55:00,369.8,369.8,367.85,368.0,5650
2026-04-09 10:00:00,368.4,369.5,367.05,367.5,6618
2026-04-09 10:05:00,367.35,367.55,363.3,367.55,52262
2026-04-09 10:10:00,368.05,369.45,368.0,369.15,11616
2026-04-09 10:15:00,369.0,369.5,368.5,368.95,4658
2026-04-09 10:20:00,369.0,369.4,368.7,369.25,2160
2026-04-09 10:25:00,369.3,370.95,369.15,370.65,5980
2026-04-09 10:30:00,370.65,371.75,370.65,371.45,2775
2026-04-09 10:35:00,371.45,371.75,371.1,371.35,1829
2026-04-09 10:40:00,371.35,372.35,371.35,371.7,3448
2026-04-09 10:45:00,372.0,372.7,372.0,372.3,757
2026-04-09 10:50:00,372.3,372.4,371.3,371.3,2807
2026-04-09 10:55:00,371.3,373.05,371.3,373.05,686
2026-04-09 11:00:00,373.05,373.8,372.25,372.25,2969
2026-04-09 11:05:00,372.25,373.5,371.85,373.3,1946
2026-04-09 11:10:00,373.3,373.3,372.5,372.5,860
2026-04-09 11:15:00,372.5,373.8,372.5,373.8,3789
2026-04-09 11:20:00,373.8,376.1,373.8,376.1,4707
2026-04-09 11:25:00,376.35,377.05,375.7,377.0,4276
2026-04-09 11:30:00,377.3,378.5,377.3,378.5,4456
2026-04-09 11:35:00,378.5,378.5,377.95,378.2,2248
2026-04-09 11:40:00,378.2,378.45,377.75,377.75,1411
2026-04-09 11:45:00,377.75,378.2,377.0,378.2,2183
2026-04-09 11:50:00,378.2,378.4,377.95,377.95,1886
2026-04-09 11:55:00,377.95,379.2,377.95,378.25,5287
2026-04-09 12:00:00,378.25,378.75,378.25,378.75,165
2026-04-09 12:05:00,378.45,378.9,377.85,378.9,2251
2026-04-09 12:10:00,378.9,378.9,378.1,378.1,867
2026-04-09 12:15:00,378.1,379.6,378.0,378.95,2544
2026-04-09 12:20:00,378.75,379.25,378.7,379.0,1010
2026-04-09 12:25:00,379.0,379.6,378.95,379.0,1835
2026-04-09 12:30:00,379.0,379.45,378.65,378.85,772
2026-04-09 12:35:00,378.85,378.85,378.0,378.05,1300
2026-04-09 12:40:00,378.5,378.8,377.6,377.7,1494
2026-04-09 12:45:00,377.7,377.75,376.4,376.4,1752
2026-04-09 12:50:00,376.4,376.45,376.1,376.4,906
2026-04-09 12:55:00,376.4,376.9,376.4,376.9,275
2026-04-09 13:00:00,376.9,376.9,375.05,375.45,1316
2026-04-09 13:05:00,375.4,376.0,375.4,375.5,1289
2026-04-09 13:10:00,375.5,375.9,375.3,375.3,274
2026-04-09 13:15:00,375.3,375.65,374.6,374.6,627
2026-04-09 13:20:00,374.6,374.6,372.3,372.7,1100
2026-04-09 13:25:00,372.7,372.95,372.3,372.3,965
2026-04-09 13:30:00,372.3,372.65,371.65,372.65,2055
2026-04-09 13:35:00,372.65,372.75,371.6,372.2,889
2026-04-09 13:40:00,372.2,372.2,369.8,369.8,4823
2026-04-09 13:45:00,369.8,369.8,368.25,369.6,5916
2026-04-09 13:50:00,369.45,370.55,369.2,370.55,1993
2026-04-09 13:55:00,369.95,372.05,369.5,371.25,6371
2026-04-09 14:00:00,371.25,371.7,370.7,371.2,1832
2026-04-09 14:05:00,371.2,372.85,371.2,372.75,1751
2026-04-09 14:10:00,372.75,372.75,371.4,371.4,1298
2026-04-09 14:15:00,371.4,371.4,369.9,370.85,8265
2026-04-09 14:20:00,370.85,370.85,369.6,369.65,675
2026-04-09 14:25:00,369.65,370.0,369.65,369.8,1259
2026-04-09 14:30:00,369.8,370.6,369.45,370.6,1760
2026-04-09 14:35:00,370.6,370.6,369.45,370.15,2597
2026-04-09 14:40:00,370.15,372.6,370.15,370.85,6488
2026-04-09 14:45:00,370.85,370.85,369.45,370.1,3145
2026-04-09 14:50:00,370.1,370.1,369.7,369.75,770
2026-04-09 14:55:00,369.75,370.35,369.0,369.75,5412
2026-04-09 15:00:00,369.75,371.85,368.5,370.9,9197
2026-04-09 15:05:00,371.05,371.85,370.45,370.9,4066
2026-04-09 15:10:00,371.35,371.35,369.0,370.7,19248
2026-04-09 15:15:00,369.9,370.65,369.15,370.2,15306
2026-04-09 15:20:00,370.05,370.2,369.1,370.1,6017
2026-04-09 15:25:00,370.2,371.7,369.9,370.0,9967
2026-04-10 09:15:00,376.9,378.75,372.0,378.75,30940
2026-04-10 09:20:00,378.75,380.3,377.5,377.5,11621
2026-04-10 09:25:00,377.5,380.1,377.4,380.1,12034
2026-04-10 09:30:00,380.0,382.95,380.0,381.15,10557
2026-04-10 09:35:00,381.15,382.5,380.25,382.5,10534
2026-04-10 09:40:00,382.85,383.0,382.0,382.2,6051
2026-04-10 09:45:00,382.2,384.6,382.2,384.35,13070
2026-04-10 09:50:00,384.25,390.95,384.2,390.95,75295
2026-04-10 09:55:00,390.55,395.95,390.0,390.3,65284
2026-04-10 10:00:00,390.15,391.3,386.1,386.6,31334
2026-04-10 10:05:00,386.95,388.0,385.15,387.5,33128
2026-04-10 10:10:00,388.7,396.45,388.7,395.0,92929
2026-04-10 10:15:00,395.0,396.3,390.9,392.0,32027
2026-04-10 10:20:00,392.0,406.85,391.4,406.85,199570
2026-04-10 10:25:00,406.85,406.85,406.85,406.85,17319
2026-04-10 10:30:00,406.85,406.85,406.85,406.85,6092
2026-04-10 10:35:00,406.85,406.85,406.85,406.85,3775
2026-04-10 10:40:00,406.85,406.85,406.85,406.85,3322
2026-04-10 10:45:00,406.85,406.85,406.85,406.85,1769
2026-04-10 10:50:00,406.85,406.85,406.85,406.85,1733
2026-04-10 10:55:00,406.85,406.85,406.85,406.85,1437
2026-04-10 11:00:00,406.85,406.85,406.85,406.85,685
2026-04-10 11:05:00,406.85,406.85,406.85,406.85,1628
2026-04-10 11:10:00,406.85,406.85,406.85,406.85,259
2026-04-10 11:15:00,406.85,406.85,406.85,406.85,2030
2026-04-10 11:20:00,406.85,406.85,406.85,406.85,82
2026-04-10 11:25:00,406.85,406.85,406.85,406.85,393
2026-04-10 11:30:00,406.85,406.85,406.85,406.85,168
2026-04-10 11:35:00,406.85,406.85,406.85,406.85,826
2026-04-10 11:40:00,406.85,406.85,406.85,406.85,1000
2026-04-10 11:45:00,406.85,406.85,406.85,406.85,362
2026-04-10 11:50:00,406.85,406.85,406.85,406.85,724
2026-04-10 11:55:00,406.85,406.85,406.85,406.85,633
2026-04-10 12:00:00,406.85,406.85,406.85,406.85,547
2026-04-10 12:05:00,406.85,406.85,406.85,406.85,1212
2026-04-10 12:10:00,406.85,406.85,406.85,406.85,4250
2026-04-10 12:15:00,406.85,406.85,406.85,406.85,1964
2026-04-10 12:20:00,406.85,406.85,406.85,406.85,44
2026-04-10 12:25:00,406.85,406.85,406.85,406.85,152
2026-04-10 12:30:00,406.85,406.85,406.85,406.85,4187
2026-04-10 12:35:00,406.85,406.85,406.85,406.85,61
2026-04-10 12:40:00,406.85,406.85,406.85,406.85,14
2026-04-10 12:45:00,406.85,406.85,406.85,406.85,183
2026-04-10 12:50:00,406.85,406.85,406.85,406.85,175
2026-04-10 12:55:00,406.85,406.85,406.85,406.85,202
2026-04-10 13:00:00,406.85,406.85,406.85,406.85,1106
2026-04-10 13:05:00,406.85,406.85,406.85,406.85,511
2026-04-10 13:10:00,406.85,406.85,406.85,406.85,201
2026-04-10 13:15:00,406.85,406.85,406.85,406.85,90
2026-04-10 13:20:00,406.85,406.85,406.85,406.85,15
2026-04-10 13:25:00,406.85,406.85,406.85,406.85,11
2026-04-10 13:30:00,406.85,406.85,406.85,406.85,81
2026-04-10 13:35:00,406.85,406.85,406.85,406.85,563
2026-04-10 13:40:00,406.85,406.85,406.85,406.85,37
2026-04-10 13:45:00,406.85,406.85,406.85,406.85,183
2026-04-10 13:50:00,406.85,406.85,406.85,406.85,437
2026-04-10 13:55:00,406.85,406.85,406.85,406.85,2
2026-04-10 14:00:00,406.85,406.85,406.85,406.85,49
2026-04-10 14:05:00,406.85,406.85,406.85,406.85,336
2026-04-10 14:10:00,406.85,406.85,406.85,406.85,261
2026-04-10 14:15:00,406.85,406.85,406.85,406.85,234
2026-04-10 14:20:00,406.85,406.85,406.85,406.85,466
2026-04-10 14:25:00,406.85,406.85,406.85,406.85,602
2026-04-10 14:30:00,406.85,406.85,406.85,406.85,1542
2026-04-10 14:35:00,406.85,406.85,406.85,406.85,53
2026-04-10 14:40:00,406.85,406.85,406.85,406.85,160
2026-04-10 14:45:00,406.85,406.85,406.85,406.85,110
2026-04-10 14:50:00,406.85,406.85,406.85,406.85,159
2026-04-10 14:55:00,406.85,406.85,406.85,406.85,1025
2026-04-10 15:00:00,406.85,406.85,406.85,406.85,310
2026-04-10 15:05:00,406.85,406.85,406.85,406.85,139
2026-04-10 15:10:00,406.85,406.85,406.85,406.85,256
2026-04-10 15:15:00,406.85,406.85,406.85,406.85,61556
2026-04-10 15:20:00,406.85,406.85,406.85,406.85,243
2026-04-10 15:25:00,406.85,406.85,406.85,406.85,15900
2026-04-13 09:15:00,400.0,402.75,393.4,395.7,111593
2026-04-13 09:20:00,396.15,401.1,395.8,395.8,44200
2026-04-13 09:25:00,395.8,398.6,395.5,398.0,21067
2026-04-13 09:30:00,398.6,399.35,396.9,398.65,20604
2026-04-13 09:35:00,398.65,398.65,394.0,395.0,23644
2026-04-13 09:40:00,395.0,396.75,394.5,395.5,7899
2026-04-13 09:45:00,395.5,398.0,395.4,396.6,11251
2026-04-13 09:50:00,396.6,397.7,396.55,397.7,4771
2026-04-13 09:55:00,397.55,398.7,397.0,398.7,5908
2026-04-13 10:00:00,398.7,401.25,398.2,401.25,14462
2026-04-13 10:05:00,401.4,403.8,400.05,400.9,51953
2026-04-13 10:10:00,400.9,401.55,399.35,399.35,11136
2026-04-13 10:15:00,399.05,399.6,397.0,398.4,14053
2026-04-13 10:20:00,397.95,400.1,397.95,400.0,9281
2026-04-13 10:25:00,400.0,401.95,399.25,401.4,6433
2026-04-13 10:30:00,401.1,403.7,399.75,400.15,11089
2026-04-13 10:35:00,400.15,401.0,399.0,401.0,4395
2026-04-13 10:40:00,401.0,402.0,399.35,401.35,7618
2026-04-13 10:45:00,401.35,404.3,401.35,402.55,12301
2026-04-13 10:50:00,402.55,403.9,402.2,403.6,4897
2026-04-13 10:55:00,403.6,403.6,401.85,402.2,4535
2026-04-13 11:00:00,402.2,402.3,400.4,401.4,8670
2026-04-13 11:05:00,401.4,402.5,401.1,402.0,1875
2026-04-13 11:10:00,402.5,402.5,400.85,401.6,4084
2026-04-13 11:15:00,401.6,401.95,401.35,401.4,1250
2026-04-13 11:20:00,401.4,402.6,401.35,401.45,5537
2026-04-13 11:25:00,400.5,400.95,400.05,400.5,4107
2026-04-13 11:30:00,400.5,401.7,400.0,400.0,4359
2026-04-13 11:35:00,400.0,401.9,400.0,401.9,2512
2026-04-13 11:40:00,401.75,402.0,401.0,401.35,2372
2026-04-13 11:45:00,401.4,402.0,400.65,401.5,3565
2026-04-13 11:50:00,401.5,402.25,401.05,401.7,5396
2026-04-13 11:55:00,401.7,402.25,400.9,400.9,1224
2026-04-13 12:00:00,400.7,401.15,400.35,400.9,2186
2026-04-13 12:05:00,400.9,401.0,400.35,400.75,1304
2026-04-13 12:10:00,400.75,400.95,400.0,400.0,7041
2026-04-13 12:15:00,400.0,400.35,400.0,400.35,1668
2026-04-13 12:20:00,400.0,400.9,399.0,399.1,6597
2026-04-13 12:25:00,399.1,400.3,399.1,400.15,1471
2026-04-13 12:30:00,400.15,401.0,400.0,400.0,1601
2026-04-13 12:35:00,400.0,400.0,399.4,399.4,1417
2026-04-13 12:40:00,399.4,399.85,397.1,397.45,7370
2026-04-13 12:45:00,397.45,397.75,396.6,397.2,6905
2026-04-13 12:50:00,397.2,397.4,396.85,397.05,1330
2026-04-13 12:55:00,397.05,397.7,395.8,396.35,2485
2026-04-13 13:00:00,396.35,399.5,395.6,399.4,14190
2026-04-13 13:05:00,399.4,401.55,398.85,400.15,5904
2026-04-13 13:10:00,400.15,401.0,400.15,400.85,2843
2026-04-13 13:15:00,400.95,401.3,399.55,400.8,4476
2026-04-13 13:20:00,400.8,402.0,400.8,402.0,3155
2026-04-13 13:25:00,402.0,402.85,401.25,402.85,5147
2026-04-13 13:30:00,402.5,403.0,400.95,401.95,12403
2026-04-13 13:35:00,401.95,403.35,401.95,402.2,5023
2026-04-13 13:40:00,402.45,402.45,401.2,401.2,2613
2026-04-13 13:45:00,401.2,401.85,400.4,401.85,5344
2026-04-13 13:50:00,401.85,402.6,401.7,402.45,3712
2026-04-13 13:55:00,402.45,403.4,402.45,402.9,3088
2026-04-13 14:00:00,402.9,402.9,402.2,402.2,3050
2026-04-13 14:05:00,402.2,402.95,401.1,401.5,5270
2026-04-13 14:10:00,401.5,401.9,401.0,401.4,2449
2026-04-13 14:15:00,401.4,401.85,400.6,401.1,3801
2026-04-13 14:20:00,401.1,407.65,400.9,407.4,38756
2026-04-13 14:25:00,407.2,410.5,405.55,409.5,62057
2026-04-13 14:30:00,409.45,411.0,405.45,407.0,66302
2026-04-13 14:35:00,406.9,407.2,404.35,405.7,29366
2026-04-13 14:40:00,405.7,406.0,403.3,403.9,18128
2026-04-13 14:45:00,403.9,404.05,402.1,403.25,14045
2026-04-13 14:50:00,403.25,403.5,402.3,403.0,15285
2026-04-13 14:55:00,403.0,405.05,402.85,404.35,21032
2026-04-13 15:00:00,404.45,404.45,401.95,403.55,33935
2026-04-13 15:05:00,403.8,404.4,402.35,404.0,11772
2026-04-13 15:10:00,404.15,405.7,403.85,404.15,22483
2026-04-13 15:15:00,404.1,404.4,401.3,401.4,40737
2026-04-13 15:20:00,401.7,402.3,400.1,400.85,20005
2026-04-13 15:25:00,400.85,403.9,400.1,403.0,21517
2026-04-15 09:15:00,412.0,419.95,411.05,414.2,104355
2026-04-15 09:20:00,414.05,416.65,413.7,415.75,51246
2026-04-15 09:25:00,415.45,415.45,408.7,410.9,45932
2026-04-15 09:30:00,411.0,412.9,410.2,410.7,14058
2026-04-15 09:35:00,410.7,413.55,408.3,412.8,31799
2026-04-15 09:40:00,412.8,413.85,412.1,412.5,7203
2026-04-15 09:45:00,412.5,414.0,411.4,413.0,16710
2026-04-15 09:50:00,413.05,418.35,412.45,417.0,37269
2026-04-15 09:55:00,417.0,418.5,413.0,413.6,29055
2026-04-15 10:00:00,413.65,414.6,413.15,413.7,4273
2026-04-15 10:05:00,413.5,414.0,411.0,411.75,21957
2026-04-15 10:10:00,411.75,412.55,409.65,410.8,15164
2026-04-15 10:15:00,410.8,412.0,410.8,411.65,4294
2026-04-15 10:20:00,411.65,413.0,411.1,412.4,9053
2026-04-15 10:25:00,412.4,413.6,412.0,412.6,4213
2026-04-15 10:30:00,412.6,415.0,412.55,413.85,8591
2026-04-15 10:35:00,413.85,414.1,410.7,410.7,12507
2026-04-15 10:40:00,410.7,412.0,410.35,411.95,3213
2026-04-15 10:45:00,411.95,411.95,411.35,411.6,1543
2026-04-15 10:50:00,411.6,411.6,408.0,410.05,17362
2026-04-15 10:55:00,410.05,411.0,410.05,410.25,1905
2026-04-15 11:00:00,410.25,410.8,410.05,410.6,2884
2026-04-15 11:05:00,410.6,410.6,409.0,409.55,1099
2026-04-15 11:10:00,409.55,409.55,408.15,408.75,7327
2026-04-15 11:15:00,408.75,409.7,408.05,409.65,2560
2026-04-15 11:20:00,409.65,410.15,409.65,410.15,1745
2026-04-15 11:25:00,410.15,410.15,409.1,410.0,3210
2026-04-15 11:30:00,410.0,410.0,409.0,409.45,862
2026-04-15 11:35:00,409.0,409.45,408.55,409.05,2900
2026-04-15 11:40:00,409.05,409.6,409.0,409.0,632
2026-04-15 11:45:00,409.0,409.45,408.05,409.3,5512
2026-04-15 11:50:00,408.95,409.15,408.3,409.05,3649
2026-04-15 11:55:00,409.05,409.05,408.1,408.25,2217
2026-04-15 12:00:00,408.25,409.0,408.25,408.4,871
2026-04-15 12:05:00,408.4,410.0,408.4,409.95,1482
2026-04-15 12:10:00,409.95,411.0,409.95,410.4,5684
2026-04-15 12:15:00,410.4,410.45,410.0,410.45,1257
2026-04-15 12:20:00,410.45,410.7,409.8,410.0,5135
2026-04-15 12:25:00,410.0,412.6,410.0,412.0,5623
2026-04-15 12:30:00,412.0,412.0,410.8,411.25,1998
2026-04-15 12:35:00,411.25,411.85,411.25,411.8,1491
2026-04-15 12:40:00,411.8,411.85,410.65,410.65,1279
2026-04-15 12:45:00,410.65,411.55,409.8,410.5,5417
2026-04-15 12:50:00,410.5,411.2,410.1,411.2,1140
2026-04-15 12:55:00,411.2,411.5,411.0,411.25,777
2026-04-15 13:00:00,411.25,411.25,410.5,411.0,986
2026-04-15 13:05:00,411.0,412.0,410.55,412.0,1800
2026-04-15 13:10:00,412.0,413.0,411.9,412.0,2782
2026-04-15 13:15:00,412.0,412.2,411.85,411.95,3186
2026-04-15 13:20:00,411.95,412.4,410.6,410.7,4945
2026-04-15 13:25:00,410.7,411.15,410.5,410.5,651
2026-04-15 13:30:00,410.5,410.95,410.5,410.95,163
2026-04-15 13:35:00,410.95,411.8,410.95,411.8,544
2026-04-15 13:40:00,411.8,411.8,411.2,411.2,592
2026-04-15 13:45:00,411.2,411.75,411.1,411.1,1017
2026-04-15 13:50:00,411.1,411.75,411.1,411.75,841
2026-04-15 13:55:00,411.5,411.5,408.9,410.15,10402
2026-04-15 14:00:00,410.15,410.95,409.0,409.6,3135
2026-04-15 14:05:00,409.6,410.45,409.6,409.95,2652
2026-04-15 14:10:00,409.95,409.95,409.25,409.8,368
2026-04-15 14:15:00,409.8,409.9,409.1,409.8,437
2026-04-15 14:20:00,409.8,410.25,409.1,410.0,542
2026-04-15 14:25:00,409.95,410.2,409.3,409.8,2592
2026-04-15 14:30:00,409.8,409.8,409.05,409.25,216
2026-04-15 14:35:00,409.25,409.7,408.9,409.3,1074
2026-04-15 14:40:00,409.3,409.3,408.15,408.8,2171
2026-04-15 14:45:00,408.8,409.55,408.3,409.25,906
2026-04-15 14:50:00,409.25,410.8,408.45,409.4,7331
2026-04-15 14:55:00,409.4,409.4,407.7,407.75,4130
2026-04-15 15:00:00,408.35,408.85,407.85,408.85,1849
2026-04-15 15:05:00,408.85,409.0,408.0,408.8,8220
2026-04-15 15:10:00,408.75,408.75,407.05,407.95,4985
2026-04-15 15:15:00,408.0,408.65,407.1,408.3,7384
2026-04-15 15:20:00,408.5,408.5,407.0,407.35,16402
2026-04-15 15:25:00,407.35,410.0,407.15,410.0,25251
2026-04-16 09:15:00,416.0,418.2,413.05,414.45,48377
2026-04-16 09:20:00,415.75,417.65,413.95,414.65,16066
2026-04-16 09:25:00,414.65,414.65,412.85,413.0,6765
2026-04-16 09:30:00,413.95,415.0,411.8,413.25,17374
2026-04-16 09:35:00,413.25,414.5,413.0,413.35,4581
2026-04-16 09:40:00,413.35,413.35,409.0,409.1,32020
2026-04-16 09:45:00,409.05,409.05,407.1,408.2,8042
2026-04-16 09:50:00,408.2,409.6,408.05,409.25,7586
2026-04-16 09:55:00,409.25,409.5,407.55,407.55,2248
2026-04-16 10:00:00,407.55,408.0,406.0,407.3,6218
2026-04-16 10:05:00,407.3,410.25,407.3,409.0,2925
2026-04-16 10:10:00,410.0,412.15,409.5,409.85,21645
2026-04-16 10:15:00,409.8,410.5,409.15,409.75,3078
2026-04-16 10:20:00,409.75,409.75,409.0,409.5,335
2026-04-16 10:25:00,409.5,410.45,409.05,410.0,1474
2026-04-16 10:30:00,410.5,412.05,410.1,412.05,4440
2026-04-16 10:35:00,412.05,413.9,411.4,411.95,41681
2026-04-16 10:40:00,411.95,412.15,410.1,411.75,4113
2026-04-16 10:45:00,411.75,413.7,411.75,413.0,2063
2026-04-16 10:50:00,413.0,414.0,410.95,412.6,9666
2026-04-16 10:55:00,412.6,412.6,411.35,411.35,787
2026-04-16 11:00:00,411.35,412.45,411.35,412.35,693
2026-04-16 11:05:00,412.35,413.0,411.8,412.0,5720
2026-04-16 11:10:00,412.0,412.9,412.0,412.1,2075
2026-04-16 11:15:00,412.1,412.15,411.3,411.55,1282
2026-04-16 11:20:00,411.55,411.55,411.15,411.25,865
2026-04-16 11:25:00,411.25,411.8,411.25,411.7,378
2026-04-16 11:30:00,411.7,412.0,411.7,412.0,217
2026-04-16 11:35:00,411.95,411.95,411.2,411.7,224
2026-04-16 11:40:00,411.7,411.7,410.0,410.0,2057
2026-04-16 11:45:00,410.0,410.0,408.4,409.35,5218
2026-04-16 11:50:00,409.35,410.5,409.3,410.05,2224
2026-04-16 11:55:00,410.05,410.35,409.55,409.6,607
2026-04-16 12:00:00,409.65,409.65,408.35,408.65,3337
2026-04-16 12:05:00,408.65,409.45,408.55,408.65,1676
2026-04-16 12:10:00,409.25,409.7,408.6,408.95,3643
2026-04-16 12:15:00,408.95,409.95,408.95,409.95,799
2026-04-16 12:20:00,409.95,411.8,409.95,411.1,2273
2026-04-16 12:25:00,411.1,411.75,410.7,410.7,914
2026-04-16 12:30:00,410.4,410.95,410.0,410.45,2968
2026-04-16 12:35:00,410.45,410.8,409.75,410.8,1148
2026-04-16 12:40:00,410.8,410.9,410.0,410.65,8652
2026-04-16 12:45:00,410.65,410.65,409.95,410.35,1211
2026-04-16 12:50:00,410.35,411.6,409.95,411.35,2591
2026-04-16 12:55:00,411.35,411.95,411.35,411.55,494
2026-04-16 13:00:00,411.55,412.6,411.5,412.6,1710
2026-04-16 13:05:00,412.6,412.8,411.1,411.8,1100
2026-04-16 13:10:00,411.8,412.2,410.95,411.4,1119
2026-04-16 13:15:00,411.4,411.7,410.4,410.5,4017
2026-04-16 13:20:00,410.5,412.0,410.5,411.0,1858
2026-04-16 13:25:00,411.0,411.6,410.85,411.6,710
2026-04-16 13:30:00,411.6,412.25,411.6,412.2,299
2026-04-16 13:35:00,412.2,412.2,411.6,411.65,250
2026-04-16 13:40:00,411.65,412.85,411.65,412.85,3331
2026-04-16 13:45:00,412.85,413.0,412.45,412.5,348
2026-04-16 13:50:00,412.5,413.65,412.5,413.45,2786
2026-04-16 13:55:00,413.45,414.8,413.45,414.15,5187
2026-04-16 14:00:00,414.15,414.8,414.15,414.5,802
2026-04-16 14:05:00,414.5,414.55,413.5,414.4,3986
2026-04-16 14:10:00,414.4,415.85,414.15,415.0,14336
2026-04-16 14:15:00,415.0,415.0,414.3,414.95,1540
2026-04-16 14:20:00,414.95,414.95,413.4,414.1,2397
2026-04-16 14:25:00,414.05,415.2,414.0,414.35,4019
2026-04-16 14:30:00,414.35,416.0,414.35,415.95,4754
2026-04-16 14:35:00,415.95,416.75,415.2,416.5,3788
2026-04-16 14:40:00,416.5,417.0,415.55,416.1,5073
2026-04-16 14:45:00,416.1,416.75,415.8,415.8,2574
2026-04-16 14:50:00,415.8,416.15,415.15,415.45,4342
2026-04-16 14:55:00,415.45,416.0,415.1,415.55,5007
2026-04-16 15:00:00,415.9,416.5,415.1,416.15,9725
2026-04-16 15:05:00,416.15,417.9,415.7,417.45,20853
2026-04-16 15:10:00,417.45,417.7,416.0,416.2,11154
2026-04-16 15:15:00,416.7,417.45,415.85,417.25,10918
2026-04-16 15:20:00,417.45,417.6,416.8,417.6,8049
2026-04-16 15:25:00,417.6,418.0,415.0,415.0,14957
2026-04-17 09:15:00,418.45,424.9,418.0,422.8,31414
2026-04-17 09:20:00,422.3,423.75,421.95,422.85,13101
2026-04-17 09:25:00,422.85,427.15,421.55,427.1,31338
2026-04-17 09:30:00,427.75,428.8,424.6,426.05,33234
2026-04-17 09:35:00,426.05,426.05,422.3,422.95,9547
2026-04-17 09:40:00,422.95,424.0,422.95,423.5,3724
2026-04-17 09:45:00,423.5,425.55,423.25,425.55,2182
2026-04-17 09:50:00,425.55,425.85,424.0,424.0,4550
2026-04-17 09:55:00,424.3,424.3,422.7,423.75,8036
2026-04-17 10:00:00,423.8,424.8,422.5,424.35,3798
2026-04-17 10:05:00,424.35,428.5,424.0,428.4,10578
2026-04-17 10:10:00,428.4,428.5,427.0,428.5,8082
2026-04-17 10:15:00,428.5,428.5,427.1,427.7,5724
2026-04-17 10:20:00,427.7,429.0,427.0,427.45,13587
2026-04-17 10:25:00,427.45,427.7,425.3,426.05,9107
2026-04-17 10:30:00,426.05,426.1,425.3,426.0,1064
2026-04-17 10:35:00,425.55,426.0,424.85,425.2,4291
2026-04-17 10:40:00,425.0,425.25,425.0,425.0,3802
2026-04-17 10:45:00,425.0,425.4,425.0,425.0,2338
2026-04-17 10:50:00,425.0,425.45,422.0,423.75,8516
2026-04-17 10:55:00,423.75,423.75,422.15,422.15,6113
2026-04-17 11:00:00,422.8,424.4,422.4,423.3,6971
2026-04-17 11:05:00,423.3,423.3,422.2,422.75,3676
2026-04-17 11:10:00,422.75,422.9,421.85,422.6,6495
2026-04-17 11:15:00,422.6,423.4,422.0,423.4,2674
2026-04-17 11:20:00,423.4,423.4,422.5,423.0,1741
2026-04-17 11:25:00,423.0,423.6,423.0,423.6,307
2026-04-17 11:30:00,423.6,424.05,423.5,424.0,1923
2026-04-17 11:35:00,423.5,424.2,423.5,423.5,2136
2026-04-17 11:40:00,423.5,423.75,423.2,423.55,1181
2026-04-17 11:45:00,423.55,423.6,423.2,423.4,209
2026-04-17 11:50:00,423.4,424.2,423.3,424.1,747
2026-04-17 11:55:00,424.1,424.2,423.7,423.9,598
2026-04-17 12:00:00,423.8,424.0,423.25,423.25,2666
2026-04-17 12:05:00,423.25,423.55,423.2,423.5,1792
2026-04-17 12:10:00,423.5,424.05,423.25,423.4,2306
2026-04-17 12:15:00,423.4,424.6,423.4,424.1,2327
2026-04-17 12:20:00,424.05,424.4,423.45,423.9,463
2026-04-17 12:25:00,423.4,424.2,423.4,424.15,772
2026-04-17 12:30:00,424.15,424.2,423.2,423.2,1975
2026-04-17 12:35:00,423.2,424.0,423.2,424.0,2001
2026-04-17 12:40:00,424.0,424.2,423.55,424.2,1327
2026-04-17 12:45:00,424.2,424.7,423.2,424.0,2192
2026-04-17 12:50:00,424.0,426.15,423.0,425.45,16307
2026-04-17 12:55:00,426.0,427.9,425.8,427.15,17954
2026-04-17 13:00:00,427.15,430.1,427.15,427.9,20179
2026-04-17 13:05:00,427.9,428.4,426.5,428.4,8900
2026-04-17 13:10:00,428.4,428.7,427.1,427.75,2354
2026-04-17 13:15:00,427.75,427.75,425.6,425.7,10613
2026-04-17 13:20:00,425.7,425.7,425.0,425.05,2237
2026-04-17 13:25:00,425.05,425.6,424.55,425.0,2713
2026-04-17 13:30:00,425.0,425.0,424.55,424.9,1028
2026-04-17 13:35:00,424.9,424.95,424.6,424.6,279
2026-04-17 13:40:00,424.6,424.9,422.0,422.0,48605
2026-04-17 13:45:00,422.0,423.0,422.0,422.45,2581
2026-04-17 13:50:00,422.45,423.85,422.45,423.7,8571
2026-04-17 13:55:00,423.05,424.25,423.05,423.75,1830
2026-04-17 14:00:00,423.75,423.8,422.7,423.55,2451
2026-04-17 14:05:00,423.55,424.3,423.4,424.3,754
2026-04-17 14:10:00,424.3,424.3,422.6,423.55,3665
2026-04-17 14:15:00,423.55,423.95,422.9,423.6,2023
2026-04-17 14:20:00,423.6,424.25,423.6,423.75,658
2026-04-17 14:25:00,423.75,423.75,423.0,423.0,1088
2026-04-17 14:30:00,423.0,423.0,422.0,422.2,4622
2026-04-17 14:35:00,422.2,423.35,422.2,423.35,4026
2026-04-17 14:40:00,423.35,424.15,423.05,423.6,8571
2026-04-17 14:45:00,423.6,424.35,423.3,423.45,4102
2026-04-17 14:50:00,423.45,424.0,423.45,423.9,960
2026-04-17 14:55:00,423.9,423.95,423.1,423.45,4890
2026-04-17 15:00:00,423.45,423.45,422.1,422.3,3427
2026-04-17 15:05:00,422.3,423.0,422.0,422.1,4952
2026-04-17 15:10:00,422.1,422.7,422.0,422.5,10185
2026-04-17 15:15:00,422.5,423.8,422.1,423.0,19021
2026-04-17 15:20:00,422.9,423.45,422.0,422.95,17299
2026-04-17 15:25:00,422.95,423.5,422.0,423.0,11430
2026-04-20 09:15:00,429.0,429.0,415.65,417.65,34519
2026-04-20 09:20:00,417.65,419.9,417.55,418.7,17466
2026-04-20 09:25:00,418.7,418.75,416.0,416.0,11915
2026-04-20 09:30:00,416.0,416.0,412.05,414.0,10741
2026-04-20 09:35:00,413.7,414.0,410.1,411.05,24310
2026-04-20 09:40:00,411.05,415.2,410.0,414.15,32375
2026-04-20 09:45:00,414.15,417.85,414.05,417.25,9593
2026-04-20 09:50:00,417.25,419.35,416.05,419.35,7256
2026-04-20 09:55:00,419.35,419.55,417.5,418.05,5530
2026-04-20 10:00:00,418.05,419.25,417.05,418.8,1765
2026-04-20 10:05:00,418.8,419.55,418.8,419.4,2522
2026-04-20 10:10:00,419.4,419.55,417.5,417.55,1084
2026-04-20 10:15:00,418.0,419.2,417.45,418.6,798
2026-04-20 10:20:00,418.6,418.6,417.55,418.0,472
2026-04-20 10:25:00,418.0,418.6,417.4,418.55,1770
2026-04-20 10:30:00,418.05,419.85,418.05,419.85,1425
2026-04-20 10:35:00,419.85,419.85,417.1,417.55,9581
2026-04-20 10:40:00,417.55,419.0,417.35,419.0,956
2026-04-20 10:45:00,419.25,419.25,418.2,418.2,334
2026-04-20 10:50:00,418.2,421.6,418.2,421.05,5314
2026-04-20 10:55:00,421.05,421.05,420.25,421.0,903
2026-04-20 11:00:00,421.0,421.5,420.7,421.0,1236
2026-04-20 11:05:00,421.0,423.0,421.0,422.55,2980
2026-04-20 11:10:00,422.55,422.55,421.5,421.5,2261
2026-04-20 11:15:00,421.5,421.95,421.2,421.9,5623
2026-04-20 11:20:00,421.9,422.0,420.25,420.4,6966
2026-04-20 11:25:00,420.4,420.95,420.25,420.4,2175
2026-04-20 11:30:00,420.4,421.55,420.4,421.45,1715
2026-04-20 11:35:00,421.45,422.0,421.0,421.05,3881
2026-04-20 11:40:00,421.05,421.7,421.0,421.7,388
2026-04-20 11:45:00,421.7,422.0,421.6,421.9,1061
2026-04-20 11:50:00,421.85,422.0,421.25,421.75,515
2026-04-20 11:55:00,421.75,421.75,421.1,421.1,640
2026-04-20 12:00:00,421.1,421.7,420.8,421.1,758
2026-04-20 12:05:00,421.05,421.3,420.25,420.7,1702
2026-04-20 12:10:00,420.7,420.85,419.8,419.8,1849
2026-04-20 12:15:00,419.8,419.8,418.25,418.25,2208
2026-04-20 12:20:00,418.25,419.2,418.25,418.6,482
2026-04-20 12:25:00,418.6,419.75,418.55,419.6,1944
2026-04-20 12:30:00,419.6,419.65,418.7,419.05,771
2026-04-20 12:35:00,419.05,420.0,419.05,420.0,1023
2026-04-20 12:40:00,420.0,420.0,419.1,419.2,1099
2026-04-20 12:45:00,419.2,419.5,419.15,419.5,2253
2026-04-20 12:50:00,419.5,419.75,417.5,417.8,4990
2026-04-20 12:55:00,417.8,418.2,417.5,418.15,2743
2026-04-20 13:00:00,418.15,418.55,418.15,418.15,580
2026-04-20 13:05:00,418.15,418.25,417.5,418.25,3342
2026-04-20 13:10:00,418.25,418.6,417.9,417.9,473
2026-04-20 13:15:00,417.9,418.25,417.6,417.6,1644
2026-04-20 13:20:00,417.6,418.05,416.0,416.25,11525
2026-04-20 13:25:00,416.25,416.45,415.0,415.45,5794
2026-04-20 13:30:00,415.45,416.4,415.45,415.65,13585
2026-04-20 13:35:00,415.65,416.4,415.65,415.65,3482
2026-04-20 13:40:00,415.65,416.55,415.65,416.55,556
2026-04-20 13:45:00,416.2,416.2,415.65,415.65,1101
2026-04-20 13:50:00,415.65,415.7,415.65,415.7,2635
2026-04-20 13:55:00,416.2,416.55,415.0,415.5,1895
2026-04-20 14:00:00,415.5,415.5,414.7,415.0,441
2026-04-20 14:05:00,415.45,415.45,414.1,414.1,1676
2026-04-20 14:10:00,413.7,414.7,413.7,414.7,515
2026-04-20 14:15:00,414.7,414.7,414.1,414.5,413
2026-04-20 14:20:00,414.5,414.55,414.1,414.55,617
2026-04-20 14:25:00,414.55,414.95,414.1,414.1,559
2026-04-20 14:30:00,414.1,414.2,413.15,414.05,5822
2026-04-20 14:35:00,414.05,415.15,414.0,414.2,1030
2026-04-20 14:40:00,414.2,414.2,413.25,413.9,1891
2026-04-20 14:45:00,413.9,414.05,413.1,413.65,871
2026-04-20 14:50:00,414.15,414.4,413.15,413.5,1621
2026-04-20 14:55:00,413.5,413.95,413.1,413.2,5498
2026-04-20 15:00:00,413.55,414.0,411.8,412.2,12908
2026-04-20 15:05:00,412.65,413.0,412.05,412.9,3109
2026-04-20 15:10:00,412.9,412.9,411.6,412.35,4148
2026-04-20 15:15:00,412.75,412.95,411.3,412.3,16706
2026-04-20 15:20:00,412.3,413.1,411.45,413.1,14524
2026-04-20 15:25:00,413.1,413.1,410.65,411.0,11806
2026-04-21 09:15:00,412.35,416.8,411.1,414.5,24302
2026-04-21 09:20:00,414.5,415.6,413.1,413.65,4319
2026-04-21 09:25:00,413.65,413.7,411.05,412.6,10425
2026-04-21 09:30:00,413.0,415.25,412.0,414.4,9940
2026-04-21 09:35:00,414.8,415.4,414.4,414.8,1348
2026-04-21 09:40:00,414.8,416.25,414.0,416.25,6543
2026-04-21 09:45:00,416.25,416.25,414.7,415.25,3689
2026-04-21 09:50:00,415.25,415.8,414.7,415.0,2349
2026-04-21 09:55:00,415.0,415.5,414.7,415.25,1702
2026-04-21 10:00:00,415.25,415.5,414.7,415.5,2311
2026-04-21 10:05:00,415.5,415.9,415.4,415.9,1147
2026-04-21 10:10:00,415.9,419.5,415.6,417.5,8848
2026-04-21 10:15:00,417.5,419.6,417.5,419.6,2780
2026-04-21 10:20:00,419.85,419.9,417.5,418.05,4624
2026-04-21 10:25:00,418.05,418.45,416.6,416.6,3176
2026-04-21 10:30:00,416.6,418.0,416.2,417.95,3044
2026-04-21 10:35:00,417.95,418.0,417.4,417.85,779
2026-04-21 10:40:00,417.85,418.0,416.2,416.7,2825
2026-04-21 10:45:00,417.2,417.45,416.6,417.4,237
2026-04-21 10:50:00,417.4,417.55,416.55,417.35,788
2026-04-21 10:55:00,417.35,417.65,416.95,416.95,613
2026-04-21 11:00:00,416.95,417.3,416.5,416.5,560
2026-04-21 11:05:00,416.5,417.0,416.5,417.0,533
2026-04-21 11:10:00,417.0,417.0,416.6,417.0,249
2026-04-21 11:15:00,417.0,417.65,416.95,416.95,721
2026-04-21 11:20:00,416.95,416.95,416.4,416.4,203
2026-04-21 11:25:00,416.4,416.7,416.05,416.05,1610
2026-04-21 11:30:00,416.05,418.7,416.05,417.85,11574
2026-04-21 11:35:00,417.85,417.85,417.0,417.5,1163
2026-04-21 11:40:00,417.5,417.5,416.85,417.4,361
2026-04-21 11:45:00,417.4,418.0,417.3,418.0,4574
2026-04-21 11:50:00,418.0,419.5,418.0,418.9,3220
2026-04-21 11:55:00,418.9,418.9,418.05,418.8,1479
2026-04-21 12:00:00,418.8,418.8,418.7,418.7,123
2026-04-21 12:05:00,418.7,418.7,418.0,418.7,585
2026-04-21 12:10:00,418.7,418.7,418.5,418.5,426
2026-04-21 12:15:00,418.5,418.55,417.8,418.55,584
2026-04-21 12:20:00,418.55,418.55,417.8,417.8,1034
2026-04-21 12:25:00,418.5,418.7,418.0,418.25,826
2026-04-21 12:30:00,418.25,422.0,418.2,420.1,16323
2026-04-21 12:35:00,420.1,421.05,419.05,419.6,2325
2026-04-21 12:40:00,419.6,419.6,418.65,418.65,474
2026-04-21 12:45:00,418.65,418.9,418.35,418.4,545
2026-04-21 12:50:00,418.4,419.1,418.3,419.0,455
2026-04-21 12:55:00,419.0,419.0,418.35,418.9,660
2026-04-21 13:00:00,418.9,418.95,418.05,418.25,1060
2026-04-21 13:05:00,418.25,418.25,417.75,417.9,157
2026-04-21 13:10:00,417.9,417.9,417.75,417.9,204
2026-04-21 13:15:00,417.9,418.6,417.8,417.8,853
2026-04-21 13:20:00,417.8,418.5,417.8,417.95,1600
2026-04-21 13:25:00,417.95,417.95,416.8,416.8,610
2026-04-21 13:30:00,416.8,417.45,416.8,417.2,142
2026-04-21 13:35:00,417.2,418.05,417.0,417.35,652
2026-04-21 13:40:00,417.35,417.35,416.05,416.25,3339
2026-04-21 13:45:00,416.25,416.9,416.0,416.7,1110
2026-04-21 13:50:00,416.7,416.7,416.1,416.1,182
2026-04-21 13:55:00,416.1,417.65,416.1,417.65,3077
2026-04-21 14:00:00,417.65,417.85,416.65,417.4,283
2026-04-21 14:05:00,417.4,417.4,416.2,416.2,350
2026-04-21 14:10:00,416.2,417.05,416.2,416.3,814
2026-04-21 14:15:00,416.3,417.2,416.2,416.45,1148
2026-04-21 14:20:00,416.45,416.9,416.15,416.15,119
2026-04-21 14:25:00,416.15,417.0,416.15,417.0,1918
2026-04-21 14:30:00,417.0,417.0,416.3,416.8,671
2026-04-21 14:35:00,416.8,418.8,416.8,417.8,5087
2026-04-21 14:40:00,417.8,418.25,416.6,416.6,1576
2026-04-21 14:45:00,416.6,416.6,416.0,416.0,2368
2026-04-21 14:50:00,416.0,416.65,415.9,416.5,934
2026-04-21 14:55:00,416.5,416.7,415.6,416.0,1525
2026-04-21 15:00:00,416.0,417.35,415.3,416.0,4769
2026-04-21 15:05:00,416.0,416.4,415.1,416.25,1586
2026-04-21 15:10:00,415.7,416.75,415.35,416.0,5108
2026-04-21 15:15:00,415.7,416.0,413.6,415.65,10464
2026-04-21 15:20:00,415.3,415.7,414.35,414.8,2763
2026-04-21 15:25:00,414.75,415.15,413.45,414.05,6930
2026-04-22 09:15:00,418.7,418.85,414.0,414.25,11091
2026-04-22 09:20:00,414.0,415.0,413.0,413.0,8862
2026-04-22 09:25:00,413.1,413.1,411.75,412.55,2677
2026-04-22 09:30:00,412.05,415.65,411.75,414.45,14359
2026-04-22 09:35:00,415.6,417.4,415.6,417.4,1992
2026-04-22 09:40:00,418.0,419.9,417.4,419.55,7491
2026-04-22 09:45:00,419.65,419.65,416.55,417.4,3373
2026-04-22 09:50:00,416.6,417.7,416.25,417.2,3341
2026-04-22 09:55:00,417.2,417.2,415.5,415.5,1806
2026-04-22 10:00:00,415.7,416.2,414.0,416.0,8160
2026-04-22 10:05:00,416.0,416.85,414.75,416.85,897
2026-04-22 10:10:00,416.15,418.7,415.15,417.05,6634
2026-04-22 10:15:00,417.05,417.35,415.0,415.0,4453
2026-04-22 10:20:00,415.0,415.3,413.85,415.0,6067
2026-04-22 10:25:00,415.0,415.5,415.0,415.5,515
2026-04-22 10:30:00,415.5,415.5,414.55,415.1,814
2026-04-22 10:35:00,415.1,416.3,414.85,415.75,441
2026-04-22 10:40:00,415.75,416.0,415.3,415.3,540
2026-04-22 10:45:00,415.3,416.9,415.3,416.5,1358
2026-04-22 10:50:00,416.5,417.0,415.95,415.95,227
2026-04-22 10:55:00,415.25,416.0,415.25,415.3,57
2026-04-22 11:00:00,415.3,416.3,415.3,416.05,1208
2026-04-22 11:05:00,416.05,416.3,414.4,416.3,5247
2026-04-22 11:10:00,416.3,416.35,414.05,416.35,1405
2026-04-22 11:15:00,416.35,416.5,416.2,416.5,1382
2026-04-22 11:20:00,416.5,416.5,415.95,416.5,231
2026-04-22 11:25:00,416.5,417.2,416.35,416.75,1214
2026-04-22 11:30:00,416.75,416.75,416.0,416.0,81
2026-04-22 11:35:00,416.0,416.35,416.0,416.35,5
2026-04-22 11:40:00,416.0,416.2,416.0,416.2,50
2026-04-22 11:45:00,416.2,416.2,415.3,416.0,253
2026-04-22 11:50:00,416.0,416.25,415.55,416.25,158
2026-04-22 11:55:00,416.25,416.5,415.7,415.8,1168
2026-04-22 12:00:00,415.8,416.35,415.8,416.3,72
2026-04-22 12:05:00,416.3,417.0,416.0,417.0,1330
2026-04-22 12:10:00,417.0,417.75,416.05,417.75,2290
2026-04-22 12:15:00,417.75,418.0,417.05,417.95,2550
2026-04-22 12:20:00,417.95,417.95,417.05,417.75,780
2026-04-22 12:25:00,417.75,417.85,417.0,417.85,254
2026-04-22 12:30:00,417.85,417.85,417.1,417.7,162
2026-04-22 12:35:00,417.7,417.7,416.85,416.85,543
2026-04-22 12:40:00,416.85,417.4,416.7,416.95,97
2026-04-22 12:45:00,416.95,417.0,416.05,416.25,1170
2026-04-22 12:50:00,416.25,416.95,416.25,416.95,77
2026-04-22 12:55:00,416.95,417.35,416.65,417.35,620
2026-04-22 13:00:00,417.35,417.4,416.5,416.5,338
2026-04-22 13:05:00,416.5,417.25,416.5,416.8,85
2026-04-22 13:10:00,416.8,417.05,416.5,417.0,748
2026-04-22 13:15:00,417.0,417.0,416.05,416.95,1031
2026-04-22 13:20:00,416.95,416.95,416.0,416.1,1526
2026-04-22 13:25:00,416.1,417.0,416.1,417.0,1010
2026-04-22 13:30:00,417.0,417.0,416.0,416.35,363
2026-04-22 13:35:00,416.35,419.9,416.2,419.75,10458
2026-04-22 13:40:00,419.75,419.9,419.05,419.35,1026
2026-04-22 13:45:00,419.35,419.35,418.2,418.55,1609
2026-04-22 13:50:00,418.55,419.35,418.4,418.7,1320
2026-04-22 13:55:00,418.7,419.3,418.6,418.9,350
2026-04-22 14:00:00,418.9,420.75,418.9,419.35,7307
2026-04-22 14:05:00,419.35,419.35,418.65,418.65,1050
2026-04-22 14:10:00,418.65,419.0,418.5,418.85,1192
2026-04-22 14:15:00,418.85,419.15,418.05,418.05,632
2026-04-22 14:20:00,418.05,418.65,416.4,416.8,23055
2026-04-22 14:25:00,416.0,416.95,416.0,416.9,2291
2026-04-22 14:30:00,416.9,417.1,416.6,416.6,118
2026-04-22 14:35:00,416.6,417.05,416.6,417.0,532
2026-04-22 14:40:00,417.0,417.5,416.0,416.1,2678
2026-04-22 14:45:00,416.1,416.45,415.35,416.45,18156
2026-04-22 14:50:00,416.45,417.25,415.35,417.2,6882
2026-04-22 14:55:00,417.2,417.55,416.75,417.55,2117
2026-04-22 15:00:00,417.55,417.55,415.7,416.5,2603
2026-04-22 15:05:00,416.5,416.95,415.9,416.75,2455
2026-04-22 15:10:00,416.75,416.75,415.65,416.2,3871
2026-04-22 15:15:00,416.2,418.45,415.1,418.45,9290
2026-04-22 15:20:00,418.45,418.5,417.45,418.5,2424
2026-04-22 15:25:00,418.0,418.5,415.15,417.0,7604
2026-04-23 09:15:00,416.85,419.85,415.05,418.7,24313
2026-04-23 09:20:00,418.7,423.7,418.45,422.3,10857
2026-04-23 09:25:00,422.55,422.6,419.3,419.3,10864
2026-04-23 09:30:00,419.3,424.35,419.15,424.35,7233
2026-04-23 09:35:00,424.35,424.35,420.1,422.25,9960
2026-04-23 09:40:00,422.25,423.9,422.25,423.3,4351
2026-04-23 09:45:00,423.3,424.8,423.3,424.4,5343
2026-04-23 09:50:00,424.4,425.55,423.8,423.8,4732
2026-04-23 09:55:00,423.8,424.45,421.85,422.9,3958
2026-04-23 10:00:00,423.0,423.7,421.1,423.35,2927
2026-04-23 10:05:00,423.7,424.0,422.65,424.0,2636
2026-04-23 10:10:00,424.0,424.0,422.8,423.45,5793
2026-04-23 10:15:00,423.45,425.0,423.45,424.95,683
2026-04-23 10:20:00,424.95,424.95,422.85,423.0,1533
2026-04-23 10:25:00,423.0,424.45,422.85,423.85,1440
2026-04-23 10:30:00,423.85,423.85,422.2,422.8,526
2026-04-23 10:35:00,422.8,422.85,420.5,421.75,6660
2026-04-23 10:40:00,421.75,422.0,420.6,421.25,3376
2026-04-23 10:45:00,421.25,421.75,420.6,421.25,1792
2026-04-23 10:50:00,421.25,421.95,420.6,421.95,2654
2026-04-23 10:55:00,421.95,422.0,421.4,422.0,432
2026-04-23 11:00:00,422.0,422.95,421.55,422.9,743
2026-04-23 11:05:00,422.9,422.9,422.0,422.5,1412
2026-04-23 11:10:00,422.5,422.5,421.55,421.55,2967
2026-04-23 11:15:00,421.55,421.7,421.0,421.65,444
2026-04-23 11:20:00,421.5,422.15,421.05,422.15,1360
2026-04-23 11:25:00,422.15,422.15,419.4,419.85,13239
2026-04-23 11:30:00,419.85,421.45,419.85,420.7,659
2026-04-23 11:35:00,420.7,420.7,418.6,418.6,3619
2026-04-23 11:40:00,418.6,418.6,417.6,418.15,3993
2026-04-23 11:45:00,418.15,418.7,418.15,418.7,703
2026-04-23 11:50:00,418.7,419.0,418.3,419.0,825
2026-04-23 11:55:00,419.0,419.2,418.3,418.45,723
2026-04-23 12:00:00,418.45,418.9,418.2,418.9,1850
2026-04-23 12:05:00,418.9,418.9,418.35,418.5,511
2026-04-23 12:10:00,418.5,419.4,418.4,419.0,988
2026-04-23 12:15:00,419.0,419.6,419.0,419.1,948
2026-04-23 12:20:00,419.1,419.7,419.1,419.1,388
2026-04-23 12:25:00,419.1,419.1,417.6,417.95,1703
2026-04-23 12:30:00,418.15,418.15,417.3,418.0,816
2026-04-23 12:35:00,418.0,418.0,417.0,417.2,1874
2026-04-23 12:40:00,417.2,417.8,415.0,415.9,10677
2026-04-23 12:45:00,417.2,417.65,416.0,416.0,2005
2026-04-23 12:50:00,416.0,416.5,415.75,416.5,800
2026-04-23 12:55:00,416.5,417.5,416.1,417.45,1687
2026-04-23 13:00:00,417.45,417.7,417.1,417.7,1439
2026-04-23 13:05:00,417.7,417.75,417.15,417.45,243
2026-04-23 13:10:00,417.45,418.95,417.45,418.45,3028
2026-04-23 13:15:00,418.45,418.8,418.3,418.8,203
2026-04-23 13:20:00,418.95,419.8,418.9,419.8,1503
2026-04-23 13:25:00,419.8,419.8,419.5,419.8,763
2026-04-23 13:30:00,419.8,419.9,418.9,419.5,666
2026-04-23 13:35:00,419.5,419.75,418.0,418.0,732
2026-04-23 13:40:00,418.0,418.2,417.55,417.55,3270
2026-04-23 13:45:00,417.55,417.85,417.1,417.75,1589
2026-04-23 13:50:00,417.75,418.15,417.55,417.55,318
2026-04-23 13:55:00,417.55,418.65,417.55,418.0,638
2026-04-23 14:00:00,418.0,418.35,417.85,418.35,154
2026-04-23 14:05:00,417.85,417.85,417.0,417.0,2000
2026-04-23 14:10:00,417.0,418.1,416.55,417.15,8140
2026-04-23 14:15:00,416.8,417.85,416.8,417.0,882
2026-04-23 14:20:00,417.0,417.25,416.4,417.15,591
2026-04-23 14:25:00,417.15,418.0,416.35,417.05,4151
2026-04-23 14:30:00,417.05,418.0,416.3,416.35,14588
2026-04-23 14:35:00,415.85,416.35,415.5,415.8,6550
2026-04-23 14:40:00,415.5,415.65,413.0,414.0,13185
2026-04-23 14:45:00,414.0,414.5,413.8,414.3,725
2026-04-23 14:50:00,414.5,415.35,414.1,415.35,3641
2026-04-23 14:55:00,415.35,415.4,414.05,414.4,4127
2026-04-23 15:00:00,414.8,415.7,414.6,414.85,1815
2026-04-23 15:05:00,414.0,414.35,413.15,414.3,5374
2026-04-23 15:10:00,414.3,414.3,413.5,414.15,3647
2026-04-23 15:15:00,413.7,414.25,413.15,413.2,4828
2026-04-23 15:20:00,413.5,413.6,413.0,413.6,10015
2026-04-23 15:25:00,413.6,414.75,413.0,413.75,6138
2026-04-24 09:15:00,415.0,417.95,413.4,413.4,8999
2026-04-24 09:20:00,413.4,413.55,410.55,412.4,3784
2026-04-24 09:25:00,412.45,412.65,408.6,409.6,10645
2026-04-24 09:30:00,409.6,410.65,408.55,409.8,5647
2026-04-24 09:35:00,409.8,409.95,407.35,407.35,21830
2026-04-24 09:40:00,407.05,408.55,406.8,408.0,2294
2026-04-24 09:45:00,408.05,408.45,406.05,406.65,2574
2026-04-24 09:50:00,406.65,407.0,405.7,406.0,2741
2026-04-24 09:55:00,405.0,406.25,405.0,406.05,9213
2026-04-24 10:00:00,406.05,411.5,406.05,410.95,7931
2026-04-24 10:05:00,410.95,412.0,409.75,410.7,7327
2026-04-24 10:10:00,410.7,412.0,410.0,410.25,4044
2026-04-24 10:15:00,410.25,410.55,409.35,409.7,2993
2026-04-24 10:20:00,409.7,409.7,407.5,407.5,1124
2026-04-24 10:25:00,407.5,408.65,406.3,407.85,3911
2026-04-24 10:30:00,407.85,408.55,407.25,407.7,1113
2026-04-24 10:35:00,407.55,407.95,407.1,407.45,1751
2026-04-24 10:40:00,407.45,408.3,407.1,408.3,2980
2026-04-24 10:45:00,408.3,408.3,406.5,407.55,13989
2026-04-24 10:50:00,407.55,408.15,407.15,407.6,11858
2026-04-24 10:55:00,407.6,408.1,407.25,408.0,2177
2026-04-24 11:00:00,408.0,408.4,408.0,408.3,1079
2026-04-24 11:05:00,408.3,408.3,407.4,407.4,257
2026-04-24 11:10:00,407.4,408.0,407.05,407.15,1067
2026-04-24 11:15:00,407.15,407.9,407.0,407.0,2999
2026-04-24 11:20:00,406.95,407.0,406.55,407.0,227
2026-04-24 11:25:00,407.0,407.0,406.25,406.75,1322
2026-04-24 11:30:00,406.75,407.0,406.75,407.0,157
2026-04-24 11:35:00,407.0,407.0,406.1,406.75,821
2026-04-24 11:40:00,406.75,406.85,406.3,406.3,106
2026-04-24 11:45:00,406.3,406.3,405.1,405.4,12327
2026-04-24 11:50:00,405.4,405.45,404.1,404.4,2921
2026-04-24 11:55:00,404.4,404.5,404.0,404.0,782
2026-04-24 12:00:00,404.0,404.5,403.7,404.0,3738
2026-04-24 12:05:00,403.35,404.8,403.35,404.8,323
2026-04-24 12:10:00,404.8,405.95,404.8,405.9,1569
2026-04-24 12:15:00,405.9,407.0,405.9,407.0,986
2026-04-24 12:20:00,407.0,407.45,406.0,406.55,92
2026-04-24 12:25:00,406.55,406.55,404.95,405.55,1969
2026-04-24 12:30:00,405.55,405.7,405.0,405.7,397
2026-04-24 12:35:00,405.7,407.35,405.65,406.35,2177
2026-04-24 12:40:00,406.35,406.35,406.0,406.0,984
2026-04-24 12:45:00,406.0,406.0,405.1,405.75,142
2026-04-24 12:50:00,405.75,406.5,405.15,405.6,11557
2026-04-24 12:55:00,405.6,405.95,404.8,405.5,208
2026-04-24 13:00:00,405.0,405.0,404.15,404.65,2084
2026-04-24 13:05:00,404.65,404.65,404.0,404.25,441
2026-04-24 13:10:00,404.25,404.25,403.0,403.0,13690
2026-04-24 13:15:00,403.0,403.9,402.4,402.4,3053
2026-04-24 13:20:00,402.4,403.95,402.1,403.8,2638
2026-04-24 13:25:00,403.8,404.45,403.0,403.65,797
2026-04-24 13:30:00,403.65,404.1,403.5,403.8,2353
2026-04-24 13:35:00,403.8,403.9,403.25,403.25,1698
2026-04-24 13:40:00,403.25,403.5,402.1,402.3,4100
2026-04-24 13:45:00,402.3,403.0,402.3,402.6,4436
2026-04-24 13:50:00,402.6,403.0,402.0,402.55,8598
2026-04-24 13:55:00,402.55,402.7,401.8,402.3,258
2026-04-24 14:00:00,402.3,402.3,401.8,402.25,59
2026-04-24 14:05:00,402.25,402.3,401.7,401.95,750
2026-04-24 14:10:00,401.95,402.0,401.1,401.5,2095
2026-04-24 14:15:00,401.5,402.05,401.5,402.05,3222
2026-04-24 14:20:00,402.05,402.25,400.8,400.8,6666
2026-04-24 14:25:00,400.8,401.5,400.1,401.15,4984
2026-04-24 14:30:00,401.15,401.9,400.7,401.75,1116
2026-04-24 14:35:00,401.75,401.95,400.8,401.4,1547
2026-04-24 14:40:00,401.4,402.5,401.4,402.15,4947
2026-04-24 14:45:00,402.15,402.5,402.0,402.2,1508
2026-04-24 14:50:00,402.2,402.2,401.6,401.6,1991
2026-04-24 14:55:00,401.6,402.0,401.6,401.6,440
2026-04-24 15:00:00,401.8,402.6,401.7,401.9,14341
2026-04-24 15:05:00,401.85,402.5,401.0,402.4,10498
2026-04-24 15:10:00,402.4,402.9,401.5,401.6,1385
2026-04-24 15:15:00,401.35,405.5,401.35,405.5,13725
2026-04-24 15:20:00,405.05,405.55,405.0,405.0,9029
2026-04-24 15:25:00,405.0,405.5,401.8,404.5,10355
2026-04-27 09:15:00,402.1,412.95,402.1,410.0,10077
2026-04-27 09:20:00,411.05,418.3,411.05,417.4,15056
2026-04-27 09:25:00,418.3,438.65,417.0,435.85,155164
2026-04-27 09:30:00,436.0,443.65,436.0,438.4,452644
2026-04-27 09:35:00,438.4,441.2,435.95,437.75,94198
2026-04-27 09:40:00,438.4,443.65,437.75,443.65,145789
2026-04-27 09:45:00,443.65,443.65,443.65,443.65,9253
2026-04-27 09:50:00,443.65,443.65,441.35,443.65,117414
2026-04-27 09:55:00,443.65,443.65,442.2,442.65,38000
2026-04-27 10:00:00,443.0,443.4,441.25,442.85,18355
2026-04-27 10:05:00,442.85,443.65,442.35,443.65,21265
2026-04-27 10:10:00,443.65,443.65,443.65,443.65,3477
2026-04-27 10:15:00,443.65,443.65,443.65,443.65,3377
2026-04-27 10:20:00,443.65,443.65,443.65,443.65,5663
2026-04-27 10:25:00,443.65,443.65,443.65,443.65,853
2026-04-27 10:30:00,443.65,443.65,443.65,443.65,545
2026-04-27 10:35:00,443.65,443.65,443.65,443.65,405
2026-04-27 10:40:00,443.65,443.65,443.65,443.65,652
2026-04-27 10:45:00,443.65,443.65,443.65,443.65,1229
2026-04-27 10:50:00,443.65,443.65,443.65,443.65,3610
2026-04-27 10:55:00,443.65,443.65,443.65,443.65,2119
2026-04-27 11:00:00,443.65,443.65,443.65,443.65,70968
2026-04-27 11:05:00,443.65,443.65,443.65,443.65,932
2026-04-27 11:10:00,443.65,443.65,443.65,443.65,1248
2026-04-27 11:15:00,443.65,443.65,443.65,443.65,1406
2026-04-27 11:20:00,443.65,443.65,443.65,443.65,280
2026-04-27 11:25:00,443.65,443.65,443.65,443.65,416
2026-04-27 11:30:00,443.65,443.65,443.65,443.65,357
2026-04-27 11:35:00,443.65,443.65,443.65,443.65,295
2026-04-27 11:40:00,443.65,443.65,443.65,443.65,1474
2026-04-27 11:45:00,443.65,443.65,443.65,443.65,1532
2026-04-27 11:50:00,443.65,443.65,443.65,443.65,5
2026-04-27 11:55:00,443.65,443.65,443.65,443.65,164
2026-04-27 12:00:00,443.65,443.65,443.65,443.65,585
2026-04-27 12:05:00,443.65,443.65,443.65,443.65,244
2026-04-27 12:10:00,443.65,443.65,443.65,443.65,143
2026-04-27 12:15:00,443.65,443.65,443.65,443.65,23
2026-04-27 12:20:00,443.65,443.65,443.65,443.65,217
2026-04-27 12:25:00,443.65,443.65,443.65,443.65,24
2026-04-27 12:30:00,443.65,443.65,443.65,443.65,105
2026-04-27 12:35:00,443.65,443.65,443.65,443.65,673
2026-04-27 12:40:00,443.65,443.65,443.65,443.65,416
2026-04-27 12:45:00,443.65,443.65,443.65,443.65,137
2026-04-27 12:50:00,443.65,443.65,443.65,443.65,140
2026-04-27 12:55:00,443.65,443.65,443.65,443.65,130
2026-04-27 13:00:00,443.65,443.65,443.65,443.65,69
2026-04-27 13:05:00,443.65,443.65,443.65,443.65,376
2026-04-27 13:10:00,443.65,443.65,443.65,443.65,606
2026-04-27 13:15:00,443.65,443.65,443.65,443.65,991
2026-04-27 13:20:00,443.65,443.65,443.65,443.65,80
2026-04-27 13:25:00,443.65,443.65,443.65,443.65,238
2026-04-27 13:30:00,443.65,443.65,443.65,443.65,1170
2026-04-27 13:35:00,443.65,443.65,443.65,443.65,5309
2026-04-27 13:40:00,443.65,443.65,443.65,443.65,134
2026-04-27 13:45:00,443.65,443.65,443.65,443.65,2756
2026-04-27 13:50:00,443.65,443.65,443.65,443.65,952
2026-04-27 13:55:00,443.65,443.65,443.65,443.65,220
2026-04-27 14:00:00,443.65,443.65,443.65,443.65,2141
2026-04-27 14:05:00,443.65,443.65,443.65,443.65,5263
2026-04-27 14:10:00,443.65,443.65,443.65,443.65,28
2026-04-27 14:15:00,443.65,443.65,443.65,443.65,127
2026-04-27 14:20:00,443.65,443.65,443.65,443.65,137
2026-04-27 14:25:00,443.65,443.65,443.65,443.65,665
2026-04-27 14:30:00,443.65,443.65,443.65,443.65,341
2026-04-27 14:35:00,443.65,443.65,443.65,443.65,212
2026-04-27 14:40:00,443.65,443.65,443.65,443.65,412
2026-04-27 14:45:00,443.65,443.65,443.65,443.65,44
2026-04-27 14:50:00,443.65,443.65,443.65,443.65,54
2026-04-27 14:55:00,443.65,443.65,443.65,443.65,40
2026-04-27 15:00:00,443.65,443.65,443.65,443.65,5499
2026-04-27 15:05:00,443.65,443.65,443.65,443.65,59
2026-04-27 15:10:00,443.65,443.65,443.65,443.65,234
2026-04-27 15:15:00,443.65,443.65,443.65,443.65,2806
2026-04-27 15:20:00,443.65,443.65,443.65,443.65,1303
2026-04-27 15:25:00,443.65,443.65,443.65,443.65,417
2026-04-28 09:15:00,446.95,452.0,445.0,447.4,122901
2026-04-28 09:20:00,447.5,447.75,443.65,444.7,33025
2026-04-28 09:25:00,444.7,447.4,444.05,445.6,30332
2026-04-28 09:30:00,446.0,446.65,440.05,441.45,17495
2026-04-28 09:35:00,441.0,443.95,440.55,442.3,16393
2026-04-28 09:40:00,442.75,442.8,437.05,437.85,25388
2026-04-28 09:45:00,437.95,442.55,437.85,441.5,15568
2026-04-28 09:50:00,441.8,442.45,440.25,440.25,8045
2026-04-28 09:55:00,440.25,440.85,438.5,438.5,5760
2026-04-28 10:00:00,438.5,443.8,438.35,443.35,12517
2026-04-28 10:05:00,443.35,446.7,442.05,446.6,25925
2026-04-28 10:10:00,446.3,446.3,442.4,442.45,8349
2026-04-28 10:15:00,441.95,442.55,440.65,441.1,10346
2026-04-28 10:20:00,441.1,442.2,440.3,441.7,4809
2026-04-28 10:25:00,441.7,442.9,441.7,441.95,3013
2026-04-28 10:30:00,441.95,443.4,441.95,442.65,5588
2026-04-28 10:35:00,442.65,442.65,441.7,442.0,685
2026-04-28 10:40:00,442.0,442.0,438.0,439.8,15063
2026-04-28 10:45:00,439.8,439.8,438.8,439.4,2412
2026-04-28 10:50:00,439.4,439.95,438.0,438.0,8768
2026-04-28 10:55:00,438.05,439.45,438.05,439.4,1818
2026-04-28 11:00:00,439.4,439.95,438.05,439.1,4848
2026-04-28 11:05:00,439.55,440.0,439.45,439.75,2175
2026-04-28 11:10:00,439.75,440.0,438.45,439.55,3815
2026-04-28 11:15:00,439.55,439.9,439.0,439.8,2072
2026-04-28 11:20:00,439.3,439.7,438.15,438.75,1758
2026-04-28 11:25:00,438.75,438.75,437.05,437.05,3293
2026-04-28 11:30:00,437.45,437.5,437.0,437.25,2053
2026-04-28 11:35:00,437.25,437.25,435.4,437.0,9263
2026-04-28 11:40:00,437.0,437.0,435.55,436.5,777
2026-04-28 11:45:00,436.85,437.1,436.05,436.2,736
2026-04-28 11:50:00,436.2,437.35,436.2,436.75,1584
2026-04-28 11:55:00,436.75,437.1,433.9,434.4,7217
2026-04-28 12:00:00,434.4,435.3,434.4,434.8,2859
2026-04-28 12:05:00,434.8,435.05,434.0,434.1,2436
2026-04-28 12:10:00,434.5,435.0,434.0,434.4,10721
2026-04-28 12:15:00,434.8,434.8,433.15,434.0,5748
2026-04-28 12:20:00,434.0,434.0,433.15,433.15,1461
2026-04-28 12:25:00,433.2,437.45,433.2,436.3,8334
2026-04-28 12:30:00,436.3,436.3,434.1,435.1,815
2026-04-28 12:35:00,435.1,435.6,434.8,435.45,1387
2026-04-28 12:40:00,435.55,436.7,435.15,436.1,1205
2026-04-28 12:45:00,436.7,439.3,436.5,439.3,4200
2026-04-28 12:50:00,439.3,439.4,438.0,438.0,2476
2026-04-28 12:55:00,438.0,438.95,437.6,438.5,2154
2026-04-28 13:00:00,438.5,439.45,437.9,438.45,1526
2026-04-28 13:05:00,438.45,438.55,437.7,438.2,3162
2026-04-28 13:10:00,438.2,439.6,438.2,438.2,1149
2026-04-28 13:15:00,438.2,440.45,438.2,439.9,11681
2026-04-28 13:20:00,439.9,441.75,439.9,440.8,6413
2026-04-28 13:25:00,440.8,448.0,437.9,446.95,46541
2026-04-28 13:30:00,446.8,449.55,446.3,447.05,17406
2026-04-28 13:35:00,447.05,447.05,443.25,444.35,6796
2026-04-28 13:40:00,444.8,446.75,443.8,446.6,11438
2026-04-28 13:45:00,445.85,445.85,443.1,443.1,5093
2026-04-28 13:50:00,443.1,444.65,443.1,443.8,2853
2026-04-28 13:55:00,443.8,444.2,443.4,443.5,1023
2026-04-28 14:00:00,443.5,445.0,441.4,444.0,21552
2026-04-28 14:05:00,444.0,444.0,443.0,443.65,1091
2026-04-28 14:10:00,443.65,443.65,441.0,441.1,3418
2026-04-28 14:15:00,441.0,442.75,440.7,440.75,7399
2026-04-28 14:20:00,441.25,441.8,441.05,441.7,865
2026-04-28 14:25:00,441.7,442.0,440.75,441.45,9631
2026-04-28 14:30:00,441.45,442.0,440.9,441.95,3011
2026-04-28 14:35:00,441.95,442.7,441.4,441.4,4840
2026-04-28 14:40:00,441.0,441.35,440.35,441.1,2472
2026-04-28 14:45:00,441.1,441.5,440.05,441.1,1504
2026-04-28 14:50:00,441.1,444.15,441.1,443.0,3916
2026-04-28 14:55:00,443.0,445.25,443.0,445.0,8172
2026-04-28 15:00:00,444.95,446.6,444.95,445.4,21214
2026-04-28 15:05:00,445.4,445.85,444.65,445.75,3670
2026-04-28 15:10:00,445.75,446.55,444.85,446.15,10288
2026-04-28 15:15:00,446.05,446.7,445.1,446.0,12590
2026-04-28 15:20:00,446.0,446.35,440.9,440.9,26426
2026-04-28 15:25:00,441.45,441.45,439.0,440.0,31602
2026-04-29 09:15:00,442.0,445.5,441.15,442.8,10607
2026-04-29 09:20:00,443.25,444.5,440.65,441.05,9051
2026-04-29 09:25:00,441.05,443.15,440.4,442.45,6485
2026-04-29 09:30:00,442.45,446.6,442.45,444.7,16640
2026-04-29 09:35:00,444.7,445.6,441.5,441.9,8176
2026-04-29 09:40:00,441.85,443.0,441.85,442.15,2305
2026-04-29 09:45:00,442.15,442.65,441.15,441.25,2075
2026-04-29 09:50:00,441.25,441.85,440.2,440.55,7040
2026-04-29 09:55:00,440.6,440.75,439.1,439.5,5183
2026-04-29 10:00:00,440.0,440.95,439.3,440.0,5582
2026-04-29 10:05:00,440.0,440.8,439.0,439.0,2081
2026-04-29 10:10:00,439.05,439.85,439.0,439.8,1024
2026-04-29 10:15:00,439.8,440.05,439.0,439.4,4010
2026-04-29 10:20:00,439.4,440.95,439.2,439.3,2718
2026-04-29 10:25:00,443.45,444.65,442.85,443.6,13966
2026-04-29 10:30:00,443.15,443.15,441.65,441.65,1058
2026-04-29 10:35:00,441.65,442.5,441.35,441.75,808
2026-04-29 10:40:00,441.75,441.75,441.05,441.75,2295
2026-04-29 10:45:00,441.75,441.75,440.05,441.05,2200
2026-04-29 10:50:00,441.05,442.1,441.05,441.9,1191
2026-04-29 10:55:00,441.9,442.9,441.7,442.9,622
2026-04-29 11:00:00,442.9,444.8,442.9,443.3,3766
2026-04-29 11:05:00,443.3,444.5,443.3,444.5,2139
2026-04-29 11:10:00,444.5,445.4,444.4,445.4,912
2026-04-29 11:15:00,445.4,445.4,444.0,444.75,1373
2026-04-29 11:20:00,444.75,445.2,444.45,444.45,1356
2026-04-29 11:25:00,444.45,444.6,443.05,443.4,1459
2026-04-29 11:30:00,443.05,443.35,442.65,443.2,990
2026-04-29 11:35:00,443.2,444.0,442.9,444.0,284
2026-04-29 11:40:00,443.35,443.95,442.95,443.6,1326
2026-04-29 11:45:00,443.6,443.6,443.25,443.45,388
2026-04-29 11:50:00,443.45,444.2,443.3,444.2,720
2026-04-29 11:55:00,444.2,445.25,444.0,444.7,6143
2026-04-29 12:00:00,444.7,445.35,444.7,444.75,376
2026-04-29 12:05:00,444.75,444.75,443.3,443.45,856
2026-04-29 12:10:00,443.4,444.15,443.4,444.1,1228
2026-04-29 12:15:00,444.1,444.1,443.05,443.45,1885
2026-04-29 12:20:00,443.9,444.95,443.75,444.35,5780
2026-04-29 12:25:00,444.35,444.75,444.05,444.65,371
2026-04-29 12:30:00,444.65,444.65,443.8,444.3,861
2026-04-29 12:35:00,444.3,444.5,444.0,444.5,348
2026-04-29 12:40:00,444.5,446.55,444.5,446.55,11308
2026-04-29 12:45:00,446.55,446.9,445.05,445.05,1184
2026-04-29 12:50:00,445.05,445.95,444.6,445.95,436
2026-04-29 12:55:00,445.95,446.9,445.0,446.0,2964
2026-04-29 13:00:00,446.0,448.4,446.0,448.0,13535
2026-04-29 13:05:00,448.35,455.0,448.35,451.45,45502
2026-04-29 13:10:00,451.45,452.4,450.0,450.05,7477
2026-04-29 13:15:00,450.05,450.05,448.3,448.55,4128
2026-04-29 13:20:00,448.55,448.55,447.15,448.45,776
2026-04-29 13:25:00,448.45,449.6,448.1,448.1,3554
2026-04-29 13:30:00,448.1,448.35,446.2,446.3,1638
2026-04-29 13:35:00,446.3,449.15,446.3,447.1,6812
2026-04-29 13:40:00,447.1,447.1,445.7,446.05,1528
2026-04-29 13:45:00,446.05,446.1,445.0,445.05,2714
2026-04-29 13:50:00,445.05,447.2,444.85,446.0,1868
2026-04-29 13:55:00,446.0,446.5,445.0,445.0,2007
2026-04-29 14:00:00,445.0,445.0,441.65,441.85,5685
2026-04-29 14:05:00,442.0,442.6,441.15,441.65,11082
2026-04-29 14:10:00,441.65,442.65,441.5,442.65,1362
2026-04-29 14:15:00,442.65,445.0,441.75,444.0,12718
2026-04-29 14:20:00,444.0,444.15,442.9,444.15,1076
2026-04-29 14:25:00,444.15,444.65,443.15,444.05,3349
2026-04-29 14:30:00,444.05,444.6,443.2,443.95,1880
2026-04-29 14:35:00,443.95,445.05,443.95,445.05,1351
2026-04-29 14:40:00,445.05,447.6,445.05,446.2,2415
2026-04-29 14:45:00,446.2,446.2,445.0,445.05,5853
2026-04-29 14:50:00,445.05,445.5,444.45,445.4,1593
2026-04-29 14:55:00,445.4,445.45,444.95,445.05,1067
2026-04-29 15:00:00,445.6,447.8,444.85,445.95,22100
2026-04-29 15:05:00,445.3,447.55,444.2,446.85,8088
2026-04-29 15:10:00,446.85,447.6,446.0,446.0,4667
2026-04-29 15:15:00,446.05,447.1,445.0,447.1,4852
2026-04-29 15:20:00,446.6,447.0,443.5,444.7,6584
2026-04-29 15:25:00,444.4,446.85,441.15,442.0,17338
2026-04-30 09:15:00,447.0,447.0,440.6,442.0,15084
2026-04-30 09:20:00,442.0,442.3,438.3,439.7,8953
2026-04-30 09:25:00,439.7,443.2,438.85,443.1,4759
2026-04-30 09:30:00,442.3,447.1,441.2,446.95,12679
2026-04-30 09:35:00,447.0,447.55,442.6,443.1,3343
2026-04-30 09:40:00,443.1,445.65,442.4,445.65,7638
2026-04-30 09:45:00,445.65,451.7,445.5,450.5,22282
2026-04-30 09:50:00,450.5,451.0,448.2,448.2,3857
2026-04-30 09:55:00,448.2,448.45,447.0,447.0,2962
2026-04-30 10:00:00,447.0,447.05,445.0,445.0,1790
2026-04-30 10:05:00,445.0,445.0,442.8,442.85,2814
2026-04-30 10:10:00,442.85,442.85,440.4,441.0,4068
2026-04-30 10:15:00,441.4,441.45,440.0,440.25,2870
2026-04-30 10:20:00,440.25,441.1,439.0,439.55,2240
2026-04-30 10:25:00,439.55,440.0,438.3,439.0,3444
2026-04-30 10:30:00,439.55,440.7,439.55,439.9,2627
2026-04-30 10:35:00,439.85,441.8,439.0,441.2,1623
2026-04-30 10:40:00,441.2,444.0,441.2,443.95,5089
2026-04-30 10:45:00,443.95,444.6,443.2,443.7,4654
2026-04-30 10:50:00,443.7,443.95,442.45,442.95,3990
2026-04-30 10:55:00,442.95,444.25,441.0,443.75,6275
2026-04-30 11:00:00,443.75,444.9,443.75,444.1,314
2026-04-30 11:05:00,444.1,445.95,443.35,445.4,3751
2026-04-30 11:10:00,445.4,445.95,444.85,444.85,1062
2026-04-30 11:15:00,444.85,446.0,444.1,445.0,1324
2026-04-30 11:20:00,445.0,445.1,443.8,444.95,1086
2026-04-30 11:25:00,444.95,446.4,444.05,446.4,1006
2026-04-30 11:30:00,446.4,447.75,445.55,447.3,1589
2026-04-30 11:35:00,447.3,448.0,447.0,447.0,1919
2026-04-30 11:40:00,447.0,447.0,445.45,446.7,3995
2026-04-30 11:45:00,446.7,446.95,446.35,446.9,256
2026-04-30 11:50:00,446.95,447.0,445.4,445.4,1182
2026-04-30 11:55:00,445.4,446.8,445.4,446.75,1385
2026-04-30 12:00:00,446.75,446.75,445.65,446.7,1095
2026-04-30 12:05:00,446.7,447.0,446.65,447.0,2802
2026-04-30 12:10:00,447.0,447.0,446.55,447.0,7505
2026-04-30 12:15:00,447.0,449.0,447.0,447.9,15757
2026-04-30 12:20:00,447.9,448.2,447.2,447.9,1678
2026-04-30 12:25:00,447.9,449.0,447.15,447.95,2701
2026-04-30 12:30:00,447.95,447.95,444.95,444.95,4752
2026-04-30 12:35:00,444.95,445.55,443.95,445.55,1302
2026-04-30 12:40:00,445.1,446.0,445.1,446.0,815
2026-04-30 12:45:00,446.0,447.15,446.0,446.0,1351
2026-04-30 12:50:00,446.0,447.3,446.0,447.3,1236
2026-04-30 12:55:00,447.3,447.35,446.4,447.0,642
2026-04-30 13:00:00,447.0,447.6,446.5,447.6,925
2026-04-30 13:05:00,447.25,447.45,446.4,447.45,796
2026-04-30 13:10:00,447.5,447.75,446.9,447.55,684
2026-04-30 13:15:00,447.55,447.75,446.0,446.0,1481
2026-04-30 13:20:00,446.0,446.0,445.5,445.65,920
2026-04-30 13:25:00,445.65,446.7,445.45,446.25,515
2026-04-30 13:30:00,446.25,446.7,446.0,446.25,640
2026-04-30 13:35:00,446.25,447.85,446.25,447.85,3093
2026-04-30 13:40:00,447.85,448.0,447.1,448.0,2685
2026-04-30 13:45:00,448.4,449.95,448.25,449.5,7093
2026-04-30 13:50:00,449.5,449.9,449.0,449.25,7158
2026-04-30 13:55:00,449.25,452.2,449.25,452.2,9554
2026-04-30 14:00:00,452.0,452.65,450.65,450.65,10226
2026-04-30 14:05:00,450.65,450.9,448.85,448.85,1781
2026-04-30 14:10:00,448.85,449.15,447.6,447.6,3322
2026-04-30 14:15:00,447.6,448.2,446.1,446.45,2756
2026-04-30 14:20:00,446.45,446.45,444.95,446.0,5168
2026-04-30 14:25:00,446.0,446.5,445.0,446.5,527
2026-04-30 14:30:00,446.45,447.5,446.45,447.5,1193
2026-04-30 14:35:00,447.5,449.7,447.45,448.6,5085
2026-04-30 14:40:00,448.6,448.6,447.1,448.05,2771
2026-04-30 14:45:00,448.05,448.6,447.65,447.65,1815
2026-04-30 14:50:00,447.65,447.65,446.85,447.6,269
2026-04-30 14:55:00,447.6,449.75,447.55,449.75,3377
2026-04-30 15:00:00,449.05,449.2,446.2,447.65,2951
2026-04-30 15:05:00,447.6,447.6,445.75,446.05,1495
2026-04-30 15:10:00,446.05,446.8,445.2,445.95,1879
2026-04-30 15:15:00,445.9,447.0,443.05,444.6,9572
2026-04-30 15:20:00,444.6,444.6,443.25,443.55,5045
2026-04-30 15:25:00,443.55,445.0,441.2,441.2,18032
2026-05-04 09:15:00,445.0,462.4,445.0,460.4,49830
2026-05-04 09:20:00,460.4,466.4,459.1,461.95,32341
2026-05-04 09:25:00,461.95,466.3,460.35,463.7,25285
2026-05-04 09:30:00,464.6,464.6,460.6,462.3,23579
2026-05-04 09:35:00,462.3,462.3,457.85,458.35,11919
2026-05-04 09:40:00,458.0,459.8,457.45,459.8,5797
2026-05-04 09:45:00,459.45,463.65,454.6,454.9,26574
2026-05-04 09:50:00,454.8,458.45,453.05,458.45,6169
2026-05-04 09:55:00,458.85,462.3,458.05,462.2,14544
2026-05-04 10:00:00,461.3,465.25,460.05,464.0,13505
2026-05-04 10:05:00,464.0,466.0,463.55,463.55,12751
2026-05-04 10:10:00,463.95,464.0,459.5,459.75,12856
2026-05-04 10:15:00,459.75,462.1,459.5,462.0,3932
2026-05-04 10:20:00,462.0,462.75,458.0,458.5,8837
2026-05-04 10:25:00,458.5,460.0,458.5,460.0,3298
2026-05-04 10:30:00,459.75,465.95,459.75,465.0,14893
2026-05-04 10:35:00,464.8,465.5,463.8,464.65,2680
2026-05-04 10:40:00,464.65,466.0,464.35,465.65,5569
2026-05-04 10:45:00,465.65,470.65,464.7,470.65,24445
2026-05-04 10:50:00,470.65,471.8,468.6,470.0,24584
2026-05-04 10:55:00,469.35,474.0,469.1,471.9,21435
2026-05-04 11:00:00,472.3,474.4,471.65,474.0,15769
2026-05-04 11:05:00,474.0,482.5,473.5,479.85,86270
2026-05-04 11:10:00,479.7,481.0,474.0,474.9,47294
2026-05-04 11:15:00,474.9,476.5,474.85,475.0,10100
2026-05-04 11:20:00,475.4,475.4,472.0,473.8,18705
2026-05-04 11:25:00,473.8,475.0,471.0,474.4,24321
2026-05-04 11:30:00,474.15,475.1,473.4,473.55,6530
2026-05-04 11:35:00,473.0,473.9,471.55,472.95,7610
2026-05-04 11:40:00,472.95,473.35,471.4,472.95,4574
2026-05-04 11:45:00,472.5,475.0,472.2,473.9,5073
2026-05-04 11:50:00,473.9,474.6,473.05,473.1,2726
2026-05-04 11:55:00,473.1,474.95,472.05,474.85,7354
2026-05-04 12:00:00,475.0,475.35,473.9,474.8,4739
2026-05-04 12:05:00,474.75,474.75,473.75,473.75,3206
2026-05-04 12:10:00,473.75,473.75,472.0,472.35,2692
2026-05-04 12:15:00,472.35,472.7,471.05,471.05,6016
2026-05-04 12:20:00,471.4,472.25,471.2,471.3,4074
2026-05-04 12:25:00,471.25,473.2,471.15,472.95,4666
2026-05-04 12:30:00,472.95,472.95,472.05,472.55,1105
2026-05-04 12:35:00,472.8,472.8,471.0,472.05,8841
2026-05-04 12:40:00,472.05,472.7,468.9,470.0,13347
2026-05-04 12:45:00,470.0,470.0,466.95,468.35,6594
2026-05-04 12:50:00,467.8,470.6,467.3,469.8,6957
2026-05-04 12:55:00,469.8,471.8,469.8,470.7,4882
2026-05-04 13:00:00,470.7,471.75,470.2,471.15,1974
2026-05-04 13:05:00,471.15,471.8,470.55,471.8,1777
2026-05-04 13:10:00,471.8,473.75,470.55,471.55,6028
2026-05-04 13:15:00,471.55,472.0,471.05,471.4,1261
2026-05-04 13:20:00,471.4,473.8,470.45,472.7,4590
2026-05-04 13:25:00,472.7,473.5,472.0,472.1,2860
2026-05-04 13:30:00,471.8,473.5,471.35,472.1,2689
2026-05-04 13:35:00,472.1,472.5,471.65,472.1,14166
2026-05-04 13:40:00,472.0,476.8,471.2,476.0,27973
2026-05-04 13:45:00,476.0,476.5,475.0,475.05,4812
2026-05-04 13:50:00,475.05,475.95,474.8,475.0,2954
2026-05-04 13:55:00,475.0,475.6,474.9,475.2,2343
2026-05-04 14:00:00,475.2,475.85,474.75,475.0,4615
2026-05-04 14:05:00,475.0,475.55,475.0,475.25,1542
2026-05-04 14:10:00,475.25,478.2,475.25,477.95,10025
2026-05-04 14:15:00,478.05,478.2,476.25,476.55,1793
2026-05-04 14:20:00,477.0,477.0,476.15,476.7,2800
2026-05-04 14:25:00,476.6,477.0,476.4,477.0,4375
2026-05-04 14:30:00,477.0,477.0,476.1,476.7,3679
2026-05-04 14:35:00,476.7,476.7,475.0,475.55,4546
2026-05-04 14:40:00,475.55,476.0,475.0,475.5,5311
2026-05-04 14:45:00,475.5,477.0,475.05,475.75,2537
2026-05-04 14:50:00,475.75,476.5,475.0,475.45,9735
2026-05-04 14:55:00,475.0,476.0,475.0,475.45,6424
2026-05-04 15:00:00,476.0,476.45,475.0,476.45,8251
2026-05-04 15:05:00,476.45,476.9,475.85,476.9,1677
2026-05-04 15:10:00,476.9,477.0,475.6,476.4,5217
2026-05-04 15:15:00,476.4,476.5,475.45,475.95,4044
2026-05-04 15:20:00,475.95,476.5,475.05,475.85,13602
2026-05-04 15:25:00,475.85,477.0,475.0,477.0,25733
2026-05-05 09:15:00,476.1,479.7,472.55,475.6,19037
2026-05-05 09:20:00,475.25,478.7,473.25,478.45,7365
2026-05-05 09:25:00,478.8,481.2,477.75,479.05,14348
2026-05-05 09:30:00,479.05,482.0,479.05,479.4,7516
2026-05-05 09:35:00,479.4,480.8,478.35,480.1,9964
2026-05-05 09:40:00,480.4,483.5,479.05,483.05,7452
2026-05-05 09:45:00,483.1,484.4,482.0,482.95,35870
2026-05-05 09:50:00,482.95,484.4,482.0,484.2,12045
2026-05-05 09:55:00,484.5,485.0,481.55,482.0,28934
2026-05-05 10:00:00,482.0,489.8,481.5,487.4,55627
2026-05-05 10:05:00,487.15,487.4,485.0,485.4,11799
2026-05-05 10:10:00,485.3,487.4,485.1,486.05,11213
2026-05-05 10:15:00,486.05,488.0,485.05,487.65,8654
2026-05-05 10:20:00,487.65,490.0,486.7,490.0,29425
2026-05-05 10:25:00,489.5,490.0,487.05,488.5,14039
2026-05-05 10:30:00,488.5,489.1,488.1,488.3,11561
2026-05-05 10:35:00,488.3,488.3,485.6,486.2,12131
2026-05-05 10:40:00,486.0,486.0,484.7,485.4,11894
2026-05-05 10:45:00,484.85,487.6,484.6,486.5,6907
2026-05-05 10:50:00,486.5,488.0,486.05,487.4,2749
2026-05-05 10:55:00,487.4,487.4,484.25,485.25,12293
2026-05-05 11:00:00,485.25,486.9,485.0,486.5,2471
2026-05-05 11:05:00,486.5,486.5,485.15,485.15,6230
2026-05-05 11:10:00,485.75,486.2,485.0,485.15,1646
2026-05-05 11:15:00,485.15,486.15,484.3,484.3,1455
2026-05-05 11:20:00,484.2,485.1,483.5,484.5,3765
2026-05-05 11:25:00,484.5,485.1,483.75,483.75,3663
2026-05-05 11:30:00,483.75,485.05,483.6,485.0,1452
2026-05-05 11:35:00,485.0,485.5,484.6,484.8,1662
2026-05-05 11:40:00,484.8,485.15,484.15,484.5,2166
2026-05-05 11:45:00,484.5,484.75,483.4,483.4,2958
2026-05-05 11:50:00,483.4,483.8,482.7,483.6,3036
2026-05-05 11:55:00,483.6,483.6,481.15,481.65,3972
2026-05-05 12:00:00,481.65,483.25,481.4,482.65,5578
2026-05-05 12:05:00,482.65,482.95,482.1,482.15,2492
2026-05-05 12:10:00,482.15,484.45,482.15,483.75,2515
2026-05-05 12:15:00,483.75,484.9,482.6,484.9,6191
2026-05-05 12:20:00,484.9,485.5,483.75,484.05,1167
2026-05-05 12:25:00,484.15,485.0,484.0,484.9,1951
2026-05-05 12:30:00,484.9,487.45,484.2,486.15,12850
2026-05-05 12:35:00,486.15,487.35,486.15,487.25,2791
2026-05-05 12:40:00,486.8,487.4,486.6,486.6,2410
2026-05-05 12:45:00,486.6,487.1,486.45,486.55,330
2026-05-05 12:50:00,486.55,486.9,486.5,486.5,125
2026-05-05 12:55:00,486.5,486.85,486.15,486.3,1180
2026-05-05 13:00:00,486.3,488.3,486.3,487.05,14770
2026-05-05 13:05:00,487.05,487.95,487.05,487.25,3059
2026-05-05 13:10:00,487.25,487.75,486.55,487.0,2214
2026-05-05 13:15:00,487.0,487.05,486.15,486.15,8524
2026-05-05 13:20:00,486.15,486.35,485.2,485.25,1760
2026-05-05 13:25:00,485.25,485.75,485.0,485.0,3137
2026-05-05 13:30:00,485.0,488.9,484.3,488.2,17748
2026-05-05 13:35:00,488.2,489.0,488.1,488.1,2523
2026-05-05 13:40:00,488.1,489.0,488.1,488.65,3181
2026-05-05 13:45:00,488.65,489.5,488.35,489.5,2635
2026-05-05 13:50:00,489.45,490.55,489.05,490.0,7078
2026-05-05 13:55:00,490.0,490.0,489.0,489.9,7612
2026-05-05 14:00:00,489.4,491.0,489.35,490.0,7628
2026-05-05 14:05:00,489.55,490.45,489.35,490.1,4543
2026-05-05 14:10:00,489.55,490.15,489.4,489.55,1563
2026-05-05 14:15:00,490.0,490.4,489.75,490.0,4462
2026-05-05 14:20:00,490.0,490.5,489.55,490.0,2263
2026-05-05 14:25:00,490.0,490.0,489.5,490.0,638
2026-05-05 14:30:00,490.0,490.1,489.35,489.9,3231
2026-05-05 14:35:00,489.9,490.0,488.7,488.95,6537
2026-05-05 14:40:00,488.95,491.6,488.95,491.2,10155
2026-05-05 14:45:00,491.2,491.55,490.05,491.0,7939
2026-05-05 14:50:00,490.4,492.5,490.4,492.5,8064
2026-05-05 14:55:00,492.5,493.75,492.5,493.25,9627
2026-05-05 15:00:00,493.3,493.6,490.45,490.95,13931
2026-05-05 15:05:00,491.0,491.0,490.0,490.95,11651
2026-05-05 15:10:00,491.0,491.0,490.4,491.0,2909
2026-05-05 15:15:00,491.0,491.45,490.0,490.6,13895
2026-05-05 15:20:00,490.65,490.65,489.15,489.8,18692
2026-05-05 15:25:00,489.45,491.0,488.4,491.0,9310
2026-05-06 09:15:00,494.45,497.95,488.9,492.65,52345
2026-05-06 09:20:00,491.7,492.2,486.85,487.5,11007
2026-05-06 09:25:00,487.45,488.8,486.6,488.8,7645
2026-05-06 09:30:00,489.0,489.9,487.5,489.55,6982
2026-05-06 09:35:00,490.0,490.0,485.45,485.45,6661
2026-05-06 09:40:00,485.45,486.35,485.25,485.55,5145
2026-05-06 09:45:00,485.55,489.0,485.5,488.75,10002
2026-05-06 09:50:00,488.8,489.0,486.85,487.15,6591
2026-05-06 09:55:00,487.2,487.8,486.6,486.6,2894
2026-05-06 10:00:00,486.6,488.85,482.1,482.1,33953
2026-05-06 10:05:00,482.1,484.0,481.85,482.7,11037
2026-05-06 10:10:00,482.7,485.75,482.7,485.75,12162
2026-05-06 10:15:00,485.75,485.75,484.35,485.0,1699
2026-05-06 10:20:00,484.8,486.25,484.8,485.75,1055
2026-05-06 10:25:00,485.75,486.95,485.2,485.9,2235
2026-05-06 10:30:00,485.9,486.95,485.9,486.45,959
2026-05-06 10:35:00,486.45,487.05,486.25,486.75,698
2026-05-06 10:40:00,486.75,488.25,486.75,488.2,340
2026-05-06 10:45:00,488.2,488.2,486.75,487.6,1379
2026-05-06 10:50:00,487.6,487.8,486.9,487.4,1363
2026-05-06 10:55:00,487.4,487.4,485.0,485.0,9658
2026-05-06 11:00:00,485.7,486.2,485.0,485.6,3308
2026-05-06 11:05:00,485.6,487.0,485.55,487.0,8580
2026-05-06 11:10:00,487.0,487.0,486.25,486.45,231
2026-05-06 11:15:00,486.45,486.5,485.9,486.5,377
2026-05-06 11:20:00,486.5,487.0,485.9,487.0,13916
2026-05-06 11:25:00,487.0,487.0,486.0,487.0,13229
2026-05-06 11:30:00,487.0,487.0,486.0,486.0,2215
2026-05-06 11:35:00,486.0,486.5,485.3,485.35,1945
2026-05-06 11:40:00,485.35,485.7,485.0,485.25,2761
2026-05-06 11:45:00,485.75,487.0,485.65,485.7,1319
2026-05-06 11:50:00,485.7,486.65,485.7,485.9,1092
2026-05-06 11:55:00,485.9,486.5,485.9,486.0,1095
2026-05-06 12:00:00,486.0,486.35,485.7,485.75,768
2026-05-06 12:05:00,485.75,485.95,485.0,485.0,2390
2026-05-06 12:10:00,485.0,485.4,485.0,485.0,1596
2026-05-06 12:15:00,485.0,485.0,484.0,484.15,5871
2026-05-06 12:20:00,484.15,484.6,483.2,483.25,1630
2026-05-06 12:25:00,483.25,483.8,483.1,483.4,846
2026-05-06 12:30:00,483.4,484.05,483.4,484.05,2813
2026-05-06 12:35:00,484.05,484.2,483.5,483.8,2164
2026-05-06 12:40:00,483.8,483.8,480.1,480.2,16209
2026-05-06 12:45:00,480.2,484.7,480.2,484.55,10468
2026-05-06 12:50:00,484.55,484.55,483.4,484.0,7846
2026-05-06 12:55:00,484.0,484.05,483.7,484.05,197
2026-05-06 13:00:00,484.05,484.15,483.5,483.5,278
2026-05-06 13:05:00,483.5,484.2,483.25,484.2,948
2026-05-06 13:10:00,484.0,484.0,483.25,483.5,1256
2026-05-06 13:15:00,483.5,486.7,483.5,486.4,7327
2026-05-06 13:20:00,486.35,487.0,485.5,486.0,1515
2026-05-06 13:25:00,486.0,486.0,485.0,485.45,529
2026-05-06 13:30:00,485.45,485.45,484.45,484.45,1409
2026-05-06 13:35:00,484.45,484.6,483.5,483.9,648
2026-05-06 13:40:00,483.9,484.0,482.1,483.5,3319
2026-05-06 13:45:00,483.5,483.85,482.7,483.3,606
2026-05-06 13:50:00,483.3,484.0,482.85,483.55,1697
2026-05-06 13:55:00,483.6,483.9,483.3,483.9,458
2026-05-06 14:00:00,483.9,483.9,482.45,482.45,1549
2026-05-06 14:05:00,482.45,483.05,482.4,483.0,10089
2026-05-06 14:10:00,483.0,483.4,482.75,482.75,1456
2026-05-06 14:15:00,482.75,482.75,481.7,481.7,924
2026-05-06 14:20:00,481.7,484.4,481.7,484.1,1315
2026-05-06 14:25:00,484.45,484.75,483.75,484.5,3056
2026-05-06 14:30:00,484.5,485.8,484.0,485.8,5583
2026-05-06 14:35:00,485.8,485.9,484.8,484.8,1249
2026-05-06 14:40:00,484.8,486.3,484.8,486.0,1608
2026-05-06 14:45:00,486.0,487.0,486.0,486.9,8241
2026-05-06 14:50:00,486.85,488.5,485.85,488.5,19096
2026-05-06 14:55:00,488.5,488.85,487.15,488.75,5262
2026-05-06 15:00:00,488.7,488.7,487.55,488.0,1128
2026-05-06 15:05:00,488.0,488.5,487.65,487.9,2345
2026-05-06 15:10:00,487.9,488.45,487.0,487.95,5812
2026-05-06 15:15:00,487.95,490.85,486.8,489.15,31483
2026-05-06 15:20:00,489.15,490.0,487.0,489.5,20991
2026-05-06 15:25:00,489.6,491.8,489.0,490.0,17332
2026-05-07 09:15:00,492.0,494.8,492.0,492.55,4294
2026-05-07 09:20:00,492.55,494.4,491.15,493.2,5055
2026-05-07 09:25:00,492.6,492.85,490.3,490.3,14312
2026-05-07 09:30:00,490.3,490.8,487.85,489.2,6341
2026-05-07 09:35:00,489.2,489.2,484.7,485.0,6499
2026-05-07 09:40:00,485.0,488.7,485.0,486.25,6136
2026-05-07 09:45:00,486.1,487.15,485.3,485.5,5760
2026-05-07 09:50:00,484.7,488.65,484.1,488.65,25492
2026-05-07 09:55:00,488.65,494.6,488.15,490.65,30470
2026-05-07 10:00:00,490.65,493.55,490.6,491.6,17400
2026-05-07 10:05:00,491.6,492.45,490.6,492.45,6709
2026-05-07 10:10:00,492.75,493.7,492.6,493.0,4208
2026-05-07 10:15:00,493.0,493.65,491.05,493.65,12420
2026-05-07 10:20:00,493.65,494.75,493.5,493.75,4604
2026-05-07 10:25:00,493.75,494.5,493.15,493.7,1080
2026-05-07 10:30:00,493.7,494.25,493.05,494.25,1636
2026-05-07 10:35:00,494.25,494.25,493.45,493.45,849
2026-05-07 10:40:00,493.45,493.95,493.05,493.4,2409
2026-05-07 10:45:00,493.4,494.3,492.75,493.25,2126
2026-05-07 10:50:00,493.25,493.9,492.05,492.35,830
2026-05-07 10:55:00,492.35,493.0,492.0,492.85,850
2026-05-07 11:00:00,492.85,492.9,491.9,492.6,1189
2026-05-07 11:05:00,492.6,492.6,491.5,491.9,675
2026-05-07 11:10:00,492.1,492.2,490.05,490.2,3650
2026-05-07 11:15:00,490.25,491.15,490.25,491.05,1202
2026-05-07 11:20:00,491.05,491.1,489.6,490.15,1531
2026-05-07 11:25:00,490.15,490.25,488.6,488.6,8117
2026-05-07 11:30:00,488.6,496.8,488.6,496.8,20855
2026-05-07 11:35:00,497.1,497.9,494.85,495.9,9832
2026-05-07 11:40:00,495.9,495.9,492.4,492.4,1519
2026-05-07 11:45:00,492.15,493.55,491.5,492.15,13985
2026-05-07 11:50:00,492.2,492.7,489.0,489.0,7440
2026-05-07 11:55:00,489.0,490.0,488.7,489.5,15502
2026-05-07 12:00:00,490.0,490.0,489.1,489.25,1466
2026-05-07 12:05:00,489.25,490.0,488.7,489.75,2536
2026-05-07 12:10:00,489.75,489.75,487.8,488.3,2148
2026-05-07 12:15:00,488.3,489.55,487.7,488.8,2946
2026-05-07 12:20:00,488.75,489.4,488.5,489.0,369
2026-05-07 12:25:00,489.0,489.4,488.35,489.2,1729
2026-05-07 12:30:00,489.2,489.2,488.45,488.55,92
2026-05-07 12:35:00,488.55,490.25,488.5,490.05,2607
2026-05-07 12:40:00,490.15,490.2,488.85,490.0,3975
2026-05-07 12:45:00,490.0,490.0,489.6,489.9,2090
2026-05-07 12:50:00,489.9,490.0,489.3,489.95,314
2026-05-07 12:55:00,489.95,489.95,488.55,488.8,1699
2026-05-07 13:00:00,488.8,490.0,488.55,490.0,29873
2026-05-07 13:05:00,490.0,491.05,489.35,489.4,19155
2026-05-07 13:10:00,489.4,491.0,489.4,489.6,1834
2026-05-07 13:15:00,489.6,490.0,488.4,488.65,2725
2026-05-07 13:20:00,488.65,492.15,488.65,490.8,5936
2026-05-07 13:25:00,490.85,491.85,490.85,491.25,1167
2026-05-07 13:30:00,491.25,491.9,490.7,490.7,2546
2026-05-07 13:35:00,490.7,491.0,490.25,490.25,1300
2026-05-07 13:40:00,490.25,492.0,490.25,492.0,4240
2026-05-07 13:45:00,492.0,492.3,491.1,491.4,2431
2026-05-07 13:50:00,491.45,491.95,491.3,491.65,1111
2026-05-07 13:55:00,491.65,493.75,491.65,492.0,2949
2026-05-07 14:00:00,492.15,492.4,491.6,491.75,1236
2026-05-07 14:05:00,491.75,492.8,491.75,492.5,1677
2026-05-07 14:10:00,492.55,493.2,491.5,491.7,3059
2026-05-07 14:15:00,491.7,492.45,491.5,491.5,4290
2026-05-07 14:20:00,491.5,492.4,491.45,491.55,1503
2026-05-07 14:25:00,491.55,492.7,491.15,491.95,2356
2026-05-07 14:30:00,491.7,492.2,491.35,491.65,1699
2026-05-07 14:35:00,491.65,491.7,491.3,491.45,1286
2026-05-07 14:40:00,491.45,492.4,491.3,491.8,2205
2026-05-07 14:45:00,491.25,492.05,491.15,491.2,2188
2026-05-07 14:50:00,491.6,491.75,490.8,491.3,2014
2026-05-07 14:55:00,490.85,491.8,490.75,491.1,2543
2026-05-07 15:00:00,491.55,492.25,490.1,490.3,3353
2026-05-07 15:05:00,490.25,490.9,490.0,490.9,2752
2026-05-07 15:10:00,490.4,491.3,490.4,491.1,2751
2026-05-07 15:15:00,491.3,491.3,490.0,490.1,9485
2026-05-07 15:20:00,490.1,490.75,487.6,490.0,24816
2026-05-07 15:25:00,490.3,492.5,490.0,492.5,8819
2026-05-08 09:15:00,490.35,494.0,489.55,491.0,6211
2026-05-08 09:20:00,491.05,493.7,490.0,492.7,6092
2026-05-08 09:25:00,493.3,495.2,493.0,494.9,6357
2026-05-08 09:30:00,494.9,494.9,493.0,493.55,2358
2026-05-08 09:35:00,493.8,493.9,491.0,491.0,4025
2026-05-08 09:40:00,491.0,491.7,490.7,491.1,1857
2026-05-08 09:45:00,491.0,492.65,489.8,491.95,9484
2026-05-08 09:50:00,491.95,493.4,491.95,492.5,1411
2026-05-08 09:55:00,492.5,492.5,490.75,491.9,4084
2026-05-08 10:00:00,491.9,494.45,491.4,494.1,4029
2026-05-08 10:05:00,494.1,494.7,493.35,493.75,877
2026-05-08 10:10:00,493.75,494.4,493.0,494.0,2035
2026-05-08 10:15:00,494.0,494.6,493.05,494.0,2601
2026-05-08 10:20:00,493.0,495.0,493.0,494.95,2117
2026-05-08 10:25:00,493.9,496.8,493.9,496.25,8076
2026-05-08 10:30:00,496.85,498.8,496.85,498.7,18097
2026-05-08 10:35:00,498.25,500.0,497.9,498.0,15758
2026-05-08 10:40:00,498.0,498.0,494.7,495.6,14834
2026-05-08 10:45:00,495.6,497.95,495.0,496.85,26329
2026-05-08 10:50:00,496.85,496.9,495.55,496.15,2523
2026-05-08 10:55:00,496.15,496.15,495.0,495.5,4024
2026-05-08 11:00:00,495.5,499.0,495.15,498.6,11054
2026-05-08 11:05:00,498.6,498.6,496.25,497.1,10062
2026-05-08 11:10:00,497.3,498.55,496.95,498.5,4187
2026-05-08 11:15:00,498.55,498.9,497.9,498.3,3192
2026-05-08 11:20:00,498.3,498.5,497.45,498.45,3142
2026-05-08 11:25:00,498.45,498.55,497.45,497.95,2365
2026-05-08 11:30:00,497.95,498.0,497.2,497.9,2001
2026-05-08 11:35:00,497.9,498.4,497.3,498.3,2247
2026-05-08 11:40:00,498.25,499.9,497.75,499.6,16941
2026-05-08 11:45:00,499.15,499.75,498.75,499.45,1912
2026-05-08 11:50:00,499.45,499.5,498.15,498.8,1808
2026-05-08 11:55:00,498.8,501.0,498.5,500.95,18477
2026-05-08 12:00:00,500.5,500.75,499.15,500.2,7804
2026-05-08 12:05:00,500.2,501.6,499.0,501.0,11829
2026-05-08 12:10:00,501.15,501.15,499.55,500.0,1816
2026-05-08 12:15:00,500.0,500.0,499.05,499.45,2887
2026-05-08 12:20:00,500.0,500.0,498.05,498.9,2803
2026-05-08 12:25:00,498.3,498.85,498.0,498.0,1722
2026-05-08 12:30:00,498.0,498.35,498.0,498.35,411
2026-05-08 12:35:00,498.35,500.25,498.35,499.95,3781
2026-05-08 12:40:00,499.95,500.75,499.4,499.8,2952
2026-05-08 12:45:00,499.7,500.25,497.8,498.2,11469
2026-05-08 12:50:00,498.2,498.45,497.25,498.35,3843
2026-05-08 12:55:00,498.5,499.5,498.0,499.1,1002
2026-05-08 13:00:00,498.75,499.0,495.0,495.4,19630
2026-05-08 13:05:00,495.4,495.8,494.5,495.8,2940
2026-05-08 13:10:00,495.9,495.9,495.05,495.45,1543
2026-05-08 13:15:00,495.45,495.5,494.9,495.3,1929
2026-05-08 13:20:00,495.3,496.05,495.2,495.8,2602
2026-05-08 13:25:00,495.8,495.9,495.35,495.9,432
2026-05-08 13:30:00,495.9,495.9,495.35,495.65,858
2026-05-08 13:35:00,495.65,495.65,494.4,494.4,1869
2026-05-08 13:40:00,494.8,495.8,494.75,495.8,2402
2026-05-08 13:45:00,495.35,496.9,495.35,496.9,2274
2026-05-08 13:50:00,496.9,497.15,496.4,497.15,504
2026-05-08 13:55:00,497.15,497.35,495.05,495.55,1109
2026-05-08 14:00:00,495.6,495.65,493.55,493.85,3772
2026-05-08 14:05:00,493.8,494.0,493.35,493.95,1074
2026-05-08 14:10:00,493.95,494.0,493.0,493.4,715
2026-05-08 14:15:00,493.4,494.0,492.0,492.0,2352
2026-05-08 14:20:00,492.7,492.7,491.5,492.0,2747
2026-05-08 14:25:00,492.05,492.6,491.85,492.4,1204
2026-05-08 14:30:00,492.4,493.4,492.3,493.1,2822
2026-05-08 14:35:00,493.25,494.15,493.0,494.1,1859
2026-05-08 14:40:00,494.1,494.15,492.9,493.45,2064
2026-05-08 14:45:00,493.5,493.5,492.8,493.3,1197
2026-05-08 14:50:00,493.3,493.6,492.8,493.15,545
2026-05-08 14:55:00,493.15,493.15,492.0,492.65,799
2026-05-08 15:00:00,492.65,492.65,490.75,491.35,6336
2026-05-08 15:05:00,491.1,491.95,491.05,491.8,1530
2026-05-08 15:10:00,491.9,491.95,490.0,490.3,9121
2026-05-08 15:15:00,491.5,491.5,490.0,490.95,8404
2026-05-08 15:20:00,490.45,490.6,488.45,489.55,8952
2026-05-08 15:25:00,489.4,491.0,489.4,491.0,8899
2026-05-11 09:15:00,485.0,489.85,480.1,480.6,16694
2026-05-11 09:20:00,480.6,483.8,477.25,481.6,23166
2026-05-11 09:25:00,482.2,482.9,480.65,482.2,3268
2026-05-11 09:30:00,482.75,484.0,479.25,481.5,10139
2026-05-11 09:35:00,480.25,480.6,480.05,480.05,1004
2026-05-11 09:40:00,479.3,480.15,477.85,478.45,6413
2026-05-11 09:45:00,476.6,477.0,475.0,476.0,10066
2026-05-11 09:50:00,476.1,477.6,475.0,477.6,12685
2026-05-11 09:55:00,477.4,478.2,476.0,476.3,6110
2026-05-11 10:00:00,476.75,479.3,476.05,478.85,4416
2026-05-11 10:05:00,478.65,481.65,478.2,481.0,8523
2026-05-11 10:10:00,481.25,482.65,481.0,482.35,4284
2026-05-11 10:15:00,482.75,483.0,481.4,481.4,3134
2026-05-11 10:20:00,481.05,482.05,480.6,482.05,3510
2026-05-11 10:25:00,482.0,482.5,480.6,481.0,6947
2026-05-11 10:30:00,481.0,481.5,480.45,480.8,3284
2026-05-11 10:35:00,481.5,481.5,480.05,481.0,2178
2026-05-11 10:40:00,481.1,481.1,480.45,480.7,1186
2026-05-11 10:45:00,480.6,480.85,480.15,480.2,566
2026-05-11 12:50:00,480.4,480.85,480.0,480.85,5771098
2026-05-11 12:55:00,481.1,481.2,480.75,480.95,162
2026-05-11 13:00:00,480.5,480.7,479.25,479.25,7136473
2026-05-11 13:05:00,479.25,479.85,479.05,479.15,9133827
2026-05-11 13:10:00,480.1,480.2,479.0,479.65,8869260
2026-05-11 13:15:00,479.65,479.95,479.35,479.7,7362492
2026-05-11 13:20:00,479.7,479.7,478.8,478.8,7004089
2026-05-11 13:25:00,478.8,479.25,478.3,478.7,8383499
2026-05-11 13:30:00,478.7,479.1,478.25,478.5,7225681
2026-05-11 13:35:00,478.5,479.95,478.5,478.85,12161642
2026-05-11 13:40:00,479.45,480.8,479.05,480.45,8341650
2026-05-11 13:45:00,480.45,480.9,480.45,480.6,9955267
2026-05-11 13:50:00,480.15,481.2,480.0,480.25,7386553
2026-05-11 13:55:00,480.95,480.95,480.15,480.3,167
2026-05-11 14:00:00,479.55,479.55,478.75,478.75,18
2026-05-11 14:05:00,478.7,479.5,478.6,479.4,9255144
2026-05-11 14:10:00,479.4,479.55,478.05,478.65,11954009
2026-05-11 14:15:00,478.65,478.95,478.0,478.8,11198648
2026-05-11 14:20:00,478.8,478.8,478.0,478.75,11267259
2026-05-11 14:25:00,478.75,478.8,478.15,478.15,8212492
2026-05-11 14:30:00,478.15,479.4,478.1,479.4,7212832
2026-05-11 14:35:00,479.0,479.75,477.3,477.3,14255632
2026-05-11 14:40:00,477.0,477.6,477.0,477.0,6574154
2026-05-11 14:45:00,477.0,477.55,477.0,477.5,899
2026-05-11 14:50:00,476.8,477.35,476.1,477.0,16101237
2026-05-11 14:55:00,477.0,477.6,477.0,477.25,10988725
2026-05-11 15:00:00,477.3,477.65,475.0,476.1,26363504
2026-05-11 15:05:00,476.6,476.65,475.0,475.8,24722761
2026-05-11 15:10:00,475.25,475.3,473.75,474.0,20242215
2026-05-11 15:15:00,473.75,474.25,472.2,473.75,25318861
2026-05-11 15:20:00,472.4,475.0,472.4,474.75,26736443
2026-05-11 15:25:00,474.8,477.0,474.05,476.0,26971376
2026-05-12 09:15:00,474.0,475.6,470.0,471.2,320364
2026-05-12 09:20:00,471.15,471.2,465.3,466.3,1209074
2026-05-12 09:25:00,465.7,466.25,461.05,462.0,2319132
2026-05-12 09:30:00,461.9,461.9,459.1,459.7,3792539
2026-05-12 09:35:00,459.7,462.1,459.35,461.4,4440797
2026-05-12 09:40:00,461.35,465.3,461.05,464.45,4143090
2026-05-12 09:45:00,464.45,466.45,463.65,464.1,4896908
2026-05-12 09:50:00,464.1,464.45,463.0,463.65,4294953
2026-05-12 09:55:00,463.65,464.05,462.0,462.0,5877289
2026-05-12 10:00:00,462.0,462.0,460.6,461.05,4270408
2026-05-12 10:05:00,461.05,462.1,460.8,461.6,5008534
2026-05-12 10:10:00,461.6,462.1,459.55,462.1,5183215
2026-05-12 10:15:00,462.7,463.0,461.7,462.95,4465607
2026-05-12 10:20:00,462.95,463.35,461.0,461.75,5056028
2026-05-12 10:25:00,461.75,462.0,460.55,460.6,5129828
2026-05-12 10:30:00,460.6,462.0,460.4,460.75,5140440
2026-05-12 10:35:00,460.75,460.8,458.4,458.4,5987466
2026-05-12 10:40:00,458.4,459.8,458.25,459.2,5749247
2026-05-12 10:45:00,459.2,459.65,458.85,459.25,4477529
2026-05-12 10:50:00,459.25,459.25,458.5,458.55,5114055
2026-05-12 10:55:00,458.55,460.7,458.55,459.6,6198665
2026-05-12 11:00:00,459.6,459.6,458.75,458.95,4407806
2026-05-12 11:05:00,458.5,459.25,457.65,457.65,5422321
2026-05-12 11:10:00,457.65,457.65,456.6,456.9,7719758
2026-05-12 11:15:00,456.9,457.1,455.0,455.8,6970068
2026-05-12 11:20:00,455.35,455.65,454.05,455.0,9029530
2026-05-12 11:25:00,455.0,455.7,455.0,455.65,8686896
2026-05-12 11:30:00,455.65,455.75,455.0,455.0,7445796
2026-05-12 11:35:00,455.0,459.1,454.9,458.85,10601048
2026-05-12 11:40:00,458.85,459.65,458.85,459.5,7299009
2026-05-12 11:45:00,459.5,459.5,458.1,458.55,8623459
2026-05-12 11:50:00,458.55,459.35,458.55,459.05,6199511
2026-05-12 11:55:00,459.05,461.0,459.05,460.5,9268367
2026-05-12 12:00:00,460.25,460.6,459.4,459.85,5875640
2026-05-12 12:05:00,459.85,460.6,457.25,457.9,10496976
2026-05-12 12:10:00,457.9,458.45,456.45,457.4,6948752
2026-05-12 12:15:00,457.4,458.95,457.4,458.95,7426207
2026-05-12 12:20:00,459.3,459.3,456.6,456.95,7305245
2026-05-12 12:25:00,456.95,457.65,456.65,457.65,5725145
2026-05-12 12:30:00,457.65,457.8,455.6,456.15,7231401
2026-05-12 12:35:00,455.6,455.95,454.55,455.7,6737719
2026-05-12 12:50:00,456.45,456.85,455.9,456.0,5903770
2026-05-12 12:55:00,455.9,456.0,455.1,455.7,6258065
2026-05-12 13:00:00,456.2,456.2,455.05,455.85,5837486
2026-05-12 13:05:00,455.85,456.5,455.15,455.15,6352625
2026-05-12 13:10:00,455.0,456.2,454.1,456.2,10597654
2026-05-12 13:15:00,456.2,457.5,455.8,455.8,8429958
2026-05-12 13:20:00,455.8,456.1,455.2,455.35,6596138
2026-05-12 13:25:00,455.55,455.55,454.05,454.4,9125625
2026-05-12 13:30:00,454.4,455.8,454.0,455.0,11490474
2026-05-12 13:35:00,455.0,455.05,452.0,452.05,12852429
2026-05-12 13:40:00,452.4,452.5,451.25,451.25,11204366
2026-05-12 13:45:00,451.25,452.8,450.9,452.8,11232075
2026-05-12 13:50:00,452.8,452.95,451.6,452.4,10431592
2026-05-12 13:55:00,452.4,452.9,452.0,452.25,9798146
2026-05-12 14:00:00,452.0,452.0,450.4,450.7,12088159
2026-05-12 14:05:00,450.7,450.8,449.55,449.85,14336343
2026-05-12 14:10:00,450.0,450.45,449.2,450.4,14319257
2026-05-12 14:15:00,450.4,450.4,448.85,449.2,12594394
2026-05-12 14:20:00,449.0,451.0,449.0,450.6,12484101
2026-05-12 14:25:00,450.6,451.45,450.2,451.4,12549935
2026-05-12 14:30:00,450.7,452.15,449.0,449.1,14940205
2026-05-12 14:35:00,448.0,449.0,447.0,448.0,15176293
2026-05-12 14:40:00,448.0,448.0,446.8,446.8,16998650
2026-05-12 14:45:00,446.5,446.95,445.55,446.7,23457845
2026-05-12 14:50:00,446.7,447.05,445.4,446.9,15487932
2026-05-12 14:55:00,446.9,446.9,444.65,445.0,20181835
2026-05-12 15:00:00,445.0,445.8,442.7,443.5,24800076
2026-05-12 15:05:00,443.7,443.7,442.3,442.85,25565218
2026-05-12 15:10:00,442.6,443.8,442.1,442.35,28792882
2026-05-12 15:15:00,442.35,444.45,442.35,444.45,29807604
2026-05-12 15:20:00,444.75,448.35,444.55,446.75,33298191
2026-05-12 15:25:00,448.0,450.0,446.45,448.9,28166343
2026-05-13 09:15:00,456.5,461.7,453.05,461.7,1160845
2026-05-13 09:20:00,461.7,461.7,456.4,458.15,2420162
2026-05-13 09:25:00,458.35,460.95,456.0,458.95,3307194
2026-05-13 09:30:00,458.95,459.0,456.55,456.55,5579
2026-05-13 09:35:00,456.7,456.95,451.6,453.7,11758
2026-05-13 09:40:00,453.7,456.8,453.0,456.75,6762
2026-05-13 09:45:00,456.75,458.0,453.3,454.0,9255
2026-05-13 09:50:00,452.3,456.5,452.3,456.5,5925
2026-05-13 09:55:00,456.25,456.5,453.0,453.4,2607
2026-05-13 10:00:00,454.0,456.5,453.4,454.0,3624
2026-05-13 10:05:00,454.0,454.25,452.35,452.35,1138
2026-05-13 10:10:00,452.35,453.5,452.35,453.5,2346
2026-05-13 10:15:00,453.5,454.95,452.7,454.95,2602
2026-05-13 10:20:00,454.7,455.4,454.0,454.65,1770
2026-05-13 10:25:00,455.0,455.0,453.95,454.0,454
2026-05-13 10:30:00,454.45,454.45,453.4,453.45,984
2026-05-13 10:35:00,455.45,455.9,453.35,453.35,6568
2026-05-13 10:40:00,454.0,455.0,454.0,455.0,1217
2026-05-13 10:45:00,454.45,454.45,451.1,451.1,5835
2026-05-13 10:50:00,451.1,452.2,450.7,450.7,513
2026-05-13 10:55:00,450.25,450.25,447.9,447.9,6113
2026-05-13 11:00:00,448.25,448.6,447.5,447.8,1876
2026-05-13 11:05:00,447.8,447.8,446.3,446.3,2202
2026-05-13 11:10:00,446.3,446.8,445.1,446.55,3708
2026-05-13 11:15:00,446.6,450.85,446.6,450.85,4146
2026-05-13 11:20:00,451.3,452.1,449.2,451.55,3942
2026-05-13 11:25:00,451.6,451.6,449.05,450.0,1739
2026-05-13 11:30:00,450.0,450.5,449.95,450.0,437
2026-05-13 11:35:00,450.0,451.2,450.0,450.0,2905
2026-05-13 11:40:00,450.0,451.8,450.0,451.8,6846
2026-05-13 11:45:00,452.25,452.4,451.0,451.0,1110
2026-05-13 11:50:00,450.8,451.5,450.2,450.2,405
2026-05-13 11:55:00,451.2,453.15,451.2,452.2,2155
2026-05-13 12:00:00,452.3,452.45,451.9,451.9,107
2026-05-13 12:05:00,452.4,452.4,451.85,452.0,276
2026-05-13 12:10:00,452.5,453.85,452.5,453.85,2041
2026-05-13 12:15:00,453.85,453.85,452.75,453.55,595
2026-05-13 12:20:00,453.0,453.65,451.0,451.15,3256
2026-05-13 12:25:00,451.65,451.7,451.15,451.6,209
2026-05-13 12:30:00,451.7,452.55,451.15,451.15,966
2026-05-13 12:35:00,451.15,451.2,450.2,451.2,2807
2026-05-13 12:40:00,450.0,451.2,449.95,451.2,1390
2026-05-13 12:45:00,451.2,451.2,450.7,451.15,1049
2026-05-13 12:50:00,451.5,452.9,451.5,452.45,426
2026-05-13 12:55:00,452.45,453.0,452.45,452.95,315
2026-05-13 13:00:00,452.9,452.9,451.6,451.6,700
2026-05-13 13:05:00,451.85,451.85,450.0,450.1,5979
2026-05-13 13:10:00,450.55,450.55,449.25,450.55,9235
2026-05-13 13:15:00,450.65,450.65,450.0,450.0,228
2026-05-13 13:20:00,449.2,450.0,449.2,449.4,697
2026-05-13 13:25:00,450.0,450.5,449.6,450.5,603
2026-05-13 13:30:00,450.15,450.5,449.6,450.5,1651
2026-05-13 13:35:00,450.1,452.35,449.85,452.35,7623
2026-05-13 13:40:00,451.4,452.9,451.4,452.9,844
2026-05-13 13:45:00,452.3,453.15,451.4,451.7,1819
2026-05-13 13:50:00,451.7,452.0,451.05,451.05,806
2026-05-13 13:55:00,451.05,451.75,450.05,451.05,6294
2026-05-13 14:00:00,451.05,451.55,450.4,450.4,1635
2026-05-13 14:05:00,451.2,451.8,450.85,451.75,372
2026-05-13 14:10:00,451.75,452.7,451.75,452.7,399
2026-05-13 14:15:00,452.7,452.85,451.85,451.85,4168
2026-05-13 14:20:00,451.75,451.95,450.75,451.15,382
2026-05-13 14:25:00,451.15,451.5,450.6,451.3,1231
2026-05-13 14:30:00,451.3,451.4,451.3,451.4,119
2026-05-13 14:35:00,450.9,451.1,450.4,450.7,280
2026-05-13 14:40:00,450.5,450.5,449.25,449.5,4085
2026-05-13 14:45:00,449.7,450.1,449.3,449.9,829
2026-05-13 14:50:00,449.4,449.95,447.05,447.7,4293
2026-05-13 14:55:00,447.6,447.6,446.1,446.6,818
2026-05-13 15:00:00,446.95,446.95,444.45,445.4,5599
2026-05-13 15:05:00,445.05,445.45,443.5,444.05,2607
2026-05-13 15:10:00,444.55,445.5,443.55,445.5,2130
2026-05-13 15:15:00,445.35,447.55,445.3,447.3,7695
2026-05-13 15:20:00,447.85,447.85,444.45,446.3,6224
2026-05-13 15:25:00,446.0,446.85,444.0,445.45,6063
2026-05-14 09:15:00,449.0,449.0,446.5,449.0,10661
2026-05-14 09:20:00,448.9,449.0,446.6,447.2,13939
2026-05-14 09:25:00,446.8,448.75,446.0,447.7,3587
2026-05-14 09:30:00,446.45,447.45,444.5,445.2,5632
2026-05-14 09:35:00,445.2,446.15,441.9,441.9,3544
2026-05-14 09:40:00,442.15,442.8,440.2,440.85,5166
2026-05-14 09:45:00,440.2,442.6,439.05,441.05,8301
2026-05-14 09:50:00,441.7,442.6,439.8,439.8,3333
2026-05-14 09:55:00,440.0,441.05,439.25,440.05,3470
2026-05-14 10:00:00,440.1,442.4,436.9,437.65,16040
2026-05-14 10:05:00,437.85,438.05,430.5,434.05,20117
2026-05-14 10:10:00,434.05,434.05,432.25,433.5,6749
2026-05-14 10:15:00,433.55,434.0,431.9,434.0,6775
2026-05-14 10:20:00,434.0,434.0,430.6,431.85,5560
2026-05-14 10:25:00,432.05,432.2,430.5,431.3,3623
2026-05-14 10:30:00,431.55,431.55,429.95,431.1,9412
2026-05-14 10:35:00,431.3,431.8,429.85,431.65,8089
2026-05-14 10:40:00,431.0,431.5,429.8,430.65,2744
2026-05-14 10:45:00,429.9,430.55,427.05,427.75,8556
2026-05-14 10:50:00,427.5,428.3,427.25,428.0,4284
2026-05-14 10:55:00,427.95,428.35,426.6,426.65,2489
2026-05-14 11:00:00,426.65,429.0,424.15,427.2,20283
2026-05-14 11:05:00,427.0,427.0,425.0,425.0,1663
2026-05-14 11:10:00,425.5,427.5,425.5,427.0,2017
2026-05-14 11:15:00,427.0,428.45,426.8,427.55,4282
2026-05-14 11:20:00,428.8,432.25,428.4,432.25,2681
2026-05-14 11:25:00,431.95,431.95,429.95,431.7,5519
2026-05-14 11:30:00,431.65,432.15,428.8,432.1,5944
2026-05-14 11:35:00,432.1,432.5,430.4,432.5,5456
2026-05-14 11:40:00,432.7,435.05,431.95,433.9,5539
2026-05-14 11:45:00,434.75,435.8,433.85,434.8,2025
2026-05-14 11:50:00,434.75,436.45,434.75,435.85,2261
2026-05-14 11:55:00,435.9,437.85,435.85,437.6,6177
2026-05-14 12:00:00,437.05,437.45,435.25,435.95,3719
2026-05-14 12:05:00,436.0,437.0,435.7,436.7,1531
2026-05-14 12:10:00,436.9,436.9,435.75,436.75,722
2026-05-14 12:15:00,437.05,437.9,436.8,436.9,3852
2026-05-14 12:20:00,436.85,437.15,436.15,437.15,529
2026-05-14 12:25:00,437.05,437.05,436.0,436.9,1789
2026-05-14 12:30:00,436.55,436.8,436.25,436.25,124
2026-05-14 12:35:00,436.2,436.7,436.1,436.5,790
2026-05-14 12:40:00,436.25,436.55,435.7,436.55,2174
2026-05-14 12:45:00,437.4,437.4,435.35,435.35,1967
2026-05-14 12:50:00,436.05,436.05,434.8,435.0,2154
2026-05-14 12:55:00,436.1,436.6,435.4,435.4,900
2026-05-14 13:00:00,436.1,437.45,435.9,437.35,553
2026-05-14 13:05:00,436.45,437.35,436.45,436.45,296
2026-05-14 13:10:00,436.45,437.05,435.25,437.05,1664
2026-05-14 13:15:00,435.25,436.95,435.05,435.75,1208
2026-05-14 13:20:00,436.0,436.7,435.5,436.5,1184
2026-05-14 13:25:00,435.8,437.3,435.8,437.25,1479
2026-05-14 13:30:00,437.35,437.35,435.95,436.0,4796
2026-05-14 13:35:00,435.8,437.05,435.8,436.95,1220
2026-05-14 13:40:00,435.3,436.9,435.3,436.7,2341
2026-05-14 13:45:00,436.9,437.7,436.3,436.5,830
2026-05-14 13:50:00,436.5,436.5,435.1,435.1,557
2026-05-14 13:55:00,435.85,436.35,435.85,436.35,258
2026-05-14 14:00:00,436.35,436.65,435.9,436.05,872
2026-05-14 14:05:00,436.65,437.35,436.45,436.8,1223
2026-05-14 14:10:00,437.3,437.3,436.3,436.3,409
2026-05-14 14:15:00,436.15,436.4,436.0,436.0,377
2026-05-14 14:20:00,436.0,436.1,435.4,436.05,402
2026-05-14 14:25:00,435.7,437.1,435.7,437.05,707
2026-05-14 14:30:00,435.85,436.95,435.85,436.9,1826
2026-05-14 14:35:00,436.9,437.1,436.4,436.4,1271
2026-05-14 14:40:00,436.95,437.6,436.2,437.6,5616
2026-05-14 14:45:00,437.55,437.9,437.55,437.85,1314
2026-05-14 14:50:00,437.9,438.1,436.95,438.1,1893
2026-05-14 14:55:00,438.1,439.0,438.0,438.8,1647
2026-05-14 15:00:00,438.2,438.85,437.55,437.8,3118
2026-05-14 15:05:00,438.15,438.95,437.55,437.55,23103480
2026-05-14 15:10:00,437.55,438.1,436.55,437.05,17480380
2026-05-14 15:15:00,437.15,438.0,436.8,437.1,23525301
2026-05-14 15:20:00,437.1,441.6,437.05,441.5,28029734
2026-05-14 15:25:00,441.35,441.6,436.0,436.0,27574112
2026-05-15 09:15:00,437.9,439.55,434.4,434.4,564922
2026-05-15 09:20:00,435.15,435.15,432.8,434.15,908883
2026-05-15 09:25:00,433.25,433.25,430.3,431.95,1777734
2026-05-15 09:30:00,431.95,434.15,430.3,432.3,2327538
2026-05-15 09:35:00,431.8,435.95,431.65,435.65,2885610
2026-05-15 09:40:00,435.65,435.65,433.2,434.6,2645728
2026-05-15 09:45:00,434.6,436.6,433.95,435.85,3336676
2026-05-15 09:50:00,435.85,436.65,434.5,434.5,2884663
2026-05-15 09:55:00,435.2,435.45,435.1,435.45,1041238
2026-05-15 10:00:00,435.35,435.35,432.5,433.8,2892608
2026-05-15 10:05:00,434.2,434.2,432.05,432.5,4345043
2026-05-15 10:10:00,432.5,432.5,432.05,432.25,3451140
2026-05-15 10:15:00,432.25,433.25,431.0,431.5,4739691
2026-05-15 10:20:00,431.5,434.15,431.5,434.15,3259220
2026-05-15 10:25:00,434.15,434.55,433.25,433.95,4146915
2026-05-15 10:30:00,433.95,433.95,433.2,433.75,3116740
2026-05-15 10:35:00,433.8,434.9,433.8,434.6,3277136
2026-05-15 10:40:00,434.55,435.7,434.05,434.05,3515103
2026-05-15 10:45:00,434.1,435.75,434.1,435.75,3465375
2026-05-15 10:50:00,435.75,435.75,435.6,435.6,2493484
2026-05-15 10:55:00,435.6,436.45,435.6,436.4,3759441
2026-05-15 11:40:00,436.5,436.8,436.5,436.8,2246843
2026-05-15 11:45:00,436.8,438.0,436.3,437.4,6245571
2026-05-15 11:50:00,437.4,437.4,436.45,436.45,3901496
2026-05-15 11:55:00,436.45,436.5,436.25,436.5,1906793
2026-05-15 12:00:00,436.5,437.2,436.25,437.0,4764561
2026-05-15 12:05:00,437.0,437.95,437.0,437.0,4074924
2026-05-15 12:10:00,437.0,437.0,436.1,436.5,3572961
2026-05-15 12:15:00,436.55,437.55,436.55,437.15,3686194
2026-05-15 12:20:00,436.5,436.8,435.0,435.4,4617240
2026-05-15 12:25:00,435.4,436.35,435.0,436.35,7573278
2026-05-15 12:30:00,436.35,437.0,436.05,436.8,6340194
2026-05-15 12:35:00,436.8,437.8,436.8,437.35,5739865
2026-05-15 12:40:00,437.35,438.6,437.35,438.0,5668437
2026-05-15 12:45:00,438.0,438.3,437.8,438.25,3866734
2026-05-15 12:50:00,438.05,438.25,437.05,437.6,6620402
2026-05-15 12:55:00,437.6,438.5,437.6,437.75,6528126
2026-05-15 13:00:00,437.75,438.6,437.75,438.6,5972036
2026-05-15 13:05:00,438.6,438.7,437.0,437.15,8217538
2026-05-15 13:10:00,437.15,437.4,437.0,437.4,5409402
2026-05-15 13:15:00,437.4,437.45,437.2,437.25,5464881
2026-05-15 13:20:00,437.25,438.2,437.25,437.3,5141577
2026-05-15 13:25:00,437.3,437.9,437.3,437.9,5286098
2026-05-15 13:30:00,437.9,437.9,437.05,437.15,4813680
2026-05-15 13:35:00,437.05,437.65,436.3,437.0,6197319
2026-05-15 13:40:00,437.0,437.0,435.25,435.5,5031660
2026-05-15 13:45:00,435.85,436.1,435.0,435.0,9971831
2026-05-15 13:50:00,435.0,437.0,435.0,437.0,7856779
2026-05-15 13:55:00,437.0,437.2,435.0,435.0,7000504
2026-05-15 14:00:00,435.0,435.6,435.0,435.0,6320746
2026-05-15 14:05:00,435.0,435.45,435.0,435.05,6797389
2026-05-15 14:10:00,435.05,435.6,435.0,435.6,5515685
2026-05-15 14:15:00,435.6,435.6,434.55,435.1,3563707
2026-05-15 14:20:00,435.1,435.5,435.0,435.0,3979471
2026-05-15 14:25:00,435.5,435.5,435.0,435.0,3594934
2026-05-15 14:30:00,435.0,435.4,435.0,435.3,5291652
2026-05-15 14:35:00,435.3,436.15,435.0,435.15,7235004
2026-05-15 14:40:00,435.15,435.85,435.0,435.5,8257957
2026-05-15 14:45:00,435.5,436.35,434.55,435.55,7494366
2026-05-15 14:50:00,435.55,435.65,435.0,435.6,8613530
2026-05-15 14:55:00,435.6,435.75,435.0,435.0,8222737
2026-05-15 15:00:00,435.25,435.5,434.9,435.05,9292511
2026-05-15 15:05:00,435.05,435.05,435.0,435.05,8515603
2026-05-15 15:10:00,435.05,435.3,428.7,429.2,13588249
2026-05-15 15:15:00,429.2,429.5,428.0,429.35,16635672
2026-05-15 15:20:00,429.4,430.65,428.0,429.3,17101021
2026-05-15 15:25:00,429.55,430.5,425.0,425.5,15906924
2026-05-18 09:15:00,423.3,424.85,420.0,423.25,13670
2026-05-18 09:20:00,423.8,424.4,421.85,423.35,6205
2026-05-18 09:25:00,423.3,423.75,417.95,420.3,16422
2026-05-18 09:30:00,420.45,421.9,418.5,420.75,4829
2026-05-18 09:35:00,420.05,420.9,418.8,419.55,4423
2026-05-18 09:40:00,420.2,421.6,418.6,420.7,5084
2026-05-18 09:45:00,420.65,420.85,417.55,417.6,7747
2026-05-18 09:50:00,417.75,418.0,413.15,414.85,11596
2026-05-18 09:55:00,414.65,415.55,413.45,415.0,11511
2026-05-18 10:00:00,414.75,416.6,414.7,416.0,1802
2026-05-18 10:05:00,416.25,418.05,414.0,415.1,9037
2026-05-18 10:10:00,415.1,415.85,414.75,415.55,1046
2026-05-18 10:15:00,415.55,415.55,411.4,414.5,9563
2026-05-18 10:20:00,414.5,414.5,411.8,411.8,6713
2026-05-18 10:25:00,412.5,412.75,411.5,411.7,1623
2026-05-18 10:30:00,411.55,412.25,408.9,411.0,14669
2026-05-18 10:35:00,411.6,413.8,410.35,413.0,4744
2026-05-18 10:40:00,413.3,414.75,412.75,414.75,4065
2026-05-18 10:45:00,414.75,414.75,412.5,413.95,4217
2026-05-18 10:50:00,413.05,416.55,412.85,416.45,1783
2026-05-18 10:55:00,415.95,416.0,413.6,414.85,8072
2026-05-18 11:00:00,414.95,416.2,414.85,415.6,1162
2026-05-18 11:05:00,416.0,417.35,415.5,417.15,2146
2026-05-18 11:10:00,417.05,417.05,415.65,416.5,429
2026-05-18 11:15:00,415.8,416.4,415.35,415.75,941
2026-05-18 11:20:00,415.95,416.7,414.65,416.0,5462
2026-05-18 11:25:00,415.4,415.9,415.0,415.9,371
2026-05-18 11:30:00,415.35,417.6,415.35,417.0,2365
2026-05-18 11:35:00,417.0,417.95,416.1,417.7,2262
2026-05-18 11:40:00,417.7,417.7,416.5,417.0,1677
2026-05-18 11:45:00,417.25,418.2,415.1,416.4,2948
2026-05-18 11:50:00,416.5,416.95,416.35,416.95,1101
2026-05-18 11:55:00,417.15,417.15,416.1,416.65,623
2026-05-18 12:00:00,416.25,416.95,416.25,416.95,177
2026-05-18 12:05:00,416.4,417.65,416.4,417.6,1904
2026-05-18 12:10:00,416.8,417.5,416.75,417.5,311
2026-05-18 12:15:00,416.75,418.0,416.75,417.2,1531
2026-05-18 12:20:00,417.45,417.7,417.1,417.5,101
2026-05-18 12:25:00,417.65,418.45,416.75,417.7,4085
2026-05-18 12:30:00,418.7,418.7,416.75,416.95,6486
2026-05-18 12:35:00,417.3,418.4,417.2,418.3,1018
2026-05-18 12:40:00,418.35,418.35,417.0,417.4,415
2026-05-18 12:45:00,417.55,418.15,417.0,417.0,837
2026-05-18 12:50:00,417.0,417.0,415.55,415.9,1188
2026-05-18 12:55:00,415.9,417.8,415.9,417.75,2329
2026-05-18 13:00:00,418.15,419.05,417.35,417.35,1979
2026-05-18 13:05:00,417.35,417.35,416.5,416.5,1171
2026-05-18 13:10:00,416.8,416.8,415.15,416.0,886
2026-05-18 13:15:00,416.0,417.2,416.0,416.65,1016
2026-05-18 13:20:00,416.4,416.75,415.3,416.75,1071
2026-05-18 13:25:00,416.75,416.75,416.3,416.3,837
2026-05-18 13:30:00,416.5,416.9,416.2,416.2,2606
2026-05-18 13:35:00,416.2,416.45,416.0,416.0,1776
2026-05-18 13:40:00,416.4,417.65,416.25,417.2,496
2026-05-18 13:45:00,417.2,417.2,415.4,416.7,2128
2026-05-18 13:50:00,416.75,417.0,416.6,417.0,752
2026-05-18 13:55:00,417.0,418.0,417.0,417.65,2989
2026-05-18 14:00:00,417.15,418.5,416.9,418.15,1463
2026-05-18 14:05:00,417.75,417.9,416.65,417.3,6469
2026-05-18 14:10:00,417.0,418.5,417.0,417.8,2176
2026-05-18 14:15:00,417.45,418.0,417.3,417.3,893
2026-05-18 14:20:00,417.3,417.8,417.25,417.8,212
2026-05-18 14:25:00,417.25,417.9,417.0,417.9,508
2026-05-18 14:30:00,417.9,418.3,417.0,417.3,2271
2026-05-18 14:35:00,417.05,417.8,416.8,417.15,2002
2026-05-18 14:40:00,417.15,417.45,416.0,417.35,1472
2026-05-18 14:45:00,417.0,417.4,417.0,417.4,449
2026-05-18 14:50:00,417.4,417.4,415.8,417.0,2901
2026-05-18 14:55:00,417.3,417.5,416.55,417.0,2776
2026-05-18 15:00:00,416.6,419.9,416.6,419.7,3875
2026-05-18 15:05:00,419.7,421.5,419.2,420.95,4491
2026-05-18 15:10:00,420.85,421.45,419.35,420.1,6413
2026-05-18 15:15:00,420.7,421.25,420.05,421.1,1114
2026-05-18 15:20:00,420.95,423.7,420.0,423.55,27435
2026-05-18 15:25:00,423.55,423.55,418.1,418.3,8054
2026-05-19 09:15:00,419.0,427.0,419.0,425.75,653585
2026-05-19 09:20:00,425.75,428.45,425.0,426.0,1823763
2026-05-19 09:25:00,426.0,428.75,425.6,428.3,3123588
2026-05-19 09:30:00,429.0,429.5,425.8,426.65,3736050
2026-05-19 09:35:00,426.65,430.9,425.9,428.55,4464183
2026-05-19 09:40:00,428.55,430.9,428.55,430.45,5430323
2026-05-19 09:45:00,430.45,430.95,427.25,429.4,5200842
2026-05-19 09:50:00,429.45,430.85,428.4,428.85,6640198
2026-05-19 09:55:00,428.85,429.15,427.5,428.25,5860723
2026-05-19 10:00:00,428.25,429.55,428.0,429.0,7100749
2026-05-19 10:05:00,429.0,430.0,428.8,430.0,6871418
2026-05-19 10:10:00,430.0,431.45,430.0,430.5,6688565
2026-05-19 10:15:00,430.5,433.3,429.8,433.3,8624687
2026-05-19 10:20:00,433.7,434.0,432.05,432.75,12130816
2026-05-19 10:25:00,432.75,433.35,432.05,432.6,10999647
2026-05-19 10:30:00,432.6,432.6,431.05,432.45,10278314
2026-05-19 10:35:00,432.45,432.95,431.0,432.95,9257740
2026-05-19 10:40:00,432.95,432.95,432.0,432.0,9891231
2026-05-19 10:45:00,432.15,433.5,432.1,433.1,11047358
2026-05-19 10:50:00,433.1,435.7,432.8,434.9,11739214
2026-05-19 10:55:00,434.9,438.0,434.4,436.15,12801687
2026-05-19 11:00:00,436.15,436.65,434.35,435.95,12616230
2026-05-19 11:05:00,435.95,435.95,432.35,433.45,13614982
2026-05-19 11:10:00,433.75,434.5,433.4,434.35,14016489
2026-05-19 11:15:00,434.35,434.35,432.25,432.85,18182707
2026-05-19 11:20:00,432.85,434.9,432.85,434.15,16126210
2026-05-19 11:25:00,434.15,434.15,433.5,433.9,15426606
2026-05-19 11:30:00,433.9,434.55,433.2,433.7,15517237
2026-05-19 11:35:00,433.7,434.7,433.25,434.45,17466136
2026-05-19 11:40:00,434.45,434.5,433.2,434.45,17425786
2026-05-19 11:45:00,434.45,437.15,434.45,436.0,19965068
2026-05-19 11:50:00,436.0,437.0,434.5,435.65,13976583
2026-05-19 11:55:00,435.65,436.6,435.6,436.15,16829186
2026-05-19 12:00:00,436.4,437.3,436.0,436.0,19468672
2026-05-19 12:05:00,436.9,437.95,436.5,436.5,23214688
2026-05-19 12:10:00,436.5,438.8,436.5,438.8,24369066
2026-05-19 12:15:00,438.8,438.8,436.35,437.8,21583589
2026-05-19 12:20:00,437.8,439.45,437.25,439.45,20062997
2026-05-19 12:25:00,439.45,441.9,439.25,441.9,24057982
2026-05-19 12:30:00,441.9,444.0,440.2,443.65,27403426
2026-05-19 12:35:00,443.9,451.4,443.0,448.85,76172306
2026-05-19 12:40:00,448.85,457.65,447.3,455.25,138426580
2026-05-19 12:45:00,455.25,458.0,453.7,456.05,215820170
2026-05-19 12:50:00,456.05,458.2,452.45,453.5,171317107
2026-05-19 12:55:00,453.5,453.8,451.0,451.0,212284949
2026-05-19 13:00:00,451.8,453.5,448.0,448.0,129687624
2026-05-19 13:05:00,448.0,450.9,446.0,446.85,215071529
2026-05-19 13:10:00,447.6,449.0,446.45,447.7,216429473
2026-05-19 13:15:00,447.7,448.95,447.1,447.75,106481857
2026-05-19 13:20:00,447.75,450.65,447.75,450.65,180212638
2026-05-19 13:25:00,450.65,453.0,450.15,450.7,195470253
2026-05-19 13:30:00,450.8,450.8,448.0,449.75,124199157
2026-05-19 13:35:00,449.75,449.8,446.0,446.05,109717441
2026-05-19 13:40:00,446.05,447.35,444.65,445.65,91769440
2026-05-19 13:45:00,445.65,445.65,443.3,444.1,150124441
2026-05-19 13:50:00,444.1,444.8,443.15,443.8,107709219
2026-05-19 13:55:00,443.8,444.15,442.15,443.0,102920211
2026-05-19 14:00:00,443.0,445.5,442.8,445.25,138664547
2026-05-19 14:05:00,445.25,445.95,444.5,445.1,113889559
2026-05-19 14:10:00,445.1,445.7,444.55,445.2,125731607
2026-05-19 14:15:00,445.2,445.2,443.65,444.1,146075305
2026-05-19 14:20:00,444.1,444.75,444.05,444.3,76995516
2026-05-19 14:25:00,444.3,444.8,443.0,443.0,99786008
2026-05-19 14:30:00,443.0,443.95,442.4,443.35,229442299
2026-05-19 14:35:00,442.6,443.35,441.2,441.2,164211147
2026-05-19 14:40:00,441.2,441.45,440.45,440.95,99339389
2026-05-19 14:45:00,440.95,440.95,439.0,439.2,94231686
2026-05-19 14:50:00,439.2,441.0,439.2,440.05,92256800
2026-05-19 14:55:00,440.6,441.0,440.25,440.8,146834643
2026-05-19 15:00:00,439.85,440.5,438.2,438.95,92788246
2026-05-19 15:05:00,439.25,439.95,437.45,438.0,119435003
2026-05-19 15:10:00,438.45,438.45,437.5,438.0,78984975
2026-05-19 15:15:00,438.0,438.8,436.05,436.05,137628231
2026-05-19 15:20:00,436.95,438.5,436.5,437.0,69884421
2026-05-19 15:25:00,437.0,437.5,434.1,437.5,113402536
2026-05-20 09:15:00,433.0,435.45,430.0,431.95,575412
2026-05-20 09:20:00,431.95,433.5,429.65,432.4,1878217
2026-05-20 09:25:00,432.4,437.2,431.05,436.6,3717708
2026-05-20 09:30:00,436.6,439.35,434.4,438.6,3574688
2026-05-20 09:35:00,438.75,441.45,435.35,435.85,7803673
2026-05-20 09:40:00,435.85,435.85,433.05,435.1,9900098
2026-05-20 09:45:00,435.1,437.65,434.8,437.0,8940360
2026-05-20 09:50:00,437.0,438.2,436.9,436.9,7039593
2026-05-20 09:55:00,436.9,438.3,436.7,438.3,7071496
2026-05-20 10:00:00,438.3,438.3,434.1,434.1,7223186
2026-05-20 10:05:00,434.1,434.35,434.05,434.35,6295497
2026-05-20 10:10:00,434.35,435.85,434.0,435.7,7083620
2026-05-20 10:15:00,435.7,435.7,434.65,435.7,7645135
2026-05-20 10:20:00,435.7,436.6,433.0,433.3,9353779
2026-05-20 10:25:00,433.3,434.0,433.3,434.0,7814767
2026-05-20 10:30:00,434.6,436.0,434.45,435.15,9329618
2026-05-20 10:35:00,435.15,436.75,435.15,436.75,4252475
2026-05-20 10:40:00,436.25,436.25,435.45,435.45,6333130
2026-05-20 10:45:00,435.45,435.95,435.2,435.3,9478556
2026-05-20 10:50:00,435.3,437.7,435.3,437.6,7806261
2026-05-20 10:55:00,437.6,437.6,436.5,436.5,7949755
2026-05-20 11:00:00,436.5,437.05,436.5,437.05,5015650
2026-05-20 11:05:00,437.05,437.05,436.5,436.5,6239024
2026-05-20 11:10:00,436.5,436.95,435.4,435.4,5900778
2026-05-20 11:15:00,435.4,435.5,434.0,434.0,6914400
2026-05-20 11:20:00,434.0,435.5,433.3,435.05,10535860
2026-05-20 11:25:00,435.05,436.8,435.05,436.35,8164773
2026-05-20 11:30:00,436.35,436.7,436.0,436.0,6612268
2026-05-20 11:35:00,436.0,437.1,435.5,436.8,8413960
2026-05-20 11:40:00,436.8,436.8,435.7,435.7,5701896
2026-05-20 11:45:00,435.7,436.25,435.6,436.25,5270728
2026-05-20 11:50:00,436.5,437.1,435.7,436.0,9396722
2026-05-20 11:55:00,436.0,436.75,436.0,436.3,7665341
2026-05-20 12:00:00,436.3,436.5,435.85,435.85,6950262
2026-05-20 12:05:00,435.85,435.95,435.6,435.95,5494124
2026-05-20 12:10:00,435.6,436.2,434.6,434.6,8739877
2026-05-20 12:15:00,434.6,434.6,433.4,433.8,7605303
2026-05-20 12:20:00,433.8,436.3,433.8,436.3,9784976
2026-05-20 12:25:00,436.3,436.3,435.1,435.1,6943496
2026-05-20 12:30:00,435.1,435.9,435.0,435.9,4638344
2026-05-20 12:35:00,435.9,435.9,434.9,435.7,8839392
2026-05-20 12:40:00,435.55,436.5,435.55,436.1,9071802
2026-05-20 12:45:00,436.1,436.15,435.15,435.15,9044126
2026-05-20 12:50:00,435.15,437.45,435.05,437.45,8114950
2026-05-20 12:55:00,437.45,437.45,435.6,435.8,9662905
2026-05-20 13:00:00,435.8,436.45,435.7,436.0,10654857
2026-05-20 13:05:00,436.0,436.05,434.85,436.05,7845764
2026-05-20 13:10:00,435.45,436.4,435.05,435.05,6257798
2026-05-20 13:15:00,435.05,435.2,434.5,434.5,7004484
2026-05-20 13:20:00,434.5,435.5,434.1,435.1,10303653
2026-05-20 13:25:00,435.1,435.5,434.9,434.9,8910832
2026-05-20 13:30:00,434.9,434.95,434.55,434.95,8434904
2026-05-20 13:35:00,434.95,435.7,434.65,435.55,10116021
2026-05-20 13:40:00,435.55,435.95,435.2,435.2,8113776
2026-05-20 13:45:00,435.2,436.45,435.0,435.7,11196139
2026-05-20 13:50:00,435.65,435.65,434.5,435.65,8717867
2026-05-20 13:55:00,435.65,435.65,434.75,434.75,8669202
2026-05-20 14:00:00,435.35,435.65,434.55,434.95,8125360
2026-05-20 14:05:00,434.95,436.9,434.95,436.9,7421357
2026-05-20 14:10:00,436.9,437.0,436.4,436.55,10586931
2026-05-20 14:15:00,437.0,437.2,437.0,437.2,10834655
2026-05-20 14:20:00,437.2,437.5,436.3,436.3,8755705
2026-05-20 14:25:00,436.3,436.45,436.1,436.1,10636529
2026-05-20 14:30:00,436.1,436.85,436.1,436.85,8862138
2026-05-20 14:35:00,436.85,440.0,436.85,440.0,14183768
2026-05-20 14:40:00,440.0,440.0,438.1,438.6,22477383
2026-05-20 14:45:00,438.6,438.6,437.85,438.45,12418598
2026-05-20 14:50:00,438.45,438.9,437.95,438.3,15632913
2026-05-20 14:55:00,438.0,438.25,436.85,437.2,15478533
2026-05-20 15:00:00,437.45,437.45,436.0,436.05,25900101
2026-05-20 15:05:00,436.05,437.0,436.05,436.35,18195605
2026-05-20 15:10:00,436.5,437.0,436.4,436.9,16208259
2026-05-20 15:15:00,437.35,440.0,437.35,438.95,26167407
2026-05-20 15:20:00,438.95,440.1,438.45,439.3,28709558
2026-05-20 15:25:00,439.3,439.85,432.1,434.0,26783925
2026-05-21 09:15:00,443.4,445.0,441.15,443.3,408045
2026-05-21 09:20:00,442.5,447.6,442.5,446.0,1275179
2026-05-21 09:25:00,446.0,446.95,443.65,444.4,2018864
2026-05-21 09:30:00,444.3,446.1,444.25,446.1,2018010
2026-05-21 09:35:00,446.1,449.0,444.85,448.95,3008420
2026-05-21 09:40:00,448.25,450.5,448.25,450.0,3921402
2026-05-21 09:45:00,450.5,450.9,449.0,449.2,3433143
2026-05-21 09:50:00,449.2,449.45,448.0,448.0,2897614
2026-05-21 09:55:00,448.0,448.0,446.3,446.35,3148878
2026-05-21 10:00:00,446.35,446.35,445.5,445.5,2731275
2026-05-21 10:05:00,445.5,445.5,443.45,443.45,4246819
2026-05-21 10:10:00,443.45,446.0,443.1,444.45,4101715
2026-05-21 10:15:00,444.45,445.0,444.0,444.65,3092546
2026-05-21 10:20:00,444.65,444.65,443.65,443.65,1812312
2026-05-21 10:25:00,443.95,444.0,443.9,443.95,1689319
2026-05-21 10:30:00,443.95,444.0,443.45,444.0,3018377
2026-05-21 10:35:00,444.0,444.0,442.15,442.15,4643020
2026-05-21 10:40:00,442.15,443.4,442.15,443.4,4403346
2026-05-21 10:45:00,443.4,443.4,442.3,442.3,2901652
2026-05-21 10:50:00,442.3,443.0,441.75,442.4,4003606
2026-05-21 10:55:00,442.7,442.7,441.0,441.15,5804175
2026-05-21 11:00:00,441.15,441.6,441.0,441.0,4482360
2026-05-21 11:05:00,441.0,443.6,440.5,443.55,4933266
2026-05-21 11:10:00,443.55,443.95,442.35,443.95,3708459
2026-05-21 11:15:00,443.95,443.95,442.65,443.3,4264777
2026-05-21 11:20:00,443.1,444.0,443.1,443.6,4746802
2026-05-21 11:25:00,443.45,444.0,443.15,444.0,3241868
2026-05-21 11:30:00,444.0,444.0,443.3,444.0,2866928
2026-05-21 11:35:00,444.0,444.0,443.0,443.0,2671893
2026-05-21 11:40:00,443.2,443.9,443.15,443.9,3750194
2026-05-21 11:45:00,443.9,444.0,443.3,444.0,3872631
2026-05-21 11:50:00,444.0,446.35,443.0,446.35,5992651
2026-05-21 11:55:00,446.35,446.4,445.75,445.75,7618705
2026-05-21 12:00:00,446.6,447.0,445.7,446.95,5865608
2026-05-21 12:05:00,446.95,447.0,446.4,446.4,5107433
2026-05-21 12:10:00,446.4,446.4,444.8,444.8,5239575
2026-05-21 12:15:00,444.8,444.8,442.55,442.55,8258494
2026-05-21 12:20:00,442.55,442.55,439.0,439.0,12013355
2026-05-21 12:25:00,439.0,439.6,437.55,438.35,11787080
2026-05-21 12:30:00,438.05,438.2,437.5,438.05,10792904
2026-05-21 12:35:00,438.2,439.1,436.8,437.0,11061960
2026-05-21 12:40:00,437.0,437.05,436.2,436.5,11072559
2026-05-21 12:45:00,436.5,436.6,435.5,436.0,10668230
2026-05-21 12:50:00,436.0,436.0,435.65,435.65,6682207
2026-05-21 12:55:00,435.65,436.0,435.65,435.9,8046375
2026-05-21 13:00:00,435.9,435.9,434.15,434.35,9582300
2026-05-21 13:05:00,434.35,435.0,434.35,435.0,6732432
2026-05-21 13:10:00,435.0,437.95,435.0,437.95,11041595
2026-05-21 13:15:00,437.95,440.0,437.95,439.0,10533603
2026-05-21 13:20:00,439.0,439.65,438.55,439.55,7056557
2026-05-21 13:25:00,439.55,440.0,439.05,439.05,8848880
2026-05-21 13:30:00,439.4,439.8,439.4,439.8,5142429
2026-05-21 13:35:00,439.8,441.15,439.4,441.15,8649921
2026-05-21 13:40:00,441.15,441.75,440.75,441.3,6507031
2026-05-21 13:45:00,441.3,441.3,441.05,441.05,196
2026-05-21 13:50:00,441.35,443.0,440.75,443.0,3764
2026-05-21 13:55:00,442.5,442.7,442.5,442.7,1495
2026-05-21 14:00:00,442.2,442.2,442.2,442.2,168707
2026-05-21 14:05:00,442.2,443.4,442.0,443.4,6098880
2026-05-21 14:10:00,443.4,443.8,443.2,443.65,10255990
2026-05-21 14:15:00,443.65,443.65,443.25,443.25,6158725
2026-05-21 14:20:00,443.0,443.0,443.0,443.0,275
2026-05-21 14:25:00,443.0,444.95,443.0,444.1,2226
2026-05-21 14:30:00,443.85,445.0,443.85,443.9,2104
2026-05-21 14:35:00,444.0,444.15,442.7,443.4,1524
2026-05-21 14:40:00,444.6,444.6,442.55,442.8,2643
2026-05-21 14:45:00,442.9,443.5,442.55,443.0,8125079
2026-05-21 14:50:00,443.0,443.0,443.0,443.0,30
2026-05-21 14:50:00,443.0,443.95,443.0,443.95,8690780
2026-05-21 14:55:00,443.95,443.95,443.0,443.3,8526246
2026-05-21 15:00:00,442.55,443.35,442.0,442.4,17107032
2026-05-21 15:05:00,442.4,442.95,442.25,442.55,16698555
2026-05-21 15:10:00,442.45,442.95,442.45,442.7,15994637
2026-05-21 15:15:00,442.7,443.0,441.35,441.75,17734072
2026-05-21 15:20:00,441.35,442.25,437.95,439.25,25936611
2026-05-21 15:25:00,439.25,441.3,438.0,441.3,21374396
