datetime,open,high,low,close,volume
2026-02-01 09:15:00,322.0,322.0,318.0,318.55,8649
2026-02-01 09:25:00,318.55,318.55,317.3,317.65,5672
2026-02-01 09:35:00,317.6,317.95,317.45,317.95,2178
2026-02-01 09:45:00,317.65,318.35,317.6,318.2,6098
2026-02-01 09:55:00,318.2,318.4,317.7,318.0,2641
2026-02-01 10:05:00,317.8,317.95,317.6,317.95,1012
2026-02-01 10:15:00,317.95,319.6,317.7,319.4,4341
2026-02-01 10:25:00,319.4,319.4,318.7,319.25,714
2026-02-01 10:35:00,319.25,319.45,319.0,319.1,1592
2026-02-01 10:45:00,319.1,319.6,318.9,319.4,3220
2026-02-01 10:55:00,319.4,319.75,318.65,318.65,1083
2026-02-01 11:05:00,318.65,319.55,318.65,319.1,3567
2026-02-01 11:15:00,319.1,319.7,318.95,319.3,1582
2026-02-01 11:25:00,319.0,319.2,318.8,318.8,402
2026-02-01 11:35:00,318.8,319.2,315.05,315.2,5068
2026-02-01 11:45:00,315.2,315.4,304.4,311.3,58676
2026-02-01 11:55:00,311.3,312.2,310.25,310.7,10080
2026-02-01 12:05:00,310.7,316.0,310.7,312.05,59068
2026-02-01 12:15:00,312.4,312.4,310.1,310.75,13793
2026-02-01 12:25:00,310.8,310.8,307.75,310.8,21669
2026-02-01 12:35:00,310.8,312.25,310.1,312.0,8242
2026-02-01 12:45:00,312.1,312.6,310.8,311.25,8993
2026-02-01 12:55:00,311.25,313.0,311.25,312.75,3809
2026-02-01 13:05:00,312.75,312.75,311.35,312.15,6564
2026-02-01 13:15:00,312.15,313.85,311.2,313.05,14781
2026-02-01 13:25:00,313.0,313.0,311.0,312.05,10169
2026-02-01 13:35:00,312.05,312.85,311.5,312.8,3293
2026-02-01 13:45:00,312.8,312.95,311.6,311.6,3937
2026-02-01 13:55:00,311.6,312.2,311.1,311.8,6506
2026-02-01 14:05:00,311.8,312.35,310.75,312.35,2932
2026-02-01 14:15:00,311.9,312.3,311.3,311.7,892
2026-02-01 14:25:00,311.7,312.1,311.2,312.1,1126
2026-02-01 14:35:00,312.1,313.45,311.3,311.3,5479
2026-02-01 14:45:00,311.3,311.3,309.85,310.7,15430
2026-02-01 14:55:00,310.85,311.6,310.35,310.7,5058
2026-02-01 15:05:00,310.2,311.95,310.1,310.9,11480
2026-02-01 15:15:00,311.0,311.0,310.45,310.5,13548
2026-02-01 15:25:00,310.5,311.0,308.8,311.0,9200
2026-02-02 09:15:00,310.0,311.05,307.05,307.8,37207
2026-02-02 09:25:00,307.8,307.8,304.35,305.85,42126
2026-02-02 09:35:00,305.85,305.95,304.4,305.0,62623
2026-02-02 09:45:00,305.0,305.55,304.5,304.95,24945
2026-02-02 09:55:00,304.95,309.75,304.8,305.1,73972
2026-02-02 10:05:00,305.1,305.5,304.6,305.0,49981
2026-02-02 10:15:00,304.85,305.5,304.0,304.7,14970
2026-02-02 10:25:00,304.7,304.85,304.2,304.6,9611
2026-02-02 10:35:00,304.6,305.0,304.35,305.0,5420
2026-02-02 10:45:00,305.0,305.0,304.35,304.5,7160
2026-02-02 10:55:00,304.5,304.6,303.15,303.45,9721
2026-02-02 11:05:00,303.45,304.0,303.05,303.65,4361
2026-02-02 11:15:00,303.75,304.2,303.25,303.45,6356
2026-02-02 11:25:00,303.55,304.95,303.3,304.65,9122
2026-02-02 11:35:00,304.7,305.0,304.3,304.7,5528
2026-02-02 11:45:00,304.95,305.0,304.2,304.55,5403
2026-02-02 11:55:00,304.55,304.85,304.1,304.25,6062
2026-02-02 12:05:00,304.5,304.5,303.6,304.5,6194
2026-02-02 12:15:00,304.5,304.5,304.0,304.0,5766
2026-02-02 12:25:00,304.2,304.5,303.65,304.0,6689
2026-02-02 12:35:00,304.0,304.1,303.15,303.75,12997
2026-02-02 12:45:00,303.75,304.35,303.45,303.8,6463
2026-02-02 12:55:00,304.15,304.5,303.9,304.25,4477
2026-02-02 13:05:00,304.5,305.0,304.1,304.4,10676
2026-02-02 13:15:00,304.4,304.9,304.1,304.55,8397
2026-02-02 13:25:00,304.7,305.0,304.0,304.5,6939
2026-02-02 13:35:00,304.5,304.95,304.15,304.95,4396
2026-02-02 13:45:00,304.95,305.0,304.5,304.8,17761
2026-02-02 13:55:00,304.8,305.0,304.45,304.7,5818
2026-02-02 14:05:00,304.85,305.0,304.3,304.9,8100
2026-02-02 14:15:00,304.95,305.95,304.3,304.55,205701
2026-02-02 14:25:00,304.55,305.0,304.4,304.6,5760
2026-02-02 14:35:00,304.65,305.0,304.25,304.65,6904
2026-02-02 14:45:00,304.55,305.0,304.15,304.6,11865
2026-02-02 14:55:00,304.85,305.1,304.4,304.95,17714
2026-02-02 15:05:00,305.0,305.0,304.75,305.0,47712
2026-02-02 15:15:00,305.0,305.0,304.6,304.95,82446
2026-02-02 15:25:00,305.0,305.0,304.55,305.0,38108
2026-02-03 09:15:00,319.7,320.0,310.15,312.25,102854
2026-02-03 09:25:00,312.6,314.35,311.9,313.9,44823
2026-02-03 09:35:00,313.9,314.05,312.25,312.5,22131
2026-02-03 09:45:00,312.5,314.85,312.35,314.25,22799
2026-02-03 09:55:00,314.2,315.8,314.15,314.75,43268
2026-02-03 10:05:00,314.75,315.3,314.3,314.8,15595
2026-02-03 10:15:00,314.8,316.7,314.8,316.05,13657
2026-02-03 10:25:00,316.05,317.0,315.15,315.2,12885
2026-02-03 10:35:00,315.15,315.85,315.0,315.15,10050
2026-02-03 10:45:00,315.15,315.15,314.0,314.0,7437
2026-02-03 10:55:00,314.0,314.3,313.0,313.0,15869
2026-02-03 11:05:00,313.0,315.45,313.0,314.7,8635
2026-02-03 11:15:00,314.7,315.15,314.05,314.3,21069
2026-02-03 11:25:00,314.3,317.25,314.1,315.65,29707
2026-02-03 11:35:00,315.65,316.25,315.6,315.7,6209
2026-02-03 11:45:00,315.7,315.95,315.3,315.6,2762
2026-02-03 11:55:00,315.6,316.0,315.3,315.5,4546
2026-02-03 12:05:00,315.5,316.0,315.0,315.15,5571
2026-02-03 12:15:00,315.15,315.35,311.55,311.55,38668
2026-02-03 12:25:00,311.55,312.35,311.5,311.95,9824
2026-02-03 12:35:00,311.95,312.0,310.0,310.5,35723
2026-02-03 12:45:00,310.0,310.6,309.6,309.8,33777
2026-02-03 12:55:00,310.0,310.35,309.8,310.0,14046
2026-02-03 13:05:00,310.0,310.3,309.9,310.0,17388
2026-02-03 13:15:00,310.0,310.3,309.85,309.9,10356
2026-02-03 13:25:00,309.9,310.05,309.5,309.5,9338
2026-02-03 13:35:00,309.4,309.95,309.3,309.75,7710
2026-02-03 13:45:00,309.75,310.0,309.6,309.85,3716
2026-02-03 13:55:00,309.85,310.0,309.5,309.9,3702
2026-02-03 14:05:00,309.9,310.0,309.7,309.95,7246
2026-02-03 14:15:00,309.95,310.0,309.9,309.95,5141
2026-02-03 14:25:00,309.9,310.0,309.8,309.95,13462
2026-02-03 14:35:00,309.95,310.05,309.55,309.75,18677
2026-02-03 14:45:00,309.75,310.05,309.7,309.9,13840
2026-02-03 14:55:00,309.9,310.05,309.0,309.55,69633
2026-02-03 15:05:00,309.55,310.0,309.05,309.6,32570
2026-02-03 15:15:00,309.6,310.0,309.35,310.0,55642
2026-02-03 15:25:00,309.95,310.0,309.4,309.4,27747
2026-02-04 09:15:00,309.0,310.4,304.65,307.5,198724
2026-02-04 09:25:00,307.6,309.85,306.7,307.8,57669
2026-02-04 09:35:00,307.8,308.65,306.7,308.55,31736
2026-02-04 09:45:00,308.55,310.5,307.1,307.25,37493
2026-02-04 09:55:00,307.65,307.7,305.45,305.65,37915
2026-02-04 10:05:00,305.65,306.1,305.2,305.7,24856
2026-02-04 10:15:00,305.7,305.7,304.6,305.1,23261
2026-02-04 10:25:00,305.0,305.6,304.7,304.7,13612
2026-02-04 10:35:00,304.55,304.95,304.05,304.85,10514
2026-02-04 10:45:00,304.85,304.85,304.05,304.85,12074
2026-02-04 10:55:00,304.5,304.5,303.35,304.05,20753
2026-02-04 11:05:00,304.05,304.5,303.4,303.5,9843
2026-02-04 11:15:00,303.5,304.2,302.8,303.9,31413
2026-02-04 11:25:00,303.9,304.5,303.25,304.1,8476
2026-02-04 11:35:00,304.1,304.95,304.1,304.5,5047
2026-02-04 11:45:00,304.5,304.75,303.85,304.0,12938
2026-02-04 11:55:00,303.85,304.5,303.45,303.85,11704
2026-02-04 12:05:00,303.85,304.8,303.8,304.3,3884
2026-02-04 12:15:00,304.3,304.75,304.3,304.4,3041
2026-02-04 12:25:00,304.4,304.8,304.1,304.1,4587
2026-02-04 12:35:00,304.1,304.3,302.0,302.7,28355
2026-02-04 12:45:00,302.7,302.9,302.5,302.75,4061
2026-02-04 12:55:00,302.75,302.75,301.75,301.85,17310
2026-02-04 13:05:00,301.85,302.85,301.85,302.7,7450
2026-02-04 13:15:00,302.7,302.95,302.7,302.8,5909
2026-02-04 13:25:00,302.8,303.2,302.1,302.3,136421
2026-02-04 13:35:00,302.3,302.7,302.1,302.65,3336
2026-02-04 13:45:00,302.55,304.25,302.5,303.6,87229
2026-02-04 13:55:00,303.7,303.95,303.15,303.75,142592
2026-02-04 14:05:00,303.75,305.35,303.35,304.9,17727
2026-02-04 14:15:00,304.85,305.8,304.75,305.35,131683
2026-02-04 14:25:00,305.35,305.9,305.25,305.6,12946
2026-02-04 14:35:00,305.6,305.8,304.6,304.95,14153
2026-02-04 14:45:00,304.95,305.55,304.7,305.35,6599
2026-02-04 14:55:00,305.35,305.95,305.05,305.15,18249
2026-02-04 15:05:00,305.35,306.05,304.6,305.0,29425
2026-02-04 15:15:00,305.0,305.0,303.5,304.3,57068
2026-02-04 15:25:00,304.15,305.0,304.05,304.3,13016
2026-02-05 09:15:00,304.6,304.85,297.1,298.55,117191
2026-02-05 09:25:00,298.65,299.7,297.7,299.05,31686
2026-02-05 09:35:00,299.05,299.05,297.5,297.6,30797
2026-02-05 09:45:00,297.6,298.55,297.5,298.0,20669
2026-02-05 09:55:00,297.9,298.5,297.5,298.25,28152
2026-02-05 10:05:00,298.05,299.3,297.8,299.05,9837
2026-02-05 10:15:00,299.05,301.7,299.05,301.2,56895
2026-02-05 10:25:00,301.0,301.5,300.5,300.5,17051
2026-02-05 10:35:00,300.5,300.9,300.0,300.2,12957
2026-02-05 10:45:00,300.05,300.3,299.6,299.6,13311
2026-02-05 10:55:00,299.6,299.7,298.85,299.4,17538
2026-02-05 11:05:00,299.35,299.7,299.15,299.4,5478
2026-02-05 11:15:00,299.4,299.55,299.0,299.1,5637
2026-02-05 11:25:00,299.0,299.55,299.0,299.4,4381
2026-02-05 11:35:00,299.4,299.85,299.3,299.35,2152
2026-02-05 11:45:00,299.45,299.7,299.05,299.3,5765
2026-02-05 11:55:00,299.3,299.4,299.0,299.1,5611
2026-02-05 12:05:00,299.1,299.2,298.8,299.0,12139
2026-02-05 12:15:00,299.0,299.05,298.5,298.65,4759
2026-02-05 12:25:00,298.8,299.1,298.55,298.8,6737
2026-02-05 12:35:00,298.65,299.0,298.65,298.9,2197
2026-02-05 12:45:00,298.9,299.25,298.75,299.1,3796
2026-02-05 12:55:00,299.1,299.3,298.75,299.1,5708
2026-02-05 13:05:00,299.1,299.4,298.85,299.15,4337
2026-02-05 13:15:00,299.15,299.5,299.05,299.25,2742
2026-02-05 13:25:00,299.45,299.45,298.85,298.85,4484
2026-02-05 13:35:00,298.85,299.25,298.7,299.1,2898
2026-02-05 13:45:00,299.1,299.25,299.1,299.1,1872
2026-02-05 13:55:00,299.1,299.15,299.1,299.1,2313
2026-02-05 14:05:00,299.1,299.1,298.5,298.5,12468
2026-02-05 14:15:00,298.5,298.85,298.5,298.8,8953
2026-02-05 14:25:00,298.8,299.85,298.8,299.7,13490
2026-02-05 14:35:00,299.7,300.3,299.5,299.85,7239
2026-02-05 14:45:00,299.85,300.15,299.35,299.8,19482
2026-02-05 14:55:00,299.8,300.2,299.6,299.9,14756
2026-02-05 15:05:00,300.0,300.5,299.65,299.7,25839
2026-02-05 15:15:00,299.65,299.7,297.75,297.85,42128
2026-02-05 15:25:00,297.85,299.85,297.5,298.05,29738
2026-02-06 09:15:00,297.8,297.8,292.6,293.0,90549
2026-02-06 09:25:00,293.0,293.5,292.2,292.85,35516
2026-02-06 09:35:00,292.55,293.4,292.55,293.05,15011
2026-02-06 09:45:00,292.85,294.55,292.85,293.1,22353
2026-02-06 09:55:00,293.1,293.2,292.1,292.6,10735
2026-02-06 10:05:00,292.6,293.65,292.15,293.5,19214
2026-02-06 10:15:00,293.5,294.7,293.35,294.1,22199
2026-02-06 10:25:00,294.1,294.25,293.65,293.8,6867
2026-02-06 10:35:00,293.95,294.1,293.4,293.4,5932
2026-02-06 10:45:00,293.4,293.75,292.85,293.0,6506
2026-02-06 10:55:00,293.0,293.0,290.35,291.1,27350
2026-02-06 11:05:00,291.1,291.75,290.9,291.1,9612
2026-02-06 11:15:00,291.1,292.0,291.1,291.6,7220
2026-02-06 11:25:00,291.6,292.65,291.45,292.55,19351
2026-02-06 11:35:00,292.55,293.2,292.45,292.85,19221
2026-02-06 11:45:00,292.85,293.25,292.2,292.7,6799
2026-02-06 11:55:00,292.95,293.5,292.55,293.15,15717
2026-02-06 12:05:00,293.15,293.2,292.15,292.6,10869
2026-02-06 12:15:00,292.6,292.75,291.7,291.85,8753
2026-02-06 12:25:00,291.85,292.05,291.55,291.85,4848
2026-02-06 12:35:00,291.85,292.0,291.2,291.45,7828
2026-02-06 12:45:00,291.45,291.7,291.2,291.55,4499
2026-02-06 12:55:00,291.6,291.95,291.3,291.3,5422
2026-02-06 13:05:00,291.35,292.05,291.25,291.45,12885
2026-02-06 13:15:00,291.45,291.5,290.2,290.55,26911
2026-02-06 13:25:00,290.35,290.6,290.2,290.3,9100
2026-02-06 13:35:00,290.3,290.75,290.3,290.6,8325
2026-02-06 13:45:00,290.6,290.75,290.55,290.7,6369
2026-02-06 13:55:00,290.7,290.75,290.55,290.6,8788
2026-02-06 14:05:00,290.6,290.75,290.25,290.35,15099
2026-02-06 14:15:00,290.35,290.45,290.05,290.25,10562
2026-02-06 14:25:00,290.25,290.7,290.2,290.45,9246
2026-02-06 14:35:00,290.45,290.55,290.1,290.2,19061
2026-02-06 14:45:00,290.2,290.5,289.7,290.0,30994
2026-02-06 14:55:00,290.0,290.7,289.85,290.45,34727
2026-02-06 15:05:00,290.45,290.65,290.1,290.25,21470
2026-02-06 15:15:00,290.3,290.75,290.1,290.65,44894
2026-02-06 15:25:00,290.7,290.7,289.95,290.3,29682
2026-02-09 09:15:00,295.0,295.0,291.0,292.25,83756
2026-02-09 09:25:00,292.1,292.9,291.5,292.2,21782
2026-02-09 09:35:00,292.2,292.25,291.0,292.0,16153
2026-02-09 09:45:00,292.0,292.45,291.8,292.0,16447
2026-02-09 09:55:00,292.0,292.6,291.85,292.45,9266
2026-02-09 10:05:00,292.45,292.45,291.55,291.6,6963
2026-02-09 10:15:00,291.6,291.9,291.55,291.9,7993
2026-02-09 10:25:00,291.75,292.25,291.6,292.1,4690
2026-02-09 10:35:00,292.25,293.8,292.0,293.55,18023
2026-02-09 10:45:00,293.55,294.0,293.2,294.0,13912
2026-02-09 10:55:00,293.8,294.35,293.15,293.5,13843
2026-02-09 11:05:00,293.5,294.0,293.5,293.9,3993
2026-02-09 11:15:00,293.9,294.6,293.8,294.45,7394
2026-02-09 11:25:00,294.4,294.55,294.1,294.25,5820
2026-02-09 11:35:00,294.25,294.65,294.25,294.5,5498
2026-02-09 11:45:00,294.45,294.5,293.6,293.65,4122
2026-02-09 11:55:00,293.65,294.1,293.6,294.1,2695
2026-02-09 12:05:00,294.15,294.15,293.55,293.55,4327
2026-02-09 12:15:00,293.55,294.1,293.55,293.95,3172
2026-02-09 12:25:00,293.95,294.25,293.6,293.75,4775
2026-02-09 12:35:00,293.75,293.75,293.1,293.35,27647
2026-02-09 12:45:00,293.35,294.0,293.35,293.8,7548
2026-02-09 12:55:00,293.9,293.95,293.55,293.9,4778
2026-02-09 13:05:00,293.9,294.25,293.75,294.0,4258
2026-02-09 13:15:00,294.0,294.15,293.95,293.95,3712
2026-02-09 13:25:00,293.95,294.15,293.95,294.05,4495
2026-02-09 13:35:00,294.05,294.15,294.0,294.0,3256
2026-02-09 13:45:00,294.0,294.6,293.9,294.2,15035
2026-02-09 13:55:00,294.2,294.4,294.2,294.3,1279
2026-02-09 14:05:00,294.3,294.3,293.6,293.9,6676
2026-02-09 14:15:00,293.9,294.15,293.6,294.05,4397
2026-02-09 14:25:00,294.05,294.2,293.8,293.85,2899
2026-02-09 14:35:00,293.8,293.9,293.55,293.75,2268
2026-02-09 14:45:00,293.7,293.9,291.75,291.75,66442
2026-02-09 14:55:00,291.75,292.95,291.65,292.8,47579
2026-02-09 15:05:00,292.75,293.25,292.7,292.9,17810
2026-02-09 15:15:00,292.9,294.0,292.9,293.85,27481
2026-02-09 15:25:00,293.85,293.95,292.75,293.9,14767
2026-02-10 09:15:00,297.0,297.0,293.2,295.75,59187
2026-02-10 09:25:00,295.75,296.05,295.15,295.9,16504
2026-02-10 09:35:00,295.9,296.75,295.75,296.1,20381
2026-02-10 09:45:00,296.1,296.5,295.35,295.35,11985
2026-02-10 09:55:00,295.35,295.35,294.7,294.7,24344
2026-02-10 10:05:00,294.7,295.05,293.95,294.0,14774
2026-02-10 10:15:00,294.0,295.0,294.0,294.8,10781
2026-02-10 10:25:00,294.8,295.0,294.5,295.0,9025
2026-02-10 10:35:00,295.0,295.0,294.6,294.6,5230
2026-02-10 10:45:00,294.6,295.0,294.45,294.45,6345
2026-02-10 10:55:00,294.0,294.0,293.8,294.0,11830
2026-02-10 11:05:00,294.0,294.05,293.6,293.95,11053
2026-02-10 11:15:00,294.0,294.0,293.6,293.65,8991
2026-02-10 11:25:00,293.65,294.05,293.65,294.0,2545
2026-02-10 11:35:00,294.0,294.05,293.85,293.95,2400
2026-02-10 11:45:00,293.95,294.0,293.9,293.9,1736
2026-02-10 11:55:00,293.95,293.95,293.9,293.95,3006
2026-02-10 12:05:00,293.95,294.0,293.85,294.0,14170
2026-02-10 12:15:00,294.0,294.0,293.95,293.95,2056
2026-02-10 12:25:00,293.95,294.0,293.75,293.75,15028
2026-02-10 12:35:00,293.75,293.85,293.7,293.8,1844
2026-02-10 12:45:00,293.8,294.0,293.8,293.95,10454
2026-02-10 12:55:00,293.95,294.0,293.9,294.0,2055
2026-02-10 13:05:00,294.0,294.0,293.95,293.95,3057
2026-02-10 13:15:00,293.95,294.0,293.7,293.7,9112
2026-02-10 13:25:00,293.7,294.0,293.7,293.75,3573
2026-02-10 13:35:00,293.75,293.85,293.55,293.55,5335
2026-02-10 13:45:00,293.55,293.85,293.5,293.85,7464
2026-02-10 13:55:00,293.85,293.9,293.55,293.75,1058
2026-02-10 14:05:00,293.75,293.9,292.65,293.2,26372
2026-02-10 14:15:00,293.2,293.75,293.1,293.35,5849
2026-02-10 14:25:00,293.35,293.85,293.25,293.7,10070
2026-02-10 14:35:00,293.7,293.85,293.5,293.55,3695
2026-02-10 14:45:00,293.55,293.85,293.5,293.8,8082
2026-02-10 14:55:00,293.55,293.9,292.75,292.75,26975
2026-02-10 15:05:00,292.75,293.0,292.55,292.85,18768
2026-02-10 15:15:00,292.95,293.1,292.5,292.8,30759
2026-02-10 15:25:00,292.8,293.0,292.1,292.9,27545
2026-02-11 09:15:00,293.45,294.2,291.15,291.15,31202
2026-02-11 09:25:00,291.15,291.5,289.9,290.0,44313
2026-02-11 09:35:00,290.0,290.0,288.4,289.0,28968
2026-02-11 09:45:00,289.0,289.0,288.05,288.7,21954
2026-02-11 09:55:00,288.7,288.85,287.95,288.05,21031
2026-02-11 10:05:00,288.05,288.7,287.5,287.95,16220
2026-02-11 10:15:00,287.95,289.0,287.35,289.0,24617
2026-02-11 10:25:00,289.0,289.0,288.5,288.65,6232
2026-02-11 10:35:00,288.85,289.4,288.6,289.05,13708
2026-02-11 10:45:00,288.95,289.05,288.6,288.6,5334
2026-02-11 10:55:00,288.6,288.8,288.0,288.1,9194
2026-02-11 11:05:00,288.1,288.2,287.05,287.35,13458
2026-02-11 11:15:00,287.35,287.65,286.5,287.35,23468
2026-02-11 11:25:00,287.35,287.45,285.3,285.8,20909
2026-02-11 11:35:00,285.6,285.8,285.1,285.65,18939
2026-02-11 11:45:00,285.65,285.75,281.8,282.45,62508
2026-02-11 11:55:00,282.4,282.6,281.3,282.0,48129
2026-02-11 12:05:00,282.0,282.95,281.8,282.55,45245
2026-02-11 12:15:00,282.55,282.75,282.0,282.0,24281
2026-02-11 12:25:00,282.0,282.65,281.8,281.85,35548
2026-02-11 12:35:00,281.8,282.2,281.05,281.1,40451
2026-02-11 12:45:00,281.05,282.25,281.05,281.8,39313
2026-02-11 12:55:00,281.8,281.95,281.1,281.1,22217
2026-02-11 13:05:00,281.25,281.5,280.25,280.65,44175
2026-02-11 13:15:00,280.65,281.5,280.3,281.15,32245
2026-02-11 13:25:00,281.3,282.0,281.0,281.5,55370
2026-02-11 13:35:00,281.5,281.6,280.6,280.7,30617
2026-02-11 13:45:00,280.7,281.1,280.5,281.0,38436
2026-02-11 13:55:00,280.85,281.25,280.6,280.9,31488
2026-02-11 14:05:00,280.85,281.2,280.55,280.75,24163
2026-02-11 14:15:00,280.75,281.35,280.75,280.95,28127
2026-02-11 14:25:00,280.85,282.8,280.6,282.25,78876
2026-02-11 14:35:00,282.35,284.4,282.2,283.5,68069
2026-02-11 14:45:00,283.9,284.15,283.05,283.6,52400
2026-02-11 14:55:00,283.5,286.4,283.5,285.6,108249
2026-02-11 15:05:00,285.6,285.9,284.7,284.9,52545
2026-02-11 15:15:00,285.2,286.0,284.7,285.75,80176
2026-02-11 15:25:00,285.7,285.9,284.5,284.75,34063
2026-02-12 09:15:00,283.0,285.0,279.25,279.45,115146
2026-02-12 09:25:00,279.1,279.1,277.05,277.5,62487
2026-02-12 09:35:00,277.65,278.7,277.2,277.85,53517
2026-02-12 09:45:00,277.95,279.25,277.35,279.2,56913
2026-02-12 09:55:00,279.0,279.6,278.4,278.45,28735
2026-02-12 10:05:00,278.45,278.95,277.7,278.0,20301
2026-02-12 10:15:00,278.25,278.7,277.85,278.3,33905
2026-02-12 10:25:00,278.15,278.3,276.1,276.25,76960
2026-02-12 10:35:00,276.2,276.5,275.8,276.2,30045
2026-02-12 10:45:00,276.15,276.4,275.45,275.7,50008
2026-02-12 10:55:00,275.7,275.7,274.8,275.1,39678
2026-02-12 11:05:00,275.0,275.65,274.7,275.1,18959
2026-02-12 11:15:00,275.0,275.1,274.1,274.55,15635
2026-02-12 11:25:00,274.55,275.0,273.8,274.1,22377
2026-02-12 11:35:00,274.0,274.4,273.4,273.9,22336
2026-02-12 11:45:00,274.15,274.35,273.55,274.05,23723
2026-02-12 11:55:00,274.05,275.45,273.9,275.45,58741
2026-02-12 12:05:00,275.2,275.95,274.85,275.45,39907
2026-02-12 12:15:00,275.45,275.85,274.65,275.15,32271
2026-02-12 12:25:00,274.9,275.15,273.8,274.0,21269
2026-02-12 12:35:00,273.8,274.0,273.1,273.3,102987
2026-02-12 12:45:00,273.3,273.8,272.7,272.8,34242
2026-02-12 12:55:00,272.8,272.9,272.1,272.35,45187
2026-02-12 13:05:00,272.55,272.75,271.55,271.7,36532
2026-02-12 13:15:00,271.85,272.4,271.7,272.05,16494
2026-02-12 13:25:00,272.05,273.4,272.05,272.35,42498
2026-02-12 13:35:00,272.55,272.95,272.3,272.7,17837
2026-02-12 13:45:00,272.85,273.65,272.3,273.6,49214
2026-02-12 13:55:00,273.65,273.95,273.1,273.5,47996
2026-02-12 14:05:00,273.5,273.75,273.15,273.35,24803
2026-02-12 14:15:00,273.45,273.6,273.1,273.45,22626
2026-02-12 14:25:00,273.45,273.5,273.05,273.2,11751
2026-02-12 14:35:00,273.15,273.55,273.05,273.4,15566
2026-02-12 14:45:00,273.3,274.7,272.8,274.35,73650
2026-02-12 14:55:00,274.35,275.45,274.25,274.8,61517
2026-02-12 15:05:00,274.75,275.15,274.5,274.5,44938
2026-02-12 15:15:00,274.7,274.7,272.7,273.15,97006
2026-02-12 15:25:00,273.1,273.15,272.5,272.7,44006
2026-02-13 09:15:00,265.0,266.6,259.0,262.85,451123
2026-02-13 09:25:00,262.85,263.15,261.2,261.8,229269
2026-02-13 09:35:00,261.8,263.35,261.2,263.0,67967
2026-02-13 09:45:00,262.75,262.75,261.35,261.8,39701
2026-02-13 09:55:00,261.8,261.85,260.65,261.25,49296
2026-02-13 10:05:00,261.25,261.3,260.5,260.8,42297
2026-02-13 10:15:00,260.7,261.45,260.3,261.0,44197
2026-02-13 10:25:00,261.0,262.0,260.95,261.45,51906
2026-02-13 10:35:00,261.5,264.0,261.15,263.25,98349
2026-02-13 10:45:00,263.25,263.35,261.85,262.45,24748
2026-02-13 10:55:00,262.25,263.0,261.05,261.15,38315
2026-02-13 11:05:00,261.15,262.9,260.55,262.8,32231
2026-02-13 11:15:00,262.75,263.25,262.0,262.5,24454
2026-02-13 11:25:00,262.65,262.75,261.6,261.75,24311
2026-02-13 11:35:00,261.55,262.65,261.2,262.65,21423
2026-02-13 11:45:00,262.65,263.95,262.25,263.3,69028
2026-02-13 11:55:00,263.3,263.75,262.45,263.0,36067
2026-02-13 12:05:00,262.85,264.05,262.85,263.5,68514
2026-02-13 12:15:00,263.45,263.8,262.55,263.45,39504
2026-02-13 12:25:00,263.5,266.8,263.15,264.85,164328
2026-02-13 12:35:00,264.8,264.95,264.15,264.65,25894
2026-02-13 12:45:00,264.65,264.95,263.05,263.55,42064
2026-02-13 12:55:00,263.45,263.7,261.7,262.2,35643
2026-02-13 13:05:00,262.2,263.15,261.35,262.5,63238
2026-02-13 13:15:00,262.5,262.85,261.9,262.15,21737
2026-02-13 13:25:00,262.15,262.75,261.05,261.3,41339
2026-02-13 13:35:00,261.4,261.5,260.3,260.3,33465
2026-02-13 13:45:00,260.3,261.6,260.3,261.05,78381
2026-02-13 13:55:00,261.0,261.45,260.85,261.35,43018
2026-02-13 14:05:00,261.25,261.45,260.85,261.05,29421
2026-02-13 14:15:00,261.0,261.25,260.8,261.0,27721
2026-02-13 14:25:00,261.0,261.2,260.5,260.95,110522
2026-02-13 14:35:00,261.05,261.1,257.3,257.5,139685
2026-02-13 14:45:00,257.4,257.7,255.0,256.0,190899
2026-02-13 14:55:00,255.9,256.0,254.65,254.9,128482
2026-02-13 15:05:00,254.95,255.5,253.25,253.9,188955
2026-02-13 15:15:00,253.9,255.0,252.45,254.25,261223
2026-02-13 15:25:00,254.2,254.65,253.15,254.0,63264
2026-02-16 09:15:00,254.0,254.0,248.15,249.5,225311
2026-02-16 09:25:00,249.5,251.25,248.8,250.7,109601
2026-02-16 09:35:00,250.7,251.25,248.35,248.55,60546
2026-02-16 09:45:00,248.55,248.65,246.6,246.7,109158
2026-02-16 09:55:00,246.85,250.15,246.45,249.9,79123
2026-02-16 10:05:00,249.9,250.5,248.85,250.0,38360
2026-02-16 10:15:00,250.0,250.15,249.2,249.95,29030
2026-02-16 10:25:00,249.95,249.95,248.55,249.3,27451
2026-02-16 10:35:00,249.0,249.4,248.15,249.0,24903
2026-02-16 10:45:00,248.85,249.0,248.35,248.4,13182
2026-02-16 10:55:00,248.4,249.4,248.25,249.25,16001
2026-02-16 11:05:00,249.25,249.35,247.65,247.95,39609
2026-02-16 11:15:00,247.9,248.55,247.4,248.35,21592
2026-02-16 11:25:00,248.35,250.55,247.7,249.5,50360
2026-02-16 11:35:00,249.3,249.5,248.45,248.7,23133
2026-02-16 11:45:00,248.7,249.7,248.25,249.25,15497
2026-02-16 11:55:00,249.2,250.1,248.75,250.1,19923
2026-02-16 12:05:00,250.35,250.35,248.0,248.05,49467
2026-02-16 12:15:00,248.2,248.3,247.35,247.85,23257
2026-02-16 12:25:00,247.7,249.15,247.15,248.6,21604
2026-02-16 12:35:00,248.6,248.95,248.1,248.45,21650
2026-02-16 12:45:00,248.45,248.85,248.2,248.7,7092
2026-02-16 12:55:00,248.7,248.75,248.25,248.75,3885
2026-02-16 13:05:00,248.75,249.4,248.25,248.4,10432
2026-02-16 13:15:00,248.4,249.0,248.25,248.8,12209
2026-02-16 13:25:00,248.8,249.0,247.75,248.1,17202
2026-02-16 13:35:00,248.3,248.3,247.7,247.75,11948
2026-02-16 13:45:00,247.75,248.05,247.15,247.3,20622
2026-02-16 13:55:00,247.3,247.6,246.5,246.95,25640
2026-02-16 14:05:00,246.95,247.05,246.55,246.7,13500
2026-02-16 14:15:00,246.7,247.0,246.5,246.65,16034
2026-02-16 14:25:00,246.65,247.85,246.65,247.8,23614
2026-02-16 14:35:00,247.8,249.2,247.6,248.65,36266
2026-02-16 14:45:00,248.55,248.8,247.6,247.85,15552
2026-02-16 14:55:00,247.85,248.65,247.6,248.0,27593
2026-02-16 15:05:00,248.1,248.4,247.55,247.75,48806
2026-02-16 15:15:00,247.6,247.95,247.05,247.5,68899
2026-02-16 15:25:00,247.55,247.75,247.05,247.5,27809
2026-02-17 09:15:00,249.45,251.9,245.35,250.6,210090
2026-02-17 09:25:00,250.55,251.85,249.05,251.5,83025
2026-02-17 09:35:00,251.5,252.4,249.75,251.9,68554
2026-02-17 09:45:00,252.2,252.35,251.2,252.3,35658
2026-02-17 09:55:00,252.35,252.95,251.5,251.7,46409
2026-02-17 10:05:00,251.7,252.3,250.5,251.85,63695
2026-02-17 10:15:00,251.85,252.3,251.2,251.3,31321
2026-02-17 10:25:00,251.3,251.8,250.6,250.95,25841
2026-02-17 10:35:00,250.9,251.9,250.5,251.55,31805
2026-02-17 10:45:00,251.4,251.95,251.1,251.4,16379
2026-02-17 10:55:00,251.4,251.55,249.4,250.05,30759
2026-02-17 11:05:00,250.25,250.3,249.5,249.85,11078
2026-02-17 11:15:00,250.0,250.8,249.85,250.45,10840
2026-02-17 11:25:00,250.45,252.6,250.3,252.35,38921
2026-02-17 11:35:00,252.3,253.3,251.7,252.4,57761
2026-02-17 11:45:00,252.4,253.1,252.25,252.4,22482
2026-02-17 11:55:00,252.6,253.4,252.05,252.8,28326
2026-02-17 12:05:00,252.8,254.9,252.8,253.8,67568
2026-02-17 12:15:00,254.05,254.75,253.65,254.15,25643
2026-02-17 12:25:00,254.3,255.5,253.95,254.25,73956
2026-02-17 12:35:00,254.2,254.9,254.2,254.85,17799
2026-02-17 12:45:00,254.8,255.45,254.05,254.2,49856
2026-02-17 12:55:00,254.2,254.35,253.4,254.05,44469
2026-02-17 13:05:00,254.05,254.75,253.75,254.45,16561
2026-02-17 13:15:00,254.25,254.9,254.0,254.65,13816
2026-02-17 13:25:00,254.65,256.0,254.05,254.65,49494
2026-02-17 13:35:00,254.65,255.25,254.4,254.4,23301
2026-02-17 13:45:00,254.4,254.75,253.8,253.85,19612
2026-02-17 13:55:00,253.85,254.0,252.2,252.95,44445
2026-02-17 14:05:00,252.95,253.2,251.5,251.7,59495
2026-02-17 14:15:00,251.7,252.5,251.5,252.1,27615
2026-02-17 14:25:00,252.1,252.25,251.5,251.7,19214
2026-02-17 14:35:00,251.65,252.0,251.4,251.75,26754
2026-02-17 14:45:00,251.65,251.75,251.0,251.25,23788
2026-02-17 14:55:00,251.25,252.65,251.0,252.25,50100
2026-02-17 15:05:00,252.25,252.95,252.05,252.55,26164
2026-02-17 15:15:00,252.6,253.0,251.85,252.0,78115
2026-02-17 15:25:00,252.3,252.3,251.9,252.0,27078
2026-02-18 09:15:00,255.5,257.3,249.6,251.45,225064
2026-02-18 09:25:00,251.45,252.5,250.25,250.85,51117
2026-02-18 09:35:00,250.7,251.5,250.2,250.35,34636
2026-02-18 09:45:00,250.3,250.3,248.5,249.5,65031
2026-02-18 09:55:00,249.7,249.8,248.05,248.6,47353
2026-02-18 10:05:00,248.4,248.8,247.25,248.2,65067
2026-02-18 10:15:00,248.2,249.2,247.95,249.0,18390
2026-02-18 10:25:00,249.0,249.65,248.7,249.3,21361
2026-02-18 10:35:00,249.3,250.25,249.0,249.6,21291
2026-02-18 10:45:00,249.6,250.55,249.55,250.45,7956
2026-02-18 10:55:00,250.5,253.0,250.45,251.65,74635
2026-02-18 11:05:00,251.65,252.85,251.65,252.55,29377
2026-02-18 11:15:00,252.55,254.8,252.55,254.7,63121
2026-02-18 11:25:00,254.65,255.8,254.4,255.75,69567
2026-02-18 11:35:00,255.75,256.35,255.4,255.95,65004
2026-02-18 11:45:00,255.95,256.75,255.7,256.25,28303
2026-02-18 11:55:00,256.25,256.65,255.95,256.35,21868
2026-02-18 12:05:00,256.35,256.95,256.1,256.7,27263
2026-02-18 12:15:00,256.85,259.6,256.65,259.3,150573
2026-02-18 12:25:00,259.3,259.8,258.6,259.4,54049
2026-02-18 12:35:00,259.4,259.4,258.35,258.4,33738
2026-02-18 12:45:00,258.4,258.55,257.7,258.15,40244
2026-02-18 12:55:00,258.3,258.9,258.0,258.8,14179
2026-02-18 13:05:00,258.8,259.2,258.4,259.1,25502
2026-02-18 13:15:00,259.1,259.5,258.85,259.45,29974
2026-02-18 13:25:00,259.45,259.5,258.65,259.0,32680
2026-02-18 13:35:00,259.0,259.2,258.7,259.1,25190
2026-02-18 13:45:00,259.1,259.5,258.6,258.8,19703
2026-02-18 13:55:00,258.8,259.2,258.6,259.05,11228
2026-02-18 14:05:00,259.2,260.4,259.0,260.15,41224
2026-02-18 14:15:00,260.0,260.95,259.9,260.95,65495
2026-02-18 14:25:00,260.9,261.9,260.6,261.3,120186
2026-02-18 14:35:00,261.05,261.85,258.7,259.0,180166
2026-02-18 14:45:00,259.0,259.4,258.6,258.65,55607
2026-02-18 14:55:00,258.6,260.0,258.55,259.5,65048
2026-02-18 15:05:00,259.6,259.85,259.0,259.25,42365
2026-02-18 15:15:00,259.15,260.5,259.15,260.5,172407
2026-02-18 15:25:00,260.3,261.0,260.25,260.5,60733
2026-02-19 09:15:00,258.75,265.8,257.55,262.0,153932
2026-02-19 09:25:00,262.0,262.2,260.25,260.45,35158
2026-02-19 09:35:00,260.45,261.0,259.5,259.75,28318
2026-02-19 09:45:00,259.75,261.9,259.6,261.0,38446
2026-02-19 09:55:00,260.8,261.7,260.3,261.45,34865
2026-02-19 10:05:00,261.3,262.85,261.25,262.5,26822
2026-02-19 10:15:00,262.3,263.5,262.05,263.4,30561
2026-02-19 10:25:00,263.4,263.85,262.85,262.95,34965
2026-02-19 10:35:00,262.95,263.1,262.4,262.6,26246
2026-02-19 10:45:00,262.6,262.6,261.65,262.1,25118
2026-02-19 10:55:00,262.3,262.55,259.0,260.25,115354
2026-02-19 11:05:00,260.25,260.6,259.75,259.8,19573
2026-02-19 11:15:00,259.95,260.5,259.55,259.9,18793
2026-02-19 11:25:00,259.9,260.15,259.6,259.8,10609
2026-02-19 11:35:00,259.8,259.95,259.05,259.2,18308
2026-02-19 11:45:00,259.2,259.55,258.75,258.75,31466
2026-02-19 11:55:00,258.65,259.45,258.6,259.2,14047
2026-02-19 12:05:00,259.2,259.2,258.1,258.45,9146
2026-02-19 12:15:00,258.45,258.9,258.05,258.9,10986
2026-02-19 12:25:00,258.9,259.0,258.4,258.8,556381
2026-02-19 12:35:00,258.8,259.2,258.0,258.1,32042
2026-02-19 12:45:00,258.1,258.95,257.95,258.6,27473
2026-02-19 12:55:00,258.8,259.05,258.7,259.05,7027
2026-02-19 13:05:00,259.05,259.1,258.8,259.0,9272
2026-02-19 13:15:00,259.0,259.0,258.8,259.0,6991
2026-02-19 13:25:00,259.0,259.0,258.3,258.5,17608
2026-02-19 13:35:00,258.5,258.85,258.1,258.55,8681
2026-02-19 13:45:00,258.4,259.0,258.3,258.65,10121
2026-02-19 13:55:00,258.65,259.0,258.2,258.3,12325
2026-02-19 14:05:00,258.3,258.8,258.05,258.8,15739
2026-02-19 14:15:00,258.8,259.0,258.6,258.9,6341
2026-02-19 14:25:00,258.85,259.0,258.25,258.45,18525
2026-02-19 14:35:00,258.6,258.9,258.15,258.5,25805
2026-02-19 14:45:00,258.5,259.05,258.35,258.55,15515
2026-02-19 14:55:00,258.55,258.8,257.3,257.75,41401
2026-02-19 15:05:00,257.75,258.4,257.25,257.65,83312
2026-02-19 15:15:00,257.65,257.75,256.1,256.25,75686
2026-02-19 15:25:00,256.15,257.5,256.15,257.5,22320
2026-02-20 09:15:00,252.0,252.55,249.15,249.35,131188
2026-02-20 09:25:00,249.35,249.5,247.7,249.2,93741
2026-02-20 09:35:00,249.0,249.9,248.8,249.15,31298
2026-02-20 09:45:00,249.15,250.15,249.0,249.25,30907
2026-02-20 09:55:00,249.25,249.6,248.2,248.5,35805
2026-02-20 10:05:00,248.5,248.7,247.6,247.95,28400
2026-02-20 10:15:00,248.05,248.95,246.8,247.0,93733
2026-02-20 10:25:00,247.0,247.5,246.8,247.2,60000
2026-02-20 10:35:00,247.2,247.7,247.0,247.0,36461
2026-02-20 10:45:00,247.0,247.3,246.5,246.5,52989
2026-02-20 10:55:00,246.5,246.75,245.05,245.2,72026
2026-02-20 11:05:00,245.15,245.25,244.05,244.05,108595
2026-02-20 11:15:00,244.05,244.35,243.0,243.0,108956
2026-02-20 11:25:00,243.0,243.2,242.1,242.6,94838
2026-02-20 11:35:00,242.6,242.85,238.05,239.9,527066
2026-02-20 11:45:00,239.75,240.0,238.1,238.5,252173
2026-02-20 11:55:00,238.5,239.75,238.15,238.6,158245
2026-02-20 12:05:00,238.6,240.0,238.15,240.0,137848
2026-02-20 12:15:00,239.95,240.25,239.35,239.65,152118
2026-02-20 12:25:00,239.6,239.8,238.65,238.9,82819
2026-02-20 12:35:00,238.9,239.25,238.65,239.05,57962
2026-02-20 12:45:00,239.05,239.1,238.1,238.85,70935
2026-02-20 12:55:00,238.85,239.2,238.6,238.85,50957
2026-02-20 13:05:00,238.85,239.0,237.5,238.25,129245
2026-02-20 13:15:00,238.05,238.15,237.1,237.4,92834
2026-02-20 13:25:00,237.35,238.6,237.1,238.5,80368
2026-02-20 13:35:00,238.45,238.95,238.3,238.45,54010
2026-02-20 13:45:00,238.45,239.0,238.2,238.75,46227
2026-02-20 13:55:00,238.75,239.05,238.3,238.55,32734
2026-02-20 14:05:00,238.55,239.6,238.5,238.95,75351
2026-02-20 14:15:00,238.95,240.15,238.8,239.75,198345
2026-02-20 14:25:00,239.7,241.45,239.5,241.05,176421
2026-02-20 14:35:00,241.3,242.7,240.85,242.7,154713
2026-02-20 14:45:00,242.7,243.1,241.1,241.75,93539
2026-02-20 14:55:00,241.7,242.0,240.15,240.5,134108
2026-02-20 15:05:00,240.65,244.2,240.45,243.55,361786
2026-02-20 15:15:00,243.55,244.0,243.5,243.7,241834
2026-02-20 15:25:00,243.65,244.85,243.6,244.5,140807
2026-02-23 09:15:00,245.0,256.1,244.9,252.5,689431
2026-02-23 09:25:00,252.4,255.4,250.65,251.05,333719
2026-02-23 09:35:00,251.0,251.1,248.6,249.3,144088
2026-02-23 09:45:00,249.4,249.4,247.1,247.65,77334
2026-02-23 09:55:00,247.65,248.1,246.1,246.65,55410
2026-02-23 10:05:00,246.65,246.8,245.35,246.2,67700
2026-02-23 10:15:00,246.2,247.6,246.1,247.35,45554
2026-02-23 10:25:00,247.45,247.8,245.5,245.6,43459
2026-02-23 10:35:00,245.6,246.1,245.1,245.15,28409
2026-02-23 10:45:00,245.5,245.5,244.2,244.75,39501
2026-02-23 10:55:00,244.75,245.65,244.75,245.3,14791
2026-02-23 11:05:00,245.3,245.75,244.85,245.5,20717
2026-02-23 11:15:00,245.5,245.5,244.75,245.35,25189
2026-02-23 11:25:00,245.35,246.25,245.2,245.8,12311
2026-02-23 11:35:00,245.3,246.25,245.25,245.55,9120
2026-02-23 11:45:00,245.65,245.9,245.05,245.65,13556
2026-02-23 11:55:00,245.65,245.85,244.85,245.4,24627
2026-02-23 12:05:00,245.4,245.85,244.9,245.2,6720
2026-02-23 12:15:00,245.1,245.2,244.8,245.05,4218
2026-02-23 12:25:00,245.0,245.1,243.2,243.25,31222
2026-02-23 12:35:00,243.35,243.6,242.0,242.4,35240
2026-02-23 12:45:00,242.4,242.4,242.0,242.4,10889
2026-02-23 12:55:00,242.4,242.7,239.55,239.85,169216
2026-02-23 13:05:00,239.85,240.0,239.2,239.3,31002
2026-02-23 13:15:00,239.35,239.8,238.95,239.5,28916
2026-02-23 13:25:00,239.35,240.0,239.35,239.5,18342
2026-02-23 13:35:00,239.5,239.75,238.6,239.45,24099
2026-02-23 13:45:00,239.45,239.65,239.05,239.05,14661
2026-02-23 13:55:00,239.05,239.5,238.65,239.1,26126
2026-02-23 14:05:00,239.1,239.45,238.9,239.15,13194
2026-02-23 14:15:00,239.15,239.15,238.1,238.7,21220
2026-02-23 14:25:00,238.7,240.2,238.25,240.2,139678
2026-02-23 14:35:00,240.5,241.65,240.05,240.25,45103
2026-02-23 14:45:00,240.25,240.7,240.2,240.4,35148
2026-02-23 14:55:00,240.4,240.5,240.15,240.35,43396
2026-02-23 15:05:00,240.35,240.5,239.95,240.15,63075
2026-02-23 15:15:00,240.15,240.15,239.95,239.95,79084
2026-02-23 15:25:00,239.95,241.0,239.95,240.7,59459
2026-02-24 09:15:00,237.0,239.5,234.75,234.8,145398
2026-02-24 09:25:00,235.1,235.1,232.65,233.7,115820
2026-02-24 09:35:00,233.65,234.4,232.55,233.7,57729
2026-02-24 09:45:00,233.8,234.8,233.35,233.35,33019
2026-02-24 09:55:00,233.45,235.0,232.75,234.75,60023
2026-02-24 10:05:00,234.75,236.0,234.75,235.25,39304
2026-02-24 10:15:00,235.25,235.35,234.55,234.8,57212
2026-02-24 10:25:00,234.8,235.95,234.7,234.95,23746
2026-02-24 10:35:00,234.95,235.75,234.0,234.0,23152
2026-02-24 10:45:00,234.0,234.2,232.15,232.15,185714
2026-02-24 10:55:00,232.1,232.4,231.4,231.7,57447
2026-02-24 11:05:00,231.7,231.9,231.45,231.45,37241
2026-02-24 11:15:00,231.45,231.95,231.45,231.8,29731
2026-02-24 11:25:00,231.8,232.1,231.6,231.65,35226
2026-02-24 11:35:00,231.65,231.95,231.45,231.45,34682
2026-02-24 11:45:00,231.45,231.75,231.45,231.45,36665
2026-02-24 11:55:00,231.65,231.7,231.0,231.0,56845
2026-02-24 12:05:00,231.0,231.05,230.55,230.55,51720
2026-02-24 12:15:00,230.6,230.9,230.55,230.55,42524
2026-02-24 12:25:00,230.55,230.85,230.55,230.7,27265
2026-02-24 12:35:00,230.75,230.8,230.1,230.15,45827
2026-02-24 12:45:00,230.6,230.6,229.5,229.6,49876
2026-02-24 12:55:00,229.5,229.65,229.25,229.65,20515
2026-02-24 13:05:00,229.65,229.95,229.5,229.75,35267
2026-02-24 13:15:00,229.7,229.8,229.3,229.45,28225
2026-02-24 13:25:00,229.6,230.25,228.15,228.7,101573
2026-02-24 13:35:00,228.75,228.9,228.0,228.85,64613
2026-02-24 13:45:00,228.8,229.8,228.4,229.5,95174
2026-02-24 13:55:00,229.5,229.7,229.0,229.2,37394
2026-02-24 14:05:00,229.2,229.4,228.5,229.05,52816
2026-02-24 14:15:00,229.3,229.3,228.5,228.75,50875
2026-02-24 14:25:00,228.85,229.35,227.9,227.9,132088
2026-02-24 14:35:00,227.85,227.95,227.25,227.5,74931
2026-02-24 14:45:00,227.5,229.45,227.5,228.05,106368
2026-02-24 14:55:00,228.0,228.25,227.7,228.15,75015
2026-02-24 15:05:00,228.15,228.35,227.7,227.9,95612
2026-02-24 15:15:00,227.9,228.7,227.0,227.85,159067
2026-02-24 15:25:00,227.85,228.3,227.75,228.1,66356
2026-02-25 09:15:00,230.0,231.15,226.15,229.75,353461
2026-02-25 09:25:00,229.9,229.9,227.3,227.3,157565
2026-02-25 09:35:00,227.3,227.6,225.3,225.4,104014
2026-02-25 09:45:00,225.6,226.55,225.55,226.0,63961
2026-02-25 09:55:00,226.0,226.9,225.6,226.45,70038
2026-02-25 10:05:00,226.45,226.85,225.6,225.9,40281
2026-02-25 10:15:00,225.7,226.2,225.0,225.3,53574
2026-02-25 10:25:00,225.3,225.6,225.05,225.45,51231
2026-02-25 10:35:00,225.3,225.5,223.5,224.15,96165
2026-02-25 10:45:00,224.15,224.9,223.95,224.35,71660
2026-02-25 10:55:00,224.35,224.95,224.35,224.9,25348
2026-02-25 11:05:00,224.9,224.95,224.3,224.55,32628
2026-02-25 11:15:00,224.55,224.9,224.4,224.8,32747
2026-02-25 11:25:00,224.8,224.9,224.25,224.45,11017
2026-02-25 11:35:00,224.35,224.5,223.7,224.2,39439
2026-02-25 11:45:00,224.2,224.4,223.8,224.2,28524
2026-02-25 11:55:00,224.2,224.35,223.75,224.35,20069
2026-02-25 12:05:00,224.35,224.35,223.25,223.55,116915
2026-02-25 12:15:00,223.55,224.15,223.1,223.6,24100
2026-02-25 12:25:00,223.5,223.65,222.6,222.6,58541
2026-02-25 12:35:00,222.6,222.65,221.2,221.75,213740
2026-02-25 12:45:00,221.8,221.85,221.1,221.35,50460
2026-02-25 12:55:00,221.35,221.65,220.25,220.7,97793
2026-02-25 13:05:00,220.7,221.6,220.45,221.1,103209
2026-02-25 13:15:00,221.1,221.5,220.9,221.2,32558
2026-02-25 13:25:00,221.15,221.4,220.75,221.25,35199
2026-02-25 13:35:00,221.2,221.35,220.5,220.9,24381
2026-02-25 13:45:00,220.9,221.2,220.7,220.9,16318
2026-02-25 13:55:00,220.7,221.0,220.15,220.4,35771
2026-02-25 14:05:00,220.4,221.4,219.4,220.25,177848
2026-02-25 14:15:00,220.35,221.3,220.1,220.65,52960
2026-02-25 14:25:00,220.75,221.8,220.7,221.65,90795
2026-02-25 14:35:00,221.65,221.85,219.7,219.8,180667
2026-02-25 14:45:00,219.95,220.2,218.15,219.35,279711
2026-02-25 14:55:00,219.35,219.5,218.6,218.85,120130
2026-02-25 15:05:00,218.7,219.15,218.0,218.6,219989
2026-02-25 15:15:00,218.65,219.0,217.65,218.75,288194
2026-02-25 15:25:00,218.65,218.95,217.2,217.7,81146
2026-02-26 09:15:00,218.65,226.35,217.55,219.9,443700
2026-02-26 09:25:00,219.95,220.1,218.05,219.85,229594
2026-02-26 09:35:00,219.85,223.4,219.85,223.35,148080
2026-02-26 09:45:00,223.4,224.2,222.3,222.55,67861
2026-02-26 09:55:00,222.55,222.55,220.35,220.85,47328
2026-02-26 10:05:00,220.85,222.65,220.55,221.4,43423
2026-02-26 10:15:00,221.4,221.65,221.0,221.45,26017
2026-02-26 10:25:00,221.45,221.6,221.0,221.1,36626
2026-02-26 10:35:00,221.0,222.7,221.0,222.65,70580
2026-02-26 10:45:00,222.65,222.9,222.45,222.8,31001
2026-02-26 10:55:00,222.6,222.7,222.25,222.55,21587
2026-02-26 11:05:00,222.55,222.7,222.25,222.5,11460
2026-02-26 11:15:00,222.5,222.5,221.5,221.75,9646
2026-02-26 11:25:00,221.9,222.35,221.55,222.2,25228
2026-02-26 11:35:00,222.05,222.2,221.45,221.6,33091
2026-02-26 11:45:00,221.6,222.0,221.35,221.85,68157
2026-02-26 11:55:00,221.8,221.85,221.4,221.6,17926
2026-02-26 12:05:00,221.6,221.6,219.8,220.0,78831
2026-02-26 12:15:00,220.0,220.0,218.9,219.3,34297
2026-02-26 12:25:00,219.25,219.35,217.2,218.2,91210
2026-02-26 12:35:00,218.2,219.35,218.1,219.1,66550
2026-02-26 12:45:00,219.1,219.3,218.8,219.15,9718
2026-02-26 12:55:00,219.15,219.4,218.7,219.4,11860
2026-02-26 13:05:00,219.4,219.7,218.65,218.9,19855
2026-02-26 13:15:00,218.95,219.3,218.65,219.2,7305
2026-02-26 13:25:00,219.2,220.2,218.95,220.0,17498
2026-02-26 13:35:00,220.0,220.65,219.85,220.3,60186
2026-02-26 13:45:00,220.3,220.3,219.4,219.8,9787
2026-02-26 13:55:00,219.8,220.6,219.45,219.75,19348
2026-02-26 14:05:00,219.6,220.4,219.4,220.25,22165
2026-02-26 14:15:00,220.35,220.4,219.25,219.5,64657
2026-02-26 14:25:00,219.4,219.7,219.1,219.6,15261
2026-02-26 14:35:00,219.6,220.45,219.45,220.45,14727
2026-02-26 14:45:00,220.45,220.55,219.6,220.15,19792
2026-02-26 14:55:00,220.15,220.45,219.55,220.1,42940
2026-02-26 15:05:00,220.0,220.45,219.55,219.65,39765
2026-02-26 15:15:00,219.65,220.05,219.05,219.75,73478
2026-02-26 15:25:00,219.75,219.75,219.0,219.4,21190
2026-02-27 09:15:00,220.0,221.25,217.6,220.9,235313
2026-02-27 09:25:00,220.85,220.85,217.3,217.5,96998
2026-02-27 09:35:00,217.6,218.05,215.95,216.55,136629
2026-02-27 09:45:00,216.55,216.65,215.5,215.9,55682
2026-02-27 09:55:00,215.8,215.8,215.0,215.45,36944
2026-02-27 10:05:00,215.45,215.9,214.45,215.2,75667
2026-02-27 10:15:00,215.2,215.2,214.2,214.45,53651
2026-02-27 10:25:00,214.45,215.0,214.4,214.65,23698
2026-02-27 10:35:00,214.65,214.85,213.75,214.1,24735
2026-02-27 10:45:00,214.1,214.35,213.1,213.4,31971
2026-02-27 10:55:00,213.5,213.6,213.05,213.6,17587
2026-02-27 11:05:00,213.45,213.95,213.15,213.9,26384
2026-02-27 11:15:00,214.0,214.05,213.65,213.65,23584
2026-02-27 11:25:00,213.65,214.15,213.3,213.3,16305
2026-02-27 11:35:00,213.3,213.75,212.6,213.5,34616
2026-02-27 11:45:00,213.55,213.6,213.05,213.25,16761
2026-02-27 11:55:00,213.25,213.35,212.65,212.85,23606
2026-02-27 12:05:00,212.85,213.2,212.6,213.0,21389
2026-02-27 12:15:00,213.0,213.4,212.8,212.85,16545
2026-02-27 12:25:00,212.65,213.25,212.65,213.15,14674
2026-02-27 12:35:00,213.15,215.4,213.15,214.95,89463
2026-02-27 12:45:00,215.0,215.05,214.25,214.5,22369
2026-02-27 12:55:00,214.7,214.8,214.5,214.5,13433
2026-02-27 13:05:00,214.5,214.8,214.35,214.35,4100
2026-02-27 13:15:00,214.4,214.5,214.2,214.4,49443
2026-02-27 13:25:00,214.4,214.8,214.25,214.45,4769
2026-02-27 13:35:00,214.45,214.7,214.25,214.3,5698
2026-02-27 13:45:00,214.3,215.25,214.15,215.05,71403
2026-02-27 13:55:00,215.1,216.25,215.1,215.55,59403
2026-02-27 14:05:00,215.55,215.55,214.8,214.85,6006
2026-02-27 14:15:00,214.85,215.1,214.7,214.85,7770
2026-02-27 14:25:00,214.85,214.95,214.25,214.85,11184
2026-02-27 14:35:00,214.7,214.85,214.2,214.8,19321
2026-02-27 14:45:00,214.8,215.05,214.5,215.0,27799
2026-02-27 14:55:00,215.0,215.1,213.75,213.8,77380
2026-02-27 15:05:00,213.8,213.8,212.1,213.3,145986
2026-02-27 15:15:00,213.25,213.5,212.1,212.85,157630
2026-02-27 15:25:00,212.9,213.25,212.5,213.15,58317
2026-03-02 09:15:00,202.0,208.0,202.0,206.25,277912
2026-03-02 09:25:00,206.74,209.72,206.01,209.18,128106
2026-03-02 09:35:00,209.18,210.4,208.75,210.26,93878
2026-03-02 09:45:00,210.14,211.94,209.85,211.53,58478
2026-03-02 09:55:00,211.53,213.5,211.34,212.41,81130
2026-03-02 10:05:00,212.53,214.3,212.5,213.84,84404
2026-03-02 10:15:00,213.84,214.5,213.25,214.35,47998
2026-03-02 10:25:00,214.36,219.53,214.12,219.3,283186
2026-03-02 10:35:00,218.99,219.71,217.69,217.93,232849
2026-03-02 10:45:00,217.73,218.1,214.35,215.2,311384
2026-03-02 10:55:00,215.5,215.95,213.6,213.85,142499
2026-03-02 11:05:00,213.72,213.9,212.0,212.07,123666
2026-03-02 11:15:00,212.09,212.12,210.6,211.02,89058
2026-03-02 11:25:00,211.18,211.33,210.5,210.5,34851
2026-03-02 11:35:00,210.63,210.71,210.05,210.35,57991
2026-03-02 11:45:00,210.35,210.73,209.65,209.99,40619
2026-03-02 11:55:00,209.9,209.98,208.7,208.8,39019
2026-03-02 12:05:00,208.79,209.0,208.26,208.43,27787
2026-03-02 12:15:00,208.3,209.04,208.3,208.99,29521
2026-03-02 12:25:00,208.99,208.99,207.61,207.8,48967
2026-03-02 12:35:00,207.8,208.8,207.43,208.56,29058
2026-03-02 12:45:00,208.57,209.7,208.27,209.7,37001
2026-03-02 12:55:00,209.7,209.7,208.98,209.32,16108
2026-03-02 13:05:00,209.32,209.85,209.04,209.45,24755
2026-03-02 13:15:00,209.45,209.66,208.57,208.72,15018
2026-03-02 13:25:00,208.72,208.72,207.67,207.77,35881
2026-03-02 13:35:00,207.77,208.12,207.29,207.79,24468
2026-03-02 13:45:00,207.79,207.91,207.3,207.41,19792
2026-03-02 13:55:00,207.41,208.96,206.77,208.72,48116
2026-03-02 14:05:00,208.72,209.84,208.72,209.6,28137
2026-03-02 14:15:00,209.85,210.31,209.24,209.5,52651
2026-03-02 14:25:00,209.41,209.58,208.23,208.9,24186
2026-03-02 14:35:00,208.88,209.95,208.88,209.11,28708
2026-03-02 14:45:00,209.11,209.11,208.24,208.24,19041
2026-03-02 14:55:00,208.24,209.81,208.1,209.75,54349
2026-03-02 15:05:00,209.75,210.55,209.27,210.0,44418
2026-03-02 15:15:00,210.0,211.74,209.99,211.19,80843
2026-03-02 15:25:00,211.19,212.4,210.57,211.55,59366
2026-03-04 09:15:00,206.0,208.02,204.77,207.02,165368
2026-03-04 09:25:00,207.01,209.36,206.94,208.01,104218
2026-03-04 09:35:00,208.07,213.55,208.0,212.74,150603
2026-03-04 09:45:00,212.59,213.8,210.55,212.03,132732
2026-03-04 09:55:00,211.91,214.25,211.5,213.69,108079
2026-03-04 10:05:00,213.82,213.96,212.14,213.8,90460
2026-03-04 10:15:00,213.68,213.7,212.63,213.01,29226
2026-03-04 10:25:00,213.0,213.94,212.8,212.8,21458
2026-03-04 10:35:00,212.8,212.93,211.42,212.5,49405
2026-03-04 10:45:00,212.46,214.72,212.06,213.87,75187
2026-03-04 10:55:00,213.87,216.0,213.26,215.52,68678
2026-03-04 11:05:00,215.31,215.5,214.62,214.95,48288
2026-03-04 11:15:00,214.81,214.85,213.74,213.91,39781
2026-03-04 11:25:00,213.67,213.82,213.0,213.35,45852
2026-03-04 11:35:00,213.35,214.2,213.34,213.67,23140
2026-03-04 11:45:00,213.67,214.0,213.51,213.71,13683
2026-03-04 11:55:00,213.71,214.44,213.6,214.26,21434
2026-03-04 12:05:00,214.26,214.36,213.65,213.82,21117
2026-03-04 12:15:00,213.83,214.11,213.66,213.91,17830
2026-03-04 12:25:00,213.91,213.98,213.26,213.41,20073
2026-03-04 12:35:00,213.41,213.69,213.14,213.38,24866
2026-03-04 12:45:00,213.3,214.0,213.29,213.64,18552
2026-03-04 12:55:00,213.64,213.89,213.25,213.39,25108
2026-03-04 13:05:00,213.39,213.39,213.04,213.19,22276
2026-03-04 13:15:00,213.19,213.48,213.1,213.48,15999
2026-03-04 13:25:00,213.48,214.78,213.45,214.63,42518
2026-03-04 13:35:00,214.63,215.9,214.45,215.9,98951
2026-03-04 13:45:00,215.9,216.8,215.02,215.02,177352
2026-03-04 13:55:00,215.19,216.4,215.01,216.29,108954
2026-03-04 14:05:00,216.27,217.44,215.68,216.99,121851
2026-03-04 14:15:00,216.9,217.93,216.66,216.84,112045
2026-03-04 14:25:00,216.64,216.83,216.06,216.53,60488
2026-03-04 14:35:00,216.53,216.53,215.75,216.24,84150
2026-03-04 14:45:00,216.24,216.79,215.84,216.62,65180
2026-03-04 14:55:00,216.31,216.6,216.0,216.15,74839
2026-03-04 15:05:00,216.14,216.71,216.05,216.71,130484
2026-03-04 15:15:00,216.69,217.95,216.4,217.28,195024
2026-03-04 15:25:00,217.08,217.59,216.34,216.4,73135
2026-03-05 09:15:00,219.7,219.7,215.62,215.87,138487
2026-03-05 09:25:00,215.99,215.99,211.52,212.0,112477
2026-03-05 09:35:00,212.0,212.0,210.2,210.77,96351
2026-03-05 09:45:00,210.65,212.43,210.65,212.43,86952
2026-03-05 09:55:00,212.36,213.22,210.52,212.96,88718
2026-03-05 10:05:00,213.2,215.38,213.15,214.01,155139
2026-03-05 10:15:00,213.91,214.9,213.91,214.37,45504
2026-03-05 10:25:00,214.39,214.7,213.7,213.76,56525
2026-03-05 10:35:00,213.89,214.75,213.87,214.73,54730
2026-03-05 10:45:00,214.75,215.35,213.9,215.25,48320
2026-03-05 10:55:00,215.11,215.64,214.82,215.18,41973
2026-03-05 11:05:00,215.05,215.61,214.71,215.19,42633
2026-03-05 11:15:00,215.08,215.45,214.91,215.29,43242
2026-03-05 11:25:00,215.16,215.55,212.5,215.09,78847
2026-03-05 11:35:00,214.88,215.3,214.73,214.94,33923
2026-03-05 11:45:00,214.91,215.38,214.38,215.38,37595
2026-03-05 11:55:00,215.39,216.87,215.0,216.87,46640
2026-03-05 12:05:00,216.97,218.34,216.87,218.34,108530
2026-03-05 12:15:00,218.08,218.24,217.33,217.99,64154
2026-03-05 12:25:00,217.76,218.25,217.63,217.81,35356
2026-03-05 12:35:00,217.91,218.49,217.7,217.99,46247
2026-03-05 12:45:00,218.0,218.3,217.74,218.26,32866
2026-03-05 12:55:00,218.3,218.5,217.51,218.38,53714
2026-03-05 13:05:00,218.3,218.52,218.13,218.25,23096
2026-03-05 13:15:00,218.22,218.35,217.83,218.07,48725
2026-03-05 13:25:00,218.07,219.47,217.91,219.4,67042
2026-03-05 13:35:00,219.4,219.43,218.57,219.0,88256
2026-03-05 13:45:00,219.0,220.35,218.81,219.84,93469
2026-03-05 13:55:00,219.65,220.5,218.12,219.81,309014
2026-03-05 14:05:00,219.89,220.65,219.1,219.76,92578
2026-03-05 14:15:00,219.77,220.37,219.5,220.37,54769
2026-03-05 14:25:00,220.3,220.9,220.17,220.28,36602
2026-03-05 14:35:00,220.3,221.84,220.29,221.34,96002
2026-03-05 14:45:00,221.34,223.95,221.27,223.61,135621
2026-03-05 14:55:00,223.61,224.29,223.3,224.2,64106
2026-03-05 15:05:00,224.2,224.25,221.53,222.39,186538
2026-03-05 15:15:00,222.39,223.79,222.2,223.4,78679
2026-03-05 15:25:00,223.4,223.94,222.5,222.64,42078
2026-03-06 09:15:00,223.11,226.99,221.69,226.71,150820
2026-03-06 09:25:00,226.69,227.62,225.6,225.74,82718
2026-03-06 09:35:00,225.86,225.94,224.92,225.17,22832
2026-03-06 09:45:00,225.17,225.18,223.82,224.0,37059
2026-03-06 09:55:00,223.92,223.95,222.3,222.37,34766
2026-03-06 10:05:00,222.37,223.56,222.05,223.05,32867
2026-03-06 10:15:00,223.05,223.1,222.2,222.33,15706
2026-03-06 10:25:00,222.33,222.46,221.24,221.34,17383
2026-03-06 10:35:00,221.22,221.57,220.36,220.51,30266
2026-03-06 10:45:00,220.38,220.51,218.81,219.88,37835
2026-03-06 10:55:00,219.88,220.53,219.61,220.36,14300
2026-03-06 11:05:00,220.37,221.01,220.35,220.46,24594
2026-03-06 11:15:00,220.46,220.66,219.35,219.35,36753
2026-03-06 11:25:00,219.35,220.14,219.26,219.82,8652
2026-03-06 11:35:00,219.82,220.29,218.6,218.6,18124
2026-03-06 11:45:00,218.6,218.85,218.35,218.5,14953
2026-03-06 11:55:00,218.44,218.66,218.21,218.31,15371
2026-03-06 12:05:00,218.31,218.53,218.01,218.39,12793
2026-03-06 12:15:00,218.39,220.42,218.21,220.25,31543
2026-03-06 12:25:00,220.25,220.65,219.75,220.53,28851
2026-03-06 12:35:00,220.59,221.73,220.08,221.24,18524
2026-03-06 12:45:00,221.24,221.25,220.53,220.95,8797
2026-03-06 12:55:00,220.95,221.19,220.91,221.05,2265
2026-03-06 13:05:00,221.05,221.62,220.9,221.15,14646
2026-03-06 13:15:00,221.15,222.3,221.15,222.05,14131
2026-03-06 13:25:00,222.05,222.09,220.61,221.4,68272
2026-03-06 13:35:00,221.4,222.78,221.0,221.18,27463
2026-03-06 13:45:00,221.19,221.99,221.11,221.53,241400
2026-03-06 13:55:00,221.5,222.05,221.48,221.92,5389
2026-03-06 14:05:00,221.92,222.1,221.8,222.0,4492
2026-03-06 14:15:00,222.0,222.24,221.89,221.98,9716
2026-03-06 14:25:00,221.98,222.03,221.2,221.2,12249
2026-03-06 14:35:00,221.2,221.47,218.99,218.99,69076
2026-03-06 14:45:00,219.0,219.31,218.65,219.0,196725
2026-03-06 14:55:00,218.68,219.58,218.44,219.13,119180
2026-03-06 15:05:00,219.03,219.7,218.98,219.51,125929
2026-03-06 15:15:00,219.5,220.2,219.34,220.01,153061
2026-03-06 15:25:00,220.0,220.07,220.0,220.01,50467
2026-03-09 09:15:00,212.01,215.2,212.01,214.74,54318
2026-03-09 09:25:00,214.74,216.24,214.34,215.38,51686
2026-03-09 09:35:00,215.47,215.7,214.52,214.76,19368
2026-03-09 09:45:00,214.76,215.4,214.57,214.99,11038
2026-03-09 09:55:00,214.83,215.68,214.72,215.1,22511
2026-03-09 10:05:00,215.1,215.89,214.9,215.79,23706
2026-03-09 10:15:00,215.58,215.59,214.0,214.37,35797
2026-03-09 10:25:00,214.37,214.61,213.64,213.64,13999
2026-03-09 10:35:00,213.64,213.95,213.4,213.81,22603
2026-03-09 10:45:00,213.81,214.4,213.1,214.4,14387
2026-03-09 10:55:00,214.4,216.49,214.3,214.9,25931
2026-03-09 11:05:00,214.9,215.15,214.54,214.81,13584
2026-03-09 11:15:00,214.81,215.5,214.7,215.31,19302
2026-03-09 11:25:00,215.31,216.49,215.28,216.2,18102
2026-03-09 11:35:00,216.26,216.5,215.94,216.0,12428
2026-03-09 11:45:00,216.0,216.12,215.31,215.4,11534
2026-03-09 11:55:00,215.5,215.89,214.9,215.86,7842
2026-03-09 12:05:00,216.0,216.0,215.42,215.62,4021
2026-03-09 12:15:00,215.68,215.7,215.4,215.59,6107
2026-03-09 12:25:00,215.75,216.49,215.58,216.27,7234
2026-03-09 12:35:00,216.18,216.44,215.76,215.97,14172
2026-03-09 12:45:00,215.97,216.19,215.33,215.81,8531
2026-03-09 12:55:00,215.87,216.01,215.4,215.79,4932
2026-03-09 13:05:00,215.78,215.98,215.36,215.56,4425
2026-03-09 13:15:00,215.67,215.89,215.13,215.51,13561
2026-03-09 13:25:00,215.51,215.83,213.2,213.2,33937
2026-03-09 13:35:00,213.2,213.5,212.0,212.57,64670
2026-03-09 13:45:00,212.51,212.58,211.1,211.42,43562
2026-03-09 13:55:00,211.35,211.56,210.55,210.79,39400
2026-03-09 14:05:00,210.7,211.05,210.31,210.45,26749
2026-03-09 14:15:00,210.5,211.0,210.21,210.99,44263
2026-03-09 14:25:00,210.9,211.35,210.6,210.75,26976
2026-03-09 14:35:00,210.75,211.1,210.36,210.89,32607
2026-03-09 14:45:00,210.89,211.51,210.12,210.77,57862
2026-03-09 14:55:00,210.95,211.45,210.56,211.35,39829
2026-03-09 15:05:00,211.4,211.7,210.9,211.62,71211
2026-03-09 15:15:00,211.49,211.67,210.73,211.37,78427
2026-03-09 15:25:00,211.25,213.0,211.0,212.6,38580
2026-03-10 09:15:00,216.0,217.22,214.68,215.11,66897
2026-03-10 09:25:00,215.11,215.23,212.9,213.66,30802
2026-03-10 09:35:00,213.5,214.65,213.11,214.65,26259
2026-03-10 09:45:00,214.5,215.1,214.26,215.1,18975
2026-03-10 09:55:00,215.1,215.19,214.1,214.16,9080
2026-03-10 10:05:00,214.16,214.95,214.16,214.95,10317
2026-03-10 10:15:00,214.86,215.5,214.86,215.16,18867
2026-03-10 10:25:00,215.16,215.5,215.0,215.4,11098
2026-03-10 10:35:00,215.4,215.4,214.1,214.7,6584
2026-03-10 10:45:00,214.7,215.17,214.41,215.09,10004
2026-03-10 10:55:00,215.09,215.09,213.7,213.78,8027
2026-03-10 11:05:00,213.81,214.09,212.82,212.98,13542
2026-03-10 11:15:00,212.98,213.07,211.8,211.92,19589
2026-03-10 11:25:00,211.9,212.0,211.4,211.59,21184
2026-03-10 11:35:00,211.59,212.0,211.4,211.4,15943
2026-03-10 11:45:00,211.37,211.8,211.24,211.79,15642
2026-03-10 11:55:00,211.79,211.99,211.08,211.15,17291
2026-03-10 12:05:00,211.15,211.3,210.7,210.8,22974
2026-03-10 12:15:00,210.86,210.93,210.19,210.36,14888
2026-03-10 12:25:00,210.36,210.63,210.01,210.3,21501
2026-03-10 12:35:00,210.3,211.4,210.3,211.01,22315
2026-03-10 12:45:00,210.84,211.5,210.84,211.4,16040
2026-03-10 12:55:00,211.4,211.55,211.22,211.25,20115
2026-03-10 13:05:00,211.25,211.34,211.0,211.22,12468
2026-03-10 13:15:00,211.22,211.49,211.15,211.25,6569
2026-03-10 13:25:00,211.3,211.84,211.15,211.68,21172
2026-03-10 13:35:00,211.95,212.75,211.87,212.1,32654
2026-03-10 13:45:00,212.1,212.35,211.74,212.14,11940
2026-03-10 13:55:00,212.03,212.45,211.63,212.36,10594
2026-03-10 14:05:00,212.42,212.88,212.3,212.44,14399
2026-03-10 14:15:00,212.55,212.6,211.95,211.95,13257
2026-03-10 14:25:00,212.01,212.22,211.74,211.79,21054
2026-03-10 14:35:00,211.79,212.66,211.79,212.32,26652
2026-03-10 14:45:00,212.32,212.9,212.05,212.61,19758
2026-03-10 14:55:00,212.61,213.81,212.32,213.74,43109
2026-03-10 15:05:00,213.71,213.9,213.54,213.79,25988
2026-03-10 15:15:00,213.77,214.17,213.77,214.17,45976
2026-03-10 15:25:00,214.17,214.5,213.11,214.19,18153
2026-03-11 09:15:00,215.0,222.19,214.21,216.3,375848
2026-03-11 09:25:00,216.06,216.78,215.27,216.5,55139
2026-03-11 09:35:00,216.53,216.59,215.05,215.98,32588
2026-03-11 09:45:00,215.69,216.24,215.15,215.18,25403
2026-03-11 09:55:00,215.18,215.49,214.5,214.75,22161
2026-03-11 10:05:00,214.75,214.75,213.45,213.45,30042
2026-03-11 10:15:00,213.45,213.57,212.7,213.1,41169
2026-03-11 10:25:00,213.1,213.2,212.11,212.25,31106
2026-03-11 10:35:00,212.34,212.48,211.13,211.37,44898
2026-03-11 10:45:00,211.25,211.26,210.34,211.02,45798
2026-03-11 10:55:00,211.02,212.28,210.9,212.12,38223
2026-03-11 11:05:00,212.12,212.44,211.82,212.19,17674
2026-03-11 11:15:00,212.19,212.9,211.68,211.69,23764
2026-03-11 11:25:00,211.6,212.28,211.6,211.88,19304
2026-03-11 11:35:00,211.88,212.3,211.81,212.01,11566
2026-03-11 11:45:00,212.01,212.2,210.65,211.14,24567
2026-03-11 11:55:00,211.14,211.94,210.9,211.78,6399
2026-03-11 12:05:00,211.68,214.19,211.62,214.04,39769
2026-03-11 12:15:00,214.03,214.49,213.87,214.22,18783
2026-03-11 12:25:00,214.25,214.83,214.12,214.61,17469
2026-03-11 12:35:00,214.58,214.67,213.76,214.6,27154
2026-03-11 12:45:00,214.6,214.99,214.14,214.14,14029
2026-03-11 12:55:00,214.15,216.4,213.98,216.2,60510
2026-03-11 13:05:00,216.27,216.8,215.95,216.28,40456
2026-03-11 13:15:00,216.28,216.98,216.0,216.75,34695
2026-03-11 13:25:00,216.84,216.97,216.54,216.72,4830
2026-03-11 13:35:00,216.72,216.74,216.01,216.25,10316
2026-03-11 13:45:00,216.25,216.64,216.13,216.27,16372
2026-03-11 13:55:00,216.27,216.41,215.25,216.0,21041
2026-03-11 14:05:00,216.0,216.49,215.89,216.1,8714
2026-03-11 14:15:00,216.09,217.07,215.66,216.97,53792
2026-03-11 14:25:00,216.87,217.43,216.52,216.52,24344
2026-03-11 14:35:00,216.52,216.88,216.11,216.35,21958
2026-03-11 14:45:00,216.38,217.25,216.36,217.25,55806
2026-03-11 14:55:00,217.25,218.18,217.08,218.0,108733
2026-03-11 15:05:00,218.01,218.23,217.95,218.01,96424
2026-03-11 15:15:00,218.0,218.01,217.96,218.01,64207
2026-03-11 15:25:00,218.0,218.32,218.0,218.0,27124
2026-03-12 09:15:00,218.0,218.0,213.1,214.27,65142
2026-03-12 09:25:00,214.29,217.4,214.1,217.4,78284
2026-03-12 09:35:00,217.4,218.39,216.0,218.2,57869
2026-03-12 09:45:00,218.0,218.14,216.5,217.45,26045
2026-03-12 09:55:00,217.45,220.17,216.81,219.71,51404
2026-03-12 10:05:00,219.71,220.24,219.05,220.2,41021
2026-03-12 10:15:00,220.3,221.6,219.82,221.13,85571
2026-03-12 10:25:00,221.13,221.5,220.46,220.93,26914
2026-03-12 10:35:00,221.14,221.35,220.22,220.84,33035
2026-03-12 10:45:00,220.84,223.34,220.45,223.14,67220
2026-03-12 10:55:00,223.15,223.45,222.6,223.24,80825
2026-03-12 11:05:00,223.27,225.34,223.12,224.57,147816
2026-03-12 11:15:00,224.71,224.89,221.61,222.07,67924
2026-03-12 11:25:00,221.86,222.07,221.0,221.21,41516
2026-03-12 11:35:00,221.21,222.54,221.11,222.31,38060
2026-03-12 11:45:00,222.31,222.48,221.55,221.9,14498
2026-03-12 11:55:00,221.9,222.12,221.65,221.8,20288
2026-03-12 12:05:00,221.8,221.96,221.44,221.7,17081
2026-03-12 12:15:00,221.7,221.93,221.5,221.65,6534
2026-03-12 12:25:00,221.59,221.94,221.5,221.52,13970
2026-03-12 12:35:00,221.48,221.71,221.34,221.58,46110
2026-03-12 12:45:00,221.58,221.73,221.5,221.53,12188
2026-03-12 12:55:00,221.53,221.77,221.3,221.59,71990
2026-03-12 13:05:00,221.59,221.85,221.32,221.8,47682
2026-03-12 13:15:00,221.7,222.29,221.65,222.26,8216
2026-03-12 13:25:00,222.36,224.27,222.15,224.0,36626
2026-03-12 13:35:00,224.0,224.3,224.0,224.0,23524
2026-03-12 13:45:00,224.0,224.19,223.92,224.0,32184
2026-03-12 13:55:00,224.0,224.07,223.87,224.0,34539
2026-03-12 14:05:00,224.0,224.1,223.9,224.01,33301
2026-03-12 14:15:00,224.01,224.2,224.0,224.0,17273
2026-03-12 14:25:00,224.0,224.28,223.91,224.1,33610
2026-03-12 14:35:00,224.1,224.27,224.0,224.0,24638
2026-03-12 14:45:00,224.0,224.16,221.8,222.09,85670
2026-03-12 14:55:00,222.08,222.64,221.7,222.09,41679
2026-03-12 15:05:00,222.09,222.44,221.8,222.15,45279
2026-03-12 15:15:00,222.15,222.59,221.8,221.8,55137
2026-03-12 15:25:00,221.87,222.5,221.55,222.0,39438
2026-03-13 09:15:00,222.0,222.0,217.55,219.15,76117
2026-03-13 09:25:00,219.15,222.49,219.15,220.57,50695
2026-03-13 09:35:00,220.57,220.82,219.47,220.12,31114
2026-03-13 09:45:00,220.12,221.17,220.0,220.26,39086
2026-03-13 09:55:00,220.38,220.78,219.68,220.61,31706
2026-03-13 10:05:00,220.61,221.24,220.46,220.9,19143
2026-03-13 10:15:00,220.75,221.19,220.51,220.51,8178
2026-03-13 10:25:00,220.51,221.6,220.51,221.02,8902
2026-03-13 10:35:00,221.02,221.8,221.02,221.6,9181
2026-03-13 10:45:00,221.6,222.99,221.54,222.94,25670
2026-03-13 10:55:00,222.94,223.3,221.55,222.55,47351
2026-03-13 11:05:00,222.55,222.79,222.3,222.79,7342
2026-03-13 11:15:00,222.65,222.95,222.29,222.58,16555
2026-03-13 11:25:00,222.58,223.36,222.58,222.8,26972
2026-03-13 11:35:00,222.7,222.9,222.32,222.46,12568
2026-03-13 11:45:00,222.46,222.66,222.06,222.24,15097
2026-03-13 11:55:00,222.24,222.55,222.0,222.07,23699
2026-03-13 12:05:00,222.39,222.39,222.0,222.15,6002
2026-03-13 12:15:00,222.11,222.32,222.04,222.06,2329
2026-03-13 12:25:00,222.06,222.35,221.7,222.18,47185
2026-03-13 12:35:00,222.07,222.5,222.0,222.23,48363
2026-03-13 12:45:00,222.22,222.67,222.06,222.32,14297
2026-03-13 12:55:00,222.32,222.6,222.08,222.3,8348
2026-03-13 13:05:00,222.3,222.42,221.83,222.28,27058
2026-03-13 13:15:00,222.28,222.4,222.0,222.21,13171
2026-03-13 13:25:00,222.21,222.25,221.95,222.22,28719
2026-03-13 13:35:00,222.22,223.12,222.0,222.8,35350
2026-03-13 13:45:00,222.82,223.0,222.75,222.75,20412
2026-03-13 13:55:00,222.75,223.75,222.3,223.0,116221
2026-03-13 14:05:00,223.0,223.69,223.0,223.69,25013
2026-03-13 14:15:00,223.69,224.4,223.5,224.0,87614
2026-03-13 14:25:00,224.0,228.42,224.0,226.64,216237
2026-03-13 14:35:00,226.6,226.62,224.51,225.18,173601
2026-03-13 14:45:00,225.24,225.91,224.7,225.01,49619
2026-03-13 14:55:00,225.01,225.24,224.37,225.1,57202
2026-03-13 15:05:00,224.89,225.9,224.76,225.2,126252
2026-03-13 15:15:00,225.2,225.95,225.0,225.16,80833
2026-03-13 15:25:00,225.16,225.5,225.0,225.0,37824
2026-03-16 09:15:00,223.15,223.15,218.08,218.08,149425
2026-03-16 09:25:00,218.25,219.55,217.35,218.18,77393
2026-03-16 09:35:00,218.18,220.44,218.18,219.34,38666
2026-03-16 09:45:00,219.17,219.21,217.5,217.5,54451
2026-03-16 09:55:00,217.64,218.09,216.21,217.66,67959
2026-03-16 10:05:00,217.66,217.66,215.41,215.68,64096
2026-03-16 10:15:00,215.7,215.7,214.2,214.2,49816
2026-03-16 10:25:00,214.37,215.86,213.62,214.15,67737
2026-03-16 10:35:00,214.15,214.41,213.35,213.53,37254
2026-03-16 10:45:00,213.53,213.83,211.25,211.64,162156
2026-03-16 10:55:00,211.53,213.73,211.42,212.08,162302
2026-03-16 11:05:00,211.9,212.77,211.61,211.78,57126
2026-03-16 11:15:00,211.78,213.29,211.63,212.65,38666
2026-03-16 11:25:00,212.65,213.42,212.41,213.0,21999
2026-03-16 11:35:00,213.0,213.76,212.81,212.81,42629
2026-03-16 11:45:00,212.82,213.68,212.77,213.17,16442
2026-03-16 11:55:00,213.17,214.29,212.75,213.73,30384
2026-03-16 12:05:00,213.74,214.13,212.92,212.95,19509
2026-03-16 12:15:00,212.95,213.19,212.44,213.13,11017
2026-03-16 12:25:00,213.13,213.42,212.55,212.74,35525
2026-03-16 12:35:00,212.75,213.12,212.27,212.62,12258
2026-03-16 12:45:00,212.62,212.85,212.0,212.75,17590
2026-03-16 12:55:00,212.66,212.75,211.9,211.9,28899
2026-03-16 13:05:00,211.61,212.45,211.4,212.0,25481
2026-03-16 13:15:00,212.0,212.4,211.61,211.79,16215
2026-03-16 13:25:00,211.97,212.0,211.38,211.7,20699
2026-03-16 13:35:00,211.7,212.89,211.57,212.39,12920
2026-03-16 13:45:00,212.32,212.59,212.03,212.2,6998
2026-03-16 13:55:00,212.28,214.82,212.1,214.36,80630
2026-03-16 14:05:00,214.31,215.45,214.0,215.11,44582
2026-03-16 14:15:00,215.22,217.44,215.04,217.44,76351
2026-03-16 14:25:00,217.2,217.59,216.81,217.0,31341
2026-03-16 14:35:00,217.0,217.6,217.0,217.22,23342
2026-03-16 14:45:00,217.2,218.35,217.2,218.16,29485
2026-03-16 14:55:00,218.12,218.54,216.73,217.02,61542
2026-03-16 15:05:00,217.03,218.0,216.91,217.64,44720
2026-03-16 15:15:00,217.84,218.41,217.27,218.0,118604
2026-03-16 15:25:00,218.01,218.2,218.0,218.0,67364
2026-03-17 09:15:00,218.35,220.11,216.52,217.6,48565
2026-03-17 09:25:00,217.51,217.56,215.85,215.88,26927
2026-03-17 09:35:00,215.91,216.95,215.36,215.49,24620
2026-03-17 09:45:00,215.49,216.02,215.03,215.74,32385
2026-03-17 09:55:00,215.73,217.78,215.7,217.4,31378
2026-03-17 10:05:00,217.4,217.5,216.62,216.76,8756
2026-03-17 10:15:00,216.92,217.35,216.7,216.7,14951
2026-03-17 10:25:00,216.7,216.73,215.82,215.95,12816
2026-03-17 10:35:00,216.05,216.63,215.75,215.85,8978
2026-03-17 10:45:00,215.88,217.55,215.85,217.55,18073
2026-03-17 10:55:00,217.79,217.85,216.36,216.6,12356
2026-03-17 11:05:00,216.55,216.97,216.45,216.61,4047
2026-03-17 11:15:00,216.61,216.69,215.64,215.98,5364
2026-03-17 11:25:00,215.98,216.09,215.75,215.89,3658
2026-03-17 11:35:00,215.89,215.98,215.35,215.35,8916
2026-03-17 11:45:00,215.35,215.56,214.68,215.1,20895
2026-03-17 11:55:00,215.05,215.37,214.82,215.14,6042
2026-03-17 12:05:00,215.14,215.33,215.1,215.19,1777
2026-03-17 12:15:00,215.19,215.25,214.25,214.47,17411
2026-03-17 12:25:00,214.47,214.65,214.24,214.5,4180
2026-03-17 12:35:00,214.57,214.91,214.5,214.91,3112
2026-03-17 12:45:00,214.91,215.66,214.86,215.05,6974
2026-03-17 12:55:00,215.05,215.37,215.0,215.34,3114
2026-03-17 13:05:00,215.34,215.49,215.11,215.43,5318
2026-03-17 13:15:00,215.55,215.88,215.34,215.52,4295
2026-03-17 13:25:00,215.52,215.9,215.36,215.77,7585
2026-03-17 13:35:00,215.72,215.88,215.5,215.64,1585
2026-03-17 13:45:00,215.64,215.69,215.41,215.45,4967
2026-03-17 13:55:00,215.51,215.6,215.3,215.55,6707
2026-03-17 14:05:00,215.55,215.56,215.44,215.45,3034
2026-03-17 14:15:00,215.45,215.51,214.75,214.89,11161
2026-03-17 14:25:00,214.89,215.14,214.75,214.8,4333
2026-03-17 14:35:00,214.8,215.65,214.8,215.3,15766
2026-03-17 14:45:00,215.3,216.1,215.2,216.0,19603
2026-03-17 14:55:00,216.25,217.22,216.0,217.06,60850
2026-03-17 15:05:00,217.06,217.35,216.95,217.15,56765
2026-03-17 15:15:00,217.15,217.18,216.85,217.02,50250
2026-03-17 15:25:00,217.0,217.2,216.5,217.2,20791
2026-03-18 09:15:00,218.25,224.76,217.33,224.03,174719
2026-03-18 09:25:00,224.03,224.4,222.05,222.5,65416
2026-03-18 09:35:00,222.5,225.5,222.01,224.55,105008
2026-03-18 09:45:00,224.55,225.06,223.66,224.49,67542
2026-03-18 09:55:00,224.49,225.29,223.9,224.13,48415
2026-03-18 10:05:00,224.13,224.62,223.9,224.57,38424
2026-03-18 10:15:00,224.56,229.8,224.5,229.57,252262
2026-03-18 10:25:00,229.5,230.4,227.02,227.27,267966
2026-03-18 10:35:00,227.2,227.86,226.01,226.08,92306
2026-03-18 10:45:00,226.08,227.82,226.08,227.69,40603
2026-03-18 10:55:00,227.55,227.6,226.66,226.85,45478
2026-03-18 11:05:00,226.85,226.99,226.05,226.4,26579
2026-03-18 11:15:00,226.41,226.9,226.05,226.22,15760
2026-03-18 11:25:00,226.22,226.68,225.82,226.0,24658
2026-03-18 11:35:00,226.0,226.22,225.44,226.0,19558
2026-03-18 11:45:00,226.0,226.0,225.34,225.56,18211
2026-03-18 11:55:00,225.56,225.56,223.65,223.77,41167
2026-03-18 12:05:00,223.91,223.91,223.01,223.12,28407
2026-03-18 12:15:00,223.12,223.33,222.61,222.95,20288
2026-03-18 12:25:00,222.95,223.73,222.49,223.29,34550
2026-03-18 12:35:00,223.29,223.29,223.0,223.19,5163
2026-03-18 12:45:00,223.19,224.1,223.0,223.31,23887
2026-03-18 12:55:00,223.31,226.0,223.26,225.47,38846
2026-03-18 13:05:00,225.47,225.85,225.04,225.73,28486
2026-03-18 13:15:00,225.73,227.1,225.49,226.32,49960
2026-03-18 13:25:00,226.32,226.4,225.25,225.3,32550
2026-03-18 13:35:00,225.46,227.0,225.23,226.51,45948
2026-03-18 13:45:00,226.51,226.68,226.18,226.53,15056
2026-03-18 13:55:00,226.2,226.7,226.01,226.32,37409
2026-03-18 14:05:00,226.32,226.34,226.0,226.01,4990
2026-03-18 14:15:00,226.01,226.43,226.01,226.4,12663
2026-03-18 14:25:00,226.48,226.71,225.0,225.12,29940
2026-03-18 14:35:00,225.24,226.5,225.0,226.27,13373
2026-03-18 14:45:00,226.13,226.27,226.0,226.09,13447
2026-03-18 14:55:00,226.09,227.39,226.02,227.19,59943
2026-03-18 15:05:00,227.19,227.76,226.68,227.7,104689
2026-03-18 15:15:00,227.76,228.37,227.6,228.28,88274
2026-03-18 15:25:00,228.35,228.98,228.11,228.5,73457
2026-03-19 09:15:00,222.62,226.0,222.01,224.44,131626
2026-03-19 09:25:00,224.37,224.87,223.84,224.02,27620
2026-03-19 09:35:00,223.99,224.0,222.66,223.21,28577
2026-03-19 09:45:00,223.21,223.26,222.3,222.41,21333
2026-03-19 09:55:00,222.41,223.75,222.1,223.16,30531
2026-03-19 10:05:00,223.16,223.21,222.78,222.8,1623
2026-03-19 10:15:00,222.8,223.13,222.52,223.02,7965
2026-03-19 10:25:00,223.08,223.66,223.0,223.27,14034
2026-03-19 10:35:00,223.27,223.58,223.0,223.17,8843
2026-03-19 10:45:00,223.27,223.27,222.85,223.0,11973
2026-03-19 10:55:00,223.01,223.15,222.75,222.91,5693
2026-03-19 11:05:00,222.91,222.91,222.1,222.45,28985
2026-03-19 11:15:00,222.45,223.0,222.4,222.98,12862
2026-03-19 11:25:00,222.98,223.0,222.38,223.0,5427
2026-03-19 11:35:00,223.0,223.0,222.78,222.91,1684
2026-03-19 11:45:00,222.91,223.0,222.74,222.9,2605
2026-03-19 11:55:00,222.9,223.3,222.8,222.94,12015
2026-03-19 12:05:00,222.94,223.09,222.86,223.02,2500
2026-03-19 12:15:00,223.02,223.19,222.81,223.0,16764
2026-03-19 12:25:00,223.0,223.21,223.0,223.09,4470
2026-03-19 12:35:00,223.09,223.3,223.02,223.15,2333
2026-03-19 12:45:00,223.15,223.4,223.05,223.4,6544
2026-03-19 12:55:00,223.4,223.4,223.19,223.2,1173
2026-03-19 13:05:00,223.19,223.35,222.9,223.26,10095
2026-03-19 13:15:00,223.26,223.26,222.8,222.94,1773
2026-03-19 13:25:00,222.94,222.94,222.21,222.58,17052
2026-03-19 13:35:00,222.58,222.67,222.5,222.67,3358
2026-03-19 13:45:00,222.67,222.93,222.42,222.85,8637
2026-03-19 13:55:00,222.85,223.42,222.62,223.2,43963
2026-03-19 14:05:00,223.2,223.25,220.56,222.0,29504
2026-03-19 14:15:00,222.0,222.06,221.52,221.84,12876
2026-03-19 14:25:00,221.84,222.0,221.47,221.68,20058
2026-03-19 14:35:00,221.68,222.22,221.66,222.18,17264
2026-03-19 14:45:00,222.18,222.19,220.53,220.99,29257
2026-03-19 14:55:00,220.85,220.97,219.32,220.2,62532
2026-03-19 15:05:00,220.0,221.87,219.5,220.4,73851
2026-03-19 15:15:00,220.4,220.4,218.4,218.98,41792
2026-03-19 15:25:00,218.73,219.7,218.35,219.0,12512
2026-03-20 09:15:00,225.9,228.46,221.1,222.67,685021
2026-03-20 09:25:00,222.39,222.66,221.35,221.67,96922
2026-03-20 09:35:00,221.67,221.92,220.5,221.0,69570
2026-03-20 09:45:00,220.74,220.97,218.1,219.75,126725
2026-03-20 09:55:00,219.75,221.3,219.44,220.5,77755
2026-03-20 10:05:00,220.5,221.4,220.05,220.67,25781
2026-03-20 10:15:00,220.67,220.67,219.1,219.31,55741
2026-03-20 10:25:00,219.16,220.63,219.11,220.63,34832
2026-03-20 10:35:00,220.63,220.63,219.81,220.03,25150
2026-03-20 10:45:00,220.03,220.05,219.2,219.68,12001
2026-03-20 10:55:00,219.68,219.68,218.9,218.96,16310
2026-03-20 11:05:00,218.96,219.39,218.89,219.31,11234
2026-03-20 11:15:00,219.31,220.28,219.2,220.12,18728
2026-03-20 11:25:00,220.12,220.26,219.71,219.95,7657
2026-03-20 11:35:00,219.95,219.95,219.0,219.03,14040
2026-03-20 11:45:00,219.03,219.79,219.03,219.3,12389
2026-03-20 11:55:00,219.3,219.38,218.55,218.55,12187
2026-03-20 12:05:00,218.55,218.55,217.57,218.24,25131
2026-03-20 12:15:00,218.24,218.24,217.63,217.77,14091
2026-03-20 12:25:00,217.72,218.05,217.22,217.95,43073
2026-03-20 12:35:00,217.95,218.5,217.95,218.38,10540
2026-03-20 12:45:00,218.38,218.68,217.8,218.15,14106
2026-03-20 12:55:00,218.15,218.31,217.5,217.87,15509
2026-03-20 13:05:00,217.87,218.06,217.75,217.75,7533
2026-03-20 13:15:00,217.75,218.17,217.59,217.6,8644
2026-03-20 13:25:00,217.6,217.83,217.55,217.78,5402
2026-03-20 13:35:00,217.78,217.91,217.5,217.64,7850
2026-03-20 13:45:00,217.51,217.84,216.87,217.31,20751
2026-03-20 13:55:00,217.31,217.32,216.4,217.13,30437
2026-03-20 14:05:00,217.19,217.28,216.7,217.0,8462
2026-03-20 14:15:00,217.22,217.85,216.92,217.7,25338
2026-03-20 14:25:00,217.7,217.9,217.36,217.89,30163
2026-03-20 14:35:00,217.89,218.33,217.32,217.72,45643
2026-03-20 14:45:00,217.65,217.77,216.01,216.35,37899
2026-03-20 14:55:00,216.33,216.97,215.52,216.72,57461
2026-03-20 15:05:00,216.45,218.31,215.8,216.48,114233
2026-03-20 15:15:00,216.44,217.78,216.2,216.8,149363
2026-03-20 15:25:00,216.9,216.96,216.29,216.8,52201
2026-03-23 09:15:00,215.0,215.0,210.64,210.93,57481
2026-03-23 09:25:00,210.93,211.92,210.9,211.29,29106
2026-03-23 09:35:00,211.29,212.31,211.02,211.95,25243
2026-03-23 09:45:00,211.95,214.69,210.8,214.46,91950
2026-03-23 09:55:00,214.46,214.81,214.07,214.21,29972
2026-03-23 10:05:00,214.21,214.83,214.02,214.32,16190
2026-03-23 10:15:00,214.32,214.32,211.25,211.25,52140
2026-03-23 10:25:00,211.37,211.41,210.15,210.29,29018
2026-03-23 10:35:00,210.29,211.45,209.62,210.25,50437
2026-03-23 10:45:00,210.25,210.25,209.5,209.73,14173
2026-03-23 10:55:00,209.73,210.17,209.12,209.85,12853
2026-03-23 11:05:00,209.85,210.84,208.93,209.25,28122
2026-03-23 11:15:00,209.25,209.73,208.8,209.41,8421
2026-03-23 11:25:00,209.33,210.0,209.0,209.08,7583
2026-03-23 11:35:00,209.08,209.79,208.27,208.46,23151
2026-03-23 11:45:00,208.46,210.0,208.4,209.02,6638
2026-03-23 11:55:00,209.02,209.25,208.67,208.95,3769
2026-03-23 12:05:00,208.95,209.6,208.8,208.9,11514
2026-03-23 12:15:00,208.9,209.38,208.4,208.4,12452
2026-03-23 12:25:00,208.3,209.45,208.2,209.31,8796
2026-03-23 12:35:00,209.31,209.41,208.37,208.68,7784
2026-03-23 12:45:00,208.68,209.39,208.59,208.74,5995
2026-03-23 12:55:00,208.7,208.85,208.08,208.15,11271
2026-03-23 13:05:00,208.2,208.36,207.32,207.4,14279
2026-03-23 13:15:00,207.6,208.0,206.91,207.76,39012
2026-03-23 13:25:00,207.63,208.02,207.14,207.72,5931
2026-03-23 13:35:00,207.72,208.04,206.98,207.95,19511
2026-03-23 13:45:00,207.93,208.3,207.86,208.1,7990
2026-03-23 13:55:00,208.1,208.83,208.0,208.6,21359
2026-03-23 14:05:00,208.6,209.19,208.32,209.01,7227
2026-03-23 14:15:00,209.01,209.4,208.67,208.71,20831
2026-03-23 14:25:00,208.71,208.83,207.81,208.7,18885
2026-03-23 14:35:00,208.7,209.84,208.52,209.77,16246
2026-03-23 14:45:00,209.63,210.15,209.0,210.15,32264
2026-03-23 14:55:00,210.29,210.36,208.35,208.5,36533
2026-03-23 15:05:00,207.9,208.08,206.9,207.48,44217
2026-03-23 15:15:00,207.95,207.95,206.5,206.58,39558
2026-03-23 15:25:00,206.49,206.99,204.15,205.25,43396
2026-03-24 09:15:00,210.0,214.94,208.25,209.78,116995
2026-03-24 09:25:00,210.0,211.2,209.98,210.42,48865
2026-03-24 09:35:00,210.4,210.9,209.94,210.07,42378
2026-03-24 09:45:00,210.07,210.56,209.83,210.29,44402
2026-03-24 09:55:00,210.29,210.5,209.58,209.6,11843
2026-03-24 10:05:00,209.6,209.6,209.0,209.17,18524
2026-03-24 10:15:00,209.17,210.4,208.83,210.07,19457
2026-03-24 10:25:00,210.07,210.13,208.63,208.63,11074
2026-03-24 10:35:00,208.36,208.55,207.5,208.31,38371
2026-03-24 10:45:00,208.31,210.0,208.31,208.74,30707
2026-03-24 10:55:00,208.89,209.61,208.86,209.01,13688
2026-03-24 11:05:00,209.01,209.44,208.81,209.0,7860
2026-03-24 11:15:00,209.0,210.25,209.0,209.82,15781
2026-03-24 11:25:00,209.82,210.53,209.69,210.53,11689
2026-03-24 11:35:00,210.65,211.43,210.58,211.28,19008
2026-03-24 11:45:00,211.4,213.5,211.27,213.35,52247
2026-03-24 11:55:00,213.4,215.7,213.32,215.54,75759
2026-03-24 12:05:00,215.4,215.4,214.47,214.62,43803
2026-03-24 12:15:00,214.62,215.5,214.04,215.5,32361
2026-03-24 12:25:00,215.33,215.5,214.3,214.94,24533
2026-03-24 12:35:00,214.94,215.49,214.68,214.92,25371
2026-03-24 12:45:00,214.92,215.75,214.92,215.49,28177
2026-03-24 12:55:00,215.49,216.22,215.11,216.0,26795
2026-03-24 13:05:00,215.89,216.03,215.37,215.72,21561
2026-03-24 13:15:00,215.72,216.5,215.37,216.02,26631
2026-03-24 13:25:00,215.97,216.98,215.83,216.87,39707
2026-03-24 13:35:00,216.99,217.0,216.8,216.85,12054
2026-03-24 13:45:00,216.91,216.91,215.8,216.19,31163
2026-03-24 13:55:00,216.19,217.6,215.76,217.6,46680
2026-03-24 14:05:00,217.63,218.0,217.49,217.89,23241
2026-03-24 14:15:00,217.89,217.89,216.85,217.3,33798
2026-03-24 14:25:00,217.21,217.63,217.2,217.44,12933
2026-03-24 14:35:00,217.54,217.54,216.31,216.87,25094
2026-03-24 14:45:00,216.8,217.23,216.64,217.04,15169
2026-03-24 14:55:00,217.1,217.25,215.44,215.58,32607
2026-03-24 15:05:00,215.57,216.3,215.21,216.09,44930
2026-03-24 15:15:00,216.26,216.84,215.5,216.31,69502
2026-03-24 15:25:00,216.31,216.45,216.05,216.34,21419
2026-03-25 09:15:00,218.0,221.88,218.0,220.65,141298
2026-03-25 09:25:00,220.49,223.5,220.49,223.0,78456
2026-03-25 09:35:00,223.0,224.51,222.2,223.47,79248
2026-03-25 09:45:00,223.38,223.6,222.7,223.5,39137
2026-03-25 09:55:00,223.5,223.83,223.25,223.3,18328
2026-03-25 10:05:00,223.38,224.05,222.89,223.98,32101
2026-03-25 10:15:00,223.79,223.83,222.51,222.65,24564
2026-03-25 10:25:00,222.66,223.38,222.11,222.3,25564
2026-03-25 10:35:00,222.3,223.32,222.3,223.24,11240
2026-03-25 10:45:00,223.26,223.29,222.5,222.75,21965
2026-03-25 10:55:00,222.75,222.79,222.03,222.03,22799
2026-03-25 11:05:00,222.03,222.55,221.6,222.5,24246
2026-03-25 11:15:00,222.54,222.66,221.82,221.82,14213
2026-03-25 11:25:00,221.82,223.65,221.08,223.21,49422
2026-03-25 11:35:00,223.38,223.38,222.54,222.8,23039
2026-03-25 11:45:00,222.88,223.41,222.75,223.36,27761
2026-03-25 11:55:00,223.36,223.36,222.56,223.07,15029
2026-03-25 12:05:00,223.07,223.3,222.96,223.22,8149
2026-03-25 12:15:00,223.22,223.38,222.76,223.26,13703
2026-03-25 12:25:00,223.26,223.32,222.8,223.02,15183
2026-03-25 12:35:00,223.15,223.4,223.06,223.27,12382
2026-03-25 12:45:00,223.27,223.35,223.0,223.1,9681
2026-03-25 12:55:00,223.1,223.22,223.0,223.02,5456
2026-03-25 13:05:00,223.02,223.25,223.0,223.11,14230
2026-03-25 13:15:00,223.11,223.24,222.92,223.0,6013
2026-03-25 13:25:00,223.0,223.1,222.72,223.01,48704
2026-03-25 13:35:00,223.01,223.3,223.0,223.18,14582
2026-03-25 13:45:00,223.09,223.25,223.0,223.19,6858
2026-03-25 13:55:00,223.11,223.89,223.0,223.88,67295
2026-03-25 14:05:00,223.94,224.27,223.75,224.13,37980
2026-03-25 14:15:00,224.13,224.95,224.09,224.15,67748
2026-03-25 14:25:00,224.15,224.66,224.13,224.38,22740
2026-03-25 14:35:00,224.38,224.72,224.01,224.32,52239
2026-03-25 14:45:00,224.32,224.68,224.24,224.37,43491
2026-03-25 14:55:00,224.39,224.61,224.0,224.44,87380
2026-03-25 15:05:00,224.4,224.67,224.32,224.59,63632
2026-03-25 15:15:00,224.59,224.7,224.42,224.5,93178
2026-03-25 15:25:00,224.5,224.52,224.0,224.02,52080
2026-03-27 09:15:00,221.04,222.12,217.06,217.2,165973
2026-03-27 09:25:00,217.2,219.9,217.2,218.39,84250
2026-03-27 09:35:00,218.39,218.81,217.2,217.2,54566
2026-03-27 09:45:00,217.2,217.38,216.55,216.64,51066
2026-03-27 09:55:00,216.65,216.65,215.0,215.36,81944
2026-03-27 10:05:00,215.06,215.7,214.0,214.0,74529
2026-03-27 10:15:00,214.0,214.91,214.0,214.38,53224
2026-03-27 10:25:00,214.38,214.61,213.5,214.11,63579
2026-03-27 10:35:00,214.11,214.26,213.11,213.46,45470
2026-03-27 10:45:00,213.46,213.7,213.16,213.22,27636
2026-03-27 10:55:00,213.22,214.46,213.2,214.12,29353
2026-03-27 11:05:00,213.99,214.15,213.3,213.62,28888
2026-03-27 11:15:00,213.62,213.84,212.73,212.88,32279
2026-03-27 11:25:00,212.96,213.39,212.5,213.11,23291
2026-03-27 11:35:00,213.11,213.38,212.4,212.89,20009
2026-03-27 11:45:00,212.82,213.21,212.27,212.99,15863
2026-03-27 11:55:00,213.0,213.43,212.5,212.63,23689
2026-03-27 12:05:00,212.56,213.05,212.5,212.89,8169
2026-03-27 12:15:00,212.8,213.82,212.55,213.63,47553
2026-03-27 12:25:00,213.62,213.95,213.48,213.58,20166
2026-03-27 12:35:00,213.58,213.6,212.81,213.0,19315
2026-03-27 12:45:00,213.0,213.29,212.54,212.55,16171
2026-03-27 12:55:00,212.59,213.64,212.5,213.2,30370
2026-03-27 13:05:00,213.16,214.15,213.02,213.75,37971
2026-03-27 13:15:00,213.78,214.2,213.5,213.5,11254
2026-03-27 13:25:00,213.5,213.87,213.5,213.7,11986
2026-03-27 13:35:00,213.69,214.99,213.67,214.65,35996
2026-03-27 13:45:00,214.65,214.9,214.2,214.5,23804
2026-03-27 13:55:00,214.5,214.56,213.76,214.25,26791
2026-03-27 14:05:00,214.2,214.2,213.59,214.03,20264
2026-03-27 14:15:00,214.03,214.79,213.76,213.88,20660
2026-03-27 14:25:00,213.88,214.48,213.05,213.2,29660
2026-03-27 14:35:00,213.16,213.36,212.81,213.13,19502
2026-03-27 14:45:00,213.05,213.74,213.0,213.19,35218
2026-03-27 14:55:00,213.19,214.3,212.01,213.67,211991
2026-03-27 15:05:00,213.51,214.74,211.6,212.63,303961
2026-03-27 15:15:00,212.63,213.95,211.53,212.57,359767
2026-03-27 15:25:00,212.57,212.97,212.06,212.5,88235
2026-03-30 09:15:00,211.01,211.8,206.1,207.3,139670
2026-03-30 09:25:00,207.19,209.62,206.88,209.46,49295
2026-03-30 09:35:00,209.46,210.4,209.0,210.24,20541
2026-03-30 09:45:00,210.0,210.09,208.3,208.4,26021
2026-03-30 09:55:00,208.3,208.3,206.8,207.1,24048
2026-03-30 10:05:00,207.1,207.17,206.23,207.16,34140
2026-03-30 10:15:00,207.17,207.18,206.03,206.57,18715
2026-03-30 10:25:00,206.55,206.55,205.68,206.08,28171
2026-03-30 10:35:00,206.03,206.96,205.6,205.68,24259
2026-03-30 10:45:00,205.68,206.28,205.2,205.8,17432
2026-03-30 10:55:00,205.68,206.05,205.12,205.71,14478
2026-03-30 11:05:00,205.71,205.84,205.1,205.63,16810
2026-03-30 11:15:00,205.61,206.6,205.46,205.69,23120
2026-03-30 11:25:00,205.69,205.96,205.13,205.92,14727
2026-03-30 11:35:00,205.77,206.52,205.25,205.4,11222
2026-03-30 11:45:00,205.38,205.5,204.47,205.5,33935
2026-03-30 11:55:00,205.5,206.98,205.3,206.65,16519
2026-03-30 12:05:00,206.65,206.83,205.06,205.42,14884
2026-03-30 12:15:00,205.61,205.82,205.2,205.23,8581
2026-03-30 12:25:00,205.23,205.29,204.85,205.13,23733
2026-03-30 12:35:00,205.12,205.81,204.93,205.58,15150
2026-03-30 12:45:00,205.64,207.88,205.28,207.09,89917
2026-03-30 12:55:00,207.09,207.34,206.41,206.82,31615
2026-03-30 13:05:00,206.8,207.35,206.14,206.5,22553
2026-03-30 13:15:00,206.49,206.7,206.05,206.11,14296
2026-03-30 13:25:00,206.11,206.35,205.7,206.17,14262
2026-03-30 13:35:00,206.17,206.4,205.6,205.81,22151
2026-03-30 13:45:00,205.81,206.09,205.2,205.2,25031
2026-03-30 13:55:00,205.2,206.08,205.01,205.96,40578
2026-03-30 14:05:00,205.87,205.97,205.39,205.5,15746
2026-03-30 14:15:00,205.5,205.88,204.7,204.7,30360
2026-03-30 14:25:00,205.0,205.5,204.8,205.28,40852
2026-03-30 14:35:00,205.28,205.69,204.94,205.66,30260
2026-03-30 14:45:00,205.67,205.67,204.54,204.64,26563
2026-03-30 14:55:00,204.53,205.32,203.81,204.19,88527
2026-03-30 15:05:00,204.08,205.38,204.08,204.37,103521
2026-03-30 15:15:00,204.38,204.99,203.15,204.3,103883
2026-03-30 15:25:00,204.39,204.39,203.16,204.01,41612
2026-04-01 09:15:00,210.07,214.33,208.99,213.88,142927
2026-04-01 09:25:00,213.88,215.2,213.78,214.09,121224
2026-04-01 09:35:00,214.01,214.9,213.61,213.87,30045
2026-04-01 09:45:00,213.8,216.79,213.69,216.77,48147
2026-04-01 09:55:00,216.7,217.69,216.36,217.59,35429
2026-04-01 10:05:00,217.51,217.96,217.2,217.21,23483
2026-04-01 10:15:00,217.11,217.58,216.53,216.6,24145
2026-04-01 10:25:00,216.6,216.92,216.2,216.65,16539
2026-04-01 10:35:00,216.65,217.43,216.63,217.02,47440
2026-04-01 10:45:00,217.02,217.2,216.27,216.65,7534
2026-04-01 10:55:00,216.65,216.65,216.12,216.48,7770
2026-04-01 11:05:00,216.48,217.02,216.4,216.63,5958
2026-04-01 11:15:00,216.63,217.34,216.52,217.2,8319
2026-04-01 11:25:00,217.2,218.2,217.2,217.44,21036
2026-04-01 11:35:00,217.44,218.02,217.25,217.44,9597
2026-04-01 11:45:00,217.44,218.39,216.79,218.14,15866
2026-04-01 11:55:00,218.14,219.4,218.14,219.11,79788
2026-04-01 12:05:00,219.14,219.9,219.01,219.81,26384
2026-04-01 12:15:00,219.8,219.85,219.03,219.3,25652
2026-04-01 12:25:00,219.1,219.8,219.05,219.7,16923
2026-04-01 12:35:00,219.6,219.86,219.43,219.55,28401
2026-04-01 12:45:00,219.55,219.99,219.33,219.5,17276
2026-04-01 12:55:00,219.41,219.74,219.17,219.21,13017
2026-04-01 13:05:00,219.35,219.35,218.26,218.69,23548
2026-04-01 13:15:00,218.69,218.83,214.91,215.36,138289
2026-04-01 13:25:00,215.3,215.34,214.21,214.66,52018
2026-04-01 13:35:00,214.66,214.71,213.11,213.9,39161
2026-04-01 13:45:00,213.9,215.0,213.81,214.83,29167
2026-04-01 13:55:00,214.83,215.0,214.8,214.96,18636
2026-04-01 14:05:00,214.82,215.0,214.82,214.95,8608
2026-04-01 14:15:00,214.95,215.0,214.5,214.89,13004
2026-04-01 14:25:00,214.8,214.91,214.61,214.72,2864
2026-04-01 14:35:00,214.72,214.94,214.09,214.32,26809
2026-04-01 14:45:00,214.32,214.32,213.86,214.1,16578
2026-04-01 14:55:00,214.1,215.0,214.1,214.68,60677
2026-04-01 15:05:00,214.66,215.21,214.49,214.8,31884
2026-04-01 15:15:00,214.8,215.32,214.45,214.94,66613
2026-04-01 15:25:00,214.94,215.0,214.3,214.86,25446
2026-04-02 09:15:00,205.82,210.6,205.82,210.3,114357
2026-04-02 09:25:00,210.3,211.12,210.06,210.57,46687
2026-04-02 09:35:00,210.61,211.21,210.1,211.06,19086
2026-04-02 09:45:00,211.16,211.2,209.51,209.61,26857
2026-04-02 09:55:00,209.61,209.61,208.11,208.2,26241
2026-04-02 10:05:00,208.24,209.43,207.5,209.32,49334
2026-04-02 10:15:00,209.32,209.32,207.2,207.7,34373
2026-04-02 10:25:00,207.45,208.49,207.3,208.18,15848
2026-04-02 10:35:00,208.18,208.9,208.15,208.62,8067
2026-04-02 10:45:00,208.78,210.0,208.04,209.8,36572
2026-04-02 10:55:00,209.89,210.39,209.49,210.3,20913
2026-04-02 11:05:00,210.3,210.7,210.0,210.28,12157
2026-04-02 11:15:00,210.28,210.86,210.2,210.76,11490
2026-04-02 11:25:00,210.76,211.86,210.7,211.65,15563
2026-04-02 11:35:00,211.55,212.11,211.54,211.73,11456
2026-04-02 11:45:00,211.75,212.2,211.73,212.1,20085
2026-04-02 11:55:00,212.1,212.68,211.49,211.49,18903
2026-04-02 12:05:00,211.49,211.95,211.49,211.79,8753
2026-04-02 12:15:00,211.79,212.15,211.06,211.8,14432
2026-04-02 12:25:00,211.8,212.09,211.5,212.07,6835
2026-04-02 12:35:00,212.07,212.64,212.07,212.34,7917
2026-04-02 12:45:00,212.34,213.29,212.24,212.53,9037
2026-04-02 12:55:00,212.53,213.96,212.46,213.64,9739
2026-04-02 13:05:00,213.69,213.72,213.04,213.66,25214
2026-04-02 13:15:00,213.66,215.7,213.54,215.51,36309
2026-04-02 13:25:00,215.5,216.17,215.35,215.94,14205
2026-04-02 13:35:00,216.0,217.4,215.83,217.2,29955
2026-04-02 13:45:00,217.2,217.3,216.51,216.67,16587
2026-04-02 13:55:00,216.7,216.76,215.9,216.26,18338
2026-04-02 14:05:00,216.26,216.75,216.25,216.51,5675
2026-04-02 14:15:00,216.51,217.92,216.51,217.8,46967
2026-04-02 14:25:00,217.8,218.2,217.5,217.87,22071
2026-04-02 14:35:00,217.87,218.0,215.78,216.0,35775
2026-04-02 14:45:00,216.0,216.79,215.64,216.58,19867
2026-04-02 14:55:00,216.5,217.12,216.31,217.02,34585
2026-04-02 15:05:00,216.97,218.46,216.92,218.14,54673
2026-04-02 15:15:00,218.17,218.8,217.12,217.6,67687
2026-04-02 15:25:00,217.61,218.0,217.0,217.11,17132
2026-04-06 09:15:00,217.0,221.39,216.11,217.61,176437
2026-04-06 09:25:00,217.76,218.32,215.25,217.02,83354
2026-04-06 09:35:00,217.08,217.99,216.51,217.43,52063
2026-04-06 09:45:00,217.5,217.72,215.8,216.2,13751
2026-04-06 09:55:00,216.2,216.47,215.8,216.35,12104
2026-04-06 10:05:00,216.35,217.71,215.9,217.68,27818
2026-04-06 10:15:00,218.0,218.95,217.61,218.75,46130
2026-04-06 10:25:00,218.65,220.3,218.18,220.05,48318
2026-04-06 10:35:00,220.05,220.06,218.65,219.4,33532
2026-04-06 10:45:00,219.4,220.6,219.4,219.85,16554
2026-04-06 10:55:00,219.85,220.28,219.64,219.94,4936
2026-04-06 11:05:00,219.94,219.94,218.4,218.4,8145
2026-04-06 11:15:00,218.4,219.12,218.1,218.96,7280
2026-04-06 11:25:00,218.96,219.81,218.96,219.71,8101
2026-04-06 11:35:00,219.71,220.59,219.27,219.27,13717
2026-04-06 11:45:00,219.06,219.73,219.06,219.71,2312
2026-04-06 11:55:00,219.73,220.4,219.71,220.04,11923
2026-04-06 12:05:00,220.04,220.69,220.01,220.54,8447
2026-04-06 12:15:00,220.54,221.26,220.35,220.8,16254
2026-04-06 12:25:00,220.8,221.05,220.3,220.32,9145
2026-04-06 12:35:00,220.3,220.32,219.6,219.85,10159
2026-04-06 12:45:00,219.85,220.49,219.75,220.49,27227
2026-04-06 12:55:00,220.49,220.72,220.35,220.65,5758
2026-04-06 13:05:00,220.65,221.08,220.57,221.05,16343
2026-04-06 13:15:00,221.11,221.32,220.08,221.01,17974
2026-04-06 13:25:00,221.01,221.03,220.26,220.6,3392
2026-04-06 13:35:00,220.6,220.95,219.82,220.25,12979
2026-04-06 13:45:00,220.25,220.7,220.2,220.7,11838
2026-04-06 13:55:00,220.7,220.76,220.49,220.63,2461
2026-04-06 14:05:00,220.63,220.76,220.1,220.3,5260
2026-04-06 14:15:00,220.37,223.3,220.34,222.86,36803
2026-04-06 14:25:00,222.86,222.9,222.2,222.85,26630
2026-04-06 14:35:00,222.8,223.07,222.42,222.64,31041
2026-04-06 14:45:00,222.64,222.89,222.0,222.22,23418
2026-04-06 14:55:00,222.22,223.0,221.6,222.73,33204
2026-04-06 15:05:00,222.76,224.36,222.41,223.73,47358
2026-04-06 15:15:00,223.31,224.0,223.2,223.88,84537
2026-04-06 15:25:00,223.88,224.3,223.06,223.5,46391
2026-04-07 09:15:00,223.58,224.94,220.51,224.91,72594
2026-04-07 09:25:00,224.51,228.52,224.51,227.62,114941
2026-04-07 09:35:00,227.4,228.87,225.87,226.63,101992
2026-04-07 09:45:00,226.6,226.73,226.0,226.36,44000
2026-04-07 09:55:00,226.36,228.0,226.25,227.63,44303
2026-04-07 10:05:00,227.63,228.4,227.33,227.56,37744
2026-04-07 10:15:00,227.56,228.38,227.4,228.37,20206
2026-04-07 10:25:00,228.3,228.74,227.78,227.78,24728
2026-04-07 10:35:00,227.8,229.5,227.16,228.7,79217
2026-04-07 10:45:00,228.7,228.7,227.23,227.46,30216
2026-04-07 10:55:00,227.46,227.59,226.0,226.59,42030
2026-04-07 11:05:00,226.59,227.24,226.3,227.23,23872
2026-04-07 11:15:00,227.29,228.0,227.26,227.96,6535
2026-04-07 11:25:00,228.0,228.14,227.83,228.14,7308
2026-04-07 11:35:00,228.14,228.5,227.7,228.02,15528
2026-04-07 11:45:00,228.02,228.25,227.67,228.1,6816
2026-04-07 11:55:00,228.1,228.9,227.63,227.7,28482
2026-04-07 12:05:00,227.77,228.03,227.51,227.96,10207
2026-04-07 12:15:00,228.0,228.04,227.5,227.66,15293
2026-04-07 12:25:00,227.66,227.81,227.5,227.73,7039
2026-04-07 12:35:00,227.73,228.0,227.52,227.78,5067
2026-04-07 12:45:00,227.78,228.17,227.72,227.72,7950
2026-04-07 12:55:00,227.72,228.49,227.7,228.49,8836
2026-04-07 13:05:00,228.41,228.77,227.86,228.25,29418
2026-04-07 13:15:00,228.25,228.32,227.21,227.4,14253
2026-04-07 13:25:00,227.39,229.45,227.01,228.95,78977
2026-04-07 13:35:00,228.95,229.15,228.22,228.48,20005
2026-04-07 13:45:00,228.48,228.74,227.81,228.61,13979
2026-04-07 13:55:00,228.61,228.61,227.8,228.33,19845
2026-04-07 14:05:00,228.33,228.33,228.0,228.06,4061
2026-04-07 14:15:00,228.11,228.19,227.75,227.95,5709
2026-04-07 14:25:00,227.92,228.0,227.78,227.9,9141
2026-04-07 14:35:00,227.92,227.94,227.35,227.59,16739
2026-04-07 14:45:00,227.59,227.65,227.3,227.5,5061
2026-04-07 14:55:00,227.5,228.3,227.18,228.08,38838
2026-04-07 15:05:00,228.1,228.2,227.6,227.83,36944
2026-04-07 15:15:00,227.9,227.9,226.38,226.95,54823
2026-04-07 15:25:00,226.95,227.29,226.38,226.75,19044
2026-04-08 09:15:00,233.0,234.0,231.0,231.19,192390
2026-04-08 09:25:00,231.21,232.15,229.41,229.96,86814
2026-04-08 09:35:00,229.93,231.61,229.46,231.41,48421
2026-04-08 09:45:00,231.98,234.4,231.24,231.66,143152
2026-04-08 09:55:00,231.57,231.57,229.5,229.92,71817
2026-04-08 10:05:00,230.0,230.45,229.01,229.42,61756
2026-04-08 10:15:00,229.42,230.25,226.7,227.01,96392
2026-04-08 10:25:00,227.01,227.12,225.07,225.63,122179
2026-04-08 10:35:00,225.62,226.42,225.0,225.34,122904
2026-04-08 10:45:00,225.38,225.74,224.86,225.35,86498
2026-04-08 10:55:00,225.35,225.55,225.0,225.0,79364
2026-04-08 11:05:00,225.17,225.27,224.84,225.13,39141
2026-04-08 11:15:00,225.13,225.15,224.75,225.0,42414
2026-04-08 11:25:00,225.0,225.08,224.51,224.67,33130
2026-04-08 11:35:00,224.5,224.83,224.1,224.65,31929
2026-04-08 11:45:00,224.62,225.0,224.01,224.72,75156
2026-04-08 11:55:00,224.51,224.75,223.23,223.8,65497
2026-04-08 12:05:00,223.8,224.16,223.35,223.57,51878
2026-04-08 12:15:00,223.36,224.08,222.6,223.92,113940
2026-04-08 12:25:00,223.91,224.07,223.01,223.3,35976
2026-04-08 12:35:00,223.3,223.53,222.7,223.15,63189
2026-04-08 12:45:00,223.15,223.8,222.79,223.5,46162
2026-04-08 12:55:00,223.73,223.95,223.41,223.86,36257
2026-04-08 13:05:00,223.86,223.98,223.31,223.69,21079
2026-04-08 13:15:00,223.69,224.07,223.41,223.58,37954
2026-04-08 13:25:00,223.3,223.81,223.19,223.47,27189
2026-04-08 13:35:00,223.47,223.85,223.13,223.42,18409
2026-04-08 13:45:00,223.25,223.48,222.7,223.06,44928
2026-04-08 13:55:00,223.19,223.5,222.93,223.38,15537
2026-04-08 14:05:00,223.38,223.45,222.75,222.94,19001
2026-04-08 14:15:00,222.94,223.03,222.3,222.75,53292
2026-04-08 14:25:00,222.75,222.97,222.15,222.81,70065
2026-04-08 14:35:00,222.81,222.95,222.55,222.84,20668
2026-04-08 14:45:00,222.84,223.0,222.51,222.75,44789
2026-04-08 14:55:00,222.61,223.6,222.61,223.3,95707
2026-04-08 15:05:00,223.29,223.29,222.13,222.13,132365
2026-04-08 15:15:00,222.29,222.6,221.01,221.77,223656
2026-04-08 15:25:00,221.76,221.98,221.11,221.93,53085
2026-04-09 09:15:00,224.0,224.18,220.96,223.36,144809
2026-04-09 09:25:00,223.35,223.5,221.19,221.4,57154
2026-04-09 09:35:00,221.35,222.55,220.8,221.08,51810
2026-04-09 09:45:00,221.08,221.86,219.69,220.0,60421
2026-04-09 09:55:00,220.0,220.06,219.0,219.6,47797
2026-04-09 10:05:00,219.7,220.0,219.53,219.75,16019
2026-04-09 10:15:00,219.75,220.23,219.4,219.84,27934
2026-04-09 10:25:00,219.84,220.13,219.63,220.02,13079
2026-04-09 10:35:00,220.0,220.34,219.85,219.92,28417
2026-04-09 10:45:00,219.99,220.61,219.8,220.06,43129
2026-04-09 10:55:00,220.05,220.45,219.56,219.9,36629
2026-04-09 11:05:00,219.9,220.12,219.7,220.01,23880
2026-04-09 11:15:00,220.01,220.15,219.52,219.96,9824
2026-04-09 11:25:00,219.72,220.0,219.72,220.0,10984
2026-04-09 11:35:00,220.0,220.0,219.9,220.0,6783
2026-04-09 11:45:00,219.81,221.65,219.8,221.18,68708
2026-04-09 11:55:00,221.2,221.71,221.05,221.39,25024
2026-04-09 12:05:00,221.39,221.92,219.93,220.27,106968
2026-04-09 12:15:00,220.07,220.46,219.75,219.89,62289
2026-04-09 12:25:00,219.89,219.96,219.6,219.71,10009
2026-04-09 12:35:00,219.55,219.83,219.55,219.8,13392
2026-04-09 12:45:00,219.8,219.82,219.3,219.75,22619
2026-04-09 12:55:00,219.75,219.97,219.63,219.8,8340
2026-04-09 13:05:00,219.94,220.2,219.71,220.0,21856
2026-04-09 13:15:00,220.0,220.06,219.58,219.8,9816
2026-04-09 13:25:00,219.8,219.98,219.55,219.84,13346
2026-04-09 13:35:00,219.84,220.0,219.1,219.34,19901
2026-04-09 13:45:00,219.34,219.48,219.13,219.35,7577
2026-04-09 13:55:00,219.35,219.77,219.28,219.73,7259
2026-04-09 14:05:00,219.72,219.72,219.4,219.68,11310
2026-04-09 14:15:00,219.32,219.54,219.09,219.21,10184
2026-04-09 14:25:00,219.11,219.24,218.5,219.19,23983
2026-04-09 14:35:00,219.09,219.42,219.01,219.42,8523
2026-04-09 14:45:00,219.49,219.81,219.27,219.69,16821
2026-04-09 14:55:00,219.7,219.96,219.57,219.67,25984
2026-04-09 15:05:00,219.74,219.92,219.41,219.41,41026
2026-04-09 15:15:00,219.41,219.5,218.0,218.89,101141
2026-04-09 15:25:00,218.86,218.99,218.33,218.99,34917
2026-04-10 09:15:00,221.01,222.25,220.0,221.65,68189
2026-04-10 09:25:00,221.66,222.84,221.52,222.55,42368
2026-04-10 09:35:00,222.55,222.59,221.7,221.8,13464
2026-04-10 09:45:00,221.9,222.32,221.89,222.32,17138
2026-04-10 09:55:00,222.32,222.37,220.1,220.12,42273
2026-04-10 10:05:00,220.12,220.5,219.47,220.43,57672
2026-04-10 10:15:00,220.43,220.98,220.35,220.83,14379
2026-04-10 10:25:00,220.83,221.2,220.83,220.85,8278
2026-04-10 10:35:00,220.85,221.27,220.82,221.25,18730
2026-04-10 10:45:00,221.25,221.5,220.86,221.41,26585
2026-04-10 10:55:00,221.41,221.63,221.15,221.43,5044
2026-04-10 11:05:00,221.43,221.43,220.51,220.76,28376
2026-04-10 11:15:00,220.76,220.84,220.73,220.76,1823
2026-04-10 11:25:00,220.76,220.82,220.54,220.6,9621
2026-04-10 11:35:00,220.6,220.66,220.4,220.55,12512
2026-04-10 11:45:00,220.55,220.62,220.05,220.06,8306
2026-04-10 11:55:00,220.06,220.45,220.06,220.37,2827
2026-04-10 12:05:00,220.37,220.71,220.3,220.65,4032
2026-04-10 12:15:00,220.77,220.99,220.6,220.61,10988
2026-04-10 12:25:00,220.61,220.7,220.35,220.45,9168
2026-04-10 12:35:00,220.45,220.73,220.4,220.48,4359
2026-04-10 12:45:00,220.48,220.94,220.48,220.8,6418
2026-04-10 12:55:00,220.88,221.05,220.7,220.85,3609
2026-04-10 13:05:00,220.85,220.99,220.65,220.99,6082
2026-04-10 13:15:00,220.99,220.99,220.55,220.8,10016
2026-04-10 13:25:00,220.8,221.15,220.8,221.12,4342
2026-04-10 13:35:00,221.12,221.14,220.8,220.84,2812
2026-04-10 13:45:00,220.84,220.87,220.7,220.76,15700
2026-04-10 13:55:00,220.76,220.84,220.76,220.77,3945
2026-04-10 14:05:00,220.77,221.05,220.77,220.86,32446
2026-04-10 14:15:00,220.95,220.95,220.31,220.6,41825
2026-04-10 14:25:00,220.6,220.6,220.5,220.5,7431
2026-04-10 14:35:00,220.5,220.65,220.2,220.4,11924
2026-04-10 14:45:00,220.4,220.48,220.3,220.42,5334
2026-04-10 14:55:00,220.45,220.5,220.21,220.38,17876
2026-04-10 15:05:00,220.38,220.64,220.0,220.34,34378
2026-04-10 15:15:00,220.32,220.5,220.11,220.49,26409
2026-04-10 15:25:00,220.46,220.7,220.33,220.45,28351
2026-04-13 09:15:00,216.0,217.08,213.36,214.4,68430
2026-04-13 09:25:00,214.4,215.31,214.17,215.3,45177
2026-04-13 09:35:00,215.39,215.54,214.4,215.19,20127
2026-04-13 09:45:00,215.19,215.7,215.0,215.65,17867
2026-04-13 09:55:00,215.65,216.4,215.65,216.4,18482
2026-04-13 10:05:00,216.4,216.5,215.92,216.01,12066
2026-04-13 10:15:00,216.01,216.39,215.06,216.28,64733
2026-04-13 10:25:00,216.28,216.68,216.0,216.35,41680
2026-04-13 10:35:00,216.41,216.7,216.19,216.7,30297
2026-04-13 10:45:00,216.55,217.71,216.55,217.53,19753
2026-04-13 10:55:00,217.53,217.68,216.48,216.92,23084
2026-04-13 11:05:00,216.92,216.95,215.94,216.33,11809
2026-04-13 11:15:00,216.36,216.65,216.2,216.23,7912
2026-04-13 11:25:00,216.23,216.33,215.74,215.8,11191
2026-04-13 11:35:00,215.8,216.11,215.8,215.96,3456
2026-04-13 11:45:00,215.96,216.41,215.95,216.41,8170
2026-04-13 11:55:00,216.41,216.41,216.15,216.25,5247
2026-04-13 12:05:00,216.25,216.52,216.05,216.1,8339
2026-04-13 12:15:00,216.1,216.11,215.72,215.96,9287
2026-04-13 12:25:00,215.96,216.06,215.81,215.86,3284
2026-04-13 12:35:00,215.86,215.99,215.75,215.89,5048
2026-04-13 12:45:00,215.89,215.98,215.61,215.94,5282
2026-04-13 12:55:00,215.94,215.94,215.0,215.35,43142
2026-04-13 13:05:00,215.35,215.71,215.3,215.59,5584
2026-04-13 13:15:00,215.59,215.99,215.59,215.83,4937
2026-04-13 13:25:00,215.83,216.48,215.82,216.27,8225
2026-04-13 13:35:00,216.27,216.36,216.1,216.15,2529
2026-04-13 13:45:00,216.15,216.59,216.1,216.59,17574
2026-04-13 13:55:00,216.59,216.78,216.4,216.53,6485
2026-04-13 14:05:00,216.53,216.53,216.0,216.08,11070
2026-04-13 14:15:00,216.08,216.25,215.9,215.94,8190
2026-04-13 14:25:00,215.94,216.16,215.91,216.13,3114
2026-04-13 14:35:00,216.16,216.35,216.0,216.05,14315
2026-04-13 14:45:00,216.05,216.59,216.05,216.32,13316
2026-04-13 14:55:00,216.21,216.4,216.05,216.14,20742
2026-04-13 15:05:00,216.15,216.48,216.05,216.16,23784
2026-04-13 15:15:00,216.15,216.15,215.6,215.87,43602
2026-04-13 15:25:00,215.87,216.4,215.75,216.39,33239
2026-04-15 09:15:00,220.0,223.9,219.3,222.6,150198
2026-04-15 09:25:00,222.6,222.86,221.55,221.8,46283
2026-04-15 09:35:00,221.8,223.34,221.07,223.33,50751
2026-04-15 09:45:00,223.09,223.57,222.8,223.05,58890
2026-04-15 09:55:00,223.05,223.5,222.85,223.2,26640
2026-04-15 10:05:00,223.2,223.3,222.98,223.0,15934
2026-04-15 10:15:00,223.0,224.0,222.98,223.28,77017
2026-04-15 10:25:00,223.28,223.28,222.55,222.9,19343
2026-04-15 10:35:00,222.9,222.9,222.0,222.0,7591
2026-04-15 10:45:00,222.0,222.49,222.0,222.2,27144
2026-04-15 10:55:00,222.2,222.32,220.0,220.1,88677
2026-04-15 11:05:00,220.1,220.12,219.75,220.0,56159
2026-04-15 11:15:00,220.0,220.24,219.91,220.22,36028
2026-04-15 11:25:00,220.1,221.14,220.1,221.0,54945
2026-04-15 11:35:00,221.0,221.0,220.52,220.69,45062
2026-04-15 11:45:00,220.63,220.77,220.24,220.43,32630
2026-04-15 11:55:00,220.4,220.46,220.11,220.11,26152
2026-04-15 12:05:00,220.11,220.28,220.0,220.1,24107
2026-04-15 12:15:00,220.1,220.27,220.0,220.06,24983
2026-04-15 12:25:00,220.06,220.13,219.97,220.0,22380
2026-04-15 12:35:00,219.99,220.11,219.99,220.1,24308
2026-04-15 12:45:00,220.1,220.2,219.96,219.96,24342
2026-04-15 12:55:00,220.0,220.02,219.85,219.99,12220
2026-04-15 13:05:00,219.99,220.0,219.9,219.95,10238
2026-04-15 13:15:00,219.95,220.16,219.6,219.6,19223
2026-04-15 13:25:00,219.6,219.9,219.6,219.75,6977
2026-04-15 13:35:00,219.75,220.19,219.75,220.1,16235
2026-04-15 13:45:00,220.1,220.21,219.95,220.0,11425
2026-04-15 13:55:00,220.0,220.03,219.91,219.99,17543
2026-04-15 14:05:00,219.99,220.1,219.91,219.99,28350
2026-04-15 14:15:00,219.99,221.03,219.98,220.9,31238
2026-04-15 14:25:00,220.93,221.26,220.8,220.9,26118
2026-04-15 14:35:00,220.9,220.94,220.8,220.86,6836
2026-04-15 14:45:00,220.88,220.9,220.5,220.78,8068
2026-04-15 14:55:00,220.78,221.15,220.11,220.98,93129
2026-04-15 15:05:00,220.98,220.98,220.17,220.3,98972
2026-04-15 15:15:00,220.3,220.54,220.12,220.35,155969
2026-04-15 15:25:00,220.45,221.45,220.01,221.0,51867
2026-04-16 09:15:00,223.0,245.95,222.99,245.54,2776254
2026-04-16 09:25:00,245.59,252.78,244.0,250.74,5898205
2026-04-16 09:35:00,250.72,252.49,248.54,251.47,3256014
2026-04-16 09:45:00,251.62,254.68,251.2,252.97,4112306
2026-04-16 09:55:00,252.97,253.8,251.51,252.71,2573085
2026-04-16 10:05:00,252.7,252.79,249.96,251.1,2475821
2026-04-16 10:15:00,250.9,251.7,249.57,251.51,2207325
2026-04-16 10:25:00,251.6,253.4,251.5,253.25,1953082
2026-04-16 10:35:00,253.24,253.31,251.7,252.28,1106628
2026-04-16 10:45:00,252.15,252.33,250.5,251.58,999314
2026-04-16 10:55:00,251.58,252.9,250.6,252.16,822853
2026-04-16 11:05:00,252.15,252.15,247.46,249.29,2446375
2026-04-16 11:15:00,249.14,250.0,248.18,248.51,1244576
2026-04-16 11:25:00,248.67,248.89,245.15,245.3,2441162
2026-04-16 11:35:00,245.4,247.97,243.71,246.78,1952356
2026-04-16 11:45:00,246.61,247.0,244.72,246.4,1139581
2026-04-16 11:55:00,246.4,249.9,246.3,249.11,2465125
2026-04-16 12:05:00,249.04,250.0,248.11,248.9,1580480
2026-04-16 12:15:00,248.9,249.24,246.18,247.52,1494937
2026-04-16 12:25:00,247.3,248.02,247.0,247.63,825211
2026-04-16 12:35:00,247.7,247.8,246.27,247.11,672207
2026-04-16 12:45:00,247.19,247.97,245.5,245.89,1113404
2026-04-16 12:55:00,246.08,246.6,244.31,245.5,948673
2026-04-16 13:05:00,245.4,246.0,245.0,245.57,472236
2026-04-16 13:15:00,245.41,248.0,245.1,247.0,1096025
2026-04-16 13:25:00,246.96,251.25,246.96,247.48,2668310
2026-04-16 13:35:00,247.49,248.0,246.1,246.75,678030
2026-04-16 13:45:00,246.6,246.99,245.1,245.53,1004812
2026-04-16 13:55:00,245.51,245.99,243.36,245.58,1647246
2026-04-16 14:05:00,245.58,247.11,244.25,246.99,713498
2026-04-16 14:15:00,246.97,247.88,244.53,245.88,1370344
2026-04-16 14:25:00,245.89,247.99,245.65,247.53,1211732
2026-04-16 14:35:00,247.36,249.5,246.05,248.69,1963701
2026-04-16 14:45:00,248.5,249.5,246.46,246.82,1893675
2026-04-16 14:55:00,246.62,248.33,244.1,246.0,2634624
2026-04-16 15:05:00,246.0,248.2,244.35,244.81,2327679
2026-04-16 15:15:00,244.82,245.99,238.64,242.71,3710217
2026-04-16 15:25:00,242.61,242.79,240.3,241.9,546601
2026-04-17 09:15:00,245.45,251.5,243.2,246.78,2482396
2026-04-17 09:25:00,246.62,246.81,243.65,243.83,873393
2026-04-17 09:35:00,243.85,243.87,241.4,242.77,777598
2026-04-17 09:45:00,242.61,243.93,242.22,243.11,369435
2026-04-17 09:55:00,243.2,244.18,242.64,243.49,248320
2026-04-17 10:05:00,243.32,243.98,243.0,243.47,132655
2026-04-17 10:15:00,243.46,243.81,242.78,242.99,124849
2026-04-17 10:25:00,242.99,242.99,241.0,241.9,257843
2026-04-17 10:35:00,241.8,242.5,241.57,242.29,83253
2026-04-17 10:45:00,242.29,242.29,241.8,242.2,64714
2026-04-17 10:55:00,242.2,242.32,241.62,241.66,52059
2026-04-17 11:05:00,241.66,242.0,241.4,241.42,62583
2026-04-17 11:15:00,241.42,241.79,241.05,241.59,98338
2026-04-17 11:25:00,241.59,241.64,241.0,241.06,162452
2026-04-17 11:35:00,241.15,241.35,240.4,241.34,144713
2026-04-17 11:45:00,241.34,241.96,240.75,241.84,116029
2026-04-17 11:55:00,241.9,242.26,241.0,241.24,77793
2026-04-17 12:05:00,241.23,241.67,241.05,241.25,33992
2026-04-17 12:15:00,241.34,241.34,241.02,241.08,30773
2026-04-17 12:25:00,241.04,241.1,240.5,240.8,85798
2026-04-17 12:35:00,240.84,240.99,240.62,240.92,31171
2026-04-17 12:45:00,240.92,240.92,240.4,240.4,34692
2026-04-17 12:55:00,240.5,240.84,240.2,240.79,64079
2026-04-17 13:05:00,240.79,241.2,240.57,240.8,41711
2026-04-17 13:15:00,240.8,240.9,240.5,240.89,40127
2026-04-17 13:25:00,240.89,241.46,240.7,241.0,65747
2026-04-17 13:35:00,240.81,241.02,240.63,240.7,30192
2026-04-17 13:45:00,240.7,241.38,240.7,241.38,29696
2026-04-17 13:55:00,241.3,241.38,241.0,241.01,25542
2026-04-17 14:05:00,241.01,241.13,240.71,240.72,45697
2026-04-17 14:15:00,240.72,240.88,240.52,240.6,32647
2026-04-17 14:25:00,240.55,241.4,240.5,241.17,91538
2026-04-17 14:35:00,241.17,241.3,240.61,241.07,82698
2026-04-17 14:45:00,241.17,241.37,240.99,241.07,63320
2026-04-17 14:55:00,241.07,241.2,240.01,240.8,194865
2026-04-17 15:05:00,240.8,240.95,239.0,239.18,203148
2026-04-17 15:15:00,239.18,239.8,238.0,238.77,553398
2026-04-17 15:25:00,238.75,238.95,238.0,238.7,125938
2026-04-20 09:15:00,239.44,240.38,234.52,236.33,324493
2026-04-20 09:25:00,236.23,236.45,232.2,233.15,263248
2026-04-20 09:35:00,233.15,233.3,232.3,232.47,114562
2026-04-20 09:45:00,232.47,233.47,232.2,233.21,58503
2026-04-20 09:55:00,233.32,233.59,232.7,233.3,49806
2026-04-20 10:05:00,233.3,233.85,233.12,233.37,62391
2026-04-20 10:15:00,233.21,233.54,233.0,233.4,26300
2026-04-20 10:25:00,233.4,234.22,233.17,234.18,53455
2026-04-20 10:35:00,234.04,234.45,233.9,234.38,39275
2026-04-20 10:45:00,234.19,234.34,233.8,234.34,24603
2026-04-20 10:55:00,234.34,234.46,234.0,234.46,17145
2026-04-20 11:05:00,234.46,235.29,234.46,235.1,79475
2026-04-20 11:15:00,235.1,236.25,234.51,236.1,50625
2026-04-20 11:25:00,236.18,236.5,235.73,236.0,46615
2026-04-20 11:35:00,236.0,236.5,235.9,236.33,30066
2026-04-20 11:45:00,236.45,236.66,236.04,236.27,29760
2026-04-20 11:55:00,236.37,236.37,235.64,235.8,22399
2026-04-20 12:05:00,235.92,236.0,235.44,235.9,19386
2026-04-20 12:15:00,235.9,235.9,235.45,235.75,12613
2026-04-20 12:25:00,235.75,236.37,235.56,236.25,8890
2026-04-20 12:35:00,236.34,236.38,236.0,236.2,9959
2026-04-20 12:45:00,236.2,236.51,236.09,236.4,9689
2026-04-20 12:55:00,236.3,237.0,236.16,236.73,44334
2026-04-20 13:05:00,236.73,236.86,236.4,236.7,24388
2026-04-20 13:15:00,236.58,236.69,235.02,235.02,63151
2026-04-20 13:25:00,235.16,235.16,234.14,234.5,63300
2026-04-20 13:35:00,234.7,234.7,233.25,234.0,71526
2026-04-20 13:45:00,234.0,234.38,233.9,234.01,17836
2026-04-20 13:55:00,234.17,234.29,233.96,234.05,13855
2026-04-20 14:05:00,234.05,234.07,233.71,234.0,18302
2026-04-20 14:15:00,234.0,234.21,233.9,234.21,17247
2026-04-20 14:25:00,234.21,234.44,233.94,234.34,16616
2026-04-20 14:35:00,234.24,234.34,234.0,234.05,26754
2026-04-20 14:45:00,234.05,234.13,233.7,233.96,22989
2026-04-20 14:55:00,233.96,234.2,233.81,233.86,20787
2026-04-20 15:05:00,233.81,234.18,233.81,233.97,73719
2026-04-20 15:15:00,233.97,233.99,232.25,232.25,127401
2026-04-20 15:25:00,232.25,232.5,231.48,232.3,81220
2026-04-21 09:15:00,233.09,234.0,231.1,231.81,154956
2026-04-21 09:25:00,231.6,232.71,231.35,232.46,108350
2026-04-21 09:35:00,232.46,232.98,232.35,232.84,29492
2026-04-21 09:45:00,232.84,232.94,232.0,232.31,20575
2026-04-21 09:55:00,232.31,232.49,232.08,232.29,27844
2026-04-21 10:05:00,232.29,232.95,232.09,232.8,19905
2026-04-21 10:15:00,232.71,233.2,232.68,233.0,20081
2026-04-21 10:25:00,233.06,233.08,232.62,232.74,11463
2026-04-21 10:35:00,232.74,232.9,232.11,232.36,22906
2026-04-21 10:45:00,232.45,232.52,232.15,232.15,18978
2026-04-21 10:55:00,232.15,232.33,231.6,232.3,42780
2026-04-21 11:05:00,232.3,232.6,232.2,232.49,9404
2026-04-21 11:15:00,232.49,232.5,232.2,232.2,9470
2026-04-21 11:25:00,232.2,232.33,231.75,232.25,17338
2026-04-21 11:35:00,232.25,232.9,231.94,232.37,22238
2026-04-21 11:45:00,232.37,232.62,232.32,232.43,10768
2026-04-21 11:55:00,232.41,232.99,232.41,232.5,17316
2026-04-21 12:05:00,232.55,232.9,232.5,232.76,12318
2026-04-21 12:15:00,232.76,232.8,232.5,232.5,9036
2026-04-21 12:25:00,232.6,232.65,231.82,232.01,25099
2026-04-21 12:35:00,232.01,232.19,231.61,231.8,21940
2026-04-21 12:45:00,231.8,232.1,231.75,232.0,5243
2026-04-21 12:55:00,232.0,232.01,231.8,231.81,5567
2026-04-21 13:05:00,231.65,231.85,231.57,231.6,17691
2026-04-21 13:15:00,231.6,231.79,231.6,231.66,7748
2026-04-21 13:25:00,231.66,231.81,231.6,231.75,4972
2026-04-21 13:35:00,231.75,231.8,231.0,231.1,27850
2026-04-21 13:45:00,231.11,231.71,231.05,231.71,8558
2026-04-21 13:55:00,231.71,231.71,231.5,231.6,5950
2026-04-21 14:05:00,231.6,231.74,231.4,231.48,7798
2026-04-21 14:15:00,231.48,231.5,231.15,231.45,6062
2026-04-21 14:25:00,231.45,231.5,231.0,231.3,15237
2026-04-21 14:35:00,231.3,232.4,231.05,231.06,32718
2026-04-21 14:45:00,231.06,231.22,230.32,230.58,29030
2026-04-21 14:55:00,230.58,230.79,230.34,230.63,20550
2026-04-21 15:05:00,230.54,230.63,230.1,230.21,52866
2026-04-21 15:15:00,230.21,231.6,230.21,231.59,87493
2026-04-21 15:25:00,231.59,232.3,231.59,231.66,86404
2026-04-22 09:15:00,230.1,232.0,227.61,227.85,228063
2026-04-22 09:25:00,227.96,228.0,226.6,227.99,151046
2026-04-22 09:35:00,228.1,229.45,227.55,227.95,147651
2026-04-22 09:45:00,228.1,228.1,226.5,227.56,99197
2026-04-22 09:55:00,227.56,227.56,225.34,225.7,150140
2026-04-22 10:05:00,225.75,225.75,225.12,225.32,65643
2026-04-22 10:15:00,225.5,225.92,224.25,224.73,131779
2026-04-22 10:25:00,224.73,224.97,224.36,224.59,50948
2026-04-22 10:35:00,224.58,225.15,224.0,224.05,73912
2026-04-22 10:45:00,224.05,224.1,223.6,223.93,113314
2026-04-22 10:55:00,223.93,224.03,223.3,223.3,150806
2026-04-22 11:05:00,223.3,223.36,220.5,220.5,296972
2026-04-22 11:15:00,220.51,220.88,219.52,219.77,281799
2026-04-22 11:25:00,219.77,220.0,219.3,219.88,106768
2026-04-22 11:35:00,219.9,220.0,219.45,219.53,83302
2026-04-22 11:45:00,219.52,220.0,219.32,219.97,115087
2026-04-22 11:55:00,220.0,220.0,219.79,220.0,89199
2026-04-22 12:05:00,220.0,220.0,219.8,219.9,41035
2026-04-22 12:15:00,219.9,220.0,219.8,219.9,56321
2026-04-22 12:25:00,219.9,220.0,219.83,219.84,80754
2026-04-22 12:35:00,219.99,219.99,219.8,219.87,35611
2026-04-22 12:45:00,219.87,220.9,219.85,220.0,538068
2026-04-22 12:55:00,220.0,220.18,219.99,220.18,227189
2026-04-22 13:05:00,220.18,220.18,219.93,219.95,221451
2026-04-22 13:15:00,219.96,220.04,219.8,219.96,108739
2026-04-22 13:25:00,219.97,220.0,219.85,219.97,288949
2026-04-22 13:35:00,219.96,220.0,219.9,219.98,133167
2026-04-22 13:45:00,219.97,220.25,219.8,220.25,385452
2026-04-22 13:55:00,220.32,222.13,220.1,220.79,396464
2026-04-22 14:05:00,220.79,221.18,220.0,220.11,238486
2026-04-22 14:15:00,220.12,220.33,220.0,220.2,200309
2026-04-22 14:25:00,220.2,223.05,220.0,221.41,481647
2026-04-22 14:35:00,221.34,226.86,221.27,224.66,859848
2026-04-22 14:45:00,224.67,225.1,223.5,224.64,387870
2026-04-22 14:55:00,224.6,225.23,223.66,224.02,419728
2026-04-22 15:05:00,224.1,224.98,223.9,224.0,448122
2026-04-22 15:15:00,224.21,224.9,224.0,224.49,387982
2026-04-22 15:25:00,224.49,224.85,224.0,224.6,210954
2026-04-23 09:15:00,225.0,227.0,223.38,223.45,239090
2026-04-23 09:25:00,223.55,223.55,221.44,222.9,252090
2026-04-23 09:35:00,222.9,223.5,222.02,222.21,45246
2026-04-23 09:45:00,222.21,222.99,221.92,222.32,74070
2026-04-23 09:55:00,222.3,222.7,222.0,222.61,42852
2026-04-23 10:05:00,222.61,222.65,221.56,221.85,33858
2026-04-23 10:15:00,221.85,222.28,221.66,222.16,26832
2026-04-23 10:25:00,222.16,222.45,221.65,221.8,24330
2026-04-23 10:35:00,221.8,221.83,221.2,221.51,32200
2026-04-23 10:45:00,221.51,224.17,221.5,223.73,75338
2026-04-23 10:55:00,223.73,225.8,223.56,225.15,106670
2026-04-23 11:05:00,225.15,225.24,224.7,224.8,34518
2026-04-23 11:15:00,224.8,224.85,223.74,224.7,73000
2026-04-23 11:25:00,224.7,225.33,224.55,225.25,36205
2026-04-23 11:35:00,225.14,225.4,224.7,224.89,44209
2026-04-23 11:45:00,224.8,224.99,224.63,224.89,10684
2026-04-23 11:55:00,224.89,224.99,224.7,224.98,10713
2026-04-23 12:05:00,224.93,225.3,224.8,225.11,18929
2026-04-23 12:15:00,225.11,225.18,224.9,224.92,9121
2026-04-23 12:25:00,224.92,225.0,224.5,224.51,28415
2026-04-23 12:35:00,224.51,224.98,224.5,224.75,9124
2026-04-23 12:45:00,224.75,224.88,224.58,224.84,8462
2026-04-23 12:55:00,224.84,225.11,224.54,224.83,16224
2026-04-23 13:05:00,224.83,225.3,224.6,225.07,23240
2026-04-23 13:15:00,225.07,225.59,225.0,225.36,17884
2026-04-23 13:25:00,225.36,225.5,225.35,225.4,6030
2026-04-23 13:35:00,225.4,226.6,225.3,225.83,79500
2026-04-23 13:45:00,225.67,225.9,225.3,225.44,14029
2026-04-23 13:55:00,225.44,226.22,225.24,225.7,25919
2026-04-23 14:05:00,225.6,225.72,225.03,225.39,26627
2026-04-23 14:15:00,225.39,225.39,225.0,225.19,20805
2026-04-23 14:25:00,225.19,225.2,225.0,225.0,83756
2026-04-23 14:35:00,225.0,225.01,223.49,224.6,48401
2026-04-23 14:45:00,224.6,225.24,224.5,225.13,16630
2026-04-23 14:55:00,225.13,225.25,224.94,225.19,16691
2026-04-23 15:05:00,225.18,225.24,225.0,225.0,33824
2026-04-23 15:15:00,225.03,225.2,225.0,225.08,82819
2026-04-23 15:25:00,225.08,225.3,225.0,225.3,86655
2026-04-24 09:15:00,224.96,225.2,222.03,222.8,190578
2026-04-24 09:25:00,222.8,222.8,219.7,220.12,132737
2026-04-24 09:35:00,220.19,220.4,218.6,218.77,136944
2026-04-24 09:45:00,218.76,218.77,217.51,217.8,101214
2026-04-24 09:55:00,217.88,219.22,217.6,219.07,72424
2026-04-24 10:05:00,219.07,219.48,218.42,218.65,87466
2026-04-24 10:15:00,218.54,218.62,217.06,217.46,126240
2026-04-24 10:25:00,217.46,217.72,216.85,217.3,114957
2026-04-24 10:35:00,217.3,217.46,216.11,216.37,134804
2026-04-24 10:45:00,216.33,216.41,215.71,215.89,102541
2026-04-24 10:55:00,215.89,216.08,215.44,215.75,59548
2026-04-24 11:05:00,215.7,216.5,215.51,216.15,47342
2026-04-24 11:15:00,216.15,216.28,215.8,216.1,23560
2026-04-24 11:25:00,216.1,216.42,215.71,215.89,40071
2026-04-24 11:35:00,215.9,215.91,214.61,214.8,68725
2026-04-24 11:45:00,214.8,214.8,213.4,213.62,102676
2026-04-24 11:55:00,213.5,213.75,213.36,213.41,49480
2026-04-24 12:05:00,213.4,214.69,213.4,214.67,72545
2026-04-24 12:15:00,214.67,215.02,214.15,214.24,55474
2026-04-24 12:25:00,214.15,214.22,213.04,213.75,73906
2026-04-24 12:35:00,213.8,214.22,213.51,213.51,41790
2026-04-24 12:45:00,213.7,214.39,213.53,214.28,28477
2026-04-24 12:55:00,214.28,214.61,214.09,214.1,24482
2026-04-24 13:05:00,214.27,214.27,213.6,213.84,24019
2026-04-24 13:15:00,213.74,213.95,213.53,213.77,18364
2026-04-24 13:25:00,213.75,213.83,213.3,213.35,51955
2026-04-24 13:35:00,213.49,213.49,212.37,212.6,93371
2026-04-24 13:45:00,212.6,213.61,212.6,213.15,41602
2026-04-24 13:55:00,213.25,213.25,210.81,211.05,197654
2026-04-24 14:05:00,211.0,211.05,210.1,210.42,157485
2026-04-24 14:15:00,210.42,211.14,210.1,210.6,110790
2026-04-24 14:25:00,210.6,210.8,209.29,209.84,194122
2026-04-24 14:35:00,209.84,210.03,208.72,209.92,171385
2026-04-24 14:45:00,210.0,210.04,209.33,209.6,95715
2026-04-24 14:55:00,209.47,209.76,208.97,209.15,93048
2026-04-24 15:05:00,209.15,209.45,208.75,209.0,193163
2026-04-24 15:15:00,208.99,209.9,208.8,209.44,304904
2026-04-24 15:25:00,209.44,209.7,208.5,209.7,142297
2026-04-27 09:15:00,210.3,214.48,209.89,212.01,313494
2026-04-27 09:25:00,212.27,214.16,211.28,213.56,172961
2026-04-27 09:35:00,213.56,214.96,212.65,214.54,126844
2026-04-27 09:45:00,214.44,215.67,214.44,215.56,117177
2026-04-27 09:55:00,215.56,215.63,214.5,214.5,97112
2026-04-27 10:05:00,214.43,214.9,213.98,214.14,40421
2026-04-27 10:15:00,214.1,214.8,214.1,214.67,28753
2026-04-27 10:25:00,214.57,215.4,214.1,215.02,62157
2026-04-27 10:35:00,215.03,215.28,214.78,215.23,32291
2026-04-27 10:45:00,215.23,215.23,214.8,214.91,15744
2026-04-27 10:55:00,214.91,214.91,214.3,214.63,26383
2026-04-27 11:05:00,214.64,214.64,214.0,214.39,19847
2026-04-27 11:15:00,214.39,214.39,214.0,214.0,18535
2026-04-27 11:25:00,214.0,214.04,213.25,213.25,33136
2026-04-27 11:35:00,213.57,213.63,213.14,213.4,22680
2026-04-27 11:45:00,213.5,213.71,213.4,213.5,25464
2026-04-27 11:55:00,213.5,214.25,213.41,214.25,13770
2026-04-27 12:05:00,214.25,214.47,214.2,214.4,13645
2026-04-27 12:15:00,214.4,215.67,213.77,214.15,73433
2026-04-27 12:25:00,214.05,214.33,213.67,213.7,29927
2026-04-27 12:35:00,213.72,213.9,213.07,213.37,24301
2026-04-27 12:45:00,213.37,213.38,212.4,212.62,67349
2026-04-27 12:55:00,212.62,214.5,212.51,214.42,53937
2026-04-27 13:05:00,214.17,214.42,213.57,213.88,36197
2026-04-27 13:15:00,213.88,214.39,213.75,213.89,38537
2026-04-27 13:25:00,213.9,213.99,213.5,213.76,33801
2026-04-27 13:35:00,213.76,214.1,213.64,213.85,18811
2026-04-27 13:45:00,213.91,214.06,213.6,213.83,29557
2026-04-27 13:55:00,213.83,213.83,213.25,213.44,28469
2026-04-27 14:05:00,213.34,213.72,213.17,213.48,23908
2026-04-27 14:15:00,213.48,213.78,213.4,213.5,20992
2026-04-27 14:25:00,213.5,213.55,213.05,213.13,23416
2026-04-27 14:35:00,213.05,214.1,213.05,213.98,36978
2026-04-27 14:45:00,213.98,214.18,213.71,214.09,36054
2026-04-27 14:55:00,214.02,214.15,213.5,213.64,45475
2026-04-27 15:05:00,213.64,213.67,213.25,213.6,82278
2026-04-27 15:15:00,213.7,215.0,213.43,214.89,190864
2026-04-27 15:25:00,214.97,215.18,214.01,214.9,99508
2026-04-28 09:15:00,215.88,216.51,212.7,212.7,165610
2026-04-28 09:25:00,212.88,213.93,211.97,212.09,150315
2026-04-28 09:35:00,212.09,212.77,211.54,212.35,60253
2026-04-28 09:45:00,212.35,212.89,211.78,212.16,57380
2026-04-28 09:55:00,212.25,212.89,211.58,212.76,65465
2026-04-28 10:05:00,212.67,213.81,212.63,213.4,61671
2026-04-28 10:15:00,213.3,214.38,213.1,214.38,46315
2026-04-28 10:25:00,214.13,214.13,213.37,213.48,28402
2026-04-28 10:35:00,213.48,213.48,212.52,212.75,21394
2026-04-28 10:45:00,212.8,213.13,212.6,212.62,19413
2026-04-28 10:55:00,212.68,213.38,212.68,213.31,15986
2026-04-28 11:05:00,213.31,213.49,212.61,212.95,25510
2026-04-28 11:15:00,212.88,213.15,212.73,213.0,15291
2026-04-28 11:25:00,213.05,213.05,212.0,212.13,20210
2026-04-28 11:35:00,212.25,212.5,212.17,212.5,9002
2026-04-28 11:45:00,212.45,212.94,212.45,212.73,14969
2026-04-28 11:55:00,212.73,212.81,212.44,212.55,6707
2026-04-28 12:05:00,212.56,212.67,212.3,212.4,12893
2026-04-28 12:15:00,212.4,212.53,211.79,212.1,37348
2026-04-28 12:25:00,212.1,212.21,211.77,211.8,10277
2026-04-28 12:35:00,211.8,212.36,211.8,212.36,12329
2026-04-28 12:45:00,212.36,212.36,211.86,212.1,10373
2026-04-28 12:55:00,212.1,212.15,211.69,211.92,16013
2026-04-28 13:05:00,211.92,212.46,211.81,212.29,25507
2026-04-28 13:15:00,212.29,212.79,212.13,212.25,21678
2026-04-28 13:25:00,212.25,212.4,211.96,211.96,14430
2026-04-28 13:35:00,211.96,212.15,211.55,212.14,11409
2026-04-28 13:45:00,212.14,212.29,212.08,212.2,8630
2026-04-28 13:55:00,212.2,212.4,212.05,212.26,6363
2026-04-28 14:05:00,212.26,212.31,211.85,212.12,13415
2026-04-28 14:15:00,212.12,212.16,211.81,211.81,14866
2026-04-28 14:25:00,211.85,212.46,211.71,212.14,16656
2026-04-28 14:35:00,212.15,212.72,212.13,212.56,16950
2026-04-28 14:45:00,212.56,212.8,212.22,212.8,17912
2026-04-28 14:55:00,212.8,212.95,212.02,212.06,45354
2026-04-28 15:05:00,212.1,212.3,211.81,211.99,49760
2026-04-28 15:15:00,211.95,212.03,211.5,212.03,93315
2026-04-28 15:25:00,211.86,212.11,211.67,211.99,23586
2026-04-29 09:15:00,213.95,214.65,212.5,213.7,101734
2026-04-29 09:25:00,213.85,214.89,213.4,214.11,58732
2026-04-29 09:35:00,214.11,215.48,214.0,214.13,51760
2026-04-29 09:45:00,214.13,215.62,213.7,215.5,43716
2026-04-29 09:55:00,215.29,216.5,215.19,216.39,129962
2026-04-29 10:05:00,216.2,216.44,215.14,215.71,60126
2026-04-29 10:15:00,215.71,215.97,215.4,215.6,12378
2026-04-29 10:25:00,215.4,215.85,214.68,214.95,43014
2026-04-29 10:35:00,214.95,215.1,214.31,214.37,22018
2026-04-29 10:45:00,214.37,215.58,214.37,214.79,61419
2026-04-29 10:55:00,214.79,215.53,214.79,215.28,8944
2026-04-29 11:05:00,215.17,216.0,215.17,215.8,14983
2026-04-29 11:15:00,215.8,215.8,215.12,215.54,22942
2026-04-29 11:25:00,215.54,215.72,215.0,215.2,13642
2026-04-29 11:35:00,215.2,215.9,215.0,215.51,17317
2026-04-29 11:45:00,215.44,215.9,215.16,215.19,7109
2026-04-29 11:55:00,215.19,215.61,215.19,215.55,11113
2026-04-29 12:05:00,215.59,216.4,215.28,216.29,43578
2026-04-29 12:15:00,216.29,216.68,215.75,216.05,44797
2026-04-29 12:25:00,216.05,218.0,216.05,217.0,86485
2026-04-29 12:35:00,217.0,217.18,216.4,216.71,36892
2026-04-29 12:45:00,216.71,217.1,216.64,217.1,20485
2026-04-29 12:55:00,217.13,217.56,216.64,216.76,36757
2026-04-29 13:05:00,216.76,216.93,216.45,216.66,10193
2026-04-29 13:15:00,216.66,216.78,216.25,216.55,17486
2026-04-29 13:25:00,216.45,216.6,216.25,216.31,11966
2026-04-29 13:35:00,216.31,216.4,215.3,215.3,17849
2026-04-29 13:45:00,215.3,215.62,214.66,215.36,36339
2026-04-29 13:55:00,215.36,215.5,214.33,214.33,21117
2026-04-29 14:05:00,214.33,214.95,214.1,214.95,33333
2026-04-29 14:15:00,214.95,215.45,214.72,215.18,15904
2026-04-29 14:25:00,215.18,215.44,214.5,214.54,15136
2026-04-29 14:35:00,214.58,215.27,214.48,215.27,15652
2026-04-29 14:45:00,215.27,215.3,214.76,215.1,12567
2026-04-29 14:55:00,215.1,215.1,214.51,214.62,22884
2026-04-29 15:05:00,214.75,214.98,214.0,214.11,63902
2026-04-29 15:15:00,214.07,214.7,213.8,214.68,55018
2026-04-29 15:25:00,214.57,215.0,214.0,214.0,41091
2026-04-30 09:15:00,214.48,215.5,213.0,213.5,72101
2026-04-30 09:25:00,213.73,216.3,213.45,216.19,65702
2026-04-30 09:35:00,216.15,217.12,215.69,216.97,108452
2026-04-30 09:45:00,216.85,217.19,216.01,216.25,38888
2026-04-30 09:55:00,216.25,216.28,215.1,215.55,41026
2026-04-30 10:05:00,215.54,215.9,215.0,215.15,36270
2026-04-30 10:15:00,215.19,215.62,214.29,215.11,37376
2026-04-30 10:25:00,215.11,215.39,215.06,215.29,10388
2026-04-30 10:35:00,215.29,217.0,215.14,216.81,68519
2026-04-30 10:45:00,216.77,216.77,215.56,215.61,40210
2026-04-30 10:55:00,215.61,215.7,214.7,215.23,52783
2026-04-30 11:05:00,215.23,215.58,214.87,214.95,9570
2026-04-30 11:15:00,215.04,215.23,214.8,214.99,19309
2026-04-30 11:25:00,214.99,215.8,214.99,215.33,11029
2026-04-30 11:35:00,215.33,217.0,215.33,216.68,23499
2026-04-30 11:45:00,216.61,217.05,215.7,215.91,95170
2026-04-30 11:55:00,215.86,215.86,215.26,215.62,39115
2026-04-30 12:05:00,215.62,216.78,215.62,215.86,86826
2026-04-30 12:15:00,215.8,215.95,215.7,215.8,85320
2026-04-30 12:25:00,215.92,215.92,214.63,214.76,43034
2026-04-30 12:35:00,214.76,215.03,214.1,214.98,63347
2026-04-30 12:45:00,214.9,215.11,214.9,215.0,28760
2026-04-30 12:55:00,215.0,215.01,214.85,214.96,13118
2026-04-30 13:05:00,214.87,215.0,214.7,214.84,7775
2026-04-30 13:15:00,214.84,214.87,214.15,214.29,36957
2026-04-30 13:25:00,214.29,214.44,214.06,214.22,10560
2026-04-30 13:35:00,214.2,214.97,214.2,214.84,7511
2026-04-30 13:45:00,214.84,215.08,214.8,215.0,19433
2026-04-30 13:55:00,215.0,216.19,214.96,215.82,46969
2026-04-30 14:05:00,215.82,215.82,215.23,215.48,13257
2026-04-30 14:15:00,215.48,215.48,214.95,215.2,20802
2026-04-30 14:25:00,215.2,215.33,214.9,215.33,9599
2026-04-30 14:35:00,215.33,215.55,214.86,215.14,29429
2026-04-30 14:45:00,215.27,215.27,214.76,214.98,16420
2026-04-30 14:55:00,214.99,215.19,214.25,214.34,31595
2026-04-30 15:05:00,214.34,214.34,213.5,214.0,85054
2026-04-30 15:15:00,213.93,214.16,213.0,213.74,121755
2026-04-30 15:25:00,214.0,214.83,213.5,213.5,65271
2026-05-04 09:15:00,215.01,217.22,214.24,215.19,147083
2026-05-04 09:25:00,215.33,215.58,214.71,215.54,45527
2026-05-04 09:35:00,215.36,216.85,215.08,216.4,83243
2026-05-04 09:45:00,216.4,217.69,216.4,217.3,56287
2026-05-04 09:55:00,217.58,217.99,216.94,216.94,61424
2026-05-04 10:05:00,217.0,217.41,216.17,216.29,39082
2026-05-04 10:15:00,216.29,217.39,216.03,217.0,55413
2026-05-04 10:25:00,216.92,218.95,216.88,218.2,88258
2026-05-04 10:35:00,218.07,218.2,217.66,217.7,17656
2026-05-04 10:45:00,217.63,217.76,217.13,217.27,18738
2026-05-04 10:55:00,217.27,217.96,217.0,217.84,21246
2026-05-04 11:05:00,217.84,218.14,217.1,217.1,18555
2026-05-04 11:15:00,217.1,217.23,215.51,216.45,58095
2026-05-04 11:25:00,216.45,216.58,216.2,216.27,8817
2026-05-04 11:35:00,216.27,216.47,216.01,216.37,11599
2026-05-04 11:45:00,216.37,216.44,216.0,216.0,13853
2026-05-04 11:55:00,216.0,216.02,215.66,215.8,17805
2026-05-04 12:05:00,215.8,215.8,215.0,215.0,22827
2026-05-04 12:15:00,215.0,215.5,214.95,215.46,13863
2026-05-04 12:25:00,215.46,215.65,215.2,215.2,2706
2026-05-04 12:35:00,215.2,215.41,214.89,214.9,13249
2026-05-04 12:45:00,214.9,215.1,214.6,214.8,23386
2026-05-04 12:55:00,214.8,214.88,214.36,214.45,19019
2026-05-04 13:05:00,214.51,214.91,214.51,214.83,2594
2026-05-04 13:15:00,214.83,214.87,214.1,214.42,33757
2026-05-04 13:25:00,214.42,214.5,213.21,213.8,38697
2026-05-04 13:35:00,213.79,214.5,213.45,214.38,11028
2026-05-04 13:45:00,214.38,214.85,214.25,214.5,13321
2026-05-04 13:55:00,214.5,214.54,213.95,214.17,11845
2026-05-04 14:05:00,214.1,214.85,213.98,214.69,16777
2026-05-04 14:15:00,214.69,214.99,214.5,214.61,8641
2026-05-04 14:25:00,214.61,214.61,214.04,214.21,10252
2026-05-04 14:35:00,214.21,214.76,214.21,214.52,6970
2026-05-04 14:45:00,214.52,215.0,214.4,214.88,10856
2026-05-04 14:55:00,214.88,215.89,214.86,215.79,31877
2026-05-04 15:05:00,215.88,216.0,214.92,214.95,32661
2026-05-04 15:15:00,214.99,215.67,214.66,215.52,41525
2026-05-04 15:25:00,215.52,216.3,215.11,216.11,54792
2026-05-05 09:15:00,215.53,216.95,214.81,216.7,89033
2026-05-05 09:25:00,216.76,217.25,215.5,215.99,53618
2026-05-05 09:35:00,215.99,216.07,215.01,215.37,41184
2026-05-05 09:45:00,215.45,217.4,215.25,217.0,38708
2026-05-05 09:55:00,217.0,217.12,216.09,216.4,39696
2026-05-05 10:05:00,216.41,216.42,215.89,215.95,15128
2026-05-05 10:15:00,215.95,215.98,215.65,215.74,8750
2026-05-05 10:25:00,215.65,216.82,215.3,215.9,34222
2026-05-05 10:35:00,215.98,216.11,214.78,214.91,49512
2026-05-05 10:45:00,214.91,215.25,214.5,215.02,17957
2026-05-05 10:55:00,215.02,215.9,214.95,215.8,21559
2026-05-05 11:05:00,215.8,217.39,215.55,216.23,64599
2026-05-05 11:15:00,216.32,216.32,216.01,216.19,7614
2026-05-05 11:25:00,216.19,217.17,216.19,217.17,21335
2026-05-05 11:35:00,217.1,217.45,216.48,216.88,32201
2026-05-05 11:45:00,216.88,216.93,216.5,216.79,14574
2026-05-05 11:55:00,216.79,217.09,216.31,217.09,27581
2026-05-05 12:05:00,217.09,217.9,216.77,217.82,41769
2026-05-05 12:15:00,217.8,218.85,217.75,218.24,81756
2026-05-05 12:25:00,218.26,218.35,216.98,217.35,36819
2026-05-05 12:35:00,217.35,217.44,216.93,217.0,14823
2026-05-05 12:45:00,217.0,217.27,217.0,217.12,4988
2026-05-05 12:55:00,217.1,217.41,217.0,217.18,23813
2026-05-05 13:05:00,217.18,217.35,216.98,217.34,14421
2026-05-05 13:15:00,217.34,217.37,217.01,217.37,20225
2026-05-05 13:25:00,217.37,217.4,217.13,217.22,10736
2026-05-05 13:35:00,217.22,217.44,217.22,217.42,7145
2026-05-05 13:45:00,217.42,217.72,217.26,217.6,13552
2026-05-05 13:55:00,217.6,217.83,217.45,217.69,27356
2026-05-05 14:05:00,217.69,217.75,217.12,217.17,25278
2026-05-05 14:15:00,217.29,217.58,217.17,217.47,5936
2026-05-05 14:25:00,217.43,217.82,217.16,217.25,25739
2026-05-05 14:35:00,217.25,218.08,217.25,217.75,49314
2026-05-05 14:45:00,217.75,217.86,217.34,217.45,12356
2026-05-05 14:55:00,217.45,217.9,217.34,217.85,28374
2026-05-05 15:05:00,217.88,218.23,217.76,217.84,42700
2026-05-05 15:15:00,217.8,219.4,217.78,219.4,149637
2026-05-05 15:25:00,219.4,219.89,218.3,219.45,88192
2026-05-06 09:15:00,222.1,222.44,220.16,221.27,150824
2026-05-06 09:25:00,221.03,222.59,220.64,221.15,131927
2026-05-06 09:35:00,221.15,221.38,219.3,219.6,81469
2026-05-06 09:45:00,219.6,220.19,219.13,219.99,91702
2026-05-06 09:55:00,219.99,221.15,219.87,219.97,57862
2026-05-06 10:05:00,219.97,220.37,219.79,220.32,28279
2026-05-06 10:15:00,220.32,220.32,219.8,220.0,13441
2026-05-06 10:25:00,220.0,220.75,219.77,220.58,47231
2026-05-06 10:35:00,220.58,220.58,218.75,219.69,81524
2026-05-06 10:45:00,219.69,221.8,219.69,221.01,46781
2026-05-06 10:55:00,221.01,221.26,220.59,220.93,13300
2026-05-06 11:05:00,220.93,221.26,220.22,221.08,18586
2026-05-06 11:15:00,221.08,222.85,220.86,222.7,107800
2026-05-06 11:25:00,222.63,222.7,221.76,221.91,25891
2026-05-06 11:35:00,221.91,221.99,221.41,221.69,9489
2026-05-06 11:45:00,221.69,221.69,221.31,221.44,12017
2026-05-06 11:55:00,221.44,222.38,221.16,222.29,32026
2026-05-06 12:05:00,222.29,222.29,221.58,221.73,12737
2026-05-06 12:15:00,221.7,221.7,220.53,220.67,19785
2026-05-06 12:25:00,220.5,220.82,220.47,220.63,13294
2026-05-06 12:35:00,220.63,220.63,220.2,220.21,9279
2026-05-06 12:45:00,220.2,220.2,219.25,219.25,54676
2026-05-06 12:55:00,219.25,219.33,218.97,219.13,28526
2026-05-06 13:05:00,219.2,220.28,219.2,220.02,20294
2026-05-06 13:15:00,220.02,220.68,219.98,220.65,10142
2026-05-06 13:25:00,220.65,230.75,216.16,230.4,3068875
2026-05-06 13:35:00,230.5,234.7,228.5,232.84,2227853
2026-05-06 13:45:00,232.84,233.5,229.01,229.69,1060659
2026-05-06 13:55:00,229.49,231.71,228.68,231.4,755725
2026-05-06 14:05:00,231.4,232.45,228.0,232.45,751827
2026-05-06 14:15:00,232.56,234.38,232.05,233.8,984542
2026-05-06 14:25:00,233.53,235.0,232.8,233.28,964104
2026-05-06 14:35:00,233.16,238.0,233.16,237.37,1555180
2026-05-06 14:45:00,237.4,241.5,234.9,240.61,2415436
2026-05-06 14:55:00,240.89,243.7,239.06,243.0,2376637
2026-05-06 15:05:00,243.28,245.0,241.65,242.35,3558246
2026-05-06 15:15:00,242.41,245.0,240.93,244.29,3005088
2026-05-06 15:25:00,244.13,245.0,244.0,244.9,593894
2026-05-07 09:15:00,246.74,249.8,239.43,242.71,1661134
2026-05-07 09:25:00,242.82,242.82,239.0,239.0,457933
2026-05-07 09:35:00,239.0,239.71,238.0,238.55,326694
2026-05-07 09:45:00,238.3,239.37,238.1,238.99,220455
2026-05-07 09:55:00,239.04,239.35,238.1,238.98,101215
2026-05-07 10:05:00,238.98,238.98,237.5,238.31,142109
2026-05-07 10:15:00,238.3,239.03,237.89,238.53,61662
2026-05-07 10:25:00,238.53,239.3,237.97,239.12,71744
2026-05-07 10:35:00,239.04,239.15,238.53,239.15,40501
2026-05-07 10:45:00,239.15,239.78,237.7,238.26,165704
2026-05-07 10:55:00,237.98,239.07,237.9,238.13,57782
2026-05-07 11:05:00,238.13,238.58,237.32,238.0,77125
2026-05-07 11:15:00,238.0,238.08,237.48,237.8,48495
2026-05-07 11:25:00,237.8,237.8,236.76,237.62,84176
2026-05-07 11:35:00,237.62,237.65,237.01,237.15,22175
2026-05-07 11:45:00,237.13,237.37,236.55,237.28,65569
2026-05-07 11:55:00,237.25,237.39,237.0,237.09,36575
2026-05-07 12:05:00,237.09,237.36,236.57,237.01,44046
2026-05-07 12:15:00,237.17,237.42,237.02,237.16,23897
2026-05-07 12:25:00,237.16,237.8,236.8,237.1,47636
2026-05-07 12:35:00,237.22,237.46,236.82,237.03,41555
2026-05-07 12:45:00,237.03,237.15,236.61,236.82,36006
2026-05-07 12:55:00,236.8,237.24,236.5,236.7,48152
2026-05-07 13:05:00,236.7,237.21,236.5,236.9,28334
2026-05-07 13:15:00,236.9,236.9,236.12,236.31,41549
2026-05-07 13:25:00,236.42,237.51,236.42,237.2,90170
2026-05-07 13:35:00,237.2,237.42,237.0,237.27,23007
2026-05-07 13:45:00,237.25,238.25,237.05,237.64,126182
2026-05-07 13:55:00,237.64,237.64,237.0,237.19,27599
2026-05-07 14:05:00,237.19,237.41,237.11,237.33,30502
2026-05-07 14:15:00,237.33,237.44,237.0,237.44,36845
2026-05-07 14:25:00,237.44,237.59,237.15,237.41,35320
2026-05-07 14:35:00,237.41,238.68,237.0,238.59,111019
2026-05-07 14:45:00,238.7,238.84,236.0,236.4,292989
2026-05-07 14:55:00,236.51,236.51,234.57,234.85,304041
2026-05-07 15:05:00,234.87,235.9,234.25,235.39,348903
2026-05-07 15:15:00,235.55,235.72,234.32,234.96,476711
2026-05-07 15:25:00,235.0,235.99,234.25,235.9,247669
2026-05-08 09:15:00,235.18,249.8,234.01,249.22,1381684
2026-05-08 09:25:00,249.03,254.0,246.46,251.8,3232911
2026-05-08 09:35:00,251.62,251.8,247.42,248.2,1384392
2026-05-08 09:45:00,248.3,248.31,246.47,247.31,636145
2026-05-08 09:55:00,247.31,253.8,246.62,252.1,1506980
2026-05-08 10:05:00,251.9,256.89,250.62,256.54,2425057
2026-05-08 10:15:00,256.3,263.0,256.1,262.21,6247964
2026-05-08 10:25:00,262.38,264.0,259.6,263.54,3942429
2026-05-08 10:35:00,263.6,264.0,257.61,260.05,4479519
2026-05-08 10:45:00,260.2,262.23,259.26,260.2,1875200
2026-05-08 10:55:00,260.2,262.7,259.5,259.63,2242091
2026-05-08 11:05:00,259.5,261.38,259.5,260.85,1310434
2026-05-08 11:15:00,260.85,267.9,260.7,267.55,4599459
2026-05-08 11:25:00,267.54,271.75,265.44,269.33,7152405
2026-05-08 11:35:00,269.39,272.0,267.38,269.58,5017054
2026-05-08 11:45:00,269.6,271.0,268.71,270.69,2418021
2026-05-08 11:55:00,270.69,278.22,269.51,272.9,8001084
2026-05-08 12:05:00,272.97,274.42,272.27,273.21,1320779
2026-05-08 12:15:00,273.21,275.69,272.93,274.55,1681408
2026-05-08 12:25:00,274.55,275.22,273.52,274.77,1155959
2026-05-08 12:35:00,274.78,275.69,273.15,274.0,1156169
2026-05-08 12:45:00,273.95,275.67,273.14,275.03,1044460
2026-05-08 12:55:00,275.14,275.15,273.9,274.3,476791
2026-05-08 13:05:00,274.3,274.85,273.6,274.15,477724
2026-05-08 13:15:00,274.18,275.7,273.8,274.41,617237
2026-05-08 13:25:00,274.4,276.5,271.1,276.08,1477646
2026-05-08 13:35:00,276.45,276.45,274.25,275.2,670719
2026-05-08 13:45:00,275.2,276.4,274.63,275.14,914736
2026-05-08 13:55:00,275.02,275.4,273.7,274.4,622326
2026-05-08 14:05:00,274.4,278.7,274.0,274.5,1305963
2026-05-08 14:15:00,274.46,275.6,272.0,274.72,1233683
2026-05-08 14:25:00,274.75,276.44,274.69,275.72,670796
2026-05-08 14:35:00,275.79,278.37,275.51,277.13,1569116
2026-05-08 14:45:00,277.13,280.85,277.13,279.44,2495024
2026-05-08 14:55:00,279.47,279.47,272.64,274.09,3027467
2026-05-08 15:05:00,274.2,274.95,272.6,274.44,1561621
2026-05-08 15:15:00,274.3,278.95,271.16,272.09,3007822
2026-05-08 15:25:00,272.17,273.81,271.41,272.05,832353
2026-05-11 09:15:00,271.41,272.42,260.13,260.61,2602387
2026-05-11 09:25:00,260.75,265.62,260.19,264.84,1005286
2026-05-11 09:35:00,264.81,265.8,263.29,264.21,509291
2026-05-11 09:45:00,264.34,264.34,262.21,263.6,352452
2026-05-11 09:55:00,263.58,264.07,262.1,262.94,173250
2026-05-11 10:05:00,262.82,266.76,262.82,265.2,372380
2026-05-11 10:15:00,265.28,265.79,264.6,265.21,173362
2026-05-11 10:25:00,265.04,266.48,264.01,266.26,191022
2026-05-11 10:35:00,266.26,266.8,265.03,266.37,110255
2026-05-11 10:45:00,266.37,266.7,264.23,264.68,171629
2026-05-11 10:55:00,264.68,265.85,264.68,265.64,58827
2026-05-11 11:05:00,265.64,265.7,264.5,264.87,58420
2026-05-11 11:15:00,264.87,265.0,264.4,264.67,67943
2026-05-11 11:25:00,264.67,264.67,263.03,263.4,96676
2026-05-11 11:35:00,263.49,264.01,263.1,263.83,76493
2026-05-11 11:45:00,263.83,264.26,263.46,264.12,41037
2026-05-11 11:55:00,264.2,264.25,263.31,263.82,36701
2026-05-11 12:05:00,263.92,264.45,263.83,264.4,75975
2026-05-11 12:15:00,264.19,264.45,263.7,264.22,61063
2026-05-11 12:25:00,264.32,264.65,261.6,264.59,251128
2026-05-11 12:35:00,264.59,265.45,264.01,264.94,104475
2026-05-11 12:45:00,264.88,265.13,264.38,264.74,76026
2026-05-11 12:55:00,264.7,265.13,264.02,264.55,111340
2026-05-11 13:05:00,264.55,264.8,264.1,264.6,65278
2026-05-11 13:15:00,264.56,264.6,264.1,264.41,33215
2026-05-11 13:25:00,264.41,264.42,264.01,264.36,29957
2026-05-11 13:35:00,264.36,264.89,264.25,264.7,64904
2026-05-11 13:45:00,264.42,264.85,264.2,264.68,43670
2026-05-11 13:55:00,264.77,264.8,264.26,264.45,33566
2026-05-11 14:05:00,264.46,264.46,263.8,264.28,65450
2026-05-11 14:15:00,264.28,264.99,263.9,264.84,160133
2026-05-11 14:25:00,264.71,265.95,264.6,265.9,160089
2026-05-11 14:35:00,265.9,266.0,265.1,265.55,169925
2026-05-11 14:45:00,265.71,265.84,263.4,263.52,199945
2026-05-11 14:55:00,263.4,263.5,262.06,262.43,184866
2026-05-11 15:05:00,262.5,262.76,259.6,260.13,325294
2026-05-11 15:15:00,260.21,261.09,259.8,260.99,377006
2026-05-11 15:25:00,260.88,261.65,260.46,261.6,105137
2026-05-12 09:15:00,260.95,262.7,254.6,258.12,526793
2026-05-12 09:25:00,257.9,258.08,253.0,253.1,205467
2026-05-12 09:35:00,253.16,256.96,253.16,256.58,161286
2026-05-12 09:45:00,256.76,256.8,255.54,256.21,71886
2026-05-12 09:55:00,256.32,257.06,256.03,256.44,63538
2026-05-12 10:05:00,256.44,256.86,255.55,256.38,37791
2026-05-12 10:15:00,256.25,256.27,254.61,254.61,70445
2026-05-12 10:25:00,254.61,254.72,252.6,253.24,86664
2026-05-12 10:35:00,253.15,253.67,252.2,252.27,66637
2026-05-12 10:45:00,252.2,252.66,251.5,252.27,63905
2026-05-12 10:55:00,252.27,252.85,252.14,252.32,25658
2026-05-12 11:05:00,252.25,252.77,251.75,252.0,24354
2026-05-12 11:15:00,251.94,254.45,251.94,253.82,87294
2026-05-12 11:25:00,253.82,254.27,252.58,254.23,36138
2026-05-12 11:35:00,254.02,254.64,253.3,254.0,50910
2026-05-12 11:45:00,253.77,254.8,253.43,254.43,26335
2026-05-12 11:55:00,254.5,255.62,254.36,255.0,53819
2026-05-12 12:05:00,255.0,255.05,252.85,252.9,68157
2026-05-12 12:15:00,252.8,254.4,252.8,254.4,54915
2026-05-12 12:25:00,254.4,254.54,253.1,253.53,29581
2026-05-12 12:35:00,253.53,254.05,253.05,253.91,24858
2026-05-12 12:45:00,253.91,254.42,253.3,253.5,21088
2026-05-12 12:55:00,253.5,253.91,253.32,253.5,7984
2026-05-12 13:05:00,253.5,253.56,252.66,253.45,20063
2026-05-12 13:15:00,253.45,253.62,252.7,252.95,20963
2026-05-12 13:25:00,252.8,253.0,252.4,252.95,29628
2026-05-12 13:35:00,252.99,253.0,252.2,252.31,43402
2026-05-12 13:45:00,252.31,253.35,251.72,252.73,60490
2026-05-12 13:55:00,252.73,253.19,252.23,252.82,25513
2026-05-12 14:05:00,252.67,254.25,252.49,253.71,52619
2026-05-12 14:15:00,253.7,254.42,252.96,254.22,79450
2026-05-12 14:25:00,254.23,254.23,253.13,253.5,21594
2026-05-12 14:35:00,253.5,253.64,253.24,253.51,22039
2026-05-12 14:45:00,253.51,253.6,252.16,252.34,50894
2026-05-12 14:55:00,252.46,252.5,251.58,251.79,85766
2026-05-12 15:05:00,251.75,252.01,245.25,246.5,288943
2026-05-12 15:15:00,246.65,250.9,246.61,249.2,367082
2026-05-12 15:25:00,249.2,249.45,247.65,249.0,151838
2026-05-13 09:20:00,248.52,250.41,246.51,246.68,42727128
2026-05-13 09:25:00,248.57,248.66,244.53,244.9,153107
2026-05-13 09:35:00,244.61,245.43,242.01,245.07,186690
2026-05-13 09:45:00,245.03,248.47,245.03,247.3,155158
2026-05-13 09:55:00,247.13,249.64,247.13,248.8,47216
2026-05-13 10:05:00,248.65,249.0,245.97,248.09,87308
2026-05-13 10:15:00,248.0,250.76,248.0,250.76,70814
2026-05-13 10:25:00,250.74,251.76,248.4,249.17,86489
2026-05-13 10:35:00,249.17,249.27,248.5,248.74,38949
2026-05-13 10:45:00,248.71,248.84,246.82,247.89,32560
2026-05-13 10:55:00,247.89,247.89,246.2,246.74,31267
2026-05-13 11:05:00,246.74,247.1,246.05,246.65,20826
2026-05-13 11:15:00,246.65,248.6,246.65,248.5,29178
2026-05-13 11:25:00,248.5,248.98,247.5,248.47,35455
2026-05-13 11:35:00,248.47,250.0,248.47,248.64,18624
2026-05-13 11:45:00,248.64,248.68,247.49,247.69,15684
2026-05-13 11:55:00,247.69,248.0,247.17,248.0,14416
2026-05-13 12:05:00,248.0,248.9,247.67,248.71,17196
2026-05-13 12:15:00,248.53,248.67,247.37,248.55,18875
2026-05-13 12:25:00,248.5,248.54,247.66,247.79,8886
2026-05-13 12:35:00,247.79,247.8,246.09,246.96,27563
2026-05-13 12:45:00,247.1,248.32,246.83,248.28,26300
2026-05-13 12:55:00,248.2,248.38,247.3,247.3,14568
2026-05-13 13:05:00,247.3,247.3,246.1,246.7,30384
2026-05-13 13:15:00,246.7,246.71,244.01,245.0,123779
2026-05-13 13:25:00,245.05,245.05,242.75,243.29,79848
2026-05-13 13:35:00,243.29,244.4,243.04,243.95,39593
2026-05-13 13:45:00,243.95,244.57,243.0,244.4,49868
2026-05-13 13:55:00,244.4,244.48,243.63,244.19,23063
2026-05-13 14:05:00,244.15,244.53,244.08,244.2,24371
2026-05-13 14:15:00,244.21,244.42,244.0,244.02,14034
2026-05-13 14:25:00,244.02,244.46,244.0,244.28,9435
2026-05-13 14:35:00,244.28,244.46,243.3,244.29,74691
2026-05-13 14:45:00,244.09,244.67,243.66,244.15,43771
2026-05-13 14:55:00,244.15,244.32,243.3,243.37,47794
2026-05-13 15:05:00,243.25,243.37,242.35,243.2,72688
2026-05-13 15:15:00,243.2,243.73,241.6,242.49,120555
2026-05-13 15:25:00,242.49,243.0,241.4,242.08,47974
2026-05-14 09:15:00,244.05,264.4,244.05,255.45,2318235
2026-05-14 09:25:00,255.61,258.74,253.0,255.53,1215171
2026-05-14 09:35:00,255.49,256.69,253.75,254.29,670721
2026-05-14 09:45:00,253.58,257.65,247.1,248.03,1352509
2026-05-14 09:55:00,248.03,249.5,243.1,248.7,1052003
2026-05-14 10:05:00,248.39,249.38,247.43,249.0,216770
2026-05-14 10:15:00,248.97,250.63,248.75,249.05,201464
2026-05-14 10:25:00,249.0,249.11,246.92,247.62,189647
2026-05-14 10:35:00,247.7,247.8,245.8,246.14,198205
2026-05-14 10:45:00,246.01,246.29,245.1,245.54,152531
2026-05-14 10:55:00,245.45,246.22,244.29,245.47,122363
2026-05-14 11:05:00,245.45,245.45,244.13,245.0,120642
2026-05-14 11:15:00,245.0,245.5,243.22,245.26,178217
2026-05-14 11:25:00,245.26,245.4,243.51,244.01,96152
2026-05-14 11:35:00,244.08,244.42,243.12,244.03,148076
2026-05-14 11:45:00,244.01,244.96,243.3,243.4,128727
2026-05-14 11:55:00,243.5,244.6,243.4,243.91,59238
2026-05-14 12:05:00,244.15,245.46,243.8,244.4,71839
2026-05-14 12:15:00,244.49,244.83,243.51,243.82,49298
2026-05-14 12:25:00,243.8,243.82,239.7,240.89,296683
2026-05-14 12:35:00,240.95,242.13,240.2,242.0,103944
2026-05-14 12:45:00,242.0,242.71,241.5,242.0,102152
2026-05-14 12:55:00,242.09,242.33,241.0,241.5,92540
2026-05-14 13:05:00,241.51,241.93,241.16,241.24,47745
2026-05-14 13:15:00,241.05,242.0,241.03,241.46,46673
2026-05-14 13:25:00,241.3,241.7,240.06,240.84,73872
2026-05-14 13:35:00,240.55,241.73,240.41,241.45,36031
2026-05-14 13:45:00,241.51,241.76,240.01,240.26,70671
2026-05-14 13:55:00,240.26,241.4,240.23,241.2,165021
2026-05-14 14:05:00,241.2,242.1,240.78,241.2,69386
2026-05-14 14:15:00,241.01,241.66,240.25,241.16,50427
2026-05-14 14:25:00,241.17,241.28,240.25,240.26,87928
2026-05-14 14:35:00,240.26,241.5,239.97,241.23,99885
2026-05-14 14:45:00,241.37,241.83,241.0,241.36,148181
2026-05-14 14:55:00,241.17,241.29,239.1,239.62,200453
2026-05-14 15:00:00,239.56,239.97,238.6,238.63,3567349511
2026-05-14 15:05:00,239.7,239.97,238.0,238.86,178854
2026-05-14 15:10:00,238.73,241.89,237.94,241.33,7681089917
2026-05-14 15:20:00,241.45,241.9,239.0,241.25,9104177585
2026-05-15 09:20:00,242.15,242.74,241.31,241.63,84711980
2026-05-15 09:30:00,241.63,241.63,239.0,240.22,128783107
2026-05-15 09:40:00,240.16,242.1,239.66,241.67,163204395
2026-05-15 09:50:00,241.2,241.2,240.81,240.96,31972060
2026-05-15 10:00:00,240.82,241.21,240.39,240.5,164256978
2026-05-15 10:10:00,240.5,240.95,240.1,240.54,169142869
2026-05-15 10:20:00,240.54,240.89,240.13,240.25,152355478
2026-05-15 10:30:00,240.2,240.28,238.7,238.7,194171213
2026-05-15 10:40:00,238.97,239.97,238.69,239.9,203209919
2026-05-15 10:50:00,239.9,240.9,239.9,240.83,228964647
2026-05-15 11:00:00,240.82,240.82,240.82,240.82,890750
2026-05-15 11:40:00,239.2,239.49,239.04,239.36,139280689
2026-05-15 11:50:00,239.51,239.51,238.8,239.21,166552636
2026-05-15 12:00:00,239.21,239.84,239.06,239.2,214780893
2026-05-15 12:10:00,239.2,239.44,238.8,238.94,184334729
2026-05-15 12:20:00,238.98,238.99,238.0,238.0,243986571
2026-05-15 12:30:00,238.0,238.35,237.5,237.8,233905782
2026-05-15 12:40:00,237.8,238.98,237.75,238.85,212418659
2026-05-15 12:50:00,238.85,239.0,238.32,238.6,229668543
2026-05-15 13:00:00,238.76,238.98,238.66,238.98,214380488
2026-05-15 13:10:00,238.98,238.99,238.63,238.72,242849282
2026-05-15 13:20:00,238.8,238.99,238.6,238.63,216955876
2026-05-15 13:30:00,238.63,238.72,238.0,238.07,224634285
2026-05-15 13:40:00,238.06,238.32,237.0,237.53,320378646
2026-05-15 13:50:00,237.53,237.61,236.5,237.23,262220884
2026-05-15 14:00:00,237.23,237.48,236.19,236.85,279007671
2026-05-15 14:10:00,236.86,236.96,236.41,236.59,277869138
2026-05-15 14:20:00,236.59,236.59,235.8,236.19,289528731
2026-05-15 14:30:00,236.59,237.69,236.46,236.56,307039572
2026-05-15 14:40:00,236.66,236.76,235.57,235.58,356270056
2026-05-15 14:50:00,235.5,235.9,235.18,235.6,321013444
2026-05-15 15:00:00,235.6,238.11,235.5,238.11,332465655
2026-05-15 15:10:00,238.05,238.05,235.61,236.76,461769992
2026-05-15 15:20:00,237.18,240.5,236.88,239.21,600531025
2026-05-18 09:20:00,231.61,231.96,229.5,230.46,45595854
2026-05-18 09:30:00,230.49,230.69,228.8,229.21,79091162
2026-05-18 09:40:00,229.0,229.85,228.71,229.85,91985536
2026-05-18 09:50:00,229.79,230.06,228.4,229.0,92731039
2026-05-18 10:00:00,229.0,229.0,227.17,227.25,122195064
2026-05-18 10:10:00,227.26,228.75,227.05,228.67,154851107
2026-05-18 10:20:00,228.67,228.77,226.09,226.11,165747766
2026-05-18 10:30:00,226.28,228.24,225.75,228.24,189474924
2026-05-18 10:40:00,228.19,229.75,227.8,229.58,211872918
2026-05-18 10:50:00,229.5,230.5,229.5,230.09,260196949
2026-05-18 11:00:00,230.0,230.3,229.37,230.26,206430299
2026-05-18 11:10:00,230.25,230.65,230.01,230.48,242650838
2026-05-18 11:20:00,230.63,230.63,230.0,230.36,252894275
2026-05-18 11:30:00,231.25,232.73,230.55,232.35,345453794
2026-05-18 11:40:00,232.35,232.35,230.81,231.08,302729453
2026-05-18 11:50:00,231.08,231.29,230.81,231.28,295769047
2026-05-18 12:00:00,231.28,231.28,230.87,231.03,243028689
2026-05-18 12:20:00,231.3,231.82,231.13,231.75,240320561
2026-05-18 12:30:00,231.75,232.1,231.65,231.91,308017761
2026-05-18 12:40:00,231.91,233.68,231.19,233.0,325543758
2026-05-18 12:50:00,233.0,233.7,233.0,233.52,375409258
2026-05-18 13:00:00,233.52,233.53,232.71,232.9,355740130
2026-05-18 13:10:00,232.9,233.29,232.64,233.05,348177107
2026-05-18 13:20:00,233.05,233.29,233.0,233.04,302757723
2026-05-18 13:30:00,233.04,233.48,232.98,233.22,300855609
2026-05-18 13:40:00,233.22,233.22,232.25,233.2,352641105
2026-05-18 13:50:00,233.04,233.26,232.85,233.19,304800349
2026-05-18 14:00:00,233.19,233.19,232.85,233.0,335429399
2026-05-18 14:10:00,233.0,233.2,232.68,233.0,306607306
2026-05-18 14:20:00,233.0,233.09,232.6,232.65,293176858
2026-05-18 14:30:00,232.65,232.89,232.15,232.29,394197355
2026-05-18 14:40:00,232.45,232.75,231.6,231.6,419815762
2026-05-18 14:50:00,231.6,231.9,230.4,230.9,413483467
2026-05-18 15:00:00,230.9,233.32,230.9,233.24,406045662
2026-05-18 15:10:00,233.24,234.67,233.0,234.67,482479453
2026-05-18 15:20:00,234.49,236.0,234.0,235.01,589737178
2026-05-19 09:20:00,246.0,252.46,245.4,250.62,1542749268
2026-05-19 09:30:00,250.53,250.84,241.8,244.69,2840939381
2026-05-19 09:40:00,244.69,245.9,243.5,243.81,2583503803
2026-05-19 09:50:00,243.94,244.6,243.64,243.77,1339808607
2026-05-19 10:00:00,243.77,244.0,242.5,243.35,1759829398
2026-05-19 10:10:00,243.44,245.5,243.35,243.88,2212769425
2026-05-19 10:20:00,243.88,246.4,243.5,246.2,1764446463
2026-05-19 10:30:00,246.2,246.7,244.51,245.03,1782899747
2026-05-19 10:40:00,245.13,245.23,244.13,244.53,1430755004
2026-05-19 10:50:00,244.56,245.35,244.0,244.95,1663426999
2026-05-19 11:00:00,244.95,244.99,244.15,244.21,1534552299
2026-05-19 11:10:00,244.23,245.0,244.05,244.25,1365355786
2026-05-19 11:20:00,244.25,244.66,243.85,244.61,1427529867
2026-05-19 11:30:00,244.61,244.9,244.0,244.67,1763057964
2026-05-19 11:40:00,244.67,244.87,241.21,243.2,2456229215
2026-05-19 11:50:00,243.2,243.8,242.94,243.67,1600871938
2026-05-19 12:00:00,243.59,244.26,243.25,243.58,1825121760
2026-05-19 12:10:00,243.59,244.25,243.41,244.0,1781435023
2026-05-19 12:20:00,244.0,244.5,243.82,244.22,1513300203
2026-05-19 12:30:00,244.23,244.37,243.05,243.63,1442464228
2026-05-19 12:40:00,243.63,243.72,242.61,242.61,1715840674
2026-05-19 12:50:00,242.55,243.58,242.55,243.4,1689625662
2026-05-19 13:00:00,243.4,243.98,243.27,243.41,1606932660
2026-05-19 13:10:00,243.41,243.65,242.67,243.27,1688139866
2026-05-19 13:20:00,243.27,244.38,243.06,244.11,1473421423
2026-05-19 13:30:00,244.11,245.56,244.02,245.56,1474288438
2026-05-19 13:40:00,245.54,245.62,244.82,245.0,1761280083
2026-05-19 13:50:00,245.0,245.3,244.34,244.95,1618950304
2026-05-19 14:00:00,244.95,245.5,244.84,245.45,1701437755
2026-05-19 14:10:00,245.4,245.8,244.69,244.69,1900839984
2026-05-19 14:20:00,244.69,245.42,244.66,245.17,1574739947
2026-05-19 14:30:00,245.17,245.33,244.26,244.72,1604355610
2026-05-19 14:40:00,244.71,244.9,243.01,243.28,1971159348
2026-05-19 14:50:00,243.28,243.59,242.15,242.25,2097830660
2026-05-19 15:00:00,242.25,242.29,241.0,241.1,1713447045
2026-05-19 15:10:00,241.14,242.65,240.0,242.36,2424510561
2026-05-19 15:20:00,242.5,244.6,241.83,242.0,4058937102
2026-05-20 09:15:00,241.0,244.35,236.51,243.46,294051
2026-05-20 09:20:00,241.03,247.22,240.45,246.41,191423339
2026-05-20 09:25:00,243.35,248.26,243.0,247.28,326121
2026-05-20 09:30:00,246.41,248.24,245.11,247.27,324261619
2026-05-20 09:35:00,247.23,248.27,246.32,247.6,223178
2026-05-20 09:40:00,247.05,248.0,246.32,247.33,231924861
2026-05-20 09:45:00,247.76,247.76,246.37,246.95,101243
2026-05-20 09:50:00,247.33,247.5,246.37,247.13,242792855
2026-05-20 09:55:00,246.87,247.5,245.7,245.88,86836
2026-05-20 10:00:00,247.01,247.01,245.54,246.45,351190031
2026-05-20 10:05:00,245.88,247.39,245.54,246.97,58841
2026-05-20 10:10:00,246.49,247.39,246.2,247.14,370427397
2026-05-20 10:15:00,246.97,247.3,246.3,246.41,47241
2026-05-20 10:20:00,246.95,247.38,246.14,247.15,323241474
2026-05-20 10:25:00,246.45,247.5,246.14,246.9,67730
2026-05-20 10:30:00,247.25,247.62,246.82,247.1,284545998
2026-05-20 10:35:00,246.9,247.62,246.82,247.3,47616
2026-05-20 10:40:00,247.1,247.58,247.0,247.3,310912069
2026-05-20 10:45:00,247.3,248.89,247.0,248.75,143148
2026-05-20 10:50:00,247.47,248.89,247.43,248.15,746363244
2026-05-20 10:55:00,248.84,248.88,247.72,248.0,73880
2026-05-20 11:00:00,248.19,248.79,247.72,248.63,398489579
2026-05-20 11:05:00,248.15,248.79,248.0,248.12,61554
2026-05-20 11:10:00,248.66,248.66,247.75,247.9,383974591
2026-05-20 11:15:00,248.12,248.35,247.75,247.98,28276
2026-05-20 11:20:00,247.91,248.15,247.63,247.87,420836075
2026-05-20 11:25:00,247.9,248.03,247.55,247.61,52354
2026-05-20 11:30:00,247.87,248.03,247.51,247.72,350722115
2026-05-20 11:35:00,247.63,247.87,247.37,247.5,12945
2026-05-20 11:40:00,247.72,248.15,247.37,248.04,423334246
2026-05-20 11:45:00,247.5,248.42,247.5,247.94,27929
2026-05-20 11:50:00,248.15,248.42,247.63,247.73,409858699
2026-05-20 11:55:00,247.9,248.15,247.63,247.64,10309
2026-05-20 12:00:00,247.77,247.96,247.44,247.68,372703513
2026-05-20 12:05:00,247.64,248.35,247.44,248.32,43691
2026-05-20 12:10:00,247.68,248.35,247.53,247.97,354409410
2026-05-20 12:15:00,248.32,248.34,247.7,247.9,15103
2026-05-20 12:20:00,247.97,248.19,247.6,247.61,379394811
2026-05-20 12:25:00,247.9,247.96,247.03,247.19,22998
2026-05-20 12:30:00,247.61,247.61,247.03,247.2,396195990
2026-05-20 12:35:00,247.19,247.43,247.01,247.4,24225
2026-05-20 12:40:00,247.2,247.4,247.01,247.2,421848167
2026-05-20 12:45:00,247.4,247.58,246.82,247.43,28240
2026-05-20 12:50:00,247.2,247.67,246.82,247.49,413446855
2026-05-20 12:55:00,247.43,247.67,247.05,247.23,14812
2026-05-20 13:00:00,247.49,247.54,246.63,246.98,362551547
2026-05-20 13:05:00,247.23,247.31,246.63,247.2,27248
2026-05-20 13:10:00,246.98,247.32,246.88,247.31,378984585
2026-05-20 13:15:00,247.2,247.4,246.88,247.25,36975
2026-05-20 13:20:00,247.13,247.41,247.0,247.0,405051070
2026-05-20 13:25:00,247.25,247.35,246.98,247.21,10963
2026-05-20 13:30:00,247.0,247.49,246.98,247.3,417738010
2026-05-20 13:35:00,247.35,247.49,247.1,247.19,23332
2026-05-20 13:40:00,247.3,247.8,247.1,247.39,485789622
2026-05-20 13:45:00,247.19,248.45,247.19,248.0,50425
2026-05-20 13:50:00,247.39,248.45,247.39,247.99,524949526
2026-05-20 13:55:00,248.0,248.0,247.15,247.39,17056
2026-05-20 14:00:00,247.99,247.99,247.15,247.43,441532743
2026-05-20 14:05:00,247.23,247.69,247.23,247.32,11622
2026-05-20 14:10:00,247.43,247.69,247.12,247.34,392477278
2026-05-20 14:15:00,247.32,247.5,247.11,247.5,15714
2026-05-20 14:20:00,247.38,247.5,247.11,247.43,397635117
2026-05-20 14:25:00,247.5,247.5,247.1,247.2,17084
2026-05-20 14:30:00,247.43,247.5,246.89,247.0,523300772
2026-05-20 14:35:00,247.04,247.19,246.2,246.7,53195
2026-05-20 14:40:00,247.0,247.22,246.2,247.08,551602919
2026-05-20 14:45:00,246.7,247.3,246.6,246.96,61690
2026-05-20 14:50:00,247.19,247.4,246.8,247.4,520055344
2026-05-20 14:55:00,246.96,247.4,246.87,247.19,45224
2026-05-20 15:00:00,247.39,247.65,246.87,247.26,561019805
2026-05-20 15:05:00,247.27,247.65,247.0,247.0,70102
2026-05-20 15:10:00,247.26,247.31,246.3,247.09,573759389
2026-05-20 15:15:00,247.0,247.5,246.3,247.34,168674
2026-05-20 15:20:00,247.0,249.1,247.0,248.2,617330745
2026-05-20 15:25:00,247.45,249.29,247.0,248.2,92676
2026-05-21 09:15:00,250.0,253.87,249.32,253.46,402947
2026-05-21 09:20:00,253.3,253.49,251.81,252.27,94539071
2026-05-21 09:25:00,253.09,253.09,248.5,252.71,319792
2026-05-21 09:30:00,252.26,256.15,248.5,255.16,433419467
2026-05-21 09:35:00,252.72,257.39,252.57,254.4,441402
2026-05-21 09:40:00,255.16,255.16,253.41,253.84,364951470
2026-05-21 09:45:00,254.23,254.36,253.6,253.87,34376
2026-05-21 09:50:00,253.8,254.07,253.05,253.35,279433733
2026-05-21 09:55:00,253.73,254.24,253.05,253.38,48566
2026-05-21 10:00:00,253.35,254.24,253.09,253.55,296743073
2026-05-21 10:05:00,253.27,253.67,253.13,253.21,22160
2026-05-21 10:10:00,253.35,254.15,253.12,253.86,258770867
2026-05-21 10:15:00,253.12,254.39,253.12,254.39,29903
2026-05-21 10:20:00,253.86,254.55,253.52,254.16,122130765
2026-05-21 10:25:00,254.47,254.55,253.5,253.56,40553
2026-05-21 10:30:00,254.16,254.3,253.15,253.61,371199982
2026-05-21 10:35:00,253.56,254.09,253.15,253.91,26202
2026-05-21 10:40:00,253.61,254.0,253.6,253.8,418276998
2026-05-21 10:45:00,253.79,253.92,253.41,253.86,14084
2026-05-21 10:50:00,253.8,253.92,253.41,253.72,378751454
2026-05-21 10:55:00,253.72,253.83,253.25,253.5,24062
2026-05-21 11:00:00,253.71,253.83,253.25,253.7,508354007
2026-05-21 11:05:00,253.49,253.7,253.3,253.54,20195
2026-05-21 11:10:00,253.66,253.7,253.16,253.41,754772600
2026-05-21 11:15:00,253.6,253.69,253.16,253.64,83470
2026-05-21 11:20:00,253.41,253.69,253.3,253.52,534899256
2026-05-21 11:25:00,253.65,253.7,253.3,253.5,24282
2026-05-21 11:30:00,253.52,253.75,253.34,253.59,643998663
2026-05-21 11:35:00,253.5,253.99,253.35,253.55,19681
2026-05-21 11:40:00,253.55,253.99,253.38,253.55,478140238
2026-05-21 11:45:00,253.55,253.8,253.45,253.55,6035
2026-05-21 11:50:00,253.55,253.8,253.41,253.55,498522516
2026-05-21 11:55:00,253.54,253.7,253.41,253.6,12004
2026-05-21 12:00:00,253.55,253.82,253.43,253.63,464504278
2026-05-21 12:05:00,253.6,253.84,253.42,253.51,18278
2026-05-21 12:10:00,253.63,253.84,253.42,253.51,494668384
2026-05-21 12:15:00,253.5,253.71,253.42,253.47,8287
2026-05-21 12:20:00,253.51,253.7,253.29,253.5,550545510
2026-05-21 12:25:00,253.44,253.63,253.23,253.51,57120
2026-05-21 12:30:00,253.5,253.63,253.0,253.37,1074183815
2026-05-21 12:35:00,253.5,253.61,253.0,253.4,66695
2026-05-21 12:40:00,253.35,253.55,253.28,253.4,792672707
2026-05-21 12:45:00,253.4,253.65,253.34,253.55,41591
2026-05-21 12:50:00,253.4,253.65,253.34,253.5,815310730
2026-05-21 12:55:00,253.55,253.62,252.51,253.05,99445
2026-05-21 13:00:00,253.5,253.59,252.51,253.03,954010049
2026-05-21 13:05:00,253.05,253.17,252.73,253.0,50890
2026-05-21 13:10:00,253.03,253.09,252.73,253.04,674090113
2026-05-21 13:15:00,253.0,253.09,252.81,253.02,38737
2026-05-21 13:20:00,253.0,253.13,252.81,252.95,1117849347
2026-05-21 13:25:00,252.9,253.22,252.85,253.09,47351
2026-05-21 13:30:00,252.95,253.22,252.75,253.02,752694164
2026-05-21 13:35:00,253.09,253.09,252.4,252.4,22561
2026-05-21 13:40:00,252.94,253.05,252.91,253.0,328655185
2026-05-21 13:45:00,252.4,253.39,251.69,252.98,98361
2026-05-21 13:55:00,253.0,253.18,252.84,253.02,17437
2026-05-21 14:00:00,252.97,253.1,252.45,252.67,526946150
2026-05-21 14:05:00,253.02,253.1,252.45,252.56,20574
2026-05-21 14:10:00,252.67,252.87,252.41,252.47,732437272
2026-05-21 14:15:00,252.54,252.87,252.41,252.63,22001
2026-05-21 14:25:00,252.6,253.0,252.47,252.92,9763
2026-05-21 14:35:00,252.83,253.27,252.74,253.1,10588
2026-05-21 14:45:00,253.07,253.38,252.97,253.23,17143
2026-05-21 14:50:00,253.06,254.18,252.89,253.64,956648524
2026-05-21 15:00:00,253.72,253.72,253.0,253.07,718629170
2026-05-21 15:10:00,253.08,254.0,253.01,253.85,680356389
2026-05-21 15:20:00,253.92,254.9,253.61,254.0,645803499
