datetime,open,high,low,close,volume
2026-02-01 09:15:00,92.15,92.25,91.17,92.06,540054
2026-02-01 09:25:00,92.11,92.36,91.75,91.85,293807
2026-02-01 09:35:00,91.93,92.2,91.84,92.1,188021
2026-02-01 09:45:00,92.05,92.25,91.97,92.22,154583
2026-02-01 09:55:00,92.22,92.82,92.05,92.82,223328
2026-02-01 10:05:00,92.76,93.12,92.41,93.05,362254
2026-02-01 10:15:00,93.05,93.49,92.85,93.48,638281
2026-02-01 10:25:00,93.47,93.48,92.3,92.55,668168
2026-02-01 10:35:00,92.55,92.75,92.3,92.34,260824
2026-02-01 10:45:00,92.39,92.39,91.76,91.99,388251
2026-02-01 10:55:00,91.99,92.07,91.78,91.78,207596
2026-02-01 11:05:00,91.8,92.1,91.79,91.86,170250
2026-02-01 11:15:00,91.89,91.95,91.33,91.72,206363
2026-02-01 11:25:00,91.75,91.79,91.56,91.7,152540
2026-02-01 11:35:00,91.7,91.81,91.18,91.34,196159
2026-02-01 11:45:00,91.32,91.6,91.3,91.51,114144
2026-02-01 11:55:00,91.54,91.54,90.35,90.65,312569
2026-02-01 12:05:00,90.66,91.21,90.6,90.67,207639
2026-02-01 12:15:00,90.69,90.72,89.65,89.9,490620
2026-02-01 12:25:00,89.93,89.99,88.5,89.72,373152
2026-02-01 12:35:00,89.75,90.48,89.73,90.3,419172
2026-02-01 12:45:00,90.22,90.41,89.9,90.0,128688
2026-02-01 12:55:00,89.94,90.24,89.82,90.18,134906
2026-02-01 13:05:00,90.2,90.2,89.85,89.97,98500
2026-02-01 13:15:00,89.98,90.09,89.85,90.0,75094
2026-02-01 13:25:00,90.0,90.02,89.66,90.0,93931
2026-02-01 13:35:00,90.0,90.15,89.9,89.99,54757
2026-02-01 13:45:00,89.99,90.0,89.52,89.72,175018
2026-02-01 13:55:00,89.72,89.98,89.66,89.86,45951
2026-02-01 14:05:00,89.92,90.0,89.8,89.92,41673
2026-02-01 14:15:00,89.9,90.0,89.78,89.95,41308
2026-02-01 14:25:00,89.99,90.0,89.95,90.0,61900
2026-02-01 14:35:00,90.0,90.0,89.86,89.9,50835
2026-02-01 14:45:00,89.9,89.97,89.8,89.92,83987
2026-02-01 14:55:00,89.97,90.0,89.9,89.98,63390
2026-02-01 15:05:00,89.98,90.0,89.69,89.78,228292
2026-02-01 15:15:00,89.77,89.99,89.15,89.88,301581
2026-02-01 15:25:00,89.91,89.91,89.44,89.8,186495
2026-02-02 09:15:00,89.7,89.7,88.39,89.07,420685
2026-02-02 09:25:00,89.08,89.17,88.64,88.99,321599
2026-02-02 09:35:00,88.95,89.16,88.6,88.64,202992
2026-02-02 09:45:00,88.61,89.25,88.6,89.19,199476
2026-02-02 09:55:00,89.19,89.21,88.85,88.94,138031
2026-02-02 10:05:00,88.9,89.08,88.8,88.98,112372
2026-02-02 10:15:00,89.04,89.07,88.65,88.76,80153
2026-02-02 10:25:00,88.77,88.82,88.6,88.8,84815
2026-02-02 10:35:00,88.75,89.29,88.75,89.08,121609
2026-02-02 10:45:00,89.04,89.09,88.4,88.5,173327
2026-02-02 10:55:00,88.49,88.5,88.07,88.14,123742
2026-02-02 11:05:00,88.07,88.36,88.05,88.3,135310
2026-02-02 11:15:00,88.3,88.33,88.02,88.15,145763
2026-02-02 11:25:00,88.1,88.49,88.05,88.39,139126
2026-02-02 11:35:00,88.39,88.44,88.27,88.32,94774
2026-02-02 11:45:00,88.32,88.32,87.8,87.89,280148
2026-02-02 11:55:00,87.88,87.9,87.7,87.8,204598
2026-02-02 12:05:00,87.8,87.8,87.15,87.25,468502
2026-02-02 12:15:00,87.24,87.29,87.11,87.25,173801
2026-02-02 12:25:00,87.25,87.27,87.16,87.25,115588
2026-02-02 12:35:00,87.25,87.25,87.15,87.25,103364
2026-02-02 12:45:00,87.25,87.28,87.2,87.23,106262
2026-02-02 12:55:00,87.22,87.85,87.22,87.78,289987
2026-02-02 13:05:00,87.79,88.15,87.72,88.05,123338
2026-02-02 13:15:00,88.05,88.14,87.83,88.04,62403
2026-02-02 13:25:00,88.04,88.24,87.9,88.08,76162
2026-02-02 13:35:00,88.13,88.41,88.05,88.31,91728
2026-02-02 13:45:00,88.26,88.5,88.21,88.45,70057
2026-02-02 13:55:00,88.45,88.48,88.25,88.48,73264
2026-02-02 14:05:00,88.48,88.7,88.46,88.67,112397
2026-02-02 14:15:00,88.65,88.69,88.55,88.68,65281
2026-02-02 14:25:00,88.69,88.97,88.67,88.78,115543
2026-02-02 14:35:00,88.78,88.94,88.72,88.94,73129
2026-02-02 14:45:00,88.91,89.02,88.8,88.95,129978
2026-02-02 14:55:00,88.9,89.35,88.81,89.33,223709
2026-02-02 15:05:00,89.35,90.08,89.3,90.07,394101
2026-02-02 15:15:00,90.09,90.09,89.83,89.85,314999
2026-02-02 15:25:00,89.88,89.9,89.75,89.8,159452
2026-02-03 09:15:00,94.47,94.77,91.25,91.49,2261441
2026-02-03 09:25:00,91.5,91.59,91.1,91.25,682599
2026-02-03 09:35:00,91.25,91.48,91.0,91.03,586489
2026-02-03 09:45:00,91.0,91.53,90.96,91.47,351695
2026-02-03 09:55:00,91.5,91.53,91.11,91.34,205730
2026-02-03 10:05:00,91.3,91.67,91.05,91.52,326894
2026-02-03 10:15:00,91.5,92.0,91.41,91.85,461747
2026-02-03 10:25:00,91.85,92.08,91.48,91.89,607775
2026-02-03 10:35:00,91.85,92.0,91.6,91.6,281788
2026-02-03 10:45:00,91.6,91.7,91.45,91.56,212638
2026-02-03 10:55:00,91.6,91.75,91.54,91.63,124725
2026-02-03 11:05:00,91.63,91.8,91.63,91.78,140847
2026-02-03 11:15:00,91.76,91.79,91.7,91.74,104819
2026-02-03 11:25:00,91.76,91.9,91.72,91.82,124572
2026-02-03 11:35:00,91.82,91.99,91.81,91.93,264673
2026-02-03 11:45:00,91.87,91.91,91.58,91.58,210545
2026-02-03 11:55:00,91.64,91.7,91.56,91.57,129192
2026-02-03 12:05:00,91.57,92.37,91.51,92.19,509656
2026-02-03 12:15:00,92.12,92.46,92.03,92.13,306615
2026-02-03 12:25:00,92.14,92.25,91.8,91.83,491303
2026-02-03 12:35:00,91.89,91.9,91.7,91.75,172452
2026-02-03 12:45:00,91.71,92.13,91.7,91.8,555709
2026-02-03 12:55:00,91.8,91.93,91.78,91.82,85240
2026-02-03 13:05:00,91.88,91.92,91.72,91.8,109770
2026-02-03 13:15:00,91.75,91.9,91.75,91.84,124345
2026-02-03 13:25:00,91.84,91.87,91.61,91.66,119385
2026-02-03 13:35:00,91.66,91.9,91.6,91.9,162301
2026-02-03 13:45:00,91.81,91.89,91.73,91.77,97548
2026-02-03 13:55:00,91.76,91.84,91.58,91.84,184189
2026-02-03 14:05:00,91.8,91.8,91.58,91.66,123196
2026-02-03 14:15:00,91.72,91.79,91.58,91.6,128115
2026-02-03 14:25:00,91.66,91.7,91.45,91.48,194008
2026-02-03 14:35:00,91.5,91.62,91.4,91.5,186313
2026-02-03 14:45:00,91.49,91.55,91.41,91.5,211415
2026-02-03 14:55:00,91.46,91.55,91.42,91.46,215921
2026-02-03 15:05:00,91.46,91.48,90.93,91.01,612941
2026-02-03 15:15:00,91.04,91.26,90.85,90.99,500631
2026-02-03 15:25:00,90.97,91.0,90.8,91.0,316454
2026-02-04 09:15:00,91.27,91.27,90.45,90.83,548105
2026-02-04 09:25:00,90.76,91.15,90.7,91.15,303540
2026-02-04 09:35:00,91.1,91.19,90.87,91.04,184785
2026-02-04 09:45:00,91.04,91.2,90.89,90.92,154559
2026-02-04 09:55:00,90.97,91.16,90.92,91.08,126497
2026-02-04 10:05:00,91.08,91.55,91.08,91.53,282903
2026-02-04 10:15:00,91.53,91.68,91.2,91.26,191111
2026-02-04 10:25:00,91.29,91.29,91.16,91.23,68669
2026-02-04 10:35:00,91.1,91.28,91.05,91.25,116805
2026-02-04 10:45:00,91.25,91.45,91.18,91.35,61727
2026-02-04 10:55:00,91.35,91.5,91.21,91.42,70579
2026-02-04 11:05:00,91.43,91.48,91.23,91.27,56555
2026-02-04 11:15:00,91.27,91.38,91.15,91.3,66456
2026-02-04 11:25:00,91.3,91.38,91.2,91.38,33894
2026-02-04 11:35:00,91.35,91.39,91.1,91.15,53173
2026-02-04 11:45:00,91.2,91.29,91.13,91.25,47085
2026-02-04 11:55:00,91.25,91.39,91.23,91.33,36028
2026-02-04 12:05:00,91.33,91.4,91.25,91.35,49402
2026-02-04 12:15:00,91.35,91.37,91.2,91.2,58432
2026-02-04 12:25:00,91.24,91.37,91.2,91.3,93017
2026-02-04 12:35:00,91.25,91.38,91.25,91.37,40619
2026-02-04 12:45:00,91.37,91.37,91.24,91.3,38231
2026-02-04 12:55:00,91.3,91.32,91.18,91.27,62242
2026-02-04 13:05:00,91.26,91.3,91.21,91.29,22609
2026-02-04 13:15:00,91.29,91.31,91.2,91.3,45872
2026-02-04 13:25:00,91.3,91.39,91.25,91.33,29001
2026-02-04 13:35:00,91.35,91.37,91.27,91.37,47014
2026-02-04 13:45:00,91.36,91.4,91.32,91.4,54786
2026-02-04 13:55:00,91.4,91.48,91.35,91.47,66133
2026-02-04 14:05:00,91.47,91.48,91.34,91.39,46047
2026-02-04 14:15:00,91.39,91.47,91.27,91.39,100045
2026-02-04 14:25:00,91.39,91.47,91.26,91.4,60041
2026-02-04 14:35:00,91.42,91.55,91.38,91.5,112907
2026-02-04 14:45:00,91.5,91.6,91.42,91.54,83833
2026-02-04 14:55:00,91.54,91.82,91.5,91.8,194424
2026-02-04 15:05:00,91.79,91.97,91.75,91.95,183201
2026-02-04 15:15:00,91.96,92.0,91.75,91.8,305176
2026-02-04 15:25:00,91.8,91.88,91.71,91.75,132731
2026-02-05 09:15:00,91.84,91.84,91.15,91.51,242376
2026-02-05 09:25:00,91.47,91.67,91.31,91.57,199176
2026-02-05 09:35:00,91.56,91.57,91.3,91.3,108172
2026-02-05 09:45:00,91.3,91.49,91.3,91.41,66494
2026-02-05 09:55:00,91.41,91.7,91.36,91.61,198929
2026-02-05 10:05:00,91.63,91.75,91.49,91.65,119362
2026-02-05 10:15:00,91.65,91.73,91.56,91.67,63101
2026-02-05 10:25:00,91.7,91.78,91.47,91.54,91729
2026-02-05 10:35:00,91.54,91.59,91.4,91.52,80265
2026-02-05 10:45:00,91.5,91.55,91.4,91.41,47597
2026-02-05 10:55:00,91.41,91.48,91.32,91.34,47945
2026-02-05 11:05:00,91.34,91.55,91.34,91.55,36432
2026-02-05 11:15:00,91.55,91.6,91.41,91.41,42393
2026-02-05 11:25:00,91.42,91.53,91.38,91.5,26775
2026-02-05 11:35:00,91.42,91.69,91.41,91.68,83432
2026-02-05 11:45:00,91.68,91.69,91.5,91.6,48342
2026-02-05 11:55:00,91.6,91.77,91.59,91.64,86496
2026-02-05 12:05:00,91.64,91.69,91.52,91.62,32752
2026-02-05 12:15:00,91.62,91.64,91.4,91.44,38964
2026-02-05 12:25:00,91.41,91.52,91.4,91.45,27584
2026-02-05 12:35:00,91.45,91.5,91.35,91.46,48116
2026-02-05 12:45:00,91.5,91.5,91.4,91.41,47443
2026-02-05 12:55:00,91.45,91.5,91.4,91.49,30856
2026-02-05 13:05:00,91.49,91.5,91.43,91.46,18432
2026-02-05 13:15:00,91.46,91.63,91.46,91.59,34098
2026-02-05 13:25:00,91.6,91.6,91.4,91.47,39189
2026-02-05 13:35:00,91.47,91.55,91.41,91.52,23162
2026-02-05 13:45:00,91.55,91.58,91.45,91.48,32266
2026-02-05 13:55:00,91.51,91.6,91.45,91.59,31008
2026-02-05 14:05:00,91.55,91.62,91.42,91.52,41126
2026-02-05 14:15:00,91.52,91.59,91.45,91.51,33389
2026-02-05 14:25:00,91.51,91.59,91.47,91.53,51984
2026-02-05 14:35:00,91.51,91.55,91.45,91.5,49899
2026-02-05 14:45:00,91.54,91.54,91.36,91.44,80677
2026-02-05 14:55:00,91.45,91.48,91.3,91.35,68301
2026-02-05 15:05:00,91.35,91.45,91.3,91.39,114241
2026-02-05 15:15:00,91.43,91.47,91.15,91.2,232372
2026-02-05 15:25:00,91.2,91.3,91.2,91.2,115510
2026-02-06 09:15:00,91.29,91.29,90.35,90.47,389846
2026-02-06 09:25:00,90.47,90.57,90.32,90.4,166762
2026-02-06 09:35:00,90.4,90.42,90.1,90.19,180430
2026-02-06 09:45:00,90.19,90.47,90.16,90.24,151904
2026-02-06 09:55:00,90.28,90.35,90.18,90.18,102382
2026-02-06 10:05:00,90.18,90.35,90.11,90.23,88353
2026-02-06 10:15:00,90.22,90.44,90.15,90.36,123285
2026-02-06 10:25:00,90.38,90.38,90.21,90.29,69597
2026-02-06 10:35:00,90.25,90.29,90.15,90.2,61796
2026-02-06 10:45:00,90.18,90.23,89.95,90.1,144725
2026-02-06 10:55:00,90.07,90.31,90.07,90.31,41060
2026-02-06 11:05:00,90.31,90.52,90.26,90.45,82660
2026-02-06 11:15:00,90.45,90.57,90.37,90.5,37274
2026-02-06 11:25:00,90.56,90.65,90.49,90.65,66569
2026-02-06 11:35:00,90.55,90.71,90.4,90.68,100587
2026-02-06 11:45:00,90.68,90.75,90.49,90.62,36443
2026-02-06 11:55:00,90.62,90.72,90.48,90.55,45900
2026-02-06 12:05:00,90.55,90.58,90.4,90.51,32057
2026-02-06 12:15:00,90.52,90.55,90.42,90.51,22484
2026-02-06 12:25:00,90.46,90.62,90.41,90.41,54606
2026-02-06 12:35:00,90.45,90.6,90.41,90.54,45397
2026-02-06 12:45:00,90.55,90.58,90.48,90.5,23583
2026-02-06 12:55:00,90.5,90.6,90.45,90.55,74545
2026-02-06 13:05:00,90.55,90.65,90.45,90.55,44151
2026-02-06 13:15:00,90.55,90.64,90.51,90.63,24387
2026-02-06 13:25:00,90.63,90.64,90.41,90.42,74037
2026-02-06 13:35:00,90.42,90.58,90.41,90.5,24790
2026-02-06 13:45:00,90.56,90.65,90.51,90.65,35614
2026-02-06 13:55:00,90.65,90.8,90.65,90.75,49704
2026-02-06 14:05:00,90.75,90.8,90.64,90.75,40586
2026-02-06 14:15:00,90.75,90.85,90.7,90.77,42423
2026-02-06 14:25:00,90.77,90.97,90.77,90.86,72852
2026-02-06 14:35:00,90.86,90.99,90.79,90.96,42487
2026-02-06 14:45:00,90.96,91.08,90.82,90.95,95110
2026-02-06 14:55:00,90.95,91.4,90.93,91.13,262853
2026-02-06 15:05:00,91.17,91.39,91.06,91.39,168061
2026-02-06 15:15:00,91.38,91.43,91.22,91.31,221866
2026-02-06 15:25:00,91.39,91.4,91.08,91.19,109061
2026-02-09 09:15:00,91.3,92.0,91.3,91.58,276272
2026-02-09 09:25:00,91.58,91.59,91.32,91.39,188466
2026-02-09 09:35:00,91.35,91.43,91.02,91.14,246797
2026-02-09 09:45:00,91.14,91.6,91.0,91.58,229372
2026-02-09 09:55:00,91.59,91.59,91.25,91.44,173234
2026-02-09 10:05:00,91.44,91.5,91.27,91.34,92525
2026-02-09 10:15:00,91.34,91.71,91.3,91.43,208076
2026-02-09 10:25:00,91.34,91.5,91.34,91.45,83078
2026-02-09 10:35:00,91.46,91.7,91.42,91.45,81363
2026-02-09 10:45:00,91.44,91.5,91.3,91.35,82119
2026-02-09 10:55:00,91.32,91.44,91.3,91.36,134018
2026-02-09 11:05:00,91.36,91.49,91.33,91.43,71885
2026-02-09 11:15:00,91.42,91.45,91.32,91.39,69892
2026-02-09 11:25:00,91.39,91.39,91.31,91.35,33790
2026-02-09 11:35:00,91.35,91.4,91.32,91.36,50510
2026-02-09 11:45:00,91.36,91.5,91.3,91.41,129298
2026-02-09 11:55:00,91.36,91.45,91.25,91.32,82992
2026-02-09 12:05:00,91.32,91.33,91.27,91.27,51142
2026-02-09 12:15:00,91.3,91.32,91.15,91.23,86156
2026-02-09 12:25:00,91.23,91.31,91.2,91.22,64714
2026-02-09 12:35:00,91.22,91.28,91.16,91.24,58488
2026-02-09 12:45:00,91.21,91.33,91.19,91.25,70487
2026-02-09 12:55:00,91.31,91.32,91.15,91.21,113115
2026-02-09 13:05:00,91.21,91.29,91.12,91.2,63476
2026-02-09 13:15:00,91.2,91.27,91.14,91.14,53707
2026-02-09 13:25:00,91.14,91.2,90.95,91.17,250017
2026-02-09 13:35:00,91.13,91.2,91.12,91.19,32436
2026-02-09 13:45:00,91.19,91.3,91.16,91.29,49934
2026-02-09 13:55:00,91.29,91.39,91.2,91.32,106847
2026-02-09 14:05:00,91.26,91.35,91.23,91.29,32482
2026-02-09 14:15:00,91.24,91.32,91.22,91.29,34088
2026-02-09 14:25:00,91.23,91.4,91.23,91.3,101959
2026-02-09 14:35:00,91.33,91.36,90.95,91.0,215784
2026-02-09 14:45:00,91.04,91.2,90.98,91.19,87070
2026-02-09 14:55:00,91.19,91.32,91.05,91.22,310715
2026-02-09 15:05:00,91.21,91.49,90.99,91.0,384466
2026-02-09 15:15:00,91.0,91.15,90.94,91.05,384253
2026-02-09 15:25:00,91.05,91.14,90.99,91.14,317926
2026-02-10 09:15:00,91.44,92.4,91.15,92.15,710922
2026-02-10 09:25:00,92.2,92.23,91.75,91.92,207058
2026-02-10 09:35:00,91.92,92.34,91.91,92.3,287969
2026-02-10 09:45:00,92.26,92.3,91.81,91.85,304485
2026-02-10 09:55:00,91.9,91.94,91.76,91.82,93880
2026-02-10 10:05:00,91.82,91.84,91.63,91.67,128163
2026-02-10 10:15:00,91.67,91.76,91.51,91.65,196639
2026-02-10 10:25:00,91.69,91.85,91.61,91.79,61773
2026-02-10 10:35:00,91.75,92.07,91.75,91.87,181395
2026-02-10 10:45:00,91.85,91.85,91.67,91.75,87498
2026-02-10 10:55:00,91.75,91.89,91.7,91.86,54963
2026-02-10 11:05:00,91.87,91.91,91.74,91.81,56719
2026-02-10 11:15:00,91.79,91.9,91.74,91.8,61149
2026-02-10 11:25:00,91.8,91.89,91.78,91.84,38202
2026-02-10 11:35:00,91.84,91.9,91.8,91.85,40043
2026-02-10 11:45:00,91.87,91.99,91.81,91.92,105291
2026-02-10 11:55:00,91.92,92.03,91.83,92.0,122967
2026-02-10 12:05:00,91.96,92.37,91.94,92.3,253446
2026-02-10 12:15:00,92.3,92.3,91.93,91.95,88270
2026-02-10 12:25:00,91.95,92.07,91.93,92.07,26974
2026-02-10 12:35:00,92.0,92.11,91.95,92.1,29531
2026-02-10 12:45:00,92.05,92.26,92.03,92.12,88931
2026-02-10 12:55:00,92.12,92.35,92.06,92.3,119919
2026-02-10 13:05:00,92.28,92.48,92.23,92.25,245841
2026-02-10 13:15:00,92.25,92.28,92.0,92.05,148483
2026-02-10 13:25:00,92.0,92.08,91.9,92.06,96685
2026-02-10 13:35:00,92.06,92.06,91.89,91.93,105779
2026-02-10 13:45:00,92.0,92.02,91.82,91.94,71514
2026-02-10 13:55:00,91.94,91.99,91.85,91.85,61906
2026-02-10 14:05:00,91.85,91.96,91.85,91.93,40207
2026-02-10 14:15:00,91.93,92.0,91.88,92.0,44651
2026-02-10 14:25:00,92.0,92.05,91.88,91.97,74931
2026-02-10 14:35:00,91.97,92.05,91.79,91.89,114308
2026-02-10 14:45:00,91.9,91.91,91.8,91.81,59709
2026-02-10 14:55:00,91.81,92.0,91.81,91.86,74703
2026-02-10 15:05:00,91.83,91.9,91.71,91.76,114604
2026-02-10 15:15:00,91.76,91.78,91.55,91.69,252854
2026-02-10 15:25:00,91.69,91.75,91.56,91.75,102859
2026-02-11 09:15:00,92.0,92.1,91.41,91.46,385479
2026-02-11 09:25:00,91.41,91.47,91.09,91.18,245227
2026-02-11 09:35:00,91.18,91.24,91.0,91.09,100691
2026-02-11 09:45:00,91.09,91.25,91.02,91.14,158040
2026-02-11 09:55:00,91.14,91.25,91.03,91.05,81606
2026-02-11 10:05:00,91.05,91.18,91.01,91.15,64141
2026-02-11 10:15:00,91.15,91.35,91.05,91.3,89902
2026-02-11 10:25:00,91.3,91.3,91.02,91.17,133392
2026-02-11 10:35:00,91.17,91.2,91.08,91.15,47397
2026-02-11 10:45:00,91.15,91.23,91.05,91.09,81280
2026-02-11 10:55:00,91.09,91.17,91.05,91.09,70124
2026-02-11 11:05:00,91.09,91.1,91.01,91.05,44083
2026-02-11 11:15:00,91.05,91.1,91.01,91.1,66771
2026-02-11 11:25:00,91.1,91.18,91.03,91.18,72928
2026-02-11 11:35:00,91.18,91.19,91.11,91.18,32268
2026-02-11 11:45:00,91.17,91.2,91.11,91.17,40332
2026-02-11 11:55:00,91.19,91.22,91.07,91.15,54788
2026-02-11 12:05:00,91.15,91.15,91.06,91.1,20826
2026-02-11 12:15:00,91.1,91.13,91.05,91.06,29980
2026-02-11 12:25:00,91.1,91.11,91.03,91.09,25390
2026-02-11 12:35:00,91.05,91.09,91.0,91.01,43004
2026-02-11 12:45:00,91.07,91.09,91.01,91.01,30915
2026-02-11 12:55:00,91.03,91.09,91.01,91.05,24602
2026-02-11 13:05:00,91.05,91.07,91.0,91.01,42748
2026-02-11 13:15:00,91.01,91.03,91.0,91.0,43742
2026-02-11 13:25:00,91.0,91.12,91.0,91.12,39049
2026-02-11 13:35:00,91.13,91.23,91.05,91.15,33176
2026-02-11 13:45:00,91.15,91.19,91.05,91.08,43246
2026-02-11 13:55:00,91.12,91.12,91.03,91.05,29365
2026-02-11 14:05:00,91.05,91.1,91.05,91.09,19790
2026-02-11 14:15:00,91.09,91.21,91.03,91.07,63793
2026-02-11 14:25:00,91.07,91.14,91.01,91.04,52319
2026-02-11 14:35:00,91.04,91.11,91.0,91.1,42683
2026-02-11 14:45:00,91.1,91.15,91.01,91.12,97607
2026-02-11 14:55:00,91.12,91.19,91.07,91.16,72876
2026-02-11 15:05:00,91.16,91.2,91.07,91.1,130038
2026-02-11 15:15:00,91.07,91.15,91.06,91.12,109850
2026-02-11 15:25:00,91.12,91.13,91.06,91.1,93583
2026-02-12 09:15:00,91.21,91.25,90.11,90.23,415427
2026-02-12 09:25:00,90.17,90.33,89.8,90.08,359628
2026-02-12 09:35:00,90.05,90.17,90.0,90.13,122548
2026-02-12 09:45:00,90.14,90.23,89.93,90.23,220376
2026-02-12 09:55:00,90.2,90.39,90.15,90.29,107045
2026-02-12 10:05:00,90.25,90.42,90.11,90.35,101421
2026-02-12 10:15:00,90.35,90.35,90.22,90.35,86459
2026-02-12 10:25:00,90.35,90.48,90.25,90.48,89304
2026-02-12 10:35:00,90.48,90.5,90.26,90.42,85981
2026-02-12 10:45:00,90.42,90.45,90.3,90.33,36705
2026-02-12 10:55:00,90.4,90.4,90.3,90.37,56140
2026-02-12 11:05:00,90.37,90.45,90.35,90.4,33143
2026-02-12 11:15:00,90.4,90.45,90.18,90.2,67936
2026-02-12 11:25:00,90.1,90.29,90.1,90.2,62558
2026-02-12 11:35:00,90.13,90.29,90.11,90.28,37641
2026-02-12 11:45:00,90.28,90.35,90.2,90.27,25163
2026-02-12 11:55:00,90.28,90.3,90.11,90.17,32166
2026-02-12 12:05:00,90.17,90.19,90.0,90.14,153522
2026-02-12 12:15:00,90.1,90.2,90.09,90.2,27850
2026-02-12 12:25:00,90.2,90.2,90.11,90.12,38427
2026-02-12 12:35:00,90.16,90.2,90.1,90.14,29800
2026-02-12 12:45:00,90.13,90.22,90.06,90.11,76913
2026-02-12 12:55:00,90.16,90.93,90.11,90.87,275547
2026-02-12 13:05:00,90.86,90.9,90.64,90.7,80020
2026-02-12 13:15:00,90.7,90.95,90.67,90.95,131358
2026-02-12 13:25:00,90.95,91.1,90.66,90.66,146157
2026-02-12 13:35:00,90.66,90.8,90.6,90.66,58281
2026-02-12 13:45:00,90.66,90.86,90.52,90.57,77270
2026-02-12 13:55:00,90.57,90.7,90.43,90.47,52551
2026-02-12 14:05:00,90.54,90.58,90.45,90.55,67589
2026-02-12 14:15:00,90.55,90.62,90.5,90.6,27690
2026-02-12 14:25:00,90.6,90.6,90.52,90.56,18752
2026-02-12 14:35:00,90.58,90.58,90.33,90.38,79909
2026-02-12 14:45:00,90.46,90.48,90.25,90.36,77794
2026-02-12 14:55:00,90.36,90.47,90.32,90.47,68198
2026-02-12 15:05:00,90.43,90.5,90.31,90.37,116595
2026-02-12 15:15:00,90.37,90.5,90.31,90.39,151123
2026-02-12 15:25:00,90.34,90.4,90.3,90.39,75420
2026-02-13 09:15:00,89.8,89.84,88.9,89.09,630602
2026-02-13 09:25:00,89.09,89.2,88.96,88.98,225076
2026-02-13 09:35:00,88.99,89.3,88.91,89.28,212707
2026-02-13 09:45:00,89.28,89.5,89.15,89.45,108949
2026-02-13 09:55:00,89.45,89.45,89.23,89.37,92097
2026-02-13 10:05:00,89.37,89.41,89.2,89.25,82893
2026-02-13 10:15:00,89.25,89.37,89.1,89.3,197817
2026-02-13 10:25:00,89.3,89.34,89.17,89.33,98632
2026-02-13 10:35:00,89.33,89.49,89.3,89.46,93001
2026-02-13 10:45:00,89.46,89.46,89.3,89.34,33266
2026-02-13 10:55:00,89.3,89.44,89.18,89.25,108405
2026-02-13 11:05:00,89.25,89.3,89.18,89.2,48585
2026-02-13 11:15:00,89.26,89.36,89.15,89.21,72181
2026-02-13 11:25:00,89.16,89.26,89.15,89.22,30276
2026-02-13 11:35:00,89.22,89.28,89.15,89.25,148881
2026-02-13 11:45:00,89.24,89.39,89.19,89.38,50068
2026-02-13 11:55:00,89.39,89.47,89.32,89.47,49317
2026-02-13 12:05:00,89.47,89.59,89.4,89.56,47707
2026-02-13 12:15:00,89.57,89.58,89.41,89.55,77681
2026-02-13 12:25:00,89.55,89.59,89.5,89.51,40297
2026-02-13 12:35:00,89.55,89.6,89.5,89.55,39468
2026-02-13 12:45:00,89.51,89.84,89.51,89.64,145576
2026-02-13 12:55:00,89.64,89.69,89.54,89.63,39457
2026-02-13 13:05:00,89.63,89.73,89.53,89.7,42490
2026-02-13 13:15:00,89.7,89.76,89.6,89.65,39148
2026-02-13 13:25:00,89.61,89.68,89.54,89.61,41193
2026-02-13 13:35:00,89.61,89.66,89.54,89.64,44497
2026-02-13 13:45:00,89.64,89.64,89.44,89.58,132447
2026-02-13 13:55:00,89.58,89.59,89.5,89.56,34250
2026-02-13 14:05:00,89.55,89.56,89.45,89.5,54618
2026-02-13 14:15:00,89.5,89.5,89.41,89.5,41661
2026-02-13 14:25:00,89.5,89.54,89.4,89.45,49577
2026-02-13 14:35:00,89.45,89.47,89.29,89.36,78713
2026-02-13 14:45:00,89.4,89.45,89.36,89.4,39137
2026-02-13 14:55:00,89.43,89.5,89.2,89.28,101213
2026-02-13 15:05:00,89.29,89.37,89.2,89.34,157378
2026-02-13 15:15:00,89.35,89.4,89.21,89.33,198459
2026-02-13 15:25:00,89.36,89.4,89.25,89.35,125580
2026-02-16 09:15:00,89.29,89.39,88.67,89.03,398544
2026-02-16 09:25:00,89.03,89.15,88.82,89.09,158094
2026-02-16 09:35:00,89.1,89.1,88.8,88.9,108033
2026-02-16 09:45:00,88.9,88.98,88.7,88.86,113692
2026-02-16 09:55:00,88.85,89.07,88.81,88.97,163586
2026-02-16 10:05:00,88.95,89.13,88.87,89.06,75968
2026-02-16 10:15:00,89.0,89.2,88.92,88.97,67497
2026-02-16 10:25:00,88.97,89.0,88.85,88.98,44148
2026-02-16 10:35:00,88.98,88.99,88.86,88.88,36953
2026-02-16 10:45:00,88.88,88.98,88.86,88.95,45574
2026-02-16 10:55:00,88.92,88.96,88.84,88.94,32456
2026-02-16 11:05:00,88.9,88.94,88.8,88.89,49782
2026-02-16 11:15:00,88.89,88.96,88.82,88.94,35816
2026-02-16 11:25:00,88.98,88.98,88.81,88.85,48536
2026-02-16 11:35:00,88.87,88.91,88.84,88.87,41060
2026-02-16 11:45:00,88.89,88.93,88.83,88.89,46242
2026-02-16 11:55:00,88.89,88.94,88.83,88.92,18563
2026-02-16 12:05:00,88.92,88.98,88.89,88.95,24739
2026-02-16 12:15:00,88.95,89.0,88.9,89.0,53510
2026-02-16 12:25:00,88.96,89.0,88.92,88.95,24824
2026-02-16 12:35:00,89.0,89.05,88.81,88.82,109692
2026-02-16 12:45:00,88.82,88.98,88.82,88.92,23222
2026-02-16 12:55:00,88.92,89.04,88.92,89.02,48977
2026-02-16 13:05:00,89.0,89.02,88.91,89.0,23239
2026-02-16 13:15:00,89.0,89.02,88.93,89.0,24462
2026-02-16 13:25:00,89.0,89.0,88.92,88.98,27791
2026-02-16 13:35:00,88.98,89.01,88.85,88.88,61308
2026-02-16 13:45:00,88.9,88.99,88.86,88.95,26562
2026-02-16 13:55:00,88.95,89.03,88.92,88.95,44552
2026-02-16 14:05:00,88.95,89.0,88.9,88.95,29191
2026-02-16 14:15:00,88.95,88.97,88.87,88.94,35838
2026-02-16 14:25:00,88.94,88.96,88.85,88.91,41015
2026-02-16 14:35:00,88.94,88.99,88.89,88.96,54047
2026-02-16 14:45:00,88.96,88.98,88.67,88.75,213845
2026-02-16 14:55:00,88.75,88.85,88.71,88.79,55795
2026-02-16 15:05:00,88.79,88.97,88.75,88.85,257762
2026-02-16 15:15:00,88.85,88.98,88.72,88.8,312871
2026-02-16 15:25:00,88.8,88.82,88.72,88.8,112741
2026-02-17 09:15:00,88.99,89.25,88.83,89.03,259717
2026-02-17 09:25:00,89.04,89.25,88.98,89.18,164102
2026-02-17 09:35:00,89.16,89.27,88.98,89.0,258625
2026-02-17 09:45:00,89.0,89.43,89.0,89.35,186984
2026-02-17 09:55:00,89.35,89.65,89.3,89.45,127325
2026-02-17 10:05:00,89.45,89.46,89.06,89.06,107181
2026-02-17 10:15:00,89.06,89.17,88.9,88.99,170254
2026-02-17 10:25:00,88.99,89.17,88.94,89.0,193046
2026-02-17 10:35:00,89.01,89.1,88.95,88.97,69796
2026-02-17 10:45:00,88.97,89.03,88.92,89.0,54986
2026-02-17 10:55:00,89.0,89.0,88.65,88.66,143174
2026-02-17 11:05:00,88.69,88.78,88.56,88.75,146546
2026-02-17 11:15:00,88.75,88.92,88.7,88.85,50261
2026-02-17 11:25:00,88.86,88.89,88.75,88.89,48981
2026-02-17 11:35:00,88.89,88.98,88.85,88.98,66659
2026-02-17 11:45:00,88.98,88.98,88.86,88.95,55794
2026-02-17 11:55:00,88.95,88.97,88.85,88.9,27520
2026-02-17 12:05:00,88.86,88.94,88.85,88.9,38587
2026-02-17 12:15:00,88.9,88.99,88.88,88.91,74451
2026-02-17 12:25:00,88.91,88.97,88.77,88.84,95203
2026-02-17 12:35:00,88.84,88.88,88.75,88.81,53360
2026-02-17 12:45:00,88.84,89.08,88.8,89.03,189798
2026-02-17 12:55:00,89.04,89.07,88.81,88.87,61680
2026-02-17 13:05:00,88.87,88.89,88.8,88.81,74743
2026-02-17 13:15:00,88.85,88.89,88.81,88.88,43846
2026-02-17 13:25:00,88.88,88.9,88.81,88.89,56416
2026-02-17 13:35:00,88.89,88.89,88.73,88.82,189198
2026-02-17 13:45:00,88.82,88.84,88.71,88.75,75401
2026-02-17 13:55:00,88.75,88.75,88.48,88.6,249738
2026-02-17 14:05:00,88.65,88.72,88.59,88.64,62974
2026-02-17 14:15:00,88.64,88.75,88.61,88.72,41692
2026-02-17 14:25:00,88.72,88.74,88.62,88.7,79511
2026-02-17 14:35:00,88.7,88.83,88.64,88.81,255767
2026-02-17 14:45:00,88.8,88.8,88.7,88.75,34248
2026-02-17 14:55:00,88.75,88.75,88.7,88.72,85400
2026-02-17 15:05:00,88.73,88.75,88.64,88.72,205868
2026-02-17 15:15:00,88.73,88.84,88.7,88.74,313401
2026-02-17 15:25:00,88.75,88.78,88.72,88.75,122067
2026-02-18 09:15:00,88.94,89.32,88.7,89.22,258629
2026-02-18 09:25:00,89.24,89.35,89.06,89.21,132024
2026-02-18 09:35:00,89.22,89.25,89.05,89.09,58123
2026-02-18 09:45:00,89.08,89.1,88.92,88.96,84664
2026-02-18 09:55:00,88.93,88.97,88.82,88.86,78181
2026-02-18 10:05:00,88.86,88.9,88.77,88.85,83048
2026-02-18 10:15:00,88.85,88.9,88.74,88.85,156744
2026-02-18 10:25:00,88.85,88.96,88.75,88.94,62334
2026-02-18 10:35:00,88.9,88.97,88.81,88.87,27191
2026-02-18 10:45:00,88.9,89.0,88.84,88.95,54678
2026-02-18 10:55:00,89.0,89.04,88.9,88.98,47571
2026-02-18 11:05:00,88.98,89.05,88.92,88.97,37575
2026-02-18 11:15:00,88.97,89.06,88.97,89.0,43817
2026-02-18 11:25:00,89.0,89.04,88.9,88.98,51013
2026-02-18 11:35:00,88.99,89.07,88.97,89.0,42591
2026-02-18 11:45:00,89.03,89.04,88.91,88.95,22101
2026-02-18 11:55:00,88.95,89.06,88.9,89.0,33956
2026-02-18 12:05:00,89.0,89.04,88.88,88.98,49549
2026-02-18 12:15:00,88.98,89.01,88.9,88.93,43321
2026-02-18 12:25:00,88.93,88.97,88.81,88.87,35978
2026-02-18 12:35:00,88.87,88.97,88.86,88.9,46052
2026-02-18 12:45:00,88.97,88.97,88.88,88.95,31890
2026-02-18 12:55:00,88.9,88.96,88.88,88.9,30658
2026-02-18 13:05:00,88.94,88.95,88.87,88.9,35583
2026-02-18 13:15:00,88.9,88.9,88.84,88.9,24496
2026-02-18 13:25:00,88.9,88.91,88.82,88.9,36400
2026-02-18 13:35:00,88.9,88.9,88.7,88.78,210982
2026-02-18 13:45:00,88.74,88.85,88.74,88.78,30880
2026-02-18 13:55:00,88.78,88.8,88.75,88.8,38772
2026-02-18 14:05:00,88.8,88.89,88.75,88.8,100906
2026-02-18 14:15:00,88.77,88.85,88.77,88.84,41681
2026-02-18 14:25:00,88.84,88.85,88.75,88.82,68514
2026-02-18 14:35:00,88.81,88.85,88.75,88.77,32538
2026-02-18 14:45:00,88.8,88.83,88.75,88.78,54098
2026-02-18 14:55:00,88.79,88.83,88.74,88.77,78287
2026-02-18 15:05:00,88.8,88.87,88.75,88.8,112350
2026-02-18 15:15:00,88.8,88.81,88.7,88.76,159454
2026-02-18 15:25:00,88.76,88.79,88.65,88.7,124213
2026-02-19 09:15:00,88.78,89.15,88.78,88.95,187931
2026-02-19 09:25:00,88.98,88.98,88.66,88.72,123621
2026-02-19 09:35:00,88.73,89.04,88.7,88.95,88306
2026-02-19 09:45:00,88.91,89.05,88.9,89.01,87373
2026-02-19 09:55:00,88.95,88.97,88.84,88.9,41611
2026-02-19 10:05:00,88.9,89.15,88.9,88.98,122407
2026-02-19 10:15:00,88.98,89.21,88.86,89.08,124034
2026-02-19 10:25:00,89.08,89.09,89.0,89.09,46190
2026-02-19 10:35:00,89.05,89.09,88.91,88.98,36338
2026-02-19 10:45:00,88.98,89.09,88.88,89.01,39987
2026-02-19 10:55:00,89.01,89.09,89.0,89.06,26302
2026-02-19 11:05:00,89.06,89.06,88.99,89.0,24379
2026-02-19 11:15:00,88.96,89.03,88.79,88.82,143022
2026-02-19 11:25:00,88.85,88.88,88.7,88.84,200647
2026-02-19 11:35:00,88.84,88.85,88.7,88.77,26923
2026-02-19 11:45:00,88.77,88.79,88.66,88.69,42435
2026-02-19 11:55:00,88.69,88.7,88.61,88.66,60158
2026-02-19 12:05:00,88.66,88.78,88.61,88.61,61381
2026-02-19 12:15:00,88.61,88.7,88.55,88.7,59337
2026-02-19 12:25:00,88.66,88.74,88.59,88.65,59274
2026-02-19 12:35:00,88.68,88.72,88.45,88.49,161183
2026-02-19 12:45:00,88.45,88.59,88.43,88.55,43045
2026-02-19 12:55:00,88.55,88.6,88.49,88.52,19534
2026-02-19 13:05:00,88.48,88.65,88.48,88.55,35492
2026-02-19 13:15:00,88.56,88.63,88.5,88.63,27623
2026-02-19 13:25:00,88.6,88.68,88.5,88.51,37646
2026-02-19 13:35:00,88.52,88.59,88.48,88.56,37482
2026-02-19 13:45:00,88.56,88.58,88.45,88.48,47759
2026-02-19 13:55:00,88.46,88.52,88.31,88.38,83535
2026-02-19 14:05:00,88.42,88.46,88.31,88.41,47750
2026-02-19 14:15:00,88.41,88.5,88.37,88.45,36150
2026-02-19 14:25:00,88.47,88.55,88.37,88.52,56087
2026-02-19 14:35:00,88.52,88.55,88.41,88.43,75531
2026-02-19 14:45:00,88.44,88.55,88.38,88.45,62928
2026-02-19 14:55:00,88.47,88.5,88.31,88.34,96770
2026-02-19 15:05:00,88.34,88.43,88.23,88.3,133318
2026-02-19 15:15:00,88.3,88.3,88.03,88.08,196744
2026-02-19 15:25:00,88.07,88.16,88.02,88.13,99749
2026-02-20 09:15:00,88.19,88.33,87.84,88.2,296896
2026-02-20 09:25:00,88.18,88.22,87.81,88.21,192914
2026-02-20 09:35:00,88.2,88.29,88.11,88.23,80096
2026-02-20 09:45:00,88.22,88.38,88.15,88.22,125792
2026-02-20 09:55:00,88.22,88.44,88.2,88.25,113740
2026-02-20 10:05:00,88.29,88.29,88.12,88.19,42823
2026-02-20 10:15:00,88.19,88.42,88.15,88.38,69164
2026-02-20 10:25:00,88.38,88.55,88.35,88.49,127365
2026-02-20 10:35:00,88.49,88.54,88.4,88.5,59094
2026-02-20 10:45:00,88.5,88.54,88.4,88.54,66559
2026-02-20 10:55:00,88.46,88.54,88.4,88.48,40467
2026-02-20 11:05:00,88.48,88.49,88.25,88.34,57205
2026-02-20 11:15:00,88.34,88.35,88.26,88.32,26081
2026-02-20 11:25:00,88.27,88.45,88.26,88.36,52322
2026-02-20 11:35:00,88.36,88.38,88.27,88.33,48213
2026-02-20 11:45:00,88.37,88.49,88.32,88.37,49690
2026-02-20 11:55:00,88.38,88.4,88.29,88.37,44615
2026-02-20 12:05:00,88.37,88.45,88.33,88.45,49273
2026-02-20 12:15:00,88.45,88.6,88.42,88.52,105765
2026-02-20 12:25:00,88.5,88.75,88.46,88.63,162004
2026-02-20 12:35:00,88.63,88.8,88.54,88.65,175944
2026-02-20 12:45:00,88.63,88.79,88.63,88.78,62307
2026-02-20 12:55:00,88.78,88.78,88.61,88.68,36159
2026-02-20 13:05:00,88.61,88.69,88.52,88.54,55652
2026-02-20 13:15:00,88.58,88.6,88.46,88.56,58210
2026-02-20 13:25:00,88.56,88.6,88.45,88.56,59135
2026-02-20 13:35:00,88.56,88.6,88.5,88.6,31180
2026-02-20 13:45:00,88.6,88.62,88.51,88.57,19579
2026-02-20 13:55:00,88.57,88.57,88.45,88.45,29084
2026-02-20 14:05:00,88.45,88.6,88.45,88.53,34886
2026-02-20 14:15:00,88.53,88.6,88.51,88.54,17184
2026-02-20 14:25:00,88.54,88.58,88.43,88.47,32685
2026-02-20 14:35:00,88.47,88.5,88.21,88.29,283577
2026-02-20 14:45:00,88.27,88.42,88.23,88.38,105216
2026-02-20 14:55:00,88.38,88.38,88.07,88.18,89219
2026-02-20 15:05:00,88.2,88.2,88.0,88.08,163657
2026-02-20 15:15:00,88.1,88.1,88.0,88.1,130171
2026-02-20 15:25:00,88.1,88.15,88.0,88.05,74162
2026-02-23 09:15:00,88.9,88.9,88.37,88.68,275952
2026-02-23 09:25:00,88.65,88.85,88.51,88.55,197048
2026-02-23 09:35:00,88.55,88.65,88.47,88.5,130726
2026-02-23 09:45:00,88.48,88.53,88.25,88.28,122788
2026-02-23 09:55:00,88.28,88.36,88.2,88.27,102384
2026-02-23 10:05:00,88.27,88.36,88.2,88.27,58453
2026-02-23 10:15:00,88.27,88.28,88.16,88.24,83674
2026-02-23 10:25:00,88.24,88.24,88.05,88.1,81107
2026-02-23 10:35:00,88.1,88.1,87.92,87.96,187512
2026-02-23 10:45:00,87.96,87.99,87.86,87.94,89907
2026-02-23 10:55:00,87.94,88.05,87.86,87.96,83863
2026-02-23 11:05:00,87.93,87.96,87.81,87.91,107674
2026-02-23 11:15:00,87.93,87.95,87.8,87.85,38478
2026-02-23 11:25:00,87.83,87.89,87.83,87.89,41824
2026-02-23 11:35:00,87.85,87.92,87.83,87.9,36101
2026-02-23 11:45:00,87.88,87.95,87.75,87.8,136897
2026-02-23 11:55:00,87.77,87.9,87.75,87.88,54474
2026-02-23 12:05:00,87.89,87.94,87.78,87.85,76020
2026-02-23 12:15:00,87.9,87.9,87.78,87.84,34495
2026-02-23 12:25:00,87.84,87.84,87.73,87.8,61902
2026-02-23 12:35:00,87.8,87.83,87.74,87.82,31415
2026-02-23 12:45:00,87.79,87.84,87.75,87.81,43095
2026-02-23 12:55:00,87.83,87.84,87.76,87.8,23511
2026-02-23 13:05:00,87.8,87.9,87.75,87.86,80013
2026-02-23 13:15:00,87.87,87.87,87.78,87.85,36801
2026-02-23 13:25:00,87.83,87.88,87.78,87.82,51685
2026-02-23 13:35:00,87.8,87.88,87.7,87.81,82552
2026-02-23 13:45:00,87.83,87.85,87.76,87.84,28757
2026-02-23 13:55:00,87.83,87.84,87.66,87.71,66963
2026-02-23 14:05:00,87.66,87.71,87.63,87.66,43131
2026-02-23 14:15:00,87.7,87.71,87.6,87.68,44986
2026-02-23 14:25:00,87.7,87.7,87.5,87.52,136011
2026-02-23 14:35:00,87.52,87.63,87.4,87.44,263912
2026-02-23 14:45:00,87.41,87.49,87.24,87.26,249347
2026-02-23 14:55:00,87.25,87.35,87.2,87.35,164811
2026-02-23 15:05:00,87.34,87.36,87.22,87.3,194178
2026-02-23 15:15:00,87.28,87.33,87.24,87.27,233782
2026-02-23 15:25:00,87.27,87.3,87.2,87.22,186155
2026-02-24 09:15:00,87.3,87.58,86.85,87.22,467925
2026-02-24 09:25:00,87.2,87.22,86.67,86.82,266385
2026-02-24 09:35:00,86.8,86.94,86.73,86.81,103043
2026-02-24 09:45:00,86.82,87.09,86.8,87.08,205566
2026-02-24 09:55:00,87.07,87.15,87.0,87.03,78199
2026-02-24 10:05:00,87.03,87.17,87.01,87.14,81951
2026-02-24 10:15:00,87.14,87.25,87.01,87.14,71860
2026-02-24 10:25:00,87.15,87.28,87.1,87.23,90698
2026-02-24 10:35:00,87.21,87.36,87.19,87.29,65312
2026-02-24 10:45:00,87.29,87.31,87.08,87.18,62837
2026-02-24 10:55:00,87.18,87.28,87.07,87.09,45425
2026-02-24 11:05:00,87.12,87.23,87.05,87.14,53013
2026-02-24 11:15:00,87.15,87.15,87.05,87.12,56380
2026-02-24 11:25:00,87.12,87.14,87.06,87.13,33996
2026-02-24 11:35:00,87.14,87.14,87.06,87.09,42452
2026-02-24 11:45:00,87.09,87.14,87.05,87.09,48659
2026-02-24 11:55:00,87.09,87.13,87.0,87.0,124534
2026-02-24 12:05:00,87.0,87.13,87.0,87.04,47583
2026-02-24 12:15:00,87.09,87.09,86.91,86.95,116668
2026-02-24 12:25:00,86.89,87.03,86.89,86.91,147991
2026-02-24 12:35:00,86.91,86.99,86.9,86.9,45449
2026-02-24 12:45:00,86.9,86.97,86.82,86.87,33745
2026-02-24 12:55:00,86.87,86.96,86.85,86.95,119349
2026-02-24 13:05:00,86.95,86.99,86.88,86.96,63968
2026-02-24 13:15:00,86.96,86.97,86.89,86.9,48473
2026-02-24 13:25:00,86.9,86.95,86.72,86.79,163615
2026-02-24 13:35:00,86.8,86.88,86.75,86.8,50437
2026-02-24 13:45:00,86.8,86.88,86.76,86.85,66723
2026-02-24 13:55:00,86.78,86.88,86.77,86.82,71494
2026-02-24 14:05:00,86.82,86.95,86.82,86.94,88464
2026-02-24 14:15:00,86.88,86.95,86.86,86.87,78976
2026-02-24 14:25:00,86.87,86.93,86.83,86.85,53724
2026-02-24 14:35:00,86.83,86.93,86.83,86.89,55195
2026-02-24 14:45:00,86.9,87.27,86.85,87.25,203888
2026-02-24 14:55:00,87.21,87.25,87.15,87.19,50849
2026-02-24 15:05:00,87.19,87.21,87.15,87.18,93092
2026-02-24 15:15:00,87.18,87.5,87.16,87.43,228105
2026-02-24 15:25:00,87.4,87.5,87.25,87.5,149972
2026-02-25 09:15:00,87.49,87.68,87.25,87.53,311492
2026-02-25 09:25:00,87.5,87.56,87.25,87.36,248073
2026-02-25 09:35:00,87.3,87.38,87.17,87.2,159752
2026-02-25 09:45:00,87.2,87.29,86.93,86.96,242149
2026-02-25 09:55:00,86.96,87.25,86.95,87.2,116266
2026-02-25 10:05:00,87.2,87.29,87.0,87.05,94850
2026-02-25 10:15:00,87.03,87.28,87.01,87.2,79767
2026-02-25 10:25:00,87.2,87.37,87.13,87.36,74101
2026-02-25 10:35:00,87.35,87.48,87.3,87.4,75583
2026-02-25 10:45:00,87.4,87.4,87.2,87.32,71508
2026-02-25 10:55:00,87.3,87.59,87.3,87.5,254504
2026-02-25 11:05:00,87.5,87.59,87.44,87.47,51480
2026-02-25 11:15:00,87.5,87.53,87.29,87.45,65223
2026-02-25 11:25:00,87.45,87.49,87.3,87.39,61881
2026-02-25 11:35:00,87.39,87.48,87.25,87.26,72873
2026-02-25 11:45:00,87.33,87.52,87.26,87.41,58617
2026-02-25 11:55:00,87.45,87.45,87.31,87.4,32168
2026-02-25 12:05:00,87.4,87.4,87.23,87.3,60572
2026-02-25 12:15:00,87.29,87.39,87.24,87.37,51818
2026-02-25 12:25:00,87.36,87.36,87.11,87.15,48933
2026-02-25 12:35:00,87.1,87.14,87.01,87.05,152134
2026-02-25 12:45:00,87.03,87.07,86.9,87.0,87647
2026-02-25 12:55:00,87.0,87.09,86.9,86.9,66494
2026-02-25 13:05:00,86.96,87.03,86.9,87.01,27538
2026-02-25 13:15:00,87.0,87.08,86.95,86.99,38707
2026-02-25 13:25:00,86.99,87.28,86.98,87.27,125060
2026-02-25 13:35:00,87.27,87.39,87.2,87.36,100639
2026-02-25 13:45:00,87.36,87.38,87.23,87.34,63880
2026-02-25 13:55:00,87.34,87.37,87.2,87.3,70161
2026-02-25 14:05:00,87.27,87.35,87.17,87.25,61136
2026-02-25 14:15:00,87.25,87.35,87.2,87.35,84589
2026-02-25 14:25:00,87.35,87.35,87.25,87.32,75872
2026-02-25 14:35:00,87.35,87.37,87.25,87.35,62496
2026-02-25 14:45:00,87.35,87.37,87.23,87.34,63717
2026-02-25 14:55:00,87.34,87.45,87.24,87.45,123095
2026-02-25 15:05:00,87.43,88.0,87.41,88.0,416907
2026-02-25 15:15:00,87.98,88.07,87.61,87.9,204217
2026-02-25 15:25:00,87.92,87.92,87.7,87.8,188699
2026-02-26 09:15:00,88.0,88.02,87.56,87.8,287107
2026-02-26 09:25:00,87.8,87.82,87.5,87.69,180372
2026-02-26 09:35:00,87.7,87.86,87.64,87.85,64997
2026-02-26 09:45:00,87.85,87.98,87.78,87.91,90810
2026-02-26 09:55:00,87.91,87.92,87.7,87.85,80749
2026-02-26 10:05:00,87.8,87.96,87.8,87.85,43372
2026-02-26 10:15:00,87.85,87.86,87.7,87.84,52185
2026-02-26 10:25:00,87.84,87.84,87.65,87.72,68769
2026-02-26 10:35:00,87.72,87.75,87.7,87.75,57517
2026-02-26 10:45:00,87.75,87.88,87.7,87.85,55722
2026-02-26 10:55:00,87.85,87.88,87.65,87.75,52362
2026-02-26 11:05:00,87.76,87.8,87.7,87.8,40933
2026-02-26 11:15:00,87.8,87.85,87.76,87.85,88757
2026-02-26 11:25:00,87.85,87.89,87.66,87.72,131024
2026-02-26 11:35:00,87.72,87.72,87.4,87.43,110648
2026-02-26 11:45:00,87.43,87.56,87.4,87.45,76705
2026-02-26 11:55:00,87.49,87.49,87.32,87.39,75665
2026-02-26 12:05:00,87.43,87.49,87.33,87.35,68475
2026-02-26 12:15:00,87.34,87.51,87.3,87.49,68488
2026-02-26 12:25:00,87.44,87.51,87.4,87.4,38708
2026-02-26 12:35:00,87.44,87.68,87.4,87.53,73817
2026-02-26 12:45:00,87.59,87.64,87.5,87.57,77832
2026-02-26 12:55:00,87.57,87.61,87.47,87.55,86433
2026-02-26 13:05:00,87.55,87.55,87.45,87.49,49698
2026-02-26 13:15:00,87.49,87.52,87.4,87.52,28581
2026-02-26 13:25:00,87.52,87.52,87.36,87.36,45997
2026-02-26 13:35:00,87.36,87.44,87.35,87.43,33968
2026-02-26 13:45:00,87.4,87.45,87.34,87.39,57187
2026-02-26 13:55:00,87.4,87.44,87.32,87.39,45122
2026-02-26 14:05:00,87.39,87.45,87.25,87.43,76586
2026-02-26 14:15:00,87.43,87.47,87.35,87.4,42392
2026-02-26 14:25:00,87.4,87.45,87.31,87.45,85922
2026-02-26 14:35:00,87.45,87.52,87.37,87.52,41663
2026-02-26 14:45:00,87.52,87.64,87.49,87.55,148929
2026-02-26 14:55:00,87.55,87.63,87.42,87.49,61559
2026-02-26 15:05:00,87.49,87.65,87.45,87.59,165010
2026-02-26 15:15:00,87.59,87.65,87.52,87.59,133035
2026-02-26 15:25:00,87.59,87.65,87.5,87.59,104655
2026-02-27 09:15:00,87.57,87.65,87.06,87.31,164364
2026-02-27 09:25:00,87.32,87.4,86.78,86.88,462782
2026-02-27 09:35:00,86.88,86.96,86.8,86.89,84449
2026-02-27 09:45:00,86.89,86.9,86.75,86.75,122419
2026-02-27 09:55:00,86.75,86.81,86.71,86.79,79072
2026-02-27 10:05:00,86.79,86.85,86.72,86.83,142468
2026-02-27 10:15:00,86.83,86.95,86.77,86.91,92559
2026-02-27 10:25:00,86.86,86.91,86.8,86.89,54674
2026-02-27 10:35:00,86.83,87.06,86.83,87.0,141840
2026-02-27 10:45:00,87.0,87.05,86.91,86.98,56289
2026-02-27 10:55:00,86.98,87.0,86.77,86.98,129120
2026-02-27 11:05:00,86.94,86.98,86.9,86.98,34547
2026-02-27 11:15:00,86.98,86.98,86.85,86.92,58043
2026-02-27 11:25:00,86.92,86.96,86.81,86.87,38494
2026-02-27 11:35:00,86.88,86.93,86.8,86.91,42287
2026-02-27 11:45:00,86.93,86.98,86.83,86.91,40341
2026-02-27 11:55:00,86.91,86.92,86.84,86.9,40028
2026-02-27 12:05:00,86.89,86.91,86.82,86.89,35293
2026-02-27 12:15:00,86.89,86.92,86.81,86.85,69524
2026-02-27 12:25:00,86.84,86.93,86.83,86.93,64975
2026-02-27 12:35:00,86.93,86.93,86.85,86.89,42086
2026-02-27 12:45:00,86.88,86.93,86.83,86.9,30803
2026-02-27 12:55:00,86.9,86.92,86.83,86.9,31099
2026-02-27 13:05:00,86.9,86.93,86.85,86.9,54849
2026-02-27 13:15:00,86.9,86.9,86.76,86.84,85555
2026-02-27 13:25:00,86.85,86.85,86.76,86.8,45275
2026-02-27 13:35:00,86.81,86.84,86.76,86.8,38799
2026-02-27 13:45:00,86.8,86.85,86.75,86.8,67774
2026-02-27 13:55:00,86.8,86.8,86.75,86.8,76934
2026-02-27 14:05:00,86.8,87.2,86.76,87.14,235613
2026-02-27 14:15:00,87.08,87.14,86.97,87.04,52404
2026-02-27 14:25:00,87.04,87.05,86.81,87.0,57849
2026-02-27 14:35:00,87.0,87.02,86.9,86.97,68408
2026-02-27 14:45:00,86.99,87.1,86.93,87.09,70842
2026-02-27 14:55:00,87.09,87.1,86.97,87.01,129448
2026-02-27 15:05:00,87.0,87.1,86.96,87.01,249321
2026-02-27 15:15:00,87.01,87.05,86.94,87.02,193668
2026-02-27 15:25:00,87.0,87.3,86.99,87.3,240240
2026-03-02 09:15:00,82.5,86.0,82.5,84.49,1644788
2026-03-02 09:25:00,84.57,84.99,84.27,84.96,471434
2026-03-02 09:35:00,84.93,85.1,84.73,85.09,403639
2026-03-02 09:45:00,85.09,85.29,84.85,84.95,371132
2026-03-02 09:55:00,84.95,85.06,84.7,84.71,203548
2026-03-02 10:05:00,84.7,84.81,84.41,84.5,265880
2026-03-02 10:15:00,84.51,84.55,84.37,84.5,172857
2026-03-02 10:25:00,84.5,84.5,84.37,84.47,172169
2026-03-02 10:35:00,84.44,84.49,84.32,84.4,145952
2026-03-02 10:45:00,84.4,84.4,84.17,84.2,164814
2026-03-02 10:55:00,84.2,84.25,84.12,84.2,165693
2026-03-02 11:05:00,84.15,84.22,84.05,84.15,137191
2026-03-02 11:15:00,84.19,84.2,84.0,84.07,137255
2026-03-02 11:25:00,84.05,84.12,83.9,83.9,287601
2026-03-02 11:35:00,83.9,84.07,83.86,84.04,96801
2026-03-02 11:45:00,83.98,84.1,83.94,84.02,111596
2026-03-02 11:55:00,84.05,84.06,83.85,83.91,105630
2026-03-02 12:05:00,83.91,84.0,83.8,83.96,94375
2026-03-02 12:15:00,83.96,83.97,83.79,83.86,115702
2026-03-02 12:25:00,83.85,83.86,83.75,83.84,87399
2026-03-02 12:35:00,83.84,83.89,83.72,83.81,173223
2026-03-02 12:45:00,83.82,83.87,83.71,83.84,149976
2026-03-02 12:55:00,83.84,83.92,83.8,83.91,104083
2026-03-02 13:05:00,83.91,83.98,83.82,83.97,78276
2026-03-02 13:15:00,83.95,83.98,83.86,83.97,80011
2026-03-02 13:25:00,83.97,83.98,83.9,83.97,85682
2026-03-02 13:35:00,83.97,84.1,83.91,84.07,270710
2026-03-02 13:45:00,84.07,84.08,83.88,83.93,146249
2026-03-02 13:55:00,83.93,84.14,83.83,84.09,219022
2026-03-02 14:05:00,84.09,84.14,84.0,84.1,111394
2026-03-02 14:15:00,84.14,84.2,84.05,84.15,105236
2026-03-02 14:25:00,84.1,84.35,84.07,84.35,132063
2026-03-02 14:35:00,84.35,84.7,84.28,84.68,198651
2026-03-02 14:45:00,84.65,84.75,84.55,84.69,240673
2026-03-02 14:55:00,84.67,84.69,84.5,84.67,163511
2026-03-02 15:05:00,84.61,85.5,84.5,85.4,497382
2026-03-02 15:15:00,85.49,85.6,85.22,85.6,438815
2026-03-02 15:25:00,85.6,86.01,85.25,85.49,508767
2026-03-04 09:15:00,84.0,84.0,83.3,83.42,686425
2026-03-04 09:25:00,83.48,83.48,83.1,83.18,388128
2026-03-04 09:35:00,83.18,83.48,83.05,83.45,322863
2026-03-04 09:45:00,83.44,83.5,83.15,83.18,350689
2026-03-04 09:55:00,83.18,83.23,83.01,83.1,297097
2026-03-04 10:05:00,83.1,83.49,83.06,83.49,347432
2026-03-04 10:15:00,83.49,83.49,83.22,83.37,142968
2026-03-04 10:25:00,83.4,83.45,83.31,83.4,90641
2026-03-04 10:35:00,83.33,83.4,83.2,83.25,95395
2026-03-04 10:45:00,83.2,83.45,83.2,83.44,121847
2026-03-04 10:55:00,83.37,83.59,83.25,83.58,137157
2026-03-04 11:05:00,83.58,83.7,83.5,83.58,129590
2026-03-04 11:15:00,83.64,83.65,83.44,83.46,88670
2026-03-04 11:25:00,83.46,83.75,83.44,83.46,189965
2026-03-04 11:35:00,83.53,83.56,83.35,83.39,131797
2026-03-04 11:45:00,83.39,83.5,83.3,83.31,138070
2026-03-04 11:55:00,83.36,83.45,83.28,83.37,90837
2026-03-04 12:05:00,83.37,83.42,83.3,83.37,80126
2026-03-04 12:15:00,83.37,83.38,83.31,83.38,90482
2026-03-04 12:25:00,83.38,83.38,83.22,83.3,112396
2026-03-04 12:35:00,83.3,83.35,83.23,83.33,92156
2026-03-04 12:45:00,83.27,83.45,83.27,83.4,73786
2026-03-04 12:55:00,83.39,83.5,83.31,83.49,95692
2026-03-04 13:05:00,83.49,83.64,83.46,83.63,80280
2026-03-04 13:15:00,83.63,83.69,83.56,83.69,61993
2026-03-04 13:25:00,83.69,83.78,83.62,83.69,80694
2026-03-04 13:35:00,83.69,83.73,83.6,83.65,59465
2026-03-04 13:45:00,83.65,83.7,83.56,83.65,64749
2026-03-04 13:55:00,83.69,83.69,83.55,83.65,106747
2026-03-04 14:05:00,83.65,83.84,83.5,83.82,128755
2026-03-04 14:15:00,83.85,83.9,83.76,83.8,110025
2026-03-04 14:25:00,83.8,83.83,83.71,83.73,89346
2026-03-04 14:35:00,83.74,84.25,83.6,84.23,277897
2026-03-04 14:45:00,84.23,84.44,84.09,84.39,235978
2026-03-04 14:55:00,84.39,84.47,84.1,84.31,258666
2026-03-04 15:05:00,84.29,84.47,84.25,84.35,185723
2026-03-04 15:15:00,84.35,84.36,83.9,84.14,341687
2026-03-04 15:25:00,84.12,84.12,83.6,84.0,170850
2026-03-05 09:15:00,84.44,85.47,84.41,84.82,402946
2026-03-05 09:25:00,84.82,84.99,84.79,84.85,114905
2026-03-05 09:35:00,84.81,84.84,84.43,84.5,154434
2026-03-05 09:45:00,84.52,84.94,84.45,84.88,171932
2026-03-05 09:55:00,84.88,84.99,84.64,84.76,134601
2026-03-05 10:05:00,84.77,84.94,84.65,84.8,103547
2026-03-05 10:15:00,84.76,85.1,84.76,85.0,172702
2026-03-05 10:25:00,85.0,85.0,84.75,84.9,212276
2026-03-05 10:35:00,84.87,85.17,84.87,85.1,112911
2026-03-05 10:45:00,85.1,85.1,84.83,84.89,114304
2026-03-05 10:55:00,84.9,85.05,84.88,84.95,114839
2026-03-05 11:05:00,85.0,85.0,84.85,84.89,71879
2026-03-05 11:15:00,84.89,84.9,84.81,84.83,46089
2026-03-05 11:25:00,84.87,84.87,84.63,84.65,78835
2026-03-05 11:35:00,84.71,84.73,84.6,84.7,56596
2026-03-05 11:45:00,84.7,84.73,84.6,84.73,41173
2026-03-05 11:55:00,84.73,84.74,84.6,84.69,47694
2026-03-05 12:05:00,84.63,84.75,84.63,84.69,36819
2026-03-05 12:15:00,84.69,84.85,84.64,84.8,45734
2026-03-05 12:25:00,84.8,84.91,84.75,84.75,42159
2026-03-05 12:35:00,84.75,84.9,84.7,84.81,63732
2026-03-05 12:45:00,84.87,84.87,84.72,84.84,53246
2026-03-05 12:55:00,84.84,84.91,84.75,84.81,73526
2026-03-05 13:05:00,84.81,84.91,84.75,84.81,89730
2026-03-05 13:15:00,84.81,84.83,84.75,84.81,31260
2026-03-05 13:25:00,84.81,84.9,84.74,84.82,40602
2026-03-05 13:35:00,84.76,84.82,84.6,84.6,73882
2026-03-05 13:45:00,84.6,84.64,84.2,84.36,232098
2026-03-05 13:55:00,84.33,84.39,83.79,83.97,384927
2026-03-05 14:05:00,83.91,83.98,83.85,83.91,69653
2026-03-05 14:15:00,83.91,83.97,83.73,83.97,102792
2026-03-05 14:25:00,83.97,83.97,83.81,83.9,55219
2026-03-05 14:35:00,83.9,84.34,83.86,84.28,138532
2026-03-05 14:45:00,84.25,84.64,84.25,84.54,182599
2026-03-05 14:55:00,84.6,84.74,84.52,84.58,133211
2026-03-05 15:05:00,84.59,84.71,84.46,84.53,229092
2026-03-05 15:15:00,84.6,84.75,84.39,84.69,167182
2026-03-05 15:25:00,84.66,84.94,84.41,84.79,194301
2026-03-06 09:15:00,84.52,84.85,84.34,84.85,263989
2026-03-06 09:25:00,84.8,85.29,84.71,84.85,431664
2026-03-06 09:35:00,84.85,84.85,84.5,84.74,124603
2026-03-06 09:45:00,84.73,84.85,84.73,84.8,81529
2026-03-06 09:55:00,84.8,84.89,84.6,84.67,89992
2026-03-06 10:05:00,84.7,84.99,84.63,84.99,69482
2026-03-06 10:15:00,84.97,85.0,84.9,85.0,70747
2026-03-06 10:25:00,85.0,85.0,84.82,84.87,107089
2026-03-06 10:35:00,84.89,84.96,84.8,84.93,35810
2026-03-06 10:45:00,84.94,84.95,84.69,84.79,126409
2026-03-06 10:55:00,84.79,84.82,84.65,84.75,57736
2026-03-06 11:05:00,84.75,84.82,84.47,84.47,105501
2026-03-06 11:15:00,84.53,84.7,84.47,84.69,71348
2026-03-06 11:25:00,84.69,84.75,84.63,84.74,33299
2026-03-06 11:35:00,84.74,84.75,84.64,84.69,28473
2026-03-06 11:45:00,84.7,84.9,84.64,84.8,39154
2026-03-06 11:55:00,84.8,84.84,84.6,84.69,99059
2026-03-06 12:05:00,84.64,84.7,84.56,84.57,39437
2026-03-06 12:15:00,84.57,84.7,84.56,84.63,40748
2026-03-06 12:25:00,84.63,84.72,84.6,84.68,35185
2026-03-06 12:35:00,84.68,84.93,84.6,84.67,141939
2026-03-06 12:45:00,84.64,84.65,84.51,84.6,59991
2026-03-06 12:55:00,84.6,84.64,84.51,84.61,32451
2026-03-06 13:05:00,84.62,84.68,84.55,84.65,39619
2026-03-06 13:15:00,84.64,84.7,84.6,84.64,81631
2026-03-06 13:25:00,84.64,84.65,84.58,84.63,70383
2026-03-06 13:35:00,84.58,84.7,84.55,84.66,54269
2026-03-06 13:45:00,84.65,84.7,84.62,84.65,55153
2026-03-06 13:55:00,84.65,84.7,84.65,84.67,57714
2026-03-06 14:05:00,84.67,84.7,84.63,84.69,46418
2026-03-06 14:15:00,84.69,84.9,84.65,84.82,192799
2026-03-06 14:25:00,84.82,84.89,84.6,84.64,141840
2026-03-06 14:35:00,84.63,84.67,84.42,84.49,114271
2026-03-06 14:45:00,84.47,84.59,84.4,84.44,109896
2026-03-06 14:55:00,84.44,84.47,84.27,84.35,160990
2026-03-06 15:05:00,84.39,84.45,84.32,84.37,156061
2026-03-06 15:15:00,84.38,84.4,83.9,84.1,379232
2026-03-06 15:25:00,84.09,84.2,83.95,84.18,236194
2026-03-09 09:15:00,82.68,83.15,81.6,81.65,664706
2026-03-09 09:25:00,81.65,82.0,81.51,81.83,308097
2026-03-09 09:35:00,81.9,82.07,81.76,81.8,291693
2026-03-09 09:45:00,81.8,82.0,81.63,81.9,275909
2026-03-09 09:55:00,81.92,82.14,81.89,81.98,146495
2026-03-09 10:05:00,81.98,82.29,81.95,82.25,133362
2026-03-09 10:15:00,82.2,82.25,82.0,82.1,92784
2026-03-09 10:25:00,82.11,82.28,82.01,82.21,112534
2026-03-09 10:35:00,82.2,82.24,82.0,82.06,139765
2026-03-09 10:45:00,82.08,82.33,81.95,82.33,134851
2026-03-09 10:55:00,82.3,82.54,82.2,82.32,229753
2026-03-09 11:05:00,82.35,82.4,82.0,82.3,97254
2026-03-09 11:15:00,82.3,82.49,82.18,82.42,81565
2026-03-09 11:25:00,82.43,82.46,82.32,82.35,92044
2026-03-09 11:35:00,82.39,82.4,82.2,82.2,120101
2026-03-09 11:45:00,82.2,82.25,82.06,82.11,114874
2026-03-09 11:55:00,82.16,82.28,82.03,82.25,95995
2026-03-09 12:05:00,82.25,82.27,82.12,82.15,47687
2026-03-09 12:15:00,82.15,82.21,82.06,82.17,60237
2026-03-09 12:25:00,82.18,82.25,82.12,82.2,42411
2026-03-09 12:35:00,82.19,82.31,82.13,82.25,51737
2026-03-09 12:45:00,82.25,82.34,82.16,82.3,97955
2026-03-09 12:55:00,82.3,82.3,82.2,82.28,37278
2026-03-09 13:05:00,82.28,82.28,82.15,82.15,40717
2026-03-09 13:15:00,82.15,82.25,82.11,82.16,65319
2026-03-09 13:25:00,82.16,82.24,82.08,82.2,56152
2026-03-09 13:35:00,82.11,82.24,82.08,82.18,148294
2026-03-09 13:45:00,82.16,82.22,82.02,82.19,116734
2026-03-09 13:55:00,82.19,82.2,82.0,82.15,73622
2026-03-09 14:05:00,82.15,82.15,82.05,82.13,64697
2026-03-09 14:15:00,82.1,82.2,82.06,82.2,57338
2026-03-09 14:25:00,82.19,82.24,82.15,82.2,62007
2026-03-09 14:35:00,82.2,82.21,82.04,82.19,86665
2026-03-09 14:45:00,82.18,82.24,82.12,82.22,81240
2026-03-09 14:55:00,82.21,82.57,82.19,82.54,390651
2026-03-09 15:05:00,82.55,82.69,82.49,82.65,147298
2026-03-09 15:15:00,82.65,82.95,82.52,82.86,325129
2026-03-09 15:25:00,82.87,84.02,82.77,84.0,445034
2026-03-10 09:15:00,83.85,84.3,83.51,83.79,411112
2026-03-10 09:25:00,83.78,83.83,83.6,83.65,188326
2026-03-10 09:35:00,83.63,83.65,83.41,83.64,295322
2026-03-10 09:45:00,83.63,83.69,83.49,83.59,110754
2026-03-10 09:55:00,83.56,83.58,83.31,83.41,111744
2026-03-10 10:05:00,83.47,83.69,83.39,83.68,86531
2026-03-10 10:15:00,83.67,83.86,83.67,83.85,110604
2026-03-10 10:25:00,83.78,84.1,83.78,83.95,151023
2026-03-10 10:35:00,83.98,84.09,83.81,83.98,55839
2026-03-10 10:45:00,84.05,84.15,83.98,84.02,113181
2026-03-10 10:55:00,84.05,84.16,83.94,84.14,130105
2026-03-10 11:05:00,84.15,84.3,84.0,84.08,231331
2026-03-10 11:15:00,84.1,84.22,84.08,84.14,75524
2026-03-10 11:25:00,84.14,84.28,84.14,84.25,97799
2026-03-10 11:35:00,84.25,84.37,84.21,84.35,96076
2026-03-10 11:45:00,84.35,84.37,84.07,84.34,159019
2026-03-10 11:55:00,84.34,84.37,84.12,84.23,381704
2026-03-10 12:05:00,84.2,84.25,84.12,84.2,54415
2026-03-10 12:15:00,84.2,84.2,84.01,84.08,129165
2026-03-10 12:25:00,84.08,84.2,84.01,84.17,61464
2026-03-10 12:35:00,84.13,84.25,84.0,84.08,126113
2026-03-10 12:45:00,84.09,84.2,84.05,84.15,44535
2026-03-10 12:55:00,84.19,84.32,84.1,84.32,182203
2026-03-10 13:05:00,84.32,84.33,84.05,84.05,88900
2026-03-10 13:15:00,84.05,84.15,84.0,84.05,93155
2026-03-10 13:25:00,84.01,84.25,84.01,84.2,57598
2026-03-10 13:35:00,84.2,84.44,84.16,84.3,56381
2026-03-10 13:45:00,84.3,84.37,84.2,84.33,69895
2026-03-10 13:55:00,84.37,84.37,84.2,84.28,34115
2026-03-10 14:05:00,84.28,84.43,84.21,84.43,145444
2026-03-10 14:15:00,84.43,84.57,84.32,84.4,155979
2026-03-10 14:25:00,84.4,84.45,84.26,84.29,82566
2026-03-10 14:35:00,84.29,84.35,84.24,84.32,101001
2026-03-10 14:45:00,84.34,84.57,84.3,84.5,188527
2026-03-10 14:55:00,84.56,84.69,84.43,84.56,162027
2026-03-10 15:05:00,84.57,84.68,84.51,84.56,120852
2026-03-10 15:15:00,84.55,84.75,84.48,84.7,394219
2026-03-10 15:25:00,84.7,84.8,84.64,84.78,125773
2026-03-11 09:15:00,85.0,85.76,84.71,85.35,434137
2026-03-11 09:25:00,85.35,85.4,85.0,85.1,130598
2026-03-11 09:35:00,85.1,85.15,84.85,84.95,158437
2026-03-11 09:45:00,84.93,85.0,84.75,84.82,109258
2026-03-11 09:55:00,84.83,84.85,84.58,84.63,111660
2026-03-11 10:05:00,84.63,84.73,84.55,84.61,141738
2026-03-11 10:15:00,84.65,84.66,84.34,84.4,187320
2026-03-11 10:25:00,84.37,84.39,84.22,84.28,149350
2026-03-11 10:35:00,84.32,84.33,84.05,84.11,114814
2026-03-11 10:45:00,84.06,84.17,84.0,84.11,142325
2026-03-11 10:55:00,84.15,84.24,84.08,84.23,59075
2026-03-11 11:05:00,84.23,84.24,84.02,84.07,85154
2026-03-11 11:15:00,84.1,84.14,83.95,84.04,105651
2026-03-11 11:25:00,84.09,84.13,84.01,84.01,43957
2026-03-11 11:35:00,84.06,84.12,83.91,83.95,96957
2026-03-11 11:45:00,83.95,83.97,83.78,83.88,107570
2026-03-11 11:55:00,83.88,83.97,83.79,83.94,132333
2026-03-11 12:05:00,83.97,84.19,83.91,84.16,124410
2026-03-11 12:15:00,84.18,84.2,84.15,84.2,68766
2026-03-11 12:25:00,84.15,84.2,84.1,84.19,133728
2026-03-11 12:35:00,84.19,84.2,84.03,84.14,111007
2026-03-11 12:45:00,84.15,84.15,83.99,84.1,59622
2026-03-11 12:55:00,84.09,84.1,83.97,84.0,45793
2026-03-11 13:05:00,84.05,84.05,83.92,83.96,109824
2026-03-11 13:15:00,83.99,84.04,83.92,83.98,47547
2026-03-11 13:25:00,83.98,84.09,83.98,84.01,69769
2026-03-11 13:35:00,84.0,84.05,83.95,83.97,47070
2026-03-11 13:45:00,83.97,84.02,83.82,83.94,143731
2026-03-11 13:55:00,83.91,83.95,83.89,83.94,42501
2026-03-11 14:05:00,83.94,83.99,83.9,83.94,129977
2026-03-11 14:15:00,83.94,84.03,83.9,84.01,77729
2026-03-11 14:25:00,84.03,84.16,83.9,84.06,141423
2026-03-11 14:35:00,84.01,84.1,83.92,83.99,46175
2026-03-11 14:45:00,83.96,84.0,83.88,83.94,64667
2026-03-11 14:55:00,83.93,83.97,83.85,83.89,80117
2026-03-11 15:05:00,83.9,83.91,83.6,83.65,160322
2026-03-11 15:15:00,83.66,83.88,83.61,83.78,236112
2026-03-11 15:25:00,83.79,83.8,83.6,83.66,98827
2026-03-12 09:15:00,83.3,83.3,81.9,82.35,631188
2026-03-12 09:25:00,82.34,82.4,82.06,82.24,345370
2026-03-12 09:35:00,82.19,82.27,82.05,82.21,224617
2026-03-12 09:45:00,82.26,82.34,82.12,82.22,248527
2026-03-12 09:55:00,82.25,82.6,82.18,82.55,144458
2026-03-12 10:05:00,82.55,82.59,82.25,82.28,225689
2026-03-12 10:15:00,82.33,82.35,82.16,82.33,104179
2026-03-12 10:25:00,82.35,82.68,82.33,82.67,117437
2026-03-12 10:35:00,82.67,82.7,82.48,82.63,108174
2026-03-12 10:45:00,82.63,82.75,82.57,82.7,87207
2026-03-12 10:55:00,82.7,83.08,82.65,83.03,188431
2026-03-12 11:05:00,83.08,83.18,82.96,83.06,95482
2026-03-12 11:15:00,83.07,83.25,83.0,83.14,171832
2026-03-12 11:25:00,83.12,83.29,83.12,83.27,115212
2026-03-12 11:35:00,83.27,83.42,83.25,83.38,79796
2026-03-12 11:45:00,83.38,83.48,83.25,83.4,74510
2026-03-12 11:55:00,83.42,83.65,83.36,83.61,100073
2026-03-12 12:05:00,83.61,83.86,83.52,83.85,119737
2026-03-12 12:15:00,83.87,83.9,83.7,83.9,101827
2026-03-12 12:25:00,83.9,83.93,83.7,83.73,76701
2026-03-12 12:35:00,83.72,83.72,83.53,83.56,37206
2026-03-12 12:45:00,83.56,83.73,83.55,83.59,78444
2026-03-12 12:55:00,83.59,83.65,83.5,83.6,54377
2026-03-12 13:05:00,83.58,83.65,83.41,83.65,57645
2026-03-12 13:15:00,83.65,83.79,83.56,83.75,40496
2026-03-12 13:25:00,83.75,83.96,83.7,83.95,100187
2026-03-12 13:35:00,83.95,83.98,83.77,83.85,48011
2026-03-12 13:45:00,83.85,84.11,83.8,84.08,160526
2026-03-12 13:55:00,84.02,84.17,83.94,84.13,116334
2026-03-12 14:05:00,84.13,84.2,83.82,83.96,132304
2026-03-12 14:15:00,84.0,84.0,83.9,83.95,80009
2026-03-12 14:25:00,83.94,83.99,83.8,83.95,89590
2026-03-12 14:35:00,83.92,83.98,83.74,83.74,105820
2026-03-12 14:45:00,83.74,83.86,83.63,83.8,108408
2026-03-12 14:55:00,83.78,83.94,83.71,83.81,171318
2026-03-12 15:05:00,83.81,83.85,83.68,83.7,262145
2026-03-12 15:15:00,83.71,83.77,83.51,83.65,307450
2026-03-12 15:25:00,83.69,83.75,83.56,83.7,175850
2026-03-13 09:15:00,83.2,83.36,83.04,83.29,241869
2026-03-13 09:25:00,83.26,83.82,83.22,83.82,238309
2026-03-13 09:35:00,83.82,84.0,83.62,83.68,217838
2026-03-13 09:45:00,83.74,83.74,83.2,83.23,231231
2026-03-13 09:55:00,83.23,83.32,83.01,83.01,171638
2026-03-13 10:05:00,83.07,83.11,82.89,83.0,179927
2026-03-13 10:15:00,83.0,83.08,82.85,82.92,109226
2026-03-13 10:25:00,82.93,83.12,82.8,82.82,143830
2026-03-13 10:35:00,82.83,82.83,82.5,82.68,159031
2026-03-13 10:45:00,82.7,83.07,82.65,82.93,99613
2026-03-13 10:55:00,82.95,82.96,82.74,82.8,75432
2026-03-13 11:05:00,82.8,82.8,82.67,82.74,51118
2026-03-13 11:15:00,82.74,82.89,82.66,82.82,33009
2026-03-13 11:25:00,82.82,83.09,82.81,83.08,73591
2026-03-13 11:35:00,83.08,83.1,82.95,83.01,67043
2026-03-13 11:45:00,83.01,83.09,82.97,83.04,37604
2026-03-13 11:55:00,83.04,83.04,82.74,82.8,115768
2026-03-13 12:05:00,82.8,82.84,82.65,82.84,53137
2026-03-13 12:15:00,82.84,82.84,82.55,82.59,66746
2026-03-13 12:25:00,82.59,82.72,82.51,82.58,97170
2026-03-13 12:35:00,82.58,82.59,82.25,82.32,181393
2026-03-13 12:45:00,82.26,82.49,82.26,82.35,80761
2026-03-13 12:55:00,82.4,82.54,82.37,82.46,38126
2026-03-13 13:05:00,82.5,82.51,82.24,82.34,103103
2026-03-13 13:15:00,82.34,82.49,82.26,82.26,45650
2026-03-13 13:25:00,82.25,82.39,82.16,82.32,100381
2026-03-13 13:35:00,82.32,82.33,82.05,82.16,189043
2026-03-13 13:45:00,82.16,82.19,82.05,82.07,206324
2026-03-13 13:55:00,82.1,82.14,81.9,82.05,267838
2026-03-13 14:05:00,82.09,82.25,82.05,82.25,91738
2026-03-13 14:15:00,82.23,82.33,82.16,82.3,79360
2026-03-13 14:25:00,82.3,82.55,82.25,82.45,122237
2026-03-13 14:35:00,82.45,82.48,82.3,82.4,51391
2026-03-13 14:45:00,82.43,82.44,82.14,82.19,115959
2026-03-13 14:55:00,82.19,82.23,82.05,82.14,121891
2026-03-13 15:05:00,82.15,82.21,82.0,82.03,215221
2026-03-13 15:15:00,82.03,82.35,82.02,82.14,311098
2026-03-13 15:25:00,82.19,82.25,82.1,82.15,97345
2026-03-16 09:15:00,82.0,82.12,80.85,80.94,558316
2026-03-16 09:25:00,80.94,81.2,80.75,81.16,369767
2026-03-16 09:35:00,81.23,81.5,81.1,81.26,299822
2026-03-16 09:45:00,81.23,81.43,81.13,81.24,321516
2026-03-16 09:55:00,81.21,81.29,80.9,81.09,248580
2026-03-16 10:05:00,81.05,81.15,80.81,80.89,252423
2026-03-16 10:15:00,80.89,80.91,80.35,80.4,400575
2026-03-16 10:25:00,80.41,80.48,80.3,80.36,248628
2026-03-16 10:35:00,80.36,80.36,80.13,80.18,201770
2026-03-16 10:45:00,80.22,80.23,80.0,80.03,265990
2026-03-16 10:55:00,80.03,80.19,79.83,80.11,500882
2026-03-16 11:05:00,80.11,80.34,80.05,80.15,224181
2026-03-16 11:15:00,80.18,80.58,80.13,80.52,248029
2026-03-16 11:25:00,80.53,80.59,80.38,80.53,103659
2026-03-16 11:35:00,80.55,80.75,80.39,80.55,170105
2026-03-16 11:45:00,80.58,80.65,80.4,80.53,239673
2026-03-16 11:55:00,80.54,80.75,80.4,80.5,130546
2026-03-16 12:05:00,80.55,80.7,80.51,80.61,97923
2026-03-16 12:15:00,80.56,80.6,80.4,80.59,135083
2026-03-16 12:25:00,80.55,80.6,80.35,80.39,46065
2026-03-16 12:35:00,80.34,80.47,80.26,80.33,71049
2026-03-16 12:45:00,80.33,80.37,80.13,80.33,68078
2026-03-16 12:55:00,80.32,80.44,80.17,80.23,80578
2026-03-16 13:05:00,80.16,80.32,80.11,80.15,180380
2026-03-16 13:15:00,80.15,80.3,80.11,80.19,75069
2026-03-16 13:25:00,80.13,80.45,80.12,80.4,120302
2026-03-16 13:35:00,80.4,80.5,80.38,80.45,68488
2026-03-16 13:45:00,80.45,80.45,80.23,80.4,78562
2026-03-16 13:55:00,80.39,80.49,80.33,80.4,75258
2026-03-16 14:05:00,80.42,80.6,80.4,80.51,88195
2026-03-16 14:15:00,80.51,80.87,80.41,80.8,383062
2026-03-16 14:25:00,80.8,81.3,80.73,81.3,273735
2026-03-16 14:35:00,81.3,81.63,81.19,81.54,329886
2026-03-16 14:45:00,81.59,81.79,81.36,81.62,229243
2026-03-16 14:55:00,81.68,81.75,81.24,81.29,164032
2026-03-16 15:05:00,81.27,81.38,81.15,81.33,206430
2026-03-16 15:15:00,81.32,81.46,81.25,81.38,267000
2026-03-16 15:25:00,81.38,81.4,81.1,81.1,145611
2026-03-17 09:15:00,81.5,81.89,81.05,81.3,436884
2026-03-17 09:25:00,81.3,81.39,81.08,81.25,201665
2026-03-17 09:35:00,81.25,81.54,81.25,81.45,196147
2026-03-17 09:45:00,81.45,81.55,81.12,81.35,162364
2026-03-17 09:55:00,81.35,81.59,81.07,81.5,128870
2026-03-17 10:05:00,81.51,81.73,81.41,81.67,165297
2026-03-17 10:15:00,81.61,81.95,81.61,81.88,172384
2026-03-17 10:25:00,81.88,81.88,81.5,81.5,102010
2026-03-17 10:35:00,81.55,81.61,81.42,81.48,90053
2026-03-17 10:45:00,81.45,81.77,81.37,81.75,97786
2026-03-17 10:55:00,81.75,81.78,81.53,81.65,106874
2026-03-17 11:05:00,81.65,81.7,81.55,81.6,52146
2026-03-17 11:15:00,81.65,81.65,81.25,81.3,140888
2026-03-17 11:25:00,81.21,81.3,81.11,81.2,66826
2026-03-17 11:35:00,81.2,81.33,81.12,81.18,81281
2026-03-17 11:45:00,81.25,81.42,81.22,81.32,84322
2026-03-17 11:55:00,81.32,81.39,81.16,81.31,46828
2026-03-17 12:05:00,81.31,81.4,81.25,81.36,64086
2026-03-17 12:15:00,81.38,81.38,81.16,81.28,101512
2026-03-17 12:25:00,81.28,81.32,81.15,81.25,61062
2026-03-17 12:35:00,81.25,81.4,81.22,81.4,47841
2026-03-17 12:45:00,81.4,81.49,81.35,81.42,72550
2026-03-17 12:55:00,81.42,81.44,81.25,81.39,73126
2026-03-17 13:05:00,81.39,81.44,81.26,81.44,33947
2026-03-17 13:15:00,81.4,81.49,81.37,81.44,46055
2026-03-17 13:25:00,81.44,81.59,81.26,81.51,118340
2026-03-17 13:35:00,81.46,81.54,81.37,81.37,126847
2026-03-17 13:45:00,81.43,81.43,81.26,81.37,63487
2026-03-17 13:55:00,81.37,81.49,81.26,81.43,124648
2026-03-17 14:05:00,81.48,81.48,81.24,81.4,148779
2026-03-17 14:15:00,81.36,81.47,81.23,81.31,65854
2026-03-17 14:25:00,81.31,81.35,81.22,81.34,44045
2026-03-17 14:35:00,81.34,81.4,81.2,81.34,101880
2026-03-17 14:45:00,81.32,81.44,81.28,81.35,97367
2026-03-17 14:55:00,81.35,81.54,81.32,81.45,221248
2026-03-17 15:05:00,81.45,81.45,81.33,81.36,103146
2026-03-17 15:15:00,81.37,81.38,81.16,81.3,323905
2026-03-17 15:25:00,81.31,81.39,81.2,81.3,180185
2026-03-18 09:15:00,81.6,83.44,81.6,83.16,804144
2026-03-18 09:25:00,83.18,83.49,82.95,83.41,391092
2026-03-18 09:35:00,83.41,83.88,83.29,83.79,513409
2026-03-18 09:45:00,83.86,84.3,83.51,83.65,745478
2026-03-18 09:55:00,83.57,83.64,83.02,83.15,307118
2026-03-18 10:05:00,83.12,83.14,82.66,82.8,545698
2026-03-18 10:15:00,82.8,82.93,82.72,82.85,96467
2026-03-18 10:25:00,82.86,82.9,82.51,82.64,128193
2026-03-18 10:35:00,82.62,82.67,82.5,82.51,105973
2026-03-18 10:45:00,82.52,82.83,82.51,82.8,96852
2026-03-18 10:55:00,82.77,82.84,82.56,82.69,178771
2026-03-18 11:05:00,82.69,82.7,82.56,82.66,109928
2026-03-18 11:15:00,82.66,82.75,82.62,82.7,201746
2026-03-18 11:25:00,82.73,82.82,82.66,82.7,73746
2026-03-18 11:35:00,82.7,82.97,82.61,82.8,77033
2026-03-18 11:45:00,82.87,82.87,82.62,82.78,213980
2026-03-18 11:55:00,82.71,82.79,82.55,82.65,106661
2026-03-18 12:05:00,82.65,82.7,82.39,82.5,109793
2026-03-18 12:15:00,82.5,82.65,82.45,82.55,89397
2026-03-18 12:25:00,82.62,82.62,82.45,82.5,50549
2026-03-18 12:35:00,82.53,82.6,82.4,82.58,55874
2026-03-18 12:45:00,82.6,82.69,82.55,82.66,47870
2026-03-18 12:55:00,82.6,82.73,82.59,82.7,69847
2026-03-18 13:05:00,82.7,82.79,82.6,82.73,189489
2026-03-18 13:15:00,82.73,82.85,82.67,82.8,90370
2026-03-18 13:25:00,82.8,83.06,82.7,82.98,108971
2026-03-18 13:35:00,82.98,83.1,82.91,83.06,149805
2026-03-18 13:45:00,83.06,83.15,82.96,83.14,96840
2026-03-18 13:55:00,83.13,83.28,83.05,83.2,152295
2026-03-18 14:05:00,83.2,83.2,83.04,83.09,81655
2026-03-18 14:15:00,83.02,83.2,83.02,83.18,64503
2026-03-18 14:25:00,83.18,83.22,82.92,83.03,116361
2026-03-18 14:35:00,83.04,83.06,82.71,82.82,118255
2026-03-18 14:45:00,82.8,83.0,82.8,83.0,92682
2026-03-18 14:55:00,82.95,83.2,82.95,83.11,231703
2026-03-18 15:05:00,83.14,83.22,83.05,83.19,261047
2026-03-18 15:15:00,83.15,83.2,82.94,82.94,469672
2026-03-18 15:25:00,83.0,83.07,82.92,83.07,201220
2026-03-19 09:15:00,81.9,82.38,81.71,82.23,581188
2026-03-19 09:25:00,82.33,82.49,82.02,82.1,215874
2026-03-19 09:35:00,82.12,82.2,81.91,81.95,137287
2026-03-19 09:45:00,81.95,82.12,81.86,82.02,156952
2026-03-19 09:55:00,82.02,82.26,82.0,82.1,99441
2026-03-19 10:05:00,82.05,82.19,82.01,82.09,90358
2026-03-19 10:15:00,82.08,82.08,81.91,82.05,84246
2026-03-19 10:25:00,82.05,82.15,82.0,82.11,142642
2026-03-19 10:35:00,82.1,82.19,82.08,82.12,69284
2026-03-19 10:45:00,82.12,82.15,82.05,82.13,61321
2026-03-19 10:55:00,82.1,82.14,81.95,82.0,105656
2026-03-19 11:05:00,82.0,82.02,81.84,81.98,88279
2026-03-19 11:15:00,81.99,82.09,81.93,82.09,46048
2026-03-19 11:25:00,82.06,82.07,81.95,82.04,36928
2026-03-19 11:35:00,82.04,82.06,81.95,82.06,51524
2026-03-19 11:45:00,82.06,82.09,81.98,82.02,35058
2026-03-19 11:55:00,82.09,82.09,81.9,81.91,61020
2026-03-19 12:05:00,81.91,82.0,81.88,81.96,84168
2026-03-19 12:15:00,81.96,82.02,81.9,81.91,43453
2026-03-19 12:25:00,81.91,81.99,81.83,81.88,98171
2026-03-19 12:35:00,81.88,81.98,81.8,81.92,47513
2026-03-19 12:45:00,81.9,82.0,81.86,81.98,89444
2026-03-19 12:55:00,81.98,82.0,81.85,81.87,70871
2026-03-19 13:05:00,81.91,81.99,81.87,81.9,79194
2026-03-19 13:15:00,81.87,81.93,81.71,81.71,141535
2026-03-19 13:25:00,81.71,81.78,81.6,81.62,150578
2026-03-19 13:35:00,81.62,81.72,81.56,81.6,65181
2026-03-19 13:45:00,81.6,81.65,81.56,81.6,36813
2026-03-19 13:55:00,81.6,81.61,81.42,81.42,194519
2026-03-19 14:05:00,81.48,81.5,81.35,81.4,88768
2026-03-19 14:15:00,81.37,81.51,81.37,81.47,78654
2026-03-19 14:25:00,81.47,81.65,81.37,81.65,137998
2026-03-19 14:35:00,81.63,81.88,81.63,81.86,128871
2026-03-19 14:45:00,81.89,81.9,81.68,81.7,128389
2026-03-19 14:55:00,81.7,81.88,81.68,81.74,262193
2026-03-19 15:05:00,81.74,81.92,81.65,81.68,183202
2026-03-19 15:15:00,81.73,81.81,81.65,81.75,311709
2026-03-19 15:25:00,81.75,81.98,81.71,81.85,108864
2026-03-20 09:15:00,82.05,82.48,82.02,82.32,297919
2026-03-20 09:25:00,82.32,82.5,82.26,82.5,152145
2026-03-20 09:35:00,82.5,82.55,82.2,82.23,138597
2026-03-20 09:45:00,82.2,82.25,82.1,82.11,75171
2026-03-20 09:55:00,82.11,82.15,81.91,82.06,105323
2026-03-20 10:05:00,82.05,82.12,81.98,82.05,55458
2026-03-20 10:15:00,82.04,82.25,81.8,82.25,269223
2026-03-20 10:25:00,82.23,82.34,82.06,82.29,119435
2026-03-20 10:35:00,82.24,82.68,82.23,82.67,170293
2026-03-20 10:45:00,82.63,82.8,82.57,82.78,340786
2026-03-20 10:55:00,82.78,82.83,82.6,82.76,216421
2026-03-20 11:05:00,82.76,82.95,82.69,82.91,262286
2026-03-20 11:15:00,82.86,83.23,82.85,83.07,203673
2026-03-20 11:25:00,83.03,83.12,82.89,82.95,139549
2026-03-20 11:35:00,82.95,83.41,82.9,83.35,262413
2026-03-20 11:45:00,83.33,83.81,83.33,83.79,347958
2026-03-20 11:55:00,83.79,84.05,83.28,83.36,607089
2026-03-20 12:05:00,83.35,83.39,83.1,83.12,118014
2026-03-20 12:15:00,83.11,83.12,83.0,83.01,222147
2026-03-20 12:25:00,83.01,83.07,82.8,82.94,302084
2026-03-20 12:35:00,82.94,83.0,82.89,82.96,41469
2026-03-20 12:45:00,82.99,83.12,82.91,83.05,142642
2026-03-20 12:55:00,82.94,82.99,82.62,82.75,118762
2026-03-20 13:05:00,82.75,82.8,82.34,82.5,154506
2026-03-20 13:15:00,82.51,82.57,82.2,82.23,118113
2026-03-20 13:25:00,82.22,82.35,82.15,82.16,99918
2026-03-20 13:35:00,82.21,82.32,82.02,82.05,170536
2026-03-20 13:45:00,82.03,82.13,81.9,81.98,159626
2026-03-20 13:55:00,81.98,82.01,81.83,82.0,124644
2026-03-20 14:05:00,82.0,82.05,81.82,81.93,107659
2026-03-20 14:15:00,81.93,81.98,81.8,81.89,128292
2026-03-20 14:25:00,81.88,81.96,81.75,81.8,141165
2026-03-20 14:35:00,81.86,81.88,81.62,81.62,152436
2026-03-20 14:45:00,81.63,81.7,81.27,81.34,400724
2026-03-20 14:55:00,81.28,81.59,81.17,81.5,297133
2026-03-20 15:05:00,81.5,81.59,81.31,81.4,266534
2026-03-20 15:15:00,81.4,81.58,81.34,81.51,365826
2026-03-20 15:25:00,81.51,81.51,81.3,81.4,274815
2026-03-23 09:15:00,81.0,81.21,79.41,79.7,1064757
2026-03-23 09:25:00,79.7,79.75,79.48,79.55,389619
2026-03-23 09:35:00,79.58,79.76,79.5,79.61,277802
2026-03-23 09:45:00,79.59,79.59,79.16,79.2,297776
2026-03-23 09:55:00,79.2,79.25,79.0,79.13,312776
2026-03-23 10:05:00,79.11,79.31,78.9,78.96,369695
2026-03-23 10:15:00,78.96,79.23,78.8,79.06,282906
2026-03-23 10:25:00,79.08,79.12,79.0,79.04,246289
2026-03-23 10:35:00,79.04,79.2,79.0,79.05,295316
2026-03-23 10:45:00,79.05,79.06,78.76,78.82,196990
2026-03-23 10:55:00,78.84,78.85,78.33,78.48,296952
2026-03-23 11:05:00,78.45,78.67,78.4,78.6,241788
2026-03-23 11:15:00,78.6,78.6,78.41,78.52,140605
2026-03-23 11:25:00,78.56,78.6,78.42,78.49,152832
2026-03-23 11:35:00,78.45,78.57,78.33,78.4,248838
2026-03-23 11:45:00,78.4,78.5,78.31,78.4,113391
2026-03-23 11:55:00,78.45,78.47,78.24,78.32,167027
2026-03-23 12:05:00,78.32,78.41,78.21,78.34,149307
2026-03-23 12:15:00,78.3,78.36,78.12,78.15,141001
2026-03-23 12:25:00,78.12,78.35,78.05,78.26,173836
2026-03-23 12:35:00,78.27,78.3,78.13,78.18,98407
2026-03-23 12:45:00,78.17,78.29,78.15,78.27,118658
2026-03-23 12:55:00,78.25,78.29,78.01,78.01,168022
2026-03-23 13:05:00,78.01,78.08,77.9,77.97,440359
2026-03-23 13:15:00,77.97,78.08,77.95,78.0,196542
2026-03-23 13:25:00,78.0,78.35,77.95,78.31,312680
2026-03-23 13:35:00,78.3,78.46,78.24,78.46,200644
2026-03-23 13:45:00,78.47,78.74,78.46,78.55,248629
2026-03-23 13:55:00,78.55,78.7,78.52,78.55,115667
2026-03-23 14:05:00,78.6,78.94,78.56,78.88,171545
2026-03-23 14:15:00,78.85,78.93,78.67,78.67,338551
2026-03-23 14:25:00,78.66,78.71,78.35,78.45,120520
2026-03-23 14:35:00,78.45,78.58,78.24,78.56,293388
2026-03-23 14:45:00,78.56,78.98,78.52,78.8,230511
2026-03-23 14:55:00,78.77,78.94,78.56,78.6,280535
2026-03-23 15:05:00,78.6,78.87,78.44,78.86,420993
2026-03-23 15:15:00,78.87,79.0,78.16,78.23,429889
2026-03-23 15:25:00,78.22,78.25,78.0,78.24,293930
2026-03-24 09:15:00,79.5,79.69,78.73,79.16,886101
2026-03-24 09:25:00,79.16,79.42,79.12,79.17,437404
2026-03-24 09:35:00,79.17,79.23,78.62,78.8,426882
2026-03-24 09:45:00,78.81,78.81,77.92,78.18,447267
2026-03-24 09:55:00,78.18,78.25,77.8,77.87,422805
2026-03-24 10:05:00,77.86,77.95,77.76,77.87,156507
2026-03-24 10:15:00,77.84,78.0,77.81,77.95,162018
2026-03-24 10:25:00,77.98,77.99,77.69,77.73,214918
2026-03-24 10:35:00,77.62,77.81,77.5,77.73,220948
2026-03-24 10:45:00,77.7,77.85,77.6,77.67,205424
2026-03-24 10:55:00,77.67,77.7,77.55,77.56,100767
2026-03-24 11:05:00,77.56,77.6,77.46,77.55,239766
2026-03-24 11:15:00,77.55,77.84,77.49,77.6,243617
2026-03-24 11:25:00,77.64,77.84,77.57,77.84,190174
2026-03-24 11:35:00,77.84,78.0,77.79,77.92,490432
2026-03-24 11:45:00,77.93,78.0,77.86,77.96,121422
2026-03-24 11:55:00,77.97,78.11,77.82,77.89,524267
2026-03-24 12:05:00,77.89,77.89,77.69,77.79,114928
2026-03-24 12:15:00,77.78,77.8,76.91,77.0,1228104
2026-03-24 12:25:00,77.06,77.61,76.85,77.34,3216879
2026-03-24 12:35:00,77.34,78.3,77.31,77.9,1147970
2026-03-24 12:45:00,77.91,78.24,77.91,78.1,349944
2026-03-24 12:55:00,78.1,78.41,77.75,77.85,537039
2026-03-24 13:05:00,77.8,78.05,77.72,77.96,276508
2026-03-24 13:15:00,77.97,78.1,77.84,78.0,201535
2026-03-24 13:25:00,78.01,78.07,77.9,77.97,224834
2026-03-24 13:35:00,77.99,78.04,77.85,77.99,257407
2026-03-24 13:45:00,77.99,78.0,77.63,77.78,446669
2026-03-24 13:55:00,77.74,78.1,77.65,78.05,276478
2026-03-24 14:05:00,78.02,78.4,78.0,78.2,363345
2026-03-24 14:15:00,78.26,78.49,78.13,78.32,315700
2026-03-24 14:25:00,78.32,78.41,78.29,78.34,200789
2026-03-24 14:35:00,78.31,78.45,78.18,78.31,335659
2026-03-24 14:45:00,78.34,78.49,78.23,78.41,247947
2026-03-24 14:55:00,78.41,78.89,78.41,78.72,583056
2026-03-24 15:05:00,78.71,78.84,78.54,78.75,718353
2026-03-24 15:15:00,78.75,78.98,78.69,78.9,568265
2026-03-24 15:25:00,78.9,78.95,78.7,78.8,235755
2026-03-25 09:15:00,79.79,81.22,79.49,80.71,1466451
2026-03-25 09:25:00,80.66,81.28,80.65,80.89,750011
2026-03-25 09:35:00,80.81,81.4,80.75,80.9,808238
2026-03-25 09:45:00,80.9,81.19,80.75,81.1,341929
2026-03-25 09:55:00,81.1,81.25,81.0,81.19,328804
2026-03-25 10:05:00,81.19,81.2,81.0,81.14,324375
2026-03-25 10:15:00,81.12,81.17,80.86,80.86,176049
2026-03-25 10:25:00,80.85,80.88,80.14,80.17,346431
2026-03-25 10:35:00,80.19,80.39,80.15,80.3,133555
2026-03-25 10:45:00,80.3,80.37,80.21,80.31,137231
2026-03-25 10:55:00,80.27,80.38,80.25,80.26,161315
2026-03-25 11:05:00,80.26,80.41,80.21,80.3,146675
2026-03-25 11:15:00,80.31,80.32,79.8,79.85,425236
2026-03-25 11:25:00,79.89,79.95,79.85,79.94,117516
2026-03-25 11:35:00,79.92,80.0,79.8,79.9,308289
2026-03-25 11:45:00,79.9,80.05,79.85,79.99,112231
2026-03-25 11:55:00,79.99,80.0,79.82,79.95,145187
2026-03-25 12:05:00,79.95,80.0,79.91,80.0,152065
2026-03-25 12:15:00,80.0,80.0,79.81,79.92,158474
2026-03-25 12:25:00,79.92,79.92,79.8,79.85,137794
2026-03-25 12:35:00,79.85,79.9,79.72,79.89,137558
2026-03-25 12:45:00,79.86,79.89,79.41,79.55,377331
2026-03-25 12:55:00,79.77,79.9,79.48,79.5,377286
2026-03-25 13:05:00,79.49,79.63,79.43,79.49,153232
2026-03-25 13:15:00,79.49,79.73,79.36,79.73,224823
2026-03-25 13:25:00,79.72,79.9,79.64,79.75,292217
2026-03-25 13:35:00,79.75,79.77,79.56,79.6,83404
2026-03-25 13:45:00,79.6,79.8,79.5,79.78,202024
2026-03-25 13:55:00,79.78,79.85,79.75,79.79,97470
2026-03-25 14:05:00,79.79,79.8,79.71,79.76,107180
2026-03-25 14:15:00,79.76,79.78,79.52,79.71,240986
2026-03-25 14:25:00,79.71,79.76,79.6,79.65,118915
2026-03-25 14:35:00,79.65,79.68,79.51,79.6,112616
2026-03-25 14:45:00,79.6,79.61,79.45,79.49,216925
2026-03-25 14:55:00,79.48,79.5,78.91,79.14,721901
2026-03-25 15:05:00,79.14,79.23,79.06,79.14,491095
2026-03-25 15:15:00,79.14,79.25,79.01,79.22,421483
2026-03-25 15:25:00,79.22,79.24,79.02,79.02,277559
2026-03-27 09:15:00,79.0,79.0,77.67,77.87,1258824
2026-03-27 09:25:00,77.83,78.0,77.72,77.72,544260
2026-03-27 09:35:00,77.72,77.88,77.52,77.81,464821
2026-03-27 09:45:00,77.82,77.82,77.52,77.7,345313
2026-03-27 09:55:00,77.65,77.77,77.43,77.6,383370
2026-03-27 10:05:00,77.6,77.6,77.34,77.43,313134
2026-03-27 10:15:00,77.46,77.55,77.32,77.43,221852
2026-03-27 10:25:00,77.4,77.54,76.85,76.94,627888
2026-03-27 10:35:00,76.95,76.96,76.79,76.88,351948
2026-03-27 10:45:00,76.83,76.94,76.81,76.92,227952
2026-03-27 10:55:00,76.9,76.97,76.82,76.95,329292
2026-03-27 11:05:00,76.94,76.97,76.8,76.9,219796
2026-03-27 11:15:00,76.85,76.9,76.39,76.5,497604
2026-03-27 11:25:00,76.49,76.5,76.3,76.42,411753
2026-03-27 11:35:00,76.44,76.5,76.29,76.41,243893
2026-03-27 11:45:00,76.41,76.65,76.4,76.58,294406
2026-03-27 11:55:00,76.58,76.61,76.34,76.45,163095
2026-03-27 12:05:00,76.44,76.56,76.36,76.48,296582
2026-03-27 12:15:00,76.49,76.49,76.22,76.34,265552
2026-03-27 12:25:00,76.33,76.47,76.33,76.43,189576
2026-03-27 12:35:00,76.43,76.5,76.34,76.46,240943
2026-03-27 12:45:00,76.46,76.55,76.3,76.3,311068
2026-03-27 12:55:00,76.29,76.5,76.29,76.31,237183
2026-03-27 13:05:00,76.31,76.45,76.26,76.41,200994
2026-03-27 13:15:00,76.41,76.5,76.35,76.39,206882
2026-03-27 13:25:00,76.45,76.45,76.25,76.33,336931
2026-03-27 13:35:00,76.33,76.4,76.23,76.28,392514
2026-03-27 13:45:00,76.28,76.32,76.15,76.19,275755
2026-03-27 13:55:00,76.19,76.21,75.9,75.98,815851
2026-03-27 14:05:00,75.98,76.0,75.85,75.89,359803
2026-03-27 14:15:00,75.88,76.0,75.77,75.89,438704
2026-03-27 14:25:00,75.89,75.97,75.76,75.77,327546
2026-03-27 14:35:00,75.77,75.93,75.76,75.82,432205
2026-03-27 14:45:00,75.82,75.99,75.76,75.77,433069
2026-03-27 14:55:00,75.8,75.87,75.11,75.24,3964559
2026-03-27 15:05:00,75.23,76.1,75.0,76.04,9406542
2026-03-27 15:15:00,76.01,76.57,76.0,76.53,8279421
2026-03-27 15:25:00,76.54,76.54,76.43,76.5,3168236
2026-03-30 09:15:00,75.11,75.4,73.6,74.56,2006280
2026-03-30 09:25:00,74.53,75.1,73.67,75.03,1171963
2026-03-30 09:35:00,75.04,75.15,74.7,74.82,765498
2026-03-30 09:45:00,74.88,75.18,74.5,74.5,538673
2026-03-30 09:55:00,74.54,74.58,74.13,74.3,374888
2026-03-30 10:05:00,74.24,74.28,73.92,74.07,360878
2026-03-30 10:15:00,74.1,74.13,73.64,73.68,462023
2026-03-30 10:25:00,73.64,73.7,73.5,73.57,335021
2026-03-30 10:35:00,73.6,73.76,73.36,73.41,433525
2026-03-30 10:45:00,73.46,73.6,73.35,73.4,263154
2026-03-30 10:55:00,73.41,73.65,73.25,73.63,458080
2026-03-30 11:05:00,73.59,73.64,73.49,73.59,207648
2026-03-30 11:15:00,73.59,73.83,73.48,73.51,261715
2026-03-30 11:25:00,73.5,73.65,73.44,73.62,131334
2026-03-30 11:35:00,73.6,73.78,73.5,73.55,196152
2026-03-30 11:45:00,73.54,73.55,73.41,73.53,225620
2026-03-30 11:55:00,73.53,73.98,73.44,73.93,322353
2026-03-30 12:05:00,73.96,73.96,73.74,73.82,281163
2026-03-30 12:15:00,73.85,73.89,73.73,73.77,204610
2026-03-30 12:25:00,73.8,73.85,73.52,73.53,188865
2026-03-30 12:35:00,73.53,73.84,73.27,73.82,409859
2026-03-30 12:45:00,73.83,73.95,73.71,73.85,317047
2026-03-30 12:55:00,73.85,73.95,73.75,73.76,133464
2026-03-30 13:05:00,73.76,73.92,73.65,73.77,215877
2026-03-30 13:15:00,73.77,73.8,73.6,73.69,151974
2026-03-30 13:25:00,73.66,73.7,73.36,73.58,360782
2026-03-30 13:35:00,73.63,73.68,73.4,73.43,267501
2026-03-30 13:45:00,73.44,73.5,73.22,73.29,396053
2026-03-30 13:55:00,73.29,73.37,73.11,73.32,432425
2026-03-30 14:05:00,73.29,74.05,73.28,73.91,1166581
2026-03-30 14:15:00,73.96,73.96,73.51,73.7,564227
2026-03-30 14:25:00,73.7,73.77,73.56,73.66,301802
2026-03-30 14:35:00,73.67,73.72,73.55,73.7,485310
2026-03-30 14:45:00,73.7,73.75,73.01,73.06,658570
2026-03-30 14:55:00,73.1,73.5,72.88,72.94,1227703
2026-03-30 15:05:00,72.91,74.03,72.73,73.17,1686992
2026-03-30 15:15:00,73.17,73.24,72.81,72.82,1250532
2026-03-30 15:25:00,72.81,72.98,72.65,72.8,663456
2026-04-01 09:15:00,74.54,75.73,74.31,75.69,1579415
2026-04-01 09:25:00,75.69,76.4,75.68,75.96,836882
2026-04-01 09:35:00,76.03,76.07,75.73,75.95,386738
2026-04-01 09:45:00,76.0,76.43,75.94,76.4,245599
2026-04-01 09:55:00,76.37,76.49,75.75,76.23,514155
2026-04-01 10:05:00,76.17,76.56,76.1,76.4,345863
2026-04-01 10:15:00,76.39,76.4,76.09,76.09,168549
2026-04-01 10:25:00,76.07,76.29,75.89,76.22,290315
2026-04-01 10:35:00,76.22,76.49,76.21,76.42,207252
2026-04-01 10:45:00,76.48,76.72,76.39,76.44,182571
2026-04-01 10:55:00,76.41,76.5,76.39,76.45,82651
2026-04-01 11:05:00,76.41,76.6,76.32,76.5,108265
2026-04-01 11:15:00,76.5,76.85,76.49,76.79,199158
2026-04-01 11:25:00,76.79,77.1,76.75,77.04,270193
2026-04-01 11:35:00,77.04,77.12,76.97,77.09,139240
2026-04-01 11:45:00,77.09,77.09,76.67,76.78,152606
2026-04-01 11:55:00,76.78,76.97,76.71,76.96,71743
2026-04-01 12:05:00,76.96,77.25,76.94,77.06,134437
2026-04-01 12:15:00,77.12,77.16,77.01,77.08,125801
2026-04-01 12:25:00,77.08,77.45,77.08,77.4,170769
2026-04-01 12:35:00,77.4,77.59,77.33,77.5,216498
2026-04-01 12:45:00,77.5,77.52,77.35,77.51,101979
2026-04-01 12:55:00,77.51,77.52,77.14,77.2,110350
2026-04-01 13:05:00,77.2,77.3,77.15,77.24,71271
2026-04-01 13:15:00,77.24,77.3,77.06,77.22,151860
2026-04-01 13:25:00,77.22,77.22,77.05,77.14,141202
2026-04-01 13:35:00,77.14,77.15,76.51,76.82,297459
2026-04-01 13:45:00,76.83,76.97,76.75,76.88,118661
2026-04-01 13:55:00,76.88,76.98,76.78,76.94,86794
2026-04-01 14:05:00,76.95,77.1,76.86,77.05,60808
2026-04-01 14:15:00,77.05,77.1,76.9,76.96,101103
2026-04-01 14:25:00,76.99,77.1,76.95,76.95,54500
2026-04-01 14:35:00,76.95,77.0,76.82,76.86,67933
2026-04-01 14:45:00,76.86,76.93,76.78,76.85,93023
2026-04-01 14:55:00,76.82,77.18,76.82,77.18,157428
2026-04-01 15:05:00,77.16,77.37,77.08,77.1,315324
2026-04-01 15:15:00,77.1,77.35,76.96,77.31,494701
2026-04-01 15:25:00,77.26,77.4,77.15,77.31,447104
2026-04-02 09:15:00,76.3,76.3,74.83,75.55,621760
2026-04-02 09:25:00,75.48,75.6,75.36,75.55,229983
2026-04-02 09:35:00,75.49,76.25,75.43,76.2,602385
2026-04-02 09:45:00,76.24,76.28,76.0,76.04,153472
2026-04-02 09:55:00,76.04,76.14,75.92,76.06,223785
2026-04-02 10:05:00,76.02,76.06,75.71,75.96,139962
2026-04-02 10:15:00,75.95,75.95,75.59,75.64,161315
2026-04-02 10:25:00,75.66,75.7,75.54,75.7,78825
2026-04-02 10:35:00,75.7,75.98,75.65,75.91,96285
2026-04-02 10:45:00,75.92,75.99,75.77,75.98,62439
2026-04-02 10:55:00,75.97,76.1,75.92,76.1,71038
2026-04-02 11:05:00,76.06,76.15,76.02,76.1,53751
2026-04-02 11:15:00,76.05,76.18,76.02,76.18,59102
2026-04-02 11:25:00,76.18,76.42,76.15,76.38,172740
2026-04-02 11:35:00,76.38,76.59,76.34,76.56,129425
2026-04-02 11:45:00,76.59,76.75,76.52,76.74,101526
2026-04-02 11:55:00,76.74,76.84,76.48,76.53,320117
2026-04-02 12:05:00,76.53,76.67,76.37,76.59,170057
2026-04-02 12:15:00,76.58,76.7,76.3,76.45,150772
2026-04-02 12:25:00,76.46,76.5,76.34,76.5,45327
2026-04-02 12:35:00,76.5,76.75,76.46,76.73,160737
2026-04-02 12:45:00,76.73,76.89,76.7,76.72,67630
2026-04-02 12:55:00,76.72,76.95,76.71,76.83,95563
2026-04-02 13:05:00,76.81,76.91,76.74,76.9,52601
2026-04-02 13:15:00,76.9,77.07,76.8,77.02,120374
2026-04-02 13:25:00,77.05,77.15,76.88,77.08,111244
2026-04-02 13:35:00,77.05,77.25,76.93,77.21,179155
2026-04-02 13:45:00,77.22,77.44,77.2,77.3,195757
2026-04-02 13:55:00,77.3,77.49,77.24,77.46,111802
2026-04-02 14:05:00,77.46,77.5,77.32,77.5,101296
2026-04-02 14:15:00,77.47,77.74,77.47,77.57,189164
2026-04-02 14:25:00,77.56,77.6,77.5,77.55,131315
2026-04-02 14:35:00,77.57,77.59,77.19,77.28,131694
2026-04-02 14:45:00,77.24,77.57,77.24,77.5,83844
2026-04-02 14:55:00,77.48,77.98,77.43,77.94,200756
2026-04-02 15:05:00,77.98,78.2,77.91,78.09,403540
2026-04-02 15:15:00,78.09,78.15,77.88,78.05,239954
2026-04-02 15:25:00,78.05,78.14,77.92,78.14,249684
2026-04-06 09:15:00,78.5,79.35,77.01,77.56,1068672
2026-04-06 09:25:00,77.56,77.6,77.0,77.46,322127
2026-04-06 09:35:00,77.49,77.82,77.33,77.57,276358
2026-04-06 09:45:00,77.65,77.73,77.13,77.29,176335
2026-04-06 09:55:00,77.25,77.39,77.06,77.35,165530
2026-04-06 10:05:00,77.36,77.45,77.1,77.41,276721
2026-04-06 10:15:00,77.41,77.7,77.33,77.63,101843
2026-04-06 10:25:00,77.63,77.88,77.54,77.8,132902
2026-04-06 10:35:00,77.85,78.18,77.79,78.17,184279
2026-04-06 10:45:00,78.18,78.35,78.02,78.07,130005
2026-04-06 10:55:00,78.05,78.25,77.99,78.02,102599
2026-04-06 11:05:00,78.01,78.06,77.7,77.78,118617
2026-04-06 11:15:00,77.78,78.05,77.77,77.97,131775
2026-04-06 11:25:00,77.97,78.15,77.9,78.0,49171
2026-04-06 11:35:00,78.0,78.31,77.95,78.25,296295
2026-04-06 11:45:00,78.25,78.3,78.11,78.18,63250
2026-04-06 11:55:00,78.18,78.3,78.12,78.17,68957
2026-04-06 12:05:00,78.17,78.25,78.01,78.08,74559
2026-04-06 12:15:00,78.06,78.37,78.06,78.23,109153
2026-04-06 12:25:00,78.29,78.4,78.09,78.15,146587
2026-04-06 12:35:00,78.14,78.26,78.1,78.22,67014
2026-04-06 12:45:00,78.22,78.46,78.16,78.44,81634
2026-04-06 12:55:00,78.44,78.78,78.4,78.59,552800
2026-04-06 13:05:00,78.59,78.9,78.55,78.84,102352
2026-04-06 13:15:00,78.85,78.9,78.73,78.84,174095
2026-04-06 13:25:00,78.84,78.9,78.72,78.88,124875
2026-04-06 13:35:00,78.88,78.95,78.61,78.63,145384
2026-04-06 13:45:00,78.68,78.82,78.63,78.82,139203
2026-04-06 13:55:00,78.82,78.9,78.67,78.88,146805
2026-04-06 14:05:00,78.9,78.95,78.73,78.9,60331
2026-04-06 14:15:00,78.93,79.43,78.91,79.4,374460
2026-04-06 14:25:00,79.36,79.68,79.18,79.68,505570
2026-04-06 14:35:00,79.68,79.68,79.44,79.55,165542
2026-04-06 14:45:00,79.57,79.6,79.38,79.42,182503
2026-04-06 14:55:00,79.4,79.7,79.2,79.68,240765
2026-04-06 15:05:00,79.7,79.9,79.66,79.7,557218
2026-04-06 15:15:00,79.69,79.74,79.43,79.64,446177
2026-04-06 15:25:00,79.68,79.72,79.55,79.57,194547
2026-04-07 09:15:00,79.68,79.68,78.36,79.23,537082
2026-04-07 09:25:00,79.28,79.94,79.26,79.51,396350
2026-04-07 09:35:00,79.57,79.58,78.98,79.05,439679
2026-04-07 09:45:00,79.05,79.41,79.05,79.35,94840
2026-04-07 09:55:00,79.35,79.55,79.33,79.5,92920
2026-04-07 10:05:00,79.52,79.55,79.41,79.52,52791
2026-04-07 10:15:00,79.5,79.65,79.4,79.65,146658
2026-04-07 10:25:00,79.64,79.99,79.6,79.83,111052
2026-04-07 10:35:00,79.83,80.47,79.71,80.3,313999
2026-04-07 10:45:00,80.25,80.3,79.85,79.9,225661
2026-04-07 10:55:00,79.9,80.05,79.78,79.89,151827
2026-04-07 11:05:00,79.89,79.9,79.66,79.7,58486
2026-04-07 11:15:00,79.7,79.94,79.66,79.94,126898
2026-04-07 11:25:00,79.9,80.0,79.86,79.95,27708
2026-04-07 11:35:00,79.96,79.99,79.75,79.78,83638
2026-04-07 11:45:00,79.78,79.93,79.75,79.87,68015
2026-04-07 11:55:00,79.87,79.97,79.73,79.83,73466
2026-04-07 12:05:00,79.82,79.95,79.77,79.95,75108
2026-04-07 12:15:00,79.95,79.98,79.85,79.93,57831
2026-04-07 12:25:00,79.93,79.95,79.85,79.93,43328
2026-04-07 12:35:00,79.93,79.95,79.9,79.95,45156
2026-04-07 12:45:00,79.95,79.95,79.8,79.85,44663
2026-04-07 12:55:00,79.85,79.9,79.7,79.8,72625
2026-04-07 13:05:00,79.84,79.85,79.69,79.85,44385
2026-04-07 13:15:00,79.85,79.92,79.79,79.92,36546
2026-04-07 13:25:00,79.92,80.22,79.86,80.19,120549
2026-04-07 13:35:00,80.19,80.45,80.1,80.39,129628
2026-04-07 13:45:00,80.37,80.39,80.13,80.34,114716
2026-04-07 13:55:00,80.33,80.35,80.14,80.29,104711
2026-04-07 14:05:00,80.34,80.4,80.3,80.31,59416
2026-04-07 14:15:00,80.31,80.43,80.25,80.33,67583
2026-04-07 14:25:00,80.33,80.48,80.28,80.36,109115
2026-04-07 14:35:00,80.36,80.42,80.2,80.4,109640
2026-04-07 14:45:00,80.4,80.48,80.34,80.45,117194
2026-04-07 14:55:00,80.55,80.7,80.5,80.65,261778
2026-04-07 15:05:00,80.65,80.75,80.54,80.6,170404
2026-04-07 15:15:00,80.6,80.64,80.35,80.39,320397
2026-04-07 15:25:00,80.39,80.7,80.33,80.48,226238
2026-04-08 09:15:00,83.9,83.9,82.82,83.18,1212815
2026-04-08 09:25:00,83.19,83.39,82.74,82.76,491869
2026-04-08 09:35:00,82.81,83.32,82.77,83.3,283993
2026-04-08 09:45:00,83.31,83.47,83.25,83.41,259528
2026-04-08 09:55:00,83.36,83.56,83.21,83.45,318643
2026-04-08 10:05:00,83.41,83.5,83.35,83.4,150905
2026-04-08 10:15:00,83.38,83.49,83.35,83.48,100377
2026-04-08 10:25:00,83.45,83.79,83.45,83.75,292593
2026-04-08 10:35:00,83.75,84.25,83.53,84.14,785428
2026-04-08 10:45:00,84.11,84.16,83.83,84.11,294800
2026-04-08 10:55:00,84.04,84.39,83.98,84.33,343548
2026-04-08 11:05:00,84.33,84.45,84.26,84.39,214312
2026-04-08 11:15:00,84.4,84.43,84.28,84.39,143091
2026-04-08 11:25:00,84.35,84.4,84.22,84.33,148575
2026-04-08 11:35:00,84.33,84.39,84.03,84.25,213409
2026-04-08 11:45:00,84.21,84.32,84.15,84.29,256729
2026-04-08 11:55:00,84.25,84.35,84.17,84.29,102246
2026-04-08 12:05:00,84.29,84.4,84.24,84.4,159509
2026-04-08 12:15:00,84.39,84.45,84.25,84.32,141148
2026-04-08 12:25:00,84.32,84.35,83.94,84.03,396871
2026-04-08 12:35:00,84.03,84.05,83.91,84.05,144908
2026-04-08 12:45:00,84.05,84.16,83.96,84.08,88922
2026-04-08 12:55:00,84.02,84.08,84.0,84.02,63625
2026-04-08 13:05:00,84.0,84.1,84.0,84.1,65250
2026-04-08 13:15:00,84.1,84.18,84.02,84.06,54971
2026-04-08 13:25:00,84.04,84.15,84.04,84.14,50813
2026-04-08 13:35:00,84.1,84.22,84.05,84.07,120084
2026-04-08 13:45:00,84.07,84.17,84.0,84.05,126707
2026-04-08 13:55:00,84.06,84.15,84.04,84.11,84456
2026-04-08 14:05:00,84.11,84.11,84.0,84.05,116671
2026-04-08 14:15:00,84.01,84.1,84.0,84.09,119460
2026-04-08 14:25:00,84.04,84.27,84.04,84.25,277333
2026-04-08 14:35:00,84.26,84.39,84.22,84.37,208951
2026-04-08 14:45:00,84.35,84.59,84.35,84.49,313697
2026-04-08 14:55:00,84.49,84.7,84.2,84.4,402438
2026-04-08 15:05:00,84.41,84.55,84.39,84.5,307202
2026-04-08 15:15:00,84.5,84.62,84.45,84.6,469272
2026-04-08 15:25:00,84.62,84.65,84.5,84.59,243609
2026-04-09 09:15:00,84.75,84.9,83.62,84.7,590184
2026-04-09 09:25:00,84.69,84.79,84.0,84.1,340009
2026-04-09 09:35:00,84.1,84.31,83.87,83.94,268537
2026-04-09 09:45:00,83.94,84.0,83.57,83.58,162763
2026-04-09 09:55:00,83.6,83.64,83.32,83.56,176194
2026-04-09 10:05:00,83.61,83.89,83.55,83.84,115288
2026-04-09 10:15:00,83.84,84.0,83.64,84.0,110219
2026-04-09 10:25:00,84.0,84.2,83.83,84.18,103999
2026-04-09 10:35:00,84.18,84.25,84.02,84.15,70991
2026-04-09 10:45:00,84.15,84.25,84.08,84.15,78469
2026-04-09 10:55:00,84.2,84.38,84.15,84.22,94090
2026-04-09 11:05:00,84.22,84.4,84.15,84.36,46085
2026-04-09 11:15:00,84.36,84.4,84.22,84.4,129319
2026-04-09 11:25:00,84.4,84.5,84.32,84.48,73349
2026-04-09 11:35:00,84.48,84.7,84.42,84.64,209159
2026-04-09 11:45:00,84.64,84.69,84.51,84.62,61903
2026-04-09 11:55:00,84.62,84.74,84.58,84.66,95686
2026-04-09 12:05:00,84.66,84.7,84.6,84.61,52381
2026-04-09 12:15:00,84.66,84.75,84.52,84.58,89031
2026-04-09 12:25:00,84.58,84.6,84.31,84.47,105687
2026-04-09 12:35:00,84.48,84.49,84.27,84.4,100455
2026-04-09 12:45:00,84.4,84.4,84.15,84.3,54037
2026-04-09 12:55:00,84.28,84.34,84.15,84.19,106635
2026-04-09 13:05:00,84.23,84.25,84.1,84.1,34900
2026-04-09 13:15:00,84.15,84.15,83.94,84.01,167758
2026-04-09 13:25:00,84.0,84.04,83.88,84.0,73903
2026-04-09 13:35:00,83.94,84.0,83.81,83.85,80501
2026-04-09 13:45:00,83.8,83.92,83.79,83.85,66057
2026-04-09 13:55:00,83.83,83.96,83.81,83.9,37442
2026-04-09 14:05:00,83.89,83.96,83.8,83.85,33429
2026-04-09 14:15:00,83.85,83.87,83.65,83.7,96540
2026-04-09 14:25:00,83.7,83.79,83.57,83.6,105676
2026-04-09 14:35:00,83.65,83.86,83.58,83.77,66534
2026-04-09 14:45:00,83.77,83.82,83.64,83.82,77535
2026-04-09 14:55:00,83.82,83.9,83.6,83.8,112378
2026-04-09 15:05:00,83.82,84.1,83.77,84.1,139224
2026-04-09 15:15:00,84.1,84.1,83.83,83.92,192339
2026-04-09 15:25:00,83.92,84.09,83.76,84.07,131834
2026-04-10 09:15:00,84.05,85.55,84.02,85.5,836120
2026-04-10 09:25:00,85.47,86.26,85.47,86.15,740595
2026-04-10 09:35:00,86.16,86.18,85.77,86.15,419494
2026-04-10 09:45:00,86.15,86.39,86.0,86.35,336564
2026-04-10 09:55:00,86.31,86.5,86.15,86.2,457599
2026-04-10 10:05:00,86.15,86.15,85.85,86.06,199268
2026-04-10 10:15:00,86.05,86.2,86.01,86.05,109446
2026-04-10 10:25:00,86.05,86.1,85.85,86.0,177368
2026-04-10 10:35:00,86.0,86.25,86.0,86.19,92442
2026-04-10 10:45:00,86.19,86.35,86.05,86.34,246207
2026-04-10 10:55:00,86.35,86.4,86.26,86.35,226615
2026-04-10 11:05:00,86.35,86.4,86.3,86.39,149462
2026-04-10 11:15:00,86.39,86.39,86.2,86.28,74304
2026-04-10 11:25:00,86.31,86.32,86.15,86.29,86027
2026-04-10 11:35:00,86.29,86.3,86.1,86.14,60592
2026-04-10 11:45:00,86.1,86.18,85.91,86.02,145752
2026-04-10 11:55:00,86.02,86.27,85.99,86.27,103372
2026-04-10 12:05:00,86.27,86.3,86.2,86.24,81012
2026-04-10 12:15:00,86.28,86.28,86.17,86.25,50740
2026-04-10 12:25:00,86.21,86.31,86.17,86.24,70794
2026-04-10 12:35:00,86.24,86.35,86.19,86.35,108953
2026-04-10 12:45:00,86.32,86.4,86.25,86.36,79955
2026-04-10 12:55:00,86.37,86.37,86.26,86.36,149152
2026-04-10 13:05:00,86.36,86.45,86.1,86.24,227040
2026-04-10 13:15:00,86.24,86.29,86.16,86.29,54586
2026-04-10 13:25:00,86.29,86.31,85.76,85.8,224618
2026-04-10 13:35:00,85.84,85.88,85.64,85.65,117315
2026-04-10 13:45:00,85.65,85.7,85.42,85.58,192822
2026-04-10 13:55:00,85.58,85.99,85.51,85.96,123117
2026-04-10 14:05:00,85.99,85.99,85.75,85.8,101300
2026-04-10 14:15:00,85.8,85.8,85.52,85.54,148006
2026-04-10 14:25:00,85.54,85.65,85.45,85.65,115426
2026-04-10 14:35:00,85.65,85.65,85.4,85.45,127252
2026-04-10 14:45:00,85.45,85.68,85.39,85.65,250603
2026-04-10 14:55:00,85.65,85.85,85.6,85.85,113393
2026-04-10 15:05:00,85.85,85.99,85.83,85.9,200794
2026-04-10 15:15:00,85.95,86.13,85.87,86.06,294147
2026-04-10 15:25:00,86.06,86.07,85.95,85.99,150046
2026-04-13 09:15:00,83.39,83.84,82.5,83.14,1114905
2026-04-13 09:25:00,83.14,83.78,83.06,83.78,380782
2026-04-13 09:35:00,83.76,83.89,83.36,83.7,234253
2026-04-13 09:45:00,83.76,84.4,83.7,84.3,417745
2026-04-13 09:55:00,84.3,84.66,84.25,84.6,226283
2026-04-13 10:05:00,84.6,84.95,84.55,84.84,271397
2026-04-13 10:15:00,84.84,85.04,84.58,85.03,282401
2026-04-13 10:25:00,85.03,85.08,84.86,84.9,113384
2026-04-13 10:35:00,84.88,85.09,84.71,84.9,145174
2026-04-13 10:45:00,84.9,85.06,84.9,85.06,99060
2026-04-13 10:55:00,85.06,85.11,85.0,85.1,123761
2026-04-13 11:05:00,85.1,85.84,85.0,85.84,278558
2026-04-13 11:15:00,85.85,85.94,85.0,85.2,586537
2026-04-13 11:25:00,85.18,85.23,85.07,85.16,86807
2026-04-13 11:35:00,85.16,85.2,85.03,85.09,44937
2026-04-13 11:45:00,85.04,85.26,85.04,85.23,47149
2026-04-13 11:55:00,85.25,85.27,85.07,85.15,75006
2026-04-13 12:05:00,85.15,85.25,85.08,85.15,72866
2026-04-13 12:15:00,85.16,85.2,85.1,85.12,63214
2026-04-13 12:25:00,85.15,85.24,85.1,85.12,46553
2026-04-13 12:35:00,85.12,85.21,85.07,85.16,43414
2026-04-13 12:45:00,85.16,85.16,85.02,85.1,48010
2026-04-13 12:55:00,85.1,85.1,84.88,84.88,188824
2026-04-13 13:05:00,84.91,85.0,84.82,85.0,110455
2026-04-13 13:15:00,85.0,85.0,84.88,84.96,62995
2026-04-13 13:25:00,84.96,85.08,84.91,85.07,58290
2026-04-13 13:35:00,85.02,85.1,85.01,85.05,29700
2026-04-13 13:45:00,85.05,85.09,85.0,85.04,42879
2026-04-13 13:55:00,85.09,85.19,85.05,85.15,62036
2026-04-13 14:05:00,85.15,85.15,84.92,84.98,99153
2026-04-13 14:15:00,84.98,85.01,84.93,85.01,50999
2026-04-13 14:25:00,85.0,85.03,84.88,84.9,78683
2026-04-13 14:35:00,84.88,84.98,84.81,84.97,91456
2026-04-13 14:45:00,84.97,85.0,84.91,84.99,92040
2026-04-13 14:55:00,84.94,85.0,84.6,84.95,286218
2026-04-13 15:05:00,84.92,85.05,84.9,85.03,299197
2026-04-13 15:15:00,85.03,85.15,84.98,85.15,345819
2026-04-13 15:25:00,85.16,85.27,85.02,85.2,370147
2026-04-15 09:15:00,86.5,87.35,86.35,86.95,773700
2026-04-15 09:25:00,86.98,87.15,86.69,86.99,448738
2026-04-15 09:35:00,86.96,87.14,86.7,87.14,347278
2026-04-15 09:45:00,87.1,87.35,87.04,87.29,402379
2026-04-15 09:55:00,87.29,87.47,87.15,87.46,219816
2026-04-15 10:05:00,87.44,87.6,87.29,87.52,360027
2026-04-15 10:15:00,87.52,87.69,87.41,87.68,202136
2026-04-15 10:25:00,87.63,87.8,87.6,87.76,296195
2026-04-15 10:35:00,87.75,87.9,87.52,87.55,229254
2026-04-15 10:45:00,87.55,87.7,87.35,87.48,116599
2026-04-15 10:55:00,87.46,87.54,87.4,87.48,100105
2026-04-15 11:05:00,87.48,87.49,87.2,87.29,143338
2026-04-15 11:15:00,87.29,87.59,87.29,87.58,216170
2026-04-15 11:25:00,87.59,87.74,87.52,87.69,104300
2026-04-15 11:35:00,87.74,88.0,87.69,87.84,250969
2026-04-15 11:45:00,87.8,87.85,87.74,87.83,67324
2026-04-15 11:55:00,87.8,87.87,87.74,87.85,64830
2026-04-15 12:05:00,87.87,87.99,87.8,87.95,84256
2026-04-15 12:15:00,87.95,88.09,87.9,87.98,148442
2026-04-15 12:25:00,87.98,88.0,87.9,87.92,84358
2026-04-15 12:35:00,87.92,87.99,87.9,87.96,75022
2026-04-15 12:45:00,87.96,88.22,87.96,88.13,193628
2026-04-15 12:55:00,88.13,88.4,88.1,88.38,196544
2026-04-15 13:05:00,88.38,88.8,88.37,88.8,447585
2026-04-15 13:15:00,88.79,89.2,88.66,88.8,627630
2026-04-15 13:25:00,88.79,88.94,88.75,88.8,149161
2026-04-15 13:35:00,88.8,88.88,88.75,88.83,122516
2026-04-15 13:45:00,88.85,88.91,88.8,88.87,148742
2026-04-15 13:55:00,88.87,88.94,88.8,88.92,118334
2026-04-15 14:05:00,88.94,89.12,88.84,89.09,258162
2026-04-15 14:15:00,89.08,89.15,88.97,89.15,125402
2026-04-15 14:25:00,89.13,89.25,88.95,89.09,444676
2026-04-15 14:35:00,89.1,89.1,88.95,88.98,141485
2026-04-15 14:45:00,88.95,89.0,88.91,89.0,127187
2026-04-15 14:55:00,89.01,89.23,88.98,89.2,300506
2026-04-15 15:05:00,89.2,89.24,88.95,88.96,316776
2026-04-15 15:15:00,89.02,89.03,88.73,88.98,500162
2026-04-15 15:25:00,88.98,89.19,88.9,89.09,265852
2026-04-16 09:15:00,90.29,90.88,89.73,90.65,1310236
2026-04-16 09:25:00,90.64,90.64,89.85,89.85,507828
2026-04-16 09:35:00,89.9,89.9,89.41,89.44,344166
2026-04-16 09:45:00,89.44,89.58,89.26,89.35,247812
2026-04-16 09:55:00,89.35,89.36,89.11,89.35,217980
2026-04-16 10:05:00,89.35,89.4,89.25,89.36,220012
2026-04-16 10:15:00,89.36,89.4,89.15,89.24,114057
2026-04-16 10:25:00,89.24,89.47,89.05,89.38,232511
2026-04-16 10:35:00,89.47,89.51,89.33,89.4,129636
2026-04-16 10:45:00,89.4,89.68,89.38,89.6,114923
2026-04-16 10:55:00,89.6,89.62,89.48,89.59,138584
2026-04-16 11:05:00,89.59,89.59,89.5,89.58,78742
2026-04-16 11:15:00,89.54,89.7,89.54,89.63,94307
2026-04-16 11:25:00,89.63,89.77,89.51,89.67,110350
2026-04-16 11:35:00,89.67,89.99,89.54,89.95,282326
2026-04-16 11:45:00,89.95,90.05,89.2,89.21,434254
2026-04-16 11:55:00,89.19,89.21,88.81,88.9,370329
2026-04-16 12:05:00,88.85,89.0,88.85,88.99,84368
2026-04-16 12:15:00,88.99,89.0,88.81,88.89,76150
2026-04-16 12:25:00,88.89,88.9,88.75,88.78,78285
2026-04-16 12:35:00,88.76,88.92,88.72,88.9,83009
2026-04-16 12:45:00,88.85,88.9,88.7,88.8,88213
2026-04-16 12:55:00,88.79,88.92,88.7,88.8,88706
2026-04-16 13:05:00,88.81,88.87,88.62,88.67,89850
2026-04-16 13:15:00,88.67,88.74,88.6,88.62,40344
2026-04-16 13:25:00,88.61,88.8,88.56,88.8,57443
2026-04-16 13:35:00,88.8,88.85,88.71,88.84,42230
2026-04-16 13:45:00,88.84,89.05,88.8,88.96,105496
2026-04-16 13:55:00,88.95,89.02,88.91,88.95,38067
2026-04-16 14:05:00,88.95,88.99,88.86,88.97,70174
2026-04-16 14:15:00,88.97,89.1,88.93,89.04,102164
2026-04-16 14:25:00,89.04,89.37,89.04,89.37,109904
2026-04-16 14:35:00,89.36,89.44,89.25,89.36,173402
2026-04-16 14:45:00,89.41,89.55,89.2,89.43,247656
2026-04-16 14:55:00,89.4,89.46,89.15,89.3,189921
2026-04-16 15:05:00,89.3,89.41,89.22,89.35,204098
2026-04-16 15:15:00,89.35,89.43,89.08,89.24,483338
2026-04-16 15:25:00,89.24,89.24,88.95,89.0,289100
2026-04-17 09:15:00,89.2,89.76,88.93,89.59,412691
2026-04-17 09:25:00,89.59,89.8,89.45,89.6,228218
2026-04-17 09:35:00,89.6,89.75,89.31,89.65,184289
2026-04-17 09:45:00,89.71,90.38,89.61,90.34,534288
2026-04-17 09:55:00,90.32,90.5,90.11,90.47,478942
2026-04-17 10:05:00,90.47,90.9,90.43,90.87,394521
2026-04-17 10:15:00,90.81,90.87,90.52,90.65,179495
2026-04-17 10:25:00,90.65,90.85,90.61,90.67,199553
2026-04-17 10:35:00,90.69,91.19,90.69,90.85,525055
2026-04-17 10:45:00,90.84,90.95,90.78,90.86,126609
2026-04-17 10:55:00,90.82,90.93,90.54,90.55,160488
2026-04-17 11:05:00,90.57,90.73,90.5,90.61,134103
2026-04-17 11:15:00,90.61,90.76,90.45,90.49,92385
2026-04-17 11:25:00,90.49,90.49,90.21,90.21,111325
2026-04-17 11:35:00,90.21,90.41,90.16,90.4,99658
2026-04-17 11:45:00,90.38,90.45,90.29,90.34,80386
2026-04-17 11:55:00,90.34,90.35,90.16,90.33,130357
2026-04-17 12:05:00,90.3,90.41,90.27,90.41,70899
2026-04-17 12:15:00,90.4,90.47,90.29,90.29,129433
2026-04-17 12:25:00,90.3,90.37,90.25,90.28,93676
2026-04-17 12:35:00,90.32,90.42,90.22,90.29,75766
2026-04-17 12:45:00,90.32,90.35,90.23,90.31,37611
2026-04-17 12:55:00,90.31,90.48,90.25,90.44,90677
2026-04-17 13:05:00,90.44,90.6,90.37,90.46,66205
2026-04-17 13:15:00,90.46,90.58,90.42,90.54,55851
2026-04-17 13:25:00,90.54,90.7,90.46,90.67,74062
2026-04-17 13:35:00,90.67,90.83,90.62,90.78,96534
2026-04-17 13:45:00,90.8,91.31,90.76,91.27,456307
2026-04-17 13:55:00,91.29,91.7,91.13,91.5,489341
2026-04-17 14:05:00,91.49,91.5,91.28,91.47,236863
2026-04-17 14:15:00,91.4,91.94,91.4,91.85,514609
2026-04-17 14:25:00,91.85,91.85,91.65,91.74,193658
2026-04-17 14:35:00,91.74,91.83,91.65,91.83,222544
2026-04-17 14:45:00,91.83,91.89,91.7,91.84,235178
2026-04-17 14:55:00,91.89,91.95,91.53,91.81,431406
2026-04-17 15:05:00,91.81,91.92,91.65,91.71,332451
2026-04-17 15:15:00,91.71,91.9,91.71,91.83,496301
2026-04-17 15:25:00,91.8,92.05,91.7,92.0,477333
2026-04-20 09:15:00,91.8,91.9,89.71,90.65,1000568
2026-04-20 09:25:00,90.65,90.92,90.17,90.31,390635
2026-04-20 09:35:00,90.39,90.39,89.82,89.89,301852
2026-04-20 09:45:00,89.89,90.18,89.64,90.15,358141
2026-04-20 09:55:00,90.18,90.24,89.95,90.08,188796
2026-04-20 10:05:00,90.08,90.29,90.05,90.2,124475
2026-04-20 10:15:00,90.2,90.36,90.14,90.29,65903
2026-04-20 10:25:00,90.31,90.46,90.23,90.42,71758
2026-04-20 10:35:00,90.42,90.64,90.32,90.45,251669
2026-04-20 10:45:00,90.45,90.49,90.31,90.37,70693
2026-04-20 10:55:00,90.43,90.43,90.31,90.41,54395
2026-04-20 11:05:00,90.4,90.42,90.13,90.15,48546
2026-04-20 11:15:00,90.19,90.28,90.13,90.27,40540
2026-04-20 11:25:00,90.27,90.42,90.14,90.23,143329
2026-04-20 11:35:00,90.24,90.31,90.21,90.3,45712
2026-04-20 11:45:00,90.3,90.38,90.21,90.35,68238
2026-04-20 11:55:00,90.31,90.36,90.2,90.2,57097
2026-04-20 12:05:00,90.2,90.26,89.95,90.04,158150
2026-04-20 12:15:00,90.04,90.24,90.0,90.24,101116
2026-04-20 12:25:00,90.22,90.35,90.2,90.31,71860
2026-04-20 12:35:00,90.31,90.4,90.31,90.4,50028
2026-04-20 12:45:00,90.4,90.47,90.4,90.45,64157
2026-04-20 12:55:00,90.46,90.46,90.13,90.25,68738
2026-04-20 13:05:00,90.27,90.33,90.1,90.16,69690
2026-04-20 13:15:00,90.16,90.24,89.93,89.97,111667
2026-04-20 13:25:00,89.91,89.96,89.78,89.85,115466
2026-04-20 13:35:00,89.86,89.86,89.64,89.75,94978
2026-04-20 13:45:00,89.79,89.79,89.51,89.72,130590
2026-04-20 13:55:00,89.71,89.8,89.63,89.75,81887
2026-04-20 14:05:00,89.75,89.76,89.51,89.69,94957
2026-04-20 14:15:00,89.69,89.79,89.64,89.65,68034
2026-04-20 14:25:00,89.65,89.84,89.65,89.75,78111
2026-04-20 14:35:00,89.7,89.8,89.66,89.66,102013
2026-04-20 14:45:00,89.66,89.82,89.65,89.82,63498
2026-04-20 14:55:00,89.79,89.85,89.66,89.7,140523
2026-04-20 15:05:00,89.71,89.81,89.54,89.55,216325
2026-04-20 15:15:00,89.54,89.74,89.25,89.31,284112
2026-04-20 15:25:00,89.31,89.35,89.05,89.24,150069
2026-04-21 09:15:00,90.1,90.61,89.73,90.46,575475
2026-04-21 09:25:00,90.42,91.54,90.19,90.81,1083976
2026-04-21 09:35:00,90.8,90.8,90.61,90.78,303732
2026-04-21 09:45:00,90.74,91.06,90.61,90.66,229386
2026-04-21 09:55:00,90.66,90.8,90.51,90.72,143798
2026-04-21 10:05:00,90.71,90.81,90.61,90.74,114362
2026-04-21 10:15:00,90.77,91.13,90.65,90.93,217079
2026-04-21 10:25:00,90.93,91.27,90.92,91.2,254343
2026-04-21 10:35:00,91.2,91.4,91.09,91.19,196124
2026-04-21 10:45:00,91.2,91.53,91.2,91.34,263554
2026-04-21 10:55:00,91.33,91.49,91.15,91.22,199585
2026-04-21 11:05:00,91.27,91.36,91.11,91.2,78461
2026-04-21 11:15:00,91.25,91.31,91.05,91.06,87385
2026-04-21 11:25:00,91.11,91.14,90.68,90.8,112949
2026-04-21 11:35:00,90.8,90.89,90.7,90.71,90357
2026-04-21 11:45:00,90.71,90.86,90.56,90.7,80495
2026-04-21 11:55:00,90.7,90.74,90.56,90.64,70482
2026-04-21 12:05:00,90.64,91.13,90.6,91.1,195870
2026-04-21 12:15:00,91.1,91.74,91.1,91.65,519759
2026-04-21 12:25:00,91.65,91.74,91.62,91.64,220302
2026-04-21 12:35:00,91.69,91.69,91.51,91.61,139591
2026-04-21 12:45:00,91.61,91.77,91.51,91.53,218229
2026-04-21 12:55:00,91.51,91.55,91.2,91.24,137615
2026-04-21 13:05:00,91.24,91.39,91.2,91.39,88056
2026-04-21 13:15:00,91.36,91.5,91.35,91.4,61222
2026-04-21 13:25:00,91.41,91.48,91.37,91.48,33312
2026-04-21 13:35:00,91.48,91.48,91.23,91.25,54748
2026-04-21 13:45:00,91.25,91.38,91.24,91.25,83468
2026-04-21 13:55:00,91.3,91.48,91.26,91.34,78984
2026-04-21 14:05:00,91.34,91.46,91.31,91.36,67358
2026-04-21 14:15:00,91.42,91.42,91.3,91.38,68210
2026-04-21 14:25:00,91.35,91.38,91.28,91.31,32692
2026-04-21 14:35:00,91.35,91.37,91.21,91.23,108066
2026-04-21 14:45:00,91.22,91.3,91.16,91.22,147314
2026-04-21 14:55:00,91.25,91.3,90.91,90.91,192198
2026-04-21 15:05:00,90.9,91.15,90.82,90.9,324299
2026-04-21 15:15:00,90.94,91.25,90.9,91.17,224229
2026-04-21 15:25:00,91.18,91.25,91.01,91.19,160681
2026-04-22 09:15:00,91.03,91.63,90.7,91.03,354787
2026-04-22 09:25:00,91.08,91.11,90.66,91.08,238758
2026-04-22 09:35:00,91.11,91.4,91.0,91.2,261243
2026-04-22 09:45:00,91.18,91.18,90.83,90.86,131058
2026-04-22 09:55:00,90.88,90.88,90.55,90.62,151507
2026-04-22 10:05:00,90.62,90.8,90.58,90.73,86044
2026-04-22 10:15:00,90.73,90.77,90.65,90.73,50974
2026-04-22 10:25:00,90.68,90.77,90.66,90.71,99196
2026-04-22 10:35:00,90.77,90.9,90.72,90.86,49450
2026-04-22 10:45:00,90.8,91.04,90.8,91.03,91709
2026-04-22 10:55:00,91.0,91.02,90.8,90.92,54784
2026-04-22 11:05:00,90.92,90.92,90.75,90.86,50434
2026-04-22 11:15:00,90.87,90.9,90.76,90.87,53147
2026-04-22 11:25:00,90.9,91.08,90.87,90.95,71022
2026-04-22 11:35:00,90.95,91.0,90.95,90.95,34035
2026-04-22 11:45:00,90.97,90.99,90.81,90.94,47575
2026-04-22 11:55:00,90.95,91.17,90.9,91.16,77887
2026-04-22 12:05:00,91.18,91.37,91.09,91.12,125689
2026-04-22 12:15:00,91.12,91.19,91.08,91.14,36917
2026-04-22 12:25:00,91.14,91.25,91.08,91.21,40567
2026-04-22 12:35:00,91.21,91.35,91.18,91.3,63476
2026-04-22 12:45:00,91.25,91.3,91.15,91.21,29377
2026-04-22 12:55:00,91.21,91.45,91.21,91.45,153658
2026-04-22 13:05:00,91.45,91.48,91.3,91.35,52914
2026-04-22 13:15:00,91.37,91.4,91.25,91.33,58870
2026-04-22 13:25:00,91.33,91.44,91.28,91.44,65075
2026-04-22 13:35:00,91.44,91.63,91.41,91.63,152650
2026-04-22 13:45:00,91.63,91.8,91.56,91.61,169679
2026-04-22 13:55:00,91.61,91.81,91.56,91.7,114242
2026-04-22 14:05:00,91.7,91.71,91.51,91.56,78260
2026-04-22 14:15:00,91.56,91.75,91.5,91.55,94915
2026-04-22 14:25:00,91.55,91.66,91.52,91.62,77937
2026-04-22 14:35:00,91.59,91.68,91.42,91.54,73648
2026-04-22 14:45:00,91.54,91.7,91.54,91.7,74989
2026-04-22 14:55:00,91.7,91.9,91.54,91.55,261571
2026-04-22 15:05:00,91.55,91.57,91.45,91.51,112159
2026-04-22 15:15:00,91.51,91.55,91.37,91.51,297446
2026-04-22 15:25:00,91.5,91.59,91.4,91.5,124735
2026-04-23 09:15:00,91.25,91.69,90.75,91.3,503010
2026-04-23 09:25:00,91.3,91.38,91.04,91.34,307316
2026-04-23 09:35:00,91.33,91.38,91.03,91.22,133281
2026-04-23 09:45:00,91.22,91.45,91.16,91.39,104154
2026-04-23 09:55:00,91.41,91.41,91.22,91.25,77849
2026-04-23 10:05:00,91.29,91.37,90.88,90.97,151053
2026-04-23 10:15:00,90.92,91.11,90.9,91.04,72146
2026-04-23 10:25:00,91.0,91.1,90.85,90.91,94993
2026-04-23 10:35:00,90.91,90.95,90.65,90.7,215562
2026-04-23 10:45:00,90.67,90.7,90.55,90.6,82554
2026-04-23 10:55:00,90.61,90.8,90.53,90.77,51470
2026-04-23 11:05:00,90.77,90.8,90.61,90.65,61717
2026-04-23 11:15:00,90.68,90.74,90.61,90.61,39274
2026-04-23 11:25:00,90.61,90.7,90.56,90.68,101660
2026-04-23 11:35:00,90.63,90.7,90.53,90.62,59332
2026-04-23 11:45:00,90.53,90.66,90.51,90.65,101241
2026-04-23 11:55:00,90.61,90.76,90.61,90.7,34152
2026-04-23 12:05:00,90.7,90.78,90.65,90.71,48677
2026-04-23 12:15:00,90.65,90.8,90.6,90.79,52231
2026-04-23 12:25:00,90.79,90.79,90.55,90.6,58156
2026-04-23 12:35:00,90.56,90.6,90.35,90.44,117780
2026-04-23 12:45:00,90.4,90.46,90.36,90.4,36091
2026-04-23 12:55:00,90.4,90.5,90.4,90.49,23784
2026-04-23 13:05:00,90.5,90.65,90.49,90.6,31572
2026-04-23 13:15:00,90.6,90.76,90.54,90.65,44437
2026-04-23 13:25:00,90.62,90.75,90.56,90.68,56156
2026-04-23 13:35:00,90.66,90.68,90.48,90.54,51123
2026-04-23 13:45:00,90.54,90.82,90.51,90.7,59607
2026-04-23 13:55:00,90.67,90.79,90.63,90.65,50026
2026-04-23 14:05:00,90.65,90.65,90.5,90.54,49540
2026-04-23 14:15:00,90.54,90.58,90.45,90.51,39287
2026-04-23 14:25:00,90.51,90.69,90.36,90.38,110087
2026-04-23 14:35:00,90.38,90.42,90.21,90.3,96899
2026-04-23 14:45:00,90.3,90.4,90.2,90.21,86334
2026-04-23 14:55:00,90.21,90.26,90.12,90.19,98556
2026-04-23 15:05:00,90.2,90.32,90.15,90.24,115472
2026-04-23 15:15:00,90.25,90.25,90.05,90.1,152398
2026-04-23 15:25:00,90.1,90.1,90.0,90.04,107498
2026-04-24 09:15:00,90.2,90.89,89.82,90.38,297504
2026-04-24 09:25:00,90.35,90.36,89.7,89.75,167758
2026-04-24 09:35:00,89.76,89.9,89.39,89.59,189186
2026-04-24 09:45:00,89.55,89.71,89.28,89.3,150432
2026-04-24 09:55:00,89.24,89.84,89.22,89.84,133806
2026-04-24 10:05:00,89.83,89.97,89.75,89.92,229534
2026-04-24 10:15:00,89.86,89.92,89.53,89.55,75654
2026-04-24 10:25:00,89.59,89.67,89.4,89.48,47088
2026-04-24 10:35:00,89.48,89.5,89.3,89.31,57778
2026-04-24 10:45:00,89.31,89.32,89.13,89.24,66768
2026-04-24 10:55:00,89.24,89.28,89.05,89.1,52307
2026-04-24 11:05:00,89.05,89.18,89.0,89.0,58006
2026-04-24 11:15:00,89.0,89.02,88.79,88.97,154007
2026-04-24 11:25:00,88.97,88.99,88.85,88.97,41118
2026-04-24 11:35:00,88.97,89.0,88.8,88.9,41678
2026-04-24 11:45:00,88.9,88.9,88.5,88.65,117036
2026-04-24 11:55:00,88.64,88.73,88.5,88.58,78475
2026-04-24 12:05:00,88.58,88.88,88.56,88.88,50147
2026-04-24 12:15:00,88.88,88.98,88.77,88.84,39552
2026-04-24 12:25:00,88.85,88.85,88.62,88.73,33832
2026-04-24 12:35:00,88.73,88.74,88.51,88.59,33872
2026-04-24 12:45:00,88.59,88.73,88.53,88.7,40842
2026-04-24 12:55:00,88.69,88.74,88.6,88.65,59007
2026-04-24 13:05:00,88.65,88.65,88.4,88.45,46952
2026-04-24 13:15:00,88.45,88.51,88.34,88.37,64890
2026-04-24 13:25:00,88.37,88.64,88.37,88.46,60608
2026-04-24 13:35:00,88.46,88.52,88.32,88.39,73666
2026-04-24 13:45:00,88.37,88.66,88.37,88.64,75112
2026-04-24 13:55:00,88.64,88.76,88.6,88.67,42848
2026-04-24 14:05:00,88.68,88.85,88.5,88.75,102628
2026-04-24 14:15:00,88.74,89.03,88.74,88.96,87495
2026-04-24 14:25:00,88.96,89.24,88.96,89.23,76679
2026-04-24 14:35:00,89.2,89.36,89.2,89.32,104931
2026-04-24 14:45:00,89.35,89.58,89.25,89.5,99932
2026-04-24 14:55:00,89.53,89.71,89.44,89.57,73252
2026-04-24 15:05:00,89.54,89.57,89.13,89.35,322076
2026-04-24 15:15:00,89.39,89.6,89.35,89.54,167357
2026-04-24 15:25:00,89.54,89.62,89.23,89.62,154814
2026-04-27 09:15:00,90.7,90.99,90.07,90.68,604955
2026-04-27 09:25:00,90.64,90.9,90.5,90.73,237322
2026-04-27 09:35:00,90.74,90.93,90.43,90.83,217108
2026-04-27 09:45:00,90.84,91.2,90.76,91.13,328272
2026-04-27 09:55:00,91.19,91.26,90.9,90.98,213245
2026-04-27 10:05:00,90.94,91.09,90.85,90.85,70736
2026-04-27 10:15:00,90.85,90.96,90.85,90.91,106359
2026-04-27 10:25:00,90.91,90.98,90.8,90.86,65319
2026-04-27 10:35:00,90.89,91.3,90.8,91.19,205552
2026-04-27 10:45:00,91.17,91.36,91.15,91.3,227759
2026-04-27 10:55:00,91.3,91.34,91.1,91.3,104305
2026-04-27 11:05:00,91.3,91.49,91.21,91.44,130814
2026-04-27 11:15:00,91.48,91.6,91.3,91.36,169302
2026-04-27 11:25:00,91.36,91.41,91.13,91.18,78154
2026-04-27 11:35:00,91.18,91.21,91.05,91.18,78155
2026-04-27 11:45:00,91.19,91.25,91.09,91.23,39487
2026-04-27 11:55:00,91.2,91.3,91.06,91.09,96046
2026-04-27 12:05:00,91.16,91.28,91.11,91.27,56295
2026-04-27 12:15:00,91.27,91.3,91.15,91.24,37153
2026-04-27 12:25:00,91.24,91.4,91.2,91.38,67037
2026-04-27 12:35:00,91.38,91.38,91.15,91.25,110402
2026-04-27 12:45:00,91.25,91.3,91.17,91.25,75534
2026-04-27 12:55:00,91.23,91.3,91.21,91.29,33151
2026-04-27 13:05:00,91.29,91.35,91.17,91.25,71511
2026-04-27 13:15:00,91.24,91.39,91.23,91.31,189254
2026-04-27 13:25:00,91.3,91.45,91.22,91.43,53492
2026-04-27 13:35:00,91.44,91.48,91.3,91.42,76530
2026-04-27 13:45:00,91.42,91.5,91.39,91.4,87664
2026-04-27 13:55:00,91.44,91.55,91.37,91.5,124701
2026-04-27 14:05:00,91.52,91.58,91.37,91.44,167108
2026-04-27 14:15:00,91.45,91.49,91.29,91.29,72105
2026-04-27 14:25:00,91.29,91.39,91.2,91.22,67644
2026-04-27 14:35:00,91.23,91.39,91.23,91.39,77615
2026-04-27 14:45:00,91.39,91.4,91.25,91.29,82362
2026-04-27 14:55:00,91.29,91.3,91.01,91.06,251930
2026-04-27 15:05:00,91.07,91.13,91.04,91.06,129534
2026-04-27 15:15:00,91.06,91.15,91.0,91.15,309266
2026-04-27 15:25:00,91.15,91.3,91.02,91.25,208471
2026-04-28 09:15:00,91.7,93.0,90.8,90.82,4110101
2026-04-28 09:25:00,90.82,91.03,90.1,90.62,1397478
2026-04-28 09:35:00,90.55,91.37,90.37,90.9,712922
2026-04-28 09:45:00,90.98,91.18,90.63,90.94,337947
2026-04-28 09:55:00,90.9,90.94,90.74,90.75,149960
2026-04-28 10:05:00,90.75,90.84,90.31,90.35,373120
2026-04-28 10:15:00,90.35,90.37,90.2,90.25,317790
2026-04-28 10:25:00,90.25,90.4,90.2,90.27,224150
2026-04-28 10:35:00,90.27,90.27,90.01,90.18,258673
2026-04-28 10:45:00,90.14,90.41,90.11,90.3,134393
2026-04-28 10:55:00,90.3,90.32,90.12,90.13,70773
2026-04-28 11:05:00,90.16,90.19,90.01,90.1,139177
2026-04-28 11:15:00,90.14,90.14,89.75,89.9,466440
2026-04-28 11:25:00,89.9,89.92,89.42,89.5,286882
2026-04-28 11:35:00,89.5,89.5,89.35,89.44,190221
2026-04-28 11:45:00,89.44,89.5,89.38,89.45,232009
2026-04-28 11:55:00,89.45,89.57,89.2,89.51,262793
2026-04-28 12:05:00,89.51,89.64,89.5,89.5,144021
2026-04-28 12:15:00,89.51,89.56,89.43,89.56,77705
2026-04-28 12:25:00,89.52,89.54,89.35,89.48,77488
2026-04-28 12:35:00,89.48,89.55,89.43,89.48,53201
2026-04-28 12:45:00,89.5,89.58,89.43,89.51,84784
2026-04-28 12:55:00,89.5,89.55,89.43,89.5,92655
2026-04-28 13:05:00,89.5,89.59,89.48,89.57,53271
2026-04-28 13:15:00,89.57,89.75,89.55,89.73,81961
2026-04-28 13:25:00,89.7,89.73,89.55,89.55,39743
2026-04-28 13:35:00,89.58,89.59,89.5,89.54,78107
2026-04-28 13:45:00,89.5,89.62,89.47,89.55,124488
2026-04-28 13:55:00,89.59,89.76,89.55,89.56,76074
2026-04-28 14:05:00,89.56,89.72,89.49,89.52,96416
2026-04-28 14:15:00,89.56,89.57,89.45,89.5,111574
2026-04-28 14:25:00,89.51,89.55,89.42,89.45,170213
2026-04-28 14:35:00,89.46,89.68,89.41,89.52,125116
2026-04-28 14:45:00,89.5,89.63,89.49,89.61,137628
2026-04-28 14:55:00,89.6,89.82,89.56,89.6,259370
2026-04-28 15:05:00,89.6,89.62,89.3,89.34,980375
2026-04-28 15:15:00,89.3,89.46,89.0,89.1,927669
2026-04-28 15:25:00,89.1,89.85,89.01,89.5,561652
2026-04-29 09:15:00,89.81,89.98,87.92,88.15,1254289
2026-04-29 09:25:00,88.18,88.58,88.08,88.46,385984
2026-04-29 09:35:00,88.43,88.56,88.25,88.5,189281
2026-04-29 09:45:00,88.53,88.64,88.41,88.54,162085
2026-04-29 09:55:00,88.54,88.8,88.47,88.8,152505
2026-04-29 10:05:00,88.76,88.9,88.76,88.83,95491
2026-04-29 10:15:00,88.88,89.09,88.86,88.98,207672
2026-04-29 10:25:00,88.98,89.09,88.91,89.0,108182
2026-04-29 10:35:00,88.97,89.01,88.85,88.93,59010
2026-04-29 10:45:00,88.93,89.1,88.87,89.0,65362
2026-04-29 10:55:00,89.0,89.0,88.76,88.86,184749
2026-04-29 11:05:00,88.85,88.94,88.76,88.88,64116
2026-04-29 11:15:00,88.89,89.09,88.85,89.07,80299
2026-04-29 11:25:00,89.07,89.07,88.91,89.0,40263
2026-04-29 11:35:00,89.0,89.03,88.9,88.95,54249
2026-04-29 11:45:00,88.95,88.95,88.83,88.95,53933
2026-04-29 11:55:00,88.95,88.97,88.8,88.94,101568
2026-04-29 12:05:00,88.94,89.0,88.85,88.96,29723
2026-04-29 12:15:00,88.96,89.05,88.96,89.01,50310
2026-04-29 12:25:00,89.0,89.13,89.0,89.1,71621
2026-04-29 12:35:00,89.13,89.16,89.03,89.08,67736
2026-04-29 12:45:00,89.08,89.1,88.96,89.1,47447
2026-04-29 12:55:00,89.07,89.1,89.0,89.06,42693
2026-04-29 13:05:00,89.09,89.1,89.01,89.07,44291
2026-04-29 13:15:00,89.07,89.08,88.86,88.9,77323
2026-04-29 13:25:00,88.9,88.98,88.86,88.94,45073
2026-04-29 13:35:00,88.9,88.93,88.6,88.67,108878
2026-04-29 13:45:00,88.67,88.78,88.51,88.67,109726
2026-04-29 13:55:00,88.67,88.69,88.39,88.46,87866
2026-04-29 14:05:00,88.44,88.64,88.44,88.59,71278
2026-04-29 14:15:00,88.58,88.66,88.42,88.63,29453
2026-04-29 14:25:00,88.63,88.65,88.43,88.52,36003
2026-04-29 14:35:00,88.52,88.64,88.4,88.6,76628
2026-04-29 14:45:00,88.65,88.65,88.2,88.2,174946
2026-04-29 14:55:00,88.19,88.2,87.94,88.04,535232
2026-04-29 15:05:00,88.04,88.07,87.96,88.0,183536
2026-04-29 15:15:00,88.0,88.05,87.91,88.0,220485
2026-04-29 15:25:00,88.01,88.11,87.92,87.99,309863
2026-04-30 09:15:00,87.99,88.0,87.22,87.3,521012
2026-04-30 09:25:00,87.26,88.09,87.2,88.09,227565
2026-04-30 09:35:00,88.06,88.48,87.95,88.38,272570
2026-04-30 09:45:00,88.38,88.44,87.91,87.97,184203
2026-04-30 09:55:00,87.95,87.98,87.59,87.65,77824
2026-04-30 10:05:00,87.65,87.7,87.3,87.32,159004
2026-04-30 10:15:00,87.32,87.5,87.26,87.29,135867
2026-04-30 10:25:00,87.32,87.45,87.29,87.39,54009
2026-04-30 10:35:00,87.39,87.6,87.36,87.54,47718
2026-04-30 10:45:00,87.58,87.58,87.24,87.26,111911
2026-04-30 10:55:00,87.26,87.29,87.06,87.28,106378
2026-04-30 11:05:00,87.25,87.42,87.25,87.33,28028
2026-04-30 11:15:00,87.33,87.52,87.29,87.42,63994
2026-04-30 11:25:00,87.42,87.68,87.4,87.6,36033
2026-04-30 11:35:00,87.63,87.71,87.48,87.49,58483
2026-04-30 11:45:00,87.45,87.6,87.41,87.58,33178
2026-04-30 11:55:00,87.58,87.62,87.43,87.53,23972
2026-04-30 12:05:00,87.53,87.73,87.53,87.73,28086
2026-04-30 12:15:00,87.8,87.86,87.66,87.86,31295
2026-04-30 12:25:00,87.86,87.9,87.29,87.34,109726
2026-04-30 12:35:00,87.33,87.38,87.22,87.28,141532
2026-04-30 12:45:00,87.25,87.37,87.18,87.23,100956
2026-04-30 12:55:00,87.23,87.25,87.15,87.21,117018
2026-04-30 13:05:00,87.2,87.36,87.19,87.36,33904
2026-04-30 13:15:00,87.36,87.37,87.16,87.25,34985
2026-04-30 13:25:00,87.25,87.29,87.21,87.24,36612
2026-04-30 13:35:00,87.24,87.3,87.21,87.25,162976
2026-04-30 13:45:00,87.29,87.55,87.21,87.35,123151
2026-04-30 13:55:00,87.35,87.4,87.25,87.29,83415
2026-04-30 14:05:00,87.29,87.3,87.21,87.28,30009
2026-04-30 14:15:00,87.28,87.3,87.2,87.26,43905
2026-04-30 14:25:00,87.3,87.3,87.18,87.22,76885
2026-04-30 14:35:00,87.2,87.25,87.17,87.2,85000
2026-04-30 14:45:00,87.21,87.45,87.17,87.33,90649
2026-04-30 14:55:00,87.33,87.34,87.2,87.27,138017
2026-04-30 15:05:00,87.28,87.28,87.17,87.24,168246
2026-04-30 15:15:00,87.24,87.24,87.15,87.16,248776
2026-04-30 15:25:00,87.21,87.23,87.0,87.15,279997
2026-05-04 09:15:00,87.72,88.16,87.6,87.9,342107
2026-05-04 09:25:00,87.9,88.44,87.83,88.28,249535
2026-05-04 09:35:00,88.35,88.35,88.15,88.17,96340
2026-05-04 09:45:00,88.21,88.29,88.02,88.15,108796
2026-05-04 09:55:00,88.16,88.34,88.15,88.28,118816
2026-05-04 10:05:00,88.22,88.29,87.45,87.5,209778
2026-05-04 10:15:00,87.51,87.54,86.92,87.03,385866
2026-05-04 10:25:00,87.05,87.32,87.01,87.16,157652
2026-05-04 10:35:00,87.2,87.23,86.97,87.0,254299
2026-05-04 10:45:00,87.0,87.0,86.91,86.94,88212
2026-05-04 10:55:00,86.94,87.0,86.85,87.0,82109
2026-05-04 11:05:00,87.0,87.02,86.92,87.0,86554
2026-05-04 11:15:00,86.98,87.03,86.91,86.95,88172
2026-05-04 11:25:00,86.96,87.04,86.95,87.0,87290
2026-05-04 11:35:00,87.0,87.04,86.95,87.0,54145
2026-05-04 11:45:00,87.0,87.01,86.95,86.98,66598
2026-05-04 11:55:00,87.0,87.0,86.94,86.96,66547
2026-05-04 12:05:00,86.94,86.99,86.82,86.85,116010
2026-05-04 12:15:00,86.83,86.9,86.62,86.85,138986
2026-05-04 12:25:00,86.85,86.91,86.75,86.78,39067
2026-05-04 12:35:00,86.76,86.88,86.71,86.78,39534
2026-05-04 12:45:00,86.79,86.97,86.73,86.87,62679
2026-05-04 12:55:00,86.92,86.93,86.8,86.89,29664
2026-05-04 13:05:00,86.85,86.92,86.83,86.92,37426
2026-05-04 13:15:00,86.92,86.92,86.7,86.75,55168
2026-05-04 13:25:00,86.71,86.75,86.57,86.6,74660
2026-05-04 13:35:00,86.6,86.91,86.54,86.86,95696
2026-05-04 13:45:00,86.87,87.02,86.78,86.88,82455
2026-05-04 13:55:00,86.88,86.88,86.71,86.8,23381
2026-05-04 14:05:00,86.8,86.94,86.75,86.88,47741
2026-05-04 14:15:00,86.88,86.95,86.83,86.9,60557
2026-05-04 14:25:00,86.9,86.92,86.87,86.9,49575
2026-05-04 14:35:00,86.9,87.07,86.83,87.0,96984
2026-05-04 14:45:00,86.94,87.01,86.8,86.9,81245
2026-05-04 14:55:00,86.9,86.96,86.78,86.9,117200
2026-05-04 15:05:00,86.89,87.08,86.85,86.97,292727
2026-05-04 15:15:00,86.97,86.97,86.8,86.87,217024
2026-05-04 15:25:00,86.87,86.92,86.8,86.91,168051
2026-05-05 09:15:00,86.98,87.17,86.45,86.73,291487
2026-05-05 09:25:00,86.72,86.8,86.29,86.77,216259
2026-05-05 09:35:00,86.77,87.19,86.72,87.13,172902
2026-05-05 09:45:00,87.19,87.5,87.02,87.47,279873
2026-05-05 09:55:00,87.49,87.51,87.3,87.35,78223
2026-05-05 10:05:00,87.38,87.42,87.2,87.2,105197
2026-05-05 10:15:00,87.24,87.24,87.01,87.19,97817
2026-05-05 10:25:00,87.16,87.18,87.03,87.13,66516
2026-05-05 10:35:00,87.13,87.13,87.01,87.08,53890
2026-05-05 10:45:00,87.08,87.29,87.06,87.17,71857
2026-05-05 10:55:00,87.17,87.27,86.91,86.99,148015
2026-05-05 11:05:00,86.99,86.99,86.61,86.64,95627
2026-05-05 11:15:00,86.67,86.72,86.6,86.64,67887
2026-05-05 11:25:00,86.64,86.72,86.61,86.65,50331
2026-05-05 11:35:00,86.65,86.75,86.62,86.65,72729
2026-05-05 11:45:00,86.62,86.69,86.55,86.61,66250
2026-05-05 11:55:00,86.61,86.67,86.33,86.4,144257
2026-05-05 12:05:00,86.36,86.4,86.32,86.4,49059
2026-05-05 12:15:00,86.38,86.41,86.36,86.41,176152
2026-05-05 12:25:00,86.39,86.49,86.39,86.48,44715
2026-05-05 12:35:00,86.45,86.58,86.45,86.57,44214
2026-05-05 12:45:00,86.57,86.67,86.5,86.51,109452
2026-05-05 12:55:00,86.54,86.55,86.46,86.5,85580
2026-05-05 13:05:00,86.5,86.51,86.35,86.4,107746
2026-05-05 13:15:00,86.4,86.6,86.35,86.41,124654
2026-05-05 13:25:00,86.45,86.52,86.4,86.44,59604
2026-05-05 13:35:00,86.43,86.53,86.4,86.48,93889
2026-05-05 13:45:00,86.48,86.6,86.42,86.56,91217
2026-05-05 13:55:00,86.56,86.6,86.45,86.5,50173
2026-05-05 14:05:00,86.5,86.52,86.41,86.48,52039
2026-05-05 14:15:00,86.48,86.54,86.44,86.5,74403
2026-05-05 14:25:00,86.5,86.53,86.46,86.5,100711
2026-05-05 14:35:00,86.5,86.68,86.47,86.59,66925
2026-05-05 14:45:00,86.6,86.63,86.52,86.59,50755
2026-05-05 14:55:00,86.59,86.63,86.46,86.5,90195
2026-05-05 15:05:00,86.5,86.54,86.45,86.47,130126
2026-05-05 15:15:00,86.5,86.51,86.44,86.5,188684
2026-05-05 15:25:00,86.5,86.6,86.4,86.6,236697
2026-05-06 09:15:00,87.02,87.55,86.88,87.14,326648
2026-05-06 09:25:00,87.19,87.35,87.12,87.24,232232
2026-05-06 09:35:00,87.25,87.25,87.0,87.09,151389
2026-05-06 09:45:00,87.13,87.16,86.91,86.96,140410
2026-05-06 09:55:00,87.0,87.04,86.94,87.0,120880
2026-05-06 10:05:00,87.0,87.04,86.9,87.0,92548
2026-05-06 10:15:00,87.0,87.04,86.95,87.04,101679
2026-05-06 10:25:00,87.0,87.04,86.92,87.0,52653
2026-05-06 10:35:00,87.0,87.0,86.91,86.96,36630
2026-05-06 10:45:00,86.99,87.04,86.95,87.0,62332
2026-05-06 10:55:00,87.0,87.0,86.85,86.86,109734
2026-05-06 11:05:00,86.85,87.0,86.85,86.98,82367
2026-05-06 11:15:00,86.95,87.01,86.91,86.99,30466
2026-05-06 11:25:00,86.99,87.02,86.94,86.99,66621
2026-05-06 11:35:00,86.93,87.0,86.91,86.99,28736
2026-05-06 11:45:00,86.99,87.0,86.93,86.95,42796
2026-05-06 11:55:00,87.0,87.0,86.95,87.0,42527
2026-05-06 12:05:00,87.0,87.0,86.92,87.0,27430
2026-05-06 12:15:00,87.0,87.0,86.52,86.63,144929
2026-05-06 12:25:00,86.63,86.7,86.55,86.67,49385
2026-05-06 12:35:00,86.67,86.7,86.56,86.7,58043
2026-05-06 12:45:00,86.7,86.7,86.56,86.7,34309
2026-05-06 12:55:00,86.63,86.7,86.6,86.69,150543
2026-05-06 13:05:00,86.7,86.74,86.64,86.7,46895
2026-05-06 13:15:00,86.7,86.7,86.67,86.7,37531
2026-05-06 13:25:00,86.7,86.7,86.63,86.7,40208
2026-05-06 13:35:00,86.65,86.7,86.62,86.7,52715
2026-05-06 13:45:00,86.65,86.7,86.56,86.61,82889
2026-05-06 13:55:00,86.57,86.64,86.51,86.51,77374
2026-05-06 14:05:00,86.51,86.55,86.34,86.4,134417
2026-05-06 14:15:00,86.4,86.45,86.36,86.4,346321
2026-05-06 14:25:00,86.4,86.72,86.39,86.63,291366
2026-05-06 14:35:00,86.63,86.79,86.6,86.73,476181
2026-05-06 14:45:00,86.7,86.75,86.6,86.7,282793
2026-05-06 14:55:00,86.64,87.02,86.62,86.95,487578
2026-05-06 15:05:00,86.94,87.02,86.86,86.95,383533
2026-05-06 15:15:00,86.95,87.04,86.85,87.0,390096
2026-05-06 15:25:00,87.0,87.25,86.95,87.25,353619
2026-05-07 09:15:00,87.41,88.0,87.2,87.54,512185
2026-05-07 09:25:00,87.54,88.25,87.5,88.14,366452
2026-05-07 09:35:00,88.11,88.25,87.93,88.06,238027
2026-05-07 09:45:00,88.09,88.12,87.65,87.71,244824
2026-05-07 09:55:00,87.74,87.99,87.67,87.95,132735
2026-05-07 10:05:00,87.98,88.0,87.66,87.76,231628
2026-05-07 10:15:00,87.84,88.18,87.8,88.14,161016
2026-05-07 10:25:00,88.14,88.29,88.06,88.27,138919
2026-05-07 10:35:00,88.26,88.47,88.24,88.4,202525
2026-05-07 10:45:00,88.4,88.69,88.35,88.44,294288
2026-05-07 10:55:00,88.44,88.5,88.38,88.43,103173
2026-05-07 11:05:00,88.46,88.55,88.2,88.34,181688
2026-05-07 11:15:00,88.38,88.5,88.2,88.2,100546
2026-05-07 11:25:00,88.2,88.5,88.2,88.4,113145
2026-05-07 11:35:00,88.4,88.48,88.2,88.21,72227
2026-05-07 11:45:00,88.21,88.36,88.14,88.34,75764
2026-05-07 11:55:00,88.34,88.41,88.28,88.38,50149
2026-05-07 12:05:00,88.38,88.52,88.32,88.5,141504
2026-05-07 12:15:00,88.47,88.58,88.42,88.54,55097
2026-05-07 12:25:00,88.54,88.69,88.45,88.6,146439
2026-05-07 12:35:00,88.6,88.7,88.56,88.65,165969
2026-05-07 12:45:00,88.65,88.7,88.44,88.49,88479
2026-05-07 12:55:00,88.46,88.59,88.46,88.54,45393
2026-05-07 13:05:00,88.55,88.7,88.52,88.59,105721
2026-05-07 13:15:00,88.59,88.65,88.4,88.54,119450
2026-05-07 13:25:00,88.5,88.6,88.5,88.6,40539
2026-05-07 13:35:00,88.6,88.65,88.5,88.64,62015
2026-05-07 13:45:00,88.64,88.65,88.52,88.61,61859
2026-05-07 13:55:00,88.64,88.9,88.6,88.88,379458
2026-05-07 14:05:00,88.88,88.99,88.81,88.96,341513
2026-05-07 14:15:00,88.96,88.98,88.8,88.96,148756
2026-05-07 14:25:00,88.96,89.2,88.9,89.1,292230
2026-05-07 14:35:00,89.1,89.1,88.7,88.85,286554
2026-05-07 14:45:00,88.83,88.92,88.69,88.84,61311
2026-05-07 14:55:00,88.84,88.85,88.11,88.15,386952
2026-05-07 15:05:00,88.14,88.15,87.85,87.9,622843
2026-05-07 15:15:00,87.9,87.9,87.72,87.78,489850
2026-05-07 15:25:00,87.78,87.82,87.76,87.8,337101
2026-05-08 09:15:00,87.8,87.97,87.3,87.36,399823
2026-05-08 09:25:00,87.35,87.63,87.31,87.41,187397
2026-05-08 09:35:00,87.36,87.41,86.95,87.1,323494
2026-05-08 09:45:00,87.09,87.29,86.88,87.28,229083
2026-05-08 09:55:00,87.28,87.39,87.21,87.35,98001
2026-05-08 10:05:00,87.31,87.49,87.21,87.49,107887
2026-05-08 10:15:00,87.49,87.49,87.32,87.45,124385
2026-05-08 10:25:00,87.45,87.49,87.36,87.41,77149
2026-05-08 10:35:00,87.46,87.47,87.33,87.42,52801
2026-05-08 10:45:00,87.42,87.45,87.26,87.35,57146
2026-05-08 10:55:00,87.35,87.4,87.2,87.4,113116
2026-05-08 11:05:00,87.42,87.45,87.3,87.4,94164
2026-05-08 11:15:00,87.33,87.4,87.2,87.25,61994
2026-05-08 11:25:00,87.25,87.36,87.2,87.34,42490
2026-05-08 11:35:00,87.34,87.42,87.27,87.42,36845
2026-05-08 11:45:00,87.4,87.41,87.21,87.37,67135
2026-05-08 11:55:00,87.37,87.37,87.2,87.27,46613
2026-05-08 12:05:00,87.3,87.35,87.16,87.27,56117
2026-05-08 12:15:00,87.29,87.3,87.19,87.3,40060
2026-05-08 12:25:00,87.3,87.3,87.13,87.18,37836
2026-05-08 12:35:00,87.13,87.24,87.13,87.22,37654
2026-05-08 12:45:00,87.2,87.22,87.1,87.19,37013
2026-05-08 12:55:00,87.19,87.24,87.11,87.21,62253
2026-05-08 13:05:00,87.21,87.35,87.19,87.3,104654
2026-05-08 13:15:00,87.3,87.35,87.2,87.32,40690
2026-05-08 13:25:00,87.32,87.42,87.29,87.38,48375
2026-05-08 13:35:00,87.38,87.39,87.25,87.36,31479
2026-05-08 13:45:00,87.36,87.38,87.21,87.28,59474
2026-05-08 13:55:00,87.28,87.35,87.2,87.34,74566
2026-05-08 14:05:00,87.34,87.39,87.3,87.36,76982
2026-05-08 14:15:00,87.36,87.36,87.25,87.3,75326
2026-05-08 14:25:00,87.3,87.4,87.25,87.4,94436
2026-05-08 14:35:00,87.4,87.86,87.35,87.73,188618
2026-05-08 14:45:00,87.76,87.77,87.62,87.65,166480
2026-05-08 14:55:00,87.63,87.75,87.55,87.6,117775
2026-05-08 15:05:00,87.6,87.64,87.52,87.6,96440
2026-05-08 15:15:00,87.6,87.63,87.4,87.42,226611
2026-05-08 15:25:00,87.42,87.65,87.41,87.6,89204
2026-05-11 09:15:00,86.99,86.99,85.81,86.08,497304
2026-05-11 09:25:00,86.08,86.29,86.0,86.09,142942
2026-05-11 09:35:00,86.09,86.09,85.65,85.74,223229
2026-05-11 09:45:00,85.74,85.8,85.55,85.75,211292
2026-05-11 09:55:00,85.75,85.85,85.57,85.85,137085
2026-05-11 10:05:00,85.86,86.06,85.74,86.03,137038
2026-05-11 10:15:00,86.03,86.06,85.78,86.02,103818
2026-05-11 10:25:00,86.03,86.03,85.89,85.96,42579
2026-05-11 10:35:00,85.96,86.05,85.85,85.97,67889
2026-05-11 10:45:00,85.97,86.1,85.97,86.1,62429
2026-05-11 10:55:00,86.1,86.25,86.1,86.24,57500
2026-05-11 11:05:00,86.24,86.42,86.2,86.35,60536
2026-05-11 11:15:00,86.35,86.49,86.31,86.44,56597
2026-05-11 11:25:00,86.44,86.77,86.27,86.77,115739
2026-05-11 11:35:00,86.77,87.09,86.75,86.94,166471
2026-05-11 11:45:00,86.94,86.98,86.83,86.96,85136
2026-05-11 11:55:00,86.96,86.96,86.63,86.84,70373
2026-05-11 12:05:00,86.86,86.87,86.53,86.61,91144
2026-05-11 12:15:00,86.61,86.63,86.5,86.6,79629
2026-05-11 12:25:00,86.6,86.63,86.46,86.58,157425
2026-05-11 12:35:00,86.58,86.61,86.48,86.56,113419
2026-05-11 12:45:00,86.58,86.62,86.53,86.58,100690
2026-05-11 12:55:00,86.58,86.64,86.5,86.53,54349
2026-05-11 13:05:00,86.53,86.61,86.52,86.56,67783
2026-05-11 13:15:00,86.58,86.63,86.51,86.52,58093
2026-05-11 13:25:00,86.52,86.6,86.51,86.58,56340
2026-05-11 13:35:00,86.58,86.61,86.53,86.58,78663
2026-05-11 13:45:00,86.58,86.62,86.52,86.58,157798
2026-05-11 13:55:00,86.58,86.6,86.5,86.58,66834
2026-05-11 14:05:00,86.58,86.6,86.52,86.58,67528
2026-05-11 14:15:00,86.56,86.6,86.51,86.58,62264
2026-05-11 14:25:00,86.55,86.6,86.52,86.59,63422
2026-05-11 14:35:00,86.59,86.65,86.55,86.61,95864
2026-05-11 14:45:00,86.62,86.65,86.55,86.62,95960
2026-05-11 14:55:00,86.64,86.65,86.28,86.43,176338
2026-05-11 15:05:00,86.44,86.48,86.15,86.21,209288
2026-05-11 15:15:00,86.21,86.25,86.07,86.14,172681
2026-05-11 15:25:00,86.13,86.4,86.06,86.29,176895
2026-05-12 09:15:00,85.8,86.39,85.45,85.5,370748
2026-05-12 09:25:00,85.38,85.45,85.1,85.12,233051
2026-05-12 09:35:00,85.19,85.46,85.14,85.24,107682
2026-05-12 09:45:00,85.29,85.37,85.15,85.29,156397
2026-05-12 09:55:00,85.29,85.4,85.17,85.25,116146
2026-05-12 10:05:00,85.2,85.37,85.1,85.37,94702
2026-05-12 10:15:00,85.32,85.44,85.27,85.35,80981
2026-05-12 10:25:00,85.35,85.35,85.11,85.18,97001
2026-05-12 10:35:00,85.12,85.18,85.02,85.13,93451
2026-05-12 10:45:00,85.13,85.13,84.91,84.96,209717
2026-05-12 10:55:00,84.96,84.97,84.81,84.89,84136
2026-05-12 11:05:00,84.89,84.91,84.8,84.84,45459
2026-05-12 11:15:00,84.78,84.95,84.75,84.84,93635
2026-05-12 11:25:00,84.89,84.91,84.77,84.84,55326
2026-05-12 11:35:00,84.8,84.9,84.75,84.88,36524
2026-05-12 11:45:00,84.9,84.9,84.81,84.85,31624
2026-05-12 11:55:00,84.85,84.9,84.8,84.84,59606
2026-05-12 12:05:00,84.82,84.9,84.8,84.86,47789
2026-05-12 12:15:00,84.86,84.89,84.75,84.88,45763
2026-05-12 12:25:00,84.84,84.89,84.51,84.58,118453
2026-05-12 12:35:00,84.54,84.59,84.27,84.48,210749
2026-05-12 12:45:00,84.43,84.55,84.32,84.37,89187
2026-05-12 12:55:00,84.37,84.37,84.25,84.3,76729
2026-05-12 13:05:00,84.34,84.37,84.22,84.35,84340
2026-05-12 13:15:00,84.31,84.45,84.25,84.29,69310
2026-05-12 13:25:00,84.3,84.57,84.21,84.5,102392
2026-05-12 13:35:00,84.5,84.55,84.16,84.25,107146
2026-05-12 13:45:00,84.25,84.33,84.12,84.25,64324
2026-05-12 13:55:00,84.25,84.31,84.1,84.12,74275
2026-05-12 14:05:00,84.11,84.16,84.05,84.1,74201
2026-05-12 14:15:00,84.1,84.32,84.0,84.23,156541
2026-05-12 14:25:00,84.27,84.27,84.07,84.14,72242
2026-05-12 14:35:00,84.13,84.37,84.08,84.32,107265
2026-05-12 14:45:00,84.3,84.33,84.05,84.12,110126
2026-05-12 14:55:00,84.08,84.13,83.9,83.97,241114
2026-05-12 15:05:00,84.04,84.04,83.7,83.72,238746
2026-05-12 15:15:00,83.74,83.87,83.68,83.87,204265
2026-05-12 15:25:00,83.87,84.18,83.82,84.15,127665
2026-05-13 09:20:00,84.01,84.17,83.61,83.81,77877731
2026-05-13 09:25:00,83.98,84.17,83.61,83.61,228701
2026-05-13 09:35:00,83.65,83.72,83.18,83.67,194384
2026-05-13 09:45:00,83.66,84.0,83.51,83.95,145111
2026-05-13 09:55:00,83.95,84.12,83.9,84.04,101033
2026-05-13 10:05:00,84.06,84.15,83.88,83.94,142069
2026-05-13 10:15:00,83.87,84.35,83.85,84.25,138170
2026-05-13 10:25:00,84.31,84.32,84.14,84.27,78558
2026-05-13 10:35:00,84.21,84.21,84.01,84.2,64909
2026-05-13 10:45:00,84.2,84.26,84.04,84.09,66974
2026-05-13 10:55:00,84.11,84.11,83.8,83.99,91416
2026-05-13 11:05:00,84.0,84.11,83.9,84.11,37676
2026-05-13 11:15:00,84.06,84.27,84.06,84.25,74310
2026-05-13 11:25:00,84.25,84.28,83.94,84.22,43500
2026-05-13 11:35:00,84.2,84.5,84.1,84.5,70660
2026-05-13 11:45:00,84.49,84.5,84.32,84.38,56663
2026-05-13 11:55:00,84.38,84.6,84.32,84.5,56571
2026-05-13 12:05:00,84.47,84.6,84.42,84.6,46601
2026-05-13 12:15:00,84.6,84.68,84.5,84.61,28908
2026-05-13 12:25:00,84.61,84.89,84.57,84.7,66202
2026-05-13 12:35:00,84.7,85.32,84.57,85.28,168137
2026-05-13 12:45:00,85.23,85.39,85.1,85.28,100750
2026-05-13 12:55:00,85.28,85.37,85.19,85.29,74383
2026-05-13 13:05:00,85.29,85.3,85.08,85.2,58867
2026-05-13 13:15:00,85.21,85.32,85.09,85.27,47405
2026-05-13 13:25:00,85.31,85.31,85.12,85.25,54670
2026-05-13 13:35:00,85.25,85.5,85.14,85.3,120514
2026-05-13 13:45:00,85.3,85.39,85.06,85.2,92629
2026-05-13 13:55:00,85.2,85.35,85.06,85.32,58305
2026-05-13 14:05:00,85.28,85.37,85.25,85.31,50185
2026-05-13 14:15:00,85.31,85.35,85.14,85.29,53333
2026-05-13 14:25:00,85.29,85.39,85.25,85.38,50629
2026-05-13 14:35:00,85.38,85.5,85.23,85.4,110756
2026-05-13 14:45:00,85.34,85.5,85.33,85.38,110190
2026-05-13 14:55:00,85.35,85.45,85.18,85.23,111265
2026-05-13 15:05:00,85.25,85.25,85.06,85.21,153899
2026-05-13 15:15:00,85.22,85.39,85.16,85.18,93237
2026-05-13 15:25:00,85.17,85.49,85.17,85.3,86127
2026-05-14 09:15:00,85.3,85.69,84.88,84.94,282877
2026-05-14 09:25:00,84.94,85.06,84.63,84.68,147227
2026-05-14 09:35:00,84.68,84.68,84.01,84.08,191602
2026-05-14 09:45:00,84.05,84.36,83.8,83.9,263457
2026-05-14 09:55:00,83.93,84.0,83.68,83.94,131726
2026-05-14 10:05:00,83.94,83.99,83.79,83.92,82227
2026-05-14 10:15:00,83.9,84.06,83.87,83.95,65935
2026-05-14 10:25:00,83.95,84.1,83.9,84.1,64109
2026-05-14 10:35:00,84.1,84.14,83.9,83.94,54723
2026-05-14 10:45:00,83.94,83.99,83.85,83.94,54151
2026-05-14 10:55:00,83.94,83.95,83.8,83.87,31342
2026-05-14 11:05:00,83.87,83.95,83.71,83.87,52396
2026-05-14 11:15:00,83.87,84.07,83.85,84.0,61547
2026-05-14 11:25:00,84.01,84.04,83.88,84.0,51498
2026-05-14 11:35:00,83.97,84.14,83.97,84.04,106382
2026-05-14 11:45:00,84.05,84.12,83.97,84.1,79605
2026-05-14 11:55:00,84.09,84.15,84.0,84.11,39842
2026-05-14 12:05:00,84.1,84.16,83.97,84.0,116366
2026-05-14 12:15:00,84.02,84.13,84.0,84.12,67491
2026-05-14 12:25:00,84.1,84.14,84.0,84.01,74477
2026-05-14 12:35:00,84.01,84.14,83.95,84.08,81338
2026-05-14 12:45:00,84.08,84.1,83.99,84.0,34560
2026-05-14 12:55:00,84.03,84.14,83.95,84.11,28471
2026-05-14 13:05:00,84.07,84.2,84.05,84.18,54070
2026-05-14 13:15:00,84.18,84.19,84.06,84.18,58909
2026-05-14 13:25:00,84.14,84.24,84.11,84.23,48955
2026-05-14 13:35:00,84.23,84.27,84.11,84.17,60260
2026-05-14 13:45:00,84.17,84.17,84.0,84.08,53757
2026-05-14 13:55:00,84.04,84.24,84.02,84.19,60627
2026-05-14 14:05:00,84.18,84.26,84.06,84.14,114683
2026-05-14 14:15:00,84.16,84.24,84.07,84.13,47543
2026-05-14 14:25:00,84.18,84.24,84.12,84.15,55977
2026-05-14 14:35:00,84.19,84.29,84.16,84.24,61147
2026-05-14 14:45:00,84.28,84.34,84.18,84.24,62872
2026-05-14 14:55:00,84.28,84.33,84.21,84.21,53065
2026-05-14 15:00:00,84.26,84.32,84.19,84.21,518801292
2026-05-14 15:05:00,84.21,84.25,84.19,84.2,38010
2026-05-14 15:10:00,84.29,84.29,84.02,84.12,831397147
2026-05-14 15:15:00,84.15,84.18,84.01,84.12,154086
2026-05-14 15:20:00,84.12,84.28,84.0,84.24,712498873
2026-05-14 15:25:00,84.12,84.28,84.0,84.24,203671
2026-05-15 09:15:00,84.18,84.34,83.7,83.84,210511
2026-05-15 09:20:00,83.9,83.99,83.73,83.9,58422424
2026-05-15 09:25:00,83.8,84.0,83.73,83.77,153137
2026-05-15 09:30:00,83.85,84.0,83.64,83.89,107632801
2026-05-15 09:35:00,83.77,84.0,83.62,83.99,138425
2026-05-15 09:40:00,83.89,84.07,83.85,83.98,142202337
2026-05-15 09:45:00,83.98,84.09,83.93,84.09,60862
2026-05-15 09:50:00,84.08,84.1,84.0,84.1,35405159
2026-05-15 09:55:00,84.1,84.12,84.0,84.05,50668
2026-05-15 10:00:00,84.1,84.1,83.8,83.83,185559507
2026-05-15 10:10:00,83.83,84.02,83.82,83.93,219675268
2026-05-15 10:20:00,83.9,84.04,83.81,83.97,237276210
2026-05-15 10:30:00,83.97,84.0,83.84,83.89,271428764
2026-05-15 10:40:00,83.89,83.95,83.83,83.95,279226139
2026-05-15 10:50:00,83.95,84.05,83.92,83.95,331485781
2026-05-15 11:00:00,83.95,83.95,83.95,83.95,1057842
2026-05-15 11:40:00,83.8,83.8,83.67,83.79,286445808
2026-05-15 11:50:00,83.79,83.82,83.71,83.77,348175721
2026-05-15 12:00:00,83.77,83.85,83.75,83.81,425405024
2026-05-15 12:10:00,83.83,83.89,83.8,83.88,364681722
2026-05-15 12:20:00,83.88,83.9,83.77,83.84,433587451
2026-05-15 12:30:00,83.84,83.84,83.73,83.75,405009701
2026-05-15 12:40:00,83.75,83.96,83.75,83.95,421964104
2026-05-15 12:50:00,83.95,84.05,83.95,84.04,491062072
2026-05-15 13:00:00,84.04,84.06,83.94,84.05,445227768
2026-05-15 13:10:00,84.0,84.05,83.98,84.0,477319372
2026-05-15 13:20:00,84.0,84.08,83.96,84.07,437946803
2026-05-15 13:30:00,84.06,84.09,83.9,83.97,459465668
2026-05-15 13:40:00,83.97,84.0,83.87,83.9,485058226
2026-05-15 13:50:00,83.88,83.97,83.85,83.97,442467030
2026-05-15 14:00:00,83.97,83.98,83.9,83.95,404696359
2026-05-15 14:10:00,83.95,83.99,83.9,83.98,444754915
2026-05-15 14:20:00,83.98,83.98,83.92,83.98,412436862
2026-05-15 14:30:00,83.98,83.98,83.88,83.88,453075440
2026-05-15 14:40:00,83.88,83.97,83.82,83.88,450137400
2026-05-15 14:50:00,83.84,83.98,83.8,83.94,486319428
2026-05-15 15:00:00,83.94,83.96,83.82,83.88,430313160
2026-05-15 15:10:00,83.84,83.9,83.75,83.85,454561986
2026-05-15 15:20:00,83.85,83.92,83.79,83.92,497430789
2026-05-18 09:20:00,82.35,82.35,82.01,82.09,93040782
2026-05-18 09:30:00,82.09,82.3,82.0,82.12,163152510
2026-05-18 09:40:00,82.07,82.34,82.03,82.06,208262896
2026-05-18 09:50:00,82.05,82.28,82.04,82.28,236394525
2026-05-18 10:00:00,82.28,82.3,82.1,82.17,299928929
2026-05-18 10:10:00,82.16,82.37,82.0,82.33,382814869
2026-05-18 10:20:00,82.38,82.38,82.06,82.08,388884357
2026-05-18 10:30:00,82.11,82.25,81.85,82.25,411176065
2026-05-18 10:40:00,82.25,82.3,82.14,82.2,447851988
2026-05-18 10:50:00,82.2,82.41,82.15,82.36,491566240
2026-05-18 11:00:00,82.36,82.45,82.21,82.36,505046417
2026-05-18 11:10:00,82.3,82.36,82.17,82.24,590142888
2026-05-18 11:20:00,82.24,82.34,82.14,82.24,596548756
2026-05-18 11:30:00,82.24,82.46,82.21,82.44,640592369
2026-05-18 11:40:00,82.44,82.47,82.19,82.2,653283341
2026-05-18 11:50:00,82.23,82.23,82.06,82.1,727173288
2026-05-18 12:00:00,82.1,82.2,82.03,82.2,667869920
2026-05-18 12:15:00,82.2,82.25,82.11,82.22,39058
2026-05-18 12:20:00,82.15,82.28,82.13,82.22,566857779
2026-05-18 12:30:00,82.22,82.35,82.18,82.35,758710259
2026-05-18 12:40:00,82.35,82.39,82.25,82.29,767847945
2026-05-18 12:50:00,82.25,82.35,82.17,82.31,756916827
2026-05-18 13:00:00,82.31,82.45,82.3,82.39,761118235
2026-05-18 13:10:00,82.39,82.48,82.3,82.4,787608508
2026-05-18 13:20:00,82.35,82.49,82.3,82.4,745463265
2026-05-18 13:30:00,82.4,82.47,82.35,82.4,811397162
2026-05-18 13:40:00,82.4,82.47,82.31,82.43,913673731
2026-05-18 13:50:00,82.4,82.5,82.38,82.44,878913523
2026-05-18 14:00:00,82.45,82.96,82.35,82.91,998525113
2026-05-18 14:10:00,82.91,83.34,82.6,82.96,1083128525
2026-05-18 14:20:00,82.95,83.05,82.92,83.0,953981035
2026-05-18 14:30:00,83.04,83.55,83.0,83.54,1095417854
2026-05-18 14:40:00,83.5,83.7,83.45,83.5,1115297680
2026-05-18 14:50:00,83.52,83.6,83.5,83.55,1047803706
2026-05-18 15:00:00,83.55,83.8,83.55,83.73,830180970
2026-05-18 15:10:00,83.71,83.85,83.54,83.74,913019365
2026-05-18 15:20:00,83.71,84.25,83.71,84.2,911798289
2026-05-19 09:20:00,83.79,84.0,83.75,83.81,37583934
2026-05-19 09:30:00,83.82,83.87,83.5,83.8,87103161
2026-05-19 09:40:00,83.8,84.0,83.77,83.88,112561067
2026-05-19 09:50:00,83.9,83.9,83.6,83.61,152077010
2026-05-19 10:00:00,83.66,83.9,83.61,83.83,165394829
2026-05-19 10:10:00,83.89,84.0,83.8,83.96,174602782
2026-05-19 10:20:00,83.93,84.0,83.87,83.97,199588138
2026-05-19 10:30:00,84.0,84.0,83.9,83.92,222188096
2026-05-19 10:40:00,83.92,84.0,83.9,83.94,230095283
2026-05-19 10:50:00,83.99,84.0,83.91,84.0,234809343
2026-05-19 11:00:00,84.0,84.0,83.88,83.95,252421104
2026-05-19 11:10:00,83.95,84.0,83.87,83.92,246965205
2026-05-19 11:20:00,83.92,83.95,83.83,83.9,279950030
2026-05-19 11:30:00,83.95,83.95,83.81,83.89,301109514
2026-05-19 11:40:00,83.89,83.97,83.82,83.89,294949471
2026-05-19 11:50:00,83.89,83.95,83.82,83.93,303167749
2026-05-19 12:00:00,83.93,83.98,83.84,83.95,341751605
2026-05-19 12:10:00,83.97,83.99,83.85,83.9,326109336
2026-05-19 12:20:00,83.89,84.0,83.85,83.99,308785770
2026-05-19 12:30:00,83.99,84.0,83.91,83.98,312011383
2026-05-19 12:40:00,83.99,84.17,83.92,84.01,409734026
2026-05-19 12:50:00,84.01,84.1,83.93,83.93,442105497
2026-05-19 13:00:00,83.93,84.0,83.9,83.91,362351777
2026-05-19 13:10:00,83.95,83.99,83.81,83.89,407636046
2026-05-19 13:20:00,83.89,83.95,83.8,83.9,364124375
2026-05-19 13:30:00,83.89,83.94,83.82,83.93,360818596
2026-05-19 13:40:00,83.93,83.93,83.82,83.86,367378769
2026-05-19 13:50:00,83.86,83.89,83.67,83.69,437305876
2026-05-19 14:00:00,83.69,83.96,83.68,83.9,448242874
2026-05-19 14:10:00,83.94,83.95,83.86,83.88,448016078
2026-05-19 14:20:00,83.93,83.94,83.83,83.9,421979036
2026-05-19 14:30:00,83.9,83.93,83.8,83.8,440606833
2026-05-19 14:40:00,83.88,83.89,83.7,83.78,430746794
2026-05-19 14:50:00,83.77,83.9,83.77,83.88,483002489
2026-05-19 15:00:00,83.88,84.0,83.82,84.0,477406690
2026-05-19 15:10:00,83.98,83.98,83.83,83.88,462468725
2026-05-19 15:20:00,83.88,83.94,83.82,83.9,472672641
2026-05-20 09:15:00,83.49,83.59,82.69,82.75,247857
2026-05-20 09:20:00,82.92,82.97,82.71,82.9,61032985
2026-05-20 09:25:00,82.76,83.04,82.71,83.04,100402
2026-05-20 09:30:00,82.9,83.05,82.86,82.97,94665358
2026-05-20 09:35:00,83.04,83.05,82.82,82.91,89725
2026-05-20 09:40:00,82.97,82.97,82.82,82.95,128057424
2026-05-20 09:45:00,82.91,82.99,82.75,82.92,134156
2026-05-20 09:50:00,82.97,82.99,82.75,82.9,151962476
2026-05-20 09:55:00,82.89,82.95,82.8,82.86,45393
2026-05-20 10:00:00,82.9,82.95,82.73,82.81,195452620
2026-05-20 10:05:00,82.81,82.87,82.73,82.83,52649
2026-05-20 10:10:00,82.81,82.89,82.76,82.83,206002342
2026-05-20 10:15:00,82.84,82.89,82.79,82.86,33590
2026-05-20 10:20:00,82.83,82.96,82.82,82.92,219518924
2026-05-20 10:25:00,82.86,83.0,82.85,83.0,52946
2026-05-20 10:30:00,82.9,83.0,82.87,83.0,214652984
2026-05-20 10:35:00,83.0,83.11,82.94,83.0,35816
2026-05-20 10:40:00,83.0,83.11,82.95,83.01,254689035
2026-05-20 10:45:00,82.98,83.06,82.95,83.03,29157
2026-05-20 10:50:00,83.01,83.07,82.95,83.05,244359621
2026-05-20 10:55:00,83.03,83.18,83.0,83.18,30575
2026-05-20 11:00:00,83.05,83.2,83.03,83.19,244699381
2026-05-20 11:05:00,83.18,83.2,83.15,83.2,51690
2026-05-20 11:10:00,83.19,83.22,82.91,82.97,257100294
2026-05-20 11:15:00,83.2,83.22,82.65,82.7,171025
2026-05-20 11:20:00,82.96,82.98,82.65,82.77,418794908
2026-05-20 11:25:00,82.7,82.83,82.67,82.72,73386
2026-05-20 11:30:00,82.82,82.84,82.7,82.8,380892607
2026-05-20 11:35:00,82.75,82.84,82.7,82.75,56435
2026-05-20 11:40:00,82.8,82.84,82.75,82.8,435681178
2026-05-20 11:45:00,82.75,82.82,82.69,82.75,121155
2026-05-20 11:50:00,82.82,82.82,82.69,82.79,469316365
2026-05-20 11:55:00,82.75,82.8,82.7,82.77,56603
2026-05-20 12:00:00,82.79,82.8,82.7,82.71,421538329
2026-05-20 12:05:00,82.76,82.79,82.7,82.72,36600
2026-05-20 12:10:00,82.76,82.8,82.71,82.71,393707123
2026-05-20 12:15:00,82.72,82.8,82.71,82.73,55941
2026-05-20 12:20:00,82.76,82.78,82.7,82.72,473095382
2026-05-20 12:25:00,82.78,82.8,82.6,82.62,155363
2026-05-20 12:30:00,82.72,82.8,82.54,82.63,532199066
2026-05-20 12:35:00,82.62,82.7,82.54,82.62,61929
2026-05-20 12:40:00,82.63,82.7,82.62,82.64,559763484
2026-05-20 12:45:00,82.62,82.71,82.62,82.7,31651
2026-05-20 12:50:00,82.64,82.74,82.62,82.73,605941588
2026-05-20 12:55:00,82.68,82.74,82.65,82.72,31797
2026-05-20 13:00:00,82.73,82.74,82.66,82.71,541339126
2026-05-20 13:05:00,82.72,82.73,82.66,82.72,47791
2026-05-20 13:10:00,82.71,82.73,82.66,82.67,585888309
2026-05-20 13:15:00,82.72,82.73,82.66,82.67,34521
2026-05-20 13:20:00,82.72,82.72,82.66,82.66,560467087
2026-05-20 13:25:00,82.71,82.71,82.65,82.66,23942
2026-05-20 13:30:00,82.7,82.7,82.65,82.69,555421292
2026-05-20 13:35:00,82.69,82.71,82.64,82.71,40789
2026-05-20 13:40:00,82.69,82.71,82.64,82.67,611491560
2026-05-20 13:45:00,82.71,82.75,82.65,82.7,37955
2026-05-20 13:50:00,82.67,82.75,82.6,82.63,624094165
2026-05-20 13:55:00,82.7,82.75,82.6,82.69,73151
2026-05-20 14:00:00,82.63,82.72,82.61,82.71,609389444
2026-05-20 14:05:00,82.69,82.85,82.64,82.8,69733
2026-05-20 14:10:00,82.71,82.85,82.66,82.73,617970949
2026-05-20 14:15:00,82.79,82.82,82.71,82.79,54529
2026-05-20 14:20:00,82.73,82.84,82.71,82.79,621955620
2026-05-20 14:25:00,82.82,82.84,82.71,82.79,45268
2026-05-20 14:30:00,82.79,82.8,82.71,82.78,747686371
2026-05-20 14:35:00,82.79,82.8,82.72,82.8,37602
2026-05-20 14:40:00,82.78,82.85,82.74,82.85,676644931
2026-05-20 14:45:00,82.76,82.89,82.75,82.85,88631
2026-05-20 14:50:00,82.85,82.89,82.75,82.81,687540822
2026-05-20 14:55:00,82.87,82.87,82.63,82.63,101173
2026-05-20 15:00:00,82.81,82.82,82.6,82.7,671277509
2026-05-20 15:05:00,82.63,82.72,82.6,82.65,165512
2026-05-20 15:10:00,82.69,82.72,82.6,82.69,547660299
2026-05-20 15:15:00,82.67,82.7,82.56,82.64,169783
2026-05-20 15:20:00,82.69,82.7,82.56,82.65,682290310
2026-05-20 15:25:00,82.64,82.68,82.56,82.65,87081
2026-05-21 09:15:00,83.14,83.53,83.05,83.37,212828
2026-05-21 09:20:00,83.25,83.4,83.12,83.13,47692057
2026-05-21 09:25:00,83.33,83.37,83.01,83.06,119034
2026-05-21 09:30:00,83.14,83.28,83.01,83.28,83580167
2026-05-21 09:35:00,83.1,83.28,83.08,83.2,98375
2026-05-21 09:40:00,83.28,83.28,83.08,83.15,106958660
2026-05-21 09:45:00,83.2,83.2,83.06,83.15,70127
2026-05-21 09:50:00,83.16,83.35,83.06,83.17,134241771
2026-05-21 09:55:00,83.19,83.35,83.1,83.19,83102
2026-05-21 10:00:00,83.18,83.21,83.1,83.19,151405123
2026-05-21 10:05:00,83.16,83.19,83.11,83.17,45378
2026-05-21 10:10:00,83.19,83.28,83.1,83.19,177035546
2026-05-21 10:15:00,83.17,83.28,83.12,83.17,54496
2026-05-21 10:20:00,83.27,83.27,83.19,83.22,80169218
2026-05-21 10:25:00,83.17,83.27,83.12,83.2,46206
2026-05-21 10:30:00,83.26,83.27,83.05,83.07,202866424
2026-05-21 10:35:00,83.2,83.2,83.05,83.16,88713
2026-05-21 10:40:00,83.12,83.16,83.05,83.05,237380589
2026-05-21 10:45:00,83.16,83.16,83.05,83.15,23384
2026-05-21 10:50:00,83.05,83.15,83.05,83.09,217443933
2026-05-21 10:55:00,83.15,83.15,83.04,83.09,26914
2026-05-21 11:00:00,83.11,83.14,83.01,83.05,256689181
2026-05-21 11:05:00,83.1,83.1,83.0,83.04,45011
2026-05-21 11:10:00,83.05,83.05,82.87,82.92,273947020
2026-05-21 11:15:00,82.98,83.02,82.85,83.0,149717
2026-05-21 11:20:00,82.94,83.22,82.92,83.14,273157781
2026-05-21 11:25:00,83.01,83.24,83.0,83.24,59850
2026-05-21 11:30:00,83.16,83.24,82.91,82.97,343510967
2026-05-21 11:35:00,83.18,83.24,82.9,82.97,48326
2026-05-21 11:40:00,82.91,83.0,82.9,82.94,341612192
2026-05-21 11:45:00,82.99,83.0,82.9,82.98,149243
2026-05-21 11:50:00,82.94,82.98,82.91,82.98,379623707
2026-05-21 11:55:00,82.95,82.98,82.9,82.98,23135
2026-05-21 12:00:00,82.98,82.98,82.86,82.95,375990171
2026-05-21 12:05:00,82.98,82.98,82.85,82.91,35730
2026-05-21 12:10:00,82.97,82.98,82.85,82.94,371532402
2026-05-21 12:15:00,82.91,82.95,82.85,82.85,29447
2026-05-21 12:20:00,82.94,82.95,82.83,82.84,382700142
2026-05-21 12:25:00,82.89,82.91,82.81,82.83,25609
2026-05-21 12:30:00,82.88,82.94,82.81,82.85,360342353
2026-05-21 12:35:00,82.82,82.94,82.63,82.63,67984
2026-05-21 12:40:00,82.85,82.85,82.61,82.65,405522440
2026-05-21 12:45:00,82.62,82.68,82.61,82.65,28536
2026-05-21 12:50:00,82.65,82.68,82.62,82.64,419516996
2026-05-21 12:55:00,82.65,82.65,82.6,82.61,25401
2026-05-21 13:00:00,82.64,82.67,82.6,82.65,408669705
2026-05-21 13:05:00,82.65,82.7,82.61,82.68,45540
2026-05-21 13:10:00,82.65,82.84,82.62,82.8,426888136
2026-05-21 13:15:00,82.68,82.95,82.65,82.89,31258
2026-05-21 13:20:00,82.84,82.95,82.81,82.88,440308450
2026-05-21 13:25:00,82.9,82.91,82.71,82.91,59639
2026-05-21 13:30:00,82.88,82.93,82.71,82.91,457070238
2026-05-21 13:35:00,82.91,83.0,82.87,82.98,40148
2026-05-21 13:40:00,82.91,83.0,82.91,82.98,209732318
2026-05-21 13:45:00,82.98,83.0,82.9,83.0,107136
2026-05-21 13:55:00,82.96,83.0,82.71,82.75,67112
2026-05-21 14:00:00,82.77,82.8,82.7,82.75,327422390
2026-05-21 14:05:00,82.77,82.8,82.7,82.75,35870
2026-05-21 14:10:00,82.75,82.77,82.7,82.75,581447066
2026-05-21 14:15:00,82.75,82.8,82.7,82.75,51512
2026-05-21 14:25:00,82.75,82.79,82.7,82.75,26949
2026-05-21 14:35:00,82.76,82.8,82.7,82.79,36403
2026-05-21 14:40:00,82.79,82.8,82.72,82.79,254548067
2026-05-21 14:45:00,82.79,82.8,82.72,82.79,70182
2026-05-21 14:50:00,82.79,82.8,82.7,82.7,559809527
2026-05-21 15:00:00,82.75,82.8,82.65,82.78,596832037
2026-05-21 15:10:00,82.78,82.8,82.67,82.67,619141908
2026-05-21 15:20:00,82.69,82.75,82.6,82.7,632956806
