datetime,open,high,low,close,volume
2026-02-01 09:15:00,181.75,181.75,180.2,180.5,86300
2026-02-01 09:25:00,180.47,180.54,180.0,180.1,25580
2026-02-01 09:35:00,180.1,180.4,180.01,180.39,31295
2026-02-01 09:45:00,180.34,180.4,180.15,180.2,57903
2026-02-01 09:55:00,180.15,180.29,179.63,180.13,52124
2026-02-01 10:05:00,180.12,180.4,179.98,180.39,16860
2026-02-01 10:15:00,180.4,180.4,179.86,179.98,47961
2026-02-01 10:25:00,179.98,180.24,179.9,180.07,21780
2026-02-01 10:35:00,180.07,180.25,180.0,180.24,31732
2026-02-01 10:45:00,180.24,180.4,180.02,180.22,43495
2026-02-01 10:55:00,180.25,180.39,180.15,180.17,21983
2026-02-01 11:05:00,180.15,180.4,180.1,180.1,41648
2026-02-01 11:15:00,180.11,180.38,180.05,180.25,24789
2026-02-01 11:25:00,180.27,180.34,180.09,180.25,28666
2026-02-01 11:35:00,180.25,181.41,179.55,179.55,209841
2026-02-01 11:45:00,179.63,179.76,179.16,179.41,34360
2026-02-01 11:55:00,179.41,179.5,179.18,179.26,25311
2026-02-01 12:05:00,179.29,179.5,178.55,178.56,56784
2026-02-01 12:15:00,178.56,179.07,178.25,178.25,48165
2026-02-01 12:25:00,178.34,178.72,176.73,177.82,107423
2026-02-01 12:35:00,177.94,178.95,177.8,178.5,82391
2026-02-01 12:45:00,178.41,178.82,177.71,178.25,62686
2026-02-01 12:55:00,178.22,178.5,178.12,178.26,33340
2026-02-01 13:05:00,178.26,178.5,178.25,178.45,39393
2026-02-01 13:15:00,178.47,178.51,178.31,178.43,40636
2026-02-01 13:25:00,178.5,178.55,178.42,178.43,24227
2026-02-01 13:35:00,178.43,178.7,178.43,178.43,30532
2026-02-01 13:45:00,178.44,178.57,178.25,178.33,16724
2026-02-01 13:55:00,178.25,178.5,178.22,178.44,14198
2026-02-01 14:05:00,178.5,179.37,178.44,178.64,60109
2026-02-01 14:15:00,178.52,178.79,178.2,178.38,34802
2026-02-01 14:25:00,178.35,179.1,178.35,179.0,22478
2026-02-01 14:35:00,179.0,179.08,178.95,179.01,10723
2026-02-01 14:45:00,179.01,179.07,178.46,178.62,20428
2026-02-01 14:55:00,178.63,178.74,178.0,178.15,59319
2026-02-01 15:05:00,178.14,178.35,178.0,178.11,55472
2026-02-01 15:15:00,178.11,179.35,178.0,179.25,146669
2026-02-01 15:25:00,179.0,179.05,177.95,178.0,59485
2026-02-02 09:15:00,178.3,180.25,176.79,179.61,351177
2026-02-02 09:25:00,179.6,179.73,178.73,179.35,102193
2026-02-02 09:35:00,179.5,179.9,178.99,179.07,66105
2026-02-02 09:45:00,179.07,179.55,178.75,179.3,59625
2026-02-02 09:55:00,179.3,179.43,178.2,178.35,68206
2026-02-02 10:05:00,178.36,178.5,178.0,178.46,85105
2026-02-02 10:15:00,178.37,178.5,178.22,178.4,41732
2026-02-02 10:25:00,178.3,178.4,177.99,178.08,73332
2026-02-02 10:35:00,178.2,178.39,177.93,178.39,75411
2026-02-02 10:45:00,178.35,178.35,178.07,178.16,22111
2026-02-02 10:55:00,178.16,178.16,177.32,177.45,63922
2026-02-02 11:05:00,177.47,177.48,176.86,176.88,63672
2026-02-02 11:15:00,176.85,177.0,176.25,176.35,53362
2026-02-02 11:25:00,176.35,177.41,176.11,177.37,66152
2026-02-02 11:35:00,177.45,177.8,177.12,177.61,73736
2026-02-02 11:45:00,177.7,177.75,177.05,177.38,35037
2026-02-02 11:55:00,177.47,177.76,177.2,177.39,69525
2026-02-02 12:05:00,177.39,177.8,177.1,177.78,34199
2026-02-02 12:15:00,177.78,178.17,177.69,177.74,32855
2026-02-02 12:25:00,177.85,178.4,177.75,178.34,26329
2026-02-02 12:35:00,178.34,178.82,178.21,178.7,44640
2026-02-02 12:45:00,178.7,178.82,178.5,178.74,18357
2026-02-02 12:55:00,178.74,179.5,178.74,179.2,59493
2026-02-02 13:05:00,179.2,180.0,179.05,179.9,367331
2026-02-02 13:15:00,179.79,180.01,179.19,179.32,359283
2026-02-02 13:25:00,179.32,179.57,179.1,179.16,23781
2026-02-02 13:35:00,179.16,180.1,179.16,179.68,439487
2026-02-02 13:45:00,179.67,179.86,179.52,179.68,21061
2026-02-02 13:55:00,179.75,180.12,179.6,180.0,257120
2026-02-02 14:05:00,180.0,180.15,179.87,179.87,55508
2026-02-02 14:15:00,179.87,180.0,179.8,179.89,27208
2026-02-02 14:25:00,179.89,181.5,179.89,181.41,75767
2026-02-02 14:35:00,181.41,185.4,181.41,185.0,479157
2026-02-02 14:45:00,184.81,184.97,183.66,184.42,118518
2026-02-02 14:55:00,184.38,185.4,184.3,185.15,157282
2026-02-02 15:05:00,185.24,185.95,185.24,185.83,187822
2026-02-02 15:15:00,185.83,186.0,185.5,185.82,173381
2026-02-02 15:25:00,185.92,185.95,185.8,185.8,82840
2026-02-03 09:15:00,193.5,193.5,186.57,186.74,345724
2026-02-03 09:25:00,186.74,187.0,185.5,185.72,198328
2026-02-03 09:35:00,185.75,186.54,184.4,184.52,149794
2026-02-03 09:45:00,184.61,185.65,184.3,185.11,107751
2026-02-03 09:55:00,185.11,185.32,184.41,184.87,74035
2026-02-03 10:05:00,184.87,184.99,184.0,184.31,89886
2026-02-03 10:15:00,184.08,184.67,184.08,184.57,41852
2026-02-03 10:25:00,184.57,184.72,184.26,184.5,87697
2026-02-03 10:35:00,184.5,184.74,184.23,184.44,56542
2026-02-03 10:45:00,184.34,184.77,183.77,184.55,178207
2026-02-03 10:55:00,184.52,186.0,184.52,185.65,273874
2026-02-03 11:05:00,185.65,186.2,185.51,186.11,134130
2026-02-03 11:15:00,186.11,186.22,185.7,185.7,49846
2026-02-03 11:25:00,185.8,185.85,184.79,185.13,145747
2026-02-03 11:35:00,185.2,186.18,184.87,185.91,82205
2026-02-03 11:45:00,186.02,186.2,185.7,185.83,60586
2026-02-03 11:55:00,185.83,185.83,185.25,185.43,42868
2026-02-03 12:05:00,185.44,186.2,185.34,186.09,155415
2026-02-03 12:15:00,186.1,186.12,185.88,186.05,45442
2026-02-03 12:25:00,186.07,186.12,185.85,185.93,16698
2026-02-03 12:35:00,186.0,186.07,185.64,186.02,26075
2026-02-03 12:45:00,186.02,186.03,185.65,185.65,27463
2026-02-03 12:55:00,185.7,186.0,185.69,185.95,24278
2026-02-03 13:05:00,185.95,186.2,185.76,185.92,51833
2026-02-03 13:15:00,185.91,186.0,185.88,185.88,10190
2026-02-03 13:25:00,185.96,185.97,185.44,185.46,23751
2026-02-03 13:35:00,185.46,185.65,185.12,185.54,31648
2026-02-03 13:45:00,185.64,185.69,185.4,185.65,36760
2026-02-03 13:55:00,185.65,185.7,185.35,185.35,47335
2026-02-03 14:05:00,185.4,185.63,185.26,185.5,56939
2026-02-03 14:15:00,185.5,185.51,185.14,185.2,33319
2026-02-03 14:25:00,185.25,185.34,185.02,185.21,46535
2026-02-03 14:35:00,185.15,185.65,185.15,185.65,153272
2026-02-03 14:45:00,185.65,185.72,185.47,185.55,80116
2026-02-03 14:55:00,185.54,185.64,185.0,185.62,80143
2026-02-03 15:05:00,185.61,187.15,185.46,186.98,274367
2026-02-03 15:15:00,186.98,186.98,185.76,186.0,156027
2026-02-03 15:25:00,186.0,186.18,185.54,186.1,73597
2026-02-04 09:15:00,186.0,186.0,182.21,184.3,180939
2026-02-04 09:25:00,184.1,184.71,183.75,184.26,69644
2026-02-04 09:35:00,184.34,184.56,183.75,183.88,59468
2026-02-04 09:45:00,183.88,184.8,183.88,184.7,48106
2026-02-04 09:55:00,184.65,184.8,184.41,184.5,22336
2026-02-04 10:05:00,184.5,185.12,184.45,185.1,30429
2026-02-04 10:15:00,185.1,185.1,184.7,184.92,32795
2026-02-04 10:25:00,184.92,184.99,184.5,184.59,37227
2026-02-04 10:35:00,184.59,185.0,184.38,184.9,25876
2026-02-04 10:45:00,184.9,184.98,184.61,184.84,12681
2026-02-04 10:55:00,184.83,184.98,184.5,184.85,31494
2026-02-04 11:05:00,184.85,184.95,184.3,184.4,31118
2026-02-04 11:15:00,184.4,184.55,184.23,184.35,11538
2026-02-04 11:25:00,184.35,184.45,184.04,184.33,14352
2026-02-04 11:35:00,184.25,184.79,184.23,184.76,12927
2026-02-04 11:45:00,184.76,184.9,184.2,184.45,30896
2026-02-04 11:55:00,184.45,184.9,184.34,184.67,10391
2026-02-04 12:05:00,184.68,185.28,184.52,185.21,41296
2026-02-04 12:15:00,185.26,185.6,185.1,185.35,70841
2026-02-04 12:25:00,185.34,185.5,185.02,185.3,22725
2026-02-04 12:35:00,185.3,185.36,185.03,185.25,12452
2026-02-04 12:45:00,185.2,185.25,184.9,185.02,18385
2026-02-04 12:55:00,185.02,185.22,184.6,184.87,35755
2026-02-04 13:05:00,184.87,185.0,184.6,184.89,39220
2026-02-04 13:15:00,184.89,185.0,184.6,184.79,17114
2026-02-04 13:25:00,184.75,184.95,184.64,184.86,9798
2026-02-04 13:35:00,184.85,185.0,184.75,184.8,33265
2026-02-04 13:45:00,184.8,184.87,184.63,184.74,8192
2026-02-04 13:55:00,184.85,185.1,184.72,184.95,42566
2026-02-04 14:05:00,184.96,185.27,184.9,185.1,11073
2026-02-04 14:15:00,185.1,185.26,185.0,185.09,10857
2026-02-04 14:25:00,185.03,185.39,185.0,185.3,24074
2026-02-04 14:35:00,185.3,185.99,185.2,185.85,101125
2026-02-04 14:45:00,185.85,185.99,185.54,185.82,43654
2026-02-04 14:55:00,185.76,185.95,185.64,185.88,29345
2026-02-04 15:05:00,185.88,186.0,185.75,185.83,56640
2026-02-04 15:15:00,185.71,185.89,185.48,185.61,89919
2026-02-04 15:25:00,185.62,185.8,185.51,185.8,51293
2026-02-05 09:15:00,185.75,185.75,184.01,184.67,95187
2026-02-05 09:25:00,184.67,184.91,184.41,184.85,29519
2026-02-05 09:35:00,184.85,184.99,184.51,184.6,63744
2026-02-05 09:45:00,184.6,184.88,184.51,184.51,17874
2026-02-05 09:55:00,184.54,184.54,184.0,184.11,72218
2026-02-05 10:05:00,184.11,184.5,184.1,184.42,13164
2026-02-05 10:15:00,184.42,184.5,184.1,184.15,19499
2026-02-05 10:25:00,184.15,184.32,184.11,184.3,6484
2026-02-05 10:35:00,184.3,184.44,184.2,184.25,9714
2026-02-05 10:45:00,184.25,184.35,184.01,184.06,22890
2026-02-05 10:55:00,184.06,184.13,183.73,184.05,47719
2026-02-05 11:05:00,184.05,184.21,183.93,184.21,9628
2026-02-05 11:15:00,184.1,184.25,184.06,184.22,7035
2026-02-05 11:25:00,184.22,184.44,184.11,184.25,17133
2026-02-05 11:35:00,184.25,184.64,184.11,184.4,107443
2026-02-05 11:45:00,184.4,184.5,184.25,184.25,30668
2026-02-05 11:55:00,184.25,184.35,184.09,184.17,14083
2026-02-05 12:05:00,184.17,184.28,184.16,184.16,4122
2026-02-05 12:15:00,184.11,184.2,183.9,183.92,29546
2026-02-05 12:25:00,183.99,183.99,183.9,183.93,12678
2026-02-05 12:35:00,183.93,184.2,183.92,184.08,23685
2026-02-05 12:45:00,184.08,184.2,184.06,184.13,4273
2026-02-05 12:55:00,184.13,184.23,183.92,183.99,18587
2026-02-05 13:05:00,183.92,184.3,183.92,184.3,31848
2026-02-05 13:15:00,184.3,184.3,184.03,184.19,25036
2026-02-05 13:25:00,184.12,184.2,184.04,184.08,13610
2026-02-05 13:35:00,184.08,184.2,183.8,183.99,40146
2026-02-05 13:45:00,183.99,184.12,183.71,183.8,21905
2026-02-05 13:55:00,183.8,183.93,183.52,183.65,28754
2026-02-05 14:05:00,183.74,183.89,183.61,183.76,13791
2026-02-05 14:15:00,183.74,183.74,183.55,183.7,6626
2026-02-05 14:25:00,183.7,183.7,183.22,183.5,38482
2026-02-05 14:35:00,183.51,183.54,183.39,183.49,13734
2026-02-05 14:45:00,183.49,183.66,183.4,183.49,32873
2026-02-05 14:55:00,183.5,183.54,183.26,183.37,37290
2026-02-05 15:05:00,183.27,183.5,182.52,182.75,100769
2026-02-05 15:15:00,182.85,183.19,182.55,183.18,104448
2026-02-05 15:25:00,183.18,183.3,183.0,183.2,29934
2026-02-06 09:15:00,181.35,182.12,180.24,180.3,231279
2026-02-06 09:25:00,180.24,180.33,179.4,179.8,163639
2026-02-06 09:35:00,179.68,179.79,179.31,179.4,56329
2026-02-06 09:45:00,179.4,180.25,179.4,179.87,77660
2026-02-06 09:55:00,179.8,179.87,179.65,179.69,19904
2026-02-06 10:05:00,179.69,179.77,179.5,179.56,29625
2026-02-06 10:15:00,179.61,179.89,179.5,179.86,41575
2026-02-06 10:25:00,179.86,179.9,179.5,179.52,37831
2026-02-06 10:35:00,179.52,179.99,179.52,179.91,34080
2026-02-06 10:45:00,179.91,179.98,179.8,179.95,19900
2026-02-06 10:55:00,179.97,180.0,179.87,179.94,15663
2026-02-06 11:05:00,179.94,180.4,179.94,180.4,76157
2026-02-06 11:15:00,180.4,180.6,180.17,180.39,87274
2026-02-06 11:25:00,180.39,180.43,180.12,180.38,56346
2026-02-06 11:35:00,180.38,180.46,180.24,180.33,84532
2026-02-06 11:45:00,180.33,181.98,180.31,181.8,149649
2026-02-06 11:55:00,181.8,182.22,181.58,181.69,168334
2026-02-06 12:05:00,181.69,181.7,181.25,181.6,55949
2026-02-06 12:15:00,181.6,181.6,181.1,181.35,27573
2026-02-06 12:25:00,181.35,181.4,181.1,181.23,43438
2026-02-06 12:35:00,181.18,181.34,181.1,181.1,18604
2026-02-06 12:45:00,181.1,181.19,180.06,180.16,159383
2026-02-06 12:55:00,180.16,180.44,180.0,180.07,84596
2026-02-06 13:05:00,180.07,180.11,180.0,180.01,52916
2026-02-06 13:15:00,180.01,180.21,179.9,179.99,101110
2026-02-06 13:25:00,179.91,180.15,179.91,180.0,103185
2026-02-06 13:35:00,179.99,180.15,179.9,180.0,47267
2026-02-06 13:45:00,179.99,180.01,179.82,180.0,116839
2026-02-06 13:55:00,180.0,180.0,179.7,179.89,133554
2026-02-06 14:05:00,179.89,180.03,179.84,179.97,83772
2026-02-06 14:15:00,179.97,179.98,179.76,179.85,41459
2026-02-06 14:25:00,179.85,179.93,179.7,179.72,17102
2026-02-06 14:35:00,179.72,179.96,179.62,179.79,32745
2026-02-06 14:45:00,179.79,179.96,179.72,179.85,58131
2026-02-06 14:55:00,179.85,180.19,179.81,180.18,326569
2026-02-06 15:05:00,180.17,181.33,180.15,181.2,223297
2026-02-06 15:15:00,181.19,181.95,181.02,181.8,181193
2026-02-06 15:25:00,181.8,181.93,181.03,181.6,119975
2026-02-09 09:15:00,182.0,183.0,181.0,182.14,217488
2026-02-09 09:25:00,182.14,183.1,182.13,182.7,163039
2026-02-09 09:35:00,182.67,182.74,181.73,181.9,75669
2026-02-09 09:45:00,181.9,182.0,181.53,181.72,151768
2026-02-09 09:55:00,181.71,182.0,181.7,181.97,95809
2026-02-09 10:05:00,181.97,182.0,181.65,181.75,93149
2026-02-09 10:15:00,181.75,181.85,181.69,181.75,86809
2026-02-09 10:25:00,181.75,181.75,181.67,181.75,145776
2026-02-09 10:35:00,181.75,181.75,181.31,181.49,79808
2026-02-09 10:45:00,181.49,181.61,181.25,181.44,24531
2026-02-09 10:55:00,181.44,181.75,181.44,181.69,82012
2026-02-09 11:05:00,181.69,181.77,181.5,181.74,158131
2026-02-09 11:15:00,181.74,182.1,181.61,181.95,289162
2026-02-09 11:25:00,181.95,182.24,181.85,182.2,110197
2026-02-09 11:35:00,182.2,182.2,181.9,182.05,37509
2026-02-09 11:45:00,182.01,182.23,181.96,182.2,56399
2026-02-09 11:55:00,182.2,182.23,182.09,182.2,51476
2026-02-09 12:05:00,182.2,182.64,182.07,182.25,133747
2026-02-09 12:15:00,182.25,182.25,181.98,182.2,78168
2026-02-09 12:25:00,182.2,182.25,181.9,182.04,17271
2026-02-09 12:35:00,182.05,182.15,181.84,181.97,16584
2026-02-09 12:45:00,182.12,182.12,181.8,181.8,55045
2026-02-09 12:55:00,181.8,182.23,181.5,182.07,56488
2026-02-09 13:05:00,182.01,182.25,181.95,181.97,15469
2026-02-09 13:15:00,181.95,184.0,181.94,183.85,196755
2026-02-09 13:25:00,183.9,185.39,183.9,185.25,262683
2026-02-09 13:35:00,185.25,186.9,185.07,186.6,288956
2026-02-09 13:45:00,186.83,188.4,186.65,188.11,477335
2026-02-09 13:55:00,188.15,188.8,187.13,187.84,232526
2026-02-09 14:05:00,187.9,187.9,186.46,186.61,158584
2026-02-09 14:15:00,186.72,187.25,186.57,187.1,120706
2026-02-09 14:25:00,187.19,187.46,186.66,187.2,122487
2026-02-09 14:35:00,187.2,187.47,187.04,187.19,48501
2026-02-09 14:45:00,187.45,187.88,187.13,187.4,108113
2026-02-09 14:55:00,187.4,188.24,187.39,188.11,129388
2026-02-09 15:05:00,188.2,188.4,187.9,188.24,153805
2026-02-09 15:15:00,188.23,188.5,188.02,188.49,181991
2026-02-09 15:25:00,188.45,188.63,188.25,188.5,107347
2026-02-10 09:15:00,188.7,188.7,186.83,187.74,209371
2026-02-10 09:25:00,187.74,187.86,186.67,187.2,197696
2026-02-10 09:35:00,187.2,187.57,186.55,186.9,165496
2026-02-10 09:45:00,186.9,188.09,186.8,186.95,266998
2026-02-10 09:55:00,186.95,187.36,186.61,186.78,55173
2026-02-10 10:05:00,186.78,186.79,185.79,185.93,108168
2026-02-10 10:15:00,185.94,186.82,185.76,186.3,551120
2026-02-10 10:25:00,186.25,186.81,186.19,186.39,79741
2026-02-10 10:35:00,186.39,186.79,186.0,186.52,104956
2026-02-10 10:45:00,186.52,188.0,186.52,187.75,83669
2026-02-10 10:55:00,187.75,188.3,187.51,188.27,37273
2026-02-10 11:05:00,188.27,189.4,187.79,189.1,126393
2026-02-10 11:15:00,189.0,189.0,188.5,188.79,67507
2026-02-10 11:25:00,188.79,189.1,188.51,189.05,37495
2026-02-10 11:35:00,189.1,189.2,188.26,188.38,48864
2026-02-10 11:45:00,187.92,188.0,187.6,187.89,67906
2026-02-10 11:55:00,187.89,188.0,187.75,187.95,19006
2026-02-10 12:05:00,187.95,188.1,187.75,188.0,54874
2026-02-10 12:15:00,188.0,188.6,187.95,188.37,21581
2026-02-10 12:25:00,188.4,188.43,188.0,188.43,16740
2026-02-10 12:35:00,188.28,188.6,188.07,188.46,28739
2026-02-10 12:45:00,188.34,188.6,188.1,188.6,17604
2026-02-10 12:55:00,188.6,189.36,188.5,188.54,103118
2026-02-10 13:05:00,188.54,188.82,188.4,188.6,15754
2026-02-10 13:15:00,188.43,188.59,187.72,187.88,26046
2026-02-10 13:25:00,187.79,187.86,186.97,187.16,72740
2026-02-10 13:35:00,187.17,187.45,187.0,187.34,18412
2026-02-10 13:45:00,187.34,187.65,187.2,187.4,19631
2026-02-10 13:55:00,187.39,187.66,187.0,187.0,41332
2026-02-10 14:05:00,186.99,187.18,186.8,187.08,21772
2026-02-10 14:15:00,187.08,187.41,186.99,187.3,18431
2026-02-10 14:25:00,187.3,187.44,187.25,187.36,10833
2026-02-10 14:35:00,187.34,187.69,187.23,187.45,23729
2026-02-10 14:45:00,187.45,187.85,187.27,187.75,25566
2026-02-10 14:55:00,187.75,187.89,187.25,187.25,59319
2026-02-10 15:05:00,187.25,187.43,187.03,187.36,105100
2026-02-10 15:15:00,187.39,187.79,187.03,187.48,113399
2026-02-10 15:25:00,187.41,187.7,187.02,187.02,44944
2026-02-11 09:15:00,188.01,189.85,187.6,188.91,136595
2026-02-11 09:25:00,188.91,189.73,188.79,189.0,141650
2026-02-11 09:35:00,189.01,189.09,188.0,188.57,60142
2026-02-11 09:45:00,188.57,188.98,188.3,188.75,36823
2026-02-11 09:55:00,188.63,188.78,187.1,187.39,116771
2026-02-11 10:05:00,187.35,187.89,187.25,187.73,85586
2026-02-11 10:15:00,187.7,188.4,187.6,188.4,66894
2026-02-11 10:25:00,188.35,188.4,188.05,188.36,37652
2026-02-11 10:35:00,188.36,188.44,187.82,187.82,44506
2026-02-11 10:45:00,187.92,188.01,187.4,187.5,25720
2026-02-11 10:55:00,187.44,187.94,187.34,187.91,16991
2026-02-11 11:05:00,187.9,188.0,187.51,187.83,25588
2026-02-11 11:15:00,187.83,188.15,187.73,187.73,16528
2026-02-11 11:25:00,187.73,187.8,187.31,187.7,22771
2026-02-11 11:35:00,187.65,187.78,187.3,187.6,24784
2026-02-11 11:45:00,187.6,187.65,187.49,187.6,7420
2026-02-11 11:55:00,187.6,187.6,187.42,187.55,12598
2026-02-11 12:05:00,187.55,187.6,187.36,187.51,10837
2026-02-11 12:15:00,187.51,187.69,187.29,187.46,22191
2026-02-11 12:25:00,187.46,187.5,187.32,187.39,14267
2026-02-11 12:35:00,187.39,187.47,186.8,187.23,48777
2026-02-11 12:45:00,187.3,187.6,187.06,187.49,44987
2026-02-11 12:55:00,187.49,187.6,187.34,187.5,12981
2026-02-11 13:05:00,187.5,187.6,187.4,187.5,16527
2026-02-11 13:15:00,187.5,187.69,187.4,187.5,15300
2026-02-11 13:25:00,187.4,187.65,187.31,187.5,26545
2026-02-11 13:35:00,187.5,187.5,187.42,187.5,14386
2026-02-11 13:45:00,187.42,187.5,186.84,186.97,38438
2026-02-11 13:55:00,186.94,187.33,186.83,187.08,37182
2026-02-11 14:05:00,187.08,187.25,186.83,187.2,33281
2026-02-11 14:15:00,187.2,187.33,186.98,187.24,53803
2026-02-11 14:25:00,187.2,187.35,186.8,186.97,38059
2026-02-11 14:35:00,186.97,188.47,186.97,188.11,105126
2026-02-11 14:45:00,188.1,188.8,188.07,188.52,75444
2026-02-11 14:55:00,188.52,189.39,188.49,189.06,90382
2026-02-11 15:05:00,189.06,189.15,188.76,188.97,44462
2026-02-11 15:15:00,188.97,188.99,188.51,188.7,86980
2026-02-11 15:25:00,188.68,188.94,188.5,188.8,46668
2026-02-12 09:15:00,188.5,188.76,185.6,185.8,172419
2026-02-12 09:25:00,185.8,185.9,184.41,185.5,214736
2026-02-12 09:35:00,185.51,185.7,184.8,184.86,89840
2026-02-12 09:45:00,184.86,185.42,184.8,185.3,97101
2026-02-12 09:55:00,185.3,185.44,185.03,185.44,59365
2026-02-12 10:05:00,185.44,185.56,185.05,185.49,46451
2026-02-12 10:15:00,185.49,185.73,185.38,185.65,26930
2026-02-12 10:25:00,185.7,185.92,185.51,185.71,25686
2026-02-12 10:35:00,185.84,185.97,185.3,185.39,24084
2026-02-12 10:45:00,185.39,185.62,185.31,185.6,16850
2026-02-12 10:55:00,185.6,185.7,185.45,185.5,17605
2026-02-12 11:05:00,185.5,185.6,185.03,185.33,31257
2026-02-12 11:15:00,185.33,185.33,184.87,184.99,44982
2026-02-12 11:25:00,184.99,185.25,184.79,184.93,18082
2026-02-12 11:35:00,185.0,185.32,184.9,185.18,11711
2026-02-12 11:45:00,185.18,185.35,184.6,184.71,64565
2026-02-12 11:55:00,184.81,184.95,184.7,184.81,15371
2026-02-12 12:05:00,184.81,185.08,184.72,184.88,11770
2026-02-12 12:15:00,184.97,185.23,184.86,185.09,10997
2026-02-12 12:25:00,185.09,185.38,184.9,185.3,19973
2026-02-12 12:35:00,185.3,185.49,185.2,185.27,19101
2026-02-12 12:45:00,185.23,185.39,185.02,185.16,25939
2026-02-12 12:55:00,185.16,185.48,185.16,185.25,29655
2026-02-12 13:05:00,185.23,185.25,185.1,185.23,15857
2026-02-12 13:15:00,185.13,185.35,185.12,185.26,12366
2026-02-12 13:25:00,185.09,185.26,184.93,185.03,47260
2026-02-12 13:35:00,185.03,185.25,184.97,185.15,10928
2026-02-12 13:45:00,185.15,185.28,185.05,185.1,20874
2026-02-12 13:55:00,185.1,185.32,185.05,185.2,39214
2026-02-12 14:05:00,185.25,185.32,185.0,185.1,24937
2026-02-12 14:15:00,185.15,185.32,185.05,185.29,10726
2026-02-12 14:25:00,185.2,185.37,185.15,185.15,9771
2026-02-12 14:35:00,185.24,185.4,185.06,185.16,14621
2026-02-12 14:45:00,185.16,185.16,184.49,184.89,112718
2026-02-12 14:55:00,184.89,185.2,184.6,185.0,37429
2026-02-12 15:05:00,185.0,185.2,184.66,184.77,71567
2026-02-12 15:15:00,184.92,185.1,184.16,184.19,112693
2026-02-12 15:25:00,184.2,184.5,184.05,184.4,58864
2026-02-13 09:15:00,184.0,184.0,180.9,181.37,285619
2026-02-13 09:25:00,181.37,181.43,180.0,180.06,188481
2026-02-13 09:35:00,180.06,180.49,179.49,180.2,191432
2026-02-13 09:45:00,180.25,180.4,179.67,180.19,69477
2026-02-13 09:55:00,180.11,180.19,179.71,179.82,68132
2026-02-13 10:05:00,179.82,180.08,179.09,179.31,122853
2026-02-13 10:15:00,179.18,179.51,179.04,179.5,94900
2026-02-13 10:25:00,179.5,180.3,179.4,180.18,94695
2026-02-13 10:35:00,180.18,180.49,180.04,180.29,83501
2026-02-13 10:45:00,180.29,180.49,180.1,180.35,37187
2026-02-13 10:55:00,180.49,180.5,180.06,180.19,44374
2026-02-13 11:05:00,180.19,180.55,180.02,180.5,27657
2026-02-13 11:15:00,180.5,180.5,179.6,179.99,56211
2026-02-13 11:25:00,179.99,180.35,179.9,180.17,25065
2026-02-13 11:35:00,180.17,180.28,179.85,180.24,39229
2026-02-13 11:45:00,180.3,180.46,180.1,180.4,21659
2026-02-13 11:55:00,180.4,180.49,180.2,180.43,22388
2026-02-13 12:05:00,180.43,180.85,180.3,180.69,38268
2026-02-13 12:15:00,180.69,181.07,180.6,181.04,92447
2026-02-13 12:25:00,181.04,181.6,181.01,181.55,66952
2026-02-13 12:35:00,181.5,181.68,181.29,181.6,28324
2026-02-13 12:45:00,181.6,181.75,181.2,181.36,37504
2026-02-13 12:55:00,181.44,181.44,180.76,180.92,67476
2026-02-13 13:05:00,180.92,181.38,180.83,181.31,15642
2026-02-13 13:15:00,181.31,181.54,181.25,181.4,18144
2026-02-13 13:25:00,181.27,181.32,181.04,181.2,37491
2026-02-13 13:35:00,181.2,181.45,181.1,181.45,7193
2026-02-13 13:45:00,181.45,181.45,180.39,180.73,36849
2026-02-13 13:55:00,180.73,180.95,180.66,180.95,17007
2026-02-13 14:05:00,180.95,181.14,180.9,181.14,15447
2026-02-13 14:15:00,181.15,181.24,180.63,180.86,37016
2026-02-13 14:25:00,180.86,181.0,180.63,180.7,26828
2026-02-13 14:35:00,180.69,180.7,180.24,180.47,47845
2026-02-13 14:45:00,180.5,180.65,180.35,180.57,19618
2026-02-13 14:55:00,180.64,180.95,180.35,180.72,38740
2026-02-13 15:05:00,180.71,180.71,180.25,180.35,59695
2026-02-13 15:15:00,180.35,180.7,180.1,180.11,166457
2026-02-13 15:25:00,180.1,180.24,179.3,179.9,310379
2026-02-16 09:15:00,180.0,180.6,178.25,178.61,181825
2026-02-16 09:25:00,178.6,179.3,178.26,179.27,80529
2026-02-16 09:35:00,179.27,179.69,178.47,178.49,86866
2026-02-16 09:45:00,178.49,178.5,177.5,177.76,185805
2026-02-16 09:55:00,177.76,178.4,177.71,178.21,72366
2026-02-16 10:05:00,178.14,178.32,177.82,177.97,55681
2026-02-16 10:15:00,177.97,178.11,177.73,177.81,84788
2026-02-16 10:25:00,177.87,178.17,177.7,177.92,50231
2026-02-16 10:35:00,177.94,177.99,177.78,177.81,25007
2026-02-16 10:45:00,177.81,178.19,177.8,177.96,32591
2026-02-16 10:55:00,177.97,178.0,177.65,177.73,44978
2026-02-16 11:05:00,177.73,178.0,177.55,177.56,43217
2026-02-16 11:15:00,177.56,177.86,177.51,177.64,54854
2026-02-16 11:25:00,177.55,177.64,177.32,177.32,56891
2026-02-16 11:35:00,177.32,177.38,177.0,177.03,107876
2026-02-16 11:45:00,177.02,177.31,176.86,177.23,83480
2026-02-16 11:55:00,177.23,177.4,177.2,177.31,30648
2026-02-16 12:05:00,177.31,177.33,177.09,177.09,30884
2026-02-16 12:15:00,177.09,177.11,177.0,177.05,27320
2026-02-16 12:25:00,177.05,177.19,177.0,177.11,29186
2026-02-16 12:35:00,177.11,177.96,177.0,177.65,66799
2026-02-16 12:45:00,177.65,177.73,177.26,177.35,22186
2026-02-16 12:55:00,177.35,177.57,177.28,177.38,29707
2026-02-16 13:05:00,177.38,178.2,177.3,177.71,69252
2026-02-16 13:15:00,177.71,178.15,177.65,178.05,52183
2026-02-16 13:25:00,178.05,178.19,177.78,178.14,47286
2026-02-16 13:35:00,178.14,179.4,178.01,179.12,159505
2026-02-16 13:45:00,179.22,179.58,178.79,178.89,106879
2026-02-16 13:55:00,178.89,179.59,178.5,178.58,105633
2026-02-16 14:05:00,178.58,178.75,178.2,178.44,64140
2026-02-16 14:15:00,178.33,178.49,178.15,178.21,27554
2026-02-16 14:25:00,178.21,178.49,178.11,178.49,39061
2026-02-16 14:35:00,178.49,178.5,178.1,178.1,55139
2026-02-16 14:45:00,178.3,178.4,178.01,178.03,81458
2026-02-16 14:55:00,178.2,178.6,178.02,178.46,75792
2026-02-16 15:05:00,178.46,180.15,178.44,179.81,314605
2026-02-16 15:15:00,179.8,180.38,179.3,179.44,202015
2026-02-16 15:25:00,179.41,180.0,179.0,179.5,69364
2026-02-17 09:15:00,179.56,181.46,179.23,180.74,136300
2026-02-17 09:25:00,180.64,180.92,180.1,180.7,37753
2026-02-17 09:35:00,180.71,181.6,180.57,181.45,57334
2026-02-17 09:45:00,181.56,181.97,181.44,181.82,61165
2026-02-17 09:55:00,181.82,182.4,181.58,182.06,61074
2026-02-17 10:05:00,182.07,182.35,181.8,182.25,27696
2026-02-17 10:15:00,182.18,182.32,181.3,182.0,73573
2026-02-17 10:25:00,181.9,182.5,181.76,181.95,44640
2026-02-17 10:35:00,181.95,182.15,181.79,182.0,16025
2026-02-17 10:45:00,181.96,182.0,181.53,181.65,21789
2026-02-17 10:55:00,181.65,181.9,181.62,181.7,12314
2026-02-17 11:05:00,181.8,181.8,181.1,181.28,23439
2026-02-17 11:15:00,181.28,181.39,181.07,181.11,9994
2026-02-17 11:25:00,181.11,181.4,181.06,181.35,19161
2026-02-17 11:35:00,181.35,181.6,181.22,181.47,17275
2026-02-17 11:45:00,181.47,181.75,181.3,181.64,26875
2026-02-17 11:55:00,181.64,181.98,181.3,181.3,21556
2026-02-17 12:05:00,181.3,181.7,181.3,181.57,26514
2026-02-17 12:15:00,181.57,181.79,181.54,181.65,7522
2026-02-17 12:25:00,181.75,181.85,181.6,181.7,8391
2026-02-17 12:35:00,181.7,181.77,181.55,181.69,11392
2026-02-17 12:45:00,181.69,181.7,181.3,181.51,9613
2026-02-17 12:55:00,181.51,181.52,181.12,181.2,19500
2026-02-17 13:05:00,181.2,181.49,181.13,181.45,9928
2026-02-17 13:15:00,181.32,181.65,181.02,181.44,37950
2026-02-17 13:25:00,181.5,181.65,181.29,181.42,8369
2026-02-17 13:35:00,181.42,181.62,181.2,181.2,22705
2026-02-17 13:45:00,181.2,181.36,181.07,181.24,9377
2026-02-17 13:55:00,181.24,181.3,181.05,181.11,7538
2026-02-17 14:05:00,181.11,181.5,181.1,181.1,29853
2026-02-17 14:15:00,181.1,181.4,181.0,181.05,63668
2026-02-17 14:25:00,181.05,181.3,180.85,180.98,26196
2026-02-17 14:35:00,180.91,181.3,180.91,181.22,8018
2026-02-17 14:45:00,181.3,181.34,181.11,181.2,8132
2026-02-17 14:55:00,181.2,181.58,181.0,181.45,48505
2026-02-17 15:05:00,181.45,181.45,180.96,181.0,82672
2026-02-17 15:15:00,181.06,181.46,181.0,181.06,56847
2026-02-17 15:25:00,181.06,181.19,181.0,181.1,28215
2026-02-18 09:15:00,181.3,181.72,180.7,181.04,69784
2026-02-18 09:25:00,181.18,181.68,181.05,181.18,51648
2026-02-18 09:35:00,181.16,181.71,181.15,181.26,44761
2026-02-18 09:45:00,181.39,181.39,180.71,180.81,94504
2026-02-18 09:55:00,180.8,180.82,180.21,180.47,24588
2026-02-18 10:05:00,180.47,180.69,180.21,180.35,34870
2026-02-18 10:15:00,180.42,180.74,180.35,180.49,39329
2026-02-18 10:25:00,180.45,180.56,180.21,180.32,17807
2026-02-18 10:35:00,180.32,180.54,180.2,180.35,10763
2026-02-18 10:45:00,180.35,180.48,180.2,180.4,13019
2026-02-18 10:55:00,180.48,180.6,180.3,180.32,22011
2026-02-18 11:05:00,180.32,180.45,180.2,180.25,15029
2026-02-18 11:15:00,180.25,180.65,180.25,180.45,15097
2026-02-18 11:25:00,180.45,180.7,180.36,180.7,15613
2026-02-18 11:35:00,180.7,180.79,180.3,180.31,25837
2026-02-18 11:45:00,180.46,180.46,180.3,180.3,11876
2026-02-18 11:55:00,180.4,180.5,180.31,180.33,32006
2026-02-18 12:05:00,180.39,180.8,180.33,180.7,31526
2026-02-18 12:15:00,180.79,180.97,180.54,180.85,45527
2026-02-18 12:25:00,180.92,180.93,180.61,180.8,19081
2026-02-18 12:35:00,180.8,180.9,180.7,180.78,13349
2026-02-18 12:45:00,180.87,180.9,180.7,180.71,14658
2026-02-18 12:55:00,180.71,180.99,180.71,180.89,15798
2026-02-18 13:05:00,180.88,181.26,180.85,181.15,23542
2026-02-18 13:15:00,181.24,181.37,181.08,181.15,15550
2026-02-18 13:25:00,181.16,181.34,180.87,180.91,29175
2026-02-18 13:35:00,180.91,181.09,180.8,180.97,12264
2026-02-18 13:45:00,180.95,181.2,180.81,180.82,15134
2026-02-18 13:55:00,180.82,181.07,180.81,180.94,15130
2026-02-18 14:05:00,180.94,181.19,180.89,181.11,14473
2026-02-18 14:15:00,181.11,181.35,180.91,181.24,36969
2026-02-18 14:25:00,181.24,181.37,180.7,180.7,46993
2026-02-18 14:35:00,180.72,181.1,180.72,180.89,18583
2026-02-18 14:45:00,180.72,180.99,180.59,180.72,31448
2026-02-18 14:55:00,180.72,180.84,180.51,180.8,70367
2026-02-18 15:05:00,180.8,181.1,180.52,180.8,82039
2026-02-18 15:15:00,180.79,180.8,180.51,180.75,99463
2026-02-18 15:25:00,180.73,180.8,180.1,180.74,77116
2026-02-19 09:15:00,181.0,181.74,180.06,180.74,91254
2026-02-19 09:25:00,180.74,180.85,180.05,180.15,60514
2026-02-19 09:35:00,180.15,180.46,179.98,180.12,88619
2026-02-19 09:45:00,180.02,180.38,180.02,180.2,18452
2026-02-19 09:55:00,180.1,180.37,179.95,180.24,44381
2026-02-19 10:05:00,180.24,180.28,179.92,180.0,31277
2026-02-19 10:15:00,180.0,180.2,179.0,179.42,106018
2026-02-19 10:25:00,179.42,179.62,179.2,179.37,59528
2026-02-19 10:35:00,179.37,179.37,178.55,179.19,91064
2026-02-19 10:45:00,179.16,179.32,178.71,178.75,48389
2026-02-19 10:55:00,178.8,178.9,178.66,178.8,38038
2026-02-19 11:05:00,178.85,179.38,178.65,178.74,51669
2026-02-19 11:15:00,178.9,179.05,178.65,178.85,33134
2026-02-19 11:25:00,178.85,179.5,178.83,179.27,17261
2026-02-19 11:35:00,179.3,179.3,178.6,178.79,34971
2026-02-19 11:45:00,178.76,178.8,178.32,178.62,41617
2026-02-19 11:55:00,178.62,178.7,178.12,178.23,105986
2026-02-19 12:05:00,178.23,178.41,178.05,178.12,46655
2026-02-19 12:15:00,178.12,178.39,177.9,178.27,119112
2026-02-19 12:25:00,178.11,178.5,178.07,178.12,41622
2026-02-19 12:35:00,178.13,178.35,178.01,178.06,32069
2026-02-19 12:45:00,178.02,178.26,178.01,178.18,34263
2026-02-19 12:55:00,178.18,178.2,178.03,178.05,42928
2026-02-19 13:05:00,178.05,178.39,178.05,178.35,33670
2026-02-19 13:15:00,178.35,178.39,178.1,178.39,20312
2026-02-19 13:25:00,178.39,178.39,178.06,178.07,32576
2026-02-19 13:35:00,178.07,178.31,178.06,178.2,17455
2026-02-19 13:45:00,178.25,178.25,178.0,178.02,36635
2026-02-19 13:55:00,178.15,178.15,178.0,178.09,24406
2026-02-19 14:05:00,178.09,178.09,177.85,177.93,47840
2026-02-19 14:15:00,178.03,178.23,177.91,178.04,54164
2026-02-19 14:25:00,178.04,178.18,177.8,177.85,46528
2026-02-19 14:35:00,177.85,178.13,177.81,177.83,43919
2026-02-19 14:45:00,177.91,178.0,177.59,177.7,80610
2026-02-19 14:55:00,177.69,177.87,177.5,177.59,71933
2026-02-19 15:05:00,177.59,177.65,177.11,177.15,111186
2026-02-19 15:15:00,177.22,177.25,176.8,176.8,231017
2026-02-19 15:25:00,176.84,177.24,176.62,177.0,54942
2026-02-20 09:15:00,177.0,177.38,175.68,175.68,244267
2026-02-20 09:25:00,175.68,176.31,175.25,176.15,156085
2026-02-20 09:35:00,176.23,176.89,176.1,176.65,104155
2026-02-20 09:45:00,176.75,177.24,176.5,176.72,44449
2026-02-20 09:55:00,176.6,176.94,176.5,176.51,57427
2026-02-20 10:05:00,176.51,176.73,176.2,176.2,30636
2026-02-20 10:15:00,176.31,176.9,176.2,176.75,44009
2026-02-20 10:25:00,176.86,177.25,176.8,177.16,24336
2026-02-20 10:35:00,177.16,177.3,177.01,177.2,24088
2026-02-20 10:45:00,177.19,177.51,177.01,177.28,23793
2026-02-20 10:55:00,177.4,177.61,177.19,177.29,31228
2026-02-20 11:05:00,177.31,177.38,177.0,177.0,25704
2026-02-20 11:15:00,177.0,177.35,177.0,177.3,20775
2026-02-20 11:25:00,177.3,177.58,177.14,177.38,22823
2026-02-20 11:35:00,177.38,177.75,177.38,177.54,17017
2026-02-20 11:45:00,177.54,177.95,177.5,177.7,32190
2026-02-20 11:55:00,177.7,178.2,177.38,177.38,53232
2026-02-20 12:05:00,177.47,177.47,176.11,176.5,184573
2026-02-20 12:15:00,176.5,177.09,176.46,177.0,32197
2026-02-20 12:25:00,177.1,177.27,176.81,177.19,18626
2026-02-20 12:35:00,177.19,177.27,176.98,177.0,16385
2026-02-20 12:45:00,177.0,177.27,176.71,177.24,36875
2026-02-20 12:55:00,177.24,177.45,176.95,177.35,20842
2026-02-20 13:05:00,177.35,177.35,176.77,176.9,21145
2026-02-20 13:15:00,176.9,176.93,176.6,176.69,36984
2026-02-20 13:25:00,176.69,177.25,176.56,177.08,24690
2026-02-20 13:35:00,177.28,177.48,177.07,177.37,38136
2026-02-20 13:45:00,177.37,177.5,176.63,176.78,97291
2026-02-20 13:55:00,176.65,177.0,176.63,176.98,29477
2026-02-20 14:05:00,176.98,177.18,176.87,177.1,17168
2026-02-20 14:15:00,177.1,177.24,176.9,176.9,32432
2026-02-20 14:25:00,176.9,177.1,176.61,176.76,40002
2026-02-20 14:35:00,176.76,177.14,176.53,177.04,34124
2026-02-20 14:45:00,177.04,177.18,176.9,177.04,20677
2026-02-20 14:55:00,177.04,177.11,176.81,176.85,27522
2026-02-20 15:05:00,176.81,176.91,176.65,176.76,33973
2026-02-20 15:15:00,176.75,176.9,176.45,176.85,126252
2026-02-20 15:25:00,176.85,177.0,176.45,176.55,63468
2026-02-23 09:15:00,178.9,180.25,178.0,180.21,355026
2026-02-23 09:25:00,180.19,182.0,180.15,180.83,386490
2026-02-23 09:35:00,180.83,182.35,180.66,181.63,262508
2026-02-23 09:45:00,181.63,182.33,181.36,181.77,287039
2026-02-23 09:55:00,181.88,183.0,181.02,182.6,297779
2026-02-23 10:05:00,182.7,182.75,181.71,181.93,153538
2026-02-23 10:15:00,181.93,183.28,181.7,183.1,148069
2026-02-23 10:25:00,183.1,183.7,182.7,182.87,235915
2026-02-23 10:35:00,182.95,183.21,182.56,183.0,152218
2026-02-23 10:45:00,183.01,183.2,182.49,183.02,130405
2026-02-23 10:55:00,183.0,183.39,182.61,183.16,116762
2026-02-23 11:05:00,183.23,183.39,182.6,183.2,88900
2026-02-23 11:15:00,183.2,184.9,183.2,184.75,405273
2026-02-23 11:25:00,184.75,185.32,182.79,183.4,669143
2026-02-23 11:35:00,183.37,185.5,183.09,185.19,355096
2026-02-23 11:45:00,185.32,185.34,183.35,183.9,476962
2026-02-23 11:55:00,183.97,184.31,182.81,182.97,293899
2026-02-23 12:05:00,182.96,183.31,182.51,183.02,204203
2026-02-23 12:15:00,183.05,183.4,182.75,183.22,78750
2026-02-23 12:25:00,183.22,183.4,182.84,182.93,79562
2026-02-23 12:35:00,182.96,183.19,182.6,182.97,83441
2026-02-23 12:45:00,182.9,183.15,182.56,182.59,74451
2026-02-23 12:55:00,182.59,182.9,182.55,182.82,48480
2026-02-23 13:05:00,182.71,182.89,182.55,182.66,36471
2026-02-23 13:15:00,182.55,182.65,182.15,182.5,89025
2026-02-23 13:25:00,182.5,182.96,181.7,181.73,154590
2026-02-23 13:35:00,181.8,181.93,181.0,181.65,250021
2026-02-23 13:45:00,181.65,182.24,181.65,181.77,50885
2026-02-23 13:55:00,181.77,181.83,180.69,180.85,103370
2026-02-23 14:05:00,180.74,181.1,180.7,180.86,40556
2026-02-23 14:15:00,180.95,181.0,180.74,180.89,41564
2026-02-23 14:25:00,180.89,181.0,180.66,180.67,59590
2026-02-23 14:35:00,180.66,180.97,180.62,180.7,72534
2026-02-23 14:45:00,180.71,181.01,180.71,180.9,76114
2026-02-23 14:55:00,180.94,181.02,180.55,180.93,149076
2026-02-23 15:05:00,180.9,181.02,180.7,180.85,196915
2026-02-23 15:15:00,180.94,181.4,180.58,180.95,313494
2026-02-23 15:25:00,180.95,181.0,180.71,181.0,106765
2026-02-24 09:15:00,180.9,180.9,178.63,178.87,213429
2026-02-24 09:25:00,178.87,178.91,178.16,178.3,90165
2026-02-24 09:35:00,178.2,178.8,178.01,178.2,73003
2026-02-24 09:45:00,178.2,178.75,178.2,178.7,59150
2026-02-24 09:55:00,178.7,178.84,178.38,178.82,37111
2026-02-24 10:05:00,178.71,179.14,178.61,178.93,31146
2026-02-24 10:15:00,178.93,179.01,178.65,178.66,28886
2026-02-24 10:25:00,178.64,178.73,178.37,178.69,35374
2026-02-24 10:35:00,178.69,179.45,178.6,179.15,35322
2026-02-24 10:45:00,179.27,179.27,178.85,178.87,28025
2026-02-24 10:55:00,178.85,179.2,178.8,179.01,22881
2026-02-24 11:05:00,178.92,179.16,178.8,179.15,14293
2026-02-24 11:15:00,179.15,179.36,178.91,179.36,22570
2026-02-24 11:25:00,179.36,179.45,179.15,179.15,13087
2026-02-24 11:35:00,179.15,179.45,179.0,179.1,26520
2026-02-24 11:45:00,179.03,179.1,178.55,178.62,34435
2026-02-24 11:55:00,178.62,179.0,178.6,178.74,15842
2026-02-24 12:05:00,178.74,178.83,178.37,178.6,27513
2026-02-24 12:15:00,178.47,178.6,178.31,178.45,15186
2026-02-24 12:25:00,178.45,178.63,178.25,178.42,24146
2026-02-24 12:35:00,178.42,178.63,178.35,178.42,25755
2026-02-24 12:45:00,178.42,178.44,178.01,178.01,76463
2026-02-24 12:55:00,178.01,178.29,178.0,178.25,30504
2026-02-24 13:05:00,178.29,178.66,178.29,178.33,21020
2026-02-24 13:15:00,178.31,178.7,178.14,178.28,27579
2026-02-24 13:25:00,178.28,178.28,178.01,178.01,20379
2026-02-24 13:35:00,178.01,178.15,177.65,178.0,70669
2026-02-24 13:45:00,178.0,178.12,177.86,178.1,51749
2026-02-24 13:55:00,178.1,178.53,178.1,178.5,20059
2026-02-24 14:05:00,178.47,178.74,178.31,178.58,24271
2026-02-24 14:15:00,178.58,178.98,178.58,178.87,35067
2026-02-24 14:25:00,178.81,178.97,178.6,178.8,23050
2026-02-24 14:35:00,178.81,179.15,178.64,178.71,83587
2026-02-24 14:45:00,178.7,179.15,178.66,178.74,32833
2026-02-24 14:55:00,178.8,179.65,178.78,179.26,106426
2026-02-24 15:05:00,179.21,179.53,179.11,179.4,62883
2026-02-24 15:15:00,179.34,179.89,179.34,179.79,98999
2026-02-24 15:25:00,179.79,180.0,179.79,180.0,86030
2026-02-25 09:15:00,179.9,179.99,179.05,179.3,120103
2026-02-25 09:25:00,179.3,179.83,179.03,179.3,65951
2026-02-25 09:35:00,179.3,179.35,178.7,178.93,66629
2026-02-25 09:45:00,178.99,179.4,178.89,179.4,42278
2026-02-25 09:55:00,179.29,179.91,179.16,179.85,49672
2026-02-25 10:05:00,179.85,179.85,179.3,179.65,62229
2026-02-25 10:15:00,179.6,180.0,179.55,179.55,37506
2026-02-25 10:25:00,179.64,180.06,179.55,179.73,127844
2026-02-25 10:35:00,179.71,179.72,179.21,179.26,20911
2026-02-25 10:45:00,179.39,179.48,179.1,179.33,18420
2026-02-25 10:55:00,179.23,179.43,179.21,179.43,12859
2026-02-25 11:05:00,179.43,179.49,179.16,179.22,18310
2026-02-25 11:15:00,179.23,179.39,179.06,179.28,71043
2026-02-25 11:25:00,179.31,179.31,179.11,179.17,14818
2026-02-25 11:35:00,179.23,179.43,179.14,179.29,19586
2026-02-25 11:45:00,179.38,179.4,179.21,179.25,12740
2026-02-25 11:55:00,179.36,179.39,179.15,179.17,17980
2026-02-25 12:05:00,179.17,179.29,178.94,179.17,35069
2026-02-25 12:15:00,179.27,179.28,178.98,179.01,14966
2026-02-25 12:25:00,179.01,179.22,178.7,178.7,30741
2026-02-25 12:35:00,178.7,178.99,178.57,178.82,27850
2026-02-25 12:45:00,178.82,178.85,178.3,178.55,30479
2026-02-25 12:55:00,178.55,178.56,178.2,178.39,35657
2026-02-25 13:05:00,178.34,178.39,177.86,178.09,75217
2026-02-25 13:15:00,178.1,178.1,177.6,177.6,47714
2026-02-25 13:25:00,177.6,177.93,177.55,177.82,38420
2026-02-25 13:35:00,177.82,178.1,177.78,177.86,24897
2026-02-25 13:45:00,177.94,178.4,177.83,178.4,33337
2026-02-25 13:55:00,178.4,178.96,178.4,178.55,55108
2026-02-25 14:05:00,178.55,178.55,178.12,178.19,23031
2026-02-25 14:15:00,178.19,178.5,178.1,178.48,13037
2026-02-25 14:25:00,178.49,178.66,178.32,178.62,27042
2026-02-25 14:35:00,178.63,178.79,178.44,178.66,24537
2026-02-25 14:45:00,178.79,178.8,178.47,178.6,23610
2026-02-25 14:55:00,178.65,178.7,178.48,178.54,45380
2026-02-25 15:05:00,178.5,178.77,178.43,178.55,80957
2026-02-25 15:15:00,178.55,178.63,178.14,178.59,86618
2026-02-25 15:25:00,178.51,179.15,178.44,178.55,40390
2026-02-26 09:15:00,179.09,179.25,178.23,178.91,103484
2026-02-26 09:25:00,178.91,179.16,178.48,178.88,70324
2026-02-26 09:35:00,178.83,179.4,178.83,179.39,40075
2026-02-26 09:45:00,179.39,179.7,179.15,179.2,66475
2026-02-26 09:55:00,179.12,179.25,178.78,179.0,56783
2026-02-26 10:05:00,179.0,179.27,178.94,179.25,18451
2026-02-26 10:15:00,179.25,179.25,178.91,179.15,44042
2026-02-26 10:25:00,179.15,179.25,178.97,179.12,42946
2026-02-26 10:35:00,179.04,179.12,178.3,178.6,53368
2026-02-26 10:45:00,178.58,178.68,178.31,178.45,22157
2026-02-26 10:55:00,178.45,178.6,178.4,178.42,23685
2026-02-26 11:05:00,178.42,178.61,178.41,178.48,13658
2026-02-26 11:15:00,178.47,178.63,178.4,178.57,14619
2026-02-26 11:25:00,178.57,178.72,178.29,178.39,45003
2026-02-26 11:35:00,178.33,178.48,177.77,177.88,120229
2026-02-26 11:45:00,177.88,178.1,177.88,177.96,12941
2026-02-26 11:55:00,177.96,178.0,177.9,177.91,13828
2026-02-26 12:05:00,177.91,178.23,177.84,178.04,36420
2026-02-26 12:15:00,178.02,178.08,177.77,177.97,26572
2026-02-26 12:25:00,177.91,178.25,177.9,178.06,14856
2026-02-26 12:35:00,178.06,178.15,177.96,177.96,37457
2026-02-26 12:45:00,177.96,178.0,177.9,178.0,16227
2026-02-26 12:55:00,178.0,178.35,177.87,178.35,20337
2026-02-26 13:05:00,178.35,178.37,178.02,178.35,30702
2026-02-26 13:15:00,178.35,178.36,178.03,178.34,19270
2026-02-26 13:25:00,178.34,178.34,178.11,178.25,21448
2026-02-26 13:35:00,178.25,178.52,178.15,178.36,21730
2026-02-26 13:45:00,178.36,178.42,178.24,178.24,30653
2026-02-26 13:55:00,178.24,178.25,177.93,178.09,81309
2026-02-26 14:05:00,178.09,178.25,178.06,178.13,12651
2026-02-26 14:15:00,178.13,178.37,178.13,178.25,35920
2026-02-26 14:25:00,178.33,178.41,178.22,178.37,8064
2026-02-26 14:35:00,178.39,178.5,178.32,178.5,79230
2026-02-26 14:45:00,178.5,178.5,178.19,178.32,58251
2026-02-26 14:55:00,178.29,178.32,177.91,178.01,47836
2026-02-26 15:05:00,178.08,178.5,177.99,178.3,111638
2026-02-26 15:15:00,178.27,178.45,177.65,178.24,115650
2026-02-26 15:25:00,178.24,178.24,177.93,178.05,56957
2026-02-27 09:15:00,178.39,178.41,176.8,177.4,97820
2026-02-27 09:25:00,177.41,177.41,176.68,176.76,92616
2026-02-27 09:35:00,176.75,177.03,176.2,176.62,110302
2026-02-27 09:45:00,176.63,176.71,176.3,176.58,68360
2026-02-27 09:55:00,176.58,176.8,176.43,176.74,42235
2026-02-27 10:05:00,176.74,176.94,176.55,176.94,29359
2026-02-27 10:15:00,176.94,176.99,176.65,176.85,24846
2026-02-27 10:25:00,176.75,177.14,176.75,177.0,27896
2026-02-27 10:35:00,177.0,177.16,176.87,176.99,20172
2026-02-27 10:45:00,176.99,177.33,176.84,177.2,23689
2026-02-27 10:55:00,177.3,177.36,176.85,177.15,27568
2026-02-27 11:05:00,177.15,177.31,177.08,177.2,10164
2026-02-27 11:15:00,177.2,177.4,177.0,177.37,61508
2026-02-27 11:25:00,177.25,177.4,176.93,177.01,32443
2026-02-27 11:35:00,177.0,177.0,176.71,176.8,15694
2026-02-27 11:45:00,176.79,177.0,176.75,177.0,13400
2026-02-27 11:55:00,177.0,177.35,176.86,177.16,13265
2026-02-27 12:05:00,177.16,177.34,176.97,177.08,14856
2026-02-27 12:15:00,177.09,177.15,176.87,177.14,9934
2026-02-27 12:25:00,177.14,177.29,177.03,177.29,10020
2026-02-27 12:35:00,177.29,177.36,177.09,177.09,13625
2026-02-27 12:45:00,177.09,177.56,177.0,177.42,25832
2026-02-27 12:55:00,177.38,177.55,177.1,177.35,14832
2026-02-27 13:05:00,177.35,177.41,177.04,177.38,16812
2026-02-27 13:15:00,177.38,177.38,176.86,176.86,23888
2026-02-27 13:25:00,176.86,177.0,176.67,177.0,34074
2026-02-27 13:35:00,177.0,177.12,176.85,177.1,68334
2026-02-27 13:45:00,177.1,177.27,176.91,177.27,22779
2026-02-27 13:55:00,177.27,177.29,177.0,177.23,21101
2026-02-27 14:05:00,177.23,177.23,176.92,176.98,20660
2026-02-27 14:15:00,176.98,177.24,176.96,177.05,18503
2026-02-27 14:25:00,177.01,177.25,176.96,177.01,28474
2026-02-27 14:35:00,177.01,177.2,176.95,177.05,29169
2026-02-27 14:45:00,177.06,177.06,176.9,176.99,22205
2026-02-27 14:55:00,176.99,177.0,176.25,176.25,108164
2026-02-27 15:05:00,176.24,176.26,176.0,176.01,198500
2026-02-27 15:15:00,176.01,176.05,175.65,175.99,229497
2026-02-27 15:25:00,175.97,177.0,175.85,176.4,104143
2026-03-02 09:15:00,172.88,174.0,172.32,172.82,346833
2026-03-02 09:25:00,172.96,173.49,172.8,173.47,108536
2026-03-02 09:35:00,173.48,174.13,173.1,173.77,166421
2026-03-02 09:45:00,173.57,174.43,173.53,174.2,82702
2026-03-02 09:55:00,174.19,174.79,173.96,174.09,64564
2026-03-02 10:05:00,174.0,174.09,173.82,174.0,47619
2026-03-02 10:15:00,174.0,174.22,173.79,174.22,24389
2026-03-02 10:25:00,174.22,174.4,173.82,174.4,64485
2026-03-02 10:35:00,174.4,174.88,174.36,174.56,29526
2026-03-02 10:45:00,174.56,174.56,174.24,174.3,28502
2026-03-02 10:55:00,174.3,174.6,174.23,174.34,45247
2026-03-02 11:05:00,174.46,174.57,174.13,174.26,23230
2026-03-02 11:15:00,174.14,174.27,173.87,173.95,35776
2026-03-02 11:25:00,173.95,173.99,173.7,173.9,33063
2026-03-02 11:35:00,173.9,174.34,173.79,174.24,86280
2026-03-02 11:45:00,174.09,174.3,173.94,174.0,11700
2026-03-02 11:55:00,174.0,174.13,173.65,173.68,33762
2026-03-02 12:05:00,173.79,173.79,173.3,173.3,72652
2026-03-02 12:15:00,173.3,173.43,172.85,172.85,122220
2026-03-02 12:25:00,172.85,172.95,172.36,172.62,72867
2026-03-02 12:35:00,172.62,172.74,172.32,172.32,42687
2026-03-02 12:45:00,172.32,172.55,172.32,172.55,18921
2026-03-02 12:55:00,172.55,172.62,172.27,172.4,37158
2026-03-02 13:05:00,172.43,172.63,172.25,172.6,19553
2026-03-02 13:15:00,172.6,172.6,172.36,172.5,21876
2026-03-02 13:25:00,172.41,172.5,172.0,172.02,45472
2026-03-02 13:35:00,172.0,172.14,171.6,171.62,70773
2026-03-02 13:45:00,171.67,171.85,171.55,171.6,29563
2026-03-02 13:55:00,171.6,172.19,171.1,172.06,86567
2026-03-02 14:05:00,172.06,172.77,172.06,172.63,62901
2026-03-02 14:15:00,172.64,172.89,172.33,172.33,51705
2026-03-02 14:25:00,172.33,172.51,172.0,172.5,41145
2026-03-02 14:35:00,172.5,172.55,172.21,172.49,36020
2026-03-02 14:45:00,172.49,172.6,172.35,172.4,46807
2026-03-02 14:55:00,172.4,172.57,172.11,172.47,79314
2026-03-02 15:05:00,172.55,172.57,172.37,172.49,52325
2026-03-02 15:15:00,172.44,172.64,172.2,172.57,115657
2026-03-02 15:25:00,172.58,173.2,172.41,173.0,104774
2026-03-04 09:15:00,169.93,170.64,167.73,167.73,388743
2026-03-04 09:25:00,167.59,168.25,167.16,167.75,302610
2026-03-04 09:35:00,167.71,168.0,167.04,168.0,172845
2026-03-04 09:45:00,168.1,168.1,166.93,167.29,204090
2026-03-04 09:55:00,167.29,167.33,166.5,166.64,187625
2026-03-04 10:05:00,166.63,167.25,166.26,167.23,137787
2026-03-04 10:15:00,167.15,167.39,166.95,167.31,83967
2026-03-04 10:25:00,167.31,167.31,166.86,167.02,82285
2026-03-04 10:35:00,167.02,167.02,166.57,166.9,97188
2026-03-04 10:45:00,166.86,167.05,166.55,166.7,69664
2026-03-04 10:55:00,166.7,166.7,166.15,166.56,128482
2026-03-04 11:05:00,166.46,166.86,166.3,166.49,92876
2026-03-04 11:15:00,166.47,166.5,165.95,166.1,169981
2026-03-04 11:25:00,166.1,166.24,165.55,165.61,68240
2026-03-04 11:35:00,165.65,165.92,165.15,165.24,232511
2026-03-04 11:45:00,165.3,165.62,164.94,165.37,262081
2026-03-04 11:55:00,165.3,165.49,165.21,165.4,46210
2026-03-04 12:05:00,165.35,165.5,164.77,164.93,142376
2026-03-04 12:15:00,164.89,164.95,164.51,164.62,64167
2026-03-04 12:25:00,164.7,164.83,163.55,163.78,192981
2026-03-04 12:35:00,163.78,164.01,162.9,163.09,477072
2026-03-04 12:45:00,162.98,163.59,162.19,162.9,656274
2026-03-04 12:55:00,162.9,162.99,162.05,162.26,257871
2026-03-04 13:05:00,162.29,162.75,161.24,162.45,833196
2026-03-04 13:15:00,162.48,162.82,162.05,162.74,198120
2026-03-04 13:25:00,162.8,163.05,162.63,162.63,279699
2026-03-04 13:35:00,162.68,162.68,162.26,162.4,101584
2026-03-04 13:45:00,162.47,162.77,162.2,162.64,180565
2026-03-04 13:55:00,162.64,162.9,162.51,162.76,99018
2026-03-04 14:05:00,162.8,165.0,162.75,163.76,1349166
2026-03-04 14:15:00,163.83,165.65,163.6,163.93,613558
2026-03-04 14:25:00,163.93,164.04,163.66,163.76,85156
2026-03-04 14:35:00,163.8,164.4,163.59,163.86,784081
2026-03-04 14:45:00,163.86,164.03,163.73,163.87,401356
2026-03-04 14:55:00,163.9,164.02,163.7,163.75,550499
2026-03-04 15:05:00,163.75,163.84,163.5,163.64,258373
2026-03-04 15:15:00,163.6,164.45,163.19,164.24,3248811
2026-03-04 15:25:00,164.21,164.53,163.9,164.0,792341
2026-03-05 09:15:00,165.19,165.9,164.53,165.47,238665
2026-03-05 09:25:00,165.48,165.85,164.91,164.98,125846
2026-03-05 09:35:00,165.11,165.11,163.65,163.99,137161
2026-03-05 09:45:00,163.89,164.36,163.8,164.32,79120
2026-03-05 09:55:00,164.32,164.4,164.0,164.21,104297
2026-03-05 10:05:00,164.3,164.35,163.93,164.21,107425
2026-03-05 10:15:00,164.31,165.45,164.31,164.64,147107
2026-03-05 10:25:00,164.61,165.0,164.5,164.99,46927
2026-03-05 10:35:00,165.0,165.01,164.75,164.8,43686
2026-03-05 10:45:00,164.8,165.0,164.2,164.61,34591
2026-03-05 10:55:00,164.6,164.89,164.38,164.51,50648
2026-03-05 11:05:00,164.51,164.75,164.25,164.43,25533
2026-03-05 11:15:00,164.43,164.43,163.71,163.95,141317
2026-03-05 11:25:00,163.9,164.0,163.75,163.95,64887
2026-03-05 11:35:00,163.8,164.75,163.7,164.63,101889
2026-03-05 11:45:00,164.63,164.71,163.72,163.91,99487
2026-03-05 11:55:00,163.91,164.09,163.7,163.87,58063
2026-03-05 12:05:00,163.77,164.0,163.73,163.96,22388
2026-03-05 12:15:00,163.96,164.05,163.86,163.98,41015
2026-03-05 12:25:00,163.98,164.03,163.9,164.0,20719
2026-03-05 12:35:00,164.0,164.02,163.81,163.98,25824
2026-03-05 12:45:00,164.0,164.01,163.8,164.0,53624
2026-03-05 12:55:00,164.0,164.0,163.65,163.95,81460
2026-03-05 13:05:00,163.8,164.3,163.65,164.17,180919
2026-03-05 13:15:00,164.25,164.59,164.07,164.21,418636
2026-03-05 13:25:00,164.25,164.36,164.11,164.22,228787
2026-03-05 13:35:00,164.22,165.08,164.22,164.67,212531
2026-03-05 13:45:00,164.67,164.73,164.28,164.58,50111
2026-03-05 13:55:00,164.5,164.83,164.5,164.72,81671
2026-03-05 14:05:00,164.72,164.8,164.5,164.5,33250
2026-03-05 14:15:00,164.5,164.72,164.25,164.35,57794
2026-03-05 14:25:00,164.37,164.72,164.25,164.54,55337
2026-03-05 14:35:00,164.54,165.09,164.5,164.94,400546
2026-03-05 14:45:00,165.0,166.77,164.97,166.44,632929
2026-03-05 14:55:00,166.55,166.92,166.2,166.4,212878
2026-03-05 15:05:00,166.36,166.48,166.0,166.11,161860
2026-03-05 15:15:00,166.1,166.59,165.94,166.34,240370
2026-03-05 15:25:00,166.34,166.84,166.33,166.8,153060
2026-03-06 09:15:00,166.0,167.29,165.39,167.0,289040
2026-03-06 09:25:00,167.09,167.4,166.45,166.64,133338
2026-03-06 09:35:00,166.61,166.96,165.87,166.0,85361
2026-03-06 09:45:00,166.0,166.08,165.58,165.7,145407
2026-03-06 09:55:00,165.7,166.19,165.53,165.89,108935
2026-03-06 10:05:00,165.89,166.0,165.75,166.0,38271
2026-03-06 10:15:00,166.0,166.49,165.86,166.15,78780
2026-03-06 10:25:00,166.15,166.42,165.76,165.76,41731
2026-03-06 10:35:00,165.83,165.84,165.16,165.69,61643
2026-03-06 10:45:00,165.69,165.75,164.68,164.75,92376
2026-03-06 10:55:00,164.75,165.19,164.66,164.83,54846
2026-03-06 11:05:00,164.82,165.9,164.82,165.9,99644
2026-03-06 11:15:00,165.85,166.45,165.67,165.84,88338
2026-03-06 11:25:00,165.84,165.89,165.16,165.4,132293
2026-03-06 11:35:00,165.54,166.0,165.2,165.2,100275
2026-03-06 11:45:00,165.13,166.0,165.12,165.96,94859
2026-03-06 11:55:00,165.96,165.99,165.75,165.75,22237
2026-03-06 12:05:00,165.84,165.9,165.47,165.56,12181
2026-03-06 12:15:00,165.56,165.86,165.5,165.63,10766
2026-03-06 12:25:00,165.58,165.65,165.4,165.54,22164
2026-03-06 12:35:00,165.62,165.64,164.77,165.0,135616
2026-03-06 12:45:00,165.0,165.64,164.86,165.64,258478
2026-03-06 12:55:00,165.55,165.97,165.38,165.95,38543
2026-03-06 13:05:00,165.95,165.97,165.06,165.2,43669
2026-03-06 13:15:00,165.32,165.5,164.96,165.11,69096
2026-03-06 13:25:00,165.03,166.22,164.9,165.45,272391
2026-03-06 13:35:00,165.45,166.73,165.45,166.6,178305
2026-03-06 13:45:00,166.55,166.63,165.45,165.64,1046226
2026-03-06 13:55:00,165.74,166.14,165.26,165.77,1108273
2026-03-06 14:05:00,165.77,166.49,165.67,166.3,55316
2026-03-06 14:15:00,166.3,166.98,166.28,166.89,87762
2026-03-06 14:25:00,166.89,166.98,166.6,166.65,82848
2026-03-06 14:35:00,166.76,166.91,166.57,166.71,38652
2026-03-06 14:45:00,166.69,167.0,166.5,166.78,122883
2026-03-06 14:55:00,166.79,166.99,166.5,166.72,158581
2026-03-06 15:05:00,166.71,166.9,166.0,166.74,465312
2026-03-06 15:15:00,166.76,166.8,166.41,166.73,172456
2026-03-06 15:25:00,166.73,168.5,166.73,168.5,893685
2026-03-09 09:15:00,164.0,164.99,160.45,161.49,350635
2026-03-09 09:25:00,161.49,162.49,161.2,162.34,144301
2026-03-09 09:35:00,162.27,162.8,161.79,162.1,109934
2026-03-09 09:45:00,162.0,162.25,161.64,161.91,100482
2026-03-09 09:55:00,161.8,161.97,161.34,161.63,104484
2026-03-09 10:05:00,161.63,163.18,161.63,162.82,185225
2026-03-09 10:15:00,162.75,163.18,162.3,162.75,190562
2026-03-09 10:25:00,162.75,162.99,162.33,162.39,82133
2026-03-09 10:35:00,162.42,162.71,162.25,162.6,69328
2026-03-09 10:45:00,162.6,163.1,162.09,163.01,128559
2026-03-09 10:55:00,163.04,163.16,162.59,162.69,279505
2026-03-09 11:05:00,162.72,163.0,162.6,162.84,91192
2026-03-09 11:15:00,162.84,162.9,162.51,162.7,52659
2026-03-09 11:25:00,162.75,163.23,162.62,163.0,57318
2026-03-09 11:35:00,162.98,163.0,162.12,162.65,165210
2026-03-09 11:45:00,162.65,162.83,162.3,162.76,103484
2026-03-09 11:55:00,162.76,162.78,162.26,162.43,51766
2026-03-09 12:05:00,162.43,162.43,162.13,162.35,26960
2026-03-09 12:15:00,162.35,162.5,162.0,162.49,65690
2026-03-09 12:25:00,162.49,162.74,162.39,162.56,19443
2026-03-09 12:35:00,162.56,162.72,162.3,162.4,39799
2026-03-09 12:45:00,162.4,162.43,162.03,162.3,25629
2026-03-09 12:55:00,162.27,162.49,162.2,162.2,61123
2026-03-09 13:05:00,162.2,162.6,162.11,162.26,68521
2026-03-09 13:15:00,162.2,162.34,162.1,162.16,31077
2026-03-09 13:25:00,162.1,162.3,161.9,162.19,95880
2026-03-09 13:35:00,162.18,162.18,161.96,162.09,41436
2026-03-09 13:45:00,162.04,162.1,161.91,162.0,40860
2026-03-09 13:55:00,162.04,162.18,161.93,162.08,38600
2026-03-09 14:05:00,162.01,162.2,161.81,161.86,33946
2026-03-09 14:15:00,161.86,161.96,161.71,161.9,58325
2026-03-09 14:25:00,161.82,162.98,161.82,162.79,134934
2026-03-09 14:35:00,162.79,163.35,162.65,163.34,128551
2026-03-09 14:45:00,163.35,163.65,163.1,163.35,145290
2026-03-09 14:55:00,163.4,163.96,163.35,163.84,168549
2026-03-09 15:05:00,163.86,164.36,163.36,164.36,185281
2026-03-09 15:15:00,164.36,164.89,164.15,164.33,194519
2026-03-09 15:25:00,164.45,164.9,164.38,164.89,82050
2026-03-10 09:15:00,166.0,166.0,163.75,164.25,330797
2026-03-10 09:25:00,164.3,164.5,163.91,164.04,173051
2026-03-10 09:35:00,164.21,164.21,163.42,163.8,107151
2026-03-10 09:45:00,163.8,163.88,163.44,163.76,61861
2026-03-10 09:55:00,163.76,163.86,163.17,163.67,92075
2026-03-10 10:05:00,163.67,163.99,163.63,163.91,24015
2026-03-10 10:15:00,163.95,164.15,163.71,163.87,67724
2026-03-10 10:25:00,163.88,163.9,163.4,163.78,52310
2026-03-10 10:35:00,163.77,164.28,163.51,164.2,55099
2026-03-10 10:45:00,164.24,165.51,164.17,164.39,339999
2026-03-10 10:55:00,164.3,164.47,163.97,164.28,71656
2026-03-10 11:05:00,164.28,164.55,163.92,163.94,57960
2026-03-10 11:15:00,164.02,164.33,164.0,164.21,57263
2026-03-10 11:25:00,164.22,164.29,163.9,164.2,64498
2026-03-10 11:35:00,164.2,164.47,164.0,164.02,59511
2026-03-10 11:45:00,164.01,164.05,163.78,163.82,47452
2026-03-10 11:55:00,163.84,163.99,163.8,163.97,29325
2026-03-10 12:05:00,163.97,164.24,163.68,163.75,77950
2026-03-10 12:15:00,163.74,163.92,163.4,163.44,39241
2026-03-10 12:25:00,163.44,163.69,163.44,163.46,20203
2026-03-10 12:35:00,163.46,163.72,163.46,163.5,18102
2026-03-10 12:45:00,163.55,163.68,163.41,163.47,41617
2026-03-10 12:55:00,163.46,163.92,163.46,163.8,33500
2026-03-10 13:05:00,163.8,163.83,163.46,163.48,47826
2026-03-10 13:15:00,163.5,163.64,163.46,163.52,32135
2026-03-10 13:25:00,163.46,163.83,163.42,163.73,32744
2026-03-10 13:35:00,163.73,163.91,163.5,163.91,43791
2026-03-10 13:45:00,163.8,163.91,163.6,163.74,35375
2026-03-10 13:55:00,163.74,163.82,163.5,163.61,51062
2026-03-10 14:05:00,163.61,163.84,163.55,163.71,44920
2026-03-10 14:15:00,163.65,163.79,163.39,163.5,51201
2026-03-10 14:25:00,163.5,163.55,163.2,163.24,72931
2026-03-10 14:35:00,163.24,163.58,163.2,163.32,60672
2026-03-10 14:45:00,163.37,163.86,163.25,163.82,42847
2026-03-10 14:55:00,163.77,163.95,163.28,163.48,105231
2026-03-10 15:05:00,163.48,163.9,163.4,163.71,119383
2026-03-10 15:15:00,163.73,164.25,163.66,164.1,243635
2026-03-10 15:25:00,164.1,164.25,164.0,164.16,117203
2026-03-11 09:15:00,163.88,165.0,163.3,164.25,211329
2026-03-11 09:25:00,164.25,164.6,163.7,164.19,108630
2026-03-11 09:35:00,164.16,164.16,163.34,163.8,180950
2026-03-11 09:45:00,163.8,164.0,163.65,163.7,68643
2026-03-11 09:55:00,163.7,163.8,163.45,163.8,62450
2026-03-11 10:05:00,163.79,163.87,163.6,163.75,49444
2026-03-11 10:15:00,163.79,164.1,163.75,163.85,68920
2026-03-11 10:25:00,163.87,164.34,163.8,164.2,46212
2026-03-11 10:35:00,164.17,164.2,163.78,163.89,48352
2026-03-11 10:45:00,163.89,164.04,163.75,163.94,109472
2026-03-11 10:55:00,163.94,164.12,163.86,164.03,45880
2026-03-11 11:05:00,164.12,164.12,163.65,163.66,31809
2026-03-11 11:15:00,163.66,163.75,163.51,163.58,38934
2026-03-11 11:25:00,163.58,163.74,163.41,163.41,36305
2026-03-11 11:35:00,163.45,163.57,162.9,163.13,160703
2026-03-11 11:45:00,163.2,163.25,162.92,163.05,47242
2026-03-11 11:55:00,162.94,163.05,162.69,162.92,76405
2026-03-11 12:05:00,162.92,163.25,162.88,163.25,27656
2026-03-11 12:15:00,163.25,163.5,162.96,163.24,245549
2026-03-11 12:25:00,163.29,163.5,163.09,163.22,123407
2026-03-11 12:35:00,163.2,163.7,163.03,163.58,149894
2026-03-11 12:45:00,163.64,163.64,163.2,163.34,212345
2026-03-11 12:55:00,163.34,163.45,162.9,162.9,50700
2026-03-11 13:05:00,162.91,163.0,162.8,162.8,56384
2026-03-11 13:15:00,162.8,162.97,162.71,162.9,34207
2026-03-11 13:25:00,162.85,163.09,162.78,162.89,44963
2026-03-11 13:35:00,162.89,163.2,162.86,163.02,62820
2026-03-11 13:45:00,163.0,163.02,162.87,162.91,21675
2026-03-11 13:55:00,162.91,162.92,162.35,162.56,138646
2026-03-11 14:05:00,162.56,162.71,162.35,162.45,37244
2026-03-11 14:15:00,162.45,162.66,162.45,162.46,24595
2026-03-11 14:25:00,162.46,162.89,162.46,162.68,25976
2026-03-11 14:35:00,162.66,162.77,162.54,162.58,29497
2026-03-11 14:45:00,162.55,162.73,162.49,162.6,45267
2026-03-11 14:55:00,162.6,162.69,162.46,162.5,57365
2026-03-11 15:05:00,162.46,162.6,162.05,162.15,137416
2026-03-11 15:15:00,162.14,162.5,161.45,161.84,503702
2026-03-11 15:25:00,161.85,161.9,161.5,161.75,84441
2026-03-12 09:15:00,161.75,161.8,157.29,157.84,633565
2026-03-12 09:25:00,157.74,158.05,156.82,157.08,356872
2026-03-12 09:35:00,157.01,157.2,156.6,156.82,218535
2026-03-12 09:45:00,156.87,157.4,156.75,157.31,241623
2026-03-12 09:55:00,157.25,157.87,157.1,157.6,117744
2026-03-12 10:05:00,157.55,157.79,157.15,157.37,145324
2026-03-12 10:15:00,157.48,157.58,157.27,157.4,102426
2026-03-12 10:25:00,157.4,158.29,157.4,158.26,126586
2026-03-12 10:35:00,158.15,158.42,158.1,158.28,66344
2026-03-12 10:45:00,158.26,158.49,158.2,158.25,54363
2026-03-12 10:55:00,158.25,158.98,158.15,158.98,107282
2026-03-12 11:05:00,159.0,159.09,158.7,158.71,112285
2026-03-12 11:15:00,158.71,159.0,158.41,158.53,84080
2026-03-12 11:25:00,158.45,158.59,158.22,158.47,73899
2026-03-12 11:35:00,158.4,158.7,158.26,158.7,104789
2026-03-12 11:45:00,158.69,159.15,158.55,159.1,174823
2026-03-12 11:55:00,159.06,159.45,159.0,159.2,83327
2026-03-12 12:05:00,159.15,159.22,158.81,158.94,89839
2026-03-12 12:15:00,159.03,159.14,158.71,158.94,79692
2026-03-12 12:25:00,158.94,159.29,158.82,159.04,118113
2026-03-12 12:35:00,159.04,159.09,158.71,158.86,44095
2026-03-12 12:45:00,158.86,158.98,158.39,158.47,210204
2026-03-12 12:55:00,158.47,158.54,158.28,158.45,83783
2026-03-12 13:05:00,158.4,158.82,158.26,158.7,108016
2026-03-12 13:15:00,158.7,159.14,158.44,159.12,147652
2026-03-12 13:25:00,159.1,159.44,159.0,159.22,113708
2026-03-12 13:35:00,159.16,159.35,158.75,158.92,125029
2026-03-12 13:45:00,158.91,158.99,158.51,158.62,67955
2026-03-12 13:55:00,158.62,158.68,158.3,158.5,101061
2026-03-12 14:05:00,158.5,158.6,158.04,158.38,104746
2026-03-12 14:15:00,158.27,158.38,158.15,158.25,68099
2026-03-12 14:25:00,158.25,158.39,157.97,158.21,161183
2026-03-12 14:35:00,158.15,158.21,157.7,157.7,87755
2026-03-12 14:45:00,157.69,157.9,157.5,157.71,140988
2026-03-12 14:55:00,157.7,157.95,157.61,157.94,115468
2026-03-12 15:05:00,157.94,158.3,157.69,157.92,208733
2026-03-12 15:15:00,157.92,158.14,157.81,158.0,241260
2026-03-12 15:25:00,158.0,158.5,157.85,158.15,113159
2026-03-13 09:15:00,157.96,158.4,156.71,157.5,153214
2026-03-13 09:25:00,157.4,157.92,156.91,157.71,123153
2026-03-13 09:35:00,157.71,157.85,157.11,157.2,65477
2026-03-13 09:45:00,157.22,157.25,156.61,156.8,118272
2026-03-13 09:55:00,156.75,156.98,156.42,156.85,86144
2026-03-13 10:05:00,156.79,156.92,156.5,156.64,56001
2026-03-13 10:15:00,156.64,156.9,156.1,156.22,78232
2026-03-13 10:25:00,156.22,156.57,155.85,156.18,102266
2026-03-13 10:35:00,156.18,156.32,155.96,156.05,65463
2026-03-13 10:45:00,156.09,156.35,155.86,156.13,64457
2026-03-13 10:55:00,156.07,156.15,155.7,155.8,81098
2026-03-13 11:05:00,155.8,155.88,155.4,155.41,63534
2026-03-13 11:15:00,155.42,155.75,155.21,155.6,52933
2026-03-13 11:25:00,155.6,156.0,155.59,156.0,31683
2026-03-13 11:35:00,155.93,156.24,155.82,155.92,111703
2026-03-13 11:45:00,156.0,156.03,155.74,155.79,63840
2026-03-13 11:55:00,155.8,155.88,155.45,155.5,43901
2026-03-13 12:05:00,155.5,155.54,155.34,155.51,40200
2026-03-13 12:15:00,155.54,155.54,155.0,155.18,148699
2026-03-13 12:25:00,155.18,155.21,154.27,154.58,184716
2026-03-13 12:35:00,154.65,154.66,154.19,154.49,101070
2026-03-13 12:45:00,154.47,154.84,154.43,154.76,61106
2026-03-13 12:55:00,154.74,154.96,154.61,154.88,35998
2026-03-13 13:05:00,154.87,154.88,154.45,154.61,49406
2026-03-13 13:15:00,154.69,154.69,153.97,153.97,152336
2026-03-13 13:25:00,153.95,154.5,153.86,154.35,80254
2026-03-13 13:35:00,154.39,154.4,154.03,154.21,64642
2026-03-13 13:45:00,154.21,154.61,154.01,154.32,96675
2026-03-13 13:55:00,154.32,154.4,153.96,154.03,78866
2026-03-13 14:05:00,154.0,154.31,154.0,154.31,45947
2026-03-13 14:15:00,154.22,154.67,154.21,154.61,53764
2026-03-13 14:25:00,154.54,155.0,154.5,154.97,61492
2026-03-13 14:35:00,154.9,155.14,154.66,154.95,81850
2026-03-13 14:45:00,154.95,155.09,154.62,154.85,81857
2026-03-13 14:55:00,154.99,154.99,154.05,154.11,117044
2026-03-13 15:05:00,154.05,154.17,153.0,153.38,486566
2026-03-13 15:15:00,153.4,153.56,151.72,152.7,695691
2026-03-13 15:25:00,152.7,153.0,152.55,153.0,188629
2026-03-16 09:15:00,152.0,152.81,149.5,149.79,935624
2026-03-16 09:25:00,149.79,150.74,149.2,150.61,325321
2026-03-16 09:35:00,150.69,151.89,150.61,151.01,256325
2026-03-16 09:45:00,151.09,151.4,150.76,150.99,182272
2026-03-16 09:55:00,150.99,150.99,150.25,150.36,112708
2026-03-16 10:05:00,150.36,150.77,149.55,149.76,146582
2026-03-16 10:15:00,149.76,149.77,148.8,148.91,236562
2026-03-16 10:25:00,148.9,148.96,148.05,148.23,157606
2026-03-16 10:35:00,148.23,148.58,147.65,147.8,270481
2026-03-16 10:45:00,147.8,147.83,146.25,146.59,507810
2026-03-16 10:55:00,146.64,147.99,146.27,147.05,377762
2026-03-16 11:05:00,147.09,147.77,146.8,147.45,208579
2026-03-16 11:15:00,147.45,148.55,147.45,148.51,161272
2026-03-16 11:25:00,148.34,148.86,148.08,148.73,98379
2026-03-16 11:35:00,148.77,148.88,148.45,148.58,67711
2026-03-16 11:45:00,148.5,148.9,148.26,148.66,85495
2026-03-16 11:55:00,148.61,148.98,148.43,148.49,121022
2026-03-16 12:05:00,148.49,148.95,148.28,148.74,53628
2026-03-16 12:15:00,148.65,149.2,148.46,149.2,94525
2026-03-16 12:25:00,149.19,149.38,148.24,148.26,80485
2026-03-16 12:35:00,148.37,148.84,148.08,148.4,113683
2026-03-16 12:45:00,148.39,148.42,148.0,148.35,102045
2026-03-16 12:55:00,148.35,149.45,148.07,149.16,100875
2026-03-16 13:05:00,148.95,149.62,148.83,149.21,72338
2026-03-16 13:15:00,149.21,149.4,148.92,148.99,36884
2026-03-16 13:25:00,149.0,149.35,148.93,149.09,47986
2026-03-16 13:35:00,149.1,149.72,149.0,149.67,92198
2026-03-16 13:45:00,149.66,150.19,149.48,150.07,167858
2026-03-16 13:55:00,149.93,150.09,149.86,150.0,63423
2026-03-16 14:05:00,150.0,150.9,150.0,150.89,159040
2026-03-16 14:15:00,150.88,151.45,150.7,151.45,110721
2026-03-16 14:25:00,151.45,152.17,151.23,152.17,157256
2026-03-16 14:35:00,152.16,156.75,152.0,156.33,1050916
2026-03-16 14:45:00,156.43,156.43,155.71,156.0,638277
2026-03-16 14:55:00,155.91,156.17,154.57,155.38,590070
2026-03-16 15:05:00,155.3,155.72,153.41,153.69,590583
2026-03-16 15:15:00,153.75,154.26,153.27,153.27,240268
2026-03-16 15:25:00,153.25,153.25,152.85,153.25,132841
2026-03-17 09:15:00,154.41,154.41,152.17,153.0,343817
2026-03-17 09:25:00,153.03,153.03,151.63,151.81,183609
2026-03-17 09:35:00,151.83,152.95,151.75,152.49,203572
2026-03-17 09:45:00,152.37,153.07,152.37,152.91,58399
2026-03-17 09:55:00,152.91,153.3,152.5,153.19,118149
2026-03-17 10:05:00,153.1,153.53,152.84,153.15,87098
2026-03-17 10:15:00,153.11,154.34,153.04,154.03,239381
2026-03-17 10:25:00,154.05,154.09,152.84,153.79,132964
2026-03-17 10:35:00,153.79,154.89,153.79,154.53,213424
2026-03-17 10:45:00,154.53,154.73,154.31,154.54,39434
2026-03-17 10:55:00,154.57,154.58,153.45,153.45,120470
2026-03-17 11:05:00,153.57,153.6,152.7,152.81,89949
2026-03-17 11:15:00,152.81,153.02,152.55,152.88,75428
2026-03-17 11:25:00,152.83,152.85,152.21,152.47,97700
2026-03-17 11:35:00,152.4,152.72,152.26,152.37,27400
2026-03-17 11:45:00,152.37,152.65,152.25,152.6,37074
2026-03-17 11:55:00,152.6,152.63,151.88,152.06,264787
2026-03-17 12:05:00,152.06,152.15,151.8,152.15,58011
2026-03-17 12:15:00,152.15,152.9,151.91,152.0,93517
2026-03-17 12:25:00,151.93,152.04,151.5,151.64,56251
2026-03-17 12:35:00,151.64,151.95,151.21,151.48,79374
2026-03-17 12:45:00,151.45,151.8,151.12,151.32,163956
2026-03-17 12:55:00,151.32,151.68,150.81,150.81,172918
2026-03-17 13:05:00,150.87,151.45,150.56,150.96,266318
2026-03-17 13:15:00,150.87,151.19,150.27,150.53,215204
2026-03-17 13:25:00,150.4,150.82,150.26,150.5,145737
2026-03-17 13:35:00,150.5,150.61,150.05,150.32,198572
2026-03-17 13:45:00,150.28,150.67,150.22,150.4,184978
2026-03-17 13:55:00,150.15,150.57,150.15,150.53,149724
2026-03-17 14:05:00,150.36,150.59,150.16,150.53,207314
2026-03-17 14:15:00,150.62,150.64,150.2,150.3,156131
2026-03-17 14:25:00,150.42,150.74,150.2,150.63,188136
2026-03-17 14:35:00,150.6,151.19,150.34,150.87,264652
2026-03-17 14:45:00,150.85,151.11,150.49,150.9,239114
2026-03-17 14:55:00,151.0,151.15,150.25,150.55,268559
2026-03-17 15:05:00,150.31,150.66,150.16,150.56,358614
2026-03-17 15:15:00,150.5,151.48,150.36,151.33,534812
2026-03-17 15:25:00,151.42,151.75,151.26,151.74,230645
2026-03-18 09:15:00,151.0,152.01,150.72,151.77,695941
2026-03-18 09:25:00,151.86,153.8,151.7,153.55,508146
2026-03-18 09:35:00,153.52,154.0,153.1,153.72,127604
2026-03-18 09:45:00,153.68,154.2,153.14,153.87,225847
2026-03-18 09:55:00,153.85,154.14,153.4,153.55,182097
2026-03-18 10:05:00,153.55,153.79,153.27,153.79,134953
2026-03-18 10:15:00,153.87,154.2,153.73,153.96,146020
2026-03-18 10:25:00,153.96,154.71,153.96,154.56,150641
2026-03-18 10:35:00,154.5,154.66,154.23,154.55,98748
2026-03-18 10:45:00,154.65,155.04,154.5,154.95,192262
2026-03-18 10:55:00,154.95,155.2,154.77,155.17,130101
2026-03-18 11:05:00,155.17,155.19,154.8,155.11,112860
2026-03-18 11:15:00,155.11,155.68,155.0,155.39,355150
2026-03-18 11:25:00,155.39,155.62,155.13,155.5,79267
2026-03-18 11:35:00,155.52,156.45,155.31,156.1,260081
2026-03-18 11:45:00,156.1,156.77,155.7,156.55,325792
2026-03-18 11:55:00,156.55,157.08,156.46,156.67,196119
2026-03-18 12:05:00,156.71,156.73,156.5,156.69,101559
2026-03-18 12:15:00,156.69,159.66,156.59,158.8,1065610
2026-03-18 12:25:00,158.8,159.33,158.36,158.87,320078
2026-03-18 12:35:00,158.63,158.9,158.05,158.33,183639
2026-03-18 12:45:00,158.32,158.97,158.18,158.54,144672
2026-03-18 12:55:00,158.55,158.77,158.17,158.6,172011
2026-03-18 13:05:00,158.65,158.75,158.21,158.5,212449
2026-03-18 13:15:00,158.43,158.85,157.4,157.5,295486
2026-03-18 13:25:00,157.52,160.18,157.5,160.0,792785
2026-03-18 13:35:00,160.01,160.99,159.84,160.24,467296
2026-03-18 13:45:00,160.3,160.72,160.15,160.45,273364
2026-03-18 13:55:00,160.45,160.69,159.61,159.9,956440
2026-03-18 14:05:00,159.9,160.01,159.75,159.99,207031
2026-03-18 14:15:00,159.99,160.02,159.42,159.68,176611
2026-03-18 14:25:00,159.68,159.84,159.33,159.33,144179
2026-03-18 14:35:00,159.33,159.67,158.55,158.64,182908
2026-03-18 14:45:00,158.64,158.86,158.54,158.72,116929
2026-03-18 14:55:00,158.72,158.99,158.44,158.44,166032
2026-03-18 15:05:00,158.41,158.63,158.06,158.26,300802
2026-03-18 15:15:00,158.29,159.36,157.85,159.26,1072742
2026-03-18 15:25:00,159.29,159.5,159.1,159.2,204984
2026-03-19 09:15:00,156.0,156.18,154.67,155.75,429267
2026-03-19 09:25:00,155.7,156.65,155.17,156.11,182328
2026-03-19 09:35:00,156.09,156.22,155.47,156.16,97339
2026-03-19 09:45:00,156.14,156.14,155.11,155.23,173687
2026-03-19 09:55:00,155.24,155.8,154.88,155.75,137677
2026-03-19 10:05:00,155.8,155.8,155.31,155.62,62043
2026-03-19 10:15:00,155.63,155.63,155.22,155.42,29677
2026-03-19 10:25:00,155.42,156.0,155.3,155.9,81180
2026-03-19 10:35:00,155.91,156.34,155.75,156.15,57275
2026-03-19 10:45:00,156.07,156.07,155.32,155.45,36888
2026-03-19 10:55:00,155.45,155.5,154.78,155.09,64136
2026-03-19 11:05:00,155.09,155.32,154.97,155.13,49077
2026-03-19 11:15:00,155.13,155.47,155.05,155.45,40249
2026-03-19 11:25:00,155.43,155.69,154.95,155.69,88355
2026-03-19 11:35:00,155.69,155.69,155.46,155.48,37281
2026-03-19 11:45:00,155.45,155.5,155.27,155.38,28785
2026-03-19 11:55:00,155.38,155.41,154.8,154.8,45748
2026-03-19 12:05:00,154.8,154.87,154.36,154.82,116630
2026-03-19 12:15:00,154.73,154.99,154.6,154.76,36561
2026-03-19 12:25:00,154.76,155.09,154.65,155.0,31779
2026-03-19 12:35:00,155.0,155.32,154.93,155.14,39188
2026-03-19 12:45:00,155.14,155.25,154.93,155.16,28943
2026-03-19 12:55:00,155.16,155.21,154.9,155.08,31394
2026-03-19 13:05:00,155.08,155.16,154.8,154.87,19216
2026-03-19 13:15:00,154.87,154.87,153.6,153.74,170694
2026-03-19 13:25:00,153.68,153.75,153.55,153.73,35062
2026-03-19 13:35:00,153.64,153.75,153.47,153.64,52965
2026-03-19 13:45:00,153.64,153.9,153.4,153.7,268623
2026-03-19 13:55:00,153.7,153.75,153.32,153.37,88962
2026-03-19 14:05:00,153.45,153.49,153.15,153.48,52606
2026-03-19 14:15:00,153.38,153.5,152.92,153.2,85218
2026-03-19 14:25:00,153.2,153.32,152.96,153.27,59786
2026-03-19 14:35:00,153.3,153.38,152.7,153.07,153065
2026-03-19 14:45:00,153.06,153.18,152.26,152.38,117683
2026-03-19 14:55:00,152.38,152.63,152.05,152.45,167687
2026-03-19 15:05:00,152.45,152.8,152.13,152.47,245462
2026-03-19 15:15:00,152.55,153.15,152.55,152.89,933846
2026-03-19 15:25:00,152.85,153.16,152.85,153.0,182926
2026-03-20 09:15:00,154.0,154.97,152.45,154.94,352954
2026-03-20 09:25:00,155.14,155.75,154.29,154.36,277687
2026-03-20 09:35:00,154.39,154.49,153.51,153.71,207150
2026-03-20 09:45:00,153.71,153.83,153.38,153.61,123236
2026-03-20 09:55:00,153.61,153.95,153.29,153.85,155393
2026-03-20 10:05:00,153.77,154.64,153.72,154.43,91132
2026-03-20 10:15:00,154.42,154.54,154.12,154.29,68086
2026-03-20 10:25:00,154.28,154.9,154.2,154.35,151764
2026-03-20 10:35:00,154.3,154.88,154.01,154.79,95453
2026-03-20 10:45:00,154.78,154.98,154.36,154.62,186253
2026-03-20 10:55:00,154.63,154.63,153.6,153.77,276498
2026-03-20 11:05:00,153.77,153.87,153.51,153.76,98888
2026-03-20 11:15:00,153.76,154.03,153.6,153.71,258967
2026-03-20 11:25:00,153.71,153.87,153.36,153.69,103229
2026-03-20 11:35:00,153.69,153.69,152.32,152.35,198727
2026-03-20 11:45:00,152.37,152.5,152.03,152.16,294024
2026-03-20 11:55:00,152.1,152.3,151.9,151.92,148300
2026-03-20 12:05:00,151.92,152.05,151.8,151.9,122523
2026-03-20 12:15:00,151.88,151.94,151.08,151.15,223195
2026-03-20 12:25:00,151.13,151.45,150.85,151.35,395166
2026-03-20 12:35:00,151.35,151.35,151.0,151.11,257422
2026-03-20 12:45:00,151.11,151.34,151.05,151.07,131646
2026-03-20 12:55:00,151.14,151.29,150.9,151.27,141306
2026-03-20 13:05:00,151.25,151.44,151.15,151.17,92432
2026-03-20 13:15:00,151.29,151.5,151.04,151.13,94829
2026-03-20 13:25:00,151.13,151.22,151.0,151.18,227451
2026-03-20 13:35:00,151.09,151.5,151.0,151.05,85133
2026-03-20 13:45:00,151.05,151.19,150.96,151.17,86887
2026-03-20 13:55:00,151.17,151.4,150.7,150.86,953589
2026-03-20 14:05:00,150.86,151.0,150.55,150.71,374532
2026-03-20 14:15:00,150.71,150.96,150.4,150.67,328508
2026-03-20 14:25:00,150.67,150.75,150.0,150.19,365856
2026-03-20 14:35:00,150.25,150.36,150.07,150.13,117056
2026-03-20 14:45:00,150.1,150.1,149.45,149.86,641253
2026-03-20 14:55:00,149.84,150.09,149.0,150.0,1728051
2026-03-20 15:05:00,149.99,150.0,149.04,149.08,3311038
2026-03-20 15:15:00,149.02,149.13,148.25,148.4,3070013
2026-03-20 15:25:00,148.39,148.53,147.0,147.99,1691329
2026-03-23 09:15:00,147.86,147.86,144.5,145.2,660986
2026-03-23 09:25:00,145.47,145.98,144.8,145.75,263415
2026-03-23 09:35:00,145.65,145.88,145.15,145.39,206225
2026-03-23 09:45:00,145.33,145.38,144.38,144.44,220234
2026-03-23 09:55:00,144.44,144.57,143.81,144.01,325505
2026-03-23 10:05:00,144.09,144.65,143.69,144.17,259853
2026-03-23 10:15:00,144.17,144.35,143.35,143.48,173269
2026-03-23 10:25:00,143.5,143.72,143.15,143.25,160759
2026-03-23 10:35:00,143.29,143.99,142.33,142.56,292216
2026-03-23 10:45:00,142.56,143.07,142.53,142.78,99910
2026-03-23 10:55:00,142.77,143.09,142.2,142.59,122067
2026-03-23 11:05:00,142.57,143.41,142.38,142.76,157455
2026-03-23 11:15:00,142.76,142.94,142.5,142.68,55482
2026-03-23 11:25:00,142.62,142.98,142.25,142.25,131686
2026-03-23 11:35:00,142.25,142.7,142.15,142.4,172053
2026-03-23 11:45:00,142.45,143.21,142.33,142.87,140227
2026-03-23 11:55:00,142.8,142.84,142.4,142.47,59150
2026-03-23 12:05:00,142.47,142.84,142.03,142.59,164840
2026-03-23 12:15:00,142.58,142.61,141.95,142.06,151511
2026-03-23 12:25:00,142.02,142.55,141.9,142.44,89828
2026-03-23 12:35:00,142.43,142.57,141.8,141.98,130424
2026-03-23 12:45:00,141.9,142.33,141.64,141.77,185619
2026-03-23 12:55:00,141.65,141.82,141.36,141.42,105071
2026-03-23 13:05:00,141.61,141.79,141.4,141.52,157870
2026-03-23 13:15:00,141.74,142.0,141.6,141.74,88467
2026-03-23 13:25:00,141.74,142.87,141.42,142.85,186261
2026-03-23 13:35:00,142.69,142.74,140.1,141.42,981925
2026-03-23 13:45:00,141.46,141.99,141.38,141.46,117710
2026-03-23 13:55:00,141.4,141.78,141.23,141.6,94396
2026-03-23 14:05:00,141.54,141.61,141.25,141.4,82127
2026-03-23 14:15:00,141.47,141.49,140.61,140.72,392484
2026-03-23 14:25:00,140.71,140.74,139.67,139.84,589488
2026-03-23 14:35:00,139.86,140.82,139.8,140.77,327497
2026-03-23 14:45:00,140.77,140.91,139.97,140.13,247007
2026-03-23 14:55:00,140.12,140.87,140.0,140.25,447629
2026-03-23 15:05:00,140.25,140.93,140.24,140.62,333692
2026-03-23 15:15:00,140.62,141.14,139.71,139.78,677823
2026-03-23 15:25:00,139.74,139.83,139.1,139.5,704373
2026-03-24 09:15:00,145.0,145.0,140.88,141.82,656535
2026-03-24 09:25:00,141.82,142.0,141.55,141.58,232986
2026-03-24 09:35:00,141.58,141.9,141.06,141.06,211426
2026-03-24 09:45:00,141.12,141.15,138.96,140.0,832777
2026-03-24 09:55:00,139.99,140.59,139.76,140.15,1027150
2026-03-24 10:05:00,140.27,140.52,139.61,139.82,153998
2026-03-24 10:15:00,139.82,140.45,139.54,140.31,187274
2026-03-24 10:25:00,141.14,141.37,140.76,140.9,207484
2026-03-24 10:35:00,140.82,140.9,140.54,140.62,69870
2026-03-24 10:45:00,140.59,141.04,140.3,140.57,108186
2026-03-24 10:55:00,140.6,140.98,140.45,140.91,86461
2026-03-24 11:05:00,140.95,141.14,140.78,141.02,69847
2026-03-24 11:15:00,141.02,141.47,140.94,141.26,70242
2026-03-24 11:25:00,141.26,141.6,141.17,141.6,87110
2026-03-24 11:35:00,141.56,142.94,141.56,142.93,156155
2026-03-24 11:45:00,142.9,143.49,142.8,143.38,157988
2026-03-24 11:55:00,143.36,143.89,143.3,143.65,139876
2026-03-24 12:05:00,143.67,143.95,142.5,142.81,181302
2026-03-24 12:15:00,142.82,143.24,142.26,142.72,167554
2026-03-24 12:25:00,142.77,142.82,141.5,142.55,394105
2026-03-24 12:35:00,142.51,143.92,142.24,143.31,533378
2026-03-24 12:45:00,143.58,144.66,143.52,144.61,175651
2026-03-24 12:55:00,144.69,144.7,143.91,144.02,525725
2026-03-24 13:05:00,144.16,145.6,143.69,145.48,282045
2026-03-24 13:15:00,145.5,146.9,145.14,146.77,245646
2026-03-24 13:25:00,146.67,147.69,146.4,147.4,312110
2026-03-24 13:35:00,147.41,147.58,146.76,147.0,210197
2026-03-24 13:45:00,147.0,147.13,146.02,146.25,118831
2026-03-24 13:55:00,146.25,146.61,146.2,146.44,87744
2026-03-24 14:05:00,146.44,146.75,146.4,146.65,70408
2026-03-24 14:15:00,146.65,146.85,146.3,146.49,81270
2026-03-24 14:25:00,146.49,146.75,146.25,146.57,92143
2026-03-24 14:35:00,146.57,146.58,145.6,145.67,197096
2026-03-24 14:45:00,145.66,146.18,145.5,145.72,110477
2026-03-24 14:55:00,145.72,146.2,145.36,145.47,107762
2026-03-24 15:05:00,145.46,145.52,144.94,145.15,201941
2026-03-24 15:15:00,145.22,145.53,145.0,145.23,204832
2026-03-24 15:25:00,145.23,145.23,145.01,145.2,100792
2026-03-25 09:15:00,148.0,149.98,147.31,149.26,723600
2026-03-25 09:25:00,149.27,153.45,149.15,153.16,930687
2026-03-25 09:35:00,153.05,153.79,152.47,152.69,511718
2026-03-25 09:45:00,152.7,154.17,150.36,151.55,1182932
2026-03-25 09:55:00,151.47,152.67,151.47,151.82,515532
2026-03-25 10:05:00,151.82,151.97,151.33,151.49,156343
2026-03-25 10:15:00,151.6,151.65,150.91,150.91,199506
2026-03-25 10:25:00,150.91,151.25,150.85,150.98,104743
2026-03-25 10:35:00,150.98,151.9,150.91,151.65,320481
2026-03-25 10:45:00,151.65,151.85,151.49,151.65,133778
2026-03-25 10:55:00,151.6,151.68,151.51,151.62,81978
2026-03-25 11:05:00,151.61,151.93,151.54,151.74,141739
2026-03-25 11:15:00,151.74,151.82,151.37,151.49,66731
2026-03-25 11:25:00,151.49,151.5,150.84,151.11,71895
2026-03-25 11:35:00,150.95,151.0,150.58,150.72,142265
2026-03-25 11:45:00,150.72,150.88,150.41,150.85,72965
2026-03-25 11:55:00,150.82,150.85,150.33,150.59,45399
2026-03-25 12:05:00,150.59,150.65,150.32,150.5,105017
2026-03-25 12:15:00,150.49,150.52,150.0,150.12,192987
2026-03-25 12:25:00,150.14,150.14,149.81,149.81,95486
2026-03-25 12:35:00,149.91,150.07,149.87,150.0,67441
2026-03-25 12:45:00,150.08,150.08,149.7,149.7,54542
2026-03-25 12:55:00,149.7,149.8,149.4,149.75,77776
2026-03-25 13:05:00,149.75,149.75,149.4,149.48,51361
2026-03-25 13:15:00,149.49,149.57,149.01,149.29,84470
2026-03-25 13:25:00,149.29,149.88,149.11,149.76,65988
2026-03-25 13:35:00,149.84,150.05,149.8,150.0,92024
2026-03-25 13:45:00,150.0,150.99,149.8,150.77,531098
2026-03-25 13:55:00,150.75,150.99,150.01,150.22,1103964
2026-03-25 14:05:00,150.02,150.24,149.66,149.86,1016787
2026-03-25 14:15:00,149.75,150.03,149.59,149.59,1048496
2026-03-25 14:25:00,149.61,149.64,149.01,149.08,136143
2026-03-25 14:35:00,149.18,149.48,149.09,149.43,80738
2026-03-25 14:45:00,149.43,149.7,149.25,149.41,340999
2026-03-25 14:55:00,149.41,149.52,148.84,148.88,169527
2026-03-25 15:05:00,148.86,148.86,148.25,148.45,234981
2026-03-25 15:15:00,148.42,149.48,148.0,149.0,406295
2026-03-25 15:25:00,149.08,149.25,149.0,149.1,187753
2026-03-27 09:15:00,148.5,148.9,146.38,146.62,606771
2026-03-27 09:25:00,146.53,147.0,146.39,146.46,321118
2026-03-27 09:35:00,146.46,146.75,145.94,146.1,207235
2026-03-27 09:45:00,146.06,146.1,145.46,145.81,132560
2026-03-27 09:55:00,145.81,145.88,145.13,145.32,179898
2026-03-27 10:05:00,145.27,145.28,144.63,144.71,206360
2026-03-27 10:15:00,144.75,144.91,144.25,144.55,222756
2026-03-27 10:25:00,144.6,145.28,144.41,144.73,72850
2026-03-27 10:35:00,144.7,144.82,144.19,144.55,166233
2026-03-27 10:45:00,144.55,144.78,144.06,144.27,94707
2026-03-27 10:55:00,144.24,144.9,144.08,144.38,124931
2026-03-27 11:05:00,144.38,144.84,144.36,144.53,72621
2026-03-27 11:15:00,144.56,144.66,144.16,144.27,75527
2026-03-27 11:25:00,144.27,144.5,144.0,144.26,163215
2026-03-27 11:35:00,144.38,144.7,144.06,144.4,57006
2026-03-27 11:45:00,144.4,144.55,144.1,144.5,46529
2026-03-27 11:55:00,144.5,144.82,144.22,144.74,124549
2026-03-27 12:05:00,144.74,144.87,144.53,144.68,154584
2026-03-27 12:15:00,144.7,144.76,144.28,144.7,51976
2026-03-27 12:25:00,144.65,144.89,144.6,144.67,39106
2026-03-27 12:35:00,144.6,144.7,144.5,144.64,45497
2026-03-27 12:45:00,144.64,144.78,144.4,144.51,71313
2026-03-27 12:55:00,144.56,144.69,144.4,144.46,54455
2026-03-27 13:05:00,144.43,144.63,144.33,144.57,27516
2026-03-27 13:15:00,144.49,144.51,143.83,143.88,172896
2026-03-27 13:25:00,143.89,144.2,143.53,143.78,162425
2026-03-27 13:35:00,143.85,144.4,143.71,143.97,98644
2026-03-27 13:45:00,144.03,144.03,143.61,143.74,50412
2026-03-27 13:55:00,143.74,143.79,143.3,143.55,114626
2026-03-27 14:05:00,143.56,143.59,143.15,143.45,140420
2026-03-27 14:15:00,143.45,143.48,143.15,143.32,54758
2026-03-27 14:25:00,143.32,143.35,142.57,142.89,252247
2026-03-27 14:35:00,142.89,142.99,142.33,142.5,168970
2026-03-27 14:45:00,142.5,142.84,141.8,142.84,679808
2026-03-27 14:55:00,142.77,142.96,142.04,142.33,443271
2026-03-27 15:05:00,142.31,142.72,142.14,142.3,663503
2026-03-27 15:15:00,142.29,142.31,141.59,141.9,1121820
2026-03-27 15:25:00,141.92,141.92,140.0,140.15,1163117
2026-03-30 09:15:00,140.0,141.27,138.8,140.26,725798
2026-03-30 09:25:00,140.26,141.4,140.01,141.17,242094
2026-03-30 09:35:00,141.2,141.45,139.79,141.35,312028
2026-03-30 09:45:00,141.41,141.7,140.01,140.2,243962
2026-03-30 09:55:00,140.28,140.44,140.1,140.2,107808
2026-03-30 10:05:00,140.2,140.2,139.32,139.74,176442
2026-03-30 10:15:00,139.73,139.93,139.45,139.5,152511
2026-03-30 10:25:00,139.61,139.75,139.2,139.32,72392
2026-03-30 10:35:00,139.32,139.6,139.08,139.11,101206
2026-03-30 10:45:00,139.18,139.43,139.01,139.07,87602
2026-03-30 10:55:00,139.03,139.37,139.0,139.35,140957
2026-03-30 11:05:00,139.35,139.66,139.05,139.36,167072
2026-03-30 11:15:00,139.48,139.64,139.03,139.03,79427
2026-03-30 11:25:00,139.11,139.3,138.91,139.26,149764
2026-03-30 11:35:00,139.3,139.87,139.21,139.34,147054
2026-03-30 11:45:00,139.35,139.5,139.02,139.3,123296
2026-03-30 11:55:00,139.3,140.1,139.15,140.0,347392
2026-03-30 12:05:00,139.92,140.0,139.67,139.85,117933
2026-03-30 12:15:00,139.86,140.13,139.7,139.86,272063
2026-03-30 12:25:00,139.79,139.93,139.57,139.81,209115
2026-03-30 12:35:00,139.75,140.41,139.72,140.04,274858
2026-03-30 12:45:00,140.04,140.18,139.6,139.78,181421
2026-03-30 12:55:00,139.78,140.0,139.77,139.9,112197
2026-03-30 13:05:00,139.93,139.95,139.33,139.55,162730
2026-03-30 13:15:00,139.56,139.79,139.48,139.74,90490
2026-03-30 13:25:00,139.74,139.76,139.25,139.52,63314
2026-03-30 13:35:00,139.52,139.7,139.45,139.51,115185
2026-03-30 13:45:00,139.51,139.51,138.9,138.95,253521
2026-03-30 13:55:00,138.95,139.3,138.67,139.15,167889
2026-03-30 14:05:00,139.15,139.22,138.71,138.8,77097
2026-03-30 14:15:00,138.8,138.97,138.6,138.69,94361
2026-03-30 14:25:00,138.69,138.8,138.4,138.51,105993
2026-03-30 14:35:00,138.57,138.65,138.3,138.4,101226
2026-03-30 14:45:00,138.42,138.54,138.0,138.14,414624
2026-03-30 14:55:00,138.12,138.18,137.51,137.57,214351
2026-03-30 15:05:00,137.75,138.2,137.4,138.15,404268
2026-03-30 15:15:00,138.2,138.32,137.95,138.12,318643
2026-03-30 15:25:00,138.1,138.25,137.3,138.04,352802
2026-04-01 09:15:00,143.01,145.15,142.38,144.85,516877
2026-04-01 09:25:00,144.85,145.03,144.25,144.25,277875
2026-04-01 09:35:00,144.29,144.31,143.39,143.73,126599
2026-04-01 09:45:00,143.8,144.7,142.92,144.6,226455
2026-04-01 09:55:00,144.72,145.5,144.47,145.3,99017
2026-04-01 10:05:00,145.21,145.8,145.03,145.8,118274
2026-04-01 10:15:00,145.7,145.7,144.95,144.95,90129
2026-04-01 10:25:00,144.9,145.17,144.06,144.2,106533
2026-04-01 10:35:00,144.12,145.62,144.05,145.42,100430
2026-04-01 10:45:00,145.38,145.47,145.0,145.37,52006
2026-04-01 10:55:00,145.35,145.35,144.75,144.94,72966
2026-04-01 11:05:00,144.88,145.49,144.72,145.15,61671
2026-04-01 11:15:00,145.15,145.5,145.1,145.47,52296
2026-04-01 11:25:00,145.47,145.75,145.35,145.74,44996
2026-04-01 11:35:00,145.71,146.25,145.71,145.97,78057
2026-04-01 11:45:00,145.97,146.02,145.45,145.76,49132
2026-04-01 11:55:00,145.76,146.38,145.67,146.29,61198
2026-04-01 12:05:00,146.2,146.98,146.2,146.86,63042
2026-04-01 12:15:00,146.89,146.99,146.55,146.85,74357
2026-04-01 12:25:00,146.8,147.09,146.69,146.9,79702
2026-04-01 12:35:00,146.94,147.15,146.81,146.96,55895
2026-04-01 12:45:00,147.02,147.29,146.85,147.12,79230
2026-04-01 12:55:00,147.12,147.45,146.91,147.44,57459
2026-04-01 13:05:00,147.54,147.92,147.36,147.69,101054
2026-04-01 13:15:00,147.69,147.75,147.19,147.4,73798
2026-04-01 13:25:00,147.4,147.5,147.21,147.35,39741
2026-04-01 13:35:00,147.36,147.38,146.37,147.04,130227
2026-04-01 13:45:00,146.97,147.35,146.97,147.17,69436
2026-04-01 13:55:00,147.17,147.5,147.04,147.32,55006
2026-04-01 14:05:00,147.39,147.82,147.34,147.8,52192
2026-04-01 14:15:00,147.8,147.94,147.55,147.79,49557
2026-04-01 14:25:00,147.72,147.88,147.6,147.77,44964
2026-04-01 14:35:00,147.77,147.84,146.52,146.57,146951
2026-04-01 14:45:00,146.65,146.69,146.18,146.46,81662
2026-04-01 14:55:00,146.52,147.27,146.4,147.16,155446
2026-04-01 15:05:00,147.35,147.66,147.11,147.15,158163
2026-04-01 15:15:00,147.1,147.75,147.05,147.56,212796
2026-04-01 15:25:00,147.58,148.61,147.21,147.4,155720
2026-04-02 09:15:00,144.8,144.9,141.73,143.33,296572
2026-04-02 09:25:00,143.45,143.65,143.1,143.43,67198
2026-04-02 09:35:00,143.31,143.55,143.05,143.55,77379
2026-04-02 09:45:00,143.66,143.75,142.75,143.2,83171
2026-04-02 09:55:00,143.2,143.35,142.8,143.23,69283
2026-04-02 10:05:00,143.23,143.35,142.71,143.35,55613
2026-04-02 10:15:00,143.29,143.35,142.96,143.03,58614
2026-04-02 10:25:00,143.05,143.79,143.03,143.78,60328
2026-04-02 10:35:00,143.79,144.26,143.6,143.96,80158
2026-04-02 10:45:00,144.13,144.23,143.59,143.92,73095
2026-04-02 10:55:00,143.9,144.22,143.8,144.15,39393
2026-04-02 11:05:00,144.15,144.31,143.82,144.0,27329
2026-04-02 11:15:00,144.02,144.35,143.94,144.33,23195
2026-04-02 11:25:00,144.34,144.64,144.2,144.4,29602
2026-04-02 11:35:00,144.4,144.84,144.34,144.84,29615
2026-04-02 11:45:00,144.84,144.96,144.71,144.96,43022
2026-04-02 11:55:00,144.95,145.04,144.61,144.71,76965
2026-04-02 12:05:00,144.71,144.82,144.37,144.82,30393
2026-04-02 12:15:00,144.89,144.96,144.28,144.67,29563
2026-04-02 12:25:00,144.67,144.99,144.6,144.86,27086
2026-04-02 12:35:00,144.93,146.0,144.85,145.9,122784
2026-04-02 12:45:00,145.94,146.59,145.92,146.16,150159
2026-04-02 12:55:00,146.16,146.55,146.1,146.21,35227
2026-04-02 13:05:00,146.22,146.75,146.14,146.7,106960
2026-04-02 13:15:00,146.7,147.18,146.6,147.18,44476
2026-04-02 13:25:00,147.19,147.3,147.02,147.28,38632
2026-04-02 13:35:00,147.28,147.72,147.1,147.63,44839
2026-04-02 13:45:00,147.63,147.85,147.2,147.4,48347
2026-04-02 13:55:00,147.47,147.69,147.38,147.59,31217
2026-04-02 14:05:00,147.6,147.99,147.43,147.95,59066
2026-04-02 14:15:00,147.95,148.36,147.74,148.05,121438
2026-04-02 14:25:00,148.05,148.16,147.73,148.08,49961
2026-04-02 14:35:00,148.05,148.1,146.68,146.72,104061
2026-04-02 14:45:00,146.77,147.41,146.65,147.35,77587
2026-04-02 14:55:00,147.4,148.0,147.09,148.0,74876
2026-04-02 15:05:00,148.0,148.6,147.94,148.24,121824
2026-04-02 15:15:00,148.24,148.44,147.8,147.84,197465
2026-04-02 15:25:00,148.04,148.04,147.57,148.0,76679
2026-04-06 09:15:00,147.5,147.95,144.5,145.85,401102
2026-04-06 09:25:00,145.77,146.02,144.81,145.93,141834
2026-04-06 09:35:00,146.0,147.25,146.0,146.5,132679
2026-04-06 09:45:00,146.6,147.0,145.44,145.6,76966
2026-04-06 09:55:00,145.72,146.05,145.5,145.9,48284
2026-04-06 10:05:00,145.9,146.5,145.75,146.45,47157
2026-04-06 10:15:00,146.45,147.53,146.45,147.29,102861
2026-04-06 10:25:00,147.36,148.0,147.13,147.97,109255
2026-04-06 10:35:00,147.97,148.2,147.54,148.01,333739
2026-04-06 10:45:00,147.99,148.2,147.79,148.14,458778
2026-04-06 10:55:00,148.2,148.55,148.01,148.22,427588
2026-04-06 11:05:00,148.22,148.4,148.02,148.38,500741
2026-04-06 11:15:00,148.28,148.45,148.0,148.22,442473
2026-04-06 11:25:00,148.22,148.39,148.11,148.27,441785
2026-04-06 11:35:00,148.27,148.36,147.3,147.65,368555
2026-04-06 11:45:00,147.65,149.5,147.42,147.95,165528
2026-04-06 11:55:00,147.95,148.31,147.85,148.2,113306
2026-04-06 12:05:00,148.2,148.41,148.01,148.09,47426
2026-04-06 12:15:00,148.11,148.46,147.88,148.26,97881
2026-04-06 12:25:00,148.26,148.5,148.05,148.11,73537
2026-04-06 12:35:00,148.14,148.4,148.02,148.23,53195
2026-04-06 12:45:00,148.23,148.54,148.2,148.5,89915
2026-04-06 12:55:00,148.53,148.61,148.26,148.39,194527
2026-04-06 13:05:00,148.39,148.62,148.3,148.45,232467
2026-04-06 13:15:00,148.45,149.15,148.3,148.86,556927
2026-04-06 13:25:00,148.88,151.9,148.66,151.9,281288
2026-04-06 13:35:00,151.86,152.34,151.3,151.86,269097
2026-04-06 13:45:00,151.86,151.93,150.68,151.54,176316
2026-04-06 13:55:00,151.54,151.66,150.42,150.53,233318
2026-04-06 14:05:00,150.61,150.89,149.93,150.86,167936
2026-04-06 14:15:00,150.78,151.29,150.51,151.14,88167
2026-04-06 14:25:00,151.13,151.14,150.71,150.84,63772
2026-04-06 14:35:00,150.85,150.85,150.5,150.71,59563
2026-04-06 14:45:00,150.71,150.8,149.76,149.85,140043
2026-04-06 14:55:00,149.85,150.06,149.52,149.95,96014
2026-04-06 15:05:00,149.95,150.46,149.85,150.25,169379
2026-04-06 15:15:00,150.24,150.71,148.91,149.0,271595
2026-04-06 15:25:00,149.0,149.49,148.91,149.49,225919
2026-04-07 09:15:00,149.0,149.0,145.46,145.7,784875
2026-04-07 09:25:00,145.72,146.0,145.25,145.3,538686
2026-04-07 09:35:00,145.29,145.57,143.92,144.19,998510
2026-04-07 09:45:00,144.19,145.12,144.08,145.05,302931
2026-04-07 09:55:00,145.05,145.76,145.05,145.58,305104
2026-04-07 10:05:00,145.69,145.79,145.38,145.44,150021
2026-04-07 10:15:00,145.46,146.5,145.45,146.5,383542
2026-04-07 10:25:00,146.5,147.48,146.48,147.3,454492
2026-04-07 10:35:00,147.29,148.2,146.99,148.05,289137
2026-04-07 10:45:00,148.03,148.61,146.71,146.91,261813
2026-04-07 10:55:00,146.91,147.0,145.92,146.14,177574
2026-04-07 11:05:00,146.13,146.78,145.61,145.84,2395319
2026-04-07 11:15:00,145.84,146.28,145.66,146.19,182267
2026-04-07 11:25:00,146.19,147.6,145.69,147.6,3878718
2026-04-07 11:35:00,147.54,147.95,146.97,147.07,200008
2026-04-07 11:45:00,147.07,147.43,146.98,147.43,153175
2026-04-07 11:55:00,147.44,147.59,147.14,147.23,180933
2026-04-07 12:05:00,147.33,147.59,146.86,147.25,148005
2026-04-07 12:15:00,147.37,147.48,147.0,147.03,90668
2026-04-07 12:25:00,147.16,147.3,146.92,147.27,85631
2026-04-07 12:35:00,147.3,147.31,146.86,146.93,86495
2026-04-07 12:45:00,147.05,147.06,146.5,146.68,213967
2026-04-07 12:55:00,146.66,146.71,146.23,146.4,84810
2026-04-07 13:05:00,146.42,146.57,146.12,146.56,115191
2026-04-07 13:15:00,146.56,146.7,146.3,146.4,82516
2026-04-07 13:25:00,146.4,147.24,146.37,147.13,144189
2026-04-07 13:35:00,147.03,147.29,146.9,147.23,113991
2026-04-07 13:45:00,147.18,147.23,146.34,146.5,256552
2026-04-07 13:55:00,146.47,146.59,146.11,146.5,224370
2026-04-07 14:05:00,146.5,146.6,146.23,146.32,211798
2026-04-07 14:15:00,146.38,146.49,146.05,146.27,124715
2026-04-07 14:25:00,146.23,146.34,146.1,146.24,132980
2026-04-07 14:35:00,146.24,146.47,145.96,146.44,201242
2026-04-07 14:45:00,146.46,146.85,146.31,146.78,176215
2026-04-07 14:55:00,146.78,147.19,146.72,147.18,284866
2026-04-07 15:05:00,147.14,147.14,146.69,146.83,324073
2026-04-07 15:15:00,146.82,147.15,146.34,146.57,509151
2026-04-07 15:25:00,146.65,146.85,146.26,146.3,290055
2026-04-08 09:15:00,154.0,154.79,150.3,152.1,2911420
2026-04-08 09:25:00,152.1,153.01,152.0,152.05,573401
2026-04-08 09:35:00,152.1,152.95,151.97,152.95,337119
2026-04-08 09:45:00,152.95,153.34,152.28,152.39,476814
2026-04-08 09:55:00,152.37,154.13,152.37,153.3,441081
2026-04-08 10:05:00,153.3,153.85,152.3,152.4,4307636
2026-04-08 10:15:00,152.35,152.9,151.91,152.88,362487
2026-04-08 10:25:00,152.88,152.98,152.2,152.77,356448
2026-04-08 10:35:00,152.77,153.27,152.74,152.86,150783
2026-04-08 10:45:00,152.85,153.0,152.43,152.95,123816
2026-04-08 10:55:00,152.85,153.87,152.7,153.0,4194220
2026-04-08 11:05:00,153.0,153.63,153.0,153.49,682151
2026-04-08 11:15:00,153.49,154.32,153.4,153.5,624246
2026-04-08 11:25:00,153.5,153.69,153.41,153.48,144270
2026-04-08 11:35:00,153.5,154.0,153.43,153.65,93917
2026-04-08 11:45:00,153.66,154.32,153.43,153.68,153496
2026-04-08 11:55:00,153.65,154.06,153.57,154.0,65729
2026-04-08 12:05:00,154.01,154.01,153.58,153.79,56123
2026-04-08 12:15:00,153.8,153.81,153.31,153.46,62663
2026-04-08 12:25:00,153.49,153.5,152.86,153.0,190127
2026-04-08 12:35:00,153.0,153.09,152.91,153.0,151138
2026-04-08 12:45:00,153.0,153.18,152.91,153.0,66010
2026-04-08 12:55:00,153.0,153.09,152.8,152.95,74227
2026-04-08 13:05:00,152.95,153.0,152.66,152.93,72837
2026-04-08 13:15:00,152.87,154.2,152.62,154.14,5209930
2026-04-08 13:25:00,154.04,154.4,153.76,153.86,142581
2026-04-08 13:35:00,153.86,154.09,153.66,153.75,58799
2026-04-08 13:45:00,153.75,153.85,153.05,153.15,166022
2026-04-08 13:55:00,153.23,153.23,152.9,152.92,143410
2026-04-08 14:05:00,152.92,153.21,152.9,153.03,72018
2026-04-08 14:15:00,153.04,153.28,152.28,152.81,278269
2026-04-08 14:25:00,152.83,153.69,151.88,152.31,778763
2026-04-08 14:35:00,152.41,153.0,152.25,152.8,4654584
2026-04-08 14:45:00,152.86,153.78,152.46,152.56,719612
2026-04-08 14:55:00,152.63,152.66,152.25,152.49,1512389
2026-04-08 15:05:00,152.5,153.18,151.98,152.94,1046463
2026-04-08 15:15:00,152.92,153.01,150.93,151.47,2795822
2026-04-08 15:25:00,151.48,152.8,151.29,152.5,1240743
2026-04-09 09:15:00,151.97,154.9,151.21,154.5,1214378
2026-04-09 09:25:00,154.47,154.8,152.64,152.75,439800
2026-04-09 09:35:00,152.83,153.29,151.52,151.96,467291
2026-04-09 09:45:00,151.96,152.24,151.0,151.14,369985
2026-04-09 09:55:00,151.11,151.15,150.03,150.94,378205
2026-04-09 10:05:00,150.94,151.48,150.66,151.48,112489
2026-04-09 10:15:00,151.43,151.73,151.0,151.59,126517
2026-04-09 10:25:00,151.63,152.42,151.47,152.34,140538
2026-04-09 10:35:00,152.34,152.44,151.9,151.96,101979
2026-04-09 10:45:00,151.96,152.4,151.85,152.18,97155
2026-04-09 10:55:00,152.18,152.5,152.1,152.29,79674
2026-04-09 11:05:00,152.29,152.55,151.96,152.44,87571
2026-04-09 11:15:00,152.5,152.7,152.22,152.41,46170
2026-04-09 11:25:00,152.47,152.92,152.41,152.65,73036
2026-04-09 11:35:00,152.65,152.72,152.55,152.64,39204
2026-04-09 11:45:00,152.64,152.91,152.61,152.81,70982
2026-04-09 11:55:00,152.88,153.05,152.71,152.77,91513
2026-04-09 12:05:00,152.77,153.0,152.59,152.59,41688
2026-04-09 12:15:00,152.4,152.81,152.33,152.7,46035
2026-04-09 12:25:00,152.7,152.7,152.32,152.33,60823
2026-04-09 12:35:00,152.38,152.4,151.94,152.04,83287
2026-04-09 12:45:00,152.04,152.04,151.36,151.5,113484
2026-04-09 12:55:00,151.53,151.59,151.13,151.43,64701
2026-04-09 13:05:00,151.43,152.65,151.15,152.53,542697
2026-04-09 13:15:00,152.53,152.63,152.1,152.33,58118
2026-04-09 13:25:00,152.33,152.56,151.89,152.16,167106
2026-04-09 13:35:00,152.16,152.5,151.3,151.61,162008
2026-04-09 13:45:00,151.52,151.79,151.28,151.5,185760
2026-04-09 13:55:00,151.5,151.68,151.45,151.68,36307
2026-04-09 14:05:00,151.68,151.77,151.3,151.4,34507
2026-04-09 14:15:00,151.4,151.54,150.74,150.97,169386
2026-04-09 14:25:00,151.02,151.02,150.44,150.75,79485
2026-04-09 14:35:00,150.76,151.26,150.67,151.1,46026
2026-04-09 14:45:00,151.06,151.29,150.96,151.27,78372
2026-04-09 14:55:00,151.26,151.71,151.1,151.4,145541
2026-04-09 15:05:00,151.4,151.67,150.87,151.48,242631
2026-04-09 15:15:00,151.48,151.59,151.21,151.29,226917
2026-04-09 15:25:00,151.33,151.65,151.1,151.3,135942
2026-04-10 09:15:00,152.9,154.29,151.47,153.63,511544
2026-04-10 09:25:00,153.58,154.49,153.58,154.17,416582
2026-04-10 09:35:00,154.16,154.6,153.76,154.4,538068
2026-04-10 09:45:00,154.4,154.84,154.36,154.5,153847
2026-04-10 09:55:00,154.5,155.15,154.04,154.04,291997
2026-04-10 10:05:00,154.1,154.2,153.72,154.15,108809
2026-04-10 10:15:00,154.13,154.59,154.0,154.59,54205
2026-04-10 10:25:00,154.59,154.6,154.03,154.22,77168
2026-04-10 10:35:00,154.22,154.67,154.22,154.27,95910
2026-04-10 10:45:00,154.29,154.57,154.15,154.25,109801
2026-04-10 10:55:00,154.3,154.3,154.0,154.22,126682
2026-04-10 11:05:00,154.22,154.69,154.15,154.5,52329
2026-04-10 11:15:00,154.5,154.54,154.21,154.34,46221
2026-04-10 11:25:00,154.33,154.47,154.2,154.3,43615
2026-04-10 11:35:00,154.3,154.3,153.95,153.98,47989
2026-04-10 11:45:00,153.98,154.02,153.28,153.46,77853
2026-04-10 11:55:00,153.46,153.74,153.4,153.74,61759
2026-04-10 12:05:00,153.77,153.86,153.59,153.73,42158
2026-04-10 12:15:00,153.74,153.79,153.5,153.7,49710
2026-04-10 12:25:00,153.74,153.93,153.67,153.86,41222
2026-04-10 12:35:00,153.86,154.06,153.77,153.85,36319
2026-04-10 12:45:00,153.85,154.4,153.81,154.34,116834
2026-04-10 12:55:00,154.27,154.88,154.27,154.6,118195
2026-04-10 13:05:00,154.6,154.89,154.49,154.78,81235
2026-04-10 13:15:00,154.78,154.78,154.31,154.39,51716
2026-04-10 13:25:00,154.31,154.45,154.14,154.25,57570
2026-04-10 13:35:00,154.25,154.55,154.17,154.46,52088
2026-04-10 13:45:00,154.55,154.74,154.31,154.59,77147
2026-04-10 13:55:00,154.59,154.94,154.37,154.76,119817
2026-04-10 14:05:00,154.8,154.8,154.45,154.47,60951
2026-04-10 14:15:00,154.57,154.57,153.78,153.85,136038
2026-04-10 14:25:00,153.75,153.82,153.45,153.7,119062
2026-04-10 14:35:00,153.7,153.86,153.42,153.84,81043
2026-04-10 14:45:00,153.85,154.21,153.85,153.92,140713
2026-04-10 14:55:00,154.0,154.5,153.91,154.45,156838
2026-04-10 15:05:00,154.44,154.86,154.36,154.79,201115
2026-04-10 15:15:00,154.8,155.75,154.67,155.44,429233
2026-04-10 15:25:00,155.39,155.43,155.0,155.23,137333
2026-04-13 09:15:00,151.99,152.38,149.3,149.92,706456
2026-04-13 09:25:00,149.92,151.47,149.91,151.34,261825
2026-04-13 09:35:00,151.33,151.33,150.21,151.13,139728
2026-04-13 09:45:00,151.13,151.55,150.87,151.5,98991
2026-04-13 09:55:00,151.58,151.69,151.2,151.55,74057
2026-04-13 10:05:00,151.55,151.75,151.4,151.55,72083
2026-04-13 10:15:00,151.55,152.0,150.95,151.9,166695
2026-04-13 10:25:00,151.9,152.62,151.89,152.19,138362
2026-04-13 10:35:00,152.07,152.55,152.0,152.5,74175
2026-04-13 10:45:00,152.5,153.6,152.43,153.52,180624
2026-04-13 10:55:00,153.57,153.87,153.25,153.5,100874
2026-04-13 11:05:00,153.5,153.6,153.14,153.2,41346
2026-04-13 11:15:00,153.2,153.95,153.2,153.69,69700
2026-04-13 11:25:00,153.69,153.69,153.38,153.45,31414
2026-04-13 11:35:00,153.45,153.67,153.3,153.46,30427
2026-04-13 11:45:00,153.46,153.55,152.73,153.48,65098
2026-04-13 11:55:00,153.48,153.84,153.48,153.7,55548
2026-04-13 12:05:00,153.7,153.95,153.53,153.68,56811
2026-04-13 12:15:00,153.69,153.8,153.5,153.51,34001
2026-04-13 12:25:00,153.5,154.95,153.5,154.6,92508
2026-04-13 12:35:00,154.58,154.62,154.21,154.54,68639
2026-04-13 12:45:00,154.54,154.75,153.88,154.54,92221
2026-04-13 12:55:00,154.54,154.62,153.79,153.92,68917
2026-04-13 13:05:00,153.92,154.4,153.87,154.26,67276
2026-04-13 13:15:00,154.26,154.3,154.08,154.15,64000
2026-04-13 13:25:00,154.19,154.4,154.15,154.35,21225
2026-04-13 13:35:00,154.35,154.44,154.34,154.39,27330
2026-04-13 13:45:00,154.39,154.82,154.15,154.8,144637
2026-04-13 13:55:00,154.8,154.89,154.75,154.79,52681
2026-04-13 14:05:00,154.79,154.79,154.33,154.4,77231
2026-04-13 14:15:00,154.4,154.69,154.35,154.59,59699
2026-04-13 14:25:00,154.51,154.75,154.51,154.68,78174
2026-04-13 14:35:00,154.63,154.71,154.3,154.5,63773
2026-04-13 14:45:00,154.5,154.75,154.33,154.7,67541
2026-04-13 14:55:00,154.65,154.78,154.15,154.4,111934
2026-04-13 15:05:00,154.46,154.8,154.29,154.6,105569
2026-04-13 15:15:00,154.6,154.77,154.43,154.55,381726
2026-04-13 15:25:00,154.55,154.55,154.25,154.31,178315
2026-04-15 09:15:00,157.5,158.4,156.54,157.83,415073
2026-04-15 09:25:00,157.83,157.92,157.3,157.69,240834
2026-04-15 09:35:00,157.76,158.76,157.55,158.5,171733
2026-04-15 09:45:00,158.51,158.71,158.0,158.13,140844
2026-04-15 09:55:00,158.15,158.99,158.07,158.21,113717
2026-04-15 10:05:00,158.21,159.49,158.1,159.49,173697
2026-04-15 10:15:00,159.6,160.24,159.4,159.87,470709
2026-04-15 10:25:00,159.77,161.39,159.66,161.05,284612
2026-04-15 10:35:00,160.94,162.08,160.94,161.6,240844
2026-04-15 10:45:00,161.7,161.93,161.4,161.53,165234
2026-04-15 10:55:00,161.55,161.79,161.4,161.6,102511
2026-04-15 11:05:00,161.6,161.6,161.1,161.44,102892
2026-04-15 11:15:00,161.43,161.43,161.1,161.21,54959
2026-04-15 11:25:00,161.25,161.33,161.09,161.15,66409
2026-04-15 11:35:00,161.15,161.19,161.05,161.19,60029
2026-04-15 11:45:00,161.23,161.47,161.22,161.44,44494
2026-04-15 11:55:00,161.44,161.49,161.23,161.49,42399
2026-04-15 12:05:00,161.38,161.65,161.26,161.3,52588
2026-04-15 12:15:00,161.3,162.4,161.18,162.16,213603
2026-04-15 12:25:00,162.2,162.4,162.07,162.3,105839
2026-04-15 12:35:00,162.39,162.5,161.8,162.29,241863
2026-04-15 12:45:00,162.29,162.55,162.2,162.53,130836
2026-04-15 12:55:00,162.53,162.71,162.25,162.63,96895
2026-04-15 13:05:00,162.64,162.64,162.0,162.44,157110
2026-04-15 13:15:00,162.4,162.58,162.2,162.29,39064
2026-04-15 13:25:00,162.29,163.3,162.1,163.08,215150
2026-04-15 13:35:00,163.08,163.3,163.0,163.08,83699
2026-04-15 13:45:00,163.08,163.7,163.08,163.1,141167
2026-04-15 13:55:00,163.16,163.45,163.03,163.19,75973
2026-04-15 14:05:00,163.19,163.35,163.05,163.12,51201
2026-04-15 14:15:00,163.15,163.25,163.0,163.15,83101
2026-04-15 14:25:00,163.2,163.2,163.06,163.15,34373
2026-04-15 14:35:00,163.15,163.19,163.0,163.18,84430
2026-04-15 14:45:00,163.18,163.38,163.07,163.38,82071
2026-04-15 14:55:00,163.37,163.43,163.0,163.31,186164
2026-04-15 15:05:00,163.24,163.38,162.11,162.25,313182
2026-04-15 15:15:00,162.25,162.34,161.65,161.75,220503
2026-04-15 15:25:00,161.86,161.88,161.06,161.49,243190
2026-04-16 09:15:00,163.97,164.66,163.21,164.3,483619
2026-04-16 09:25:00,164.08,164.13,163.0,163.45,182385
2026-04-16 09:35:00,163.48,163.48,162.57,162.6,477647
2026-04-16 09:45:00,162.6,163.0,161.66,162.84,244215
2026-04-16 09:55:00,162.84,162.89,162.36,162.73,80944
2026-04-16 10:05:00,162.73,163.1,162.62,162.95,131140
2026-04-16 10:15:00,162.95,162.99,162.46,162.94,74983
2026-04-16 10:25:00,162.95,163.06,162.59,162.97,43814
2026-04-16 10:35:00,162.97,163.2,162.85,163.2,51690
2026-04-16 10:45:00,163.2,163.35,163.15,163.23,39412
2026-04-16 10:55:00,163.23,163.7,163.2,163.68,73666
2026-04-16 11:05:00,163.68,163.96,163.5,163.58,61218
2026-04-16 11:15:00,163.58,163.73,163.42,163.42,46024
2026-04-16 11:25:00,163.54,163.87,163.44,163.51,124844
2026-04-16 11:35:00,163.51,163.66,162.71,162.71,167807
2026-04-16 11:45:00,162.68,162.8,161.89,162.0,225416
2026-04-16 11:55:00,162.0,162.0,161.2,161.25,74187
2026-04-16 12:05:00,161.25,161.61,161.13,161.56,108682
2026-04-16 12:15:00,161.56,161.62,161.45,161.5,63316
2026-04-16 12:25:00,161.59,161.75,161.46,161.5,215495
2026-04-16 12:35:00,161.55,162.3,161.47,161.72,194179
2026-04-16 12:45:00,161.69,161.81,161.49,161.55,60382
2026-04-16 12:55:00,161.55,161.66,161.46,161.58,51158
2026-04-16 13:05:00,161.58,161.7,161.5,161.66,36952
2026-04-16 13:15:00,161.66,162.05,161.52,161.8,56920
2026-04-16 13:25:00,161.8,161.9,161.68,161.87,30389
2026-04-16 13:35:00,161.87,161.87,161.54,161.56,30551
2026-04-16 13:45:00,161.55,161.85,161.48,161.84,54442
2026-04-16 13:55:00,161.84,162.0,161.66,161.75,138855
2026-04-16 14:05:00,161.75,161.78,161.57,161.77,34806
2026-04-16 14:15:00,161.77,161.9,161.58,161.75,36313
2026-04-16 14:25:00,161.75,162.25,161.55,162.24,82284
2026-04-16 14:35:00,162.23,162.5,161.65,161.92,137361
2026-04-16 14:45:00,161.92,162.39,161.86,162.37,97507
2026-04-16 14:55:00,162.37,162.37,161.85,162.0,112719
2026-04-16 15:05:00,162.05,162.09,161.55,161.88,141145
2026-04-16 15:15:00,161.88,162.2,161.8,162.02,195279
2026-04-16 15:25:00,162.05,162.05,161.4,161.94,130755
2026-04-17 09:15:00,162.7,163.5,161.65,163.02,212684
2026-04-17 09:25:00,163.02,163.35,162.4,162.64,127236
2026-04-17 09:35:00,162.63,162.65,161.91,162.12,73493
2026-04-17 09:45:00,162.07,162.73,162.07,162.58,71334
2026-04-17 09:55:00,162.6,162.9,162.25,162.88,65719
2026-04-17 10:05:00,162.88,164.0,162.73,162.81,158162
2026-04-17 10:15:00,162.8,163.19,162.68,162.87,86176
2026-04-17 10:25:00,162.79,162.88,162.3,162.46,88094
2026-04-17 10:35:00,162.43,162.56,161.92,162.41,97637
2026-04-17 10:45:00,162.25,162.7,162.15,162.69,95357
2026-04-17 10:55:00,162.52,162.71,162.27,162.49,78070
2026-04-17 11:05:00,162.4,162.6,162.21,162.51,30402
2026-04-17 11:15:00,162.51,162.6,162.3,162.49,45623
2026-04-17 11:25:00,162.49,162.6,162.33,162.35,35705
2026-04-17 11:35:00,162.35,162.57,162.23,162.46,54337
2026-04-17 11:45:00,162.4,162.51,162.23,162.41,50489
2026-04-17 11:55:00,162.41,162.63,162.05,162.18,69452
2026-04-17 12:05:00,162.2,162.37,162.06,162.2,35355
2026-04-17 12:15:00,162.11,162.37,162.1,162.3,31331
2026-04-17 12:25:00,162.3,162.48,161.9,162.15,131164
2026-04-17 12:35:00,162.15,162.21,161.55,161.79,95099
2026-04-17 12:45:00,161.9,162.04,161.65,161.68,62105
2026-04-17 12:55:00,161.68,161.86,161.6,161.73,54751
2026-04-17 13:05:00,161.73,161.84,161.25,161.67,123999
2026-04-17 13:15:00,161.73,161.87,161.5,161.79,95866
2026-04-17 13:25:00,161.79,162.05,161.65,162.0,39492
2026-04-17 13:35:00,162.0,162.01,161.8,161.95,47197
2026-04-17 13:45:00,161.95,162.16,161.8,162.06,79314
2026-04-17 13:55:00,162.05,162.16,161.88,162.11,57999
2026-04-17 14:05:00,162.11,162.39,162.03,162.33,62096
2026-04-17 14:15:00,162.33,162.62,162.21,162.45,122127
2026-04-17 14:25:00,162.45,162.99,162.36,162.9,223713
2026-04-17 14:35:00,162.9,162.98,162.43,162.66,152583
2026-04-17 14:45:00,162.63,162.7,162.45,162.7,140150
2026-04-17 14:55:00,162.7,162.72,162.38,162.69,181770
2026-04-17 15:05:00,162.69,162.86,162.59,162.7,225625
2026-04-17 15:15:00,162.7,163.1,161.85,161.94,258894
2026-04-17 15:25:00,161.93,162.6,161.87,162.6,84661
2026-04-20 09:15:00,162.52,162.55,159.42,162.31,353122
2026-04-20 09:25:00,162.5,162.5,161.33,161.48,174569
2026-04-20 09:35:00,161.56,161.68,160.65,160.71,113680
2026-04-20 09:45:00,160.71,162.26,160.45,161.6,167878
2026-04-20 09:55:00,161.6,161.69,161.25,161.45,45480
2026-04-20 10:05:00,161.6,162.0,161.44,161.85,29921
2026-04-20 10:15:00,161.85,162.75,161.85,162.71,116743
2026-04-20 10:25:00,162.64,163.15,162.36,163.15,109476
2026-04-20 10:35:00,163.15,163.44,162.88,163.15,60903
2026-04-20 10:45:00,163.19,163.19,162.72,163.0,64921
2026-04-20 10:55:00,163.01,163.18,162.88,163.12,42038
2026-04-20 11:05:00,163.12,163.18,162.76,162.85,49960
2026-04-20 11:15:00,162.85,163.2,162.85,163.12,28413
2026-04-20 11:25:00,163.2,163.2,162.9,162.9,24936
2026-04-20 11:35:00,162.9,163.49,162.87,163.49,63552
2026-04-20 11:45:00,163.49,163.85,163.31,163.75,94623
2026-04-20 11:55:00,163.75,163.9,163.6,163.73,34834
2026-04-20 12:05:00,163.71,163.74,163.26,163.4,36681
2026-04-20 12:15:00,163.4,163.59,163.3,163.59,32457
2026-04-20 12:25:00,163.59,163.99,163.48,163.88,92626
2026-04-20 12:35:00,163.88,164.15,163.64,164.0,153790
2026-04-20 12:45:00,164.0,164.05,163.75,163.97,57412
2026-04-20 12:55:00,163.95,164.05,163.41,163.6,53942
2026-04-20 13:05:00,163.53,163.81,163.21,163.23,55425
2026-04-20 13:15:00,163.23,163.3,162.6,162.72,79534
2026-04-20 13:25:00,162.64,162.64,162.03,162.03,142480
2026-04-20 13:35:00,162.03,162.56,162.03,162.42,52341
2026-04-20 13:45:00,162.49,162.55,162.2,162.3,41251
2026-04-20 13:55:00,162.3,162.48,162.23,162.43,26391
2026-04-20 14:05:00,162.4,162.48,162.05,162.32,67812
2026-04-20 14:15:00,162.32,162.75,162.3,162.73,82435
2026-04-20 14:25:00,162.63,163.3,162.63,162.9,93362
2026-04-20 14:35:00,162.9,162.91,162.55,162.74,33518
2026-04-20 14:45:00,162.74,162.74,162.38,162.51,33103
2026-04-20 14:55:00,162.55,162.67,162.31,162.5,126432
2026-04-20 15:05:00,162.5,162.57,162.25,162.36,166023
2026-04-20 15:15:00,162.35,162.37,161.45,161.52,178937
2026-04-20 15:25:00,161.52,161.85,161.4,161.8,67360
2026-04-21 09:15:00,162.6,163.4,161.49,162.54,217206
2026-04-21 09:25:00,162.61,163.35,162.43,163.27,128670
2026-04-21 09:35:00,163.27,164.5,163.24,163.8,178867
2026-04-21 09:45:00,163.7,163.98,163.5,163.75,83830
2026-04-21 09:55:00,163.85,164.8,163.67,164.71,193898
2026-04-21 10:05:00,164.77,164.99,164.29,164.76,179418
2026-04-21 10:15:00,164.7,166.0,164.5,165.4,385479
2026-04-21 10:25:00,165.39,165.95,165.29,165.54,85443
2026-04-21 10:35:00,165.5,166.0,165.44,165.9,86586
2026-04-21 10:45:00,165.94,166.76,165.85,166.21,276075
2026-04-21 10:55:00,166.3,166.7,166.08,166.29,134241
2026-04-21 11:05:00,166.25,166.3,166.0,166.16,71898
2026-04-21 11:15:00,166.16,166.25,165.56,165.61,72186
2026-04-21 11:25:00,165.6,166.23,165.55,166.23,116138
2026-04-21 11:35:00,166.23,166.29,165.66,166.1,84486
2026-04-21 11:45:00,166.1,166.1,165.15,165.8,73581
2026-04-21 11:55:00,165.7,166.07,165.65,165.85,90992
2026-04-21 12:05:00,165.85,165.95,165.76,165.86,13787
2026-04-21 12:15:00,165.9,167.5,165.77,167.03,642194
2026-04-21 12:25:00,167.09,167.09,166.4,166.4,317717
2026-04-21 12:35:00,166.4,166.9,166.3,166.61,55970
2026-04-21 12:45:00,166.76,166.84,166.41,166.47,45066
2026-04-21 12:55:00,166.47,166.48,166.1,166.1,39165
2026-04-21 13:05:00,166.1,166.12,165.78,166.12,79911
2026-04-21 13:15:00,166.2,166.44,166.03,166.2,37829
2026-04-21 13:25:00,166.2,166.36,165.91,165.91,53674
2026-04-21 13:35:00,165.91,166.1,165.71,165.9,33326
2026-04-21 13:45:00,165.9,166.14,165.7,165.88,50015
2026-04-21 13:55:00,165.88,166.12,165.8,165.8,39300
2026-04-21 14:05:00,165.8,165.93,165.55,165.78,25637
2026-04-21 14:15:00,165.78,165.98,165.63,165.79,34010
2026-04-21 14:25:00,165.8,165.9,165.65,165.8,22201
2026-04-21 14:35:00,165.8,165.81,165.31,165.59,80490
2026-04-21 14:45:00,165.56,165.64,165.31,165.5,96261
2026-04-21 14:55:00,165.5,165.66,165.34,165.46,64811
2026-04-21 15:05:00,165.46,165.63,165.0,165.35,191261
2026-04-21 15:15:00,165.3,165.3,164.63,164.75,200244
2026-04-21 15:25:00,164.73,164.93,164.4,164.64,141861
2026-04-22 09:15:00,165.7,166.28,164.18,164.72,344091
2026-04-22 09:25:00,164.51,164.51,163.81,164.33,182074
2026-04-22 09:35:00,164.5,164.88,164.2,164.39,111294
2026-04-22 09:45:00,164.39,164.41,163.66,163.79,120826
2026-04-22 09:55:00,163.79,163.92,163.21,163.35,180966
2026-04-22 10:05:00,163.35,163.4,163.0,163.2,159650
2026-04-22 10:15:00,163.25,163.25,162.45,162.55,170076
2026-04-22 10:25:00,162.55,162.97,162.4,162.86,78636
2026-04-22 10:35:00,162.93,163.1,162.86,162.96,48701
2026-04-22 10:45:00,162.98,163.31,162.95,163.3,62933
2026-04-22 10:55:00,163.21,163.34,162.91,163.18,76372
2026-04-22 11:05:00,163.2,163.33,163.05,163.27,30246
2026-04-22 11:15:00,163.25,163.45,163.2,163.35,27013
2026-04-22 11:25:00,163.35,163.43,163.2,163.35,27394
2026-04-22 11:35:00,163.35,163.38,163.19,163.28,25830
2026-04-22 11:45:00,163.2,163.34,163.02,163.18,40129
2026-04-22 11:55:00,163.15,163.3,163.0,163.22,56016
2026-04-22 12:05:00,163.15,163.36,163.05,163.33,34495
2026-04-22 12:15:00,163.33,163.33,163.05,163.14,29307
2026-04-22 12:25:00,163.22,163.35,163.05,163.3,28271
2026-04-22 12:35:00,163.3,163.34,163.1,163.29,21753
2026-04-22 12:45:00,163.29,163.35,163.02,163.35,22939
2026-04-22 12:55:00,163.35,163.45,163.13,163.35,34997
2026-04-22 13:05:00,163.43,163.48,163.24,163.4,18241
2026-04-22 13:15:00,163.4,163.43,163.23,163.3,17443
2026-04-22 13:25:00,163.3,163.41,163.15,163.3,38395
2026-04-22 13:35:00,163.25,163.58,163.22,163.58,32803
2026-04-22 13:45:00,163.58,163.78,163.45,163.47,52774
2026-04-22 13:55:00,163.47,163.84,163.45,163.68,54474
2026-04-22 14:05:00,163.68,163.7,163.47,163.5,30491
2026-04-22 14:15:00,163.55,163.59,163.25,163.39,42147
2026-04-22 14:25:00,163.46,163.56,163.39,163.44,24927
2026-04-22 14:35:00,163.47,163.65,163.41,163.65,23586
2026-04-22 14:45:00,163.6,163.77,163.3,163.77,63523
2026-04-22 14:55:00,163.76,163.79,163.22,163.22,82437
2026-04-22 15:05:00,163.31,163.49,163.15,163.49,93686
2026-04-22 15:15:00,163.49,163.7,163.45,163.64,154276
2026-04-22 15:25:00,163.64,163.7,163.52,163.7,97915
2026-04-23 09:15:00,162.75,163.52,161.58,162.24,179754
2026-04-23 09:25:00,162.37,162.37,161.79,162.08,96527
2026-04-23 09:35:00,161.99,162.4,161.7,161.99,80841
2026-04-23 09:45:00,161.99,162.6,161.84,162.53,67225
2026-04-23 09:55:00,162.5,162.63,162.3,162.63,46926
2026-04-23 10:05:00,162.7,162.8,162.16,162.25,35087
2026-04-23 10:15:00,162.25,162.46,162.11,162.36,27532
2026-04-23 10:25:00,162.36,162.44,162.0,162.1,80876
2026-04-23 10:35:00,162.1,162.17,161.58,161.8,62149
2026-04-23 10:45:00,161.8,161.85,161.1,161.46,125259
2026-04-23 10:55:00,161.46,161.71,161.26,161.68,26839
2026-04-23 11:05:00,161.68,161.81,161.47,161.6,33721
2026-04-23 11:15:00,161.69,161.76,161.35,161.35,55333
2026-04-23 11:25:00,161.35,161.5,161.25,161.46,34547
2026-04-23 11:35:00,161.45,161.49,161.15,161.35,33601
2026-04-23 11:45:00,161.35,161.5,161.11,161.44,31987
2026-04-23 11:55:00,161.44,161.7,161.34,161.69,9708
2026-04-23 12:05:00,161.69,161.75,161.47,161.7,86716
2026-04-23 12:15:00,161.68,161.7,161.46,161.59,15126
2026-04-23 12:25:00,161.59,161.59,161.13,161.18,44529
2026-04-23 12:35:00,161.18,161.31,161.1,161.3,50611
2026-04-23 12:45:00,161.2,161.31,161.18,161.29,14276
2026-04-23 12:55:00,161.21,161.46,161.2,161.39,18395
2026-04-23 13:05:00,161.4,161.73,161.35,161.65,24266
2026-04-23 13:15:00,161.65,161.9,161.55,161.9,32068
2026-04-23 13:25:00,161.9,161.95,161.75,161.75,15567
2026-04-23 13:35:00,161.72,161.75,161.43,161.63,23194
2026-04-23 13:45:00,161.63,161.72,161.45,161.65,23376
2026-04-23 13:55:00,161.65,161.7,161.41,161.5,40215
2026-04-23 14:05:00,161.5,161.62,161.21,161.34,37149
2026-04-23 14:15:00,161.32,161.34,161.05,161.14,37466
2026-04-23 14:25:00,161.14,161.27,160.75,160.85,141707
2026-04-23 14:35:00,160.85,160.94,160.4,160.56,175619
2026-04-23 14:45:00,160.56,160.56,160.27,160.3,97398
2026-04-23 14:55:00,160.35,160.86,160.2,160.69,100761
2026-04-23 15:05:00,160.74,160.89,160.24,160.43,160134
2026-04-23 15:15:00,160.46,160.61,160.33,160.46,113301
2026-04-23 15:25:00,160.46,160.6,160.28,160.28,86526
2026-04-24 09:15:00,161.14,161.7,159.68,159.74,223063
2026-04-24 09:25:00,159.77,159.84,158.7,158.95,156773
2026-04-24 09:35:00,159.0,159.4,158.65,159.14,98201
2026-04-24 09:45:00,159.1,159.1,158.28,158.48,97432
2026-04-24 09:55:00,158.4,159.37,158.34,159.3,82285
2026-04-24 10:05:00,159.3,159.63,159.18,159.5,90411
2026-04-24 10:15:00,159.51,159.51,158.8,158.97,32558
2026-04-24 10:25:00,158.97,159.1,158.76,159.1,24037
2026-04-24 10:35:00,159.1,159.59,158.93,159.03,42358
2026-04-24 10:45:00,159.03,159.11,158.72,158.99,32063
2026-04-24 10:55:00,158.99,158.99,158.64,158.7,22115
2026-04-24 11:05:00,158.75,158.82,158.61,158.65,23538
2026-04-24 11:15:00,158.71,158.88,158.6,158.87,18311
2026-04-24 11:25:00,158.87,158.98,158.74,158.98,17187
2026-04-24 11:35:00,158.97,158.97,158.7,158.8,16334
2026-04-24 11:45:00,158.8,158.8,158.06,158.2,70572
2026-04-24 11:55:00,158.2,158.33,158.05,158.29,58961
2026-04-24 12:05:00,158.29,158.75,158.12,158.75,22780
2026-04-24 12:15:00,158.75,158.9,158.32,158.5,23058
2026-04-24 12:25:00,158.5,158.53,158.24,158.38,19372
2026-04-24 12:35:00,158.38,158.54,158.24,158.31,22613
2026-04-24 12:45:00,158.3,158.81,158.3,158.76,54386
2026-04-24 12:55:00,158.76,158.93,158.61,158.78,20958
2026-04-24 13:05:00,158.68,158.76,158.31,158.46,14615
2026-04-24 13:15:00,158.46,158.67,157.65,157.74,118701
2026-04-24 13:25:00,157.7,157.98,157.6,157.6,55849
2026-04-24 13:35:00,157.62,157.8,157.2,157.2,54678
2026-04-24 13:45:00,157.2,157.6,157.17,157.5,39164
2026-04-24 13:55:00,157.5,157.57,157.27,157.31,38200
2026-04-24 14:05:00,157.32,157.83,157.13,157.51,75085
2026-04-24 14:15:00,157.51,158.0,157.5,157.8,32188
2026-04-24 14:25:00,157.8,158.56,157.66,158.46,44192
2026-04-24 14:35:00,158.46,158.75,158.4,158.44,28753
2026-04-24 14:45:00,158.44,158.75,158.4,158.46,40733
2026-04-24 14:55:00,158.57,158.62,158.14,158.31,69912
2026-04-24 15:05:00,158.31,158.46,158.11,158.39,72365
2026-04-24 15:15:00,158.39,158.68,158.05,158.3,96413
2026-04-24 15:25:00,158.36,158.69,158.0,158.51,48612
2026-04-27 09:15:00,160.0,160.56,158.57,160.56,232222
2026-04-27 09:25:00,160.33,160.74,159.99,160.13,102245
2026-04-27 09:35:00,160.02,160.55,159.77,160.3,70100
2026-04-27 09:45:00,160.14,160.9,159.99,160.84,115443
2026-04-27 09:55:00,160.84,160.9,160.3,160.36,48262
2026-04-27 10:05:00,160.35,160.55,160.01,160.13,43853
2026-04-27 10:15:00,160.06,160.56,160.06,160.3,24828
2026-04-27 10:25:00,160.3,160.5,160.18,160.45,41949
2026-04-27 10:35:00,160.49,160.58,160.15,160.4,60005
2026-04-27 10:45:00,160.4,160.76,160.35,160.67,30659
2026-04-27 10:55:00,160.69,160.69,160.33,160.59,28795
2026-04-27 11:05:00,160.59,160.67,160.3,160.66,63232
2026-04-27 11:15:00,160.66,160.67,160.25,160.48,32734
2026-04-27 11:25:00,160.48,160.48,159.9,159.97,53440
2026-04-27 11:35:00,159.9,160.0,159.8,159.9,30536
2026-04-27 11:45:00,159.9,159.9,159.74,159.85,17654
2026-04-27 11:55:00,159.85,160.06,159.77,159.83,17472
2026-04-27 12:05:00,159.77,160.39,159.77,160.32,24918
2026-04-27 12:15:00,160.32,160.74,160.25,160.65,49301
2026-04-27 12:25:00,160.65,160.89,160.65,160.84,21726
2026-04-27 12:35:00,160.84,161.25,160.81,161.0,44800
2026-04-27 12:45:00,161.0,161.16,160.86,160.94,32907
2026-04-27 12:55:00,160.94,161.2,160.82,161.1,13878
2026-04-27 13:05:00,161.1,161.45,161.05,161.4,24832
2026-04-27 13:15:00,161.4,162.08,161.4,161.93,120468
2026-04-27 13:25:00,161.93,161.95,161.38,161.45,20391
2026-04-27 13:35:00,161.4,161.6,161.33,161.45,21716
2026-04-27 13:45:00,161.45,161.62,161.3,161.36,42925
2026-04-27 13:55:00,161.45,161.75,161.4,161.7,31307
2026-04-27 14:05:00,161.7,161.7,161.34,161.55,21128
2026-04-27 14:15:00,161.55,161.68,161.4,161.5,18234
2026-04-27 14:25:00,161.5,161.89,161.03,161.15,130364
2026-04-27 14:35:00,161.15,161.28,161.01,161.14,32510
2026-04-27 14:45:00,161.14,161.14,160.91,161.13,33908
2026-04-27 14:55:00,161.1,161.18,160.7,160.7,67477
2026-04-27 15:05:00,160.72,160.73,160.5,160.66,71752
2026-04-27 15:15:00,160.61,160.88,160.5,160.7,77065
2026-04-27 15:25:00,160.65,161.0,160.58,160.95,70525
2026-04-28 09:15:00,160.65,161.1,160.1,160.28,135991
2026-04-28 09:25:00,160.28,160.38,159.67,159.9,95230
2026-04-28 09:35:00,159.92,159.92,159.11,159.46,150333
2026-04-28 09:45:00,159.4,159.72,159.23,159.7,118537
2026-04-28 09:55:00,159.69,159.83,159.01,159.18,62303
2026-04-28 10:05:00,159.18,159.27,159.03,159.12,41728
2026-04-28 10:15:00,159.12,159.12,158.71,159.11,177203
2026-04-28 10:25:00,159.11,159.22,158.78,158.78,51534
2026-04-28 10:35:00,158.86,158.91,158.43,158.43,73596
2026-04-28 10:45:00,158.51,158.89,158.42,158.72,28387
2026-04-28 10:55:00,158.72,159.09,158.71,159.01,34986
2026-04-28 11:05:00,159.02,159.19,159.0,159.11,17478
2026-04-28 11:15:00,159.11,159.13,158.7,158.85,49024
2026-04-28 11:25:00,158.85,158.88,158.21,158.43,80032
2026-04-28 11:35:00,158.43,158.65,158.11,158.62,61962
2026-04-28 11:45:00,158.62,158.76,158.55,158.66,26494
2026-04-28 11:55:00,158.66,158.68,158.25,158.33,49205
2026-04-28 12:05:00,158.33,158.44,158.19,158.37,17694
2026-04-28 12:15:00,158.44,158.47,158.13,158.29,24624
2026-04-28 12:25:00,158.29,158.36,158.0,158.19,39332
2026-04-28 12:35:00,158.2,158.35,158.12,158.33,18619
2026-04-28 12:45:00,158.33,158.48,158.2,158.4,35081
2026-04-28 12:55:00,158.4,158.42,158.14,158.3,24640
2026-04-28 13:05:00,158.3,158.41,158.12,158.4,21111
2026-04-28 13:15:00,158.39,158.59,158.34,158.34,46167
2026-04-28 13:25:00,158.43,158.5,158.14,158.15,57077
2026-04-28 13:35:00,158.29,158.29,158.05,158.2,28965
2026-04-28 13:45:00,158.2,158.25,158.02,158.18,31078
2026-04-28 13:55:00,158.18,158.34,158.1,158.1,15037
2026-04-28 14:05:00,158.1,158.27,158.02,158.08,35056
2026-04-28 14:15:00,158.13,158.19,157.7,158.0,153177
2026-04-28 14:25:00,158.0,158.11,157.83,158.06,44059
2026-04-28 14:35:00,158.06,158.21,158.03,158.06,28266
2026-04-28 14:45:00,158.13,158.32,158.05,158.25,80272
2026-04-28 14:55:00,158.25,158.29,157.84,157.84,102076
2026-04-28 15:05:00,157.94,158.04,157.65,157.7,99811
2026-04-28 15:15:00,157.78,158.03,157.56,157.97,118341
2026-04-28 15:25:00,157.97,158.34,157.8,158.15,84017
2026-04-29 09:15:00,158.7,158.98,158.0,158.88,176371
2026-04-29 09:25:00,158.89,159.38,158.59,158.81,153549
2026-04-29 09:35:00,158.85,159.28,158.6,159.06,98333
2026-04-29 09:45:00,159.1,159.32,158.8,159.3,89070
2026-04-29 09:55:00,159.25,160.02,159.16,159.8,279302
2026-04-29 10:05:00,159.8,159.99,159.33,159.95,153546
2026-04-29 10:15:00,159.95,161.14,159.95,160.5,300948
2026-04-29 10:25:00,160.59,160.77,160.26,160.4,113038
2026-04-29 10:35:00,160.4,160.51,159.52,159.52,95712
2026-04-29 10:45:00,159.52,160.05,159.32,159.84,85912
2026-04-29 10:55:00,159.75,161.04,159.61,160.44,513851
2026-04-29 11:05:00,160.47,160.51,160.25,160.32,36779
2026-04-29 11:15:00,160.37,160.78,160.16,160.78,35822
2026-04-29 11:25:00,160.89,160.89,160.27,160.46,27017
2026-04-29 11:35:00,160.4,160.5,160.32,160.38,18766
2026-04-29 11:45:00,160.43,160.44,160.21,160.44,15270
2026-04-29 11:55:00,160.44,160.64,160.29,160.48,32209
2026-04-29 12:05:00,160.48,160.74,160.4,160.57,23740
2026-04-29 12:15:00,160.57,161.48,160.54,160.8,71330
2026-04-29 12:25:00,160.82,160.84,160.5,160.59,17212
2026-04-29 12:35:00,160.51,160.7,160.5,160.65,9962
2026-04-29 12:45:00,160.65,161.4,160.61,161.29,99680
2026-04-29 12:55:00,161.25,161.3,160.8,160.85,47628
2026-04-29 13:05:00,160.85,160.93,160.69,160.73,24341
2026-04-29 13:15:00,160.7,160.7,160.33,160.67,49601
2026-04-29 13:25:00,160.79,161.23,160.7,160.94,79651
2026-04-29 13:35:00,160.94,161.15,160.21,160.25,58745
2026-04-29 13:45:00,160.25,161.0,159.7,161.0,317822
2026-04-29 13:55:00,160.87,160.89,159.95,160.09,57593
2026-04-29 14:05:00,160.0,160.34,159.81,159.93,47728
2026-04-29 14:15:00,159.93,160.19,159.7,160.0,24968
2026-04-29 14:25:00,159.99,160.17,159.78,160.05,53327
2026-04-29 14:35:00,160.05,160.2,159.95,160.2,46571
2026-04-29 14:45:00,160.21,160.31,159.81,159.99,36563
2026-04-29 14:55:00,159.97,160.63,159.6,160.25,90971
2026-04-29 15:05:00,160.3,160.85,160.18,160.32,185703
2026-04-29 15:15:00,160.32,160.32,159.53,159.6,132533
2026-04-29 15:25:00,159.6,159.7,159.21,159.21,104313
2026-04-30 09:15:00,159.0,159.1,156.65,156.85,328203
2026-04-30 09:25:00,156.8,157.61,156.72,157.61,185477
2026-04-30 09:35:00,157.67,157.79,157.1,157.79,116843
2026-04-30 09:45:00,157.69,157.84,157.17,157.17,75421
2026-04-30 09:55:00,157.17,157.22,156.42,156.67,128659
2026-04-30 10:05:00,156.67,156.79,156.24,156.31,82026
2026-04-30 10:15:00,156.24,156.38,156.01,156.08,72541
2026-04-30 10:25:00,156.17,156.34,156.04,156.11,50564
2026-04-30 10:35:00,156.2,156.82,156.1,156.64,101604
2026-04-30 10:45:00,156.64,156.64,156.26,156.45,45051
2026-04-30 10:55:00,156.41,156.73,156.16,156.45,54172
2026-04-30 11:05:00,156.49,156.75,156.42,156.56,38536
2026-04-30 11:15:00,156.46,156.55,156.35,156.37,57070
2026-04-30 11:25:00,156.45,156.88,156.39,156.76,25518
2026-04-30 11:35:00,156.76,157.0,156.76,156.89,16644
2026-04-30 11:45:00,156.81,156.93,156.19,156.29,88391
2026-04-30 11:55:00,156.41,157.39,156.33,157.3,143988
2026-04-30 12:05:00,157.38,157.69,157.22,157.44,99179
2026-04-30 12:15:00,157.5,157.68,157.3,157.46,17977
2026-04-30 12:25:00,157.48,157.65,157.29,157.52,65391
2026-04-30 12:35:00,157.52,157.89,157.51,157.83,55094
2026-04-30 12:45:00,157.77,158.21,157.77,157.95,79712
2026-04-30 12:55:00,158.05,158.1,157.77,157.81,27161
2026-04-30 13:05:00,157.85,158.2,157.75,158.2,91872
2026-04-30 13:15:00,158.12,158.2,158.0,158.15,32778
2026-04-30 13:25:00,158.19,158.3,158.02,158.15,52510
2026-04-30 13:35:00,158.11,159.1,158.11,159.04,378334
2026-04-30 13:45:00,159.0,159.59,158.88,159.04,307080
2026-04-30 13:55:00,159.04,160.1,159.0,159.88,239952
2026-04-30 14:05:00,159.94,160.19,159.65,160.02,484048
2026-04-30 14:15:00,160.0,160.14,159.92,160.0,318348
2026-04-30 14:25:00,160.0,160.9,160.0,160.61,288571
2026-04-30 14:35:00,160.6,160.88,160.5,160.68,138956
2026-04-30 14:45:00,160.68,160.9,160.5,160.79,129411
2026-04-30 14:55:00,160.77,161.59,160.52,160.58,193202
2026-04-30 15:05:00,160.59,160.84,160.06,160.7,516347
2026-04-30 15:15:00,160.57,160.9,160.31,160.63,393876
2026-04-30 15:25:00,160.65,161.0,160.42,160.95,296128
2026-05-04 09:15:00,161.0,161.44,160.1,160.78,195792
2026-05-04 09:25:00,160.82,161.32,160.53,161.07,92526
2026-05-04 09:35:00,161.14,161.14,160.69,160.72,74190
2026-05-04 09:45:00,160.73,162.29,160.73,161.84,150631
2026-05-04 09:55:00,161.92,162.44,161.84,162.19,129109
2026-05-04 10:05:00,162.23,162.43,161.68,161.76,75269
2026-05-04 10:15:00,161.76,161.88,161.4,161.41,42852
2026-05-04 10:25:00,161.41,161.94,161.15,161.55,64243
2026-05-04 10:35:00,161.55,161.57,161.34,161.49,16587
2026-05-04 10:45:00,161.49,161.83,161.25,161.6,65650
2026-05-04 10:55:00,161.6,163.15,161.34,162.65,289548
2026-05-04 11:05:00,162.65,162.79,162.5,162.73,33922
2026-05-04 11:15:00,162.75,163.6,162.74,163.1,176485
2026-05-04 11:25:00,163.14,163.35,163.0,163.2,52277
2026-05-04 11:35:00,163.2,163.2,162.65,162.87,100198
2026-05-04 11:45:00,162.87,163.0,162.69,162.71,44943
2026-05-04 11:55:00,162.8,163.69,162.71,163.52,121366
2026-05-04 12:05:00,163.52,163.59,162.55,162.73,184148
2026-05-04 12:15:00,162.73,162.76,162.12,162.45,83563
2026-05-04 12:25:00,162.5,162.64,161.62,161.62,100875
2026-05-04 12:35:00,161.62,164.16,161.4,163.12,460489
2026-05-04 12:45:00,163.08,163.27,162.6,162.86,71295
2026-05-04 12:55:00,162.78,163.0,162.7,162.84,18042
2026-05-04 13:05:00,162.84,162.86,162.6,162.82,30122
2026-05-04 13:15:00,162.78,162.8,162.1,162.23,29681
2026-05-04 13:25:00,162.23,162.23,161.53,161.9,61147
2026-05-04 13:35:00,161.96,162.28,161.64,162.22,76236
2026-05-04 13:45:00,162.22,162.54,162.1,162.39,50485
2026-05-04 13:55:00,162.39,162.39,161.86,162.18,24790
2026-05-04 14:05:00,162.15,162.85,162.04,162.49,67322
2026-05-04 14:15:00,162.49,163.08,162.36,162.79,139311
2026-05-04 14:25:00,162.79,162.84,162.15,162.32,19581
2026-05-04 14:35:00,162.32,162.35,162.02,162.15,21591
2026-05-04 14:45:00,162.13,162.8,162.01,162.53,119511
2026-05-04 14:55:00,162.53,163.05,162.53,162.65,72517
2026-05-04 15:05:00,162.69,162.87,162.55,162.76,53452
2026-05-04 15:15:00,162.79,162.84,162.51,162.78,136900
2026-05-04 15:25:00,162.8,163.2,162.78,163.0,87652
2026-05-05 09:15:00,162.8,163.34,161.23,162.92,195592
2026-05-05 09:25:00,162.92,163.2,162.2,162.85,131318
2026-05-05 09:35:00,162.85,163.2,162.22,162.65,94054
2026-05-05 09:45:00,162.67,163.14,162.53,162.99,72198
2026-05-05 09:55:00,162.99,163.07,162.37,162.43,76092
2026-05-05 10:05:00,162.43,162.58,161.9,162.03,64944
2026-05-05 10:15:00,162.03,162.03,161.5,161.68,52473
2026-05-05 10:25:00,161.7,161.7,161.13,161.39,62915
2026-05-05 10:35:00,161.39,161.39,160.9,161.05,54174
2026-05-05 10:45:00,161.11,161.23,160.85,161.12,27537
2026-05-05 10:55:00,161.06,161.36,160.9,161.24,33826
2026-05-05 11:05:00,161.26,162.16,160.95,161.8,92430
2026-05-05 11:15:00,161.8,162.0,161.66,161.96,17683
2026-05-05 11:25:00,161.92,161.98,161.72,161.91,24527
2026-05-05 11:35:00,161.91,161.97,161.65,161.74,35424
2026-05-05 11:45:00,161.73,161.77,161.0,161.15,40259
2026-05-05 11:55:00,161.15,161.76,160.78,161.74,106280
2026-05-05 12:05:00,161.67,162.1,161.65,161.99,38859
2026-05-05 12:15:00,161.99,162.4,161.92,162.24,54177
2026-05-05 12:25:00,162.34,162.44,162.12,162.22,18160
2026-05-05 12:35:00,162.16,162.38,162.11,162.11,8536
2026-05-05 12:45:00,162.24,162.47,162.14,162.39,14185
2026-05-05 12:55:00,162.39,162.6,162.25,162.3,20846
2026-05-05 13:05:00,162.33,162.55,162.2,162.4,18265
2026-05-05 13:15:00,162.4,162.55,161.91,162.2,59212
2026-05-05 13:25:00,162.2,162.25,162.06,162.09,8510
2026-05-05 13:35:00,162.09,162.63,162.02,162.5,39201
2026-05-05 13:45:00,162.5,162.5,162.15,162.19,10122
2026-05-05 13:55:00,162.15,162.42,162.1,162.22,32266
2026-05-05 14:05:00,162.22,162.39,162.06,162.14,54142
2026-05-05 14:15:00,162.19,162.45,162.1,162.34,22065
2026-05-05 14:25:00,162.34,162.46,162.15,162.21,24070
2026-05-05 14:35:00,162.21,162.33,162.15,162.17,12448
2026-05-05 14:45:00,162.28,162.28,162.06,162.13,48865
2026-05-05 14:55:00,162.15,162.3,162.13,162.21,30446
2026-05-05 15:05:00,162.22,162.31,162.04,162.24,54245
2026-05-05 15:15:00,162.22,162.47,162.09,162.35,58633
2026-05-05 15:25:00,162.38,162.5,161.6,161.6,72854
2026-05-06 09:15:00,163.22,164.09,162.9,163.16,159789
2026-05-06 09:25:00,163.09,163.46,162.94,163.41,80477
2026-05-06 09:35:00,163.4,163.43,162.7,162.96,58868
2026-05-06 09:45:00,162.95,163.76,162.71,163.69,73578
2026-05-06 09:55:00,163.69,165.11,163.62,164.66,274300
2026-05-06 10:05:00,164.67,165.3,164.55,165.16,239589
2026-05-06 10:15:00,165.2,165.2,164.51,164.87,74902
2026-05-06 10:25:00,164.94,165.6,164.85,165.05,182343
2026-05-06 10:35:00,165.01,165.56,164.58,165.42,125552
2026-05-06 10:45:00,165.45,166.38,165.14,166.23,246807
2026-05-06 10:55:00,166.18,166.68,165.77,165.9,184814
2026-05-06 11:05:00,165.92,166.57,165.75,166.26,149424
2026-05-06 11:15:00,166.22,166.97,166.2,166.76,143239
2026-05-06 11:25:00,166.76,166.83,166.37,166.73,106579
2026-05-06 11:35:00,166.73,167.0,166.4,167.0,99006
2026-05-06 11:45:00,167.0,167.8,166.91,167.2,332654
2026-05-06 11:55:00,167.2,167.56,167.01,167.12,145104
2026-05-06 12:05:00,167.12,167.4,166.85,167.12,124274
2026-05-06 12:15:00,167.08,167.2,166.53,166.53,170046
2026-05-06 12:25:00,166.53,167.49,166.42,167.19,155882
2026-05-06 12:35:00,167.11,167.36,167.0,167.01,237050
2026-05-06 12:45:00,167.0,167.08,165.99,166.58,343886
2026-05-06 12:55:00,166.58,166.75,166.5,166.69,108266
2026-05-06 13:05:00,166.67,167.26,166.59,167.25,155598
2026-05-06 13:15:00,167.25,168.2,167.09,167.78,253275
2026-05-06 13:25:00,167.83,167.83,167.5,167.5,50698
2026-05-06 13:35:00,167.5,167.74,167.5,167.68,47894
2026-05-06 13:45:00,167.65,167.8,167.57,167.74,71949
2026-05-06 13:55:00,167.7,167.79,167.5,167.6,47466
2026-05-06 14:05:00,167.65,167.65,167.23,167.3,47559
2026-05-06 14:15:00,167.28,168.09,167.22,168.09,92456
2026-05-06 14:25:00,168.0,168.7,167.96,168.44,318259
2026-05-06 14:35:00,168.45,168.78,168.22,168.7,245700
2026-05-06 14:45:00,168.7,169.19,168.6,168.98,287272
2026-05-06 14:55:00,168.98,170.25,168.84,169.35,660915
2026-05-06 15:05:00,169.25,169.43,168.75,168.8,255776
2026-05-06 15:15:00,168.77,169.17,168.7,169.14,234137
2026-05-06 15:25:00,169.14,169.5,169.01,169.2,145997
2026-05-07 09:15:00,170.2,170.2,168.17,168.58,373840
2026-05-07 09:25:00,168.69,169.2,168.39,168.75,74157
2026-05-07 09:35:00,168.82,169.18,168.3,168.81,131995
2026-05-07 09:45:00,168.84,168.95,168.18,168.36,95099
2026-05-07 09:55:00,168.31,168.63,168.18,168.43,50302
2026-05-07 10:05:00,168.5,168.5,168.0,168.35,69673
2026-05-07 10:15:00,168.39,168.84,168.2,168.76,21495
2026-05-07 10:25:00,168.78,169.05,168.68,168.92,52337
2026-05-07 10:35:00,169.0,169.11,168.74,169.04,36682
2026-05-07 10:45:00,169.0,169.03,168.11,168.17,71007
2026-05-07 10:55:00,168.17,168.48,168.11,168.26,40934
2026-05-07 11:05:00,168.26,168.37,167.75,167.98,101068
2026-05-07 11:15:00,167.98,168.18,167.85,168.1,57975
2026-05-07 11:25:00,168.1,168.3,167.95,167.95,60002
2026-05-07 11:35:00,168.01,168.01,167.7,167.7,27813
2026-05-07 11:45:00,167.74,167.83,167.06,167.27,177126
2026-05-07 11:55:00,167.27,167.61,167.27,167.4,32466
2026-05-07 12:05:00,167.49,167.94,167.49,167.65,69057
2026-05-07 12:15:00,167.66,167.91,167.4,167.58,36989
2026-05-07 12:25:00,167.58,167.66,166.0,166.04,134202
2026-05-07 12:35:00,166.1,166.99,166.07,166.92,144337
2026-05-07 12:45:00,166.92,167.69,166.68,167.0,128831
2026-05-07 12:55:00,167.0,167.0,166.83,166.9,59184
2026-05-07 13:05:00,166.94,167.04,166.41,166.53,85681
2026-05-07 13:15:00,166.53,166.65,166.11,166.3,57891
2026-05-07 13:25:00,166.3,166.5,166.14,166.3,76809
2026-05-07 13:35:00,166.25,166.99,166.14,166.92,108279
2026-05-07 13:45:00,166.92,166.92,166.6,166.84,38271
2026-05-07 13:55:00,166.78,166.97,166.72,166.8,41433
2026-05-07 14:05:00,166.98,166.98,166.3,166.69,140852
2026-05-07 14:15:00,166.7,166.83,166.49,166.75,31883
2026-05-07 14:25:00,166.78,166.96,166.33,166.79,154068
2026-05-07 14:35:00,166.79,166.79,166.5,166.69,35489
2026-05-07 14:45:00,166.6,166.9,166.32,166.63,177430
2026-05-07 14:55:00,166.54,166.8,166.37,166.42,81633
2026-05-07 15:05:00,166.47,166.58,166.05,166.2,101749
2026-05-07 15:15:00,166.21,166.29,165.9,166.0,240624
2026-05-07 15:25:00,166.07,166.6,165.85,166.6,88659
2026-05-08 09:15:00,166.0,166.15,164.95,165.56,129777
2026-05-08 09:25:00,165.57,166.5,165.5,165.58,117809
2026-05-08 09:35:00,165.67,165.86,165.21,165.21,77409
2026-05-08 09:45:00,165.15,166.0,164.86,165.9,143722
2026-05-08 09:55:00,165.97,165.99,165.55,165.71,37535
2026-05-08 10:05:00,165.71,165.71,165.25,165.68,32703
2026-05-08 10:15:00,165.68,165.77,165.36,165.68,39987
2026-05-08 10:25:00,165.68,165.8,165.6,165.66,14857
2026-05-08 10:35:00,165.66,165.8,165.51,165.65,27799
2026-05-08 10:45:00,165.75,165.79,164.9,164.9,70984
2026-05-08 10:55:00,164.9,165.5,164.9,165.45,77437
2026-05-08 11:05:00,165.38,165.45,165.09,165.15,26512
2026-05-08 11:15:00,165.15,165.26,164.95,165.0,45218
2026-05-08 11:25:00,165.0,165.0,164.75,164.97,39034
2026-05-08 11:35:00,164.9,165.11,164.78,165.1,10835
2026-05-08 11:45:00,165.0,165.78,164.9,164.96,73992
2026-05-08 11:55:00,164.96,165.36,164.03,164.29,156848
2026-05-08 12:05:00,164.25,164.78,164.0,164.03,90924
2026-05-08 12:15:00,164.04,164.16,163.4,163.97,158583
2026-05-08 12:25:00,163.97,164.45,163.97,164.15,47717
2026-05-08 12:35:00,164.17,164.34,163.9,163.9,56435
2026-05-08 12:45:00,163.9,164.04,163.64,163.76,24996
2026-05-08 12:55:00,163.75,164.5,163.75,164.35,53740
2026-05-08 13:05:00,164.35,164.59,164.21,164.56,28265
2026-05-08 13:15:00,164.56,164.61,164.4,164.6,17234
2026-05-08 13:25:00,164.54,165.04,164.54,164.9,80312
2026-05-08 13:35:00,164.9,165.09,164.61,164.85,27263
2026-05-08 13:45:00,164.85,164.85,164.4,164.55,36165
2026-05-08 13:55:00,164.55,164.72,164.26,164.49,26565
2026-05-08 14:05:00,164.57,164.93,164.41,164.44,19184
2026-05-08 14:15:00,164.49,164.88,164.25,164.27,51881
2026-05-08 14:25:00,164.27,164.93,164.25,164.8,33792
2026-05-08 14:35:00,164.8,165.2,164.76,165.2,43946
2026-05-08 14:45:00,165.15,165.36,165.04,165.16,32576
2026-05-08 14:55:00,165.2,165.2,164.78,164.78,48874
2026-05-08 15:05:00,164.77,164.84,164.31,164.44,80734
2026-05-08 15:15:00,164.38,164.64,164.17,164.29,173421
2026-05-08 15:25:00,164.3,164.98,164.23,164.58,76908
2026-05-11 09:15:00,163.4,163.4,160.49,161.4,329727
2026-05-11 09:25:00,161.4,161.76,161.22,161.52,144349
2026-05-11 09:35:00,161.51,161.51,160.66,160.81,117622
2026-05-11 09:45:00,160.81,161.06,160.42,160.93,109279
2026-05-11 09:55:00,160.94,161.0,160.3,160.9,69982
2026-05-11 10:05:00,160.93,161.19,160.72,160.8,37727
2026-05-11 10:15:00,160.88,161.0,160.63,160.95,42162
2026-05-11 10:25:00,160.93,160.99,159.54,159.8,218242
2026-05-11 10:35:00,159.88,159.93,159.65,159.77,55679
2026-05-11 10:45:00,159.75,159.95,158.8,158.99,200057
2026-05-11 10:55:00,159.0,159.45,158.99,159.44,64648
2026-05-11 11:05:00,159.48,159.69,159.36,159.63,29956
2026-05-11 11:15:00,159.66,159.87,159.59,159.59,39634
2026-05-11 11:25:00,159.59,159.87,159.33,159.4,75553
2026-05-11 11:35:00,159.41,159.89,159.41,159.78,48777
2026-05-11 11:45:00,159.7,159.79,159.4,159.7,61505
2026-05-11 11:55:00,159.72,159.84,159.53,159.65,58439
2026-05-11 12:05:00,159.7,159.83,159.48,159.67,32867
2026-05-11 12:15:00,159.67,159.79,159.5,159.71,30695
2026-05-11 12:25:00,159.71,159.75,159.05,159.34,131030
2026-05-11 12:35:00,159.34,160.0,159.34,159.99,100017
2026-05-11 12:45:00,159.99,160.0,159.73,159.8,24895
2026-05-11 12:55:00,159.74,159.95,159.51,159.52,26257
2026-05-11 13:05:00,159.52,159.91,159.4,159.76,30468
2026-05-11 13:15:00,159.76,159.9,159.55,159.7,36826
2026-05-11 13:25:00,159.7,159.97,159.7,159.85,15849
2026-05-11 13:35:00,159.85,160.23,159.78,160.16,45214
2026-05-11 13:45:00,160.14,160.28,160.03,160.1,23035
2026-05-11 13:55:00,160.19,160.25,160.03,160.03,16221
2026-05-11 14:05:00,160.03,160.12,159.9,160.08,39299
2026-05-11 14:15:00,160.08,160.18,159.88,159.91,55271
2026-05-11 14:25:00,159.91,160.35,159.9,160.29,51966
2026-05-11 14:35:00,160.29,160.35,159.85,159.87,36933
2026-05-11 14:45:00,159.87,159.98,159.65,159.86,35362
2026-05-11 14:55:00,159.94,160.16,159.3,159.3,86390
2026-05-11 15:05:00,159.31,159.33,158.31,158.68,262616
2026-05-11 15:15:00,158.69,160.89,158.63,159.3,368547
2026-05-11 15:25:00,159.3,159.78,159.3,159.7,153268
2026-05-12 09:15:00,159.0,159.99,157.85,157.88,143997
2026-05-12 09:25:00,157.88,157.99,156.85,157.16,156514
2026-05-12 09:35:00,157.15,158.07,157.02,157.95,75503
2026-05-12 09:45:00,157.92,158.29,157.83,158.02,47463
2026-05-12 09:55:00,158.02,158.11,157.55,157.75,50374
2026-05-12 10:05:00,157.65,158.3,157.54,158.28,44257
2026-05-12 10:15:00,158.27,158.36,157.95,158.02,28685
2026-05-12 10:25:00,158.02,158.07,157.53,157.53,32074
2026-05-12 10:35:00,157.51,157.85,157.4,157.81,23020
2026-05-12 10:45:00,157.82,157.82,157.42,157.6,33135
2026-05-12 10:55:00,157.6,157.84,157.56,157.65,15181
2026-05-12 11:05:00,157.65,157.69,157.3,157.3,26621
2026-05-12 11:15:00,157.25,157.69,157.16,157.39,15634
2026-05-12 11:25:00,157.39,157.71,157.35,157.37,19349
2026-05-12 11:35:00,157.29,157.7,157.2,157.36,53677
2026-05-12 11:45:00,157.36,157.43,157.17,157.34,19756
2026-05-12 11:55:00,157.25,157.5,157.18,157.26,24606
2026-05-12 12:05:00,157.26,157.35,157.0,157.05,53344
2026-05-12 12:15:00,157.05,157.1,156.65,156.93,93326
2026-05-12 12:25:00,156.95,156.99,156.44,156.45,57139
2026-05-12 12:35:00,156.44,156.55,156.05,156.5,84950
2026-05-12 12:45:00,156.5,156.64,156.11,156.34,46292
2026-05-12 12:55:00,156.34,156.5,156.2,156.32,15797
2026-05-12 13:05:00,156.32,156.41,155.85,156.2,87632
2026-05-12 13:15:00,156.15,156.38,155.95,156.06,37919
2026-05-12 13:25:00,156.1,156.21,155.95,156.12,32459
2026-05-12 13:35:00,156.12,156.15,155.6,155.78,49056
2026-05-12 13:45:00,155.78,156.0,155.65,155.8,36027
2026-05-12 13:55:00,155.75,155.8,155.4,155.64,92409
2026-05-12 14:05:00,155.64,155.64,154.85,154.95,127102
2026-05-12 14:15:00,154.85,155.38,154.82,155.3,55187
2026-05-12 14:25:00,155.3,155.34,154.2,154.3,155486
2026-05-12 14:35:00,154.3,154.56,154.22,154.52,37531
2026-05-12 14:45:00,154.52,154.83,154.01,154.13,161606
2026-05-12 14:55:00,154.13,154.15,153.45,153.69,163366
2026-05-12 15:05:00,153.72,153.9,153.61,153.7,93355
2026-05-12 15:15:00,153.72,153.92,153.5,153.65,145949
2026-05-12 15:25:00,153.6,153.8,153.5,153.68,88308
2026-05-13 09:15:00,153.5,154.0,152.85,153.43,299628
2026-05-13 09:20:00,153.6,154.4,152.91,153.89,64311836
2026-05-13 09:25:00,153.5,154.43,153.43,153.59,174470
2026-05-13 09:35:00,153.6,153.63,152.39,152.92,127466
2026-05-13 09:45:00,152.91,153.37,152.44,153.27,94458
2026-05-13 09:55:00,153.18,153.82,152.75,153.55,113574
2026-05-13 10:05:00,153.55,153.72,153.15,153.69,72784
2026-05-13 10:15:00,153.69,154.29,153.69,154.07,89617
2026-05-13 10:25:00,154.07,154.24,153.85,153.99,59832
2026-05-13 10:35:00,153.99,153.99,153.58,153.83,59537
2026-05-13 10:45:00,153.83,153.99,153.38,153.38,46857
2026-05-13 10:55:00,153.38,153.39,152.85,153.11,94629
2026-05-13 11:05:00,153.11,153.36,152.9,153.35,49130
2026-05-13 11:15:00,153.37,153.7,153.33,153.63,37391
2026-05-13 11:25:00,153.69,153.99,153.56,153.8,41619
2026-05-13 11:35:00,153.8,154.68,153.76,154.58,51266
2026-05-13 11:45:00,154.58,154.8,154.36,154.6,75702
2026-05-13 11:55:00,154.57,154.7,154.36,154.45,59481
2026-05-13 12:05:00,154.45,155.09,154.29,155.09,60972
2026-05-13 12:15:00,155.1,155.2,154.72,154.95,55483
2026-05-13 12:25:00,154.93,155.0,154.5,154.62,33727
2026-05-13 12:35:00,154.66,154.85,154.35,154.76,118161
2026-05-13 12:45:00,154.7,155.08,154.61,154.96,44692
2026-05-13 12:55:00,155.11,155.5,154.83,154.87,66915
2026-05-13 13:05:00,154.83,155.06,154.66,154.92,55624
2026-05-13 13:15:00,154.95,154.96,154.8,154.86,29237
2026-05-13 13:25:00,155.0,155.16,154.66,155.06,74519
2026-05-13 13:35:00,155.06,155.42,154.9,155.0,76592
2026-05-13 13:45:00,155.01,155.14,154.8,155.0,50182
2026-05-13 13:55:00,154.87,155.35,154.64,155.3,52946
2026-05-13 14:05:00,155.3,155.59,155.22,155.35,87079
2026-05-13 14:15:00,155.3,155.35,154.75,154.95,40445
2026-05-13 14:25:00,154.92,155.25,154.9,155.15,43436
2026-05-13 14:35:00,155.1,155.3,154.98,155.0,50519
2026-05-13 14:45:00,155.01,155.15,154.9,155.0,106285
2026-05-13 14:55:00,154.98,155.25,154.7,154.85,128228
2026-05-13 15:05:00,154.85,154.95,154.53,154.75,128999
2026-05-13 15:15:00,154.71,154.76,154.25,154.48,83394
2026-05-13 15:25:00,154.48,155.54,154.42,154.96,90557
2026-05-14 09:15:00,156.0,156.35,155.33,155.77,81595
2026-05-14 09:25:00,155.82,156.4,155.7,156.07,48070
2026-05-14 09:35:00,156.07,156.07,154.6,154.66,62108
2026-05-14 09:45:00,154.64,155.35,154.15,154.15,67432
2026-05-14 09:55:00,154.15,154.28,153.58,154.21,62950
2026-05-14 10:05:00,154.21,154.55,153.75,153.97,128409
2026-05-14 10:15:00,153.82,154.12,153.5,153.89,99261
2026-05-14 10:25:00,153.91,154.16,153.75,154.0,23952
2026-05-14 10:35:00,154.0,154.11,153.41,153.56,32836
2026-05-14 10:45:00,153.56,153.62,153.26,153.42,46548
2026-05-14 10:55:00,153.35,153.56,153.11,153.33,45685
2026-05-14 11:05:00,153.33,153.5,153.0,153.38,81349
2026-05-14 11:15:00,153.38,153.5,153.12,153.39,65371
2026-05-14 11:25:00,153.3,153.8,153.06,153.8,28656
2026-05-14 11:35:00,153.8,153.99,153.65,153.8,45133
2026-05-14 11:45:00,153.84,153.94,153.66,153.84,58733
2026-05-14 11:55:00,153.84,154.83,153.75,154.2,343619
2026-05-14 12:05:00,154.21,154.41,153.9,154.06,55654
2026-05-14 12:15:00,154.06,155.15,153.98,154.88,110375
2026-05-14 12:25:00,154.89,154.98,154.64,154.73,83924
2026-05-14 12:35:00,154.7,154.88,154.65,154.83,45415
2026-05-14 12:45:00,154.88,154.97,154.32,154.43,61842
2026-05-14 12:55:00,154.39,154.91,154.34,154.88,29437
2026-05-14 13:05:00,154.88,154.91,154.54,154.65,32995
2026-05-14 13:15:00,154.65,154.82,154.39,154.44,48302
2026-05-14 13:25:00,154.44,154.83,154.4,154.78,34426
2026-05-14 13:35:00,154.83,154.9,154.64,154.72,39896
2026-05-14 13:45:00,154.76,155.0,154.5,154.62,73183
2026-05-14 13:55:00,154.62,154.87,154.56,154.86,37432
2026-05-14 14:05:00,154.86,154.95,154.75,154.78,40982
2026-05-14 14:15:00,154.75,155.3,154.75,155.17,59331
2026-05-14 14:25:00,155.17,155.43,155.06,155.35,49607
2026-05-14 14:35:00,155.3,155.36,154.8,155.17,81064
2026-05-14 14:45:00,155.16,155.18,155.0,155.04,66992
2026-05-14 14:55:00,155.0,155.43,154.99,155.1,119388
2026-05-14 15:00:00,155.04,155.47,155.0,155.4,437828264
2026-05-14 15:05:00,155.1,155.47,155.0,155.32,203418
2026-05-14 15:10:00,155.47,155.47,155.08,155.23,667375357
2026-05-14 15:15:00,155.32,155.39,155.08,155.33,173509
2026-05-14 15:20:00,155.23,155.8,155.0,155.7,605608791
2026-05-14 15:25:00,155.33,155.33,155.26,155.3,21970
2026-05-15 09:20:00,155.54,157.1,155.49,156.7,78236481
2026-05-15 09:30:00,156.77,156.77,155.74,155.83,134865286
2026-05-15 09:40:00,155.83,156.88,155.8,156.83,159865984
2026-05-15 09:50:00,157.22,157.25,157.0,157.09,40407978
2026-05-15 10:00:00,157.07,158.06,156.74,157.0,288021002
2026-05-15 10:10:00,156.98,157.05,156.73,156.75,319054760
2026-05-15 10:20:00,156.84,156.92,156.54,156.7,277165075
2026-05-15 10:30:00,156.72,157.68,156.63,157.19,335717607
2026-05-15 10:40:00,157.19,157.5,157.07,157.43,331172149
2026-05-15 10:50:00,157.43,157.6,157.25,157.49,350303826
2026-05-15 11:40:00,157.3,157.44,156.84,157.18,316708001
2026-05-15 11:50:00,157.17,157.3,156.84,156.95,414306495
2026-05-15 12:00:00,156.95,157.3,156.92,157.11,504855914
2026-05-15 12:10:00,157.11,157.24,156.63,156.8,462426432
2026-05-15 12:20:00,156.76,156.76,156.41,156.48,553195415
2026-05-15 12:30:00,156.48,158.21,156.42,158.06,695577133
2026-05-15 12:40:00,158.06,158.44,158.0,158.32,588711088
2026-05-15 12:50:00,158.32,158.48,158.13,158.13,670695852
2026-05-15 13:00:00,158.13,158.3,158.0,158.06,689311676
2026-05-15 13:10:00,158.06,158.35,158.0,158.31,770673371
2026-05-15 13:20:00,158.3,158.35,158.05,158.19,702404687
2026-05-15 13:30:00,158.19,158.23,158.0,158.09,708557845
2026-05-15 13:40:00,158.04,158.1,157.94,158.0,741052411
2026-05-15 13:50:00,158.0,158.01,157.22,157.37,781808733
2026-05-15 14:00:00,157.37,157.5,157.11,157.5,709885962
2026-05-15 14:10:00,157.4,157.46,156.97,157.06,706149316
2026-05-15 14:20:00,157.06,157.06,156.8,156.8,722762666
2026-05-15 14:30:00,156.85,156.87,156.3,156.46,754483219
2026-05-15 14:40:00,156.46,156.84,155.85,155.85,766505005
2026-05-15 14:50:00,155.9,156.09,155.6,155.75,844221284
2026-05-15 15:00:00,155.56,155.66,155.0,155.07,788733750
2026-05-15 15:10:00,155.06,155.34,154.6,155.0,852977516
2026-05-15 15:20:00,154.99,157.02,154.66,156.75,1104681367
2026-05-18 12:15:00,150.99,151.49,150.96,151.49,361028
2026-05-19 09:20:00,154.36,155.5,154.15,155.5,35294667
2026-05-19 09:30:00,155.5,155.54,154.01,154.66,79870590
2026-05-19 09:40:00,154.66,155.26,154.64,155.02,92032318
2026-05-19 09:50:00,155.02,155.4,154.78,154.78,118338044
2026-05-19 10:00:00,154.78,155.5,154.78,155.45,124418686
2026-05-19 10:10:00,155.45,155.9,155.4,155.69,156130565
2026-05-19 10:20:00,155.69,155.79,155.37,155.77,181068040
2026-05-19 10:30:00,155.77,155.9,155.52,155.8,174641418
2026-05-19 10:40:00,155.8,156.8,155.75,156.44,243121398
2026-05-19 10:50:00,156.49,156.61,156.3,156.59,297635311
2026-05-19 11:00:00,156.59,156.8,156.2,156.52,329162789
2026-05-19 11:10:00,156.45,156.6,156.11,156.26,279970666
2026-05-19 11:20:00,156.26,156.26,155.81,156.0,293123182
2026-05-19 11:30:00,156.0,156.04,155.43,155.8,339455190
2026-05-19 11:40:00,155.8,155.82,155.41,155.5,308774927
2026-05-19 11:50:00,155.5,155.58,155.35,155.56,309055074
2026-05-19 12:00:00,155.56,155.81,155.25,155.3,343497050
2026-05-19 12:10:00,155.3,155.49,155.1,155.33,313775758
2026-05-19 12:20:00,155.33,155.52,155.28,155.44,321539709
2026-05-19 12:30:00,155.45,155.49,155.15,155.35,306159152
2026-05-19 12:40:00,155.35,155.39,155.02,155.31,418281864
2026-05-19 12:50:00,155.31,155.56,155.22,155.35,483827999
2026-05-19 13:00:00,155.41,155.69,155.32,155.42,480746744
2026-05-19 13:10:00,155.42,155.75,155.3,155.7,560625565
2026-05-19 13:20:00,155.7,155.77,155.48,155.77,428799100
2026-05-19 13:30:00,155.77,155.82,155.43,155.66,454456977
2026-05-19 13:40:00,155.66,155.8,155.5,155.66,457001350
2026-05-19 13:50:00,155.66,155.73,155.42,155.48,458913859
2026-05-19 14:00:00,155.48,155.8,155.4,155.7,484832396
2026-05-19 14:10:00,155.7,155.96,155.62,155.85,511482129
2026-05-19 14:20:00,155.85,156.16,155.75,156.13,486023127
2026-05-19 14:30:00,156.13,156.15,155.85,156.0,535463193
2026-05-19 14:40:00,156.0,156.09,155.58,155.85,513470364
2026-05-19 14:50:00,155.79,156.05,155.7,155.98,525836355
2026-05-19 15:00:00,155.9,156.07,155.7,156.0,498359918
2026-05-19 15:10:00,156.0,156.08,155.71,155.89,492044026
2026-05-19 15:20:00,155.9,156.7,155.44,156.7,513138271
2026-05-20 09:20:00,154.6,154.6,153.79,154.29,53717016
2026-05-20 09:30:00,154.22,154.39,153.55,154.0,74562189
2026-05-20 09:40:00,154.0,154.2,153.52,154.07,94983145
2026-05-20 09:50:00,154.07,154.24,154.0,154.16,99098683
2026-05-20 10:00:00,154.1,154.1,153.45,153.61,119496672
2026-05-20 10:10:00,153.62,153.85,153.45,153.74,123288816
2026-05-20 10:20:00,153.74,153.79,153.47,153.78,129374487
2026-05-20 10:30:00,153.78,154.22,153.72,154.17,140401941
2026-05-20 10:40:00,154.17,154.17,153.73,153.84,145427821
2026-05-20 10:50:00,153.83,154.19,153.83,154.07,147046341
2026-05-20 11:00:00,154.07,154.13,153.95,154.13,155771892
2026-05-20 11:10:00,154.13,154.2,153.45,153.65,160169930
2026-05-20 11:20:00,153.65,153.92,153.65,153.78,221663971
2026-05-20 11:30:00,153.78,153.83,153.5,153.71,208290885
2026-05-20 11:40:00,153.71,154.0,153.71,153.85,251483121
2026-05-20 11:50:00,153.8,153.9,153.74,153.85,257070295
2026-05-20 12:00:00,153.85,153.85,153.6,153.63,196853821
2026-05-20 12:10:00,153.63,153.89,153.63,153.75,194231965
2026-05-20 12:20:00,153.75,153.79,153.28,153.36,274183702
2026-05-20 12:30:00,153.41,153.64,153.26,153.55,316244884
2026-05-20 12:40:00,153.54,153.65,153.31,153.5,350218585
2026-05-20 12:50:00,153.5,153.73,153.5,153.61,408638219
2026-05-20 13:00:00,153.61,153.69,153.25,153.26,327372333
2026-05-20 13:10:00,153.26,153.35,153.13,153.2,411547637
2026-05-20 13:20:00,153.2,153.27,153.01,153.05,407456062
2026-05-20 13:30:00,153.05,153.39,153.05,153.25,371014901
2026-05-20 13:40:00,153.25,153.28,153.04,153.13,420105191
2026-05-20 13:50:00,153.13,153.42,153.05,153.36,488049751
2026-05-20 14:00:00,153.36,153.43,153.1,153.25,403542802
2026-05-20 14:10:00,153.25,153.46,153.21,153.37,450070284
2026-05-20 14:20:00,153.37,153.58,153.3,153.47,428980417
2026-05-20 14:30:00,153.49,153.62,153.28,153.5,571857764
2026-05-20 14:40:00,153.45,153.65,153.33,153.62,508985239
2026-05-20 14:50:00,153.58,153.76,153.55,153.67,565618570
2026-05-20 15:00:00,153.74,153.88,153.36,153.67,439462331
2026-05-20 15:10:00,153.66,153.78,153.45,153.51,389735472
2026-05-20 15:20:00,153.5,153.75,153.15,153.75,519491798
2026-05-21 09:20:00,154.61,155.0,154.36,154.54,63312592
2026-05-21 09:30:00,154.43,154.68,153.98,154.6,90526232
2026-05-21 09:40:00,154.56,155.0,154.44,154.96,109735412
2026-05-21 09:50:00,154.96,155.1,154.7,154.82,129625752
2026-05-21 10:00:00,154.82,155.5,154.81,155.1,135376258
2026-05-21 10:10:00,155.18,155.4,155.1,155.29,143837278
2026-05-21 10:20:00,155.31,155.49,155.17,155.37,69617602
2026-05-21 10:30:00,155.37,155.45,155.2,155.38,164999649
2026-05-21 10:40:00,155.38,155.48,155.24,155.3,176947445
2026-05-21 10:50:00,155.3,155.4,154.95,155.19,154088466
2026-05-21 11:00:00,155.19,155.19,154.85,155.14,182536100
2026-05-21 11:10:00,155.17,155.18,154.8,155.0,193610029
2026-05-21 11:20:00,155.0,155.15,154.75,154.75,179972639
2026-05-21 11:30:00,154.75,155.2,154.75,155.2,186093138
2026-05-21 11:40:00,155.2,155.41,155.07,155.41,220785028
2026-05-21 11:50:00,155.41,155.88,155.32,155.57,253055692
2026-05-21 12:00:00,155.57,155.62,154.86,155.18,245286857
2026-05-21 12:10:00,155.18,155.28,155.01,155.2,237886433
2026-05-21 12:20:00,155.2,155.26,154.55,154.76,236635501
2026-05-21 12:30:00,154.76,154.9,154.53,154.54,230508543
2026-05-21 12:40:00,154.52,154.7,154.37,154.51,247553524
2026-05-21 12:50:00,154.46,154.7,154.41,154.63,253719526
2026-05-21 13:00:00,154.63,154.63,154.2,154.3,234786944
2026-05-21 13:10:00,154.27,154.42,154.08,154.15,303342002
2026-05-21 13:20:00,154.15,154.59,154.15,154.35,265409884
2026-05-21 13:30:00,154.39,154.72,154.3,154.68,257738383
2026-05-21 13:40:00,154.68,154.68,154.52,154.67,108636634
2026-05-21 13:45:00,154.68,154.68,154.4,154.41,9873
2026-05-21 13:55:00,154.41,154.67,154.4,154.55,12255
2026-05-21 14:00:00,154.59,154.66,154.5,154.5,201135582
2026-05-21 14:05:00,154.51,154.66,154.44,154.53,25572
2026-05-21 14:10:00,154.57,154.65,154.35,154.42,327957637
2026-05-21 14:40:00,154.69,154.71,154.52,154.68,152350921
2026-05-21 14:50:00,154.68,154.9,154.62,154.83,313070472
2026-05-21 15:00:00,154.77,154.95,154.62,154.7,351480690
2026-05-21 15:10:00,154.66,154.69,154.15,154.28,355380512
2026-05-21 15:20:00,154.28,154.65,154.2,154.49,366863498
