datetime,open,high,low,close,volume
2026-01-30 09:15:00,1631.6,1638.9,1626.5,1630.1,447
2026-01-30 09:20:00,1629.4,1633.3,1625.5,1630.4,1977
2026-01-30 09:25:00,1630.9,1645.0,1627.7,1639.4,4599
2026-01-30 09:30:00,1640.5,1657.8,1637.3,1655.1,3582
2026-01-30 09:35:00,1655.9,1660.8,1655.9,1656.7,1167
2026-01-30 09:40:00,1656.7,1660.8,1653.2,1653.2,2182
2026-01-30 09:45:00,1651.4,1658.9,1650.0,1658.9,2964
2026-01-30 09:50:00,1658.9,1664.7,1658.9,1664.0,481
2026-01-30 09:55:00,1664.0,1664.0,1656.1,1656.1,705
2026-01-30 10:00:00,1654.1,1658.0,1653.5,1656.1,1133
2026-01-30 10:05:00,1656.1,1656.3,1652.3,1655.9,996
2026-01-30 10:10:00,1655.9,1656.5,1649.9,1650.0,3031
2026-01-30 10:15:00,1650.3,1653.6,1650.0,1651.0,5767
2026-01-30 10:20:00,1652.4,1654.0,1649.6,1650.0,3991
2026-01-30 10:25:00,1650.0,1653.2,1649.3,1651.6,1930
2026-01-30 10:30:00,1650.7,1660.8,1650.0,1651.7,12362
2026-01-30 10:35:00,1651.7,1653.2,1649.3,1650.0,3243
2026-01-30 10:40:00,1650.0,1650.5,1648.9,1650.3,1574
2026-01-30 10:45:00,1650.3,1651.5,1649.9,1650.0,1082
2026-01-30 10:50:00,1650.0,1651.0,1649.8,1650.0,1621
2026-01-30 10:55:00,1650.0,1656.4,1649.9,1656.4,1613
2026-01-30 11:00:00,1656.4,1657.6,1654.2,1654.3,951
2026-01-30 11:05:00,1654.3,1656.7,1654.3,1654.4,285
2026-01-30 11:10:00,1655.2,1657.0,1651.2,1651.5,624
2026-01-30 11:15:00,1651.5,1653.1,1647.0,1648.2,819
2026-01-30 11:20:00,1649.9,1653.3,1648.9,1651.7,1916
2026-01-30 11:25:00,1651.7,1654.5,1651.5,1652.6,214
2026-01-30 11:30:00,1652.6,1654.7,1651.7,1653.2,410
2026-01-30 11:35:00,1653.2,1653.3,1651.5,1651.5,339
2026-01-30 11:40:00,1651.6,1655.9,1651.6,1653.3,329
2026-01-30 11:45:00,1653.3,1655.9,1650.0,1655.2,3560
2026-01-30 11:50:00,1655.2,1660.5,1654.1,1659.7,1091
2026-01-30 11:55:00,1659.7,1660.9,1657.0,1658.2,337
2026-01-30 12:00:00,1658.2,1659.8,1658.2,1658.7,250
2026-01-30 12:05:00,1658.7,1659.4,1657.1,1659.2,517
2026-01-30 12:10:00,1659.2,1660.0,1657.9,1659.6,115
2026-01-30 12:15:00,1659.6,1659.6,1655.6,1656.1,375
2026-01-30 12:20:00,1656.1,1660.1,1656.1,1660.1,3585
2026-01-30 12:25:00,1660.1,1661.6,1660.0,1660.0,573
2026-01-30 12:30:00,1660.0,1660.0,1657.5,1657.7,203
2026-01-30 12:35:00,1657.7,1658.4,1656.0,1658.4,1021
2026-01-30 12:40:00,1658.4,1658.4,1654.3,1655.0,1045
2026-01-30 12:45:00,1655.0,1656.1,1654.0,1655.5,805
2026-01-30 12:50:00,1655.8,1655.8,1651.7,1653.3,331
2026-01-30 12:55:00,1653.3,1655.4,1652.8,1655.3,6225
2026-01-30 13:00:00,1655.3,1656.5,1653.9,1654.4,562
2026-01-30 13:05:00,1654.4,1655.7,1654.4,1655.2,453
2026-01-30 13:10:00,1655.2,1660.5,1655.0,1660.0,3986
2026-01-30 13:15:00,1660.0,1660.9,1660.0,1660.2,3857
2026-01-30 13:20:00,1660.2,1661.3,1660.2,1661.0,963
2026-01-30 13:25:00,1661.0,1661.8,1661.0,1661.8,436
2026-01-30 13:30:00,1661.8,1663.8,1648.5,1648.5,73993
2026-01-30 13:35:00,1648.5,1650.0,1647.5,1648.6,912
2026-01-30 13:40:00,1648.6,1651.7,1648.1,1651.7,756
2026-01-30 13:45:00,1651.7,1652.2,1648.9,1648.9,1428
2026-01-30 13:50:00,1648.9,1651.9,1648.9,1651.9,618
2026-01-30 13:55:00,1651.9,1653.1,1651.1,1652.5,951
2026-01-30 14:00:00,1652.2,1653.6,1649.1,1651.8,8843
2026-01-30 14:05:00,1652.3,1652.8,1647.6,1651.8,12225
2026-01-30 14:10:00,1650.8,1654.4,1649.1,1654.4,964
2026-01-30 14:15:00,1654.4,1655.0,1652.7,1654.6,420
2026-01-30 14:20:00,1654.6,1654.9,1651.9,1653.0,461
2026-01-30 14:25:00,1653.0,1654.1,1652.1,1652.7,258
2026-01-30 14:30:00,1652.7,1654.0,1646.5,1651.4,5401
2026-01-30 14:35:00,1651.4,1654.7,1648.6,1653.3,5196
2026-01-30 14:40:00,1654.4,1655.0,1653.1,1654.0,486
2026-01-30 14:45:00,1654.9,1654.9,1652.8,1653.0,654
2026-01-30 14:50:00,1653.0,1653.0,1652.6,1652.7,529
2026-01-30 14:55:00,1652.7,1657.5,1652.6,1657.5,3337
2026-01-30 15:00:00,1656.3,1660.0,1656.3,1658.9,4398
2026-01-30 15:05:00,1658.9,1659.8,1651.3,1653.0,12718
2026-01-30 15:10:00,1653.0,1655.2,1652.5,1654.8,6312
2026-01-30 15:15:00,1653.3,1656.4,1652.7,1653.3,6463
2026-01-30 15:20:00,1654.7,1655.3,1652.0,1653.8,7306
2026-01-30 15:25:00,1653.8,1655.0,1652.8,1653.9,4449
2026-02-01 09:15:00,1656.9,1664.9,1633.9,1633.9,1184
2026-02-01 09:20:00,1633.9,1636.1,1633.4,1635.6,345
2026-02-01 09:25:00,1635.4,1637.0,1634.3,1636.9,142
2026-02-01 09:30:00,1636.9,1637.5,1634.9,1637.0,133
2026-02-01 09:35:00,1637.0,1638.6,1632.5,1634.8,765
2026-02-01 09:40:00,1632.5,1636.2,1632.5,1636.2,118
2026-02-01 09:45:00,1636.2,1640.8,1635.4,1640.8,179
2026-02-01 09:50:00,1640.8,1640.8,1639.3,1640.1,116
2026-02-01 09:55:00,1642.0,1642.0,1640.0,1642.0,162
2026-02-01 10:00:00,1641.1,1641.1,1637.1,1641.0,521
2026-02-01 10:05:00,1641.0,1641.0,1639.4,1640.0,65
2026-02-01 10:10:00,1640.0,1640.4,1639.0,1639.0,221
2026-02-01 10:15:00,1639.0,1641.5,1639.0,1641.4,492
2026-02-01 10:20:00,1641.4,1641.4,1640.9,1641.0,31
2026-02-01 10:25:00,1641.0,1641.0,1636.9,1636.9,1129
2026-02-01 10:30:00,1636.9,1636.9,1632.2,1633.9,158
2026-02-01 10:35:00,1633.9,1644.8,1633.4,1644.8,347
2026-02-01 10:40:00,1644.8,1646.4,1643.9,1643.9,122
2026-02-01 10:45:00,1643.9,1646.8,1640.0,1641.5,436
2026-02-01 10:50:00,1641.5,1642.3,1640.8,1640.8,155
2026-02-01 10:55:00,1640.8,1654.4,1640.8,1653.4,2874
2026-02-01 11:00:00,1653.4,1663.7,1653.4,1663.7,2529
2026-02-01 11:05:00,1662.5,1667.7,1662.5,1666.7,1102
2026-02-01 11:10:00,1666.7,1668.9,1666.0,1668.9,21
2026-02-01 11:15:00,1666.9,1668.6,1666.4,1668.3,40
2026-02-01 11:20:00,1668.3,1674.0,1665.6,1671.0,583
2026-02-01 11:25:00,1671.8,1672.6,1670.0,1670.3,368
2026-02-01 11:30:00,1668.9,1675.1,1668.9,1671.1,831
2026-02-01 11:35:00,1671.1,1671.9,1668.1,1668.2,75
2026-02-01 11:40:00,1668.2,1668.5,1662.4,1665.8,335
2026-02-01 11:45:00,1665.8,1671.0,1663.2,1667.6,301
2026-02-01 11:50:00,1667.6,1670.8,1666.7,1670.8,92
2026-02-01 11:55:00,1670.8,1672.7,1670.0,1672.7,91
2026-02-01 12:00:00,1672.7,1672.7,1670.0,1670.0,315
2026-02-01 12:05:00,1670.0,1671.7,1670.0,1671.7,178
2026-02-01 12:10:00,1671.7,1671.7,1663.4,1663.4,716
2026-02-01 12:15:00,1663.4,1663.4,1658.0,1662.4,3278
2026-02-01 12:20:00,1662.4,1663.7,1645.9,1646.3,4278
2026-02-01 12:25:00,1646.3,1647.5,1636.4,1637.2,1677
2026-02-01 12:30:00,1634.0,1634.0,1624.1,1632.6,578
2026-02-01 12:35:00,1632.6,1646.4,1632.6,1644.0,713
2026-02-01 12:40:00,1644.0,1647.4,1644.0,1647.3,95
2026-02-01 12:45:00,1647.3,1649.2,1638.8,1639.2,833
2026-02-01 12:50:00,1639.2,1664.6,1638.0,1660.5,3693
2026-02-01 12:55:00,1660.5,1670.0,1660.0,1670.0,1089
2026-02-01 13:00:00,1670.0,1680.0,1670.0,1680.0,973
2026-02-01 13:05:00,1680.0,1680.5,1673.7,1680.0,1406
2026-02-01 13:10:00,1680.0,1686.7,1673.8,1683.2,2929
2026-02-01 13:15:00,1683.2,1688.2,1683.2,1687.1,293
2026-02-01 13:20:00,1687.1,1694.7,1683.3,1690.0,1578
2026-02-01 13:25:00,1690.0,1690.0,1685.4,1687.9,34
2026-02-01 13:30:00,1683.6,1693.8,1681.6,1693.5,4623
2026-02-01 13:35:00,1693.5,1697.8,1690.2,1695.0,460
2026-02-01 13:40:00,1695.0,1697.6,1694.6,1696.3,184
2026-02-01 13:45:00,1696.3,1702.8,1696.0,1700.0,991
2026-02-01 13:50:00,1700.0,1701.1,1694.6,1698.1,1614
2026-02-01 13:55:00,1698.1,1703.3,1696.9,1703.3,1126
2026-02-01 14:00:00,1703.3,1707.9,1701.0,1704.7,597
2026-02-01 14:05:00,1704.7,1709.6,1704.4,1709.0,2249
2026-02-01 14:10:00,1709.0,1718.0,1707.0,1711.1,2677
2026-02-01 14:15:00,1712.6,1717.1,1710.0,1715.0,1827
2026-02-01 14:20:00,1716.9,1718.0,1703.1,1713.7,6535
2026-02-01 14:25:00,1713.7,1717.5,1713.0,1715.9,2271
2026-02-01 14:30:00,1715.9,1717.4,1712.1,1717.4,1751
2026-02-01 14:35:00,1717.4,1717.4,1714.1,1715.6,377
2026-02-01 14:40:00,1715.6,1715.7,1712.6,1712.8,171
2026-02-01 14:45:00,1712.8,1712.8,1704.8,1705.8,1464
2026-02-01 14:50:00,1705.8,1714.3,1700.0,1711.9,2109
2026-02-01 14:55:00,1712.1,1714.2,1710.0,1710.0,742
2026-02-01 15:00:00,1710.0,1713.0,1710.0,1710.1,380
2026-02-01 15:05:00,1710.1,1711.5,1709.8,1709.8,866
2026-02-01 15:10:00,1709.8,1714.1,1706.3,1710.0,10654
2026-02-01 15:15:00,1710.0,1717.0,1710.0,1716.1,2761
2026-02-01 15:20:00,1716.1,1717.0,1710.0,1712.9,2089
2026-02-01 15:25:00,1712.9,1713.8,1691.4,1698.0,1339
2026-02-02 09:15:00,1715.0,1715.0,1660.0,1664.0,2833
2026-02-02 09:20:00,1662.7,1666.9,1650.0,1658.6,3851
2026-02-02 09:25:00,1656.9,1656.9,1641.3,1643.9,5784
2026-02-02 09:30:00,1643.5,1656.4,1642.9,1651.0,5629
2026-02-02 09:35:00,1648.2,1651.4,1635.1,1639.2,3720
2026-02-02 09:40:00,1639.2,1649.0,1636.3,1639.4,7147
2026-02-02 09:45:00,1639.9,1641.4,1636.8,1639.9,2087
2026-02-02 09:50:00,1639.9,1642.9,1634.7,1642.1,2873
2026-02-02 09:55:00,1644.0,1644.5,1638.0,1639.9,3688
2026-02-02 10:00:00,1637.4,1638.6,1633.0,1635.5,2265
2026-02-02 10:05:00,1633.1,1634.6,1628.2,1630.8,4902
2026-02-02 10:10:00,1628.1,1635.4,1626.9,1631.9,5982
2026-02-02 10:15:00,1631.9,1635.2,1629.6,1632.4,1789
2026-02-02 10:20:00,1631.0,1642.7,1631.0,1638.2,6780
2026-02-02 10:25:00,1640.0,1641.9,1636.0,1637.0,5319
2026-02-02 10:30:00,1637.0,1641.0,1637.0,1637.7,933
2026-02-02 10:35:00,1639.5,1641.7,1636.6,1637.4,2294
2026-02-02 10:40:00,1637.4,1640.6,1635.9,1638.2,1213
2026-02-02 10:45:00,1638.2,1638.4,1635.0,1636.7,2543
2026-02-02 10:50:00,1635.3,1637.9,1632.5,1633.0,4324
2026-02-02 10:55:00,1633.3,1634.1,1628.3,1629.2,1502
2026-02-02 11:00:00,1630.8,1630.8,1623.2,1627.2,3437
2026-02-02 11:05:00,1626.8,1627.1,1617.6,1620.0,4475
2026-02-02 11:10:00,1619.5,1623.9,1617.5,1617.5,4492
2026-02-02 11:15:00,1618.7,1619.9,1611.4,1612.7,3945
2026-02-02 11:20:00,1612.4,1615.4,1612.0,1613.5,1924
2026-02-02 11:25:00,1612.5,1616.2,1610.0,1615.2,2869
2026-02-02 11:30:00,1613.9,1623.1,1607.2,1621.0,5170
2026-02-02 11:35:00,1621.0,1621.0,1610.3,1611.6,1647
2026-02-02 11:40:00,1611.6,1617.9,1610.6,1616.0,2171
2026-02-02 11:45:00,1616.0,1624.0,1613.5,1614.2,2759
2026-02-02 11:50:00,1614.2,1614.9,1610.6,1613.8,1391
2026-02-02 11:55:00,1613.8,1615.8,1613.0,1615.3,757
2026-02-02 12:00:00,1614.9,1616.6,1612.0,1614.5,2107
2026-02-02 12:05:00,1614.0,1615.9,1612.9,1615.5,1912
2026-02-02 12:10:00,1615.5,1616.4,1611.1,1613.1,1265
2026-02-02 12:15:00,1614.2,1617.3,1612.6,1613.9,1088
2026-02-02 12:20:00,1612.3,1615.2,1611.1,1611.9,1596
2026-02-02 12:25:00,1611.1,1612.7,1610.3,1610.3,1555
2026-02-02 12:30:00,1610.3,1621.5,1609.1,1621.4,2657
2026-02-02 12:35:00,1621.4,1621.5,1614.5,1614.9,4594
2026-02-02 12:40:00,1614.9,1622.3,1614.1,1619.0,1197
2026-02-02 12:45:00,1619.0,1623.7,1618.4,1620.1,2077
2026-02-02 12:50:00,1621.2,1622.4,1618.1,1619.7,251
2026-02-02 12:55:00,1619.7,1623.4,1618.7,1621.0,468
2026-02-02 13:00:00,1621.0,1626.9,1621.0,1622.4,5387
2026-02-02 13:05:00,1624.6,1624.6,1622.0,1622.1,2597
2026-02-02 13:10:00,1622.1,1637.3,1622.1,1630.0,8050
2026-02-02 13:15:00,1630.0,1630.4,1626.6,1629.4,917
2026-02-02 13:20:00,1627.4,1629.0,1623.1,1627.5,1286
2026-02-02 13:25:00,1627.5,1632.6,1622.6,1632.2,12758
2026-02-02 13:30:00,1632.2,1632.4,1627.7,1629.8,822
2026-02-02 13:35:00,1629.8,1632.0,1628.2,1629.6,1278
2026-02-02 13:40:00,1630.7,1634.7,1627.6,1628.9,1101
2026-02-02 13:45:00,1628.9,1635.1,1628.9,1633.2,3839
2026-02-02 13:50:00,1634.0,1637.9,1628.3,1630.1,2399
2026-02-02 13:55:00,1627.9,1632.0,1626.6,1630.4,6112
2026-02-02 14:00:00,1630.4,1631.1,1630.0,1630.0,3255
2026-02-02 14:05:00,1630.0,1635.0,1628.2,1631.2,4685
2026-02-02 14:10:00,1631.2,1631.2,1629.2,1630.4,2236
2026-02-02 14:15:00,1631.7,1632.4,1630.0,1630.2,2247
2026-02-02 14:20:00,1630.2,1632.0,1628.1,1628.1,2026
2026-02-02 14:25:00,1628.1,1635.0,1627.6,1634.2,3897
2026-02-02 14:30:00,1634.2,1644.1,1630.5,1638.7,5707
2026-02-02 14:35:00,1640.0,1641.9,1636.8,1639.2,3568
2026-02-02 14:40:00,1641.7,1644.8,1638.6,1643.8,6024
2026-02-02 14:45:00,1643.8,1645.7,1641.3,1642.9,6811
2026-02-02 14:50:00,1644.9,1645.1,1641.2,1642.9,4266
2026-02-02 14:55:00,1644.9,1648.7,1636.4,1644.6,34950
2026-02-02 15:00:00,1646.2,1651.1,1639.6,1640.0,31347
2026-02-02 15:05:00,1640.0,1651.8,1640.0,1642.9,37166
2026-02-02 15:10:00,1643.7,1647.9,1637.6,1641.6,32513
2026-02-02 15:15:00,1641.1,1645.3,1640.0,1641.0,46987
2026-02-02 15:20:00,1641.0,1677.1,1640.2,1677.1,34110
2026-02-02 15:25:00,1679.5,1681.7,1641.6,1659.0,12841
2026-02-03 09:15:00,1694.8,1724.4,1693.8,1701.6,4708
2026-02-03 09:20:00,1701.6,1708.5,1697.0,1697.0,4515
2026-02-03 09:25:00,1697.0,1701.2,1693.6,1697.9,1710
2026-02-03 09:30:00,1697.9,1697.9,1685.1,1688.9,2256
2026-02-03 09:35:00,1689.2,1692.4,1684.3,1690.9,2205
2026-02-03 09:40:00,1690.9,1690.9,1682.4,1683.0,565
2026-02-03 09:45:00,1682.7,1686.3,1678.6,1686.1,1148
2026-02-03 09:50:00,1685.8,1689.9,1683.2,1685.8,425
2026-02-03 09:55:00,1685.8,1688.0,1681.0,1681.9,919
2026-02-03 10:00:00,1681.9,1685.6,1681.9,1684.3,516
2026-02-03 10:05:00,1684.3,1685.8,1679.1,1684.1,876
2026-02-03 10:10:00,1683.5,1686.9,1676.9,1680.3,1742
2026-02-03 10:15:00,1680.7,1690.8,1680.7,1689.0,865
2026-02-03 10:20:00,1689.0,1694.9,1687.7,1692.4,1621
2026-02-03 10:25:00,1692.4,1701.8,1691.1,1697.6,3430
2026-02-03 10:30:00,1697.6,1703.4,1697.1,1703.4,1057
2026-02-03 10:35:00,1703.4,1705.3,1701.7,1703.8,1523
2026-02-03 10:40:00,1703.8,1708.4,1702.8,1703.3,2180
2026-02-03 10:45:00,1703.3,1705.5,1700.5,1700.5,826
2026-02-03 10:50:00,1701.8,1709.9,1700.5,1709.4,1841
2026-02-03 10:55:00,1709.4,1710.0,1707.6,1707.8,923
2026-02-03 11:00:00,1709.0,1712.7,1709.0,1711.7,2410
2026-02-03 11:05:00,1711.7,1717.1,1710.8,1715.3,2967
2026-02-03 11:10:00,1715.3,1720.2,1715.0,1716.5,4119
2026-02-03 11:15:00,1714.9,1719.9,1714.5,1719.0,47863
2026-02-03 11:20:00,1719.0,1722.0,1716.3,1717.4,962
2026-02-03 11:25:00,1717.4,1719.0,1715.6,1719.0,1437
2026-02-03 11:30:00,1719.0,1730.5,1718.1,1730.4,26308
2026-02-03 11:35:00,1730.4,1734.9,1730.3,1730.3,1105
2026-02-03 11:40:00,1730.3,1731.9,1728.6,1728.6,1143
2026-02-03 11:45:00,1728.6,1730.1,1727.6,1727.8,452
2026-02-03 11:50:00,1727.8,1729.3,1726.3,1728.1,881
2026-02-03 11:55:00,1728.1,1732.3,1727.9,1731.8,365
2026-02-03 12:00:00,1731.8,1732.3,1726.8,1732.3,1814
2026-02-03 12:05:00,1732.3,1733.3,1730.1,1731.6,1105
2026-02-03 12:10:00,1731.6,1733.0,1731.6,1732.8,118
2026-02-03 12:15:00,1732.8,1733.1,1730.0,1732.7,579
2026-02-03 12:20:00,1732.7,1735.4,1731.1,1732.9,1125
2026-02-03 12:25:00,1732.9,1733.5,1731.3,1733.4,561
2026-02-03 12:30:00,1733.4,1733.7,1732.1,1733.1,578
2026-02-03 12:35:00,1733.1,1733.5,1730.1,1731.1,491
2026-02-03 12:40:00,1731.1,1731.1,1729.8,1730.0,656
2026-02-03 12:45:00,1730.0,1730.1,1729.8,1729.8,144
2026-02-03 12:50:00,1728.0,1730.5,1727.7,1730.5,366
2026-02-03 12:55:00,1730.5,1731.6,1730.1,1731.3,105
2026-02-03 13:00:00,1731.3,1731.9,1731.3,1731.3,159
2026-02-03 13:05:00,1731.3,1731.4,1730.0,1730.0,412
2026-02-03 13:10:00,1730.6,1730.8,1729.4,1730.0,3606
2026-02-03 13:15:00,1730.0,1730.7,1727.5,1730.2,1327
2026-02-03 13:20:00,1730.2,1730.9,1730.0,1730.9,441
2026-02-03 13:25:00,1730.9,1730.9,1727.3,1727.3,452
2026-02-03 13:30:00,1727.3,1730.6,1726.7,1728.4,5321
2026-02-03 13:35:00,1728.9,1732.6,1728.9,1731.6,945
2026-02-03 13:40:00,1731.6,1737.5,1731.6,1733.1,1456
2026-02-03 13:45:00,1733.1,1738.7,1733.0,1735.2,1149
2026-02-03 13:50:00,1735.2,1735.3,1733.6,1735.2,736
2026-02-03 13:55:00,1735.2,1737.7,1734.2,1734.2,805
2026-02-03 14:00:00,1735.6,1742.1,1733.7,1741.6,3928
2026-02-03 14:05:00,1741.6,1742.8,1740.0,1741.5,1256
2026-02-03 14:10:00,1742.5,1745.1,1740.0,1742.1,2875
2026-02-03 14:15:00,1741.1,1741.9,1736.1,1738.4,1300
2026-02-03 14:20:00,1738.1,1745.0,1738.1,1741.3,3913
2026-02-03 14:25:00,1741.3,1745.8,1740.2,1745.1,1046
2026-02-03 14:30:00,1745.1,1749.5,1742.9,1745.6,4099
2026-02-03 14:35:00,1745.7,1745.7,1733.9,1735.1,11378
2026-02-03 14:40:00,1735.1,1736.1,1730.4,1730.4,3313
2026-02-03 14:45:00,1730.4,1731.6,1724.6,1726.0,2710
2026-02-03 14:50:00,1726.0,1728.4,1725.0,1728.4,3796
2026-02-03 14:55:00,1728.0,1730.6,1726.4,1729.8,787
2026-02-03 15:00:00,1729.8,1730.1,1720.4,1724.9,5654
2026-02-03 15:05:00,1724.8,1725.3,1722.1,1723.8,3966
2026-02-03 15:10:00,1723.0,1723.7,1721.2,1723.4,4279
2026-02-03 15:15:00,1722.9,1723.6,1720.1,1721.0,3793
2026-02-03 15:20:00,1721.0,1721.2,1719.9,1720.0,6020
2026-02-03 15:25:00,1720.0,1727.9,1715.1,1715.1,4661
2026-02-04 09:15:00,1702.2,1708.2,1692.0,1692.0,2909
2026-02-04 09:20:00,1690.3,1709.6,1687.3,1707.4,3914
2026-02-04 09:25:00,1707.4,1708.5,1702.5,1706.3,507
2026-02-04 09:30:00,1706.3,1708.5,1704.1,1708.0,476
2026-02-04 09:35:00,1708.0,1716.4,1706.9,1711.0,6647
2026-02-04 09:40:00,1711.0,1714.9,1710.7,1714.9,307
2026-02-04 09:45:00,1714.9,1720.0,1714.9,1718.7,907
2026-02-04 09:50:00,1718.7,1718.7,1714.0,1715.0,245
2026-02-04 09:55:00,1715.0,1719.6,1715.0,1717.6,98
2026-02-04 10:00:00,1717.6,1719.3,1716.4,1717.7,383
2026-02-04 10:05:00,1717.7,1721.0,1716.5,1721.0,433
2026-02-04 10:10:00,1721.0,1721.0,1719.2,1719.5,186
2026-02-04 10:15:00,1719.5,1720.4,1716.0,1716.0,309
2026-02-04 10:20:00,1715.4,1720.2,1715.4,1716.9,253
2026-02-04 10:25:00,1715.9,1719.3,1715.9,1719.3,200
2026-02-04 10:30:00,1719.3,1719.3,1716.0,1717.0,128
2026-02-04 10:35:00,1717.0,1717.0,1712.9,1712.9,72
2026-02-04 10:40:00,1712.9,1716.7,1712.9,1715.8,143
2026-02-04 10:45:00,1713.8,1715.9,1713.3,1715.4,225
2026-02-04 10:50:00,1715.4,1715.4,1709.0,1712.6,519
2026-02-04 10:55:00,1711.2,1713.2,1704.4,1705.2,1589
2026-02-04 11:00:00,1705.1,1709.0,1703.4,1704.0,1061
2026-02-04 11:05:00,1704.0,1704.4,1702.4,1702.4,118
2026-02-04 11:10:00,1702.4,1702.4,1701.0,1702.2,21
2026-02-04 11:15:00,1702.2,1703.8,1697.1,1697.1,1174
2026-02-04 11:20:00,1697.1,1705.0,1697.1,1702.9,701
2026-02-04 11:25:00,1702.9,1702.9,1701.1,1702.7,48
2026-02-04 11:30:00,1702.7,1702.7,1701.1,1701.2,57
2026-02-04 11:35:00,1701.2,1701.2,1699.9,1699.9,122
2026-02-04 11:40:00,1699.9,1700.7,1696.9,1698.6,273
2026-02-04 11:45:00,1698.6,1698.6,1690.1,1690.1,634
2026-02-04 11:50:00,1690.1,1698.1,1690.1,1696.6,1089
2026-02-04 11:55:00,1696.6,1699.7,1696.1,1699.7,122
2026-02-04 12:00:00,1699.7,1700.8,1696.6,1696.6,137
2026-02-04 12:05:00,1696.6,1701.0,1696.6,1700.6,137
2026-02-04 12:10:00,1698.9,1702.2,1698.8,1700.5,147
2026-02-04 12:15:00,1700.5,1703.5,1699.0,1699.0,527
2026-02-04 12:20:00,1699.0,1703.7,1699.0,1701.7,343
2026-02-04 12:25:00,1701.7,1702.3,1699.6,1702.0,103
2026-02-04 12:30:00,1702.0,1702.0,1699.6,1699.9,57
2026-02-04 12:35:00,1699.9,1702.0,1696.8,1697.3,317
2026-02-04 12:40:00,1697.3,1698.7,1696.8,1696.9,116
2026-02-04 12:45:00,1696.9,1698.9,1696.9,1698.5,59
2026-02-04 12:50:00,1697.0,1698.3,1696.9,1696.9,52
2026-02-04 12:55:00,1696.9,1696.9,1696.8,1696.8,22
2026-02-04 13:00:00,1696.8,1698.0,1690.9,1692.0,1148
2026-02-04 13:05:00,1695.5,1698.1,1695.0,1696.6,180
2026-02-04 13:10:00,1696.6,1698.3,1696.6,1697.2,240
2026-02-04 13:15:00,1697.3,1698.7,1697.2,1697.3,34
2026-02-04 13:20:00,1697.3,1698.8,1694.7,1697.4,583
2026-02-04 13:25:00,1697.4,1698.1,1695.4,1696.4,99
2026-02-04 13:30:00,1697.9,1698.2,1696.4,1696.9,98
2026-02-04 13:35:00,1696.6,1698.7,1696.1,1697.2,64
2026-02-04 13:40:00,1697.2,1697.2,1688.3,1691.3,3464
2026-02-04 13:45:00,1691.3,1693.5,1690.2,1692.0,137
2026-02-04 13:50:00,1692.0,1695.1,1691.5,1693.0,1030
2026-02-04 13:55:00,1693.0,1702.6,1690.6,1700.5,8823
2026-02-04 14:00:00,1700.5,1704.5,1700.5,1702.4,659
2026-02-04 14:05:00,1702.4,1720.2,1700.1,1720.0,8849
2026-02-04 14:10:00,1720.0,1725.0,1711.5,1713.5,5357
2026-02-04 14:15:00,1713.5,1714.0,1709.5,1709.7,663
2026-02-04 14:20:00,1709.8,1711.7,1706.2,1706.6,404
2026-02-04 14:25:00,1708.2,1708.2,1706.4,1707.2,127
2026-02-04 14:30:00,1707.2,1710.8,1706.4,1710.7,702
2026-02-04 14:35:00,1710.7,1711.0,1708.4,1710.4,114
2026-02-04 14:40:00,1710.4,1712.6,1708.3,1711.7,87
2026-02-04 14:45:00,1711.7,1711.9,1708.8,1711.9,110
2026-02-04 14:50:00,1710.4,1732.4,1710.4,1732.4,1904
2026-02-04 14:55:00,1732.4,1734.0,1717.8,1719.5,6395
2026-02-04 15:00:00,1723.0,1723.0,1715.6,1718.3,1853
2026-02-04 15:05:00,1717.8,1718.9,1715.5,1718.4,1016
2026-02-04 15:10:00,1718.4,1718.5,1715.9,1716.4,1343
2026-02-04 15:15:00,1716.4,1717.8,1715.6,1716.1,2891
2026-02-04 15:20:00,1715.5,1717.8,1714.1,1714.3,3422
2026-02-04 15:25:00,1714.3,1719.0,1710.0,1716.4,2374
2026-02-05 09:15:00,1729.0,1729.0,1692.8,1706.0,2836
2026-02-05 09:20:00,1706.0,1706.4,1701.3,1703.9,1228
2026-02-05 09:25:00,1703.9,1703.9,1698.0,1698.5,979
2026-02-05 09:30:00,1700.2,1713.5,1700.2,1706.7,2007
2026-02-05 09:35:00,1706.7,1707.7,1703.8,1706.5,1141
2026-02-05 09:40:00,1706.5,1706.9,1693.0,1693.0,1167
2026-02-05 09:45:00,1694.4,1696.5,1689.0,1693.0,4163
2026-02-05 09:50:00,1693.0,1694.9,1690.7,1690.7,472
2026-02-05 09:55:00,1690.4,1694.6,1688.9,1692.3,805
2026-02-05 10:00:00,1691.9,1691.9,1688.4,1689.5,749
2026-02-05 10:05:00,1689.5,1689.8,1683.8,1686.0,955
2026-02-05 10:10:00,1686.0,1689.4,1686.0,1687.2,508
2026-02-05 10:15:00,1687.2,1689.9,1686.5,1687.9,521
2026-02-05 10:20:00,1687.9,1691.8,1687.9,1690.3,360
2026-02-05 10:25:00,1690.3,1693.9,1688.0,1689.8,651
2026-02-05 10:30:00,1689.8,1691.7,1687.4,1688.9,431
2026-02-05 10:35:00,1688.9,1690.0,1685.4,1685.6,394
2026-02-05 10:40:00,1685.6,1688.9,1685.0,1685.9,473
2026-02-05 10:45:00,1685.0,1685.0,1681.1,1681.9,679
2026-02-05 10:50:00,1681.9,1681.9,1678.5,1678.5,1061
2026-02-05 10:55:00,1678.5,1679.2,1677.1,1677.9,963
2026-02-05 11:00:00,1677.9,1679.4,1676.0,1679.4,793
2026-02-05 11:05:00,1679.7,1680.4,1677.7,1678.6,379
2026-02-05 11:10:00,1678.6,1682.2,1678.6,1680.1,345
2026-02-05 11:15:00,1680.1,1682.4,1680.1,1680.3,1246
2026-02-05 11:20:00,1680.3,1683.1,1680.3,1680.3,631
2026-02-05 11:25:00,1680.6,1684.0,1677.9,1677.9,814
2026-02-05 11:30:00,1677.9,1679.2,1676.6,1677.0,347
2026-02-05 11:35:00,1677.0,1679.4,1673.4,1674.2,478
2026-02-05 11:40:00,1675.0,1675.9,1672.0,1674.5,364
2026-02-05 11:45:00,1674.5,1678.0,1673.0,1673.0,792
2026-02-05 11:50:00,1673.0,1675.1,1672.0,1672.9,535
2026-02-05 11:55:00,1672.7,1678.7,1672.7,1678.0,455
2026-02-05 12:00:00,1678.0,1680.9,1675.1,1675.7,911
2026-02-05 12:05:00,1675.2,1678.9,1673.3,1674.7,557
2026-02-05 12:10:00,1674.5,1676.3,1673.0,1673.0,453
2026-02-05 12:15:00,1673.8,1673.8,1671.0,1671.0,674
2026-02-05 12:20:00,1671.0,1671.0,1666.4,1670.2,2806
2026-02-05 12:25:00,1670.2,1670.2,1666.8,1666.8,1108
2026-02-05 12:30:00,1666.8,1673.2,1666.8,1671.0,672
2026-02-05 12:35:00,1671.0,1672.5,1669.4,1669.4,233
2026-02-05 12:40:00,1669.4,1670.4,1668.1,1668.7,319
2026-02-05 12:45:00,1668.7,1670.8,1668.0,1668.0,257
2026-02-05 12:50:00,1669.4,1670.2,1668.0,1668.1,402
2026-02-05 12:55:00,1669.0,1671.2,1668.1,1670.2,419
2026-02-05 13:00:00,1670.2,1674.7,1670.1,1673.4,242
2026-02-05 13:05:00,1673.4,1674.9,1669.2,1670.3,479
2026-02-05 13:10:00,1671.3,1675.9,1670.0,1670.8,767
2026-02-05 13:15:00,1670.8,1675.7,1670.7,1673.7,217
2026-02-05 13:20:00,1673.7,1675.3,1672.6,1675.3,125
2026-02-05 13:25:00,1675.3,1675.3,1669.2,1671.1,893
2026-02-05 13:30:00,1671.1,1673.7,1668.1,1668.1,749
2026-02-05 13:35:00,1669.6,1672.9,1668.1,1672.5,547
2026-02-05 13:40:00,1672.5,1672.5,1669.5,1671.4,249
2026-02-05 13:45:00,1671.4,1675.3,1670.4,1670.4,540
2026-02-05 13:50:00,1672.2,1673.0,1669.7,1669.8,381
2026-02-05 13:55:00,1669.8,1671.9,1661.1,1664.7,2676
2026-02-05 14:00:00,1664.7,1668.6,1662.6,1663.2,1397
2026-02-05 14:05:00,1665.3,1665.4,1663.8,1664.0,448
2026-02-05 14:10:00,1664.0,1665.1,1663.0,1663.8,1058
2026-02-05 14:15:00,1665.1,1665.8,1663.8,1665.8,191
2026-02-05 14:20:00,1665.8,1669.0,1664.4,1666.4,496
2026-02-05 14:25:00,1666.4,1669.9,1666.4,1668.9,193
2026-02-05 14:30:00,1668.9,1670.0,1667.7,1668.8,329
2026-02-05 14:35:00,1669.5,1669.5,1666.8,1667.6,635
2026-02-05 14:40:00,1667.6,1668.5,1665.0,1665.5,1017
2026-02-05 14:45:00,1667.1,1677.9,1665.5,1671.5,3596
2026-02-05 14:50:00,1667.5,1667.5,1664.0,1666.9,1694
2026-02-05 14:55:00,1666.9,1670.8,1665.4,1668.6,1331
2026-02-05 15:00:00,1668.6,1685.0,1668.1,1671.4,5211
2026-02-05 15:05:00,1671.4,1684.7,1669.3,1680.9,7019
2026-02-05 15:10:00,1680.9,1682.3,1677.0,1679.4,10562
2026-02-05 15:15:00,1678.0,1679.0,1674.4,1675.2,2954
2026-02-05 15:20:00,1675.2,1675.8,1666.8,1667.3,3925
2026-02-05 15:25:00,1668.4,1680.8,1665.2,1674.8,3855
2026-02-06 09:15:00,1680.0,1680.0,1652.0,1660.6,5207
2026-02-06 09:20:00,1660.6,1662.7,1654.3,1658.2,1217
2026-02-06 09:25:00,1658.3,1658.3,1652.0,1655.5,894
2026-02-06 09:30:00,1655.5,1655.8,1652.5,1652.8,465
2026-02-06 09:35:00,1652.8,1655.3,1647.3,1647.4,2508
2026-02-06 09:40:00,1647.4,1651.3,1646.7,1647.2,584
2026-02-06 09:45:00,1647.2,1665.0,1646.8,1665.0,1304
2026-02-06 09:50:00,1665.0,1666.1,1661.6,1663.1,402
2026-02-06 09:55:00,1663.4,1665.6,1660.2,1665.5,1189
2026-02-06 10:00:00,1664.3,1665.5,1659.1,1660.9,210
2026-02-06 10:05:00,1660.9,1662.9,1659.0,1660.9,630
2026-02-06 10:10:00,1660.9,1660.9,1655.0,1655.0,890
2026-02-06 10:15:00,1655.9,1659.5,1655.0,1658.0,438
2026-02-06 10:20:00,1658.0,1662.5,1658.0,1662.5,228
2026-02-06 10:25:00,1661.2,1661.2,1656.3,1656.3,305
2026-02-06 10:30:00,1657.9,1658.4,1656.2,1657.1,197
2026-02-06 10:35:00,1657.1,1658.6,1655.5,1656.7,339
2026-02-06 10:40:00,1655.3,1658.5,1655.3,1655.5,545
2026-02-06 10:45:00,1655.5,1655.5,1651.2,1652.9,626
2026-02-06 10:50:00,1653.2,1653.2,1649.1,1649.3,544
2026-02-06 10:55:00,1649.3,1654.0,1649.3,1653.3,293
2026-02-06 11:00:00,1653.3,1653.5,1651.4,1653.0,309
2026-02-06 11:05:00,1653.0,1654.3,1651.3,1652.9,1447
2026-02-06 11:10:00,1652.9,1655.0,1652.2,1654.5,1899
2026-02-06 11:15:00,1654.5,1655.6,1652.7,1655.0,360
2026-02-06 11:20:00,1655.0,1656.7,1652.8,1656.5,335
2026-02-06 11:25:00,1655.5,1663.6,1655.4,1658.5,1516
2026-02-06 11:30:00,1658.5,1660.8,1656.7,1659.9,301
2026-02-06 11:35:00,1659.9,1663.6,1657.4,1660.1,440
2026-02-06 11:40:00,1660.1,1663.5,1658.7,1659.1,608
2026-02-06 11:45:00,1659.1,1661.0,1658.7,1659.7,254
2026-02-06 11:50:00,1659.7,1661.8,1659.7,1660.8,765
2026-02-06 11:55:00,1660.8,1660.8,1657.2,1658.9,509
2026-02-06 12:00:00,1658.9,1662.7,1658.9,1658.9,793
2026-02-06 12:05:00,1659.0,1661.3,1657.5,1659.1,3523
2026-02-06 12:10:00,1659.1,1670.0,1658.7,1670.0,16883
2026-02-06 12:15:00,1670.1,1670.1,1664.5,1666.6,1581
2026-02-06 12:20:00,1666.6,1668.1,1661.9,1661.9,2016
2026-02-06 12:25:00,1661.9,1661.9,1657.6,1659.2,1332
2026-02-06 12:30:00,1659.2,1659.7,1654.0,1654.4,606
2026-02-06 12:35:00,1654.4,1660.1,1654.4,1660.0,681
2026-02-06 12:40:00,1661.0,1661.0,1657.1,1657.7,671
2026-02-06 12:45:00,1657.7,1658.1,1653.4,1653.4,499
2026-02-06 12:50:00,1653.1,1657.2,1653.0,1655.0,715
2026-02-06 12:55:00,1655.0,1655.5,1652.7,1654.4,582
2026-02-06 13:00:00,1654.4,1654.5,1651.1,1652.6,797
2026-02-06 13:05:00,1652.6,1652.6,1648.0,1648.0,1956
2026-02-06 13:10:00,1648.0,1650.0,1648.0,1648.0,828
2026-02-06 13:15:00,1648.0,1650.0,1647.1,1649.0,429
2026-02-06 13:20:00,1649.0,1650.0,1648.0,1648.5,388
2026-02-06 13:25:00,1648.5,1651.5,1648.1,1649.0,611
2026-02-06 13:30:00,1649.0,1649.0,1636.7,1637.5,2823
2026-02-06 13:35:00,1637.5,1642.0,1637.5,1638.1,1270
2026-02-06 13:40:00,1638.1,1639.7,1638.0,1638.4,390
2026-02-06 13:45:00,1638.4,1641.6,1637.5,1640.0,863
2026-02-06 13:50:00,1640.0,1654.3,1637.5,1645.1,27701
2026-02-06 13:55:00,1645.1,1645.1,1638.3,1641.4,2473
2026-02-06 14:00:00,1641.1,1650.2,1638.6,1645.5,17660
2026-02-06 14:05:00,1645.5,1650.8,1641.3,1645.2,3908
2026-02-06 14:10:00,1645.2,1645.2,1639.2,1641.7,2205
2026-02-06 14:15:00,1641.7,1643.1,1635.5,1639.5,4639
2026-02-06 14:20:00,1639.5,1640.0,1635.6,1635.8,5719
2026-02-06 14:25:00,1637.5,1637.8,1635.6,1636.8,1281
2026-02-06 14:30:00,1636.8,1640.0,1635.5,1638.8,5689
2026-02-06 14:35:00,1639.0,1642.7,1638.0,1642.6,7983
2026-02-06 14:40:00,1641.7,1645.2,1641.6,1642.9,2168
2026-02-06 14:45:00,1644.3,1653.9,1642.6,1647.2,24211
2026-02-06 14:50:00,1647.5,1649.1,1644.3,1644.3,1206
2026-02-06 14:55:00,1644.3,1650.1,1644.3,1649.1,7640
2026-02-06 15:00:00,1648.3,1652.2,1647.6,1648.8,28204
2026-02-06 15:05:00,1648.8,1650.5,1642.5,1645.9,15554
2026-02-06 15:10:00,1645.8,1651.5,1645.2,1648.8,23302
2026-02-06 15:15:00,1649.1,1652.0,1648.0,1649.9,30506
2026-02-06 15:20:00,1649.9,1667.0,1649.8,1666.8,13854
2026-02-06 15:25:00,1666.8,1667.0,1651.4,1660.0,5046
2026-02-09 09:15:00,1671.0,1694.7,1664.2,1691.7,4923
2026-02-09 09:20:00,1691.7,1702.8,1691.7,1702.8,2252
2026-02-09 09:25:00,1700.6,1703.0,1696.7,1703.0,1577
2026-02-09 09:30:00,1703.7,1708.4,1699.7,1701.9,2501
2026-02-09 09:35:00,1701.9,1704.3,1701.3,1702.0,699
2026-02-09 09:40:00,1702.0,1704.9,1700.0,1702.2,1130
2026-02-09 09:45:00,1702.2,1704.1,1698.0,1704.1,1633
2026-02-09 09:50:00,1704.1,1704.2,1702.3,1704.0,148
2026-02-09 09:55:00,1707.0,1712.0,1707.0,1708.5,2347
2026-02-09 10:00:00,1705.5,1709.7,1705.2,1707.7,689
2026-02-09 10:05:00,1707.7,1711.5,1706.5,1707.9,472
2026-02-09 10:10:00,1707.5,1707.5,1705.0,1707.5,501
2026-02-09 10:15:00,1707.5,1709.3,1704.2,1706.0,649
2026-02-09 10:20:00,1706.0,1712.8,1703.6,1706.6,1290
2026-02-09 10:25:00,1706.6,1709.9,1701.5,1704.9,383
2026-02-09 10:30:00,1704.9,1716.2,1703.4,1714.0,2033
2026-02-09 10:35:00,1714.0,1716.3,1711.6,1714.5,423
2026-02-09 10:40:00,1715.9,1724.9,1714.5,1723.8,1749
2026-02-09 10:45:00,1723.8,1723.8,1718.4,1719.4,2401
2026-02-09 10:50:00,1719.4,1727.1,1716.5,1725.4,2395
2026-02-09 10:55:00,1725.4,1725.4,1722.1,1725.0,798
2026-02-09 11:00:00,1725.0,1731.3,1725.0,1730.6,2284
2026-02-09 11:05:00,1731.0,1733.4,1725.8,1728.3,1739
2026-02-09 11:10:00,1728.3,1729.4,1726.9,1726.9,624
2026-02-09 11:15:00,1726.9,1729.0,1726.7,1729.0,606
2026-02-09 11:20:00,1729.9,1732.9,1727.2,1729.6,2545
2026-02-09 11:25:00,1729.6,1732.0,1729.6,1730.9,438
2026-02-09 11:30:00,1730.9,1731.9,1724.9,1728.1,717
2026-02-09 11:35:00,1728.1,1730.0,1727.2,1727.6,596
2026-02-09 11:40:00,1727.6,1730.0,1725.8,1725.8,843
2026-02-09 11:45:00,1725.8,1729.5,1725.8,1727.6,308
2026-02-09 11:50:00,1727.6,1729.6,1727.6,1728.1,89
2026-02-09 11:55:00,1728.1,1728.1,1701.5,1705.9,30275
2026-02-09 12:00:00,1707.7,1708.3,1703.8,1704.7,1586
2026-02-09 12:05:00,1705.1,1712.4,1705.1,1709.4,389
2026-02-09 12:10:00,1710.5,1710.5,1707.4,1707.9,547
2026-02-09 12:15:00,1707.9,1709.5,1707.6,1707.7,352
2026-02-09 12:20:00,1707.7,1710.5,1707.7,1710.2,452
2026-02-09 12:25:00,1710.2,1710.5,1708.7,1710.3,1058
2026-02-09 12:30:00,1710.3,1714.7,1707.1,1714.7,1077
2026-02-09 12:35:00,1714.7,1717.8,1707.5,1712.9,16724
2026-02-09 12:40:00,1713.4,1715.7,1712.3,1714.7,2373
2026-02-09 12:45:00,1714.7,1719.0,1714.1,1717.6,819
2026-02-09 12:50:00,1717.6,1719.3,1716.2,1719.3,3116
2026-02-09 12:55:00,1719.3,1720.5,1718.0,1720.5,570
2026-02-09 13:00:00,1720.5,1724.3,1720.5,1723.2,609
2026-02-09 13:05:00,1724.3,1724.3,1718.5,1721.7,1429
2026-02-09 13:10:00,1721.7,1724.7,1720.8,1720.8,534
2026-02-09 13:15:00,1720.8,1724.6,1720.8,1723.4,431
2026-02-09 13:20:00,1723.4,1723.8,1721.7,1722.3,464
2026-02-09 13:25:00,1722.3,1723.8,1721.1,1722.3,421
2026-02-09 13:30:00,1722.3,1722.5,1720.4,1720.4,724
2026-02-09 13:35:00,1721.0,1722.3,1719.4,1720.5,338
2026-02-09 13:40:00,1720.5,1722.6,1720.5,1721.4,584
2026-02-09 13:45:00,1721.4,1723.7,1720.5,1722.1,178
2026-02-09 13:50:00,1722.1,1724.2,1722.0,1722.3,830
2026-02-09 13:55:00,1722.3,1724.3,1722.3,1723.0,316
2026-02-09 14:00:00,1722.7,1723.9,1722.2,1723.5,362
2026-02-09 14:05:00,1723.5,1724.8,1723.5,1723.8,471
2026-02-09 14:10:00,1723.8,1724.8,1723.7,1724.6,393
2026-02-09 14:15:00,1724.6,1724.8,1719.3,1719.3,972
2026-02-09 14:20:00,1719.3,1719.3,1713.9,1715.1,2665
2026-02-09 14:25:00,1715.1,1717.6,1715.1,1715.6,690
2026-02-09 14:30:00,1715.6,1717.5,1713.4,1713.4,593
2026-02-09 14:35:00,1713.4,1717.4,1713.4,1715.9,420
2026-02-09 14:40:00,1715.9,1724.8,1705.0,1717.2,16620
2026-02-09 14:45:00,1718.2,1723.8,1712.8,1720.1,9542
2026-02-09 14:50:00,1720.0,1722.0,1709.0,1715.5,11615
2026-02-09 14:55:00,1715.0,1717.5,1714.1,1715.3,3446
2026-02-09 15:00:00,1715.3,1716.9,1711.3,1713.7,2206
2026-02-09 15:05:00,1715.0,1715.9,1712.2,1714.5,1822
2026-02-09 15:10:00,1714.5,1717.0,1711.0,1716.9,3436
2026-02-09 15:15:00,1715.6,1717.0,1713.0,1715.6,6920
2026-02-09 15:20:00,1713.9,1718.9,1712.2,1717.8,4310
2026-02-09 15:25:00,1717.8,1718.7,1710.0,1716.0,3284
2026-02-10 09:15:00,1727.8,1733.0,1688.6,1693.9,16120
2026-02-10 09:20:00,1693.0,1706.1,1693.0,1698.9,4938
2026-02-10 09:25:00,1700.0,1700.6,1695.6,1697.1,2988
2026-02-10 09:30:00,1697.1,1700.7,1694.1,1699.9,6259
2026-02-10 09:35:00,1698.6,1703.1,1695.1,1700.0,1653
2026-02-10 09:40:00,1700.0,1700.0,1687.3,1689.0,3278
2026-02-10 09:45:00,1689.0,1690.8,1686.2,1688.8,1726
2026-02-10 09:50:00,1690.0,1690.0,1687.1,1687.1,2093
2026-02-10 09:55:00,1687.2,1689.2,1685.1,1685.2,1990
2026-02-10 10:00:00,1685.2,1689.1,1683.0,1687.5,5884
2026-02-10 10:05:00,1687.5,1688.1,1684.0,1687.8,2091
2026-02-10 10:10:00,1687.8,1687.8,1678.2,1679.8,3967
2026-02-10 10:15:00,1679.8,1692.9,1678.8,1692.8,3549
2026-02-10 10:20:00,1692.8,1695.7,1692.3,1694.9,897
2026-02-10 10:25:00,1694.9,1699.5,1693.3,1699.4,1822
2026-02-10 10:30:00,1699.4,1701.9,1695.8,1696.0,2946
2026-02-10 10:35:00,1696.0,1698.1,1695.9,1696.4,466
2026-02-10 10:40:00,1696.4,1697.5,1695.3,1695.3,966
2026-02-10 10:45:00,1695.3,1698.0,1695.3,1696.2,1048
2026-02-10 10:50:00,1696.2,1699.0,1696.2,1698.0,984
2026-02-10 10:55:00,1696.2,1699.9,1696.2,1699.7,467
2026-02-10 11:00:00,1699.7,1702.5,1698.6,1700.5,500
2026-02-10 11:05:00,1700.5,1702.0,1698.4,1700.2,522
2026-02-10 11:10:00,1700.7,1704.0,1697.8,1699.7,1411
2026-02-10 11:15:00,1699.7,1702.2,1699.7,1701.6,503
2026-02-10 11:20:00,1701.6,1702.0,1696.7,1696.7,3119
2026-02-10 11:25:00,1696.7,1705.0,1695.1,1703.3,3314
2026-02-10 11:30:00,1703.2,1709.7,1703.2,1709.5,8025
2026-02-10 11:35:00,1708.0,1714.2,1707.4,1713.6,1681
2026-02-10 11:40:00,1713.6,1713.7,1708.9,1710.0,956
2026-02-10 11:45:00,1710.0,1714.0,1707.5,1709.7,1842
2026-02-10 11:50:00,1709.7,1712.0,1706.5,1711.5,1086
2026-02-10 11:55:00,1711.5,1712.0,1708.1,1711.0,1386
2026-02-10 12:00:00,1711.0,1716.4,1704.8,1710.0,114953
2026-02-10 12:05:00,1710.0,1725.6,1708.6,1724.6,9179
2026-02-10 12:10:00,1723.9,1731.6,1722.5,1731.0,5343
2026-02-10 12:15:00,1731.0,1738.7,1721.3,1725.3,8707
2026-02-10 12:20:00,1725.0,1725.0,1713.1,1715.0,3403
2026-02-10 12:25:00,1715.0,1717.5,1713.1,1715.9,1755
2026-02-10 12:30:00,1715.9,1718.2,1714.8,1715.2,1307
2026-02-10 12:35:00,1716.3,1718.1,1714.5,1717.8,3299
2026-02-10 12:40:00,1717.8,1723.9,1715.1,1723.9,2293
2026-02-10 12:45:00,1724.4,1730.0,1723.2,1729.4,6034
2026-02-10 12:50:00,1729.4,1734.6,1726.3,1734.0,3641
2026-02-10 12:55:00,1734.9,1735.7,1731.0,1733.1,3192
2026-02-10 13:00:00,1734.5,1738.0,1733.1,1733.1,2635
2026-02-10 13:05:00,1733.1,1738.0,1733.1,1738.0,1468
2026-02-10 13:10:00,1738.0,1739.4,1736.6,1738.8,1188
2026-02-10 13:15:00,1738.8,1738.8,1734.7,1735.6,3051
2026-02-10 13:20:00,1735.6,1737.1,1731.2,1734.7,1063
2026-02-10 13:25:00,1734.7,1737.8,1733.6,1736.9,980
2026-02-10 13:30:00,1736.9,1737.9,1731.9,1736.5,1673
2026-02-10 13:35:00,1737.0,1738.0,1734.2,1736.5,1182
2026-02-10 13:40:00,1734.8,1737.5,1733.7,1737.0,922
2026-02-10 13:45:00,1737.0,1737.2,1734.9,1736.8,856
2026-02-10 13:50:00,1735.7,1736.9,1733.0,1735.9,1622
2026-02-10 13:55:00,1735.8,1736.8,1733.7,1735.9,935
2026-02-10 14:00:00,1736.7,1737.0,1733.7,1736.5,1066
2026-02-10 14:05:00,1736.5,1737.0,1726.7,1735.0,2738
2026-02-10 14:10:00,1735.4,1737.0,1732.2,1733.4,1014
2026-02-10 14:15:00,1733.4,1734.9,1732.4,1733.7,99
2026-02-10 14:20:00,1733.7,1737.5,1733.7,1736.7,1076
2026-02-10 14:25:00,1736.7,1737.4,1734.5,1734.5,823
2026-02-10 14:30:00,1734.5,1737.5,1733.1,1733.1,1288
2026-02-10 14:35:00,1733.1,1737.0,1733.0,1735.0,735
2026-02-10 14:40:00,1735.0,1737.0,1732.5,1733.5,2238
2026-02-10 14:45:00,1732.0,1733.6,1727.7,1730.6,1457
2026-02-10 14:50:00,1730.6,1735.7,1730.4,1734.6,2044
2026-02-10 14:55:00,1734.6,1734.8,1730.9,1732.8,1891
2026-02-10 15:00:00,1732.3,1736.7,1728.9,1732.0,5358
2026-02-10 15:05:00,1732.0,1733.4,1729.9,1730.8,2018
2026-02-10 15:10:00,1730.8,1733.9,1730.1,1731.8,2307
2026-02-10 15:15:00,1731.8,1731.9,1727.8,1727.8,4920
2026-02-10 15:20:00,1727.8,1729.6,1725.0,1726.9,4466
2026-02-10 15:25:00,1725.1,1729.8,1716.5,1729.8,4199
2026-02-11 09:15:00,1729.9,1761.6,1729.3,1742.4,15873
2026-02-11 09:20:00,1743.8,1747.6,1741.0,1746.8,1461
2026-02-11 09:25:00,1747.0,1762.9,1747.0,1761.4,3056
2026-02-11 09:30:00,1760.0,1761.3,1746.1,1746.1,2155
2026-02-11 09:35:00,1746.1,1751.0,1739.0,1743.7,2067
2026-02-11 09:40:00,1743.7,1748.5,1742.4,1748.4,1359
2026-02-11 09:45:00,1746.6,1756.1,1746.0,1754.2,1947
2026-02-11 09:50:00,1755.4,1757.5,1751.5,1756.4,2510
2026-02-11 09:55:00,1756.4,1759.6,1754.4,1755.5,1071
2026-02-11 10:00:00,1754.4,1754.4,1751.9,1751.9,419
2026-02-11 10:05:00,1751.9,1753.0,1750.0,1750.0,619
2026-02-11 10:10:00,1750.0,1752.1,1750.0,1751.1,247
2026-02-11 10:15:00,1751.1,1757.8,1751.1,1757.0,451
2026-02-11 10:20:00,1757.0,1760.0,1756.8,1758.7,1150
2026-02-11 10:25:00,1759.9,1759.9,1755.5,1757.0,2516
2026-02-11 10:30:00,1757.0,1760.1,1756.9,1760.0,415
2026-02-11 10:35:00,1760.0,1762.2,1757.8,1760.2,1212
2026-02-11 10:40:00,1760.2,1764.0,1759.8,1764.0,806
2026-02-11 10:45:00,1764.0,1765.0,1762.4,1763.8,1377
2026-02-11 10:50:00,1763.8,1764.7,1761.9,1761.9,653
2026-02-11 10:55:00,1761.9,1764.6,1761.9,1764.5,683
2026-02-11 11:00:00,1764.5,1767.9,1762.5,1762.8,983
2026-02-11 11:05:00,1762.8,1764.2,1759.5,1762.1,609
2026-02-11 11:10:00,1761.3,1762.3,1760.6,1762.3,381
2026-02-11 11:15:00,1762.3,1765.9,1762.3,1765.9,1258
2026-02-11 11:20:00,1765.9,1766.0,1760.2,1760.2,691
2026-02-11 11:25:00,1760.2,1761.6,1759.1,1760.5,509
2026-02-11 11:30:00,1760.5,1762.4,1757.8,1762.4,496
2026-02-11 11:35:00,1762.4,1762.4,1758.5,1760.1,429
2026-02-11 11:40:00,1760.1,1761.5,1759.3,1761.5,166
2026-02-11 11:45:00,1761.5,1761.5,1758.2,1759.6,353
2026-02-11 11:50:00,1759.6,1761.3,1759.2,1759.5,108
2026-02-11 11:55:00,1759.5,1760.9,1753.9,1755.2,647
2026-02-11 12:00:00,1755.2,1755.8,1752.2,1752.2,363
2026-02-11 12:05:00,1752.2,1755.6,1751.5,1752.2,442
2026-02-11 12:10:00,1752.2,1753.9,1752.2,1753.7,74
2026-02-11 12:15:00,1753.7,1753.7,1750.3,1752.5,780
2026-02-11 12:20:00,1752.5,1754.9,1751.2,1752.4,211
2026-02-11 12:25:00,1752.4,1755.9,1751.0,1753.6,500
2026-02-11 12:30:00,1753.6,1753.6,1750.6,1750.9,545
2026-02-11 12:35:00,1750.9,1752.8,1750.9,1752.8,121
2026-02-11 12:40:00,1754.7,1754.7,1750.9,1750.9,343
2026-02-11 12:45:00,1750.9,1753.1,1750.9,1752.3,321
2026-02-11 12:50:00,1752.3,1756.6,1751.0,1755.8,2340
2026-02-11 12:55:00,1755.9,1757.2,1755.2,1755.8,30
2026-02-11 13:00:00,1755.8,1759.9,1755.8,1758.1,374
2026-02-11 13:05:00,1758.1,1761.0,1757.3,1761.0,896
2026-02-11 13:10:00,1761.0,1762.0,1757.1,1757.7,909
2026-02-11 13:15:00,1757.7,1758.4,1756.6,1757.4,638
2026-02-11 13:20:00,1757.4,1760.7,1757.0,1758.5,411
2026-02-11 13:25:00,1758.5,1759.0,1757.6,1757.7,195
2026-02-11 13:30:00,1757.7,1760.9,1757.7,1760.9,276
2026-02-11 13:35:00,1760.9,1764.4,1760.0,1760.6,529
2026-02-11 13:40:00,1760.6,1760.8,1758.3,1759.0,410
2026-02-11 13:45:00,1759.0,1761.8,1759.0,1760.0,181
2026-02-11 13:50:00,1760.0,1761.3,1756.7,1758.1,442
2026-02-11 13:55:00,1758.1,1761.2,1758.1,1759.4,905
2026-02-11 14:00:00,1759.4,1769.5,1759.4,1765.9,2738
2026-02-11 14:05:00,1766.0,1767.4,1765.9,1767.1,685
2026-02-11 14:10:00,1767.1,1771.8,1767.1,1770.9,1423
2026-02-11 14:15:00,1770.9,1771.8,1768.2,1769.5,833
2026-02-11 14:20:00,1769.5,1769.9,1768.0,1768.1,264
2026-02-11 14:25:00,1768.1,1772.0,1768.0,1769.2,1305
2026-02-11 14:30:00,1769.2,1770.9,1768.0,1768.0,896
2026-02-11 14:35:00,1768.0,1770.3,1768.0,1769.7,710
2026-02-11 14:40:00,1769.7,1770.6,1765.0,1766.3,12150
2026-02-11 14:45:00,1766.3,1770.5,1763.4,1768.9,1237
2026-02-11 14:50:00,1768.9,1770.8,1768.1,1770.0,1171
2026-02-11 14:55:00,1770.0,1778.4,1770.0,1775.1,3553
2026-02-11 15:00:00,1776.6,1779.8,1775.6,1778.1,2976
2026-02-11 15:05:00,1778.1,1781.0,1774.7,1774.7,6189
2026-02-11 15:10:00,1774.7,1776.9,1769.6,1771.8,4259
2026-02-11 15:15:00,1771.1,1772.7,1768.5,1770.8,4221
2026-02-11 15:20:00,1773.0,1773.0,1768.0,1772.7,2050
2026-02-11 15:25:00,1772.7,1772.9,1762.1,1767.0,2428
2026-02-12 09:15:00,1769.9,1769.9,1737.8,1738.2,4744
2026-02-12 09:20:00,1738.2,1742.8,1732.9,1737.1,1626
2026-02-12 09:25:00,1737.1,1737.1,1729.9,1730.0,805
2026-02-12 09:30:00,1730.0,1734.9,1727.0,1727.5,2431
2026-02-12 09:35:00,1727.5,1734.7,1727.5,1732.5,1059
2026-02-12 09:40:00,1732.5,1739.9,1732.5,1737.0,1578
2026-02-12 09:45:00,1737.0,1751.0,1737.0,1745.2,1688
2026-02-12 09:50:00,1744.8,1746.2,1740.2,1745.0,850
2026-02-12 09:55:00,1745.0,1745.0,1740.9,1741.6,503
2026-02-12 10:00:00,1741.6,1744.4,1741.5,1741.5,471
2026-02-12 10:05:00,1741.5,1744.8,1741.5,1742.3,888
2026-02-12 10:10:00,1742.3,1750.0,1742.3,1749.5,987
2026-02-12 10:15:00,1749.5,1753.6,1747.5,1751.6,920
2026-02-12 10:20:00,1754.2,1759.6,1751.3,1758.4,1013
2026-02-12 10:25:00,1757.3,1757.3,1751.3,1752.5,1016
2026-02-12 10:30:00,1752.5,1754.4,1750.7,1751.7,251
2026-02-12 10:35:00,1751.7,1752.8,1750.7,1752.2,65
2026-02-12 10:40:00,1752.2,1752.7,1750.1,1751.2,191
2026-02-12 10:45:00,1751.2,1752.8,1750.5,1750.9,118
2026-02-12 10:50:00,1752.0,1753.3,1751.0,1751.4,131
2026-02-12 10:55:00,1750.5,1752.0,1749.6,1750.0,161
2026-02-12 11:00:00,1750.0,1753.6,1750.0,1752.6,348
2026-02-12 11:05:00,1751.5,1753.5,1750.1,1750.5,245
2026-02-12 11:10:00,1750.5,1752.0,1750.0,1751.5,914
2026-02-12 11:15:00,1751.5,1752.6,1749.9,1750.3,390
2026-02-12 11:20:00,1750.3,1751.6,1750.0,1750.0,88
2026-02-12 11:25:00,1750.0,1751.5,1750.0,1751.5,246
2026-02-12 11:30:00,1750.1,1751.4,1749.1,1750.4,861
2026-02-12 11:35:00,1749.6,1750.6,1749.6,1750.6,165
2026-02-12 11:40:00,1750.6,1751.4,1749.9,1750.4,87
2026-02-12 11:45:00,1750.4,1751.7,1750.0,1751.2,236
2026-02-12 11:50:00,1751.2,1752.9,1750.0,1752.2,634
2026-02-12 11:55:00,1752.2,1752.2,1750.7,1750.8,105
2026-02-12 12:00:00,1750.8,1753.2,1750.0,1752.0,178
2026-02-12 12:05:00,1752.0,1753.2,1751.1,1753.2,209
2026-02-12 12:10:00,1753.2,1757.2,1752.8,1755.3,592
2026-02-12 12:15:00,1755.3,1755.3,1753.3,1753.3,19
2026-02-12 12:20:00,1752.7,1759.0,1752.5,1757.6,643
2026-02-12 12:25:00,1757.6,1763.2,1756.8,1761.4,1720
2026-02-12 12:30:00,1761.4,1763.2,1759.9,1759.9,696
2026-02-12 12:35:00,1759.9,1763.8,1758.2,1758.2,588
2026-02-12 12:40:00,1758.2,1758.3,1756.2,1757.1,546
2026-02-12 12:45:00,1757.1,1759.7,1757.1,1758.2,514
2026-02-12 12:50:00,1758.2,1759.9,1756.3,1759.9,267
2026-02-12 12:55:00,1759.8,1759.8,1757.7,1758.0,49
2026-02-12 13:00:00,1758.0,1758.0,1753.7,1754.7,278
2026-02-12 13:05:00,1754.7,1755.1,1754.6,1754.6,75
2026-02-12 13:10:00,1754.6,1754.6,1752.5,1753.8,23
2026-02-12 13:15:00,1753.8,1758.0,1753.1,1758.0,596
2026-02-12 13:20:00,1758.0,1758.0,1754.9,1757.0,260
2026-02-12 13:25:00,1757.0,1758.0,1757.0,1757.9,207
2026-02-12 13:30:00,1758.0,1758.0,1754.0,1755.9,644
2026-02-12 13:35:00,1755.9,1755.9,1753.1,1753.7,320
2026-02-12 13:40:00,1753.7,1755.1,1751.1,1751.1,956
2026-02-12 13:45:00,1751.1,1754.4,1751.1,1754.4,393
2026-02-12 13:50:00,1754.4,1759.9,1753.1,1755.8,5158
2026-02-12 13:55:00,1755.8,1760.6,1755.8,1760.0,1091
2026-02-12 14:00:00,1760.0,1760.0,1755.3,1756.4,246
2026-02-12 14:05:00,1756.4,1759.0,1755.5,1758.9,1731
2026-02-12 14:10:00,1758.9,1760.0,1755.9,1756.3,863
2026-02-12 14:15:00,1757.7,1757.8,1755.1,1755.3,258
2026-02-12 14:20:00,1755.3,1760.4,1754.1,1760.0,2137
2026-02-12 14:25:00,1760.0,1760.0,1756.7,1756.8,553
2026-02-12 14:30:00,1756.3,1762.0,1755.0,1762.0,2312
2026-02-12 14:35:00,1762.0,1763.0,1761.0,1761.0,1143
2026-02-12 14:40:00,1761.0,1761.5,1761.0,1761.0,520
2026-02-12 14:45:00,1761.0,1761.0,1756.0,1756.2,607
2026-02-12 14:50:00,1757.5,1758.1,1755.8,1757.1,690
2026-02-12 14:55:00,1757.1,1760.3,1756.2,1757.3,1085
2026-02-12 15:00:00,1757.5,1765.0,1757.2,1760.7,1859
2026-02-12 15:05:00,1759.8,1760.9,1758.0,1759.9,1232
2026-02-12 15:10:00,1758.0,1760.5,1756.6,1757.9,4154
2026-02-12 15:15:00,1757.4,1760.4,1757.1,1758.3,3007
2026-02-12 15:20:00,1759.6,1761.2,1755.7,1761.2,7171
2026-02-12 15:25:00,1760.3,1761.3,1760.0,1760.0,1803
2026-02-13 09:15:00,1754.0,1754.8,1730.7,1737.9,3457
2026-02-13 09:20:00,1737.9,1737.9,1725.4,1727.2,2062
2026-02-13 09:25:00,1727.2,1728.7,1725.0,1725.0,566
2026-02-13 09:30:00,1725.0,1725.0,1718.3,1719.9,1092
2026-02-13 09:35:00,1718.1,1720.7,1716.5,1717.5,486
2026-02-13 09:40:00,1717.5,1725.2,1712.4,1721.8,2347
2026-02-13 09:45:00,1721.8,1723.5,1719.3,1720.0,847
2026-02-13 09:50:00,1719.9,1722.9,1714.4,1722.9,5915
2026-02-13 09:55:00,1722.9,1736.0,1721.3,1730.0,30945
2026-02-13 10:00:00,1730.0,1730.2,1726.1,1726.1,172
2026-02-13 10:05:00,1726.1,1728.5,1723.5,1723.5,601
2026-02-13 10:10:00,1723.5,1725.0,1723.0,1723.0,283
2026-02-13 10:15:00,1723.0,1723.0,1716.0,1716.6,327
2026-02-13 10:20:00,1716.6,1719.7,1716.0,1719.2,1146
2026-02-13 10:25:00,1719.2,1719.2,1715.1,1717.1,649
2026-02-13 10:30:00,1717.1,1721.1,1716.2,1719.4,446
2026-02-13 10:35:00,1719.4,1722.8,1719.4,1721.8,279
2026-02-13 10:40:00,1721.8,1723.4,1719.9,1720.1,1633
2026-02-13 10:45:00,1720.1,1720.6,1718.4,1720.6,429
2026-02-13 10:50:00,1720.6,1720.6,1718.4,1719.0,14
2026-02-13 10:55:00,1719.0,1721.9,1719.0,1719.2,601
2026-02-13 11:00:00,1720.5,1722.5,1716.3,1716.3,562
2026-02-13 11:05:00,1716.3,1721.5,1716.2,1721.3,564
2026-02-13 11:10:00,1721.3,1721.8,1719.1,1721.8,606
2026-02-13 11:15:00,1721.9,1721.9,1720.1,1721.5,316
2026-02-13 11:20:00,1721.5,1722.1,1720.2,1721.6,309
2026-02-13 11:25:00,1721.6,1723.5,1720.6,1722.6,102
2026-02-13 11:30:00,1722.6,1723.6,1720.0,1720.0,2199
2026-02-13 11:35:00,1720.0,1720.3,1717.1,1718.2,884
2026-02-13 11:40:00,1718.2,1720.9,1715.1,1715.2,410
2026-02-13 11:45:00,1715.2,1717.9,1715.2,1715.6,144
2026-02-13 11:50:00,1715.6,1717.8,1715.6,1716.0,45
2026-02-13 11:55:00,1716.0,1717.9,1715.2,1716.6,522
2026-02-13 12:00:00,1716.6,1721.0,1715.6,1720.4,536
2026-02-13 12:05:00,1720.4,1725.0,1720.4,1722.0,233
2026-02-13 12:10:00,1722.0,1722.0,1720.1,1720.3,55
2026-02-13 12:15:00,1720.3,1722.4,1720.3,1722.4,56
2026-02-13 12:20:00,1722.4,1722.5,1720.8,1722.5,28
2026-02-13 12:25:00,1722.5,1724.6,1719.2,1719.3,536
2026-02-13 12:30:00,1719.1,1721.4,1718.2,1719.6,353
2026-02-13 12:35:00,1719.6,1721.8,1718.2,1721.6,35
2026-02-13 12:40:00,1721.6,1721.6,1719.9,1720.0,90
2026-02-13 12:45:00,1720.0,1721.6,1719.2,1721.6,31
2026-02-13 12:50:00,1721.6,1721.9,1718.1,1719.2,183
2026-02-13 12:55:00,1719.2,1719.3,1718.1,1718.4,52
2026-02-13 13:00:00,1718.4,1720.5,1708.6,1709.5,2655
2026-02-13 13:05:00,1708.7,1709.4,1707.6,1708.7,551
2026-02-13 13:10:00,1708.7,1712.0,1708.7,1710.2,245
2026-02-13 13:15:00,1710.2,1713.4,1708.9,1712.8,1532
2026-02-13 13:20:00,1712.8,1712.9,1708.1,1708.1,2869
2026-02-13 13:25:00,1707.7,1710.9,1705.3,1707.2,1363
2026-02-13 13:30:00,1707.2,1707.2,1702.2,1705.2,933
2026-02-13 13:35:00,1705.2,1711.3,1705.0,1709.0,2561
2026-02-13 13:40:00,1709.0,1710.9,1708.2,1710.9,947
2026-02-13 13:45:00,1710.9,1711.9,1707.7,1709.2,172
2026-02-13 13:50:00,1709.2,1709.2,1707.4,1707.4,206
2026-02-13 13:55:00,1707.4,1708.0,1706.7,1706.7,297
2026-02-13 14:00:00,1706.7,1707.8,1706.6,1707.6,496
2026-02-13 14:05:00,1707.6,1708.4,1706.0,1706.1,215
2026-02-13 14:10:00,1706.1,1709.2,1705.3,1707.5,109
2026-02-13 14:15:00,1707.5,1710.0,1706.0,1706.0,6846
2026-02-13 14:20:00,1706.8,1709.4,1706.2,1708.6,478
2026-02-13 14:25:00,1708.6,1709.0,1707.2,1707.2,57
2026-02-13 14:30:00,1707.2,1715.2,1706.0,1713.9,9143
2026-02-13 14:35:00,1713.9,1718.9,1709.2,1717.9,10358
2026-02-13 14:40:00,1717.9,1719.9,1716.2,1718.9,427
2026-02-13 14:45:00,1717.2,1718.9,1716.0,1717.8,453
2026-02-13 14:50:00,1717.8,1718.1,1716.0,1717.6,2114
2026-02-13 14:55:00,1717.6,1718.9,1715.2,1715.6,1604
2026-02-13 15:00:00,1716.4,1718.9,1706.7,1709.4,3691
2026-02-13 15:05:00,1711.0,1711.5,1706.6,1708.0,3541
2026-02-13 15:10:00,1708.0,1710.9,1707.1,1708.1,3583
2026-02-13 15:15:00,1709.5,1711.0,1704.9,1710.1,6633
2026-02-13 15:20:00,1710.1,1714.1,1710.0,1710.0,4187
2026-02-13 15:25:00,1710.0,1722.0,1710.0,1721.0,3092
2026-02-16 09:15:00,1718.7,1718.7,1681.6,1699.9,3677
2026-02-16 09:20:00,1700.8,1705.0,1700.3,1703.1,752
2026-02-16 09:25:00,1703.1,1706.5,1700.2,1700.2,525
2026-02-16 09:30:00,1700.2,1715.9,1700.2,1714.8,776
2026-02-16 09:35:00,1714.8,1719.3,1711.2,1711.2,479
2026-02-16 09:40:00,1711.2,1711.2,1706.0,1706.0,94
2026-02-16 09:45:00,1704.1,1707.2,1701.8,1701.8,263
2026-02-16 09:50:00,1701.8,1707.8,1701.8,1702.1,582
2026-02-16 09:55:00,1703.8,1706.6,1699.0,1706.6,1315
2026-02-16 10:00:00,1706.6,1707.6,1705.2,1705.3,195
2026-02-16 10:05:00,1705.3,1710.0,1705.0,1710.0,1230
2026-02-16 10:10:00,1710.0,1714.1,1710.0,1710.2,120
2026-02-16 10:15:00,1710.2,1713.5,1697.1,1711.4,2256
2026-02-16 10:20:00,1711.4,1713.3,1711.4,1713.2,60
2026-02-16 10:25:00,1713.2,1713.2,1708.9,1711.4,120
2026-02-16 10:30:00,1711.4,1713.1,1711.3,1711.3,5
2026-02-16 10:35:00,1711.3,1711.7,1709.7,1711.7,10
2026-02-16 10:40:00,1711.7,1711.9,1709.7,1709.8,193
2026-02-16 10:45:00,1709.8,1716.7,1709.8,1716.7,294
2026-02-16 10:50:00,1716.7,1716.7,1713.3,1713.3,104
2026-02-16 10:55:00,1713.3,1716.7,1713.1,1715.2,122
2026-02-16 11:00:00,1715.2,1716.8,1712.1,1712.9,183
2026-02-16 11:05:00,1715.5,1717.4,1713.7,1715.3,79
2026-02-16 11:10:00,1715.3,1716.4,1713.4,1713.4,112
2026-02-16 11:15:00,1713.4,1715.0,1713.1,1713.2,44
2026-02-16 11:20:00,1713.3,1715.3,1713.3,1715.3,36
2026-02-16 11:25:00,1715.3,1716.8,1711.2,1715.7,600
2026-02-16 11:30:00,1715.7,1715.7,1711.9,1711.9,249
2026-02-16 11:35:00,1711.9,1725.2,1711.4,1723.0,1423
2026-02-16 11:40:00,1723.0,1727.9,1722.3,1727.9,298
2026-02-16 11:45:00,1724.8,1726.6,1722.4,1722.7,1008
2026-02-16 11:50:00,1722.7,1725.5,1722.7,1723.0,205
2026-02-16 11:55:00,1723.0,1729.0,1722.5,1727.9,5634
2026-02-16 12:00:00,1727.9,1731.6,1727.0,1729.5,1811
2026-02-16 12:05:00,1729.5,1730.3,1727.3,1727.5,37
2026-02-16 12:10:00,1729.4,1731.4,1728.6,1729.5,297
2026-02-16 12:15:00,1729.5,1731.5,1729.5,1730.5,23
2026-02-16 12:20:00,1730.5,1732.6,1730.3,1732.3,207
2026-02-16 12:25:00,1732.3,1732.3,1730.5,1730.5,23
2026-02-16 12:30:00,1730.5,1731.7,1730.4,1730.4,34
2026-02-16 12:35:00,1730.4,1733.0,1730.0,1730.6,406
2026-02-16 12:40:00,1730.6,1732.0,1730.6,1730.6,15
2026-02-16 12:45:00,1730.6,1732.5,1730.6,1732.1,24
2026-02-16 12:50:00,1732.1,1732.1,1730.3,1731.2,85
2026-02-16 12:55:00,1731.2,1735.0,1731.2,1734.7,2132
2026-02-16 13:00:00,1734.7,1737.8,1734.7,1736.2,1996
2026-02-16 13:05:00,1736.2,1736.2,1734.1,1736.0,294
2026-02-16 13:10:00,1736.0,1737.9,1736.0,1737.7,29
2026-02-16 13:15:00,1736.3,1736.3,1734.9,1736.3,362
2026-02-16 13:20:00,1736.3,1737.6,1735.6,1735.6,184
2026-02-16 13:25:00,1735.6,1738.6,1735.6,1738.0,541
2026-02-16 13:30:00,1738.0,1738.2,1736.3,1736.6,201
2026-02-16 13:35:00,1736.6,1738.4,1735.5,1736.6,192
2026-02-16 13:40:00,1736.6,1738.6,1736.6,1738.6,350
2026-02-16 13:45:00,1737.6,1738.0,1736.3,1736.5,93
2026-02-16 13:50:00,1736.5,1738.0,1736.4,1736.7,64
2026-02-16 13:55:00,1736.7,1739.2,1733.4,1739.2,702
2026-02-16 14:00:00,1737.7,1742.8,1737.7,1739.0,1087
2026-02-16 14:05:00,1739.0,1740.0,1737.0,1737.0,210
2026-02-16 14:10:00,1737.0,1739.5,1735.8,1736.2,218
2026-02-16 14:15:00,1736.2,1737.1,1735.8,1735.8,184
2026-02-16 14:20:00,1735.8,1738.2,1734.1,1735.9,457
2026-02-16 14:25:00,1735.9,1736.6,1735.9,1736.6,3
2026-02-16 14:30:00,1736.6,1736.9,1735.4,1735.8,335
2026-02-16 14:35:00,1735.8,1742.0,1735.0,1741.5,607
2026-02-16 14:40:00,1741.5,1741.9,1739.8,1741.9,150
2026-02-16 14:45:00,1741.9,1741.9,1740.3,1740.4,166
2026-02-16 14:50:00,1740.4,1741.4,1739.3,1739.5,420
2026-02-16 14:55:00,1739.0,1740.7,1734.3,1734.3,1571
2026-02-16 15:00:00,1736.3,1737.8,1734.1,1735.5,926
2026-02-16 15:05:00,1735.5,1738.0,1734.2,1736.3,547
2026-02-16 15:10:00,1736.3,1739.9,1736.1,1737.9,668
2026-02-16 15:15:00,1737.9,1739.0,1734.4,1734.4,895
2026-02-16 15:20:00,1734.4,1737.0,1732.6,1735.1,478
2026-02-16 15:25:00,1733.6,1739.0,1733.6,1734.8,1476
2026-02-17 09:15:00,1748.5,1748.5,1725.6,1742.2,6730
2026-02-17 09:20:00,1742.2,1742.2,1738.0,1740.5,603
2026-02-17 09:25:00,1740.5,1740.9,1738.6,1738.6,120
2026-02-17 09:30:00,1738.6,1741.5,1736.2,1739.4,188
2026-02-17 09:35:00,1739.4,1739.4,1736.0,1738.5,117
2026-02-17 09:40:00,1738.5,1738.5,1726.3,1729.3,498
2026-02-17 09:45:00,1729.3,1729.3,1728.8,1728.9,42
2026-02-17 09:50:00,1728.9,1731.9,1728.9,1731.9,26
2026-02-17 09:55:00,1731.9,1733.4,1730.3,1731.0,340
2026-02-17 10:00:00,1731.0,1733.5,1731.0,1733.5,24
2026-02-17 10:05:00,1733.5,1735.3,1732.8,1735.1,56
2026-02-17 10:10:00,1735.1,1735.5,1733.3,1735.5,3
2026-02-17 10:15:00,1735.5,1737.7,1735.1,1735.1,171
2026-02-17 10:20:00,1735.1,1739.8,1735.1,1737.9,212
2026-02-17 10:25:00,1737.9,1744.7,1737.8,1744.2,139
2026-02-17 10:30:00,1744.2,1744.5,1742.7,1743.8,587
2026-02-17 10:35:00,1743.8,1743.8,1741.8,1743.5,21
2026-02-17 10:40:00,1743.5,1743.5,1741.2,1743.3,20
2026-02-17 10:45:00,1741.2,1750.0,1740.0,1750.0,3351
2026-02-17 10:50:00,1750.0,1754.4,1748.8,1752.2,2131
2026-02-17 10:55:00,1752.5,1763.9,1752.0,1760.9,2244
2026-02-17 11:00:00,1761.0,1762.3,1759.8,1760.0,632
2026-02-17 11:05:00,1760.0,1760.6,1757.4,1757.4,569
2026-02-17 11:10:00,1757.4,1757.9,1755.2,1757.6,72
2026-02-17 11:15:00,1757.6,1759.8,1755.3,1758.4,720
2026-02-17 11:20:00,1758.4,1759.5,1757.8,1759.5,5
2026-02-17 11:25:00,1759.5,1759.9,1758.8,1759.9,127
2026-02-17 11:30:00,1759.9,1763.8,1758.8,1759.9,1009
2026-02-17 11:35:00,1759.9,1761.7,1759.9,1761.0,195
2026-02-17 11:40:00,1759.8,1760.4,1759.8,1760.4,552
2026-02-17 11:45:00,1760.4,1760.4,1759.6,1759.6,117
2026-02-17 11:50:00,1759.6,1759.6,1756.5,1757.1,90
2026-02-17 11:55:00,1758.2,1758.2,1755.3,1755.3,124
2026-02-17 12:00:00,1755.3,1758.1,1755.1,1755.1,367
2026-02-17 12:05:00,1755.1,1758.3,1755.1,1757.5,207
2026-02-17 12:10:00,1757.5,1757.5,1755.0,1755.0,21
2026-02-17 12:15:00,1755.0,1755.0,1753.8,1753.8,93
2026-02-17 12:20:00,1753.8,1753.8,1750.0,1750.8,632
2026-02-17 12:25:00,1750.8,1757.2,1750.8,1756.9,653
2026-02-17 12:30:00,1756.9,1756.9,1754.7,1756.6,33
2026-02-17 12:35:00,1756.6,1758.9,1754.3,1756.9,978
2026-02-17 12:40:00,1756.9,1756.9,1755.4,1755.4,33
2026-02-17 12:45:00,1755.4,1756.8,1753.7,1756.8,244
2026-02-17 12:50:00,1756.8,1756.8,1755.9,1756.4,675
2026-02-17 12:55:00,1756.4,1757.3,1753.2,1753.3,98
2026-02-17 13:00:00,1753.3,1753.7,1751.9,1752.5,235
2026-02-17 13:05:00,1752.5,1755.0,1752.5,1753.8,448
2026-02-17 13:10:00,1753.8,1755.2,1753.8,1755.2,50
2026-02-17 13:15:00,1756.9,1756.9,1752.6,1753.3,643
2026-02-17 13:20:00,1753.3,1756.3,1749.2,1749.2,4294
2026-02-17 13:25:00,1751.1,1755.8,1749.7,1755.0,1453
2026-02-17 13:30:00,1755.0,1756.9,1755.0,1756.1,173
2026-02-17 13:35:00,1756.1,1757.1,1749.8,1750.0,5521
2026-02-17 13:40:00,1750.0,1750.9,1749.9,1750.0,965
2026-02-17 13:45:00,1750.0,1755.8,1750.0,1755.7,249
2026-02-17 13:50:00,1754.0,1755.7,1750.0,1750.0,6064
2026-02-17 13:55:00,1751.9,1756.2,1750.0,1750.0,8177
2026-02-17 14:00:00,1750.0,1752.0,1749.4,1750.0,3318
2026-02-17 14:05:00,1750.0,1752.9,1750.0,1752.0,319
2026-02-17 14:10:00,1752.0,1753.0,1748.1,1750.0,2340
2026-02-17 14:15:00,1750.0,1750.8,1750.0,1750.0,1688
2026-02-17 14:20:00,1750.0,1751.8,1750.0,1751.8,51
2026-02-17 14:25:00,1751.8,1752.9,1751.3,1752.7,119
2026-02-17 14:30:00,1752.7,1752.7,1751.7,1751.8,158
2026-02-17 14:35:00,1751.8,1758.5,1751.8,1758.5,276
2026-02-17 14:40:00,1759.9,1760.4,1758.6,1758.8,1921
2026-02-17 14:45:00,1758.8,1760.4,1758.8,1758.8,544
2026-02-17 14:50:00,1760.4,1762.4,1759.4,1761.1,1274
2026-02-17 14:55:00,1761.1,1763.0,1759.4,1761.9,280
2026-02-17 15:00:00,1762.8,1764.0,1759.1,1762.1,2270
2026-02-17 15:05:00,1762.1,1763.3,1759.5,1760.0,1194
2026-02-17 15:10:00,1759.6,1768.0,1755.4,1766.4,28699
2026-02-17 15:15:00,1765.2,1773.0,1756.5,1771.3,11262
2026-02-17 15:20:00,1770.4,1773.0,1765.2,1768.5,13290
2026-02-17 15:25:00,1768.5,1772.8,1760.1,1769.0,45967
2026-02-18 09:15:00,1767.9,1769.9,1756.8,1765.7,1739
2026-02-18 09:20:00,1765.7,1765.9,1761.6,1762.7,854
2026-02-18 09:25:00,1764.0,1764.8,1761.6,1763.4,212
2026-02-18 09:30:00,1763.4,1765.9,1758.4,1758.4,672
2026-02-18 09:35:00,1758.4,1762.0,1758.4,1760.7,270
2026-02-18 09:40:00,1760.7,1760.7,1759.5,1760.3,33
2026-02-18 09:45:00,1760.3,1761.2,1757.7,1757.7,193
2026-02-18 09:50:00,1757.7,1758.8,1755.9,1757.2,315
2026-02-18 09:55:00,1757.2,1758.4,1752.3,1752.3,316
2026-02-18 10:00:00,1753.3,1756.0,1751.2,1752.4,273
2026-02-18 10:05:00,1752.4,1756.3,1751.8,1752.1,125
2026-02-18 10:10:00,1752.1,1752.4,1751.0,1751.0,161
2026-02-18 10:15:00,1752.0,1752.4,1748.0,1749.9,306
2026-02-18 10:20:00,1751.7,1751.7,1749.9,1750.1,249
2026-02-18 10:25:00,1750.1,1751.4,1750.1,1750.8,155
2026-02-18 10:30:00,1750.8,1755.4,1749.9,1752.9,753
2026-02-18 10:35:00,1752.6,1756.4,1752.6,1752.8,196
2026-02-18 10:40:00,1751.2,1758.4,1751.0,1758.4,353
2026-02-18 10:45:00,1758.4,1760.1,1754.9,1754.9,294
2026-02-18 10:50:00,1754.9,1758.4,1754.9,1757.9,201
2026-02-18 10:55:00,1757.9,1757.9,1756.1,1757.3,43
2026-02-18 11:00:00,1757.3,1757.8,1755.0,1755.0,300
2026-02-18 11:05:00,1755.0,1758.4,1755.0,1757.7,122
2026-02-18 11:10:00,1757.7,1759.1,1755.0,1755.3,380
2026-02-18 11:15:00,1755.3,1757.6,1755.3,1757.6,54
2026-02-18 11:20:00,1757.6,1757.6,1753.6,1755.2,259
2026-02-18 11:25:00,1755.2,1757.4,1755.2,1757.2,120
2026-02-18 11:30:00,1757.2,1757.2,1756.1,1756.1,33
2026-02-18 11:35:00,1756.1,1756.1,1755.0,1755.5,162
2026-02-18 11:40:00,1755.5,1755.5,1753.0,1753.0,138
2026-02-18 11:45:00,1753.0,1754.7,1751.0,1752.1,1035
2026-02-18 11:50:00,1752.1,1752.1,1751.0,1751.9,198
2026-02-18 11:55:00,1751.9,1751.9,1751.0,1751.0,51
2026-02-18 12:00:00,1751.0,1751.3,1751.0,1751.0,148
2026-02-18 12:05:00,1751.0,1752.1,1749.9,1752.1,262
2026-02-18 12:10:00,1752.1,1752.1,1751.9,1751.9,80
2026-02-18 12:15:00,1751.9,1753.5,1751.9,1753.0,176
2026-02-18 12:20:00,1753.0,1753.2,1752.5,1752.5,185
2026-02-18 12:25:00,1752.5,1752.6,1751.9,1752.0,250
2026-02-18 12:30:00,1752.0,1754.0,1752.0,1754.0,226
2026-02-18 12:35:00,1754.0,1755.2,1752.5,1754.7,217
2026-02-18 12:40:00,1754.7,1754.7,1750.4,1751.4,442
2026-02-18 12:45:00,1750.3,1751.6,1750.0,1750.0,106
2026-02-18 12:50:00,1750.0,1750.8,1749.9,1749.9,188
2026-02-18 12:55:00,1749.9,1751.5,1749.9,1751.4,327
2026-02-18 13:00:00,1750.7,1752.8,1750.7,1751.9,130
2026-02-18 13:05:00,1751.9,1751.9,1750.0,1750.0,191
2026-02-18 13:10:00,1750.0,1751.1,1749.8,1751.1,72
2026-02-18 13:15:00,1751.1,1751.9,1750.9,1751.1,140
2026-02-18 13:20:00,1751.1,1751.1,1749.9,1749.9,347
2026-02-18 13:25:00,1749.9,1749.9,1748.0,1748.0,170
2026-02-18 13:30:00,1748.0,1748.9,1747.0,1747.0,188
2026-02-18 13:35:00,1747.0,1747.0,1745.0,1745.0,194
2026-02-18 13:40:00,1745.0,1745.9,1745.0,1745.3,42
2026-02-18 13:45:00,1745.3,1750.0,1745.3,1748.8,291
2026-02-18 13:50:00,1748.8,1748.8,1745.3,1745.3,200
2026-02-18 13:55:00,1745.3,1748.8,1745.3,1748.8,150
2026-02-18 14:00:00,1748.8,1749.0,1745.3,1747.5,318
2026-02-18 14:05:00,1747.5,1748.5,1746.1,1747.5,177
2026-02-18 14:10:00,1747.5,1748.5,1747.5,1748.5,48
2026-02-18 14:15:00,1748.5,1752.5,1748.4,1750.4,205
2026-02-18 14:20:00,1750.4,1750.4,1748.2,1748.9,218
2026-02-18 14:25:00,1748.9,1749.2,1746.3,1749.0,558
2026-02-18 14:30:00,1749.3,1749.3,1746.1,1746.8,234
2026-02-18 14:35:00,1746.8,1752.2,1746.0,1749.3,453
2026-02-18 14:40:00,1749.3,1749.8,1747.5,1748.2,219
2026-02-18 14:45:00,1748.2,1754.8,1746.7,1753.9,929
2026-02-18 14:50:00,1753.9,1756.6,1753.1,1755.0,1401
2026-02-18 14:55:00,1755.0,1756.5,1755.0,1755.9,816
2026-02-18 15:00:00,1755.9,1756.7,1755.0,1755.7,475
2026-02-18 15:05:00,1755.7,1760.9,1755.0,1759.0,2229
2026-02-18 15:10:00,1758.9,1759.5,1755.6,1755.7,2846
2026-02-18 15:15:00,1755.2,1759.1,1753.0,1757.1,2953
2026-02-18 15:20:00,1757.0,1758.8,1753.0,1755.3,3412
2026-02-18 15:25:00,1757.9,1757.9,1750.1,1751.6,2248
2026-02-19 09:15:00,1757.0,1778.5,1742.5,1742.5,795
2026-02-19 09:20:00,1744.2,1745.1,1741.2,1744.5,360
2026-02-19 09:25:00,1744.5,1744.5,1735.1,1735.1,935
2026-02-19 09:30:00,1735.1,1737.1,1730.0,1731.1,458
2026-02-19 09:35:00,1731.1,1734.5,1731.1,1732.4,184
2026-02-19 09:40:00,1732.4,1737.4,1732.4,1736.1,245
2026-02-19 09:45:00,1736.1,1737.7,1733.3,1734.1,279
2026-02-19 09:50:00,1734.1,1746.5,1733.3,1746.5,836
2026-02-19 09:55:00,1747.2,1747.2,1741.9,1744.3,438
2026-02-19 10:00:00,1744.3,1746.0,1741.6,1744.3,330
2026-02-19 10:05:00,1743.7,1743.7,1735.7,1735.7,387
2026-02-19 10:10:00,1735.7,1735.7,1732.8,1732.8,230
2026-02-19 10:15:00,1732.8,1735.9,1731.0,1731.0,845
2026-02-19 10:20:00,1731.0,1732.8,1731.0,1732.8,97
2026-02-19 10:25:00,1732.8,1734.0,1732.0,1734.0,128
2026-02-19 10:30:00,1734.0,1734.1,1732.3,1733.6,67
2026-02-19 10:35:00,1733.6,1733.6,1725.1,1726.1,2655
2026-02-19 10:40:00,1726.1,1728.6,1725.1,1727.8,870
2026-02-19 10:45:00,1727.8,1728.7,1727.0,1727.0,280
2026-02-19 10:50:00,1726.0,1729.0,1726.0,1727.3,55
2026-02-19 10:55:00,1727.3,1727.3,1727.3,1727.3,5
2026-02-19 11:00:00,1727.3,1730.6,1727.3,1729.5,124
2026-02-19 11:05:00,1728.8,1728.8,1721.5,1726.3,849
2026-02-19 11:10:00,1726.3,1726.3,1724.3,1725.8,56
2026-02-19 11:15:00,1725.8,1725.9,1720.0,1721.3,369
2026-02-19 11:20:00,1721.3,1721.3,1717.0,1717.0,204
2026-02-19 11:25:00,1720.0,1721.5,1718.0,1718.5,323
2026-02-19 11:30:00,1718.5,1720.5,1718.5,1718.7,56
2026-02-19 11:35:00,1718.7,1727.0,1718.7,1727.0,506
2026-02-19 11:40:00,1727.0,1727.0,1724.7,1724.7,23
2026-02-19 11:45:00,1724.8,1737.3,1724.8,1735.5,3879
2026-02-19 11:50:00,1735.5,1735.7,1732.2,1732.2,229
2026-02-19 11:55:00,1732.2,1734.3,1732.2,1733.0,30
2026-02-19 12:00:00,1733.0,1733.0,1731.0,1733.0,121
2026-02-19 12:05:00,1733.0,1733.0,1728.1,1728.1,1128
2026-02-19 12:10:00,1728.7,1728.7,1725.0,1725.0,122
2026-02-19 12:15:00,1725.0,1725.0,1720.2,1722.8,287
2026-02-19 12:20:00,1722.8,1724.2,1721.0,1721.0,275
2026-02-19 12:25:00,1721.0,1723.3,1720.0,1721.4,184
2026-02-19 12:30:00,1721.4,1723.2,1720.4,1722.8,344
2026-02-19 12:35:00,1722.8,1722.9,1720.9,1720.9,17
2026-02-19 12:40:00,1722.1,1722.1,1718.5,1718.5,192
2026-02-19 12:45:00,1718.5,1719.7,1718.5,1718.5,20
2026-02-19 12:50:00,1718.5,1718.7,1712.8,1712.8,412
2026-02-19 12:55:00,1712.8,1714.1,1712.8,1714.1,60
2026-02-19 13:00:00,1712.2,1713.6,1710.0,1711.0,429
2026-02-19 13:05:00,1711.0,1715.0,1711.0,1713.6,142
2026-02-19 13:10:00,1713.6,1714.4,1711.6,1713.0,92
2026-02-19 13:15:00,1713.0,1714.4,1713.0,1714.4,65
2026-02-19 13:20:00,1714.4,1714.4,1713.1,1714.2,22
2026-02-19 13:25:00,1714.2,1714.5,1713.1,1714.5,37
2026-02-19 13:30:00,1714.5,1715.8,1712.5,1712.8,244
2026-02-19 13:35:00,1712.8,1720.0,1712.8,1719.1,1438
2026-02-19 13:40:00,1719.1,1720.4,1716.6,1719.5,1196
2026-02-19 13:45:00,1719.5,1719.7,1707.0,1709.6,4071
2026-02-19 13:50:00,1710.9,1715.2,1707.8,1711.8,2267
2026-02-19 13:55:00,1711.8,1713.5,1709.0,1711.5,1372
2026-02-19 14:00:00,1711.0,1715.2,1711.0,1713.1,1341
2026-02-19 14:05:00,1713.1,1714.5,1711.4,1713.4,1143
2026-02-19 14:10:00,1713.3,1715.2,1711.9,1715.2,1323
2026-02-19 14:15:00,1715.2,1715.6,1713.2,1714.5,972
2026-02-19 14:20:00,1715.0,1715.5,1712.3,1714.1,1185
2026-02-19 14:25:00,1714.1,1715.0,1713.0,1714.2,1147
2026-02-19 14:30:00,1714.2,1716.4,1712.5,1714.5,1138
2026-02-19 14:35:00,1714.5,1715.4,1713.2,1714.7,1201
2026-02-19 14:40:00,1714.7,1715.2,1710.7,1711.9,1249
2026-02-19 14:45:00,1711.9,1713.0,1710.4,1712.5,1346
2026-02-19 14:50:00,1712.5,1715.8,1712.0,1715.0,2325
2026-02-19 14:55:00,1715.0,1715.9,1713.3,1714.3,1177
2026-02-19 15:00:00,1714.3,1715.0,1707.0,1711.5,2080
2026-02-19 15:05:00,1711.1,1714.9,1708.9,1709.2,3030
2026-02-19 15:10:00,1709.2,1712.6,1709.0,1710.1,2040
2026-02-19 15:15:00,1710.1,1711.2,1705.1,1706.7,2717
2026-02-19 15:20:00,1706.7,1709.1,1702.2,1703.4,3654
2026-02-19 15:25:00,1702.3,1712.9,1702.3,1703.8,8670
2026-02-20 09:15:00,1709.9,1710.0,1694.0,1696.3,1218
2026-02-20 09:20:00,1696.3,1698.4,1692.2,1694.7,658
2026-02-20 09:25:00,1694.7,1695.7,1684.2,1687.6,978
2026-02-20 09:30:00,1687.2,1687.8,1678.0,1687.8,4264
2026-02-20 09:35:00,1687.8,1689.7,1684.2,1687.6,1211
2026-02-20 09:40:00,1687.5,1688.9,1683.7,1687.6,1787
2026-02-20 09:45:00,1686.5,1690.7,1686.5,1690.1,372
2026-02-20 09:50:00,1690.1,1694.6,1686.7,1688.2,1664
2026-02-20 09:55:00,1686.2,1695.9,1686.2,1695.9,716
2026-02-20 10:00:00,1696.0,1696.0,1689.2,1690.4,209
2026-02-20 10:05:00,1690.4,1690.4,1683.0,1688.3,2519
2026-02-20 10:10:00,1688.3,1688.3,1685.0,1686.0,84
2026-02-20 10:15:00,1686.0,1690.0,1685.2,1690.0,216
2026-02-20 10:20:00,1690.0,1692.3,1689.4,1690.4,743
2026-02-20 10:25:00,1690.4,1692.0,1689.0,1689.0,504
2026-02-20 10:30:00,1689.0,1693.9,1689.0,1693.9,159
2026-02-20 10:35:00,1696.2,1697.2,1693.9,1694.3,1091
2026-02-20 10:40:00,1695.4,1697.9,1695.4,1696.4,137
2026-02-20 10:45:00,1696.4,1698.0,1695.4,1695.4,80
2026-02-20 10:50:00,1695.4,1697.2,1695.1,1695.2,147
2026-02-20 10:55:00,1695.2,1696.3,1694.3,1694.3,1103
2026-02-20 11:00:00,1694.3,1697.4,1691.4,1694.7,1304
2026-02-20 11:05:00,1694.7,1694.7,1690.1,1692.0,61
2026-02-20 11:10:00,1692.0,1692.0,1690.0,1691.4,128
2026-02-20 11:15:00,1691.4,1692.7,1691.4,1691.6,69
2026-02-20 11:20:00,1691.6,1691.8,1691.6,1691.8,78
2026-02-20 11:25:00,1691.8,1694.0,1690.0,1694.0,145
2026-02-20 11:30:00,1694.0,1694.3,1693.8,1693.8,39
2026-02-20 11:35:00,1693.8,1693.8,1692.5,1692.5,7
2026-02-20 11:40:00,1692.5,1693.9,1692.5,1693.1,291
2026-02-20 11:45:00,1693.1,1693.1,1689.0,1689.0,393
2026-02-20 11:50:00,1689.0,1691.5,1689.0,1691.5,63
2026-02-20 11:55:00,1691.5,1691.5,1689.0,1690.0,167
2026-02-20 12:00:00,1690.0,1690.6,1688.8,1689.8,56
2026-02-20 12:05:00,1689.8,1690.4,1688.4,1688.4,68
2026-02-20 12:10:00,1688.4,1691.7,1688.4,1691.5,84
2026-02-20 12:15:00,1691.5,1691.8,1690.5,1691.4,79
2026-02-20 12:20:00,1691.4,1694.7,1691.4,1694.7,38
2026-02-20 12:25:00,1694.7,1694.7,1692.2,1692.8,156
2026-02-20 12:30:00,1692.8,1692.8,1689.4,1689.4,55
2026-02-20 12:35:00,1689.4,1689.4,1688.2,1689.0,112
2026-02-20 12:40:00,1689.0,1689.7,1689.0,1689.0,146
2026-02-20 12:45:00,1689.0,1689.0,1686.6,1687.8,166
2026-02-20 12:50:00,1687.9,1690.3,1687.9,1688.3,134
2026-02-20 12:55:00,1688.3,1688.5,1685.0,1686.8,562
2026-02-20 13:00:00,1686.8,1688.0,1686.8,1686.8,2
2026-02-20 13:05:00,1686.8,1688.0,1686.8,1686.8,62
2026-02-20 13:10:00,1686.8,1688.1,1685.0,1688.1,1166
2026-02-20 13:15:00,1688.1,1688.1,1685.9,1686.0,113
2026-02-20 13:20:00,1686.0,1687.7,1686.0,1686.0,42
2026-02-20 13:25:00,1686.0,1688.4,1685.5,1685.5,260
2026-02-20 13:30:00,1685.5,1688.8,1685.5,1688.8,45
2026-02-20 13:35:00,1689.3,1689.6,1688.8,1688.8,20
2026-02-20 13:40:00,1688.7,1688.7,1686.1,1686.2,78
2026-02-20 13:45:00,1686.2,1689.0,1686.2,1688.8,82
2026-02-20 13:50:00,1688.8,1688.8,1688.4,1688.4,54
2026-02-20 13:55:00,1688.4,1688.4,1688.0,1688.4,307
2026-02-20 14:00:00,1688.4,1691.3,1688.4,1690.8,119
2026-02-20 14:05:00,1690.8,1697.0,1689.1,1697.0,281
2026-02-20 14:10:00,1697.0,1697.0,1691.2,1691.2,790
2026-02-20 14:15:00,1691.2,1692.7,1690.0,1691.9,67
2026-02-20 14:20:00,1691.9,1691.9,1687.8,1689.7,80
2026-02-20 14:25:00,1689.7,1689.7,1688.3,1688.3,29
2026-02-20 14:30:00,1688.3,1689.7,1688.3,1688.3,91
2026-02-20 14:35:00,1688.3,1689.0,1687.5,1687.5,161
2026-02-20 14:40:00,1687.5,1691.5,1687.5,1690.9,1027
2026-02-20 14:45:00,1690.9,1692.9,1690.0,1690.3,309
2026-02-20 14:50:00,1690.3,1691.2,1690.3,1690.3,15
2026-02-20 14:55:00,1690.3,1690.9,1688.6,1690.0,303
2026-02-20 15:00:00,1690.0,1690.2,1688.3,1688.3,2330
2026-02-20 15:05:00,1687.5,1690.7,1684.0,1685.0,3819
2026-02-20 15:10:00,1685.0,1685.9,1685.0,1685.1,720
2026-02-20 15:15:00,1685.1,1686.6,1683.5,1685.2,2923
2026-02-20 15:20:00,1684.1,1685.2,1675.1,1675.8,4802
2026-02-20 15:25:00,1675.8,1680.9,1675.0,1675.8,1179
2026-02-23 09:15:00,1692.2,1692.2,1663.6,1671.2,4263
2026-02-23 09:20:00,1680.2,1680.2,1673.0,1678.2,4993
2026-02-23 09:25:00,1678.2,1692.5,1677.2,1687.9,2306
2026-02-23 09:30:00,1687.9,1693.3,1687.9,1692.3,1924
2026-02-23 09:35:00,1692.3,1697.0,1692.0,1692.1,1277
2026-02-23 09:40:00,1692.1,1694.1,1692.1,1692.6,176
2026-02-23 09:45:00,1691.7,1693.5,1688.1,1691.5,854
2026-02-23 09:50:00,1691.5,1692.4,1691.0,1691.5,476
2026-02-23 09:55:00,1691.5,1694.3,1691.4,1693.4,839
2026-02-23 10:00:00,1693.7,1697.9,1693.7,1695.7,1026
2026-02-23 10:05:00,1695.7,1695.7,1691.5,1692.4,171
2026-02-23 10:10:00,1693.0,1693.9,1690.4,1691.7,251
2026-02-23 10:15:00,1691.9,1694.1,1690.4,1691.2,144
2026-02-23 10:20:00,1691.5,1691.5,1684.9,1684.9,507
2026-02-23 10:25:00,1684.9,1684.9,1681.3,1681.3,702
2026-02-23 10:30:00,1682.2,1683.9,1678.3,1678.4,1660
2026-02-23 10:35:00,1678.4,1678.6,1672.6,1673.2,552
2026-02-23 10:40:00,1673.8,1673.8,1670.5,1671.3,413
2026-02-23 10:45:00,1671.3,1675.3,1671.3,1672.4,706
2026-02-23 10:50:00,1672.2,1674.9,1672.0,1672.0,570
2026-02-23 10:55:00,1672.0,1674.6,1672.0,1674.2,393
2026-02-23 11:00:00,1674.3,1675.1,1674.1,1674.1,199
2026-02-23 11:05:00,1674.1,1675.0,1670.3,1674.5,770
2026-02-23 11:10:00,1675.0,1677.3,1670.6,1672.7,7753
2026-02-23 11:15:00,1672.5,1677.4,1672.5,1677.4,397
2026-02-23 11:20:00,1677.4,1677.7,1674.1,1674.1,306
2026-02-23 11:25:00,1674.0,1674.9,1673.5,1673.5,45
2026-02-23 11:30:00,1673.5,1673.7,1670.9,1671.7,231
2026-02-23 11:35:00,1671.7,1673.1,1670.1,1672.3,364
2026-02-23 11:40:00,1672.3,1672.3,1670.8,1671.5,189
2026-02-23 11:45:00,1671.5,1672.6,1670.0,1670.0,666
2026-02-23 11:50:00,1669.2,1673.8,1668.2,1671.9,546
2026-02-23 11:55:00,1671.9,1673.5,1671.0,1672.9,430
2026-02-23 12:00:00,1674.2,1674.9,1671.9,1672.0,539
2026-02-23 12:05:00,1672.6,1674.5,1672.6,1674.5,66
2026-02-23 12:10:00,1674.5,1675.6,1671.7,1675.6,467
2026-02-23 12:15:00,1675.6,1675.6,1673.4,1675.1,125
2026-02-23 12:20:00,1675.1,1677.6,1675.1,1675.4,179
2026-02-23 12:25:00,1675.4,1677.4,1674.1,1677.4,384
2026-02-23 12:30:00,1677.4,1677.8,1675.5,1676.3,270
2026-02-23 12:35:00,1676.0,1676.6,1674.1,1676.6,950
2026-02-23 12:40:00,1676.6,1680.0,1676.6,1678.7,181
2026-02-23 12:45:00,1678.7,1680.6,1678.0,1678.7,289
2026-02-23 12:50:00,1678.0,1678.8,1676.1,1677.4,115
2026-02-23 12:55:00,1677.4,1680.6,1677.3,1678.0,94
2026-02-23 13:00:00,1678.0,1681.0,1677.8,1678.7,445
2026-02-23 13:05:00,1678.7,1679.7,1676.3,1679.6,799
2026-02-23 13:10:00,1679.4,1680.9,1676.9,1677.0,754
2026-02-23 13:15:00,1676.6,1679.7,1675.7,1678.1,216
2026-02-23 13:20:00,1678.1,1678.6,1676.6,1677.4,277
2026-02-23 13:25:00,1677.4,1678.3,1677.3,1678.3,90
2026-02-23 13:30:00,1678.3,1678.7,1678.0,1678.3,953
2026-02-23 13:35:00,1678.3,1680.9,1678.2,1678.2,300
2026-02-23 13:40:00,1678.2,1680.0,1678.2,1679.1,1724
2026-02-23 13:45:00,1679.4,1681.0,1679.2,1680.8,141
2026-02-23 13:50:00,1680.1,1681.0,1679.2,1679.3,352
2026-02-23 13:55:00,1679.3,1679.3,1676.9,1676.9,321
2026-02-23 14:00:00,1676.9,1676.9,1676.1,1676.1,106
2026-02-23 14:05:00,1676.0,1677.9,1676.0,1677.0,154
2026-02-23 14:10:00,1677.0,1678.8,1676.1,1676.1,275
2026-02-23 14:15:00,1676.1,1677.6,1676.1,1676.6,145
2026-02-23 14:20:00,1676.6,1677.8,1675.0,1675.0,200
2026-02-23 14:25:00,1675.0,1675.6,1673.1,1675.2,252
2026-02-23 14:30:00,1675.2,1677.4,1675.2,1676.3,193
2026-02-23 14:35:00,1676.3,1676.3,1674.7,1675.2,160
2026-02-23 14:40:00,1675.5,1677.7,1674.1,1674.1,397
2026-02-23 14:45:00,1674.1,1678.4,1674.1,1676.8,1103
2026-02-23 14:50:00,1676.8,1679.1,1674.1,1676.8,1182
2026-02-23 14:55:00,1676.8,1678.0,1673.1,1673.1,537
2026-02-23 15:00:00,1674.0,1678.0,1674.0,1678.0,220
2026-02-23 15:05:00,1677.7,1684.9,1677.7,1682.7,2411
2026-02-23 15:10:00,1682.7,1683.6,1680.0,1680.5,1225
2026-02-23 15:15:00,1680.2,1680.5,1678.3,1680.3,1081
2026-02-23 15:20:00,1680.3,1681.6,1680.2,1680.4,624
2026-02-23 15:25:00,1678.9,1690.0,1676.4,1690.0,1944
2026-02-24 09:15:00,1680.8,1680.9,1649.1,1649.1,2736
2026-02-24 09:20:00,1649.1,1649.9,1642.7,1645.2,2061
2026-02-24 09:25:00,1645.2,1649.9,1640.6,1641.0,1479
2026-02-24 09:30:00,1641.0,1641.0,1636.1,1636.1,2945
2026-02-24 09:35:00,1636.1,1645.0,1636.1,1640.0,1495
2026-02-24 09:40:00,1638.1,1640.9,1635.0,1635.6,955
2026-02-24 09:45:00,1635.9,1641.0,1635.6,1640.6,2457
2026-02-24 09:50:00,1640.5,1643.0,1639.3,1640.8,844
2026-02-24 09:55:00,1640.8,1641.9,1638.4,1641.6,529
2026-02-24 10:00:00,1641.6,1643.1,1639.1,1641.7,651
2026-02-24 10:05:00,1641.7,1642.8,1640.7,1641.0,166
2026-02-24 10:10:00,1641.0,1641.5,1639.9,1639.9,292
2026-02-24 10:15:00,1639.9,1640.3,1637.1,1639.2,409
2026-02-24 10:20:00,1639.2,1641.9,1636.0,1638.3,1662
2026-02-24 10:25:00,1638.3,1640.3,1638.3,1638.4,405
2026-02-24 10:30:00,1638.4,1643.9,1638.4,1643.9,1356
2026-02-24 10:35:00,1643.9,1653.6,1643.9,1652.8,1550
2026-02-24 10:40:00,1652.8,1653.9,1650.9,1653.8,1122
2026-02-24 10:45:00,1653.8,1655.0,1653.6,1654.9,1494
2026-02-24 10:50:00,1654.8,1656.6,1653.3,1655.0,429
2026-02-24 10:55:00,1655.0,1655.0,1653.9,1654.6,245
2026-02-24 11:00:00,1654.6,1654.6,1653.6,1653.6,187
2026-02-24 11:05:00,1653.9,1657.2,1653.6,1655.7,676
2026-02-24 11:10:00,1655.7,1656.5,1653.8,1655.4,473
2026-02-24 11:15:00,1655.4,1657.0,1655.0,1657.0,496
2026-02-24 11:20:00,1657.0,1658.7,1657.0,1658.6,562
2026-02-24 11:25:00,1658.6,1664.0,1657.4,1663.4,1623
2026-02-24 11:30:00,1663.3,1665.0,1662.7,1662.9,2449
2026-02-24 11:35:00,1663.0,1664.1,1662.8,1664.1,362
2026-02-24 11:40:00,1664.1,1667.9,1662.5,1667.9,521
2026-02-24 11:45:00,1666.8,1668.0,1663.2,1664.3,868
2026-02-24 11:50:00,1664.3,1664.3,1662.7,1664.1,418
2026-02-24 11:55:00,1664.1,1665.4,1663.1,1664.3,337
2026-02-24 12:00:00,1664.7,1665.0,1661.8,1663.9,405
2026-02-24 12:05:00,1663.9,1663.9,1662.2,1662.9,232
2026-02-24 12:10:00,1662.9,1662.9,1662.2,1662.9,355
2026-02-24 12:15:00,1662.9,1662.9,1661.9,1662.0,327
2026-02-24 12:20:00,1662.0,1662.0,1658.1,1658.7,394
2026-02-24 12:25:00,1658.7,1659.1,1653.4,1657.9,1280
2026-02-24 12:30:00,1657.9,1657.9,1656.3,1657.9,190
2026-02-24 12:35:00,1657.9,1658.4,1656.5,1658.4,272
2026-02-24 12:40:00,1658.4,1658.4,1657.4,1658.3,207
2026-02-24 12:45:00,1657.5,1658.1,1654.4,1655.5,378
2026-02-24 12:50:00,1655.5,1656.2,1653.7,1655.0,324
2026-02-24 12:55:00,1655.0,1656.0,1655.0,1656.0,190
2026-02-24 13:00:00,1656.0,1665.9,1655.9,1660.1,1031
2026-02-24 13:05:00,1658.9,1660.5,1658.5,1660.5,250
2026-02-24 13:10:00,1661.4,1662.0,1659.4,1661.4,287
2026-02-24 13:15:00,1661.4,1661.4,1658.9,1660.2,200
2026-02-24 13:20:00,1660.2,1660.2,1654.6,1656.2,445
2026-02-24 13:25:00,1656.2,1657.9,1653.5,1657.2,826
2026-02-24 13:30:00,1657.2,1657.2,1652.6,1652.6,1302
2026-02-24 13:35:00,1652.6,1654.8,1650.5,1654.2,853
2026-02-24 13:40:00,1654.2,1654.5,1652.7,1653.1,280
2026-02-24 13:45:00,1653.1,1653.2,1653.1,1653.2,239
2026-02-24 13:50:00,1653.2,1655.7,1652.0,1654.6,503
2026-02-24 13:55:00,1654.6,1657.9,1653.9,1657.2,481
2026-02-24 14:00:00,1657.3,1657.4,1655.7,1656.8,324
2026-02-24 14:05:00,1654.8,1656.7,1654.0,1655.8,314
2026-02-24 14:10:00,1655.9,1662.0,1655.9,1661.5,1055
2026-02-24 14:15:00,1661.7,1661.9,1658.7,1660.6,535
2026-02-24 14:20:00,1659.8,1662.1,1658.2,1659.5,391
2026-02-24 14:25:00,1658.8,1662.8,1658.3,1659.9,809
2026-02-24 14:30:00,1659.9,1659.9,1653.2,1653.8,1030
2026-02-24 14:35:00,1653.8,1655.1,1651.8,1653.9,433
2026-02-24 14:40:00,1653.9,1659.8,1652.7,1653.9,1193
2026-02-24 14:45:00,1653.9,1657.7,1653.1,1655.1,546
2026-02-24 14:50:00,1656.9,1657.9,1655.6,1656.1,335
2026-02-24 14:55:00,1656.2,1656.6,1653.4,1654.7,444
2026-02-24 15:00:00,1654.7,1664.0,1654.7,1662.1,1793
2026-02-24 15:05:00,1662.1,1662.1,1658.2,1660.3,676
2026-02-24 15:10:00,1660.3,1661.6,1658.1,1660.0,1432
2026-02-24 15:15:00,1660.0,1662.7,1659.1,1662.7,3681
2026-02-24 15:20:00,1662.8,1668.0,1660.7,1667.5,3261
2026-02-24 15:25:00,1667.5,1679.9,1665.0,1679.9,1756
2026-02-25 09:15:00,1683.0,1724.2,1666.8,1693.2,24516
2026-02-25 09:20:00,1692.1,1697.3,1675.1,1682.9,5176
2026-02-25 09:25:00,1682.9,1682.9,1674.4,1676.8,6330
2026-02-25 09:30:00,1686.1,1695.9,1678.2,1693.2,3917
2026-02-25 09:35:00,1689.1,1707.9,1689.1,1702.2,5926
2026-02-25 09:40:00,1702.2,1708.0,1701.6,1708.0,1681
2026-02-25 09:45:00,1709.4,1709.4,1698.4,1700.5,3028
2026-02-25 09:50:00,1700.5,1704.9,1700.5,1702.3,995
2026-02-25 09:55:00,1701.6,1704.6,1701.0,1704.6,1288
2026-02-25 10:00:00,1704.6,1704.9,1701.1,1703.6,745
2026-02-25 10:05:00,1700.9,1703.3,1698.8,1701.7,851
2026-02-25 10:10:00,1701.9,1703.4,1700.6,1700.7,753
2026-02-25 10:15:00,1700.7,1702.9,1698.4,1698.4,1775
2026-02-25 10:20:00,1698.4,1701.5,1698.1,1698.4,781
2026-02-25 10:25:00,1699.0,1703.0,1697.1,1703.0,800
2026-02-25 10:30:00,1703.0,1703.2,1699.2,1699.9,982
2026-02-25 10:35:00,1699.9,1699.9,1696.5,1698.0,390
2026-02-25 10:40:00,1698.0,1698.7,1696.1,1696.6,459
2026-02-25 10:45:00,1697.6,1700.5,1696.0,1698.5,443
2026-02-25 10:50:00,1698.5,1700.4,1697.7,1699.1,862
2026-02-25 10:55:00,1699.1,1699.1,1696.9,1697.4,1095
2026-02-25 11:00:00,1697.4,1700.8,1694.9,1700.0,516
2026-02-25 11:05:00,1700.4,1701.4,1696.9,1697.5,411
2026-02-25 11:10:00,1697.4,1698.1,1692.8,1695.9,2804
2026-02-25 11:15:00,1695.9,1696.9,1694.1,1696.0,1353
2026-02-25 11:20:00,1696.0,1696.8,1693.4,1694.8,319
2026-02-25 11:25:00,1694.8,1695.1,1690.4,1692.9,358
2026-02-25 11:30:00,1692.9,1692.9,1690.0,1691.7,247
2026-02-25 11:35:00,1691.4,1692.5,1690.7,1691.7,160
2026-02-25 11:40:00,1691.7,1692.5,1690.0,1690.8,138
2026-02-25 11:45:00,1690.8,1692.6,1690.2,1691.5,189
2026-02-25 11:50:00,1691.5,1696.0,1691.5,1695.7,222
2026-02-25 11:55:00,1695.7,1695.8,1693.4,1694.9,196
2026-02-25 12:00:00,1694.9,1696.0,1693.8,1694.3,203
2026-02-25 12:05:00,1694.9,1695.8,1693.1,1695.4,121
2026-02-25 12:10:00,1695.4,1697.6,1694.5,1695.5,1223
2026-02-25 12:15:00,1698.4,1699.8,1693.3,1695.2,3300
2026-02-25 12:20:00,1695.2,1696.1,1685.8,1686.6,1400
2026-02-25 12:25:00,1686.6,1695.8,1686.6,1695.5,1696
2026-02-25 12:30:00,1695.5,1695.5,1688.3,1688.3,218
2026-02-25 12:35:00,1688.3,1690.6,1682.2,1683.4,1516
2026-02-25 12:40:00,1683.4,1697.9,1682.0,1697.4,3851
2026-02-25 12:45:00,1697.4,1699.3,1695.0,1697.3,677
2026-02-25 12:50:00,1697.3,1697.3,1693.3,1694.9,611
2026-02-25 12:55:00,1694.9,1697.6,1693.4,1695.3,400
2026-02-25 13:00:00,1695.3,1696.0,1691.4,1691.4,1027
2026-02-25 13:05:00,1691.4,1692.2,1689.0,1690.7,2031
2026-02-25 13:10:00,1690.0,1692.4,1688.1,1690.5,1698
2026-02-25 13:15:00,1689.0,1691.4,1688.5,1688.9,358
2026-02-25 13:20:00,1688.9,1690.9,1686.2,1687.5,458
2026-02-25 13:25:00,1687.5,1691.9,1685.0,1690.5,1573
2026-02-25 13:30:00,1690.5,1691.2,1687.5,1687.5,970
2026-02-25 13:35:00,1687.5,1691.9,1678.7,1678.7,4842
2026-02-25 13:40:00,1678.7,1679.9,1673.4,1673.4,848
2026-02-25 13:45:00,1672.3,1675.0,1668.9,1669.5,2780
2026-02-25 13:50:00,1670.1,1673.6,1665.0,1665.1,1377
2026-02-25 13:55:00,1665.1,1666.2,1660.0,1663.8,2339
2026-02-25 14:00:00,1664.0,1664.1,1656.1,1656.7,1782
2026-02-25 14:05:00,1656.2,1658.4,1655.0,1658.2,1770
2026-02-25 14:10:00,1658.2,1661.3,1657.4,1658.7,569
2026-02-25 14:15:00,1658.7,1661.2,1658.1,1659.6,297
2026-02-25 14:20:00,1659.6,1661.8,1659.3,1659.4,225
2026-02-25 14:25:00,1659.4,1675.9,1659.4,1675.9,1559
2026-02-25 14:30:00,1675.0,1676.5,1672.6,1673.9,838
2026-02-25 14:35:00,1673.9,1675.4,1672.7,1674.4,314
2026-02-25 14:40:00,1674.0,1674.9,1672.8,1674.2,557
2026-02-25 14:45:00,1674.2,1676.0,1673.4,1675.8,500
2026-02-25 14:50:00,1675.8,1679.1,1674.1,1679.1,781
2026-02-25 14:55:00,1679.1,1679.1,1675.6,1676.1,493
2026-02-25 15:00:00,1676.2,1679.2,1668.8,1674.7,1879
2026-02-25 15:05:00,1675.8,1685.7,1672.9,1679.3,2932
2026-02-25 15:10:00,1679.9,1680.9,1676.0,1678.0,1486
2026-02-25 15:15:00,1678.9,1679.4,1676.4,1679.2,2319
2026-02-25 15:20:00,1679.2,1681.7,1675.2,1676.6,2202
2026-02-25 15:25:00,1678.9,1681.9,1674.3,1675.0,3895
2026-02-26 09:15:00,1677.2,1677.2,1666.1,1669.6,3728
2026-02-26 09:20:00,1669.6,1678.6,1662.0,1678.6,5450
2026-02-26 09:25:00,1678.6,1693.5,1678.4,1693.5,2698
2026-02-26 09:30:00,1693.5,1694.6,1691.9,1693.8,273
2026-02-26 09:35:00,1692.3,1696.7,1692.3,1696.4,723
2026-02-26 09:40:00,1696.4,1696.6,1695.0,1695.0,657
2026-02-26 09:45:00,1695.0,1698.5,1694.1,1698.5,425
2026-02-26 09:50:00,1698.7,1700.4,1696.6,1698.0,1389
2026-02-26 09:55:00,1698.0,1698.0,1696.3,1696.3,110
2026-02-26 10:00:00,1696.3,1697.6,1695.4,1695.7,210
2026-02-26 10:05:00,1695.7,1696.4,1689.4,1690.0,565
2026-02-26 10:10:00,1690.0,1691.6,1684.9,1685.8,1057
2026-02-26 10:15:00,1685.0,1685.0,1630.0,1652.2,38411
2026-02-26 10:20:00,1652.3,1652.4,1618.5,1645.3,25633
2026-02-26 10:25:00,1646.8,1650.0,1620.0,1623.9,20927
2026-02-26 10:30:00,1625.0,1635.4,1623.9,1631.0,17411
2026-02-26 10:35:00,1631.0,1660.0,1631.0,1653.8,13285
2026-02-26 10:40:00,1655.1,1657.4,1650.1,1652.7,3843
2026-02-26 10:45:00,1652.7,1657.3,1645.0,1649.0,7156
2026-02-26 10:50:00,1649.0,1658.3,1645.1,1656.3,2191
2026-02-26 10:55:00,1656.3,1665.0,1655.7,1657.0,3384
2026-02-26 11:00:00,1658.2,1658.9,1655.1,1658.8,1140
2026-02-26 11:05:00,1658.8,1659.9,1640.0,1640.0,6789
2026-02-26 11:10:00,1640.0,1646.0,1638.7,1644.4,1455
2026-02-26 11:15:00,1644.4,1648.0,1643.9,1647.8,996
2026-02-26 11:20:00,1647.8,1649.7,1646.1,1649.0,387
2026-02-26 11:25:00,1649.6,1653.7,1649.1,1649.1,720
2026-02-26 11:30:00,1649.1,1651.1,1633.6,1638.4,3699
2026-02-26 11:35:00,1636.8,1651.7,1635.7,1651.7,3227
2026-02-26 11:40:00,1651.7,1657.0,1650.8,1652.8,4906
2026-02-26 11:45:00,1652.7,1654.5,1651.5,1653.8,670
2026-02-26 11:50:00,1652.7,1655.5,1649.8,1651.4,649
2026-02-26 11:55:00,1650.5,1651.7,1647.7,1650.6,617
2026-02-26 12:00:00,1651.4,1653.0,1650.0,1650.0,627
2026-02-26 12:05:00,1650.0,1654.5,1649.2,1654.5,789
2026-02-26 12:10:00,1654.5,1654.6,1649.5,1651.2,534
2026-02-26 12:15:00,1650.5,1653.4,1650.1,1650.5,533
2026-02-26 12:20:00,1651.1,1652.0,1647.8,1650.7,378
2026-02-26 12:25:00,1650.7,1652.4,1650.1,1650.9,379
2026-02-26 12:30:00,1650.9,1652.1,1646.4,1646.8,1413
2026-02-26 12:35:00,1646.8,1663.4,1645.0,1660.3,2768
2026-02-26 12:40:00,1660.3,1669.8,1660.3,1666.5,3949
2026-02-26 12:45:00,1667.0,1684.0,1665.6,1679.6,5132
2026-02-26 12:50:00,1677.7,1679.9,1677.6,1678.8,3172
2026-02-26 12:55:00,1678.9,1679.9,1673.6,1679.3,3022
2026-02-26 13:00:00,1679.9,1681.9,1678.0,1678.6,2508
2026-02-26 13:05:00,1679.4,1683.3,1679.4,1681.6,1406
2026-02-26 13:10:00,1680.8,1681.9,1680.8,1681.9,478
2026-02-26 13:15:00,1681.9,1681.9,1678.6,1679.8,1705
2026-02-26 13:20:00,1679.8,1682.0,1679.8,1680.3,2153
2026-02-26 13:25:00,1680.3,1681.9,1680.0,1680.3,247
2026-02-26 13:30:00,1680.3,1684.1,1680.2,1682.7,326
2026-02-26 13:35:00,1682.6,1682.6,1677.9,1680.3,3831
2026-02-26 13:40:00,1680.3,1681.6,1680.3,1681.6,45
2026-02-26 13:45:00,1681.6,1684.9,1681.6,1682.6,731
2026-02-26 13:50:00,1682.6,1683.9,1681.3,1683.0,654
2026-02-26 13:55:00,1683.0,1683.0,1681.0,1681.2,38
2026-02-26 14:00:00,1681.2,1681.2,1679.0,1680.1,2043
2026-02-26 14:05:00,1680.1,1680.7,1680.0,1680.1,327
2026-02-26 14:10:00,1680.1,1683.0,1680.1,1681.7,286
2026-02-26 14:15:00,1681.7,1681.7,1680.0,1680.0,219
2026-02-26 14:20:00,1680.0,1680.1,1680.0,1680.0,226
2026-02-26 14:25:00,1680.0,1680.5,1680.0,1680.5,263
2026-02-26 14:30:00,1680.0,1680.1,1680.0,1680.0,65
2026-02-26 14:35:00,1680.0,1687.3,1680.0,1686.3,864
2026-02-26 14:40:00,1686.0,1693.1,1686.0,1690.0,2291
2026-02-26 14:45:00,1690.0,1693.2,1689.6,1692.4,4519
2026-02-26 14:50:00,1691.6,1695.8,1691.6,1695.4,1971
2026-02-26 14:55:00,1695.4,1696.0,1686.0,1688.7,7072
2026-02-26 15:00:00,1688.7,1693.6,1688.4,1691.9,2262
2026-02-26 15:05:00,1691.9,1694.7,1684.9,1686.2,2250
2026-02-26 15:10:00,1686.1,1686.2,1682.8,1684.8,1995
2026-02-26 15:15:00,1684.5,1684.9,1682.0,1684.6,2532
2026-02-26 15:20:00,1683.1,1685.0,1681.8,1683.5,3674
2026-02-26 15:25:00,1684.3,1684.9,1680.0,1684.9,3341
2026-02-27 09:15:00,1685.3,1685.3,1665.6,1669.6,1612
2026-02-27 09:20:00,1672.0,1673.3,1663.2,1664.5,3444
2026-02-27 09:25:00,1664.5,1664.5,1656.9,1657.3,1166
2026-02-27 09:30:00,1657.3,1659.9,1656.2,1656.9,890
2026-02-27 09:35:00,1656.9,1658.1,1652.7,1656.8,1578
2026-02-27 09:40:00,1656.8,1656.8,1655.2,1655.2,413
2026-02-27 09:45:00,1655.2,1655.2,1646.6,1647.8,3748
2026-02-27 09:50:00,1647.8,1648.5,1645.8,1646.9,767
2026-02-27 09:55:00,1646.9,1648.4,1646.0,1646.3,1171
2026-02-27 10:00:00,1646.3,1650.2,1646.0,1648.5,1506
2026-02-27 10:05:00,1648.5,1649.6,1647.0,1648.7,888
2026-02-27 10:10:00,1649.1,1650.0,1646.1,1647.0,969
2026-02-27 10:15:00,1647.0,1647.7,1643.0,1647.7,2604
2026-02-27 10:20:00,1647.7,1649.4,1647.0,1649.3,680
2026-02-27 10:25:00,1648.0,1649.4,1648.0,1648.2,486
2026-02-27 10:30:00,1648.0,1648.3,1646.0,1646.1,112
2026-02-27 10:35:00,1646.1,1647.3,1646.0,1647.3,425
2026-02-27 10:40:00,1647.3,1647.3,1645.5,1646.8,1147
2026-02-27 10:45:00,1646.8,1646.8,1646.0,1646.6,176
2026-02-27 10:50:00,1646.6,1647.3,1645.2,1646.0,1488
2026-02-27 10:55:00,1646.0,1646.0,1645.0,1645.1,781
2026-02-27 11:00:00,1645.1,1647.8,1645.0,1646.1,486
2026-02-27 11:05:00,1646.1,1646.5,1645.4,1645.7,196
2026-02-27 11:10:00,1645.7,1646.4,1645.0,1645.8,2464
2026-02-27 11:15:00,1645.8,1645.8,1645.0,1645.1,419
2026-02-27 11:20:00,1645.0,1646.7,1644.1,1645.5,5247
2026-02-27 11:25:00,1645.5,1647.3,1645.0,1647.1,3607
2026-02-27 11:30:00,1647.1,1647.7,1638.0,1638.5,8247
2026-02-27 11:35:00,1638.5,1638.5,1635.0,1637.6,2150
2026-02-27 11:40:00,1637.8,1647.9,1637.7,1646.0,7489
2026-02-27 11:45:00,1646.0,1648.8,1645.7,1646.0,816
2026-02-27 11:50:00,1646.0,1646.4,1644.9,1645.8,1978
2026-02-27 11:55:00,1645.8,1646.8,1643.7,1645.1,6590
2026-02-27 12:00:00,1645.1,1647.2,1634.0,1638.7,9606
2026-02-27 12:05:00,1638.7,1640.5,1638.7,1639.9,662
2026-02-27 12:10:00,1639.9,1639.9,1638.0,1638.0,151
2026-02-27 12:15:00,1638.3,1640.5,1638.0,1639.6,758
2026-02-27 12:20:00,1639.6,1639.6,1636.9,1637.7,1219
2026-02-27 12:25:00,1637.7,1639.4,1637.0,1638.8,977
2026-02-27 12:30:00,1638.8,1639.4,1638.1,1638.1,1408
2026-02-27 12:35:00,1638.4,1639.5,1637.4,1638.1,874
2026-02-27 12:40:00,1638.1,1638.9,1638.0,1638.8,4676
2026-02-27 12:45:00,1638.8,1640.2,1637.0,1638.3,2816
2026-02-27 12:50:00,1638.3,1640.0,1637.7,1638.1,1761
2026-02-27 12:55:00,1638.0,1638.2,1636.9,1638.1,7641
2026-02-27 13:00:00,1638.2,1638.7,1632.0,1638.7,16468
2026-02-27 13:05:00,1638.7,1639.5,1637.3,1639.0,1892
2026-02-27 13:10:00,1639.0,1639.0,1638.0,1638.0,543
2026-02-27 13:15:00,1638.0,1638.8,1636.7,1638.4,2000
2026-02-27 13:20:00,1638.4,1638.4,1637.2,1638.1,959
2026-02-27 13:25:00,1638.1,1639.7,1638.0,1638.0,1183
2026-02-27 13:30:00,1638.0,1638.2,1637.2,1637.2,1233
2026-02-27 13:35:00,1637.2,1638.2,1637.1,1638.1,4208
2026-02-27 13:40:00,1637.8,1638.1,1637.2,1638.1,3343
2026-02-27 13:45:00,1637.5,1639.0,1637.5,1638.2,5075
2026-02-27 13:50:00,1638.2,1639.6,1637.1,1637.3,1855
2026-02-27 13:55:00,1637.3,1638.1,1637.3,1638.1,1449
2026-02-27 14:00:00,1638.1,1639.4,1637.6,1638.5,7404
2026-02-27 14:05:00,1638.5,1638.5,1638.0,1638.0,644
2026-02-27 14:10:00,1638.0,1639.9,1638.0,1638.6,2783
2026-02-27 14:15:00,1638.6,1638.6,1638.0,1638.0,167
2026-02-27 14:20:00,1638.0,1638.3,1638.0,1638.1,2300
2026-02-27 14:25:00,1638.1,1638.4,1633.9,1638.0,10545
2026-02-27 14:30:00,1638.1,1638.2,1638.0,1638.2,2271
2026-02-27 14:35:00,1637.0,1644.5,1637.0,1639.3,13812
2026-02-27 14:40:00,1639.3,1639.3,1637.8,1638.9,4042
2026-02-27 14:45:00,1638.9,1640.3,1638.0,1639.7,2019
2026-02-27 14:50:00,1639.7,1641.0,1638.2,1640.6,1534
2026-02-27 14:55:00,1640.6,1640.6,1639.1,1640.3,1541
2026-02-27 15:00:00,1640.3,1640.3,1634.5,1638.1,20073
2026-02-27 15:05:00,1638.1,1638.1,1624.2,1630.2,11268
2026-02-27 15:10:00,1630.2,1633.3,1630.2,1630.6,6517
2026-02-27 15:15:00,1630.6,1638.3,1630.0,1637.8,15035
2026-02-27 15:20:00,1637.7,1639.8,1632.2,1632.6,13270
2026-02-27 15:25:00,1632.2,1636.8,1627.9,1631.0,6053
2026-03-02 09:15:00,1570.9,1622.4,1570.0,1607.7,8849
2026-03-02 09:20:00,1607.0,1610.2,1602.9,1608.4,5294
2026-03-02 09:25:00,1608.8,1609.5,1594.0,1597.1,4632
2026-03-02 09:30:00,1597.1,1615.0,1595.5,1603.9,3515
2026-03-02 09:35:00,1605.5,1606.9,1601.2,1604.1,1656
2026-03-02 09:40:00,1604.1,1610.0,1603.6,1609.4,2154
2026-03-02 09:45:00,1609.4,1615.0,1606.0,1613.0,2524
2026-03-02 09:50:00,1611.6,1613.4,1607.2,1609.6,1511
2026-03-02 09:55:00,1609.6,1611.0,1605.2,1606.8,1875
2026-03-02 10:00:00,1606.9,1609.9,1605.2,1606.7,1136
2026-03-02 10:05:00,1607.9,1608.3,1603.5,1606.1,2618
2026-03-02 10:10:00,1606.1,1610.0,1604.9,1609.4,1867
2026-03-02 10:15:00,1609.4,1610.5,1606.2,1609.7,2292
2026-03-02 10:20:00,1609.7,1610.0,1606.6,1609.3,920
2026-03-02 10:25:00,1609.3,1609.3,1598.2,1599.9,1658
2026-03-02 10:30:00,1598.2,1603.5,1596.3,1603.2,1511
2026-03-02 10:35:00,1603.2,1607.0,1602.1,1602.3,1966
2026-03-02 10:40:00,1602.3,1606.5,1601.1,1604.3,2571
2026-03-02 10:45:00,1604.3,1607.3,1598.0,1599.1,2108
2026-03-02 10:50:00,1599.1,1602.2,1596.2,1599.5,1345
2026-03-02 10:55:00,1599.5,1602.6,1596.7,1600.6,911
2026-03-02 11:00:00,1599.0,1600.9,1597.5,1599.4,384
2026-03-02 11:05:00,1598.7,1599.9,1596.2,1597.6,738
2026-03-02 11:10:00,1597.6,1598.4,1594.8,1597.7,806
2026-03-02 11:15:00,1596.8,1599.8,1595.5,1595.6,416
2026-03-02 11:20:00,1595.6,1602.3,1595.5,1600.4,525
2026-03-02 11:25:00,1601.7,1606.8,1597.9,1602.1,24532
2026-03-02 11:30:00,1602.1,1602.9,1601.0,1601.8,411
2026-03-02 11:35:00,1601.8,1603.9,1601.3,1602.7,507
2026-03-02 11:40:00,1602.7,1611.6,1601.1,1611.0,11514
2026-03-02 11:45:00,1611.0,1613.4,1607.0,1611.9,1126
2026-03-02 11:50:00,1610.2,1611.9,1610.0,1610.9,530
2026-03-02 11:55:00,1610.5,1610.9,1604.0,1604.7,1741
2026-03-02 12:00:00,1604.2,1604.5,1600.3,1600.5,1616
2026-03-02 12:05:00,1600.5,1601.6,1598.7,1601.2,459
2026-03-02 12:10:00,1601.2,1611.1,1601.2,1607.7,956
2026-03-02 12:15:00,1607.7,1608.9,1604.9,1606.0,497
2026-03-02 12:20:00,1606.0,1608.3,1606.0,1606.9,441
2026-03-02 12:25:00,1606.9,1609.6,1605.9,1608.3,802
2026-03-02 12:30:00,1608.3,1610.7,1606.7,1610.6,1305
2026-03-02 12:35:00,1610.6,1611.0,1607.1,1607.4,796
2026-03-02 12:40:00,1607.4,1610.1,1606.0,1606.4,681
2026-03-02 12:45:00,1606.4,1607.7,1606.0,1607.3,396
2026-03-02 12:50:00,1607.3,1607.3,1602.8,1604.0,390
2026-03-02 12:55:00,1604.0,1605.0,1601.4,1601.9,491
2026-03-02 13:00:00,1601.9,1603.3,1599.0,1601.4,573
2026-03-02 13:05:00,1600.5,1601.1,1598.2,1598.2,514
2026-03-02 13:10:00,1598.2,1599.8,1596.8,1598.5,721
2026-03-02 13:15:00,1598.5,1602.1,1595.0,1601.3,27876
2026-03-02 13:20:00,1600.6,1600.6,1596.0,1597.4,956
2026-03-02 13:25:00,1597.8,1597.8,1595.6,1596.3,346
2026-03-02 13:30:00,1597.1,1598.4,1595.3,1595.3,682
2026-03-02 13:35:00,1595.3,1598.2,1595.3,1595.7,816
2026-03-02 13:40:00,1595.4,1595.5,1591.1,1593.1,1047
2026-03-02 13:45:00,1593.1,1594.5,1590.7,1592.3,1235
2026-03-02 13:50:00,1592.1,1595.3,1587.4,1587.4,1061
2026-03-02 13:55:00,1587.4,1591.8,1585.5,1590.6,3053
2026-03-02 14:00:00,1590.3,1599.9,1588.3,1597.6,1639
2026-03-02 14:05:00,1597.6,1600.6,1597.6,1599.9,901
2026-03-02 14:10:00,1600.4,1601.9,1598.5,1600.0,1556
2026-03-02 14:15:00,1600.0,1601.3,1599.2,1600.0,536
2026-03-02 14:20:00,1600.2,1601.1,1598.6,1599.8,964
2026-03-02 14:25:00,1599.8,1600.9,1597.3,1600.8,1369
2026-03-02 14:30:00,1600.9,1603.6,1600.0,1603.6,807
2026-03-02 14:35:00,1603.8,1606.3,1600.0,1602.7,1931
2026-03-02 14:40:00,1602.7,1603.1,1598.6,1600.0,1634
2026-03-02 14:45:00,1600.0,1600.7,1596.8,1596.8,1236
2026-03-02 14:50:00,1598.5,1600.1,1596.2,1598.8,899
2026-03-02 14:55:00,1598.8,1601.1,1595.7,1600.1,2839
2026-03-02 15:00:00,1600.1,1601.5,1597.6,1600.5,2519
2026-03-02 15:05:00,1600.5,1600.5,1597.5,1600.1,1710
2026-03-02 15:10:00,1600.0,1600.3,1599.1,1599.9,1988
2026-03-02 15:15:00,1599.9,1601.1,1598.1,1599.3,3993
2026-03-02 15:20:00,1600.1,1600.3,1598.8,1600.2,6990
2026-03-02 15:25:00,1600.2,1604.8,1600.0,1604.3,3001
2026-03-04 09:15:00,1599.5,1636.7,1590.0,1617.8,22342
2026-03-04 09:20:00,1615.5,1616.3,1591.8,1603.6,20793
2026-03-04 09:25:00,1603.9,1607.8,1591.6,1594.1,7245
2026-03-04 09:30:00,1594.1,1594.1,1574.0,1579.9,7687
2026-03-04 09:35:00,1579.9,1588.4,1578.6,1583.7,4063
2026-03-04 09:40:00,1583.7,1587.9,1580.1,1582.8,2982
2026-03-04 09:45:00,1582.8,1582.8,1575.4,1578.7,5894
2026-03-04 09:50:00,1578.7,1578.7,1575.0,1575.9,4184
2026-03-04 09:55:00,1575.9,1577.8,1569.0,1571.1,8656
2026-03-04 10:00:00,1571.9,1578.8,1569.2,1577.2,3984
2026-03-04 10:05:00,1577.2,1580.3,1576.2,1579.6,1415
2026-03-04 10:10:00,1579.6,1582.4,1577.6,1581.2,2289
2026-03-04 10:15:00,1581.7,1581.7,1574.9,1575.5,1484
2026-03-04 10:20:00,1575.5,1579.8,1575.5,1578.7,1182
2026-03-04 10:25:00,1578.4,1580.2,1576.3,1576.5,1041
2026-03-04 10:30:00,1576.5,1578.0,1574.7,1577.7,1817
2026-03-04 10:35:00,1577.7,1583.0,1576.6,1579.7,1308
2026-03-04 10:40:00,1579.7,1581.8,1578.8,1581.6,977
2026-03-04 10:45:00,1581.6,1587.8,1581.5,1585.4,1649
2026-03-04 10:50:00,1585.4,1585.4,1579.0,1580.9,2282
2026-03-04 10:55:00,1580.9,1580.9,1577.6,1579.8,1875
2026-03-04 11:00:00,1580.7,1583.3,1579.3,1582.1,1695
2026-03-04 11:05:00,1582.1,1585.1,1580.8,1583.6,914
2026-03-04 11:10:00,1583.6,1586.0,1582.0,1583.2,1112
2026-03-04 11:15:00,1583.2,1583.2,1578.9,1582.4,1164
2026-03-04 11:20:00,1582.3,1582.3,1581.0,1581.0,596
2026-03-04 11:25:00,1581.0,1581.0,1578.7,1578.8,839
2026-03-04 11:30:00,1578.8,1584.7,1575.2,1584.5,3328
2026-03-04 11:35:00,1584.5,1593.9,1584.0,1593.9,4740
2026-03-04 11:40:00,1593.5,1593.5,1590.9,1590.9,813
2026-03-04 11:45:00,1590.8,1596.1,1590.8,1596.1,2729
2026-03-04 11:50:00,1596.1,1601.4,1596.1,1600.5,3200
2026-03-04 11:55:00,1600.4,1604.6,1600.0,1604.0,3923
2026-03-04 12:00:00,1604.0,1604.0,1600.7,1601.5,2464
2026-03-04 12:05:00,1601.4,1601.4,1600.0,1600.1,1326
2026-03-04 12:10:00,1600.1,1600.1,1598.3,1600.0,2715
2026-03-04 12:15:00,1600.0,1603.0,1600.0,1601.6,1033
2026-03-04 12:20:00,1601.6,1601.8,1599.9,1601.7,1539
2026-03-04 12:25:00,1601.7,1601.9,1600.4,1600.9,834
2026-03-04 12:30:00,1600.9,1600.9,1600.5,1600.5,648
2026-03-04 12:35:00,1600.5,1600.5,1600.3,1600.4,626
2026-03-04 12:40:00,1600.4,1602.2,1599.2,1602.2,2289
2026-03-04 12:45:00,1602.2,1605.8,1601.6,1604.3,1087
2026-03-04 12:50:00,1604.3,1606.2,1604.0,1606.2,923
2026-03-04 12:55:00,1606.2,1608.9,1604.6,1605.8,4077
2026-03-04 13:00:00,1605.8,1605.8,1604.9,1604.9,520
2026-03-04 13:05:00,1604.2,1604.6,1602.1,1603.2,1842
2026-03-04 13:10:00,1603.2,1605.5,1603.2,1604.4,1027
2026-03-04 13:15:00,1604.4,1604.4,1603.4,1603.4,487
2026-03-04 13:20:00,1603.3,1604.2,1603.1,1603.9,817
2026-03-04 13:25:00,1604.2,1605.8,1603.7,1603.7,935
2026-03-04 13:30:00,1603.7,1604.6,1602.6,1603.5,1008
2026-03-04 13:35:00,1603.5,1603.5,1600.1,1601.2,6146
2026-03-04 13:40:00,1601.2,1602.8,1599.3,1602.8,4129
2026-03-04 13:45:00,1602.8,1603.2,1599.7,1602.8,3526
2026-03-04 13:50:00,1602.8,1604.1,1601.6,1602.3,1002
2026-03-04 13:55:00,1602.3,1610.5,1602.2,1610.2,7059
2026-03-04 14:00:00,1610.2,1612.0,1610.0,1610.5,2620
2026-03-04 14:05:00,1610.5,1610.5,1610.0,1610.4,1507
2026-03-04 14:10:00,1610.4,1615.9,1610.3,1615.5,1375
2026-03-04 14:15:00,1615.5,1619.4,1615.0,1617.9,1759
2026-03-04 14:20:00,1617.9,1617.9,1615.4,1615.4,766
2026-03-04 14:25:00,1615.3,1615.3,1613.8,1614.4,1501
2026-03-04 14:30:00,1614.4,1615.7,1612.6,1615.7,1764
2026-03-04 14:35:00,1615.7,1623.2,1614.0,1621.0,3112
2026-03-04 14:40:00,1621.0,1624.4,1620.6,1623.4,3691
2026-03-04 14:45:00,1623.4,1623.4,1620.5,1623.0,2625
2026-03-04 14:50:00,1623.3,1623.3,1620.7,1620.9,1075
2026-03-04 14:55:00,1620.6,1622.4,1620.1,1620.1,2918
2026-03-04 15:00:00,1620.0,1620.2,1620.0,1620.1,8865
2026-03-04 15:05:00,1620.1,1620.1,1620.0,1620.1,5359
2026-03-04 15:10:00,1620.1,1620.1,1620.0,1620.1,9190
2026-03-04 15:15:00,1620.1,1623.0,1619.5,1620.6,34782
2026-03-04 15:20:00,1621.3,1622.0,1620.0,1620.8,2978
2026-03-04 15:25:00,1620.8,1621.5,1616.1,1621.5,5048
2026-03-05 09:15:00,1619.2,1630.8,1612.6,1615.3,2346
2026-03-05 09:20:00,1614.6,1614.6,1606.1,1608.4,1079
2026-03-05 09:25:00,1606.7,1609.6,1603.3,1609.0,1019
2026-03-05 09:30:00,1607.5,1613.6,1606.8,1608.3,2107
2026-03-05 09:35:00,1610.2,1610.2,1602.1,1603.5,2390
2026-03-05 09:40:00,1603.5,1605.4,1602.1,1605.1,1448
2026-03-05 09:45:00,1605.0,1605.6,1601.1,1604.7,1037
2026-03-05 09:50:00,1604.7,1605.8,1602.1,1603.4,537
2026-03-05 09:55:00,1603.4,1605.1,1602.0,1602.6,285
2026-03-05 10:00:00,1602.0,1604.4,1602.0,1602.5,492
2026-03-05 10:05:00,1602.5,1604.3,1602.5,1604.3,106
2026-03-05 10:10:00,1603.5,1604.8,1602.3,1602.3,241
2026-03-05 10:15:00,1602.3,1604.5,1602.3,1602.7,439
2026-03-05 10:20:00,1602.5,1604.1,1602.3,1602.5,423
2026-03-05 10:25:00,1602.5,1605.2,1602.1,1604.7,1458
2026-03-05 10:30:00,1604.6,1605.1,1603.5,1604.0,157
2026-03-05 10:35:00,1604.0,1609.7,1602.4,1608.2,5589
2026-03-05 10:40:00,1608.2,1617.3,1608.2,1611.5,5203
2026-03-05 10:45:00,1611.5,1611.5,1608.8,1609.6,734
2026-03-05 10:50:00,1609.6,1609.6,1605.0,1607.7,607
2026-03-05 10:55:00,1607.7,1609.3,1605.5,1608.7,673
2026-03-05 11:00:00,1608.7,1613.4,1607.3,1612.3,963
2026-03-05 11:05:00,1612.3,1615.0,1609.7,1614.0,1105
2026-03-05 11:10:00,1613.9,1613.9,1608.1,1609.8,1172
2026-03-05 11:15:00,1609.8,1610.7,1605.7,1606.1,1835
2026-03-05 11:20:00,1606.1,1608.0,1605.0,1607.0,623
2026-03-05 11:25:00,1607.0,1607.3,1604.6,1606.4,773
2026-03-05 11:30:00,1606.4,1607.9,1604.4,1607.4,669
2026-03-05 11:35:00,1607.4,1607.6,1604.0,1604.7,1198
2026-03-05 11:40:00,1604.7,1604.7,1602.1,1603.3,1291
2026-03-05 11:45:00,1603.3,1603.8,1601.4,1601.7,678
2026-03-05 11:50:00,1602.3,1603.2,1599.8,1602.9,2158
2026-03-05 11:55:00,1602.9,1602.9,1599.8,1602.1,702
2026-03-05 12:00:00,1602.1,1602.9,1600.1,1600.5,548
2026-03-05 12:05:00,1600.5,1603.9,1600.5,1603.7,1470
2026-03-05 12:10:00,1603.7,1606.7,1602.6,1604.1,1283
2026-03-05 12:15:00,1604.9,1605.2,1602.4,1604.5,843
2026-03-05 12:20:00,1604.5,1605.5,1602.4,1603.7,712
2026-03-05 12:25:00,1603.7,1605.6,1602.8,1604.5,733
2026-03-05 12:30:00,1604.5,1606.1,1602.5,1603.1,1374
2026-03-05 12:35:00,1603.1,1603.9,1600.3,1603.3,971
2026-03-05 12:40:00,1603.3,1604.5,1601.2,1604.4,874
2026-03-05 12:45:00,1604.4,1604.4,1601.1,1602.1,545
2026-03-05 12:50:00,1602.1,1603.8,1600.1,1601.5,847
2026-03-05 12:55:00,1601.5,1602.3,1600.0,1601.2,564
2026-03-05 13:00:00,1601.2,1603.4,1600.0,1601.0,642
2026-03-05 13:05:00,1601.0,1601.8,1600.0,1600.3,543
2026-03-05 13:10:00,1600.3,1601.8,1600.0,1601.8,578
2026-03-05 13:15:00,1601.8,1602.3,1600.0,1601.2,544
2026-03-05 13:20:00,1601.2,1602.4,1599.7,1601.0,1050
2026-03-05 13:25:00,1601.0,1602.2,1600.0,1601.8,589
2026-03-05 13:30:00,1601.8,1603.9,1601.1,1602.9,1116
2026-03-05 13:35:00,1602.9,1603.3,1600.7,1600.7,1761
2026-03-05 13:40:00,1600.7,1602.0,1600.1,1600.9,1149
2026-03-05 13:45:00,1600.9,1600.9,1600.0,1600.7,511
2026-03-05 13:50:00,1600.7,1605.5,1600.0,1604.3,4173
2026-03-05 13:55:00,1604.3,1604.3,1601.7,1603.2,2475
2026-03-05 14:00:00,1603.2,1603.3,1600.3,1601.3,750
2026-03-05 14:05:00,1601.3,1607.1,1600.3,1603.4,4200
2026-03-05 14:10:00,1604.3,1606.4,1602.2,1603.7,1106
2026-03-05 14:15:00,1603.7,1603.7,1600.1,1601.5,667
2026-03-05 14:20:00,1601.5,1602.8,1600.1,1602.8,823
2026-03-05 14:25:00,1602.8,1605.1,1599.6,1604.7,4013
2026-03-05 14:30:00,1604.7,1604.7,1600.2,1601.6,1373
2026-03-05 14:35:00,1601.6,1605.9,1600.6,1605.9,4277
2026-03-05 14:40:00,1605.9,1615.0,1604.9,1613.5,5108
2026-03-05 14:45:00,1613.5,1626.0,1612.2,1624.1,7561
2026-03-05 14:50:00,1624.1,1630.0,1622.2,1629.3,4826
2026-03-05 14:55:00,1629.3,1637.9,1627.5,1634.3,2577
2026-03-05 15:00:00,1633.2,1637.5,1630.2,1632.8,2489
2026-03-05 15:05:00,1632.8,1640.0,1631.7,1638.8,5470
2026-03-05 15:10:00,1637.8,1639.2,1630.1,1631.2,2945
2026-03-05 15:15:00,1632.4,1637.8,1621.1,1623.3,5053
2026-03-05 15:20:00,1620.0,1627.1,1619.1,1619.4,4769
2026-03-05 15:25:00,1619.4,1631.7,1616.0,1629.5,5813
2026-03-06 09:15:00,1625.0,1629.3,1617.3,1622.2,1561
2026-03-06 09:20:00,1622.2,1639.8,1620.9,1639.1,2216
2026-03-06 09:25:00,1638.5,1642.4,1634.5,1637.6,1299
2026-03-06 09:30:00,1637.3,1637.3,1630.3,1631.1,824
2026-03-06 09:35:00,1634.5,1637.4,1631.9,1636.7,1258
2026-03-06 09:40:00,1636.2,1638.0,1634.7,1634.7,257
2026-03-06 09:45:00,1634.7,1640.5,1634.5,1636.0,735
2026-03-06 09:50:00,1636.0,1638.5,1630.0,1630.3,952
2026-03-06 09:55:00,1630.0,1632.1,1628.9,1630.5,1302
2026-03-06 10:00:00,1630.4,1632.3,1620.1,1623.2,4284
2026-03-06 10:05:00,1623.2,1623.2,1614.5,1616.7,1269
2026-03-06 10:10:00,1615.7,1623.6,1615.4,1621.1,765
2026-03-06 10:15:00,1621.1,1625.9,1620.9,1624.2,616
2026-03-06 10:20:00,1624.2,1624.4,1619.7,1619.7,569
2026-03-06 10:25:00,1619.8,1622.3,1617.0,1618.0,574
2026-03-06 10:30:00,1618.0,1619.3,1616.0,1616.6,324
2026-03-06 10:35:00,1616.6,1621.9,1614.8,1620.5,1421
2026-03-06 10:40:00,1621.7,1624.9,1617.7,1623.2,4454
2026-03-06 10:45:00,1621.8,1626.1,1620.8,1621.3,2876
2026-03-06 10:50:00,1620.8,1623.0,1619.2,1621.1,415
2026-03-06 10:55:00,1621.1,1621.6,1612.8,1615.0,2543
2026-03-06 11:00:00,1615.0,1619.7,1614.9,1617.1,1020
2026-03-06 11:05:00,1617.5,1619.0,1615.2,1616.9,449
2026-03-06 11:10:00,1616.9,1616.9,1610.7,1612.2,454
2026-03-06 11:15:00,1611.9,1613.4,1610.3,1613.1,355
2026-03-06 11:20:00,1611.9,1614.4,1600.2,1602.4,4649
2026-03-06 11:25:00,1602.6,1602.6,1598.0,1600.4,1057
2026-03-06 11:30:00,1600.5,1601.0,1597.3,1598.6,543
2026-03-06 11:35:00,1599.6,1602.4,1597.7,1601.9,915
2026-03-06 11:40:00,1600.6,1603.1,1600.0,1600.0,649
2026-03-06 11:45:00,1599.6,1601.9,1599.6,1601.0,846
2026-03-06 11:50:00,1601.0,1603.8,1601.0,1602.0,1203
2026-03-06 11:55:00,1602.0,1603.1,1600.2,1601.1,358
2026-03-06 12:00:00,1602.1,1603.1,1600.0,1601.7,587
2026-03-06 12:05:00,1600.5,1603.0,1599.0,1602.5,1840
2026-03-06 12:10:00,1601.2,1602.8,1600.6,1602.2,236
2026-03-06 12:15:00,1600.7,1602.9,1600.1,1600.8,309
2026-03-06 12:20:00,1600.3,1603.7,1600.1,1601.1,742
2026-03-06 12:25:00,1600.6,1601.6,1585.5,1593.1,4728
2026-03-06 12:30:00,1593.0,1594.3,1590.0,1591.0,578
2026-03-06 12:35:00,1592.0,1592.0,1590.0,1591.2,743
2026-03-06 12:40:00,1591.9,1591.9,1589.0,1591.4,466
2026-03-06 12:45:00,1591.5,1592.3,1589.4,1590.1,496
2026-03-06 12:50:00,1590.1,1593.5,1589.5,1593.2,527
2026-03-06 12:55:00,1593.1,1594.1,1589.8,1593.2,640
2026-03-06 13:00:00,1592.1,1595.2,1590.5,1594.8,1071
2026-03-06 13:05:00,1594.8,1598.0,1585.1,1585.2,3359
2026-03-06 13:10:00,1585.2,1592.5,1585.2,1586.0,1694
2026-03-06 13:15:00,1586.0,1586.0,1580.9,1582.1,1221
2026-03-06 13:20:00,1582.1,1584.4,1581.5,1581.5,798
2026-03-06 13:25:00,1581.6,1582.9,1581.3,1581.5,712
2026-03-06 13:30:00,1581.5,1582.2,1576.0,1576.0,2797
2026-03-06 13:35:00,1578.0,1579.0,1575.0,1577.2,2234
2026-03-06 13:40:00,1577.2,1579.5,1576.5,1578.1,719
2026-03-06 13:45:00,1577.4,1582.9,1575.5,1577.3,4164
2026-03-06 13:50:00,1577.5,1579.8,1576.0,1577.1,487
2026-03-06 13:55:00,1577.1,1577.3,1572.5,1573.1,1942
2026-03-06 14:00:00,1573.0,1576.7,1573.0,1574.1,964
2026-03-06 14:05:00,1575.4,1578.2,1574.2,1576.7,313
2026-03-06 14:10:00,1576.7,1585.9,1574.8,1584.5,2977
2026-03-06 14:15:00,1584.0,1589.8,1584.0,1586.6,3645
2026-03-06 14:20:00,1587.0,1592.0,1587.0,1591.0,2675
2026-03-06 14:25:00,1591.0,1591.3,1581.4,1585.8,7919
2026-03-06 14:30:00,1585.8,1589.9,1584.7,1589.9,6253
2026-03-06 14:35:00,1589.1,1589.4,1586.1,1588.2,5130
2026-03-06 14:40:00,1587.3,1593.8,1586.8,1593.2,11134
2026-03-06 14:45:00,1593.2,1595.0,1591.0,1595.0,7070
2026-03-06 14:50:00,1594.2,1595.0,1592.3,1593.5,2581
2026-03-06 14:55:00,1593.5,1593.5,1591.0,1591.7,1912
2026-03-06 15:00:00,1591.6,1592.9,1590.0,1590.2,5527
2026-03-06 15:05:00,1590.3,1592.2,1590.3,1591.1,2629
2026-03-06 15:10:00,1593.2,1597.0,1589.8,1595.4,17311
2026-03-06 15:15:00,1595.2,1598.0,1592.0,1593.0,14796
2026-03-06 15:20:00,1594.4,1600.3,1593.1,1600.3,10451
2026-03-06 15:25:00,1598.5,1606.9,1585.0,1588.4,3679
2026-03-09 09:15:00,1569.9,1569.9,1530.4,1533.0,4662
2026-03-09 09:20:00,1533.0,1536.8,1531.6,1534.9,2817
2026-03-09 09:25:00,1533.2,1541.7,1530.0,1541.2,3537
2026-03-09 09:30:00,1541.2,1541.2,1533.1,1535.2,1708
2026-03-09 09:35:00,1535.2,1538.9,1532.0,1537.6,822
2026-03-09 09:40:00,1536.0,1547.5,1530.6,1547.3,2103
2026-03-09 09:45:00,1546.6,1548.0,1540.3,1547.0,896
2026-03-09 09:50:00,1547.0,1548.8,1543.0,1547.4,2168
2026-03-09 09:55:00,1547.1,1551.6,1545.9,1548.1,3055
2026-03-09 10:00:00,1548.0,1552.3,1546.2,1547.8,5707
2026-03-09 10:05:00,1547.7,1553.9,1544.3,1550.1,3850
2026-03-09 10:10:00,1550.1,1553.1,1550.0,1551.5,436
2026-03-09 10:15:00,1550.3,1550.3,1542.1,1544.1,1118
2026-03-09 10:20:00,1544.6,1547.0,1544.3,1544.4,662
2026-03-09 10:25:00,1544.3,1545.0,1541.0,1544.2,707
2026-03-09 10:30:00,1544.1,1545.1,1540.0,1541.0,1106
2026-03-09 10:35:00,1540.8,1540.8,1537.8,1538.5,559
2026-03-09 10:40:00,1538.4,1539.7,1535.4,1539.0,655
2026-03-09 10:45:00,1539.0,1539.1,1535.0,1535.7,368
2026-03-09 10:50:00,1535.0,1542.4,1533.0,1542.2,1440
2026-03-09 10:55:00,1541.2,1547.2,1541.2,1544.5,905
2026-03-09 11:00:00,1543.4,1544.4,1540.5,1541.8,268
2026-03-09 11:05:00,1541.3,1544.1,1540.9,1542.3,1387
2026-03-09 11:10:00,1542.3,1543.3,1540.1,1541.5,451
2026-03-09 11:15:00,1541.4,1544.8,1540.1,1543.5,375
2026-03-09 11:20:00,1543.5,1545.8,1541.2,1544.0,229
2026-03-09 11:25:00,1544.0,1547.1,1541.3,1547.1,396
2026-03-09 11:30:00,1547.1,1548.9,1545.4,1548.0,340
2026-03-09 11:35:00,1547.8,1548.4,1546.2,1547.9,273
2026-03-09 11:40:00,1547.9,1552.0,1547.9,1548.6,687
2026-03-09 11:45:00,1547.5,1547.5,1540.1,1540.1,2126
2026-03-09 11:50:00,1540.0,1542.1,1539.6,1539.9,1090
2026-03-09 11:55:00,1540.1,1540.8,1536.4,1537.1,1121
2026-03-09 12:00:00,1537.0,1537.6,1535.0,1537.2,1064
2026-03-09 12:05:00,1536.5,1537.2,1534.3,1534.9,1241
2026-03-09 12:10:00,1534.8,1537.7,1533.2,1535.8,820
2026-03-09 12:15:00,1535.9,1535.9,1534.8,1535.8,298
2026-03-09 12:20:00,1535.7,1537.3,1534.7,1535.9,394
2026-03-09 12:25:00,1535.8,1536.1,1533.8,1534.5,187
2026-03-09 12:30:00,1534.4,1538.9,1533.7,1533.7,645
2026-03-09 12:35:00,1533.6,1536.2,1533.0,1536.2,383
2026-03-09 12:40:00,1536.2,1537.1,1533.4,1535.6,616
2026-03-09 12:45:00,1535.6,1537.4,1531.9,1533.4,1721
2026-03-09 12:50:00,1531.8,1535.8,1531.3,1535.6,421
2026-03-09 12:55:00,1535.5,1535.8,1534.1,1535.3,388
2026-03-09 13:00:00,1534.0,1535.2,1532.8,1533.8,211
2026-03-09 13:05:00,1533.7,1533.9,1532.1,1532.9,220
2026-03-09 13:10:00,1532.8,1536.2,1532.3,1535.0,4608
2026-03-09 13:15:00,1533.9,1535.9,1533.6,1534.9,328
2026-03-09 13:20:00,1534.5,1538.8,1534.5,1537.0,2758
2026-03-09 13:25:00,1536.9,1540.5,1536.6,1537.7,562
2026-03-09 13:30:00,1537.5,1539.8,1536.6,1539.2,202
2026-03-09 13:35:00,1538.9,1538.9,1534.4,1534.4,1021
2026-03-09 13:40:00,1534.3,1535.0,1533.1,1533.4,1698
2026-03-09 13:45:00,1533.1,1534.9,1526.1,1533.0,5811
2026-03-09 13:50:00,1532.9,1536.5,1532.1,1533.1,4114
2026-03-09 13:55:00,1532.8,1533.0,1532.0,1532.3,2411
2026-03-09 14:00:00,1532.1,1535.6,1532.1,1534.3,983
2026-03-09 14:05:00,1534.1,1535.6,1532.3,1534.0,958
2026-03-09 14:10:00,1533.9,1535.6,1532.7,1535.0,185
2026-03-09 14:15:00,1534.8,1535.0,1532.6,1535.0,328
2026-03-09 14:20:00,1534.8,1535.0,1533.0,1534.5,248
2026-03-09 14:25:00,1534.5,1537.1,1533.7,1535.6,857
2026-03-09 14:30:00,1535.6,1537.5,1535.1,1535.9,299
2026-03-09 14:35:00,1535.7,1538.6,1535.7,1538.5,1209
2026-03-09 14:40:00,1538.3,1541.3,1536.5,1540.3,1063
2026-03-09 14:45:00,1539.8,1541.3,1538.4,1539.2,975
2026-03-09 14:50:00,1538.9,1540.9,1537.8,1538.9,422
2026-03-09 14:55:00,1538.9,1540.7,1533.7,1534.7,4219
2026-03-09 15:00:00,1534.7,1537.9,1534.0,1535.8,3990
2026-03-09 15:05:00,1536.8,1536.8,1530.9,1532.5,3311
2026-03-09 15:10:00,1531.1,1534.5,1531.1,1532.4,3762
2026-03-09 15:15:00,1533.6,1533.6,1527.0,1527.2,6308
2026-03-09 15:20:00,1529.3,1536.1,1525.0,1531.9,6794
2026-03-09 15:25:00,1532.0,1535.3,1525.2,1528.0,3124
2026-03-10 09:15:00,1542.0,1542.4,1516.6,1538.3,3684
2026-03-10 09:20:00,1540.0,1541.4,1534.1,1535.3,4904
2026-03-10 09:25:00,1535.3,1535.3,1531.0,1531.2,1411
2026-03-10 09:30:00,1531.2,1531.2,1526.1,1527.6,495
2026-03-10 09:35:00,1527.6,1528.0,1524.2,1526.0,817
2026-03-10 09:40:00,1526.0,1527.1,1524.7,1527.1,227
2026-03-10 09:45:00,1528.8,1529.6,1526.1,1527.7,296
2026-03-10 09:50:00,1527.7,1529.0,1526.6,1527.7,300
2026-03-10 09:55:00,1527.7,1531.2,1525.8,1530.2,1127
2026-03-10 10:00:00,1530.2,1538.2,1530.2,1538.2,5330
2026-03-10 10:05:00,1538.1,1539.9,1535.0,1535.8,719
2026-03-10 10:10:00,1535.8,1540.8,1533.4,1540.8,916
2026-03-10 10:15:00,1541.1,1546.0,1535.1,1545.8,3108
2026-03-10 10:20:00,1545.9,1548.4,1545.0,1548.4,601
2026-03-10 10:25:00,1548.5,1548.8,1544.3,1547.6,419
2026-03-10 10:30:00,1547.7,1548.2,1545.1,1547.6,461
2026-03-10 10:35:00,1547.6,1547.8,1545.4,1547.8,203
2026-03-10 10:40:00,1547.8,1548.6,1546.9,1547.2,250
2026-03-10 10:45:00,1547.2,1554.2,1547.2,1551.4,795
2026-03-10 10:50:00,1551.4,1551.4,1547.1,1548.5,748
2026-03-10 10:55:00,1548.5,1549.9,1548.1,1549.2,99
2026-03-10 11:00:00,1549.2,1549.2,1547.6,1549.2,159
2026-03-10 11:05:00,1549.2,1553.0,1543.7,1550.6,1140
2026-03-10 11:10:00,1550.6,1551.0,1545.1,1547.2,665
2026-03-10 11:15:00,1547.2,1550.0,1547.2,1549.9,646
2026-03-10 11:20:00,1549.9,1551.0,1547.3,1549.3,920
2026-03-10 11:25:00,1549.3,1551.7,1548.1,1551.7,202
2026-03-10 11:30:00,1551.7,1553.9,1550.3,1553.3,805
2026-03-10 11:35:00,1553.0,1554.8,1553.0,1553.9,159
2026-03-10 11:40:00,1553.9,1554.6,1551.8,1554.2,131
2026-03-10 11:45:00,1554.2,1554.2,1549.5,1551.2,289
2026-03-10 11:50:00,1551.2,1552.9,1550.2,1552.9,119
2026-03-10 11:55:00,1552.9,1554.2,1550.9,1554.2,189
2026-03-10 12:00:00,1554.2,1554.2,1552.1,1554.1,227
2026-03-10 12:05:00,1554.1,1554.1,1551.7,1551.7,163
2026-03-10 12:10:00,1551.7,1552.6,1549.4,1549.6,106
2026-03-10 12:15:00,1549.6,1549.8,1545.3,1547.9,354
2026-03-10 12:20:00,1547.9,1547.9,1546.5,1547.2,91
2026-03-10 12:25:00,1547.2,1548.3,1544.4,1545.4,264
2026-03-10 12:30:00,1545.4,1548.0,1545.4,1547.8,101
2026-03-10 12:35:00,1547.8,1548.9,1547.1,1548.9,53
2026-03-10 12:40:00,1549.8,1549.9,1549.1,1549.4,29
2026-03-10 12:45:00,1549.4,1551.2,1549.0,1549.7,41
2026-03-10 12:50:00,1549.7,1551.8,1548.1,1551.8,389
2026-03-10 12:55:00,1551.8,1557.0,1550.5,1556.9,740
2026-03-10 13:00:00,1556.9,1556.9,1554.8,1556.0,193
2026-03-10 13:05:00,1556.0,1556.0,1552.4,1553.2,269
2026-03-10 13:10:00,1553.2,1554.6,1550.5,1554.6,640
2026-03-10 13:15:00,1554.6,1559.0,1553.7,1559.0,395
2026-03-10 13:20:00,1559.0,1559.9,1557.4,1557.4,410
2026-03-10 13:25:00,1557.4,1557.7,1556.5,1556.9,55
2026-03-10 13:30:00,1556.9,1557.6,1556.4,1556.4,35
2026-03-10 13:35:00,1556.4,1562.0,1556.2,1561.9,639
2026-03-10 13:40:00,1562.2,1564.9,1560.5,1562.3,731
2026-03-10 13:45:00,1562.3,1570.0,1561.6,1569.0,7379
2026-03-10 13:50:00,1569.0,1572.0,1567.5,1571.5,444
2026-03-10 13:55:00,1571.5,1572.8,1570.2,1572.6,598
2026-03-10 14:00:00,1572.0,1572.8,1570.0,1572.3,1474
2026-03-10 14:05:00,1573.0,1577.0,1573.0,1576.5,223
2026-03-10 14:10:00,1575.9,1577.0,1575.7,1576.8,308
2026-03-10 14:15:00,1576.8,1577.4,1575.5,1575.8,447
2026-03-10 14:20:00,1575.8,1577.0,1574.3,1577.0,429
2026-03-10 14:25:00,1577.0,1580.0,1573.0,1576.3,2149
2026-03-10 14:30:00,1576.3,1576.6,1574.9,1575.3,158
2026-03-10 14:35:00,1576.0,1578.0,1573.1,1573.1,674
2026-03-10 14:40:00,1573.1,1578.0,1572.4,1577.7,969
2026-03-10 14:45:00,1577.7,1577.7,1575.8,1577.3,673
2026-03-10 14:50:00,1577.3,1578.0,1575.5,1578.0,751
2026-03-10 14:55:00,1578.0,1578.0,1576.0,1576.0,587
2026-03-10 15:00:00,1576.5,1576.5,1571.5,1573.7,1088
2026-03-10 15:05:00,1574.8,1574.9,1569.5,1569.5,4118
2026-03-10 15:10:00,1571.3,1573.2,1571.1,1572.4,1594
2026-03-10 15:15:00,1572.4,1574.3,1569.9,1571.9,2510
2026-03-10 15:20:00,1571.4,1574.9,1571.4,1574.8,1848
2026-03-10 15:25:00,1574.7,1576.0,1570.1,1573.9,3775
2026-03-11 09:15:00,1574.0,1579.0,1555.1,1571.4,563
2026-03-11 09:20:00,1571.4,1576.3,1569.6,1569.6,219
2026-03-11 09:25:00,1569.6,1571.9,1562.9,1569.2,523
2026-03-11 09:30:00,1569.2,1570.9,1564.3,1568.9,937
2026-03-11 09:35:00,1568.8,1568.8,1563.0,1563.0,685
2026-03-11 09:40:00,1563.0,1569.8,1563.0,1569.8,160
2026-03-11 09:45:00,1569.8,1571.8,1567.5,1569.6,235
2026-03-11 09:50:00,1569.6,1572.2,1569.6,1571.0,46
2026-03-11 09:55:00,1571.0,1576.0,1570.9,1571.9,349
2026-03-11 10:00:00,1571.9,1573.0,1570.0,1573.0,910
2026-03-11 10:05:00,1573.0,1575.3,1572.9,1573.8,223
2026-03-11 10:10:00,1573.9,1575.3,1572.6,1572.6,452
2026-03-11 10:15:00,1572.5,1573.7,1572.1,1572.1,108
2026-03-11 10:20:00,1572.1,1576.0,1572.1,1574.2,559
2026-03-11 10:25:00,1574.2,1574.6,1572.8,1573.8,94
2026-03-11 10:30:00,1573.8,1577.6,1572.8,1576.3,374
2026-03-11 10:35:00,1576.3,1576.7,1571.0,1572.0,1765
2026-03-11 10:40:00,1572.0,1574.9,1570.8,1574.9,434
2026-03-11 10:45:00,1574.9,1575.0,1571.5,1574.2,177
2026-03-11 10:50:00,1574.2,1574.2,1572.5,1573.1,37
2026-03-11 10:55:00,1573.1,1574.3,1572.9,1573.5,38
2026-03-11 11:00:00,1574.4,1574.6,1573.5,1574.5,38
2026-03-11 11:05:00,1574.5,1579.2,1572.8,1575.7,925
2026-03-11 11:10:00,1574.2,1579.2,1574.1,1578.1,269
2026-03-11 11:15:00,1578.1,1581.9,1578.1,1578.6,905
2026-03-11 11:20:00,1578.9,1580.3,1577.0,1577.0,431
2026-03-11 11:25:00,1577.8,1579.8,1577.0,1579.8,154
2026-03-11 11:30:00,1579.8,1579.9,1577.0,1577.0,327
2026-03-11 11:35:00,1576.2,1577.2,1574.6,1575.7,233
2026-03-11 11:40:00,1575.7,1576.3,1574.3,1576.0,315
2026-03-11 11:45:00,1576.0,1576.1,1573.8,1573.8,290
2026-03-11 11:50:00,1574.7,1574.7,1571.8,1572.1,232
2026-03-11 11:55:00,1572.1,1573.4,1569.9,1572.7,2046
2026-03-11 12:00:00,1571.4,1573.6,1570.0,1573.6,489
2026-03-11 12:05:00,1573.6,1573.9,1570.6,1572.1,193
2026-03-11 12:10:00,1572.1,1573.1,1570.7,1572.7,158
2026-03-11 12:15:00,1572.7,1573.9,1572.2,1573.9,143
2026-03-11 12:20:00,1574.7,1574.7,1572.1,1573.5,276
2026-03-11 12:25:00,1572.6,1573.6,1570.8,1572.3,159
2026-03-11 12:30:00,1570.9,1572.9,1569.8,1570.7,855
2026-03-11 12:35:00,1571.4,1571.6,1569.3,1570.3,3645
2026-03-11 12:40:00,1570.7,1570.7,1569.2,1570.7,3937
2026-03-11 12:45:00,1570.7,1570.7,1569.7,1569.9,177
2026-03-11 12:50:00,1570.0,1572.2,1567.3,1567.3,8985
2026-03-11 12:55:00,1567.6,1567.6,1566.2,1567.0,5633
2026-03-11 13:00:00,1567.0,1569.0,1565.9,1566.4,2321
2026-03-11 13:05:00,1565.9,1571.0,1564.8,1570.2,5977
2026-03-11 13:10:00,1569.3,1569.5,1566.5,1568.2,388
2026-03-11 13:15:00,1568.3,1573.2,1566.6,1572.4,839
2026-03-11 13:20:00,1572.4,1579.0,1572.4,1578.9,715
2026-03-11 13:25:00,1579.0,1579.9,1576.4,1579.7,427
2026-03-11 13:30:00,1579.9,1581.8,1579.8,1581.6,796
2026-03-11 13:35:00,1581.3,1582.0,1579.7,1580.5,559
2026-03-11 13:40:00,1580.5,1584.6,1578.2,1581.5,1846
2026-03-11 13:45:00,1581.5,1582.0,1579.0,1581.3,450
2026-03-11 13:50:00,1581.0,1583.8,1580.2,1583.0,415
2026-03-11 13:55:00,1583.7,1585.9,1581.0,1582.6,1295
2026-03-11 14:00:00,1582.5,1583.1,1580.9,1582.8,375
2026-03-11 14:05:00,1582.0,1583.3,1581.2,1582.6,406
2026-03-11 14:10:00,1582.6,1583.9,1582.0,1583.9,495
2026-03-11 14:15:00,1583.9,1584.3,1582.2,1583.8,309
2026-03-11 14:20:00,1583.9,1584.4,1579.6,1579.6,1857
2026-03-11 14:25:00,1581.1,1585.9,1579.2,1585.8,948
2026-03-11 14:30:00,1584.9,1585.8,1582.7,1582.7,272
2026-03-11 14:35:00,1583.1,1583.2,1580.8,1581.7,284
2026-03-11 14:40:00,1581.7,1582.9,1580.2,1581.8,403
2026-03-11 14:45:00,1581.8,1582.2,1574.1,1574.8,1435
2026-03-11 14:50:00,1574.8,1576.5,1571.7,1571.8,1975
2026-03-11 14:55:00,1572.7,1572.8,1571.0,1572.5,843
2026-03-11 15:00:00,1572.5,1578.6,1570.3,1574.5,1906
2026-03-11 15:05:00,1574.2,1576.8,1571.6,1573.6,2170
2026-03-11 15:10:00,1573.6,1573.9,1570.5,1572.3,2364
2026-03-11 15:15:00,1572.3,1572.3,1565.4,1567.5,28991
2026-03-11 15:20:00,1567.5,1568.0,1564.4,1567.5,3237
2026-03-11 15:25:00,1568.3,1581.0,1560.1,1581.0,2769
2026-03-12 09:15:00,1560.0,1560.0,1516.6,1519.9,1229
2026-03-12 09:20:00,1519.0,1519.1,1510.1,1513.6,1433
2026-03-12 09:25:00,1513.3,1515.6,1510.1,1511.0,992
2026-03-12 09:30:00,1510.0,1510.7,1506.6,1507.1,1243
2026-03-12 09:35:00,1509.0,1509.0,1503.1,1507.3,2200
2026-03-12 09:40:00,1507.3,1512.9,1507.1,1508.6,1071
2026-03-12 09:45:00,1509.9,1514.8,1506.3,1514.8,1044
2026-03-12 09:50:00,1514.8,1514.8,1506.5,1508.9,664
2026-03-12 09:55:00,1508.9,1514.5,1504.6,1512.2,1430
2026-03-12 10:00:00,1512.2,1514.0,1510.7,1511.8,764
2026-03-12 10:05:00,1511.8,1512.9,1506.2,1507.3,2021
2026-03-12 10:10:00,1507.3,1514.8,1503.0,1504.1,2703
2026-03-12 10:15:00,1504.1,1504.1,1498.6,1502.1,1849
2026-03-12 10:20:00,1502.1,1507.4,1502.0,1505.9,931
2026-03-12 10:25:00,1504.4,1507.1,1504.4,1506.8,249
2026-03-12 10:30:00,1506.7,1513.4,1503.6,1513.1,3090
2026-03-12 10:35:00,1513.4,1520.0,1512.0,1520.0,2715
2026-03-12 10:40:00,1520.0,1520.8,1513.8,1514.7,2871
2026-03-12 10:45:00,1514.4,1516.4,1513.4,1514.0,250
2026-03-12 10:50:00,1514.0,1514.8,1511.3,1513.5,153
2026-03-12 10:55:00,1513.5,1515.8,1510.0,1514.8,131
2026-03-12 11:00:00,1514.8,1520.2,1514.8,1518.6,261
2026-03-12 11:05:00,1520.0,1522.4,1517.6,1518.0,1160
2026-03-12 11:10:00,1518.0,1525.2,1518.0,1522.9,1308
2026-03-12 11:15:00,1523.5,1525.0,1519.0,1519.1,842
2026-03-12 11:20:00,1519.1,1535.7,1518.0,1535.4,14534
2026-03-12 11:25:00,1535.3,1535.4,1531.8,1533.0,1029
2026-03-12 11:30:00,1533.7,1533.7,1530.2,1530.2,1246
2026-03-12 11:35:00,1530.2,1530.3,1526.9,1530.3,1916
2026-03-12 11:40:00,1530.3,1531.0,1529.0,1531.0,76
2026-03-12 11:45:00,1531.0,1531.9,1528.5,1529.5,1260
2026-03-12 11:50:00,1530.7,1531.9,1530.2,1531.1,48
2026-03-12 11:55:00,1531.0,1534.0,1526.9,1533.4,780
2026-03-12 12:00:00,1533.5,1533.5,1531.1,1531.1,179
2026-03-12 12:05:00,1531.1,1533.9,1530.3,1530.3,188
2026-03-12 12:10:00,1530.3,1532.5,1526.6,1532.5,396
2026-03-12 12:15:00,1532.5,1533.9,1532.0,1532.4,101
2026-03-12 12:20:00,1532.4,1533.4,1531.3,1532.0,1014
2026-03-12 12:25:00,1532.0,1543.2,1532.0,1535.7,1856
2026-03-12 12:30:00,1535.7,1535.7,1530.4,1531.1,1142
2026-03-12 12:35:00,1531.1,1532.6,1530.0,1530.0,105
2026-03-12 12:40:00,1529.0,1529.0,1526.1,1526.9,262
2026-03-12 12:45:00,1526.9,1527.7,1525.7,1527.0,188
2026-03-12 12:50:00,1527.0,1528.1,1525.3,1527.1,455
2026-03-12 12:55:00,1527.1,1527.8,1526.2,1527.1,84
2026-03-12 13:00:00,1527.0,1529.0,1527.0,1528.3,573
2026-03-12 13:05:00,1528.3,1528.3,1521.4,1522.2,3265
2026-03-12 13:10:00,1523.9,1525.9,1523.9,1525.1,179
2026-03-12 13:15:00,1525.1,1525.1,1522.9,1522.9,143
2026-03-12 13:20:00,1522.9,1525.0,1522.2,1525.0,154
2026-03-12 13:25:00,1525.0,1525.0,1521.0,1522.2,197
2026-03-12 13:30:00,1522.9,1524.0,1522.2,1522.6,284
2026-03-12 13:35:00,1522.6,1525.0,1521.5,1521.5,682
2026-03-12 13:40:00,1521.5,1525.1,1520.0,1524.5,3132
2026-03-12 13:45:00,1524.5,1524.9,1522.1,1522.1,120
2026-03-12 13:50:00,1522.1,1523.1,1520.0,1520.1,268
2026-03-12 13:55:00,1520.1,1521.6,1517.8,1517.8,643
2026-03-12 14:00:00,1517.8,1520.4,1517.8,1518.1,1050
2026-03-12 14:05:00,1518.1,1518.9,1516.4,1516.4,333
2026-03-12 14:10:00,1516.4,1516.9,1512.9,1516.9,4147
2026-03-12 14:15:00,1516.9,1517.9,1516.0,1517.6,211
2026-03-12 14:20:00,1517.6,1517.7,1514.4,1515.2,3248
2026-03-12 14:25:00,1515.2,1516.3,1514.2,1515.4,1059
2026-03-12 14:30:00,1515.4,1515.4,1511.5,1513.6,1755
2026-03-12 14:35:00,1513.6,1513.6,1506.7,1508.0,758
2026-03-12 14:40:00,1508.0,1508.0,1496.6,1498.4,3317
2026-03-12 14:45:00,1498.4,1499.6,1493.1,1497.3,3040
2026-03-12 14:50:00,1497.3,1497.6,1491.0,1497.6,3410
2026-03-12 14:55:00,1496.3,1499.5,1495.9,1497.2,767
2026-03-12 15:00:00,1497.2,1497.6,1482.9,1484.1,5001
2026-03-12 15:05:00,1484.1,1485.0,1482.1,1484.3,2874
2026-03-12 15:10:00,1484.3,1491.2,1481.2,1489.2,8189
2026-03-12 15:15:00,1487.9,1490.4,1484.0,1485.6,11978
2026-03-12 15:20:00,1485.6,1489.4,1481.0,1486.6,11721
2026-03-12 15:25:00,1483.0,1490.3,1481.0,1486.6,7651
2026-03-13 09:15:00,1486.6,1490.9,1453.0,1456.1,8449
2026-03-13 09:20:00,1456.1,1460.1,1451.4,1457.5,5561
2026-03-13 09:25:00,1457.9,1477.5,1456.1,1477.5,5945
2026-03-13 09:30:00,1477.9,1480.4,1470.2,1470.2,2505
2026-03-13 09:35:00,1471.3,1475.0,1470.1,1470.1,2015
2026-03-13 09:40:00,1470.1,1471.5,1466.1,1469.4,641
2026-03-13 09:45:00,1469.4,1473.7,1468.6,1473.6,944
2026-03-13 09:50:00,1473.0,1475.0,1470.5,1472.6,1414
2026-03-13 09:55:00,1472.6,1474.7,1468.0,1470.4,985
2026-03-13 10:00:00,1470.4,1471.9,1469.0,1469.3,669
2026-03-13 10:05:00,1469.3,1471.0,1467.2,1469.8,1095
2026-03-13 10:10:00,1469.8,1470.3,1466.0,1466.7,738
2026-03-13 10:15:00,1466.7,1467.3,1462.5,1463.5,757
2026-03-13 10:20:00,1461.5,1461.7,1456.8,1456.8,1511
2026-03-13 10:25:00,1456.7,1461.0,1456.7,1460.1,543
2026-03-13 10:30:00,1460.6,1463.7,1458.2,1459.3,647
2026-03-13 10:35:00,1459.3,1461.9,1458.0,1458.5,513
2026-03-13 10:40:00,1458.0,1459.1,1456.1,1456.5,419
2026-03-13 10:45:00,1457.1,1459.5,1456.0,1458.3,417
2026-03-13 10:50:00,1459.1,1464.9,1458.6,1464.2,2608
2026-03-13 10:55:00,1464.2,1466.9,1462.3,1466.9,890
2026-03-13 11:00:00,1466.8,1473.8,1464.6,1473.5,1906
2026-03-13 11:05:00,1473.5,1475.8,1470.8,1475.2,3636
2026-03-13 11:10:00,1477.5,1479.4,1476.7,1476.9,1009
2026-03-13 11:15:00,1477.1,1479.2,1475.7,1477.8,2261
2026-03-13 11:20:00,1477.8,1479.6,1477.7,1478.7,409
2026-03-13 11:25:00,1479.2,1489.9,1477.8,1488.9,2671
2026-03-13 11:30:00,1488.4,1488.4,1484.9,1486.5,729
2026-03-13 11:35:00,1487.0,1488.0,1485.3,1486.8,2249
2026-03-13 11:40:00,1486.6,1486.6,1483.4,1483.4,4188
2026-03-13 11:45:00,1483.4,1485.9,1483.4,1484.3,527
2026-03-13 11:50:00,1484.5,1486.1,1483.2,1483.2,478
2026-03-13 11:55:00,1483.2,1484.3,1481.7,1482.3,352
2026-03-13 12:00:00,1482.3,1487.0,1481.2,1487.0,849
2026-03-13 12:05:00,1487.4,1488.0,1485.0,1485.0,428
2026-03-13 12:10:00,1485.0,1487.9,1484.7,1487.9,499
2026-03-13 12:15:00,1487.9,1488.9,1485.0,1485.4,31677
2026-03-13 12:20:00,1485.4,1486.1,1484.6,1485.5,2448
2026-03-13 12:25:00,1485.5,1488.0,1485.0,1487.6,399
2026-03-13 12:30:00,1487.6,1488.1,1485.0,1485.4,423
2026-03-13 12:35:00,1485.1,1486.5,1485.0,1485.1,7524
2026-03-13 12:40:00,1485.1,1485.9,1485.0,1485.4,10103
2026-03-13 12:45:00,1485.7,1487.9,1485.1,1487.7,438
2026-03-13 12:50:00,1486.7,1487.7,1485.0,1485.0,447
2026-03-13 12:55:00,1485.6,1487.5,1485.0,1487.1,825
2026-03-13 13:00:00,1486.0,1486.7,1485.5,1486.5,358
2026-03-13 13:05:00,1486.4,1487.6,1485.1,1486.0,1347
2026-03-13 13:10:00,1486.2,1486.6,1485.2,1485.5,915
2026-03-13 13:15:00,1486.5,1487.3,1485.0,1486.0,794
2026-03-13 13:20:00,1486.5,1487.3,1485.1,1486.0,2283
2026-03-13 13:25:00,1486.5,1487.8,1485.2,1486.5,900
2026-03-13 13:30:00,1486.5,1487.0,1485.6,1486.0,533
2026-03-13 13:35:00,1486.0,1487.0,1484.5,1486.0,1726
2026-03-13 13:40:00,1486.0,1487.0,1485.0,1486.0,938
2026-03-13 13:45:00,1486.3,1488.1,1485.0,1487.1,1533
2026-03-13 13:50:00,1487.3,1488.6,1485.2,1486.0,3824
2026-03-13 13:55:00,1486.5,1489.6,1485.1,1489.6,4458
2026-03-13 14:00:00,1489.6,1505.1,1488.6,1502.6,19999
2026-03-13 14:05:00,1503.6,1519.7,1503.6,1515.0,19098
2026-03-13 14:10:00,1515.0,1524.7,1515.0,1515.7,9477
2026-03-13 14:15:00,1515.1,1516.4,1501.3,1501.6,28499
2026-03-13 14:20:00,1502.0,1507.5,1501.8,1502.9,5953
2026-03-13 14:25:00,1503.6,1515.1,1501.8,1509.8,10237
2026-03-13 14:30:00,1510.4,1523.0,1509.4,1520.2,11101
2026-03-13 14:35:00,1521.2,1548.2,1517.7,1539.9,45832
2026-03-13 14:40:00,1540.0,1551.4,1530.9,1540.0,49838
2026-03-13 14:45:00,1537.9,1554.0,1535.0,1540.0,43540
2026-03-13 14:50:00,1540.0,1557.9,1538.3,1553.4,30826
2026-03-13 14:55:00,1552.2,1555.5,1545.1,1555.5,42824
2026-03-13 15:00:00,1554.2,1558.9,1547.5,1549.3,29171
2026-03-13 15:05:00,1552.0,1563.9,1548.1,1554.3,29654
2026-03-13 15:10:00,1556.1,1559.7,1550.0,1557.1,25182
2026-03-13 15:15:00,1556.7,1563.9,1550.2,1553.6,26599
2026-03-13 15:20:00,1552.4,1554.1,1550.0,1550.0,14292
2026-03-13 15:25:00,1550.0,1559.0,1550.0,1550.0,11463
2026-03-16 09:15:00,1542.9,1542.9,1506.9,1507.9,4755
2026-03-16 09:20:00,1507.5,1511.5,1500.2,1510.7,10524
2026-03-16 09:25:00,1510.7,1512.7,1507.9,1507.9,5129
2026-03-16 09:30:00,1507.9,1514.0,1501.8,1507.4,4423
2026-03-16 09:35:00,1507.3,1512.3,1507.3,1512.2,2213
2026-03-16 09:40:00,1512.2,1514.2,1511.5,1512.4,2633
2026-03-16 09:45:00,1511.7,1518.5,1511.7,1515.5,3037
2026-03-16 09:50:00,1515.5,1515.5,1508.0,1511.3,3414
2026-03-16 09:55:00,1511.3,1514.1,1508.7,1509.1,4991
2026-03-16 10:00:00,1509.1,1509.4,1505.3,1507.7,1578
2026-03-16 10:05:00,1507.7,1507.7,1501.6,1501.6,805
2026-03-16 10:10:00,1501.6,1501.6,1493.8,1496.1,3990
2026-03-16 10:15:00,1496.1,1496.1,1487.0,1487.8,1995
2026-03-16 10:20:00,1487.8,1502.9,1482.6,1500.4,6370
2026-03-16 10:25:00,1501.4,1502.8,1500.0,1501.3,2601
2026-03-16 10:30:00,1501.3,1504.8,1500.0,1500.2,457
2026-03-16 10:35:00,1500.2,1503.2,1500.0,1501.9,924
2026-03-16 10:40:00,1501.9,1502.5,1500.0,1500.0,358
2026-03-16 10:45:00,1500.0,1512.3,1500.0,1510.5,14172
2026-03-16 10:50:00,1510.5,1513.8,1506.2,1507.8,4000
2026-03-16 10:55:00,1507.8,1514.9,1504.4,1514.9,3951
2026-03-16 11:00:00,1515.8,1519.0,1513.9,1516.1,3443
2026-03-16 11:05:00,1516.1,1518.2,1514.6,1516.5,3217
2026-03-16 11:10:00,1517.7,1517.8,1505.5,1506.1,5557
2026-03-16 11:15:00,1506.1,1531.3,1505.5,1531.1,5097
2026-03-16 11:20:00,1531.1,1533.3,1527.7,1531.6,3283
2026-03-16 11:25:00,1532.9,1533.1,1527.9,1529.9,2814
2026-03-16 11:30:00,1529.9,1536.8,1529.2,1536.8,2767
2026-03-16 11:35:00,1536.8,1544.4,1534.5,1541.1,3587
2026-03-16 11:40:00,1541.1,1544.9,1539.5,1541.1,3067
2026-03-16 11:45:00,1541.1,1547.3,1541.1,1547.3,3162
2026-03-16 11:50:00,1547.3,1554.8,1547.3,1551.0,3069
2026-03-16 11:55:00,1551.5,1557.5,1550.2,1552.7,3350
2026-03-16 12:00:00,1553.9,1556.1,1551.3,1554.0,3206
2026-03-16 12:05:00,1554.0,1554.5,1554.0,1554.0,1702
2026-03-16 12:10:00,1554.0,1555.9,1554.0,1554.0,1167
2026-03-16 12:15:00,1554.0,1556.0,1554.0,1555.2,286
2026-03-16 12:20:00,1555.2,1561.7,1554.5,1558.8,873
2026-03-16 12:25:00,1560.3,1560.3,1555.6,1556.9,977
2026-03-16 12:30:00,1556.9,1557.4,1554.0,1554.0,748
2026-03-16 12:35:00,1554.2,1557.0,1554.0,1555.1,5257
2026-03-16 12:40:00,1555.0,1555.0,1554.0,1554.0,1460
2026-03-16 12:45:00,1554.0,1554.5,1545.2,1549.0,6331
2026-03-16 12:50:00,1548.0,1549.1,1545.1,1547.0,3956
2026-03-16 12:55:00,1547.0,1547.0,1544.0,1544.3,1539
2026-03-16 13:00:00,1544.3,1544.8,1541.0,1541.0,2021
2026-03-16 13:05:00,1541.0,1550.0,1540.0,1550.0,3762
2026-03-16 13:10:00,1548.3,1550.0,1548.0,1548.0,2950
2026-03-16 13:15:00,1548.0,1557.3,1547.9,1554.5,4164
2026-03-16 13:20:00,1554.0,1557.0,1554.0,1556.9,773
2026-03-16 13:25:00,1556.9,1556.9,1554.0,1554.0,285
2026-03-16 13:30:00,1554.0,1554.9,1553.0,1554.0,1166
2026-03-16 13:35:00,1554.0,1555.7,1554.0,1554.0,1902
2026-03-16 13:40:00,1554.7,1554.9,1553.0,1553.4,622
2026-03-16 13:45:00,1553.2,1554.0,1551.2,1554.0,1233
2026-03-16 13:50:00,1554.0,1555.0,1553.0,1554.0,1202
2026-03-16 13:55:00,1554.0,1555.9,1554.0,1555.6,2410
2026-03-16 14:00:00,1555.6,1556.1,1554.0,1554.0,753
2026-03-16 14:05:00,1554.0,1554.8,1554.0,1554.0,640
2026-03-16 14:10:00,1554.0,1558.0,1554.0,1555.5,3895
2026-03-16 14:15:00,1555.5,1560.0,1554.0,1559.2,2335
2026-03-16 14:20:00,1560.1,1564.9,1560.1,1561.9,1615
2026-03-16 14:25:00,1561.9,1562.8,1559.6,1560.3,859
2026-03-16 14:30:00,1562.1,1565.6,1561.7,1564.4,735
2026-03-16 14:35:00,1564.3,1568.3,1563.1,1567.7,686
2026-03-16 14:40:00,1567.8,1569.7,1564.7,1566.1,1106
2026-03-16 14:45:00,1564.2,1568.1,1563.6,1566.7,1742
2026-03-16 14:50:00,1566.7,1568.9,1565.3,1567.7,953
2026-03-16 14:55:00,1567.7,1576.7,1566.8,1572.5,2902
2026-03-16 15:00:00,1573.7,1573.7,1570.0,1570.1,2787
2026-03-16 15:05:00,1570.0,1571.0,1569.5,1570.0,2143
2026-03-16 15:10:00,1570.0,1572.5,1569.5,1571.0,2514
2026-03-16 15:15:00,1571.1,1572.9,1569.5,1570.3,3601
2026-03-16 15:20:00,1570.4,1571.0,1569.5,1570.1,6986
2026-03-16 15:25:00,1571.0,1574.8,1570.0,1570.0,3644
2026-03-17 09:15:00,1562.8,1576.1,1526.1,1532.3,9865
2026-03-17 09:20:00,1531.8,1537.5,1526.8,1534.9,5039
2026-03-17 09:25:00,1534.9,1538.5,1532.0,1533.1,1431
2026-03-17 09:30:00,1533.1,1533.1,1525.3,1528.3,4330
2026-03-17 09:35:00,1529.1,1531.3,1528.3,1531.3,1092
2026-03-17 09:40:00,1531.3,1532.1,1529.4,1531.9,1665
2026-03-17 09:45:00,1531.9,1537.7,1529.9,1531.1,4728
2026-03-17 09:50:00,1531.1,1539.9,1522.9,1528.2,4353
2026-03-17 09:55:00,1528.2,1532.2,1526.5,1529.8,1212
2026-03-17 10:00:00,1530.3,1532.9,1529.8,1531.1,1103
2026-03-17 10:05:00,1531.1,1533.6,1531.1,1532.7,1197
2026-03-17 10:10:00,1532.7,1537.8,1532.3,1536.3,2842
2026-03-17 10:15:00,1536.3,1541.2,1536.3,1540.1,1576
2026-03-17 10:20:00,1540.1,1542.3,1536.3,1538.0,3066
2026-03-17 10:25:00,1538.0,1538.0,1532.6,1533.3,1914
2026-03-17 10:30:00,1532.8,1534.3,1530.1,1531.7,2622
2026-03-17 10:35:00,1531.7,1532.6,1527.7,1530.6,1545
2026-03-17 10:40:00,1530.6,1531.7,1526.8,1526.8,1493
2026-03-17 10:45:00,1525.1,1530.0,1525.1,1528.5,2074
2026-03-17 10:50:00,1527.6,1528.7,1526.2,1528.3,1661
2026-03-17 10:55:00,1528.3,1531.6,1527.9,1528.4,2269
2026-03-17 11:00:00,1528.4,1536.3,1526.3,1536.3,3117
2026-03-17 11:05:00,1537.8,1546.2,1534.1,1545.4,6782
2026-03-17 11:10:00,1545.4,1546.9,1539.9,1542.7,2685
2026-03-17 11:15:00,1541.3,1544.0,1538.1,1541.8,1952
2026-03-17 11:20:00,1541.1,1543.2,1539.3,1541.9,1681
2026-03-17 11:25:00,1540.4,1542.2,1536.5,1538.5,1572
2026-03-17 11:30:00,1538.5,1539.8,1537.0,1538.2,1823
2026-03-17 11:35:00,1538.3,1538.5,1535.0,1536.3,4209
2026-03-17 11:40:00,1536.3,1537.8,1535.2,1537.0,1062
2026-03-17 11:45:00,1537.0,1538.1,1535.8,1535.8,1975
2026-03-17 11:50:00,1536.5,1537.9,1535.6,1537.3,2059
2026-03-17 11:55:00,1537.3,1537.5,1535.0,1536.4,1130
2026-03-17 12:00:00,1536.7,1536.7,1531.3,1532.6,3961
2026-03-17 12:05:00,1531.3,1532.6,1530.0,1531.5,1322
2026-03-17 12:10:00,1531.5,1532.3,1528.1,1529.7,1853
2026-03-17 12:15:00,1529.2,1531.9,1528.0,1529.5,1614
2026-03-17 12:20:00,1530.1,1531.9,1528.5,1531.0,2408
2026-03-17 12:25:00,1531.0,1533.3,1528.0,1529.7,3378
2026-03-17 12:30:00,1528.4,1529.6,1526.5,1528.7,1646
2026-03-17 12:35:00,1528.7,1531.1,1527.9,1529.1,1275
2026-03-17 12:40:00,1529.9,1531.1,1527.6,1530.7,1659
2026-03-17 12:45:00,1530.7,1531.5,1529.0,1530.9,1865
2026-03-17 12:50:00,1530.9,1531.2,1527.3,1529.6,1610
2026-03-17 12:55:00,1529.4,1531.7,1528.7,1531.7,1329
2026-03-17 13:00:00,1531.7,1533.8,1530.3,1532.4,1354
2026-03-17 13:05:00,1532.4,1532.4,1529.3,1530.2,1271
2026-03-17 13:10:00,1530.2,1532.5,1529.3,1532.3,1372
2026-03-17 13:15:00,1532.3,1534.1,1531.1,1533.8,1780
2026-03-17 13:20:00,1532.2,1534.0,1530.0,1531.1,1672
2026-03-17 13:25:00,1530.6,1546.9,1529.7,1546.0,15849
2026-03-17 13:30:00,1546.0,1549.9,1538.2,1543.1,5121
2026-03-17 13:35:00,1543.1,1543.1,1534.6,1537.3,2560
2026-03-17 13:40:00,1537.3,1537.5,1533.7,1535.3,1280
2026-03-17 13:45:00,1535.3,1536.7,1534.1,1536.6,1093
2026-03-17 13:50:00,1536.6,1538.2,1533.0,1533.9,1417
2026-03-17 13:55:00,1533.9,1536.2,1532.3,1536.2,1889
2026-03-17 14:00:00,1536.2,1538.4,1534.1,1537.6,1420
2026-03-17 14:05:00,1536.2,1539.1,1532.7,1534.8,2013
2026-03-17 14:10:00,1534.8,1534.9,1532.9,1533.1,1213
2026-03-17 14:15:00,1533.1,1534.8,1532.2,1534.3,1369
2026-03-17 14:20:00,1534.3,1534.7,1531.2,1532.7,2055
2026-03-17 14:25:00,1532.7,1535.0,1530.1,1533.0,2693
2026-03-17 14:30:00,1533.1,1534.6,1532.7,1532.9,1260
2026-03-17 14:35:00,1532.9,1534.9,1532.7,1534.1,1278
2026-03-17 14:40:00,1534.1,1535.0,1530.5,1531.0,2249
2026-03-17 14:45:00,1531.0,1533.0,1527.0,1529.7,4383
2026-03-17 14:50:00,1529.8,1530.0,1527.2,1528.7,2586
2026-03-17 14:55:00,1529.2,1530.0,1527.6,1529.4,1519
2026-03-17 15:00:00,1529.7,1529.7,1527.0,1527.9,3213
2026-03-17 15:05:00,1527.8,1527.8,1521.0,1521.0,7115
2026-03-17 15:10:00,1521.6,1523.7,1521.0,1523.2,4312
2026-03-17 15:15:00,1523.1,1523.2,1516.0,1517.6,4151
2026-03-17 15:20:00,1520.0,1522.9,1518.0,1518.0,4186
2026-03-17 15:25:00,1518.0,1520.0,1510.0,1515.0,4075
2026-03-18 09:15:00,1521.0,1528.0,1511.0,1525.9,6976
2026-03-18 09:20:00,1525.9,1529.5,1523.0,1523.6,3803
2026-03-18 09:25:00,1523.6,1533.7,1522.2,1531.9,2997
2026-03-18 09:30:00,1531.9,1533.7,1528.0,1530.0,2826
2026-03-18 09:35:00,1530.0,1531.4,1529.9,1530.8,960
2026-03-18 09:40:00,1530.8,1532.1,1525.7,1528.2,1826
2026-03-18 09:45:00,1528.2,1529.9,1527.1,1528.1,897
2026-03-18 09:50:00,1528.1,1530.6,1525.0,1526.3,1352
2026-03-18 09:55:00,1526.8,1527.1,1522.0,1522.0,1099
2026-03-18 10:00:00,1523.1,1523.1,1517.0,1518.6,1078
2026-03-18 10:05:00,1518.6,1520.4,1518.3,1519.7,526
2026-03-18 10:10:00,1519.7,1523.0,1519.7,1520.7,537
2026-03-18 10:15:00,1521.1,1524.2,1520.3,1521.7,2921
2026-03-18 10:20:00,1521.7,1522.3,1517.3,1519.0,2132
2026-03-18 10:25:00,1519.1,1519.4,1513.1,1513.9,2108
2026-03-18 10:30:00,1513.9,1517.0,1505.9,1509.4,2283
2026-03-18 10:35:00,1510.5,1511.2,1506.1,1509.2,1412
2026-03-18 10:40:00,1509.2,1509.3,1506.7,1507.2,885
2026-03-18 10:45:00,1507.0,1509.1,1506.0,1508.8,1105
2026-03-18 10:50:00,1508.8,1509.9,1507.0,1509.4,1053
2026-03-18 10:55:00,1509.4,1509.7,1507.1,1509.1,1094
2026-03-18 11:00:00,1509.1,1509.3,1507.2,1507.2,1131
2026-03-18 11:05:00,1507.2,1508.3,1505.2,1506.1,2102
2026-03-18 11:10:00,1506.1,1512.0,1506.1,1509.5,7062
2026-03-18 11:15:00,1509.1,1511.2,1506.0,1511.2,6113
2026-03-18 11:20:00,1511.1,1512.8,1509.6,1512.8,2989
2026-03-18 11:25:00,1512.7,1514.9,1512.0,1512.5,1786
2026-03-18 11:30:00,1512.6,1513.9,1512.0,1512.1,482
2026-03-18 11:35:00,1512.1,1513.7,1512.0,1513.3,493
2026-03-18 11:40:00,1513.3,1514.2,1512.1,1513.5,843
2026-03-18 11:45:00,1513.5,1513.7,1512.6,1512.7,454
2026-03-18 11:50:00,1513.0,1514.3,1512.9,1514.1,552
2026-03-18 11:55:00,1513.7,1515.0,1512.7,1513.5,1068
2026-03-18 12:00:00,1514.0,1514.0,1512.0,1512.3,1116
2026-03-18 12:05:00,1512.3,1513.8,1512.0,1513.0,623
2026-03-18 12:10:00,1513.0,1514.4,1512.0,1512.0,451
2026-03-18 12:15:00,1512.0,1512.6,1507.5,1508.1,5388
2026-03-18 12:20:00,1508.8,1508.9,1503.8,1506.2,3727
2026-03-18 12:25:00,1507.5,1507.5,1504.0,1505.0,7000
2026-03-18 12:30:00,1504.9,1509.1,1504.5,1508.3,3467
2026-03-18 12:35:00,1508.9,1509.9,1505.0,1505.0,3000
2026-03-18 12:40:00,1505.3,1506.0,1504.5,1506.0,3171
2026-03-18 12:45:00,1506.0,1507.0,1504.5,1505.8,3205
2026-03-18 12:50:00,1505.7,1507.0,1502.9,1506.7,4565
2026-03-18 12:55:00,1507.0,1509.2,1500.0,1500.4,4473
2026-03-18 13:00:00,1500.2,1502.4,1498.0,1499.8,4559
2026-03-18 13:05:00,1499.8,1499.8,1492.9,1495.4,2203
2026-03-18 13:10:00,1495.0,1497.0,1492.4,1495.6,3285
2026-03-18 13:15:00,1495.6,1497.0,1494.6,1496.0,1347
2026-03-18 13:20:00,1496.0,1497.0,1495.0,1496.3,1146
2026-03-18 13:25:00,1496.3,1499.4,1496.2,1498.1,2703
2026-03-18 13:30:00,1500.0,1503.5,1498.3,1502.1,2433
2026-03-18 13:35:00,1502.8,1504.5,1501.2,1504.2,1728
2026-03-18 13:40:00,1504.2,1510.0,1503.0,1508.6,36469
2026-03-18 13:45:00,1508.5,1512.8,1506.1,1508.9,6448
2026-03-18 13:50:00,1508.2,1513.9,1507.3,1512.9,4389
2026-03-18 13:55:00,1512.9,1515.4,1510.6,1514.5,3013
2026-03-18 14:00:00,1514.0,1515.3,1510.1,1514.6,2828
2026-03-18 14:05:00,1514.8,1514.8,1510.0,1512.3,2056
2026-03-18 14:10:00,1511.8,1512.8,1505.3,1508.6,11332
2026-03-18 14:15:00,1508.1,1510.0,1505.4,1507.7,2690
2026-03-18 14:20:00,1507.8,1509.4,1505.9,1506.4,3368
2026-03-18 14:25:00,1507.5,1507.6,1504.0,1504.1,7054
2026-03-18 14:30:00,1504.4,1505.6,1501.4,1502.8,1996
2026-03-18 14:35:00,1502.8,1503.4,1496.5,1498.7,9783
2026-03-18 14:40:00,1498.7,1499.9,1498.0,1499.0,2910
2026-03-18 14:45:00,1499.0,1500.0,1497.0,1498.6,6264
2026-03-18 14:50:00,1499.1,1499.9,1498.2,1499.6,1812
2026-03-18 14:55:00,1499.6,1500.0,1498.0,1498.8,2900
2026-03-18 15:00:00,1498.9,1500.0,1496.3,1497.7,4899
2026-03-18 15:05:00,1497.4,1499.9,1495.7,1499.8,5008
2026-03-18 15:10:00,1499.8,1499.8,1496.0,1498.0,3108
2026-03-18 15:15:00,1498.0,1498.2,1491.7,1494.9,8908
2026-03-18 15:20:00,1494.6,1495.3,1493.0,1494.5,7656
2026-03-18 15:25:00,1494.2,1495.0,1488.1,1490.0,12605
2026-03-19 09:15:00,1457.0,1499.7,1437.0,1437.7,20901
2026-03-19 09:20:00,1439.2,1445.9,1436.0,1442.1,6532
2026-03-19 09:25:00,1441.6,1443.5,1435.1,1437.5,10677
2026-03-19 09:30:00,1437.9,1438.9,1430.6,1434.4,12461
2026-03-19 09:35:00,1434.7,1436.9,1430.1,1432.8,6393
2026-03-19 09:40:00,1432.8,1443.5,1431.3,1439.3,12090
2026-03-19 09:45:00,1439.3,1440.7,1434.5,1434.7,6848
2026-03-19 09:50:00,1434.3,1437.9,1433.4,1434.5,4183
2026-03-19 09:55:00,1433.0,1435.3,1431.7,1435.3,2242
2026-03-19 10:00:00,1435.0,1438.0,1432.0,1436.9,3713
2026-03-19 10:05:00,1436.9,1440.5,1435.6,1439.9,3386
2026-03-19 10:10:00,1440.0,1441.9,1437.8,1439.4,3297
2026-03-19 10:15:00,1439.4,1439.4,1433.9,1435.9,2740
2026-03-19 10:20:00,1434.8,1436.8,1433.8,1436.8,1428
2026-03-19 10:25:00,1436.1,1439.5,1435.6,1438.0,2408
2026-03-19 10:30:00,1438.0,1441.0,1437.5,1439.5,2439
2026-03-19 10:35:00,1439.4,1442.5,1439.1,1441.2,3835
2026-03-19 10:40:00,1441.5,1441.5,1435.0,1438.5,10073
2026-03-19 10:45:00,1438.5,1440.0,1436.3,1439.0,2783
2026-03-19 10:50:00,1438.4,1440.5,1438.4,1440.5,887
2026-03-19 10:55:00,1440.5,1440.8,1438.5,1440.7,1745
2026-03-19 11:00:00,1440.7,1440.7,1436.0,1436.2,1466
2026-03-19 11:05:00,1436.2,1439.0,1433.3,1435.5,10703
2026-03-19 11:10:00,1435.5,1439.5,1434.7,1437.7,4377
2026-03-19 11:15:00,1437.7,1439.8,1436.5,1439.2,1245
2026-03-19 11:20:00,1439.2,1439.2,1434.8,1437.4,105448
2026-03-19 11:25:00,1437.4,1438.3,1434.5,1434.7,1734
2026-03-19 11:30:00,1434.6,1439.2,1434.5,1437.6,3021
2026-03-19 11:35:00,1438.5,1439.5,1437.4,1439.4,3129
2026-03-19 11:40:00,1439.4,1439.4,1437.3,1438.4,4152
2026-03-19 11:45:00,1438.4,1439.0,1435.8,1438.2,4930
2026-03-19 11:50:00,1438.1,1441.6,1437.0,1438.1,15989
2026-03-19 11:55:00,1437.8,1438.6,1436.0,1438.6,2986
2026-03-19 12:00:00,1438.6,1439.0,1437.5,1437.7,1177
2026-03-19 12:05:00,1437.7,1438.3,1436.6,1437.7,1059
2026-03-19 12:10:00,1437.7,1439.8,1435.9,1439.8,1743
2026-03-19 12:15:00,1438.9,1439.7,1437.4,1438.0,1645
2026-03-19 12:20:00,1437.9,1438.0,1436.4,1437.5,1219
2026-03-19 12:25:00,1437.5,1438.7,1437.3,1438.6,1365
2026-03-19 12:30:00,1437.5,1438.8,1436.3,1438.5,1909
2026-03-19 12:35:00,1438.6,1438.6,1436.6,1436.7,1449
2026-03-19 12:40:00,1436.7,1437.9,1435.5,1436.7,2532
2026-03-19 12:45:00,1437.0,1438.0,1435.0,1437.2,10884
2026-03-19 12:50:00,1437.2,1438.9,1435.8,1438.0,3808
2026-03-19 12:55:00,1437.6,1438.8,1436.2,1437.2,1261
2026-03-19 13:00:00,1436.7,1437.9,1436.4,1437.1,892
2026-03-19 13:05:00,1437.1,1437.9,1435.9,1437.1,3258
2026-03-19 13:10:00,1437.0,1437.5,1422.0,1424.7,13657
2026-03-19 13:15:00,1423.8,1424.5,1420.7,1421.0,7843
2026-03-19 13:20:00,1421.3,1421.9,1420.0,1420.8,2297
2026-03-19 13:25:00,1420.7,1422.8,1418.1,1420.7,2180
2026-03-19 13:30:00,1419.9,1422.2,1419.9,1421.8,786
2026-03-19 13:35:00,1421.2,1423.9,1421.0,1423.9,3249
2026-03-19 13:40:00,1423.9,1424.6,1420.5,1420.5,2018
2026-03-19 13:45:00,1420.5,1422.3,1418.0,1420.4,3671
2026-03-19 13:50:00,1420.4,1420.8,1416.0,1416.7,2406
2026-03-19 13:55:00,1416.7,1420.7,1414.7,1415.4,4907
2026-03-19 14:00:00,1415.4,1418.2,1413.5,1414.9,1475
2026-03-19 14:05:00,1414.9,1416.5,1413.5,1413.5,2445
2026-03-19 14:10:00,1414.3,1415.1,1412.1,1414.5,1452
2026-03-19 14:15:00,1414.5,1416.7,1413.9,1415.3,2585
2026-03-19 14:20:00,1415.3,1418.7,1414.2,1416.4,1890
2026-03-19 14:25:00,1416.4,1417.9,1414.0,1415.2,1266
2026-03-19 14:30:00,1415.2,1416.5,1414.7,1415.6,2829
2026-03-19 14:35:00,1416.5,1417.9,1415.4,1417.1,2762
2026-03-19 14:40:00,1417.1,1417.7,1413.2,1417.7,1871
2026-03-19 14:45:00,1417.7,1418.0,1415.0,1416.8,1947
2026-03-19 14:50:00,1416.5,1417.0,1412.8,1413.5,2096
2026-03-19 14:55:00,1413.5,1413.5,1408.0,1409.7,3297
2026-03-19 15:00:00,1409.7,1420.8,1408.0,1419.0,3734
2026-03-19 15:05:00,1419.0,1432.5,1418.8,1431.4,12699
2026-03-19 15:10:00,1431.0,1443.5,1431.0,1443.0,17675
2026-03-19 15:15:00,1443.0,1443.8,1434.6,1434.6,109476
2026-03-19 15:20:00,1435.8,1435.8,1421.2,1423.2,8229
2026-03-19 15:25:00,1424.4,1438.1,1421.1,1421.1,17955
2026-03-20 09:15:00,1440.0,1477.7,1415.9,1429.8,6570
2026-03-20 09:20:00,1429.8,1439.9,1429.3,1439.8,5078
2026-03-20 09:25:00,1439.8,1441.4,1426.0,1431.4,4047
2026-03-20 09:30:00,1431.4,1434.7,1430.4,1431.0,1008
2026-03-20 09:35:00,1431.0,1431.3,1425.5,1425.5,1295
2026-03-20 09:40:00,1425.5,1425.5,1422.0,1423.3,4569
2026-03-20 09:45:00,1422.7,1423.8,1414.4,1418.0,5327
2026-03-20 09:50:00,1418.4,1418.9,1414.0,1415.3,2011
2026-03-20 09:55:00,1415.3,1418.9,1415.0,1415.7,1100
2026-03-20 10:00:00,1415.0,1423.2,1415.0,1421.3,3066
2026-03-20 10:05:00,1421.3,1423.8,1420.6,1422.0,513
2026-03-20 10:10:00,1422.0,1424.6,1420.5,1423.1,1103
2026-03-20 10:15:00,1423.1,1423.1,1416.9,1417.6,1271
2026-03-20 10:20:00,1417.6,1419.3,1417.1,1418.2,364
2026-03-20 10:25:00,1418.2,1421.7,1418.2,1421.4,170
2026-03-20 10:30:00,1421.4,1423.4,1420.8,1420.9,274
2026-03-20 10:35:00,1420.9,1428.3,1420.9,1426.2,1559
2026-03-20 10:40:00,1426.2,1428.1,1416.2,1417.0,2914
2026-03-20 10:45:00,1418.8,1427.7,1416.6,1418.6,11508
2026-03-20 10:50:00,1418.6,1423.7,1418.6,1420.7,516
2026-03-20 10:55:00,1420.7,1421.6,1416.0,1416.5,2190
2026-03-20 11:00:00,1416.5,1418.5,1416.0,1416.0,449
2026-03-20 11:05:00,1416.7,1419.4,1416.1,1417.1,500
2026-03-20 11:10:00,1418.1,1418.9,1416.4,1418.4,790
2026-03-20 11:15:00,1417.9,1421.3,1417.0,1421.3,232
2026-03-20 11:20:00,1421.3,1427.2,1421.2,1422.0,1675
2026-03-20 11:25:00,1422.0,1423.0,1420.2,1422.0,578
2026-03-20 11:30:00,1421.8,1427.7,1421.2,1427.5,3951
2026-03-20 11:35:00,1428.3,1429.4,1416.1,1417.3,4972
2026-03-20 11:40:00,1417.6,1420.3,1415.5,1417.2,2295
2026-03-20 11:45:00,1417.2,1419.1,1416.0,1416.6,2509
2026-03-20 11:50:00,1416.9,1418.6,1415.1,1417.3,2320
2026-03-20 11:55:00,1418.3,1423.0,1417.5,1419.5,5423
2026-03-20 12:00:00,1420.0,1422.4,1419.5,1420.0,2514
2026-03-20 12:05:00,1420.0,1422.2,1417.8,1418.4,2181
2026-03-20 12:10:00,1418.4,1420.6,1415.6,1417.0,27169
2026-03-20 12:15:00,1416.9,1420.0,1412.0,1416.1,4382
2026-03-20 12:20:00,1416.1,1416.1,1408.3,1410.0,4758
2026-03-20 12:25:00,1410.0,1414.7,1405.3,1412.0,17857
2026-03-20 12:30:00,1412.0,1416.0,1409.1,1414.7,2072
2026-03-20 12:35:00,1414.5,1419.7,1414.3,1418.6,2204
2026-03-20 12:40:00,1418.6,1419.8,1415.8,1419.1,2553
2026-03-20 12:45:00,1419.1,1419.7,1416.2,1417.4,2516
2026-03-20 12:50:00,1417.6,1418.9,1414.4,1417.1,3141
2026-03-20 12:55:00,1417.1,1419.4,1415.6,1417.0,3503
2026-03-20 13:00:00,1416.0,1417.2,1412.0,1416.0,4791
2026-03-20 13:05:00,1415.8,1418.9,1415.0,1418.1,3482
2026-03-20 13:10:00,1417.4,1419.3,1415.6,1417.5,3364
2026-03-20 13:15:00,1417.5,1419.8,1413.3,1417.0,4527
2026-03-20 13:20:00,1417.0,1419.7,1414.1,1417.1,5100
2026-03-20 13:25:00,1416.4,1420.0,1416.1,1417.6,4405
2026-03-20 13:30:00,1417.3,1417.3,1411.2,1411.3,2783
2026-03-20 13:35:00,1411.3,1414.3,1407.7,1410.8,5359
2026-03-20 13:40:00,1409.6,1412.8,1409.6,1412.1,2979
2026-03-20 13:45:00,1411.4,1413.0,1404.8,1406.4,9906
2026-03-20 13:50:00,1406.5,1413.2,1405.9,1411.4,9784
2026-03-20 13:55:00,1411.3,1413.5,1409.0,1409.0,3025
2026-03-20 14:00:00,1409.0,1411.1,1408.1,1410.4,2571
2026-03-20 14:05:00,1410.5,1411.1,1405.5,1405.8,3984
2026-03-20 14:10:00,1405.1,1407.1,1404.2,1405.5,4112
2026-03-20 14:15:00,1405.5,1408.2,1405.0,1406.5,2503
2026-03-20 14:20:00,1407.1,1415.0,1407.0,1412.2,5447
2026-03-20 14:25:00,1412.1,1417.7,1410.8,1413.6,11197
2026-03-20 14:30:00,1413.6,1416.1,1412.0,1413.1,2721
2026-03-20 14:35:00,1413.3,1414.0,1411.4,1413.3,2881
2026-03-20 14:40:00,1411.8,1417.5,1411.8,1415.5,4040
2026-03-20 14:45:00,1416.2,1416.7,1410.2,1411.5,6248
2026-03-20 14:50:00,1412.4,1415.4,1411.0,1413.0,3274
2026-03-20 14:55:00,1412.5,1415.9,1412.1,1415.1,4054
2026-03-20 15:00:00,1415.5,1415.5,1403.3,1405.7,28157
2026-03-20 15:05:00,1406.0,1415.0,1402.3,1411.7,27759
2026-03-20 15:10:00,1410.8,1411.5,1403.0,1406.5,28728
2026-03-20 15:15:00,1405.7,1406.6,1401.4,1401.4,26864
2026-03-20 15:20:00,1401.6,1408.9,1398.7,1406.6,30353
2026-03-20 15:25:00,1405.6,1416.0,1405.3,1409.1,18519
2026-03-23 09:15:00,1407.0,1407.6,1365.0,1366.9,7934
2026-03-23 09:20:00,1365.1,1370.8,1363.7,1369.2,6438
2026-03-23 09:25:00,1369.2,1369.8,1360.0,1361.0,1850
2026-03-23 09:30:00,1360.0,1364.9,1357.9,1361.8,3698
2026-03-23 09:35:00,1361.8,1365.2,1359.8,1363.6,1583
2026-03-23 09:40:00,1363.6,1363.6,1360.6,1362.6,1157
2026-03-23 09:45:00,1362.6,1362.6,1357.0,1358.3,1075
2026-03-23 09:50:00,1358.7,1359.7,1354.0,1356.3,3723
2026-03-23 09:55:00,1355.3,1358.6,1354.8,1356.8,598
2026-03-23 10:00:00,1356.8,1364.3,1356.4,1361.1,4309
2026-03-23 10:05:00,1360.1,1361.2,1352.0,1353.2,51630
2026-03-23 10:10:00,1353.2,1353.2,1335.3,1337.8,10673
2026-03-23 10:15:00,1339.0,1340.0,1338.1,1340.0,2270
2026-03-23 10:20:00,1340.0,1344.0,1337.0,1337.0,6737
2026-03-23 10:25:00,1337.0,1338.2,1331.9,1332.6,8426
2026-03-23 10:30:00,1332.6,1334.5,1330.0,1330.0,1620
2026-03-23 10:35:00,1328.5,1330.0,1321.7,1322.9,7760
2026-03-23 10:40:00,1322.9,1327.9,1320.0,1325.5,17150
2026-03-23 10:45:00,1325.8,1325.8,1321.7,1323.7,6038
2026-03-23 10:50:00,1324.3,1325.1,1320.0,1322.0,2369
2026-03-23 10:55:00,1321.2,1324.7,1321.2,1324.0,554
2026-03-23 11:00:00,1324.0,1324.0,1322.2,1324.0,1047
2026-03-23 11:05:00,1324.0,1326.9,1322.4,1326.9,835
2026-03-23 11:10:00,1326.9,1327.9,1322.2,1325.0,2218
2026-03-23 11:15:00,1324.9,1324.9,1322.0,1322.0,836
2026-03-23 11:20:00,1322.7,1324.0,1322.1,1322.1,1336
2026-03-23 11:25:00,1323.0,1323.6,1320.7,1323.5,816
2026-03-23 11:30:00,1323.4,1323.5,1317.5,1320.0,2523
2026-03-23 11:35:00,1319.9,1320.0,1318.4,1319.5,575
2026-03-23 11:40:00,1319.8,1321.4,1315.6,1317.0,1749
2026-03-23 11:45:00,1317.0,1318.0,1314.0,1315.6,1263
2026-03-23 11:50:00,1315.6,1317.6,1315.2,1317.2,703
2026-03-23 11:55:00,1317.2,1317.2,1314.4,1315.4,913
2026-03-23 12:00:00,1315.3,1317.0,1312.0,1314.0,1714
2026-03-23 12:05:00,1314.0,1315.6,1312.5,1314.2,1624
2026-03-23 12:10:00,1314.2,1316.7,1313.1,1315.0,1555
2026-03-23 12:15:00,1315.6,1317.6,1315.5,1316.6,716
2026-03-23 12:20:00,1316.6,1317.7,1312.0,1312.0,1162
2026-03-23 12:25:00,1312.0,1313.2,1308.1,1313.2,2489
2026-03-23 12:30:00,1313.2,1314.4,1311.4,1313.7,1397
2026-03-23 12:35:00,1313.6,1314.9,1312.1,1313.8,890
2026-03-23 12:40:00,1313.8,1318.2,1312.6,1318.0,1421
2026-03-23 12:45:00,1318.0,1318.4,1315.0,1317.1,2897
2026-03-23 12:50:00,1317.1,1317.1,1315.1,1315.2,674
2026-03-23 12:55:00,1315.2,1315.2,1311.5,1312.7,6379
2026-03-23 13:00:00,1312.7,1313.8,1312.5,1313.5,711
2026-03-23 13:05:00,1313.5,1314.7,1312.0,1313.4,671
2026-03-23 13:10:00,1313.4,1313.4,1311.0,1311.5,673
2026-03-23 13:15:00,1311.5,1312.6,1309.1,1310.5,1449
2026-03-23 13:20:00,1310.5,1310.5,1309.1,1310.1,815
2026-03-23 13:25:00,1310.1,1310.1,1308.3,1308.3,623
2026-03-23 13:30:00,1309.5,1312.9,1306.0,1309.0,2309
2026-03-23 13:35:00,1309.0,1309.3,1307.4,1308.4,606
2026-03-23 13:40:00,1308.4,1308.9,1306.0,1308.1,1226
2026-03-23 13:45:00,1308.1,1310.0,1307.1,1309.7,2507
2026-03-23 13:50:00,1309.7,1311.1,1306.2,1309.1,2916
2026-03-23 13:55:00,1309.1,1313.9,1305.0,1306.1,7584
2026-03-23 14:00:00,1305.0,1309.8,1305.0,1309.3,1412
2026-03-23 14:05:00,1309.7,1318.7,1308.4,1318.7,30232
2026-03-23 14:10:00,1318.3,1323.9,1318.3,1320.9,3038
2026-03-23 14:15:00,1320.9,1323.0,1320.4,1320.5,2809
2026-03-23 14:20:00,1321.4,1334.2,1320.5,1330.0,32548
2026-03-23 14:25:00,1330.0,1333.6,1330.0,1330.0,10203
2026-03-23 14:30:00,1330.0,1333.7,1329.1,1333.7,9348
2026-03-23 14:35:00,1331.5,1333.6,1329.3,1333.0,2878
2026-03-23 14:40:00,1333.0,1333.0,1330.0,1332.4,30167
2026-03-23 14:45:00,1332.4,1334.9,1331.1,1333.4,553
2026-03-23 14:50:00,1334.0,1336.3,1331.8,1336.1,1973
2026-03-23 14:55:00,1336.2,1338.3,1333.0,1338.1,2361
2026-03-23 15:00:00,1337.1,1337.1,1331.7,1333.6,2856
2026-03-23 15:05:00,1332.8,1335.8,1331.0,1331.6,5513
2026-03-23 15:10:00,1332.5,1351.5,1331.6,1348.6,15893
2026-03-23 15:15:00,1348.0,1352.9,1346.5,1352.7,12198
2026-03-23 15:20:00,1352.2,1364.5,1348.6,1359.0,14828
2026-03-23 15:25:00,1359.0,1373.9,1357.0,1370.0,16933
2026-03-24 09:15:00,1385.0,1385.0,1333.6,1338.0,13591
2026-03-24 09:20:00,1337.5,1343.5,1331.9,1342.7,7550
2026-03-24 09:25:00,1342.7,1355.9,1342.7,1355.0,4798
2026-03-24 09:30:00,1354.0,1355.2,1338.1,1339.3,7234
2026-03-24 09:35:00,1339.3,1339.5,1330.2,1330.2,2827
2026-03-24 09:40:00,1330.0,1334.1,1330.0,1330.6,2730
2026-03-24 09:45:00,1330.2,1331.0,1325.2,1327.0,4622
2026-03-24 09:50:00,1327.0,1328.8,1323.9,1327.1,2523
2026-03-24 09:55:00,1328.2,1331.8,1325.3,1331.8,7022
2026-03-24 10:00:00,1331.8,1333.8,1327.1,1328.9,3322
2026-03-24 10:05:00,1328.9,1330.3,1316.9,1317.7,5068
2026-03-24 10:10:00,1317.9,1319.0,1313.9,1315.2,2557
2026-03-24 10:15:00,1315.2,1318.5,1312.8,1315.2,2324
2026-03-24 10:20:00,1315.2,1328.2,1315.2,1322.8,5958
2026-03-24 10:25:00,1323.1,1323.3,1316.4,1318.0,3263
2026-03-24 10:30:00,1317.4,1318.5,1313.0,1313.8,2282
2026-03-24 10:35:00,1313.8,1314.5,1310.0,1310.0,2437
2026-03-24 10:40:00,1310.0,1328.4,1309.5,1325.4,12491
2026-03-24 10:45:00,1326.4,1328.2,1320.1,1324.0,7573
2026-03-24 10:50:00,1324.0,1324.0,1317.7,1321.4,2012
2026-03-24 10:55:00,1321.4,1322.1,1316.9,1319.5,3964
2026-03-24 11:00:00,1319.5,1327.8,1319.5,1325.9,4998
2026-03-24 11:05:00,1327.0,1331.1,1324.7,1327.8,2457
2026-03-24 11:10:00,1328.6,1331.9,1327.1,1329.1,2559
2026-03-24 11:15:00,1329.1,1332.2,1327.4,1330.6,2147
2026-03-24 11:20:00,1331.5,1336.3,1330.8,1333.9,3979
2026-03-24 11:25:00,1334.0,1334.7,1329.6,1330.1,1092
2026-03-24 11:30:00,1330.7,1331.5,1324.9,1328.6,3679
2026-03-24 11:35:00,1328.6,1331.0,1324.7,1325.5,3049
2026-03-24 11:40:00,1325.5,1328.7,1322.1,1324.5,4245
2026-03-24 11:45:00,1324.6,1328.9,1320.2,1321.7,2839
2026-03-24 11:50:00,1321.5,1327.9,1321.5,1324.4,1464
2026-03-24 11:55:00,1326.6,1331.6,1326.4,1327.3,3722
2026-03-24 12:00:00,1327.3,1328.8,1325.6,1328.7,3277
2026-03-24 12:05:00,1328.7,1328.7,1323.3,1324.5,2495
2026-03-24 12:10:00,1324.5,1327.2,1322.1,1323.0,1974
2026-03-24 12:15:00,1323.0,1323.7,1320.1,1322.3,1874
2026-03-24 12:20:00,1322.3,1333.5,1321.0,1331.8,3200
2026-03-24 12:25:00,1333.3,1335.1,1329.3,1333.4,2256
2026-03-24 12:30:00,1333.4,1336.3,1333.0,1335.2,2621
2026-03-24 12:35:00,1335.2,1339.0,1334.1,1335.3,3318
2026-03-24 12:40:00,1336.9,1342.3,1335.1,1337.5,4852
2026-03-24 12:45:00,1338.8,1347.8,1337.6,1346.5,8844
2026-03-24 12:50:00,1347.0,1355.3,1345.7,1354.9,6730
2026-03-24 12:55:00,1354.9,1354.9,1346.6,1351.2,5976
2026-03-24 13:00:00,1351.2,1354.7,1349.2,1351.5,3158
2026-03-24 13:05:00,1351.5,1356.5,1350.4,1355.9,3831
2026-03-24 13:10:00,1355.9,1356.0,1345.8,1345.9,4797
2026-03-24 13:15:00,1345.9,1358.4,1343.0,1348.8,9751
2026-03-24 13:20:00,1348.8,1359.0,1346.6,1355.3,11277
2026-03-24 13:25:00,1355.3,1362.3,1354.7,1359.2,6994
2026-03-24 13:30:00,1359.2,1363.0,1355.4,1361.6,6574
2026-03-24 13:35:00,1361.3,1368.4,1359.9,1364.4,7083
2026-03-24 13:40:00,1364.5,1373.4,1363.2,1370.3,11248
2026-03-24 13:45:00,1370.3,1374.0,1368.0,1368.5,7168
2026-03-24 13:50:00,1368.5,1370.3,1362.0,1363.0,7036
2026-03-24 13:55:00,1362.0,1366.7,1360.4,1364.2,6618
2026-03-24 14:00:00,1364.2,1367.4,1361.2,1363.9,5883
2026-03-24 14:05:00,1363.9,1368.2,1362.9,1364.1,6053
2026-03-24 14:10:00,1364.1,1370.7,1364.1,1367.8,7347
2026-03-24 14:15:00,1369.0,1371.2,1365.6,1367.3,7653
2026-03-24 14:20:00,1368.8,1368.8,1361.5,1362.1,7374
2026-03-24 14:25:00,1361.6,1368.5,1359.2,1368.5,9589
2026-03-24 14:30:00,1368.5,1374.6,1368.5,1372.0,5762
2026-03-24 14:35:00,1372.2,1373.5,1370.0,1370.3,5717
2026-03-24 14:40:00,1370.4,1374.6,1369.1,1370.2,6990
2026-03-24 14:45:00,1370.2,1373.2,1369.9,1371.0,6191
2026-03-24 14:50:00,1371.1,1372.2,1370.0,1371.9,5173
2026-03-24 14:55:00,1371.8,1373.0,1370.2,1370.2,5647
2026-03-24 15:00:00,1370.8,1372.0,1369.2,1370.7,5955
2026-03-24 15:05:00,1370.7,1372.1,1370.0,1370.1,5847
2026-03-24 15:10:00,1370.1,1372.0,1370.1,1371.9,4800
2026-03-24 15:15:00,1372.0,1374.3,1370.0,1370.0,8908
2026-03-24 15:20:00,1371.6,1380.0,1369.6,1379.9,16289
2026-03-24 15:25:00,1378.9,1384.7,1370.0,1374.7,14364
2026-03-25 09:15:00,1376.4,1380.7,1362.7,1374.8,18941
2026-03-25 09:20:00,1375.6,1389.7,1375.1,1387.9,7516
2026-03-25 09:25:00,1387.3,1395.1,1387.3,1394.2,3554
2026-03-25 09:30:00,1394.2,1399.6,1392.3,1399.0,6625
2026-03-25 09:35:00,1399.0,1399.0,1389.7,1393.9,3662
2026-03-25 09:40:00,1393.9,1396.0,1393.0,1396.0,717
2026-03-25 09:45:00,1396.0,1406.0,1396.0,1404.4,5080
2026-03-25 09:50:00,1404.4,1408.2,1400.2,1407.0,57394
2026-03-25 09:55:00,1407.0,1409.4,1407.0,1409.0,980
2026-03-25 10:00:00,1409.0,1411.0,1408.1,1410.5,2164
2026-03-25 10:05:00,1410.5,1412.0,1408.7,1412.0,2487
2026-03-25 10:10:00,1412.0,1414.0,1412.0,1413.7,1041
2026-03-25 10:15:00,1413.7,1415.0,1409.5,1412.6,1747
2026-03-25 10:20:00,1411.4,1413.8,1411.3,1412.2,648
2026-03-25 10:25:00,1412.2,1412.4,1405.3,1406.1,1336
2026-03-25 10:30:00,1407.7,1407.8,1405.3,1407.4,1052
2026-03-25 10:35:00,1407.4,1407.4,1404.0,1406.5,406
2026-03-25 10:40:00,1406.5,1410.7,1405.8,1409.0,512
2026-03-25 10:45:00,1410.0,1411.9,1408.1,1410.6,1369
2026-03-25 10:50:00,1410.6,1411.6,1409.5,1410.9,177
2026-03-25 10:55:00,1410.9,1412.2,1409.0,1412.2,1019
2026-03-25 11:00:00,1412.2,1412.2,1409.9,1410.9,394
2026-03-25 11:05:00,1410.9,1418.9,1410.1,1413.0,31730
2026-03-25 11:10:00,1413.0,1414.0,1409.2,1412.2,5175
2026-03-25 11:15:00,1411.8,1414.4,1411.0,1412.0,1555
2026-03-25 11:20:00,1412.0,1412.8,1410.5,1412.0,1028
2026-03-25 11:25:00,1412.0,1413.4,1410.8,1411.7,1735
2026-03-25 11:30:00,1412.7,1412.7,1410.8,1412.2,1335
2026-03-25 11:35:00,1412.2,1415.2,1411.9,1412.1,24014
2026-03-25 11:40:00,1412.2,1415.9,1406.6,1406.6,20449
2026-03-25 11:45:00,1406.6,1406.6,1403.5,1404.1,1214
2026-03-25 11:50:00,1404.1,1404.9,1403.6,1403.6,393
2026-03-25 11:55:00,1403.6,1404.3,1401.4,1403.0,593
2026-03-25 12:00:00,1401.7,1402.9,1400.0,1401.6,1093
2026-03-25 12:05:00,1401.6,1408.0,1400.4,1407.6,4128
2026-03-25 12:10:00,1410.5,1413.1,1408.5,1412.0,2333
2026-03-25 12:15:00,1412.2,1412.2,1409.1,1410.1,595
2026-03-25 12:20:00,1410.2,1410.7,1410.0,1410.0,381
2026-03-25 12:25:00,1410.0,1410.6,1407.3,1407.5,1488
2026-03-25 12:30:00,1407.8,1409.5,1406.4,1407.9,2455
2026-03-25 12:35:00,1406.3,1408.1,1404.6,1404.6,832
2026-03-25 12:40:00,1404.6,1412.4,1404.3,1412.2,3414
2026-03-25 12:45:00,1412.1,1412.1,1406.9,1410.0,1056
2026-03-25 12:50:00,1411.1,1411.1,1408.2,1408.2,515
2026-03-25 12:55:00,1408.2,1410.4,1408.2,1410.0,697
2026-03-25 13:00:00,1410.0,1410.5,1407.1,1407.6,1210
2026-03-25 13:05:00,1407.3,1411.5,1407.3,1407.8,1642
2026-03-25 13:10:00,1407.8,1410.9,1406.3,1409.4,2597
2026-03-25 13:15:00,1408.9,1411.3,1408.0,1408.6,3329
2026-03-25 13:20:00,1408.6,1411.1,1408.2,1409.2,1792
2026-03-25 13:25:00,1410.5,1411.0,1408.2,1409.8,1932
2026-03-25 13:30:00,1409.8,1411.0,1408.7,1409.3,2221
2026-03-25 13:35:00,1409.3,1411.5,1409.0,1409.4,1793
2026-03-25 13:40:00,1409.2,1411.1,1408.7,1409.2,1819
2026-03-25 13:45:00,1410.0,1411.0,1408.6,1408.7,2250
2026-03-25 13:50:00,1408.7,1410.8,1408.2,1410.3,3795
2026-03-25 13:55:00,1410.0,1415.0,1410.0,1410.3,9332
2026-03-25 14:00:00,1410.4,1415.0,1410.4,1411.0,6099
2026-03-25 14:05:00,1411.0,1415.1,1408.5,1409.8,12763
2026-03-25 14:10:00,1409.8,1412.7,1409.8,1411.1,5380
2026-03-25 14:15:00,1411.1,1415.0,1410.5,1411.0,12014
2026-03-25 14:20:00,1411.9,1411.9,1408.4,1408.9,4621
2026-03-25 14:25:00,1408.9,1411.9,1408.5,1410.7,1958
2026-03-25 14:30:00,1410.7,1411.3,1409.5,1410.0,1801
2026-03-25 14:35:00,1410.0,1411.0,1408.0,1410.1,2011
2026-03-25 14:40:00,1410.1,1411.0,1410.0,1410.0,1637
2026-03-25 14:45:00,1410.0,1410.6,1405.6,1407.0,3669
2026-03-25 14:50:00,1407.0,1407.0,1400.7,1404.2,8118
2026-03-25 14:55:00,1404.6,1405.0,1400.6,1404.7,8373
2026-03-25 15:00:00,1404.7,1406.3,1402.4,1405.0,13162
2026-03-25 15:05:00,1405.2,1405.8,1402.1,1405.0,5610
2026-03-25 15:10:00,1404.9,1408.4,1402.7,1404.9,10343
2026-03-25 15:15:00,1404.8,1404.9,1400.1,1403.7,6070
2026-03-25 15:20:00,1403.7,1403.7,1397.0,1397.0,18500
2026-03-25 15:25:00,1398.1,1401.0,1397.0,1400.0,14319
2026-03-27 09:15:00,1399.3,1399.3,1373.4,1373.6,8112
2026-03-27 09:20:00,1373.6,1383.0,1373.6,1373.9,8002
2026-03-27 09:25:00,1375.1,1379.1,1374.0,1376.4,3366
2026-03-27 09:30:00,1376.7,1378.2,1372.3,1374.2,3249
2026-03-27 09:35:00,1374.2,1375.9,1362.4,1368.6,4643
2026-03-27 09:40:00,1368.6,1371.4,1367.3,1370.7,732
2026-03-27 09:45:00,1369.4,1370.8,1366.3,1367.8,1652
2026-03-27 09:50:00,1366.5,1367.7,1360.1,1364.5,204562
2026-03-27 09:55:00,1364.5,1365.2,1362.3,1364.7,838
2026-03-27 10:00:00,1364.1,1366.0,1362.4,1364.4,1613
2026-03-27 10:05:00,1364.5,1364.5,1360.0,1361.9,1092
2026-03-27 10:10:00,1362.7,1362.7,1354.0,1354.8,3435
2026-03-27 10:15:00,1355.1,1356.3,1352.9,1353.7,1125
2026-03-27 10:20:00,1353.7,1357.0,1352.5,1356.9,1167
2026-03-27 10:25:00,1356.9,1358.0,1354.5,1356.3,1432
2026-03-27 10:30:00,1356.3,1358.0,1354.6,1357.0,1978
2026-03-27 10:35:00,1357.0,1357.1,1355.0,1356.0,412
2026-03-27 10:40:00,1355.2,1357.1,1354.0,1354.5,4341
2026-03-27 10:45:00,1354.5,1359.4,1353.8,1358.0,7950
2026-03-27 10:50:00,1358.6,1369.6,1356.9,1368.0,4877
2026-03-27 10:55:00,1368.0,1374.8,1367.1,1371.2,2544
2026-03-27 11:00:00,1366.2,1370.0,1366.2,1368.2,9793
2026-03-27 11:05:00,1368.2,1369.5,1367.6,1368.6,368
2026-03-27 11:10:00,1368.6,1369.1,1367.1,1368.2,230
2026-03-27 11:15:00,1367.4,1368.9,1366.0,1368.3,1675
2026-03-27 11:20:00,1368.3,1369.9,1367.5,1369.4,722
2026-03-27 11:25:00,1369.4,1369.6,1368.0,1368.9,396
2026-03-27 11:30:00,1368.9,1369.9,1367.8,1367.8,1495
2026-03-27 11:35:00,1367.8,1376.0,1367.7,1376.0,2192
2026-03-27 11:40:00,1376.0,1382.7,1373.4,1382.7,1009
2026-03-27 11:45:00,1382.7,1385.9,1382.7,1384.5,2354
2026-03-27 11:50:00,1384.5,1386.6,1382.4,1386.6,1027
2026-03-27 11:55:00,1386.6,1389.4,1384.1,1389.4,993
2026-03-27 12:00:00,1389.4,1396.0,1385.6,1396.0,1994
2026-03-27 12:05:00,1396.0,1397.9,1380.2,1381.6,4334
2026-03-27 12:10:00,1381.6,1384.7,1380.4,1383.9,1446
2026-03-27 12:15:00,1383.9,1384.0,1381.0,1381.7,1560
2026-03-27 12:20:00,1378.4,1380.1,1377.4,1379.8,485
2026-03-27 12:25:00,1378.8,1384.3,1378.6,1383.8,449
2026-03-27 12:30:00,1383.6,1385.4,1382.1,1383.8,1585
2026-03-27 12:35:00,1383.0,1384.9,1381.4,1382.2,477
2026-03-27 12:40:00,1382.2,1382.5,1380.8,1382.4,552
2026-03-27 12:45:00,1382.4,1383.4,1380.6,1383.0,681
2026-03-27 12:50:00,1383.0,1384.6,1381.6,1382.7,2144
2026-03-27 12:55:00,1383.2,1384.9,1380.4,1382.0,1458
2026-03-27 13:00:00,1381.9,1381.9,1375.5,1376.9,487
2026-03-27 13:05:00,1376.9,1378.8,1375.0,1378.8,5981
2026-03-27 13:10:00,1378.8,1382.3,1378.8,1381.5,714
2026-03-27 13:15:00,1381.5,1384.7,1381.5,1383.8,325
2026-03-27 13:20:00,1383.8,1384.9,1380.8,1381.8,1950
2026-03-27 13:25:00,1381.3,1382.7,1379.6,1381.1,806
2026-03-27 13:30:00,1381.1,1381.6,1377.0,1377.0,1267
2026-03-27 13:35:00,1377.0,1377.0,1375.5,1376.5,282
2026-03-27 13:40:00,1376.0,1376.1,1374.7,1375.4,490
2026-03-27 13:45:00,1375.4,1376.6,1375.1,1375.1,473
2026-03-27 13:50:00,1375.1,1377.0,1375.1,1375.1,753
2026-03-27 13:55:00,1375.1,1376.0,1372.0,1372.0,697
2026-03-27 14:00:00,1372.0,1373.5,1371.8,1373.3,137
2026-03-27 14:05:00,1373.3,1373.9,1372.7,1373.2,383
2026-03-27 14:10:00,1373.2,1376.5,1372.5,1376.4,782
2026-03-27 14:15:00,1376.5,1377.5,1374.4,1374.4,922
2026-03-27 14:20:00,1374.4,1376.4,1374.4,1375.5,326
2026-03-27 14:25:00,1377.6,1377.6,1373.6,1373.6,1432
2026-03-27 14:30:00,1373.6,1376.0,1373.4,1374.1,1176
2026-03-27 14:35:00,1374.1,1374.3,1370.7,1371.3,605
2026-03-27 14:40:00,1371.3,1374.7,1370.2,1372.9,1041
2026-03-27 14:45:00,1373.4,1375.2,1372.9,1375.1,1311
2026-03-27 14:50:00,1375.6,1381.5,1374.0,1377.2,13919
2026-03-27 14:55:00,1378.1,1379.0,1375.8,1376.7,811
2026-03-27 15:00:00,1376.5,1389.1,1376.5,1389.1,11272
2026-03-27 15:05:00,1388.8,1393.7,1387.7,1391.4,6314
2026-03-27 15:10:00,1391.6,1395.0,1389.2,1393.9,5498
2026-03-27 15:15:00,1395.3,1396.3,1392.0,1393.9,6154
2026-03-27 15:20:00,1394.0,1395.4,1390.4,1390.6,5014
2026-03-27 15:25:00,1391.6,1392.9,1378.0,1380.0,5010
2026-03-30 09:15:00,1360.1,1379.9,1360.1,1369.0,11673
2026-03-30 09:20:00,1367.8,1376.3,1365.6,1370.1,9221
2026-03-30 09:25:00,1369.4,1370.3,1363.1,1368.0,8433
2026-03-30 09:30:00,1370.1,1375.9,1368.8,1375.9,8928
2026-03-30 09:35:00,1370.9,1375.0,1369.4,1371.8,1836
2026-03-30 09:40:00,1371.8,1376.4,1369.6,1376.2,1186
2026-03-30 09:45:00,1376.5,1379.1,1372.2,1372.9,2023
2026-03-30 09:50:00,1372.9,1373.9,1369.9,1370.7,1056
2026-03-30 09:55:00,1370.7,1370.9,1367.0,1369.9,508
2026-03-30 10:00:00,1369.9,1371.9,1368.0,1370.8,730
2026-03-30 10:05:00,1369.4,1370.9,1366.7,1368.4,622
2026-03-30 10:10:00,1368.4,1369.2,1365.9,1369.1,559
2026-03-30 10:15:00,1369.1,1369.1,1364.8,1365.1,741
2026-03-30 10:20:00,1365.1,1366.6,1363.0,1366.4,1174
2026-03-30 10:25:00,1366.3,1369.2,1366.2,1366.4,748
2026-03-30 10:30:00,1366.4,1372.7,1365.2,1370.6,6991
2026-03-30 10:35:00,1371.0,1372.7,1369.8,1371.6,670
2026-03-30 10:40:00,1371.7,1371.7,1366.0,1367.4,687
2026-03-30 10:45:00,1367.4,1370.6,1365.6,1368.9,1536
2026-03-30 10:50:00,1368.9,1370.0,1366.5,1367.9,1190
2026-03-30 10:55:00,1367.9,1368.0,1364.4,1365.4,619
2026-03-30 11:00:00,1365.4,1366.8,1363.6,1364.1,404
2026-03-30 11:05:00,1364.1,1368.2,1364.1,1366.7,1646
2026-03-30 11:10:00,1366.7,1368.4,1365.6,1367.7,262
2026-03-30 11:15:00,1367.7,1375.0,1367.6,1373.4,2265
2026-03-30 11:20:00,1373.4,1375.0,1367.9,1371.5,5961
2026-03-30 11:25:00,1371.5,1372.5,1370.0,1371.5,5664
2026-03-30 11:30:00,1371.5,1372.0,1370.5,1371.3,129
2026-03-30 11:35:00,1368.2,1374.8,1368.2,1374.8,8762
2026-03-30 11:40:00,1374.8,1375.0,1371.3,1371.9,208
2026-03-30 11:45:00,1371.9,1382.1,1370.1,1381.9,1924
2026-03-30 11:50:00,1381.9,1384.0,1381.9,1383.0,574
2026-03-30 11:55:00,1383.0,1385.0,1382.6,1384.1,1564
2026-03-30 12:00:00,1383.0,1389.1,1383.0,1387.5,3751
2026-03-30 12:05:00,1387.5,1389.9,1384.1,1386.0,1469
2026-03-30 12:10:00,1386.0,1389.4,1384.7,1388.6,1298
2026-03-30 12:15:00,1388.6,1392.2,1387.7,1391.3,1245
2026-03-30 12:20:00,1391.3,1393.0,1389.7,1390.1,1130
2026-03-30 12:25:00,1390.0,1390.4,1387.6,1390.2,2564
2026-03-30 12:30:00,1390.2,1392.1,1390.0,1390.6,525
2026-03-30 12:35:00,1390.0,1393.9,1388.8,1393.9,2124
2026-03-30 12:40:00,1393.9,1394.9,1392.0,1394.0,453
2026-03-30 12:45:00,1393.3,1394.9,1392.1,1394.1,1132
2026-03-30 12:50:00,1394.1,1394.4,1387.9,1391.0,3086
2026-03-30 12:55:00,1391.0,1391.0,1390.0,1390.5,665
2026-03-30 13:00:00,1390.1,1391.6,1389.3,1391.2,2620
2026-03-30 13:05:00,1391.2,1393.8,1390.7,1392.2,1074
2026-03-30 13:10:00,1392.2,1394.5,1390.0,1393.2,695
2026-03-30 13:15:00,1393.6,1395.0,1391.9,1393.2,1350
2026-03-30 13:20:00,1393.2,1393.2,1390.6,1390.9,344
2026-03-30 13:25:00,1390.9,1390.9,1386.1,1386.1,2541
2026-03-30 13:30:00,1386.1,1388.8,1385.4,1387.7,1437
2026-03-30 13:35:00,1388.0,1389.5,1387.1,1388.4,1259
2026-03-30 13:40:00,1388.5,1388.5,1384.8,1386.5,1757
2026-03-30 13:45:00,1386.5,1386.5,1381.0,1383.8,11055
2026-03-30 13:50:00,1383.8,1387.0,1383.1,1387.0,6024
2026-03-30 13:55:00,1386.1,1387.6,1385.0,1387.4,1942
2026-03-30 14:00:00,1386.6,1391.5,1386.6,1390.1,6614
2026-03-30 14:05:00,1390.1,1390.5,1390.0,1390.0,659
2026-03-30 14:10:00,1390.0,1390.0,1385.8,1389.3,2112
2026-03-30 14:15:00,1389.8,1390.3,1387.8,1390.0,1458
2026-03-30 14:20:00,1390.0,1390.8,1386.1,1387.7,1409
2026-03-30 14:25:00,1388.0,1388.7,1386.5,1387.9,1954
2026-03-30 14:30:00,1387.9,1388.7,1382.9,1386.1,3248
2026-03-30 14:35:00,1386.1,1388.6,1382.7,1382.7,6581
2026-03-30 14:40:00,1382.7,1385.5,1382.0,1383.0,2632
2026-03-30 14:45:00,1383.0,1384.2,1380.4,1383.1,2657
2026-03-30 14:50:00,1383.1,1384.0,1378.8,1379.0,1912
2026-03-30 14:55:00,1379.0,1379.0,1370.1,1372.7,4083
2026-03-30 15:00:00,1372.0,1373.9,1368.8,1370.1,5936
2026-03-30 15:05:00,1370.1,1372.5,1370.0,1370.4,5833
2026-03-30 15:10:00,1370.4,1370.6,1360.1,1361.6,20247
2026-03-30 15:15:00,1361.5,1364.5,1361.1,1364.0,5753
2026-03-30 15:20:00,1364.0,1364.0,1356.4,1356.8,4279
2026-03-30 15:25:00,1356.9,1369.6,1355.0,1368.0,4206
2026-04-01 09:15:00,1388.0,1395.9,1368.3,1394.3,28699
2026-04-01 09:20:00,1394.3,1399.5,1390.8,1394.8,11587
2026-04-01 09:25:00,1394.9,1398.3,1391.1,1393.2,7932
2026-04-01 09:30:00,1392.5,1393.6,1385.5,1385.5,6874
2026-04-01 09:35:00,1385.5,1385.5,1374.5,1377.2,9210
2026-04-01 09:40:00,1375.3,1380.9,1368.0,1373.1,5113
2026-04-01 09:45:00,1373.1,1377.4,1369.0,1376.5,3582
2026-04-01 09:50:00,1377.4,1386.1,1376.0,1385.5,4992
2026-04-01 09:55:00,1384.5,1387.1,1381.6,1383.3,3299
2026-04-01 10:00:00,1383.3,1386.4,1381.2,1382.9,2329
2026-04-01 10:05:00,1382.4,1382.4,1372.0,1372.1,2054
2026-04-01 10:10:00,1372.1,1373.9,1369.0,1370.2,1905
2026-04-01 10:15:00,1370.0,1372.9,1369.0,1369.7,3012
2026-04-01 10:20:00,1369.7,1372.1,1369.0,1370.5,3555
2026-04-01 10:25:00,1369.2,1371.3,1368.3,1369.0,1734
2026-04-01 10:30:00,1369.7,1370.1,1368.1,1369.0,2621
2026-04-01 10:35:00,1369.7,1373.6,1368.5,1372.0,3176
2026-04-01 10:40:00,1372.0,1372.0,1367.2,1369.8,3138
2026-04-01 10:45:00,1370.6,1373.4,1369.3,1370.3,2613
2026-04-01 10:50:00,1370.3,1370.3,1368.1,1368.7,1137
2026-04-01 10:55:00,1368.7,1370.0,1366.2,1368.2,1226
2026-04-01 11:00:00,1368.1,1370.2,1366.8,1369.1,1304
2026-04-01 11:05:00,1369.1,1371.0,1368.0,1369.2,1813
2026-04-01 11:10:00,1369.2,1370.6,1367.3,1368.8,1483
2026-04-01 11:15:00,1368.6,1369.5,1366.0,1368.7,1298
2026-04-01 11:20:00,1368.7,1371.9,1368.1,1369.9,1871
2026-04-01 11:25:00,1369.0,1370.9,1368.2,1369.3,1151
2026-04-01 11:30:00,1369.3,1372.6,1368.7,1369.7,666
2026-04-01 11:35:00,1371.1,1380.2,1370.6,1379.0,1829
2026-04-01 11:40:00,1378.5,1381.5,1377.8,1378.9,780
2026-04-01 11:45:00,1378.4,1380.3,1374.4,1375.1,951
2026-04-01 11:50:00,1375.1,1375.8,1374.8,1375.0,1839
2026-04-01 11:55:00,1375.0,1377.9,1373.7,1377.6,1720
2026-04-01 12:00:00,1377.6,1381.1,1376.7,1380.4,1269
2026-04-01 12:05:00,1380.4,1382.8,1379.4,1382.0,661
2026-04-01 12:10:00,1382.0,1384.3,1381.1,1382.4,2162
2026-04-01 12:15:00,1382.4,1383.5,1379.0,1381.2,973
2026-04-01 12:20:00,1381.2,1381.2,1377.5,1377.5,645
2026-04-01 12:25:00,1377.5,1380.2,1376.8,1380.2,907
2026-04-01 12:30:00,1380.2,1382.0,1378.5,1378.5,1018
2026-04-01 12:35:00,1378.3,1381.6,1377.8,1380.6,831
2026-04-01 12:40:00,1380.6,1380.9,1377.4,1378.7,964
2026-04-01 12:45:00,1378.7,1388.9,1378.7,1388.9,956
2026-04-01 12:50:00,1388.9,1401.7,1388.3,1398.4,3620
2026-04-01 12:55:00,1398.4,1409.6,1395.2,1409.5,4721
2026-04-01 13:00:00,1409.4,1415.7,1408.0,1413.9,2020
2026-04-01 13:05:00,1414.7,1415.0,1410.6,1411.8,2335
2026-04-01 13:10:00,1411.8,1411.8,1404.7,1407.0,2854
2026-04-01 13:15:00,1408.4,1409.2,1402.1,1403.9,1500
2026-04-01 13:20:00,1404.0,1404.4,1400.1,1401.6,1341
2026-04-01 13:25:00,1401.7,1403.2,1400.1,1402.2,1017
2026-04-01 13:30:00,1402.9,1402.9,1394.8,1397.9,2735
2026-04-01 13:35:00,1398.0,1398.8,1396.4,1398.8,989
2026-04-01 13:40:00,1398.7,1398.7,1385.0,1390.2,3403
2026-04-01 13:45:00,1390.2,1394.3,1389.2,1393.5,1719
2026-04-01 13:50:00,1393.7,1395.2,1391.9,1393.2,1362
2026-04-01 13:55:00,1393.5,1395.9,1392.8,1395.2,1164
2026-04-01 14:00:00,1395.1,1397.9,1392.8,1397.0,1104
2026-04-01 14:05:00,1395.9,1398.8,1395.1,1397.9,1171
2026-04-01 14:10:00,1398.5,1400.2,1396.2,1399.8,1714
2026-04-01 14:15:00,1399.8,1399.8,1396.6,1398.4,921
2026-04-01 14:20:00,1398.4,1398.5,1394.0,1396.3,1202
2026-04-01 14:25:00,1396.3,1396.8,1394.3,1395.8,1040
2026-04-01 14:30:00,1395.8,1398.2,1393.4,1396.7,1869
2026-04-01 14:35:00,1396.7,1397.0,1392.2,1393.3,1464
2026-04-01 14:40:00,1393.5,1393.5,1387.2,1387.2,2239
2026-04-01 14:45:00,1388.5,1388.5,1383.7,1387.7,3043
2026-04-01 14:50:00,1387.7,1387.7,1384.4,1387.1,1232
2026-04-01 14:55:00,1387.9,1388.5,1383.7,1383.7,1745
2026-04-01 15:00:00,1384.8,1390.9,1384.5,1387.7,3083
2026-04-01 15:05:00,1388.2,1391.3,1383.7,1386.7,6121
2026-04-01 15:10:00,1387.1,1390.0,1383.7,1383.7,14539
2026-04-01 15:15:00,1383.9,1386.1,1383.7,1383.7,6764
2026-04-01 15:20:00,1385.0,1387.4,1383.7,1385.4,3088
2026-04-01 15:25:00,1385.4,1422.0,1383.7,1383.7,8881
2026-04-02 09:15:00,1372.0,1372.7,1342.5,1349.1,3784
2026-04-02 09:20:00,1349.1,1352.9,1342.8,1344.1,3663
2026-04-02 09:25:00,1344.1,1346.2,1340.6,1341.1,1390
2026-04-02 09:30:00,1341.1,1344.0,1340.6,1341.3,457
2026-04-02 09:35:00,1341.0,1346.0,1340.5,1344.6,1240
2026-04-02 09:40:00,1343.1,1345.0,1340.1,1340.4,1893
2026-04-02 09:45:00,1343.1,1345.3,1340.1,1340.1,914
2026-04-02 09:50:00,1340.1,1340.7,1333.1,1334.9,1709
2026-04-02 09:55:00,1335.9,1336.8,1333.7,1335.8,875
2026-04-02 10:00:00,1335.8,1338.6,1335.0,1335.0,683
2026-04-02 10:05:00,1335.0,1335.0,1330.0,1330.0,915
2026-04-02 10:10:00,1331.3,1334.8,1328.6,1332.8,1186
2026-04-02 10:15:00,1331.9,1331.9,1327.5,1329.4,793
2026-04-02 10:20:00,1329.4,1352.6,1329.4,1345.9,1681
2026-04-02 10:25:00,1345.4,1346.9,1344.9,1346.6,804
2026-04-02 10:30:00,1346.8,1350.0,1344.3,1350.0,3136
2026-04-02 10:35:00,1350.0,1351.8,1347.6,1351.0,222
2026-04-02 10:40:00,1351.0,1353.5,1351.0,1351.2,269
2026-04-02 10:45:00,1351.0,1352.2,1346.8,1348.9,878
2026-04-02 10:50:00,1348.9,1351.0,1348.1,1351.0,515
2026-04-02 10:55:00,1351.0,1351.0,1347.0,1349.8,666
2026-04-02 11:00:00,1349.8,1351.2,1349.8,1350.0,318
2026-04-02 11:05:00,1350.0,1360.0,1348.5,1360.0,2380
2026-04-02 11:10:00,1360.0,1361.7,1357.2,1357.4,1534
2026-04-02 11:15:00,1357.4,1359.8,1357.4,1359.8,222
2026-04-02 11:20:00,1358.1,1363.8,1357.1,1362.7,356
2026-04-02 11:25:00,1362.7,1365.1,1362.7,1364.7,205
2026-04-02 11:30:00,1363.6,1367.2,1361.5,1363.4,1166
2026-04-02 11:35:00,1362.6,1364.0,1360.1,1362.4,996
2026-04-02 11:40:00,1361.6,1361.9,1356.9,1357.9,413
2026-04-02 11:45:00,1357.9,1359.9,1356.2,1357.0,916
2026-04-02 11:50:00,1358.7,1359.0,1356.0,1356.3,17786
2026-04-02 11:55:00,1356.3,1357.0,1356.0,1356.4,3782
2026-04-02 12:00:00,1356.4,1356.7,1351.2,1351.2,8899
2026-04-02 12:05:00,1351.2,1353.8,1351.2,1351.6,1144
2026-04-02 12:10:00,1351.6,1354.7,1351.6,1352.5,362
2026-04-02 12:15:00,1352.5,1354.6,1351.9,1353.3,637
2026-04-02 12:20:00,1352.9,1354.3,1348.1,1350.8,1847
2026-04-02 12:25:00,1350.8,1351.7,1346.9,1347.1,312
2026-04-02 12:30:00,1347.1,1350.0,1347.1,1350.0,253
2026-04-02 12:35:00,1350.0,1352.5,1348.6,1349.7,2016
2026-04-02 12:40:00,1349.7,1368.3,1349.6,1359.3,4765
2026-04-02 12:45:00,1359.3,1360.0,1357.0,1359.0,913
2026-04-02 12:50:00,1359.8,1360.0,1358.1,1359.3,255
2026-04-02 12:55:00,1359.3,1361.2,1359.0,1361.2,1386
2026-04-02 13:00:00,1361.2,1363.0,1359.5,1361.4,220
2026-04-02 13:05:00,1361.4,1363.0,1359.9,1362.9,728
2026-04-02 13:10:00,1362.9,1363.0,1361.2,1362.8,209
2026-04-02 13:15:00,1362.8,1362.8,1359.3,1362.0,496
2026-04-02 13:20:00,1362.0,1369.0,1360.9,1367.9,4752
2026-04-02 13:25:00,1367.9,1369.8,1367.4,1369.8,567
2026-04-02 13:30:00,1369.8,1373.1,1368.9,1372.1,937
2026-04-02 13:35:00,1372.1,1372.1,1370.2,1371.7,489
2026-04-02 13:40:00,1371.7,1373.8,1371.7,1373.6,189
2026-04-02 13:45:00,1373.6,1374.9,1370.6,1370.6,1293
2026-04-02 13:50:00,1370.6,1373.1,1369.0,1371.4,571
2026-04-02 13:55:00,1371.4,1371.9,1369.0,1369.0,129
2026-04-02 14:00:00,1369.7,1371.3,1367.7,1370.1,886
2026-04-02 14:05:00,1370.1,1373.5,1369.5,1371.4,408
2026-04-02 14:10:00,1371.5,1375.4,1371.5,1375.4,225
2026-04-02 14:15:00,1375.4,1377.6,1373.8,1377.1,761
2026-04-02 14:20:00,1377.1,1378.9,1375.1,1378.2,292
2026-04-02 14:25:00,1379.0,1379.9,1377.6,1379.0,215
2026-04-02 14:30:00,1379.0,1381.1,1376.6,1378.6,662
2026-04-02 14:35:00,1378.6,1379.4,1375.0,1375.7,164
2026-04-02 14:40:00,1375.6,1377.5,1371.3,1372.4,5544
2026-04-02 14:45:00,1372.9,1376.9,1372.0,1375.0,475
2026-04-02 14:50:00,1374.9,1378.4,1373.7,1378.4,718
2026-04-02 14:55:00,1378.4,1378.4,1375.7,1375.9,452
2026-04-02 15:00:00,1376.8,1391.7,1376.8,1390.0,3227
2026-04-02 15:05:00,1393.0,1409.8,1393.0,1406.7,4517
2026-04-02 15:10:00,1406.7,1406.8,1402.2,1403.3,3440
2026-04-02 15:15:00,1403.4,1403.7,1397.6,1397.7,4196
2026-04-02 15:20:00,1397.7,1398.8,1393.0,1393.0,2721
2026-04-02 15:25:00,1392.9,1397.4,1378.0,1397.4,2519
2026-04-06 09:15:00,1398.0,1400.1,1375.0,1376.3,4116
2026-04-06 09:20:00,1379.4,1383.0,1378.2,1382.1,938
2026-04-06 09:25:00,1383.0,1384.5,1375.4,1375.5,1555
2026-04-06 09:30:00,1375.5,1377.9,1372.2,1377.1,1415
2026-04-06 09:35:00,1377.1,1384.8,1377.0,1380.4,1531
2026-04-06 09:40:00,1380.4,1382.1,1373.0,1376.0,2230
2026-04-06 09:45:00,1376.0,1378.9,1373.0,1374.0,793
2026-04-06 09:50:00,1372.3,1373.9,1368.0,1372.5,4735
2026-04-06 09:55:00,1372.5,1374.5,1370.5,1372.1,629
2026-04-06 10:00:00,1372.1,1373.9,1370.6,1372.7,516
2026-04-06 10:05:00,1372.7,1374.9,1369.8,1373.0,942
2026-04-06 10:10:00,1373.0,1379.3,1373.0,1378.7,3987
2026-04-06 10:15:00,1378.7,1380.6,1373.3,1379.8,2841
2026-04-06 10:20:00,1379.8,1384.9,1378.4,1380.4,565
2026-04-06 10:25:00,1380.3,1381.8,1376.8,1381.8,556
2026-04-06 10:30:00,1381.0,1384.7,1379.2,1384.2,4575
2026-04-06 10:35:00,1384.2,1392.8,1384.2,1392.8,1775
2026-04-06 10:40:00,1391.6,1394.9,1390.1,1394.0,851
2026-04-06 10:45:00,1392.3,1398.0,1391.2,1396.1,1075
2026-04-06 10:50:00,1397.1,1399.8,1393.4,1397.9,1180
2026-04-06 10:55:00,1397.9,1398.9,1394.9,1396.9,320
2026-04-06 11:00:00,1396.9,1396.9,1393.0,1393.8,380
2026-04-06 11:05:00,1393.8,1393.8,1390.7,1390.7,424
2026-04-06 11:10:00,1390.7,1391.7,1385.2,1385.7,405
2026-04-06 11:15:00,1385.7,1390.9,1384.5,1390.9,844
2026-04-06 11:20:00,1390.9,1396.8,1388.4,1394.9,1215
2026-04-06 11:25:00,1394.9,1398.2,1394.5,1397.1,342
2026-04-06 11:30:00,1397.1,1404.8,1396.0,1403.3,2232
2026-04-06 11:35:00,1403.3,1409.0,1400.8,1402.3,1340
2026-04-06 11:40:00,1402.3,1403.4,1400.1,1402.0,395
2026-04-06 11:45:00,1402.1,1403.9,1399.1,1401.9,531
2026-04-06 11:50:00,1401.9,1403.8,1398.0,1398.3,558
2026-04-06 11:55:00,1398.3,1406.9,1390.1,1403.5,8891
2026-04-06 12:00:00,1403.5,1405.0,1399.0,1399.7,675
2026-04-06 12:05:00,1399.7,1402.0,1399.2,1399.6,654
2026-04-06 12:10:00,1399.6,1401.9,1397.9,1400.3,957
2026-04-06 12:15:00,1400.3,1403.8,1399.1,1400.4,589
2026-04-06 12:20:00,1400.4,1404.1,1399.0,1399.7,632
2026-04-06 12:25:00,1400.9,1402.8,1399.6,1400.9,1667
2026-04-06 12:30:00,1401.8,1409.4,1400.5,1407.9,6178
2026-04-06 12:35:00,1408.7,1417.2,1408.1,1411.8,5434
2026-04-06 12:40:00,1411.8,1413.9,1411.2,1413.9,395
2026-04-06 12:45:00,1412.9,1416.8,1412.9,1416.1,520
2026-04-06 12:50:00,1416.7,1419.0,1416.0,1419.0,395
2026-04-06 12:55:00,1417.9,1419.3,1417.5,1418.7,504
2026-04-06 13:00:00,1418.7,1418.7,1413.5,1413.5,369
2026-04-06 13:05:00,1414.7,1414.7,1411.9,1413.2,417
2026-04-06 13:10:00,1413.2,1417.2,1412.4,1417.2,395
2026-04-06 13:15:00,1417.2,1419.0,1416.4,1417.4,765
2026-04-06 13:20:00,1417.4,1420.0,1417.0,1417.6,1516
2026-04-06 13:25:00,1417.6,1418.8,1406.2,1406.2,1433
2026-04-06 13:30:00,1407.4,1407.9,1406.0,1406.0,357
2026-04-06 13:35:00,1406.0,1409.3,1406.0,1406.2,532
2026-04-06 13:40:00,1406.2,1408.3,1405.1,1407.0,848
2026-04-06 13:45:00,1405.7,1407.7,1405.3,1407.0,424
2026-04-06 13:50:00,1407.0,1411.2,1407.0,1411.2,327
2026-04-06 13:55:00,1411.2,1413.5,1410.0,1411.0,937
2026-04-06 14:00:00,1411.0,1414.6,1411.0,1414.6,432
2026-04-06 14:05:00,1414.6,1414.6,1412.1,1414.0,121
2026-04-06 14:10:00,1414.0,1415.8,1413.0,1415.5,225
2026-04-06 14:15:00,1415.5,1418.7,1415.4,1418.0,329
2026-04-06 14:20:00,1418.0,1423.7,1416.1,1422.8,3215
2026-04-06 14:25:00,1422.8,1423.3,1407.7,1407.7,4057
2026-04-06 14:30:00,1407.7,1415.1,1407.0,1414.5,2329
2026-04-06 14:35:00,1414.5,1420.1,1414.5,1418.9,334
2026-04-06 14:40:00,1418.9,1419.9,1415.0,1415.0,549
2026-04-06 14:45:00,1412.1,1417.0,1412.0,1416.1,5980
2026-04-06 14:50:00,1416.1,1418.0,1411.8,1411.8,506
2026-04-06 14:55:00,1412.3,1415.6,1411.3,1415.6,1455
2026-04-06 15:00:00,1415.8,1417.4,1414.7,1415.4,454
2026-04-06 15:05:00,1419.3,1421.9,1419.1,1421.6,598
2026-04-06 15:10:00,1421.6,1424.0,1421.1,1421.1,2781
2026-04-06 15:15:00,1421.0,1432.2,1419.3,1432.0,9975
2026-04-06 15:20:00,1431.9,1434.5,1428.0,1432.5,7221
2026-04-06 15:25:00,1432.5,1433.8,1430.0,1430.0,2851
2026-04-07 09:15:00,1407.6,1414.0,1392.9,1410.0,14311
2026-04-07 09:20:00,1410.0,1427.0,1409.4,1425.2,5615
2026-04-07 09:25:00,1425.2,1430.1,1422.3,1430.1,2392
2026-04-07 09:30:00,1431.0,1438.5,1424.2,1425.4,7694
2026-04-07 09:35:00,1425.4,1425.4,1419.4,1422.5,827
2026-04-07 09:40:00,1422.5,1424.8,1415.5,1416.2,842
2026-04-07 09:45:00,1416.2,1419.0,1414.5,1417.0,1805
2026-04-07 09:50:00,1417.0,1417.0,1413.5,1416.2,1091
2026-04-07 09:55:00,1416.2,1419.1,1416.2,1419.1,506
2026-04-07 10:00:00,1419.1,1421.0,1417.6,1418.8,1398
2026-04-07 10:05:00,1418.8,1419.8,1416.3,1417.2,327
2026-04-07 10:10:00,1416.0,1416.6,1412.0,1412.0,978
2026-04-07 10:15:00,1412.0,1414.8,1411.8,1412.0,620
2026-04-07 10:20:00,1412.6,1413.6,1407.5,1409.0,1013
2026-04-07 10:25:00,1409.0,1412.7,1409.0,1412.7,382
2026-04-07 10:30:00,1412.7,1418.0,1411.6,1416.0,1155
2026-04-07 10:35:00,1416.0,1416.0,1412.9,1413.0,286
2026-04-07 10:40:00,1413.0,1418.0,1413.0,1417.9,578
2026-04-07 10:45:00,1417.9,1417.9,1415.6,1416.0,171
2026-04-07 10:50:00,1416.0,1422.0,1414.0,1422.0,3219
2026-04-07 10:55:00,1419.0,1420.8,1416.5,1417.1,858
2026-04-07 11:00:00,1417.1,1417.1,1410.0,1410.0,718
2026-04-07 11:05:00,1410.0,1412.0,1408.1,1411.1,706
2026-04-07 11:10:00,1411.1,1411.1,1405.1,1405.1,354
2026-04-07 11:15:00,1405.1,1413.0,1405.1,1412.0,1051
2026-04-07 11:20:00,1412.0,1413.9,1411.2,1411.2,277
2026-04-07 11:25:00,1411.2,1411.8,1410.2,1410.5,158
2026-04-07 11:30:00,1410.5,1413.0,1406.0,1406.0,1029
2026-04-07 11:35:00,1406.0,1407.5,1405.0,1405.5,601
2026-04-07 11:40:00,1405.5,1406.0,1404.0,1404.2,725
2026-04-07 11:45:00,1404.2,1405.0,1403.5,1404.8,465
2026-04-07 11:50:00,1404.8,1406.0,1404.8,1406.0,112
2026-04-07 11:55:00,1406.0,1409.0,1404.9,1409.0,1237
2026-04-07 12:00:00,1409.0,1409.0,1405.0,1408.0,867
2026-04-07 12:05:00,1408.0,1408.0,1404.2,1404.2,2183
2026-04-07 12:10:00,1404.2,1405.7,1402.8,1402.8,2113
2026-04-07 12:15:00,1402.8,1402.8,1399.4,1399.4,624
2026-04-07 12:20:00,1399.4,1403.0,1399.4,1402.5,1710
2026-04-07 12:25:00,1402.5,1406.0,1402.5,1406.0,532
2026-04-07 12:30:00,1406.0,1406.1,1404.5,1406.1,185
2026-04-07 12:35:00,1406.1,1410.0,1404.3,1404.3,1514
2026-04-07 12:40:00,1404.3,1405.3,1404.1,1405.0,357
2026-04-07 12:45:00,1405.0,1406.5,1400.1,1400.4,5868
2026-04-07 12:50:00,1400.4,1402.0,1400.0,1401.0,1022
2026-04-07 12:55:00,1401.0,1401.0,1396.9,1398.5,1851
2026-04-07 13:00:00,1398.6,1399.5,1396.3,1399.5,685
2026-04-07 13:05:00,1399.5,1401.0,1394.0,1397.1,12637
2026-04-07 13:10:00,1396.5,1396.5,1384.0,1384.0,5204
2026-04-07 13:15:00,1384.0,1396.6,1384.0,1396.5,2268
2026-04-07 13:20:00,1396.5,1397.9,1393.9,1397.5,1526
2026-04-07 13:25:00,1397.5,1398.4,1392.7,1396.0,1569
2026-04-07 13:30:00,1396.0,1399.8,1395.0,1398.4,955
2026-04-07 13:35:00,1398.4,1398.8,1393.1,1393.1,5637
2026-04-07 13:40:00,1394.9,1395.3,1392.0,1392.0,1802
2026-04-07 13:45:00,1392.0,1392.7,1384.0,1385.0,6200
2026-04-07 13:50:00,1385.0,1385.0,1375.0,1381.8,18390
2026-04-07 13:55:00,1381.8,1388.1,1381.8,1385.6,6004
2026-04-07 14:00:00,1385.8,1392.5,1383.9,1390.1,4887
2026-04-07 14:05:00,1390.1,1390.3,1387.0,1388.8,1099
2026-04-07 14:10:00,1388.8,1388.9,1387.1,1388.5,1146
2026-04-07 14:15:00,1388.5,1389.8,1387.1,1389.4,1338
2026-04-07 14:20:00,1389.4,1389.5,1385.1,1386.5,5788
2026-04-07 14:25:00,1385.4,1387.1,1376.2,1376.2,8110
2026-04-07 14:30:00,1377.3,1379.8,1372.8,1376.0,3803
2026-04-07 14:35:00,1375.5,1379.0,1371.0,1379.0,8597
2026-04-07 14:40:00,1378.3,1380.0,1376.4,1379.1,2742
2026-04-07 14:45:00,1379.2,1382.4,1377.4,1382.4,5403
2026-04-07 14:50:00,1383.4,1384.5,1382.0,1383.2,5893
2026-04-07 14:55:00,1383.2,1385.4,1382.9,1384.3,2753
2026-04-07 15:00:00,1384.2,1388.9,1382.9,1388.9,6238
2026-04-07 15:05:00,1389.0,1392.3,1386.9,1390.3,5842
2026-04-07 15:10:00,1390.3,1410.0,1390.0,1408.8,20779
2026-04-07 15:15:00,1407.9,1407.9,1396.4,1398.4,15099
2026-04-07 15:20:00,1400.0,1403.0,1395.0,1402.8,129945
2026-04-07 15:25:00,1402.8,1407.8,1398.0,1406.5,4944
2026-04-08 09:15:00,1465.0,1493.6,1451.7,1488.4,18702
2026-04-08 09:20:00,1491.0,1492.8,1473.1,1482.4,8581
2026-04-08 09:25:00,1483.9,1485.3,1477.9,1478.0,3407
2026-04-08 09:30:00,1478.0,1500.0,1478.0,1496.8,5350
2026-04-08 09:35:00,1497.1,1505.4,1495.9,1499.9,5868
2026-04-08 09:40:00,1501.9,1527.5,1501.9,1524.8,18838
2026-04-08 09:45:00,1523.7,1531.8,1517.5,1530.5,24697
2026-04-08 09:50:00,1531.9,1533.9,1525.8,1526.3,12018
2026-04-08 09:55:00,1526.0,1533.1,1524.7,1530.0,10761
2026-04-08 10:00:00,1528.7,1532.0,1524.8,1529.5,9757
2026-04-08 10:05:00,1527.1,1531.6,1525.1,1531.1,5334
2026-04-08 10:10:00,1531.4,1535.0,1522.8,1524.9,17667
2026-04-08 10:15:00,1524.8,1529.0,1519.0,1526.5,7998
2026-04-08 10:20:00,1526.8,1527.0,1516.5,1523.9,9426
2026-04-08 10:25:00,1523.9,1523.9,1514.0,1521.8,9778
2026-04-08 10:30:00,1521.8,1526.9,1520.8,1526.8,3413
2026-04-08 10:35:00,1526.8,1526.8,1522.2,1525.0,8524
2026-04-08 10:40:00,1524.4,1527.0,1520.5,1524.0,7277
2026-04-08 10:45:00,1524.0,1533.1,1524.0,1528.2,10404
2026-04-08 10:50:00,1528.2,1532.7,1528.2,1531.3,3534
2026-04-08 10:55:00,1532.5,1532.6,1528.3,1530.7,1564
2026-04-08 11:00:00,1530.7,1536.1,1527.1,1534.0,8431
2026-04-08 11:05:00,1534.0,1546.5,1533.0,1542.0,20085
2026-04-08 11:10:00,1542.9,1564.0,1541.7,1558.5,37357
2026-04-08 11:15:00,1558.3,1560.0,1551.3,1555.1,21706
2026-04-08 11:20:00,1555.1,1557.9,1546.4,1547.6,24037
2026-04-08 11:25:00,1547.6,1553.9,1542.7,1551.0,14603
2026-04-08 11:30:00,1551.2,1557.0,1550.6,1552.1,23466
2026-04-08 11:35:00,1550.8,1554.7,1543.9,1544.0,15462
2026-04-08 11:40:00,1543.9,1544.0,1537.1,1539.3,25929
2026-04-08 11:45:00,1539.3,1544.4,1537.5,1542.2,12525
2026-04-08 11:50:00,1541.5,1544.0,1539.3,1541.7,6595
2026-04-08 11:55:00,1541.7,1544.4,1537.1,1542.5,12022
2026-04-08 12:00:00,1544.2,1547.6,1543.0,1545.5,6525
2026-04-08 12:05:00,1545.5,1548.4,1539.3,1543.4,10556
2026-04-08 12:10:00,1543.4,1557.6,1543.0,1555.8,17610
2026-04-08 12:15:00,1557.6,1568.8,1556.1,1562.0,67433
2026-04-08 12:20:00,1561.5,1567.6,1558.8,1561.9,27509
2026-04-08 12:25:00,1561.9,1565.8,1559.1,1559.7,18530
2026-04-08 12:30:00,1559.7,1562.0,1555.1,1562.0,29514
2026-04-08 12:35:00,1561.1,1565.0,1561.0,1561.8,18862
2026-04-08 12:40:00,1561.9,1564.5,1559.7,1562.8,15027
2026-04-08 12:45:00,1562.0,1565.0,1560.1,1560.8,15974
2026-04-08 12:50:00,1562.0,1562.4,1559.9,1561.9,11168
2026-04-08 12:55:00,1561.9,1563.2,1561.0,1562.8,9719
2026-04-08 13:00:00,1562.8,1562.8,1557.0,1561.8,22611
2026-04-08 13:05:00,1561.8,1561.8,1557.4,1558.7,9467
2026-04-08 13:10:00,1558.8,1579.9,1558.8,1577.0,57783
2026-04-08 13:15:00,1577.1,1579.3,1572.3,1575.9,63903
2026-04-08 13:20:00,1575.2,1583.6,1566.5,1570.2,89643
2026-04-08 13:25:00,1568.8,1574.7,1567.3,1572.7,25614
2026-04-08 13:30:00,1573.9,1574.7,1568.0,1568.5,17879
2026-04-08 13:35:00,1569.4,1573.4,1567.4,1569.0,19112
2026-04-08 13:40:00,1569.0,1574.8,1566.0,1571.8,26652
2026-04-08 13:45:00,1573.2,1597.7,1571.1,1592.7,120209
2026-04-08 13:50:00,1594.0,1609.4,1592.1,1598.6,212184
2026-04-08 13:55:00,1600.0,1615.0,1598.7,1606.4,214165
2026-04-08 14:00:00,1607.6,1615.0,1596.8,1601.7,171270
2026-04-08 14:05:00,1600.2,1607.7,1592.4,1599.3,132538
2026-04-08 14:10:00,1599.7,1640.0,1598.3,1626.3,388620
2026-04-08 14:15:00,1626.3,1635.0,1622.3,1629.4,175445
2026-04-08 14:20:00,1629.6,1659.0,1629.0,1649.2,557337
2026-04-08 14:25:00,1649.9,1664.7,1648.4,1651.2,133597
2026-04-08 14:30:00,1652.0,1663.4,1649.9,1662.9,170223
2026-04-08 14:35:00,1662.8,1675.9,1660.0,1660.0,224256
2026-04-08 14:40:00,1660.0,1670.0,1643.9,1665.2,166294
2026-04-08 14:45:00,1665.1,1675.9,1665.0,1675.9,244832
2026-04-08 14:50:00,1675.9,1675.9,1675.9,1675.9,11040
2026-04-08 14:55:00,1675.9,1675.9,1642.5,1666.0,237126
2026-04-08 15:00:00,1666.6,1666.6,1650.1,1660.1,41792
2026-04-08 15:05:00,1660.6,1661.0,1644.0,1652.5,43854
2026-04-08 15:10:00,1652.5,1654.9,1622.0,1626.3,82153
2026-04-08 15:15:00,1626.5,1639.5,1622.2,1627.1,82987
2026-04-08 15:20:00,1627.6,1628.8,1603.6,1615.0,50454
2026-04-08 15:25:00,1615.0,1630.0,1615.0,1621.9,31738
2026-04-09 09:15:00,1621.9,1621.9,1570.2,1588.3,120469
2026-04-09 09:20:00,1586.5,1593.0,1585.5,1590.9,32533
2026-04-09 09:25:00,1589.9,1591.0,1581.1,1583.2,23335
2026-04-09 09:30:00,1583.2,1585.5,1577.4,1580.0,19917
2026-04-09 09:35:00,1580.0,1585.3,1578.8,1582.1,10106
2026-04-09 09:40:00,1580.9,1583.1,1572.2,1574.0,17548
2026-04-09 09:45:00,1574.0,1577.8,1573.4,1573.5,14542
2026-04-09 09:50:00,1573.6,1578.5,1573.5,1577.3,10825
2026-04-09 09:55:00,1577.0,1577.0,1573.2,1576.0,5440
2026-04-09 10:00:00,1576.0,1579.0,1574.0,1579.0,11808
2026-04-09 10:05:00,1579.0,1583.5,1577.2,1578.9,10879
2026-04-09 10:10:00,1578.9,1581.1,1577.3,1580.1,6845
2026-04-09 10:15:00,1579.8,1590.9,1578.1,1588.0,13883
2026-04-09 10:20:00,1587.9,1587.9,1582.8,1585.0,3241
2026-04-09 10:25:00,1585.0,1586.0,1581.9,1584.8,1640
2026-04-09 10:30:00,1584.8,1590.8,1584.5,1589.5,4096
2026-04-09 10:35:00,1589.5,1591.5,1586.6,1587.7,4140
2026-04-09 10:40:00,1587.7,1589.1,1584.8,1585.0,3657
2026-04-09 10:45:00,1585.0,1588.4,1583.9,1587.0,2794
2026-04-09 10:50:00,1587.0,1587.2,1585.5,1585.5,987
2026-04-09 10:55:00,1585.5,1590.0,1585.5,1587.9,1519
2026-04-09 11:00:00,1587.9,1591.3,1587.0,1590.7,4343
2026-04-09 11:05:00,1590.7,1590.9,1584.2,1586.3,4483
2026-04-09 11:10:00,1586.3,1586.3,1574.0,1576.8,12348
2026-04-09 11:15:00,1576.8,1577.0,1571.2,1574.5,12543
2026-04-09 11:20:00,1574.5,1582.3,1573.6,1581.6,8296
2026-04-09 11:25:00,1581.7,1583.0,1580.7,1583.0,2621
2026-04-09 11:30:00,1583.0,1585.5,1582.0,1584.9,4556
2026-04-09 11:35:00,1585.8,1586.6,1584.0,1586.6,3730
2026-04-09 11:40:00,1586.6,1587.3,1584.7,1587.0,1552
2026-04-09 11:45:00,1587.0,1589.7,1584.8,1589.3,1839
2026-04-09 11:50:00,1589.3,1589.3,1586.0,1587.6,2511
2026-04-09 11:55:00,1587.6,1589.8,1586.3,1589.3,944
2026-04-09 12:00:00,1588.4,1590.9,1585.0,1586.8,3923
2026-04-09 12:05:00,1586.8,1586.8,1585.0,1586.3,1133
2026-04-09 12:10:00,1586.3,1587.6,1581.3,1581.9,6617
2026-04-09 12:15:00,1581.3,1583.6,1581.3,1582.9,1299
2026-04-09 12:20:00,1582.5,1584.1,1582.1,1582.9,734
2026-04-09 12:25:00,1582.8,1594.0,1582.2,1593.2,10529
2026-04-09 12:30:00,1593.2,1598.6,1593.0,1595.8,12946
2026-04-09 12:35:00,1595.8,1596.9,1592.8,1594.0,4382
2026-04-09 12:40:00,1592.8,1614.8,1592.8,1611.0,25002
2026-04-09 12:45:00,1610.0,1613.8,1608.1,1611.0,26070
2026-04-09 12:50:00,1610.9,1618.9,1610.0,1618.4,15976
2026-04-09 12:55:00,1619.2,1620.1,1613.7,1615.0,9623
2026-04-09 13:00:00,1614.0,1615.0,1612.4,1614.2,3156
2026-04-09 13:05:00,1614.2,1614.6,1613.0,1613.5,1812
2026-04-09 13:10:00,1613.5,1615.0,1612.6,1614.9,5618
2026-04-09 13:15:00,1615.0,1615.0,1593.4,1597.7,22361
2026-04-09 13:20:00,1597.5,1597.5,1584.9,1594.5,10272
2026-04-09 13:25:00,1593.1,1594.4,1586.2,1588.2,8405
2026-04-09 13:30:00,1586.9,1592.2,1585.5,1591.5,6545
2026-04-09 13:35:00,1592.5,1592.6,1588.2,1590.0,3198
2026-04-09 13:40:00,1590.0,1590.0,1582.0,1584.5,2880
2026-04-09 13:45:00,1585.1,1587.2,1581.9,1585.0,2919
2026-04-09 13:50:00,1585.2,1590.0,1584.1,1587.9,5322
2026-04-09 13:55:00,1587.9,1592.0,1587.4,1590.0,3627
2026-04-09 14:00:00,1589.0,1604.9,1588.9,1602.0,14823
2026-04-09 14:05:00,1602.1,1603.8,1599.0,1599.9,2707
2026-04-09 14:10:00,1599.2,1608.9,1598.6,1605.8,8811
2026-04-09 14:15:00,1605.4,1607.0,1590.1,1591.0,10922
2026-04-09 14:20:00,1590.1,1593.6,1588.4,1590.1,6590
2026-04-09 14:25:00,1590.5,1590.5,1587.0,1589.0,1959
2026-04-09 14:30:00,1588.1,1589.6,1583.3,1586.9,4447
2026-04-09 14:35:00,1586.8,1586.9,1582.7,1584.9,3378
2026-04-09 14:40:00,1585.3,1589.0,1575.2,1587.8,13952
2026-04-09 14:45:00,1587.8,1588.1,1585.2,1587.7,3433
2026-04-09 14:50:00,1587.6,1588.1,1584.8,1586.1,3069
2026-04-09 14:55:00,1586.0,1588.1,1584.1,1587.9,3645
2026-04-09 15:00:00,1586.6,1594.0,1583.8,1590.2,5646
2026-04-09 15:05:00,1590.2,1591.7,1586.4,1591.7,4941
2026-04-09 15:10:00,1591.3,1592.9,1588.0,1591.1,13802
2026-04-09 15:15:00,1591.6,1593.0,1580.0,1580.0,13675
2026-04-09 15:20:00,1580.0,1580.0,1565.0,1568.6,17790
2026-04-09 15:25:00,1569.8,1573.7,1568.5,1570.0,8186
2026-04-10 09:15:00,1584.9,1623.3,1580.1,1613.2,24318
2026-04-10 09:20:00,1613.2,1618.0,1609.4,1611.1,11712
2026-04-10 09:25:00,1610.9,1617.9,1609.7,1615.5,6009
2026-04-10 09:30:00,1616.1,1620.0,1611.1,1612.2,4809
2026-04-10 09:35:00,1611.1,1611.1,1600.7,1602.2,5752
2026-04-10 09:40:00,1602.2,1612.6,1602.2,1610.1,2353
2026-04-10 09:45:00,1610.1,1613.7,1609.0,1610.9,3145
2026-04-10 09:50:00,1610.9,1616.3,1610.9,1614.0,1819
2026-04-10 09:55:00,1614.0,1616.3,1614.0,1616.1,1311
2026-04-10 10:00:00,1616.1,1617.9,1613.5,1613.5,1607
2026-04-10 10:05:00,1613.5,1615.0,1608.3,1613.9,2897
2026-04-10 10:10:00,1613.9,1618.7,1613.9,1618.7,1565
2026-04-10 10:15:00,1618.7,1627.7,1608.8,1609.6,11511
2026-04-10 10:20:00,1609.6,1610.6,1605.1,1610.0,1371
2026-04-10 10:25:00,1610.0,1611.9,1595.3,1596.0,7208
2026-04-10 10:30:00,1596.1,1597.4,1589.0,1593.4,2007
2026-04-10 10:35:00,1591.7,1593.5,1585.0,1588.6,5891
2026-04-10 10:40:00,1588.8,1593.8,1585.5,1588.1,3663
2026-04-10 10:45:00,1588.1,1593.6,1587.6,1590.0,3352
2026-04-10 10:50:00,1590.0,1591.4,1589.0,1590.7,1351
2026-04-10 10:55:00,1590.6,1591.3,1588.8,1590.3,1036
2026-04-10 11:00:00,1590.3,1591.9,1588.0,1588.0,1262
2026-04-10 11:05:00,1588.0,1591.5,1588.0,1591.5,776
2026-04-10 11:10:00,1590.4,1592.5,1589.7,1592.5,1172
2026-04-10 11:15:00,1592.5,1592.5,1588.9,1590.6,1118
2026-04-10 11:20:00,1589.0,1591.9,1589.0,1589.5,685
2026-04-10 11:25:00,1590.3,1591.6,1588.2,1588.2,724
2026-04-10 11:30:00,1588.2,1591.4,1588.0,1591.4,597
2026-04-10 11:35:00,1591.3,1595.0,1589.9,1593.7,6005
2026-04-10 11:40:00,1593.7,1595.0,1592.0,1592.0,749
2026-04-10 11:45:00,1592.0,1594.1,1591.1,1592.7,1200
2026-04-10 11:50:00,1592.7,1594.5,1591.7,1594.5,1124
2026-04-10 11:55:00,1594.5,1595.0,1592.4,1594.5,921
2026-04-10 12:00:00,1594.5,1596.0,1592.8,1595.2,1205
2026-04-10 12:05:00,1595.2,1597.0,1594.7,1595.2,1244
2026-04-10 12:10:00,1595.2,1596.5,1594.2,1594.2,501
2026-04-10 12:15:00,1594.2,1595.0,1588.1,1590.0,7275
2026-04-10 12:20:00,1590.0,1592.7,1589.3,1592.7,801
2026-04-10 12:25:00,1593.1,1598.0,1593.1,1597.1,1727
2026-04-10 12:30:00,1597.2,1598.2,1595.4,1597.8,1631
2026-04-10 12:35:00,1597.0,1598.1,1595.3,1595.3,832
2026-04-10 12:40:00,1595.3,1599.0,1595.2,1597.7,767
2026-04-10 12:45:00,1596.5,1602.2,1595.6,1601.5,1198
2026-04-10 12:50:00,1601.5,1605.5,1599.3,1600.0,8791
2026-04-10 12:55:00,1598.4,1602.0,1597.6,1602.0,629
2026-04-10 13:00:00,1602.0,1603.0,1601.1,1602.7,882
2026-04-10 13:05:00,1602.7,1605.0,1600.7,1600.7,989
2026-04-10 13:10:00,1600.7,1605.9,1600.7,1605.9,2717
2026-04-10 13:15:00,1605.1,1606.4,1601.7,1603.4,2004
2026-04-10 13:20:00,1603.4,1606.3,1603.0,1604.4,1077
2026-04-10 13:25:00,1604.4,1607.3,1604.1,1606.2,783
2026-04-10 13:30:00,1606.2,1606.2,1603.4,1603.4,893
2026-04-10 13:35:00,1603.3,1603.3,1598.9,1600.7,3047
2026-04-10 13:40:00,1600.7,1606.0,1591.8,1592.7,4307
2026-04-10 13:45:00,1592.7,1593.9,1592.0,1593.2,1396
2026-04-10 13:50:00,1594.4,1598.8,1593.6,1597.4,1967
2026-04-10 13:55:00,1597.4,1599.6,1595.7,1598.0,840
2026-04-10 14:00:00,1597.7,1598.1,1595.3,1597.0,757
2026-04-10 14:05:00,1597.0,1599.5,1596.1,1596.3,1074
2026-04-10 14:10:00,1596.3,1600.0,1596.3,1597.6,1898
2026-04-10 14:15:00,1597.6,1598.6,1592.0,1594.1,2133
2026-04-10 14:20:00,1594.1,1598.3,1594.1,1596.4,658
2026-04-10 14:25:00,1595.5,1597.1,1594.0,1596.0,3073
2026-04-10 14:30:00,1595.0,1598.4,1593.2,1593.5,1831
2026-04-10 14:35:00,1593.5,1594.9,1593.0,1594.7,485
2026-04-10 14:40:00,1594.7,1597.8,1594.7,1597.5,493
2026-04-10 14:45:00,1597.5,1599.9,1596.1,1599.9,4864
2026-04-10 14:50:00,1599.1,1599.8,1596.6,1596.6,787
2026-04-10 14:55:00,1596.6,1599.0,1596.6,1598.9,1043
2026-04-10 15:00:00,1599.0,1600.0,1597.8,1600.0,3372
2026-04-10 15:05:00,1599.6,1600.0,1598.0,1600.0,8123
2026-04-10 15:10:00,1600.0,1600.0,1598.3,1599.0,3200
2026-04-10 15:15:00,1598.4,1599.0,1591.7,1593.5,4058
2026-04-10 15:20:00,1593.5,1596.9,1592.1,1592.9,6180
2026-04-10 15:25:00,1592.0,1595.6,1590.5,1593.0,2790
2026-04-13 09:15:00,1553.0,1562.2,1532.1,1539.1,9003
2026-04-13 09:20:00,1541.0,1555.7,1541.0,1555.0,4186
2026-04-13 09:25:00,1555.0,1567.0,1555.0,1564.9,3277
2026-04-13 09:30:00,1564.9,1564.9,1560.1,1560.4,1254
2026-04-13 09:35:00,1560.4,1564.2,1550.5,1554.3,2649
2026-04-13 09:40:00,1552.8,1557.5,1552.8,1557.3,921
2026-04-13 09:45:00,1557.3,1558.0,1555.1,1558.0,1975
2026-04-13 09:50:00,1558.0,1563.7,1558.0,1562.6,729
2026-04-13 09:55:00,1562.6,1563.7,1562.4,1563.7,1270
2026-04-13 10:00:00,1563.7,1565.1,1560.4,1560.4,851
2026-04-13 10:05:00,1560.4,1564.8,1560.4,1563.4,1286
2026-04-13 10:10:00,1563.4,1565.0,1560.6,1562.0,1828
2026-04-13 10:15:00,1562.0,1562.0,1548.5,1548.5,2301
2026-04-13 10:20:00,1548.5,1559.9,1548.5,1559.2,873
2026-04-13 10:25:00,1559.2,1563.8,1557.1,1560.9,2789
2026-04-13 10:30:00,1560.9,1562.1,1558.0,1559.4,1164
2026-04-13 10:35:00,1559.4,1561.2,1556.4,1560.2,1473
2026-04-13 10:40:00,1560.2,1560.8,1555.3,1557.4,1063
2026-04-13 10:45:00,1557.4,1564.4,1557.4,1563.2,1246
2026-04-13 10:50:00,1563.2,1568.4,1563.2,1566.2,795
2026-04-13 10:55:00,1566.2,1571.8,1566.2,1567.6,1179
2026-04-13 11:00:00,1567.6,1571.1,1567.0,1569.1,694
2026-04-13 11:05:00,1569.1,1574.4,1569.1,1572.5,804
2026-04-13 11:10:00,1572.5,1572.5,1568.4,1569.6,924
2026-04-13 11:15:00,1569.6,1574.8,1569.6,1574.8,511
2026-04-13 11:20:00,1574.8,1577.3,1573.1,1574.7,1587
2026-04-13 11:25:00,1573.6,1573.6,1568.3,1569.6,2161
2026-04-13 11:30:00,1569.6,1571.5,1569.0,1569.3,241
2026-04-13 11:35:00,1570.3,1573.9,1570.3,1572.2,440
2026-04-13 11:40:00,1572.2,1573.0,1569.8,1570.0,305
2026-04-13 11:45:00,1570.0,1573.2,1569.2,1573.2,533
2026-04-13 11:50:00,1573.2,1575.0,1572.8,1574.6,403
2026-04-13 11:55:00,1574.6,1575.5,1573.3,1573.3,168
2026-04-13 12:00:00,1573.3,1573.9,1571.9,1573.6,413
2026-04-13 12:05:00,1573.6,1573.8,1571.4,1571.5,794
2026-04-13 12:10:00,1571.5,1574.6,1571.5,1574.3,257
2026-04-13 12:15:00,1574.3,1574.3,1571.8,1573.6,295
2026-04-13 12:20:00,1573.6,1575.0,1570.5,1570.9,754
2026-04-13 12:25:00,1570.9,1574.5,1570.9,1572.8,462
2026-04-13 12:30:00,1572.8,1574.3,1568.2,1569.9,400
2026-04-13 12:35:00,1569.9,1569.9,1567.3,1569.9,339
2026-04-13 12:40:00,1569.9,1569.9,1560.2,1562.8,1678
2026-04-13 12:45:00,1562.8,1568.4,1562.8,1568.4,1281
2026-04-13 12:50:00,1567.5,1567.5,1563.8,1565.1,473
2026-04-13 12:55:00,1565.0,1565.0,1560.0,1561.5,451
2026-04-13 13:00:00,1561.5,1562.7,1558.5,1558.5,792
2026-04-13 13:05:00,1558.5,1561.5,1558.5,1560.0,1054
2026-04-13 13:10:00,1560.0,1561.4,1553.1,1553.1,2778
2026-04-13 13:15:00,1553.1,1556.3,1553.1,1555.0,451
2026-04-13 13:20:00,1555.3,1555.4,1553.4,1554.1,368
2026-04-13 13:25:00,1554.1,1555.7,1554.0,1554.0,681
2026-04-13 13:30:00,1554.0,1557.0,1553.7,1555.9,201
2026-04-13 13:35:00,1555.9,1556.6,1552.2,1554.7,639
2026-04-13 13:40:00,1554.7,1557.1,1553.5,1555.9,3340
2026-04-13 13:45:00,1555.9,1557.0,1553.5,1555.8,27754
2026-04-13 13:50:00,1555.8,1555.8,1553.4,1554.4,474
2026-04-13 13:55:00,1554.4,1557.0,1554.4,1557.0,753
2026-04-13 14:00:00,1557.0,1557.0,1555.1,1555.1,320
2026-04-13 14:05:00,1555.1,1555.1,1553.4,1554.7,1214
2026-04-13 14:10:00,1554.7,1556.9,1553.4,1553.4,1858
2026-04-13 14:15:00,1553.4,1557.0,1553.4,1556.2,1222
2026-04-13 14:20:00,1556.2,1557.0,1555.2,1555.2,576
2026-04-13 14:25:00,1555.2,1557.5,1553.4,1557.0,767
2026-04-13 14:30:00,1557.0,1557.0,1555.7,1557.0,380
2026-04-13 14:35:00,1557.0,1557.1,1555.8,1557.1,1336
2026-04-13 14:40:00,1557.0,1557.0,1555.3,1557.0,613
2026-04-13 14:45:00,1557.0,1557.0,1556.1,1556.2,558
2026-04-13 14:50:00,1557.0,1557.5,1556.2,1556.3,506
2026-04-13 14:55:00,1556.3,1557.2,1556.2,1557.0,586
2026-04-13 15:00:00,1557.0,1557.5,1556.0,1557.0,1256
2026-04-13 15:05:00,1557.0,1557.0,1556.1,1556.4,1046
2026-04-13 15:10:00,1556.4,1557.0,1556.0,1557.0,1026
2026-04-13 15:15:00,1556.8,1558.0,1556.1,1556.9,2598
2026-04-13 15:20:00,1556.9,1580.3,1556.9,1575.9,27830
2026-04-13 15:25:00,1575.9,1576.9,1575.0,1575.0,6412
2026-04-15 09:15:00,1610.0,1610.0,1577.7,1585.1,13641
2026-04-15 09:20:00,1587.0,1588.5,1572.5,1579.8,8752
2026-04-15 09:25:00,1579.8,1579.8,1555.4,1562.5,5379
2026-04-15 09:30:00,1562.5,1567.0,1558.0,1558.7,8698
2026-04-15 09:35:00,1558.6,1560.3,1547.0,1553.3,9371
2026-04-15 09:40:00,1553.3,1560.1,1552.7,1556.2,11743
2026-04-15 09:45:00,1556.9,1561.7,1552.7,1552.7,8774
2026-04-15 09:50:00,1552.7,1557.7,1552.5,1557.7,4945
2026-04-15 09:55:00,1557.7,1560.6,1555.1,1555.1,1623
2026-04-15 10:00:00,1555.1,1556.9,1553.5,1555.0,2018
2026-04-15 10:05:00,1555.0,1557.0,1553.5,1553.5,1375
2026-04-15 10:10:00,1553.5,1556.2,1553.5,1556.2,720
2026-04-15 10:15:00,1556.7,1563.5,1551.0,1559.4,6974
2026-04-15 10:20:00,1560.4,1562.0,1553.4,1553.4,2014
2026-04-15 10:25:00,1552.2,1554.0,1550.5,1553.0,2685
2026-04-15 10:30:00,1553.0,1554.0,1546.1,1553.0,5328
2026-04-15 10:35:00,1551.4,1555.9,1550.7,1554.5,2607
2026-04-15 10:40:00,1554.5,1558.0,1552.5,1555.9,2301
2026-04-15 10:45:00,1555.3,1567.6,1555.3,1566.0,7382
2026-04-15 10:50:00,1566.0,1567.3,1563.7,1564.0,1921
2026-04-15 10:55:00,1564.0,1570.0,1563.5,1567.3,3347
2026-04-15 11:00:00,1567.3,1569.5,1567.0,1568.3,1947
2026-04-15 11:05:00,1568.3,1570.7,1566.0,1570.7,4294
2026-04-15 11:10:00,1572.8,1575.9,1570.0,1570.0,8247
2026-04-15 11:15:00,1570.0,1570.0,1565.1,1567.6,2571
2026-04-15 11:20:00,1567.7,1568.8,1566.7,1568.8,1557
2026-04-15 11:25:00,1568.8,1571.2,1568.1,1568.1,1598
2026-04-15 11:30:00,1568.1,1568.3,1564.1,1568.3,2356
2026-04-15 11:35:00,1567.1,1570.0,1567.1,1568.9,1521
2026-04-15 11:40:00,1570.0,1570.2,1567.4,1570.2,529
2026-04-15 11:45:00,1570.2,1570.3,1568.5,1568.5,180
2026-04-15 11:50:00,1568.5,1570.2,1567.8,1569.3,1469
2026-04-15 11:55:00,1569.3,1570.0,1567.9,1569.8,1914
2026-04-15 12:00:00,1569.8,1572.9,1569.8,1570.6,6596
2026-04-15 12:05:00,1570.6,1570.6,1566.1,1567.5,236
2026-04-15 12:10:00,1567.5,1567.6,1566.6,1567.1,80
2026-04-15 12:15:00,1567.1,1568.7,1567.1,1567.4,316
2026-04-15 12:20:00,1567.4,1570.0,1567.4,1570.0,1748
2026-04-15 12:25:00,1570.0,1570.0,1569.0,1569.0,435
2026-04-15 12:30:00,1568.3,1569.0,1568.1,1569.0,600
2026-04-15 12:35:00,1569.0,1569.0,1568.0,1568.0,38
2026-04-15 12:40:00,1568.0,1569.0,1568.0,1569.0,230
2026-04-15 12:45:00,1569.0,1569.0,1568.0,1568.4,370
2026-04-15 12:50:00,1568.4,1568.5,1567.7,1567.7,134
2026-04-15 12:55:00,1567.1,1567.1,1566.0,1566.7,238
2026-04-15 13:00:00,1566.7,1566.7,1565.5,1566.0,159
2026-04-15 13:05:00,1566.5,1567.6,1565.5,1567.6,832
2026-04-15 13:10:00,1567.6,1567.8,1566.3,1567.8,173
2026-04-15 13:15:00,1567.8,1567.8,1563.8,1564.5,5283
2026-04-15 13:20:00,1564.5,1566.7,1564.2,1565.3,98
2026-04-15 13:25:00,1564.2,1566.2,1563.8,1563.8,903
2026-04-15 13:30:00,1563.8,1563.9,1563.8,1563.8,189
2026-04-15 13:35:00,1563.8,1564.2,1563.8,1564.2,266
2026-04-15 13:40:00,1564.2,1568.9,1563.8,1565.4,12924
2026-04-15 13:45:00,1566.7,1566.7,1564.0,1565.0,902
2026-04-15 13:50:00,1565.0,1567.5,1564.2,1564.4,3286
2026-04-15 13:55:00,1564.4,1578.0,1564.4,1577.3,4898
2026-04-15 14:00:00,1573.5,1577.9,1566.0,1567.0,22346
2026-04-15 14:05:00,1566.8,1568.0,1566.3,1567.0,412
2026-04-15 14:10:00,1566.7,1570.6,1565.8,1567.3,47263
2026-04-15 14:15:00,1568.0,1569.5,1565.7,1566.4,9521
2026-04-15 14:20:00,1566.4,1570.6,1565.6,1568.0,57257
2026-04-15 14:25:00,1568.0,1568.0,1561.1,1563.3,15852
2026-04-15 14:30:00,1563.3,1569.1,1562.0,1565.1,110286
2026-04-15 14:35:00,1565.9,1567.0,1565.9,1567.0,2437
2026-04-15 14:40:00,1566.8,1567.0,1565.3,1565.9,4381
2026-04-15 14:45:00,1566.5,1567.0,1565.0,1565.4,3397
2026-04-15 14:50:00,1566.2,1567.0,1565.8,1566.6,2335
2026-04-15 14:55:00,1566.6,1567.2,1565.5,1566.2,4906
2026-04-15 15:00:00,1566.5,1567.0,1565.1,1567.0,3718
2026-04-15 15:05:00,1567.0,1570.8,1564.4,1565.4,42499
2026-04-15 15:10:00,1566.3,1566.3,1561.5,1562.3,4120
2026-04-15 15:15:00,1562.5,1564.9,1562.0,1563.4,3344
2026-04-15 15:20:00,1563.0,1564.9,1560.6,1564.0,4985
2026-04-15 15:25:00,1564.0,1569.0,1560.3,1569.0,104717
2026-04-16 09:15:00,1583.5,1605.4,1565.0,1602.0,10811
2026-04-16 09:20:00,1602.0,1608.4,1599.7,1606.9,5092
2026-04-16 09:25:00,1606.9,1610.0,1598.3,1599.3,4466
2026-04-16 09:30:00,1599.3,1602.0,1597.3,1599.7,2130
2026-04-16 09:35:00,1598.2,1599.6,1586.2,1587.0,3142
2026-04-16 09:40:00,1587.1,1588.9,1585.5,1585.5,4966
2026-04-16 09:45:00,1585.5,1589.0,1578.0,1584.0,4761
2026-04-16 09:50:00,1585.3,1586.6,1580.2,1584.9,2229
2026-04-16 09:55:00,1584.9,1589.5,1583.6,1585.0,3376
2026-04-16 10:00:00,1586.0,1595.1,1583.0,1593.0,2229
2026-04-16 10:05:00,1593.0,1598.2,1592.8,1597.6,1814
2026-04-16 10:10:00,1598.3,1608.0,1597.0,1602.0,7022
2026-04-16 10:15:00,1602.0,1604.4,1600.8,1601.7,2146
2026-04-16 10:20:00,1602.6,1603.7,1598.2,1598.2,3668
2026-04-16 10:25:00,1598.2,1610.0,1598.2,1608.6,3620
2026-04-16 10:30:00,1609.0,1614.5,1609.0,1613.4,8150
2026-04-16 10:35:00,1612.0,1613.9,1606.0,1608.5,4341
2026-04-16 10:40:00,1608.5,1610.1,1608.5,1608.8,354
2026-04-16 10:45:00,1608.8,1614.3,1608.8,1612.4,1473
2026-04-16 10:50:00,1612.4,1615.0,1610.0,1612.1,1905
2026-04-16 10:55:00,1612.4,1613.1,1611.0,1612.1,909
2026-04-16 11:00:00,1612.1,1615.0,1612.0,1612.0,1097
2026-04-16 11:05:00,1612.0,1613.3,1612.0,1612.2,416
2026-04-16 11:10:00,1612.2,1612.2,1607.6,1607.6,2418
2026-04-16 11:15:00,1607.6,1609.3,1607.6,1608.2,392
2026-04-16 11:20:00,1608.2,1609.5,1607.3,1607.5,317
2026-04-16 11:25:00,1607.5,1608.6,1607.4,1607.5,65
2026-04-16 11:30:00,1607.5,1609.0,1607.2,1607.5,1239
2026-04-16 11:35:00,1607.5,1608.6,1607.5,1607.8,274
2026-04-16 11:40:00,1607.8,1607.8,1591.5,1597.9,5271
2026-04-16 11:45:00,1597.1,1597.1,1590.0,1593.0,4380
2026-04-16 11:50:00,1593.0,1594.1,1592.5,1592.7,152
2026-04-16 11:55:00,1594.0,1594.0,1590.1,1591.2,1178
2026-04-16 12:00:00,1591.2,1593.6,1590.0,1592.3,1883
2026-04-16 12:05:00,1592.3,1593.3,1591.8,1592.4,105
2026-04-16 12:10:00,1594.2,1594.4,1590.0,1591.0,4207
2026-04-16 12:15:00,1591.0,1592.2,1590.1,1592.0,405
2026-04-16 12:20:00,1592.0,1592.2,1591.8,1591.9,386
2026-04-16 12:25:00,1591.9,1591.9,1589.0,1590.7,474
2026-04-16 12:30:00,1590.7,1590.7,1588.9,1590.0,147
2026-04-16 12:35:00,1589.1,1590.7,1588.2,1590.2,566
2026-04-16 12:40:00,1590.2,1591.4,1589.8,1589.8,322
2026-04-16 12:45:00,1589.8,1591.2,1589.1,1590.0,431
2026-04-16 12:50:00,1590.0,1594.9,1588.8,1590.1,959
2026-04-16 12:55:00,1590.1,1591.7,1589.1,1590.9,1325
2026-04-16 13:00:00,1591.6,1592.3,1590.3,1592.3,188
2026-04-16 13:05:00,1592.3,1592.3,1589.7,1590.9,613
2026-04-16 13:10:00,1590.9,1594.6,1589.0,1591.8,330
2026-04-16 13:15:00,1591.6,1591.6,1589.5,1590.8,457
2026-04-16 13:20:00,1590.8,1591.8,1590.8,1590.8,170
2026-04-16 13:25:00,1590.8,1591.3,1590.0,1591.3,457
2026-04-16 13:30:00,1591.3,1592.9,1590.2,1592.9,210
2026-04-16 13:35:00,1592.9,1594.8,1591.6,1592.0,674
2026-04-16 13:40:00,1592.0,1592.5,1574.6,1574.6,5118
2026-04-16 13:45:00,1574.6,1584.9,1574.6,1582.0,1810
2026-04-16 13:50:00,1582.0,1584.5,1579.7,1582.6,1690
2026-04-16 13:55:00,1582.6,1583.8,1581.5,1583.8,227
2026-04-16 14:00:00,1583.8,1584.1,1581.3,1581.3,317
2026-04-16 14:05:00,1581.3,1583.1,1581.3,1583.1,217
2026-04-16 14:10:00,1583.1,1584.8,1582.0,1584.8,188
2026-04-16 14:15:00,1584.8,1591.9,1580.1,1589.2,3019
2026-04-16 14:20:00,1587.2,1589.0,1584.2,1585.6,403
2026-04-16 14:25:00,1585.6,1586.9,1584.0,1585.0,459
2026-04-16 14:30:00,1585.9,1587.0,1585.3,1587.0,356
2026-04-16 14:35:00,1587.0,1590.7,1587.0,1590.0,528
2026-04-16 14:40:00,1590.0,1590.0,1588.0,1588.5,199
2026-04-16 14:45:00,1588.5,1588.8,1586.6,1586.6,523
2026-04-16 14:50:00,1586.6,1587.7,1585.1,1585.9,540
2026-04-16 14:55:00,1585.9,1588.7,1583.2,1585.1,923
2026-04-16 15:00:00,1584.6,1585.9,1577.0,1584.8,1709
2026-04-16 15:05:00,1584.7,1584.7,1581.7,1581.8,459
2026-04-16 15:10:00,1581.7,1588.8,1580.5,1584.4,5051
2026-04-16 15:15:00,1584.3,1584.3,1577.1,1578.0,3378
2026-04-16 15:20:00,1578.0,1582.1,1578.0,1580.6,3064
2026-04-16 15:25:00,1580.0,1590.0,1579.4,1588.0,4370
2026-04-17 09:15:00,1590.0,1603.3,1572.1,1603.3,5167
2026-04-17 09:20:00,1603.3,1603.9,1590.2,1596.3,1769
2026-04-17 09:25:00,1596.3,1596.3,1593.8,1594.1,1424
2026-04-17 09:30:00,1594.1,1595.9,1588.1,1588.1,1710
2026-04-17 09:35:00,1588.1,1588.7,1580.2,1588.6,2673
2026-04-17 09:40:00,1588.6,1591.3,1587.3,1588.6,2213
2026-04-17 09:45:00,1588.6,1598.2,1588.6,1598.0,2377
2026-04-17 09:50:00,1596.2,1599.9,1596.2,1597.5,2193
2026-04-17 09:55:00,1597.5,1599.6,1597.1,1598.3,561
2026-04-17 10:00:00,1599.7,1602.2,1596.3,1601.7,1936
2026-04-17 10:05:00,1603.0,1605.1,1602.0,1604.7,1535
2026-04-17 10:10:00,1604.0,1605.3,1603.7,1603.7,667
2026-04-17 10:15:00,1604.0,1606.8,1604.0,1605.8,750
2026-04-17 10:20:00,1605.8,1605.8,1601.4,1603.0,455
2026-04-17 10:25:00,1602.8,1602.8,1600.9,1600.9,707
2026-04-17 10:30:00,1600.9,1601.8,1598.9,1598.9,590
2026-04-17 10:35:00,1599.4,1600.8,1596.3,1599.8,1040
2026-04-17 10:40:00,1599.8,1600.1,1598.1,1598.1,1493
2026-04-17 10:45:00,1598.1,1598.8,1598.0,1598.0,372
2026-04-17 10:50:00,1598.0,1598.1,1589.1,1591.0,2869
2026-04-17 10:55:00,1591.0,1594.3,1590.7,1592.6,659
2026-04-17 11:00:00,1592.6,1593.7,1592.5,1592.5,369
2026-04-17 11:05:00,1592.5,1594.4,1591.7,1592.7,576
2026-04-17 11:10:00,1592.7,1595.8,1592.7,1592.9,722
2026-04-17 11:15:00,1592.9,1594.5,1592.5,1592.5,781
2026-04-17 11:20:00,1592.5,1594.6,1592.0,1594.6,538
2026-04-17 11:25:00,1595.0,1595.9,1593.8,1595.2,564
2026-04-17 11:30:00,1595.2,1595.2,1593.8,1593.8,379
2026-04-17 11:35:00,1593.8,1595.1,1593.8,1595.0,91
2026-04-17 11:40:00,1595.0,1624.9,1595.0,1617.6,10631
2026-04-17 11:45:00,1617.6,1617.6,1600.5,1600.5,2151
2026-04-17 11:50:00,1600.5,1602.8,1600.0,1602.8,820
2026-04-17 11:55:00,1603.5,1605.9,1602.2,1603.0,611
2026-04-17 12:00:00,1603.0,1603.0,1600.5,1601.0,413
2026-04-17 12:05:00,1601.0,1608.8,1600.5,1607.2,1436
2026-04-17 12:10:00,1607.2,1609.9,1607.2,1608.5,577
2026-04-17 12:15:00,1608.5,1623.0,1607.1,1620.9,8505
2026-04-17 12:20:00,1620.9,1630.0,1620.9,1624.9,11400
2026-04-17 12:25:00,1624.9,1632.4,1620.2,1626.1,4975
2026-04-17 12:30:00,1626.1,1628.1,1617.4,1622.1,5679
2026-04-17 12:35:00,1622.1,1622.6,1619.4,1620.5,1542
2026-04-17 12:40:00,1620.5,1626.2,1618.9,1624.8,2572
2026-04-17 12:45:00,1624.8,1624.8,1620.0,1620.8,1269
2026-04-17 12:50:00,1620.8,1623.7,1620.8,1623.7,653
2026-04-17 12:55:00,1623.7,1623.9,1621.3,1622.9,791
2026-04-17 13:00:00,1622.9,1625.0,1622.1,1623.2,1711
2026-04-17 13:05:00,1623.2,1623.2,1621.5,1622.1,457
2026-04-17 13:10:00,1622.1,1622.9,1620.6,1620.7,310
2026-04-17 13:15:00,1623.1,1623.9,1622.2,1622.8,1686
2026-04-17 13:20:00,1622.8,1637.8,1622.8,1629.7,5505
2026-04-17 13:25:00,1629.7,1634.0,1626.5,1632.2,4554
2026-04-17 13:30:00,1632.2,1633.5,1627.6,1630.1,3083
2026-04-17 13:35:00,1630.1,1630.1,1625.4,1628.8,608
2026-04-17 13:40:00,1628.8,1629.3,1626.4,1629.3,811
2026-04-17 13:45:00,1629.3,1629.3,1623.2,1624.3,1368
2026-04-17 13:50:00,1624.3,1625.3,1621.1,1621.8,776
2026-04-17 13:55:00,1621.8,1622.9,1619.7,1622.0,572
2026-04-17 14:00:00,1622.4,1624.4,1621.0,1624.4,2376
2026-04-17 14:05:00,1623.3,1623.3,1622.1,1623.3,200
2026-04-17 14:10:00,1623.3,1624.7,1622.3,1623.4,1027
2026-04-17 14:15:00,1623.4,1623.4,1621.3,1622.8,555
2026-04-17 14:20:00,1622.8,1626.9,1621.1,1625.9,1954
2026-04-17 14:25:00,1625.9,1625.9,1624.1,1625.5,401
2026-04-17 14:30:00,1625.5,1625.8,1621.0,1623.8,3917
2026-04-17 14:35:00,1622.3,1624.8,1622.3,1624.5,1354
2026-04-17 14:40:00,1622.4,1632.0,1621.3,1632.0,4063
2026-04-17 14:45:00,1632.5,1637.0,1632.5,1637.0,4564
2026-04-17 14:50:00,1637.2,1637.9,1635.3,1636.1,3761
2026-04-17 14:55:00,1637.0,1643.6,1636.0,1639.9,6190
2026-04-17 15:00:00,1642.3,1643.0,1637.5,1641.3,5908
2026-04-17 15:05:00,1641.3,1643.0,1640.0,1641.2,6892
2026-04-17 15:10:00,1641.0,1642.5,1638.5,1638.8,5301
2026-04-17 15:15:00,1638.2,1645.9,1638.2,1641.1,8794
2026-04-17 15:20:00,1641.0,1641.7,1633.5,1637.6,3535
2026-04-17 15:25:00,1637.6,1643.9,1635.8,1640.8,2798
2026-04-20 09:15:00,1645.1,1646.6,1615.7,1632.3,5965
2026-04-20 09:20:00,1633.3,1650.6,1633.3,1643.7,2968
2026-04-20 09:25:00,1643.7,1648.0,1628.0,1632.6,2999
2026-04-20 09:30:00,1641.2,1642.9,1632.3,1636.7,10235
2026-04-20 09:35:00,1636.7,1637.9,1624.9,1629.0,1623
2026-04-20 09:40:00,1629.0,1632.6,1625.5,1628.0,1773
2026-04-20 09:45:00,1628.0,1632.0,1620.3,1620.5,889
2026-04-20 09:50:00,1620.5,1628.8,1620.5,1628.8,236
2026-04-20 09:55:00,1628.5,1630.7,1623.4,1623.4,906
2026-04-20 10:00:00,1623.4,1631.9,1623.4,1629.7,718
2026-04-20 10:05:00,1629.7,1633.5,1629.0,1631.4,518
2026-04-20 10:10:00,1631.4,1633.9,1630.7,1632.5,232
2026-04-20 10:15:00,1632.5,1636.0,1632.5,1635.9,210
2026-04-20 10:20:00,1635.9,1647.9,1634.5,1645.9,2207
2026-04-20 10:25:00,1645.9,1647.8,1642.4,1645.0,1236
2026-04-20 10:30:00,1645.0,1649.0,1645.0,1646.7,704
2026-04-20 10:35:00,1646.7,1649.3,1643.1,1649.0,762
2026-04-20 10:40:00,1649.0,1650.9,1645.1,1648.7,1423
2026-04-20 10:45:00,1648.5,1649.0,1647.2,1648.5,139
2026-04-20 10:50:00,1648.5,1651.0,1647.2,1650.2,1104
2026-04-20 10:55:00,1650.2,1650.2,1642.9,1643.9,860
2026-04-20 11:00:00,1643.9,1644.6,1642.4,1642.4,43
2026-04-20 11:05:00,1641.2,1642.6,1638.2,1639.8,284
2026-04-20 11:10:00,1638.8,1638.8,1635.0,1635.9,862
2026-04-20 11:15:00,1635.9,1638.7,1635.9,1638.1,55
2026-04-20 11:20:00,1638.1,1642.0,1638.1,1640.5,583
2026-04-20 11:25:00,1640.5,1641.7,1640.5,1640.5,197
2026-04-20 11:30:00,1640.5,1656.9,1640.5,1656.8,2410
2026-04-20 11:35:00,1655.1,1658.9,1654.4,1655.9,2327
2026-04-20 11:40:00,1655.9,1657.3,1653.4,1653.4,387
2026-04-20 11:45:00,1653.4,1654.4,1653.4,1653.7,76
2026-04-20 11:50:00,1653.7,1657.3,1653.4,1656.4,543
2026-04-20 11:55:00,1656.0,1656.0,1646.5,1648.8,2562
2026-04-20 12:00:00,1648.8,1652.4,1648.8,1652.4,522
2026-04-20 12:05:00,1652.4,1655.3,1651.3,1655.3,1165
2026-04-20 12:10:00,1655.3,1655.3,1651.5,1651.5,192
2026-04-20 12:15:00,1651.5,1653.7,1650.2,1650.3,166
2026-04-20 12:20:00,1650.3,1656.4,1650.2,1654.3,834
2026-04-20 12:25:00,1654.3,1655.7,1654.3,1654.5,58
2026-04-20 12:30:00,1654.5,1655.8,1645.0,1646.0,2795
2026-04-20 12:35:00,1646.0,1647.8,1638.0,1640.0,1480
2026-04-20 12:40:00,1640.0,1642.1,1639.2,1640.2,709
2026-04-20 12:45:00,1640.2,1642.2,1638.5,1641.0,1308
2026-04-20 12:50:00,1641.0,1641.1,1626.2,1634.7,6328
2026-04-20 12:55:00,1636.0,1636.0,1626.3,1628.3,2576
2026-04-20 13:00:00,1628.3,1628.3,1621.6,1625.7,1349
2026-04-20 13:05:00,1625.7,1631.5,1622.1,1622.1,2432
2026-04-20 13:10:00,1622.1,1625.0,1622.1,1625.0,649
2026-04-20 13:15:00,1625.0,1625.0,1623.1,1623.9,267
2026-04-20 13:20:00,1623.9,1623.9,1622.0,1622.0,292
2026-04-20 13:25:00,1622.0,1622.0,1619.8,1620.3,466
2026-04-20 13:30:00,1620.3,1622.4,1618.0,1618.9,1057
2026-04-20 13:35:00,1618.9,1620.1,1611.4,1611.4,4906
2026-04-20 13:40:00,1613.4,1616.1,1612.5,1615.0,371
2026-04-20 13:45:00,1615.0,1616.9,1615.0,1616.1,189
2026-04-20 13:50:00,1616.1,1617.5,1616.1,1616.2,225
2026-04-20 13:55:00,1616.2,1618.3,1616.1,1617.9,856
2026-04-20 14:00:00,1617.9,1618.7,1615.2,1617.0,162
2026-04-20 14:05:00,1617.0,1618.3,1615.4,1615.5,146
2026-04-20 14:10:00,1615.5,1617.7,1615.1,1615.9,238
2026-04-20 14:15:00,1615.9,1620.0,1615.9,1618.6,242
2026-04-20 14:20:00,1617.7,1619.6,1617.7,1618.2,627
2026-04-20 14:25:00,1618.2,1621.9,1618.2,1618.3,1073
2026-04-20 14:30:00,1619.8,1620.3,1618.3,1620.3,533
2026-04-20 14:35:00,1620.0,1621.0,1619.2,1620.2,229
2026-04-20 14:40:00,1620.2,1621.2,1618.4,1619.2,406
2026-04-20 14:45:00,1619.2,1623.0,1618.6,1618.6,1742
2026-04-20 14:50:00,1618.6,1620.0,1616.5,1617.7,411
2026-04-20 14:55:00,1617.7,1621.3,1617.5,1620.2,490
2026-04-20 15:00:00,1621.2,1625.6,1618.9,1621.8,1814
2026-04-20 15:05:00,1621.8,1622.3,1617.5,1618.5,1373
2026-04-20 15:10:00,1619.0,1619.8,1614.7,1616.0,3105
2026-04-20 15:15:00,1616.0,1617.7,1606.6,1612.9,5301
2026-04-20 15:20:00,1612.9,1613.8,1604.0,1605.6,2807
2026-04-20 15:25:00,1605.6,1611.8,1587.6,1606.5,11166
2026-04-21 09:15:00,1606.6,1635.0,1597.0,1607.7,7842
2026-04-21 09:20:00,1607.7,1607.7,1591.2,1592.8,4510
2026-04-21 09:25:00,1592.0,1594.5,1590.1,1591.3,1750
2026-04-21 09:30:00,1591.3,1595.6,1591.0,1595.6,353
2026-04-21 09:35:00,1595.6,1595.8,1582.0,1583.9,4226
2026-04-21 09:40:00,1583.9,1589.0,1578.9,1583.2,8029
2026-04-21 09:45:00,1583.2,1587.5,1582.1,1585.1,3786
2026-04-21 09:50:00,1585.1,1587.7,1580.5,1583.4,2911
2026-04-21 09:55:00,1583.4,1587.7,1582.0,1582.1,5374
2026-04-21 10:00:00,1582.1,1582.8,1576.3,1581.9,6542
2026-04-21 10:05:00,1581.9,1583.4,1581.0,1581.5,1673
2026-04-21 10:10:00,1581.9,1582.8,1580.0,1580.9,1182
2026-04-21 10:15:00,1580.9,1582.1,1574.0,1576.1,4188
2026-04-21 10:20:00,1577.0,1580.1,1574.0,1579.0,1405
2026-04-21 10:25:00,1578.0,1582.0,1578.0,1580.2,1567
2026-04-21 10:30:00,1580.8,1580.8,1578.1,1578.7,3373
2026-04-21 10:35:00,1578.7,1579.2,1578.0,1578.5,959
2026-04-21 10:40:00,1578.4,1579.9,1577.1,1577.8,1431
2026-04-21 10:45:00,1577.8,1578.0,1575.5,1577.5,3461
2026-04-21 10:50:00,1577.5,1578.5,1577.5,1578.3,2441
2026-04-21 10:55:00,1578.3,1585.9,1578.3,1582.8,9982
2026-04-21 11:00:00,1582.8,1584.9,1580.2,1582.8,4585
2026-04-21 11:05:00,1582.5,1583.6,1581.4,1581.5,609
2026-04-21 11:10:00,1581.4,1582.5,1581.4,1581.6,187
2026-04-21 11:15:00,1581.6,1582.5,1580.0,1580.2,1385
2026-04-21 11:20:00,1580.2,1582.1,1580.2,1580.6,898
2026-04-21 11:25:00,1580.6,1581.5,1580.3,1580.4,367
2026-04-21 11:30:00,1580.4,1581.7,1580.3,1581.7,548
2026-04-21 11:35:00,1581.7,1581.7,1580.3,1580.6,384
2026-04-21 11:40:00,1580.6,1583.9,1580.6,1581.0,1021
2026-04-21 11:45:00,1581.0,1581.1,1580.3,1580.3,906
2026-04-21 11:50:00,1580.3,1580.5,1580.3,1580.3,733
2026-04-21 11:55:00,1580.3,1580.3,1577.2,1577.2,2377
2026-04-21 12:00:00,1577.2,1579.0,1575.7,1577.2,1724
2026-04-21 12:05:00,1575.5,1576.7,1571.0,1571.0,4383
2026-04-21 12:10:00,1571.1,1572.1,1571.0,1572.0,1071
2026-04-21 12:15:00,1571.4,1573.6,1570.0,1573.6,5798
2026-04-21 12:20:00,1573.6,1576.8,1572.2,1576.2,1451
2026-04-21 12:25:00,1576.2,1577.0,1576.0,1576.9,1134
2026-04-21 12:30:00,1576.9,1579.1,1574.0,1574.3,4108
2026-04-21 12:35:00,1574.3,1575.0,1574.0,1574.7,1486
2026-04-21 12:40:00,1574.7,1574.7,1573.1,1574.1,791
2026-04-21 12:45:00,1573.3,1574.6,1572.9,1574.6,532
2026-04-21 12:50:00,1574.6,1577.0,1574.6,1575.0,1076
2026-04-21 12:55:00,1575.0,1575.7,1574.6,1575.5,532
2026-04-21 13:00:00,1575.5,1577.0,1575.5,1576.0,425
2026-04-21 13:05:00,1576.0,1577.3,1575.5,1576.4,3920
2026-04-21 13:10:00,1577.0,1579.3,1575.6,1576.2,2308
2026-04-21 13:15:00,1576.2,1577.0,1576.0,1576.0,574
2026-04-21 13:20:00,1576.0,1576.6,1576.0,1576.0,207
2026-04-21 13:25:00,1576.0,1576.0,1575.5,1575.5,603
2026-04-21 13:30:00,1575.5,1579.0,1573.1,1574.5,14385
2026-04-21 13:35:00,1574.5,1578.5,1573.3,1574.0,7639
2026-04-21 13:40:00,1574.0,1574.9,1571.4,1572.2,4240
2026-04-21 13:45:00,1572.2,1574.8,1572.2,1573.5,399
2026-04-21 13:50:00,1573.5,1575.9,1572.3,1575.7,1486
2026-04-21 13:55:00,1575.7,1576.8,1574.6,1575.5,546
2026-04-21 14:00:00,1574.1,1576.3,1573.2,1574.0,926
2026-04-21 14:05:00,1574.1,1576.5,1574.0,1575.1,339
2026-04-21 14:10:00,1575.1,1575.7,1572.8,1574.2,237
2026-04-21 14:15:00,1574.2,1574.9,1574.0,1574.3,155
2026-04-21 14:20:00,1574.3,1575.7,1573.3,1574.4,312
2026-04-21 14:25:00,1574.4,1574.4,1570.0,1571.0,4451
2026-04-21 14:30:00,1571.0,1572.3,1568.0,1568.8,4711
2026-04-21 14:35:00,1568.8,1571.8,1568.6,1568.6,2814
2026-04-21 14:40:00,1569.7,1570.5,1568.0,1570.1,1982
2026-04-21 14:45:00,1570.1,1573.6,1568.6,1573.6,1931
2026-04-21 14:50:00,1573.7,1575.0,1571.7,1574.7,3045
2026-04-21 14:55:00,1574.6,1577.0,1573.0,1575.0,4386
2026-04-21 15:00:00,1575.8,1577.0,1575.0,1576.7,2763
2026-04-21 15:05:00,1576.7,1577.0,1575.8,1577.0,6128
2026-04-21 15:10:00,1575.0,1575.0,1570.0,1572.4,10092
2026-04-21 15:15:00,1572.6,1574.9,1568.0,1569.7,8395
2026-04-21 15:20:00,1569.5,1578.0,1569.5,1578.0,7221
2026-04-21 15:25:00,1578.0,1582.0,1576.0,1578.1,13823
2026-04-22 09:15:00,1576.0,1578.0,1562.4,1573.1,9974
2026-04-22 09:20:00,1569.9,1575.3,1566.4,1569.6,2260
2026-04-22 09:25:00,1569.6,1570.9,1567.0,1567.9,1828
2026-04-22 09:30:00,1568.1,1568.3,1559.0,1562.6,4769
2026-04-22 09:35:00,1562.8,1568.9,1562.1,1564.5,1525
2026-04-22 09:40:00,1564.5,1579.0,1564.5,1574.4,4648
2026-04-22 09:45:00,1574.4,1575.9,1570.1,1572.0,1167
2026-04-22 09:50:00,1572.0,1573.3,1566.1,1573.0,1485
2026-04-22 09:55:00,1573.0,1573.0,1562.4,1565.0,1541
2026-04-22 10:00:00,1565.0,1567.5,1562.2,1566.3,886
2026-04-22 10:05:00,1565.4,1566.8,1560.6,1562.3,51187
2026-04-22 10:10:00,1562.3,1564.3,1561.3,1562.3,1224
2026-04-22 10:15:00,1562.3,1565.8,1562.3,1564.3,3257
2026-04-22 10:20:00,1564.0,1565.8,1560.2,1561.8,3694
2026-04-22 10:25:00,1561.2,1562.3,1560.0,1561.8,506
2026-04-22 10:30:00,1561.8,1563.3,1560.0,1560.9,1298
2026-04-22 10:35:00,1560.9,1563.7,1560.2,1563.7,795
2026-04-22 10:40:00,1563.7,1563.8,1561.3,1562.2,391
2026-04-22 10:45:00,1562.2,1565.0,1562.2,1564.0,919
2026-04-22 10:50:00,1564.0,1564.9,1562.2,1562.2,1535
2026-04-22 10:55:00,1562.2,1564.3,1561.4,1564.3,1173
2026-04-22 11:00:00,1564.3,1564.8,1562.9,1564.0,1602
2026-04-22 11:05:00,1564.0,1564.7,1561.7,1564.2,663
2026-04-22 11:10:00,1564.2,1566.4,1563.0,1565.0,2363
2026-04-22 11:15:00,1565.0,1565.5,1562.5,1564.9,1548
2026-04-22 11:20:00,1564.7,1565.0,1563.7,1563.7,935
2026-04-22 11:25:00,1563.7,1564.8,1563.1,1564.0,522
2026-04-22 11:30:00,1564.0,1565.0,1563.1,1563.4,849
2026-04-22 11:35:00,1563.4,1565.6,1563.3,1565.4,9815
2026-04-22 11:40:00,1564.6,1566.4,1564.4,1565.0,2756
2026-04-22 11:45:00,1565.0,1565.0,1562.1,1563.3,1151
2026-04-22 11:50:00,1562.6,1564.5,1561.7,1563.6,703
2026-04-22 11:55:00,1563.6,1565.8,1563.6,1565.0,2433
2026-04-22 12:00:00,1565.0,1578.1,1562.9,1576.6,7182
2026-04-22 12:05:00,1577.6,1582.0,1574.8,1577.9,3226
2026-04-22 12:10:00,1577.9,1580.5,1577.2,1578.0,2184
2026-04-22 12:15:00,1579.3,1580.7,1575.6,1579.1,2198
2026-04-22 12:20:00,1579.1,1581.8,1576.4,1581.0,1784
2026-04-22 12:25:00,1581.5,1592.0,1580.8,1591.5,3962
2026-04-22 12:30:00,1590.8,1606.1,1590.2,1602.5,10264
2026-04-22 12:35:00,1602.5,1602.8,1599.9,1600.8,4410
2026-04-22 12:40:00,1602.6,1610.2,1601.7,1606.5,11093
2026-04-22 12:45:00,1606.9,1606.9,1594.7,1594.7,6051
2026-04-22 12:50:00,1594.6,1598.5,1594.2,1598.2,7265
2026-04-22 12:55:00,1598.2,1598.4,1594.1,1597.2,2149
2026-04-22 13:00:00,1596.7,1603.2,1596.3,1601.3,2183
2026-04-22 13:05:00,1601.3,1604.7,1600.7,1601.7,1733
2026-04-22 13:10:00,1603.0,1604.2,1601.3,1604.0,1844
2026-04-22 13:15:00,1604.0,1604.9,1602.5,1603.4,1436
2026-04-22 13:20:00,1603.4,1603.4,1597.4,1601.0,2494
2026-04-22 13:25:00,1600.0,1603.1,1600.0,1603.1,1800
2026-04-22 13:30:00,1603.1,1603.9,1600.6,1601.9,4043
2026-04-22 13:35:00,1601.9,1603.8,1600.9,1603.7,1477
2026-04-22 13:40:00,1602.9,1604.2,1602.5,1603.9,1223
2026-04-22 13:45:00,1603.9,1606.0,1603.2,1605.8,1558
2026-04-22 13:50:00,1605.9,1605.9,1603.3,1604.5,1314
2026-04-22 13:55:00,1604.4,1605.4,1596.6,1598.5,1001
2026-04-22 14:00:00,1598.5,1603.5,1593.6,1595.1,1556
2026-04-22 14:05:00,1595.1,1596.2,1594.0,1595.2,778
2026-04-22 14:10:00,1595.2,1596.0,1592.6,1593.5,865
2026-04-22 14:15:00,1593.5,1594.5,1589.4,1589.6,1252
2026-04-22 14:20:00,1589.6,1590.7,1588.1,1589.1,1321
2026-04-22 14:25:00,1591.3,1591.3,1589.1,1589.3,660
2026-04-22 14:30:00,1589.3,1590.8,1589.0,1589.0,740
2026-04-22 14:35:00,1589.0,1590.3,1586.5,1586.8,1435
2026-04-22 14:40:00,1586.8,1588.2,1585.3,1585.5,1271
2026-04-22 14:45:00,1585.8,1587.7,1582.6,1587.7,2482
2026-04-22 14:50:00,1587.7,1587.7,1585.6,1587.3,681
2026-04-22 14:55:00,1587.3,1587.8,1586.1,1586.7,551
2026-04-22 15:00:00,1587.1,1592.1,1585.8,1591.5,2611
2026-04-22 15:05:00,1591.5,1592.9,1589.0,1589.7,1008
2026-04-22 15:10:00,1589.7,1592.1,1579.1,1579.2,7489
2026-04-22 15:15:00,1579.2,1582.6,1578.6,1580.9,8398
2026-04-22 15:20:00,1581.0,1587.8,1580.2,1586.2,13823
2026-04-22 15:25:00,1585.7,1590.0,1581.1,1590.0,5540
2026-04-23 09:15:00,1575.2,1609.4,1575.0,1599.0,6258
2026-04-23 09:20:00,1599.0,1603.9,1593.1,1597.1,3663
2026-04-23 09:25:00,1595.0,1596.1,1588.3,1588.5,1685
2026-04-23 09:30:00,1590.6,1595.0,1579.3,1588.1,2764
2026-04-23 09:35:00,1588.1,1591.4,1578.9,1589.8,8731
2026-04-23 09:40:00,1589.8,1594.4,1589.8,1593.5,872
2026-04-23 09:45:00,1594.5,1594.5,1590.7,1592.9,1134
2026-04-23 09:50:00,1592.9,1598.1,1591.2,1594.4,2028
2026-04-23 09:55:00,1594.4,1595.4,1593.5,1594.0,530
2026-04-23 10:00:00,1594.0,1595.4,1593.7,1595.2,783
2026-04-23 10:05:00,1595.2,1596.4,1593.4,1593.4,765
2026-04-23 10:10:00,1593.4,1593.7,1590.7,1590.7,1267
2026-04-23 10:15:00,1590.7,1594.4,1589.1,1594.4,1305
2026-04-23 10:20:00,1594.4,1594.6,1593.6,1594.2,613
2026-04-23 10:25:00,1594.2,1594.8,1593.4,1593.4,699
2026-04-23 10:30:00,1593.4,1593.4,1589.1,1590.4,563
2026-04-23 10:35:00,1590.4,1590.4,1586.5,1586.5,382
2026-04-23 10:40:00,1586.5,1591.6,1586.5,1587.3,1384
2026-04-23 10:45:00,1587.3,1588.4,1585.9,1587.6,1096
2026-04-23 10:50:00,1587.6,1587.6,1579.8,1583.9,4390
2026-04-23 10:55:00,1583.9,1584.9,1579.9,1583.9,678
2026-04-23 11:00:00,1583.9,1585.5,1583.9,1585.1,68
2026-04-23 11:05:00,1585.1,1587.4,1585.1,1585.2,1329
2026-04-23 11:10:00,1585.2,1585.9,1584.0,1584.0,300
2026-04-23 11:15:00,1584.0,1584.0,1580.0,1582.8,544
2026-04-23 11:20:00,1582.3,1585.9,1582.3,1584.8,756
2026-04-23 11:25:00,1583.8,1585.8,1583.1,1584.7,537
2026-04-23 11:30:00,1585.0,1585.5,1583.8,1585.0,422
2026-04-23 11:35:00,1585.0,1589.5,1585.0,1585.8,1256
2026-04-23 11:40:00,1585.8,1586.1,1583.2,1584.4,352
2026-04-23 11:45:00,1584.7,1587.0,1583.8,1584.4,991
2026-04-23 11:50:00,1584.5,1586.6,1584.5,1586.1,147
2026-04-23 11:55:00,1586.0,1589.5,1585.1,1588.1,245
2026-04-23 12:00:00,1588.1,1589.5,1586.2,1586.8,435
2026-04-23 12:05:00,1586.8,1588.0,1586.7,1588.0,80
2026-04-23 12:10:00,1588.0,1589.3,1588.0,1588.3,441
2026-04-23 12:15:00,1588.3,1590.5,1587.4,1589.2,820
2026-04-23 12:20:00,1587.1,1588.5,1587.1,1588.0,316
2026-04-23 12:25:00,1588.0,1588.8,1585.9,1586.0,426
2026-04-23 12:30:00,1586.0,1587.2,1584.9,1585.3,247
2026-04-23 12:35:00,1585.3,1586.1,1583.5,1584.5,557
2026-04-23 12:40:00,1584.5,1586.2,1583.7,1583.7,323
2026-04-23 12:45:00,1583.9,1588.5,1583.5,1587.1,3054
2026-04-23 12:50:00,1587.2,1588.8,1586.9,1588.8,113
2026-04-23 12:55:00,1588.8,1591.3,1587.6,1591.3,651
2026-04-23 13:00:00,1591.3,1592.2,1586.4,1587.3,578
2026-04-23 13:05:00,1587.3,1588.5,1582.0,1582.5,438
2026-04-23 13:10:00,1582.5,1590.4,1582.5,1590.4,295
2026-04-23 13:15:00,1590.4,1591.6,1589.0,1591.6,287
2026-04-23 13:20:00,1591.6,1593.6,1590.2,1592.6,873
2026-04-23 13:25:00,1592.6,1594.9,1592.5,1593.9,668
2026-04-23 13:30:00,1593.9,1594.9,1593.7,1593.7,407
2026-04-23 13:35:00,1593.7,1593.7,1589.4,1589.4,497
2026-04-23 13:40:00,1589.4,1591.9,1589.4,1591.5,363
2026-04-23 13:45:00,1591.5,1592.0,1590.5,1590.9,758
2026-04-23 13:50:00,1590.6,1592.0,1589.6,1591.9,140
2026-04-23 13:55:00,1591.9,1595.9,1591.3,1595.3,1293
2026-04-23 14:00:00,1595.3,1595.3,1593.9,1593.9,242
2026-04-23 14:05:00,1593.9,1594.7,1591.8,1591.8,678
2026-04-23 14:10:00,1591.8,1591.8,1589.8,1591.5,553
2026-04-23 14:15:00,1591.5,1591.6,1586.1,1586.1,1247
2026-04-23 14:20:00,1586.1,1588.9,1586.1,1588.8,408
2026-04-23 14:25:00,1588.8,1588.8,1586.3,1586.9,471
2026-04-23 14:30:00,1586.8,1586.8,1585.0,1585.4,645
2026-04-23 14:35:00,1585.4,1585.9,1580.8,1580.8,578
2026-04-23 14:40:00,1580.8,1582.4,1580.3,1580.3,919
2026-04-23 14:45:00,1580.2,1580.2,1571.9,1574.6,1539
2026-04-23 14:50:00,1574.6,1580.5,1574.6,1575.0,3934
2026-04-23 14:55:00,1575.0,1575.1,1573.3,1575.0,668
2026-04-23 15:00:00,1575.0,1581.0,1573.9,1574.3,4007
2026-04-23 15:05:00,1573.1,1574.9,1573.1,1574.1,710
2026-04-23 15:10:00,1574.9,1575.0,1572.5,1574.1,2079
2026-04-23 15:15:00,1574.8,1575.0,1572.6,1575.0,2064
2026-04-23 15:20:00,1575.0,1575.4,1574.8,1575.0,1554
2026-04-23 15:25:00,1575.0,1581.0,1571.0,1580.9,3025
2026-04-24 09:15:00,1574.7,1581.5,1528.1,1548.3,13583
2026-04-24 09:20:00,1548.9,1549.8,1540.0,1547.1,1972
2026-04-24 09:25:00,1547.1,1547.1,1539.0,1540.5,5610
2026-04-24 09:30:00,1536.5,1541.7,1532.5,1532.6,1488
2026-04-24 09:35:00,1532.6,1538.6,1531.3,1531.3,3968
2026-04-24 09:40:00,1531.3,1537.6,1529.8,1534.1,1795
2026-04-24 09:45:00,1534.1,1534.3,1530.2,1531.5,798
2026-04-24 09:50:00,1531.5,1533.9,1529.0,1530.9,3239
2026-04-24 09:55:00,1530.9,1532.0,1528.1,1530.3,508
2026-04-24 10:00:00,1530.3,1539.9,1530.3,1538.0,4433
2026-04-24 10:05:00,1538.2,1542.7,1537.2,1539.3,4344
2026-04-24 10:10:00,1539.3,1542.9,1539.3,1541.1,1140
2026-04-24 10:15:00,1539.7,1540.7,1536.3,1538.4,1013
2026-04-24 10:20:00,1540.0,1540.0,1535.0,1535.0,1818
2026-04-24 10:25:00,1534.3,1535.6,1531.1,1533.8,1722
2026-04-24 10:30:00,1533.0,1538.6,1532.2,1538.4,1387
2026-04-24 10:35:00,1538.2,1538.3,1537.0,1538.2,628
2026-04-24 10:40:00,1538.2,1538.2,1533.9,1534.9,460
2026-04-24 10:45:00,1534.9,1534.9,1531.0,1531.9,610
2026-04-24 10:50:00,1531.9,1534.2,1531.0,1531.6,463
2026-04-24 10:55:00,1532.9,1534.6,1530.1,1532.3,1141
2026-04-24 11:00:00,1532.3,1532.3,1526.1,1526.1,1172
2026-04-24 11:05:00,1526.1,1530.5,1526.1,1527.6,1097
2026-04-24 11:10:00,1527.0,1527.7,1525.1,1525.8,1612
2026-04-24 11:15:00,1525.8,1527.8,1525.4,1525.4,633
2026-04-24 11:20:00,1525.4,1527.1,1525.0,1526.3,700
2026-04-24 11:25:00,1525.7,1527.1,1525.0,1526.6,618
2026-04-24 11:30:00,1526.6,1528.0,1525.3,1527.6,740
2026-04-24 11:35:00,1526.1,1529.0,1525.4,1528.4,1447
2026-04-24 11:40:00,1528.1,1528.8,1525.0,1525.7,529
2026-04-24 11:45:00,1525.7,1527.5,1525.0,1525.1,1284
2026-04-24 11:50:00,1526.2,1526.5,1523.7,1526.4,1080
2026-04-24 11:55:00,1525.8,1527.8,1523.9,1525.5,2516
2026-04-24 12:00:00,1526.1,1527.7,1524.6,1526.1,611
2026-04-24 12:05:00,1527.0,1527.2,1525.9,1525.9,289
2026-04-24 12:10:00,1527.0,1530.0,1525.1,1527.7,1552
2026-04-24 12:15:00,1527.7,1529.0,1526.2,1527.8,806
2026-04-24 12:20:00,1527.8,1528.9,1526.5,1526.5,579
2026-04-24 12:25:00,1526.9,1527.3,1520.0,1521.4,2548
2026-04-24 12:30:00,1521.4,1522.9,1520.4,1521.4,932
2026-04-24 12:35:00,1522.4,1523.5,1520.8,1521.2,703
2026-04-24 12:40:00,1522.0,1523.6,1520.7,1522.2,830
2026-04-24 12:45:00,1522.2,1523.8,1521.0,1522.7,522
2026-04-24 12:50:00,1522.5,1523.3,1521.2,1522.2,655
2026-04-24 12:55:00,1522.1,1545.0,1521.0,1542.8,14858
2026-04-24 13:00:00,1543.2,1544.3,1540.8,1541.4,511
2026-04-24 13:05:00,1541.2,1544.0,1538.9,1540.4,2658
2026-04-24 13:10:00,1540.1,1544.3,1536.2,1542.9,3836
2026-04-24 13:15:00,1542.9,1550.9,1541.1,1547.0,21237
2026-04-24 13:20:00,1547.0,1553.3,1542.1,1551.9,7933
2026-04-24 13:25:00,1551.9,1552.4,1551.1,1551.6,6578
2026-04-24 13:30:00,1551.8,1552.9,1550.9,1551.3,6677
2026-04-24 13:35:00,1551.4,1553.0,1546.8,1551.5,8091
2026-04-24 13:40:00,1551.2,1553.5,1551.1,1552.8,3175
2026-04-24 13:45:00,1553.0,1558.0,1552.0,1556.0,4932
2026-04-24 13:50:00,1556.0,1559.8,1555.4,1557.2,2179
2026-04-24 13:55:00,1557.2,1560.7,1556.2,1558.7,3778
2026-04-24 14:00:00,1558.7,1562.2,1558.0,1561.5,1585
2026-04-24 14:05:00,1560.2,1565.9,1558.7,1563.5,2145
2026-04-24 14:10:00,1563.5,1566.1,1562.3,1565.6,1593
2026-04-24 14:15:00,1565.6,1568.5,1563.4,1568.4,1732
2026-04-24 14:20:00,1567.1,1569.8,1566.3,1566.4,1977
2026-04-24 14:25:00,1566.2,1574.0,1565.6,1574.0,2994
2026-04-24 14:30:00,1574.0,1579.3,1573.8,1579.0,2020
2026-04-24 14:35:00,1578.8,1578.8,1574.9,1575.9,795
2026-04-24 14:40:00,1575.9,1578.9,1574.4,1577.1,1296
2026-04-24 14:45:00,1576.2,1578.5,1574.9,1578.4,1563
2026-04-24 14:50:00,1578.4,1578.7,1575.8,1576.1,968
2026-04-24 14:55:00,1576.1,1577.2,1574.8,1575.4,1363
2026-04-24 15:00:00,1575.6,1577.2,1574.7,1575.3,2309
2026-04-24 15:05:00,1574.5,1575.4,1566.2,1570.7,4569
2026-04-24 15:10:00,1571.0,1572.3,1567.7,1569.6,1843
2026-04-24 15:15:00,1569.6,1571.0,1565.4,1569.7,3135
2026-04-24 15:20:00,1570.1,1572.0,1564.7,1570.5,4267
2026-04-24 15:25:00,1571.1,1571.1,1551.9,1551.9,4397
2026-04-27 09:15:00,1579.2,1587.0,1569.1,1569.8,1760
2026-04-27 09:20:00,1569.8,1580.0,1567.4,1571.0,962
2026-04-27 09:25:00,1571.0,1573.8,1568.7,1568.8,2062
2026-04-27 09:30:00,1569.0,1573.8,1567.0,1568.1,1056
2026-04-27 09:35:00,1568.1,1568.4,1559.7,1560.3,385
2026-04-27 09:40:00,1561.2,1565.2,1560.4,1565.1,563
2026-04-27 09:45:00,1565.1,1570.7,1564.5,1569.3,1270
2026-04-27 09:50:00,1570.7,1572.8,1568.2,1571.4,395
2026-04-27 09:55:00,1571.4,1571.4,1566.2,1566.2,426
2026-04-27 10:00:00,1566.5,1568.0,1565.4,1565.5,433
2026-04-27 10:05:00,1565.5,1566.1,1561.0,1562.3,685
2026-04-27 10:10:00,1562.3,1562.3,1557.2,1558.5,1503
2026-04-27 10:15:00,1558.5,1561.3,1558.5,1559.6,700
2026-04-27 10:20:00,1559.6,1560.8,1558.1,1560.1,327
2026-04-27 10:25:00,1560.1,1560.1,1555.1,1556.4,617
2026-04-27 10:30:00,1557.3,1557.8,1555.0,1555.9,761
2026-04-27 10:35:00,1555.9,1557.2,1555.8,1556.8,278
2026-04-27 10:40:00,1556.8,1560.9,1556.0,1559.6,343
2026-04-27 10:45:00,1559.6,1563.4,1559.6,1563.2,420
2026-04-27 10:50:00,1563.2,1568.0,1563.2,1567.0,714
2026-04-27 10:55:00,1567.0,1567.0,1565.9,1566.0,146
2026-04-27 11:00:00,1566.0,1566.8,1564.1,1566.8,261
2026-04-27 11:05:00,1566.8,1566.8,1560.6,1562.2,407
2026-04-27 11:10:00,1561.5,1564.4,1561.0,1564.4,621
2026-04-27 11:15:00,1564.4,1569.4,1564.4,1567.0,459
2026-04-27 11:20:00,1567.0,1567.0,1565.6,1566.0,81
2026-04-27 11:25:00,1566.0,1566.0,1562.7,1563.9,119
2026-04-27 11:30:00,1563.9,1565.1,1559.6,1560.1,454
2026-04-27 11:35:00,1560.1,1561.1,1559.4,1560.7,602
2026-04-27 11:40:00,1560.7,1580.7,1560.7,1577.0,11848
2026-04-27 11:45:00,1577.6,1581.9,1577.5,1581.9,1554
2026-04-27 11:50:00,1581.9,1583.5,1578.6,1579.6,1942
2026-04-27 11:55:00,1578.8,1595.2,1578.5,1590.4,10163
2026-04-27 12:00:00,1590.4,1592.1,1590.0,1591.9,5013
2026-04-27 12:05:00,1590.0,1593.5,1590.0,1591.6,1224
2026-04-27 12:10:00,1591.6,1591.6,1581.0,1581.0,2784
2026-04-27 12:15:00,1581.0,1581.1,1570.1,1570.2,5403
2026-04-27 12:20:00,1570.1,1574.0,1570.1,1573.5,1866
2026-04-27 12:25:00,1573.4,1573.9,1571.3,1571.3,672
2026-04-27 12:30:00,1571.3,1572.9,1571.2,1571.6,836
2026-04-27 12:35:00,1571.6,1572.1,1569.9,1570.1,826
2026-04-27 12:40:00,1570.1,1570.1,1558.0,1559.0,3403
2026-04-27 12:45:00,1559.0,1559.0,1555.1,1555.1,1182
2026-04-27 12:50:00,1555.1,1570.9,1555.1,1569.1,11622
2026-04-27 12:55:00,1569.1,1582.7,1569.1,1581.3,6083
2026-04-27 13:00:00,1581.4,1581.4,1580.9,1581.0,4573
2026-04-27 13:05:00,1580.0,1582.2,1580.0,1582.2,3915
2026-04-27 13:10:00,1582.2,1582.6,1580.7,1581.6,213
2026-04-27 13:15:00,1581.1,1583.7,1581.1,1583.7,636
2026-04-27 13:20:00,1583.7,1584.0,1582.6,1583.9,164
2026-04-27 13:25:00,1583.9,1583.9,1582.1,1582.1,212
2026-04-27 13:30:00,1582.0,1582.9,1581.1,1581.2,323
2026-04-27 13:35:00,1581.2,1582.1,1580.6,1581.0,152
2026-04-27 13:40:00,1581.0,1581.9,1581.0,1581.2,47
2026-04-27 13:45:00,1581.2,1581.9,1581.2,1581.2,124
2026-04-27 13:50:00,1581.2,1589.0,1581.0,1588.6,444
2026-04-27 13:55:00,1588.6,1588.7,1586.0,1587.0,686
2026-04-27 14:00:00,1587.0,1587.5,1587.0,1587.5,1169
2026-04-27 14:05:00,1587.5,1587.7,1587.0,1587.1,666
2026-04-27 14:10:00,1587.1,1587.8,1587.0,1587.5,440
2026-04-27 14:15:00,1587.5,1588.3,1586.9,1587.8,516
2026-04-27 14:20:00,1587.8,1587.8,1587.0,1587.2,721
2026-04-27 14:25:00,1587.2,1588.2,1587.0,1588.2,304
2026-04-27 14:30:00,1588.2,1588.4,1587.5,1588.4,178
2026-04-27 14:35:00,1588.4,1598.0,1588.2,1590.5,2738
2026-04-27 14:40:00,1590.5,1590.5,1587.7,1588.7,419
2026-04-27 14:45:00,1588.7,1589.8,1588.2,1589.2,221
2026-04-27 14:50:00,1589.3,1591.0,1589.1,1590.6,188
2026-04-27 14:55:00,1590.6,1592.3,1588.5,1589.4,469
2026-04-27 15:00:00,1589.4,1591.1,1587.0,1588.3,1546
2026-04-27 15:05:00,1588.1,1589.2,1585.7,1586.5,2268
2026-04-27 15:10:00,1587.5,1589.4,1587.0,1589.1,2448
2026-04-27 15:15:00,1589.1,1589.1,1586.6,1586.7,1196
2026-04-27 15:20:00,1587.5,1587.6,1587.0,1587.3,2456
2026-04-27 15:25:00,1587.3,1590.9,1586.5,1587.0,1496
2026-04-28 09:15:00,1587.0,1587.4,1560.5,1563.2,7407
2026-04-28 09:20:00,1563.2,1564.8,1560.1,1561.6,5252
2026-04-28 09:25:00,1561.7,1570.3,1560.1,1570.3,4714
2026-04-28 09:30:00,1571.6,1571.6,1562.6,1563.7,5177
2026-04-28 09:35:00,1563.7,1565.8,1562.0,1563.9,853
2026-04-28 09:40:00,1563.9,1570.7,1563.9,1569.0,3501
2026-04-28 09:45:00,1569.0,1570.9,1564.1,1565.7,2004
2026-04-28 09:50:00,1565.7,1567.2,1565.6,1566.4,490
2026-04-28 09:55:00,1566.4,1567.9,1561.0,1561.0,1427
2026-04-28 10:00:00,1563.3,1565.6,1562.4,1565.0,1194
2026-04-28 10:05:00,1565.0,1565.9,1564.1,1565.7,1094
2026-04-28 10:10:00,1565.7,1565.9,1563.0,1563.0,2731
2026-04-28 10:15:00,1563.0,1565.4,1562.1,1565.4,1547
2026-04-28 10:20:00,1563.9,1564.0,1562.8,1563.3,228
2026-04-28 10:25:00,1563.6,1565.0,1562.2,1564.5,725
2026-04-28 10:30:00,1564.5,1564.9,1564.5,1564.5,103
2026-04-28 10:35:00,1564.5,1564.5,1561.0,1561.0,271
2026-04-28 10:40:00,1561.6,1563.9,1561.0,1563.1,1527
2026-04-28 10:45:00,1563.1,1564.1,1552.2,1552.2,263709
2026-04-28 10:50:00,1552.2,1555.0,1551.0,1554.2,2637
2026-04-28 10:55:00,1554.2,1560.9,1554.2,1560.1,1824
2026-04-28 11:00:00,1560.9,1560.9,1555.5,1557.7,1295
2026-04-28 11:05:00,1557.7,1558.5,1555.8,1556.9,1541
2026-04-28 11:10:00,1556.9,1557.5,1555.4,1555.8,1061
2026-04-28 11:15:00,1555.8,1557.0,1554.3,1554.9,750
2026-04-28 11:20:00,1554.0,1555.1,1552.2,1553.8,1743
2026-04-28 11:25:00,1553.8,1553.8,1550.1,1552.4,2192
2026-04-28 11:30:00,1552.4,1552.5,1549.5,1549.5,2714
2026-04-28 11:35:00,1550.0,1551.0,1549.2,1550.4,1023
2026-04-28 11:40:00,1550.4,1550.9,1548.3,1549.9,1238
2026-04-28 11:45:00,1549.9,1550.7,1548.5,1549.4,871
2026-04-28 11:50:00,1549.4,1550.1,1549.1,1549.1,560
2026-04-28 11:55:00,1549.6,1549.7,1547.0,1548.3,858
2026-04-28 12:00:00,1548.3,1548.6,1545.3,1546.0,825
2026-04-28 12:05:00,1546.0,1546.0,1543.1,1543.9,1341
2026-04-28 12:10:00,1543.9,1544.9,1542.1,1543.0,1934
2026-04-28 12:15:00,1543.0,1548.5,1543.0,1544.0,1578
2026-04-28 12:20:00,1544.1,1544.1,1542.0,1543.0,1362
2026-04-28 12:25:00,1543.0,1543.0,1542.0,1542.5,521
2026-04-28 12:30:00,1542.5,1543.3,1541.1,1542.6,1371
2026-04-28 12:35:00,1542.6,1543.9,1542.6,1542.8,296
2026-04-28 12:40:00,1542.6,1546.6,1542.6,1546.6,811
2026-04-28 12:45:00,1546.7,1546.7,1544.1,1544.5,299
2026-04-28 12:50:00,1544.5,1546.0,1544.0,1545.2,280
2026-04-28 12:55:00,1545.2,1545.4,1538.0,1538.2,2964
2026-04-28 13:00:00,1538.2,1540.7,1538.2,1539.2,1388
2026-04-28 13:05:00,1538.2,1539.1,1535.8,1537.8,2624
2026-04-28 13:10:00,1536.5,1537.8,1535.5,1536.6,2693
2026-04-28 13:15:00,1536.6,1544.0,1535.5,1542.5,3216
2026-04-28 13:20:00,1544.3,1559.0,1544.3,1556.0,15463
2026-04-28 13:25:00,1557.3,1566.7,1555.1,1565.0,17517
2026-04-28 13:30:00,1565.0,1565.1,1551.4,1553.5,21645
2026-04-28 13:35:00,1553.5,1554.2,1551.1,1552.3,1252
2026-04-28 13:40:00,1551.0,1553.5,1550.9,1551.0,3819
2026-04-28 13:45:00,1551.0,1560.3,1551.0,1560.3,7730
2026-04-28 13:50:00,1560.4,1563.0,1560.0,1561.2,1356
2026-04-28 13:55:00,1561.2,1562.7,1560.0,1561.7,1166
2026-04-28 14:00:00,1561.7,1563.1,1560.6,1561.1,1142
2026-04-28 14:05:00,1561.1,1565.6,1560.3,1561.8,18576
2026-04-28 14:10:00,1561.8,1561.8,1551.8,1553.0,1212
2026-04-28 14:15:00,1553.0,1553.9,1551.3,1552.2,1274
2026-04-28 14:20:00,1551.6,1553.7,1551.6,1553.7,497
2026-04-28 14:25:00,1553.7,1553.9,1551.3,1552.8,1135
2026-04-28 14:30:00,1552.8,1554.5,1552.8,1552.9,859
2026-04-28 14:35:00,1552.9,1553.7,1551.2,1552.1,1095
2026-04-28 14:40:00,1552.1,1552.9,1551.0,1552.9,1518
2026-04-28 14:45:00,1553.5,1554.1,1551.0,1551.0,3374
2026-04-28 14:50:00,1551.0,1551.9,1551.0,1551.3,2107
2026-04-28 14:55:00,1551.0,1552.8,1551.0,1552.1,3207
2026-04-28 15:00:00,1552.1,1554.0,1551.0,1552.3,3897
2026-04-28 15:05:00,1552.4,1553.6,1551.7,1552.5,2739
2026-04-28 15:10:00,1552.5,1553.0,1551.0,1551.0,4517
2026-04-28 15:15:00,1551.0,1553.5,1550.2,1551.9,8446
2026-04-28 15:20:00,1551.2,1551.6,1550.0,1551.0,8672
2026-04-28 15:25:00,1551.0,1551.9,1540.0,1551.0,5936
2026-04-29 09:15:00,1551.9,1565.7,1541.1,1549.5,8271
2026-04-29 09:20:00,1547.3,1552.5,1546.0,1549.9,3442
2026-04-29 09:25:00,1549.9,1555.0,1549.9,1554.3,2540
2026-04-29 09:30:00,1552.8,1556.0,1542.0,1542.0,802
2026-04-29 09:35:00,1541.2,1543.9,1536.6,1541.5,3849
2026-04-29 09:40:00,1541.5,1542.7,1540.0,1540.1,2370
2026-04-29 09:45:00,1540.1,1543.5,1539.8,1543.5,2037
2026-04-29 09:50:00,1543.5,1544.7,1542.4,1544.4,1549
2026-04-29 09:55:00,1544.4,1545.6,1542.8,1544.8,1376
2026-04-29 10:00:00,1544.8,1550.7,1544.8,1550.1,2113
2026-04-29 10:05:00,1550.1,1554.7,1550.0,1553.6,4966
2026-04-29 10:10:00,1553.6,1553.6,1550.7,1550.7,1053
2026-04-29 10:15:00,1550.7,1553.4,1550.7,1552.0,1581
2026-04-29 10:20:00,1552.0,1552.2,1552.0,1552.0,291
2026-04-29 10:25:00,1552.0,1552.0,1550.0,1550.5,602
2026-04-29 10:30:00,1550.0,1550.5,1541.0,1541.0,7474
2026-04-29 10:35:00,1541.0,1541.8,1539.1,1539.1,999
2026-04-29 10:40:00,1539.1,1539.1,1537.0,1537.8,703
2026-04-29 10:45:00,1537.8,1538.6,1536.1,1537.8,1712
2026-04-29 10:50:00,1537.8,1537.8,1536.1,1536.1,619
2026-04-29 10:55:00,1536.1,1536.9,1535.3,1535.3,1301
2026-04-29 11:00:00,1535.1,1536.5,1535.0,1535.8,872
2026-04-29 11:05:00,1535.0,1537.8,1534.9,1537.8,1169
2026-04-29 11:10:00,1537.8,1537.8,1536.7,1537.4,95
2026-04-29 11:15:00,1537.4,1537.4,1535.8,1536.2,1969
2026-04-29 11:20:00,1536.2,1539.9,1536.2,1537.6,1370
2026-04-29 11:25:00,1537.6,1537.6,1535.8,1535.8,830
2026-04-29 11:30:00,1535.8,1535.8,1535.1,1535.1,116
2026-04-29 11:35:00,1535.1,1535.8,1535.1,1535.8,1490
2026-04-29 11:40:00,1537.6,1537.7,1535.7,1536.3,152
2026-04-29 11:45:00,1536.3,1536.7,1534.5,1535.5,1605
2026-04-29 11:50:00,1535.5,1536.3,1535.5,1536.3,1416
2026-04-29 11:55:00,1536.3,1537.7,1535.7,1537.6,1434
2026-04-29 12:00:00,1537.6,1548.2,1535.0,1545.1,7947
2026-04-29 12:05:00,1545.1,1545.9,1545.0,1545.0,4641
2026-04-29 12:10:00,1545.0,1549.6,1545.0,1545.7,4120
2026-04-29 12:15:00,1545.7,1549.6,1545.3,1548.0,2936
2026-04-29 12:20:00,1548.0,1548.0,1546.5,1546.5,1518
2026-04-29 12:25:00,1546.5,1547.9,1546.5,1546.9,733
2026-04-29 12:30:00,1546.5,1546.9,1546.5,1546.5,2018
2026-04-29 12:35:00,1546.5,1546.8,1546.5,1546.5,1457
2026-04-29 12:40:00,1546.5,1546.7,1546.5,1546.5,2288
2026-04-29 12:45:00,1546.5,1546.7,1546.5,1546.5,1289
2026-04-29 12:50:00,1546.5,1546.7,1546.5,1546.5,492
2026-04-29 12:55:00,1546.5,1546.5,1539.6,1540.5,11685
2026-04-29 13:00:00,1540.5,1541.5,1538.0,1541.5,1931
2026-04-29 13:05:00,1541.5,1542.6,1540.2,1542.6,788
2026-04-29 13:10:00,1542.6,1542.6,1541.0,1541.6,719
2026-04-29 13:15:00,1541.6,1545.1,1541.6,1545.0,1201
2026-04-29 13:20:00,1545.0,1545.0,1544.0,1544.0,426
2026-04-29 13:25:00,1544.0,1545.4,1542.2,1543.8,1549
2026-04-29 13:30:00,1543.8,1543.8,1542.5,1543.5,236
2026-04-29 13:35:00,1543.5,1543.5,1541.9,1543.1,193
2026-04-29 13:40:00,1543.1,1543.1,1539.0,1539.8,1078
2026-04-29 13:45:00,1539.8,1539.8,1535.1,1536.1,1455
2026-04-29 13:50:00,1536.1,1539.8,1535.0,1536.2,3254
2026-04-29 13:55:00,1536.2,1537.2,1534.1,1534.8,688
2026-04-29 14:00:00,1534.8,1534.8,1530.2,1531.3,2432
2026-04-29 14:05:00,1531.3,1533.1,1530.0,1531.6,2091
2026-04-29 14:10:00,1531.6,1541.4,1530.3,1538.0,5606
2026-04-29 14:15:00,1538.0,1541.4,1538.0,1540.0,2102
2026-04-29 14:20:00,1540.0,1541.0,1538.0,1541.0,1663
2026-04-29 14:25:00,1541.0,1541.0,1538.0,1539.1,743
2026-04-29 14:30:00,1539.1,1539.1,1538.0,1538.3,1645
2026-04-29 14:35:00,1538.3,1538.3,1538.0,1538.3,290
2026-04-29 14:40:00,1538.3,1545.0,1538.0,1545.0,7506
2026-04-29 14:45:00,1545.0,1546.1,1545.0,1546.1,13463
2026-04-29 14:50:00,1546.1,1546.7,1545.5,1546.3,297
2026-04-29 14:55:00,1546.3,1546.7,1544.2,1546.7,542
2026-04-29 15:00:00,1546.0,1551.7,1545.6,1547.4,2424
2026-04-29 15:05:00,1547.0,1549.8,1546.7,1548.8,1278
2026-04-29 15:10:00,1549.7,1549.7,1545.1,1545.1,2811
2026-04-29 15:15:00,1545.6,1545.6,1545.0,1545.2,1924
2026-04-29 15:20:00,1545.2,1548.6,1545.0,1548.6,5708
2026-04-29 15:25:00,1549.2,1554.8,1545.0,1552.0,9001
2026-04-30 09:15:00,1540.0,1555.7,1519.9,1547.3,20066
2026-04-30 09:20:00,1547.3,1547.3,1540.5,1542.5,1830
2026-04-30 09:25:00,1542.5,1543.9,1535.8,1542.7,3429
2026-04-30 09:30:00,1542.7,1545.8,1538.0,1545.7,3105
2026-04-30 09:35:00,1544.9,1546.1,1542.7,1543.0,1038
2026-04-30 09:40:00,1543.0,1545.0,1540.5,1540.7,579
2026-04-30 09:45:00,1540.7,1545.0,1540.2,1545.0,2258
2026-04-30 09:50:00,1545.0,1551.8,1545.0,1550.6,1775
2026-04-30 09:55:00,1550.3,1552.2,1547.2,1548.2,1802
2026-04-30 10:00:00,1547.7,1547.7,1545.0,1545.0,617
2026-04-30 10:05:00,1546.5,1549.1,1545.0,1545.6,824
2026-04-30 10:10:00,1545.6,1547.2,1540.0,1540.2,1140
2026-04-30 10:15:00,1540.0,1541.4,1537.8,1539.0,2640
2026-04-30 10:20:00,1540.5,1542.2,1539.0,1539.6,478
2026-04-30 10:25:00,1539.6,1542.4,1538.8,1540.7,325
2026-04-30 10:30:00,1540.7,1543.2,1540.7,1541.6,270
2026-04-30 10:35:00,1541.6,1544.9,1537.2,1544.8,5069
2026-04-30 10:40:00,1544.8,1548.2,1544.1,1544.8,348
2026-04-30 10:45:00,1544.8,1547.9,1542.4,1543.8,796
2026-04-30 10:50:00,1542.5,1551.0,1542.3,1549.9,995
2026-04-30 10:55:00,1549.9,1550.9,1548.0,1549.9,251
2026-04-30 11:00:00,1549.9,1560.0,1549.0,1553.6,4226
2026-04-30 11:05:00,1554.8,1558.2,1553.3,1554.6,1625
2026-04-30 11:10:00,1554.6,1556.5,1553.0,1555.7,582
2026-04-30 11:15:00,1555.7,1556.4,1550.2,1550.4,2427
2026-04-30 11:20:00,1550.1,1553.7,1549.1,1552.4,776
2026-04-30 11:25:00,1552.5,1558.6,1552.4,1556.7,1092
2026-04-30 11:30:00,1556.6,1559.2,1556.4,1558.9,493
2026-04-30 11:35:00,1557.3,1559.0,1557.1,1558.5,625
2026-04-30 11:40:00,1558.5,1558.7,1555.3,1556.0,412
2026-04-30 11:45:00,1556.0,1556.9,1554.4,1554.6,267
2026-04-30 11:50:00,1554.7,1558.1,1553.6,1555.7,2041
2026-04-30 11:55:00,1555.7,1558.4,1555.2,1556.3,285
2026-04-30 12:00:00,1556.3,1558.3,1556.0,1556.7,324
2026-04-30 12:05:00,1556.7,1563.4,1556.7,1558.5,2171
2026-04-30 12:10:00,1558.2,1562.3,1558.2,1562.3,640
2026-04-30 12:15:00,1562.3,1562.3,1557.7,1560.1,1777
2026-04-30 12:20:00,1560.1,1562.5,1559.2,1560.1,381
2026-04-30 12:25:00,1560.1,1562.5,1557.7,1557.7,813
2026-04-30 12:30:00,1557.7,1559.9,1554.1,1554.9,657
2026-04-30 12:35:00,1554.9,1556.0,1552.9,1553.1,435
2026-04-30 12:40:00,1553.3,1558.4,1553.3,1556.4,935
2026-04-30 12:45:00,1557.5,1559.6,1556.1,1558.2,343
2026-04-30 12:50:00,1558.2,1561.0,1556.4,1559.1,901
2026-04-30 12:55:00,1557.6,1560.6,1557.5,1557.6,686
2026-04-30 13:00:00,1557.6,1560.3,1557.6,1558.1,276
2026-04-30 13:05:00,1558.0,1559.0,1556.3,1556.3,1322
2026-04-30 13:10:00,1556.3,1557.5,1555.8,1555.8,127
2026-04-30 13:15:00,1556.2,1557.7,1555.9,1557.4,139
2026-04-30 13:20:00,1557.4,1560.8,1556.1,1557.6,985
2026-04-30 13:25:00,1557.6,1564.9,1557.3,1560.2,2659
2026-04-30 13:30:00,1560.0,1560.5,1558.2,1559.8,213
2026-04-30 13:35:00,1558.2,1563.3,1558.2,1563.2,449
2026-04-30 13:40:00,1561.1,1572.0,1561.1,1569.9,3157
2026-04-30 13:45:00,1569.9,1571.8,1567.0,1568.5,1809
2026-04-30 13:50:00,1568.5,1572.9,1567.0,1572.0,3900
2026-04-30 13:55:00,1570.1,1573.9,1570.0,1572.3,1471
2026-04-30 14:00:00,1572.3,1573.6,1568.3,1568.3,489
2026-04-30 14:05:00,1568.3,1568.6,1561.2,1563.2,1864
2026-04-30 14:10:00,1563.3,1565.0,1562.1,1564.0,1485
2026-04-30 14:15:00,1564.0,1565.8,1560.5,1563.4,828
2026-04-30 14:20:00,1563.4,1566.0,1562.5,1564.1,767
2026-04-30 14:25:00,1564.1,1566.3,1563.9,1565.1,181
2026-04-30 14:30:00,1565.1,1568.7,1565.1,1567.4,244
2026-04-30 14:35:00,1567.4,1570.9,1567.4,1567.5,1507
2026-04-30 14:40:00,1568.4,1570.8,1568.3,1568.7,290
2026-04-30 14:45:00,1568.7,1569.9,1566.4,1567.0,256
2026-04-30 14:50:00,1567.0,1573.3,1567.0,1573.3,1898
2026-04-30 14:55:00,1571.7,1573.2,1568.9,1571.6,1575
2026-04-30 15:00:00,1571.7,1574.0,1564.1,1564.6,2708
2026-04-30 15:05:00,1564.7,1565.7,1555.2,1557.6,2329
2026-04-30 15:10:00,1557.9,1560.5,1554.4,1556.1,3838
2026-04-30 15:15:00,1557.6,1558.6,1553.8,1555.2,3717
2026-04-30 15:20:00,1556.5,1556.5,1549.5,1553.0,6452
2026-04-30 15:25:00,1553.0,1555.0,1548.5,1549.0,4236
2026-05-04 09:15:00,1566.0,1611.4,1566.0,1600.9,12856
2026-05-04 09:20:00,1600.9,1620.0,1600.9,1620.0,17036
2026-05-04 09:25:00,1620.0,1626.8,1614.6,1625.6,13335
2026-05-04 09:30:00,1626.0,1637.2,1624.8,1636.4,12731
2026-05-04 09:35:00,1637.0,1652.9,1635.0,1641.1,22952
2026-05-04 09:40:00,1641.1,1648.0,1640.1,1646.6,6745
2026-05-04 09:45:00,1647.1,1658.9,1647.1,1656.5,17389
2026-05-04 09:50:00,1655.6,1662.7,1653.2,1655.5,19059
2026-05-04 09:55:00,1654.4,1659.5,1648.6,1659.5,12722
2026-05-04 10:00:00,1657.7,1659.5,1650.0,1654.8,12383
2026-05-04 10:05:00,1654.8,1660.0,1652.2,1656.2,7990
2026-05-04 10:10:00,1656.3,1665.5,1650.5,1663.0,10161
2026-05-04 10:15:00,1663.0,1663.0,1655.1,1656.7,10368
2026-05-04 10:20:00,1657.4,1659.0,1651.0,1651.1,8891
2026-05-04 10:25:00,1651.1,1659.9,1651.1,1659.7,2396
2026-05-04 10:30:00,1659.7,1693.8,1659.7,1685.2,62868
2026-05-04 10:35:00,1687.0,1710.0,1675.1,1676.7,78367
2026-05-04 10:40:00,1676.2,1690.9,1662.1,1687.6,39390
2026-05-04 10:45:00,1685.4,1700.0,1685.2,1696.1,25105
2026-05-04 10:50:00,1697.5,1734.4,1695.8,1729.5,95199
2026-05-04 10:55:00,1731.0,1731.0,1703.9,1706.6,65730
2026-05-04 11:00:00,1706.6,1746.5,1701.5,1744.0,136455
2026-05-04 11:05:00,1744.7,1756.0,1732.7,1737.9,190818
2026-05-04 11:10:00,1739.0,1743.1,1715.0,1726.2,115590
2026-05-04 11:15:00,1727.8,1730.1,1703.0,1703.0,97831
2026-05-04 11:20:00,1704.5,1704.5,1682.0,1685.1,122546
2026-05-04 11:25:00,1684.0,1710.8,1683.5,1708.0,100526
2026-05-04 11:30:00,1708.9,1723.0,1705.2,1710.3,129019
2026-05-04 11:35:00,1711.8,1713.9,1695.2,1703.2,68300
2026-05-04 11:40:00,1704.6,1709.0,1697.9,1698.0,41429
2026-05-04 11:45:00,1699.4,1704.8,1695.4,1702.3,36892
2026-05-04 11:50:00,1701.5,1706.0,1688.8,1699.0,51997
2026-05-04 11:55:00,1699.0,1708.0,1695.4,1705.0,43864
2026-05-04 12:00:00,1703.9,1707.4,1687.1,1696.6,47410
2026-05-04 12:05:00,1696.0,1704.0,1691.0,1697.3,41744
2026-05-04 12:10:00,1695.2,1695.3,1683.9,1683.9,20762
2026-05-04 12:15:00,1685.8,1693.4,1677.3,1684.5,44518
2026-05-04 12:20:00,1684.5,1685.0,1660.0,1665.0,65272
2026-05-04 12:25:00,1665.1,1674.9,1663.0,1667.7,39087
2026-05-04 12:30:00,1667.5,1672.1,1661.2,1663.1,20717
2026-05-04 12:35:00,1662.5,1668.8,1660.5,1668.4,25387
2026-05-04 12:40:00,1668.4,1670.8,1663.5,1666.6,13825
2026-05-04 12:45:00,1664.4,1667.7,1657.1,1661.0,21479
2026-05-04 12:50:00,1661.0,1668.0,1660.3,1663.9,14771
2026-05-04 12:55:00,1663.9,1664.8,1660.0,1664.4,5739
2026-05-04 13:00:00,1663.7,1665.0,1654.0,1657.0,20801
2026-05-04 13:05:00,1657.1,1657.4,1646.4,1653.3,26150
2026-05-04 13:10:00,1653.3,1655.9,1649.0,1653.7,11786
2026-05-04 13:15:00,1653.7,1657.9,1647.1,1650.1,18252
2026-05-04 13:20:00,1651.1,1651.5,1642.7,1646.9,13939
2026-05-04 13:25:00,1646.8,1652.4,1643.3,1643.9,10595
2026-05-04 13:30:00,1642.5,1646.3,1640.0,1643.5,11090
2026-05-04 13:35:00,1644.9,1651.5,1643.0,1647.2,15489
2026-05-04 13:40:00,1646.5,1654.1,1646.5,1650.9,9341
2026-05-04 13:45:00,1651.3,1653.9,1647.4,1651.8,7748
2026-05-04 13:50:00,1651.8,1655.3,1648.2,1649.6,9810
2026-05-04 13:55:00,1649.6,1691.0,1648.0,1680.0,70616
2026-05-04 14:00:00,1680.0,1684.0,1664.4,1684.0,34169
2026-05-04 14:05:00,1680.7,1694.8,1676.0,1680.0,67714
2026-05-04 14:10:00,1679.1,1681.2,1662.4,1665.6,38759
2026-05-04 14:15:00,1665.6,1681.5,1664.0,1674.0,26794
2026-05-04 14:20:00,1673.3,1681.5,1672.3,1678.0,15608
2026-05-04 14:25:00,1678.0,1680.3,1668.3,1679.1,17818
2026-05-04 14:30:00,1678.6,1681.0,1665.5,1669.6,26138
2026-05-04 14:35:00,1668.4,1687.8,1668.4,1684.0,26740
2026-05-04 14:40:00,1684.0,1686.3,1680.0,1685.3,13701
2026-05-04 14:45:00,1685.2,1685.2,1671.8,1678.3,23336
2026-05-04 14:50:00,1678.9,1682.0,1677.7,1679.1,18037
2026-05-04 14:55:00,1679.1,1681.3,1667.6,1669.4,28034
2026-05-04 15:00:00,1667.6,1669.8,1656.6,1659.8,38859
2026-05-04 15:05:00,1660.4,1679.9,1660.0,1676.9,36696
2026-05-04 15:10:00,1679.1,1679.8,1672.0,1677.8,30594
2026-05-04 15:15:00,1678.4,1680.0,1670.4,1673.4,44121
2026-05-04 15:20:00,1677.2,1687.2,1672.3,1672.4,41543
2026-05-04 15:25:00,1672.3,1674.5,1660.0,1670.0,7146
2026-05-05 09:15:00,1682.0,1696.4,1655.6,1686.9,16753
2026-05-05 09:20:00,1686.9,1703.6,1684.0,1695.8,14888
2026-05-05 09:25:00,1697.4,1698.6,1691.4,1696.4,4720
2026-05-05 09:30:00,1697.7,1701.8,1693.9,1695.1,6645
2026-05-05 09:35:00,1695.1,1712.5,1693.3,1695.0,10922
2026-05-05 09:40:00,1696.6,1703.6,1694.0,1694.0,5765
2026-05-05 09:45:00,1692.9,1735.5,1692.9,1732.6,25178
2026-05-05 09:50:00,1732.6,1740.0,1722.4,1726.0,19186
2026-05-05 09:55:00,1726.0,1731.1,1722.0,1724.9,9383
2026-05-05 10:00:00,1724.7,1729.8,1720.1,1722.2,3935
2026-05-05 10:05:00,1721.6,1726.2,1721.6,1724.0,1518
2026-05-05 10:10:00,1725.0,1725.0,1712.0,1715.9,6602
2026-05-05 10:15:00,1713.9,1717.3,1711.7,1713.0,4877
2026-05-05 10:20:00,1713.0,1713.0,1709.0,1711.5,8887
2026-05-05 10:25:00,1711.5,1713.0,1708.2,1711.0,2583
2026-05-05 10:30:00,1710.0,1712.7,1702.5,1702.5,4990
2026-05-05 10:35:00,1704.9,1707.3,1701.1,1702.8,3299
2026-05-05 10:40:00,1702.8,1702.8,1700.1,1700.6,1242
2026-05-05 10:45:00,1700.6,1709.8,1697.6,1706.0,9579
2026-05-05 10:50:00,1706.0,1708.0,1702.1,1702.1,1040
2026-05-05 10:55:00,1702.1,1702.2,1700.0,1700.0,919
2026-05-05 11:00:00,1700.1,1708.0,1700.0,1708.0,1291
2026-05-05 11:05:00,1708.6,1710.6,1707.1,1709.1,1640
2026-05-05 11:10:00,1710.0,1712.0,1708.5,1710.9,1265
2026-05-05 11:15:00,1710.9,1713.2,1708.3,1711.3,1256
2026-05-05 11:20:00,1711.3,1713.5,1710.0,1712.1,1973
2026-05-05 11:25:00,1712.1,1728.4,1712.1,1728.0,7785
2026-05-05 11:30:00,1728.0,1728.6,1724.0,1724.8,8852
2026-05-05 11:35:00,1727.0,1728.0,1724.5,1725.3,1608
2026-05-05 11:40:00,1725.3,1726.7,1721.5,1723.2,1019
2026-05-05 11:45:00,1723.2,1723.2,1720.1,1721.6,609
2026-05-05 11:50:00,1720.6,1721.4,1720.2,1721.2,434
2026-05-05 11:55:00,1721.0,1723.1,1721.0,1721.7,507
2026-05-05 12:00:00,1721.4,1724.9,1718.9,1723.7,3443
2026-05-05 12:05:00,1723.7,1724.1,1721.3,1722.9,1211
2026-05-05 12:10:00,1722.9,1727.0,1720.2,1727.0,3310
2026-05-05 12:15:00,1727.0,1730.0,1725.6,1729.6,1717
2026-05-05 12:20:00,1729.6,1730.0,1728.2,1729.7,787
2026-05-05 12:25:00,1729.7,1731.4,1726.3,1728.0,1417
2026-05-05 12:30:00,1728.0,1733.3,1726.7,1733.1,1790
2026-05-05 12:35:00,1733.1,1735.0,1731.2,1734.9,6342
2026-05-05 12:40:00,1734.9,1735.0,1729.4,1729.4,4783
2026-05-05 12:45:00,1729.4,1731.2,1724.1,1726.3,1439
2026-05-05 12:50:00,1726.3,1730.2,1726.3,1728.5,1542
2026-05-05 12:55:00,1728.5,1732.0,1728.5,1731.5,1077
2026-05-05 13:00:00,1731.5,1735.0,1730.3,1732.1,1926
2026-05-05 13:05:00,1731.1,1732.1,1726.4,1728.3,1646
2026-05-05 13:10:00,1728.2,1730.0,1727.4,1728.2,371
2026-05-05 13:15:00,1728.2,1735.3,1725.9,1728.8,2804
2026-05-05 13:20:00,1726.9,1729.8,1726.9,1728.5,912
2026-05-05 13:25:00,1728.5,1729.9,1727.9,1728.0,286
2026-05-05 13:30:00,1728.0,1729.1,1725.7,1728.7,495
2026-05-05 13:35:00,1726.4,1728.0,1725.5,1726.2,1338
2026-05-05 13:40:00,1727.7,1728.5,1726.2,1726.3,247
2026-05-05 13:45:00,1726.3,1727.5,1723.1,1726.1,1094
2026-05-05 13:50:00,1726.1,1726.3,1720.1,1722.9,1945
2026-05-05 13:55:00,1724.7,1725.6,1720.8,1721.1,530
2026-05-05 14:00:00,1721.1,1724.0,1721.1,1722.9,442
2026-05-05 14:05:00,1722.9,1723.6,1720.1,1720.5,603
2026-05-05 14:10:00,1720.5,1722.8,1720.0,1722.6,2336
2026-05-05 14:15:00,1722.6,1722.6,1720.8,1721.2,328
2026-05-05 14:20:00,1721.2,1723.8,1721.0,1721.5,850
2026-05-05 14:25:00,1721.5,1724.7,1721.5,1722.6,660
2026-05-05 14:30:00,1722.6,1722.8,1716.2,1716.5,1266
2026-05-05 14:35:00,1716.5,1716.5,1712.5,1713.7,2626
2026-05-05 14:40:00,1713.7,1715.0,1711.2,1713.4,778
2026-05-05 14:45:00,1714.0,1715.8,1712.2,1713.9,740
2026-05-05 14:50:00,1713.9,1715.5,1712.2,1712.9,552
2026-05-05 14:55:00,1714.8,1716.0,1713.6,1715.6,1007
2026-05-05 15:00:00,1717.9,1721.9,1715.0,1720.9,3759
2026-05-05 15:05:00,1719.9,1721.3,1716.8,1720.2,1696
2026-05-05 15:10:00,1722.1,1722.1,1713.8,1716.3,3454
2026-05-05 15:15:00,1716.3,1717.4,1713.4,1715.2,5934
2026-05-05 15:20:00,1712.7,1714.0,1705.0,1712.8,14619
2026-05-05 15:25:00,1712.5,1725.0,1710.1,1720.0,9856
2026-05-06 09:15:00,1740.5,1745.9,1719.3,1730.7,13046
2026-05-06 09:20:00,1730.7,1730.9,1725.4,1726.8,2205
2026-05-06 09:25:00,1726.6,1744.5,1725.0,1742.5,7179
2026-05-06 09:30:00,1741.6,1743.9,1736.0,1737.9,1684
2026-05-06 09:35:00,1737.0,1738.0,1730.2,1734.9,2723
2026-05-06 09:40:00,1734.9,1736.5,1730.5,1734.0,1831
2026-05-06 09:45:00,1734.0,1734.0,1729.5,1729.5,2572
2026-05-06 09:50:00,1729.5,1730.4,1728.8,1730.0,860
2026-05-06 09:55:00,1730.0,1730.0,1727.8,1730.0,2959
2026-05-06 10:00:00,1730.5,1733.6,1730.5,1732.6,1883
2026-05-06 10:05:00,1732.6,1732.6,1728.0,1728.0,1027
2026-05-06 10:10:00,1729.2,1733.9,1727.8,1732.5,612
2026-05-06 10:15:00,1732.5,1732.9,1727.2,1727.2,444
2026-05-06 10:20:00,1727.2,1729.4,1727.0,1727.7,291
2026-05-06 10:25:00,1727.7,1728.0,1726.6,1727.9,159
2026-05-06 10:30:00,1727.9,1728.8,1725.6,1726.7,594
2026-05-06 10:35:00,1725.2,1725.7,1712.1,1722.8,3823
2026-05-06 10:40:00,1722.8,1730.0,1721.0,1730.0,798
2026-05-06 10:45:00,1730.0,1733.8,1730.0,1732.9,949
2026-05-06 10:50:00,1732.9,1732.9,1726.2,1726.2,871
2026-05-06 10:55:00,1726.2,1733.9,1726.2,1729.8,364
2026-05-06 11:00:00,1729.8,1730.9,1728.0,1728.0,295
2026-05-06 11:05:00,1728.0,1729.4,1725.3,1729.4,183
2026-05-06 11:10:00,1730.0,1731.9,1728.8,1731.0,445
2026-05-06 11:15:00,1731.0,1731.3,1725.6,1726.6,1463
2026-05-06 11:20:00,1724.6,1729.2,1724.6,1729.2,322
2026-05-06 11:25:00,1727.3,1728.7,1726.6,1728.1,204
2026-05-06 11:30:00,1728.1,1728.1,1720.2,1723.8,2139
2026-05-06 11:35:00,1723.8,1723.8,1721.4,1722.0,191
2026-05-06 11:40:00,1722.0,1725.3,1722.0,1725.3,286
2026-05-06 11:45:00,1726.3,1726.3,1722.9,1724.2,89
2026-05-06 11:50:00,1725.2,1726.1,1722.8,1724.0,570
2026-05-06 11:55:00,1724.0,1726.1,1722.4,1726.1,1321
2026-05-06 12:00:00,1726.1,1726.1,1722.8,1723.2,680
2026-05-06 12:05:00,1723.2,1724.8,1720.6,1723.1,1429
2026-05-06 12:10:00,1723.1,1724.9,1722.1,1722.1,570
2026-05-06 12:15:00,1722.0,1722.0,1719.8,1719.8,515
2026-05-06 12:20:00,1720.1,1722.2,1717.1,1717.7,941
2026-05-06 12:25:00,1717.7,1721.3,1717.7,1719.9,413
2026-05-06 12:30:00,1718.5,1723.0,1718.5,1723.0,1062
2026-05-06 12:35:00,1723.0,1723.0,1718.9,1719.4,1429
2026-05-06 12:40:00,1719.4,1720.8,1714.0,1714.2,1562
2026-05-06 12:45:00,1714.2,1715.8,1709.7,1711.7,2506
2026-05-06 12:50:00,1711.7,1716.9,1711.4,1714.8,920
2026-05-06 12:55:00,1714.8,1716.1,1702.1,1706.0,3903
2026-05-06 13:00:00,1706.0,1708.0,1706.0,1707.0,279
2026-05-06 13:05:00,1707.0,1709.9,1707.0,1709.9,557
2026-05-06 13:10:00,1709.9,1713.4,1709.9,1711.6,622
2026-05-06 13:15:00,1711.6,1714.5,1711.1,1712.7,331
2026-05-06 13:20:00,1712.7,1712.7,1709.0,1709.0,387
2026-05-06 13:25:00,1709.0,1710.0,1705.6,1705.6,666
2026-05-06 13:30:00,1710.8,1711.3,1707.0,1707.0,961
2026-05-06 13:35:00,1709.1,1710.6,1707.3,1710.6,483
2026-05-06 13:40:00,1710.0,1711.9,1707.1,1711.9,455
2026-05-06 13:45:00,1711.9,1712.9,1709.8,1712.5,89
2026-05-06 13:50:00,1712.5,1713.2,1710.0,1710.0,1018
2026-05-06 13:55:00,1710.0,1710.0,1707.0,1708.6,306
2026-05-06 14:00:00,1708.6,1711.3,1705.0,1711.3,3567
2026-05-06 14:05:00,1710.0,1710.7,1706.6,1710.7,1766
2026-05-06 14:10:00,1710.7,1712.4,1708.4,1709.8,1437
2026-05-06 14:15:00,1709.8,1710.0,1706.3,1709.1,1913
2026-05-06 14:20:00,1709.1,1718.2,1709.1,1714.6,666
2026-05-06 14:25:00,1714.6,1726.9,1714.6,1725.2,4489
2026-05-06 14:30:00,1725.2,1725.3,1719.9,1722.4,1186
2026-05-06 14:35:00,1722.4,1730.2,1720.1,1726.0,3507
2026-05-06 14:40:00,1727.6,1734.3,1727.6,1733.8,3069
2026-05-06 14:45:00,1731.6,1735.0,1730.4,1733.6,1520
2026-05-06 14:50:00,1733.6,1736.4,1730.0,1734.0,1879
2026-05-06 14:55:00,1734.0,1735.5,1733.9,1734.4,1373
2026-05-06 15:00:00,1732.5,1736.0,1731.6,1731.6,1237
2026-05-06 15:05:00,1733.8,1735.0,1730.5,1731.7,1710
2026-05-06 15:10:00,1733.1,1735.6,1730.5,1731.2,3472
2026-05-06 15:15:00,1731.2,1735.0,1730.0,1733.7,4264
2026-05-06 15:20:00,1733.7,1735.0,1727.8,1734.4,12263
2026-05-06 15:25:00,1734.4,1738.7,1726.0,1737.0,4904
2026-05-07 09:15:00,1735.9,1752.0,1735.9,1748.5,5592
2026-05-07 09:20:00,1743.0,1754.3,1740.0,1749.2,7234
2026-05-07 09:25:00,1750.0,1758.5,1749.5,1757.2,3873
2026-05-07 09:30:00,1758.4,1760.0,1749.8,1755.7,6865
2026-05-07 09:35:00,1755.6,1758.8,1752.9,1755.1,2343
2026-05-07 09:40:00,1755.1,1756.6,1752.9,1754.7,1173
2026-05-07 09:45:00,1753.3,1755.0,1750.3,1751.9,1245
2026-05-07 09:50:00,1750.7,1751.1,1742.5,1744.3,1543
2026-05-07 09:55:00,1744.0,1751.7,1743.9,1750.2,848
2026-05-07 10:00:00,1749.4,1752.3,1749.4,1751.2,496
2026-05-07 10:05:00,1750.2,1751.9,1743.4,1745.6,937
2026-05-07 10:10:00,1746.4,1747.7,1736.7,1738.3,1895
2026-05-07 10:15:00,1736.5,1740.6,1734.5,1736.3,4093
2026-05-07 10:20:00,1736.3,1738.8,1732.8,1734.2,1986
2026-05-07 10:25:00,1734.2,1736.4,1734.0,1734.6,366
2026-05-07 10:30:00,1734.6,1745.9,1734.1,1742.4,965
2026-05-07 10:35:00,1742.4,1765.0,1742.4,1759.8,13646
2026-05-07 10:40:00,1759.8,1761.0,1753.0,1753.0,2428
2026-05-07 10:45:00,1753.0,1755.0,1751.1,1751.4,1354
2026-05-07 10:50:00,1751.4,1755.9,1751.4,1755.9,1007
2026-05-07 10:55:00,1755.9,1755.9,1748.5,1748.5,749
2026-05-07 11:00:00,1748.5,1748.5,1747.5,1747.5,604
2026-05-07 11:05:00,1747.5,1749.2,1746.7,1747.6,689
2026-05-07 11:10:00,1747.7,1748.2,1744.8,1745.6,3555
2026-05-07 11:15:00,1745.6,1752.0,1745.6,1752.0,1831
2026-05-07 11:20:00,1750.1,1750.1,1747.6,1747.9,1047
2026-05-07 11:25:00,1747.9,1748.0,1745.7,1748.0,1145
2026-05-07 11:30:00,1748.0,1749.9,1748.0,1749.4,80
2026-05-07 11:35:00,1749.4,1750.0,1748.2,1749.0,357
2026-05-07 11:40:00,1749.3,1751.1,1748.1,1749.2,300
2026-05-07 11:45:00,1749.2,1749.6,1746.6,1746.8,918
2026-05-07 11:50:00,1746.8,1751.7,1746.0,1750.1,540
2026-05-07 11:55:00,1750.1,1751.8,1749.6,1750.1,345
2026-05-07 12:00:00,1750.9,1752.0,1745.9,1747.8,1096
2026-05-07 12:05:00,1747.8,1751.5,1747.2,1749.0,4860
2026-05-07 12:10:00,1749.0,1755.1,1746.5,1755.1,3009
2026-05-07 12:15:00,1756.0,1759.5,1755.1,1756.8,1439
2026-05-07 12:20:00,1756.8,1760.0,1756.8,1759.3,2535
2026-05-07 12:25:00,1759.3,1762.0,1756.3,1760.7,926
2026-05-07 12:30:00,1760.7,1762.2,1752.2,1752.2,9541
2026-05-07 12:35:00,1752.2,1764.9,1749.2,1762.6,5370
2026-05-07 12:40:00,1762.6,1767.0,1762.1,1766.4,3121
2026-05-07 12:45:00,1766.4,1769.2,1766.0,1767.0,1615
2026-05-07 12:50:00,1767.0,1767.0,1760.7,1760.7,1075
2026-05-07 12:55:00,1762.0,1764.1,1760.2,1760.2,955
2026-05-07 13:00:00,1760.2,1762.7,1759.3,1760.0,431
2026-05-07 13:05:00,1760.0,1762.2,1760.0,1761.8,133
2026-05-07 13:10:00,1761.8,1761.8,1760.0,1760.2,88
2026-05-07 13:15:00,1760.2,1761.1,1755.0,1755.2,924
2026-05-07 13:20:00,1755.2,1758.8,1753.6,1756.6,735
2026-05-07 13:25:00,1756.6,1758.0,1756.6,1757.0,182
2026-05-07 13:30:00,1757.0,1759.1,1756.6,1758.3,155
2026-05-07 13:35:00,1758.3,1760.3,1756.6,1756.6,375
2026-05-07 13:40:00,1756.6,1760.5,1756.1,1756.3,2511
2026-05-07 13:45:00,1756.3,1758.9,1755.6,1757.1,751
2026-05-07 13:50:00,1757.1,1757.1,1756.1,1757.0,771
2026-05-07 13:55:00,1757.0,1758.2,1754.5,1757.7,1126
2026-05-07 14:00:00,1757.7,1760.7,1757.7,1760.4,1646
2026-05-07 14:05:00,1760.4,1760.4,1758.0,1759.7,510
2026-05-07 14:10:00,1759.7,1760.4,1759.7,1760.4,40
2026-05-07 14:15:00,1760.6,1762.3,1758.5,1758.5,261
2026-05-07 14:20:00,1758.5,1760.0,1758.5,1760.0,63
2026-05-07 14:25:00,1760.0,1760.6,1759.1,1760.1,70
2026-05-07 14:30:00,1760.1,1760.1,1756.7,1758.8,276
2026-05-07 14:35:00,1758.8,1760.0,1754.5,1754.5,1587
2026-05-07 14:40:00,1754.5,1756.8,1754.5,1755.0,512
2026-05-07 14:45:00,1755.0,1756.8,1752.5,1754.0,2299
2026-05-07 14:50:00,1754.0,1755.6,1753.6,1755.0,102
2026-05-07 14:55:00,1754.9,1757.1,1754.0,1755.4,1528
2026-05-07 15:00:00,1756.7,1757.4,1750.0,1753.0,3752
2026-05-07 15:05:00,1753.1,1753.1,1748.0,1750.6,1350
2026-05-07 15:10:00,1750.5,1750.9,1745.9,1750.3,1986
2026-05-07 15:15:00,1748.6,1753.8,1748.1,1751.1,3775
2026-05-07 15:20:00,1752.8,1759.9,1751.9,1757.1,7148
2026-05-07 15:25:00,1759.6,1760.0,1753.0,1753.0,6126
2026-05-08 09:15:00,1764.0,1770.3,1757.0,1763.2,13987
2026-05-08 09:20:00,1763.2,1778.7,1760.9,1775.2,3536
2026-05-08 09:25:00,1775.2,1777.9,1769.8,1771.8,7113
2026-05-08 09:30:00,1773.0,1787.0,1771.8,1776.1,3712
2026-05-08 09:35:00,1777.0,1782.2,1772.5,1781.0,4270
2026-05-08 09:40:00,1781.1,1789.2,1776.8,1786.8,6502
2026-05-08 09:45:00,1787.6,1787.6,1778.3,1784.8,5034
2026-05-08 09:50:00,1785.5,1788.0,1784.0,1788.0,649
2026-05-08 09:55:00,1788.0,1788.0,1783.3,1784.0,698
2026-05-08 10:00:00,1784.0,1795.0,1781.7,1793.8,15047
2026-05-08 10:05:00,1793.8,1795.0,1788.0,1789.0,1690
2026-05-08 10:10:00,1789.0,1798.0,1785.9,1796.1,2652
2026-05-08 10:15:00,1796.1,1796.9,1785.7,1786.3,3009
2026-05-08 10:20:00,1786.3,1791.3,1780.1,1780.1,3089
2026-05-08 10:25:00,1781.9,1787.9,1781.9,1785.6,505
2026-05-08 10:30:00,1785.6,1799.5,1785.0,1795.0,6491
2026-05-08 10:35:00,1793.7,1793.7,1788.3,1792.2,985
2026-05-08 10:40:00,1792.0,1792.2,1791.1,1791.2,730
2026-05-08 10:45:00,1791.2,1791.2,1787.8,1790.0,235
2026-05-08 10:50:00,1790.0,1790.0,1787.5,1787.7,155
2026-05-08 10:55:00,1788.9,1789.0,1786.0,1789.0,630
2026-05-08 11:00:00,1789.0,1789.0,1782.9,1785.6,1043
2026-05-08 11:05:00,1785.6,1788.6,1781.5,1783.9,780
2026-05-08 11:10:00,1783.9,1788.3,1782.8,1788.3,799
2026-05-08 11:15:00,1788.6,1788.6,1786.0,1786.4,196
2026-05-08 11:20:00,1786.4,1789.0,1786.4,1786.9,546
2026-05-08 11:25:00,1786.9,1787.0,1784.8,1784.8,62
2026-05-08 11:30:00,1784.0,1786.7,1782.1,1785.0,2352
2026-05-08 11:35:00,1785.0,1788.5,1784.1,1784.1,334
2026-05-08 11:40:00,1784.1,1799.6,1784.1,1795.9,5742
2026-05-08 11:45:00,1795.9,1798.7,1795.5,1796.6,316
2026-05-08 11:50:00,1796.6,1797.0,1794.7,1797.0,286
2026-05-08 11:55:00,1797.0,1800.0,1793.9,1793.9,1037
2026-05-08 12:00:00,1793.9,1794.3,1792.3,1794.0,188
2026-05-08 12:05:00,1794.0,1797.1,1793.7,1797.0,1472
2026-05-08 12:10:00,1797.0,1797.5,1791.0,1791.0,2185
2026-05-08 12:15:00,1791.0,1792.8,1786.5,1792.5,14528
2026-05-08 12:20:00,1792.5,1793.8,1790.1,1792.0,207
2026-05-08 12:25:00,1792.0,1795.2,1791.5,1794.0,1937
2026-05-08 12:30:00,1794.0,1795.0,1794.0,1794.9,187
2026-05-08 12:35:00,1794.9,1794.9,1791.0,1792.4,390
2026-05-08 12:40:00,1792.4,1792.4,1790.0,1791.1,638
2026-05-08 12:45:00,1790.0,1792.4,1790.0,1792.4,1281
2026-05-08 12:50:00,1792.2,1792.2,1790.1,1791.6,257
2026-05-08 12:55:00,1791.6,1800.0,1791.6,1799.7,36369
2026-05-08 13:00:00,1799.7,1804.0,1799.6,1803.7,6377
2026-05-08 13:05:00,1803.7,1805.0,1801.7,1802.6,2598
2026-05-08 13:10:00,1804.2,1809.9,1802.5,1803.4,3978
2026-05-08 13:15:00,1803.4,1808.0,1803.1,1808.0,4034
2026-05-08 13:20:00,1808.0,1808.0,1800.0,1802.3,3157
2026-05-08 13:25:00,1802.3,1807.5,1802.3,1803.0,648
2026-05-08 13:30:00,1803.0,1803.2,1800.0,1800.0,2311
2026-05-08 13:35:00,1800.0,1802.8,1800.0,1801.0,686
2026-05-08 13:40:00,1801.0,1802.5,1800.0,1802.3,547
2026-05-08 13:45:00,1800.4,1801.7,1785.0,1785.0,8717
2026-05-08 13:50:00,1785.0,1785.0,1781.7,1781.8,860
2026-05-08 13:55:00,1781.8,1784.0,1781.1,1782.1,899
2026-05-08 14:00:00,1783.2,1783.6,1780.0,1783.0,824
2026-05-08 14:05:00,1783.0,1797.2,1783.0,1795.0,2138
2026-05-08 14:10:00,1795.0,1795.0,1791.2,1792.0,399
2026-05-08 14:15:00,1792.0,1792.0,1790.0,1791.0,119
2026-05-08 14:20:00,1791.0,1792.4,1790.0,1792.2,387
2026-05-08 14:25:00,1792.2,1802.5,1790.0,1798.3,10132
2026-05-08 14:30:00,1797.9,1801.9,1791.4,1799.0,9709
2026-05-08 14:35:00,1799.8,1799.8,1782.3,1784.7,12102
2026-05-08 14:40:00,1784.4,1789.8,1776.4,1778.9,9759
2026-05-08 14:45:00,1778.9,1780.0,1777.9,1777.9,2621
2026-05-08 14:50:00,1777.9,1780.5,1776.0,1779.1,8552
2026-05-08 14:55:00,1779.0,1780.6,1778.2,1779.4,9346
2026-05-08 15:00:00,1779.4,1781.5,1777.1,1780.0,13045
2026-05-08 15:05:00,1780.0,1785.2,1779.2,1782.0,8089
2026-05-08 15:10:00,1783.1,1785.0,1780.4,1781.8,6186
2026-05-08 15:15:00,1781.0,1787.1,1779.8,1782.8,33422
2026-05-08 15:20:00,1784.8,1785.8,1779.5,1783.7,27093
2026-05-08 15:25:00,1780.0,1785.0,1780.0,1785.0,4909
2026-05-11 09:15:00,1778.1,1778.1,1750.1,1764.4,7533
2026-05-11 09:20:00,1762.7,1795.9,1762.7,1792.1,6013
2026-05-11 09:25:00,1792.3,1809.9,1790.6,1799.9,4424
2026-05-11 09:30:00,1799.0,1805.4,1783.4,1789.7,6339
2026-05-11 09:35:00,1789.7,1789.8,1783.1,1783.6,1638
2026-05-11 09:40:00,1795.2,1798.5,1790.3,1790.4,2926
2026-05-11 09:45:00,1792.2,1793.3,1783.2,1788.4,10754
2026-05-11 09:50:00,1789.6,1790.6,1782.1,1783.9,2070
2026-05-11 09:55:00,1783.9,1783.9,1769.4,1771.9,5106
2026-05-11 10:00:00,1770.3,1773.8,1765.8,1773.6,3114
2026-05-11 10:05:00,1773.8,1774.8,1770.4,1773.6,1741
2026-05-11 10:10:00,1773.6,1774.9,1770.1,1770.1,968
2026-05-11 10:15:00,1769.8,1770.9,1763.2,1765.1,1180
2026-05-11 10:20:00,1765.0,1767.9,1763.0,1767.7,3521
2026-05-11 10:25:00,1767.7,1767.7,1760.8,1762.3,479
2026-05-11 10:30:00,1760.0,1763.0,1760.0,1762.8,964
2026-05-11 10:35:00,1761.5,1763.0,1754.4,1755.8,986
2026-05-11 10:40:00,1754.3,1755.8,1751.2,1755.6,1485
2026-05-11 10:45:00,1756.1,1759.4,1752.9,1755.8,2186
2026-05-11 10:50:00,1753.8,1761.0,1753.8,1759.5,788
2026-05-11 10:55:00,1761.0,1761.8,1759.0,1761.8,221
2026-05-11 11:00:00,1763.0,1766.1,1762.0,1765.7,605
2026-05-11 11:05:00,1765.4,1767.7,1762.4,1764.8,1088
2026-05-11 11:10:00,1763.5,1765.6,1760.3,1762.7,689
2026-05-11 11:15:00,1762.9,1762.9,1759.4,1760.6,417
2026-05-11 11:20:00,1760.6,1762.3,1758.0,1762.0,575
2026-05-11 11:25:00,1762.7,1769.3,1761.2,1768.3,1208
2026-05-11 11:30:00,1768.0,1769.0,1764.7,1766.1,2271
2026-05-11 11:35:00,1766.1,1767.6,1762.0,1767.2,665
2026-05-11 11:40:00,1767.2,1768.9,1766.2,1767.7,984
2026-05-11 11:45:00,1767.0,1767.0,1761.4,1762.8,647
2026-05-11 11:50:00,1762.9,1762.9,1759.3,1761.8,1337
2026-05-11 11:55:00,1761.8,1762.1,1757.0,1759.9,389
2026-05-11 12:00:00,1756.3,1757.6,1754.2,1754.2,881
2026-05-11 12:05:00,1754.2,1760.4,1754.2,1760.1,1428
2026-05-11 12:10:00,1759.1,1771.8,1759.1,1761.4,3088
2026-05-11 12:15:00,1761.4,1761.4,1756.3,1760.0,455
2026-05-11 12:20:00,1758.0,1759.4,1754.2,1755.9,1501
2026-05-11 12:25:00,1756.6,1758.2,1753.6,1755.3,601
2026-05-11 12:30:00,1755.4,1755.4,1751.7,1753.4,959
2026-05-11 12:35:00,1754.0,1754.4,1745.6,1750.1,1415
2026-05-11 12:40:00,1749.0,1753.5,1748.8,1753.1,790
2026-05-11 12:45:00,1751.5,1753.1,1748.8,1751.3,817
2026-05-11 12:50:00,1749.9,1752.0,1749.9,1750.3,164
2026-05-11 12:55:00,1750.9,1750.9,1746.3,1747.8,11104191
2026-05-11 13:00:00,1747.8,1749.6,1745.0,1747.1,10851318
2026-05-11 13:05:00,1748.8,1751.8,1747.0,1750.8,10852080
2026-05-11 13:10:00,1750.8,1756.2,1750.8,1754.8,10050262
2026-05-11 13:15:00,1754.4,1755.6,1751.4,1752.0,9614856
2026-05-11 13:20:00,1753.4,1754.6,1751.2,1753.3,8688058
2026-05-11 13:25:00,1753.1,1755.0,1753.1,1754.8,4880475
2026-05-11 13:30:00,1753.9,1755.0,1753.4,1753.5,4596151
2026-05-11 13:35:00,1753.5,1757.3,1752.0,1753.8,7203743
2026-05-11 13:40:00,1753.3,1755.4,1752.8,1753.7,4055859
2026-05-11 13:45:00,1753.7,1755.3,1752.5,1752.5,4637526
2026-05-11 13:50:00,1752.5,1754.5,1752.1,1754.5,326
2026-05-11 13:55:00,1751.9,1753.1,1750.0,1750.0,1461988
2026-05-11 14:00:00,1750.0,1750.8,1747.3,1748.5,8300613
2026-05-11 14:05:00,1748.5,1750.8,1745.2,1748.5,9234724
2026-05-11 14:10:00,1749.5,1752.0,1748.5,1751.6,9578581
2026-05-11 14:15:00,1750.1,1751.7,1747.8,1749.8,749
2026-05-11 14:20:00,1749.8,1753.4,1748.1,1748.9,9793080
2026-05-11 14:25:00,1750.2,1751.1,1747.2,1748.1,7921446
2026-05-11 14:30:00,1749.5,1750.7,1747.8,1749.3,7345384
2026-05-11 14:35:00,1751.1,1751.2,1747.1,1748.0,8307444
2026-05-11 14:40:00,1746.4,1748.9,1746.2,1748.9,6319851
2026-05-11 14:45:00,1748.9,1749.9,1745.1,1746.9,10158002
2026-05-11 14:50:00,1746.9,1752.7,1745.4,1749.6,11105514
2026-05-11 14:55:00,1749.1,1749.3,1747.7,1748.4,194
2026-05-11 15:00:00,1749.7,1759.8,1746.4,1755.9,12819943
2026-05-11 15:05:00,1757.4,1761.0,1752.7,1760.0,13929002
2026-05-11 15:10:00,1758.2,1774.0,1755.2,1772.0,12889595
2026-05-11 15:15:00,1772.0,1772.6,1762.1,1772.0,16291050
2026-05-11 15:20:00,1772.0,1772.2,1762.9,1765.8,22061198
2026-05-11 15:25:00,1767.4,1773.9,1759.2,1772.0,14898618
2026-05-12 09:15:00,1772.0,1779.0,1745.1,1748.1,2266
2026-05-12 09:20:00,1742.8,1742.8,1723.1,1725.7,1196
2026-05-12 09:25:00,1727.1,1727.1,1705.7,1708.0,3441
2026-05-12 09:30:00,1708.0,1711.9,1705.1,1711.8,2118
2026-05-12 09:35:00,1708.5,1717.9,1708.4,1711.9,1150
2026-05-12 09:40:00,1711.5,1722.9,1709.5,1717.7,1245
2026-05-12 09:45:00,1717.0,1718.5,1711.3,1711.3,753
2026-05-12 09:50:00,1713.3,1714.2,1711.1,1714.2,473
2026-05-12 09:55:00,1714.6,1717.4,1713.5,1713.5,379
2026-05-12 10:00:00,1711.2,1716.0,1710.0,1716.0,466
2026-05-12 10:05:00,1714.4,1717.2,1713.9,1714.5,183
2026-05-12 10:10:00,1713.8,1719.0,1711.5,1719.0,739
2026-05-12 10:15:00,1717.7,1727.2,1716.8,1720.0,1128
2026-05-12 10:20:00,1718.4,1720.7,1713.3,1713.3,631
2026-05-12 10:25:00,1713.1,1713.1,1710.0,1710.0,1219
2026-05-12 10:30:00,1710.8,1710.8,1707.6,1707.6,320
2026-05-12 10:35:00,1707.6,1709.6,1706.1,1706.1,577
2026-05-12 10:40:00,1709.0,1709.6,1706.5,1709.6,360
2026-05-12 10:45:00,1709.6,1709.6,1703.1,1704.6,3158
2026-05-12 10:50:00,1703.3,1706.0,1702.9,1704.1,342
2026-05-12 10:55:00,1706.1,1709.0,1705.4,1705.4,2422
2026-05-12 11:00:00,1705.4,1712.7,1704.8,1711.5,1004
2026-05-12 11:05:00,1710.8,1713.5,1710.6,1712.2,132
2026-05-12 11:10:00,1711.0,1711.0,1705.2,1707.3,674
2026-05-12 11:15:00,1707.5,1709.5,1706.5,1709.3,182
2026-05-12 11:20:00,1709.6,1709.6,1707.1,1707.1,172
2026-05-12 11:25:00,1707.0,1707.0,1703.0,1704.0,1036
2026-05-12 11:30:00,1704.1,1704.1,1701.2,1702.6,361
2026-05-12 11:35:00,1703.8,1703.8,1701.1,1701.1,157
2026-05-12 11:40:00,1702.9,1705.0,1701.2,1701.7,316
2026-05-12 11:45:00,1702.8,1702.8,1696.1,1702.7,2336
2026-05-12 11:50:00,1702.8,1703.1,1700.8,1701.9,247
2026-05-12 11:55:00,1701.0,1703.5,1700.9,1702.6,156
2026-05-12 12:00:00,1702.3,1702.3,1698.3,1700.0,168
2026-05-12 12:05:00,1698.3,1704.5,1698.3,1702.0,441
2026-05-12 12:10:00,1699.6,1699.6,1696.1,1696.1,896
2026-05-12 12:15:00,1696.0,1699.6,1691.3,1697.2,1437
2026-05-12 12:20:00,1698.5,1698.8,1696.5,1697.8,94
2026-05-12 12:25:00,1697.8,1697.8,1696.0,1697.2,27
2026-05-12 12:30:00,1697.5,1697.5,1686.0,1686.1,1903
2026-05-12 12:35:00,1685.5,1687.1,1685.5,1686.8,134
2026-05-12 12:40:00,1686.8,1687.4,1684.8,1687.4,313
2026-05-12 12:45:00,1687.4,1692.9,1685.2,1689.0,863
2026-05-12 12:50:00,1689.0,1691.5,1687.1,1687.2,670
2026-05-12 12:55:00,1686.2,1699.8,1686.2,1690.4,1476
2026-05-12 13:00:00,1691.0,1691.5,1689.6,1690.0,180
2026-05-12 13:05:00,1690.0,1691.7,1688.6,1688.6,341
2026-05-12 13:10:00,1687.7,1689.7,1687.1,1689.6,203
2026-05-12 13:15:00,1689.9,1693.5,1689.8,1689.8,729
2026-05-12 13:20:00,1691.0,1691.0,1686.3,1686.3,140
2026-05-12 13:25:00,1685.7,1687.6,1685.3,1687.5,219
2026-05-12 13:30:00,1689.6,1711.0,1686.0,1709.6,3348
2026-05-12 13:35:00,1708.4,1712.0,1703.7,1707.0,1843
2026-05-12 13:40:00,1706.8,1708.9,1701.8,1701.8,560
2026-05-12 13:45:00,1701.8,1706.0,1701.8,1705.9,282
2026-05-12 13:50:00,1704.4,1707.1,1701.8,1703.7,2321
2026-05-12 13:55:00,1703.5,1704.5,1701.9,1702.4,100
2026-05-12 14:00:00,1702.2,1718.3,1702.2,1705.3,4289
2026-05-12 14:05:00,1703.7,1707.3,1703.0,1704.6,1212
2026-05-12 14:10:00,1705.1,1705.2,1702.1,1702.1,216
2026-05-12 14:15:00,1702.0,1706.9,1701.7,1705.9,1034
2026-05-12 14:20:00,1704.2,1710.5,1704.2,1710.5,2184
2026-05-12 14:25:00,1709.3,1709.6,1704.4,1709.6,1182
2026-05-12 14:30:00,1708.8,1709.3,1704.2,1704.7,229
2026-05-12 14:35:00,1704.7,1706.6,1702.5,1704.9,451
2026-05-12 14:40:00,1704.2,1710.0,1704.2,1706.7,584
2026-05-12 14:45:00,1706.7,1706.7,1705.0,1705.6,314
2026-05-12 14:50:00,1705.6,1708.0,1705.2,1706.2,126
2026-05-12 14:55:00,1705.7,1706.9,1698.0,1699.6,1275
2026-05-12 15:00:00,1698.3,1719.5,1695.0,1714.4,11274
2026-05-12 15:05:00,1714.4,1715.5,1712.0,1712.2,1158
2026-05-12 15:10:00,1713.5,1715.9,1711.7,1714.1,2379
2026-05-12 15:15:00,1714.5,1721.6,1714.5,1720.3,4843
2026-05-12 15:20:00,1721.1,1730.1,1721.1,1722.6,4209
2026-05-12 15:25:00,1725.9,1732.9,1723.7,1725.0,1846
2026-05-13 09:15:00,1715.4,1738.8,1715.4,1725.4,174524
2026-05-13 09:20:00,1725.4,1727.5,1711.6,1719.9,332569
2026-05-13 09:25:00,1719.6,1720.8,1710.1,1710.1,452151
2026-05-13 09:30:00,1709.9,1712.7,1704.5,1705.7,1255
2026-05-13 09:35:00,1704.7,1704.7,1694.1,1694.1,594
2026-05-13 09:40:00,1696.5,1714.9,1693.8,1714.4,1304
2026-05-13 09:45:00,1711.7,1714.3,1695.0,1699.0,701
2026-05-13 09:50:00,1699.3,1710.8,1698.4,1710.8,1222
2026-05-13 09:55:00,1710.8,1710.9,1701.7,1703.6,636
2026-05-13 10:00:00,1703.2,1707.3,1701.7,1705.1,488
2026-05-13 10:05:00,1704.9,1706.8,1701.8,1701.8,513
2026-05-13 10:10:00,1703.9,1707.1,1702.6,1707.1,237
2026-05-13 10:15:00,1707.0,1707.1,1703.4,1703.4,231
2026-05-13 10:20:00,1704.1,1710.0,1704.1,1705.2,1072
2026-05-13 10:25:00,1705.6,1708.0,1704.2,1704.6,606
2026-05-13 10:30:00,1705.1,1707.4,1703.3,1705.6,470
2026-05-13 10:35:00,1706.6,1713.1,1705.6,1713.1,1711
2026-05-13 10:40:00,1712.1,1721.8,1711.3,1717.4,1134
2026-05-13 10:45:00,1717.5,1717.6,1713.1,1715.5,620
2026-05-13 10:50:00,1714.3,1715.1,1712.0,1712.3,779
2026-05-13 10:55:00,1711.4,1712.3,1702.7,1702.7,1942
2026-05-13 11:00:00,1701.2,1706.9,1700.3,1705.6,700
2026-05-13 11:05:00,1705.0,1706.4,1702.7,1704.8,481
2026-05-13 11:10:00,1705.5,1709.6,1704.9,1709.2,350
2026-05-13 11:15:00,1708.2,1714.1,1708.1,1711.6,655
2026-05-13 11:20:00,1711.4,1712.5,1710.0,1711.2,243
2026-05-13 11:25:00,1711.9,1713.3,1709.6,1713.0,580
2026-05-13 11:30:00,1713.0,1718.2,1712.0,1716.9,979
2026-05-13 11:35:00,1717.6,1721.8,1716.6,1720.6,285
2026-05-13 11:40:00,1720.8,1721.8,1720.1,1721.1,237
2026-05-13 11:45:00,1720.3,1721.5,1719.4,1720.1,209
2026-05-13 11:50:00,1720.3,1721.8,1717.0,1717.3,871
2026-05-13 11:55:00,1717.8,1720.7,1716.4,1719.8,488
2026-05-13 12:00:00,1720.0,1721.6,1718.5,1720.9,270
2026-05-13 12:05:00,1721.5,1723.2,1720.5,1722.4,513
2026-05-13 12:10:00,1722.8,1724.8,1722.3,1724.8,544
2026-05-13 12:15:00,1724.8,1724.9,1720.9,1724.2,194
2026-05-13 12:20:00,1723.1,1724.7,1722.3,1723.4,183
2026-05-13 12:25:00,1723.8,1725.0,1723.3,1724.1,418
2026-05-13 12:30:00,1724.7,1724.7,1720.1,1720.1,466
2026-05-13 12:35:00,1720.1,1720.7,1716.3,1718.2,421
2026-05-13 12:40:00,1717.8,1717.8,1713.1,1716.5,698
2026-05-13 12:45:00,1716.5,1721.1,1716.0,1721.1,366
2026-05-13 12:50:00,1720.7,1724.2,1719.6,1724.2,468
2026-05-13 12:55:00,1724.8,1724.8,1722.1,1724.2,332
2026-05-13 13:00:00,1724.9,1724.9,1722.5,1724.0,225
2026-05-13 13:05:00,1721.9,1723.0,1720.7,1722.2,470
2026-05-13 13:10:00,1722.2,1723.0,1720.1,1721.2,647
2026-05-13 13:15:00,1721.5,1722.5,1720.7,1721.3,142
2026-05-13 13:20:00,1721.7,1722.5,1720.3,1722.1,380
2026-05-13 13:25:00,1721.6,1722.3,1720.5,1721.4,238
2026-05-13 13:30:00,1721.4,1725.8,1720.5,1725.1,838
2026-05-13 13:35:00,1725.3,1726.5,1721.6,1725.4,570
2026-05-13 13:40:00,1724.0,1725.1,1723.0,1723.7,223
2026-05-13 13:45:00,1723.5,1723.5,1719.0,1719.7,526
2026-05-13 13:50:00,1719.3,1720.7,1715.8,1715.8,1365
2026-05-13 13:55:00,1717.1,1717.3,1712.9,1716.8,438
2026-05-13 14:00:00,1716.1,1719.1,1716.1,1717.3,168
2026-05-13 14:05:00,1719.1,1723.5,1719.1,1722.4,618
2026-05-13 14:10:00,1723.1,1724.0,1720.0,1720.0,304
2026-05-13 14:15:00,1719.9,1720.0,1715.8,1715.9,204
2026-05-13 14:20:00,1715.0,1717.8,1712.5,1717.8,368
2026-05-13 14:25:00,1717.1,1718.0,1715.1,1717.8,147
2026-05-13 14:30:00,1717.8,1721.6,1717.4,1720.7,451
2026-05-13 14:35:00,1720.7,1724.5,1719.2,1719.2,987
2026-05-13 14:40:00,1721.6,1721.6,1717.3,1718.1,513
2026-05-13 14:45:00,1718.1,1719.2,1716.7,1717.3,673
2026-05-13 14:50:00,1717.3,1718.0,1714.6,1714.6,1130
2026-05-13 14:55:00,1714.6,1716.0,1713.0,1713.0,557
2026-05-13 15:00:00,1711.2,1711.7,1704.0,1705.4,2635
2026-05-13 15:05:00,1704.7,1705.1,1699.0,1703.3,1953
2026-05-13 15:10:00,1703.3,1703.3,1699.4,1699.4,788
2026-05-13 15:15:00,1699.5,1702.9,1698.1,1698.9,1666
2026-05-13 15:20:00,1699.0,1699.1,1696.1,1698.1,1318
2026-05-13 15:25:00,1697.2,1724.9,1681.2,1695.0,3767
2026-05-14 09:15:00,1702.5,1709.9,1697.3,1700.1,1145
2026-05-14 09:20:00,1700.1,1700.3,1694.3,1694.6,546
2026-05-14 09:25:00,1694.6,1702.3,1694.6,1697.6,330
2026-05-14 09:30:00,1697.6,1699.6,1689.0,1689.0,2712
2026-05-14 09:35:00,1689.0,1689.0,1680.0,1680.0,431
2026-05-14 09:40:00,1680.0,1683.4,1676.8,1676.8,273
2026-05-14 09:45:00,1676.8,1682.6,1676.6,1677.4,569
2026-05-14 09:50:00,1677.4,1677.4,1671.3,1676.0,1158
2026-05-14 09:55:00,1676.1,1676.1,1667.7,1668.8,299
2026-05-14 10:00:00,1668.8,1674.3,1665.5,1673.9,1033
2026-05-14 10:05:00,1673.9,1679.1,1673.9,1676.8,1000
2026-05-14 10:10:00,1679.0,1683.2,1676.4,1678.1,1117
2026-05-14 10:15:00,1681.2,1682.6,1679.3,1682.6,178
2026-05-14 10:20:00,1682.6,1684.2,1677.5,1677.5,196
2026-05-14 10:25:00,1677.0,1683.3,1677.0,1682.3,400
2026-05-14 10:30:00,1682.3,1682.3,1678.7,1679.8,407
2026-05-14 10:35:00,1679.8,1680.6,1667.1,1667.2,1240
2026-05-14 10:40:00,1667.9,1667.9,1664.2,1667.7,525
2026-05-14 10:45:00,1667.7,1685.5,1666.5,1685.5,2457
2026-05-14 10:50:00,1685.5,1690.0,1685.0,1688.1,698
2026-05-14 10:55:00,1687.8,1687.8,1676.3,1676.3,388
2026-05-14 11:00:00,1678.2,1678.2,1672.6,1673.4,438
2026-05-14 11:05:00,1672.8,1673.0,1668.6,1671.8,407
2026-05-14 11:10:00,1671.9,1673.7,1670.1,1670.1,203
2026-05-14 11:15:00,1670.6,1670.6,1665.2,1666.4,2074
2026-05-14 11:20:00,1667.1,1673.8,1665.0,1673.6,1679
2026-05-14 11:25:00,1673.6,1675.0,1671.4,1673.5,126
2026-05-14 11:30:00,1674.9,1675.0,1673.9,1675.0,97
2026-05-14 11:35:00,1675.0,1675.0,1673.5,1674.5,241
2026-05-14 11:40:00,1674.5,1676.0,1674.2,1675.0,324
2026-05-14 11:45:00,1675.0,1675.0,1675.0,1675.0,81
2026-05-14 11:50:00,1675.0,1678.9,1673.4,1675.1,6164
2026-05-14 11:55:00,1676.4,1679.8,1674.4,1675.6,3886
2026-05-14 12:00:00,1676.8,1682.7,1674.6,1680.8,3804
2026-05-14 12:05:00,1680.7,1683.9,1677.8,1679.7,2688
2026-05-14 12:10:00,1679.7,1679.7,1675.4,1675.4,200
2026-05-14 12:15:00,1676.0,1679.8,1676.0,1679.6,128
2026-05-14 12:20:00,1679.4,1679.4,1674.7,1676.1,2711
2026-05-14 12:25:00,1676.0,1677.0,1673.6,1675.1,2550
2026-05-14 12:30:00,1675.1,1676.2,1672.5,1674.7,526
2026-05-14 12:35:00,1674.7,1675.3,1673.2,1674.7,419
2026-05-14 12:40:00,1674.7,1675.7,1672.8,1675.0,390
2026-05-14 12:45:00,1675.0,1676.0,1673.2,1675.3,902
2026-05-14 12:50:00,1675.1,1675.1,1672.7,1673.7,383
2026-05-14 12:55:00,1674.4,1675.2,1672.9,1675.2,461
2026-05-14 13:00:00,1675.2,1675.5,1674.2,1675.3,428
2026-05-14 13:05:00,1675.2,1676.2,1673.5,1675.6,514
2026-05-14 13:10:00,1675.5,1675.5,1673.5,1675.0,432
2026-05-14 13:15:00,1675.1,1676.3,1672.5,1675.0,1008
2026-05-14 13:20:00,1675.0,1702.7,1674.7,1702.7,5225
2026-05-14 13:25:00,1703.9,1708.5,1693.3,1698.8,2066
2026-05-14 13:30:00,1698.8,1700.3,1696.4,1700.1,975
2026-05-14 13:35:00,1700.0,1700.3,1698.0,1699.1,571
2026-05-14 13:40:00,1699.1,1700.0,1697.1,1698.0,573
2026-05-14 13:45:00,1698.0,1699.9,1697.0,1697.0,529
2026-05-14 13:50:00,1697.6,1698.3,1694.9,1698.0,770
2026-05-14 13:55:00,1697.7,1700.0,1697.5,1699.7,435
2026-05-14 14:00:00,1700.0,1700.0,1696.3,1699.5,703
2026-05-14 14:05:00,1699.9,1700.7,1699.6,1699.9,730
2026-05-14 14:10:00,1700.0,1700.7,1699.6,1700.0,880
2026-05-14 14:15:00,1700.0,1700.2,1698.1,1698.4,837
2026-05-14 14:20:00,1698.4,1703.2,1698.0,1699.8,1225
2026-05-14 14:25:00,1699.8,1700.5,1698.8,1699.4,458
2026-05-14 14:30:00,1700.0,1702.7,1699.5,1701.4,794
2026-05-14 14:35:00,1701.4,1701.5,1698.0,1700.0,976
2026-05-14 14:40:00,1700.0,1700.5,1697.3,1700.0,713
2026-05-14 14:45:00,1700.0,1700.1,1697.5,1699.0,510
2026-05-14 14:50:00,1699.0,1699.9,1698.3,1699.6,499
2026-05-14 14:55:00,1699.6,1699.6,1696.7,1696.9,835
2026-05-14 15:00:00,1689.6,1689.6,1686.7,1686.9,2031695
2026-05-14 15:05:00,1687.5,1688.1,1685.0,1687.0,7738279
2026-05-14 15:10:00,1687.1,1687.1,1683.0,1684.0,8239651
2026-05-14 15:15:00,1683.7,1689.0,1683.0,1689.0,8316070
2026-05-14 15:20:00,1689.0,1691.9,1687.4,1691.6,7834962
2026-05-14 15:25:00,1691.6,1691.6,1684.6,1684.8,7075060
2026-05-15 09:15:00,1690.5,1691.8,1666.6,1667.7,81392
2026-05-15 09:20:00,1667.7,1669.9,1667.3,1668.0,158934
2026-05-15 09:25:00,1666.7,1682.9,1666.5,1679.4,347147
2026-05-15 09:30:00,1679.7,1680.0,1670.9,1670.9,632697
2026-05-15 09:35:00,1670.9,1677.5,1668.1,1677.5,671166
2026-05-15 09:40:00,1676.7,1684.3,1676.2,1682.3,725815
2026-05-15 09:45:00,1682.4,1687.7,1682.2,1682.9,816892
2026-05-15 09:50:00,1682.5,1687.1,1682.0,1685.2,810216
2026-05-15 09:55:00,1682.5,1683.5,1682.0,1682.5,296800
2026-05-15 10:00:00,1682.5,1682.5,1677.2,1680.9,882487
2026-05-15 10:05:00,1680.4,1681.0,1672.0,1672.0,955606
2026-05-15 10:10:00,1672.0,1677.5,1672.0,1674.8,897879
2026-05-15 10:15:00,1674.8,1677.2,1673.3,1674.1,973665
2026-05-15 10:20:00,1674.1,1677.1,1673.4,1675.6,725708
2026-05-15 10:25:00,1676.6,1679.3,1675.6,1678.1,1020458
2026-05-15 10:30:00,1678.1,1678.9,1675.3,1677.2,1159837
2026-05-15 10:35:00,1677.2,1678.1,1675.0,1677.3,1025518
2026-05-15 10:40:00,1677.5,1681.9,1676.0,1679.4,1199700
2026-05-15 10:45:00,1681.5,1686.7,1679.9,1685.8,1308134
2026-05-15 10:50:00,1686.8,1692.0,1685.8,1689.9,1508375
2026-05-15 10:55:00,1689.9,1689.9,1686.6,1686.6,1217310
2026-05-15 11:40:00,1672.9,1673.4,1671.4,1672.4,862614
2026-05-15 11:45:00,1672.4,1679.8,1671.4,1679.3,1913869
2026-05-15 11:50:00,1679.4,1681.2,1676.0,1679.6,2155952
2026-05-15 11:55:00,1679.6,1681.0,1677.4,1680.9,1912857
2026-05-15 12:00:00,1682.0,1682.7,1677.7,1681.1,2434405
2026-05-15 12:05:00,1681.8,1683.6,1680.1,1680.1,2597034
2026-05-15 12:10:00,1680.1,1681.5,1679.1,1679.1,2237174
2026-05-15 12:15:00,1679.1,1680.5,1678.0,1679.1,1903785
2026-05-15 12:20:00,1680.1,1680.6,1675.1,1676.9,2362963
2026-05-15 12:25:00,1676.9,1677.8,1675.7,1676.9,2605508
2026-05-15 12:30:00,1677.0,1678.6,1675.5,1678.5,2483788
2026-05-15 12:35:00,1678.6,1682.0,1678.1,1680.5,2250963
2026-05-15 12:40:00,1680.3,1684.1,1680.1,1684.1,2707156
2026-05-15 12:45:00,1684.1,1685.7,1682.1,1683.3,2565833
2026-05-15 12:50:00,1684.7,1686.7,1682.4,1684.1,2825907
2026-05-15 12:55:00,1684.3,1684.5,1681.6,1683.9,2685292
2026-05-15 13:00:00,1684.4,1684.6,1680.7,1680.7,2710987
2026-05-15 13:05:00,1682.1,1687.4,1681.2,1685.4,3188023
2026-05-15 13:10:00,1685.4,1688.9,1685.4,1688.9,2316362
2026-05-15 13:15:00,1688.9,1688.9,1686.0,1686.7,2500327
2026-05-15 13:20:00,1686.7,1688.9,1686.2,1687.7,2892823
2026-05-15 13:25:00,1687.7,1688.4,1685.7,1685.8,2553861
2026-05-15 13:30:00,1685.8,1688.0,1685.7,1687.5,2606931
2026-05-15 13:35:00,1687.5,1687.8,1672.2,1680.8,5231486
2026-05-15 13:40:00,1678.4,1679.5,1676.1,1678.6,3439875
2026-05-15 13:45:00,1678.6,1680.2,1672.0,1673.2,4051550
2026-05-15 13:50:00,1673.2,1673.2,1668.4,1671.2,3363339
2026-05-15 13:55:00,1671.0,1672.6,1666.5,1670.4,3676244
2026-05-15 14:00:00,1670.0,1671.4,1668.4,1670.3,2051261
2026-05-15 14:05:00,1670.3,1670.5,1668.8,1670.5,1845392
2026-05-15 14:10:00,1671.4,1672.7,1669.0,1669.6,2533698
2026-05-15 14:15:00,1669.6,1670.0,1667.7,1667.8,2470173
2026-05-15 14:20:00,1667.8,1669.6,1666.5,1666.5,2540186
2026-05-15 14:25:00,1667.6,1668.0,1653.6,1656.7,5746370
2026-05-15 14:30:00,1656.7,1657.8,1651.4,1652.1,3150731
2026-05-15 14:35:00,1652.1,1662.3,1652.0,1657.0,8444816
2026-05-15 14:40:00,1656.9,1656.9,1651.0,1651.3,5654011
2026-05-15 14:45:00,1651.3,1651.8,1644.8,1647.7,3973362
2026-05-15 14:50:00,1647.7,1649.8,1646.4,1647.2,3506135
2026-05-15 14:55:00,1647.2,1653.3,1647.2,1650.7,3045107
2026-05-15 15:00:00,1652.3,1660.5,1648.2,1659.9,4793055
2026-05-15 15:05:00,1660.9,1660.9,1653.5,1655.5,5767698
2026-05-15 15:10:00,1653.6,1659.9,1653.6,1658.2,5639464
2026-05-15 15:15:00,1658.8,1660.0,1654.5,1657.8,6021052
2026-05-15 15:20:00,1656.1,1660.0,1654.9,1660.0,6839616
2026-05-15 15:25:00,1659.9,1660.0,1647.3,1655.5,5397330
2026-05-18 09:15:00,1651.9,1651.9,1640.7,1647.8,58828
2026-05-18 09:20:00,1647.8,1651.1,1643.5,1645.4,97816
2026-05-18 09:25:00,1645.2,1645.9,1641.6,1641.6,160588
2026-05-18 09:30:00,1641.6,1649.7,1641.6,1646.3,274760
2026-05-18 09:35:00,1646.3,1647.8,1641.0,1643.9,243766
2026-05-18 09:40:00,1643.3,1647.0,1640.8,1643.8,363063
2026-05-18 09:45:00,1643.8,1646.0,1636.5,1638.0,364415
2026-05-18 09:50:00,1638.0,1640.2,1632.7,1634.5,415861
2026-05-18 09:55:00,1634.2,1635.4,1630.0,1632.1,449489
2026-05-18 10:00:00,1632.1,1633.5,1632.0,1632.4,310201
2026-05-18 10:05:00,1632.4,1633.9,1627.1,1628.1,464749
2026-05-18 10:10:00,1628.1,1633.9,1628.0,1628.6,587248
2026-05-18 10:15:00,1631.4,1639.8,1631.4,1638.1,700915
2026-05-18 10:20:00,1638.1,1638.9,1632.6,1632.6,664019
2026-05-18 10:25:00,1632.6,1632.6,1629.8,1631.5,774595
2026-05-18 10:30:00,1631.5,1636.0,1628.8,1636.0,712168
2026-05-18 10:35:00,1636.0,1650.0,1636.0,1648.7,990970
2026-05-18 10:40:00,1648.7,1650.5,1646.7,1646.9,991967
2026-05-18 10:45:00,1647.4,1649.1,1645.2,1647.7,1026550
2026-05-18 10:50:00,1647.7,1651.8,1647.7,1651.2,1187614
2026-05-18 10:55:00,1651.2,1655.9,1651.2,1653.6,1087779
2026-05-18 11:00:00,1653.6,1662.6,1653.6,1659.5,1055501
2026-05-18 11:05:00,1659.5,1661.1,1659.3,1661.1,988684
2026-05-18 11:10:00,1661.1,1661.1,1653.4,1654.8,1178531
2026-05-18 11:15:00,1653.0,1653.9,1650.2,1653.1,1141981
2026-05-18 11:20:00,1653.1,1656.6,1653.1,1654.5,1403767
2026-05-18 11:25:00,1654.5,1655.4,1653.0,1653.0,1259035
2026-05-18 11:30:00,1652.9,1658.3,1652.9,1658.3,1586732
2026-05-18 11:35:00,1658.2,1659.0,1657.0,1657.3,1749421
2026-05-18 11:40:00,1657.3,1659.0,1650.1,1651.1,2199035
2026-05-18 11:45:00,1651.1,1653.8,1651.0,1652.1,2009587
2026-05-18 11:50:00,1651.1,1656.4,1648.3,1648.3,2612254
2026-05-18 11:55:00,1648.1,1648.1,1642.0,1644.1,1984367
2026-05-18 12:00:00,1644.1,1647.3,1644.0,1647.3,1882293
2026-05-18 12:05:00,1647.3,1650.1,1642.0,1644.9,2979032
2026-05-18 12:10:00,1647.2,1649.5,1646.1,1648.4,285
2026-05-18 12:15:00,1648.4,1650.4,1648.0,1648.3,651
2026-05-18 12:20:00,1649.5,1650.0,1648.0,1650.0,1788619
2026-05-18 12:25:00,1648.7,1650.5,1648.7,1649.9,2980304
2026-05-18 12:30:00,1649.9,1651.7,1648.1,1648.1,4172704
2026-05-18 12:35:00,1648.1,1649.9,1648.0,1648.2,3442263
2026-05-18 12:40:00,1648.2,1649.0,1648.2,1649.0,2516804
2026-05-18 12:45:00,1649.0,1649.0,1646.4,1647.9,2868744
2026-05-18 12:50:00,1647.9,1651.9,1647.3,1648.2,3137800
2026-05-18 12:55:00,1648.2,1652.2,1648.2,1649.7,4218976
2026-05-18 13:00:00,1649.7,1649.7,1648.2,1648.6,3055083
2026-05-18 13:05:00,1648.7,1648.7,1647.5,1648.6,2413762
2026-05-18 13:10:00,1648.6,1649.1,1648.2,1649.1,1625093
2026-05-18 13:15:00,1649.1,1649.1,1647.3,1647.3,1998924
2026-05-18 13:20:00,1647.3,1648.5,1644.9,1647.0,3299032
2026-05-18 13:25:00,1647.0,1649.6,1647.0,1648.1,3209941
2026-05-18 13:30:00,1648.1,1648.9,1646.7,1647.3,3167097
2026-05-18 13:35:00,1648.9,1649.0,1647.5,1648.2,3558443
2026-05-18 13:40:00,1649.0,1649.4,1647.2,1648.8,6099897
2026-05-18 13:45:00,1648.8,1648.9,1648.1,1648.4,2892743
2026-05-18 13:50:00,1648.4,1649.0,1648.4,1648.6,3665019
2026-05-18 13:55:00,1648.6,1649.2,1648.6,1648.6,3208652
2026-05-18 14:00:00,1648.6,1650.0,1647.9,1648.6,4622169
2026-05-18 14:05:00,1648.6,1649.0,1648.6,1648.6,2397753
2026-05-18 14:10:00,1648.6,1649.0,1648.6,1648.6,3253196
2026-05-18 14:15:00,1648.6,1649.0,1648.6,1648.6,3376320
2026-05-18 14:20:00,1648.6,1649.0,1647.3,1648.1,2598656
2026-05-18 14:25:00,1648.1,1649.6,1646.9,1648.5,3349612
2026-05-18 14:30:00,1648.5,1648.5,1641.6,1641.6,4239913
2026-05-18 14:35:00,1641.6,1645.8,1641.6,1643.6,5050769
2026-05-18 14:40:00,1643.6,1645.9,1643.6,1644.2,4831116
2026-05-18 14:45:00,1644.2,1645.0,1642.6,1644.6,3926172
2026-05-18 14:50:00,1644.6,1645.0,1644.4,1644.6,3100241
2026-05-18 14:55:00,1644.6,1644.6,1642.2,1643.6,2939245
2026-05-18 15:00:00,1644.1,1650.2,1641.9,1644.4,6877679
2026-05-18 15:05:00,1644.4,1646.0,1641.7,1644.9,7812830
2026-05-18 15:10:00,1645.1,1646.5,1639.6,1644.1,7738494
2026-05-18 15:15:00,1645.0,1645.1,1644.4,1644.9,8493417
2026-05-18 15:20:00,1645.0,1645.0,1644.8,1644.9,8701167
2026-05-18 15:25:00,1644.9,1645.0,1640.0,1640.2,6844412
2026-05-19 09:15:00,1665.9,1674.0,1646.7,1668.1,243928
2026-05-19 09:20:00,1666.0,1679.4,1666.0,1676.4,475421
2026-05-19 09:25:00,1676.4,1684.8,1675.1,1683.5,838261
2026-05-19 09:30:00,1683.5,1684.6,1676.6,1676.6,1071337
2026-05-19 09:35:00,1676.6,1681.8,1674.9,1680.3,1005089
2026-05-19 09:40:00,1680.3,1693.0,1680.1,1689.9,1192706
2026-05-19 09:45:00,1690.0,1692.7,1686.8,1689.1,1183030
2026-05-19 09:50:00,1689.1,1696.0,1688.5,1696.0,1541536
2026-05-19 09:55:00,1696.0,1696.0,1691.5,1691.5,1514640
2026-05-19 10:00:00,1691.8,1699.0,1683.8,1692.9,2683723
2026-05-19 10:05:00,1692.9,1695.9,1692.9,1694.0,2487563
2026-05-19 10:10:00,1694.0,1698.9,1692.3,1696.2,2588508
2026-05-19 10:15:00,1696.2,1697.0,1693.1,1693.5,2659026
2026-05-19 10:20:00,1693.1,1695.0,1692.0,1694.3,2865476
2026-05-19 10:25:00,1694.3,1704.5,1694.0,1701.2,2915041
2026-05-19 10:30:00,1701.4,1702.3,1696.5,1696.5,2886990
2026-05-19 10:35:00,1696.5,1696.6,1690.5,1696.6,3053691
2026-05-19 10:40:00,1696.6,1700.3,1696.4,1700.3,3060561
2026-05-19 10:45:00,1700.3,1701.4,1699.0,1700.8,3661474
2026-05-19 10:50:00,1700.8,1701.0,1695.6,1696.6,3051867
2026-05-19 10:55:00,1696.6,1700.0,1694.1,1699.9,2884794
2026-05-19 11:00:00,1699.9,1700.0,1698.2,1698.2,3071749
2026-05-19 11:05:00,1698.2,1700.0,1691.5,1691.9,2766918
2026-05-19 11:10:00,1691.9,1693.0,1688.5,1692.3,3691497
2026-05-19 11:15:00,1692.3,1693.9,1687.9,1688.8,5196228
2026-05-19 11:20:00,1688.8,1692.0,1685.2,1686.4,6826479
2026-05-19 11:25:00,1686.4,1686.4,1680.2,1685.4,6112831
2026-05-19 11:30:00,1685.4,1685.4,1682.8,1683.7,5320981
2026-05-19 11:35:00,1683.7,1686.8,1680.4,1686.8,6093667
2026-05-19 11:40:00,1686.8,1689.0,1684.0,1686.9,6971647
2026-05-19 11:45:00,1686.9,1688.4,1686.0,1687.8,5035824
2026-05-19 11:50:00,1687.8,1688.7,1683.4,1683.4,4661466
2026-05-19 11:55:00,1683.4,1686.2,1682.5,1685.5,5562452
2026-05-19 12:00:00,1685.5,1685.5,1682.3,1684.0,5884400
2026-05-19 12:05:00,1684.0,1685.0,1679.4,1683.4,7104788
2026-05-19 12:10:00,1684.1,1685.0,1682.9,1683.7,6180663
2026-05-19 12:15:00,1683.0,1690.7,1682.1,1688.0,8833331
2026-05-19 12:20:00,1688.0,1690.0,1685.7,1685.8,8148066
2026-05-19 12:25:00,1685.8,1686.7,1670.8,1671.6,11926884
2026-05-19 12:30:00,1671.6,1672.8,1671.2,1671.3,7758180
2026-05-19 12:35:00,1671.3,1679.9,1670.7,1679.0,6751972
2026-05-19 12:40:00,1678.8,1680.2,1678.1,1678.2,6873893
2026-05-19 12:45:00,1678.2,1678.2,1674.5,1675.7,7054467
2026-05-19 12:50:00,1675.7,1676.8,1675.0,1676.3,7237888
2026-05-19 12:55:00,1676.3,1676.3,1673.8,1673.8,9929705
2026-05-19 13:00:00,1673.8,1676.0,1673.1,1673.4,5361052
2026-05-19 13:05:00,1673.4,1675.0,1673.1,1675.0,8567614
2026-05-19 13:10:00,1675.0,1675.0,1673.2,1673.7,7014396
2026-05-19 13:15:00,1673.7,1678.2,1673.7,1676.3,9186447
2026-05-19 13:20:00,1676.3,1676.8,1674.8,1675.0,7463637
2026-05-19 13:25:00,1675.0,1679.1,1674.1,1677.2,7666579
2026-05-19 13:30:00,1677.7,1680.9,1676.0,1679.9,6752613
2026-05-19 13:35:00,1680.0,1681.9,1677.9,1680.9,7204412
2026-05-19 13:40:00,1680.9,1683.3,1680.5,1682.4,6772997
2026-05-19 13:45:00,1681.9,1685.3,1681.9,1684.7,8365324
2026-05-19 13:50:00,1684.7,1685.3,1681.0,1683.3,7324486
2026-05-19 13:55:00,1683.3,1683.4,1681.0,1683.3,7247597
2026-05-19 14:00:00,1683.3,1683.4,1681.3,1683.2,8498276
2026-05-19 14:05:00,1683.2,1683.4,1669.3,1674.9,12216445
2026-05-19 14:10:00,1674.9,1677.7,1674.2,1677.7,10967239
2026-05-19 14:15:00,1677.7,1679.2,1676.7,1677.7,9057455
2026-05-19 14:20:00,1677.7,1679.5,1677.4,1679.2,6923959
2026-05-19 14:25:00,1679.2,1681.5,1679.2,1681.1,11426397
2026-05-19 14:30:00,1681.1,1681.7,1679.1,1679.9,10465052
2026-05-19 14:35:00,1679.9,1680.4,1672.4,1674.1,8856426
2026-05-19 14:40:00,1674.1,1676.0,1674.1,1675.0,7823491
2026-05-19 14:45:00,1675.0,1677.4,1673.8,1677.4,9461560
2026-05-19 14:50:00,1677.3,1678.3,1676.1,1677.1,8683426
2026-05-19 14:55:00,1677.1,1678.2,1673.6,1674.5,10069423
2026-05-19 15:00:00,1674.8,1675.0,1672.5,1675.0,13079251
2026-05-19 15:05:00,1675.0,1675.1,1674.2,1675.0,12523490
2026-05-19 15:10:00,1672.9,1675.0,1670.5,1674.5,12957417
2026-05-19 15:15:00,1674.5,1675.1,1670.9,1671.3,13212349
2026-05-19 15:20:00,1671.4,1671.4,1669.8,1669.9,14474382
2026-05-19 15:25:00,1669.9,1670.0,1667.3,1670.0,11418405
2026-05-20 09:15:00,1650.1,1650.1,1627.4,1637.5,77493
2026-05-20 09:20:00,1636.9,1636.9,1620.3,1622.1,393526
2026-05-20 09:25:00,1621.6,1624.9,1615.3,1616.5,1355237
2026-05-20 09:30:00,1616.5,1621.3,1610.0,1611.3,2483935
2026-05-20 09:35:00,1611.3,1617.4,1607.7,1616.1,4341459
2026-05-20 09:40:00,1615.9,1618.7,1610.0,1615.5,5180358
2026-05-20 09:45:00,1615.6,1621.0,1613.4,1617.2,5612749
2026-05-20 09:50:00,1616.7,1621.0,1615.0,1615.1,5416490
2026-05-20 09:55:00,1615.1,1618.0,1611.1,1616.0,7058937
2026-05-20 10:00:00,1616.2,1618.9,1615.1,1616.9,5736465
2026-05-20 10:05:00,1616.9,1616.9,1612.4,1614.2,7034634
2026-05-20 10:10:00,1613.7,1619.2,1613.1,1617.4,5835431
2026-05-20 10:15:00,1617.4,1625.0,1616.0,1620.0,9429401
2026-05-20 10:20:00,1620.0,1621.5,1616.0,1616.7,8316409
2026-05-20 10:25:00,1616.7,1618.3,1615.1,1617.0,7408773
2026-05-20 10:30:00,1617.1,1622.8,1617.1,1619.1,7572859
2026-05-20 10:35:00,1619.1,1632.0,1618.6,1628.0,14991661
2026-05-20 10:40:00,1627.5,1627.6,1624.0,1625.0,8851904
2026-05-20 10:45:00,1625.0,1625.0,1620.4,1622.6,12248175
2026-05-20 10:50:00,1622.6,1627.1,1621.0,1625.9,11330424
2026-05-20 10:55:00,1625.4,1628.6,1622.1,1624.8,9470816
2026-05-20 11:00:00,1624.8,1625.9,1624.0,1625.9,9322596
2026-05-20 11:05:00,1626.2,1628.1,1625.0,1625.0,11648938
2026-05-20 11:10:00,1625.0,1628.4,1625.0,1626.1,10795693
2026-05-20 11:15:00,1626.1,1627.8,1626.0,1627.5,10212674
2026-05-20 11:20:00,1627.3,1640.0,1626.3,1639.0,14001603
2026-05-20 11:25:00,1639.0,1641.0,1636.1,1638.6,12415726
2026-05-20 11:30:00,1638.6,1639.0,1635.3,1635.7,10879999
2026-05-20 11:35:00,1635.2,1638.0,1635.1,1636.7,12306216
2026-05-20 11:40:00,1636.7,1636.7,1633.0,1634.7,13155421
2026-05-20 11:45:00,1634.7,1638.2,1632.5,1637.8,11513701
2026-05-20 11:50:00,1637.8,1637.8,1633.9,1637.2,11668475
2026-05-20 11:55:00,1637.2,1644.0,1635.5,1642.4,15975799
2026-05-20 12:00:00,1642.4,1643.8,1639.9,1640.6,12689269
2026-05-20 12:05:00,1640.3,1641.8,1638.4,1640.5,12753550
2026-05-20 12:10:00,1639.8,1640.6,1636.2,1638.7,13296093
2026-05-20 12:15:00,1638.2,1640.8,1633.7,1636.3,15441468
2026-05-20 12:20:00,1635.8,1638.6,1635.1,1636.7,12704198
2026-05-20 12:25:00,1636.5,1637.9,1630.6,1633.0,16976854
2026-05-20 12:30:00,1632.7,1633.0,1630.5,1632.8,15650815
2026-05-20 12:35:00,1632.8,1634.5,1630.9,1634.5,15176422
2026-05-20 12:40:00,1634.5,1635.2,1632.1,1635.2,15373723
2026-05-20 12:45:00,1634.7,1635.0,1632.1,1634.4,17761212
2026-05-20 12:50:00,1633.9,1635.4,1632.0,1634.9,18795148
2026-05-20 12:55:00,1634.9,1634.9,1631.4,1633.8,16624124
2026-05-20 13:00:00,1633.8,1634.7,1631.4,1631.7,17488123
2026-05-20 13:05:00,1631.4,1634.3,1630.5,1633.8,14923806
2026-05-20 13:10:00,1633.8,1635.0,1631.6,1635.0,17799749
2026-05-20 13:15:00,1635.0,1635.1,1633.0,1633.5,14583082
2026-05-20 13:20:00,1633.5,1635.3,1632.6,1634.1,19276103
2026-05-20 13:25:00,1634.1,1635.0,1630.9,1632.5,18728856
2026-05-20 13:30:00,1632.4,1634.7,1630.4,1633.9,19646967
2026-05-20 13:35:00,1633.9,1634.9,1631.3,1634.4,19447846
2026-05-20 13:40:00,1634.4,1634.9,1631.4,1632.7,19681664
2026-05-20 13:45:00,1633.8,1635.2,1632.1,1632.9,23005701
2026-05-20 13:50:00,1632.4,1635.0,1632.1,1633.6,21697186
2026-05-20 13:55:00,1633.1,1635.6,1632.5,1634.8,22140285
2026-05-20 14:00:00,1635.0,1636.3,1632.6,1634.2,19158976
2026-05-20 14:05:00,1634.2,1635.0,1632.1,1633.6,19792574
2026-05-20 14:10:00,1633.1,1635.0,1631.6,1634.0,19501506
2026-05-20 14:15:00,1634.0,1635.0,1633.1,1633.6,19493861
2026-05-20 14:20:00,1633.5,1635.0,1633.5,1634.3,14507479
2026-05-20 14:25:00,1634.3,1635.4,1634.0,1635.0,19702770
2026-05-20 14:30:00,1634.5,1635.4,1633.7,1634.0,19534552
2026-05-20 14:35:00,1633.6,1635.0,1633.2,1635.0,20363580
2026-05-20 14:40:00,1634.9,1635.1,1633.2,1635.0,18636885
2026-05-20 14:45:00,1633.6,1635.0,1633.3,1634.5,15641546
2026-05-20 14:50:00,1634.5,1635.0,1633.9,1635.0,18432246
2026-05-20 14:55:00,1635.0,1635.9,1634.0,1634.8,17720997
2026-05-20 15:00:00,1635.0,1635.0,1630.2,1631.9,23437777
2026-05-20 15:05:00,1632.5,1635.0,1631.7,1633.2,19658881
2026-05-20 15:10:00,1633.2,1635.0,1632.4,1633.5,14763713
2026-05-20 15:15:00,1633.4,1633.5,1626.7,1627.2,20191722
2026-05-20 15:20:00,1627.2,1631.6,1626.7,1629.5,23479859
2026-05-20 15:25:00,1629.0,1635.5,1626.1,1630.0,21136124
2026-05-21 09:15:00,1639.5,1649.2,1629.3,1635.1,269483
2026-05-21 09:20:00,1636.7,1643.6,1636.7,1642.0,465452
2026-05-21 09:25:00,1642.0,1644.3,1639.8,1639.9,482477
2026-05-21 09:30:00,1639.9,1642.2,1633.4,1635.7,614269
2026-05-21 09:35:00,1639.9,1640.0,1630.2,1635.9,719369
2026-05-21 09:40:00,1635.9,1637.1,1632.8,1634.2,630770
2026-05-21 09:45:00,1634.2,1639.9,1634.2,1636.1,728179
2026-05-21 09:50:00,1636.1,1638.8,1633.5,1635.0,693099
2026-05-21 09:55:00,1635.0,1635.0,1629.9,1629.9,867572
2026-05-21 10:00:00,1629.9,1629.9,1626.7,1626.9,986930
2026-05-21 10:05:00,1626.9,1626.9,1624.1,1624.9,935826
2026-05-21 10:10:00,1624.9,1628.6,1624.2,1628.6,1031216
2026-05-21 10:15:00,1628.6,1633.0,1620.8,1622.1,1300038
2026-05-21 10:20:00,1622.1,1623.5,1621.0,1622.0,844245
2026-05-21 10:25:00,1622.1,1623.9,1621.6,1621.6,495311
2026-05-21 10:30:00,1621.6,1626.9,1621.6,1622.9,1540116
2026-05-21 10:35:00,1622.9,1623.1,1618.1,1618.2,1434162
2026-05-21 10:40:00,1618.2,1620.2,1616.4,1619.4,1825064
2026-05-21 10:45:00,1619.4,1620.2,1613.0,1614.6,1906342
2026-05-21 10:50:00,1614.6,1616.2,1614.2,1614.7,1634349
2026-05-21 10:55:00,1614.7,1614.7,1614.2,1614.4,1244583
2026-05-21 11:00:00,1614.4,1615.8,1612.3,1615.7,1944280
2026-05-21 11:05:00,1615.7,1617.0,1613.2,1614.4,2391546
2026-05-21 11:10:00,1614.4,1615.5,1612.1,1612.6,2128951
2026-05-21 11:15:00,1612.0,1612.0,1602.2,1603.5,2808337
2026-05-21 11:20:00,1605.1,1606.6,1604.0,1605.9,2990488
2026-05-21 11:25:00,1605.9,1608.8,1604.5,1608.6,2876642
2026-05-21 11:30:00,1608.6,1615.3,1606.7,1613.1,2552246
2026-05-21 11:35:00,1614.6,1616.7,1613.6,1613.6,2534721
2026-05-21 11:40:00,1613.6,1615.3,1611.9,1612.3,2888225
2026-05-21 11:45:00,1612.3,1616.3,1612.3,1615.6,2100310
2026-05-21 11:50:00,1615.6,1617.3,1615.2,1615.3,2666947
2026-05-21 11:55:00,1615.3,1616.0,1615.3,1615.5,2391545
2026-05-21 12:00:00,1615.5,1616.9,1615.4,1616.0,2213948
2026-05-21 12:05:00,1616.0,1618.0,1615.8,1617.0,2323506
2026-05-21 12:10:00,1617.0,1618.2,1615.5,1616.7,2389262
2026-05-21 12:15:00,1616.7,1618.1,1615.2,1616.2,2813246
2026-05-21 12:20:00,1616.2,1617.1,1616.0,1616.4,2933687
2026-05-21 12:25:00,1616.4,1617.1,1615.9,1617.0,2971207
2026-05-21 12:30:00,1618.9,1621.9,1615.6,1616.5,4521098
2026-05-21 12:35:00,1616.5,1616.5,1610.5,1610.6,4589000
2026-05-21 12:40:00,1611.9,1611.9,1607.1,1608.0,4613221
2026-05-21 12:45:00,1608.0,1609.0,1606.3,1607.1,3773827
2026-05-21 12:50:00,1607.1,1609.8,1607.0,1608.0,3838001
2026-05-21 12:55:00,1608.0,1609.8,1607.4,1607.4,4302997
2026-05-21 13:00:00,1607.4,1611.5,1606.0,1608.3,5421236
2026-05-21 13:05:00,1608.3,1609.4,1607.5,1608.0,4347105
2026-05-21 13:10:00,1608.0,1610.7,1608.0,1608.2,5475906
2026-05-21 13:15:00,1608.2,1609.1,1607.2,1607.2,4407401
2026-05-21 13:20:00,1607.2,1607.8,1606.0,1606.0,5494344
2026-05-21 13:25:00,1606.0,1607.8,1605.0,1605.1,5794551
2026-05-21 13:30:00,1605.1,1607.1,1603.5,1604.9,5476537
2026-05-21 13:35:00,1604.9,1607.1,1604.0,1607.1,5563681
2026-05-21 13:40:00,1605.8,1612.3,1605.8,1609.5,5821875
2026-05-21 13:45:00,1608.5,1609.9,1606.7,1607.5,586
2026-05-21 13:50:00,1607.0,1611.8,1606.0,1606.0,1047
2026-05-21 13:55:00,1606.0,1609.4,1606.0,1607.5,522
2026-05-21 14:00:00,1606.1,1606.1,1606.1,1606.1,586215
2026-05-21 14:05:00,1606.1,1606.3,1606.1,1606.1,83
2026-05-21 14:10:00,1604.0,1605.9,1603.0,1604.9,7675442
2026-05-21 14:15:00,1604.9,1608.1,1603.0,1606.5,8904332
2026-05-21 14:20:00,1605.8,1608.6,1604.2,1604.2,8190967
2026-05-21 14:45:00,1608.1,1608.6,1605.9,1607.8,8189202
2026-05-21 14:50:00,1606.5,1609.1,1605.7,1606.1,8289886
2026-05-21 14:55:00,1608.1,1609.6,1605.8,1606.0,8831651
2026-05-21 15:00:00,1607.7,1610.8,1606.4,1607.9,7249315
2026-05-21 15:05:00,1606.5,1610.2,1606.1,1610.2,7803981
2026-05-21 15:10:00,1611.1,1611.1,1603.1,1604.5,8610273
2026-05-21 15:15:00,1604.5,1606.4,1602.3,1604.4,7943903
2026-05-21 15:20:00,1604.6,1607.3,1604.0,1605.4,8433554
2026-05-21 15:25:00,1605.4,1608.9,1600.0,1608.9,6983822
