datetime,open,high,low,close,volume
2026-02-01 09:15:00,1467.8,1467.8,1437.7,1448.6,2179
2026-02-01 09:25:00,1448.6,1453.8,1444.0,1451.7,1859
2026-02-01 09:35:00,1451.7,1451.7,1446.1,1447.4,528
2026-02-01 09:45:00,1447.4,1453.2,1447.4,1447.5,533
2026-02-01 09:55:00,1447.5,1449.8,1446.4,1449.4,174
2026-02-01 10:05:00,1449.4,1449.5,1443.8,1446.2,3054
2026-02-01 10:15:00,1448.7,1448.7,1445.4,1447.3,128
2026-02-01 10:25:00,1447.3,1448.7,1445.1,1447.2,399
2026-02-01 10:35:00,1447.2,1449.5,1446.0,1449.4,213
2026-02-01 10:45:00,1449.4,1450.2,1447.1,1448.9,433
2026-02-01 10:55:00,1449.0,1450.0,1446.0,1446.0,632
2026-02-01 11:05:00,1446.0,1455.0,1445.0,1451.3,3543
2026-02-01 11:15:00,1451.3,1451.3,1447.0,1448.0,1519
2026-02-01 11:25:00,1448.0,1448.0,1440.0,1442.2,2950
2026-02-01 11:35:00,1442.2,1444.1,1431.0,1432.5,4919
2026-02-01 11:45:00,1432.5,1438.7,1432.5,1437.6,1252
2026-02-01 11:55:00,1437.6,1437.6,1430.1,1432.3,1479
2026-02-01 12:05:00,1431.6,1435.0,1422.4,1424.5,1748
2026-02-01 12:15:00,1424.5,1428.2,1420.0,1425.0,2775
2026-02-01 12:25:00,1425.0,1427.3,1415.3,1422.3,2349
2026-02-01 12:35:00,1422.3,1438.5,1421.7,1437.2,1556
2026-02-01 12:45:00,1435.7,1436.0,1430.6,1432.6,550
2026-02-01 12:55:00,1432.6,1438.7,1432.3,1434.0,1443
2026-02-01 13:05:00,1434.0,1435.0,1430.0,1432.2,170
2026-02-01 13:15:00,1432.2,1433.1,1430.1,1430.3,107
2026-02-01 13:25:00,1430.3,1431.3,1424.1,1427.0,473
2026-02-01 13:35:00,1427.0,1432.2,1425.0,1430.2,1239
2026-02-01 13:45:00,1430.2,1432.0,1427.7,1427.7,113
2026-02-01 13:55:00,1427.7,1429.8,1426.0,1429.1,197
2026-02-01 14:05:00,1427.0,1430.1,1426.6,1428.7,1184
2026-02-01 14:15:00,1428.7,1441.5,1428.7,1438.9,2815
2026-02-01 14:25:00,1438.9,1440.6,1437.4,1438.7,288
2026-02-01 14:35:00,1438.7,1439.2,1420.2,1420.2,3751
2026-02-01 14:45:00,1420.0,1424.2,1405.5,1408.3,7311
2026-02-01 14:55:00,1405.9,1408.4,1401.0,1403.8,3367
2026-02-01 15:05:00,1403.8,1404.9,1400.0,1401.0,1414
2026-02-01 15:15:00,1400.0,1412.8,1400.0,1406.7,4590
2026-02-01 15:25:00,1406.7,1409.8,1400.0,1409.8,1963
2026-02-02 09:15:00,1409.0,1418.0,1402.2,1409.9,6436
2026-02-02 09:25:00,1409.9,1414.4,1397.0,1414.2,5016
2026-02-02 09:35:00,1414.4,1421.0,1412.5,1419.7,3139
2026-02-02 09:45:00,1419.7,1422.6,1418.2,1420.6,1186
2026-02-02 09:55:00,1420.7,1425.0,1420.0,1420.0,3278
2026-02-02 10:05:00,1419.3,1423.0,1418.1,1421.7,1263
2026-02-02 10:15:00,1422.9,1423.0,1417.5,1421.6,838
2026-02-02 10:25:00,1421.6,1428.2,1420.5,1426.5,1310
2026-02-02 10:35:00,1426.5,1434.1,1426.0,1433.0,2430
2026-02-02 10:45:00,1433.0,1441.0,1429.4,1439.9,4296
2026-02-02 10:55:00,1439.1,1449.0,1439.1,1446.2,12131
2026-02-02 11:05:00,1445.4,1447.9,1420.2,1435.6,18113
2026-02-02 11:15:00,1435.6,1436.2,1415.9,1416.3,11679
2026-02-02 11:25:00,1416.3,1417.0,1407.4,1410.0,13271
2026-02-02 11:35:00,1410.0,1410.0,1393.7,1405.6,10095
2026-02-02 11:45:00,1406.5,1408.3,1403.1,1404.8,2715
2026-02-02 11:55:00,1403.9,1406.5,1403.7,1406.1,1405
2026-02-02 12:05:00,1405.1,1409.7,1400.0,1407.7,11511
2026-02-02 12:15:00,1407.7,1408.5,1401.0,1404.0,4261
2026-02-02 12:25:00,1403.3,1404.0,1401.3,1402.9,1144
2026-02-02 12:35:00,1401.7,1410.1,1401.7,1409.9,24659
2026-02-02 12:45:00,1409.9,1410.1,1405.5,1409.5,14049
2026-02-02 12:55:00,1410.0,1426.7,1408.1,1426.7,17590
2026-02-02 13:05:00,1426.2,1436.9,1423.8,1436.1,12395
2026-02-02 13:15:00,1436.0,1456.4,1434.5,1454.8,16139
2026-02-02 13:25:00,1455.3,1457.8,1450.0,1452.2,11378
2026-02-02 13:35:00,1453.2,1453.2,1445.1,1451.5,11311
2026-02-02 13:45:00,1451.0,1464.5,1433.8,1435.0,30252
2026-02-02 13:55:00,1433.9,1436.3,1415.2,1417.9,27708
2026-02-02 14:05:00,1417.9,1418.0,1401.4,1404.7,26664
2026-02-02 14:15:00,1404.6,1420.0,1391.8,1418.0,39063
2026-02-02 14:25:00,1416.0,1421.9,1407.0,1410.0,17639
2026-02-02 14:35:00,1410.0,1441.8,1409.9,1439.5,21582
2026-02-02 14:45:00,1441.8,1449.0,1432.0,1440.6,22604
2026-02-02 14:55:00,1440.6,1443.4,1433.5,1439.7,20518
2026-02-02 15:05:00,1438.6,1441.4,1433.7,1434.0,32263
2026-02-02 15:15:00,1435.0,1444.8,1430.0,1444.8,28196
2026-02-02 15:25:00,1444.8,1459.8,1444.7,1445.2,9685
2026-02-03 09:15:00,1470.0,1470.0,1443.2,1446.8,10113
2026-02-03 09:25:00,1446.8,1452.2,1446.6,1447.0,3262
2026-02-03 09:35:00,1447.0,1452.4,1444.4,1444.4,3445
2026-02-03 09:45:00,1444.4,1451.5,1443.0,1448.0,2085
2026-02-03 09:55:00,1448.0,1448.0,1444.0,1446.1,777
2026-02-03 10:05:00,1446.1,1449.8,1443.6,1449.5,1369
2026-02-03 10:15:00,1449.5,1453.0,1448.1,1453.0,2910
2026-02-03 10:25:00,1453.0,1455.9,1445.0,1449.3,3786
2026-02-03 10:35:00,1449.3,1453.9,1449.3,1453.2,1218
2026-02-03 10:45:00,1453.2,1463.7,1452.2,1460.7,4320
2026-02-03 10:55:00,1460.7,1469.1,1458.6,1459.5,2120
2026-02-03 11:05:00,1459.5,1466.5,1459.5,1464.4,1249
2026-02-03 11:15:00,1464.4,1467.3,1436.0,1439.2,14191
2026-02-03 11:25:00,1439.2,1447.9,1439.2,1447.1,4933
2026-02-03 11:35:00,1447.1,1447.9,1445.5,1447.7,575
2026-02-03 11:45:00,1447.6,1448.0,1445.2,1445.2,1121
2026-02-03 11:55:00,1445.2,1448.4,1445.0,1445.1,646
2026-02-03 12:05:00,1445.1,1447.5,1440.0,1442.2,4809
2026-02-03 12:15:00,1442.2,1445.6,1441.0,1441.0,3418
2026-02-03 12:25:00,1441.0,1445.0,1440.2,1443.3,3172
2026-02-03 12:35:00,1443.3,1445.1,1441.3,1444.3,2398
2026-02-03 12:45:00,1444.3,1448.6,1435.2,1435.7,6440
2026-02-03 12:55:00,1436.0,1438.4,1435.2,1436.2,3225
2026-02-03 13:05:00,1436.2,1439.9,1426.3,1438.2,8121
2026-02-03 13:15:00,1439.0,1440.0,1433.0,1434.0,4391
2026-02-03 13:25:00,1434.1,1434.1,1431.4,1431.4,3934
2026-02-03 13:35:00,1431.4,1434.7,1431.4,1433.3,4029
2026-02-03 13:45:00,1434.6,1437.6,1432.0,1435.9,4474
2026-02-03 13:55:00,1435.9,1436.2,1431.6,1432.1,5067
2026-02-03 14:05:00,1433.2,1436.6,1432.0,1434.2,3901
2026-02-03 14:15:00,1434.2,1436.1,1423.8,1432.0,7999
2026-02-03 14:25:00,1432.0,1435.0,1429.8,1432.2,6479
2026-02-03 14:35:00,1432.2,1433.8,1431.3,1432.0,3124
2026-02-03 14:45:00,1432.0,1436.0,1431.2,1435.9,5203
2026-02-03 14:55:00,1436.1,1439.1,1433.9,1435.1,8425
2026-02-03 15:05:00,1435.1,1437.3,1434.0,1437.0,8785
2026-02-03 15:15:00,1436.7,1442.8,1425.7,1438.2,42796
2026-02-03 15:25:00,1438.2,1442.2,1436.2,1442.2,7514
2026-02-04 09:15:00,1435.3,1443.0,1434.3,1439.3,6498
2026-02-04 09:25:00,1439.3,1441.3,1435.7,1438.4,2667
2026-02-04 09:35:00,1438.3,1440.9,1436.0,1439.5,515
2026-02-04 09:45:00,1439.5,1441.9,1439.2,1440.4,694
2026-02-04 09:55:00,1440.4,1443.0,1439.7,1440.2,1024
2026-02-04 10:05:00,1440.1,1442.6,1437.2,1437.3,1449
2026-02-04 10:15:00,1437.3,1450.0,1432.8,1448.7,6497
2026-02-04 10:25:00,1448.7,1451.0,1434.7,1436.3,2700
2026-02-04 10:35:00,1436.3,1438.0,1427.0,1428.5,1830
2026-02-04 10:45:00,1427.2,1429.7,1427.0,1429.0,490
2026-02-04 10:55:00,1429.0,1435.0,1426.9,1433.8,631
2026-02-04 11:05:00,1433.8,1437.9,1433.8,1436.5,2186
2026-02-04 11:15:00,1436.5,1436.9,1433.8,1436.9,331
2026-02-04 11:25:00,1436.9,1436.9,1433.4,1436.7,1083
2026-02-04 11:35:00,1438.4,1444.8,1437.3,1441.8,2217
2026-02-04 11:45:00,1441.8,1441.9,1439.5,1441.3,399
2026-02-04 11:55:00,1441.3,1441.3,1437.9,1440.9,396
2026-02-04 12:05:00,1440.9,1441.5,1438.9,1441.5,384
2026-02-04 12:15:00,1441.5,1445.0,1440.0,1445.0,876
2026-02-04 12:25:00,1445.0,1445.0,1443.2,1444.7,362
2026-02-04 12:35:00,1443.1,1443.1,1434.0,1434.3,1516
2026-02-04 12:45:00,1434.3,1438.9,1427.5,1428.8,6691
2026-02-04 12:55:00,1428.8,1429.5,1426.0,1427.8,1142
2026-02-04 13:05:00,1427.8,1429.5,1426.5,1428.3,894
2026-02-04 13:15:00,1428.3,1429.4,1427.3,1428.4,1165
2026-02-04 13:25:00,1428.4,1429.9,1427.0,1427.3,814
2026-02-04 13:35:00,1427.3,1432.0,1426.3,1430.0,762
2026-02-04 13:45:00,1430.0,1431.3,1427.6,1430.4,1645
2026-02-04 13:55:00,1430.4,1430.4,1420.1,1421.0,4720
2026-02-04 14:05:00,1421.0,1421.4,1412.0,1415.1,5633
2026-02-04 14:15:00,1415.1,1415.5,1412.8,1413.0,3492
2026-02-04 14:25:00,1413.0,1415.4,1413.0,1415.0,1070
2026-02-04 14:35:00,1415.0,1415.8,1408.0,1409.5,8463
2026-02-04 14:45:00,1410.0,1411.8,1409.1,1409.9,6648
2026-02-04 14:55:00,1409.9,1414.2,1407.0,1411.6,5367
2026-02-04 15:05:00,1411.6,1413.9,1398.6,1402.9,16731
2026-02-04 15:15:00,1404.0,1411.0,1401.9,1407.8,10224
2026-02-04 15:25:00,1408.4,1409.4,1404.0,1409.4,6302
2026-02-05 09:15:00,1411.0,1425.1,1401.2,1406.6,5421
2026-02-05 09:25:00,1406.6,1410.2,1402.1,1402.1,4128
2026-02-05 09:35:00,1402.1,1404.9,1400.3,1402.0,2166
2026-02-05 09:45:00,1401.0,1403.0,1400.2,1402.7,692
2026-02-05 09:55:00,1402.7,1405.5,1400.1,1402.9,1342
2026-02-05 10:05:00,1402.9,1403.4,1401.2,1401.9,169
2026-02-05 10:15:00,1401.9,1404.7,1401.9,1404.7,138
2026-02-05 10:25:00,1406.5,1410.8,1405.0,1405.2,869
2026-02-05 10:35:00,1405.0,1411.0,1405.0,1408.2,1118
2026-02-05 10:45:00,1407.0,1410.4,1407.0,1409.8,326
2026-02-05 10:55:00,1409.8,1415.9,1409.8,1412.5,5465
2026-02-05 11:05:00,1410.5,1413.6,1405.0,1406.2,6267
2026-02-05 11:15:00,1405.1,1407.1,1396.1,1398.3,5213
2026-02-05 11:25:00,1398.1,1400.0,1396.2,1400.0,808
2026-02-05 11:35:00,1398.7,1400.2,1397.9,1399.6,1564
2026-02-05 11:45:00,1398.1,1399.8,1396.2,1397.0,1860
2026-02-05 11:55:00,1396.6,1397.5,1395.1,1396.5,1625
2026-02-05 12:05:00,1395.3,1396.0,1392.3,1393.7,2120
2026-02-05 12:15:00,1392.7,1394.0,1392.5,1393.6,1448
2026-02-05 12:25:00,1393.0,1394.3,1392.3,1394.0,993
2026-02-05 12:35:00,1393.1,1403.7,1393.1,1403.7,1576
2026-02-05 12:45:00,1403.4,1406.0,1401.9,1405.2,1460
2026-02-05 12:55:00,1403.9,1407.0,1402.3,1406.9,1909
2026-02-05 13:05:00,1405.8,1407.5,1404.3,1406.2,1069
2026-02-05 13:15:00,1405.2,1408.0,1405.0,1407.4,752
2026-02-05 13:25:00,1406.1,1407.9,1405.0,1407.0,1460
2026-02-05 13:35:00,1405.3,1410.9,1405.3,1410.0,1154
2026-02-05 13:45:00,1410.0,1411.4,1407.6,1408.9,619
2026-02-05 13:55:00,1407.6,1409.9,1407.1,1408.2,1263
2026-02-05 14:05:00,1407.0,1409.3,1401.5,1404.9,3568
2026-02-05 14:15:00,1404.0,1405.0,1398.0,1401.0,8978
2026-02-05 14:25:00,1400.6,1432.9,1400.6,1431.1,13268
2026-02-05 14:35:00,1431.1,1439.4,1430.9,1437.4,12990
2026-02-05 14:45:00,1437.6,1443.2,1425.1,1442.0,25850
2026-02-05 14:55:00,1440.6,1453.0,1435.6,1437.0,30899
2026-02-05 15:05:00,1437.0,1447.9,1429.5,1447.2,19924
2026-02-05 15:15:00,1446.6,1450.0,1445.0,1450.0,11100
2026-02-05 15:25:00,1450.0,1450.0,1434.0,1440.0,12052
2026-02-06 09:15:00,1435.3,1435.3,1412.4,1413.5,11231
2026-02-06 09:25:00,1416.1,1418.0,1410.5,1412.8,3012
2026-02-06 09:35:00,1415.1,1423.8,1411.7,1422.5,3082
2026-02-06 09:45:00,1422.5,1432.0,1422.5,1426.5,1954
2026-02-06 09:55:00,1427.3,1429.8,1426.0,1427.6,1569
2026-02-06 10:05:00,1427.6,1430.6,1427.3,1427.6,1205
2026-02-06 10:15:00,1427.9,1430.6,1426.2,1429.0,997
2026-02-06 10:25:00,1429.0,1429.7,1421.1,1423.3,1790
2026-02-06 10:35:00,1424.4,1424.4,1406.0,1408.3,12423
2026-02-06 10:45:00,1409.7,1410.0,1406.7,1407.2,3747
2026-02-06 10:55:00,1407.2,1409.0,1406.0,1407.9,2200
2026-02-06 11:05:00,1407.9,1410.0,1407.1,1408.1,1465
2026-02-06 11:15:00,1408.1,1410.0,1407.5,1407.5,2811
2026-02-06 11:25:00,1407.5,1410.6,1407.5,1409.7,839
2026-02-06 11:35:00,1409.7,1411.0,1408.3,1408.3,1530
2026-02-06 11:45:00,1408.3,1411.0,1408.3,1409.7,844
2026-02-06 11:55:00,1409.7,1411.0,1403.8,1408.0,2521
2026-02-06 12:05:00,1408.0,1408.0,1405.0,1406.0,1198
2026-02-06 12:15:00,1407.0,1407.0,1405.2,1406.1,943
2026-02-06 12:25:00,1406.1,1417.0,1406.0,1414.2,4363
2026-02-06 12:35:00,1414.2,1417.0,1414.2,1415.9,685
2026-02-06 12:45:00,1415.9,1417.0,1414.8,1416.0,1306
2026-02-06 12:55:00,1416.0,1417.0,1413.6,1414.0,1056
2026-02-06 13:05:00,1414.2,1416.4,1414.0,1414.6,967
2026-02-06 13:15:00,1414.6,1417.0,1414.1,1416.0,761
2026-02-06 13:25:00,1416.0,1417.0,1414.0,1415.8,1191
2026-02-06 13:35:00,1415.8,1416.8,1414.2,1414.9,813
2026-02-06 13:45:00,1414.9,1422.2,1414.9,1419.6,3117
2026-02-06 13:55:00,1419.6,1422.5,1419.0,1419.4,1472
2026-02-06 14:05:00,1419.4,1420.3,1414.7,1414.8,1977
2026-02-06 14:15:00,1414.8,1416.9,1414.3,1414.4,806
2026-02-06 14:25:00,1414.4,1417.2,1412.8,1416.7,2272
2026-02-06 14:35:00,1416.7,1419.1,1416.6,1418.5,906
2026-02-06 14:45:00,1418.5,1422.7,1418.5,1422.6,2332
2026-02-06 14:55:00,1422.6,1430.1,1421.3,1422.4,4761
2026-02-06 15:05:00,1422.8,1424.0,1422.0,1423.5,3445
2026-02-06 15:15:00,1423.5,1423.5,1416.8,1416.8,9829
2026-02-06 15:25:00,1415.6,1416.1,1407.0,1407.0,13271
2026-02-09 09:15:00,1417.7,1429.5,1416.0,1421.8,10111
2026-02-09 09:25:00,1421.8,1424.6,1420.0,1423.0,3164
2026-02-09 09:35:00,1423.0,1424.7,1416.6,1416.7,3532
2026-02-09 09:45:00,1416.7,1419.7,1416.7,1419.2,657
2026-02-09 09:55:00,1419.2,1427.1,1418.1,1427.0,3158
2026-02-09 10:05:00,1427.0,1427.0,1417.7,1424.3,3493
2026-02-09 10:15:00,1424.3,1426.0,1423.0,1424.1,1272
2026-02-09 10:25:00,1424.2,1429.1,1422.5,1428.2,2104
2026-02-09 10:35:00,1429.0,1430.7,1426.9,1429.1,1464
2026-02-09 10:45:00,1429.1,1431.2,1428.3,1429.2,1723
2026-02-09 10:55:00,1429.1,1434.5,1429.1,1433.0,1514
2026-02-09 11:05:00,1433.0,1434.1,1429.2,1429.4,1372
2026-02-09 11:15:00,1429.3,1431.9,1428.1,1431.5,1782
2026-02-09 11:25:00,1431.5,1432.7,1425.0,1427.3,2229
2026-02-09 11:35:00,1427.3,1430.0,1427.3,1428.5,435
2026-02-09 11:45:00,1428.5,1429.7,1424.6,1426.7,884
2026-02-09 11:55:00,1426.7,1429.9,1426.7,1428.1,957
2026-02-09 12:05:00,1429.4,1435.4,1429.4,1434.2,3420
2026-02-09 12:15:00,1435.0,1437.9,1432.2,1432.5,2054
2026-02-09 12:25:00,1432.5,1433.5,1430.1,1432.2,1216
2026-02-09 12:35:00,1432.2,1437.9,1430.7,1436.2,1708
2026-02-09 12:45:00,1436.2,1436.9,1434.2,1435.2,531
2026-02-09 12:55:00,1435.2,1440.0,1434.0,1435.0,2890
2026-02-09 13:05:00,1437.1,1445.1,1436.3,1444.0,5373
2026-02-09 13:15:00,1444.0,1446.9,1443.0,1444.8,3729
2026-02-09 13:25:00,1444.8,1447.9,1442.0,1446.0,2141
2026-02-09 13:35:00,1446.0,1447.0,1443.1,1444.6,3259
2026-02-09 13:45:00,1444.6,1445.7,1443.9,1445.0,941
2026-02-09 13:55:00,1445.7,1448.3,1444.6,1447.4,3909
2026-02-09 14:05:00,1447.4,1447.4,1444.4,1445.8,815
2026-02-09 14:15:00,1445.8,1450.9,1444.6,1449.5,6804
2026-02-09 14:25:00,1449.5,1452.9,1449.4,1451.0,2947
2026-02-09 14:35:00,1451.0,1454.0,1450.1,1450.4,2451
2026-02-09 14:45:00,1450.1,1452.4,1450.0,1451.9,2880
2026-02-09 14:55:00,1451.9,1455.0,1449.0,1453.5,3085
2026-02-09 15:05:00,1453.5,1454.9,1451.0,1452.9,4818
2026-02-09 15:15:00,1452.7,1453.6,1449.1,1453.0,11107
2026-02-09 15:25:00,1453.0,1454.5,1450.2,1452.0,4792
2026-02-10 09:15:00,1464.0,1467.0,1455.0,1465.1,6915
2026-02-10 09:25:00,1465.1,1465.1,1445.2,1448.3,4722
2026-02-10 09:35:00,1445.6,1448.9,1445.0,1448.5,1667
2026-02-10 09:45:00,1448.5,1451.7,1447.0,1448.4,1482
2026-02-10 09:55:00,1448.4,1452.9,1445.4,1445.4,543
2026-02-10 10:05:00,1445.4,1447.7,1445.0,1445.0,1037
2026-02-10 10:15:00,1445.0,1447.0,1432.8,1435.5,4758
2026-02-10 10:25:00,1435.5,1438.5,1433.6,1438.5,1999
2026-02-10 10:35:00,1438.5,1440.0,1435.6,1438.4,1331
2026-02-10 10:45:00,1438.4,1439.8,1435.2,1436.9,1884
2026-02-10 10:55:00,1435.5,1438.6,1435.5,1438.0,519
2026-02-10 11:05:00,1438.0,1438.9,1435.0,1437.3,3064
2026-02-10 11:15:00,1437.3,1438.8,1437.1,1437.5,743
2026-02-10 11:25:00,1437.5,1439.4,1437.1,1437.1,338
2026-02-10 11:35:00,1437.1,1439.7,1437.1,1437.5,1572
2026-02-10 11:45:00,1437.5,1439.0,1436.0,1436.9,525
2026-02-10 11:55:00,1436.9,1439.6,1436.9,1437.5,1498
2026-02-10 12:05:00,1437.5,1438.8,1429.5,1432.1,11968
2026-02-10 12:15:00,1432.1,1433.5,1427.0,1427.4,12861
2026-02-10 12:25:00,1427.4,1429.2,1427.2,1429.2,1738
2026-02-10 12:35:00,1428.0,1430.0,1428.0,1428.5,1759
2026-02-10 12:45:00,1428.5,1430.0,1428.5,1429.0,568
2026-02-10 12:55:00,1429.0,1432.0,1429.0,1429.0,3544
2026-02-10 13:05:00,1429.0,1430.0,1428.0,1428.2,3928
2026-02-10 13:15:00,1428.0,1429.2,1427.0,1427.1,2381
2026-02-10 13:25:00,1427.1,1429.5,1427.0,1428.9,671
2026-02-10 13:35:00,1427.7,1429.5,1427.5,1428.2,385
2026-02-10 13:45:00,1428.2,1432.0,1428.0,1428.0,2591
2026-02-10 13:55:00,1428.0,1430.0,1427.0,1430.0,1699
2026-02-10 14:05:00,1430.0,1430.0,1427.0,1428.4,1083
2026-02-10 14:15:00,1428.4,1430.0,1428.2,1429.4,604
2026-02-10 14:25:00,1429.4,1430.4,1429.1,1429.9,1644
2026-02-10 14:35:00,1429.9,1430.0,1429.0,1429.6,835
2026-02-10 14:45:00,1430.0,1430.0,1429.0,1429.7,1380
2026-02-10 14:55:00,1429.7,1429.7,1422.1,1423.0,5638
2026-02-10 15:05:00,1424.9,1427.8,1424.3,1426.2,5500
2026-02-10 15:15:00,1426.0,1429.4,1426.0,1429.0,8120
2026-02-10 15:25:00,1426.2,1428.8,1421.1,1422.0,8149
2026-02-11 09:15:00,1424.1,1424.1,1403.0,1409.1,18367
2026-02-11 09:25:00,1410.0,1413.6,1408.7,1410.0,4198
2026-02-11 09:35:00,1410.0,1411.9,1408.0,1408.4,2807
2026-02-11 09:45:00,1408.4,1414.1,1408.4,1413.6,991
2026-02-11 09:55:00,1413.6,1417.0,1412.4,1412.9,1448
2026-02-11 10:05:00,1412.9,1416.3,1412.5,1412.6,1229
2026-02-11 10:15:00,1412.6,1419.9,1412.0,1418.6,2267
2026-02-11 10:25:00,1418.4,1426.1,1418.3,1426.1,3152
2026-02-11 10:35:00,1426.1,1428.5,1421.5,1421.7,1672
2026-02-11 10:45:00,1421.7,1425.9,1421.7,1424.6,1728
2026-02-11 10:55:00,1424.6,1427.9,1420.9,1424.2,1459
2026-02-11 11:05:00,1425.6,1426.9,1421.3,1425.5,1993
2026-02-11 11:15:00,1425.5,1428.4,1425.4,1426.1,1691
2026-02-11 11:25:00,1426.1,1427.0,1422.4,1423.6,979
2026-02-11 11:35:00,1423.6,1424.9,1421.6,1421.6,1763
2026-02-11 11:45:00,1421.6,1422.5,1419.2,1419.4,2016
2026-02-11 11:55:00,1419.1,1421.6,1418.4,1421.0,865
2026-02-11 12:05:00,1421.0,1454.9,1420.1,1451.8,18930
2026-02-11 12:15:00,1452.4,1453.8,1444.2,1447.7,9274
2026-02-11 12:25:00,1446.1,1451.9,1445.1,1450.3,7030
2026-02-11 12:35:00,1450.3,1460.7,1450.3,1458.2,15685
2026-02-11 12:45:00,1458.3,1461.0,1457.7,1460.6,6846
2026-02-11 12:55:00,1460.2,1471.4,1460.1,1470.2,10447
2026-02-11 13:05:00,1470.2,1475.8,1462.9,1469.8,14260
2026-02-11 13:15:00,1469.6,1473.9,1466.1,1469.9,10172
2026-02-11 13:25:00,1469.1,1471.0,1467.0,1468.0,8890
2026-02-11 13:35:00,1468.0,1468.0,1453.1,1456.3,19311
2026-02-11 13:45:00,1456.3,1465.7,1456.3,1463.9,6356
2026-02-11 13:55:00,1465.5,1469.3,1441.2,1443.0,10109
2026-02-11 14:05:00,1443.0,1444.2,1433.6,1436.0,4912
2026-02-11 14:15:00,1435.2,1436.3,1433.2,1435.6,2877
2026-02-11 14:25:00,1435.9,1437.2,1433.1,1434.5,3581
2026-02-11 14:35:00,1434.5,1436.6,1431.4,1435.3,2837
2026-02-11 14:45:00,1435.5,1445.0,1435.2,1440.1,6167
2026-02-11 14:55:00,1440.0,1455.8,1438.0,1446.8,8064
2026-02-11 15:05:00,1446.7,1447.0,1425.0,1427.9,25627
2026-02-11 15:15:00,1428.4,1429.9,1424.2,1425.5,8875
2026-02-11 15:25:00,1426.0,1434.9,1426.0,1434.9,6101
2026-02-12 09:15:00,1432.7,1432.7,1412.7,1423.1,10357
2026-02-12 09:25:00,1423.1,1426.0,1422.8,1425.9,1908
2026-02-12 09:35:00,1425.9,1425.9,1422.1,1422.3,1382
2026-02-12 09:45:00,1422.3,1422.3,1416.5,1419.5,2530
2026-02-12 09:55:00,1419.5,1424.6,1419.5,1423.4,1167
2026-02-12 10:05:00,1423.4,1424.9,1418.4,1420.7,3119
2026-02-12 10:15:00,1422.1,1422.5,1419.0,1419.0,1336
2026-02-12 10:25:00,1419.0,1420.7,1417.0,1417.0,1875
2026-02-12 10:35:00,1417.0,1419.0,1416.6,1416.6,1245
2026-02-12 10:45:00,1416.6,1419.5,1416.2,1417.7,1085
2026-02-12 10:55:00,1417.7,1417.7,1414.0,1414.0,2197
2026-02-12 11:05:00,1414.0,1414.9,1412.0,1413.1,2166
2026-02-12 11:15:00,1413.1,1414.7,1412.0,1412.2,738
2026-02-12 11:25:00,1412.2,1415.5,1412.2,1413.5,1041
2026-02-12 11:35:00,1413.5,1416.2,1413.5,1414.0,821
2026-02-12 11:45:00,1414.0,1416.0,1414.0,1414.3,790
2026-02-12 11:55:00,1414.3,1416.0,1414.1,1415.1,621
2026-02-12 12:05:00,1415.1,1417.5,1415.0,1415.1,1668
2026-02-12 12:15:00,1415.0,1418.4,1415.0,1416.9,923
2026-02-12 12:25:00,1416.9,1417.8,1415.6,1416.1,640
2026-02-12 12:35:00,1416.1,1417.1,1415.3,1415.7,1025
2026-02-12 12:45:00,1415.7,1418.8,1415.7,1416.5,1259
2026-02-12 12:55:00,1416.5,1417.5,1415.7,1415.7,606
2026-02-12 13:05:00,1415.7,1416.4,1413.5,1413.9,2250
2026-02-12 13:15:00,1413.9,1415.2,1413.0,1413.5,749
2026-02-12 13:25:00,1413.5,1415.1,1413.3,1414.1,1149
2026-02-12 13:35:00,1414.1,1419.4,1413.5,1419.0,937
2026-02-12 13:45:00,1419.0,1423.0,1416.4,1418.6,4489
2026-02-12 13:55:00,1418.6,1420.9,1418.6,1418.6,1136
2026-02-12 14:05:00,1418.6,1421.0,1417.4,1419.1,1076
2026-02-12 14:15:00,1419.1,1419.9,1417.0,1418.9,877
2026-02-12 14:25:00,1418.9,1423.6,1418.0,1421.8,2093
2026-02-12 14:35:00,1421.8,1454.9,1420.7,1444.8,21090
2026-02-12 14:45:00,1446.4,1462.4,1440.9,1462.2,30317
2026-02-12 14:55:00,1462.4,1471.9,1459.1,1471.7,21499
2026-02-12 15:05:00,1471.9,1488.2,1469.5,1476.8,35628
2026-02-12 15:15:00,1476.9,1479.0,1451.8,1456.3,29641
2026-02-12 15:25:00,1457.0,1475.0,1454.4,1455.5,6759
2026-02-13 09:15:00,1458.0,1462.5,1433.0,1437.2,10752
2026-02-13 09:25:00,1437.2,1438.2,1428.8,1435.7,5057
2026-02-13 09:35:00,1435.7,1441.0,1432.0,1440.7,2489
2026-02-13 09:45:00,1440.7,1441.8,1437.3,1440.1,1894
2026-02-13 09:55:00,1440.1,1440.5,1437.0,1438.4,1305
2026-02-13 10:05:00,1438.4,1440.3,1433.3,1433.7,1883
2026-02-13 10:15:00,1433.7,1438.2,1432.0,1438.2,1660
2026-02-13 10:25:00,1438.2,1455.0,1437.1,1454.2,6126
2026-02-13 10:35:00,1454.2,1457.7,1449.6,1454.5,6573
2026-02-13 10:45:00,1454.5,1459.0,1451.2,1458.7,3661
2026-02-13 10:55:00,1458.7,1459.8,1454.7,1455.4,3106
2026-02-13 11:05:00,1455.4,1459.9,1453.6,1459.2,2816
2026-02-13 11:15:00,1459.4,1464.9,1458.8,1461.6,2200
2026-02-13 11:25:00,1462.4,1467.3,1459.8,1464.5,3902
2026-02-13 11:35:00,1463.6,1465.9,1462.2,1465.0,2508
2026-02-13 11:45:00,1465.0,1466.2,1456.7,1461.7,6262
2026-02-13 11:55:00,1461.7,1464.1,1460.1,1460.1,2186
2026-02-13 12:05:00,1460.1,1468.0,1457.9,1461.1,3510
2026-02-13 12:15:00,1461.1,1472.7,1460.5,1471.0,5551
2026-02-13 12:25:00,1471.0,1474.1,1465.9,1472.1,3791
2026-02-13 12:35:00,1472.1,1475.5,1470.8,1474.0,5214
2026-02-13 12:45:00,1474.0,1475.2,1466.1,1471.8,4253
2026-02-13 12:55:00,1472.0,1472.0,1467.1,1469.9,4021
2026-02-13 13:05:00,1469.9,1478.1,1469.3,1475.7,5562
2026-02-13 13:15:00,1474.9,1484.8,1474.9,1481.1,6928
2026-02-13 13:25:00,1481.1,1482.6,1478.5,1481.0,3683
2026-02-13 13:35:00,1482.6,1503.9,1481.0,1499.4,104886
2026-02-13 13:45:00,1497.8,1498.7,1472.7,1479.0,61455
2026-02-13 13:55:00,1479.0,1488.8,1477.0,1486.2,16417
2026-02-13 14:05:00,1484.0,1486.0,1480.1,1483.8,13467
2026-02-13 14:15:00,1483.9,1489.6,1482.0,1487.6,10206
2026-02-13 14:25:00,1489.2,1490.0,1483.4,1486.9,10135
2026-02-13 14:35:00,1486.7,1489.5,1485.1,1487.6,7079
2026-02-13 14:45:00,1487.6,1489.9,1486.3,1486.7,8307
2026-02-13 14:55:00,1486.3,1488.4,1485.0,1485.0,9145
2026-02-13 15:05:00,1486.5,1494.4,1485.0,1485.1,23271
2026-02-13 15:15:00,1485.1,1491.1,1475.0,1476.7,27490
2026-02-13 15:25:00,1476.9,1479.4,1470.0,1474.0,7898
2026-02-16 09:15:00,1475.0,1487.8,1457.0,1485.6,15811
2026-02-16 09:25:00,1486.0,1497.2,1485.8,1496.5,11530
2026-02-16 09:35:00,1490.3,1497.7,1479.4,1481.0,2942
2026-02-16 09:45:00,1481.0,1482.0,1478.0,1480.0,1947
2026-02-16 09:55:00,1480.0,1482.0,1472.1,1473.9,4235
2026-02-16 10:05:00,1473.9,1480.9,1473.9,1480.0,1170
2026-02-16 10:15:00,1480.0,1483.3,1478.5,1478.5,3933
2026-02-16 10:25:00,1478.5,1480.0,1476.2,1478.0,602
2026-02-16 10:35:00,1477.0,1478.7,1475.2,1478.2,823
2026-02-16 10:45:00,1478.2,1478.2,1474.5,1476.5,445
2026-02-16 10:55:00,1476.5,1476.9,1473.1,1476.6,1789
2026-02-16 11:05:00,1476.6,1483.9,1476.6,1481.0,1602
2026-02-16 11:15:00,1481.0,1483.9,1476.5,1482.8,2931
2026-02-16 11:25:00,1482.8,1482.8,1478.5,1480.1,562
2026-02-16 11:35:00,1479.9,1479.9,1476.5,1478.1,437
2026-02-16 11:45:00,1478.1,1478.2,1476.1,1476.8,735
2026-02-16 11:55:00,1476.8,1480.0,1476.8,1479.0,197
2026-02-16 12:05:00,1479.0,1479.0,1476.0,1478.7,405
2026-02-16 12:15:00,1478.7,1479.8,1477.4,1478.1,312
2026-02-16 12:25:00,1478.1,1479.0,1465.0,1468.0,5872
2026-02-16 12:35:00,1468.0,1472.8,1467.3,1468.7,1882
2026-02-16 12:45:00,1469.6,1470.1,1463.0,1468.8,9258
2026-02-16 12:55:00,1468.8,1469.9,1465.2,1468.4,2391
2026-02-16 13:05:00,1468.4,1469.2,1451.1,1453.3,8574
2026-02-16 13:15:00,1453.3,1456.1,1451.0,1455.8,3200
2026-02-16 13:25:00,1455.9,1456.8,1454.5,1456.4,2184
2026-02-16 13:35:00,1456.3,1458.9,1455.0,1457.1,2760
2026-02-16 13:45:00,1457.2,1457.9,1453.0,1455.8,2995
2026-02-16 13:55:00,1456.7,1457.0,1453.5,1455.8,1443
2026-02-16 14:05:00,1455.8,1459.9,1454.1,1459.9,1805
2026-02-16 14:15:00,1459.9,1459.9,1455.1,1458.0,1575
2026-02-16 14:25:00,1458.5,1459.9,1453.9,1458.1,3504
2026-02-16 14:35:00,1456.6,1459.3,1454.9,1458.9,1780
2026-02-16 14:45:00,1458.8,1459.2,1455.0,1455.9,2536
2026-02-16 14:55:00,1455.9,1484.6,1452.0,1484.6,18224
2026-02-16 15:05:00,1484.6,1502.0,1484.6,1499.3,33480
2026-02-16 15:15:00,1498.7,1502.0,1495.2,1500.5,18593
2026-02-16 15:25:00,1500.5,1530.0,1497.0,1507.0,18805
2026-02-17 09:15:00,1510.0,1510.0,1492.3,1497.0,19189
2026-02-17 09:25:00,1497.0,1497.7,1488.0,1492.6,5276
2026-02-17 09:35:00,1492.6,1497.0,1490.0,1490.1,4775
2026-02-17 09:45:00,1490.1,1490.1,1485.7,1488.3,2745
2026-02-17 09:55:00,1488.3,1501.9,1487.1,1490.4,4939
2026-02-17 10:05:00,1490.4,1492.7,1487.1,1488.3,3905
2026-02-17 10:15:00,1487.1,1492.6,1487.0,1487.8,3767
2026-02-17 10:25:00,1487.8,1490.9,1486.5,1488.0,871
2026-02-17 10:35:00,1488.0,1488.8,1486.6,1486.6,332
2026-02-17 10:45:00,1486.6,1488.7,1482.2,1487.0,5204
2026-02-17 10:55:00,1487.0,1497.2,1486.9,1496.2,7192
2026-02-17 11:05:00,1496.2,1502.6,1494.0,1500.0,5588
2026-02-17 11:15:00,1500.8,1501.6,1497.0,1500.8,2763
2026-02-17 11:25:00,1500.0,1501.5,1496.0,1497.7,1116
2026-02-17 11:35:00,1498.3,1499.7,1495.4,1496.4,2804
2026-02-17 11:45:00,1496.0,1498.1,1495.0,1497.1,734
2026-02-17 11:55:00,1497.0,1498.8,1496.0,1496.5,1341
2026-02-17 12:05:00,1497.8,1500.1,1496.5,1499.2,1187
2026-02-17 12:15:00,1500.0,1500.0,1496.5,1497.2,1572
2026-02-17 12:25:00,1497.4,1498.9,1491.4,1493.0,2621
2026-02-17 12:35:00,1493.4,1495.3,1491.1,1493.7,2130
2026-02-17 12:45:00,1494.8,1494.8,1487.6,1487.8,3119
2026-02-17 12:55:00,1487.8,1493.9,1487.4,1493.7,2243
2026-02-17 13:05:00,1494.3,1496.0,1487.4,1489.0,2708
2026-02-17 13:15:00,1489.6,1490.3,1486.0,1487.1,3699
2026-02-17 13:25:00,1487.6,1488.8,1487.0,1487.2,2090
2026-02-17 13:35:00,1488.2,1492.0,1487.0,1488.5,2593
2026-02-17 13:45:00,1488.5,1491.4,1487.8,1489.7,2598
2026-02-17 13:55:00,1489.7,1491.9,1484.4,1484.4,106855
2026-02-17 14:05:00,1484.7,1486.6,1477.8,1480.2,5856
2026-02-17 14:15:00,1481.1,1482.8,1471.5,1476.3,8859
2026-02-17 14:25:00,1476.3,1482.6,1475.8,1481.0,3829
2026-02-17 14:35:00,1481.0,1482.9,1478.2,1479.3,3153
2026-02-17 14:45:00,1480.8,1481.3,1478.5,1479.2,3266
2026-02-17 14:55:00,1479.2,1484.7,1478.4,1482.7,6348
2026-02-17 15:05:00,1483.5,1496.0,1483.0,1492.7,19323
2026-02-17 15:15:00,1492.7,1498.0,1490.0,1490.3,23173
2026-02-17 15:25:00,1490.3,1503.0,1490.3,1491.0,7942
2026-02-18 09:15:00,1491.0,1501.8,1488.3,1496.6,8213
2026-02-18 09:25:00,1496.6,1496.7,1493.0,1493.0,1973
2026-02-18 09:35:00,1494.3,1495.6,1488.3,1488.3,2306
2026-02-18 09:45:00,1488.3,1491.0,1488.1,1488.8,645
2026-02-18 09:55:00,1488.8,1488.8,1484.7,1487.4,1115
2026-02-18 10:05:00,1487.4,1489.5,1485.6,1488.4,693
2026-02-18 10:15:00,1488.4,1488.7,1483.3,1486.5,1023
2026-02-18 10:25:00,1486.5,1486.5,1480.3,1481.2,2410
2026-02-18 10:35:00,1481.2,1483.8,1480.2,1480.5,1071
2026-02-18 10:45:00,1480.5,1483.2,1480.0,1482.7,1523
2026-02-18 10:55:00,1480.9,1486.7,1480.0,1481.7,2451
2026-02-18 11:05:00,1481.7,1483.1,1481.1,1482.3,913
2026-02-18 11:15:00,1482.3,1485.0,1482.0,1482.1,604
2026-02-18 11:25:00,1482.1,1484.3,1482.0,1484.3,783
2026-02-18 11:35:00,1484.3,1484.3,1477.1,1477.3,2882
2026-02-18 11:45:00,1477.3,1480.5,1476.1,1479.3,942
2026-02-18 11:55:00,1479.2,1482.3,1478.0,1480.5,950
2026-02-18 12:05:00,1480.5,1485.5,1477.8,1483.3,1022
2026-02-18 12:15:00,1483.3,1485.8,1480.6,1480.7,734
2026-02-18 12:25:00,1480.7,1491.5,1480.0,1490.0,4251
2026-02-18 12:35:00,1490.0,1493.0,1489.5,1491.0,1761
2026-02-18 12:45:00,1491.0,1491.9,1489.1,1489.5,813
2026-02-18 12:55:00,1489.5,1492.0,1489.5,1490.5,816
2026-02-18 13:05:00,1490.5,1492.9,1489.6,1490.4,1052
2026-02-18 13:15:00,1490.1,1492.0,1489.5,1490.1,825
2026-02-18 13:25:00,1490.1,1492.1,1483.5,1488.9,6167
2026-02-18 13:35:00,1488.5,1490.0,1483.8,1484.8,3068
2026-02-18 13:45:00,1484.8,1486.8,1481.6,1482.8,958
2026-02-18 13:55:00,1482.8,1492.1,1481.5,1491.7,1507
2026-02-18 14:05:00,1491.9,1495.0,1490.2,1493.5,2545
2026-02-18 14:15:00,1491.9,1495.5,1489.7,1490.3,2339
2026-02-18 14:25:00,1490.3,1491.7,1488.2,1489.0,1188
2026-02-18 14:35:00,1489.0,1492.6,1488.0,1491.1,1091
2026-02-18 14:45:00,1491.1,1494.3,1490.0,1491.0,1521
2026-02-18 14:55:00,1491.0,1494.7,1491.0,1494.0,2061
2026-02-18 15:05:00,1494.1,1496.7,1488.6,1491.2,3959
2026-02-18 15:15:00,1491.1,1491.1,1486.2,1489.4,4511
2026-02-18 15:25:00,1488.6,1489.9,1483.0,1483.0,2346
2026-02-19 09:15:00,1496.4,1501.4,1485.9,1497.0,5075
2026-02-19 09:25:00,1497.0,1497.0,1487.6,1492.1,3073
2026-02-19 09:35:00,1492.1,1492.5,1486.2,1488.5,1000
2026-02-19 09:45:00,1488.5,1489.7,1485.4,1487.6,1029
2026-02-19 09:55:00,1487.6,1489.0,1487.6,1489.0,166
2026-02-19 10:05:00,1489.0,1490.7,1482.8,1484.9,1480
2026-02-19 10:15:00,1484.9,1488.4,1481.8,1484.6,2154
2026-02-19 10:25:00,1484.6,1484.6,1477.1,1477.4,3223
2026-02-19 10:35:00,1477.4,1485.7,1476.1,1481.6,2246
2026-02-19 10:45:00,1483.3,1490.4,1481.0,1488.6,2224
2026-02-19 10:55:00,1488.6,1489.7,1481.0,1481.5,3895
2026-02-19 11:05:00,1481.5,1483.0,1481.0,1481.0,598
2026-02-19 11:15:00,1482.3,1482.3,1470.5,1470.6,3384
2026-02-19 11:25:00,1470.6,1479.0,1470.6,1477.8,2472
2026-02-19 11:35:00,1477.8,1479.6,1474.5,1478.1,1641
2026-02-19 11:45:00,1478.0,1478.9,1474.6,1476.7,1721
2026-02-19 11:55:00,1476.8,1478.2,1472.9,1475.6,2679
2026-02-19 12:05:00,1475.6,1476.3,1472.1,1474.9,1317
2026-02-19 12:15:00,1474.9,1476.7,1472.5,1476.4,1748
2026-02-19 12:25:00,1476.4,1477.9,1472.0,1475.3,2794
2026-02-19 12:35:00,1474.8,1475.9,1468.5,1470.0,2959
2026-02-19 12:45:00,1470.1,1473.4,1468.0,1471.7,2127
2026-02-19 12:55:00,1471.7,1472.6,1470.0,1471.5,1847
2026-02-19 13:05:00,1471.5,1473.6,1470.0,1472.8,1740
2026-02-19 13:15:00,1472.8,1473.0,1469.6,1471.6,2518
2026-02-19 13:25:00,1472.7,1472.7,1469.1,1470.6,1536
2026-02-19 13:35:00,1470.6,1472.2,1469.6,1471.9,1552
2026-02-19 13:45:00,1472.1,1473.0,1470.8,1473.0,1153
2026-02-19 13:55:00,1473.0,1473.0,1469.0,1470.0,1616
2026-02-19 14:05:00,1469.9,1469.9,1466.0,1466.9,2382
2026-02-19 14:15:00,1466.9,1470.0,1466.0,1469.9,2159
2026-02-19 14:25:00,1469.9,1470.0,1468.2,1469.5,1229
2026-02-19 14:35:00,1469.5,1472.7,1468.5,1470.6,1447
2026-02-19 14:45:00,1470.6,1473.0,1468.4,1471.9,2411
2026-02-19 14:55:00,1471.9,1473.4,1469.0,1470.7,2061
2026-02-19 15:05:00,1471.4,1471.5,1465.0,1466.9,4090
2026-02-19 15:15:00,1468.3,1468.7,1460.8,1463.7,5283
2026-02-19 15:25:00,1464.3,1465.7,1451.0,1455.0,4237
2026-02-20 09:15:00,1460.0,1461.8,1451.8,1454.5,3904
2026-02-20 09:25:00,1454.5,1454.5,1445.6,1451.6,2858
2026-02-20 09:35:00,1452.5,1461.9,1450.0,1456.1,6299
2026-02-20 09:45:00,1456.1,1465.0,1456.1,1460.7,996
2026-02-20 09:55:00,1460.7,1463.0,1460.0,1461.7,566
2026-02-20 10:05:00,1461.1,1461.1,1451.5,1453.5,599
2026-02-20 10:15:00,1453.5,1454.5,1451.1,1453.0,778
2026-02-20 10:25:00,1453.0,1456.5,1453.0,1456.5,294
2026-02-20 10:35:00,1456.5,1457.1,1450.2,1452.2,1766
2026-02-20 10:45:00,1451.0,1451.0,1446.0,1447.8,1999
2026-02-20 10:55:00,1446.0,1448.4,1443.5,1444.6,3476
2026-02-20 11:05:00,1443.0,1446.1,1442.8,1443.0,1393
2026-02-20 11:15:00,1443.0,1455.8,1443.0,1455.0,4325
2026-02-20 11:25:00,1453.6,1455.6,1451.5,1453.0,2408
2026-02-20 11:35:00,1453.0,1454.8,1450.8,1452.9,939
2026-02-20 11:45:00,1452.9,1454.5,1450.0,1452.0,918
2026-02-20 11:55:00,1452.0,1453.1,1450.0,1450.1,805
2026-02-20 12:05:00,1450.2,1453.5,1449.5,1452.7,2491
2026-02-20 12:15:00,1451.8,1453.7,1449.1,1452.0,3933
2026-02-20 12:25:00,1452.0,1456.0,1452.0,1455.6,1090
2026-02-20 12:35:00,1455.6,1455.9,1453.0,1454.4,679
2026-02-20 12:45:00,1454.4,1454.7,1452.0,1452.1,690
2026-02-20 12:55:00,1452.1,1455.0,1452.0,1452.3,654
2026-02-20 13:05:00,1452.3,1455.6,1452.0,1455.6,723
2026-02-20 13:15:00,1455.6,1455.6,1452.0,1453.9,812
2026-02-20 13:25:00,1453.9,1455.4,1452.1,1452.1,970
2026-02-20 13:35:00,1452.0,1455.0,1452.0,1452.8,1462
2026-02-20 13:45:00,1452.5,1457.8,1452.5,1454.5,2303
2026-02-20 13:55:00,1454.5,1455.2,1452.2,1452.4,871
2026-02-20 14:05:00,1452.3,1454.8,1452.1,1453.1,863
2026-02-20 14:15:00,1453.1,1456.0,1452.2,1454.4,1533
2026-02-20 14:25:00,1454.4,1455.4,1453.7,1454.5,816
2026-02-20 14:35:00,1454.5,1456.2,1453.2,1453.5,1039
2026-02-20 14:45:00,1453.5,1455.0,1452.0,1454.7,1472
2026-02-20 14:55:00,1454.7,1455.8,1446.5,1446.5,5679
2026-02-20 15:05:00,1446.3,1455.8,1436.2,1453.5,13673
2026-02-20 15:15:00,1452.4,1453.9,1452.0,1452.7,10814
2026-02-20 15:25:00,1452.7,1458.0,1452.0,1455.8,6810
2026-02-23 09:15:00,1465.0,1480.4,1465.0,1477.5,7562
2026-02-23 09:25:00,1477.5,1483.0,1473.5,1476.8,4503
2026-02-23 09:35:00,1476.1,1480.3,1474.8,1477.8,1939
2026-02-23 09:45:00,1477.8,1479.3,1475.5,1475.5,1331
2026-02-23 09:55:00,1475.5,1476.9,1471.1,1472.8,2114
2026-02-23 10:05:00,1472.8,1476.0,1471.6,1471.6,907
2026-02-23 10:15:00,1471.6,1485.0,1471.6,1484.6,2790
2026-02-23 10:25:00,1484.9,1489.0,1480.4,1480.4,1623
2026-02-23 10:35:00,1480.4,1483.5,1479.7,1481.5,1309
2026-02-23 10:45:00,1481.5,1485.0,1479.1,1483.4,814
2026-02-23 10:55:00,1483.4,1489.9,1483.4,1487.5,2288
2026-02-23 11:05:00,1487.5,1491.0,1485.6,1488.9,1841
2026-02-23 11:15:00,1488.9,1490.0,1476.6,1477.9,3551
2026-02-23 11:25:00,1477.9,1480.2,1472.1,1472.1,3454
2026-02-23 11:35:00,1472.3,1476.6,1471.1,1471.9,3044
2026-02-23 11:45:00,1472.0,1473.9,1468.1,1471.1,2196
2026-02-23 11:55:00,1471.1,1473.6,1470.1,1470.3,2155
2026-02-23 12:05:00,1470.4,1483.2,1470.3,1483.2,3729
2026-02-23 12:15:00,1483.3,1490.0,1483.0,1489.9,3321
2026-02-23 12:25:00,1489.9,1491.6,1487.1,1489.1,2735
2026-02-23 12:35:00,1489.1,1494.5,1489.0,1493.5,3836
2026-02-23 12:45:00,1493.5,1498.9,1492.0,1497.9,9695
2026-02-23 12:55:00,1497.5,1499.0,1490.0,1491.7,6594
2026-02-23 13:05:00,1491.7,1494.0,1490.0,1493.3,1246
2026-02-23 13:15:00,1493.3,1495.9,1492.1,1494.6,2279
2026-02-23 13:25:00,1494.6,1498.8,1494.6,1497.4,2883
2026-02-23 13:35:00,1497.4,1501.0,1495.9,1500.0,4287
2026-02-23 13:45:00,1500.0,1500.0,1496.0,1496.8,2863
2026-02-23 13:55:00,1496.8,1497.4,1490.2,1492.2,3182
2026-02-23 14:05:00,1492.2,1498.3,1482.2,1482.2,4415
2026-02-23 14:15:00,1480.9,1487.5,1480.9,1484.8,6046
2026-02-23 14:25:00,1484.8,1485.0,1482.7,1485.0,3093
2026-02-23 14:35:00,1484.9,1485.0,1482.0,1482.0,3292
2026-02-23 14:45:00,1482.0,1485.0,1482.0,1484.0,2321
2026-02-23 14:55:00,1484.0,1484.5,1477.6,1480.0,4816
2026-02-23 15:05:00,1480.0,1481.0,1478.5,1480.5,8045
2026-02-23 15:15:00,1480.4,1481.2,1474.2,1476.2,36780
2026-02-23 15:25:00,1476.2,1479.8,1469.7,1469.7,70052
2026-02-24 09:15:00,1471.8,1477.1,1458.2,1460.7,4073
2026-02-24 09:25:00,1460.7,1460.9,1458.0,1458.8,934
2026-02-24 09:35:00,1458.8,1470.1,1458.8,1466.4,2075
2026-02-24 09:45:00,1466.4,1472.1,1466.4,1470.3,1087
2026-02-24 09:55:00,1470.3,1471.1,1467.3,1470.7,1034
2026-02-24 10:05:00,1470.7,1470.7,1464.4,1466.6,660
2026-02-24 10:15:00,1466.6,1467.8,1465.6,1466.4,182
2026-02-24 10:25:00,1466.4,1470.0,1466.3,1466.3,831
2026-02-24 10:35:00,1466.3,1469.1,1466.2,1467.8,254
2026-02-24 10:45:00,1467.8,1472.6,1467.8,1469.2,1291
2026-02-24 10:55:00,1469.2,1472.0,1469.0,1470.5,260
2026-02-24 11:05:00,1470.5,1472.5,1470.5,1471.4,183
2026-02-24 11:15:00,1472.6,1472.9,1471.3,1471.5,218
2026-02-24 11:25:00,1471.5,1475.0,1469.5,1469.5,1066
2026-02-24 11:35:00,1470.9,1473.8,1469.0,1469.1,1920
2026-02-24 11:45:00,1469.1,1471.0,1467.8,1471.0,1333
2026-02-24 11:55:00,1471.0,1471.4,1469.1,1469.6,668
2026-02-24 12:05:00,1469.6,1470.2,1468.5,1468.6,202
2026-02-24 12:15:00,1468.6,1471.3,1467.7,1468.2,423
2026-02-24 12:25:00,1468.2,1474.8,1467.1,1474.8,862
2026-02-24 12:35:00,1474.8,1475.0,1472.1,1472.1,522
2026-02-24 12:45:00,1472.1,1474.9,1470.2,1473.7,604
2026-02-24 12:55:00,1473.7,1476.0,1473.7,1475.4,517
2026-02-24 13:05:00,1475.3,1479.0,1474.2,1479.0,971
2026-02-24 13:15:00,1480.0,1483.6,1480.0,1481.2,2208
2026-02-24 13:25:00,1481.2,1482.1,1480.1,1480.1,1517
2026-02-24 13:35:00,1480.1,1484.4,1478.4,1482.0,2183
2026-02-24 13:45:00,1482.0,1488.2,1482.0,1486.2,2754
2026-02-24 13:55:00,1486.2,1490.0,1486.2,1489.4,1534
2026-02-24 14:05:00,1489.4,1490.0,1486.7,1488.9,886
2026-02-24 14:15:00,1488.9,1490.0,1487.3,1489.0,1434
2026-02-24 14:25:00,1489.0,1490.0,1487.8,1488.4,1579
2026-02-24 14:35:00,1488.4,1490.0,1484.7,1484.7,2051
2026-02-24 14:45:00,1484.7,1497.7,1484.7,1495.0,14494
2026-02-24 14:55:00,1495.0,1505.0,1494.1,1504.3,13869
2026-02-24 15:05:00,1504.3,1519.5,1502.1,1517.7,25632
2026-02-24 15:15:00,1517.0,1517.1,1506.0,1514.4,34499
2026-02-24 15:25:00,1514.2,1544.0,1513.5,1541.0,23306
2026-02-25 09:15:00,1531.9,1531.9,1500.3,1507.0,12944
2026-02-25 09:25:00,1507.0,1518.9,1507.0,1513.5,4693
2026-02-25 09:35:00,1513.5,1524.1,1512.1,1520.0,3496
2026-02-25 09:45:00,1520.0,1521.9,1519.6,1520.6,1581
2026-02-25 09:55:00,1520.6,1524.9,1520.6,1524.4,2015
2026-02-25 10:05:00,1524.4,1525.0,1520.4,1520.6,776
2026-02-25 10:15:00,1520.6,1523.3,1519.0,1520.0,4232
2026-02-25 10:25:00,1520.0,1523.3,1519.0,1520.0,3718
2026-02-25 10:35:00,1520.0,1528.2,1520.0,1521.1,8851
2026-02-25 10:45:00,1521.1,1522.9,1520.0,1520.0,1771
2026-02-25 10:55:00,1520.0,1521.6,1520.0,1520.0,611
2026-02-25 11:05:00,1520.0,1521.9,1520.0,1520.0,683
2026-02-25 11:15:00,1520.0,1521.6,1520.0,1520.2,624
2026-02-25 11:25:00,1520.2,1523.0,1520.0,1522.5,538
2026-02-25 11:35:00,1522.5,1525.9,1522.5,1523.5,1164
2026-02-25 11:45:00,1523.5,1526.0,1522.9,1524.2,1370
2026-02-25 11:55:00,1524.2,1525.5,1523.2,1523.6,1540
2026-02-25 12:05:00,1523.1,1525.5,1523.0,1525.5,831
2026-02-25 12:15:00,1525.0,1528.7,1523.8,1525.0,1435
2026-02-25 12:25:00,1525.0,1525.9,1522.2,1522.6,962
2026-02-25 12:35:00,1522.6,1525.1,1522.1,1523.8,2431
2026-02-25 12:45:00,1523.8,1525.0,1522.4,1523.4,786
2026-02-25 12:55:00,1523.4,1529.1,1522.9,1525.4,1058
2026-02-25 13:05:00,1525.4,1528.9,1523.1,1523.1,1916
2026-02-25 13:15:00,1523.1,1524.4,1522.2,1524.0,329
2026-02-25 13:25:00,1524.0,1524.9,1521.0,1522.5,1198
2026-02-25 13:35:00,1522.5,1522.5,1520.0,1520.2,645
2026-02-25 13:45:00,1520.2,1521.4,1520.1,1520.7,256
2026-02-25 13:55:00,1520.7,1522.8,1520.0,1520.9,354
2026-02-25 14:05:00,1520.9,1521.8,1520.1,1520.7,320
2026-02-25 14:15:00,1520.7,1522.8,1520.6,1521.1,475
2026-02-25 14:25:00,1520.9,1523.0,1519.0,1520.0,3533
2026-02-25 14:35:00,1520.0,1520.5,1519.2,1520.0,2321
2026-02-25 14:45:00,1520.0,1522.1,1518.6,1521.0,3332
2026-02-25 14:55:00,1521.0,1533.1,1520.0,1522.1,12067
2026-02-25 15:05:00,1521.0,1524.9,1520.0,1521.3,4220
2026-02-25 15:15:00,1521.5,1527.0,1520.0,1523.8,7715
2026-02-25 15:25:00,1523.5,1527.0,1520.5,1523.3,5004
2026-02-26 09:15:00,1534.9,1534.9,1519.0,1522.0,6694
2026-02-26 09:25:00,1522.0,1530.4,1522.0,1530.1,1283
2026-02-26 09:35:00,1530.0,1537.7,1530.0,1535.0,3668
2026-02-26 09:45:00,1535.0,1547.4,1535.0,1545.2,12349
2026-02-26 09:55:00,1545.3,1545.7,1537.8,1541.1,2018
2026-02-26 10:05:00,1541.1,1544.0,1538.0,1541.9,3668
2026-02-26 10:15:00,1541.9,1542.0,1523.0,1524.0,2301
2026-02-26 10:25:00,1524.0,1536.0,1523.0,1531.6,3335
2026-02-26 10:35:00,1531.6,1534.7,1530.1,1532.1,979
2026-02-26 10:45:00,1530.8,1533.3,1510.1,1526.5,12248
2026-02-26 10:55:00,1524.7,1530.4,1513.3,1518.2,22203
2026-02-26 11:05:00,1517.7,1522.3,1512.0,1518.8,12526
2026-02-26 11:15:00,1518.6,1518.6,1516.0,1516.8,7380
2026-02-26 11:25:00,1517.1,1519.5,1511.7,1513.6,10102
2026-02-26 11:35:00,1513.7,1515.5,1503.0,1505.2,9882
2026-02-26 11:45:00,1504.7,1513.8,1503.7,1505.3,439252
2026-02-26 11:55:00,1505.4,1521.1,1505.4,1516.6,10685
2026-02-26 12:05:00,1516.6,1519.0,1512.4,1513.8,5701
2026-02-26 12:15:00,1513.8,1515.2,1510.6,1511.5,5837
2026-02-26 12:25:00,1511.5,1515.4,1510.9,1512.4,15045
2026-02-26 12:35:00,1512.4,1513.7,1512.0,1512.1,4695
2026-02-26 12:45:00,1512.1,1515.0,1505.8,1506.1,21297
2026-02-26 12:55:00,1506.1,1514.0,1505.4,1512.5,4116
2026-02-26 13:05:00,1512.5,1515.0,1512.2,1514.1,19797
2026-02-26 13:15:00,1512.9,1538.2,1512.1,1537.8,13966
2026-02-26 13:25:00,1536.0,1536.0,1529.4,1532.2,2809
2026-02-26 13:35:00,1532.2,1534.0,1531.0,1533.1,678
2026-02-26 13:45:00,1533.1,1535.0,1530.4,1532.1,4814
2026-02-26 13:55:00,1532.1,1533.4,1530.3,1533.2,2827
2026-02-26 14:05:00,1533.2,1534.1,1528.7,1530.4,3901
2026-02-26 14:15:00,1531.9,1532.7,1529.5,1531.7,1703
2026-02-26 14:25:00,1530.0,1532.5,1529.6,1531.2,1212
2026-02-26 14:35:00,1529.8,1534.2,1529.7,1532.7,2770
2026-02-26 14:45:00,1532.7,1533.0,1525.0,1525.0,2539
2026-02-26 14:55:00,1525.0,1526.5,1518.4,1521.0,7100
2026-02-26 15:05:00,1521.0,1522.8,1520.0,1521.3,6948
2026-02-26 15:15:00,1522.0,1523.4,1520.5,1521.3,16809
2026-02-26 15:25:00,1522.1,1523.2,1519.9,1519.9,22057
2026-02-27 09:15:00,1522.0,1522.0,1503.9,1516.3,5668
2026-02-27 09:25:00,1516.7,1516.7,1506.3,1511.3,2522
2026-02-27 09:35:00,1511.3,1525.9,1508.9,1524.9,4494
2026-02-27 09:45:00,1524.9,1531.9,1522.0,1531.7,4404
2026-02-27 09:55:00,1532.0,1536.0,1530.6,1533.5,4972
2026-02-27 10:05:00,1533.5,1540.0,1523.6,1525.0,9911
2026-02-27 10:15:00,1525.0,1525.0,1519.6,1522.0,3898
2026-02-27 10:25:00,1522.0,1526.2,1521.0,1524.9,6833
2026-02-27 10:35:00,1524.9,1533.0,1524.0,1532.8,5355
2026-02-27 10:45:00,1532.8,1535.0,1530.6,1530.7,3963
2026-02-27 10:55:00,1530.7,1534.3,1530.7,1532.5,1016
2026-02-27 11:05:00,1532.5,1535.0,1532.3,1534.4,590
2026-02-27 11:15:00,1534.4,1534.4,1531.2,1533.6,888
2026-02-27 11:25:00,1533.6,1533.6,1530.1,1530.1,729
2026-02-27 11:35:00,1530.1,1532.6,1530.1,1531.5,1179
2026-02-27 11:45:00,1531.5,1533.0,1530.6,1531.8,894
2026-02-27 11:55:00,1531.8,1533.3,1530.6,1531.5,516
2026-02-27 12:05:00,1531.5,1533.2,1529.7,1532.8,1221
2026-02-27 12:15:00,1532.8,1534.1,1530.9,1532.0,999
2026-02-27 12:25:00,1532.0,1534.2,1531.7,1533.6,1616
2026-02-27 12:35:00,1533.6,1534.2,1531.6,1531.6,1243
2026-02-27 12:45:00,1531.6,1534.0,1530.0,1530.8,1593
2026-02-27 12:55:00,1530.8,1535.0,1530.0,1535.0,7184
2026-02-27 13:05:00,1535.0,1535.2,1531.1,1534.1,987
2026-02-27 13:15:00,1534.1,1534.6,1531.7,1533.8,1086
2026-02-27 13:25:00,1533.2,1535.0,1532.5,1534.0,1852
2026-02-27 13:35:00,1533.9,1535.0,1524.2,1526.1,14069
2026-02-27 13:45:00,1525.0,1531.6,1523.5,1528.9,4267
2026-02-27 13:55:00,1528.1,1529.0,1525.0,1525.2,3859
2026-02-27 14:05:00,1526.0,1529.8,1526.0,1528.0,4046
2026-02-27 14:15:00,1528.0,1530.9,1527.0,1528.1,2940
2026-02-27 14:25:00,1529.5,1532.9,1527.4,1528.0,8348
2026-02-27 14:35:00,1527.5,1529.2,1526.0,1528.0,2412
2026-02-27 14:45:00,1528.0,1535.0,1528.0,1534.6,6740
2026-02-27 14:55:00,1535.0,1535.1,1530.0,1530.8,14784
2026-02-27 15:05:00,1530.8,1532.9,1526.0,1527.3,23211
2026-02-27 15:15:00,1526.2,1532.0,1523.4,1525.8,22183
2026-02-27 15:25:00,1525.8,1528.0,1515.0,1517.0,8420
2026-03-02 09:15:00,1471.8,1506.2,1471.8,1503.1,10291
2026-03-02 09:25:00,1501.6,1507.3,1498.0,1502.0,7662
2026-03-02 09:35:00,1502.0,1503.6,1496.4,1499.3,2545
2026-03-02 09:45:00,1499.3,1504.3,1499.3,1502.3,1924
2026-03-02 09:55:00,1502.3,1512.6,1501.3,1510.0,2590
2026-03-02 10:05:00,1510.0,1513.8,1509.6,1513.1,1627
2026-03-02 10:15:00,1513.1,1520.7,1510.8,1520.3,5504
2026-03-02 10:25:00,1520.3,1525.0,1518.6,1523.9,2991
2026-03-02 10:35:00,1523.9,1523.9,1520.8,1522.0,752
2026-03-02 10:45:00,1522.0,1522.0,1520.8,1521.6,1087
2026-03-02 10:55:00,1521.6,1522.8,1514.2,1520.8,12356
2026-03-02 11:05:00,1520.8,1525.0,1520.8,1522.4,1010
2026-03-02 11:15:00,1522.5,1522.5,1521.0,1521.1,759
2026-03-02 11:25:00,1520.8,1522.4,1514.9,1520.0,1886
2026-03-02 11:35:00,1520.0,1520.8,1519.2,1520.0,1514
2026-03-02 11:45:00,1520.0,1520.0,1518.7,1519.0,2567
2026-03-02 11:55:00,1519.0,1519.5,1516.1,1518.5,4749
2026-03-02 12:05:00,1518.5,1518.8,1515.6,1517.3,2023
2026-03-02 12:15:00,1517.3,1517.9,1512.1,1513.2,4800
2026-03-02 12:25:00,1513.2,1518.4,1512.4,1517.3,3616
2026-03-02 12:35:00,1517.3,1519.2,1515.3,1517.8,1745
2026-03-02 12:45:00,1517.8,1518.8,1510.9,1513.0,2289
2026-03-02 12:55:00,1513.0,1513.0,1506.4,1508.9,1464
2026-03-02 13:05:00,1508.9,1509.9,1506.1,1508.8,750
2026-03-02 13:15:00,1508.8,1509.6,1505.9,1505.9,437
2026-03-02 13:25:00,1507.0,1508.3,1502.0,1504.2,1447
2026-03-02 13:35:00,1504.2,1504.3,1500.6,1502.5,3523
2026-03-02 13:45:00,1502.5,1504.5,1501.9,1502.0,1126
2026-03-02 13:55:00,1502.0,1510.1,1501.0,1509.2,1549
2026-03-02 14:05:00,1507.8,1511.0,1507.6,1510.0,1681
2026-03-02 14:15:00,1510.0,1511.2,1509.5,1510.0,690
2026-03-02 14:25:00,1510.0,1514.9,1509.5,1514.7,847
2026-03-02 14:35:00,1514.7,1519.3,1512.8,1517.2,3675
2026-03-02 14:45:00,1517.2,1517.5,1512.1,1517.5,3295
2026-03-02 14:55:00,1516.0,1518.2,1513.8,1514.9,2571
2026-03-02 15:05:00,1515.7,1515.7,1511.2,1513.5,3524
2026-03-02 15:15:00,1513.5,1516.8,1510.1,1513.1,5665
2026-03-02 15:25:00,1513.1,1515.7,1510.0,1510.0,2134
2026-03-04 09:15:00,1505.0,1505.0,1489.7,1493.2,3971
2026-03-04 09:25:00,1492.0,1493.9,1486.1,1491.9,2225
2026-03-04 09:35:00,1491.9,1495.6,1489.6,1494.1,1107
2026-03-04 09:45:00,1494.1,1495.7,1483.9,1487.7,2774
2026-03-04 09:55:00,1487.7,1487.7,1482.5,1484.8,1025
2026-03-04 10:05:00,1484.8,1490.1,1482.3,1489.0,1098
2026-03-04 10:15:00,1489.0,1489.0,1481.3,1481.6,1266
2026-03-04 10:25:00,1481.6,1485.0,1481.2,1484.0,952
2026-03-04 10:35:00,1484.0,1484.0,1478.1,1480.8,1032
2026-03-04 10:45:00,1480.8,1482.1,1479.5,1479.5,427
2026-03-04 10:55:00,1479.5,1480.8,1473.2,1473.4,5123
2026-03-04 11:05:00,1473.4,1475.0,1470.2,1470.9,1811
2026-03-04 11:15:00,1471.0,1471.0,1466.2,1466.3,675
2026-03-04 11:25:00,1466.3,1468.0,1463.0,1464.9,1607
2026-03-04 11:35:00,1464.9,1466.0,1464.4,1464.5,152
2026-03-04 11:45:00,1464.5,1468.0,1463.0,1465.9,1502
2026-03-04 11:55:00,1465.9,1467.5,1463.8,1467.5,210
2026-03-04 12:05:00,1467.5,1467.5,1465.3,1465.5,117
2026-03-04 12:15:00,1465.5,1466.3,1464.8,1465.0,693
2026-03-04 12:25:00,1465.0,1466.2,1461.3,1462.6,3695
2026-03-04 12:35:00,1462.6,1468.2,1462.3,1466.2,2926
2026-03-04 12:45:00,1466.5,1468.8,1465.7,1467.1,430
2026-03-04 12:55:00,1467.1,1468.0,1467.1,1467.3,82
2026-03-04 13:05:00,1467.3,1469.0,1467.2,1468.5,263
2026-03-04 13:15:00,1468.5,1473.7,1467.4,1473.2,1650
2026-03-04 13:25:00,1473.2,1474.0,1470.3,1471.4,1450
2026-03-04 13:35:00,1471.4,1473.1,1470.6,1470.7,537
2026-03-04 13:45:00,1470.7,1473.5,1470.7,1470.8,360
2026-03-04 13:55:00,1470.8,1472.2,1470.0,1470.0,336
2026-03-04 14:05:00,1471.1,1472.8,1469.4,1471.6,636
2026-03-04 14:15:00,1471.6,1474.7,1471.6,1473.0,3290
2026-03-04 14:25:00,1473.0,1473.0,1471.1,1471.2,327
2026-03-04 14:35:00,1471.2,1474.0,1469.4,1471.8,2628
2026-03-04 14:45:00,1471.8,1475.0,1471.8,1475.0,1161
2026-03-04 14:55:00,1475.0,1478.4,1471.7,1475.0,10149
2026-03-04 15:05:00,1475.0,1475.7,1474.7,1475.0,8448
2026-03-04 15:15:00,1475.0,1476.4,1474.9,1474.9,6025
2026-03-04 15:25:00,1475.0,1476.0,1465.0,1468.5,15002
2026-03-05 09:15:00,1475.4,1483.1,1475.4,1478.0,1742
2026-03-05 09:25:00,1478.0,1486.8,1477.9,1486.0,1487
2026-03-05 09:35:00,1486.0,1488.6,1484.0,1484.9,948
2026-03-05 09:45:00,1482.5,1485.7,1482.5,1484.8,529
2026-03-05 09:55:00,1484.8,1484.8,1480.5,1484.5,588
2026-03-05 10:05:00,1484.5,1487.0,1483.7,1484.4,880
2026-03-05 10:15:00,1484.4,1485.0,1482.6,1482.6,268
2026-03-05 10:25:00,1482.6,1484.4,1478.9,1481.1,680
2026-03-05 10:35:00,1480.1,1483.9,1480.1,1483.6,324
2026-03-05 10:45:00,1483.6,1483.6,1480.5,1482.6,378
2026-03-05 10:55:00,1482.6,1483.0,1480.9,1482.8,191
2026-03-05 11:05:00,1482.8,1483.0,1480.0,1482.0,692
2026-03-05 11:15:00,1482.0,1483.0,1480.5,1480.8,157
2026-03-05 11:25:00,1480.8,1488.4,1474.3,1477.7,4963
2026-03-05 11:35:00,1477.7,1478.3,1476.0,1476.7,462
2026-03-05 11:45:00,1476.7,1476.7,1470.1,1472.7,1253
2026-03-05 11:55:00,1472.7,1473.4,1471.9,1472.0,360
2026-03-05 12:05:00,1472.0,1475.1,1471.3,1474.7,674
2026-03-05 12:15:00,1472.7,1479.0,1472.6,1477.4,1095
2026-03-05 12:25:00,1477.4,1478.1,1475.6,1477.7,177
2026-03-05 12:35:00,1477.7,1477.9,1475.1,1475.1,83
2026-03-05 12:45:00,1475.1,1477.1,1475.1,1477.1,112
2026-03-05 12:55:00,1477.1,1478.1,1476.0,1476.0,113
2026-03-05 13:05:00,1476.0,1477.6,1473.8,1476.0,155
2026-03-05 13:15:00,1476.0,1476.7,1474.5,1475.5,689
2026-03-05 13:25:00,1475.5,1490.0,1475.4,1486.1,3211
2026-03-05 13:35:00,1486.1,1494.9,1485.9,1490.0,2396
2026-03-05 13:45:00,1490.0,1499.8,1490.0,1494.1,2905
2026-03-05 13:55:00,1494.1,1502.4,1494.1,1499.8,4863
2026-03-05 14:05:00,1499.8,1503.3,1499.0,1500.6,1968
2026-03-05 14:15:00,1500.6,1503.0,1495.5,1502.0,1737
2026-03-05 14:25:00,1502.0,1503.0,1496.1,1500.7,3227
2026-03-05 14:35:00,1499.5,1506.9,1498.5,1506.9,2091
2026-03-05 14:45:00,1507.0,1507.0,1501.2,1504.6,2641
2026-03-05 14:55:00,1504.9,1505.0,1501.1,1502.0,2836
2026-03-05 15:05:00,1501.8,1504.4,1499.0,1500.6,6063
2026-03-05 15:15:00,1500.7,1504.0,1497.6,1498.1,5813
2026-03-05 15:25:00,1498.1,1505.0,1490.6,1497.0,2858
2026-03-06 09:15:00,1501.4,1515.0,1494.9,1514.7,5255
2026-03-06 09:25:00,1514.7,1515.8,1512.2,1513.8,2190
2026-03-06 09:35:00,1513.8,1515.0,1509.9,1515.0,500
2026-03-06 09:45:00,1515.0,1520.5,1512.2,1518.1,1932
2026-03-06 09:55:00,1517.9,1517.9,1511.9,1513.2,1288
2026-03-06 10:05:00,1513.2,1513.2,1510.0,1512.3,566
2026-03-06 10:15:00,1512.3,1516.0,1510.8,1516.0,1384
2026-03-06 10:25:00,1516.0,1517.1,1511.9,1512.9,1004
2026-03-06 10:35:00,1512.9,1512.9,1505.9,1507.3,967
2026-03-06 10:45:00,1507.7,1507.7,1496.2,1499.4,1706
2026-03-06 10:55:00,1499.4,1504.0,1499.4,1500.1,496
2026-03-06 11:05:00,1500.1,1507.8,1500.1,1507.8,773
2026-03-06 11:15:00,1507.9,1511.9,1504.7,1509.5,1424
2026-03-06 11:25:00,1509.5,1509.5,1508.3,1509.4,219
2026-03-06 11:35:00,1510.1,1511.4,1508.1,1508.3,587
2026-03-06 11:45:00,1508.3,1509.6,1507.8,1507.8,261
2026-03-06 11:55:00,1507.8,1512.0,1507.2,1507.3,1025
2026-03-06 12:05:00,1507.3,1508.7,1507.2,1507.2,126
2026-03-06 12:15:00,1507.2,1508.5,1507.2,1507.2,78
2026-03-06 12:25:00,1507.2,1508.7,1506.9,1507.7,512
2026-03-06 12:35:00,1507.7,1510.0,1507.7,1509.4,243
2026-03-06 12:45:00,1509.4,1509.4,1506.0,1506.3,155
2026-03-06 12:55:00,1506.3,1507.5,1498.8,1499.6,3464
2026-03-06 13:05:00,1499.6,1500.4,1498.1,1499.0,541
2026-03-06 13:15:00,1498.7,1499.7,1497.1,1498.6,740
2026-03-06 13:25:00,1498.6,1499.9,1498.6,1499.0,500
2026-03-06 13:35:00,1499.0,1503.0,1499.0,1501.3,791
2026-03-06 13:45:00,1501.3,1502.8,1501.2,1501.4,212
2026-03-06 13:55:00,1501.4,1502.6,1499.0,1499.4,813
2026-03-06 14:05:00,1499.4,1501.6,1495.8,1495.8,1525
2026-03-06 14:15:00,1495.8,1498.0,1494.0,1497.2,1609
2026-03-06 14:25:00,1497.2,1498.0,1496.9,1497.2,203
2026-03-06 14:35:00,1497.2,1497.3,1495.9,1496.2,381
2026-03-06 14:45:00,1496.2,1501.1,1493.0,1500.0,1862
2026-03-06 14:55:00,1500.0,1500.0,1493.8,1496.5,3296
2026-03-06 15:05:00,1496.4,1498.9,1495.2,1495.2,1266
2026-03-06 15:15:00,1495.1,1495.1,1488.3,1492.3,3889
2026-03-06 15:25:00,1492.3,1496.4,1481.0,1483.1,1715
2026-03-09 09:15:00,1451.0,1485.5,1451.0,1464.2,4300
2026-03-09 09:25:00,1464.0,1468.8,1460.0,1460.0,3168
2026-03-09 09:35:00,1460.0,1461.5,1455.9,1456.1,601
2026-03-09 09:45:00,1456.1,1459.9,1455.0,1457.9,1707
2026-03-09 09:55:00,1457.9,1468.5,1456.0,1459.3,1921
2026-03-09 10:05:00,1459.3,1463.0,1457.1,1458.6,713
2026-03-09 10:15:00,1458.6,1466.0,1457.2,1458.4,1193
2026-03-09 10:25:00,1458.4,1458.4,1455.3,1455.9,787
2026-03-09 10:35:00,1455.9,1457.7,1451.3,1453.2,771
2026-03-09 10:45:00,1453.2,1457.0,1448.1,1457.0,2568
2026-03-09 10:55:00,1457.0,1464.7,1456.9,1461.9,1387
2026-03-09 11:05:00,1461.9,1461.9,1457.0,1459.9,935
2026-03-09 11:15:00,1459.9,1461.2,1459.1,1460.4,751
2026-03-09 11:25:00,1460.4,1462.6,1458.3,1462.3,615
2026-03-09 11:35:00,1462.3,1466.9,1461.4,1466.9,2637
2026-03-09 11:45:00,1466.9,1466.9,1463.2,1464.5,2899
2026-03-09 11:55:00,1464.5,1465.5,1460.8,1461.8,879
2026-03-09 12:05:00,1461.8,1464.0,1461.6,1461.6,434
2026-03-09 12:15:00,1461.6,1463.2,1461.6,1463.0,268
2026-03-09 12:25:00,1463.0,1463.1,1461.6,1461.6,91
2026-03-09 12:35:00,1461.6,1465.5,1461.4,1465.0,390
2026-03-09 12:45:00,1465.0,1467.9,1462.1,1467.9,517
2026-03-09 12:55:00,1467.9,1468.5,1465.1,1466.7,429
2026-03-09 13:05:00,1466.7,1470.0,1466.6,1468.3,1021
2026-03-09 13:15:00,1468.3,1472.2,1468.1,1470.4,540
2026-03-09 13:25:00,1470.4,1473.0,1470.4,1472.4,245
2026-03-09 13:35:00,1472.4,1474.5,1471.0,1473.6,525
2026-03-09 13:45:00,1473.6,1478.8,1471.0,1478.8,680
2026-03-09 13:55:00,1478.8,1480.0,1477.4,1478.6,806
2026-03-09 14:05:00,1478.6,1478.6,1475.5,1475.5,607
2026-03-09 14:15:00,1475.5,1477.5,1473.1,1477.5,681
2026-03-09 14:25:00,1477.5,1492.0,1477.5,1489.8,7446
2026-03-09 14:35:00,1489.9,1503.7,1485.3,1495.0,15416
2026-03-09 14:45:00,1495.0,1505.9,1494.0,1501.1,2911
2026-03-09 14:55:00,1501.1,1511.3,1499.3,1510.1,5082
2026-03-09 15:05:00,1511.3,1514.9,1499.3,1500.0,7603
2026-03-09 15:15:00,1500.0,1500.0,1495.7,1500.0,3235
2026-03-09 15:25:00,1500.0,1503.8,1497.7,1500.0,13467
2026-03-10 09:15:00,1504.9,1510.0,1501.9,1506.1,1667
2026-03-10 09:25:00,1506.1,1511.6,1505.6,1505.6,1266
2026-03-10 09:35:00,1505.6,1505.6,1494.9,1498.1,1361
2026-03-10 09:45:00,1497.7,1502.0,1497.6,1500.2,1420
2026-03-10 09:55:00,1500.2,1501.0,1492.0,1494.6,1905
2026-03-10 10:05:00,1494.6,1496.0,1491.3,1494.2,651
2026-03-10 10:15:00,1494.2,1496.0,1492.3,1492.5,1183
2026-03-10 10:25:00,1492.5,1493.6,1490.6,1492.9,1478
2026-03-10 10:35:00,1492.9,1496.2,1492.5,1496.0,5290
2026-03-10 10:45:00,1496.0,1496.9,1492.3,1492.3,3631
2026-03-10 10:55:00,1492.3,1493.5,1490.9,1493.3,780
2026-03-10 11:05:00,1493.3,1494.8,1492.6,1493.5,463
2026-03-10 11:15:00,1493.5,1496.0,1493.1,1493.1,597
2026-03-10 11:25:00,1493.1,1494.0,1489.1,1493.9,2076
2026-03-10 11:35:00,1493.9,1495.4,1491.9,1492.7,457
2026-03-10 11:45:00,1492.7,1492.7,1489.3,1491.1,187
2026-03-10 11:55:00,1491.1,1493.1,1489.8,1491.5,568
2026-03-10 12:05:00,1491.5,1493.2,1490.2,1491.9,552
2026-03-10 12:15:00,1491.9,1491.9,1489.4,1489.8,164
2026-03-10 12:25:00,1490.8,1490.8,1489.4,1489.7,147
2026-03-10 12:35:00,1489.7,1491.6,1489.1,1489.1,419
2026-03-10 12:45:00,1489.1,1490.2,1488.1,1489.0,440
2026-03-10 12:55:00,1489.0,1494.8,1489.0,1492.2,848
2026-03-10 13:05:00,1492.2,1492.2,1489.6,1489.8,59
2026-03-10 13:15:00,1489.8,1491.7,1489.7,1490.7,423
2026-03-10 13:25:00,1490.7,1493.0,1488.0,1491.1,1062
2026-03-10 13:35:00,1491.1,1491.2,1487.8,1488.4,621
2026-03-10 13:45:00,1488.4,1496.9,1488.4,1495.8,5985
2026-03-10 13:55:00,1495.8,1495.8,1493.1,1495.2,670
2026-03-10 14:05:00,1495.2,1496.4,1493.7,1495.7,788
2026-03-10 14:15:00,1495.7,1495.7,1492.0,1493.6,934
2026-03-10 14:25:00,1493.6,1495.0,1489.2,1491.3,2920
2026-03-10 14:35:00,1491.3,1494.0,1490.1,1492.7,1413
2026-03-10 14:45:00,1492.6,1493.8,1490.0,1490.7,1488
2026-03-10 14:55:00,1491.5,1492.0,1488.0,1489.3,1533
2026-03-10 15:05:00,1490.9,1494.2,1490.9,1492.4,4710
2026-03-10 15:15:00,1492.4,1492.4,1490.0,1490.0,4231
2026-03-10 15:25:00,1490.1,1490.2,1489.0,1489.0,2718
2026-03-11 09:15:00,1491.5,1507.0,1487.5,1493.4,5557
2026-03-11 09:25:00,1493.4,1502.6,1492.2,1497.0,5182
2026-03-11 09:35:00,1497.0,1497.0,1491.0,1494.8,2181
2026-03-11 09:45:00,1493.4,1495.0,1492.0,1494.5,880
2026-03-11 09:55:00,1494.5,1497.1,1492.0,1493.8,7038
2026-03-11 10:05:00,1493.8,1498.0,1493.1,1497.1,2346
2026-03-11 10:15:00,1497.1,1499.0,1495.7,1497.8,894
2026-03-11 10:25:00,1497.8,1515.5,1497.8,1513.9,7130
2026-03-11 10:35:00,1513.9,1513.9,1509.0,1513.0,4231
2026-03-11 10:45:00,1513.0,1522.5,1510.0,1521.0,3479
2026-03-11 10:55:00,1521.0,1524.8,1517.9,1521.9,3671
2026-03-11 11:05:00,1521.9,1527.4,1521.0,1524.4,5258
2026-03-11 11:15:00,1524.4,1533.0,1516.0,1527.1,12571
2026-03-11 11:25:00,1527.1,1528.1,1525.0,1525.4,2150
2026-03-11 11:35:00,1527.4,1531.0,1525.6,1526.5,9145
2026-03-11 11:45:00,1526.5,1528.9,1526.5,1527.9,1594
2026-03-11 11:55:00,1527.9,1532.5,1525.6,1532.5,4508
2026-03-11 12:05:00,1532.5,1534.0,1530.0,1531.3,2116
2026-03-11 12:15:00,1531.3,1535.9,1530.8,1531.5,2638
2026-03-11 12:25:00,1531.5,1535.6,1531.5,1534.2,1944
2026-03-11 12:35:00,1534.2,1534.2,1532.5,1532.5,982
2026-03-11 12:45:00,1532.5,1533.5,1528.0,1530.1,2152
2026-03-11 12:55:00,1530.1,1531.9,1529.5,1531.1,618
2026-03-11 13:05:00,1531.1,1531.9,1530.1,1531.3,570
2026-03-11 13:15:00,1531.3,1534.2,1528.1,1534.2,3204
2026-03-11 13:25:00,1533.2,1544.8,1533.2,1541.2,9571
2026-03-11 13:35:00,1541.2,1542.9,1532.7,1536.6,7021
2026-03-11 13:45:00,1536.6,1549.8,1536.6,1541.0,21325
2026-03-11 13:55:00,1540.4,1542.0,1538.1,1541.8,4187
2026-03-11 14:05:00,1541.8,1544.0,1538.5,1541.2,4612
2026-03-11 14:15:00,1541.2,1543.1,1538.1,1542.0,7109
2026-03-11 14:25:00,1542.0,1548.6,1537.2,1545.4,3764
2026-03-11 14:35:00,1545.4,1546.0,1541.8,1546.0,4501
2026-03-11 14:45:00,1545.9,1546.9,1543.5,1544.9,1915
2026-03-11 14:55:00,1544.9,1545.7,1541.1,1542.9,3330
2026-03-11 15:05:00,1542.5,1544.7,1536.1,1537.5,7305
2026-03-11 15:15:00,1537.4,1542.0,1528.0,1529.2,11783
2026-03-11 15:25:00,1528.0,1529.9,1525.0,1527.0,12494
2026-03-12 09:15:00,1549.6,1549.6,1519.6,1542.7,19505
2026-03-12 09:25:00,1543.1,1549.2,1533.7,1539.8,11323
2026-03-12 09:35:00,1539.8,1540.5,1529.7,1533.1,11344
2026-03-12 09:45:00,1533.1,1539.7,1531.7,1535.8,5951
2026-03-12 09:55:00,1535.8,1539.7,1533.2,1538.0,4694
2026-03-12 10:05:00,1538.0,1546.4,1534.2,1534.5,4642
2026-03-12 10:15:00,1534.5,1537.4,1533.0,1535.0,3139
2026-03-12 10:25:00,1535.0,1538.0,1532.7,1535.0,1406
2026-03-12 10:35:00,1535.0,1540.5,1535.0,1537.0,2408
2026-03-12 10:45:00,1537.0,1537.6,1533.3,1535.1,1492
2026-03-12 10:55:00,1535.1,1539.6,1535.1,1538.2,21189
2026-03-12 11:05:00,1538.2,1542.4,1538.0,1541.6,1305
2026-03-12 11:15:00,1541.5,1542.9,1533.6,1538.4,4694
2026-03-12 11:25:00,1538.5,1544.3,1537.2,1538.7,2088
2026-03-12 11:35:00,1538.7,1544.4,1537.9,1539.8,27707
2026-03-12 11:45:00,1539.0,1542.5,1539.0,1542.1,4119
2026-03-12 11:55:00,1541.7,1542.3,1540.0,1540.2,1587
2026-03-12 12:05:00,1540.0,1543.8,1540.0,1542.2,2961
2026-03-12 12:15:00,1542.1,1545.7,1541.2,1544.2,4329
2026-03-12 12:25:00,1544.2,1551.4,1544.2,1547.2,9318
2026-03-12 12:35:00,1547.2,1553.8,1546.0,1550.6,10599
2026-03-12 12:45:00,1550.6,1558.5,1550.0,1554.5,8721
2026-03-12 12:55:00,1554.5,1557.5,1550.0,1553.7,6005
2026-03-12 13:05:00,1553.7,1557.8,1550.1,1557.4,2910
2026-03-12 13:15:00,1557.4,1562.0,1550.0,1553.8,8680
2026-03-12 13:25:00,1554.2,1557.1,1551.0,1552.5,3894
2026-03-12 13:35:00,1552.5,1554.2,1544.8,1547.1,5732
2026-03-12 13:45:00,1547.7,1551.9,1545.3,1550.1,5679
2026-03-12 13:55:00,1550.1,1551.2,1550.0,1550.3,4787
2026-03-12 14:05:00,1550.5,1551.2,1550.0,1550.3,3818
2026-03-12 14:15:00,1550.5,1551.9,1550.0,1550.4,3587
2026-03-12 14:25:00,1551.6,1553.3,1550.0,1551.0,5025
2026-03-12 14:35:00,1551.0,1552.5,1550.0,1550.1,5046
2026-03-12 14:45:00,1550.7,1551.0,1550.0,1550.4,7423
2026-03-12 14:55:00,1551.6,1556.5,1550.1,1556.5,8557
2026-03-12 15:05:00,1556.5,1563.6,1556.2,1558.8,15610
2026-03-12 15:15:00,1558.7,1566.6,1557.4,1564.7,21135
2026-03-12 15:25:00,1565.1,1566.8,1563.4,1565.7,5292
2026-03-13 09:15:00,1567.0,1576.7,1541.1,1541.8,17098
2026-03-13 09:25:00,1543.8,1544.0,1537.4,1540.0,2259
2026-03-13 09:35:00,1540.0,1568.0,1538.3,1565.0,8105
2026-03-13 09:45:00,1565.9,1569.9,1557.4,1563.8,6522
2026-03-13 09:55:00,1563.8,1567.9,1560.0,1566.6,3159
2026-03-13 10:05:00,1566.6,1566.6,1561.8,1566.4,2256
2026-03-13 10:15:00,1565.2,1575.0,1560.0,1568.7,12170
2026-03-13 10:25:00,1568.7,1568.8,1560.0,1561.0,6823
2026-03-13 10:35:00,1560.0,1574.0,1560.0,1573.8,4507
2026-03-13 10:45:00,1573.8,1575.4,1548.1,1549.0,7709
2026-03-13 10:55:00,1547.1,1557.9,1545.7,1556.0,7009
2026-03-13 11:05:00,1553.7,1555.7,1545.8,1552.9,57092
2026-03-13 11:15:00,1553.6,1557.1,1550.8,1556.0,1849
2026-03-13 11:25:00,1556.0,1565.2,1556.0,1561.0,9020
2026-03-13 11:35:00,1561.0,1562.1,1557.5,1558.2,1783
2026-03-13 11:45:00,1558.2,1560.6,1555.0,1559.9,7675
2026-03-13 11:55:00,1559.9,1560.0,1556.2,1557.0,1388
2026-03-13 12:05:00,1557.0,1559.3,1555.7,1557.0,3302
2026-03-13 12:15:00,1557.0,1558.7,1555.0,1556.4,1894
2026-03-13 12:25:00,1556.5,1558.1,1554.4,1556.0,1473
2026-03-13 12:35:00,1555.0,1557.0,1554.9,1557.0,1045
2026-03-13 12:45:00,1557.0,1562.9,1555.6,1561.0,11091
2026-03-13 12:55:00,1561.0,1561.0,1555.9,1557.9,1637
2026-03-13 13:05:00,1557.9,1558.2,1555.2,1556.7,4176
2026-03-13 13:15:00,1556.7,1558.7,1555.1,1557.7,1406
2026-03-13 13:25:00,1557.7,1561.0,1555.1,1557.0,3422
2026-03-13 13:35:00,1557.0,1562.0,1555.0,1561.5,6791
2026-03-13 13:45:00,1561.5,1561.6,1555.0,1556.1,238336
2026-03-13 13:55:00,1556.1,1561.0,1555.0,1559.6,8861
2026-03-13 14:05:00,1559.6,1574.0,1558.5,1572.9,10836
2026-03-13 14:15:00,1573.0,1575.0,1561.8,1565.4,7864
2026-03-13 14:25:00,1565.1,1567.3,1557.7,1561.0,7012
2026-03-13 14:35:00,1561.0,1562.7,1556.1,1558.1,6233
2026-03-13 14:45:00,1559.5,1559.5,1544.0,1548.5,56374
2026-03-13 14:55:00,1548.5,1560.0,1548.0,1556.5,5750
2026-03-13 15:05:00,1556.5,1561.0,1554.1,1560.3,13429
2026-03-13 15:15:00,1561.0,1563.1,1560.2,1563.0,33380
2026-03-13 15:25:00,1563.0,1575.0,1560.6,1570.0,9839
2026-03-16 09:15:00,1565.6,1568.8,1542.1,1542.1,14922
2026-03-16 09:25:00,1545.6,1545.6,1534.1,1535.0,6783
2026-03-16 09:35:00,1536.6,1557.2,1535.8,1546.9,10604
2026-03-16 09:45:00,1546.9,1554.7,1546.1,1551.9,3791
2026-03-16 09:55:00,1551.9,1560.7,1545.4,1559.0,4339
2026-03-16 10:05:00,1557.0,1564.4,1554.3,1556.5,6101
2026-03-16 10:15:00,1556.5,1558.6,1541.1,1543.6,7037
2026-03-16 10:25:00,1543.6,1550.0,1541.1,1545.0,4585
2026-03-16 10:35:00,1545.0,1554.6,1541.1,1545.7,4970
2026-03-16 10:45:00,1545.7,1550.9,1541.0,1548.8,3980
2026-03-16 10:55:00,1548.8,1551.0,1544.2,1545.0,2204
2026-03-16 11:05:00,1544.9,1548.0,1544.1,1546.9,2413
2026-03-16 11:15:00,1546.9,1553.6,1546.1,1550.3,1424
2026-03-16 11:25:00,1551.2,1551.2,1546.7,1547.4,632
2026-03-16 11:35:00,1547.3,1550.9,1545.0,1546.6,3215
2026-03-16 11:45:00,1546.6,1550.0,1546.0,1546.2,1144
2026-03-16 11:55:00,1546.2,1549.1,1545.1,1546.3,1581
2026-03-16 12:05:00,1546.3,1551.9,1545.7,1547.5,832
2026-03-16 12:15:00,1547.5,1549.1,1546.3,1549.0,734
2026-03-16 12:25:00,1548.1,1549.3,1542.1,1544.9,1180
2026-03-16 12:35:00,1544.9,1547.4,1544.6,1545.1,1169
2026-03-16 12:45:00,1545.1,1552.0,1543.1,1549.2,3059
2026-03-16 12:55:00,1550.0,1574.5,1550.0,1571.8,12117
2026-03-16 13:05:00,1571.8,1572.8,1565.0,1568.5,9899
2026-03-16 13:15:00,1569.4,1571.9,1560.1,1567.1,9254
2026-03-16 13:25:00,1568.5,1570.9,1565.1,1567.6,6406
2026-03-16 13:35:00,1567.6,1569.9,1553.0,1561.2,8060
2026-03-16 13:45:00,1560.5,1565.9,1559.4,1563.9,4424
2026-03-16 13:55:00,1563.6,1567.1,1558.1,1561.1,4481
2026-03-16 14:05:00,1561.1,1561.1,1554.9,1556.2,4139
2026-03-16 14:15:00,1556.2,1558.9,1551.9,1552.8,4533
2026-03-16 14:25:00,1552.4,1555.2,1551.1,1554.2,1407
2026-03-16 14:35:00,1554.2,1561.2,1553.0,1559.2,1618
2026-03-16 14:45:00,1559.9,1568.0,1559.0,1564.4,2486
2026-03-16 14:55:00,1564.0,1566.1,1551.8,1561.1,4342
2026-03-16 15:05:00,1560.8,1564.0,1555.1,1556.1,6727
2026-03-16 15:15:00,1556.7,1559.5,1551.8,1558.9,9786
2026-03-16 15:25:00,1558.9,1559.0,1555.0,1555.0,3978
2026-03-17 09:15:00,1569.9,1590.0,1560.1,1586.8,21040
2026-03-17 09:25:00,1585.2,1594.0,1580.1,1590.9,21590
2026-03-17 09:35:00,1590.7,1598.0,1587.2,1591.8,29845
2026-03-17 09:45:00,1592.3,1617.9,1589.3,1607.0,66229
2026-03-17 09:55:00,1605.7,1624.0,1604.0,1607.7,38869
2026-03-17 10:05:00,1607.0,1608.0,1584.5,1600.2,39683
2026-03-17 10:15:00,1600.2,1604.1,1598.0,1600.0,13989
2026-03-17 10:25:00,1600.0,1601.6,1598.1,1599.9,8589
2026-03-17 10:35:00,1600.8,1605.0,1591.9,1592.9,15862
2026-03-17 10:45:00,1592.2,1594.3,1580.0,1582.8,19804
2026-03-17 10:55:00,1582.8,1589.8,1582.1,1588.8,10951
2026-03-17 11:05:00,1589.0,1590.6,1578.0,1578.9,10071
2026-03-17 11:15:00,1578.9,1581.4,1577.6,1580.0,14662
2026-03-17 11:25:00,1579.2,1581.5,1577.4,1579.9,6796
2026-03-17 11:35:00,1579.9,1580.0,1573.2,1576.8,10734
2026-03-17 11:45:00,1576.9,1578.7,1574.0,1577.3,5294
2026-03-17 11:55:00,1577.2,1580.0,1573.6,1576.7,8382
2026-03-17 12:05:00,1577.0,1579.9,1574.5,1578.7,6439
2026-03-17 12:15:00,1579.0,1580.0,1577.2,1578.8,4757
2026-03-17 12:25:00,1577.2,1580.0,1576.0,1579.2,6197
2026-03-17 12:35:00,1579.2,1580.0,1577.1,1579.7,8660
2026-03-17 12:45:00,1579.7,1580.0,1577.0,1580.0,7063
2026-03-17 12:55:00,1579.8,1580.0,1578.1,1579.6,7227
2026-03-17 13:05:00,1580.0,1580.0,1576.8,1579.6,6532
2026-03-17 13:15:00,1579.1,1580.0,1578.2,1579.4,7182
2026-03-17 13:25:00,1579.4,1580.0,1573.1,1576.7,6493
2026-03-17 13:35:00,1576.9,1578.0,1574.6,1576.1,2416
2026-03-17 13:45:00,1576.0,1579.4,1576.0,1579.4,4825
2026-03-17 13:55:00,1579.0,1579.0,1571.5,1576.3,3719
2026-03-17 14:05:00,1576.3,1578.0,1575.0,1576.4,3232
2026-03-17 14:15:00,1576.4,1578.0,1575.2,1578.0,2702
2026-03-17 14:25:00,1577.0,1578.0,1576.1,1577.0,3113
2026-03-17 14:35:00,1577.0,1578.0,1576.0,1577.0,2785
2026-03-17 14:45:00,1577.0,1580.0,1576.5,1578.0,7691
2026-03-17 14:55:00,1577.7,1577.7,1575.0,1577.7,7728
2026-03-17 15:05:00,1576.0,1576.6,1566.6,1567.8,26546
2026-03-17 15:15:00,1567.8,1570.0,1552.5,1555.0,15994
2026-03-17 15:25:00,1554.2,1555.9,1545.5,1545.7,12396
2026-03-18 09:15:00,1560.0,1562.1,1540.7,1548.3,11357
2026-03-18 09:25:00,1548.3,1555.0,1546.9,1554.0,2217
2026-03-18 09:35:00,1554.0,1555.1,1546.9,1549.1,3850
2026-03-18 09:45:00,1549.4,1550.6,1535.5,1537.6,6288
2026-03-18 09:55:00,1538.1,1539.0,1526.7,1532.6,10939
2026-03-18 10:05:00,1535.9,1540.7,1535.9,1538.6,4843
2026-03-18 10:15:00,1538.6,1539.6,1537.7,1539.0,1805
2026-03-18 10:25:00,1539.8,1542.3,1537.2,1538.8,2792
2026-03-18 10:35:00,1538.8,1541.4,1537.3,1538.7,1616
2026-03-18 10:45:00,1538.7,1541.2,1538.4,1539.5,1739
2026-03-18 10:55:00,1539.5,1539.5,1537.1,1538.0,3288
2026-03-18 11:05:00,1538.0,1540.5,1537.9,1538.2,904
2026-03-18 11:15:00,1538.2,1539.7,1533.8,1538.0,5654
2026-03-18 11:25:00,1538.0,1539.0,1537.1,1538.9,749
2026-03-18 11:35:00,1538.9,1540.5,1536.3,1538.6,2498
2026-03-18 11:45:00,1538.6,1540.3,1536.3,1538.8,1785
2026-03-18 11:55:00,1538.8,1539.0,1536.4,1537.7,940
2026-03-18 12:05:00,1537.7,1539.0,1536.3,1538.2,2514
2026-03-18 12:15:00,1538.2,1538.2,1535.2,1535.2,2455
2026-03-18 12:25:00,1535.2,1538.4,1535.2,1536.9,1130
2026-03-18 12:35:00,1536.9,1541.8,1535.0,1540.0,7645
2026-03-18 12:45:00,1541.7,1549.0,1539.9,1545.5,40262
2026-03-18 12:55:00,1545.0,1548.0,1542.2,1545.8,8575
2026-03-18 13:05:00,1545.1,1546.5,1542.0,1545.3,4977
2026-03-18 13:15:00,1543.7,1546.4,1543.0,1545.7,4738
2026-03-18 13:25:00,1544.5,1547.0,1543.5,1546.1,4707
2026-03-18 13:35:00,1546.7,1547.7,1544.1,1546.0,4502
2026-03-18 13:45:00,1546.2,1547.4,1543.0,1544.5,5106
2026-03-18 13:55:00,1543.7,1545.0,1541.0,1541.4,6582
2026-03-18 14:05:00,1541.8,1543.6,1539.2,1542.5,6073
2026-03-18 14:15:00,1542.5,1543.9,1540.7,1542.0,5129
2026-03-18 14:25:00,1542.0,1544.0,1540.0,1541.7,5984
2026-03-18 14:35:00,1542.1,1549.5,1540.2,1542.3,11279
2026-03-18 14:45:00,1542.3,1546.5,1541.4,1545.0,6042
2026-03-18 14:55:00,1544.3,1546.7,1539.3,1540.2,7262
2026-03-18 15:05:00,1540.2,1541.0,1539.8,1540.2,8071
2026-03-18 15:15:00,1540.1,1549.9,1539.3,1540.0,24666
2026-03-18 15:25:00,1540.1,1552.0,1540.0,1551.9,21625
2026-03-19 09:15:00,1517.6,1533.0,1517.6,1529.8,6606
2026-03-19 09:25:00,1529.8,1529.8,1509.1,1512.5,6310
2026-03-19 09:35:00,1512.5,1513.8,1510.0,1512.1,2182
2026-03-19 09:45:00,1512.1,1517.5,1512.1,1517.1,1123
2026-03-19 09:55:00,1517.1,1522.1,1514.0,1520.8,4005
2026-03-19 10:05:00,1520.8,1530.1,1520.8,1529.9,2104
2026-03-19 10:15:00,1529.9,1533.8,1528.0,1533.0,2848
2026-03-19 10:25:00,1533.0,1538.9,1532.5,1538.6,3013
2026-03-19 10:35:00,1538.6,1540.4,1536.2,1538.6,1257
2026-03-19 10:45:00,1538.6,1541.1,1535.2,1540.7,1070
2026-03-19 10:55:00,1541.3,1544.8,1540.6,1542.4,1122
2026-03-19 11:05:00,1542.4,1542.4,1539.6,1540.3,345
2026-03-19 11:15:00,1540.3,1570.1,1540.3,1569.2,10205
2026-03-19 11:25:00,1570.0,1579.9,1566.0,1577.0,28523
2026-03-19 11:35:00,1576.9,1585.0,1576.2,1581.5,18740
2026-03-19 11:45:00,1581.5,1586.0,1571.6,1578.0,27419
2026-03-19 11:55:00,1578.6,1579.9,1550.0,1557.8,32939
2026-03-19 12:05:00,1556.7,1565.2,1551.0,1565.2,9156
2026-03-19 12:15:00,1565.0,1565.0,1547.1,1550.0,9843
2026-03-19 12:25:00,1549.0,1559.2,1549.0,1558.2,5846
2026-03-19 12:35:00,1558.2,1560.8,1552.6,1559.2,5276
2026-03-19 12:45:00,1559.2,1563.2,1556.0,1557.9,5544
2026-03-19 12:55:00,1557.8,1561.8,1557.8,1558.9,2501
2026-03-19 13:05:00,1558.9,1560.0,1555.3,1556.7,4466
2026-03-19 13:15:00,1556.7,1560.0,1555.0,1557.0,3761
2026-03-19 13:25:00,1557.0,1560.0,1547.0,1547.0,4623
2026-03-19 13:35:00,1547.0,1549.5,1543.3,1548.4,2547
2026-03-19 13:45:00,1548.4,1549.5,1534.0,1535.8,4683
2026-03-19 13:55:00,1535.8,1547.5,1535.8,1540.8,5221
2026-03-19 14:05:00,1542.5,1542.8,1538.6,1540.0,2773
2026-03-19 14:15:00,1540.0,1540.9,1530.0,1536.9,6155
2026-03-19 14:25:00,1536.9,1540.4,1534.6,1538.2,2658
2026-03-19 14:35:00,1538.2,1541.0,1537.1,1541.0,4332
2026-03-19 14:45:00,1541.8,1541.8,1538.2,1539.2,3746
2026-03-19 14:55:00,1539.2,1541.0,1538.6,1539.6,3699
2026-03-19 15:05:00,1540.9,1560.0,1536.2,1539.9,19156
2026-03-19 15:15:00,1539.9,1542.0,1536.7,1540.0,5327
2026-03-19 15:25:00,1539.9,1540.0,1535.1,1540.0,2368
2026-03-20 09:15:00,1540.0,1555.0,1534.0,1551.9,4939
2026-03-20 09:25:00,1551.9,1554.0,1541.7,1548.4,3493
2026-03-20 09:35:00,1548.6,1553.0,1542.2,1544.5,2130
2026-03-20 09:45:00,1544.5,1545.9,1541.3,1544.3,2265
2026-03-20 09:55:00,1544.3,1548.5,1542.8,1545.0,1787
2026-03-20 10:05:00,1545.0,1548.7,1542.3,1545.4,1027
2026-03-20 10:15:00,1545.4,1545.4,1531.1,1531.6,3160
2026-03-20 10:25:00,1531.6,1536.3,1528.2,1531.6,4368
2026-03-20 10:35:00,1531.6,1531.6,1525.3,1527.1,1442
2026-03-20 10:45:00,1527.1,1533.1,1527.1,1530.0,7385
2026-03-20 10:55:00,1530.0,1530.0,1525.6,1527.7,1816
2026-03-20 11:05:00,1527.8,1530.0,1526.5,1528.3,1152
2026-03-20 11:15:00,1527.5,1530.6,1527.5,1529.9,1550
2026-03-20 11:25:00,1529.9,1530.1,1528.8,1529.3,838
2026-03-20 11:35:00,1529.3,1529.8,1528.9,1529.0,462
2026-03-20 11:45:00,1529.0,1531.0,1525.2,1528.3,3021
2026-03-20 11:55:00,1528.3,1528.3,1526.2,1527.8,515
2026-03-20 12:05:00,1527.8,1529.0,1524.0,1526.4,1839
2026-03-20 12:15:00,1526.5,1529.4,1521.0,1522.4,4034
2026-03-20 12:25:00,1522.4,1522.7,1520.2,1522.0,1173
2026-03-20 12:35:00,1522.0,1527.3,1521.0,1525.9,2109
2026-03-20 12:45:00,1525.9,1525.9,1522.4,1525.9,890
2026-03-20 12:55:00,1526.6,1527.1,1523.1,1524.6,1300
2026-03-20 13:05:00,1524.6,1525.8,1523.1,1524.5,879
2026-03-20 13:15:00,1524.4,1524.5,1522.1,1523.2,984
2026-03-20 13:25:00,1523.2,1528.9,1522.9,1527.1,1359
2026-03-20 13:35:00,1527.1,1527.6,1523.0,1524.3,1402
2026-03-20 13:45:00,1523.8,1524.4,1522.0,1524.1,802
2026-03-20 13:55:00,1524.1,1524.4,1518.2,1522.3,3929
2026-03-20 14:05:00,1522.3,1524.4,1517.4,1519.1,2603
2026-03-20 14:15:00,1517.9,1519.5,1516.2,1519.3,1877
2026-03-20 14:25:00,1519.2,1519.9,1517.3,1519.3,1444
2026-03-20 14:35:00,1519.3,1519.8,1513.1,1514.8,4465
2026-03-20 14:45:00,1514.8,1514.8,1508.0,1510.0,5973
2026-03-20 14:55:00,1509.8,1543.3,1505.5,1542.9,33079
2026-03-20 15:05:00,1543.5,1561.7,1542.5,1560.0,29716
2026-03-20 15:15:00,1560.0,1575.8,1527.0,1529.8,42487
2026-03-20 15:25:00,1529.7,1531.7,1527.0,1527.0,12203
2026-03-23 09:15:00,1543.6,1543.6,1510.5,1516.1,5204
2026-03-23 09:25:00,1517.3,1521.2,1514.1,1515.6,3630
2026-03-23 09:35:00,1515.6,1515.8,1509.0,1511.9,2130
2026-03-23 09:45:00,1511.9,1512.0,1506.2,1506.2,1587
2026-03-23 09:55:00,1506.2,1509.0,1505.1,1505.3,1614
2026-03-23 10:05:00,1505.3,1506.8,1495.0,1496.4,6557
2026-03-23 10:15:00,1496.4,1499.5,1495.9,1497.5,1023
2026-03-23 10:25:00,1497.5,1499.8,1495.9,1498.7,935
2026-03-23 10:35:00,1498.7,1500.0,1488.9,1489.7,3183
2026-03-23 10:45:00,1489.7,1511.5,1488.3,1509.8,7648
2026-03-23 10:55:00,1509.8,1514.8,1507.6,1512.7,1670
2026-03-23 11:05:00,1512.7,1517.7,1510.7,1514.2,1350
2026-03-23 11:15:00,1512.6,1513.8,1509.8,1510.4,687
2026-03-23 11:25:00,1510.4,1517.2,1509.9,1512.3,2044
2026-03-23 11:35:00,1515.3,1515.3,1510.4,1513.9,501
2026-03-23 11:45:00,1513.9,1516.5,1511.1,1516.5,307
2026-03-23 11:55:00,1516.2,1522.1,1510.4,1516.3,11225
2026-03-23 12:05:00,1516.3,1525.9,1513.3,1522.2,5024
2026-03-23 12:15:00,1522.2,1525.0,1520.0,1520.0,1469
2026-03-23 12:25:00,1520.0,1524.3,1519.9,1522.8,308
2026-03-23 12:35:00,1522.8,1524.4,1520.6,1520.7,644
2026-03-23 12:45:00,1520.7,1522.0,1517.1,1517.8,1015
2026-03-23 12:55:00,1517.8,1522.0,1517.8,1518.1,2091
2026-03-23 13:05:00,1518.1,1521.0,1516.5,1520.1,1151
2026-03-23 13:15:00,1521.0,1521.0,1518.3,1520.8,1624
2026-03-23 13:25:00,1520.8,1521.0,1519.4,1519.6,1783
2026-03-23 13:35:00,1519.6,1523.0,1519.6,1522.0,3602
2026-03-23 13:45:00,1522.0,1525.2,1522.0,1523.1,1486
2026-03-23 13:55:00,1523.1,1527.1,1523.1,1525.6,764
2026-03-23 14:05:00,1525.6,1527.0,1523.3,1526.4,1052
2026-03-23 14:15:00,1526.4,1529.8,1525.2,1526.3,1045
2026-03-23 14:25:00,1526.3,1526.6,1518.8,1520.0,7859
2026-03-23 14:35:00,1520.0,1521.0,1519.2,1521.0,5637
2026-03-23 14:45:00,1521.0,1521.0,1519.3,1520.0,2223
2026-03-23 14:55:00,1520.1,1521.0,1519.9,1520.0,3070
2026-03-23 15:05:00,1520.9,1521.2,1519.6,1521.1,26240
2026-03-23 15:15:00,1521.0,1544.0,1519.8,1543.9,40508
2026-03-23 15:25:00,1544.9,1550.0,1518.1,1520.0,17846
2026-03-24 09:15:00,1550.0,1550.9,1526.2,1528.1,4136
2026-03-24 09:25:00,1528.1,1534.2,1522.1,1524.3,3345
2026-03-24 09:35:00,1525.0,1525.0,1517.0,1518.3,1246
2026-03-24 09:45:00,1518.3,1519.8,1515.2,1517.6,1732
2026-03-24 09:55:00,1518.9,1520.2,1516.2,1516.2,1548
2026-03-24 10:05:00,1516.2,1519.4,1515.6,1516.2,543
2026-03-24 10:15:00,1516.2,1520.0,1512.8,1514.7,2017
2026-03-24 10:25:00,1514.7,1519.8,1514.7,1518.6,1923
2026-03-24 10:35:00,1518.6,1519.1,1516.1,1517.9,1457
2026-03-24 10:45:00,1517.9,1518.9,1515.0,1515.2,2582
2026-03-24 10:55:00,1515.2,1517.2,1514.5,1516.3,380
2026-03-24 11:05:00,1516.3,1518.0,1514.1,1514.6,1118
2026-03-24 11:15:00,1514.6,1516.8,1514.6,1515.0,812
2026-03-24 11:25:00,1515.0,1515.0,1504.2,1515.0,8661
2026-03-24 11:35:00,1515.0,1519.9,1512.8,1512.8,3600
2026-03-24 11:45:00,1512.8,1517.9,1512.8,1516.7,6898
2026-03-24 11:55:00,1516.7,1517.8,1515.1,1515.8,602
2026-03-24 12:05:00,1515.8,1517.9,1515.0,1516.4,1191
2026-03-24 12:15:00,1516.4,1518.3,1516.2,1517.3,604
2026-03-24 12:25:00,1518.2,1519.9,1516.2,1517.7,3260
2026-03-24 12:35:00,1517.7,1522.5,1517.4,1520.0,2563
2026-03-24 12:45:00,1520.0,1521.6,1518.5,1519.0,1897
2026-03-24 12:55:00,1519.0,1519.9,1517.0,1517.4,1259
2026-03-24 13:05:00,1517.4,1518.0,1515.0,1515.9,1302
2026-03-24 13:15:00,1515.4,1523.9,1515.1,1522.0,6879
2026-03-24 13:25:00,1522.0,1524.9,1520.7,1522.7,890
2026-03-24 13:35:00,1522.2,1528.0,1517.1,1520.3,2868
2026-03-24 13:45:00,1521.6,1525.0,1518.2,1523.3,2800
2026-03-24 13:55:00,1523.7,1526.0,1522.4,1524.7,4344
2026-03-24 14:05:00,1524.6,1525.0,1521.5,1522.0,1448
2026-03-24 14:15:00,1522.0,1525.0,1522.0,1522.6,1658
2026-03-24 14:25:00,1522.3,1524.3,1520.8,1523.0,1392
2026-03-24 14:35:00,1523.0,1524.3,1518.7,1519.3,1932
2026-03-24 14:45:00,1519.3,1546.0,1518.5,1546.0,15663
2026-03-24 14:55:00,1546.7,1549.9,1528.5,1529.7,15776
2026-03-24 15:05:00,1529.6,1530.0,1521.6,1527.3,4501
2026-03-24 15:15:00,1527.2,1527.8,1522.2,1523.0,4906
2026-03-24 15:25:00,1522.7,1523.0,1518.1,1523.0,3475
2026-03-25 09:15:00,1530.8,1545.5,1527.0,1543.8,3934
2026-03-25 09:25:00,1543.8,1548.8,1539.6,1542.0,3016
2026-03-25 09:35:00,1538.8,1563.9,1538.4,1559.4,12114
2026-03-25 09:45:00,1559.4,1566.7,1559.4,1564.5,5375
2026-03-25 09:55:00,1565.3,1568.6,1557.2,1562.8,7712
2026-03-25 10:05:00,1562.8,1568.2,1561.1,1565.6,4801
2026-03-25 10:15:00,1567.2,1571.1,1562.5,1562.5,6255
2026-03-25 10:25:00,1562.5,1574.2,1562.5,1573.2,5207
2026-03-25 10:35:00,1573.2,1578.3,1572.3,1576.0,10562
2026-03-25 10:45:00,1576.1,1576.5,1573.3,1574.5,5726
2026-03-25 10:55:00,1574.5,1587.3,1574.5,1584.2,13684
2026-03-25 11:05:00,1584.2,1593.0,1584.2,1592.0,9283
2026-03-25 11:15:00,1591.3,1593.4,1587.0,1590.4,8003
2026-03-25 11:25:00,1590.4,1593.0,1572.2,1574.5,12347
2026-03-25 11:35:00,1574.5,1582.8,1572.6,1581.0,9450
2026-03-25 11:45:00,1581.5,1590.0,1579.4,1587.9,7409
2026-03-25 11:55:00,1587.8,1589.0,1585.4,1587.6,6651
2026-03-25 12:05:00,1587.5,1589.8,1584.0,1586.6,7354
2026-03-25 12:15:00,1586.8,1590.4,1586.2,1589.9,8967
2026-03-25 12:25:00,1589.9,1590.0,1587.4,1590.0,388280
2026-03-25 12:35:00,1589.3,1589.6,1582.3,1582.9,6438
2026-03-25 12:45:00,1584.2,1584.2,1575.0,1576.1,7938
2026-03-25 12:55:00,1576.1,1582.3,1575.0,1582.1,9272
2026-03-25 13:05:00,1582.3,1585.7,1580.2,1584.6,8809
2026-03-25 13:15:00,1584.6,1585.5,1584.0,1584.9,6364
2026-03-25 13:25:00,1585.0,1586.1,1581.4,1583.1,6758
2026-03-25 13:35:00,1583.1,1584.7,1573.6,1575.6,9376
2026-03-25 13:45:00,1575.0,1576.8,1573.0,1575.0,6099
2026-03-25 13:55:00,1575.0,1575.4,1573.2,1575.0,4436
2026-03-25 14:05:00,1575.0,1575.1,1574.3,1574.6,5901
2026-03-25 14:15:00,1574.6,1575.2,1574.0,1574.2,4531
2026-03-25 14:25:00,1575.0,1575.0,1566.1,1566.1,5390
2026-03-25 14:35:00,1566.1,1572.5,1566.0,1571.0,1576
2026-03-25 14:45:00,1571.0,1574.8,1570.5,1573.9,2231
2026-03-25 14:55:00,1572.7,1574.5,1568.0,1572.6,3219
2026-03-25 15:05:00,1572.6,1574.4,1570.0,1570.5,10382
2026-03-25 15:15:00,1570.9,1573.9,1562.0,1570.1,13142
2026-03-25 15:25:00,1571.8,1572.0,1564.4,1571.9,8892
2026-03-27 09:15:00,1594.7,1594.7,1548.2,1557.2,16203
2026-03-27 09:25:00,1557.2,1564.4,1557.2,1563.4,5743
2026-03-27 09:35:00,1563.0,1563.0,1550.7,1552.9,2741
2026-03-27 09:45:00,1552.9,1555.9,1552.9,1553.8,434
2026-03-27 09:55:00,1553.8,1556.8,1549.2,1556.5,1545
2026-03-27 10:05:00,1556.1,1556.4,1552.9,1555.0,576
2026-03-27 10:15:00,1555.0,1555.0,1549.6,1553.2,2438
2026-03-27 10:25:00,1553.2,1556.3,1553.2,1555.5,264
2026-03-27 10:35:00,1555.5,1562.4,1555.5,1560.9,1688
2026-03-27 10:45:00,1560.9,1562.3,1559.4,1561.5,376
2026-03-27 10:55:00,1561.5,1569.9,1561.1,1566.2,2366
2026-03-27 11:05:00,1566.2,1569.4,1558.3,1558.3,1767
2026-03-27 11:15:00,1558.3,1560.8,1557.0,1560.8,759
2026-03-27 11:25:00,1560.8,1564.0,1559.2,1561.0,1610
2026-03-27 11:35:00,1561.0,1566.0,1561.0,1565.9,937
2026-03-27 11:45:00,1565.9,1566.0,1564.2,1566.0,242
2026-03-27 11:55:00,1566.0,1566.0,1562.9,1566.0,701
2026-03-27 12:05:00,1564.9,1566.0,1562.3,1563.3,2039
2026-03-27 12:15:00,1563.5,1590.0,1561.1,1583.9,16977
2026-03-27 12:25:00,1584.1,1590.9,1575.9,1588.4,11502
2026-03-27 12:35:00,1589.8,1596.4,1588.1,1593.0,14614
2026-03-27 12:45:00,1593.0,1598.0,1590.0,1591.6,14112
2026-03-27 12:55:00,1591.4,1595.0,1581.1,1585.7,14987
2026-03-27 13:05:00,1585.7,1588.0,1583.5,1585.7,5885
2026-03-27 13:15:00,1587.1,1588.3,1584.5,1586.4,8370
2026-03-27 13:25:00,1586.4,1588.4,1584.7,1588.0,7630
2026-03-27 13:35:00,1587.8,1595.5,1585.5,1587.4,10518
2026-03-27 13:45:00,1587.8,1588.2,1583.6,1586.0,5783
2026-03-27 13:55:00,1585.1,1586.3,1584.0,1585.9,5813
2026-03-27 14:05:00,1585.4,1586.5,1584.0,1586.0,5655
2026-03-27 14:15:00,1586.4,1586.5,1584.0,1586.0,5704
2026-03-27 14:25:00,1585.9,1589.3,1584.2,1586.8,9107
2026-03-27 14:35:00,1586.4,1588.4,1585.2,1587.7,7147
2026-03-27 14:45:00,1587.8,1588.4,1586.0,1587.9,7274
2026-03-27 14:55:00,1587.9,1587.9,1558.1,1566.4,20963
2026-03-27 15:05:00,1566.4,1587.3,1557.1,1584.0,29091
2026-03-27 15:15:00,1583.1,1597.9,1583.1,1594.5,50281
2026-03-27 15:25:00,1594.5,1619.5,1581.7,1594.5,29094
2026-03-30 09:15:00,1594.0,1595.1,1553.7,1556.2,28461
2026-03-30 09:25:00,1556.2,1565.0,1554.0,1564.9,11359
2026-03-30 09:35:00,1567.6,1578.2,1564.7,1576.7,13016
2026-03-30 09:45:00,1576.5,1583.1,1575.8,1582.4,7325
2026-03-30 09:55:00,1582.1,1587.4,1580.2,1586.5,7501
2026-03-30 10:05:00,1586.6,1591.5,1582.4,1590.1,6710
2026-03-30 10:15:00,1590.1,1595.2,1585.9,1592.6,12626
2026-03-30 10:25:00,1592.6,1595.9,1586.5,1591.4,9564
2026-03-30 10:35:00,1591.4,1591.6,1584.0,1587.6,13233
2026-03-30 10:45:00,1587.3,1587.4,1583.3,1585.4,8312
2026-03-30 10:55:00,1585.5,1585.9,1579.2,1582.0,13019
2026-03-30 11:05:00,1582.0,1585.0,1580.2,1580.6,7126
2026-03-30 11:15:00,1581.0,1583.8,1579.4,1582.6,6693
2026-03-30 11:25:00,1582.6,1593.7,1580.9,1591.7,10745
2026-03-30 11:35:00,1591.7,1597.0,1586.9,1588.1,8748
2026-03-30 11:45:00,1588.1,1589.2,1587.0,1588.8,8333
2026-03-30 11:55:00,1588.9,1594.0,1588.8,1590.1,12726
2026-03-30 12:05:00,1590.1,1593.1,1588.2,1589.3,6724
2026-03-30 12:15:00,1589.9,1594.0,1589.2,1592.2,8046
2026-03-30 12:25:00,1592.2,1594.0,1591.7,1592.9,5161
2026-03-30 12:35:00,1592.9,1594.4,1592.7,1593.0,8486
2026-03-30 12:45:00,1592.9,1594.1,1592.9,1593.9,6761
2026-03-30 12:55:00,1593.9,1600.7,1590.6,1599.0,14305
2026-03-30 13:05:00,1599.0,1603.3,1598.3,1601.7,9589
2026-03-30 13:15:00,1601.7,1601.8,1599.0,1599.5,6713
2026-03-30 13:25:00,1599.5,1602.0,1597.2,1601.3,6699
2026-03-30 13:35:00,1602.0,1602.0,1599.0,1600.3,6307
2026-03-30 13:45:00,1600.3,1603.4,1600.1,1601.1,6365
2026-03-30 13:55:00,1601.0,1601.0,1588.0,1591.0,12500
2026-03-30 14:05:00,1591.0,1592.7,1588.8,1592.0,7066
2026-03-30 14:15:00,1592.0,1592.0,1581.6,1584.0,10250
2026-03-30 14:25:00,1584.4,1589.2,1583.8,1588.4,5378
2026-03-30 14:35:00,1588.4,1589.9,1586.0,1587.2,6236
2026-03-30 14:45:00,1587.2,1590.9,1587.0,1589.3,8679
2026-03-30 14:55:00,1589.9,1592.4,1589.5,1590.8,4773
2026-03-30 15:05:00,1590.8,1613.9,1590.6,1602.0,58315
2026-03-30 15:15:00,1602.9,1604.6,1592.8,1595.2,42946
2026-03-30 15:25:00,1592.8,1602.0,1587.3,1602.0,21270
2026-04-01 09:15:00,1602.0,1620.0,1592.9,1603.5,34845
2026-04-01 09:25:00,1603.3,1608.0,1590.5,1590.6,15105
2026-04-01 09:35:00,1589.1,1598.0,1587.9,1597.0,8168
2026-04-01 09:45:00,1598.4,1599.9,1585.5,1590.0,9227
2026-04-01 09:55:00,1590.0,1590.0,1578.0,1578.6,10373
2026-04-01 10:05:00,1578.6,1581.8,1578.0,1579.0,6360
2026-04-01 10:15:00,1578.0,1579.0,1567.8,1567.9,8448
2026-04-01 10:25:00,1567.6,1571.5,1563.5,1571.5,6770
2026-04-01 10:35:00,1569.7,1580.1,1569.4,1573.2,7667
2026-04-01 10:45:00,1575.1,1577.4,1568.1,1568.7,6155
2026-04-01 10:55:00,1568.7,1573.6,1568.0,1572.2,4316
2026-04-01 11:05:00,1572.2,1580.0,1572.2,1576.6,4445
2026-04-01 11:15:00,1576.6,1581.8,1568.9,1569.6,7770
2026-04-01 11:25:00,1569.5,1570.6,1564.0,1564.0,5579
2026-04-01 11:35:00,1564.1,1576.6,1564.1,1574.4,5509
2026-04-01 11:45:00,1575.0,1575.7,1565.0,1572.4,55462
2026-04-01 11:55:00,1572.4,1573.9,1570.5,1573.9,3871
2026-04-01 12:05:00,1573.9,1574.0,1570.0,1570.0,5921
2026-04-01 12:15:00,1570.0,1570.0,1565.0,1566.5,6509
2026-04-01 12:25:00,1565.4,1568.5,1565.3,1566.3,4062
2026-04-01 12:35:00,1566.3,1569.9,1565.2,1566.7,4920
2026-04-01 12:45:00,1566.6,1568.0,1565.0,1566.0,4083
2026-04-01 12:55:00,1566.0,1572.3,1564.8,1570.0,4101
2026-04-01 13:05:00,1570.0,1576.2,1560.1,1562.3,25998
2026-04-01 13:15:00,1563.0,1568.4,1557.8,1560.0,33534
2026-04-01 13:25:00,1560.0,1560.6,1541.5,1542.8,50388
2026-04-01 13:35:00,1539.8,1540.0,1520.0,1532.3,24463
2026-04-01 13:45:00,1532.3,1538.2,1530.6,1536.3,8641
2026-04-01 13:55:00,1536.0,1536.0,1512.7,1524.8,31370
2026-04-01 14:05:00,1522.9,1530.0,1521.8,1527.9,7820
2026-04-01 14:15:00,1527.8,1529.7,1522.9,1526.2,4766
2026-04-01 14:25:00,1526.2,1532.4,1521.3,1524.2,8113
2026-04-01 14:35:00,1524.2,1525.3,1521.5,1522.7,3824
2026-04-01 14:45:00,1523.6,1523.8,1515.5,1516.6,10791
2026-04-01 14:55:00,1516.6,1519.9,1510.1,1512.6,20887
2026-04-01 15:05:00,1511.9,1513.6,1502.1,1505.1,19989
2026-04-01 15:15:00,1503.6,1508.8,1500.3,1506.0,29393
2026-04-01 15:25:00,1506.9,1507.6,1501.9,1507.0,15365
2026-04-02 09:15:00,1504.9,1504.9,1441.0,1452.2,29182
2026-04-02 09:25:00,1453.1,1458.6,1445.0,1454.9,7049
2026-04-02 09:35:00,1453.0,1453.1,1432.5,1450.4,13088
2026-04-02 09:45:00,1450.8,1456.4,1440.0,1441.0,7114
2026-04-02 09:55:00,1440.9,1445.0,1437.7,1443.1,3689
2026-04-02 10:05:00,1442.9,1444.7,1438.4,1443.0,1817
2026-04-02 10:15:00,1442.1,1442.6,1435.6,1438.6,1884
2026-04-02 10:25:00,1438.6,1444.3,1437.2,1442.9,2152
2026-04-02 10:35:00,1443.0,1451.3,1440.0,1450.4,3702
2026-04-02 10:45:00,1450.4,1451.9,1443.4,1446.1,4023
2026-04-02 10:55:00,1446.1,1448.7,1445.0,1447.0,485
2026-04-02 11:05:00,1447.0,1451.9,1446.2,1449.4,15744
2026-04-02 11:15:00,1449.4,1452.4,1448.1,1448.1,2149
2026-04-02 11:25:00,1448.1,1450.5,1446.1,1446.1,1325
2026-04-02 11:35:00,1446.0,1449.4,1446.0,1448.2,1753
2026-04-02 11:45:00,1448.2,1460.0,1448.2,1458.0,8730
2026-04-02 11:55:00,1457.5,1465.0,1457.0,1459.8,3047
2026-04-02 12:05:00,1459.8,1474.2,1455.9,1471.0,7023
2026-04-02 12:15:00,1472.5,1476.3,1470.0,1476.0,4649
2026-04-02 12:25:00,1474.6,1479.9,1474.6,1478.6,2783
2026-04-02 12:35:00,1476.7,1479.9,1475.6,1477.9,1481
2026-04-02 12:45:00,1477.9,1477.9,1472.1,1475.0,3284
2026-04-02 12:55:00,1475.0,1486.8,1471.7,1485.0,11211
2026-04-02 13:05:00,1485.0,1486.1,1480.6,1482.9,660
2026-04-02 13:15:00,1482.8,1498.2,1482.2,1491.9,4141
2026-04-02 13:25:00,1491.9,1492.0,1486.2,1487.5,1576
2026-04-02 13:35:00,1487.5,1499.5,1486.3,1499.0,1801
2026-04-02 13:45:00,1499.0,1502.9,1495.5,1500.3,3706
2026-04-02 13:55:00,1500.0,1502.9,1498.9,1502.3,2605
2026-04-02 14:05:00,1502.3,1503.0,1498.1,1500.3,2807
2026-04-02 14:15:00,1501.8,1509.0,1500.0,1507.0,2707
2026-04-02 14:25:00,1504.2,1505.0,1494.9,1497.5,10226
2026-04-02 14:35:00,1497.5,1497.5,1487.8,1490.1,4946
2026-04-02 14:45:00,1490.1,1495.1,1488.4,1495.1,784
2026-04-02 14:55:00,1495.1,1496.9,1492.2,1493.9,1800
2026-04-02 15:05:00,1494.2,1494.2,1483.7,1487.8,5299
2026-04-02 15:15:00,1487.8,1490.0,1483.8,1490.0,8015
2026-04-02 15:25:00,1489.9,1490.0,1480.9,1481.4,7195
2026-04-06 09:15:00,1466.0,1471.5,1426.0,1447.9,18016
2026-04-06 09:25:00,1449.9,1454.6,1445.2,1453.2,4413
2026-04-06 09:35:00,1453.2,1467.6,1453.1,1457.6,6670
2026-04-06 09:45:00,1457.6,1460.4,1448.0,1452.2,3298
2026-04-06 09:55:00,1452.2,1452.3,1446.0,1449.3,3151
2026-04-06 10:05:00,1449.3,1452.9,1447.1,1451.1,2939
2026-04-06 10:15:00,1451.4,1457.6,1450.0,1454.8,3092
2026-04-06 10:25:00,1454.8,1456.6,1447.2,1451.7,13713
2026-04-06 10:35:00,1451.7,1456.1,1449.9,1449.9,2706
2026-04-06 10:45:00,1449.9,1459.4,1448.9,1458.0,3473
2026-04-06 10:55:00,1458.0,1480.0,1453.8,1473.8,7007
2026-04-06 11:05:00,1473.8,1474.9,1470.0,1473.0,3324
2026-04-06 11:15:00,1473.0,1473.8,1470.0,1471.7,2010
2026-04-06 11:25:00,1471.6,1475.9,1470.5,1472.5,774
2026-04-06 11:35:00,1472.5,1475.0,1470.0,1472.9,1568
2026-04-06 11:45:00,1471.0,1476.5,1471.0,1476.5,2011
2026-04-06 11:55:00,1476.5,1480.4,1475.8,1477.5,1180
2026-04-06 12:05:00,1477.5,1485.7,1477.5,1479.9,2111
2026-04-06 12:15:00,1479.9,1479.9,1472.6,1476.1,571
2026-04-06 12:25:00,1476.1,1477.6,1472.0,1472.0,3761
2026-04-06 12:35:00,1472.0,1472.8,1470.4,1472.0,631
2026-04-06 12:45:00,1472.0,1472.9,1461.9,1472.0,14087
2026-04-06 12:55:00,1472.0,1472.4,1456.6,1457.0,11352
2026-04-06 13:05:00,1457.0,1457.1,1451.6,1452.2,6944
2026-04-06 13:15:00,1452.2,1452.9,1450.0,1451.8,5138
2026-04-06 13:25:00,1451.8,1451.8,1446.0,1447.3,5490
2026-04-06 13:35:00,1447.3,1456.6,1445.1,1449.1,10813
2026-04-06 13:45:00,1449.1,1449.1,1444.0,1447.5,5927
2026-04-06 13:55:00,1447.5,1450.0,1445.3,1449.2,6473
2026-04-06 14:05:00,1449.8,1451.2,1445.8,1448.7,8951
2026-04-06 14:15:00,1448.7,1452.5,1447.2,1450.0,6676
2026-04-06 14:25:00,1450.0,1450.1,1442.4,1444.2,14190
2026-04-06 14:35:00,1444.2,1445.8,1442.2,1445.2,7697
2026-04-06 14:45:00,1445.2,1445.9,1443.0,1444.1,7312
2026-04-06 14:55:00,1444.1,1457.9,1441.3,1455.9,19432
2026-04-06 15:05:00,1454.8,1459.0,1454.8,1456.6,5072
2026-04-06 15:15:00,1456.7,1459.9,1455.0,1458.9,7690
2026-04-06 15:25:00,1458.9,1458.9,1455.4,1456.5,4685
2026-04-07 09:15:00,1439.0,1475.6,1414.0,1458.5,10970
2026-04-07 09:25:00,1458.5,1461.2,1452.5,1453.5,2813
2026-04-07 09:35:00,1453.5,1464.3,1452.0,1453.2,3097
2026-04-07 09:45:00,1453.4,1454.5,1451.3,1453.2,3592
2026-04-07 09:55:00,1453.2,1455.3,1447.8,1451.7,3962
2026-04-07 10:05:00,1451.9,1469.4,1451.9,1469.4,3512
2026-04-07 10:15:00,1469.4,1471.4,1465.6,1466.2,3439
2026-04-07 10:25:00,1466.1,1466.7,1463.0,1464.1,1553
2026-04-07 10:35:00,1464.0,1465.5,1462.6,1465.2,628
2026-04-07 10:45:00,1465.3,1465.3,1459.7,1461.7,1494
2026-04-07 10:55:00,1462.0,1465.3,1459.8,1465.0,3045
2026-04-07 11:05:00,1465.3,1465.3,1460.1,1462.1,1860
2026-04-07 11:15:00,1460.6,1464.6,1460.6,1463.9,380
2026-04-07 11:25:00,1463.8,1465.6,1461.6,1463.6,1269
2026-04-07 11:35:00,1464.6,1468.0,1463.0,1464.4,2280
2026-04-07 11:45:00,1464.4,1464.4,1462.5,1463.0,211
2026-04-07 11:55:00,1463.0,1466.0,1462.8,1462.8,673
2026-04-07 12:05:00,1462.8,1464.1,1459.8,1461.1,893
2026-04-07 12:15:00,1461.1,1463.5,1460.2,1462.0,1087
2026-04-07 12:25:00,1462.0,1462.5,1450.9,1452.6,4859
2026-04-07 12:35:00,1452.6,1453.2,1447.4,1448.0,1466
2026-04-07 12:45:00,1448.0,1448.2,1444.0,1444.0,1771
2026-04-07 12:55:00,1444.0,1445.9,1443.2,1443.2,1337
2026-04-07 13:05:00,1443.2,1446.6,1441.3,1446.6,3363
2026-04-07 13:15:00,1447.5,1449.0,1441.3,1442.8,4056
2026-04-07 13:25:00,1441.3,1446.0,1440.6,1445.4,900
2026-04-07 13:35:00,1445.4,1447.0,1444.0,1444.5,552
2026-04-07 13:45:00,1444.5,1446.9,1442.5,1444.6,427
2026-04-07 13:55:00,1444.6,1445.2,1442.5,1444.4,398
2026-04-07 14:05:00,1444.4,1445.9,1443.5,1445.1,477
2026-04-07 14:15:00,1445.1,1445.8,1440.1,1441.7,1226
2026-04-07 14:25:00,1441.7,1444.6,1441.7,1444.3,614
2026-04-07 14:35:00,1444.0,1444.1,1439.0,1439.0,1445
2026-04-07 14:45:00,1439.0,1440.9,1438.3,1440.6,447
2026-04-07 14:55:00,1440.6,1444.0,1440.0,1443.5,864
2026-04-07 15:05:00,1443.5,1443.8,1440.0,1441.6,2195
2026-04-07 15:15:00,1441.6,1444.9,1439.7,1443.0,3926
2026-04-07 15:25:00,1443.0,1444.4,1435.2,1442.0,6262
2026-04-08 09:15:00,1463.5,1466.0,1445.0,1445.0,27440
2026-04-08 09:25:00,1445.0,1445.8,1436.5,1444.2,7592
2026-04-08 09:35:00,1444.2,1447.9,1430.8,1443.0,15241
2026-04-08 09:45:00,1443.0,1447.2,1436.4,1437.9,4749
2026-04-08 09:55:00,1438.1,1438.3,1434.1,1436.1,6263
2026-04-08 10:05:00,1435.1,1437.1,1427.2,1431.5,6496
2026-04-08 10:15:00,1431.7,1434.5,1429.1,1430.8,5187
2026-04-08 10:25:00,1430.8,1431.2,1428.5,1429.7,2844
2026-04-08 10:35:00,1429.9,1434.7,1429.9,1432.1,1667
2026-04-08 10:45:00,1432.1,1434.6,1432.1,1433.3,1078
2026-04-08 10:55:00,1433.3,1437.9,1433.1,1437.7,4394
2026-04-08 11:05:00,1437.7,1439.8,1435.5,1437.8,2358
2026-04-08 11:15:00,1437.8,1437.8,1434.1,1436.2,3545
2026-04-08 11:25:00,1436.2,1436.9,1432.2,1434.7,2236
2026-04-08 11:35:00,1434.7,1436.0,1432.1,1435.7,1013
2026-04-08 11:45:00,1435.7,1438.8,1433.0,1435.6,5007
2026-04-08 11:55:00,1434.6,1443.1,1434.6,1441.5,3965
2026-04-08 12:05:00,1441.5,1442.0,1439.8,1439.8,1110
2026-04-08 12:15:00,1439.8,1439.8,1438.6,1439.1,503
2026-04-08 12:25:00,1439.1,1443.7,1437.7,1442.9,92350
2026-04-08 12:35:00,1442.9,1443.3,1441.0,1442.9,26741
2026-04-08 12:45:00,1442.9,1446.9,1442.9,1446.0,3731
2026-04-08 12:55:00,1446.0,1448.0,1445.3,1446.0,734
2026-04-08 13:05:00,1446.0,1448.0,1444.2,1444.2,1238
2026-04-08 13:15:00,1444.2,1447.0,1443.3,1445.4,839
2026-04-08 13:25:00,1445.4,1448.0,1445.4,1446.1,915
2026-04-08 13:35:00,1446.1,1448.1,1445.0,1445.0,1589
2026-04-08 13:45:00,1446.5,1452.4,1445.0,1451.0,3460
2026-04-08 13:55:00,1452.1,1454.3,1450.1,1454.3,3356
2026-04-08 14:05:00,1454.0,1462.1,1454.0,1454.1,8316
2026-04-08 14:15:00,1456.0,1459.3,1454.6,1454.6,2550
2026-04-08 14:25:00,1455.8,1462.1,1454.2,1461.0,10154
2026-04-08 14:35:00,1461.0,1466.0,1461.0,1464.7,8987
2026-04-08 14:45:00,1464.7,1464.7,1441.0,1445.1,9548
2026-04-08 14:55:00,1445.1,1446.4,1441.3,1445.2,6389
2026-04-08 15:05:00,1445.3,1446.7,1444.2,1445.7,3706
2026-04-08 15:15:00,1444.7,1449.0,1442.0,1447.5,83375
2026-04-08 15:25:00,1447.4,1448.0,1445.0,1448.0,4604
2026-04-09 09:15:00,1443.7,1464.9,1443.6,1449.1,9225
2026-04-09 09:25:00,1452.0,1455.0,1442.5,1453.0,9260
2026-04-09 09:35:00,1453.0,1459.7,1452.3,1452.4,5590
2026-04-09 09:45:00,1454.5,1457.8,1450.1,1454.0,1560
2026-04-09 09:55:00,1454.9,1455.4,1450.1,1453.9,1473
2026-04-09 10:05:00,1453.9,1457.3,1453.9,1456.3,1779
2026-04-09 10:15:00,1456.6,1456.9,1454.2,1456.4,843
2026-04-09 10:25:00,1456.4,1456.4,1453.0,1453.0,806
2026-04-09 10:35:00,1453.0,1454.3,1450.9,1454.2,524
2026-04-09 10:45:00,1454.2,1456.0,1452.7,1456.0,500
2026-04-09 10:55:00,1456.0,1458.9,1454.4,1457.1,4376
2026-04-09 11:05:00,1457.1,1458.4,1455.1,1458.0,614
2026-04-09 11:15:00,1458.0,1458.0,1456.1,1458.0,447
2026-04-09 11:25:00,1457.8,1459.9,1456.8,1458.8,751
2026-04-09 11:35:00,1458.8,1461.9,1458.3,1461.6,864
2026-04-09 11:45:00,1461.6,1461.6,1460.6,1461.5,907
2026-04-09 11:55:00,1461.5,1463.9,1460.3,1461.5,3149
2026-04-09 12:05:00,1461.5,1464.0,1460.3,1464.0,925
2026-04-09 12:15:00,1464.0,1464.9,1462.9,1464.2,541
2026-04-09 12:25:00,1464.2,1464.7,1462.8,1464.5,413
2026-04-09 12:35:00,1464.5,1464.5,1461.3,1463.3,1056
2026-04-09 12:45:00,1463.5,1463.5,1456.8,1458.5,1563
2026-04-09 12:55:00,1458.5,1459.9,1454.7,1458.9,6768
2026-04-09 13:05:00,1458.9,1459.9,1458.0,1458.5,1845
2026-04-09 13:15:00,1458.5,1459.7,1454.4,1457.1,2177
2026-04-09 13:25:00,1457.1,1457.9,1452.7,1454.6,720
2026-04-09 13:35:00,1454.6,1456.0,1453.3,1453.9,852
2026-04-09 13:45:00,1453.9,1455.9,1452.1,1455.9,601
2026-04-09 13:55:00,1455.9,1456.0,1451.4,1453.0,1439
2026-04-09 14:05:00,1453.0,1453.0,1448.4,1448.8,1672
2026-04-09 14:15:00,1448.8,1450.9,1447.5,1450.3,2942
2026-04-09 14:25:00,1450.6,1450.6,1447.0,1447.1,1285
2026-04-09 14:35:00,1447.1,1447.8,1445.5,1447.3,1122
2026-04-09 14:45:00,1447.2,1448.9,1446.5,1447.4,1115
2026-04-09 14:55:00,1447.1,1450.8,1444.5,1450.8,3047
2026-04-09 15:05:00,1451.8,1453.0,1450.0,1452.0,3201
2026-04-09 15:15:00,1452.0,1452.4,1447.9,1450.6,4134
2026-04-09 15:25:00,1450.6,1450.8,1445.1,1450.0,2344
2026-04-10 09:15:00,1456.0,1460.0,1450.4,1455.1,6191
2026-04-10 09:25:00,1455.1,1466.0,1452.0,1466.0,9090
2026-04-10 09:35:00,1465.2,1465.2,1457.3,1459.6,3635
2026-04-10 09:45:00,1459.6,1461.2,1454.7,1455.3,1847
2026-04-10 09:55:00,1456.1,1456.6,1453.0,1453.0,2266
2026-04-10 10:05:00,1453.0,1455.0,1450.3,1453.8,2338
2026-04-10 10:15:00,1453.8,1459.0,1451.2,1458.3,2480
2026-04-10 10:25:00,1458.8,1459.8,1453.1,1454.3,2114
2026-04-10 10:35:00,1455.5,1456.9,1453.1,1454.1,438
2026-04-10 10:45:00,1454.6,1454.6,1451.0,1452.7,4764
2026-04-10 10:55:00,1452.9,1454.0,1450.5,1453.0,2447
2026-04-10 11:05:00,1454.1,1459.3,1452.7,1456.6,3543
2026-04-10 11:15:00,1457.3,1459.0,1455.0,1456.2,775
2026-04-10 11:25:00,1456.1,1458.9,1455.6,1457.8,379
2026-04-10 11:35:00,1458.0,1459.0,1456.1,1456.4,899
2026-04-10 11:45:00,1457.2,1457.2,1454.5,1454.9,328
2026-04-10 11:55:00,1455.1,1457.8,1454.1,1454.8,448
2026-04-10 12:05:00,1454.8,1457.3,1452.1,1456.7,793
2026-04-10 12:15:00,1456.7,1457.0,1454.5,1455.8,382
2026-04-10 12:25:00,1457.0,1457.0,1454.5,1456.2,452
2026-04-10 12:35:00,1455.4,1457.5,1455.0,1456.9,972
2026-04-10 12:45:00,1457.5,1459.8,1456.1,1456.7,1329
2026-04-10 12:55:00,1456.7,1458.3,1456.2,1456.2,501
2026-04-10 13:05:00,1456.5,1457.8,1456.1,1457.1,546
2026-04-10 13:15:00,1456.9,1457.8,1456.0,1456.7,292
2026-04-10 13:25:00,1456.7,1458.5,1456.0,1457.0,1562
2026-04-10 13:35:00,1457.0,1458.4,1452.5,1455.0,5284
2026-04-10 13:45:00,1455.0,1459.6,1455.0,1458.4,1828
2026-04-10 13:55:00,1458.4,1459.7,1456.1,1456.9,1249
2026-04-10 14:05:00,1456.9,1457.5,1455.1,1455.3,1254
2026-04-10 14:15:00,1455.5,1457.5,1454.0,1455.9,1281
2026-04-10 14:25:00,1455.9,1456.5,1454.0,1454.0,740
2026-04-10 14:35:00,1454.0,1456.0,1453.7,1454.9,822
2026-04-10 14:45:00,1455.8,1457.3,1454.0,1456.3,683
2026-04-10 14:55:00,1456.4,1459.6,1454.5,1457.9,3666
2026-04-10 15:05:00,1458.0,1458.9,1454.7,1455.7,2445
2026-04-10 15:15:00,1455.8,1457.0,1453.0,1457.0,4924
2026-04-10 15:25:00,1457.0,1457.2,1455.0,1455.5,4962
2026-04-13 09:15:00,1436.0,1453.7,1431.4,1450.2,8745
2026-04-13 09:25:00,1450.2,1454.0,1445.2,1451.2,9055
2026-04-13 09:35:00,1451.2,1452.6,1445.6,1450.8,2852
2026-04-13 09:45:00,1450.0,1453.0,1449.2,1451.2,893
2026-04-13 09:55:00,1451.2,1455.2,1450.4,1450.4,759
2026-04-13 10:05:00,1450.4,1456.8,1450.4,1453.6,2168
2026-04-13 10:15:00,1453.6,1461.9,1450.7,1460.0,2893
2026-04-13 10:25:00,1460.0,1461.1,1455.0,1455.0,1414
2026-04-13 10:35:00,1455.0,1455.3,1450.4,1453.4,1239
2026-04-13 10:45:00,1453.4,1462.9,1453.4,1459.9,3301
2026-04-13 10:55:00,1459.9,1468.0,1459.9,1465.2,4742
2026-04-13 11:05:00,1465.2,1465.6,1461.1,1462.4,1773
2026-04-13 11:15:00,1462.4,1462.4,1458.2,1459.7,1170
2026-04-13 11:25:00,1460.2,1460.7,1458.6,1458.7,1013
2026-04-13 11:35:00,1458.7,1458.7,1450.2,1450.5,5274
2026-04-13 11:45:00,1450.5,1454.0,1450.1,1452.1,3160
2026-04-13 11:55:00,1452.1,1454.0,1450.5,1453.0,2191
2026-04-13 12:05:00,1453.0,1453.0,1451.2,1451.5,578
2026-04-13 12:15:00,1452.4,1452.7,1451.3,1452.3,357
2026-04-13 12:25:00,1452.3,1452.6,1451.2,1451.5,739
2026-04-13 12:35:00,1449.7,1450.5,1446.0,1450.0,5209
2026-04-13 12:45:00,1450.0,1451.1,1448.5,1449.4,1238
2026-04-13 12:55:00,1449.4,1449.4,1443.5,1444.0,4023
2026-04-13 13:05:00,1444.0,1454.4,1444.0,1453.1,3590
2026-04-13 13:15:00,1453.2,1455.5,1450.1,1450.9,1545
2026-04-13 13:25:00,1450.9,1452.9,1450.9,1451.6,322
2026-04-13 13:35:00,1451.6,1452.0,1450.0,1451.0,2011
2026-04-13 13:45:00,1451.0,1452.8,1451.0,1451.5,669
2026-04-13 13:55:00,1451.5,1452.7,1450.1,1450.2,665
2026-04-13 14:05:00,1450.2,1454.0,1450.1,1453.1,1688
2026-04-13 14:15:00,1453.1,1454.5,1451.7,1452.1,1252
2026-04-13 14:25:00,1452.1,1452.5,1450.3,1451.7,1498
2026-04-13 14:35:00,1451.7,1452.4,1450.4,1451.0,866
2026-04-13 14:45:00,1451.0,1453.0,1450.4,1450.4,2788
2026-04-13 14:55:00,1450.4,1452.5,1450.0,1450.6,812
2026-04-13 15:05:00,1450.6,1451.5,1450.0,1450.3,3431
2026-04-13 15:15:00,1450.3,1452.7,1450.2,1452.1,3077
2026-04-13 15:25:00,1452.5,1460.0,1450.0,1460.0,7000
2026-04-15 09:15:00,1471.7,1471.8,1453.2,1454.9,3925
2026-04-15 09:25:00,1454.9,1456.7,1451.8,1454.4,6319
2026-04-15 09:35:00,1454.4,1455.5,1448.7,1452.5,3620
2026-04-15 09:45:00,1452.2,1454.3,1450.5,1453.8,1507
2026-04-15 09:55:00,1453.9,1464.3,1452.3,1462.9,6823
2026-04-15 10:05:00,1462.9,1463.8,1461.0,1462.4,3793
2026-04-15 10:15:00,1461.9,1462.5,1456.0,1456.0,2409
2026-04-15 10:25:00,1455.4,1457.3,1450.5,1451.1,5836
2026-04-15 10:35:00,1451.1,1452.7,1450.3,1450.3,2905
2026-04-15 10:45:00,1450.3,1453.2,1450.1,1451.5,2699
2026-04-15 10:55:00,1451.5,1453.6,1450.9,1450.9,3138
2026-04-15 11:05:00,1451.2,1452.4,1448.0,1448.1,5089
2026-04-15 11:15:00,1448.0,1449.7,1448.0,1448.1,1021
2026-04-15 11:25:00,1448.1,1449.0,1447.0,1449.0,1256
2026-04-15 11:35:00,1449.0,1449.5,1446.5,1448.8,2816
2026-04-15 11:45:00,1448.8,1449.9,1446.5,1449.8,2253
2026-04-15 11:55:00,1448.4,1450.2,1448.1,1448.2,1697
2026-04-15 12:05:00,1448.2,1448.9,1447.1,1447.7,2125
2026-04-15 12:15:00,1447.7,1448.5,1446.8,1446.8,569
2026-04-15 12:25:00,1446.8,1449.2,1444.1,1447.5,4006
2026-04-15 12:35:00,1447.5,1448.8,1445.7,1446.9,2172
2026-04-15 12:45:00,1446.9,1450.0,1445.9,1448.8,3290
2026-04-15 12:55:00,1448.8,1453.5,1448.8,1451.3,2810
2026-04-15 13:05:00,1451.3,1454.5,1448.0,1449.4,8153
2026-04-15 13:15:00,1449.0,1455.8,1448.7,1454.0,26393
2026-04-15 13:25:00,1454.0,1454.8,1452.0,1453.0,1385
2026-04-15 13:35:00,1453.0,1462.7,1452.5,1456.4,9272
2026-04-15 13:45:00,1456.2,1456.2,1452.2,1455.5,2765
2026-04-15 13:55:00,1455.5,1461.5,1453.8,1461.3,5064
2026-04-15 14:05:00,1461.3,1464.5,1458.1,1464.0,11805
2026-04-15 14:15:00,1464.0,1464.9,1461.7,1461.7,4339
2026-04-15 14:25:00,1461.7,1470.7,1461.1,1467.3,15718
2026-04-15 14:35:00,1467.3,1469.5,1466.1,1467.2,2572
2026-04-15 14:45:00,1467.2,1471.3,1466.1,1468.7,5400
2026-04-15 14:55:00,1470.3,1473.7,1468.4,1471.0,5288
2026-04-15 15:05:00,1470.6,1473.0,1468.9,1471.4,9971
2026-04-15 15:15:00,1472.9,1472.9,1470.0,1472.0,6292
2026-04-15 15:25:00,1472.0,1473.0,1467.4,1472.5,4632
2026-04-16 09:15:00,1474.5,1490.0,1468.9,1468.9,6440
2026-04-16 09:25:00,1468.0,1471.3,1465.0,1467.7,4403
2026-04-16 09:35:00,1468.0,1470.7,1466.0,1469.1,1624
2026-04-16 09:45:00,1469.1,1488.0,1465.2,1488.0,6627
2026-04-16 09:55:00,1487.0,1489.0,1480.8,1484.0,5454
2026-04-16 10:05:00,1483.9,1485.5,1481.4,1485.5,2022
2026-04-16 10:15:00,1485.5,1485.5,1480.8,1480.8,3270
2026-04-16 10:25:00,1480.8,1480.8,1478.2,1479.6,1831
2026-04-16 10:35:00,1480.4,1481.5,1475.1,1476.3,4524
2026-04-16 10:45:00,1476.3,1477.3,1474.3,1474.3,1347
2026-04-16 10:55:00,1474.3,1476.0,1471.1,1472.9,737
2026-04-16 11:05:00,1472.1,1477.0,1471.9,1476.3,2957
2026-04-16 11:15:00,1477.1,1477.2,1474.1,1475.4,1443
2026-04-16 11:25:00,1475.4,1475.4,1473.8,1474.0,453
2026-04-16 11:35:00,1473.9,1473.9,1465.0,1466.0,4992
2026-04-16 11:45:00,1466.2,1471.6,1463.1,1465.0,5563
2026-04-16 11:55:00,1465.0,1465.9,1463.0,1465.0,2794
2026-04-16 12:05:00,1465.0,1465.6,1463.7,1464.3,1904
2026-04-16 12:15:00,1464.3,1465.3,1458.4,1460.0,8160
2026-04-16 12:25:00,1460.0,1460.0,1456.9,1459.1,13656
2026-04-16 12:35:00,1459.1,1459.9,1457.1,1459.7,1631
2026-04-16 12:45:00,1459.7,1463.4,1457.9,1458.4,3443
2026-04-16 12:55:00,1458.4,1459.0,1455.1,1455.1,4637
2026-04-16 13:05:00,1456.5,1456.5,1454.1,1454.6,4277
2026-04-16 13:15:00,1454.6,1456.7,1454.6,1455.9,2921
2026-04-16 13:25:00,1455.9,1456.0,1454.2,1455.0,1865
2026-04-16 13:35:00,1455.0,1456.2,1453.4,1454.9,2662
2026-04-16 13:45:00,1455.0,1456.3,1454.1,1455.0,3199
2026-04-16 13:55:00,1455.0,1456.9,1454.3,1455.0,2913
2026-04-16 14:05:00,1455.0,1459.5,1455.0,1456.0,3287
2026-04-16 14:15:00,1456.0,1469.2,1454.6,1469.2,8962
2026-04-16 14:25:00,1469.0,1470.4,1465.1,1467.0,19349
2026-04-16 14:35:00,1466.9,1471.7,1466.0,1470.9,11029
2026-04-16 14:45:00,1471.3,1472.2,1458.8,1461.3,8962
2026-04-16 14:55:00,1460.0,1462.9,1456.9,1460.4,5737
2026-04-16 15:05:00,1460.3,1462.4,1458.9,1460.0,13297
2026-04-16 15:15:00,1460.7,1465.8,1460.2,1464.5,6176
2026-04-16 15:25:00,1464.5,1468.0,1461.1,1468.0,3186
2026-04-17 09:15:00,1461.0,1466.9,1459.5,1462.5,6204
2026-04-17 09:25:00,1462.5,1463.3,1456.2,1463.0,4226
2026-04-17 09:35:00,1463.0,1464.5,1461.6,1463.3,1194
2026-04-17 09:45:00,1463.3,1464.9,1461.2,1464.1,2306
2026-04-17 09:55:00,1464.1,1464.3,1462.1,1463.1,881
2026-04-17 10:05:00,1463.1,1464.2,1461.5,1462.7,839
2026-04-17 10:15:00,1463.0,1464.3,1460.0,1461.0,1646
2026-04-17 10:25:00,1461.0,1464.2,1460.2,1464.2,1392
2026-04-17 10:35:00,1464.2,1464.2,1461.5,1462.4,1838
2026-04-17 10:45:00,1462.4,1465.5,1462.0,1464.7,1637
2026-04-17 10:55:00,1464.7,1465.9,1463.2,1465.0,2900
2026-04-17 11:05:00,1465.0,1467.9,1465.0,1466.8,1838
2026-04-17 11:15:00,1466.8,1468.0,1465.1,1465.1,1083
2026-04-17 11:25:00,1465.1,1467.5,1465.0,1466.7,1144
2026-04-17 11:35:00,1466.7,1466.7,1465.0,1465.0,4684
2026-04-17 11:45:00,1465.0,1465.6,1464.5,1465.3,1433
2026-04-17 11:55:00,1465.3,1465.4,1465.0,1465.4,1472
2026-04-17 12:05:00,1465.4,1465.6,1465.0,1465.0,670
2026-04-17 12:15:00,1465.7,1465.7,1465.0,1465.0,647
2026-04-17 12:25:00,1465.0,1466.8,1465.0,1465.0,1542
2026-04-17 12:35:00,1465.0,1466.2,1465.0,1465.1,457
2026-04-17 12:45:00,1465.1,1466.6,1464.8,1466.2,2316
2026-04-17 12:55:00,1466.2,1466.2,1465.0,1465.1,487
2026-04-17 13:05:00,1465.1,1465.5,1465.0,1465.0,1088
2026-04-17 13:15:00,1465.0,1465.6,1465.0,1465.0,480
2026-04-17 13:25:00,1465.0,1466.6,1465.0,1465.0,1007
2026-04-17 13:35:00,1465.0,1465.5,1465.0,1465.0,1390
2026-04-17 13:45:00,1465.0,1465.3,1465.0,1465.0,8621
2026-04-17 13:55:00,1465.0,1465.2,1457.0,1461.2,13176
2026-04-17 14:05:00,1460.1,1462.2,1460.0,1460.9,1878
2026-04-17 14:15:00,1461.1,1466.1,1460.3,1465.1,3195
2026-04-17 14:25:00,1465.1,1467.7,1463.7,1467.5,2240
2026-04-17 14:35:00,1467.5,1470.0,1467.0,1469.3,3555
2026-04-17 14:45:00,1469.1,1470.0,1463.8,1467.4,9880
2026-04-17 14:55:00,1467.4,1468.5,1466.2,1467.3,4861
2026-04-17 15:05:00,1467.3,1467.5,1466.0,1467.0,5776
2026-04-17 15:15:00,1467.0,1469.1,1466.7,1469.0,8348
2026-04-17 15:25:00,1469.0,1475.0,1468.1,1472.9,6024
2026-04-20 09:15:00,1460.0,1473.5,1447.7,1466.2,11979
2026-04-20 09:25:00,1467.7,1480.0,1462.9,1477.7,6261
2026-04-20 09:35:00,1477.7,1481.7,1475.6,1479.3,6036
2026-04-20 09:45:00,1479.3,1483.8,1477.7,1483.8,3784
2026-04-20 09:55:00,1483.0,1487.0,1475.4,1487.0,8466
2026-04-20 10:05:00,1486.4,1487.8,1478.5,1478.7,5223
2026-04-20 10:15:00,1478.7,1481.1,1471.5,1473.3,4788
2026-04-20 10:25:00,1473.3,1476.3,1473.1,1475.1,1259
2026-04-20 10:35:00,1475.1,1488.9,1475.1,1483.8,5440
2026-04-20 10:45:00,1483.8,1484.3,1478.7,1480.6,1200
2026-04-20 10:55:00,1480.6,1485.9,1480.6,1484.1,1063
2026-04-20 11:05:00,1484.1,1485.4,1473.5,1475.0,6918
2026-04-20 11:15:00,1475.0,1476.8,1465.0,1468.1,22640
2026-04-20 11:25:00,1468.5,1470.0,1467.2,1470.0,2837
2026-04-20 11:35:00,1469.0,1470.0,1467.1,1470.0,2227
2026-04-20 11:45:00,1468.9,1470.0,1465.5,1466.0,3635
2026-04-20 11:55:00,1466.1,1467.5,1465.8,1466.8,2411
2026-04-20 12:05:00,1467.0,1467.7,1465.8,1466.0,2539
2026-04-20 12:15:00,1466.0,1469.0,1465.9,1468.3,1900
2026-04-20 12:25:00,1467.0,1469.9,1467.0,1468.6,2854
2026-04-20 12:35:00,1468.6,1469.9,1467.5,1469.6,2250
2026-04-20 12:45:00,1468.3,1469.8,1467.5,1467.5,2051
2026-04-20 12:55:00,1467.5,1468.8,1467.5,1468.0,2522
2026-04-20 13:05:00,1468.0,1469.2,1467.7,1468.0,2079
2026-04-20 13:15:00,1468.0,1469.2,1467.5,1468.0,2277
2026-04-20 13:25:00,1468.0,1468.9,1467.6,1468.0,1741
2026-04-20 13:35:00,1468.0,1468.1,1468.0,1468.0,4957
2026-04-20 13:45:00,1468.0,1469.0,1468.0,1468.4,3596
2026-04-20 13:55:00,1468.5,1469.6,1468.0,1469.3,1549
2026-04-20 14:05:00,1468.7,1469.9,1468.5,1469.0,1380
2026-04-20 14:15:00,1468.9,1469.0,1468.5,1468.5,1678
2026-04-20 14:25:00,1468.5,1470.0,1468.5,1469.0,5244
2026-04-20 14:35:00,1469.0,1469.3,1469.0,1469.2,1748
2026-04-20 14:45:00,1469.0,1469.7,1469.0,1469.0,1604
2026-04-20 14:55:00,1469.1,1469.9,1468.2,1469.7,2370
2026-04-20 15:05:00,1469.0,1470.0,1467.9,1468.6,9794
2026-04-20 15:15:00,1468.6,1469.5,1465.5,1468.8,14726
2026-04-20 15:25:00,1468.6,1470.0,1468.5,1468.5,3101
2026-04-21 09:15:00,1469.9,1480.0,1462.1,1474.7,5118
2026-04-21 09:25:00,1474.8,1476.3,1470.1,1476.3,1853
2026-04-21 09:35:00,1476.3,1477.8,1465.8,1469.7,4284
2026-04-21 09:45:00,1469.7,1475.2,1467.8,1474.9,5899
2026-04-21 09:55:00,1474.9,1475.8,1468.1,1469.1,1626
2026-04-21 10:05:00,1469.1,1475.3,1463.3,1471.4,5678
2026-04-21 10:15:00,1471.4,1475.0,1468.9,1471.6,3666
2026-04-21 10:25:00,1471.6,1474.3,1469.6,1474.3,1905
2026-04-21 10:35:00,1474.3,1474.3,1470.1,1471.8,1632
2026-04-21 10:45:00,1472.5,1473.8,1470.9,1471.6,1688
2026-04-21 10:55:00,1471.6,1473.5,1470.7,1471.2,1335
2026-04-21 11:05:00,1471.2,1473.4,1468.2,1468.9,1862
2026-04-21 11:15:00,1470.2,1489.0,1469.3,1489.0,11754
2026-04-21 11:25:00,1489.9,1491.0,1478.0,1478.6,6584
2026-04-21 11:35:00,1478.1,1482.0,1478.0,1480.5,2253
2026-04-21 11:45:00,1480.9,1481.8,1478.5,1479.4,1196
2026-04-21 11:55:00,1479.4,1481.9,1479.4,1480.0,5581
2026-04-21 12:05:00,1480.0,1481.6,1471.1,1476.5,10649
2026-04-21 12:15:00,1476.5,1478.9,1476.0,1478.0,2205
2026-04-21 12:25:00,1478.0,1479.9,1477.9,1479.7,1083
2026-04-21 12:35:00,1479.7,1479.9,1477.2,1477.2,1668
2026-04-21 12:45:00,1477.2,1478.0,1475.3,1477.1,1479
2026-04-21 12:55:00,1477.3,1479.0,1475.3,1475.4,1720
2026-04-21 13:05:00,1475.9,1477.2,1475.0,1475.9,1186
2026-04-21 13:15:00,1477.0,1477.0,1475.3,1476.2,1264
2026-04-21 13:25:00,1476.5,1478.7,1476.0,1478.3,991
2026-04-21 13:35:00,1478.3,1480.0,1477.2,1478.5,2642
2026-04-21 13:45:00,1478.5,1480.0,1478.5,1478.9,2525
2026-04-21 13:55:00,1478.9,1479.0,1473.1,1474.4,17198
2026-04-21 14:05:00,1474.4,1476.6,1473.4,1474.9,2250
2026-04-21 14:15:00,1474.9,1475.0,1473.0,1473.5,1387
2026-04-21 14:25:00,1473.5,1474.5,1473.0,1473.5,431
2026-04-21 14:35:00,1473.5,1477.9,1470.5,1473.1,14564
2026-04-21 14:45:00,1473.1,1474.4,1470.0,1473.9,3922
2026-04-21 14:55:00,1473.9,1474.5,1471.1,1473.7,2070
2026-04-21 15:05:00,1473.8,1475.8,1471.0,1474.7,19460
2026-04-21 15:15:00,1475.0,1477.4,1472.9,1475.8,8882
2026-04-21 15:25:00,1475.7,1485.0,1475.0,1485.0,37512
2026-04-22 09:15:00,1476.5,1479.9,1466.5,1470.3,4038
2026-04-22 09:25:00,1469.0,1472.7,1467.7,1472.0,2314
2026-04-22 09:35:00,1472.5,1482.7,1472.5,1480.9,2284
2026-04-22 09:45:00,1480.6,1480.6,1475.3,1478.4,887
2026-04-22 09:55:00,1478.4,1491.0,1477.0,1489.5,5406
2026-04-22 10:05:00,1489.0,1489.0,1484.2,1489.0,1559
2026-04-22 10:15:00,1489.9,1493.0,1488.5,1490.6,3645
2026-04-22 10:25:00,1490.6,1492.4,1489.8,1492.0,1326
2026-04-22 10:35:00,1492.0,1497.6,1489.9,1497.1,4538
2026-04-22 10:45:00,1495.6,1512.5,1495.6,1511.9,15272
2026-04-22 10:55:00,1511.9,1513.5,1510.0,1513.0,3618
2026-04-22 11:05:00,1512.9,1514.0,1510.1,1513.5,2480
2026-04-22 11:15:00,1513.5,1514.0,1503.9,1508.5,16619
2026-04-22 11:25:00,1506.1,1511.8,1492.0,1492.9,43581
2026-04-22 11:35:00,1492.9,1499.3,1491.2,1499.0,17740
2026-04-22 11:45:00,1500.6,1503.2,1496.3,1500.0,13223
2026-04-22 11:55:00,1500.0,1501.1,1498.0,1499.2,4834
2026-04-22 12:05:00,1499.2,1500.0,1497.3,1498.6,3188
2026-04-22 12:15:00,1498.6,1500.0,1497.9,1499.7,743
2026-04-22 12:25:00,1499.7,1500.0,1496.8,1498.2,811
2026-04-22 12:35:00,1498.2,1500.0,1497.2,1498.2,1281
2026-04-22 12:45:00,1498.2,1498.2,1491.0,1493.0,2839
2026-04-22 12:55:00,1493.0,1494.5,1484.5,1485.0,49517
2026-04-22 13:05:00,1486.0,1486.3,1482.5,1485.7,2502
2026-04-22 13:15:00,1485.7,1486.4,1483.1,1485.9,717
2026-04-22 13:25:00,1485.9,1491.4,1483.7,1491.2,1362
2026-04-22 13:35:00,1491.4,1492.2,1488.5,1488.5,224
2026-04-22 13:45:00,1489.8,1490.9,1487.7,1490.9,474
2026-04-22 13:55:00,1490.9,1492.6,1489.4,1492.1,305
2026-04-22 14:05:00,1492.1,1498.8,1490.5,1498.0,1559
2026-04-22 14:15:00,1498.0,1498.9,1494.7,1497.5,1685
2026-04-22 14:25:00,1496.0,1498.0,1496.0,1497.5,249
2026-04-22 14:35:00,1497.5,1497.5,1495.6,1496.3,387
2026-04-22 14:45:00,1496.3,1498.7,1496.2,1498.6,1120
2026-04-22 14:55:00,1498.6,1498.6,1495.6,1498.5,1861
2026-04-22 15:05:00,1498.5,1500.0,1494.3,1500.0,10543
2026-04-22 15:15:00,1500.0,1502.9,1485.9,1485.9,55581
2026-04-22 15:25:00,1488.5,1500.9,1486.3,1499.2,29499
2026-04-23 09:15:00,1494.6,1506.8,1486.3,1504.9,4536
2026-04-23 09:25:00,1504.9,1516.8,1502.0,1514.9,4663
2026-04-23 09:35:00,1514.9,1527.7,1512.7,1526.4,8676
2026-04-23 09:45:00,1524.8,1530.7,1524.5,1525.9,5653
2026-04-23 09:55:00,1527.2,1527.2,1506.4,1514.9,14898
2026-04-23 10:05:00,1514.9,1534.9,1513.0,1528.4,13720
2026-04-23 10:15:00,1533.9,1541.1,1530.4,1534.2,17215
2026-04-23 10:25:00,1534.2,1538.2,1530.6,1533.2,9261
2026-04-23 10:35:00,1532.3,1534.6,1521.1,1523.6,5392
2026-04-23 10:45:00,1522.5,1524.9,1522.3,1522.5,658
2026-04-23 10:55:00,1522.5,1526.0,1521.1,1525.9,2324
2026-04-23 11:05:00,1525.9,1533.9,1522.2,1530.9,8653
2026-04-23 11:15:00,1531.0,1532.4,1525.0,1526.2,1666
2026-04-23 11:25:00,1525.0,1527.7,1525.0,1527.7,811
2026-04-23 11:35:00,1528.2,1539.0,1524.1,1533.2,10386
2026-04-23 11:45:00,1533.2,1535.9,1533.0,1535.0,720
2026-04-23 11:55:00,1534.2,1535.6,1533.5,1534.0,401
2026-04-23 12:05:00,1534.1,1535.5,1534.1,1534.9,396
2026-04-23 12:15:00,1534.9,1535.3,1533.1,1533.4,1423
2026-04-23 12:25:00,1533.4,1537.2,1533.0,1535.9,10772
2026-04-23 12:35:00,1535.9,1538.0,1533.6,1537.9,1736
2026-04-23 12:45:00,1537.0,1537.9,1533.0,1533.0,16353
2026-04-23 12:55:00,1533.0,1533.8,1525.6,1527.1,11844
2026-04-23 13:05:00,1527.1,1528.9,1526.9,1528.2,1227
2026-04-23 13:15:00,1528.2,1528.2,1525.4,1526.7,1329
2026-04-23 13:25:00,1526.7,1527.4,1521.0,1522.9,1229
2026-04-23 13:35:00,1522.9,1523.6,1511.9,1513.1,4374
2026-04-23 13:45:00,1513.1,1535.4,1513.1,1528.3,33624
2026-04-23 13:55:00,1528.5,1529.7,1526.3,1527.7,2157
2026-04-23 14:05:00,1527.7,1528.8,1523.4,1523.7,3214
2026-04-23 14:15:00,1523.7,1528.3,1523.1,1525.8,1253
2026-04-23 14:25:00,1525.0,1526.4,1518.9,1518.9,4435
2026-04-23 14:35:00,1520.6,1522.0,1518.3,1519.7,1013
2026-04-23 14:45:00,1519.7,1524.1,1518.5,1522.6,2461
2026-04-23 14:55:00,1522.6,1523.9,1518.6,1522.4,4465
2026-04-23 15:05:00,1522.4,1527.7,1519.9,1526.3,12729
2026-04-23 15:15:00,1526.3,1529.6,1525.5,1526.7,13777
2026-04-23 15:25:00,1526.7,1528.8,1526.0,1526.7,8516
2026-04-24 09:15:00,1535.0,1536.9,1520.0,1526.1,5335
2026-04-24 09:25:00,1526.1,1530.5,1522.3,1522.3,3753
2026-04-24 09:35:00,1526.3,1529.5,1523.4,1527.6,2566
2026-04-24 09:45:00,1527.4,1527.4,1516.0,1516.3,2815
2026-04-24 09:55:00,1516.3,1534.5,1516.3,1534.5,7991
2026-04-24 10:05:00,1534.5,1534.5,1529.9,1529.9,697
2026-04-24 10:15:00,1529.9,1535.0,1522.1,1530.8,7714
2026-04-24 10:25:00,1530.8,1536.0,1530.8,1535.8,814
2026-04-24 10:35:00,1535.8,1535.9,1531.0,1533.3,1225
2026-04-24 10:45:00,1533.3,1539.0,1532.3,1539.0,3358
2026-04-24 10:55:00,1539.0,1539.2,1536.1,1536.2,1513
2026-04-24 11:05:00,1536.2,1542.0,1535.8,1540.0,3845
2026-04-24 11:15:00,1540.0,1543.4,1538.5,1541.9,2995
2026-04-24 11:25:00,1541.6,1548.5,1540.3,1546.9,8962
2026-04-24 11:35:00,1547.1,1547.2,1540.1,1540.1,8350
2026-04-24 11:45:00,1540.1,1541.8,1535.8,1537.2,5259
2026-04-24 11:55:00,1537.2,1539.1,1536.9,1537.6,1538
2026-04-24 12:05:00,1537.6,1541.7,1534.7,1541.7,1582
2026-04-24 12:15:00,1541.9,1543.5,1540.0,1542.2,2707
2026-04-24 12:25:00,1542.2,1542.6,1539.0,1541.8,1164
2026-04-24 12:35:00,1541.8,1542.8,1540.7,1542.0,586
2026-04-24 12:45:00,1542.5,1555.0,1542.2,1554.7,7905
2026-04-24 12:55:00,1552.9,1567.1,1552.9,1567.1,11337
2026-04-24 13:05:00,1564.4,1568.0,1561.8,1562.7,9500
2026-04-24 13:15:00,1563.3,1567.6,1558.4,1566.5,16411
2026-04-24 13:25:00,1565.5,1566.4,1562.6,1564.5,6447
2026-04-24 13:35:00,1564.5,1573.2,1563.6,1569.5,20538
2026-04-24 13:45:00,1569.5,1571.0,1565.4,1569.0,10107
2026-04-24 13:55:00,1568.1,1571.0,1566.1,1569.0,6405
2026-04-24 14:05:00,1568.6,1568.9,1562.5,1563.1,10574
2026-04-24 14:15:00,1563.1,1570.9,1558.0,1569.5,11888
2026-04-24 14:25:00,1569.5,1569.5,1565.6,1567.2,1829
2026-04-24 14:35:00,1567.2,1568.0,1562.1,1564.9,5929
2026-04-24 14:45:00,1564.0,1568.0,1564.0,1567.6,2968
2026-04-24 14:55:00,1567.7,1567.7,1561.6,1562.8,4870
2026-04-24 15:05:00,1562.5,1562.6,1551.0,1553.9,12381
2026-04-24 15:15:00,1553.8,1556.0,1552.1,1554.4,8628
2026-04-24 15:25:00,1555.7,1560.0,1550.0,1550.0,8276
2026-04-27 09:15:00,1557.1,1580.5,1555.0,1575.2,13413
2026-04-27 09:25:00,1574.9,1585.9,1569.7,1574.1,8654
2026-04-27 09:35:00,1574.1,1580.0,1563.6,1570.7,7322
2026-04-27 09:45:00,1570.7,1574.3,1569.8,1571.7,2369
2026-04-27 09:55:00,1570.2,1571.9,1564.9,1565.0,2338
2026-04-27 10:05:00,1565.0,1567.1,1561.4,1561.4,1152
2026-04-27 10:15:00,1561.2,1563.1,1561.1,1561.4,1373
2026-04-27 10:25:00,1561.2,1563.0,1556.2,1556.2,3264
2026-04-27 10:35:00,1558.5,1561.9,1555.5,1556.0,1450
2026-04-27 10:45:00,1556.0,1556.7,1549.8,1552.7,109928
2026-04-27 10:55:00,1551.3,1552.2,1542.5,1551.4,6814
2026-04-27 11:05:00,1551.4,1555.5,1541.1,1547.4,8148
2026-04-27 11:15:00,1547.4,1551.5,1545.1,1546.0,3392
2026-04-27 11:25:00,1545.8,1545.8,1540.7,1542.8,2315
2026-04-27 11:35:00,1542.8,1545.8,1539.0,1542.3,2106
2026-04-27 11:45:00,1542.3,1547.0,1541.0,1542.6,1292
2026-04-27 11:55:00,1542.6,1543.5,1541.2,1543.1,349
2026-04-27 12:05:00,1543.1,1546.9,1542.9,1545.4,1211
2026-04-27 12:15:00,1545.4,1545.4,1542.6,1542.8,3045
2026-04-27 12:25:00,1542.8,1543.0,1540.3,1541.1,959
2026-04-27 12:35:00,1541.1,1541.8,1536.0,1538.0,2394
2026-04-27 12:45:00,1538.9,1538.9,1536.0,1536.0,1057
2026-04-27 12:55:00,1536.0,1540.0,1535.0,1537.4,2041
2026-04-27 13:05:00,1537.4,1537.9,1534.0,1534.0,1471
2026-04-27 13:15:00,1534.0,1536.8,1534.0,1535.1,2314
2026-04-27 13:25:00,1534.5,1536.9,1533.1,1535.2,1371
2026-04-27 13:35:00,1535.2,1536.9,1533.0,1534.1,901
2026-04-27 13:45:00,1534.1,1534.3,1531.5,1533.4,1152
2026-04-27 13:55:00,1533.8,1536.5,1533.0,1536.5,460
2026-04-27 14:05:00,1535.6,1535.6,1532.2,1532.5,2469
2026-04-27 14:15:00,1532.5,1534.9,1528.5,1534.9,4882
2026-04-27 14:25:00,1533.2,1534.4,1529.2,1529.4,1682
2026-04-27 14:35:00,1530.9,1533.9,1529.4,1530.5,1512
2026-04-27 14:45:00,1530.5,1541.3,1530.5,1538.9,8188
2026-04-27 14:55:00,1538.9,1538.9,1535.1,1536.1,1720
2026-04-27 15:05:00,1536.1,1537.6,1534.7,1535.2,4407
2026-04-27 15:15:00,1536.5,1549.7,1534.1,1548.2,16847
2026-04-27 15:25:00,1547.4,1548.9,1538.0,1546.2,4652
2026-04-28 09:15:00,1548.0,1573.9,1546.5,1551.0,9194
2026-04-28 09:25:00,1550.4,1552.3,1543.7,1546.0,1738
2026-04-28 09:35:00,1546.0,1548.0,1544.4,1545.0,1047
2026-04-28 09:45:00,1545.0,1554.9,1544.9,1552.0,1316
2026-04-28 09:55:00,1552.0,1552.0,1547.0,1548.1,697
2026-04-28 10:05:00,1547.0,1549.1,1546.2,1547.1,1597
2026-04-28 10:15:00,1547.1,1550.0,1547.1,1549.9,195
2026-04-28 10:25:00,1549.9,1553.6,1548.2,1553.1,524
2026-04-28 10:35:00,1553.1,1561.0,1551.0,1559.2,3661
2026-04-28 10:45:00,1559.9,1559.9,1554.9,1557.3,2954
2026-04-28 10:55:00,1557.3,1558.0,1555.8,1556.6,300
2026-04-28 11:05:00,1556.6,1556.6,1552.6,1555.0,841
2026-04-28 11:15:00,1555.0,1555.0,1550.0,1555.0,1710
2026-04-28 11:25:00,1553.6,1556.0,1550.0,1552.7,1540
2026-04-28 11:35:00,1552.7,1552.7,1548.1,1550.4,1081
2026-04-28 11:45:00,1550.4,1550.9,1548.6,1548.6,331
2026-04-28 11:55:00,1548.6,1548.6,1536.0,1539.5,15478
2026-04-28 12:05:00,1539.5,1542.6,1538.5,1541.0,1604
2026-04-28 12:15:00,1541.0,1541.9,1539.6,1539.6,379
2026-04-28 12:25:00,1539.6,1540.6,1535.8,1536.0,2000
2026-04-28 12:35:00,1535.3,1537.7,1534.7,1535.0,8019
2026-04-28 12:45:00,1535.3,1535.3,1531.7,1533.6,8925
2026-04-28 12:55:00,1533.6,1534.6,1532.8,1534.4,250
2026-04-28 13:05:00,1534.4,1539.9,1534.4,1539.4,1450
2026-04-28 13:15:00,1539.4,1540.0,1538.0,1538.0,141
2026-04-28 13:25:00,1538.0,1539.0,1534.5,1534.5,485
2026-04-28 13:35:00,1534.5,1535.6,1533.0,1533.6,281
2026-04-28 13:45:00,1533.6,1534.8,1532.0,1533.2,661
2026-04-28 13:55:00,1533.2,1535.0,1532.2,1532.2,676
2026-04-28 14:05:00,1532.2,1534.9,1531.4,1531.4,262
2026-04-28 14:15:00,1531.4,1532.8,1530.2,1532.5,880
2026-04-28 14:25:00,1532.5,1536.3,1531.3,1532.3,1229
2026-04-28 14:35:00,1532.3,1534.0,1532.1,1532.6,693
2026-04-28 14:45:00,1532.6,1536.0,1532.1,1535.0,1036
2026-04-28 14:55:00,1535.0,1540.5,1534.0,1540.5,10786
2026-04-28 15:05:00,1542.0,1544.2,1537.3,1537.3,1787
2026-04-28 15:15:00,1537.9,1542.9,1532.1,1541.5,8715
2026-04-28 15:25:00,1542.9,1543.0,1540.0,1540.0,4915
2026-04-29 09:15:00,1542.8,1548.6,1532.5,1535.2,4894
2026-04-29 09:25:00,1535.2,1539.3,1533.0,1535.0,1955
2026-04-29 09:35:00,1535.0,1540.0,1534.1,1536.1,1676
2026-04-29 09:45:00,1536.1,1537.5,1532.2,1535.0,1970
2026-04-29 09:55:00,1535.0,1537.5,1533.0,1535.0,1486
2026-04-29 10:05:00,1535.0,1535.4,1530.1,1531.9,2445
2026-04-29 10:15:00,1533.6,1533.7,1522.6,1525.6,4203
2026-04-29 10:25:00,1525.6,1530.2,1525.6,1530.2,2540
2026-04-29 10:35:00,1530.2,1530.5,1525.8,1526.4,1562
2026-04-29 10:45:00,1526.4,1527.2,1524.3,1527.0,1633
2026-04-29 10:55:00,1527.0,1527.0,1524.5,1525.6,2938
2026-04-29 11:05:00,1525.6,1536.8,1524.3,1532.3,5770
2026-04-29 11:15:00,1532.3,1537.8,1530.2,1535.1,2621
2026-04-29 11:25:00,1535.1,1545.9,1532.0,1535.4,7822
2026-04-29 11:35:00,1535.4,1546.9,1535.0,1544.0,6970
2026-04-29 11:45:00,1544.0,1546.0,1541.0,1543.2,2875
2026-04-29 11:55:00,1543.2,1545.4,1539.6,1542.9,3322
2026-04-29 12:05:00,1541.4,1543.4,1537.4,1539.6,2880
2026-04-29 12:15:00,1539.6,1540.1,1535.8,1539.6,2738
2026-04-29 12:25:00,1539.6,1552.1,1537.2,1549.0,8719
2026-04-29 12:35:00,1549.0,1549.0,1539.1,1540.3,2734
2026-04-29 12:45:00,1540.3,1540.3,1537.0,1537.0,2319
2026-04-29 12:55:00,1537.0,1541.3,1537.0,1538.0,1986
2026-04-29 13:05:00,1538.0,1539.6,1536.5,1536.7,1940
2026-04-29 13:15:00,1536.7,1539.2,1536.5,1537.0,1525
2026-04-29 13:25:00,1537.0,1538.6,1536.4,1536.5,1705
2026-04-29 13:35:00,1536.5,1540.3,1536.4,1537.9,2116
2026-04-29 13:45:00,1537.9,1539.2,1536.2,1536.2,1766
2026-04-29 13:55:00,1537.9,1539.7,1536.1,1537.0,2056
2026-04-29 14:05:00,1537.0,1538.6,1536.2,1537.0,1514
2026-04-29 14:15:00,1537.0,1537.0,1527.0,1530.5,2744
2026-04-29 14:25:00,1530.5,1537.1,1529.1,1537.1,3021
2026-04-29 14:35:00,1538.0,1541.2,1534.0,1538.3,7534
2026-04-29 14:45:00,1538.0,1540.4,1535.2,1537.6,2591
2026-04-29 14:55:00,1537.6,1541.8,1536.5,1539.3,5577
2026-04-29 15:05:00,1539.3,1540.9,1538.2,1540.1,2663
2026-04-29 15:15:00,1540.3,1546.9,1540.0,1546.8,9479
2026-04-29 15:25:00,1546.2,1548.0,1543.5,1545.0,4134
2026-04-30 09:15:00,1542.1,1554.7,1541.2,1543.8,3126
2026-04-30 09:25:00,1543.5,1563.0,1543.5,1561.8,3634
2026-04-30 09:35:00,1563.0,1564.9,1555.4,1563.0,6133
2026-04-30 09:45:00,1564.0,1581.9,1561.8,1578.5,15733
2026-04-30 09:55:00,1579.0,1590.0,1577.1,1585.4,20318
2026-04-30 10:05:00,1587.6,1587.6,1571.5,1574.7,17652
2026-04-30 10:15:00,1574.7,1575.9,1554.9,1572.0,17587
2026-04-30 10:25:00,1572.0,1581.9,1562.3,1565.3,13473
2026-04-30 10:35:00,1565.7,1571.5,1562.0,1569.0,2982
2026-04-30 10:45:00,1569.0,1569.0,1560.1,1563.9,7789
2026-04-30 10:55:00,1560.4,1564.6,1558.0,1559.4,3904
2026-04-30 11:05:00,1560.8,1565.0,1559.9,1564.9,1299
2026-04-30 11:15:00,1564.9,1574.5,1560.0,1570.9,23916
2026-04-30 11:25:00,1570.9,1571.0,1567.0,1567.0,1051
2026-04-30 11:35:00,1568.3,1569.6,1567.3,1568.0,1000
2026-04-30 11:45:00,1568.0,1569.6,1564.1,1569.3,2160
2026-04-30 11:55:00,1569.3,1571.0,1568.1,1570.2,1422
2026-04-30 12:05:00,1570.5,1570.8,1566.6,1568.6,1052
2026-04-30 12:15:00,1568.6,1568.6,1558.4,1561.5,2968
2026-04-30 12:25:00,1561.5,1562.2,1556.9,1559.1,1785
2026-04-30 12:35:00,1559.3,1561.8,1555.6,1559.0,1600
2026-04-30 12:45:00,1559.0,1561.2,1551.1,1551.3,9302
2026-04-30 12:55:00,1551.3,1560.5,1550.5,1559.2,14115
2026-04-30 13:05:00,1560.3,1560.3,1556.3,1558.4,3521
2026-04-30 13:15:00,1559.1,1559.2,1552.0,1553.6,2085
2026-04-30 13:25:00,1553.6,1554.5,1551.5,1553.3,3051
2026-04-30 13:35:00,1553.3,1554.1,1551.5,1553.9,2154
2026-04-30 13:45:00,1554.3,1555.7,1551.5,1552.9,12645
2026-04-30 13:55:00,1554.1,1557.6,1551.4,1554.3,9971
2026-04-30 14:05:00,1554.2,1554.6,1550.0,1552.2,5224
2026-04-30 14:15:00,1552.2,1553.5,1544.0,1544.5,9843
2026-04-30 14:25:00,1544.0,1544.7,1532.3,1534.1,22509
2026-04-30 14:35:00,1533.0,1541.8,1533.0,1541.6,12523
2026-04-30 14:45:00,1540.5,1541.9,1532.5,1536.1,12851
2026-04-30 14:55:00,1535.2,1540.0,1532.1,1536.9,18346
2026-04-30 15:05:00,1536.8,1537.8,1524.3,1530.2,21717
2026-04-30 15:15:00,1530.2,1534.5,1526.4,1530.3,25402
2026-04-30 15:25:00,1529.1,1536.8,1526.0,1527.0,12828
2026-05-04 09:15:00,1538.0,1560.0,1536.5,1552.1,12591
2026-05-04 09:25:00,1553.3,1561.2,1550.2,1558.5,3186
2026-05-04 09:35:00,1557.0,1569.0,1555.3,1566.0,3726
2026-05-04 09:45:00,1566.0,1568.6,1563.0,1564.9,4241
2026-05-04 09:55:00,1564.9,1571.9,1563.3,1570.5,3886
2026-05-04 10:05:00,1571.0,1574.1,1560.0,1564.3,4218
2026-05-04 10:15:00,1564.3,1564.5,1554.2,1561.6,5261
2026-05-04 10:25:00,1561.5,1566.1,1555.6,1560.1,6871
2026-05-04 10:35:00,1560.1,1560.1,1548.3,1553.4,3362
2026-05-04 10:45:00,1553.4,1554.7,1541.0,1545.0,3674
2026-05-04 10:55:00,1543.4,1546.8,1539.3,1544.7,3667
2026-05-04 11:05:00,1544.7,1546.8,1543.0,1546.8,2503
2026-05-04 11:15:00,1544.4,1547.8,1542.4,1545.0,1894
2026-05-04 11:25:00,1546.6,1547.1,1541.2,1543.3,2821
2026-05-04 11:35:00,1543.3,1547.9,1540.8,1546.5,5019
2026-05-04 11:45:00,1546.5,1547.8,1541.0,1541.0,2215
2026-05-04 11:55:00,1536.2,1540.5,1534.1,1537.7,4392
2026-05-04 12:05:00,1537.7,1538.0,1533.5,1535.3,1700
2026-05-04 12:15:00,1534.5,1537.5,1532.8,1535.7,2625
2026-05-04 12:25:00,1537.2,1538.5,1532.1,1533.5,2072
2026-05-04 12:35:00,1533.5,1536.5,1533.2,1534.5,1095
2026-05-04 12:45:00,1535.2,1536.1,1532.3,1534.9,996
2026-05-04 12:55:00,1533.4,1537.0,1533.1,1535.8,2195
2026-05-04 13:05:00,1535.8,1536.4,1534.1,1535.3,855
2026-05-04 13:15:00,1535.3,1535.8,1531.0,1532.6,1288
2026-05-04 13:25:00,1532.6,1535.1,1531.0,1534.1,1203
2026-05-04 13:35:00,1533.0,1535.2,1530.0,1533.3,1348
2026-05-04 13:45:00,1533.3,1535.1,1528.2,1528.7,2322
2026-05-04 13:55:00,1528.7,1533.7,1527.8,1530.0,1136
2026-05-04 14:05:00,1530.0,1534.4,1529.1,1531.1,1321
2026-05-04 14:15:00,1531.1,1534.8,1528.0,1528.8,2146
2026-05-04 14:25:00,1528.8,1531.5,1527.5,1528.3,2596
2026-05-04 14:35:00,1528.3,1530.6,1527.5,1530.5,1796
2026-05-04 14:45:00,1530.5,1532.5,1528.2,1530.0,2643
2026-05-04 14:55:00,1530.0,1532.1,1528.8,1531.5,2776
2026-05-04 15:05:00,1531.5,1538.4,1530.0,1530.1,8258
2026-05-04 15:15:00,1530.6,1531.8,1525.1,1529.9,7628
2026-05-04 15:25:00,1528.3,1529.9,1525.0,1525.0,6345
2026-05-05 09:15:00,1535.0,1543.3,1524.6,1540.9,6347
2026-05-05 09:25:00,1540.7,1543.5,1537.0,1539.0,2656
2026-05-05 09:35:00,1539.0,1540.5,1530.5,1537.9,3398
2026-05-05 09:45:00,1537.7,1540.0,1532.9,1536.4,1846
2026-05-05 09:55:00,1536.4,1539.0,1531.6,1534.0,1531
2026-05-05 10:05:00,1535.6,1536.1,1528.9,1530.3,1972
2026-05-05 10:15:00,1530.3,1533.8,1528.3,1532.6,689
2026-05-05 10:25:00,1532.4,1533.0,1529.6,1530.6,486
2026-05-05 10:35:00,1530.6,1531.1,1513.6,1521.0,5337
2026-05-05 10:45:00,1519.1,1521.8,1517.3,1520.0,1826
2026-05-05 10:55:00,1520.0,1522.0,1517.8,1521.4,6304
2026-05-05 11:05:00,1521.4,1530.4,1519.3,1526.9,5827
2026-05-05 11:15:00,1526.6,1530.1,1524.6,1526.4,1884
2026-05-05 11:25:00,1526.4,1529.4,1525.1,1528.3,2318
2026-05-05 11:35:00,1528.2,1529.6,1526.8,1528.4,3500
2026-05-05 11:45:00,1528.4,1529.5,1526.5,1528.1,1668
2026-05-05 11:55:00,1528.6,1529.6,1527.9,1528.9,1735
2026-05-05 12:05:00,1528.9,1530.1,1527.2,1528.0,4232
2026-05-05 12:15:00,1528.0,1546.0,1528.0,1543.0,5999
2026-05-05 12:25:00,1543.0,1545.0,1541.3,1544.0,1551
2026-05-05 12:35:00,1544.0,1549.9,1543.3,1549.7,1433
2026-05-05 12:45:00,1549.8,1550.0,1547.7,1549.9,1305
2026-05-05 12:55:00,1549.9,1549.9,1548.0,1549.0,1200
2026-05-05 13:05:00,1549.0,1549.3,1533.6,1537.7,3260
2026-05-05 13:15:00,1537.8,1544.0,1536.5,1544.0,1322
2026-05-05 13:25:00,1543.9,1544.7,1530.9,1540.0,6446
2026-05-05 13:35:00,1540.0,1540.0,1536.8,1538.9,849
2026-05-05 13:45:00,1538.9,1540.0,1537.2,1538.6,711
2026-05-05 13:55:00,1539.9,1540.0,1538.2,1539.9,611
2026-05-05 14:05:00,1539.9,1540.0,1534.9,1539.3,11862
2026-05-05 14:15:00,1539.3,1544.9,1533.2,1544.6,8070
2026-05-05 14:25:00,1544.6,1554.0,1541.7,1553.5,12242
2026-05-05 14:35:00,1553.5,1554.0,1546.6,1549.6,1457
2026-05-05 14:45:00,1548.2,1559.0,1547.6,1554.3,10212
2026-05-05 14:55:00,1554.3,1556.5,1552.2,1553.6,1953
2026-05-05 15:05:00,1553.6,1556.9,1552.0,1556.0,4822
2026-05-05 15:15:00,1554.7,1556.7,1536.0,1537.1,46419
2026-05-05 15:25:00,1537.0,1539.9,1535.6,1536.6,7078
2026-05-06 09:15:00,1548.0,1559.6,1543.2,1545.1,3627
2026-05-06 09:25:00,1545.1,1553.5,1543.8,1553.0,1094
2026-05-06 09:35:00,1553.0,1554.9,1551.0,1554.3,1412
2026-05-06 09:45:00,1554.3,1554.8,1545.1,1547.3,1176
2026-05-06 09:55:00,1548.0,1551.2,1546.9,1549.6,673
2026-05-06 10:05:00,1549.6,1554.1,1542.0,1552.2,2096
2026-05-06 10:15:00,1549.4,1554.3,1549.3,1551.6,1061
2026-05-06 10:25:00,1551.6,1553.8,1551.2,1552.5,235
2026-05-06 10:35:00,1552.5,1556.1,1551.6,1555.0,946
2026-05-06 10:45:00,1555.0,1563.7,1554.0,1563.3,3386
2026-05-06 10:55:00,1562.6,1569.9,1562.6,1564.1,2439
2026-05-06 11:05:00,1564.1,1566.1,1560.6,1562.1,1429
2026-05-06 11:15:00,1562.1,1567.7,1562.1,1566.7,1520
2026-05-06 11:25:00,1566.7,1569.0,1557.5,1568.8,7873
2026-05-06 11:35:00,1568.6,1569.0,1554.7,1556.4,26611
2026-05-06 11:45:00,1557.6,1569.0,1555.2,1568.0,6076
2026-05-06 11:55:00,1568.0,1568.0,1565.9,1567.0,1090
2026-05-06 12:05:00,1567.0,1568.0,1565.0,1567.8,749
2026-05-06 12:15:00,1567.8,1578.6,1565.0,1577.9,6856
2026-05-06 12:25:00,1578.2,1579.8,1576.1,1578.3,5353
2026-05-06 12:35:00,1580.0,1581.0,1569.0,1572.1,105575
2026-05-06 12:45:00,1572.1,1574.9,1566.0,1573.0,2191
2026-05-06 12:55:00,1573.0,1573.7,1570.2,1571.4,1340
2026-05-06 13:05:00,1571.4,1577.9,1571.4,1575.3,1412
2026-05-06 13:15:00,1575.3,1580.0,1574.1,1579.4,3664
2026-05-06 13:25:00,1579.4,1580.0,1573.3,1576.1,4061
2026-05-06 13:35:00,1577.4,1578.3,1574.1,1574.3,1015
2026-05-06 13:45:00,1574.3,1575.4,1571.1,1572.2,2042
2026-05-06 13:55:00,1572.2,1576.0,1571.1,1572.1,1269
2026-05-06 14:05:00,1570.9,1574.8,1570.9,1574.0,1065
2026-05-06 14:15:00,1572.7,1575.8,1572.2,1573.5,1185
2026-05-06 14:25:00,1573.5,1574.5,1568.9,1569.3,2019
2026-05-06 14:35:00,1569.3,1570.6,1564.0,1568.2,3153
2026-05-06 14:45:00,1570.2,1570.2,1562.6,1564.2,4114
2026-05-06 14:55:00,1564.2,1567.9,1563.4,1565.2,2858
2026-05-06 15:05:00,1565.0,1569.9,1563.5,1565.5,13276
2026-05-06 15:15:00,1565.2,1565.3,1560.0,1562.4,8484
2026-05-06 15:25:00,1562.4,1570.9,1557.8,1563.0,6063
2026-05-07 09:15:00,1572.2,1581.9,1572.1,1578.5,4986
2026-05-07 09:25:00,1576.8,1580.0,1573.1,1574.4,2779
2026-05-07 09:35:00,1577.1,1579.0,1571.1,1575.3,2051
2026-05-07 09:45:00,1574.0,1574.2,1565.2,1568.7,2071
2026-05-07 09:55:00,1568.8,1569.0,1562.6,1565.9,1845
2026-05-07 10:05:00,1565.9,1567.6,1564.9,1567.6,425
2026-05-07 10:15:00,1567.6,1582.2,1565.3,1582.1,3418
2026-05-07 10:25:00,1582.1,1590.4,1582.1,1585.5,4813
2026-05-07 10:35:00,1585.0,1585.5,1575.9,1576.0,2185
2026-05-07 10:45:00,1576.0,1576.0,1565.5,1569.5,2829
2026-05-07 10:55:00,1569.5,1570.9,1565.7,1566.7,1184
2026-05-07 11:05:00,1566.7,1568.6,1565.1,1567.9,677
2026-05-07 11:15:00,1569.2,1569.3,1565.6,1568.4,1487
2026-05-07 11:25:00,1568.4,1568.4,1564.7,1566.8,883
2026-05-07 11:35:00,1566.8,1570.7,1566.8,1570.7,940
2026-05-07 11:45:00,1570.7,1571.9,1561.0,1561.1,3124
2026-05-07 11:55:00,1561.1,1564.6,1561.1,1562.8,1061
2026-05-07 12:05:00,1562.8,1563.7,1558.1,1561.0,12308
2026-05-07 12:15:00,1560.0,1570.0,1560.0,1567.2,6276
2026-05-07 12:25:00,1567.2,1569.9,1563.0,1566.0,3568
2026-05-07 12:35:00,1566.0,1569.2,1565.6,1566.9,768
2026-05-07 12:45:00,1566.9,1568.5,1565.2,1565.2,1224
2026-05-07 12:55:00,1565.2,1570.0,1564.9,1568.7,1224
2026-05-07 13:05:00,1568.7,1571.4,1562.8,1563.8,2070
2026-05-07 13:15:00,1563.8,1565.2,1558.8,1564.0,2366
2026-05-07 13:25:00,1564.0,1566.0,1563.0,1564.1,754
2026-05-07 13:35:00,1564.1,1564.1,1561.1,1564.0,387
2026-05-07 13:45:00,1564.0,1564.5,1561.2,1564.5,806
2026-05-07 13:55:00,1564.5,1567.3,1563.9,1565.2,916
2026-05-07 14:05:00,1565.2,1567.9,1564.8,1567.0,515
2026-05-07 14:15:00,1567.0,1567.9,1564.6,1567.0,484
2026-05-07 14:25:00,1567.0,1567.0,1564.1,1565.8,318
2026-05-07 14:35:00,1565.8,1566.3,1561.8,1564.5,1079
2026-05-07 14:45:00,1564.5,1564.6,1560.0,1561.6,1475
2026-05-07 14:55:00,1561.7,1564.7,1560.0,1561.0,2115
2026-05-07 15:05:00,1561.0,1561.0,1556.0,1556.4,4913
2026-05-07 15:15:00,1558.0,1563.6,1555.9,1563.2,10945
2026-05-07 15:25:00,1563.2,1566.0,1555.1,1556.8,5935
2026-05-08 09:15:00,1560.1,1580.4,1560.0,1579.9,3890
2026-05-08 09:25:00,1579.9,1583.8,1575.2,1581.0,7595
2026-05-08 09:35:00,1581.0,1582.2,1570.5,1575.7,3134
2026-05-08 09:45:00,1574.9,1591.8,1572.2,1591.3,15529
2026-05-08 09:55:00,1593.0,1595.0,1586.2,1587.0,7266
2026-05-08 10:05:00,1587.0,1610.5,1587.0,1596.4,32095
2026-05-08 10:15:00,1597.3,1597.3,1586.1,1590.4,7013
2026-05-08 10:25:00,1590.4,1591.7,1587.4,1590.5,2506
2026-05-08 10:35:00,1591.9,1591.9,1587.5,1588.6,3877
2026-05-08 10:45:00,1588.6,1592.0,1574.1,1574.1,6488
2026-05-08 10:55:00,1574.1,1576.6,1567.3,1569.7,5940
2026-05-08 11:05:00,1569.7,1573.1,1567.2,1571.0,5002
2026-05-08 11:15:00,1570.3,1572.5,1570.0,1570.0,3730
2026-05-08 11:25:00,1570.0,1572.9,1570.0,1571.0,3834
2026-05-08 11:35:00,1571.0,1572.7,1570.0,1571.6,3203
2026-05-08 11:45:00,1570.3,1572.5,1570.0,1570.1,2756
2026-05-08 11:55:00,1570.1,1572.3,1556.4,1558.6,12167
2026-05-08 12:05:00,1558.0,1558.0,1549.2,1551.0,11804
2026-05-08 12:15:00,1551.0,1553.8,1551.0,1551.8,2736
2026-05-08 12:25:00,1551.8,1555.0,1551.5,1552.1,2483
2026-05-08 12:35:00,1552.1,1553.8,1550.5,1552.3,2537
2026-05-08 12:45:00,1552.5,1552.8,1550.1,1550.4,3545
2026-05-08 12:55:00,1551.5,1551.8,1548.0,1549.2,3082
2026-05-08 13:05:00,1549.2,1550.0,1545.6,1547.1,2508
2026-05-08 13:15:00,1547.1,1548.9,1546.0,1548.1,1996
2026-05-08 13:25:00,1548.1,1556.8,1547.8,1553.7,6475
2026-05-08 13:35:00,1553.8,1567.8,1553.0,1566.3,25108
2026-05-08 13:45:00,1566.3,1569.8,1553.0,1553.0,4633
2026-05-08 13:55:00,1553.0,1555.0,1553.0,1553.6,3624
2026-05-08 14:05:00,1553.6,1555.8,1553.0,1553.0,3317
2026-05-08 14:15:00,1553.0,1556.8,1552.1,1556.3,4004
2026-05-08 14:25:00,1556.3,1561.9,1554.0,1559.8,9406
2026-05-08 14:35:00,1559.8,1561.9,1553.2,1554.3,7015
2026-05-08 14:45:00,1554.3,1555.0,1551.0,1551.5,6122
2026-05-08 14:55:00,1551.5,1553.7,1550.7,1552.1,3204
2026-05-08 15:05:00,1552.1,1552.7,1550.7,1551.5,2367
2026-05-08 15:15:00,1551.5,1553.9,1549.9,1553.2,9088
2026-05-08 15:25:00,1553.2,1555.0,1551.3,1554.0,6554
2026-05-11 09:15:00,1557.2,1569.0,1550.0,1553.6,17422
2026-05-11 09:25:00,1553.6,1561.9,1552.0,1556.2,5625
2026-05-11 09:35:00,1556.2,1557.0,1550.8,1554.6,4161
2026-05-11 09:45:00,1554.6,1554.6,1551.2,1552.3,2322
2026-05-11 09:55:00,1552.3,1552.3,1541.7,1550.9,4901
2026-05-11 10:05:00,1550.9,1552.8,1542.6,1544.1,4733
2026-05-11 10:15:00,1544.0,1546.0,1532.4,1534.1,16198
2026-05-11 10:25:00,1533.1,1539.0,1529.3,1529.3,23502
2026-05-11 10:35:00,1529.3,1535.0,1529.3,1535.0,10188
2026-05-11 10:45:00,1535.5,1540.0,1528.0,1533.3,18845
2026-05-11 10:55:00,1533.3,1535.9,1529.3,1530.0,20799
2026-05-11 11:05:00,1530.0,1530.7,1529.7,1530.0,17526
2026-05-11 11:15:00,1530.0,1547.1,1529.0,1538.5,82867
2026-05-11 11:25:00,1537.6,1550.0,1537.6,1548.9,17157
2026-05-11 11:35:00,1549.0,1549.1,1545.7,1547.7,1864
2026-05-11 11:45:00,1547.7,1547.7,1539.9,1542.5,16666
2026-05-11 11:55:00,1542.5,1549.5,1540.0,1545.0,24069
2026-05-11 12:05:00,1545.0,1548.0,1531.0,1532.0,26861
2026-05-11 12:15:00,1532.0,1536.8,1527.0,1535.9,17136
2026-05-11 12:25:00,1535.9,1538.6,1531.7,1532.4,1932
2026-05-11 12:35:00,1532.4,1544.0,1530.4,1530.4,23865
2026-05-11 12:45:00,1531.0,1531.0,1527.1,1529.2,5774
2026-05-11 12:55:00,1530.0,1530.0,1528.6,1529.4,1883
2026-05-11 13:05:00,1529.4,1530.0,1526.5,1527.6,3158
2026-05-11 13:15:00,1528.1,1529.9,1525.2,1528.7,2632
2026-05-11 13:25:00,1528.7,1530.0,1526.0,1528.7,2056
2026-05-11 13:35:00,1529.6,1530.0,1527.2,1529.0,1592
2026-05-11 13:45:00,1529.0,1530.0,1528.0,1530.0,9451
2026-05-11 13:55:00,1530.0,1535.3,1527.2,1532.0,39874
2026-05-11 14:05:00,1532.0,1545.9,1532.0,1540.2,12340
2026-05-11 14:15:00,1540.2,1543.6,1535.7,1540.0,11907
2026-05-11 14:25:00,1540.0,1542.0,1539.0,1540.0,7318
2026-05-11 14:35:00,1540.7,1541.0,1536.8,1538.1,2244
2026-05-11 14:45:00,1539.0,1539.9,1534.7,1535.0,3318
2026-05-11 14:55:00,1537.0,1537.0,1533.8,1536.7,21641
2026-05-11 15:05:00,1535.9,1538.0,1532.9,1534.3,16620
2026-05-11 15:15:00,1534.5,1537.0,1533.7,1535.0,18955
2026-05-11 15:25:00,1535.0,1539.0,1528.0,1538.0,13466
2026-05-12 09:15:00,1535.0,1544.8,1519.6,1521.0,12399
2026-05-12 09:25:00,1521.0,1521.0,1510.0,1512.5,7905
2026-05-12 09:35:00,1514.0,1520.7,1511.0,1517.9,45361
2026-05-12 09:45:00,1517.9,1520.0,1516.0,1518.0,11134
2026-05-12 09:55:00,1518.0,1528.6,1517.3,1523.4,9315
2026-05-12 10:05:00,1523.4,1528.6,1522.8,1528.6,2202
2026-05-12 10:15:00,1528.6,1529.3,1519.2,1519.9,6523
2026-05-12 10:25:00,1519.4,1522.3,1517.1,1520.0,6592
2026-05-12 10:35:00,1520.0,1526.9,1518.5,1526.0,10125
2026-05-12 10:45:00,1526.0,1529.3,1525.0,1527.6,14513
2026-05-12 10:55:00,1527.6,1529.9,1525.0,1528.6,5311
2026-05-12 11:05:00,1528.6,1529.9,1520.7,1520.7,5199
2026-05-12 11:15:00,1520.7,1521.4,1515.1,1519.5,3329
2026-05-12 11:25:00,1519.5,1520.0,1507.9,1517.0,9083
2026-05-12 11:35:00,1516.1,1522.2,1513.4,1519.0,8346
2026-05-12 11:45:00,1519.0,1519.3,1513.0,1517.8,4899
2026-05-12 11:55:00,1517.8,1524.4,1517.1,1522.6,7530
2026-05-12 12:05:00,1522.6,1523.2,1510.6,1511.7,69898
2026-05-12 12:15:00,1512.7,1515.0,1511.9,1515.0,2963
2026-05-12 12:25:00,1515.0,1515.0,1507.5,1510.0,8918
2026-05-12 12:35:00,1510.0,1510.2,1509.9,1510.0,3215
2026-05-12 12:45:00,1510.0,1513.0,1508.1,1513.0,32210
2026-05-12 12:55:00,1513.9,1515.0,1509.9,1510.1,17465
2026-05-12 13:05:00,1511.7,1512.1,1509.2,1511.2,5418
2026-05-12 13:15:00,1511.6,1517.9,1509.5,1514.5,19285
2026-05-12 13:25:00,1513.3,1518.0,1510.1,1511.2,10634
2026-05-12 13:35:00,1512.2,1517.3,1509.5,1515.7,13973
2026-05-12 13:45:00,1515.8,1519.2,1513.7,1515.5,13866
2026-05-12 13:55:00,1515.8,1516.8,1512.0,1513.9,6089
2026-05-12 14:05:00,1513.9,1517.3,1511.2,1515.3,11639
2026-05-12 14:15:00,1515.1,1520.0,1511.8,1519.9,17000
2026-05-12 14:25:00,1519.9,1519.9,1509.1,1510.0,22095
2026-05-12 14:35:00,1510.0,1511.6,1503.5,1506.9,12113
2026-05-12 14:45:00,1507.2,1512.2,1505.0,1508.0,14062
2026-05-12 14:55:00,1508.0,1510.1,1502.3,1506.9,12761
2026-05-12 15:05:00,1507.1,1508.3,1502.5,1505.0,11695
2026-05-12 15:15:00,1504.9,1518.2,1503.0,1518.2,19818
2026-05-12 15:25:00,1518.1,1524.0,1499.0,1524.0,12366
2026-05-13 09:20:00,1536.9,1536.9,1528.9,1532.1,520763
2026-05-13 09:25:00,1532.0,1533.8,1518.2,1519.2,2866
2026-05-13 09:35:00,1518.8,1519.8,1510.2,1519.3,1891
2026-05-13 09:45:00,1519.1,1519.7,1513.5,1514.8,2013
2026-05-13 09:55:00,1514.5,1516.4,1512.5,1513.8,1197
2026-05-13 10:05:00,1513.7,1516.8,1512.1,1514.2,743
2026-05-13 10:15:00,1515.7,1537.5,1515.1,1534.0,4756
2026-05-13 10:25:00,1534.8,1534.8,1523.7,1526.3,1699
2026-05-13 10:35:00,1525.1,1526.0,1515.2,1518.1,8613
2026-05-13 10:45:00,1518.1,1534.4,1518.0,1527.8,10670
2026-05-13 10:55:00,1527.4,1527.4,1517.1,1522.5,17255
2026-05-13 11:05:00,1522.9,1522.9,1502.2,1506.0,6615
2026-05-13 11:15:00,1506.9,1508.1,1502.3,1504.0,2295
2026-05-13 11:25:00,1504.5,1505.9,1500.1,1503.0,2518
2026-05-13 11:35:00,1499.9,1501.0,1494.0,1497.7,7511
2026-05-13 11:45:00,1497.8,1498.7,1495.9,1497.2,1841
2026-05-13 11:55:00,1498.0,1498.6,1495.0,1497.0,1168
2026-05-13 12:05:00,1496.8,1512.0,1495.9,1509.4,31950
2026-05-13 12:15:00,1510.4,1523.5,1510.4,1523.5,4502
2026-05-13 12:25:00,1524.3,1525.5,1520.7,1522.7,4970
2026-05-13 12:35:00,1523.5,1528.5,1520.1,1527.4,4698
2026-05-13 12:45:00,1528.5,1534.8,1527.4,1532.9,8320
2026-05-13 12:55:00,1533.8,1536.0,1532.1,1533.6,4987
2026-05-13 13:05:00,1533.9,1537.3,1531.7,1534.2,4153
2026-05-13 13:15:00,1534.3,1535.0,1530.6,1534.4,5063
2026-05-13 13:25:00,1534.4,1535.4,1531.5,1534.1,3573
2026-05-13 13:35:00,1535.0,1535.6,1524.8,1526.2,5010
2026-05-13 13:45:00,1527.8,1533.6,1527.7,1532.7,3244
2026-05-13 13:55:00,1531.9,1534.0,1510.4,1511.7,7045
2026-05-13 14:05:00,1511.7,1516.7,1511.7,1515.1,973
2026-05-13 14:15:00,1515.9,1517.7,1514.1,1517.7,826
2026-05-13 14:25:00,1517.3,1517.8,1514.6,1516.1,1162
2026-05-13 14:35:00,1516.1,1517.4,1498.7,1498.7,6841
2026-05-13 14:45:00,1498.7,1511.7,1498.7,1504.2,21578
2026-05-13 14:55:00,1504.2,1510.5,1499.0,1508.4,29585
2026-05-13 15:05:00,1509.6,1513.0,1508.5,1510.7,5255
2026-05-13 15:15:00,1511.3,1511.3,1501.0,1503.8,12677
2026-05-13 15:25:00,1502.8,1509.6,1501.0,1501.0,7421
2026-05-14 09:15:00,1510.0,1539.0,1510.0,1536.1,4594
2026-05-14 09:25:00,1536.1,1539.0,1526.5,1526.5,3473
2026-05-14 09:35:00,1526.2,1535.3,1524.0,1524.0,3550
2026-05-14 09:45:00,1526.0,1533.5,1526.0,1531.1,2081
2026-05-14 09:55:00,1530.9,1543.7,1526.8,1540.3,9269
2026-05-14 10:05:00,1540.3,1545.8,1537.7,1541.3,3177
2026-05-14 10:15:00,1541.4,1544.0,1536.7,1542.7,5755
2026-05-14 10:25:00,1542.7,1546.0,1539.9,1541.2,3060
2026-05-14 10:35:00,1541.8,1544.4,1534.9,1537.2,2993
2026-05-14 10:45:00,1537.2,1544.0,1533.0,1543.8,1799
2026-05-14 10:55:00,1541.3,1544.3,1537.1,1543.0,3979
2026-05-14 11:05:00,1543.0,1549.0,1540.0,1546.3,2784
2026-05-14 11:15:00,1546.2,1551.0,1544.7,1550.7,3458
2026-05-14 11:25:00,1550.7,1552.7,1546.3,1550.1,5938
2026-05-14 11:35:00,1550.8,1552.9,1541.2,1542.5,3976
2026-05-14 11:45:00,1543.7,1544.4,1536.9,1540.5,2565
2026-05-14 11:55:00,1540.7,1542.0,1537.9,1541.0,1218
2026-05-14 12:05:00,1541.0,1551.2,1539.4,1550.9,2902
2026-05-14 12:15:00,1550.8,1551.0,1548.0,1550.4,2429
2026-05-14 12:25:00,1550.9,1571.9,1549.1,1570.5,9637
2026-05-14 12:35:00,1571.9,1573.8,1563.1,1571.2,34430
2026-05-14 12:45:00,1571.3,1575.0,1567.4,1573.5,19112
2026-05-14 12:55:00,1573.5,1582.4,1571.8,1580.8,27777
2026-05-14 13:05:00,1580.8,1582.0,1563.5,1564.2,20658
2026-05-14 13:15:00,1566.7,1570.0,1563.5,1570.0,20599
2026-05-14 13:25:00,1569.0,1570.0,1566.1,1568.0,8763
2026-05-14 13:35:00,1567.9,1569.7,1566.8,1568.0,5193
2026-05-14 13:45:00,1568.0,1570.0,1566.9,1567.5,8781
2026-05-14 13:55:00,1568.0,1569.9,1557.3,1558.1,7696
2026-05-14 14:05:00,1559.4,1561.5,1557.0,1557.4,2451
2026-05-14 14:15:00,1557.4,1559.2,1553.0,1555.2,4391
2026-05-14 14:25:00,1556.5,1561.9,1553.7,1558.7,70159
2026-05-14 14:35:00,1558.7,1562.5,1557.8,1560.9,10406
2026-05-14 14:45:00,1561.0,1574.0,1559.2,1570.7,32648
2026-05-14 14:55:00,1570.7,1585.0,1567.1,1579.5,52927
2026-05-14 15:00:00,1576.8,1581.1,1576.7,1579.9,217397558
2026-05-14 15:05:00,1579.7,1581.1,1576.7,1578.4,9548
2026-05-14 15:10:00,1579.9,1591.5,1575.6,1580.7,369502407
2026-05-14 15:20:00,1582.0,1593.8,1580.0,1590.8,379890431
2026-05-15 09:20:00,1596.6,1603.3,1584.9,1603.0,10163734
2026-05-15 09:30:00,1603.7,1631.0,1600.6,1616.9,21429631
2026-05-15 09:40:00,1615.8,1631.0,1594.2,1597.0,169476910
2026-05-15 09:50:00,1602.5,1604.8,1599.7,1602.3,32671770
2026-05-15 10:00:00,1602.3,1617.7,1598.3,1604.8,109411599
2026-05-15 10:10:00,1604.8,1635.0,1604.8,1633.4,216721490
2026-05-15 10:20:00,1632.0,1647.9,1631.0,1647.0,159083408
2026-05-15 10:30:00,1647.0,1652.8,1641.3,1648.0,300399298
2026-05-15 10:40:00,1648.1,1651.4,1638.7,1644.4,195607564
2026-05-15 10:50:00,1642.7,1654.7,1641.5,1647.9,306151600
2026-05-15 11:40:00,1630.4,1631.6,1618.7,1622.9,257999427
2026-05-15 11:50:00,1623.2,1624.2,1610.8,1617.0,326099481
2026-05-15 12:00:00,1617.5,1619.9,1614.0,1616.3,281763386
2026-05-15 12:10:00,1617.4,1619.9,1615.4,1617.3,241302294
2026-05-15 12:20:00,1617.9,1619.3,1615.7,1617.7,251979700
2026-05-15 12:30:00,1617.7,1619.0,1606.5,1608.6,297812476
2026-05-15 12:40:00,1609.2,1611.8,1606.5,1609.5,291137317
2026-05-15 12:50:00,1609.4,1611.2,1607.0,1610.0,284871508
2026-05-15 13:00:00,1610.0,1617.8,1608.7,1616.3,280475086
2026-05-15 13:10:00,1617.0,1618.7,1615.0,1616.8,280705444
2026-05-15 13:20:00,1616.8,1618.0,1613.2,1616.7,294066797
2026-05-15 13:30:00,1617.0,1617.4,1602.1,1609.6,310264456
2026-05-15 13:40:00,1611.0,1612.2,1601.1,1604.4,397388863
2026-05-15 13:50:00,1604.0,1605.5,1601.0,1602.7,306377930
2026-05-15 14:00:00,1601.6,1602.0,1597.5,1601.0,259365107
2026-05-15 14:10:00,1600.5,1610.9,1599.5,1603.8,356108589
2026-05-15 14:20:00,1603.8,1605.1,1598.6,1601.1,252057133
2026-05-15 14:30:00,1601.1,1601.8,1598.0,1599.8,232004852
2026-05-15 14:40:00,1599.8,1600.0,1596.0,1596.0,234600141
2026-05-15 14:50:00,1596.0,1599.6,1593.9,1597.5,238639214
2026-05-15 15:00:00,1596.4,1610.1,1595.3,1604.6,279412149
2026-05-15 15:10:00,1604.6,1605.9,1600.7,1604.0,260388728
2026-05-15 15:20:00,1604.0,1625.0,1603.1,1620.0,254386380
2026-05-18 09:20:00,1614.7,1620.4,1598.5,1618.6,5531043
2026-05-18 09:30:00,1619.3,1622.0,1613.0,1614.7,9656713
2026-05-18 09:40:00,1615.3,1622.6,1610.6,1619.2,13932271
2026-05-18 09:50:00,1619.6,1621.6,1617.2,1621.0,15795018
2026-05-18 10:00:00,1621.0,1623.0,1616.7,1616.7,21475488
2026-05-18 10:10:00,1617.5,1628.9,1616.3,1627.1,34015083
2026-05-18 10:20:00,1626.4,1628.0,1624.5,1627.0,37754519
2026-05-18 10:30:00,1627.0,1634.8,1620.0,1630.1,99462409
2026-05-18 10:40:00,1630.4,1636.7,1627.0,1635.0,77205478
2026-05-18 10:50:00,1635.0,1641.7,1633.2,1641.0,84385102
2026-05-18 11:00:00,1640.9,1645.3,1639.8,1644.8,80991053
2026-05-18 11:10:00,1643.2,1648.7,1641.9,1648.4,95503407
2026-05-18 11:20:00,1647.3,1651.5,1646.1,1647.5,99540423
2026-05-18 11:30:00,1647.5,1651.0,1642.9,1649.9,118799994
2026-05-18 11:40:00,1648.1,1649.4,1641.2,1646.4,110183458
2026-05-18 11:50:00,1646.4,1648.5,1641.4,1643.6,125210120
2026-05-18 12:00:00,1643.6,1649.6,1642.3,1647.0,97005019
2026-05-18 12:15:00,1650.0,1653.2,1648.8,1651.5,13746
2026-05-18 12:20:00,1650.9,1653.9,1648.0,1649.3,103687771
2026-05-18 12:30:00,1649.3,1653.5,1647.5,1650.9,120523402
2026-05-18 12:40:00,1650.5,1653.0,1649.2,1651.1,122381439
2026-05-18 12:50:00,1652.4,1653.0,1648.6,1652.5,129819999
2026-05-18 13:00:00,1652.5,1653.5,1650.4,1650.8,117890144
2026-05-18 13:10:00,1650.8,1655.0,1650.0,1653.6,136455627
2026-05-18 13:20:00,1654.1,1657.3,1647.7,1657.3,146450682
2026-05-18 13:30:00,1657.0,1657.5,1645.4,1651.1,172483616
2026-05-18 13:40:00,1649.2,1655.0,1648.4,1652.2,145729433
2026-05-18 13:50:00,1653.2,1655.0,1651.3,1654.0,143232805
2026-05-18 14:00:00,1652.7,1654.9,1641.7,1643.5,198946034
2026-05-18 14:10:00,1643.5,1643.9,1639.0,1642.7,184037093
2026-05-18 14:20:00,1642.7,1643.4,1639.4,1641.4,139896504
2026-05-18 14:30:00,1641.6,1642.3,1637.0,1637.0,155269279
2026-05-18 14:40:00,1636.5,1637.5,1632.0,1635.0,192752545
2026-05-18 14:50:00,1635.0,1640.6,1633.1,1640.0,170863001
2026-05-18 15:00:00,1639.9,1643.3,1637.6,1642.3,156321649
2026-05-18 15:10:00,1642.3,1646.3,1641.1,1646.2,133239428
2026-05-18 15:20:00,1645.3,1655.0,1645.1,1650.0,138905244
2026-05-19 09:20:00,1647.9,1657.6,1645.0,1648.7,3777975
2026-05-19 09:30:00,1647.5,1651.0,1634.0,1643.5,7842983
2026-05-19 09:40:00,1644.7,1647.7,1641.7,1644.9,8728175
2026-05-19 09:50:00,1645.8,1647.9,1642.1,1646.0,11636407
2026-05-19 10:00:00,1645.8,1649.7,1645.0,1648.0,12759439
2026-05-19 10:10:00,1648.0,1648.8,1640.1,1642.7,13417108
2026-05-19 10:20:00,1641.5,1652.0,1641.5,1650.4,17520426
2026-05-19 10:30:00,1650.4,1654.3,1650.1,1652.0,17944701
2026-05-19 10:40:00,1650.7,1652.0,1648.0,1651.8,19105588
2026-05-19 10:50:00,1651.8,1654.8,1649.0,1651.1,21461699
2026-05-19 11:00:00,1651.1,1653.8,1651.1,1652.3,19704860
2026-05-19 11:10:00,1652.3,1653.7,1651.0,1651.4,19959146
2026-05-19 11:20:00,1651.4,1652.0,1650.0,1650.1,22911465
2026-05-19 11:30:00,1650.8,1655.6,1650.1,1653.6,30397042
2026-05-19 11:40:00,1653.6,1653.6,1650.0,1651.0,25580908
2026-05-19 11:50:00,1651.0,1651.0,1648.0,1648.0,23384036
2026-05-19 12:00:00,1648.0,1654.6,1648.0,1652.4,26990747
2026-05-19 12:10:00,1652.4,1653.8,1651.2,1651.5,27907597
2026-05-19 12:20:00,1651.7,1662.0,1651.3,1658.3,41737586
2026-05-19 12:30:00,1658.3,1659.9,1655.1,1657.9,32688882
2026-05-19 12:40:00,1657.9,1661.1,1654.7,1659.8,41525616
2026-05-19 12:50:00,1659.8,1661.0,1657.7,1659.3,42966271
2026-05-19 13:00:00,1659.3,1660.0,1655.4,1660.0,41137010
2026-05-19 13:10:00,1660.0,1660.0,1656.3,1656.9,47135514
2026-05-19 13:20:00,1656.9,1658.5,1649.9,1655.6,48571368
2026-05-19 13:30:00,1655.6,1657.6,1653.1,1653.5,39493090
2026-05-19 13:40:00,1653.5,1655.4,1653.0,1654.1,44374419
2026-05-19 13:50:00,1654.1,1657.0,1652.3,1654.3,52712631
2026-05-19 14:00:00,1654.3,1657.0,1650.4,1652.0,52490448
2026-05-19 14:10:00,1652.0,1654.4,1651.2,1653.4,55558183
2026-05-19 14:20:00,1653.6,1654.6,1652.0,1653.4,52074648
2026-05-19 14:30:00,1653.4,1660.0,1652.3,1655.7,59827998
2026-05-19 14:40:00,1655.7,1655.7,1650.7,1653.0,54894975
2026-05-19 14:50:00,1653.0,1654.9,1650.0,1651.3,57508697
2026-05-19 15:00:00,1651.3,1659.5,1651.1,1658.1,58290703
2026-05-19 15:10:00,1658.2,1658.6,1653.1,1655.9,55693453
2026-05-19 15:20:00,1655.3,1657.3,1650.0,1650.2,60023664
2026-05-20 09:20:00,1649.5,1654.9,1647.9,1654.5,1130408
2026-05-20 09:30:00,1654.4,1659.8,1650.1,1651.9,2205464
2026-05-20 09:40:00,1651.9,1675.0,1647.4,1672.0,7753677
2026-05-20 09:50:00,1673.5,1678.3,1659.7,1666.2,16674924
2026-05-20 10:00:00,1666.9,1667.4,1658.1,1659.4,16445284
2026-05-20 10:10:00,1659.4,1668.0,1657.9,1661.7,23499116
2026-05-20 10:20:00,1661.2,1662.5,1653.6,1658.1,21180241
2026-05-20 10:30:00,1658.1,1661.3,1655.9,1658.8,18649364
2026-05-20 10:40:00,1658.8,1658.8,1654.1,1655.6,18773007
2026-05-20 10:50:00,1655.6,1657.0,1655.0,1655.0,16955402
2026-05-20 11:00:00,1655.0,1656.6,1651.5,1653.0,17606829
2026-05-20 11:10:00,1653.0,1655.6,1649.2,1650.5,21524918
2026-05-20 11:20:00,1651.7,1652.4,1650.5,1651.5,18732580
2026-05-20 11:30:00,1651.5,1655.0,1650.0,1653.4,21206103
2026-05-20 11:40:00,1653.4,1654.2,1651.6,1652.4,23856941
2026-05-20 11:50:00,1652.4,1656.4,1652.4,1655.4,27782598
2026-05-20 12:00:00,1655.4,1656.7,1653.0,1654.6,21921907
2026-05-20 12:10:00,1654.6,1656.5,1653.2,1653.5,16327952
2026-05-20 12:20:00,1653.5,1658.4,1653.2,1654.0,29072222
2026-05-20 12:30:00,1654.0,1657.0,1654.0,1656.2,23517154
2026-05-20 12:40:00,1656.2,1658.5,1641.6,1644.0,38994209
2026-05-20 12:50:00,1644.0,1645.0,1640.7,1641.9,40205610
2026-05-20 13:00:00,1641.9,1642.8,1640.2,1641.4,38447171
2026-05-20 13:10:00,1641.4,1642.9,1638.3,1641.4,38268219
2026-05-20 13:20:00,1640.9,1640.9,1637.4,1639.0,33876868
2026-05-20 13:30:00,1639.0,1641.6,1638.1,1640.3,30625482
2026-05-20 13:40:00,1640.3,1640.3,1636.0,1637.5,36433462
2026-05-20 13:50:00,1637.5,1639.3,1635.5,1639.2,37787359
2026-05-20 14:00:00,1639.7,1640.3,1638.2,1638.9,26346591
2026-05-20 14:10:00,1639.7,1653.8,1638.9,1651.1,74230309
2026-05-20 14:20:00,1651.1,1653.0,1646.8,1649.0,65758866
2026-05-20 14:30:00,1649.0,1651.2,1646.8,1650.5,59891319
2026-05-20 14:40:00,1650.5,1653.0,1649.7,1651.9,70467083
2026-05-20 14:50:00,1652.1,1653.3,1649.4,1649.4,106853642
2026-05-20 15:00:00,1647.8,1653.0,1644.0,1652.0,72197558
2026-05-20 15:10:00,1651.9,1653.4,1643.0,1643.0,45232592
2026-05-20 15:20:00,1643.0,1644.2,1638.0,1641.9,61279723
2026-05-21 09:20:00,1631.6,1633.3,1625.1,1631.3,2280937
2026-05-21 09:30:00,1628.0,1633.0,1622.2,1627.1,3736797
2026-05-21 09:40:00,1627.1,1639.4,1625.0,1639.3,6505079
2026-05-21 09:50:00,1639.3,1640.4,1631.3,1631.9,7389376
2026-05-21 10:00:00,1633.0,1633.8,1626.6,1626.7,7420295
2026-05-21 10:10:00,1626.7,1634.8,1625.5,1627.9,12267923
2026-05-21 10:20:00,1628.7,1631.3,1619.0,1621.2,5692733
2026-05-21 10:30:00,1621.2,1629.6,1619.8,1625.2,14386132
2026-05-21 10:40:00,1625.2,1628.0,1624.7,1627.0,15831461
2026-05-21 10:50:00,1627.0,1629.2,1625.0,1627.8,12638977
2026-05-21 11:00:00,1629.0,1629.0,1625.6,1627.7,15430127
2026-05-21 11:10:00,1627.6,1629.3,1623.7,1627.6,16078994
2026-05-21 11:20:00,1627.6,1634.0,1626.5,1631.9,19543023
2026-05-21 11:30:00,1631.9,1637.3,1630.0,1633.5,22579597
2026-05-21 11:40:00,1633.4,1635.7,1632.3,1634.7,18058595
2026-05-21 11:50:00,1634.7,1636.8,1631.0,1633.4,19015786
2026-05-21 12:00:00,1633.4,1636.0,1633.4,1635.5,19284465
2026-05-21 12:10:00,1635.5,1638.3,1635.4,1636.4,22147226
2026-05-21 12:20:00,1637.3,1639.4,1636.3,1637.4,21210771
2026-05-21 12:30:00,1637.4,1638.7,1635.0,1637.0,21926211
2026-05-21 12:40:00,1637.0,1639.4,1635.5,1637.5,23560828
2026-05-21 12:50:00,1637.5,1639.4,1637.4,1639.2,21183466
2026-05-21 13:00:00,1639.2,1639.5,1637.2,1638.2,21820646
2026-05-21 13:10:00,1638.2,1639.7,1638.2,1638.3,23919917
2026-05-21 13:20:00,1638.3,1642.5,1638.3,1642.5,24231103
2026-05-21 13:30:00,1641.5,1645.0,1641.2,1644.0,23838030
2026-05-21 13:40:00,1644.0,1646.3,1644.0,1645.4,10280313
2026-05-21 13:45:00,1645.9,1646.4,1642.9,1644.0,857
2026-05-21 13:55:00,1644.0,1647.7,1643.2,1645.9,1998
2026-05-21 14:00:00,1646.5,1646.9,1645.0,1645.6,15458242
2026-05-21 14:05:00,1646.3,1646.9,1645.0,1645.6,540
2026-05-21 14:10:00,1645.6,1646.3,1644.3,1644.6,20330263
2026-05-21 14:40:00,1639.1,1641.0,1638.0,1639.1,12850471
2026-05-21 14:50:00,1639.1,1640.4,1636.0,1638.8,23892031
2026-05-21 15:00:00,1637.6,1641.5,1634.6,1640.3,35341441
2026-05-21 15:10:00,1640.3,1642.5,1631.5,1633.4,37554513
2026-05-21 15:20:00,1633.4,1660.0,1627.2,1651.5,40368520
