datetime,open,high,low,close,volume
2026-02-01 09:15:00,289.5,289.5,286.25,287.35,24727
2026-02-01 09:25:00,287.4,290.2,287.2,289.55,19912
2026-02-01 09:35:00,289.55,292.0,289.2,290.1,32232
2026-02-01 09:45:00,290.1,290.45,289.65,290.3,3700
2026-02-01 09:55:00,290.3,290.3,289.75,289.95,2466
2026-02-01 10:05:00,289.95,290.0,289.5,289.85,6601
2026-02-01 10:15:00,289.9,289.95,289.4,289.65,6391
2026-02-01 10:25:00,289.65,289.65,288.95,289.2,7346
2026-02-01 10:35:00,289.2,289.9,289.2,289.75,5154
2026-02-01 10:45:00,289.75,289.85,288.85,289.3,1730
2026-02-01 10:55:00,289.3,289.6,288.3,288.6,9089
2026-02-01 11:05:00,288.4,288.85,288.0,288.15,7311
2026-02-01 11:15:00,288.15,288.35,287.75,288.05,7547
2026-02-01 11:25:00,288.05,288.3,287.85,288.05,4047
2026-02-01 11:35:00,288.05,288.05,286.45,286.5,14242
2026-02-01 11:45:00,286.35,286.85,285.4,286.35,14936
2026-02-01 11:55:00,286.25,286.35,285.35,285.5,3269
2026-02-01 12:05:00,285.5,286.35,284.25,285.3,18654
2026-02-01 12:15:00,285.3,285.5,284.25,284.5,10284
2026-02-01 12:25:00,284.5,285.1,280.65,282.9,59186
2026-02-01 12:35:00,283.15,285.55,282.85,285.4,14193
2026-02-01 12:45:00,285.45,285.55,283.1,283.6,61577
2026-02-01 12:55:00,283.6,285.55,283.25,285.05,29530
2026-02-01 13:05:00,285.05,285.95,284.4,285.1,15602
2026-02-01 13:15:00,285.1,285.15,284.2,284.5,1276
2026-02-01 13:25:00,284.45,284.5,283.0,283.25,4304
2026-02-01 13:35:00,283.5,283.7,283.1,283.35,3385
2026-02-01 13:45:00,283.35,284.45,282.4,282.75,9373
2026-02-01 13:55:00,282.7,284.25,282.55,283.6,13575
2026-02-01 14:05:00,283.6,283.7,283.05,283.6,4690
2026-02-01 14:15:00,283.6,283.6,283.1,283.4,1696
2026-02-01 14:25:00,283.55,284.75,283.55,284.65,11374
2026-02-01 14:35:00,284.65,284.65,283.5,283.6,2863
2026-02-01 14:45:00,283.5,283.5,281.05,281.4,14658
2026-02-01 14:55:00,281.25,282.65,281.15,281.95,11055
2026-02-01 15:05:00,281.85,282.3,281.5,281.85,22598
2026-02-01 15:15:00,281.5,281.8,280.2,281.25,34175
2026-02-01 15:25:00,281.35,281.35,281.0,281.35,27623
2026-02-02 09:15:00,281.0,286.05,281.0,284.6,210727
2026-02-02 09:25:00,284.65,285.45,283.7,284.5,55922
2026-02-02 09:35:00,284.45,285.25,283.6,283.6,36030
2026-02-02 09:45:00,283.6,285.15,283.15,285.15,48383
2026-02-02 09:55:00,285.15,285.5,284.5,284.7,38229
2026-02-02 10:05:00,284.7,285.0,284.4,284.8,28787
2026-02-02 10:15:00,284.75,284.9,284.25,284.3,30916
2026-02-02 10:25:00,284.3,285.65,284.2,285.25,56919
2026-02-02 10:35:00,285.15,285.8,284.6,285.15,34842
2026-02-02 10:45:00,285.15,285.15,284.15,284.2,21572
2026-02-02 10:55:00,284.25,284.3,283.0,283.1,39319
2026-02-02 11:05:00,283.15,283.4,282.5,283.35,34180
2026-02-02 11:15:00,283.25,283.45,282.65,283.1,23480
2026-02-02 11:25:00,283.1,283.15,282.2,282.55,305704
2026-02-02 11:35:00,282.4,283.45,282.2,283.1,445281
2026-02-02 11:45:00,283.1,284.2,283.0,283.85,243192
2026-02-02 11:55:00,283.8,284.55,283.15,283.75,188882
2026-02-02 12:05:00,283.9,285.0,283.5,284.9,69719
2026-02-02 12:15:00,284.9,285.2,284.65,284.8,34596
2026-02-02 12:25:00,284.8,285.45,284.35,285.15,57370
2026-02-02 12:35:00,285.15,285.15,284.5,284.8,25702
2026-02-02 12:45:00,284.7,285.4,284.7,284.9,29048
2026-02-02 12:55:00,284.9,285.95,284.8,285.85,39779
2026-02-02 13:05:00,285.95,287.15,285.85,286.25,171392
2026-02-02 13:15:00,286.25,286.6,285.15,285.75,31319
2026-02-02 13:25:00,285.75,287.2,285.55,287.2,47389
2026-02-02 13:35:00,287.2,287.7,287.05,287.55,29464
2026-02-02 13:45:00,287.6,287.6,286.6,287.15,44795
2026-02-02 13:55:00,287.15,287.8,287.1,287.7,25533
2026-02-02 14:05:00,287.7,287.7,287.25,287.65,18644
2026-02-02 14:15:00,287.65,288.45,287.5,288.15,66269
2026-02-02 14:25:00,288.2,289.45,288.2,288.3,100979
2026-02-02 14:35:00,288.3,289.0,287.5,288.95,56127
2026-02-02 14:45:00,288.85,289.65,288.85,289.3,27392
2026-02-02 14:55:00,289.3,289.85,289.25,289.45,44491
2026-02-02 15:05:00,289.35,290.5,289.3,290.15,133952
2026-02-02 15:15:00,290.25,290.45,290.0,290.45,115623
2026-02-02 15:25:00,290.45,291.5,290.0,291.0,81698
2026-02-03 09:15:00,293.1,295.35,290.65,291.55,373398
2026-02-03 09:25:00,291.55,291.75,289.45,290.0,117777
2026-02-03 09:35:00,290.0,290.5,288.05,288.15,73328
2026-02-03 09:45:00,287.6,291.2,287.6,290.75,137913
2026-02-03 09:55:00,290.8,292.1,289.75,291.3,211329
2026-02-03 10:05:00,291.3,291.65,290.6,291.45,141573
2026-02-03 10:15:00,291.45,292.2,291.45,292.1,65577
2026-02-03 10:25:00,292.1,292.15,291.85,292.15,280562
2026-02-03 10:35:00,292.15,292.3,291.85,292.05,162184
2026-02-03 10:45:00,292.05,292.85,291.9,291.95,275394
2026-02-03 10:55:00,291.95,292.8,291.85,292.4,142193
2026-02-03 11:05:00,292.3,292.9,292.3,292.85,43621
2026-02-03 11:15:00,292.85,293.05,292.7,293.0,30365
2026-02-03 11:25:00,293.05,293.75,293.0,293.75,53999
2026-02-03 11:35:00,293.75,294.25,293.55,293.95,46831
2026-02-03 11:45:00,293.95,294.1,293.7,294.0,33890
2026-02-03 11:55:00,293.95,294.3,293.65,293.7,34690
2026-02-03 12:05:00,293.8,293.85,293.45,293.7,40460
2026-02-03 12:15:00,293.7,294.0,293.5,293.95,27819
2026-02-03 12:25:00,294.0,294.1,293.5,294.05,27767
2026-02-03 12:35:00,294.05,294.05,293.25,293.85,27268
2026-02-03 12:45:00,293.9,294.0,293.35,293.5,29224
2026-02-03 12:55:00,293.55,293.8,293.4,293.55,34876
2026-02-03 13:05:00,293.6,294.25,293.4,293.7,101165
2026-02-03 13:15:00,293.7,294.4,293.5,294.35,29807
2026-02-03 13:25:00,294.35,294.35,293.4,294.3,79818
2026-02-03 13:35:00,294.3,294.75,294.0,294.75,42478
2026-02-03 13:45:00,294.8,295.75,294.6,295.6,120692
2026-02-03 13:55:00,295.6,295.9,295.1,295.75,70758
2026-02-03 14:05:00,295.75,296.1,295.3,296.0,69900
2026-02-03 14:15:00,296.0,296.6,295.7,296.2,107974
2026-02-03 14:25:00,296.1,296.5,295.75,296.5,164658
2026-02-03 14:35:00,296.5,297.55,296.25,297.55,138258
2026-02-03 14:45:00,297.6,298.95,297.1,298.4,316250
2026-02-03 14:55:00,298.4,298.75,297.0,297.4,246934
2026-02-03 15:05:00,297.45,297.5,297.05,297.25,168010
2026-02-03 15:15:00,297.25,298.25,297.1,297.7,257384
2026-02-03 15:25:00,297.6,297.9,297.0,297.5,111804
2026-02-04 09:15:00,298.5,298.9,295.35,298.4,159706
2026-02-04 09:25:00,298.6,300.0,298.4,299.6,161889
2026-02-04 09:35:00,299.6,299.65,297.9,299.0,116894
2026-02-04 09:45:00,299.0,302.35,298.85,299.8,324872
2026-02-04 09:55:00,299.75,301.25,299.6,300.8,126975
2026-02-04 10:05:00,300.8,301.4,299.85,300.45,82048
2026-02-04 10:15:00,300.45,300.95,300.2,300.2,85630
2026-02-04 10:25:00,300.2,300.3,299.8,300.2,43596
2026-02-04 10:35:00,300.2,300.2,298.95,299.15,87813
2026-02-04 10:45:00,299.15,299.4,299.0,299.15,34468
2026-02-04 10:55:00,299.15,299.35,298.4,299.3,54385
2026-02-04 11:05:00,299.25,299.6,298.2,298.2,35844
2026-02-04 11:15:00,298.05,298.45,297.7,297.85,64759
2026-02-04 11:25:00,297.7,298.0,297.65,297.85,29370
2026-02-04 11:35:00,297.85,298.0,297.3,297.4,23526
2026-02-04 11:45:00,297.35,297.5,296.4,296.95,61529
2026-02-04 11:55:00,296.95,297.55,296.85,296.9,28805
2026-02-04 12:05:00,296.9,297.25,296.8,296.8,26654
2026-02-04 12:15:00,296.8,296.9,295.65,296.1,43608
2026-02-04 12:25:00,296.0,296.8,295.95,296.25,54320
2026-02-04 12:35:00,296.4,296.75,296.0,296.25,30079
2026-02-04 12:45:00,296.35,296.65,296.2,296.2,30724
2026-02-04 12:55:00,296.2,296.55,296.0,296.3,22483
2026-02-04 13:05:00,296.3,296.65,296.15,296.3,26961
2026-02-04 13:15:00,296.3,296.6,296.15,296.45,20554
2026-02-04 13:25:00,296.45,296.75,296.25,296.3,23300
2026-02-04 13:35:00,296.3,296.75,296.05,296.5,25660
2026-02-04 13:45:00,296.5,296.9,296.0,296.7,47510
2026-02-04 13:55:00,296.95,296.95,296.15,296.6,24124
2026-02-04 14:05:00,296.6,296.8,296.3,296.5,31788
2026-02-04 14:15:00,296.75,297.1,296.6,296.85,43198
2026-02-04 14:25:00,296.85,298.0,296.65,297.85,72606
2026-02-04 14:35:00,297.8,297.95,297.45,297.65,55731
2026-02-04 14:45:00,297.65,298.0,297.4,297.85,74077
2026-02-04 14:55:00,297.85,298.85,297.65,298.5,151385
2026-02-04 15:05:00,298.75,299.15,298.25,299.15,147691
2026-02-04 15:15:00,299.15,299.15,297.8,297.9,186445
2026-02-04 15:25:00,297.85,298.25,297.05,297.6,84942
2026-02-05 09:15:00,300.0,301.25,297.35,299.8,198910
2026-02-05 09:25:00,299.8,300.05,298.8,298.95,65724
2026-02-05 09:35:00,298.95,299.2,298.55,298.7,60607
2026-02-05 09:45:00,298.7,298.7,297.7,297.7,36356
2026-02-05 09:55:00,297.7,298.15,297.25,297.85,34663
2026-02-05 10:05:00,297.85,297.85,297.05,297.2,16152
2026-02-05 10:15:00,297.3,298.9,297.25,298.6,18077
2026-02-05 10:25:00,298.6,299.0,298.05,298.4,25786
2026-02-05 10:35:00,298.4,298.45,297.75,297.75,28630
2026-02-05 10:45:00,297.7,297.95,297.2,297.35,18675
2026-02-05 10:55:00,297.35,297.55,297.1,297.35,11932
2026-02-05 11:05:00,297.45,297.6,297.25,297.5,7451
2026-02-05 11:15:00,297.5,297.95,297.4,297.85,11554
2026-02-05 11:25:00,297.9,297.9,297.65,297.8,10572
2026-02-05 11:35:00,297.8,298.4,297.6,298.25,18176
2026-02-05 11:45:00,298.25,298.25,297.35,297.5,11179
2026-02-05 11:55:00,297.5,298.2,297.3,297.9,14389
2026-02-05 12:05:00,298.0,298.0,297.3,297.3,7824
2026-02-05 12:15:00,297.4,297.5,296.75,297.4,28954
2026-02-05 12:25:00,297.85,298.3,297.55,298.0,43830
2026-02-05 12:35:00,298.0,298.4,297.25,297.85,127744
2026-02-05 12:45:00,297.85,298.65,297.75,298.65,27153
2026-02-05 12:55:00,298.5,299.1,298.4,298.45,55881
2026-02-05 13:05:00,298.45,298.95,298.45,298.6,15836
2026-02-05 13:15:00,298.6,299.0,298.5,298.7,15877
2026-02-05 13:25:00,298.7,299.35,298.5,299.0,57762
2026-02-05 13:35:00,299.15,299.35,298.85,299.25,19746
2026-02-05 13:45:00,299.25,299.35,298.8,299.1,35130
2026-02-05 13:55:00,299.1,299.3,298.5,298.6,35201
2026-02-05 14:05:00,298.6,298.9,298.45,298.75,63716
2026-02-05 14:15:00,298.75,298.85,298.45,298.85,40108
2026-02-05 14:25:00,298.9,299.3,298.7,299.2,33166
2026-02-05 14:35:00,299.05,299.2,298.75,298.9,14843
2026-02-05 14:45:00,298.8,299.35,298.8,299.35,155428
2026-02-05 14:55:00,299.35,299.75,299.2,299.55,96321
2026-02-05 15:05:00,299.55,299.6,299.3,299.5,118043
2026-02-05 15:15:00,299.55,299.55,297.8,297.9,176574
2026-02-05 15:25:00,297.85,298.0,297.25,297.65,61566
2026-02-06 09:15:00,298.0,298.1,295.35,297.55,113141
2026-02-06 09:25:00,297.7,297.7,295.1,295.3,65337
2026-02-06 09:35:00,295.3,295.4,294.15,294.35,60226
2026-02-06 09:45:00,294.3,296.05,294.3,295.3,42012
2026-02-06 09:55:00,295.3,295.3,294.4,294.8,64518
2026-02-06 10:05:00,294.8,295.6,294.7,294.7,42803
2026-02-06 10:15:00,294.7,295.95,294.35,295.15,29403
2026-02-06 10:25:00,295.1,295.55,294.5,294.7,65829
2026-02-06 10:35:00,294.7,295.65,293.9,295.6,109473
2026-02-06 10:45:00,295.35,295.35,294.2,294.4,64354
2026-02-06 10:55:00,294.3,295.45,294.2,295.45,39721
2026-02-06 11:05:00,295.45,295.9,295.15,295.85,15903
2026-02-06 11:15:00,295.85,296.2,295.65,296.2,15102
2026-02-06 11:25:00,296.2,296.85,295.7,296.75,66715
2026-02-06 11:35:00,296.75,296.75,295.85,296.0,44718
2026-02-06 11:45:00,296.0,296.0,295.4,295.5,19932
2026-02-06 11:55:00,295.55,295.95,295.3,295.3,16622
2026-02-06 12:05:00,295.3,295.3,294.45,295.1,23702
2026-02-06 12:15:00,295.1,295.3,295.0,295.0,16744
2026-02-06 12:25:00,295.0,295.2,294.55,294.55,13767
2026-02-06 12:35:00,294.55,295.5,294.55,294.8,31106
2026-02-06 12:45:00,294.8,294.85,294.35,294.65,12316
2026-02-06 12:55:00,294.65,295.45,294.65,295.35,27485
2026-02-06 13:05:00,295.3,296.05,295.25,295.75,21005
2026-02-06 13:15:00,295.75,296.1,295.5,295.6,17430
2026-02-06 13:25:00,295.6,295.7,295.5,295.5,16202
2026-02-06 13:35:00,295.5,295.95,295.5,295.9,7837
2026-02-06 13:45:00,295.9,296.3,295.1,295.1,86948
2026-02-06 13:55:00,295.1,295.55,295.0,295.15,18902
2026-02-06 14:05:00,295.15,295.15,294.6,295.1,19145
2026-02-06 14:15:00,295.1,295.75,295.0,295.2,21896
2026-02-06 14:25:00,295.2,295.45,294.9,295.0,26420
2026-02-06 14:35:00,295.3,295.5,295.0,295.25,24849
2026-02-06 14:45:00,295.25,295.35,294.75,295.35,18430
2026-02-06 14:55:00,295.35,296.15,295.35,295.55,58199
2026-02-06 15:05:00,295.6,296.0,295.3,295.95,104427
2026-02-06 15:15:00,295.95,296.15,295.75,295.8,102581
2026-02-06 15:25:00,295.8,297.0,295.75,296.6,67155
2026-02-09 09:15:00,296.9,297.75,295.35,297.3,121706
2026-02-09 09:25:00,297.35,297.35,295.15,295.4,25770
2026-02-09 09:35:00,295.4,295.65,295.05,295.3,25263
2026-02-09 09:45:00,295.3,296.55,295.1,296.55,63775
2026-02-09 09:55:00,296.6,297.2,296.55,297.0,46601
2026-02-09 10:05:00,297.0,297.3,296.9,296.95,26350
2026-02-09 10:15:00,296.95,297.85,296.75,297.85,47167
2026-02-09 10:25:00,297.85,299.2,297.4,298.95,278846
2026-02-09 10:35:00,298.8,299.25,298.1,299.15,178811
2026-02-09 10:45:00,299.15,299.75,298.9,299.5,316379
2026-02-09 10:55:00,299.5,300.6,299.45,300.25,208246
2026-02-09 11:05:00,300.25,301.55,299.1,299.2,365486
2026-02-09 11:15:00,299.2,299.3,297.7,298.15,106004
2026-02-09 11:25:00,298.15,298.85,297.75,298.8,100389
2026-02-09 11:35:00,298.8,298.85,297.6,297.95,85110
2026-02-09 11:45:00,297.95,298.4,297.9,298.1,32249
2026-02-09 11:55:00,298.1,298.2,297.5,297.7,14379
2026-02-09 12:05:00,297.7,298.2,297.35,298.2,26241
2026-02-09 12:15:00,298.2,299.3,298.2,299.2,71397
2026-02-09 12:25:00,299.2,299.2,298.9,299.1,51726
2026-02-09 12:35:00,299.05,299.55,298.95,298.95,31142
2026-02-09 12:45:00,299.0,299.1,299.0,299.1,21817
2026-02-09 12:55:00,299.0,299.4,299.0,299.3,22221
2026-02-09 13:05:00,299.35,301.35,299.2,301.2,326407
2026-02-09 13:15:00,301.2,301.5,301.05,301.5,51773
2026-02-09 13:25:00,301.5,301.5,301.0,301.1,75489
2026-02-09 13:35:00,301.1,301.2,301.0,301.0,89396
2026-02-09 13:45:00,301.0,301.5,301.0,301.45,73393
2026-02-09 13:55:00,301.35,301.7,301.0,301.2,47154
2026-02-09 14:05:00,301.3,301.3,299.8,299.8,33878
2026-02-09 14:15:00,299.8,299.9,299.6,299.75,31260
2026-02-09 14:25:00,299.9,300.2,299.6,299.6,34874
2026-02-09 14:35:00,299.6,299.8,299.4,299.5,41307
2026-02-09 14:45:00,299.5,299.55,299.1,299.35,45204
2026-02-09 14:55:00,299.35,300.4,299.2,300.15,80271
2026-02-09 15:05:00,300.2,300.2,300.05,300.1,86494
2026-02-09 15:15:00,300.15,300.3,299.8,299.9,141245
2026-02-09 15:25:00,299.9,300.0,299.1,300.0,71933
2026-02-10 09:15:00,299.9,301.0,297.35,301.0,152013
2026-02-10 09:25:00,301.05,301.2,300.4,300.8,63356
2026-02-10 09:35:00,300.95,301.55,300.7,301.1,66940
2026-02-10 09:45:00,301.1,301.1,299.85,299.85,27381
2026-02-10 09:55:00,299.85,300.4,299.65,300.1,22675
2026-02-10 10:05:00,300.2,300.2,299.3,299.3,13419
2026-02-10 10:15:00,299.45,300.0,299.3,299.95,21355
2026-02-10 10:25:00,299.95,300.4,299.65,299.9,12296
2026-02-10 10:35:00,299.9,300.2,299.85,300.1,14721
2026-02-10 10:45:00,300.0,300.0,299.7,299.9,12354
2026-02-10 10:55:00,299.9,300.4,299.75,300.35,59029
2026-02-10 11:05:00,300.2,300.7,300.15,300.65,35299
2026-02-10 11:15:00,300.95,302.5,300.75,302.4,85181
2026-02-10 11:25:00,302.4,302.95,302.3,302.95,74515
2026-02-10 11:35:00,302.95,303.6,302.85,303.15,79493
2026-02-10 11:45:00,303.3,303.45,302.75,303.1,51299
2026-02-10 11:55:00,303.15,303.2,302.8,303.0,29937
2026-02-10 12:05:00,303.0,303.4,302.85,303.3,34718
2026-02-10 12:15:00,303.25,303.5,302.8,302.8,18202
2026-02-10 12:25:00,302.8,302.95,302.25,302.75,24642
2026-02-10 12:35:00,302.75,302.95,302.35,302.55,21363
2026-02-10 12:45:00,302.55,303.15,302.4,303.05,50224
2026-02-10 12:55:00,303.05,303.95,303.05,303.9,61843
2026-02-10 13:05:00,303.75,304.45,303.6,303.8,89124
2026-02-10 13:15:00,304.0,304.0,303.0,303.0,48125
2026-02-10 13:25:00,303.0,303.6,302.55,302.75,81169
2026-02-10 13:35:00,302.75,303.0,302.4,302.75,31256
2026-02-10 13:45:00,302.85,303.05,302.6,303.05,24066
2026-02-10 13:55:00,303.2,304.25,302.9,303.0,54066
2026-02-10 14:05:00,303.15,305.0,303.0,304.7,220394
2026-02-10 14:15:00,304.7,305.1,304.0,305.0,207452
2026-02-10 14:25:00,305.0,305.05,304.3,304.55,86702
2026-02-10 14:35:00,304.55,304.9,304.35,304.6,48184
2026-02-10 14:45:00,304.6,304.95,304.6,304.7,76178
2026-02-10 14:55:00,304.7,304.9,304.3,304.4,90615
2026-02-10 15:05:00,304.4,304.4,303.7,303.8,98783
2026-02-10 15:15:00,303.8,303.8,303.0,303.25,191401
2026-02-10 15:25:00,303.2,303.7,303.1,303.35,67969
2026-02-11 09:15:00,303.8,304.0,302.5,303.15,62730
2026-02-11 09:25:00,303.0,303.35,302.25,302.35,34781
2026-02-11 09:35:00,302.35,302.55,302.1,302.4,26179
2026-02-11 09:45:00,302.45,302.8,302.25,302.8,23883
2026-02-11 09:55:00,302.8,303.3,302.25,302.65,59839
2026-02-11 10:05:00,302.75,302.95,301.5,301.65,36153
2026-02-11 10:15:00,301.6,302.0,301.35,301.95,33436
2026-02-11 10:25:00,301.95,302.2,301.65,301.75,17997
2026-02-11 10:35:00,301.75,302.1,301.7,302.05,15819
2026-02-11 10:45:00,302.05,302.85,302.0,302.5,20238
2026-02-11 10:55:00,302.5,302.75,302.2,302.2,11268
2026-02-11 11:05:00,302.3,302.4,301.75,302.05,17996
2026-02-11 11:15:00,302.1,302.25,301.15,301.35,27395
2026-02-11 11:25:00,301.35,301.9,301.35,301.85,9549
2026-02-11 11:35:00,301.85,302.7,301.75,302.6,36468
2026-02-11 11:45:00,302.6,303.0,302.6,302.7,23889
2026-02-11 11:55:00,302.5,302.85,302.35,302.8,21542
2026-02-11 12:05:00,302.65,302.8,302.25,302.65,14736
2026-02-11 12:15:00,302.65,302.7,302.1,302.7,18793
2026-02-11 12:25:00,302.7,302.9,302.3,302.45,15648
2026-02-11 12:35:00,302.3,302.6,302.15,302.35,15063
2026-02-11 12:45:00,302.35,302.7,302.3,302.55,14401
2026-02-11 12:55:00,302.55,302.9,302.3,302.4,17888
2026-02-11 13:05:00,302.25,303.55,302.25,303.4,44369
2026-02-11 13:15:00,303.4,303.5,303.05,303.4,44618
2026-02-11 13:25:00,303.45,304.45,303.3,304.45,71073
2026-02-11 13:35:00,304.3,304.3,303.35,303.65,26749
2026-02-11 13:45:00,303.65,303.9,303.35,303.6,24453
2026-02-11 13:55:00,303.6,303.65,302.95,303.15,41044
2026-02-11 14:05:00,303.15,303.5,303.05,303.5,14605
2026-02-11 14:15:00,303.55,303.55,303.0,303.1,25871
2026-02-11 14:25:00,303.05,303.6,303.0,303.5,53213
2026-02-11 14:35:00,303.5,303.65,303.1,303.5,42874
2026-02-11 14:45:00,303.4,303.8,303.05,303.6,62926
2026-02-11 14:55:00,303.6,304.1,303.5,303.75,104754
2026-02-11 15:05:00,303.8,304.25,303.75,304.2,119520
2026-02-11 15:15:00,304.2,304.2,303.65,303.8,160565
2026-02-11 15:25:00,303.85,304.0,303.5,303.5,76901
2026-02-12 09:15:00,303.8,305.25,302.7,304.4,185023
2026-02-12 09:25:00,304.45,304.45,302.6,302.9,163778
2026-02-12 09:35:00,302.9,302.9,301.45,302.6,84809
2026-02-12 09:45:00,302.6,302.6,301.35,302.5,36361
2026-02-12 09:55:00,302.5,302.5,301.65,301.85,27183
2026-02-12 10:05:00,301.85,302.7,301.8,302.45,30434
2026-02-12 10:15:00,302.45,303.15,301.85,303.1,33261
2026-02-12 10:25:00,302.75,303.2,302.4,303.1,60390
2026-02-12 10:35:00,303.1,303.2,301.9,301.95,22433
2026-02-12 10:45:00,302.0,302.05,301.6,301.85,26562
2026-02-12 10:55:00,301.85,302.25,301.75,302.15,30288
2026-02-12 11:05:00,302.3,302.35,301.4,301.75,45121
2026-02-12 11:15:00,301.75,302.0,300.85,301.3,47430
2026-02-12 11:25:00,301.3,301.55,301.2,301.3,23232
2026-02-12 11:35:00,301.3,301.35,300.85,301.05,28204
2026-02-12 11:45:00,301.05,301.5,300.4,300.8,67446
2026-02-12 11:55:00,300.8,301.7,300.55,301.05,60757
2026-02-12 12:05:00,301.05,301.15,300.5,300.7,27959
2026-02-12 12:15:00,300.55,302.2,300.55,302.2,61378
2026-02-12 12:25:00,302.15,302.4,301.25,301.25,102666
2026-02-12 12:35:00,301.25,303.6,300.85,302.4,328139
2026-02-12 12:45:00,302.45,302.5,301.7,301.9,35350
2026-02-12 12:55:00,301.9,302.0,301.3,301.65,30466
2026-02-12 13:05:00,301.65,301.75,300.8,300.95,27176
2026-02-12 13:15:00,301.05,302.4,300.95,301.7,79861
2026-02-12 13:25:00,301.7,302.0,301.35,301.9,54206
2026-02-12 13:35:00,301.9,302.45,301.6,302.2,72547
2026-02-12 13:45:00,302.2,302.9,301.25,301.6,95870
2026-02-12 13:55:00,301.6,302.55,301.5,301.6,82267
2026-02-12 14:05:00,301.6,301.8,301.4,301.6,60728
2026-02-12 14:15:00,301.55,301.7,300.8,301.25,107385
2026-02-12 14:25:00,301.15,301.25,298.15,298.25,112989
2026-02-12 14:35:00,298.35,298.35,296.65,296.85,94400
2026-02-12 14:45:00,296.75,296.9,295.0,296.85,124772
2026-02-12 14:55:00,296.9,298.25,296.85,297.65,107661
2026-02-12 15:05:00,297.65,297.65,296.6,297.1,159442
2026-02-12 15:15:00,297.15,297.55,296.8,296.8,213574
2026-02-12 15:25:00,297.2,297.3,296.05,296.8,101988
2026-02-13 09:15:00,291.85,294.65,289.5,292.05,324817
2026-02-13 09:25:00,292.0,292.05,287.9,288.05,90798
2026-02-13 09:35:00,288.4,289.2,287.55,288.7,97643
2026-02-13 09:45:00,288.75,288.75,287.1,287.5,42916
2026-02-13 09:55:00,287.35,287.8,287.05,287.8,48225
2026-02-13 10:05:00,287.9,288.15,286.5,286.7,77485
2026-02-13 10:15:00,286.7,286.95,286.05,286.85,46828
2026-02-13 10:25:00,286.85,288.9,286.8,288.75,59178
2026-02-13 10:35:00,288.75,289.8,288.75,289.55,63982
2026-02-13 10:45:00,289.55,289.8,288.65,288.7,20907
2026-02-13 10:55:00,288.6,289.4,288.6,289.15,15942
2026-02-13 11:05:00,289.15,289.55,288.8,289.3,21382
2026-02-13 11:15:00,289.2,289.4,288.3,288.75,18872
2026-02-13 11:25:00,288.75,290.4,288.75,289.45,84537
2026-02-13 11:35:00,289.35,290.15,289.05,290.15,50556
2026-02-13 11:45:00,290.15,290.8,289.6,290.1,45772
2026-02-13 11:55:00,290.1,290.4,289.85,290.4,17675
2026-02-13 12:05:00,290.3,290.7,290.2,290.5,21634
2026-02-13 12:15:00,290.5,290.7,289.9,290.7,46608
2026-02-13 12:25:00,290.7,291.3,289.9,290.9,52071
2026-02-13 12:35:00,290.9,290.9,290.4,290.75,29510
2026-02-13 12:45:00,290.6,291.0,289.9,290.5,43967
2026-02-13 12:55:00,290.55,291.0,290.4,290.8,58546
2026-02-13 13:05:00,290.8,291.25,290.55,291.0,51307
2026-02-13 13:15:00,291.0,291.4,290.7,291.1,29775
2026-02-13 13:25:00,291.1,291.2,290.7,291.05,91531
2026-02-13 13:35:00,291.05,291.55,291.0,291.5,16437
2026-02-13 13:45:00,291.4,291.4,290.8,291.0,97848
2026-02-13 13:55:00,291.0,291.15,290.75,291.05,74378
2026-02-13 14:05:00,291.0,291.25,290.65,291.05,138896
2026-02-13 14:15:00,291.05,291.4,290.95,291.35,38669
2026-02-13 14:25:00,291.35,291.6,291.0,291.05,41277
2026-02-13 14:35:00,291.05,291.4,291.0,291.2,172764
2026-02-13 14:45:00,291.2,291.6,290.95,291.25,162947
2026-02-13 14:55:00,291.25,292.1,290.85,291.2,130119
2026-02-13 15:05:00,291.2,291.3,290.15,290.4,91520
2026-02-13 15:15:00,290.4,290.65,289.55,289.9,178325
2026-02-13 15:25:00,289.95,289.95,289.0,289.85,47763
2026-02-16 09:15:00,288.3,290.0,287.95,288.1,67465
2026-02-16 09:25:00,288.25,289.35,288.0,289.15,29542
2026-02-16 09:35:00,289.15,289.15,287.4,287.5,29380
2026-02-16 09:45:00,287.65,288.05,287.35,288.0,25026
2026-02-16 09:55:00,288.0,289.25,288.0,288.85,17470
2026-02-16 10:05:00,288.85,289.1,288.45,288.95,17662
2026-02-16 10:15:00,288.85,289.15,288.55,288.95,9271
2026-02-16 10:25:00,288.95,289.25,288.65,288.9,11078
2026-02-16 10:35:00,288.9,289.75,288.8,289.4,8684
2026-02-16 10:45:00,289.4,289.95,289.1,289.7,12353
2026-02-16 10:55:00,289.85,290.4,289.7,290.25,17296
2026-02-16 11:05:00,290.4,290.4,290.0,290.3,6394
2026-02-16 11:15:00,290.1,290.9,290.1,290.85,7208
2026-02-16 11:25:00,290.85,290.9,290.35,290.35,10138
2026-02-16 11:35:00,290.35,290.7,290.05,290.45,8246
2026-02-16 11:45:00,290.35,290.45,290.0,290.0,8607
2026-02-16 11:55:00,290.0,290.85,290.0,290.45,8268
2026-02-16 12:05:00,290.45,290.95,290.45,290.6,5454
2026-02-16 12:15:00,290.6,290.9,290.3,290.6,7604
2026-02-16 12:25:00,290.6,290.7,290.35,290.7,4344
2026-02-16 12:35:00,290.7,291.3,290.55,290.85,13671
2026-02-16 12:45:00,290.85,291.25,290.75,291.25,8963
2026-02-16 12:55:00,291.25,292.0,291.0,291.5,11285
2026-02-16 13:05:00,291.45,292.15,291.35,291.9,8532
2026-02-16 13:15:00,291.9,292.0,291.6,291.9,13884
2026-02-16 13:25:00,291.8,292.4,291.6,292.2,22573
2026-02-16 13:35:00,292.2,293.2,292.15,293.2,34221
2026-02-16 13:45:00,293.2,293.8,293.1,293.25,24444
2026-02-16 13:55:00,293.35,293.4,293.0,293.2,12713
2026-02-16 14:05:00,293.2,293.55,293.0,293.35,17042
2026-02-16 14:15:00,293.35,294.35,293.15,294.2,61190
2026-02-16 14:25:00,294.15,294.65,294.0,294.4,25063
2026-02-16 14:35:00,294.4,294.65,294.0,294.3,18572
2026-02-16 14:45:00,294.35,294.35,293.6,293.7,12370
2026-02-16 14:55:00,293.7,295.25,293.65,294.7,64695
2026-02-16 15:05:00,294.75,295.0,294.3,294.8,110653
2026-02-16 15:15:00,294.8,294.85,294.5,294.65,145547
2026-02-16 15:25:00,294.65,294.75,293.0,293.0,189504
2026-02-17 09:15:00,294.15,295.45,292.35,294.5,41181
2026-02-17 09:25:00,294.5,296.0,293.95,295.55,37380
2026-02-17 09:35:00,295.3,296.35,295.3,296.25,52325
2026-02-17 09:45:00,296.2,296.55,295.75,296.45,17244
2026-02-17 09:55:00,296.45,296.6,295.45,295.45,23492
2026-02-17 10:05:00,295.55,296.35,295.2,296.2,10540
2026-02-17 10:15:00,296.15,296.25,295.4,295.65,16565
2026-02-17 10:25:00,295.65,296.35,295.6,295.65,11939
2026-02-17 10:35:00,295.65,295.75,294.9,295.1,46148
2026-02-17 10:45:00,295.05,295.45,294.4,295.4,14748
2026-02-17 10:55:00,295.4,295.75,294.0,294.5,27809
2026-02-17 11:05:00,294.5,294.5,294.1,294.2,2258
2026-02-17 11:15:00,294.2,294.8,294.1,294.65,7094
2026-02-17 11:25:00,294.65,294.8,294.1,294.35,11891
2026-02-17 11:35:00,294.35,294.65,294.0,294.1,6477
2026-02-17 11:45:00,294.1,294.65,294.0,294.65,5538
2026-02-17 11:55:00,294.65,294.85,294.15,294.2,3405
2026-02-17 12:05:00,294.2,295.1,294.2,294.9,8630
2026-02-17 12:15:00,294.9,296.4,294.9,296.15,33515
2026-02-17 12:25:00,296.15,296.2,295.75,296.0,8617
2026-02-17 12:35:00,296.15,297.0,296.0,296.5,22618
2026-02-17 12:45:00,296.5,297.0,296.35,297.0,7224
2026-02-17 12:55:00,296.9,297.0,296.1,296.15,12804
2026-02-17 13:05:00,296.15,296.7,295.9,296.1,8549
2026-02-17 13:15:00,296.1,296.2,295.8,296.1,5994
2026-02-17 13:25:00,296.1,296.5,296.1,296.4,7742
2026-02-17 13:35:00,296.4,296.4,295.65,296.05,15364
2026-02-17 13:45:00,296.05,296.2,295.55,295.75,3168
2026-02-17 13:55:00,295.75,296.8,295.7,296.45,7786
2026-02-17 14:05:00,296.25,296.65,295.6,295.6,12371
2026-02-17 14:15:00,295.7,296.3,295.65,296.0,14176
2026-02-17 14:25:00,296.0,296.15,295.15,295.25,10098
2026-02-17 14:35:00,295.25,296.4,295.25,295.6,9553
2026-02-17 14:45:00,295.65,296.05,295.5,296.05,9540
2026-02-17 14:55:00,296.05,297.0,295.75,296.95,55550
2026-02-17 15:05:00,296.9,296.95,296.45,296.65,40393
2026-02-17 15:15:00,296.55,296.75,296.45,296.7,40086
2026-02-17 15:25:00,296.7,297.0,296.3,296.55,32211
2026-02-18 09:15:00,297.0,299.65,296.6,298.85,117832
2026-02-18 09:25:00,298.8,299.1,298.5,298.65,20659
2026-02-18 09:35:00,298.75,298.85,298.3,298.55,12066
2026-02-18 09:45:00,298.55,298.65,297.75,298.0,19565
2026-02-18 09:55:00,298.0,299.5,297.7,299.5,35401
2026-02-18 10:05:00,299.5,299.75,299.0,299.1,26821
2026-02-18 10:15:00,299.1,299.5,299.1,299.4,37606
2026-02-18 10:25:00,299.4,299.85,298.95,299.75,30362
2026-02-18 10:35:00,299.65,299.9,299.6,299.8,16112
2026-02-18 10:45:00,299.8,300.3,299.8,300.2,59932
2026-02-18 10:55:00,300.3,300.3,300.05,300.25,13422
2026-02-18 11:05:00,300.25,300.25,299.9,300.0,11013
2026-02-18 11:15:00,300.1,300.25,299.9,300.1,15381
2026-02-18 11:25:00,300.2,300.7,300.0,300.5,151490
2026-02-18 11:35:00,300.5,300.5,300.0,300.1,23871
2026-02-18 11:45:00,300.1,300.35,299.6,299.95,272430
2026-02-18 11:55:00,299.95,300.6,299.85,300.6,50638
2026-02-18 12:05:00,300.6,300.65,300.0,300.0,23646
2026-02-18 12:15:00,300.1,300.5,300.0,300.45,25312
2026-02-18 12:25:00,300.5,300.65,300.25,300.5,12517
2026-02-18 12:35:00,300.5,301.3,300.35,301.25,119685
2026-02-18 12:45:00,301.25,301.4,300.75,301.25,42659
2026-02-18 12:55:00,301.25,301.5,301.1,301.5,18127
2026-02-18 13:05:00,301.5,303.6,301.4,303.4,349440
2026-02-18 13:15:00,303.4,304.8,303.4,304.2,76538
2026-02-18 13:25:00,304.2,305.75,304.0,305.7,175352
2026-02-18 13:35:00,305.7,306.9,305.05,306.0,172571
2026-02-18 13:45:00,306.1,308.85,306.1,307.9,254719
2026-02-18 13:55:00,307.9,308.25,306.0,306.6,288786
2026-02-18 14:05:00,306.65,307.3,306.25,306.5,142653
2026-02-18 14:15:00,306.55,306.8,305.2,305.45,146725
2026-02-18 14:25:00,305.5,305.5,304.1,304.4,114366
2026-02-18 14:35:00,304.45,304.45,303.3,303.9,108256
2026-02-18 14:45:00,303.85,304.65,303.7,304.65,64928
2026-02-18 14:55:00,304.65,305.35,304.25,304.55,84667
2026-02-18 15:05:00,304.6,304.85,304.4,304.5,54312
2026-02-18 15:15:00,304.6,304.65,303.1,303.9,108095
2026-02-18 15:25:00,303.8,304.0,303.0,303.15,61889
2026-02-19 09:15:00,303.95,307.0,302.7,306.15,92410
2026-02-19 09:25:00,306.0,306.15,305.0,305.05,27498
2026-02-19 09:35:00,305.15,305.95,305.15,305.3,25165
2026-02-19 09:45:00,305.35,305.7,305.0,305.2,12587
2026-02-19 09:55:00,305.2,305.3,304.5,304.7,24305
2026-02-19 10:05:00,304.7,304.85,303.1,303.15,25095
2026-02-19 10:15:00,303.15,303.65,302.75,303.2,8990
2026-02-19 10:25:00,303.2,303.55,303.15,303.4,3964
2026-02-19 10:35:00,303.2,303.4,302.9,303.15,10360
2026-02-19 10:45:00,303.25,304.05,303.0,303.8,27874
2026-02-19 10:55:00,303.8,304.8,303.7,304.5,12841
2026-02-19 11:05:00,304.5,305.95,304.15,305.45,45043
2026-02-19 11:15:00,305.5,305.85,305.0,305.5,34611
2026-02-19 11:25:00,305.5,306.0,305.15,305.65,17831
2026-02-19 11:35:00,305.65,305.75,305.0,305.1,16593
2026-02-19 11:45:00,305.1,305.2,304.45,304.9,22108
2026-02-19 11:55:00,304.75,304.95,304.2,304.3,9824
2026-02-19 12:05:00,304.3,304.85,304.2,304.4,9599
2026-02-19 12:15:00,304.4,304.55,303.75,304.0,40693
2026-02-19 12:25:00,304.0,304.0,302.25,302.45,40400
2026-02-19 12:35:00,302.45,302.65,302.05,302.5,14151
2026-02-19 12:45:00,302.35,302.9,302.2,302.8,16260
2026-02-19 12:55:00,302.65,303.6,302.6,303.25,22529
2026-02-19 13:05:00,303.25,303.6,303.0,303.6,11360
2026-02-19 13:15:00,303.5,303.6,303.05,303.3,7182
2026-02-19 13:25:00,303.3,303.3,302.35,302.85,21364
2026-02-19 13:35:00,302.7,302.9,302.5,302.8,5227
2026-02-19 13:45:00,302.8,302.9,302.35,302.65,5760
2026-02-19 13:55:00,302.65,303.0,302.2,302.4,9865
2026-02-19 14:05:00,302.25,303.0,302.15,302.95,11286
2026-02-19 14:15:00,302.7,303.2,302.7,302.85,13078
2026-02-19 14:25:00,302.75,303.1,302.25,302.75,38809
2026-02-19 14:35:00,302.55,302.8,301.75,301.85,18218
2026-02-19 14:45:00,301.85,303.85,301.85,303.8,56052
2026-02-19 14:55:00,303.8,304.0,302.8,302.95,79694
2026-02-19 15:05:00,303.0,303.0,301.7,301.7,91616
2026-02-19 15:15:00,301.9,301.95,300.3,301.1,135748
2026-02-19 15:25:00,301.25,301.65,300.7,300.7,72106
2026-02-20 09:15:00,302.5,303.85,300.85,303.35,70262
2026-02-20 09:25:00,303.05,304.5,302.75,304.2,45848
2026-02-20 09:35:00,304.2,304.8,304.0,304.6,29106
2026-02-20 09:45:00,304.6,305.55,304.25,305.4,85439
2026-02-20 09:55:00,305.4,305.65,305.0,305.65,27556
2026-02-20 10:05:00,305.65,305.9,304.85,305.0,40532
2026-02-20 10:15:00,305.05,305.7,305.05,305.6,24616
2026-02-20 10:25:00,305.6,306.3,305.5,305.8,47865
2026-02-20 10:35:00,305.7,307.05,305.35,307.0,57329
2026-02-20 10:45:00,307.0,307.5,306.95,307.4,45407
2026-02-20 10:55:00,307.4,307.4,306.85,307.0,34669
2026-02-20 11:05:00,306.9,307.0,306.2,306.3,34859
2026-02-20 11:15:00,306.2,306.7,306.0,306.1,30373
2026-02-20 11:25:00,306.1,306.7,306.0,306.3,14884
2026-02-20 11:35:00,306.3,306.6,306.25,306.4,15512
2026-02-20 11:45:00,306.4,306.65,306.0,306.05,10532
2026-02-20 11:55:00,306.0,306.5,305.7,305.8,24573
2026-02-20 12:05:00,305.8,306.7,305.7,306.7,32291
2026-02-20 12:15:00,306.7,306.8,306.3,306.3,29653
2026-02-20 12:25:00,306.3,306.8,306.0,306.65,40004
2026-02-20 12:35:00,306.8,306.85,306.55,306.85,9029
2026-02-20 12:45:00,306.85,306.85,306.05,306.3,14477
2026-02-20 12:55:00,306.3,306.6,306.0,306.2,13531
2026-02-20 13:05:00,306.05,306.2,305.2,305.9,25317
2026-02-20 13:15:00,305.6,306.0,305.5,306.0,22158
2026-02-20 13:25:00,306.0,306.75,305.85,306.7,30161
2026-02-20 13:35:00,306.55,306.95,306.5,306.65,21110
2026-02-20 13:45:00,306.8,307.1,306.55,306.75,43158
2026-02-20 13:55:00,306.75,307.0,306.6,306.85,6124
2026-02-20 14:05:00,306.95,307.5,306.65,307.0,29124
2026-02-20 14:15:00,307.0,307.35,306.45,306.45,23067
2026-02-20 14:25:00,306.45,306.5,305.8,305.9,31675
2026-02-20 14:35:00,305.9,306.0,305.25,305.75,33748
2026-02-20 14:45:00,305.85,306.25,305.75,306.2,14849
2026-02-20 14:55:00,306.2,307.6,306.15,306.8,123011
2026-02-20 15:05:00,306.85,306.95,306.4,306.85,100550
2026-02-20 15:15:00,306.85,306.9,306.15,306.5,118206
2026-02-20 15:25:00,306.5,306.5,305.35,306.3,66487
2026-02-23 09:15:00,308.0,308.0,305.0,306.2,107436
2026-02-23 09:25:00,306.2,307.85,306.2,307.4,50694
2026-02-23 09:35:00,307.45,307.75,307.05,307.5,36805
2026-02-23 09:45:00,307.5,307.5,306.05,306.25,22594
2026-02-23 09:55:00,306.25,306.25,305.35,305.5,18524
2026-02-23 10:05:00,305.5,306.55,305.0,306.0,59619
2026-02-23 10:15:00,306.0,306.15,305.5,305.9,10030
2026-02-23 10:25:00,305.8,305.95,305.55,305.9,17185
2026-02-23 10:35:00,305.9,305.9,305.5,305.55,16785
2026-02-23 10:45:00,305.55,306.85,305.55,306.65,24094
2026-02-23 10:55:00,306.65,307.65,306.65,307.65,40123
2026-02-23 11:05:00,307.65,307.65,307.0,307.4,11147
2026-02-23 11:15:00,307.4,307.55,306.6,307.05,47649
2026-02-23 11:25:00,306.9,307.05,306.1,306.3,28987
2026-02-23 11:35:00,306.2,306.2,305.6,305.75,17159
2026-02-23 11:45:00,305.75,305.95,305.35,305.7,26633
2026-02-23 11:55:00,305.65,306.0,305.5,305.95,15166
2026-02-23 12:05:00,305.95,306.05,305.65,305.85,8795
2026-02-23 12:15:00,305.85,306.35,305.75,305.85,12101
2026-02-23 12:25:00,305.9,305.9,305.4,305.45,10725
2026-02-23 12:35:00,305.45,305.75,305.25,305.45,20146
2026-02-23 12:45:00,305.65,306.0,304.75,305.25,27536
2026-02-23 12:55:00,305.25,305.4,304.5,304.9,22982
2026-02-23 13:05:00,304.9,305.0,304.5,304.55,12246
2026-02-23 13:15:00,304.65,305.0,304.5,304.9,7260
2026-02-23 13:25:00,304.85,304.95,304.6,304.8,9649
2026-02-23 13:35:00,304.85,305.5,304.6,305.5,12428
2026-02-23 13:45:00,305.45,305.45,305.1,305.2,7702
2026-02-23 13:55:00,305.3,305.3,304.7,304.85,10108
2026-02-23 14:05:00,304.85,305.35,304.8,304.95,11762
2026-02-23 14:15:00,304.85,305.55,304.85,305.5,20996
2026-02-23 14:25:00,305.5,306.0,305.1,305.4,28579
2026-02-23 14:35:00,305.4,305.6,304.5,304.75,25278
2026-02-23 14:45:00,304.6,305.55,304.6,305.55,22599
2026-02-23 14:55:00,305.45,306.45,305.45,306.4,57079
2026-02-23 15:05:00,306.4,306.5,306.15,306.35,78988
2026-02-23 15:15:00,306.35,306.8,305.95,306.8,135539
2026-02-23 15:25:00,306.8,307.0,306.35,306.5,58880
2026-02-24 09:15:00,306.45,309.85,306.45,309.45,272972
2026-02-24 09:25:00,309.55,309.75,309.15,309.55,199626
2026-02-24 09:35:00,309.5,310.7,308.3,309.1,347682
2026-02-24 09:45:00,309.0,309.65,308.95,309.25,125451
2026-02-24 09:55:00,309.35,309.35,308.2,308.7,83773
2026-02-24 10:05:00,308.75,308.75,307.7,307.95,82514
2026-02-24 10:15:00,307.95,307.95,305.75,306.9,140227
2026-02-24 10:25:00,306.75,307.0,306.45,306.45,99360
2026-02-24 10:35:00,306.4,307.6,306.1,306.9,128923
2026-02-24 10:45:00,306.9,306.95,305.95,306.05,86060
2026-02-24 10:55:00,306.05,306.3,304.9,305.4,161241
2026-02-24 11:05:00,305.4,305.55,304.9,305.45,92209
2026-02-24 11:15:00,305.45,305.45,304.3,304.7,82164
2026-02-24 11:25:00,304.85,304.95,304.6,304.8,109741
2026-02-24 11:35:00,304.8,305.0,304.15,304.25,80155
2026-02-24 11:45:00,304.35,304.45,303.35,303.6,63275
2026-02-24 11:55:00,303.6,304.05,303.3,303.7,123346
2026-02-24 12:05:00,303.7,304.3,303.7,304.15,140797
2026-02-24 12:15:00,304.15,304.4,303.9,303.95,43841
2026-02-24 12:25:00,303.95,303.95,303.5,303.9,60173
2026-02-24 12:35:00,303.9,304.35,303.7,303.85,83024
2026-02-24 12:45:00,303.85,304.0,303.5,303.75,53124
2026-02-24 12:55:00,303.75,303.9,303.5,303.9,50856
2026-02-24 13:05:00,303.85,304.05,303.6,303.8,37792
2026-02-24 13:15:00,303.8,303.9,303.5,303.65,36736
2026-02-24 13:25:00,303.55,303.95,303.5,303.7,58046
2026-02-24 13:35:00,303.7,304.0,303.2,303.45,94824
2026-02-24 13:45:00,303.4,303.55,302.7,303.2,207190
2026-02-24 13:55:00,303.25,303.8,303.1,303.15,85916
2026-02-24 14:05:00,303.1,304.5,302.85,304.5,62068
2026-02-24 14:15:00,304.25,305.35,304.25,304.6,175269
2026-02-24 14:25:00,304.55,305.7,304.3,305.6,175284
2026-02-24 14:35:00,305.6,307.0,305.6,306.85,130329
2026-02-24 14:45:00,306.7,308.25,306.4,308.1,189050
2026-02-24 14:55:00,308.15,308.85,307.65,308.5,248798
2026-02-24 15:05:00,308.5,308.7,307.9,308.05,178468
2026-02-24 15:15:00,308.05,308.15,307.05,307.1,243262
2026-02-24 15:25:00,307.1,308.45,307.0,307.0,108450
2026-02-25 09:15:00,308.95,312.55,307.65,312.15,424548
2026-02-25 09:25:00,312.15,312.75,310.85,311.0,142800
2026-02-25 09:35:00,311.05,311.1,309.4,309.6,106067
2026-02-25 09:45:00,309.6,309.7,309.05,309.2,24840
2026-02-25 09:55:00,309.2,311.55,309.2,311.05,109503
2026-02-25 10:05:00,311.3,311.55,310.2,310.2,34269
2026-02-25 10:15:00,310.3,311.1,310.2,310.9,95179
2026-02-25 10:25:00,311.0,312.7,310.45,312.5,139978
2026-02-25 10:35:00,312.65,312.8,312.15,312.15,81293
2026-02-25 10:45:00,312.15,313.2,312.1,313.1,87421
2026-02-25 10:55:00,313.1,313.5,312.95,313.15,60135
2026-02-25 11:05:00,313.05,314.8,312.6,314.6,180268
2026-02-25 11:15:00,314.6,316.0,314.45,315.15,218851
2026-02-25 11:25:00,314.95,316.25,314.95,315.45,133718
2026-02-25 11:35:00,315.45,315.8,315.1,315.5,56731
2026-02-25 11:45:00,315.5,315.85,315.15,315.3,80106
2026-02-25 11:55:00,315.4,315.4,314.1,314.45,74936
2026-02-25 12:05:00,314.65,314.85,314.1,314.85,47795
2026-02-25 12:15:00,314.8,315.1,314.35,314.8,66096
2026-02-25 12:25:00,314.9,315.9,314.1,314.1,79463
2026-02-25 12:35:00,314.15,314.35,314.0,314.05,50579
2026-02-25 12:45:00,314.15,314.15,312.05,313.1,226101
2026-02-25 12:55:00,313.2,313.6,312.55,312.8,67198
2026-02-25 13:05:00,312.95,313.6,312.85,313.3,65752
2026-02-25 13:15:00,313.35,313.4,312.65,312.85,61648
2026-02-25 13:25:00,312.8,313.85,312.65,313.45,66236
2026-02-25 13:35:00,313.45,313.75,313.0,313.15,46525
2026-02-25 13:45:00,313.15,313.45,312.95,313.45,40086
2026-02-25 13:55:00,313.45,313.7,313.05,313.35,48706
2026-02-25 14:05:00,313.35,313.5,312.85,313.3,40633
2026-02-25 14:15:00,313.3,313.9,313.1,313.7,41905
2026-02-25 14:25:00,313.55,313.7,312.5,312.75,40109
2026-02-25 14:35:00,312.8,313.0,311.85,312.7,59336
2026-02-25 14:45:00,312.85,312.85,312.5,312.85,72301
2026-02-25 14:55:00,312.95,314.45,312.8,314.15,182347
2026-02-25 15:05:00,314.15,314.35,313.5,313.75,193045
2026-02-25 15:15:00,313.75,314.05,313.35,313.75,233490
2026-02-25 15:25:00,313.8,314.25,313.0,313.8,110416
2026-02-26 09:15:00,314.0,315.7,313.5,314.55,186160
2026-02-26 09:25:00,314.6,314.75,313.8,313.85,32262
2026-02-26 09:35:00,313.85,314.4,313.45,313.7,34600
2026-02-26 09:45:00,313.7,313.8,312.7,313.15,39975
2026-02-26 09:55:00,313.15,315.4,312.6,315.2,73258
2026-02-26 10:05:00,315.25,315.55,314.5,315.0,79769
2026-02-26 10:15:00,315.0,315.45,314.8,315.25,23805
2026-02-26 10:25:00,315.25,315.65,314.95,315.5,51317
2026-02-26 10:35:00,315.5,316.0,315.35,315.95,98513
2026-02-26 10:45:00,316.15,316.35,315.85,316.15,99504
2026-02-26 10:55:00,316.2,316.65,315.8,316.15,172639
2026-02-26 11:05:00,316.15,316.15,315.4,315.75,27688
2026-02-26 11:15:00,315.75,316.0,315.45,315.9,43663
2026-02-26 11:25:00,315.9,316.3,315.85,316.1,128815
2026-02-26 11:35:00,316.1,316.8,316.0,316.1,114990
2026-02-26 11:45:00,316.1,316.45,316.0,316.2,36186
2026-02-26 11:55:00,316.2,316.5,316.2,316.4,24767
2026-02-26 12:05:00,316.4,316.65,316.25,316.45,18402
2026-02-26 12:15:00,316.45,316.5,316.0,316.05,33665
2026-02-26 12:25:00,316.2,316.7,316.0,316.25,30084
2026-02-26 12:35:00,316.25,316.5,315.9,316.3,48779
2026-02-26 12:45:00,316.3,316.35,315.85,316.0,82619
2026-02-26 12:55:00,316.0,316.05,314.5,315.95,105398
2026-02-26 13:05:00,315.95,316.25,315.4,315.75,33619
2026-02-26 13:15:00,315.8,316.4,315.35,316.3,60173
2026-02-26 13:25:00,316.3,316.4,316.15,316.2,26809
2026-02-26 13:35:00,316.2,317.4,316.1,317.35,153671
2026-02-26 13:45:00,317.25,317.4,316.95,317.15,50050
2026-02-26 13:55:00,317.15,317.5,315.55,315.9,227330
2026-02-26 14:05:00,315.9,316.25,315.2,316.1,77470
2026-02-26 14:15:00,316.1,316.2,316.0,316.1,17892
2026-02-26 14:25:00,316.1,316.45,316.0,316.0,47648
2026-02-26 14:35:00,316.05,316.5,316.0,316.45,114121
2026-02-26 14:45:00,316.45,316.65,315.6,316.2,255371
2026-02-26 14:55:00,316.2,317.25,316.1,317.0,120070
2026-02-26 15:05:00,317.05,317.05,316.5,316.55,95121
2026-02-26 15:15:00,316.6,317.65,316.55,317.45,159988
2026-02-26 15:25:00,317.45,317.6,317.0,317.6,74803
2026-02-27 09:15:00,317.0,320.45,316.1,319.15,434168
2026-02-27 09:25:00,319.1,319.85,319.1,319.4,150779
2026-02-27 09:35:00,319.4,323.5,319.0,323.15,465630
2026-02-27 09:45:00,323.15,323.65,322.35,323.35,258819
2026-02-27 09:55:00,323.5,323.5,322.55,322.65,131052
2026-02-27 10:05:00,322.5,322.7,321.25,321.6,147715
2026-02-27 10:15:00,321.7,323.8,321.7,323.55,149089
2026-02-27 10:25:00,323.7,324.3,323.6,324.05,124624
2026-02-27 10:35:00,324.15,324.7,323.9,324.55,172235
2026-02-27 10:45:00,324.75,324.75,323.15,323.9,198032
2026-02-27 10:55:00,324.1,324.4,323.75,324.4,107146
2026-02-27 11:05:00,324.35,325.45,324.25,325.3,179776
2026-02-27 11:15:00,325.2,325.8,325.2,325.65,101620
2026-02-27 11:25:00,325.65,326.4,324.95,325.2,230251
2026-02-27 11:35:00,325.2,325.8,324.9,325.6,114565
2026-02-27 11:45:00,325.65,325.9,325.4,325.8,108719
2026-02-27 11:55:00,325.65,325.8,323.55,324.55,323550
2026-02-27 12:05:00,324.7,325.0,324.5,324.8,60091
2026-02-27 12:15:00,324.8,325.6,324.7,325.25,79768
2026-02-27 12:25:00,325.3,325.75,325.15,325.7,63665
2026-02-27 12:35:00,325.7,326.0,325.4,325.7,110548
2026-02-27 12:45:00,325.75,326.0,325.2,325.75,70253
2026-02-27 12:55:00,325.85,325.9,324.05,324.3,190325
2026-02-27 13:05:00,324.35,324.4,324.0,324.2,84420
2026-02-27 13:15:00,324.2,325.2,324.0,325.0,131405
2026-02-27 13:25:00,325.0,325.05,324.4,324.7,84723
2026-02-27 13:35:00,324.55,324.85,324.05,324.4,105844
2026-02-27 13:45:00,324.4,324.5,323.6,324.0,195073
2026-02-27 13:55:00,323.85,324.4,323.8,324.2,123085
2026-02-27 14:05:00,324.2,324.4,324.0,324.1,151825
2026-02-27 14:15:00,324.1,324.5,324.0,324.35,175048
2026-02-27 14:25:00,324.35,324.5,324.0,324.2,185702
2026-02-27 14:35:00,324.2,325.05,324.2,324.5,217565
2026-02-27 14:45:00,324.65,324.95,323.8,324.2,252243
2026-02-27 14:55:00,324.3,324.4,323.2,323.3,602182
2026-02-27 15:05:00,323.3,323.7,322.5,323.25,970599
2026-02-27 15:15:00,323.3,324.0,323.2,323.6,795153
2026-02-27 15:25:00,323.75,324.2,322.0,322.45,340122
2026-03-02 09:15:00,315.0,321.0,314.95,321.0,479687
2026-03-02 09:25:00,321.0,321.0,315.85,316.5,297565
2026-03-02 09:35:00,316.55,316.55,315.1,315.6,198096
2026-03-02 09:45:00,315.6,315.75,314.0,314.2,173943
2026-03-02 09:55:00,314.2,315.05,312.7,313.0,220868
2026-03-02 10:05:00,313.0,313.05,311.3,311.85,132006
2026-03-02 10:15:00,311.95,312.8,311.3,312.25,114001
2026-03-02 10:25:00,312.1,312.55,311.6,312.45,123936
2026-03-02 10:35:00,312.3,312.95,312.0,312.3,82159
2026-03-02 10:45:00,312.25,312.8,312.0,312.3,78094
2026-03-02 10:55:00,312.15,315.7,312.15,315.35,179170
2026-03-02 11:05:00,315.15,316.0,315.0,316.0,150014
2026-03-02 11:15:00,316.0,316.15,315.5,316.15,96185
2026-03-02 11:25:00,316.05,316.15,315.35,315.5,99034
2026-03-02 11:35:00,315.5,315.65,313.35,313.7,200626
2026-03-02 11:45:00,313.6,313.75,312.55,312.8,93342
2026-03-02 11:55:00,312.85,312.9,311.95,312.15,138815
2026-03-02 12:05:00,312.15,312.3,311.8,312.05,43942
2026-03-02 12:15:00,312.05,312.15,311.15,311.85,212537
2026-03-02 12:25:00,311.65,311.8,310.15,310.75,76069
2026-03-02 12:35:00,310.75,310.75,309.2,309.6,73230
2026-03-02 12:45:00,309.4,310.95,309.4,310.75,67831
2026-03-02 12:55:00,310.75,311.25,310.3,310.5,60066
2026-03-02 13:05:00,310.35,310.55,309.65,309.85,25035
2026-03-02 13:15:00,309.85,309.85,309.1,309.35,15770
2026-03-02 13:25:00,309.2,309.3,308.45,308.65,40619
2026-03-02 13:35:00,308.65,308.75,308.2,308.6,28641
2026-03-02 13:45:00,308.5,308.7,307.5,307.65,47903
2026-03-02 13:55:00,307.55,308.8,307.25,308.75,51667
2026-03-02 14:05:00,308.75,309.9,308.3,308.7,75768
2026-03-02 14:15:00,308.55,309.0,308.25,308.5,80716
2026-03-02 14:25:00,308.4,308.5,306.65,307.9,78700
2026-03-02 14:35:00,308.1,309.0,307.75,308.4,76787
2026-03-02 14:45:00,308.4,308.45,307.05,307.3,91462
2026-03-02 14:55:00,307.2,309.0,306.5,308.8,124169
2026-03-02 15:05:00,308.85,308.85,307.7,307.95,128910
2026-03-02 15:15:00,307.8,309.65,307.75,309.05,159998
2026-03-02 15:25:00,308.95,310.5,308.45,310.15,147376
2026-03-04 09:15:00,298.0,298.0,284.4,288.4,2215197
2026-03-04 09:25:00,288.2,288.2,283.5,285.95,1590679
2026-03-04 09:35:00,285.95,286.8,284.15,285.3,615394
2026-03-04 09:45:00,285.3,285.3,280.7,281.0,1389080
2026-03-04 09:55:00,280.55,281.45,277.8,277.8,1487221
2026-03-04 10:05:00,277.8,277.8,271.75,277.35,1261490
2026-03-04 10:15:00,276.7,281.35,274.85,280.65,1625706
2026-03-04 10:25:00,280.65,280.9,278.05,278.2,611992
2026-03-04 10:35:00,278.35,281.15,278.0,279.4,773699
2026-03-04 10:45:00,279.25,280.9,279.25,280.65,483119
2026-03-04 10:55:00,280.65,281.45,279.95,281.3,885495
2026-03-04 11:05:00,281.3,281.35,280.15,280.35,384225
2026-03-04 11:15:00,280.35,281.2,280.15,281.0,316852
2026-03-04 11:25:00,281.05,281.1,279.1,279.4,401125
2026-03-04 11:35:00,279.4,279.9,278.8,279.4,215438
2026-03-04 11:45:00,279.3,280.65,278.9,279.35,166976
2026-03-04 11:55:00,279.55,280.45,279.35,280.2,101141
2026-03-04 12:05:00,280.2,281.05,279.1,280.05,200406
2026-03-04 12:15:00,280.05,280.5,279.5,279.7,131506
2026-03-04 12:25:00,279.7,280.0,279.0,279.85,199541
2026-03-04 12:35:00,279.85,280.35,279.65,280.15,113264
2026-03-04 12:45:00,280.0,280.75,279.85,280.5,133206
2026-03-04 12:55:00,280.65,280.8,280.1,280.45,122491
2026-03-04 13:05:00,280.5,281.5,280.05,281.3,192039
2026-03-04 13:15:00,281.4,282.45,280.45,282.45,349879
2026-03-04 13:25:00,282.45,282.65,281.7,282.0,428475
2026-03-04 13:35:00,282.0,282.2,281.4,281.75,279886
2026-03-04 13:45:00,281.8,281.9,281.1,281.1,202623
2026-03-04 13:55:00,281.2,282.2,281.1,281.6,251333
2026-03-04 14:05:00,281.8,282.6,281.5,282.1,229413
2026-03-04 14:15:00,282.35,282.5,281.45,281.65,254853
2026-03-04 14:25:00,281.65,282.0,281.05,281.6,308316
2026-03-04 14:35:00,281.6,281.6,280.8,281.55,251469
2026-03-04 14:45:00,281.55,282.05,280.85,281.65,310984
2026-03-04 14:55:00,281.65,282.15,280.85,281.4,578671
2026-03-04 15:05:00,281.45,281.6,279.25,279.75,512872
2026-03-04 15:15:00,279.65,280.4,279.25,279.5,666722
2026-03-04 15:25:00,279.65,279.8,278.3,279.2,503819
2026-03-05 09:15:00,279.0,285.3,278.0,285.05,1531896
2026-03-05 09:25:00,285.05,286.95,281.4,281.8,685204
2026-03-05 09:35:00,281.8,284.7,281.55,284.4,359791
2026-03-05 09:45:00,284.45,284.55,283.25,284.2,162200
2026-03-05 09:55:00,284.25,285.1,283.95,284.95,136754
2026-03-05 10:05:00,285.0,285.8,284.8,285.0,138470
2026-03-05 10:15:00,285.0,285.7,284.6,284.7,131634
2026-03-05 10:25:00,284.7,284.7,283.7,284.6,147410
2026-03-05 10:35:00,284.65,284.65,283.05,284.2,125618
2026-03-05 10:45:00,284.1,284.8,283.7,284.35,150375
2026-03-05 10:55:00,284.4,285.3,284.35,284.55,115299
2026-03-05 11:05:00,284.6,288.6,284.55,288.35,558555
2026-03-05 11:15:00,288.25,289.4,287.2,287.6,239674
2026-03-05 11:25:00,287.6,287.65,285.95,286.45,210714
2026-03-05 11:35:00,286.45,286.75,286.05,286.5,117656
2026-03-05 11:45:00,286.45,286.45,284.7,286.0,314301
2026-03-05 11:55:00,286.0,286.8,285.3,286.8,144421
2026-03-05 12:05:00,286.85,287.5,286.65,287.05,106754
2026-03-05 12:15:00,287.05,289.35,287.0,288.6,199292
2026-03-05 12:25:00,288.7,288.8,288.0,288.35,149513
2026-03-05 12:35:00,288.35,289.1,288.3,288.4,94535
2026-03-05 12:45:00,288.3,288.65,288.05,288.6,117467
2026-03-05 12:55:00,288.6,290.5,288.6,289.35,158188
2026-03-05 13:05:00,289.4,289.55,287.7,287.7,208639
2026-03-05 13:15:00,287.6,287.7,285.15,286.3,394795
2026-03-05 13:25:00,286.35,286.65,285.4,285.55,163316
2026-03-05 13:35:00,285.6,286.05,285.15,285.25,159174
2026-03-05 13:45:00,285.3,285.8,285.0,285.1,153434
2026-03-05 13:55:00,285.1,287.3,285.0,287.1,254350
2026-03-05 14:05:00,287.25,287.25,285.65,285.95,300998
2026-03-05 14:15:00,285.95,286.8,285.7,286.8,211177
2026-03-05 14:25:00,286.8,287.2,286.65,286.95,239993
2026-03-05 14:35:00,287.1,289.45,286.7,288.95,721576
2026-03-05 14:45:00,288.95,293.35,288.85,293.0,799901
2026-03-05 14:55:00,292.9,294.8,291.6,294.55,1269036
2026-03-05 15:05:00,294.75,294.9,290.35,290.95,861594
2026-03-05 15:15:00,290.55,293.95,290.25,293.7,1361155
2026-03-05 15:25:00,293.7,295.0,293.1,295.0,641839
2026-03-06 09:15:00,289.85,292.8,288.3,291.8,823593
2026-03-06 09:25:00,291.75,294.25,291.75,291.95,303403
2026-03-06 09:35:00,292.0,294.15,291.8,294.1,143558
2026-03-06 09:45:00,294.15,294.25,292.1,292.75,1336628
2026-03-06 09:55:00,292.75,295.7,292.6,294.45,1405441
2026-03-06 10:05:00,294.6,296.5,294.6,295.0,1195165
2026-03-06 10:15:00,295.0,295.1,294.1,294.1,93307
2026-03-06 10:25:00,294.15,294.6,292.65,292.8,119255
2026-03-06 10:35:00,292.8,293.5,292.5,293.1,89371
2026-03-06 10:45:00,293.25,293.3,291.85,292.85,247634
2026-03-06 10:55:00,292.85,293.5,292.5,293.1,184908
2026-03-06 11:05:00,293.1,294.5,292.85,294.5,106382
2026-03-06 11:15:00,294.45,295.2,294.05,294.1,258164
2026-03-06 11:25:00,294.05,294.65,293.85,294.2,184030
2026-03-06 11:35:00,294.15,295.0,294.05,294.2,154073
2026-03-06 11:45:00,294.25,294.95,294.0,294.6,90804
2026-03-06 11:55:00,294.65,295.1,294.4,295.0,166056
2026-03-06 12:05:00,295.1,295.85,294.65,295.65,68790
2026-03-06 12:15:00,295.65,295.8,295.05,295.55,44900
2026-03-06 12:25:00,295.6,296.0,294.0,294.25,199288
2026-03-06 12:35:00,294.4,295.25,294.25,294.55,159355
2026-03-06 12:45:00,294.75,295.0,294.15,294.25,126419
2026-03-06 12:55:00,294.35,294.5,293.55,294.1,130332
2026-03-06 13:05:00,293.95,294.95,293.95,294.7,100650
2026-03-06 13:15:00,294.7,294.95,293.75,294.4,107742
2026-03-06 13:25:00,294.5,294.65,293.95,294.1,100651
2026-03-06 13:35:00,294.1,295.0,293.9,294.0,141951
2026-03-06 13:45:00,293.9,294.3,293.4,293.9,123742
2026-03-06 13:55:00,294.0,294.35,293.7,293.85,149660
2026-03-06 14:05:00,293.85,294.5,293.8,293.95,135161
2026-03-06 14:15:00,294.0,294.8,293.7,293.95,182169
2026-03-06 14:25:00,293.95,294.5,293.85,294.1,157393
2026-03-06 14:35:00,294.1,294.7,293.95,294.0,148894
2026-03-06 14:45:00,294.0,294.2,292.0,292.3,404897
2026-03-06 14:55:00,292.25,292.75,291.0,291.3,601628
2026-03-06 15:05:00,291.2,291.4,289.95,290.45,418246
2026-03-06 15:15:00,290.45,290.65,289.15,289.9,537403
2026-03-06 15:25:00,289.95,289.95,287.8,287.8,195584
2026-03-09 09:15:00,284.65,284.65,280.05,281.45,650837
2026-03-09 09:25:00,281.4,286.85,281.4,283.7,448840
2026-03-09 09:35:00,283.7,284.05,281.35,281.75,3025307
2026-03-09 09:45:00,281.7,282.8,281.15,281.4,212670
2026-03-09 09:55:00,281.35,282.2,280.15,280.25,171651
2026-03-09 10:05:00,280.2,280.35,278.75,279.2,276264
2026-03-09 10:15:00,279.25,279.3,277.75,278.55,278528
2026-03-09 10:25:00,278.45,278.55,277.1,277.25,157957
2026-03-09 10:35:00,277.3,277.35,276.65,277.35,182754
2026-03-09 10:45:00,277.25,279.1,276.0,278.7,236422
2026-03-09 10:55:00,278.65,279.9,278.05,278.2,115574
2026-03-09 11:05:00,278.2,278.65,276.35,276.5,152477
2026-03-09 11:15:00,276.35,277.1,275.7,277.0,153088
2026-03-09 11:25:00,277.0,278.65,276.9,278.35,317048
2026-03-09 11:35:00,278.45,279.05,277.55,278.35,136320
2026-03-09 11:45:00,278.35,278.95,276.55,276.75,123899
2026-03-09 11:55:00,276.6,276.75,275.05,275.55,98672
2026-03-09 12:05:00,275.55,275.75,274.85,275.6,136271
2026-03-09 12:15:00,275.75,275.95,275.35,275.8,69821
2026-03-09 12:25:00,275.75,276.25,275.1,275.55,89627
2026-03-09 12:35:00,275.6,276.2,275.4,275.55,128486
2026-03-09 12:45:00,275.6,275.95,274.95,275.45,78687
2026-03-09 12:55:00,275.45,275.75,274.95,275.05,86228
2026-03-09 13:05:00,275.05,275.65,274.9,275.15,71942
2026-03-09 13:15:00,275.1,275.6,274.45,274.6,93884
2026-03-09 13:25:00,274.4,275.45,274.3,275.25,86834
2026-03-09 13:35:00,275.05,275.4,274.25,274.4,56446
2026-03-09 13:45:00,274.4,274.95,273.95,274.5,133064
2026-03-09 13:55:00,274.6,276.7,274.5,276.05,242387
2026-03-09 14:05:00,276.05,277.15,276.05,276.9,216584
2026-03-09 14:15:00,276.85,278.05,276.15,276.8,155510
2026-03-09 14:25:00,276.8,277.4,275.9,275.9,117599
2026-03-09 14:35:00,275.9,276.65,275.9,276.55,126344
2026-03-09 14:45:00,276.5,277.55,276.4,276.95,149421
2026-03-09 14:55:00,276.9,278.0,276.8,277.9,197954
2026-03-09 15:05:00,278.3,279.45,278.1,278.45,326604
2026-03-09 15:15:00,278.4,279.75,278.2,278.75,316728
2026-03-09 15:25:00,278.8,279.9,278.0,279.25,138701
2026-03-10 09:15:00,285.95,290.0,284.5,288.5,652580
2026-03-10 09:25:00,288.6,291.45,288.4,291.35,699720
2026-03-10 09:35:00,291.2,291.5,288.75,290.5,624542
2026-03-10 09:45:00,290.5,292.3,289.95,290.15,627037
2026-03-10 09:55:00,290.15,290.65,289.15,290.3,756337
2026-03-10 10:05:00,290.3,290.65,289.95,290.15,233134
2026-03-10 10:15:00,290.15,290.5,288.1,289.0,697291
2026-03-10 10:25:00,289.0,290.0,288.55,289.25,857469
2026-03-10 10:35:00,289.35,290.35,289.25,289.55,369446
2026-03-10 10:45:00,289.55,290.15,288.35,288.6,406234
2026-03-10 10:55:00,288.65,289.8,288.6,288.7,244823
2026-03-10 11:05:00,288.6,289.65,288.6,289.2,142927
2026-03-10 11:15:00,289.4,289.75,289.0,289.35,153388
2026-03-10 11:25:00,289.35,289.45,288.8,289.35,185446
2026-03-10 11:35:00,289.35,292.15,289.25,292.1,488181
2026-03-10 11:45:00,292.1,292.5,290.1,290.4,300940
2026-03-10 11:55:00,290.4,290.6,290.0,290.2,129748
2026-03-10 12:05:00,290.2,290.6,288.5,288.6,190840
2026-03-10 12:15:00,288.6,288.9,288.15,288.2,125266
2026-03-10 12:25:00,288.2,288.65,288.2,288.45,84827
2026-03-10 12:35:00,288.45,289.0,288.4,288.55,96123
2026-03-10 12:45:00,288.5,288.65,287.65,288.15,155275
2026-03-10 12:55:00,288.2,288.9,288.05,288.4,73799
2026-03-10 13:05:00,288.4,288.6,287.85,287.85,79761
2026-03-10 13:15:00,287.55,288.15,286.65,286.7,200449
2026-03-10 13:25:00,286.8,287.8,286.4,287.45,301025
2026-03-10 13:35:00,287.4,289.25,287.35,288.95,209370
2026-03-10 13:45:00,288.9,289.15,288.6,288.95,90395
2026-03-10 13:55:00,288.85,289.45,288.6,288.7,221858
2026-03-10 14:05:00,288.75,289.45,288.65,289.35,77159
2026-03-10 14:15:00,289.25,289.85,288.9,289.15,134851
2026-03-10 14:25:00,289.15,290.0,288.9,289.15,409287
2026-03-10 14:35:00,289.1,289.75,289.05,289.45,134421
2026-03-10 14:45:00,289.5,290.8,289.0,290.75,284999
2026-03-10 14:55:00,290.75,290.8,289.55,289.9,311850
2026-03-10 15:05:00,289.85,290.5,289.7,290.0,297289
2026-03-10 15:15:00,289.95,291.3,289.9,291.0,501782
2026-03-10 15:25:00,291.0,291.0,289.25,289.3,322798
2026-03-11 09:15:00,293.4,296.1,291.1,295.35,227983
2026-03-11 09:25:00,295.4,296.65,294.35,294.8,136008
2026-03-11 09:35:00,294.6,294.85,293.2,294.25,106874
2026-03-11 09:45:00,294.25,294.3,292.45,292.75,40459
2026-03-11 09:55:00,292.65,293.0,292.05,292.85,76841
2026-03-11 10:05:00,292.75,292.8,292.0,292.3,78845
2026-03-11 10:15:00,292.3,292.7,291.9,292.45,77003
2026-03-11 10:25:00,292.35,292.75,292.0,292.25,40560
2026-03-11 10:35:00,292.25,292.4,291.4,291.4,72238
2026-03-11 10:45:00,291.4,291.9,291.35,291.7,32386
2026-03-11 10:55:00,291.7,292.2,291.55,292.15,40838
2026-03-11 11:05:00,292.15,292.25,291.6,291.85,52259
2026-03-11 11:15:00,291.95,292.3,291.7,292.0,55551
2026-03-11 11:25:00,291.9,292.6,291.85,292.4,33560
2026-03-11 11:35:00,292.25,293.05,292.0,292.45,30113
2026-03-11 11:45:00,292.35,293.0,292.35,292.75,58011
2026-03-11 11:55:00,292.65,293.35,292.0,293.0,80530
2026-03-11 12:05:00,293.0,293.0,292.25,292.4,43401
2026-03-11 12:15:00,292.3,292.7,292.05,292.3,49483
2026-03-11 12:25:00,292.3,292.5,292.0,292.15,49847
2026-03-11 12:35:00,292.2,292.3,290.65,291.25,107444
2026-03-11 12:45:00,291.15,291.3,290.0,290.65,48417
2026-03-11 12:55:00,290.65,290.75,289.8,290.65,46303
2026-03-11 13:05:00,290.65,290.65,289.5,289.9,42676
2026-03-11 13:15:00,289.9,290.95,289.6,290.9,38660
2026-03-11 13:25:00,290.75,291.4,290.5,290.75,36295
2026-03-11 13:35:00,290.7,291.15,290.15,290.8,35549
2026-03-11 13:45:00,290.6,290.8,290.15,290.55,39390
2026-03-11 13:55:00,290.55,290.55,289.05,289.15,37019
2026-03-11 14:05:00,289.2,289.35,288.4,289.1,88847
2026-03-11 14:15:00,288.95,289.25,288.4,288.5,39872
2026-03-11 14:25:00,288.4,290.0,288.05,289.15,86304
2026-03-11 14:35:00,289.15,289.35,287.9,288.15,75682
2026-03-11 14:45:00,288.15,288.85,288.15,288.85,70249
2026-03-11 14:55:00,288.75,290.2,288.05,289.75,280773
2026-03-11 15:05:00,289.85,290.5,288.8,288.8,312129
2026-03-11 15:15:00,288.9,290.25,288.75,290.2,147067
2026-03-11 15:25:00,290.2,290.6,289.25,290.0,78340
2026-03-12 09:15:00,290.7,291.0,288.15,290.7,547597
2026-03-12 09:25:00,290.6,291.85,290.3,290.95,327192
2026-03-12 09:35:00,290.65,292.45,290.35,292.1,319653
2026-03-12 09:45:00,292.0,294.3,291.75,293.05,551510
2026-03-12 09:55:00,293.15,295.35,292.9,295.3,290503
2026-03-12 10:05:00,295.35,296.8,294.1,296.35,327506
2026-03-12 10:15:00,296.35,297.15,294.8,295.25,447133
2026-03-12 10:25:00,295.2,298.8,295.2,298.7,356907
2026-03-12 10:35:00,298.55,298.7,296.9,297.75,265636
2026-03-12 10:45:00,297.7,298.15,297.25,297.7,147409
2026-03-12 10:55:00,297.7,301.5,297.5,301.35,298078
2026-03-12 11:05:00,301.35,301.95,296.6,296.75,698131
2026-03-12 11:15:00,296.8,298.35,295.65,296.0,535070
2026-03-12 11:25:00,296.0,296.5,295.25,296.3,308300
2026-03-12 11:35:00,296.3,297.6,296.2,296.9,99501
2026-03-12 11:45:00,296.9,296.9,294.6,294.9,320013
2026-03-12 11:55:00,295.0,295.55,294.8,295.4,151421
2026-03-12 12:05:00,295.4,296.55,295.15,296.5,44873
2026-03-12 12:15:00,296.5,296.5,294.5,294.95,82509
2026-03-12 12:25:00,295.05,295.1,294.2,294.25,102122
2026-03-12 12:35:00,294.35,294.6,294.05,294.4,36607
2026-03-12 12:45:00,294.35,294.95,294.35,294.5,49608
2026-03-12 12:55:00,294.5,294.95,294.45,294.75,30531
2026-03-12 13:05:00,294.75,295.0,294.25,295.0,66900
2026-03-12 13:15:00,295.0,296.0,294.75,296.0,381478
2026-03-12 13:25:00,296.15,296.65,296.0,296.5,37332
2026-03-12 13:35:00,296.45,298.1,296.4,297.7,149277
2026-03-12 13:45:00,297.9,298.25,297.45,298.15,116048
2026-03-12 13:55:00,298.15,298.45,297.85,298.15,79382
2026-03-12 14:05:00,298.15,298.3,296.0,297.4,213446
2026-03-12 14:15:00,297.3,297.7,297.0,297.2,76628
2026-03-12 14:25:00,297.15,297.75,297.1,297.55,86950
2026-03-12 14:35:00,297.45,297.85,296.3,296.35,157254
2026-03-12 14:45:00,296.25,296.9,295.55,296.5,191817
2026-03-12 14:55:00,296.5,297.1,296.05,297.05,215400
2026-03-12 15:05:00,297.05,297.05,295.9,296.5,294271
2026-03-12 15:15:00,296.5,297.15,296.2,296.7,411188
2026-03-12 15:25:00,296.75,297.95,296.65,297.0,162784
2026-03-13 09:15:00,296.7,297.7,293.05,294.05,133891
2026-03-13 09:25:00,294.05,294.2,292.5,293.3,66865
2026-03-13 09:35:00,293.3,293.4,291.1,291.1,53382
2026-03-13 09:45:00,291.1,291.1,289.3,289.35,72206
2026-03-13 09:55:00,289.3,290.0,289.0,290.0,45699
2026-03-13 10:05:00,289.95,290.0,288.8,289.05,31181
2026-03-13 10:15:00,289.3,289.5,288.3,288.5,46866
2026-03-13 10:25:00,288.5,290.4,288.35,289.25,36199
2026-03-13 10:35:00,289.25,289.25,287.65,288.05,49211
2026-03-13 10:45:00,288.05,289.75,287.8,289.05,65657
2026-03-13 10:55:00,289.05,289.1,288.45,288.65,14752
2026-03-13 11:05:00,288.6,288.7,287.8,287.95,39140
2026-03-13 11:15:00,287.9,288.2,287.4,288.2,27474
2026-03-13 11:25:00,288.2,290.15,288.0,289.95,41771
2026-03-13 11:35:00,289.95,290.0,289.4,289.4,40837
2026-03-13 11:45:00,289.45,289.45,287.8,287.95,34597
2026-03-13 11:55:00,287.9,288.95,287.5,288.95,39635
2026-03-13 12:05:00,288.85,288.95,288.0,288.8,14168
2026-03-13 12:15:00,288.65,288.9,287.4,287.4,14064
2026-03-13 12:25:00,287.35,287.5,286.2,286.45,50481
2026-03-13 12:35:00,286.45,286.65,286.0,286.45,33969
2026-03-13 12:45:00,286.3,286.35,285.1,285.45,117088
2026-03-13 12:55:00,285.45,287.0,285.15,287.0,37566
2026-03-13 13:05:00,287.0,287.4,286.6,286.65,19563
2026-03-13 13:15:00,286.65,287.2,286.25,286.55,61852
2026-03-13 13:25:00,286.5,287.9,286.45,287.5,21311
2026-03-13 13:35:00,287.6,287.7,287.0,287.15,24313
2026-03-13 13:45:00,287.1,287.2,286.55,286.85,32815
2026-03-13 13:55:00,286.85,286.95,286.25,286.25,67056
2026-03-13 14:05:00,286.3,287.2,286.1,287.15,40161
2026-03-13 14:15:00,287.15,287.25,286.5,286.85,25765
2026-03-13 14:25:00,286.85,287.9,286.7,287.5,44053
2026-03-13 14:35:00,287.5,287.6,286.8,286.8,26045
2026-03-13 14:45:00,286.8,287.25,286.0,286.4,42664
2026-03-13 14:55:00,286.4,287.2,285.9,285.95,108583
2026-03-13 15:05:00,285.95,286.6,285.55,286.6,144614
2026-03-13 15:15:00,286.6,286.65,286.0,286.45,156196
2026-03-13 15:25:00,286.45,287.0,285.65,286.65,63717
2026-03-16 09:15:00,285.3,287.55,282.75,283.35,263206
2026-03-16 09:25:00,283.35,287.1,283.35,286.65,104452
2026-03-16 09:35:00,286.65,288.1,286.2,287.4,100473
2026-03-16 09:45:00,287.35,287.65,284.1,284.55,88441
2026-03-16 09:55:00,284.6,286.3,284.55,285.45,60995
2026-03-16 10:05:00,285.45,285.55,283.55,283.75,71415
2026-03-16 10:15:00,283.8,283.85,282.3,282.5,91469
2026-03-16 10:25:00,282.55,283.85,282.25,282.7,65371
2026-03-16 10:35:00,282.7,283.0,280.85,281.0,84617
2026-03-16 10:45:00,281.05,281.15,280.6,280.7,50658
2026-03-16 10:55:00,280.65,281.9,280.35,281.35,79627
2026-03-16 11:05:00,281.35,282.65,281.1,282.3,78145
2026-03-16 11:15:00,282.3,283.5,282.15,283.4,73191
2026-03-16 11:25:00,283.25,283.55,282.95,283.0,63159
2026-03-16 11:35:00,283.0,283.5,282.25,282.25,63533
2026-03-16 11:45:00,282.35,282.5,281.9,282.05,44739
2026-03-16 11:55:00,282.05,282.9,282.0,282.45,55620
2026-03-16 12:05:00,282.45,282.95,282.3,282.4,45029
2026-03-16 12:15:00,282.4,283.4,282.3,283.35,100817
2026-03-16 12:25:00,283.35,283.5,283.0,283.0,107117
2026-03-16 12:35:00,283.05,283.8,282.75,282.8,47053
2026-03-16 12:45:00,282.8,282.8,281.5,282.05,51731
2026-03-16 12:55:00,282.15,282.4,281.15,281.4,77976
2026-03-16 13:05:00,281.0,281.95,280.65,281.55,55852
2026-03-16 13:15:00,281.55,282.6,281.55,282.15,45674
2026-03-16 13:25:00,282.1,282.75,281.85,282.3,78893
2026-03-16 13:35:00,282.3,282.85,281.9,281.9,88254
2026-03-16 13:45:00,281.7,282.2,281.6,282.0,80084
2026-03-16 13:55:00,281.9,282.25,281.6,281.9,67778
2026-03-16 14:05:00,281.8,283.05,281.7,283.0,151584
2026-03-16 14:15:00,283.0,284.15,282.8,284.0,109353
2026-03-16 14:25:00,283.95,285.35,283.45,285.2,128795
2026-03-16 14:35:00,285.05,285.55,284.5,284.7,100897
2026-03-16 14:45:00,284.65,285.2,284.5,284.65,77317
2026-03-16 14:55:00,284.65,285.0,283.0,283.4,162463
2026-03-16 15:05:00,283.25,284.15,283.1,283.3,172234
2026-03-16 15:15:00,283.35,283.75,282.55,282.7,190876
2026-03-16 15:25:00,282.55,283.65,282.25,282.7,88598
2026-03-17 09:15:00,285.7,285.75,282.8,283.0,457313
2026-03-17 09:25:00,283.0,283.45,282.35,282.6,68590
2026-03-17 09:35:00,282.6,283.15,281.95,282.75,81468
2026-03-17 09:45:00,282.75,282.75,282.15,282.35,43414
2026-03-17 09:55:00,282.3,282.9,282.1,282.55,76034
2026-03-17 10:05:00,282.55,283.8,282.0,283.8,83756
2026-03-17 10:15:00,283.8,285.6,283.8,285.3,62382
2026-03-17 10:25:00,285.3,285.3,283.45,283.5,53457
2026-03-17 10:35:00,283.25,284.4,283.2,284.35,67568
2026-03-17 10:45:00,284.15,284.2,282.8,283.3,79226
2026-03-17 10:55:00,283.1,283.85,283.05,283.65,48625
2026-03-17 11:05:00,283.45,283.65,282.9,283.0,47937
2026-03-17 11:15:00,283.05,284.15,282.75,283.75,50576
2026-03-17 11:25:00,283.7,283.8,282.9,283.6,60618
2026-03-17 11:35:00,283.6,283.95,283.1,283.2,49575
2026-03-17 11:45:00,283.25,284.0,283.25,283.85,44764
2026-03-17 11:55:00,283.8,284.65,283.7,284.2,106290
2026-03-17 12:05:00,284.25,284.55,284.05,284.3,114420
2026-03-17 12:15:00,284.2,284.35,283.45,284.0,94715
2026-03-17 12:25:00,283.9,284.9,283.65,284.45,51023
2026-03-17 12:35:00,284.4,285.1,284.4,284.9,63045
2026-03-17 12:45:00,284.9,285.55,284.75,285.05,45195
2026-03-17 12:55:00,285.05,285.9,285.0,285.7,44305
2026-03-17 13:05:00,285.55,285.75,285.0,285.05,38810
2026-03-17 13:15:00,285.05,285.4,285.0,285.05,46446
2026-03-17 13:25:00,285.0,285.95,284.85,285.2,69338
2026-03-17 13:35:00,285.0,285.3,284.85,285.05,79589
2026-03-17 13:45:00,285.05,285.45,285.0,285.15,35703
2026-03-17 13:55:00,285.05,285.5,285.0,285.15,50522
2026-03-17 14:05:00,285.15,285.55,285.0,285.3,68363
2026-03-17 14:15:00,285.2,285.55,285.0,285.1,43780
2026-03-17 14:25:00,285.0,285.75,285.0,285.6,57438
2026-03-17 14:35:00,285.6,286.1,285.3,285.85,55771
2026-03-17 14:45:00,285.75,286.3,285.35,286.3,80098
2026-03-17 14:55:00,286.15,287.9,286.15,287.5,236708
2026-03-17 15:05:00,287.35,288.5,287.1,287.9,379417
2026-03-17 15:15:00,287.9,288.5,287.3,288.35,441133
2026-03-17 15:25:00,288.3,289.95,287.0,287.05,243754
2026-03-18 09:15:00,289.65,289.65,287.15,287.25,137345
2026-03-18 09:25:00,287.25,288.45,287.0,288.45,40741
2026-03-18 09:35:00,288.4,289.35,287.7,289.35,47759
2026-03-18 09:45:00,289.35,290.35,288.85,290.05,156815
2026-03-18 09:55:00,290.05,290.45,289.0,289.25,303432
2026-03-18 10:05:00,289.15,290.2,289.0,289.95,66112
2026-03-18 10:15:00,289.95,290.2,289.4,289.95,66747
2026-03-18 10:25:00,289.85,290.05,289.35,289.9,54998
2026-03-18 10:35:00,289.9,290.35,289.6,290.15,81919
2026-03-18 10:45:00,290.15,291.25,290.1,290.75,62072
2026-03-18 10:55:00,290.7,290.9,290.05,290.65,51507
2026-03-18 11:05:00,290.65,290.75,290.35,290.55,33778
2026-03-18 11:15:00,290.5,290.75,290.4,290.6,43214
2026-03-18 11:25:00,290.6,290.85,290.5,290.7,26038
2026-03-18 11:35:00,290.7,291.7,290.65,291.25,47999
2026-03-18 11:45:00,291.25,291.5,291.0,291.5,39188
2026-03-18 11:55:00,291.5,291.85,291.0,291.05,101371
2026-03-18 12:05:00,291.0,291.6,291.0,291.35,142767
2026-03-18 12:15:00,291.4,292.05,291.25,291.95,48048
2026-03-18 12:25:00,292.0,292.1,291.6,292.0,41164
2026-03-18 12:35:00,292.0,292.0,291.5,292.0,55291
2026-03-18 12:45:00,292.0,292.65,291.85,292.65,46273
2026-03-18 12:55:00,292.65,293.85,292.55,293.75,78454
2026-03-18 13:05:00,293.75,294.3,293.4,294.3,86203
2026-03-18 13:15:00,294.2,294.25,293.4,294.1,57876
2026-03-18 13:25:00,294.1,294.3,293.8,294.0,33318
2026-03-18 13:35:00,293.95,294.55,293.85,294.05,44162
2026-03-18 13:45:00,294.05,294.85,293.9,294.35,72612
2026-03-18 13:55:00,294.35,295.2,294.35,294.6,189757
2026-03-18 14:05:00,294.8,295.45,294.5,295.0,141660
2026-03-18 14:15:00,295.05,295.35,294.95,295.2,118405
2026-03-18 14:25:00,295.25,295.25,294.6,294.6,113643
2026-03-18 14:35:00,294.65,294.7,292.7,292.75,162305
2026-03-18 14:45:00,292.75,293.55,292.65,292.65,94957
2026-03-18 14:55:00,292.8,293.2,291.8,292.5,175155
2026-03-18 15:05:00,292.55,292.75,291.85,291.9,135402
2026-03-18 15:15:00,291.9,291.95,290.2,291.0,221487
2026-03-18 15:25:00,291.0,291.2,290.4,290.7,84316
2026-03-19 09:15:00,283.6,283.6,274.55,277.0,973447
2026-03-19 09:25:00,276.95,278.95,276.15,278.75,312395
2026-03-19 09:35:00,278.75,279.0,277.9,278.0,195935
2026-03-19 09:45:00,278.1,278.4,276.9,277.8,174675
2026-03-19 09:55:00,277.8,278.2,277.5,277.9,74175
2026-03-19 10:05:00,277.8,278.2,277.55,277.75,69050
2026-03-19 10:15:00,277.75,278.1,277.05,278.1,91033
2026-03-19 10:25:00,278.1,279.6,277.15,279.2,164564
2026-03-19 10:35:00,279.3,281.05,279.25,281.0,162105
2026-03-19 10:45:00,280.95,280.95,278.55,278.85,157828
2026-03-19 10:55:00,278.9,279.0,278.15,278.8,69436
2026-03-19 11:05:00,278.8,279.65,278.45,279.25,69270
2026-03-19 11:15:00,279.25,280.1,279.05,279.65,66836
2026-03-19 11:25:00,279.6,280.05,279.25,279.75,106511
2026-03-19 11:35:00,279.75,279.95,279.4,279.9,47974
2026-03-19 11:45:00,279.95,280.2,279.0,279.2,113993
2026-03-19 11:55:00,279.2,279.3,279.0,279.3,85296
2026-03-19 12:05:00,279.3,279.3,277.8,278.6,168616
2026-03-19 12:15:00,278.65,279.25,278.15,278.35,100452
2026-03-19 12:25:00,278.3,278.5,277.15,277.3,79887
2026-03-19 12:35:00,277.3,277.55,276.9,277.55,92451
2026-03-19 12:45:00,277.5,278.2,277.35,277.65,51676
2026-03-19 12:55:00,277.6,277.9,276.55,276.55,47473
2026-03-19 13:05:00,276.65,276.65,273.6,273.7,262994
2026-03-19 13:15:00,273.8,274.15,273.5,273.7,82568
2026-03-19 13:25:00,273.7,273.75,272.4,272.75,197967
2026-03-19 13:35:00,272.75,273.4,272.5,273.2,82909
2026-03-19 13:45:00,273.2,273.9,273.2,273.5,58669
2026-03-19 13:55:00,273.5,273.65,272.55,272.7,71414
2026-03-19 14:05:00,272.75,273.6,272.6,273.0,84791
2026-03-19 14:15:00,272.95,273.15,271.65,272.15,134350
2026-03-19 14:25:00,272.2,272.2,270.6,271.0,169610
2026-03-19 14:35:00,271.1,271.45,270.2,271.4,175581
2026-03-19 14:45:00,271.35,271.55,269.75,270.0,171022
2026-03-19 14:55:00,270.0,270.85,269.1,270.2,226173
2026-03-19 15:05:00,270.2,270.65,269.7,270.5,224012
2026-03-19 15:15:00,270.5,272.35,270.25,272.25,207809
2026-03-19 15:25:00,272.35,272.35,271.5,272.2,103615
2026-03-20 09:15:00,273.55,274.0,270.0,270.7,807140
2026-03-20 09:25:00,270.7,270.7,268.5,269.25,513126
2026-03-20 09:35:00,269.25,269.45,266.65,266.65,418758
2026-03-20 09:45:00,266.75,267.95,265.3,265.8,280187
2026-03-20 09:55:00,265.9,266.55,264.7,265.25,255160
2026-03-20 10:05:00,265.1,265.8,263.5,263.7,203125
2026-03-20 10:15:00,263.95,264.95,263.55,264.5,157130
2026-03-20 10:25:00,264.75,265.9,264.4,265.25,155395
2026-03-20 10:35:00,265.3,266.1,264.05,264.2,167855
2026-03-20 10:45:00,264.2,264.2,261.9,262.4,359712
2026-03-20 10:55:00,262.55,262.95,261.7,262.25,161187
2026-03-20 11:05:00,262.4,263.05,261.95,262.7,102069
2026-03-20 11:15:00,262.6,263.4,262.55,263.4,123303
2026-03-20 11:25:00,263.4,264.7,263.15,263.35,182793
2026-03-20 11:35:00,263.3,263.4,262.3,262.75,66601
2026-03-20 11:45:00,262.75,263.65,262.4,262.4,125567
2026-03-20 11:55:00,262.3,262.45,260.8,261.2,349756
2026-03-20 12:05:00,261.2,261.3,259.6,260.2,339732
2026-03-20 12:15:00,260.2,260.25,258.75,258.9,437237
2026-03-20 12:25:00,258.9,260.9,258.8,260.3,334855
2026-03-20 12:35:00,260.35,260.95,260.25,260.6,50228
2026-03-20 12:45:00,260.55,260.85,260.2,260.55,95877
2026-03-20 12:55:00,260.6,260.6,259.6,259.9,79935
2026-03-20 13:05:00,259.8,260.75,259.55,260.6,174181
2026-03-20 13:15:00,260.55,260.95,260.2,260.3,84551
2026-03-20 13:25:00,260.25,260.85,260.2,260.55,73955
2026-03-20 13:35:00,260.55,260.75,259.55,259.8,149102
2026-03-20 13:45:00,259.8,259.95,259.4,259.85,107575
2026-03-20 13:55:00,259.85,260.05,259.4,259.85,93467
2026-03-20 14:05:00,260.0,260.3,259.35,259.5,106812
2026-03-20 14:15:00,259.5,259.65,259.1,259.5,89136
2026-03-20 14:25:00,259.45,259.9,259.0,259.9,200905
2026-03-20 14:35:00,259.8,259.9,258.0,258.25,226399
2026-03-20 14:45:00,258.15,259.25,258.0,258.0,208187
2026-03-20 14:55:00,258.25,258.35,257.3,257.8,653058
2026-03-20 15:05:00,257.95,258.45,257.25,257.5,839024
2026-03-20 15:15:00,257.5,258.05,257.2,257.7,984763
2026-03-20 15:25:00,257.65,257.9,257.0,257.5,370556
2026-03-23 09:15:00,247.75,248.85,244.85,245.05,1397911
2026-03-23 09:25:00,244.95,245.15,242.6,243.5,756072
2026-03-23 09:35:00,243.55,244.0,240.25,240.4,805775
2026-03-23 09:45:00,240.2,240.45,236.05,236.45,952851
2026-03-23 09:55:00,236.25,238.35,236.2,237.5,790263
2026-03-23 10:05:00,237.5,240.25,237.0,237.95,702975
2026-03-23 10:15:00,237.95,238.25,236.55,237.55,354274
2026-03-23 10:25:00,237.75,239.0,237.1,238.0,380634
2026-03-23 10:35:00,238.0,239.55,237.8,238.35,206449
2026-03-23 10:45:00,238.4,238.5,237.05,237.8,136442
2026-03-23 10:55:00,237.8,237.95,235.35,236.0,287672
2026-03-23 11:05:00,236.0,237.15,235.5,237.0,257587
2026-03-23 11:15:00,236.9,237.1,235.5,235.7,190308
2026-03-23 11:25:00,235.8,237.45,235.35,236.3,169257
2026-03-23 11:35:00,236.4,237.05,235.8,236.45,108108
2026-03-23 11:45:00,236.45,237.5,236.0,236.85,151652
2026-03-23 11:55:00,236.75,237.35,236.4,236.75,117533
2026-03-23 12:05:00,236.75,238.55,236.75,238.3,391215
2026-03-23 12:15:00,238.3,238.35,236.75,237.05,209740
2026-03-23 12:25:00,237.15,237.2,236.4,236.4,115443
2026-03-23 12:35:00,236.1,238.5,236.1,238.5,178159
2026-03-23 12:45:00,238.5,239.25,238.0,238.1,211674
2026-03-23 12:55:00,238.2,238.5,237.35,237.5,190774
2026-03-23 13:05:00,237.5,238.45,237.45,238.05,155343
2026-03-23 13:15:00,238.05,238.7,237.85,238.0,122097
2026-03-23 13:25:00,237.95,238.15,237.4,237.95,123655
2026-03-23 13:35:00,237.95,239.2,237.75,239.05,216902
2026-03-23 13:45:00,239.15,239.65,239.0,239.25,167804
2026-03-23 13:55:00,239.25,240.25,238.35,238.5,190568
2026-03-23 14:05:00,238.55,238.95,238.05,238.25,145617
2026-03-23 14:15:00,238.25,238.95,237.8,237.95,170770
2026-03-23 14:25:00,238.0,238.2,237.65,237.85,134686
2026-03-23 14:35:00,237.85,239.35,237.85,239.35,208688
2026-03-23 14:45:00,239.45,239.7,238.45,238.6,195891
2026-03-23 14:55:00,238.7,239.0,237.75,237.8,304043
2026-03-23 15:05:00,237.75,238.25,237.3,238.1,427601
2026-03-23 15:15:00,238.15,238.8,237.7,237.7,455197
2026-03-23 15:25:00,237.85,238.0,237.3,237.45,210403
2026-03-24 09:15:00,243.1,244.5,240.2,241.8,553253
2026-03-24 09:25:00,241.8,242.8,241.4,241.9,235488
2026-03-24 09:35:00,241.9,242.15,240.85,240.95,117698
2026-03-24 09:45:00,241.1,241.1,239.05,239.8,137655
2026-03-24 09:55:00,239.85,240.4,239.2,239.2,81459
2026-03-24 10:05:00,239.15,239.7,238.85,239.6,72444
2026-03-24 10:15:00,239.55,240.15,238.55,238.95,127266
2026-03-24 10:25:00,239.05,239.05,238.0,238.05,120440
2026-03-24 10:35:00,237.95,238.7,237.2,238.3,183195
2026-03-24 10:45:00,238.25,239.4,237.5,237.6,103578
2026-03-24 10:55:00,237.65,237.7,237.05,237.4,64206
2026-03-24 11:05:00,237.35,238.15,236.85,237.8,101952
2026-03-24 11:15:00,237.85,238.65,237.75,238.25,93438
2026-03-24 11:25:00,238.0,238.15,237.0,237.6,92814
2026-03-24 11:35:00,237.65,238.0,237.35,237.35,54504
2026-03-24 11:45:00,237.3,238.35,237.05,238.05,67598
2026-03-24 11:55:00,238.0,239.05,237.6,238.0,102694
2026-03-24 12:05:00,238.0,238.0,236.9,237.0,101419
2026-03-24 12:15:00,236.95,238.6,236.25,238.55,217739
2026-03-24 12:25:00,238.75,239.8,236.9,239.65,249339
2026-03-24 12:35:00,239.65,240.95,239.25,239.75,246397
2026-03-24 12:45:00,239.75,242.8,239.75,242.3,225839
2026-03-24 12:55:00,242.3,242.45,240.3,240.65,128401
2026-03-24 13:05:00,240.65,240.65,238.95,240.25,88351
2026-03-24 13:15:00,240.2,240.5,238.4,239.3,78717
2026-03-24 13:25:00,239.45,240.45,239.35,240.45,59072
2026-03-24 13:35:00,240.45,241.55,240.0,240.7,159102
2026-03-24 13:45:00,240.7,240.95,239.55,239.9,79211
2026-03-24 13:55:00,239.9,240.4,239.8,239.95,51851
2026-03-24 14:05:00,239.9,241.0,239.4,240.3,140960
2026-03-24 14:15:00,240.3,241.15,239.95,240.95,104247
2026-03-24 14:25:00,240.95,241.15,240.1,241.05,153579
2026-03-24 14:35:00,241.05,241.3,239.7,240.8,184521
2026-03-24 14:45:00,240.8,241.25,240.3,240.85,186115
2026-03-24 14:55:00,240.85,242.4,240.75,242.0,350296
2026-03-24 15:05:00,242.0,242.35,241.3,241.5,361381
2026-03-24 15:15:00,241.65,242.8,241.35,241.9,421668
2026-03-24 15:25:00,241.9,242.4,241.5,241.6,144597
2026-03-25 09:15:00,246.65,247.3,244.55,246.45,566076
2026-03-25 09:25:00,246.95,248.0,246.4,247.65,372041
2026-03-25 09:35:00,247.45,247.95,246.4,247.25,234796
2026-03-25 09:45:00,247.15,247.55,246.15,247.55,142937
2026-03-25 09:55:00,247.75,249.45,247.5,249.2,217050
2026-03-25 10:05:00,249.2,250.45,249.2,249.7,290948
2026-03-25 10:15:00,250.0,250.9,248.8,249.0,243213
2026-03-25 10:25:00,248.8,249.85,248.8,249.7,139327
2026-03-25 10:35:00,249.75,250.8,249.65,250.6,133006
2026-03-25 10:45:00,250.6,250.7,249.55,249.95,223355
2026-03-25 10:55:00,249.75,251.05,249.75,250.6,190533
2026-03-25 11:05:00,250.6,251.15,250.55,250.9,132704
2026-03-25 11:15:00,250.95,250.95,249.75,249.85,181205
2026-03-25 11:25:00,249.7,249.85,249.05,249.65,178249
2026-03-25 11:35:00,249.55,249.75,248.25,248.65,151065
2026-03-25 11:45:00,248.65,250.55,248.6,250.55,204663
2026-03-25 11:55:00,250.55,250.9,249.9,250.9,264693
2026-03-25 12:05:00,250.9,251.25,249.8,250.1,173991
2026-03-25 12:15:00,250.1,250.1,249.5,249.65,99736
2026-03-25 12:25:00,249.65,250.0,249.25,249.5,105451
2026-03-25 12:35:00,249.45,249.55,248.75,249.55,175994
2026-03-25 12:45:00,249.6,250.2,249.35,249.6,137793
2026-03-25 12:55:00,249.6,249.85,248.75,248.75,206547
2026-03-25 13:05:00,248.9,250.0,248.65,249.65,106469
2026-03-25 13:15:00,249.45,249.85,249.0,249.35,127888
2026-03-25 13:25:00,249.35,250.2,249.15,250.0,122097
2026-03-25 13:35:00,250.0,250.3,249.4,249.75,106385
2026-03-25 13:45:00,249.8,250.5,249.5,249.8,132028
2026-03-25 13:55:00,249.8,250.2,249.55,249.8,93456
2026-03-25 14:05:00,249.8,249.85,249.25,249.3,157956
2026-03-25 14:15:00,249.3,249.65,248.2,248.3,226938
2026-03-25 14:25:00,248.45,248.95,248.3,248.55,207386
2026-03-25 14:35:00,248.5,248.8,248.25,248.45,221070
2026-03-25 14:45:00,248.45,249.6,248.45,249.5,480658
2026-03-25 14:55:00,249.45,250.45,248.55,249.95,608932
2026-03-25 15:05:00,249.95,250.5,249.65,250.1,484350
2026-03-25 15:15:00,250.15,250.4,249.35,249.9,632711
2026-03-25 15:25:00,249.85,251.0,249.65,251.0,200398
2026-03-27 09:15:00,253.0,253.75,249.3,250.1,729219
2026-03-27 09:25:00,250.2,250.8,249.15,249.8,388214
2026-03-27 09:35:00,249.8,250.55,248.8,250.2,553363
2026-03-27 09:45:00,250.15,250.4,248.4,248.5,297497
2026-03-27 09:55:00,248.5,249.15,247.9,249.15,217382
2026-03-27 10:05:00,248.8,248.85,247.6,248.25,251987
2026-03-27 10:15:00,248.25,248.3,247.0,247.7,329058
2026-03-27 10:25:00,247.6,248.25,246.8,247.0,244592
2026-03-27 10:35:00,247.15,247.8,246.75,247.0,240095
2026-03-27 10:45:00,247.0,247.25,246.25,246.45,238603
2026-03-27 10:55:00,246.6,247.25,246.45,247.0,199866
2026-03-27 11:05:00,246.9,247.2,246.4,246.5,208541
2026-03-27 11:15:00,246.7,247.65,246.5,247.35,117758
2026-03-27 11:25:00,247.35,247.7,246.85,247.65,127917
2026-03-27 11:35:00,247.65,248.0,247.45,247.95,86695
2026-03-27 11:45:00,247.95,248.8,247.65,248.3,113852
2026-03-27 11:55:00,248.35,248.35,247.05,247.5,120430
2026-03-27 12:05:00,247.5,247.5,247.0,247.25,80016
2026-03-27 12:15:00,247.25,247.5,246.65,247.35,112429
2026-03-27 12:25:00,247.5,248.05,247.05,247.3,137868
2026-03-27 12:35:00,247.3,247.5,247.0,247.3,97550
2026-03-27 12:45:00,247.25,247.65,246.85,247.25,227542
2026-03-27 12:55:00,247.3,247.55,246.85,247.2,112523
2026-03-27 13:05:00,247.2,247.45,246.75,247.4,74703
2026-03-27 13:15:00,247.4,248.05,247.1,247.4,121322
2026-03-27 13:25:00,247.35,247.9,246.6,246.8,166780
2026-03-27 13:35:00,246.7,247.4,246.6,246.8,117875
2026-03-27 13:45:00,246.8,247.1,246.7,246.85,82243
2026-03-27 13:55:00,246.8,247.1,246.6,247.05,104131
2026-03-27 14:05:00,247.05,247.75,246.85,247.6,176920
2026-03-27 14:15:00,247.65,247.7,247.2,247.35,198397
2026-03-27 14:25:00,247.35,248.05,247.2,247.85,192009
2026-03-27 14:35:00,247.8,248.45,247.75,248.3,174424
2026-03-27 14:45:00,248.25,248.35,247.45,247.7,259946
2026-03-27 14:55:00,247.7,247.9,246.1,246.5,362318
2026-03-27 15:05:00,246.4,246.5,245.65,245.75,434388
2026-03-27 15:15:00,245.9,246.55,245.75,246.5,398551
2026-03-27 15:25:00,246.8,246.85,245.4,246.25,260478
2026-03-30 09:15:00,242.1,249.15,240.75,248.65,608077
2026-03-30 09:25:00,248.65,251.2,248.35,250.95,269448
2026-03-30 09:35:00,250.85,252.35,250.85,251.75,171605
2026-03-30 09:45:00,251.65,252.3,250.9,252.15,217135
2026-03-30 09:55:00,252.05,253.65,251.5,253.05,224578
2026-03-30 10:05:00,253.25,253.3,250.35,251.0,271907
2026-03-30 10:15:00,251.0,251.1,249.5,249.9,158519
2026-03-30 10:25:00,249.9,250.25,248.65,249.1,138729
2026-03-30 10:35:00,249.15,249.55,248.25,248.25,122727
2026-03-30 10:45:00,248.2,248.9,247.75,247.9,103568
2026-03-30 10:55:00,247.9,248.55,247.35,247.65,69184
2026-03-30 11:05:00,247.65,248.4,247.45,247.95,77801
2026-03-30 11:15:00,247.95,249.15,247.95,248.7,76166
2026-03-30 11:25:00,248.75,249.0,248.35,249.0,83518
2026-03-30 11:35:00,249.05,250.0,248.5,248.6,155557
2026-03-30 11:45:00,248.65,248.95,247.6,248.2,88374
2026-03-30 11:55:00,248.3,249.4,248.05,249.25,109550
2026-03-30 12:05:00,249.25,249.6,248.4,249.0,78366
2026-03-30 12:15:00,249.0,249.65,248.9,249.15,96845
2026-03-30 12:25:00,249.15,249.2,248.4,248.75,101931
2026-03-30 12:35:00,248.85,249.55,248.7,249.5,71976
2026-03-30 12:45:00,249.55,249.55,248.25,248.45,89382
2026-03-30 12:55:00,248.45,249.9,248.05,249.55,115386
2026-03-30 13:05:00,249.7,250.75,249.6,250.1,130214
2026-03-30 13:15:00,250.1,250.75,249.65,250.55,177152
2026-03-30 13:25:00,250.4,250.55,249.6,250.35,83627
2026-03-30 13:35:00,250.5,250.65,249.9,250.15,142622
2026-03-30 13:45:00,250.3,250.5,249.9,250.15,69204
2026-03-30 13:55:00,250.2,251.2,249.85,250.8,107600
2026-03-30 14:05:00,250.85,251.7,250.65,250.9,85172
2026-03-30 14:15:00,251.0,251.15,250.75,250.9,69593
2026-03-30 14:25:00,250.85,251.05,249.65,249.8,162294
2026-03-30 14:35:00,249.7,250.05,249.5,249.75,104111
2026-03-30 14:45:00,249.85,249.9,248.9,249.0,149429
2026-03-30 14:55:00,249.1,249.25,247.85,248.5,462609
2026-03-30 15:05:00,248.5,248.7,247.65,248.2,387112
2026-03-30 15:15:00,248.15,249.0,248.15,249.0,381714
2026-03-30 15:25:00,249.0,249.4,247.2,248.3,172638
2026-04-01 09:15:00,256.1,258.43,253.0,258.31,508610
2026-04-01 09:25:00,258.31,263.2,258.06,259.61,1061756
2026-04-01 09:35:00,259.61,260.98,256.9,256.97,327974
2026-04-01 09:45:00,257.0,260.62,256.91,260.39,226939
2026-04-01 09:55:00,260.23,261.2,259.35,260.71,114354
2026-04-01 10:05:00,260.7,261.39,259.64,260.28,180553
2026-04-01 10:15:00,260.22,260.76,259.81,259.97,86861
2026-04-01 10:25:00,259.94,260.49,259.01,259.13,123597
2026-04-01 10:35:00,259.13,260.44,259.09,260.19,76955
2026-04-01 10:45:00,260.22,260.71,259.85,259.87,68068
2026-04-01 10:55:00,259.87,260.35,259.5,259.59,73014
2026-04-01 11:05:00,259.6,260.1,258.84,259.88,110032
2026-04-01 11:15:00,259.88,261.0,259.39,260.82,212199
2026-04-01 11:25:00,260.82,262.0,260.18,262.0,101927
2026-04-01 11:35:00,262.0,262.0,260.6,261.0,371569
2026-04-01 11:45:00,261.0,261.0,259.44,259.86,235575
2026-04-01 11:55:00,259.44,259.89,259.11,259.75,119532
2026-04-01 12:05:00,259.71,261.17,259.42,260.42,142895
2026-04-01 12:15:00,260.43,261.14,260.13,260.24,106398
2026-04-01 12:25:00,260.24,260.9,259.98,260.25,107493
2026-04-01 12:35:00,260.23,260.67,260.0,260.4,148498
2026-04-01 12:45:00,260.4,261.24,260.31,261.21,82007
2026-04-01 12:55:00,261.24,261.31,260.76,260.87,95178
2026-04-01 13:05:00,260.82,261.33,260.05,260.67,184933
2026-04-01 13:15:00,260.62,260.86,258.36,258.64,105586
2026-04-01 13:25:00,258.83,259.35,258.18,259.14,88783
2026-04-01 13:35:00,259.14,259.5,257.36,258.66,123914
2026-04-01 13:45:00,258.7,259.09,258.26,258.84,91065
2026-04-01 13:55:00,258.84,258.97,258.2,258.6,87941
2026-04-01 14:05:00,258.7,259.82,258.4,259.63,124602
2026-04-01 14:15:00,259.69,259.95,258.84,259.43,113211
2026-04-01 14:25:00,259.49,259.5,258.72,258.81,197957
2026-04-01 14:35:00,258.89,259.11,258.25,258.61,117314
2026-04-01 14:45:00,258.55,258.87,257.61,258.5,185470
2026-04-01 14:55:00,258.43,258.64,257.28,257.98,278459
2026-04-01 15:05:00,257.98,258.91,257.9,258.5,248469
2026-04-01 15:15:00,258.51,258.51,256.75,256.87,291830
2026-04-01 15:25:00,256.9,258.5,256.88,257.14,146602
2026-04-02 09:15:00,256.0,256.0,249.89,249.89,199397
2026-04-02 09:25:00,250.19,250.24,249.06,249.52,164280
2026-04-02 09:35:00,249.44,250.8,249.36,249.75,62891
2026-04-02 09:45:00,249.76,250.3,248.71,248.78,50113
2026-04-02 09:55:00,248.88,249.1,247.66,248.26,77364
2026-04-02 10:05:00,248.0,248.0,247.09,247.94,45865
2026-04-02 10:15:00,247.94,248.07,247.1,247.11,55884
2026-04-02 10:25:00,247.26,248.29,247.11,247.93,29482
2026-04-02 10:35:00,248.04,249.0,247.89,248.66,37805
2026-04-02 10:45:00,248.69,248.7,247.86,248.43,34394
2026-04-02 10:55:00,248.43,249.49,247.82,249.09,34094
2026-04-02 11:05:00,249.12,249.49,248.5,248.9,35712
2026-04-02 11:15:00,248.98,249.5,248.85,249.12,40911
2026-04-02 11:25:00,249.18,249.79,248.84,249.66,35633
2026-04-02 11:35:00,249.67,250.77,249.67,250.41,71513
2026-04-02 11:45:00,250.41,251.15,250.37,251.08,47179
2026-04-02 11:55:00,251.12,251.88,250.88,251.25,48370
2026-04-02 12:05:00,251.25,251.39,250.71,251.23,38630
2026-04-02 12:15:00,251.23,251.64,250.52,250.94,47125
2026-04-02 12:25:00,250.98,251.58,250.54,251.38,32184
2026-04-02 12:35:00,251.39,252.11,251.35,251.7,37693
2026-04-02 12:45:00,251.7,251.97,251.46,251.54,34885
2026-04-02 12:55:00,251.54,252.5,251.5,252.09,50438
2026-04-02 13:05:00,252.18,252.31,251.57,252.0,37926
2026-04-02 13:15:00,252.0,252.5,251.59,252.5,31658
2026-04-02 13:25:00,252.45,253.03,252.07,252.97,37504
2026-04-02 13:35:00,252.69,252.88,252.15,252.76,50736
2026-04-02 13:45:00,252.77,252.95,252.43,252.69,40208
2026-04-02 13:55:00,252.69,253.36,252.56,253.33,27017
2026-04-02 14:05:00,253.32,254.04,253.23,253.88,50996
2026-04-02 14:15:00,253.88,254.28,253.56,254.12,47067
2026-04-02 14:25:00,254.11,254.25,253.49,253.99,65770
2026-04-02 14:35:00,253.98,254.0,252.95,253.36,56049
2026-04-02 14:45:00,253.36,254.35,253.16,254.2,87042
2026-04-02 14:55:00,254.2,255.01,253.86,254.32,159733
2026-04-02 15:05:00,254.38,254.99,254.24,254.7,260482
2026-04-02 15:15:00,254.7,255.27,254.44,254.74,293626
2026-04-02 15:25:00,254.74,254.85,250.22,252.98,115337
2026-04-06 09:15:00,253.99,253.99,248.54,251.39,519354
2026-04-06 09:25:00,251.61,252.8,250.7,252.33,116465
2026-04-06 09:35:00,252.33,253.63,251.92,252.22,101055
2026-04-06 09:45:00,252.44,253.34,251.91,252.37,56864
2026-04-06 09:55:00,252.38,252.68,251.41,252.14,49274
2026-04-06 10:05:00,252.25,253.15,251.92,252.94,53661
2026-04-06 10:15:00,252.94,254.54,252.84,253.71,76748
2026-04-06 10:25:00,253.8,254.17,252.88,254.17,42547
2026-04-06 10:35:00,253.86,254.54,253.5,253.96,62012
2026-04-06 10:45:00,253.96,254.69,253.1,253.51,50690
2026-04-06 10:55:00,253.51,253.69,252.15,252.37,72795
2026-04-06 11:05:00,252.37,253.08,251.66,252.73,41954
2026-04-06 11:15:00,252.73,253.58,252.4,253.43,131344
2026-04-06 11:25:00,253.43,254.38,253.3,253.84,27248
2026-04-06 11:35:00,253.76,254.69,253.62,254.31,34229
2026-04-06 11:45:00,254.32,254.93,254.05,254.29,40910
2026-04-06 11:55:00,254.23,254.86,254.03,254.35,46783
2026-04-06 12:05:00,254.29,254.69,254.29,254.6,28625
2026-04-06 12:15:00,254.6,255.64,254.55,254.76,77220
2026-04-06 12:25:00,254.89,255.44,253.61,253.67,47618
2026-04-06 12:35:00,253.67,254.0,253.33,253.44,32344
2026-04-06 12:45:00,253.44,253.99,253.44,253.85,12984
2026-04-06 12:55:00,253.69,254.35,253.6,253.77,13856
2026-04-06 13:05:00,253.68,254.5,253.61,254.37,23831
2026-04-06 13:15:00,254.37,254.69,254.03,254.32,14171
2026-04-06 13:25:00,254.47,254.69,254.1,254.55,12759
2026-04-06 13:35:00,254.62,254.62,253.5,254.09,18948
2026-04-06 13:45:00,254.09,254.29,253.76,254.17,19740
2026-04-06 13:55:00,254.08,254.66,253.75,254.65,31998
2026-04-06 14:05:00,254.65,255.0,254.37,254.81,38123
2026-04-06 14:15:00,254.93,255.23,254.64,254.75,29042
2026-04-06 14:25:00,254.75,254.88,254.18,254.36,32426
2026-04-06 14:35:00,254.22,254.78,254.0,254.58,29045
2026-04-06 14:45:00,254.58,254.71,254.1,254.44,27519
2026-04-06 14:55:00,254.53,255.13,254.1,255.01,68631
2026-04-06 15:05:00,255.1,255.39,254.82,255.1,63349
2026-04-06 15:15:00,255.1,255.18,253.69,254.35,154791
2026-04-06 15:25:00,254.34,255.5,254.03,255.01,58372
2026-04-07 09:15:00,251.0,253.34,249.6,253.34,184805
2026-04-07 09:25:00,253.07,254.22,251.71,252.16,110301
2026-04-07 09:35:00,252.18,252.18,250.92,251.0,48084
2026-04-07 09:45:00,251.0,251.5,250.5,250.93,47494
2026-04-07 09:55:00,250.93,252.08,250.93,252.04,35242
2026-04-07 10:05:00,252.04,252.15,251.74,251.83,17356
2026-04-07 10:15:00,251.83,253.23,251.83,252.95,40504
2026-04-07 10:25:00,252.9,253.59,252.78,253.23,40239
2026-04-07 10:35:00,253.24,254.13,252.8,253.77,32849
2026-04-07 10:45:00,253.77,253.87,252.71,253.02,24388
2026-04-07 10:55:00,253.02,253.71,252.97,253.7,9878
2026-04-07 11:05:00,253.7,253.8,253.05,253.45,11557
2026-04-07 11:15:00,253.47,253.79,253.32,253.61,8365
2026-04-07 11:25:00,253.61,253.69,252.8,253.23,21555
2026-04-07 11:35:00,253.23,253.64,252.4,253.37,49128
2026-04-07 11:45:00,253.39,253.98,252.17,252.27,252431
2026-04-07 11:55:00,252.25,252.75,251.7,252.27,73808
2026-04-07 12:05:00,252.42,252.86,252.02,252.58,226256
2026-04-07 12:15:00,252.58,252.99,252.16,252.64,61716
2026-04-07 12:25:00,252.5,253.2,252.5,252.86,15303
2026-04-07 12:35:00,252.85,253.2,252.58,253.03,19210
2026-04-07 12:45:00,253.01,253.08,252.41,252.47,20372
2026-04-07 12:55:00,252.45,252.78,252.16,252.78,70783
2026-04-07 13:05:00,252.62,253.27,252.62,252.76,86237
2026-04-07 13:15:00,252.89,253.08,252.54,252.94,32587
2026-04-07 13:25:00,252.95,253.63,252.87,253.44,145983
2026-04-07 13:35:00,253.36,254.3,253.35,254.11,29254
2026-04-07 13:45:00,254.11,254.9,254.04,254.51,37229
2026-04-07 13:55:00,254.51,254.79,254.06,254.69,30937
2026-04-07 14:05:00,254.67,255.14,254.56,254.67,65749
2026-04-07 14:15:00,254.73,255.5,253.74,254.13,423772
2026-04-07 14:25:00,254.16,254.71,254.01,254.4,115488
2026-04-07 14:35:00,254.28,254.37,253.62,254.34,116041
2026-04-07 14:45:00,254.23,255.0,254.18,254.95,66625
2026-04-07 14:55:00,254.95,255.0,254.46,254.96,192614
2026-04-07 15:05:00,254.97,255.6,254.88,255.24,245961
2026-04-07 15:15:00,255.11,255.37,254.56,254.98,160484
2026-04-07 15:25:00,254.98,256.5,254.94,255.1,93273
2026-04-08 09:15:00,275.0,278.39,267.6,268.0,1221600
2026-04-08 09:25:00,268.06,269.08,266.01,267.15,511509
2026-04-08 09:35:00,267.1,268.2,267.03,268.05,340532
2026-04-08 09:45:00,268.12,268.55,266.0,266.07,548718
2026-04-08 09:55:00,266.0,267.22,266.0,266.99,222948
2026-04-08 10:05:00,266.99,268.7,266.99,268.4,250445
2026-04-08 10:15:00,268.37,268.9,267.08,267.3,159294
2026-04-08 10:25:00,267.35,268.75,267.23,268.35,110426
2026-04-08 10:35:00,268.35,268.89,268.14,268.54,87763
2026-04-08 10:45:00,268.5,269.82,268.0,269.53,161377
2026-04-08 10:55:00,269.58,269.83,269.01,269.46,206877
2026-04-08 11:05:00,269.5,269.88,269.28,269.28,145839
2026-04-08 11:15:00,269.29,269.8,269.26,269.6,78948
2026-04-08 11:25:00,269.69,270.0,269.03,269.1,175385
2026-04-08 11:35:00,269.04,270.28,269.04,269.35,129215
2026-04-08 11:45:00,269.33,269.87,268.81,268.96,199517
2026-04-08 11:55:00,268.93,269.4,268.93,269.11,39618
2026-04-08 12:05:00,269.11,270.12,268.75,269.95,128448
2026-04-08 12:15:00,270.0,271.47,269.55,271.2,379420
2026-04-08 12:25:00,271.2,271.49,270.02,270.11,205176
2026-04-08 12:35:00,270.11,270.35,269.49,270.06,192285
2026-04-08 12:45:00,270.06,270.3,269.51,269.74,49593
2026-04-08 12:55:00,269.73,270.11,269.64,269.9,30966
2026-04-08 13:05:00,269.9,270.03,269.17,269.34,111319
2026-04-08 13:15:00,269.36,269.81,269.26,269.28,69104
2026-04-08 13:25:00,269.3,269.99,268.52,268.93,685325
2026-04-08 13:35:00,268.93,269.36,268.69,268.8,308478
2026-04-08 13:45:00,268.8,269.15,268.43,268.5,39617
2026-04-08 13:55:00,268.53,268.9,267.83,267.9,86289
2026-04-08 14:05:00,267.9,268.25,267.26,267.26,184175
2026-04-08 14:15:00,267.31,268.25,267.12,268.05,140547
2026-04-08 14:25:00,268.05,268.64,267.11,268.55,281492
2026-04-08 14:35:00,268.55,269.62,268.55,269.6,90547
2026-04-08 14:45:00,269.52,269.6,269.02,269.5,81692
2026-04-08 14:55:00,269.5,269.82,268.91,269.8,174983
2026-04-08 15:05:00,269.8,270.6,269.8,270.25,324107
2026-04-08 15:15:00,270.23,271.14,270.23,270.81,375194
2026-04-08 15:25:00,270.77,271.01,270.2,270.2,134669
2026-04-09 09:15:00,268.0,268.4,262.5,264.72,532272
2026-04-09 09:25:00,264.6,267.18,264.6,265.29,279179
2026-04-09 09:35:00,265.09,266.21,264.62,264.86,1155304
2026-04-09 09:45:00,264.86,265.39,264.61,265.21,106339
2026-04-09 09:55:00,265.21,267.58,264.42,266.43,1016645
2026-04-09 10:05:00,266.5,270.0,266.19,267.18,1060195
2026-04-09 10:15:00,267.37,267.85,266.34,267.75,309652
2026-04-09 10:25:00,267.75,267.87,266.1,267.68,123200
2026-04-09 10:35:00,267.6,268.8,267.0,267.06,1226916
2026-04-09 10:45:00,267.09,267.75,266.43,267.47,132317
2026-04-09 10:55:00,267.52,267.94,267.0,267.77,64119
2026-04-09 11:05:00,267.77,268.56,267.58,268.3,600177
2026-04-09 11:15:00,268.3,268.5,267.72,267.93,216017
2026-04-09 11:25:00,267.86,268.4,267.86,268.03,30169
2026-04-09 11:35:00,268.01,268.96,267.69,268.41,158777
2026-04-09 11:45:00,268.36,268.77,268.22,268.64,49493
2026-04-09 11:55:00,268.69,268.94,268.41,268.76,48421
2026-04-09 12:05:00,268.83,269.82,268.76,269.29,188755
2026-04-09 12:15:00,269.25,270.17,269.25,269.68,96222
2026-04-09 12:25:00,269.73,270.49,269.35,270.36,88923
2026-04-09 12:35:00,270.36,271.45,270.1,271.27,113770
2026-04-09 12:45:00,271.25,272.2,270.9,271.85,199659
2026-04-09 12:55:00,271.85,272.6,271.58,271.79,116789
2026-04-09 13:05:00,271.96,271.96,270.85,271.21,82016
2026-04-09 13:15:00,271.3,271.3,270.53,270.85,112258
2026-04-09 13:25:00,270.92,271.63,270.85,271.32,70318
2026-04-09 13:35:00,271.4,271.74,270.97,271.06,72320
2026-04-09 13:45:00,271.13,271.26,270.2,270.37,129643
2026-04-09 13:55:00,270.37,271.15,270.06,271.0,82689
2026-04-09 14:05:00,271.09,271.83,271.04,271.32,52581
2026-04-09 14:15:00,271.31,271.45,271.01,271.28,51055
2026-04-09 14:25:00,271.28,271.61,270.72,271.32,148944
2026-04-09 14:35:00,271.33,271.89,271.23,271.68,76809
2026-04-09 14:45:00,271.68,271.68,271.23,271.28,54035
2026-04-09 14:55:00,271.33,271.45,270.86,271.0,218720
2026-04-09 15:05:00,271.0,271.88,270.94,271.56,290386
2026-04-09 15:15:00,271.57,271.8,270.83,271.39,337186
2026-04-09 15:25:00,271.4,271.8,270.2,271.0,171932
2026-04-10 09:15:00,270.08,274.55,270.08,272.25,295228
2026-04-10 09:25:00,272.42,272.64,269.27,270.27,542573
2026-04-10 09:35:00,270.23,270.78,269.51,270.64,120312
2026-04-10 09:45:00,270.51,271.45,270.31,271.41,84005
2026-04-10 09:55:00,271.41,271.41,270.0,270.0,69295
2026-04-10 10:05:00,270.05,270.05,268.35,269.79,115063
2026-04-10 10:15:00,269.79,270.49,269.25,270.37,110311
2026-04-10 10:25:00,270.37,270.5,270.1,270.1,100173
2026-04-10 10:35:00,270.1,270.32,269.18,270.12,74629
2026-04-10 10:45:00,270.12,270.54,269.75,270.31,54053
2026-04-10 10:55:00,270.31,270.39,269.42,269.82,206675
2026-04-10 11:05:00,269.82,270.21,269.7,270.03,35956
2026-04-10 11:15:00,270.14,270.27,269.73,269.96,43398
2026-04-10 11:25:00,270.0,270.5,269.7,270.5,44311
2026-04-10 11:35:00,270.5,271.05,270.31,270.92,45514
2026-04-10 11:45:00,270.92,270.92,270.22,270.63,34020
2026-04-10 11:55:00,270.67,271.76,270.67,271.76,42369
2026-04-10 12:05:00,271.76,271.87,271.01,271.56,40578
2026-04-10 12:15:00,271.5,271.69,271.29,271.35,37895
2026-04-10 12:25:00,271.4,271.48,270.76,271.1,50987
2026-04-10 12:35:00,271.15,271.29,270.32,270.58,142944
2026-04-10 12:45:00,270.57,270.66,270.2,270.5,43142
2026-04-10 12:55:00,270.58,270.83,270.43,270.61,69156
2026-04-10 13:05:00,270.67,270.86,270.35,270.47,25126
2026-04-10 13:15:00,270.47,270.56,270.3,270.38,38264
2026-04-10 13:25:00,270.38,270.38,270.0,270.19,39720
2026-04-10 13:35:00,270.19,270.92,270.11,270.86,32025
2026-04-10 13:45:00,270.89,270.9,270.33,270.67,29094
2026-04-10 13:55:00,270.67,270.94,270.49,270.83,38329
2026-04-10 14:05:00,270.83,270.99,270.08,270.44,74774
2026-04-10 14:15:00,270.44,270.77,269.01,269.84,165595
2026-04-10 14:25:00,269.84,270.05,269.26,269.85,101494
2026-04-10 14:35:00,269.85,269.95,269.28,269.83,77369
2026-04-10 14:45:00,269.82,270.57,269.64,270.21,81925
2026-04-10 14:55:00,270.21,270.64,270.13,270.5,100647
2026-04-10 15:05:00,270.61,270.96,270.5,270.51,181774
2026-04-10 15:15:00,270.95,271.16,270.57,271.0,226636
2026-04-10 15:25:00,271.03,271.03,270.5,270.5,123103
2026-04-13 09:15:00,263.55,266.0,260.2,260.55,594263
2026-04-13 09:25:00,260.38,261.8,260.01,260.36,322829
2026-04-13 09:35:00,260.12,260.74,259.0,260.3,347609
2026-04-13 09:45:00,260.45,261.08,259.56,260.75,131413
2026-04-13 09:55:00,260.75,262.32,260.75,262.12,152119
2026-04-13 10:05:00,262.16,264.2,262.16,263.41,225467
2026-04-13 10:15:00,263.41,265.09,263.1,264.48,169544
2026-04-13 10:25:00,264.48,265.94,264.47,265.56,125388
2026-04-13 10:35:00,265.6,265.84,263.33,263.86,171060
2026-04-13 10:45:00,263.9,265.31,263.86,265.28,35641
2026-04-13 10:55:00,265.34,265.9,265.25,265.68,59969
2026-04-13 11:05:00,265.75,265.9,265.07,265.29,68708
2026-04-13 11:15:00,265.29,265.5,265.23,265.36,31582
2026-04-13 11:25:00,265.38,265.89,265.26,265.27,32740
2026-04-13 11:35:00,265.27,265.5,265.0,265.07,26725
2026-04-13 11:45:00,265.07,265.59,264.8,265.26,42513
2026-04-13 11:55:00,265.3,265.5,265.0,265.36,52594
2026-04-13 12:05:00,265.4,265.82,265.29,265.44,22825
2026-04-13 12:15:00,265.44,265.78,265.42,265.47,31452
2026-04-13 12:25:00,265.46,265.85,265.0,265.03,63764
2026-04-13 12:35:00,265.08,265.37,264.83,265.11,35329
2026-04-13 12:45:00,265.1,265.23,264.51,265.12,27875
2026-04-13 12:55:00,265.12,265.18,264.1,264.32,62484
2026-04-13 13:05:00,264.32,264.89,264.25,264.63,38070
2026-04-13 13:15:00,264.66,265.19,264.11,264.22,68362
2026-04-13 13:25:00,264.22,264.78,264.11,264.5,25605
2026-04-13 13:35:00,264.54,264.69,264.45,264.51,18384
2026-04-13 13:45:00,264.57,265.02,264.5,264.77,43981
2026-04-13 13:55:00,264.81,265.74,264.81,265.49,51929
2026-04-13 14:05:00,265.48,265.48,264.34,264.47,61183
2026-04-13 14:15:00,264.45,264.83,264.42,264.57,33453
2026-04-13 14:25:00,264.6,265.26,264.58,265.19,41504
2026-04-13 14:35:00,265.19,265.73,265.1,265.45,36313
2026-04-13 14:45:00,265.45,265.58,265.1,265.11,41915
2026-04-13 14:55:00,265.19,265.41,263.95,264.36,166112
2026-04-13 15:05:00,264.36,264.88,264.3,264.54,165086
2026-04-13 15:15:00,264.65,264.65,263.69,264.46,233168
2026-04-13 15:25:00,264.43,265.5,264.43,264.85,95573
2026-04-15 09:15:00,271.0,272.13,269.64,269.72,272847
2026-04-15 09:25:00,269.72,269.81,268.3,268.35,91921
2026-04-15 09:35:00,268.34,269.06,268.0,268.84,100603
2026-04-15 09:45:00,268.84,269.0,268.36,268.61,39144
2026-04-15 09:55:00,268.65,269.27,268.6,269.15,55103
2026-04-15 10:05:00,269.15,269.54,268.0,268.55,102317
2026-04-15 10:15:00,268.55,269.61,268.55,269.4,39118
2026-04-15 10:25:00,269.4,269.52,268.55,268.77,31132
2026-04-15 10:35:00,268.77,269.2,268.51,268.75,31018
2026-04-15 10:45:00,268.75,269.45,268.51,268.6,41000
2026-04-15 10:55:00,268.7,269.0,268.25,268.9,31479
2026-04-15 11:05:00,268.63,270.25,268.63,270.24,94153
2026-04-15 11:15:00,270.24,270.5,270.11,270.25,41424
2026-04-15 11:25:00,270.25,270.97,270.1,270.51,53769
2026-04-15 11:35:00,270.51,271.35,270.51,271.33,56008
2026-04-15 11:45:00,271.33,271.33,271.01,271.11,30221
2026-04-15 11:55:00,271.11,271.5,271.0,271.21,46394
2026-04-15 12:05:00,271.21,271.29,271.06,271.06,11810
2026-04-15 12:15:00,271.06,271.1,271.0,271.03,27603
2026-04-15 12:25:00,271.09,271.41,271.03,271.29,32585
2026-04-15 12:35:00,271.42,271.45,271.0,271.05,20145
2026-04-15 12:45:00,271.14,271.25,270.91,271.09,31903
2026-04-15 12:55:00,271.09,271.35,271.08,271.25,9375
2026-04-15 13:05:00,271.25,271.5,271.25,271.4,15471
2026-04-15 13:15:00,271.4,271.49,271.0,271.12,45281
2026-04-15 13:25:00,271.15,271.5,270.9,271.3,107123
2026-04-15 13:35:00,271.3,271.75,270.95,271.72,22095
2026-04-15 13:45:00,271.72,271.95,271.5,271.65,56832
2026-04-15 13:55:00,271.7,272.43,271.65,271.9,78401
2026-04-15 14:05:00,271.9,272.05,271.5,271.58,38115
2026-04-15 14:15:00,271.58,271.72,271.03,271.66,42603
2026-04-15 14:25:00,271.66,271.99,271.62,271.65,21948
2026-04-15 14:35:00,271.65,272.09,271.54,271.9,26816
2026-04-15 14:45:00,271.9,272.05,271.49,271.93,261615
2026-04-15 14:55:00,271.99,272.34,271.3,271.64,193818
2026-04-15 15:05:00,271.66,271.88,270.51,270.59,374282
2026-04-15 15:15:00,270.6,271.0,270.19,270.94,294702
2026-04-15 15:25:00,270.84,271.08,270.01,270.75,196879
2026-04-16 09:15:00,271.05,273.58,270.56,271.98,195307
2026-04-16 09:25:00,272.0,273.41,271.9,273.06,98628
2026-04-16 09:35:00,273.03,273.43,270.8,270.8,151829
2026-04-16 09:45:00,270.8,271.78,270.59,271.03,86216
2026-04-16 09:55:00,271.03,271.03,269.7,270.07,94525
2026-04-16 10:05:00,270.07,270.7,270.03,270.36,42209
2026-04-16 10:15:00,270.39,271.68,270.3,271.25,59327
2026-04-16 10:25:00,271.33,272.57,271.21,272.16,42390
2026-04-16 10:35:00,272.16,272.88,271.79,272.76,44581
2026-04-16 10:45:00,272.75,272.77,272.2,272.47,25954
2026-04-16 10:55:00,272.49,272.5,272.12,272.46,21949
2026-04-16 11:05:00,272.46,272.77,272.23,272.23,26087
2026-04-16 11:15:00,272.2,272.39,271.5,271.5,58630
2026-04-16 11:25:00,271.5,272.24,271.41,272.2,88467
2026-04-16 11:35:00,272.11,272.9,271.36,271.67,246008
2026-04-16 11:45:00,271.67,271.91,271.38,271.74,127135
2026-04-16 11:55:00,271.73,271.73,271.15,271.28,28936
2026-04-16 12:05:00,271.27,272.12,271.27,272.08,26065
2026-04-16 12:15:00,272.06,272.1,271.5,271.59,70090
2026-04-16 12:25:00,271.59,271.93,271.01,271.04,68376
2026-04-16 12:35:00,271.04,271.34,270.73,271.0,59982
2026-04-16 12:45:00,271.0,271.86,270.99,271.04,95928
2026-04-16 12:55:00,271.18,271.2,270.3,270.8,30001
2026-04-16 13:05:00,270.8,270.88,270.32,270.49,12174
2026-04-16 13:15:00,270.42,270.52,270.12,270.25,12936
2026-04-16 13:25:00,270.27,270.68,270.0,270.61,19128
2026-04-16 13:35:00,270.61,270.78,270.18,270.73,17336
2026-04-16 13:45:00,270.73,271.16,270.4,270.86,127409
2026-04-16 13:55:00,270.86,271.32,270.51,270.51,49991
2026-04-16 14:05:00,270.51,270.69,270.3,270.51,16185
2026-04-16 14:15:00,270.5,270.61,270.38,270.38,21239
2026-04-16 14:25:00,270.38,271.05,270.38,271.04,28696
2026-04-16 14:35:00,271.04,271.35,270.83,271.25,26759
2026-04-16 14:45:00,271.25,271.43,271.25,271.31,26539
2026-04-16 14:55:00,271.31,271.74,270.91,271.48,71913
2026-04-16 15:05:00,271.48,271.51,271.19,271.39,81613
2026-04-16 15:15:00,271.39,272.0,271.23,271.84,103318
2026-04-16 15:25:00,271.84,271.88,271.0,271.0,50515
2026-04-17 09:15:00,271.98,275.23,271.4,273.87,223140
2026-04-17 09:25:00,273.87,273.95,272.55,272.67,66665
2026-04-17 09:35:00,272.67,273.49,270.35,270.54,74275
2026-04-17 09:45:00,270.53,271.44,270.04,271.44,51244
2026-04-17 09:55:00,271.44,271.74,270.93,271.6,63668
2026-04-17 10:05:00,271.53,272.75,271.53,272.59,40483
2026-04-17 10:15:00,272.59,272.99,272.33,272.86,28369
2026-04-17 10:25:00,272.86,273.09,272.21,272.25,30649
2026-04-17 10:35:00,272.28,272.54,271.76,271.85,36405
2026-04-17 10:45:00,271.83,272.15,271.37,272.08,17656
2026-04-17 10:55:00,272.08,273.24,271.54,271.81,137245
2026-04-17 11:05:00,271.81,272.06,271.5,271.57,27811
2026-04-17 11:15:00,271.57,271.83,271.5,271.62,15797
2026-04-17 11:25:00,271.67,271.94,271.5,271.87,21983
2026-04-17 11:35:00,271.87,272.03,271.5,271.71,17769
2026-04-17 11:45:00,271.67,272.35,271.62,272.17,26792
2026-04-17 11:55:00,272.2,272.3,271.5,271.56,24322
2026-04-17 12:05:00,271.55,271.92,271.5,271.79,20251
2026-04-17 12:15:00,271.77,272.35,271.74,272.11,28829
2026-04-17 12:25:00,272.11,272.38,271.5,272.26,35640
2026-04-17 12:35:00,272.26,272.5,272.06,272.21,34685
2026-04-17 12:45:00,272.21,272.5,272.18,272.35,10339
2026-04-17 12:55:00,272.35,272.39,272.1,272.29,13552
2026-04-17 13:05:00,272.28,272.64,272.1,272.12,23316
2026-04-17 13:15:00,272.15,272.64,272.07,272.57,10318
2026-04-17 13:25:00,272.57,273.03,272.31,272.79,21979
2026-04-17 13:35:00,272.79,272.91,272.58,272.9,13364
2026-04-17 13:45:00,272.9,273.37,272.88,273.29,27672
2026-04-17 13:55:00,273.29,273.38,272.81,272.81,22891
2026-04-17 14:05:00,272.86,272.86,272.55,272.74,23109
2026-04-17 14:15:00,272.73,273.3,272.65,273.04,26086
2026-04-17 14:25:00,273.04,273.39,272.91,273.37,20848
2026-04-17 14:35:00,273.36,273.93,273.02,273.84,39971
2026-04-17 14:45:00,273.84,274.23,273.79,274.01,77818
2026-04-17 14:55:00,274.01,274.05,272.4,272.93,100853
2026-04-17 15:05:00,272.91,273.46,272.86,273.41,91686
2026-04-17 15:15:00,273.39,273.76,273.19,273.19,144097
2026-04-17 15:25:00,273.08,273.9,273.0,273.1,105170
2026-04-20 09:15:00,273.8,274.94,270.36,274.37,318237
2026-04-20 09:25:00,274.26,274.31,271.09,271.34,108654
2026-04-20 09:35:00,271.33,271.47,270.05,270.05,92052
2026-04-20 09:45:00,270.3,271.38,270.01,271.37,61145
2026-04-20 09:55:00,271.37,271.94,271.25,271.59,42823
2026-04-20 10:05:00,271.59,271.95,271.42,271.95,31706
2026-04-20 10:15:00,271.95,272.94,271.88,272.68,41020
2026-04-20 10:25:00,272.76,273.2,272.52,272.82,50449
2026-04-20 10:35:00,272.82,273.13,272.44,273.08,35833
2026-04-20 10:45:00,273.06,273.45,272.68,273.36,74420
2026-04-20 10:55:00,273.21,273.22,271.86,272.11,113443
2026-04-20 11:05:00,272.11,272.61,271.98,272.5,38569
2026-04-20 11:15:00,272.5,272.79,272.41,272.66,28769
2026-04-20 11:25:00,272.66,273.02,272.29,272.59,45744
2026-04-20 11:35:00,272.6,272.7,272.14,272.32,45249
2026-04-20 11:45:00,272.48,272.66,272.1,272.48,41372
2026-04-20 11:55:00,272.48,273.31,271.92,273.0,53215
2026-04-20 12:05:00,273.0,273.24,272.44,272.55,44930
2026-04-20 12:15:00,272.55,273.2,272.5,273.0,38689
2026-04-20 12:25:00,273.05,273.41,272.76,273.22,49102
2026-04-20 12:35:00,273.19,273.6,272.99,273.32,42216
2026-04-20 12:45:00,273.36,274.35,273.31,274.07,88097
2026-04-20 12:55:00,274.07,274.41,273.43,273.53,70904
2026-04-20 13:05:00,273.57,274.05,272.93,273.14,64246
2026-04-20 13:15:00,273.14,273.36,272.8,272.91,42849
2026-04-20 13:25:00,272.81,273.35,272.8,272.89,58209
2026-04-20 13:35:00,272.89,273.2,272.49,272.62,39511
2026-04-20 13:45:00,272.66,273.19,272.19,273.0,44378
2026-04-20 13:55:00,273.0,273.54,272.87,273.31,41181
2026-04-20 14:05:00,273.32,273.39,272.96,273.04,46239
2026-04-20 14:15:00,273.04,273.61,272.96,273.53,41686
2026-04-20 14:25:00,273.49,273.56,273.02,273.15,60785
2026-04-20 14:35:00,273.15,273.83,273.1,273.51,64342
2026-04-20 14:45:00,273.51,273.94,273.36,273.38,66328
2026-04-20 14:55:00,273.38,273.65,272.01,272.17,194339
2026-04-20 15:05:00,272.17,272.39,272.02,272.04,106285
2026-04-20 15:15:00,272.06,272.19,271.4,271.43,92510
2026-04-20 15:25:00,271.45,271.87,270.9,271.6,80221
2026-04-21 09:15:00,272.31,273.51,271.37,271.51,143071
2026-04-21 09:25:00,271.51,272.73,271.0,272.0,160891
2026-04-21 09:35:00,272.0,273.2,271.51,272.79,89902
2026-04-21 09:45:00,272.85,274.48,272.77,274.34,47995
2026-04-21 09:55:00,274.32,275.9,274.08,275.63,90969
2026-04-21 10:05:00,275.63,276.32,275.54,276.07,57860
2026-04-21 10:15:00,276.07,276.21,275.75,275.83,50711
2026-04-21 10:25:00,275.82,276.09,275.64,275.76,21664
2026-04-21 10:35:00,275.8,275.94,275.61,275.79,13248
2026-04-21 10:45:00,275.79,275.9,275.59,275.62,18741
2026-04-21 10:55:00,275.67,275.99,275.56,275.83,31153
2026-04-21 11:05:00,275.83,275.97,275.67,275.86,16825
2026-04-21 11:15:00,275.86,275.87,274.5,274.5,138570
2026-04-21 11:25:00,274.68,275.7,274.22,275.26,218946
2026-04-21 11:35:00,275.38,275.38,274.95,275.2,17239
2026-04-21 11:45:00,275.2,275.25,275.02,275.15,10461
2026-04-21 11:55:00,275.1,275.47,275.1,275.4,7677
2026-04-21 12:05:00,275.47,275.8,275.4,275.65,13623
2026-04-21 12:15:00,275.72,276.0,275.21,275.67,57485
2026-04-21 12:25:00,275.81,275.86,275.44,275.77,8321
2026-04-21 12:35:00,275.77,275.77,275.65,275.68,5113
2026-04-21 12:45:00,275.76,275.78,275.36,275.55,10273
2026-04-21 12:55:00,275.55,275.55,275.06,275.25,8373
2026-04-21 13:05:00,275.37,275.45,275.2,275.29,5456
2026-04-21 13:15:00,275.25,275.62,275.25,275.5,7728
2026-04-21 13:25:00,275.5,275.8,275.22,275.5,12218
2026-04-21 13:35:00,275.65,276.4,275.44,276.03,40173
2026-04-21 13:45:00,276.19,276.61,276.03,276.34,45759
2026-04-21 13:55:00,276.34,276.8,276.25,276.41,38705
2026-04-21 14:05:00,276.41,276.7,276.35,276.56,16867
2026-04-21 14:15:00,276.54,277.88,276.29,277.64,97909
2026-04-21 14:25:00,277.75,277.8,277.41,277.6,55421
2026-04-21 14:35:00,277.6,277.85,277.16,277.7,57285
2026-04-21 14:45:00,277.7,277.89,277.38,277.54,75429
2026-04-21 14:55:00,277.61,278.0,277.5,277.67,84064
2026-04-21 15:05:00,277.63,277.85,277.56,277.75,109000
2026-04-21 15:15:00,277.82,278.29,277.42,278.17,147867
2026-04-21 15:25:00,278.1,278.2,276.73,277.02,85599
2026-04-22 09:15:00,277.02,278.11,275.88,277.0,128701
2026-04-22 09:25:00,277.0,278.21,276.9,277.99,51369
2026-04-22 09:35:00,278.0,278.34,277.65,277.84,45517
2026-04-22 09:45:00,277.8,278.77,277.69,278.55,35242
2026-04-22 09:55:00,278.51,278.8,278.33,278.53,37897
2026-04-22 10:05:00,278.53,278.78,278.32,278.5,16387
2026-04-22 10:15:00,278.5,278.59,278.0,278.18,27947
2026-04-22 10:25:00,278.18,278.8,277.87,278.73,20867
2026-04-22 10:35:00,278.7,278.7,278.06,278.09,11314
2026-04-22 10:45:00,278.09,278.5,278.07,278.45,10632
2026-04-22 10:55:00,278.45,278.59,278.28,278.49,7405
2026-04-22 11:05:00,278.49,278.8,278.44,278.61,14144
2026-04-22 11:15:00,278.61,279.36,278.59,279.35,24102
2026-04-22 11:25:00,279.35,279.45,279.0,279.35,16954
2026-04-22 11:35:00,279.35,280.0,279.35,279.86,32232
2026-04-22 11:45:00,279.86,280.0,279.66,279.98,36770
2026-04-22 11:55:00,279.98,280.18,279.86,280.09,22991
2026-04-22 12:05:00,280.15,280.57,280.03,280.2,26339
2026-04-22 12:15:00,280.04,280.17,279.41,279.64,25179
2026-04-22 12:25:00,279.64,280.12,279.55,280.09,16686
2026-04-22 12:35:00,280.09,280.13,279.86,280.02,9702
2026-04-22 12:45:00,280.02,280.3,279.93,280.28,17977
2026-04-22 12:55:00,280.1,280.52,279.0,279.13,23046
2026-04-22 13:05:00,279.13,279.86,278.89,279.47,14648
2026-04-22 13:15:00,279.65,279.66,279.29,279.49,5963
2026-04-22 13:25:00,279.49,279.76,279.39,279.6,17449
2026-04-22 13:35:00,279.6,280.1,279.5,280.05,11375
2026-04-22 13:45:00,280.08,280.1,279.75,279.85,8112
2026-04-22 13:55:00,279.89,280.01,279.5,279.5,11953
2026-04-22 14:05:00,279.5,279.64,279.01,279.16,9254
2026-04-22 14:15:00,279.11,279.29,278.82,278.86,21734
2026-04-22 14:25:00,278.99,279.0,278.31,278.87,26506
2026-04-22 14:35:00,279.0,279.14,278.87,278.91,9477
2026-04-22 14:45:00,279.0,279.2,278.8,279.01,18614
2026-04-22 14:55:00,279.11,279.42,278.72,278.84,21889
2026-04-22 15:05:00,278.89,280.19,278.38,280.0,117077
2026-04-22 15:15:00,280.05,280.56,279.34,279.6,165827
2026-04-22 15:25:00,279.6,279.69,278.0,278.49,67107
2026-04-23 09:15:00,277.54,279.9,274.0,278.71,248295
2026-04-23 09:25:00,278.84,278.84,277.96,278.25,61254
2026-04-23 09:35:00,278.39,278.69,277.52,277.76,49126
2026-04-23 09:45:00,277.76,278.0,276.64,276.86,44714
2026-04-23 09:55:00,276.94,277.14,276.3,277.13,39984
2026-04-23 10:05:00,277.13,277.22,276.66,276.9,43339
2026-04-23 10:15:00,277.05,277.34,276.8,277.13,29335
2026-04-23 10:25:00,277.07,277.07,276.1,276.43,34505
2026-04-23 10:35:00,276.4,276.55,276.01,276.45,19776
2026-04-23 10:45:00,276.45,276.47,275.93,276.15,46271
2026-04-23 10:55:00,276.14,276.14,274.91,274.95,67788
2026-04-23 11:05:00,274.9,275.11,274.34,274.56,188480
2026-04-23 11:15:00,274.56,274.75,273.41,274.42,80441
2026-04-23 11:25:00,274.42,274.85,274.05,274.76,29379
2026-04-23 11:35:00,274.7,275.44,274.55,275.25,21311
2026-04-23 11:45:00,275.25,275.76,275.15,275.63,25963
2026-04-23 11:55:00,275.56,276.4,275.47,276.03,22203
2026-04-23 12:05:00,276.03,276.65,275.56,276.65,24792
2026-04-23 12:15:00,276.65,277.11,276.58,276.83,41961
2026-04-23 12:25:00,276.82,277.2,276.19,277.01,31334
2026-04-23 12:35:00,277.01,277.45,276.85,277.36,22812
2026-04-23 12:45:00,277.45,277.85,276.92,277.83,38220
2026-04-23 12:55:00,277.79,278.35,277.71,278.35,26418
2026-04-23 13:05:00,278.35,278.38,277.77,277.93,22981
2026-04-23 13:15:00,277.92,278.4,277.77,278.0,17565
2026-04-23 13:25:00,278.0,278.19,277.62,278.04,25495
2026-04-23 13:35:00,278.04,278.25,276.92,277.33,57820
2026-04-23 13:45:00,277.31,277.88,277.13,277.41,39616
2026-04-23 13:55:00,277.41,277.85,277.02,277.44,43031
2026-04-23 14:05:00,277.41,277.41,276.63,277.03,35693
2026-04-23 14:15:00,277.03,277.57,277.03,277.16,28002
2026-04-23 14:25:00,277.16,277.16,276.27,276.27,42484
2026-04-23 14:35:00,276.27,276.47,275.5,276.14,63103
2026-04-23 14:45:00,276.14,276.89,276.14,276.46,44736
2026-04-23 14:55:00,276.36,276.78,275.82,276.03,155870
2026-04-23 15:05:00,275.94,276.38,275.22,275.49,189202
2026-04-23 15:15:00,275.56,275.92,275.41,275.92,131881
2026-04-23 15:25:00,275.91,276.37,275.37,275.5,103751
2026-04-24 09:15:00,276.0,276.9,274.17,276.67,170355
2026-04-24 09:25:00,276.5,276.8,274.64,274.64,195498
2026-04-24 09:35:00,274.73,274.93,273.54,273.61,100948
2026-04-24 09:45:00,273.61,274.56,272.86,272.86,121086
2026-04-24 09:55:00,272.86,273.41,272.68,273.16,55397
2026-04-24 10:05:00,273.16,273.33,272.18,272.4,42365
2026-04-24 10:15:00,272.34,272.75,272.12,272.3,41763
2026-04-24 10:25:00,272.3,272.85,272.3,272.47,33275
2026-04-24 10:35:00,272.47,273.04,272.3,272.5,76963
2026-04-24 10:45:00,272.1,272.4,271.37,272.4,88736
2026-04-24 10:55:00,272.4,272.97,272.2,272.81,36473
2026-04-24 11:05:00,272.81,273.0,272.72,273.0,12643
2026-04-24 11:15:00,273.0,273.88,272.51,273.06,46871
2026-04-24 11:25:00,273.27,273.55,272.92,272.96,27665
2026-04-24 11:35:00,272.96,273.42,272.84,273.16,28542
2026-04-24 11:45:00,273.16,273.22,272.53,272.59,22929
2026-04-24 11:55:00,272.59,272.75,272.5,272.57,12300
2026-04-24 12:05:00,272.57,273.56,272.47,273.29,50111
2026-04-24 12:15:00,273.29,273.39,272.51,272.7,20529
2026-04-24 12:25:00,272.7,272.7,271.7,272.37,57091
2026-04-24 12:35:00,272.37,272.43,272.05,272.1,36422
2026-04-24 12:45:00,272.19,272.97,272.19,272.96,12299
2026-04-24 12:55:00,272.96,273.1,272.52,272.74,22984
2026-04-24 13:05:00,272.75,272.85,272.18,272.6,20849
2026-04-24 13:15:00,272.59,272.66,272.08,272.15,19413
2026-04-24 13:25:00,272.15,272.15,271.39,272.0,23241
2026-04-24 13:35:00,272.0,272.0,271.1,271.21,31309
2026-04-24 13:45:00,271.19,272.14,271.1,272.14,13255
2026-04-24 13:55:00,272.14,272.46,271.74,272.3,13825
2026-04-24 14:05:00,272.3,272.3,271.65,272.21,24137
2026-04-24 14:15:00,272.2,272.78,272.07,272.68,12036
2026-04-24 14:25:00,272.67,273.06,272.5,272.85,14506
2026-04-24 14:35:00,272.85,273.66,272.78,273.51,18630
2026-04-24 14:45:00,273.51,274.1,273.0,273.0,31662
2026-04-24 14:55:00,273.3,273.52,272.84,273.1,42230
2026-04-24 15:05:00,273.1,273.6,273.02,273.24,31886
2026-04-24 15:15:00,273.24,273.99,273.1,273.74,99804
2026-04-24 15:25:00,273.68,273.94,273.23,273.94,49141
2026-04-27 09:15:00,273.45,276.44,273.45,274.38,113026
2026-04-27 09:25:00,274.3,274.59,273.1,273.21,39230
2026-04-27 09:35:00,273.35,274.47,272.9,273.9,39142
2026-04-27 09:45:00,273.77,275.42,273.77,275.31,26860
2026-04-27 09:55:00,275.29,275.82,275.0,275.0,27962
2026-04-27 10:05:00,275.0,275.44,274.33,274.39,47369
2026-04-27 10:15:00,274.67,277.04,274.67,276.87,157458
2026-04-27 10:25:00,276.83,277.33,276.48,277.33,294837
2026-04-27 10:35:00,277.4,277.65,277.3,277.47,31516
2026-04-27 10:45:00,277.58,278.34,277.44,278.28,90818
2026-04-27 10:55:00,278.28,278.28,277.65,278.08,179433
2026-04-27 11:05:00,277.94,279.22,277.94,279.0,186379
2026-04-27 11:15:00,279.0,279.76,278.4,279.41,72469
2026-04-27 11:25:00,279.55,280.24,279.13,279.85,112554
2026-04-27 11:35:00,280.0,280.14,279.46,280.0,300965
2026-04-27 11:45:00,280.0,280.35,279.17,279.29,253466
2026-04-27 11:55:00,279.29,279.57,278.47,278.74,56203
2026-04-27 12:05:00,278.74,278.96,278.32,278.59,33381
2026-04-27 12:15:00,278.59,278.88,278.07,278.61,29869
2026-04-27 12:25:00,278.57,280.82,278.57,280.69,78296
2026-04-27 12:35:00,280.69,281.2,280.1,280.33,31992
2026-04-27 12:45:00,280.33,280.41,280.0,280.21,19971
2026-04-27 12:55:00,280.11,280.64,280.02,280.29,26528
2026-04-27 13:05:00,280.29,280.57,280.0,280.37,19698
2026-04-27 13:15:00,280.37,280.71,280.23,280.48,9788
2026-04-27 13:25:00,280.48,280.9,280.43,280.46,51633
2026-04-27 13:35:00,280.46,280.85,280.44,280.44,26571
2026-04-27 13:45:00,280.44,281.0,280.44,281.0,15689
2026-04-27 13:55:00,281.0,281.0,280.1,280.14,18638
2026-04-27 14:05:00,280.14,280.43,279.87,280.24,79187
2026-04-27 14:15:00,280.24,280.4,279.54,280.19,126008
2026-04-27 14:25:00,280.21,280.48,279.68,280.2,68195
2026-04-27 14:35:00,280.06,280.42,279.64,280.15,84724
2026-04-27 14:45:00,280.15,280.61,280.0,280.61,66410
2026-04-27 14:55:00,280.61,280.61,279.75,280.04,337879
2026-04-27 15:05:00,280.04,280.17,279.58,280.06,312256
2026-04-27 15:15:00,280.06,280.25,278.73,280.14,226013
2026-04-27 15:25:00,280.0,280.31,278.6,279.99,276107
2026-04-28 09:15:00,280.0,281.5,279.6,280.15,99873
2026-04-28 09:25:00,280.45,281.27,280.37,280.57,114996
2026-04-28 09:35:00,280.5,280.98,280.0,280.83,30682
2026-04-28 09:45:00,280.68,280.88,280.0,280.47,25848
2026-04-28 09:55:00,280.33,280.95,279.12,279.54,41838
2026-04-28 10:05:00,279.54,279.72,279.05,279.37,32992
2026-04-28 10:15:00,279.37,279.92,279.16,279.51,21635
2026-04-28 10:25:00,279.61,279.79,279.1,279.52,17409
2026-04-28 10:35:00,279.52,279.55,278.7,279.04,20680
2026-04-28 10:45:00,279.04,279.19,278.4,278.4,15598
2026-04-28 10:55:00,278.4,278.83,278.3,278.59,24447
2026-04-28 11:05:00,278.59,279.04,278.31,278.89,14754
2026-04-28 11:15:00,278.89,279.07,278.45,278.8,20267
2026-04-28 11:25:00,278.8,279.21,278.41,279.03,24454
2026-04-28 11:35:00,278.92,279.06,278.66,278.94,11942
2026-04-28 11:45:00,278.94,278.94,277.73,277.76,27351
2026-04-28 11:55:00,277.83,278.04,277.16,277.47,25128
2026-04-28 12:05:00,277.47,277.47,276.87,277.1,15958
2026-04-28 12:15:00,277.09,277.53,276.7,276.83,54426
2026-04-28 12:25:00,276.83,276.83,276.27,276.5,46866
2026-04-28 12:35:00,276.36,276.79,276.13,276.79,17346
2026-04-28 12:45:00,276.79,277.36,276.65,276.65,13396
2026-04-28 12:55:00,276.65,277.75,276.58,276.89,37242
2026-04-28 13:05:00,276.87,276.99,276.52,276.75,9343
2026-04-28 13:15:00,276.77,277.02,275.63,276.04,64067
2026-04-28 13:25:00,276.04,276.22,275.61,275.75,31369
2026-04-28 13:35:00,275.86,276.58,275.55,276.19,38095
2026-04-28 13:45:00,276.26,276.65,275.81,276.02,34487
2026-04-28 13:55:00,276.16,276.39,275.83,276.1,40049
2026-04-28 14:05:00,276.1,276.57,275.97,276.0,20525
2026-04-28 14:15:00,276.04,276.78,275.55,276.53,25305
2026-04-28 14:25:00,276.7,277.67,276.02,277.33,40655
2026-04-28 14:35:00,277.25,277.88,277.16,277.64,15066
2026-04-28 14:45:00,277.79,278.1,277.39,277.78,27499
2026-04-28 14:55:00,277.91,278.61,277.04,277.04,45002
2026-04-28 15:05:00,277.14,277.92,277.0,277.91,90417
2026-04-28 15:15:00,277.76,278.12,277.17,277.83,105090
2026-04-28 15:25:00,277.84,278.73,277.3,278.3,62501
2026-04-29 09:15:00,280.69,281.83,279.02,280.49,76765
2026-04-29 09:25:00,280.36,281.33,279.73,280.06,36005
2026-04-29 09:35:00,280.07,280.35,279.72,280.23,38760
2026-04-29 09:45:00,280.23,281.19,280.0,281.06,61896
2026-04-29 09:55:00,281.06,281.26,280.63,280.94,26247
2026-04-29 10:05:00,280.94,281.2,280.35,280.85,30248
2026-04-29 10:15:00,280.87,281.68,280.38,280.5,63025
2026-04-29 10:25:00,280.5,280.53,280.12,280.51,13013
2026-04-29 10:35:00,280.38,280.54,280.12,280.54,16746
2026-04-29 10:45:00,280.54,281.26,279.28,279.28,1466488
2026-04-29 10:55:00,279.15,279.39,278.45,279.3,59526
2026-04-29 11:05:00,279.3,279.6,279.0,279.35,44088
2026-04-29 11:15:00,279.35,280.64,279.27,280.5,52240
2026-04-29 11:25:00,280.45,281.23,280.39,281.14,27146
2026-04-29 11:35:00,281.15,281.5,280.87,281.42,20881
2026-04-29 11:45:00,281.5,281.88,281.3,281.51,35664
2026-04-29 11:55:00,281.51,281.79,280.5,280.59,85952
2026-04-29 12:05:00,280.55,280.73,280.41,280.6,26482
2026-04-29 12:15:00,280.59,280.89,280.47,280.81,53303
2026-04-29 12:25:00,280.81,281.7,280.54,281.53,36816
2026-04-29 12:35:00,281.63,282.5,281.48,282.36,62256
2026-04-29 12:45:00,282.36,282.38,280.75,280.85,70714
2026-04-29 12:55:00,280.81,281.21,280.57,280.65,15338
2026-04-29 13:05:00,280.7,280.83,280.54,280.6,19462
2026-04-29 13:15:00,280.6,280.7,280.31,280.57,30311
2026-04-29 13:25:00,280.57,280.8,280.1,280.1,26031
2026-04-29 13:35:00,280.11,280.24,279.04,279.62,54817
2026-04-29 13:45:00,279.59,280.36,279.45,280.21,25110
2026-04-29 13:55:00,280.21,280.3,279.12,279.12,12797
2026-04-29 14:05:00,279.12,279.91,279.06,279.86,23486
2026-04-29 14:15:00,279.86,280.0,279.69,279.91,12195
2026-04-29 14:25:00,279.91,280.49,279.91,280.37,12480
2026-04-29 14:35:00,280.5,280.69,279.81,279.92,21691
2026-04-29 14:45:00,279.92,280.04,279.76,279.8,19523
2026-04-29 14:55:00,279.8,280.66,279.47,280.35,69004
2026-04-29 15:05:00,280.35,280.48,280.18,280.27,71823
2026-04-29 15:15:00,280.21,280.45,279.7,279.93,92520
2026-04-29 15:25:00,279.98,280.67,279.0,279.0,43452
2026-04-30 09:15:00,278.45,278.45,276.7,277.75,58400
2026-04-30 09:25:00,277.75,277.98,277.05,277.31,46239
2026-04-30 09:35:00,277.31,277.38,276.4,277.17,42238
2026-04-30 09:45:00,277.07,277.38,276.82,277.04,31881
2026-04-30 09:55:00,276.92,277.05,276.46,276.61,18743
2026-04-30 10:05:00,276.7,276.87,274.26,274.46,56522
2026-04-30 10:15:00,274.78,275.06,274.4,274.56,19378
2026-04-30 10:25:00,274.58,274.88,274.26,274.34,13783
2026-04-30 10:35:00,274.39,274.97,274.01,274.71,51361
2026-04-30 10:45:00,274.71,274.85,274.5,274.81,20816
2026-04-30 10:55:00,274.81,275.09,274.75,275.07,23855
2026-04-30 11:05:00,275.07,275.24,275.0,275.05,12609
2026-04-30 11:15:00,275.05,275.34,275.0,275.27,14965
2026-04-30 11:25:00,275.27,275.5,275.09,275.34,21485
2026-04-30 11:35:00,275.4,275.48,275.05,275.25,17404
2026-04-30 11:45:00,275.25,275.37,274.96,275.23,26763
2026-04-30 11:55:00,275.38,275.39,275.03,275.06,13384
2026-04-30 12:05:00,275.1,275.49,274.96,275.49,21981
2026-04-30 12:15:00,275.49,275.68,274.94,275.02,51102
2026-04-30 12:25:00,275.02,275.7,274.93,275.5,153671
2026-04-30 12:35:00,275.55,275.99,275.34,275.75,22089
2026-04-30 12:45:00,275.75,275.88,275.56,275.7,19151
2026-04-30 12:55:00,275.58,275.8,275.57,275.59,15913
2026-04-30 13:05:00,275.72,275.82,275.59,275.6,11975
2026-04-30 13:15:00,275.6,275.83,275.58,275.6,23507
2026-04-30 13:25:00,275.68,275.68,274.98,275.45,141411
2026-04-30 13:35:00,275.45,275.88,275.31,275.78,37540
2026-04-30 13:45:00,275.78,276.0,275.45,275.76,99470
2026-04-30 13:55:00,275.76,276.4,275.72,276.0,106437
2026-04-30 14:05:00,275.95,277.05,275.95,276.95,111132
2026-04-30 14:15:00,276.95,277.49,276.6,277.05,119262
2026-04-30 14:25:00,277.05,278.69,276.92,278.53,112221
2026-04-30 14:35:00,278.54,278.8,277.77,277.87,63449
2026-04-30 14:45:00,277.87,278.19,276.74,276.74,97154
2026-04-30 14:55:00,276.77,277.37,276.34,276.34,432639
2026-04-30 15:05:00,276.39,276.89,276.14,276.87,403118
2026-04-30 15:15:00,276.88,277.49,276.49,277.09,471189
2026-04-30 15:25:00,277.09,279.0,277.01,279.0,218288
2026-05-04 09:15:00,280.45,282.0,277.7,279.65,198074
2026-05-04 09:25:00,279.65,280.45,279.15,280.4,91951
2026-05-04 09:35:00,280.4,280.5,279.45,280.1,45950
2026-05-04 09:45:00,280.15,281.0,279.85,280.0,48426
2026-05-04 09:55:00,280.0,281.25,279.75,280.5,53665
2026-05-04 10:05:00,280.55,281.25,280.4,280.7,39743
2026-05-04 10:15:00,280.95,281.15,278.7,279.2,48427
2026-05-04 10:25:00,279.2,279.7,278.5,278.75,34679
2026-05-04 10:35:00,278.75,278.9,277.85,278.7,24427
2026-05-04 10:45:00,278.55,278.8,277.7,277.95,26167
2026-05-04 10:55:00,277.95,278.35,277.4,278.25,21581
2026-05-04 11:05:00,278.25,278.45,277.8,278.05,16815
2026-05-04 11:15:00,277.95,278.65,277.9,278.4,30811
2026-05-04 11:25:00,278.4,279.25,278.3,278.45,30826
2026-05-04 11:35:00,278.45,280.3,278.45,280.3,71821
2026-05-04 11:45:00,280.3,280.3,279.6,280.05,37749
2026-05-04 11:55:00,280.05,280.5,279.95,280.2,17737
2026-05-04 12:05:00,280.2,280.4,279.6,280.05,17635
2026-05-04 12:15:00,280.05,280.55,279.5,280.35,24636
2026-05-04 12:25:00,280.35,280.85,280.15,280.2,42183
2026-05-04 12:35:00,280.2,280.5,279.45,279.8,43341
2026-05-04 12:45:00,279.8,279.9,278.95,278.95,21890
2026-05-04 12:55:00,278.95,279.45,278.8,279.25,21281
2026-05-04 13:05:00,279.25,279.25,278.45,278.6,13469
2026-05-04 13:15:00,278.6,278.6,276.2,276.6,44301
2026-05-04 13:25:00,276.6,276.85,276.05,276.35,14853
2026-05-04 13:35:00,276.35,276.9,275.8,276.8,66243
2026-05-04 13:45:00,276.8,277.0,276.55,276.6,19660
2026-05-04 13:55:00,276.6,276.6,276.1,276.45,16377
2026-05-04 14:05:00,276.45,277.2,276.4,276.95,10814
2026-05-04 14:15:00,276.95,277.6,276.95,277.15,15325
2026-05-04 14:25:00,277.15,277.35,276.85,277.1,7037
2026-05-04 14:35:00,277.25,277.25,276.65,276.8,16216
2026-05-04 14:45:00,276.8,276.8,276.4,276.75,16281
2026-05-04 14:55:00,276.75,277.35,276.75,276.95,90909
2026-05-04 15:05:00,277.1,277.2,276.1,276.45,165793
2026-05-04 15:15:00,276.45,277.0,275.95,277.0,157972
2026-05-04 15:25:00,276.85,278.75,276.3,276.3,106525
2026-05-05 09:15:00,280.0,284.7,279.85,284.05,1122305
2026-05-05 09:25:00,284.1,286.25,283.0,285.75,1241350
2026-05-05 09:35:00,285.9,286.8,281.7,282.9,724777
2026-05-05 09:45:00,282.85,283.65,280.05,280.65,477479
2026-05-05 09:55:00,280.75,281.0,277.1,278.6,516067
2026-05-05 10:05:00,278.4,278.8,275.65,275.75,965012
2026-05-05 10:15:00,275.85,276.0,275.05,275.6,293208
2026-05-05 10:25:00,275.55,275.7,273.4,273.7,408683
2026-05-05 10:35:00,273.65,273.7,272.05,272.25,165311
2026-05-05 10:45:00,272.3,272.65,271.35,272.05,186643
2026-05-05 10:55:00,272.2,272.35,270.85,271.4,295595
2026-05-05 11:05:00,271.5,271.65,271.15,271.4,723452
2026-05-05 11:15:00,271.5,272.9,271.4,272.3,342559
2026-05-05 11:25:00,272.3,273.3,272.3,272.7,180980
2026-05-05 11:35:00,272.85,272.9,272.35,272.7,133960
2026-05-05 11:45:00,272.7,272.9,271.6,272.4,247019
2026-05-05 11:55:00,272.5,273.65,271.9,273.35,227720
2026-05-05 12:05:00,273.45,273.9,272.15,272.8,144039
2026-05-05 12:15:00,272.8,274.15,272.8,273.85,37286
2026-05-05 12:25:00,273.9,274.0,273.25,273.25,55966
2026-05-05 12:35:00,273.45,274.85,273.3,274.5,79864
2026-05-05 12:45:00,274.5,276.75,274.15,276.15,269279
2026-05-05 12:55:00,276.1,278.0,276.05,277.65,215750
2026-05-05 13:05:00,277.65,280.65,277.5,280.55,438849
2026-05-05 13:15:00,280.4,281.9,280.0,280.5,411001
2026-05-05 13:25:00,280.5,282.0,280.3,281.85,244812
2026-05-05 13:35:00,281.9,283.2,281.75,282.8,542353
2026-05-05 13:45:00,282.6,283.25,281.9,282.5,201914
2026-05-05 13:55:00,282.55,283.45,282.4,283.0,172787
2026-05-05 14:05:00,283.0,283.0,282.2,282.4,158464
2026-05-05 14:15:00,282.3,282.45,281.4,281.95,170040
2026-05-05 14:25:00,282.0,282.1,281.55,281.75,126406
2026-05-05 14:35:00,281.7,281.9,281.1,281.3,128410
2026-05-05 14:45:00,281.25,281.5,280.8,281.25,135984
2026-05-05 14:55:00,281.3,282.25,281.0,281.85,240977
2026-05-05 15:05:00,281.8,282.7,281.55,282.3,340953
2026-05-05 15:15:00,282.35,282.95,282.3,282.5,479186
2026-05-05 15:25:00,282.6,283.6,282.1,282.35,259523
2026-05-06 09:15:00,284.9,285.0,279.2,280.65,381400
2026-05-06 09:25:00,280.6,281.5,280.2,280.65,119771
2026-05-06 09:35:00,280.65,280.7,278.5,278.75,181285
2026-05-06 09:45:00,278.75,280.55,278.5,280.55,267324
2026-05-06 09:55:00,280.4,280.65,279.9,280.05,64080
2026-05-06 10:05:00,280.05,281.1,279.95,280.8,73034
2026-05-06 10:15:00,280.9,281.6,280.2,281.55,61464
2026-05-06 10:25:00,281.5,281.9,279.0,279.15,122438
2026-05-06 10:35:00,279.0,279.95,278.95,279.2,79950
2026-05-06 10:45:00,279.2,279.95,279.2,279.75,45376
2026-05-06 10:55:00,279.65,280.7,279.55,280.6,70986
2026-05-06 11:05:00,280.55,281.3,280.55,280.8,48682
2026-05-06 11:15:00,280.85,281.0,280.65,280.8,49942
2026-05-06 11:25:00,280.8,281.25,280.7,281.0,64817
2026-05-06 11:35:00,281.05,281.6,280.95,281.25,63189
2026-05-06 11:45:00,281.25,281.55,281.05,281.5,32596
2026-05-06 11:55:00,281.4,281.55,281.1,281.15,51875
2026-05-06 12:05:00,281.15,281.45,280.7,280.9,42898
2026-05-06 12:15:00,280.9,281.3,280.7,280.85,42394
2026-05-06 12:25:00,280.85,281.65,280.8,281.35,40788
2026-05-06 12:35:00,281.3,281.35,280.0,280.0,46381
2026-05-06 12:45:00,280.1,280.3,279.7,279.75,38877
2026-05-06 12:55:00,279.7,279.8,279.0,279.25,34852
2026-05-06 13:05:00,279.05,279.65,278.75,279.5,48463
2026-05-06 13:15:00,279.5,279.9,279.3,279.45,44878
2026-05-06 13:25:00,279.4,280.15,279.3,279.55,61902
2026-05-06 13:35:00,279.55,279.9,278.8,279.5,76199
2026-05-06 13:45:00,279.45,279.7,279.0,279.3,44654
2026-05-06 13:55:00,279.3,279.55,278.7,279.4,60097
2026-05-06 14:05:00,279.45,280.15,279.4,279.95,49923
2026-05-06 14:15:00,280.0,281.3,280.0,281.2,105714
2026-05-06 14:25:00,281.25,281.7,280.85,281.0,137700
2026-05-06 14:35:00,281.25,283.1,280.9,282.95,345295
2026-05-06 14:45:00,282.8,282.95,281.85,282.3,140471
2026-05-06 14:55:00,282.05,283.55,281.8,283.25,364778
2026-05-06 15:05:00,283.25,283.7,283.05,283.1,336295
2026-05-06 15:15:00,283.1,283.5,283.0,283.3,234423
2026-05-06 15:25:00,283.15,283.7,283.0,283.0,158646
2026-05-07 09:15:00,283.35,284.05,281.0,281.3,314219
2026-05-07 09:25:00,281.35,281.35,279.85,280.0,273026
2026-05-07 09:35:00,280.05,281.0,279.3,280.35,240392
2026-05-07 09:45:00,280.45,280.45,278.95,279.05,142747
2026-05-07 09:55:00,279.1,279.55,278.1,278.95,744970
2026-05-07 10:05:00,278.85,279.5,278.6,278.85,159882
2026-05-07 10:15:00,278.95,281.05,278.85,280.1,495033
2026-05-07 10:25:00,280.15,282.1,280.1,281.35,169943
2026-05-07 10:35:00,281.35,281.85,280.3,281.15,684630
2026-05-07 10:45:00,281.2,281.55,280.65,280.7,750856
2026-05-07 10:55:00,280.75,280.9,280.4,280.6,86758
2026-05-07 11:05:00,280.65,281.3,280.4,280.6,90013
2026-05-07 11:15:00,280.6,280.95,280.2,280.4,66666
2026-05-07 11:25:00,280.35,280.5,280.05,280.05,52157
2026-05-07 11:35:00,280.1,280.1,279.15,279.25,88831
2026-05-07 11:45:00,279.3,279.75,279.15,279.6,61856
2026-05-07 11:55:00,279.55,279.95,279.5,279.7,46291
2026-05-07 12:05:00,279.7,280.85,279.7,280.45,68262
2026-05-07 12:15:00,280.45,281.1,280.4,281.1,54542
2026-05-07 12:25:00,281.1,281.4,280.7,281.15,70544
2026-05-07 12:35:00,281.15,281.75,280.7,280.95,127791
2026-05-07 12:45:00,280.95,281.85,280.75,281.4,67669
2026-05-07 12:55:00,281.5,281.7,280.95,281.3,59828
2026-05-07 13:05:00,281.2,281.7,281.0,281.15,51964
2026-05-07 13:15:00,281.3,281.3,280.8,281.1,58875
2026-05-07 13:25:00,281.15,282.65,281.15,282.45,61944
2026-05-07 13:35:00,282.45,283.15,282.15,282.5,58527
2026-05-07 13:45:00,282.55,282.95,282.5,282.8,34486
2026-05-07 13:55:00,282.85,282.95,282.5,282.8,46095
2026-05-07 14:05:00,282.8,283.3,282.7,282.9,41112
2026-05-07 14:15:00,282.95,283.1,282.5,283.0,46560
2026-05-07 14:25:00,283.1,283.5,283.0,283.15,42872
2026-05-07 14:35:00,283.15,283.2,282.75,282.8,48399
2026-05-07 14:45:00,282.85,282.95,282.6,282.75,45336
2026-05-07 14:55:00,282.8,283.15,282.3,282.6,189031
2026-05-07 15:05:00,282.65,282.65,281.25,281.3,204113
2026-05-07 15:15:00,281.3,282.1,281.3,281.85,338902
2026-05-07 15:25:00,281.85,283.0,281.55,281.6,165897
2026-05-08 09:15:00,282.1,282.1,278.95,279.85,154823
2026-05-08 09:25:00,279.7,280.6,279.65,280.6,70604
2026-05-08 09:35:00,280.45,280.45,280.0,280.1,43273
2026-05-08 09:45:00,280.05,281.0,279.75,280.85,55454
2026-05-08 09:55:00,280.85,281.55,280.5,281.4,61931
2026-05-08 10:05:00,281.45,281.9,280.9,281.8,28074
2026-05-08 10:15:00,281.75,282.7,281.65,282.4,49997
2026-05-08 10:25:00,282.45,283.0,282.05,282.7,52967
2026-05-08 10:35:00,282.65,283.25,282.4,282.95,33593
2026-05-08 10:45:00,282.9,283.25,282.3,282.45,34369
2026-05-08 10:55:00,282.3,283.2,282.3,283.05,26524
2026-05-08 11:05:00,283.0,283.2,282.6,283.15,18988
2026-05-08 11:15:00,283.15,283.15,282.5,282.9,15543
2026-05-08 11:25:00,282.9,283.1,282.45,282.7,25652
2026-05-08 11:35:00,282.65,284.15,282.35,284.0,42381
2026-05-08 11:45:00,283.85,284.45,283.8,284.15,43988
2026-05-08 11:55:00,284.2,285.8,283.75,285.5,190504
2026-05-08 12:05:00,285.4,286.25,285.2,286.15,112571
2026-05-08 12:15:00,286.15,286.25,285.6,285.75,45179
2026-05-08 12:25:00,285.8,286.1,285.3,285.5,38049
2026-05-08 12:35:00,285.55,286.0,285.0,285.05,45890
2026-05-08 12:45:00,285.1,285.25,284.35,284.8,58054
2026-05-08 12:55:00,284.85,284.95,284.4,284.75,42103
2026-05-08 13:05:00,284.8,285.0,284.55,284.95,28589
2026-05-08 13:15:00,285.0,285.05,284.6,284.85,20065
2026-05-08 13:25:00,284.8,285.85,284.0,284.6,71555
2026-05-08 13:35:00,284.5,284.65,284.0,284.2,19363
2026-05-08 13:45:00,284.1,284.1,283.55,283.95,20876
2026-05-08 13:55:00,284.05,284.1,283.35,283.8,25111
2026-05-08 14:05:00,283.75,284.2,283.5,283.5,25923
2026-05-08 14:15:00,283.5,284.0,283.45,283.85,27041
2026-05-08 14:25:00,283.9,284.75,283.65,284.5,23355
2026-05-08 14:35:00,284.5,285.4,284.5,285.15,35727
2026-05-08 14:45:00,285.15,285.25,284.8,285.15,26080
2026-05-08 14:55:00,285.0,285.2,284.05,284.25,66215
2026-05-08 15:05:00,284.1,284.1,283.6,283.85,79004
2026-05-08 15:15:00,283.75,284.0,283.15,283.75,140852
2026-05-08 15:25:00,283.6,283.95,282.5,282.5,55745
2026-05-11 09:15:00,282.25,282.25,276.2,278.3,218408
2026-05-11 09:25:00,278.45,278.55,277.35,277.75,131465
2026-05-11 09:35:00,277.85,277.9,277.0,277.5,68316
2026-05-11 09:45:00,277.65,278.45,277.1,278.05,47550
2026-05-11 09:55:00,278.05,278.25,277.35,278.0,25927
2026-05-11 10:05:00,277.8,278.45,277.6,278.3,43284
2026-05-11 10:15:00,278.3,278.3,277.1,277.45,29933
2026-05-11 10:25:00,277.25,277.6,277.2,277.3,10621
2026-05-11 10:35:00,277.3,277.45,276.3,276.8,32043
2026-05-11 10:45:00,276.6,277.1,276.35,277.0,22256
2026-05-11 10:55:00,277.0,277.4,276.6,277.25,27521
2026-05-11 11:05:00,277.1,278.15,277.05,277.8,43834
2026-05-11 11:15:00,277.8,278.0,277.25,277.25,18262
2026-05-11 11:25:00,277.45,278.25,277.25,278.1,56653
2026-05-11 11:35:00,278.1,278.45,277.2,278.25,101429
2026-05-11 11:45:00,278.25,278.4,277.6,277.6,47766
2026-05-11 11:55:00,277.6,278.2,277.3,277.75,33871
2026-05-11 12:05:00,277.75,278.5,277.6,278.35,29961
2026-05-11 12:15:00,278.35,278.35,277.55,277.85,43648
2026-05-11 12:25:00,277.85,277.95,277.6,277.7,29608
2026-05-11 12:35:00,277.7,278.2,277.6,278.1,32072
2026-05-11 12:45:00,278.1,278.35,278.1,278.15,4022
2026-05-11 12:55:00,278.2,278.2,277.95,278.1,17761
2026-05-11 13:05:00,278.1,278.1,277.4,277.85,24524
2026-05-11 13:15:00,277.9,278.0,277.5,277.7,6466
2026-05-11 13:25:00,277.7,278.15,277.5,278.1,39701
2026-05-11 13:35:00,278.1,278.75,277.95,278.1,31875
2026-05-11 13:45:00,278.1,278.4,278.1,278.2,13586
2026-05-11 13:55:00,278.2,278.3,277.45,277.5,76802
2026-05-11 14:05:00,277.45,277.8,277.05,277.05,14264
2026-05-11 14:15:00,277.05,277.35,277.0,277.3,4520
2026-05-11 14:25:00,277.3,277.9,277.1,277.9,16763
2026-05-11 14:35:00,277.9,277.9,277.1,277.25,12646
2026-05-11 14:45:00,277.25,277.25,276.7,276.9,33051
2026-05-11 14:55:00,276.9,277.15,276.4,276.5,97311
2026-05-11 15:05:00,276.5,276.55,275.1,275.2,147652
2026-05-11 15:15:00,275.15,275.75,275.15,275.3,180941
2026-05-11 15:25:00,275.3,275.6,275.0,275.5,91228
2026-05-12 09:15:00,274.75,276.5,272.25,274.25,136576
2026-05-12 09:25:00,274.25,274.45,273.5,273.7,29854
2026-05-12 09:35:00,273.65,274.6,273.3,274.6,61934
2026-05-12 09:45:00,274.6,275.0,274.1,275.0,61379
2026-05-12 09:55:00,275.0,275.1,274.2,274.5,53602
2026-05-12 10:05:00,274.5,275.15,274.2,274.7,52866
2026-05-12 10:15:00,274.75,275.45,274.75,274.8,40949
2026-05-12 10:25:00,274.8,275.05,274.35,274.55,26492
2026-05-12 10:35:00,274.55,275.65,274.35,274.95,30060
2026-05-12 10:45:00,275.2,275.35,274.5,274.7,10812
2026-05-12 10:55:00,274.7,274.85,274.25,274.4,39048
2026-05-12 11:05:00,274.4,274.4,273.8,274.1,25360
2026-05-12 11:15:00,274.1,274.4,273.95,274.0,9323
2026-05-12 11:25:00,274.0,274.1,273.4,273.55,11325
2026-05-12 11:35:00,273.6,274.4,273.45,273.95,20259
2026-05-12 11:45:00,273.95,274.05,273.55,273.85,32666
2026-05-12 11:55:00,273.95,274.7,273.85,274.15,55434
2026-05-12 12:05:00,274.15,274.6,274.0,274.35,27155
2026-05-12 12:15:00,274.2,274.55,274.1,274.2,20103
2026-05-12 12:25:00,274.1,274.2,273.5,273.5,52321
2026-05-12 12:35:00,273.5,274.05,273.5,274.05,17026
2026-05-12 12:45:00,273.95,274.85,273.75,274.55,24821
2026-05-12 12:55:00,274.55,275.45,274.4,275.3,15278
2026-05-12 13:05:00,275.3,275.3,274.25,274.95,30033
2026-05-12 13:15:00,274.75,275.8,274.75,274.8,108779
2026-05-12 13:25:00,274.8,275.25,274.55,274.85,17954
2026-05-12 13:35:00,274.85,274.85,274.1,274.2,18759
2026-05-12 13:45:00,274.2,274.9,274.1,274.75,35113
2026-05-12 13:55:00,274.75,274.75,273.9,274.0,38467
2026-05-12 14:05:00,274.0,274.1,273.5,273.95,22911
2026-05-12 14:15:00,273.95,274.85,273.75,274.65,9797
2026-05-12 14:25:00,274.65,274.75,273.4,273.6,18536
2026-05-12 14:35:00,273.6,273.7,273.25,273.4,11657
2026-05-12 14:45:00,273.4,273.45,272.55,272.7,32329
2026-05-12 14:55:00,272.7,273.0,271.1,271.4,97227
2026-05-12 15:05:00,271.4,271.5,270.4,270.85,188337
2026-05-12 15:15:00,270.85,271.3,270.55,270.9,195852
2026-05-12 15:25:00,270.8,272.35,270.7,271.9,122992
2026-05-13 09:15:00,273.5,274.1,270.75,271.3,120549
2026-05-13 09:20:00,272.85,273.7,270.75,271.75,22832740
2026-05-13 09:25:00,271.3,272.8,270.85,270.85,56337
2026-05-13 09:35:00,271.0,271.0,269.2,269.7,82205
2026-05-13 09:45:00,269.7,270.4,269.35,269.55,38921
2026-05-13 09:55:00,269.65,271.0,269.45,270.35,42327
2026-05-13 10:05:00,270.35,271.0,270.1,270.65,57470
2026-05-13 10:15:00,270.6,272.0,270.6,271.25,50130
2026-05-13 10:25:00,271.4,273.05,271.4,272.6,55687
2026-05-13 10:35:00,272.45,272.55,271.75,272.15,15775
2026-05-13 10:45:00,272.15,272.2,271.6,271.65,9081
2026-05-13 10:55:00,271.65,271.65,270.55,270.9,12693
2026-05-13 11:05:00,270.9,270.9,270.0,270.15,13407
2026-05-13 11:15:00,270.15,270.7,270.0,270.1,17044
2026-05-13 11:25:00,270.2,270.5,269.9,270.5,27016
2026-05-13 11:35:00,270.5,271.75,270.35,271.7,29339
2026-05-13 11:45:00,271.7,271.9,271.05,271.1,27130
2026-05-13 11:55:00,271.1,272.45,271.0,272.4,75626
2026-05-13 12:05:00,272.4,273.4,272.2,272.65,49759
2026-05-13 12:15:00,272.5,272.7,271.45,271.65,31802
2026-05-13 12:25:00,271.4,271.65,271.2,271.3,19592
2026-05-13 12:35:00,271.3,271.35,270.5,270.85,29856
2026-05-13 12:45:00,270.85,271.4,270.55,271.4,21505
2026-05-13 12:55:00,271.4,272.55,271.4,271.75,20658
2026-05-13 13:05:00,271.75,272.6,271.5,272.45,28568
2026-05-13 13:15:00,272.35,272.9,272.1,272.5,24077
2026-05-13 13:25:00,272.5,272.6,272.05,272.45,16982
2026-05-13 13:35:00,272.6,272.7,272.1,272.15,21035
2026-05-13 13:45:00,272.25,272.4,272.0,272.05,20037
2026-05-13 13:55:00,272.05,272.7,272.0,272.7,71482
2026-05-13 14:05:00,272.75,273.2,272.35,273.2,30848
2026-05-13 14:15:00,273.2,273.2,272.25,272.8,22278
2026-05-13 14:25:00,272.65,272.85,272.3,272.8,16286
2026-05-13 14:35:00,272.8,273.1,272.7,272.75,20665
2026-05-13 14:45:00,272.65,272.65,272.0,272.1,48492
2026-05-13 14:55:00,272.1,272.35,270.9,271.0,101403
2026-05-13 15:05:00,271.0,271.3,270.45,271.3,185398
2026-05-13 15:15:00,271.3,271.7,271.2,271.65,146394
2026-05-13 15:25:00,271.65,273.75,271.55,273.65,96088
2026-05-14 09:15:00,274.6,274.6,272.8,274.3,48128
2026-05-14 09:25:00,274.3,274.65,273.1,273.1,39938
2026-05-14 09:35:00,273.35,273.35,271.7,271.7,24766
2026-05-14 09:45:00,271.7,272.05,270.45,270.45,23647
2026-05-14 09:55:00,270.45,270.9,270.0,270.25,21945
2026-05-14 10:05:00,270.25,270.7,270.0,270.5,11517
2026-05-14 10:15:00,270.5,271.1,270.25,270.7,14345
2026-05-14 10:25:00,270.7,270.75,270.3,270.6,7070
2026-05-14 10:35:00,270.55,271.0,270.3,270.3,7003
2026-05-14 10:45:00,270.3,270.35,269.5,270.05,21068
2026-05-14 10:55:00,269.8,269.85,268.5,268.8,34917
2026-05-14 11:05:00,268.8,269.1,268.25,269.0,40505
2026-05-14 11:15:00,269.0,270.0,269.0,270.0,7825
2026-05-14 11:25:00,270.0,270.65,269.65,270.55,8555
2026-05-14 11:35:00,270.55,270.55,270.05,270.5,9961
2026-05-14 11:45:00,270.5,271.65,270.45,270.9,11865
2026-05-14 11:55:00,270.9,271.55,270.85,271.55,6003
2026-05-14 12:05:00,271.55,271.7,270.9,271.55,26853
2026-05-14 12:15:00,271.85,273.2,271.7,273.1,36883
2026-05-14 12:25:00,272.85,273.55,272.6,273.35,24825
2026-05-14 12:35:00,273.35,273.7,273.05,273.7,13666
2026-05-14 12:45:00,273.7,273.9,273.3,273.45,6893
2026-05-14 12:55:00,273.45,273.75,273.15,273.75,6489
2026-05-14 13:05:00,273.75,273.8,273.25,273.6,14788
2026-05-14 13:15:00,273.45,273.45,272.85,273.0,10052
2026-05-14 13:25:00,273.0,273.75,272.75,273.0,26327
2026-05-14 13:35:00,272.9,273.0,272.6,272.65,7180
2026-05-14 13:45:00,272.7,272.75,271.35,271.9,23233
2026-05-14 13:55:00,271.9,272.4,271.9,272.4,10100
2026-05-14 14:05:00,272.2,272.7,271.85,272.25,20825
2026-05-14 14:15:00,272.3,272.5,271.9,271.9,17959
2026-05-14 14:25:00,271.9,272.5,271.9,272.25,17768
2026-05-14 14:35:00,272.25,272.25,271.1,271.35,22307
2026-05-14 14:45:00,271.2,271.6,270.8,271.35,24962
2026-05-14 14:55:00,271.25,271.95,271.15,271.8,51658
2026-05-14 15:00:00,271.65,271.9,271.35,271.55,142574219
2026-05-14 15:05:00,271.75,271.9,271.35,271.85,79113
2026-05-14 15:10:00,271.6,272.0,271.4,271.95,223588064
2026-05-14 15:15:00,271.85,272.0,271.6,271.7,40623
2026-05-14 15:20:00,271.85,272.3,271.05,271.05,205653354
2026-05-14 15:25:00,272.05,272.3,271.05,271.05,63491
2026-05-15 09:20:00,269.75,269.95,269.05,269.1,19676833
2026-05-15 09:30:00,269.1,269.45,268.25,268.5,36003828
2026-05-15 09:40:00,268.5,269.55,268.35,269.0,49615476
2026-05-15 09:50:00,269.0,269.2,268.95,269.2,15313386
2026-05-15 10:00:00,269.1,269.25,268.15,268.2,102583409
2026-05-15 10:10:00,268.1,268.5,268.0,268.4,160503580
2026-05-15 10:20:00,268.55,269.0,268.4,268.6,147392499
2026-05-15 10:30:00,268.6,268.95,268.45,268.65,171501897
2026-05-15 10:40:00,268.65,268.95,268.4,268.75,191895070
2026-05-15 10:50:00,268.75,269.0,268.15,268.15,241256239
2026-05-15 11:40:00,266.35,266.85,266.35,266.8,217459340
2026-05-15 11:50:00,266.7,266.8,265.9,266.15,302867042
2026-05-15 12:00:00,266.15,266.65,266.15,266.2,331845470
2026-05-15 12:10:00,266.4,266.9,266.2,266.8,290125013
2026-05-15 12:20:00,266.7,266.7,266.0,266.15,371111508
2026-05-15 12:30:00,266.05,267.05,265.6,266.75,734939458
2026-05-15 12:40:00,266.75,267.25,266.3,266.6,644258205
2026-05-15 12:50:00,266.55,267.2,266.3,267.0,938205792
2026-05-15 13:00:00,267.0,267.5,266.5,266.95,683684150
2026-05-15 13:10:00,266.95,267.45,266.0,266.1,916399884
2026-05-15 13:20:00,266.1,266.45,265.8,265.8,1088850920
2026-05-15 13:30:00,265.8,266.25,265.3,265.6,1289183587
2026-05-15 13:40:00,265.5,266.85,265.45,265.7,1061893719
2026-05-15 13:50:00,265.7,266.0,265.3,265.35,879721702
2026-05-15 14:00:00,265.35,265.95,265.3,265.55,753033363
2026-05-15 14:10:00,265.65,266.15,265.2,265.3,812775510
2026-05-15 14:20:00,265.2,265.65,264.4,264.45,849452669
2026-05-15 14:30:00,264.75,264.9,264.4,264.45,844453408
2026-05-15 14:40:00,264.6,264.65,263.7,263.75,835085250
2026-05-15 14:50:00,263.85,264.35,263.45,263.7,876466706
2026-05-15 15:00:00,263.7,264.1,263.55,263.8,796657343
2026-05-15 15:10:00,263.85,263.9,263.1,263.4,758230696
2026-05-15 15:20:00,263.5,264.6,263.2,263.3,776657924
2026-05-18 09:20:00,262.85,262.85,261.65,262.1,33043696
2026-05-18 09:30:00,262.1,262.1,261.3,261.65,51928496
2026-05-18 09:40:00,261.65,261.7,260.8,261.1,64556971
2026-05-18 09:50:00,261.05,261.15,260.45,260.7,66173977
2026-05-18 10:00:00,260.95,261.35,260.5,261.2,91936999
2026-05-18 10:10:00,261.15,261.75,260.85,261.75,110732351
2026-05-18 10:20:00,261.75,261.75,260.9,260.9,110556955
2026-05-18 10:30:00,260.9,262.25,260.4,261.8,118127495
2026-05-18 10:40:00,261.75,261.9,261.0,261.35,119366250
2026-05-18 10:50:00,261.2,262.55,261.2,262.35,151866681
2026-05-18 11:00:00,262.35,263.15,262.1,263.15,174410182
2026-05-18 11:10:00,263.1,263.3,262.75,263.15,256716808
2026-05-18 11:20:00,263.15,263.6,263.05,263.15,229019683
2026-05-18 11:30:00,263.25,264.0,263.15,263.8,246395115
2026-05-18 11:40:00,263.75,263.75,262.95,263.5,263495980
2026-05-18 11:50:00,263.5,264.3,263.5,263.65,313399453
2026-05-18 12:00:00,263.7,264.0,263.35,263.7,326459722
2026-05-18 12:15:00,264.1,264.75,264.1,264.45,34272
2026-05-18 12:20:00,264.65,265.1,264.45,264.6,320500918
2026-05-18 12:30:00,264.75,265.25,264.6,265.2,415715752
2026-05-18 12:40:00,265.25,265.25,264.85,265.1,436942593
2026-05-18 12:50:00,265.15,265.55,265.05,265.35,510152197
2026-05-18 13:00:00,265.4,265.75,264.55,264.7,485822058
2026-05-18 13:10:00,264.85,264.85,264.25,264.25,514945812
2026-05-18 13:20:00,264.3,264.65,264.1,264.2,520802612
2026-05-18 13:30:00,264.35,264.7,264.3,264.45,536720246
2026-05-18 13:40:00,264.45,265.35,264.2,265.35,708346370
2026-05-18 13:50:00,265.35,265.45,264.25,264.6,687658884
2026-05-18 14:00:00,264.7,264.95,264.2,264.3,717097422
2026-05-18 14:10:00,264.3,264.5,264.2,264.45,696200454
2026-05-18 14:20:00,264.45,265.15,264.4,265.0,597355608
2026-05-18 14:30:00,265.1,265.1,264.15,264.15,690378994
2026-05-18 14:40:00,264.2,264.75,264.15,264.3,755291546
2026-05-18 14:50:00,264.45,264.45,263.85,263.95,742463031
2026-05-18 15:00:00,264.05,265.75,264.05,265.1,714826146
2026-05-18 15:10:00,265.15,265.55,264.85,264.85,708594010
2026-05-18 15:20:00,264.9,265.8,264.75,264.75,694518130
2026-05-19 09:15:00,266.0,267.45,264.8,267.25,76542
2026-05-19 09:25:00,267.25,270.0,267.25,267.7,128724
2026-05-19 09:35:00,267.7,269.1,267.5,268.9,36301
2026-05-19 09:45:00,269.0,269.8,268.9,268.9,61233
2026-05-19 09:55:00,268.9,269.2,268.35,268.5,24467
2026-05-19 10:05:00,268.5,269.2,268.5,268.85,10434
2026-05-19 10:15:00,268.85,269.2,268.65,269.05,6196
2026-05-19 10:25:00,269.05,269.45,267.1,267.5,109390
2026-05-19 10:35:00,267.65,267.85,267.5,267.75,14875
2026-05-19 10:45:00,267.75,268.0,267.4,267.5,19112
2026-05-19 10:55:00,267.5,268.0,267.5,267.65,45847
2026-05-19 11:05:00,267.65,267.85,267.55,267.55,12485
2026-05-19 11:15:00,267.55,267.6,267.1,267.4,14252
2026-05-19 11:25:00,267.4,267.6,267.3,267.4,10455
2026-05-19 11:35:00,267.4,268.0,267.35,267.95,11084
2026-05-19 11:45:00,267.95,268.0,267.45,267.45,12746
2026-05-19 11:55:00,267.5,267.7,267.4,267.4,7949
2026-05-19 12:05:00,267.4,267.6,267.3,267.4,7336
2026-05-19 12:15:00,267.4,267.5,267.3,267.4,18424
2026-05-19 12:25:00,267.4,267.8,267.25,267.3,10180
2026-05-19 12:35:00,267.3,267.75,266.6,267.5,28511
2026-05-19 12:45:00,267.5,267.55,266.1,266.2,25959
2026-05-19 12:55:00,266.2,266.35,265.75,265.8,25705
2026-05-19 13:05:00,265.85,265.95,265.8,265.85,10875
2026-05-19 13:15:00,265.85,265.9,265.75,265.85,9942
2026-05-19 13:25:00,265.85,266.3,265.7,265.7,22294
2026-05-19 13:35:00,265.7,265.85,265.45,265.8,18524
2026-05-19 13:45:00,265.8,266.1,265.8,266.1,7985
2026-05-19 13:55:00,266.1,266.3,265.75,266.2,17784
2026-05-19 14:05:00,266.2,266.4,266.05,266.15,13346
2026-05-19 14:15:00,266.15,266.85,266.0,266.7,38622
2026-05-19 14:25:00,266.7,266.85,266.3,266.3,51116
2026-05-19 14:35:00,266.3,266.3,265.55,265.95,108763
2026-05-19 14:45:00,266.0,266.0,265.6,265.6,19725
2026-05-19 14:55:00,265.6,265.9,265.4,265.7,50716
2026-05-19 15:05:00,265.7,265.8,264.65,265.15,105804
2026-05-19 15:15:00,265.2,265.6,264.75,264.8,143853
2026-05-19 15:25:00,264.8,265.5,264.3,264.5,70222
2026-05-20 09:15:00,265.15,265.15,261.35,263.6,245875
2026-05-20 09:20:00,263.9,264.8,262.1,264.45,52672311
2026-05-20 09:25:00,263.45,264.8,263.45,263.8,73808
2026-05-20 09:30:00,264.4,264.4,263.2,263.2,76539857
2026-05-20 09:35:00,263.8,264.4,263.0,263.15,85205
2026-05-20 09:40:00,263.2,264.15,263.0,264.05,109826143
2026-05-20 09:45:00,263.15,264.25,263.05,264.0,46377
2026-05-20 09:50:00,264.05,264.25,263.45,263.5,123761203
2026-05-20 09:55:00,263.9,263.95,263.2,263.3,29285
2026-05-20 10:00:00,263.65,263.75,262.7,263.25,150121496
2026-05-20 10:05:00,263.3,263.35,262.7,263.05,33329
2026-05-20 10:10:00,263.25,263.7,262.8,263.4,185297064
2026-05-20 10:15:00,263.15,263.7,262.75,262.8,77041
2026-05-20 10:20:00,263.4,263.7,262.35,262.5,174520908
2026-05-20 10:25:00,262.8,263.0,262.35,262.9,127732
2026-05-20 10:30:00,262.5,263.25,262.4,263.05,289726665
2026-05-20 10:35:00,262.8,263.9,262.75,263.6,43733
2026-05-20 10:40:00,263.05,264.05,263.05,263.5,285861693
2026-05-20 10:45:00,263.6,264.05,263.25,263.65,25294
2026-05-20 10:50:00,263.4,263.65,263.25,263.4,273246935
2026-05-20 10:55:00,263.6,263.65,263.3,263.35,19383
2026-05-20 11:00:00,263.4,263.6,263.35,263.35,216765696
2026-05-20 11:05:00,263.35,263.6,263.15,263.15,15576
2026-05-20 11:10:00,263.35,263.45,262.65,263.2,233500519
2026-05-20 11:15:00,263.15,263.5,262.65,263.3,113392
2026-05-20 11:20:00,263.3,263.65,262.75,263.6,312539654
2026-05-20 11:25:00,263.3,263.9,263.3,263.7,35825
2026-05-20 11:30:00,263.6,265.1,263.3,264.75,289108139
2026-05-20 11:35:00,263.8,265.1,263.7,264.6,60504
2026-05-20 11:40:00,264.75,265.05,264.35,264.45,357970496
2026-05-20 11:45:00,264.65,264.9,264.05,264.55,29650
2026-05-20 11:50:00,264.45,265.0,264.05,264.85,402636882
2026-05-20 11:55:00,264.55,266.5,264.55,265.75,72983
2026-05-20 12:00:00,264.85,266.4,264.85,265.4,393946682
2026-05-20 12:05:00,265.75,265.8,265.05,265.15,31007
2026-05-20 12:10:00,265.4,265.5,264.95,265.0,318687422
2026-05-20 12:15:00,265.15,265.2,264.6,264.9,29477
2026-05-20 12:20:00,265.0,265.2,264.6,264.9,451271590
2026-05-20 12:25:00,264.85,265.2,264.5,264.65,33080
2026-05-20 12:30:00,265.0,265.1,264.5,264.8,364061921
2026-05-20 12:35:00,264.65,264.9,264.55,264.8,30611
2026-05-20 12:40:00,264.8,264.9,264.55,264.7,364856360
2026-05-20 12:45:00,264.8,264.9,264.45,264.55,20749
2026-05-20 12:50:00,264.7,264.8,264.35,264.55,407620501
2026-05-20 12:55:00,264.5,265.1,264.35,264.65,26270
2026-05-20 13:00:00,264.55,265.1,264.45,264.65,409342433
2026-05-20 13:05:00,264.55,264.8,264.4,264.45,20035
2026-05-20 13:10:00,264.65,265.0,264.3,264.5,493539747
2026-05-20 13:15:00,264.45,265.0,264.3,264.5,39775
2026-05-20 13:20:00,264.5,264.7,264.35,264.35,455670417
2026-05-20 13:25:00,264.5,264.7,264.05,264.25,28738
2026-05-20 13:30:00,264.4,264.45,264.05,264.3,580806545
2026-05-20 13:35:00,264.35,264.6,264.2,264.4,23629
2026-05-20 13:40:00,264.45,264.6,264.2,264.3,555531469
2026-05-20 13:45:00,264.4,265.0,264.2,264.45,24004
2026-05-20 13:50:00,264.35,265.15,264.3,265.05,746813462
2026-05-20 13:55:00,264.45,265.15,264.4,264.4,27253
2026-05-20 14:00:00,265.05,265.1,264.4,264.5,560061495
2026-05-20 14:05:00,264.4,264.7,264.3,264.5,23276
2026-05-20 14:10:00,264.65,264.65,264.3,264.3,618451353
2026-05-20 14:15:00,264.5,264.65,264.0,264.3,32345
2026-05-20 14:20:00,264.3,264.6,264.0,264.6,725137983
2026-05-20 14:25:00,264.3,264.8,264.05,264.2,26071
2026-05-20 14:30:00,264.6,264.8,264.0,264.2,524315859
2026-05-20 14:35:00,264.2,264.6,264.0,264.25,20223
2026-05-20 14:40:00,264.2,264.6,264.0,264.3,1038855664
2026-05-20 14:45:00,264.2,264.4,264.0,264.25,33075
2026-05-20 14:50:00,264.3,264.5,264.0,264.15,809141975
2026-05-20 14:55:00,264.25,264.5,263.45,263.8,122660
2026-05-20 15:00:00,264.25,264.65,263.45,264.65,507098949
2026-05-20 15:05:00,263.8,264.95,263.75,264.85,100806
2026-05-20 15:10:00,264.65,265.05,264.55,265.05,515150166
2026-05-20 15:15:00,264.85,265.4,264.85,265.2,124521
2026-05-20 15:20:00,265.05,267.5,264.85,265.15,1070869184
2026-05-20 15:25:00,265.2,267.5,264.95,265.15,68641
2026-05-21 09:15:00,264.9,269.35,264.9,267.0,79406
2026-05-21 09:20:00,266.55,267.7,266.5,267.25,16921355
2026-05-21 09:25:00,267.2,267.9,266.9,267.55,48738
2026-05-21 09:30:00,267.25,269.55,267.0,268.45,32742540
2026-05-21 09:35:00,267.65,269.75,267.5,268.9,115494
2026-05-21 09:40:00,268.4,269.75,268.1,268.2,52014034
2026-05-21 09:45:00,268.8,268.95,267.55,267.55,22244
2026-05-21 09:50:00,268.2,268.25,267.0,267.4,57024956
2026-05-21 09:55:00,267.55,267.95,267.0,267.2,27358
2026-05-21 10:00:00,267.4,267.5,266.85,267.25,64791781
2026-05-21 10:05:00,267.25,267.75,266.85,267.65,17797
2026-05-21 10:10:00,267.25,268.05,267.15,268.05,68822764
2026-05-21 10:15:00,267.65,268.05,267.5,267.6,15055
2026-05-21 10:20:00,268.0,268.05,267.65,267.65,34696776
2026-05-21 10:25:00,267.5,267.95,267.2,267.25,29473
2026-05-21 10:30:00,267.65,267.8,266.95,267.0,85529279
2026-05-21 10:35:00,267.35,267.5,266.95,267.5,11178
2026-05-21 10:40:00,267.0,267.7,267.0,267.3,88441448
2026-05-21 10:45:00,267.5,268.3,267.3,267.85,34276
2026-05-21 10:50:00,267.4,269.3,267.4,268.95,115565540
2026-05-21 10:55:00,268.15,269.3,268.0,268.45,127574
2026-05-21 11:00:00,268.95,268.95,268.2,268.75,137523233
2026-05-21 11:05:00,268.45,269.0,268.4,268.9,42259
2026-05-21 11:10:00,268.75,269.0,268.25,268.5,155214187
2026-05-21 11:15:00,268.8,268.85,268.25,268.8,67946
2026-05-21 11:20:00,268.5,269.45,268.4,269.2,163199652
2026-05-21 11:25:00,268.8,269.45,268.75,269.0,127810
2026-05-21 11:30:00,269.2,269.7,268.85,269.4,218330863
2026-05-21 11:35:00,269.3,271.0,269.2,270.85,150930
2026-05-21 11:40:00,269.4,271.0,269.2,270.35,328075236
2026-05-21 11:45:00,271.0,271.25,269.9,270.45,216694
2026-05-21 11:50:00,270.35,271.0,270.25,270.45,337545066
2026-05-21 11:55:00,270.45,271.15,270.25,270.65,134820
2026-05-21 12:00:00,270.45,271.15,270.25,270.5,412491960
2026-05-21 12:05:00,270.65,271.95,270.3,271.45,171404
2026-05-21 12:10:00,270.5,271.95,270.5,271.15,535184318
2026-05-21 12:15:00,271.25,271.45,270.75,271.0,45238
2026-05-21 12:20:00,271.15,271.35,270.6,270.7,418257822
2026-05-21 12:25:00,271.05,271.35,270.5,270.9,57074
2026-05-21 12:30:00,270.7,271.0,270.45,270.45,427438599
2026-05-21 12:35:00,270.9,271.0,268.7,269.65,70636
2026-05-21 12:40:00,270.45,270.6,268.7,269.15,446074138
2026-05-21 12:45:00,269.55,269.65,268.75,269.15,51681
2026-05-21 12:50:00,269.15,269.2,268.65,269.0,445921778
2026-05-21 12:55:00,269.15,269.15,268.3,268.3,53127
2026-05-21 13:00:00,269.0,269.0,267.9,267.9,491703009
2026-05-21 13:05:00,268.45,268.75,267.9,268.75,74164
2026-05-21 13:10:00,267.9,268.75,267.9,268.3,519473969
2026-05-21 13:15:00,268.75,268.8,268.15,268.45,56094
2026-05-21 13:20:00,268.15,268.95,268.15,268.8,619824559
2026-05-21 13:25:00,268.5,269.15,268.5,269.15,37235
2026-05-21 13:30:00,268.8,269.85,268.55,269.5,519175742
2026-05-21 13:35:00,269.15,269.9,269.15,269.75,17290
2026-05-21 13:40:00,269.5,269.9,269.4,269.75,236132848
2026-05-21 13:45:00,269.75,270.35,269.5,269.85,29289
2026-05-21 13:55:00,270.05,270.05,269.2,269.6,17876
2026-05-21 14:05:00,269.75,269.9,269.55,269.55,3147
2026-05-21 14:10:00,269.65,270.1,269.3,270.1,641325480
2026-05-21 14:15:00,269.7,270.4,269.5,270.1,94994
2026-05-21 14:25:00,270.1,270.3,269.5,269.8,81403
2026-05-21 14:35:00,269.8,270.1,269.6,269.95,26038
2026-05-21 14:40:00,269.95,270.1,269.85,270.0,320099674
2026-05-21 14:45:00,270.0,270.15,269.8,269.9,83109
2026-05-21 14:55:00,269.95,270.05,269.75,269.95,7175
2026-05-21 14:50:00,269.95,270.4,269.65,270.35,860190827
2026-05-21 15:00:00,270.4,270.7,269.75,269.85,727089638
2026-05-21 15:10:00,269.85,270.4,269.45,269.65,663539383
2026-05-21 15:20:00,269.65,269.8,268.8,269.2,650017144
