datetime,open,high,low,close,volume
2026-01-30 09:15:00,5966.0,5984.0,5914.0,5915.5,4056
2026-01-30 09:20:00,5920.0,5920.0,5890.0,5895.5,3856
2026-01-30 09:25:00,5894.5,5926.0,5889.0,5905.5,2818
2026-01-30 09:30:00,5905.5,5928.5,5905.5,5924.5,1385
2026-01-30 09:35:00,5924.5,5932.0,5920.0,5920.0,1529
2026-01-30 09:40:00,5921.5,5931.0,5911.5,5923.0,1602
2026-01-30 09:45:00,5925.0,5937.0,5925.0,5934.5,1510
2026-01-30 09:50:00,5934.5,5934.5,5910.0,5916.5,1905
2026-01-30 09:55:00,5915.0,5930.5,5915.0,5929.0,1547
2026-01-30 10:00:00,5926.5,5938.5,5919.0,5921.5,2228
2026-01-30 10:05:00,5920.5,5920.5,5902.0,5903.5,2888
2026-01-30 10:10:00,5908.5,5922.0,5903.5,5920.0,1641
2026-01-30 10:15:00,5922.0,5928.0,5918.0,5921.0,1479
2026-01-30 10:20:00,5918.0,5918.0,5892.5,5901.5,3179
2026-01-30 10:25:00,5902.0,5923.0,5898.5,5921.5,1735
2026-01-30 10:30:00,5921.0,5940.0,5921.0,5938.5,2097
2026-01-30 10:35:00,5938.5,5950.0,5936.0,5949.0,1651
2026-01-30 10:40:00,5950.0,5955.5,5944.5,5955.0,3434
2026-01-30 10:45:00,5952.0,5956.5,5950.0,5954.5,1237
2026-01-30 10:50:00,5955.0,5955.0,5950.0,5953.0,1554
2026-01-30 10:55:00,5954.5,5962.5,5952.0,5961.5,2063
2026-01-30 11:00:00,5961.5,5964.0,5948.0,5950.0,1424
2026-01-30 11:05:00,5950.0,5955.5,5942.0,5942.0,1538
2026-01-30 11:10:00,5942.0,5947.0,5936.0,5945.0,1530
2026-01-30 11:15:00,5944.0,5947.5,5940.0,5945.5,1058
2026-01-30 11:20:00,5944.5,5950.0,5925.0,5942.5,3213
2026-01-30 11:25:00,5939.5,5946.0,5933.0,5938.5,834
2026-01-30 11:30:00,5937.5,5938.5,5932.0,5936.0,962
2026-01-30 11:35:00,5936.0,5949.0,5933.0,5947.5,1073
2026-01-30 11:40:00,5949.5,5950.5,5944.0,5948.0,978
2026-01-30 11:45:00,5948.0,5953.0,5943.5,5950.0,1358
2026-01-30 11:50:00,5950.0,5960.0,5947.5,5955.0,1166
2026-01-30 11:55:00,5953.0,5959.5,5947.5,5958.5,2363
2026-01-30 12:00:00,5958.5,5959.5,5953.0,5958.5,1127
2026-01-30 12:05:00,5958.5,5960.0,5955.0,5957.0,852
2026-01-30 12:10:00,5960.0,5960.0,5957.0,5960.0,883
2026-01-30 12:15:00,5960.0,5964.0,5953.0,5956.5,1286
2026-01-30 12:20:00,5958.0,5965.0,5947.5,5964.0,1531
2026-01-30 12:25:00,5964.0,5967.5,5953.5,5957.0,1640
2026-01-30 12:30:00,5957.0,5967.5,5957.0,5962.5,803
2026-01-30 12:35:00,5962.5,5965.0,5956.5,5962.5,1242
2026-01-30 12:40:00,5963.5,5965.0,5958.0,5961.0,917
2026-01-30 12:45:00,5960.5,5963.0,5956.5,5958.5,994
2026-01-30 12:50:00,5958.5,5962.0,5956.0,5961.0,1071
2026-01-30 12:55:00,5961.5,5962.0,5956.0,5962.0,1725
2026-01-30 13:00:00,5962.0,5962.0,5950.0,5959.5,1461
2026-01-30 13:05:00,5958.0,5961.0,5951.0,5955.5,980
2026-01-30 13:10:00,5954.5,5958.5,5952.0,5953.0,1160
2026-01-30 13:15:00,5953.0,5954.5,5932.0,5935.5,4784
2026-01-30 13:20:00,5935.5,5950.0,5932.0,5948.0,2154
2026-01-30 13:25:00,5948.0,5950.0,5946.0,5949.0,1756
2026-01-30 13:30:00,5948.5,5950.0,5947.0,5950.0,2012
2026-01-30 13:35:00,5948.5,5950.0,5947.5,5950.0,879
2026-01-30 13:40:00,5950.0,5951.0,5943.5,5949.0,14722
2026-01-30 13:45:00,5949.0,5951.0,5946.0,5949.0,5692
2026-01-30 13:50:00,5949.0,5963.5,5947.0,5962.0,18235
2026-01-30 13:55:00,5962.0,5964.0,5953.5,5957.5,2338
2026-01-30 14:00:00,5957.5,5970.5,5956.0,5962.0,1885
2026-01-30 14:05:00,5964.5,5974.0,5964.5,5971.0,1531
2026-01-30 14:10:00,5969.0,5974.0,5967.5,5970.5,1129
2026-01-30 14:15:00,5971.0,5971.0,5962.0,5966.0,1495
2026-01-30 14:20:00,5965.5,5971.0,5962.5,5966.0,1607
2026-01-30 14:25:00,5964.5,5969.0,5961.5,5968.0,1207
2026-01-30 14:30:00,5965.5,5970.0,5960.5,5963.5,1575
2026-01-30 14:35:00,5963.5,5978.5,5963.0,5975.5,1704
2026-01-30 14:40:00,5974.0,5979.5,5957.0,5960.0,4296
2026-01-30 14:45:00,5960.5,5972.5,5958.0,5970.5,2118
2026-01-30 14:50:00,5970.5,5975.0,5966.0,5972.5,2848
2026-01-30 14:55:00,5971.0,5987.5,5967.5,5981.0,4155
2026-01-30 15:00:00,5981.0,5990.0,5961.0,5983.5,14555
2026-01-30 15:05:00,5982.5,5985.0,5978.5,5983.0,11593
2026-01-30 15:10:00,5982.5,5987.0,5980.0,5983.5,15302
2026-01-30 15:15:00,5982.5,5988.0,5959.5,5959.5,22346
2026-01-30 15:20:00,5959.5,5973.5,5955.5,5959.5,23471
2026-01-30 15:25:00,5959.5,5992.5,5959.5,5970.0,14425
2026-02-01 09:15:00,5970.0,6000.0,5919.5,5921.0,3092
2026-02-01 09:20:00,5925.0,5928.0,5916.0,5918.5,1125
2026-02-01 09:25:00,5916.5,5935.5,5916.5,5935.5,339
2026-02-01 09:30:00,5935.5,5938.0,5923.0,5925.0,304
2026-02-01 09:35:00,5925.0,5935.5,5925.0,5929.5,342
2026-02-01 09:40:00,5929.5,5929.5,5918.0,5926.0,787
2026-02-01 09:45:00,5926.0,5930.0,5924.0,5926.5,207
2026-02-01 09:50:00,5926.5,5930.5,5911.5,5930.5,1000
2026-02-01 09:55:00,5930.5,5935.0,5925.5,5929.5,395
2026-02-01 10:00:00,5930.0,5934.0,5925.0,5928.5,257
2026-02-01 10:05:00,5928.5,5933.0,5927.0,5932.0,196
2026-02-01 10:10:00,5932.0,5935.0,5929.0,5934.5,311
2026-02-01 10:15:00,5934.5,5945.5,5929.0,5939.0,490
2026-02-01 10:20:00,5939.0,5946.0,5938.5,5946.0,235
2026-02-01 10:25:00,5946.0,5955.5,5946.0,5955.0,978
2026-02-01 10:30:00,5952.5,5964.0,5950.0,5964.0,631
2026-02-01 10:35:00,5964.0,5965.0,5955.5,5959.0,703
2026-02-01 10:40:00,5959.0,5970.0,5957.5,5970.0,401
2026-02-01 10:45:00,5970.0,5972.0,5965.0,5969.0,731
2026-02-01 10:50:00,5969.0,5971.5,5961.5,5969.0,391
2026-02-01 10:55:00,5969.0,5972.0,5966.5,5970.0,238
2026-02-01 11:00:00,5970.0,5970.0,5965.0,5965.0,199
2026-02-01 11:05:00,5965.0,5972.0,5962.5,5972.0,520
2026-02-01 11:10:00,5970.0,5980.0,5969.0,5978.0,1263
2026-02-01 11:15:00,5974.0,5978.0,5969.0,5972.5,418
2026-02-01 11:20:00,5972.5,5973.5,5964.0,5966.0,340
2026-02-01 11:25:00,5966.0,5975.0,5961.0,5973.0,280
2026-02-01 11:30:00,5973.0,5975.0,5970.5,5975.0,251
2026-02-01 11:35:00,5975.0,5976.0,5966.5,5966.5,416
2026-02-01 11:40:00,5968.0,5968.5,5954.0,5961.0,854
2026-02-01 11:45:00,5958.0,5959.5,5950.0,5955.0,369
2026-02-01 11:50:00,5955.0,5958.0,5949.5,5955.0,278
2026-02-01 11:55:00,5955.0,5955.0,5948.0,5954.0,456
2026-02-01 12:00:00,5954.5,5954.5,5943.0,5950.5,427
2026-02-01 12:05:00,5950.5,6047.0,5945.5,6017.0,5543
2026-02-01 12:10:00,6017.0,6020.0,5970.5,5974.0,2531
2026-02-01 12:15:00,5972.0,5972.0,5948.0,5952.5,1176
2026-02-01 12:20:00,5951.5,5967.0,5944.0,5950.0,681
2026-02-01 12:25:00,5947.0,5965.0,5946.0,5946.0,830
2026-02-01 12:30:00,5946.0,5955.5,5908.5,5938.0,2035
2026-02-01 12:35:00,5938.0,5963.0,5935.5,5963.0,776
2026-02-01 12:40:00,5964.0,5997.5,5958.0,5990.0,958
2026-02-01 12:45:00,5986.5,5990.0,5964.5,5974.0,1128
2026-02-01 12:50:00,5977.5,5980.5,5962.0,5965.0,1280
2026-02-01 12:55:00,5965.0,5981.5,5963.5,5978.0,1120
2026-02-01 13:00:00,5974.5,6044.5,5974.5,6030.5,2059
2026-02-01 13:05:00,6031.0,6049.0,6028.0,6046.5,1468
2026-02-01 13:10:00,6048.0,6064.5,6018.0,6022.5,2954
2026-02-01 13:15:00,6022.5,6033.0,6010.5,6032.5,764
2026-02-01 13:20:00,6033.0,6100.0,6031.5,6091.0,4618
2026-02-01 13:25:00,6092.5,6095.0,6055.0,6058.0,2488
2026-02-01 13:30:00,6058.0,6090.0,6052.0,6086.0,1476
2026-02-01 13:35:00,6089.0,6089.0,6066.5,6070.0,1379
2026-02-01 13:40:00,6072.5,6088.0,6070.0,6082.0,1625
2026-02-01 13:45:00,6083.5,6120.0,6082.0,6114.0,6510
2026-02-01 13:50:00,6110.0,6114.0,6091.0,6095.5,2637
2026-02-01 13:55:00,6095.5,6112.0,6095.5,6109.5,1545
2026-02-01 14:00:00,6109.5,6112.0,6100.0,6100.5,993
2026-02-01 14:05:00,6100.5,6103.0,6098.0,6102.0,1269
2026-02-01 14:10:00,6100.0,6115.0,6082.0,6110.0,3374
2026-02-01 14:15:00,6114.0,6118.5,6105.5,6112.5,1551
2026-02-01 14:20:00,6112.5,6124.0,6098.0,6099.5,1865
2026-02-01 14:25:00,6099.5,6137.5,6099.0,6131.5,10200
2026-02-01 14:30:00,6131.5,6155.0,6129.0,6152.0,3961
2026-02-01 14:35:00,6151.0,6158.0,6134.0,6149.0,6455
2026-02-01 14:40:00,6150.5,6158.0,6143.5,6150.5,12458
2026-02-01 14:45:00,6150.5,6165.0,6131.5,6131.5,5668
2026-02-01 14:50:00,6134.0,6144.5,6130.0,6137.5,3841
2026-02-01 14:55:00,6136.0,6140.5,6125.5,6140.5,7270
2026-02-01 15:00:00,6140.0,6141.0,6120.0,6127.0,12056
2026-02-01 15:05:00,6127.0,6128.5,6097.0,6099.5,5931
2026-02-01 15:10:00,6100.0,6100.0,6081.0,6095.0,4912
2026-02-01 15:15:00,6095.0,6095.0,6052.0,6052.0,3632
2026-02-01 15:20:00,6051.5,6064.5,6002.0,6002.0,5122
2026-02-01 15:25:00,6002.0,6012.0,5922.5,5998.5,10629
2026-02-02 09:15:00,6068.5,6068.5,5997.5,6016.5,8162
2026-02-02 09:20:00,6015.5,6023.0,6000.0,6013.5,2356
2026-02-02 09:25:00,6012.0,6026.0,5989.5,6026.0,4214
2026-02-02 09:30:00,6021.0,6057.5,6021.0,6046.5,6155
2026-02-02 09:35:00,6046.5,6046.5,6031.0,6033.0,2452
2026-02-02 09:40:00,6033.5,6034.0,6012.0,6012.5,4139
2026-02-02 09:45:00,6014.0,6022.0,6008.5,6011.5,1232
2026-02-02 09:50:00,6011.5,6040.0,6008.0,6032.0,2845
2026-02-02 09:55:00,6032.0,6059.0,6031.5,6040.5,2336
2026-02-02 10:00:00,6039.0,6047.0,6039.0,6039.0,568
2026-02-02 10:05:00,6039.0,6044.5,6029.0,6036.0,3720
2026-02-02 10:10:00,6036.0,6038.5,6025.5,6031.5,1229
2026-02-02 10:15:00,6030.0,6030.0,6010.5,6010.5,1907
2026-02-02 10:20:00,6010.5,6011.5,6001.0,6003.0,3060
2026-02-02 10:25:00,6003.0,6005.5,5990.5,6002.0,1633
2026-02-02 10:30:00,6000.5,6013.0,6000.5,6004.5,1029
2026-02-02 10:35:00,6004.0,6021.0,6003.0,6021.0,842
2026-02-02 10:40:00,6021.0,6021.0,6009.5,6012.0,411
2026-02-02 10:45:00,6012.0,6012.5,6008.0,6010.0,379
2026-02-02 10:50:00,6010.0,6019.5,6009.0,6012.0,1429
2026-02-02 10:55:00,6012.0,6012.0,5991.0,5994.0,878
2026-02-02 11:00:00,5994.0,5995.0,5989.5,5989.5,1172
2026-02-02 11:05:00,5989.5,5991.0,5981.5,5983.5,1969
2026-02-02 11:10:00,5983.5,5987.5,5982.5,5985.0,462
2026-02-02 11:15:00,5985.0,5987.5,5976.0,5977.0,1062
2026-02-02 11:20:00,5977.0,5984.5,5976.0,5976.0,1024
2026-02-02 11:25:00,5976.0,5984.5,5970.5,5984.5,1277
2026-02-02 11:30:00,5985.0,6007.0,5982.0,6007.0,1107
2026-02-02 11:35:00,6004.5,6004.5,5996.0,6001.0,745
2026-02-02 11:40:00,6004.5,6010.5,5999.0,6008.5,884
2026-02-02 11:45:00,6012.0,6016.0,6005.0,6008.5,711
2026-02-02 11:50:00,6007.5,6010.5,6001.5,6005.0,636
2026-02-02 11:55:00,6005.0,6007.5,6001.5,6006.0,514
2026-02-02 12:00:00,6005.5,6005.5,5996.5,5996.5,447
2026-02-02 12:05:00,5998.0,6003.0,5988.5,5990.0,1757
2026-02-02 12:10:00,5989.0,5991.0,5978.0,5991.0,1293
2026-02-02 12:15:00,5990.5,5994.5,5985.0,5987.5,1424
2026-02-02 12:20:00,5987.5,5991.0,5984.0,5989.0,330
2026-02-02 12:25:00,5990.0,5990.0,5979.5,5985.5,784
2026-02-02 12:30:00,5988.0,5990.0,5982.0,5984.5,756
2026-02-02 12:35:00,5983.5,5989.0,5981.0,5989.0,702
2026-02-02 12:40:00,5988.5,6000.0,5985.5,5985.5,2147
2026-02-02 12:45:00,5987.0,5989.0,5966.0,5981.0,6030
2026-02-02 12:50:00,5981.0,6000.0,5981.0,5993.5,1353
2026-02-02 12:55:00,5993.5,6001.0,5985.0,5985.0,1285
2026-02-02 13:00:00,5985.0,6003.5,5983.5,6000.0,2086
2026-02-02 13:05:00,6002.5,6009.5,6000.0,6004.5,236
2026-02-02 13:10:00,6004.5,6004.5,5998.0,5999.0,2879
2026-02-02 13:15:00,5999.0,6002.0,5975.5,5975.5,2732
2026-02-02 13:20:00,5975.5,5979.0,5966.0,5972.0,5787
2026-02-02 13:25:00,5972.5,5985.0,5970.5,5980.5,966
2026-02-02 13:30:00,5982.0,5985.0,5969.5,5970.0,4349
2026-02-02 13:35:00,5970.0,5970.0,5954.5,5961.5,1651
2026-02-02 13:40:00,5960.5,5969.0,5959.0,5960.5,399
2026-02-02 13:45:00,5960.5,5963.5,5955.0,5955.5,446
2026-02-02 13:50:00,5955.5,5960.0,5950.0,5951.0,1538
2026-02-02 13:55:00,5951.0,5964.0,5934.5,5960.0,2853
2026-02-02 14:00:00,5960.0,5965.0,5960.0,5964.5,1690
2026-02-02 14:05:00,5964.5,5973.5,5964.5,5970.0,4684
2026-02-02 14:10:00,5970.0,5974.0,5962.5,5970.5,2803
2026-02-02 14:15:00,5970.5,5974.5,5965.0,5966.5,7349
2026-02-02 14:20:00,5967.5,5971.0,5955.0,5955.0,2869
2026-02-02 14:25:00,5955.5,5962.5,5951.5,5962.0,383
2026-02-02 14:30:00,5962.0,5964.5,5947.5,5949.0,939
2026-02-02 14:35:00,5949.0,5955.0,5944.5,5949.5,1595
2026-02-02 14:40:00,5947.0,5950.0,5938.0,5940.0,2352
2026-02-02 14:45:00,5940.0,5950.5,5929.0,5944.5,1789
2026-02-02 14:50:00,5945.5,5957.0,5943.0,5951.5,1589
2026-02-02 14:55:00,5950.5,5967.0,5950.5,5966.0,1863
2026-02-02 15:00:00,5973.0,5986.0,5971.0,5977.5,6321
2026-02-02 15:05:00,5980.0,5990.5,5968.5,5969.0,5922
2026-02-02 15:10:00,5969.0,5983.5,5969.0,5983.5,5161
2026-02-02 15:15:00,5984.5,5990.0,5979.0,5989.0,6202
2026-02-02 15:20:00,5989.0,6000.0,5989.0,5994.0,8265
2026-02-02 15:25:00,5994.0,6002.5,5971.5,5995.5,5730
2026-02-03 09:15:00,6200.0,6275.5,6195.0,6218.5,27393
2026-02-03 09:20:00,6222.0,6226.5,6150.0,6154.5,10703
2026-02-03 09:25:00,6152.0,6170.5,6145.5,6154.0,4223
2026-02-03 09:30:00,6150.0,6170.0,6134.0,6149.0,4787
2026-02-03 09:35:00,6145.0,6152.0,6138.5,6147.5,5035
2026-02-03 09:40:00,6142.0,6146.0,6113.5,6121.5,2877
2026-02-03 09:45:00,6122.0,6137.0,6112.0,6137.0,4331
2026-02-03 09:50:00,6128.0,6136.5,6122.0,6129.0,3779
2026-02-03 09:55:00,6129.0,6133.5,6115.5,6115.5,2280
2026-02-03 10:00:00,6115.5,6122.0,6106.0,6108.0,1695
2026-02-03 10:05:00,6107.5,6111.5,6101.5,6110.5,1419
2026-02-03 10:10:00,6109.5,6114.5,6102.0,6111.5,5485
2026-02-03 10:15:00,6112.5,6126.5,6106.5,6123.5,2988
2026-02-03 10:20:00,6116.5,6125.5,6102.0,6115.5,3383
2026-02-03 10:25:00,6112.5,6116.0,6105.5,6109.0,2104
2026-02-03 10:30:00,6109.0,6119.5,6102.0,6116.5,1168
2026-02-03 10:35:00,6116.5,6126.5,6114.5,6116.0,947
2026-02-03 10:40:00,6116.0,6123.0,6076.5,6078.0,4816
2026-02-03 10:45:00,6078.0,6084.0,6068.5,6069.0,3283
2026-02-03 10:50:00,6070.5,6077.5,6051.0,6051.0,3206
2026-02-03 10:55:00,6052.0,6055.0,6048.0,6052.0,2005
2026-02-03 11:00:00,6052.0,6072.5,6052.0,6072.5,1799
2026-02-03 11:05:00,6072.5,6084.5,6072.5,6081.0,985
2026-02-03 11:10:00,6079.0,6083.5,6074.5,6079.5,323
2026-02-03 11:15:00,6077.0,6087.5,6077.0,6083.0,848
2026-02-03 11:20:00,6083.0,6089.5,6081.0,6089.5,485
2026-02-03 11:25:00,6089.5,6101.5,6087.5,6098.5,2630
2026-02-03 11:30:00,6102.0,6112.0,6100.5,6110.0,1432
2026-02-03 11:35:00,6108.0,6111.5,6090.5,6098.0,1736
2026-02-03 11:40:00,6098.0,6108.5,6096.5,6104.0,598
2026-02-03 11:45:00,6104.0,6110.0,6095.5,6099.5,809
2026-02-03 11:50:00,6098.5,6098.5,6083.5,6090.0,713
2026-02-03 11:55:00,6090.0,6097.0,6090.0,6096.0,378
2026-02-03 12:00:00,6096.0,6097.0,6093.0,6095.0,469
2026-02-03 12:05:00,6095.0,6096.0,6089.0,6091.0,474
2026-02-03 12:10:00,6091.5,6091.5,6081.5,6081.5,669
2026-02-03 12:15:00,6080.5,6080.5,6070.5,6074.5,1099
2026-02-03 12:20:00,6078.0,6086.0,6077.5,6080.5,872
2026-02-03 12:25:00,6081.0,6086.0,6078.0,6086.0,759
2026-02-03 12:30:00,6086.0,6089.0,6081.5,6081.5,302
2026-02-03 12:35:00,6081.5,6081.5,6071.5,6078.0,810
2026-02-03 12:40:00,6077.5,6077.5,6072.5,6077.0,607
2026-02-03 12:45:00,6077.0,6078.5,6067.5,6073.5,672
2026-02-03 12:50:00,6072.5,6074.5,6055.0,6056.5,1251
2026-02-03 12:55:00,6058.5,6059.0,6053.0,6056.0,927
2026-02-03 13:00:00,6057.5,6058.5,6044.5,6044.5,1468
2026-02-03 13:05:00,6044.5,6048.0,6036.0,6036.0,1196
2026-02-03 13:10:00,6036.0,6041.0,6035.5,6036.0,1638
2026-02-03 13:15:00,6036.0,6040.0,6032.5,6034.0,1006
2026-02-03 13:20:00,6033.0,6044.5,6030.0,6036.0,1703
2026-02-03 13:25:00,6036.0,6036.0,6025.0,6028.0,1568
2026-02-03 13:30:00,6028.0,6035.0,6023.0,6024.5,1252
2026-02-03 13:35:00,6024.5,6032.0,6016.0,6025.0,1895
2026-02-03 13:40:00,6025.0,6029.5,6022.0,6026.0,536
2026-02-03 13:45:00,6026.5,6035.0,6026.0,6033.5,406
2026-02-03 13:50:00,6035.0,6054.0,6035.0,6053.5,2254
2026-02-03 13:55:00,6053.5,6056.0,6033.5,6039.0,867
2026-02-03 14:00:00,6038.5,6049.0,6033.5,6047.5,938
2026-02-03 14:05:00,6047.0,6051.0,6045.0,6051.0,796
2026-02-03 14:10:00,6051.0,6055.0,6048.5,6048.5,968
2026-02-03 14:15:00,6048.5,6055.0,6048.5,6052.5,460
2026-02-03 14:20:00,6051.5,6053.0,6044.5,6049.5,553
2026-02-03 14:25:00,6049.5,6055.0,6048.0,6051.0,772
2026-02-03 14:30:00,6051.0,6056.0,6046.5,6049.5,442
2026-02-03 14:35:00,6049.5,6053.0,6045.5,6048.5,729
2026-02-03 14:40:00,6050.0,6050.0,6034.0,6036.0,849
2026-02-03 14:45:00,6036.0,6047.0,6036.0,6044.0,926
2026-02-03 14:50:00,6043.0,6053.0,6039.0,6045.5,2341
2026-02-03 14:55:00,6045.5,6052.5,6043.5,6048.0,1219
2026-02-03 15:00:00,6046.5,6049.5,6040.0,6042.0,2634
2026-02-03 15:05:00,6042.5,6042.5,6035.5,6038.0,1989
2026-02-03 15:10:00,6034.0,6051.5,6034.0,6051.5,3898
2026-02-03 15:15:00,6051.5,6058.5,6038.5,6043.5,4014
2026-02-03 15:20:00,6043.5,6047.5,6039.0,6040.0,4408
2026-02-03 15:25:00,6040.0,6045.0,6025.5,6029.5,3665
2026-02-04 09:15:00,5800.0,5800.0,5581.0,5658.0,72283
2026-02-04 09:20:00,5655.5,5700.5,5655.5,5673.5,29049
2026-02-04 09:25:00,5674.0,5687.5,5646.0,5646.0,22343
2026-02-04 09:30:00,5650.5,5695.5,5640.5,5694.0,15622
2026-02-04 09:35:00,5695.0,5703.5,5676.0,5688.5,11046
2026-02-04 09:40:00,5689.5,5697.5,5681.5,5681.5,6834
2026-02-04 09:45:00,5683.0,5683.0,5670.0,5682.5,9026
2026-02-04 09:50:00,5682.5,5691.0,5670.5,5672.5,3779
2026-02-04 09:55:00,5673.5,5684.0,5667.0,5682.5,6948
2026-02-04 10:00:00,5682.0,5703.5,5675.5,5696.5,6126
2026-02-04 10:05:00,5695.5,5716.0,5693.5,5701.5,13467
2026-02-04 10:10:00,5701.5,5705.0,5690.0,5693.0,5312
2026-02-04 10:15:00,5691.0,5694.5,5672.5,5677.0,4457
2026-02-04 10:20:00,5677.5,5677.5,5663.5,5669.0,6713
2026-02-04 10:25:00,5669.0,5677.5,5660.0,5665.0,6781
2026-02-04 10:30:00,5663.5,5665.0,5652.0,5652.0,5577
2026-02-04 10:35:00,5652.0,5654.0,5632.0,5636.0,14857
2026-02-04 10:40:00,5635.0,5648.5,5631.0,5635.5,4955
2026-02-04 10:45:00,5635.5,5635.5,5627.0,5627.0,7191
2026-02-04 10:50:00,5627.0,5635.5,5625.0,5631.0,4528
2026-02-04 10:55:00,5631.0,5637.0,5622.0,5625.0,5801
2026-02-04 11:00:00,5624.5,5627.0,5614.0,5614.0,5119
2026-02-04 11:05:00,5614.0,5618.5,5610.0,5610.0,4885
2026-02-04 11:10:00,5611.0,5613.0,5598.0,5603.5,12936
2026-02-04 11:15:00,5603.5,5605.5,5584.0,5585.0,10035
2026-02-04 11:20:00,5586.0,5595.0,5565.0,5568.0,17186
2026-02-04 11:25:00,5568.5,5576.0,5550.0,5569.0,11567
2026-02-04 11:30:00,5569.0,5579.5,5556.5,5557.0,8065
2026-02-04 11:35:00,5559.5,5570.0,5557.0,5564.0,3411
2026-02-04 11:40:00,5564.0,5577.5,5560.0,5563.0,3009
2026-02-04 11:45:00,5564.0,5565.0,5557.0,5559.5,3982
2026-02-04 11:50:00,5557.5,5565.0,5545.0,5564.5,7983
2026-02-04 11:55:00,5564.5,5577.0,5560.0,5577.0,7137
2026-02-04 12:00:00,5575.0,5585.0,5570.5,5577.0,4932
2026-02-04 12:05:00,5577.0,5614.5,5575.0,5614.0,13454
2026-02-04 12:10:00,5613.0,5616.0,5587.0,5604.0,7576
2026-02-04 12:15:00,5604.0,5618.5,5600.5,5616.0,8409
2026-02-04 12:20:00,5616.0,5616.0,5590.0,5595.0,6456
2026-02-04 12:25:00,5595.0,5612.0,5593.0,5596.0,14325
2026-02-04 12:30:00,5595.0,5603.5,5584.0,5600.0,5253
2026-02-04 12:35:00,5600.0,5621.0,5596.5,5619.5,10144
2026-02-04 12:40:00,5619.5,5626.0,5617.5,5622.0,8440
2026-02-04 12:45:00,5622.0,5631.0,5616.0,5627.0,5158
2026-02-04 12:50:00,5627.0,5628.0,5615.0,5615.0,5325
2026-02-04 12:55:00,5616.5,5619.0,5605.0,5608.5,12401
2026-02-04 13:00:00,5608.5,5633.5,5608.5,5633.0,5130
2026-02-04 13:05:00,5632.0,5644.5,5632.0,5637.5,5650
2026-02-04 13:10:00,5636.0,5649.0,5636.0,5647.5,5942
2026-02-04 13:15:00,5647.5,5655.0,5645.0,5654.5,17970
2026-02-04 13:20:00,5653.5,5655.0,5650.0,5652.5,6719
2026-02-04 13:25:00,5650.0,5652.5,5650.0,5650.0,7027
2026-02-04 13:30:00,5650.5,5678.0,5643.0,5667.5,13223
2026-02-04 13:35:00,5667.0,5671.0,5657.0,5662.5,6877
2026-02-04 13:40:00,5662.5,5684.5,5658.5,5681.0,14970
2026-02-04 13:45:00,5678.0,5688.0,5674.5,5677.5,9818
2026-02-04 13:50:00,5678.5,5686.5,5670.0,5677.0,7513
2026-02-04 13:55:00,5675.0,5691.0,5672.5,5688.5,10740
2026-02-04 14:00:00,5689.0,5689.0,5679.0,5680.0,7636
2026-02-04 14:05:00,5680.0,5681.0,5670.0,5675.0,10794
2026-02-04 14:10:00,5675.0,5685.0,5675.0,5682.5,7884
2026-02-04 14:15:00,5681.0,5685.5,5676.5,5680.5,6951
2026-02-04 14:20:00,5683.5,5694.0,5679.5,5683.5,11919
2026-02-04 14:25:00,5680.0,5686.5,5679.5,5686.5,9703
2026-02-04 14:30:00,5685.0,5690.0,5683.5,5688.5,6453
2026-02-04 14:35:00,5685.5,5691.0,5684.0,5685.0,10296
2026-02-04 14:40:00,5685.0,5688.0,5665.0,5665.0,10082
2026-02-04 14:45:00,5667.5,5680.0,5658.0,5676.5,15165
2026-02-04 14:50:00,5676.0,5709.0,5674.0,5698.5,27277
2026-02-04 14:55:00,5698.5,5702.0,5682.0,5695.0,10989
2026-02-04 15:00:00,5694.5,5713.5,5686.5,5712.5,12426
2026-02-04 15:05:00,5714.0,5722.0,5707.5,5720.5,16571
2026-02-04 15:10:00,5721.0,5721.5,5717.0,5720.0,10678
2026-02-04 15:15:00,5720.0,5720.5,5688.0,5701.5,54157
2026-02-04 15:20:00,5702.0,5711.0,5697.5,5706.0,8378
2026-02-04 15:25:00,5706.0,5708.5,5691.0,5691.0,10850
2026-02-05 09:15:00,5700.0,5730.0,5665.0,5670.0,11216
2026-02-05 09:20:00,5668.0,5687.5,5656.0,5677.5,5757
2026-02-05 09:25:00,5674.5,5678.5,5670.0,5676.5,7624
2026-02-05 09:30:00,5677.0,5678.0,5670.0,5670.0,3015
2026-02-05 09:35:00,5670.0,5674.5,5645.0,5645.0,7144
2026-02-05 09:40:00,5648.5,5648.5,5624.5,5625.0,3386
2026-02-05 09:45:00,5625.5,5633.0,5620.0,5630.5,3853
2026-02-05 09:50:00,5630.5,5642.0,5626.0,5626.5,1626
2026-02-05 09:55:00,5627.5,5655.0,5619.5,5655.0,2835
2026-02-05 10:00:00,5655.0,5656.0,5640.0,5656.0,2024
2026-02-05 10:05:00,5656.5,5671.0,5652.5,5657.0,2697
2026-02-05 10:10:00,5655.0,5660.0,5651.0,5655.5,1110
2026-02-05 10:15:00,5657.5,5704.0,5653.5,5703.0,4424
2026-02-05 10:20:00,5704.0,5741.0,5702.5,5714.0,6845
2026-02-05 10:25:00,5709.5,5720.0,5702.0,5713.5,2674
2026-02-05 10:30:00,5714.0,5715.0,5702.0,5706.0,1856
2026-02-05 10:35:00,5707.0,5716.0,5700.0,5708.5,2533
2026-02-05 10:40:00,5709.0,5709.0,5686.0,5690.0,2554
2026-02-05 10:45:00,5689.0,5694.0,5684.0,5689.0,1723
2026-02-05 10:50:00,5689.0,5691.0,5672.5,5675.5,1198
2026-02-05 10:55:00,5675.5,5682.5,5672.5,5672.5,1229
2026-02-05 11:00:00,5672.5,5675.5,5663.5,5666.0,977
2026-02-05 11:05:00,5665.0,5670.0,5661.5,5661.5,3915
2026-02-05 11:10:00,5661.5,5685.0,5661.0,5679.0,1946
2026-02-05 11:15:00,5679.5,5683.0,5670.0,5670.0,1474
2026-02-05 11:20:00,5682.0,5689.0,5677.0,5686.0,4520
2026-02-05 11:25:00,5688.0,5689.5,5683.0,5684.5,573
2026-02-05 11:30:00,5685.0,5691.5,5683.0,5684.5,632
2026-02-05 11:35:00,5685.0,5688.0,5682.0,5683.0,2608
2026-02-05 11:40:00,5685.5,5691.0,5676.0,5676.0,8276
2026-02-05 11:45:00,5676.0,5676.5,5642.0,5646.5,4624
2026-02-05 11:50:00,5644.5,5662.0,5631.0,5652.0,8687
2026-02-05 11:55:00,5655.0,5667.0,5651.5,5663.0,10352
2026-02-05 12:00:00,5662.5,5675.0,5652.5,5675.0,5276
2026-02-05 12:05:00,5675.5,5677.0,5665.5,5668.0,9503
2026-02-05 12:10:00,5666.0,5678.5,5660.5,5675.0,5136
2026-02-05 12:15:00,5676.0,5677.0,5668.5,5670.5,12267
2026-02-05 12:20:00,5671.5,5679.5,5668.5,5675.0,1593
2026-02-05 12:25:00,5675.0,5683.0,5675.0,5678.5,1895
2026-02-05 12:30:00,5681.0,5686.0,5675.0,5677.5,1135
2026-02-05 12:35:00,5680.0,5683.5,5678.5,5681.0,985
2026-02-05 12:40:00,5681.0,5682.0,5675.5,5680.5,731
2026-02-05 12:45:00,5679.0,5700.0,5676.5,5695.0,7929
2026-02-05 12:50:00,5695.0,5696.5,5683.0,5683.5,1702
2026-02-05 12:55:00,5685.5,5701.5,5678.5,5691.0,13524
2026-02-05 13:00:00,5695.0,5695.0,5682.5,5691.0,2868
2026-02-05 13:05:00,5693.5,5698.0,5688.5,5693.5,7938
2026-02-05 13:10:00,5694.0,5694.5,5690.0,5690.0,5823
2026-02-05 13:15:00,5690.0,5695.0,5690.0,5691.0,3370
2026-02-05 13:20:00,5690.5,5695.0,5690.0,5691.5,882
2026-02-05 13:25:00,5693.0,5693.5,5685.0,5685.0,3203
2026-02-05 13:30:00,5684.5,5686.5,5674.5,5676.5,1967
2026-02-05 13:35:00,5677.0,5683.5,5671.5,5680.0,1332
2026-02-05 13:40:00,5682.5,5688.5,5680.0,5685.0,507
2026-02-05 13:45:00,5687.0,5687.0,5681.5,5682.5,506
2026-02-05 13:50:00,5684.5,5685.0,5680.0,5682.0,892
2026-02-05 13:55:00,5683.0,5689.0,5680.5,5687.0,832
2026-02-05 14:00:00,5688.0,5691.0,5678.5,5681.0,7290
2026-02-05 14:05:00,5683.5,5683.5,5674.5,5675.5,490
2026-02-05 14:10:00,5678.0,5681.0,5672.5,5676.0,1681
2026-02-05 14:15:00,5679.5,5679.5,5670.0,5671.5,799
2026-02-05 14:20:00,5674.0,5677.5,5672.0,5677.0,802
2026-02-05 14:25:00,5677.5,5690.5,5668.0,5682.5,3167
2026-02-05 14:30:00,5685.0,5687.5,5681.0,5683.0,1820
2026-02-05 14:35:00,5683.0,5686.5,5678.0,5680.0,1664
2026-02-05 14:40:00,5679.0,5686.5,5678.0,5681.5,1674
2026-02-05 14:45:00,5681.0,5685.0,5676.5,5685.0,3359
2026-02-05 14:50:00,5682.0,5694.5,5682.0,5694.5,4383
2026-02-05 14:55:00,5695.0,5697.5,5691.0,5693.0,6578
2026-02-05 15:00:00,5693.0,5698.5,5687.0,5690.0,3802
2026-02-05 15:05:00,5690.5,5695.0,5680.0,5680.0,5237
2026-02-05 15:10:00,5681.5,5687.5,5675.0,5683.0,12314
2026-02-05 15:15:00,5683.0,5688.5,5679.5,5680.0,17427
2026-02-05 15:20:00,5680.0,5683.5,5671.0,5672.5,7711
2026-02-05 15:25:00,5673.0,5678.0,5670.0,5670.0,4049
2026-02-06 09:15:00,5650.0,5650.0,5574.0,5576.0,16354
2026-02-06 09:20:00,5573.0,5573.0,5533.0,5539.0,18424
2026-02-06 09:25:00,5537.0,5547.5,5521.0,5521.0,8708
2026-02-06 09:30:00,5523.0,5535.0,5505.0,5529.5,20197
2026-02-06 09:35:00,5535.0,5542.5,5527.0,5535.5,6914
2026-02-06 09:40:00,5535.0,5541.0,5527.5,5537.0,6663
2026-02-06 09:45:00,5537.0,5563.0,5531.0,5533.0,6722
2026-02-06 09:50:00,5534.5,5534.5,5516.5,5532.0,5345
2026-02-06 09:55:00,5532.0,5548.5,5526.5,5548.5,4484
2026-02-06 10:00:00,5551.5,5555.0,5539.5,5550.5,2980
2026-02-06 10:05:00,5550.5,5559.0,5545.0,5548.5,2459
2026-02-06 10:10:00,5550.5,5551.5,5542.0,5551.5,2451
2026-02-06 10:15:00,5551.5,5578.0,5550.0,5570.0,9976
2026-02-06 10:20:00,5570.0,5579.5,5570.0,5575.0,4889
2026-02-06 10:25:00,5575.0,5575.0,5556.5,5558.5,2358
2026-02-06 10:30:00,5558.5,5562.0,5550.0,5551.0,1999
2026-02-06 10:35:00,5551.0,5554.5,5550.0,5550.0,1596
2026-02-06 10:40:00,5551.5,5555.5,5542.5,5547.0,2046
2026-02-06 10:45:00,5547.5,5551.0,5524.0,5527.0,4780
2026-02-06 10:50:00,5529.0,5529.0,5520.0,5524.0,6009
2026-02-06 10:55:00,5524.5,5535.0,5521.5,5531.0,5194
2026-02-06 11:00:00,5531.0,5535.0,5525.5,5531.0,4715
2026-02-06 11:05:00,5530.0,5531.5,5516.0,5519.0,4851
2026-02-06 11:10:00,5518.0,5526.5,5515.0,5526.5,5953
2026-02-06 11:15:00,5526.5,5526.5,5514.5,5518.5,3672
2026-02-06 11:20:00,5518.0,5528.0,5510.0,5519.0,16803
2026-02-06 11:25:00,5515.0,5521.0,5506.0,5517.5,13388
2026-02-06 11:30:00,5517.5,5517.5,5501.0,5503.0,6421
2026-02-06 11:35:00,5502.5,5519.0,5500.0,5516.5,13381
2026-02-06 11:40:00,5515.0,5531.0,5515.0,5530.0,7182
2026-02-06 11:45:00,5527.5,5535.0,5521.5,5530.0,3857
2026-02-06 11:50:00,5530.0,5533.0,5528.5,5532.0,5436
2026-02-06 11:55:00,5531.0,5535.0,5527.0,5533.0,4769
2026-02-06 12:00:00,5533.0,5545.0,5532.0,5534.5,3429
2026-02-06 12:05:00,5535.0,5535.0,5520.5,5521.5,5890
2026-02-06 12:10:00,5523.5,5530.0,5520.0,5526.5,2619
2026-02-06 12:15:00,5526.5,5540.0,5525.0,5540.0,2583
2026-02-06 12:20:00,5540.0,5540.0,5531.0,5533.0,1249
2026-02-06 12:25:00,5533.0,5535.5,5530.0,5534.5,2893
2026-02-06 12:30:00,5534.5,5534.5,5525.0,5529.5,3813
2026-02-06 12:35:00,5527.5,5539.5,5527.5,5532.0,2191
2026-02-06 12:40:00,5532.0,5532.0,5525.5,5525.5,12985
2026-02-06 12:45:00,5525.5,5532.0,5525.5,5530.0,4231
2026-02-06 12:50:00,5530.0,5532.0,5530.0,5530.0,1368
2026-02-06 12:55:00,5530.0,5533.0,5530.0,5533.0,1482
2026-02-06 13:00:00,5531.0,5539.5,5530.0,5539.5,1465
2026-02-06 13:05:00,5538.0,5540.0,5534.0,5535.0,1236
2026-02-06 13:10:00,5535.0,5544.5,5535.0,5538.0,2055
2026-02-06 13:15:00,5539.0,5548.5,5537.0,5547.0,2751
2026-02-06 13:20:00,5547.0,5559.5,5542.0,5555.5,7527
2026-02-06 13:25:00,5554.0,5557.5,5550.0,5550.0,5660
2026-02-06 13:30:00,5551.5,5554.5,5550.0,5550.0,4770
2026-02-06 13:35:00,5550.5,5558.0,5550.0,5555.5,1402
2026-02-06 13:40:00,5557.0,5559.5,5551.0,5554.0,1400
2026-02-06 13:45:00,5552.0,5560.5,5542.0,5557.5,7602
2026-02-06 13:50:00,5557.5,5559.5,5553.0,5554.0,1217
2026-02-06 13:55:00,5554.0,5557.0,5549.0,5553.5,1667
2026-02-06 14:00:00,5553.5,5556.5,5548.5,5551.0,1264
2026-02-06 14:05:00,5551.0,5553.0,5546.5,5548.0,1359
2026-02-06 14:10:00,5548.5,5548.5,5528.5,5535.5,8288
2026-02-06 14:15:00,5534.0,5535.5,5528.0,5534.5,3627
2026-02-06 14:20:00,5533.0,5537.5,5532.5,5536.5,1468
2026-02-06 14:25:00,5536.5,5545.0,5533.0,5540.0,3517
2026-02-06 14:30:00,5540.0,5546.0,5533.5,5546.0,2994
2026-02-06 14:35:00,5544.5,5548.5,5543.0,5545.0,2908
2026-02-06 14:40:00,5545.0,5549.5,5542.5,5545.0,2401
2026-02-06 14:45:00,5544.0,5555.5,5543.5,5555.5,4674
2026-02-06 14:50:00,5554.0,5559.0,5552.0,5555.5,3670
2026-02-06 14:55:00,5555.0,5563.5,5554.5,5556.5,4378
2026-02-06 15:00:00,5560.5,5564.5,5555.0,5563.0,6777
2026-02-06 15:05:00,5564.0,5575.0,5561.0,5570.5,6428
2026-02-06 15:10:00,5567.0,5571.5,5560.0,5564.5,3535
2026-02-06 15:15:00,5564.5,5569.0,5556.0,5564.5,5172
2026-02-06 15:20:00,5562.5,5565.0,5553.0,5562.0,6646
2026-02-06 15:25:00,5561.5,5563.0,5552.5,5553.0,6633
2026-02-09 09:15:00,5561.5,5660.5,5561.5,5624.0,9912
2026-02-09 09:20:00,5622.5,5623.0,5596.5,5600.0,3798
2026-02-09 09:25:00,5600.0,5604.0,5591.0,5596.5,3577
2026-02-09 09:30:00,5596.5,5598.5,5587.0,5593.5,1981
2026-02-09 09:35:00,5592.5,5593.0,5575.5,5587.0,1168
2026-02-09 09:40:00,5587.0,5592.5,5581.0,5581.0,2009
2026-02-09 09:45:00,5581.0,5589.0,5581.0,5589.0,501
2026-02-09 09:50:00,5586.0,5587.5,5575.0,5575.0,1254
2026-02-09 09:55:00,5577.0,5584.0,5575.0,5579.0,731
2026-02-09 10:00:00,5579.0,5587.0,5578.0,5578.5,1031
2026-02-09 10:05:00,5579.5,5584.5,5577.0,5578.0,383
2026-02-09 10:10:00,5578.0,5578.5,5574.0,5575.0,738
2026-02-09 10:15:00,5576.5,5579.0,5567.0,5568.5,691
2026-02-09 10:20:00,5568.5,5571.0,5566.0,5566.5,787
2026-02-09 10:25:00,5566.5,5570.5,5565.0,5568.5,1179
2026-02-09 10:30:00,5568.5,5591.0,5566.5,5585.5,3978
2026-02-09 10:35:00,5585.5,5590.0,5583.5,5587.0,2816
2026-02-09 10:40:00,5587.0,5588.0,5582.0,5586.0,581
2026-02-09 10:45:00,5586.0,5589.5,5585.0,5588.0,407
2026-02-09 10:50:00,5585.5,5590.0,5585.5,5590.0,332
2026-02-09 10:55:00,5589.5,5600.0,5589.0,5600.0,2883
2026-02-09 11:00:00,5600.0,5600.0,5595.0,5600.0,1365
2026-02-09 11:05:00,5600.0,5600.0,5592.0,5592.0,1495
2026-02-09 11:10:00,5593.5,5613.0,5591.5,5605.0,2736
2026-02-09 11:15:00,5610.0,5613.0,5604.5,5612.0,1445
2026-02-09 11:20:00,5609.0,5612.5,5605.5,5612.5,1061
2026-02-09 11:25:00,5612.5,5613.0,5609.5,5612.5,669
2026-02-09 11:30:00,5612.5,5628.0,5608.0,5626.5,10675
2026-02-09 11:35:00,5625.0,5645.0,5625.0,5642.5,4014
2026-02-09 11:40:00,5642.5,5644.0,5628.0,5630.5,1985
2026-02-09 11:45:00,5630.0,5635.0,5626.5,5630.0,2645
2026-02-09 11:50:00,5630.0,5630.5,5625.5,5627.0,1487
2026-02-09 11:55:00,5627.0,5629.0,5620.0,5625.0,6459
2026-02-09 12:00:00,5625.0,5633.0,5624.0,5629.0,939
2026-02-09 12:05:00,5630.0,5634.0,5628.0,5630.0,864
2026-02-09 12:10:00,5632.5,5638.5,5630.5,5635.0,561
2026-02-09 12:15:00,5636.0,5640.5,5628.0,5630.0,1386
2026-02-09 12:20:00,5630.0,5637.5,5630.0,5633.5,821
2026-02-09 12:25:00,5632.0,5639.5,5631.0,5635.0,1123
2026-02-09 12:30:00,5633.5,5633.5,5625.0,5626.5,1050
2026-02-09 12:35:00,5629.0,5633.0,5626.5,5630.0,1115
2026-02-09 12:40:00,5630.0,5630.0,5627.0,5627.0,882
2026-02-09 12:45:00,5629.0,5629.5,5625.0,5628.0,919
2026-02-09 12:50:00,5628.0,5633.5,5627.0,5629.5,1810
2026-02-09 12:55:00,5631.5,5631.5,5627.5,5629.5,689
2026-02-09 13:00:00,5629.5,5632.5,5626.5,5629.0,594
2026-02-09 13:05:00,5632.5,5635.0,5629.5,5632.0,715
2026-02-09 13:10:00,5632.0,5635.0,5631.0,5635.0,1030
2026-02-09 13:15:00,5635.0,5639.5,5633.5,5639.0,1341
2026-02-09 13:20:00,5639.0,5640.0,5633.5,5633.5,1087
2026-02-09 13:25:00,5633.5,5637.0,5630.5,5632.0,1191
2026-02-09 13:30:00,5632.0,5638.0,5630.5,5638.0,1085
2026-02-09 13:35:00,5636.0,5641.0,5636.0,5641.0,814
2026-02-09 13:40:00,5640.0,5643.0,5638.0,5641.5,1275
2026-02-09 13:45:00,5641.5,5643.0,5635.5,5635.5,1070
2026-02-09 13:50:00,5638.0,5640.0,5634.0,5636.0,1064
2026-02-09 13:55:00,5636.0,5636.5,5633.0,5636.5,748
2026-02-09 14:00:00,5635.0,5636.5,5633.0,5633.0,1288
2026-02-09 14:05:00,5633.0,5636.0,5627.5,5635.5,926
2026-02-09 14:10:00,5635.5,5635.5,5625.0,5627.0,1031
2026-02-09 14:15:00,5626.0,5634.0,5626.0,5633.0,936
2026-02-09 14:20:00,5633.0,5636.0,5629.5,5633.0,1039
2026-02-09 14:25:00,5633.0,5633.5,5626.5,5628.0,1073
2026-02-09 14:30:00,5628.5,5630.5,5625.0,5628.5,1355
2026-02-09 14:35:00,5625.5,5632.0,5625.5,5631.0,888
2026-02-09 14:40:00,5631.0,5632.0,5627.0,5629.5,1332
2026-02-09 14:45:00,5629.5,5632.0,5626.5,5630.0,1279
2026-02-09 14:50:00,5630.0,5631.5,5625.0,5626.0,1699
2026-02-09 14:55:00,5626.0,5628.5,5623.0,5627.5,1909
2026-02-09 15:00:00,5629.0,5632.0,5624.5,5631.0,3158
2026-02-09 15:05:00,5631.0,5632.5,5626.0,5627.5,5392
2026-02-09 15:10:00,5628.5,5628.5,5617.0,5621.5,6330
2026-02-09 15:15:00,5622.5,5629.0,5620.5,5625.0,5619
2026-02-09 15:20:00,5625.0,5628.0,5625.0,5626.5,5320
2026-02-09 15:25:00,5627.0,5632.0,5625.0,5627.5,3619
2026-02-10 09:15:00,5641.5,5641.5,5586.0,5612.5,7620
2026-02-10 09:20:00,5613.0,5613.0,5600.5,5612.0,3856
2026-02-10 09:25:00,5620.0,5620.0,5610.0,5618.0,1986
2026-02-10 09:30:00,5613.0,5620.0,5600.5,5606.5,4235
2026-02-10 09:35:00,5604.0,5620.0,5603.5,5610.0,3409
2026-02-10 09:40:00,5610.0,5649.5,5610.0,5639.0,8140
2026-02-10 09:45:00,5640.5,5660.0,5637.0,5657.0,5958
2026-02-10 09:50:00,5657.0,5657.0,5650.5,5653.0,3688
2026-02-10 09:55:00,5654.5,5655.0,5647.5,5647.5,2060
2026-02-10 10:00:00,5647.5,5657.0,5647.0,5656.5,2353
2026-02-10 10:05:00,5656.5,5675.0,5653.5,5655.0,10800
2026-02-10 10:10:00,5655.0,5656.0,5645.0,5648.0,3871
2026-02-10 10:15:00,5646.5,5670.0,5646.0,5658.0,3232
2026-02-10 10:20:00,5658.0,5662.5,5652.0,5657.0,2673
2026-02-10 10:25:00,5657.0,5658.0,5650.0,5656.0,2462
2026-02-10 10:30:00,5656.0,5662.0,5650.0,5661.0,1648
2026-02-10 10:35:00,5661.0,5667.5,5657.0,5665.0,2434
2026-02-10 10:40:00,5662.5,5665.0,5651.0,5651.0,1884
2026-02-10 10:45:00,5649.0,5673.0,5649.0,5664.5,4364
2026-02-10 10:50:00,5666.0,5667.0,5653.5,5653.5,2589
2026-02-10 10:55:00,5653.5,5659.0,5648.0,5649.0,2012
2026-02-10 11:00:00,5648.0,5655.0,5646.0,5654.0,1607
2026-02-10 11:05:00,5652.0,5654.0,5647.5,5650.0,1684
2026-02-10 11:10:00,5650.0,5662.0,5650.0,5656.5,1711
2026-02-10 11:15:00,5656.5,5673.0,5656.5,5667.0,4937
2026-02-10 11:20:00,5666.0,5667.0,5655.0,5655.5,2936
2026-02-10 11:25:00,5657.0,5657.0,5650.5,5652.5,1855
2026-02-10 11:30:00,5653.0,5657.0,5649.0,5656.5,1591
2026-02-10 11:35:00,5654.0,5656.0,5645.0,5652.5,1461
2026-02-10 11:40:00,5653.5,5654.0,5647.5,5651.0,1532
2026-02-10 11:45:00,5653.5,5667.5,5651.0,5666.5,5622
2026-02-10 11:50:00,5666.0,5668.0,5662.0,5664.0,1360
2026-02-10 11:55:00,5664.0,5669.5,5656.5,5667.5,3187
2026-02-10 12:00:00,5668.0,5672.0,5665.0,5665.0,2415
2026-02-10 12:05:00,5667.5,5667.5,5655.0,5659.5,2012
2026-02-10 12:10:00,5659.5,5661.0,5655.0,5659.0,1327
2026-02-10 12:15:00,5660.0,5670.0,5659.5,5666.0,2001
2026-02-10 12:20:00,5666.0,5668.0,5664.0,5665.0,1972
2026-02-10 12:25:00,5665.0,5670.0,5658.5,5665.5,5090
2026-02-10 12:30:00,5665.0,5669.5,5663.0,5665.5,5148
2026-02-10 12:35:00,5668.5,5670.0,5665.0,5666.0,1498
2026-02-10 12:40:00,5669.0,5670.0,5665.5,5670.0,1434
2026-02-10 12:45:00,5670.0,5676.0,5667.0,5676.0,3783
2026-02-10 12:50:00,5675.0,5677.0,5674.0,5675.0,3063
2026-02-10 12:55:00,5676.5,5680.0,5675.0,5677.0,2051
2026-02-10 13:00:00,5679.5,5679.5,5666.0,5669.0,10233
2026-02-10 13:05:00,5669.5,5673.5,5665.0,5665.0,1455
2026-02-10 13:10:00,5665.0,5672.0,5665.0,5667.5,1982
2026-02-10 13:15:00,5667.5,5668.5,5658.5,5665.0,9106
2026-02-10 13:20:00,5665.0,5666.0,5648.0,5649.5,5651
2026-02-10 13:25:00,5649.5,5654.0,5640.0,5641.0,2456
2026-02-10 13:30:00,5641.0,5643.0,5636.0,5637.0,2595
2026-02-10 13:35:00,5638.0,5653.5,5636.0,5652.0,7585
2026-02-10 13:40:00,5651.5,5657.0,5645.5,5652.5,7557
2026-02-10 13:45:00,5652.5,5656.0,5648.0,5655.0,2212
2026-02-10 13:50:00,5655.0,5670.0,5652.0,5666.5,5498
2026-02-10 13:55:00,5666.5,5668.0,5655.0,5655.5,3462
2026-02-10 14:00:00,5655.5,5664.5,5655.0,5655.0,8545
2026-02-10 14:05:00,5656.5,5663.5,5651.0,5655.5,5456
2026-02-10 14:10:00,5655.5,5666.0,5654.0,5655.0,9331
2026-02-10 14:15:00,5655.0,5662.0,5651.0,5662.0,3856
2026-02-10 14:20:00,5660.0,5663.5,5652.5,5652.5,2646
2026-02-10 14:25:00,5653.5,5656.0,5649.0,5651.0,4663
2026-02-10 14:30:00,5655.0,5661.0,5653.0,5658.0,1485
2026-02-10 14:35:00,5656.0,5657.5,5650.5,5651.5,2718
2026-02-10 14:40:00,5653.5,5658.0,5650.0,5657.5,4084
2026-02-10 14:45:00,5655.0,5661.0,5655.0,5661.0,3451
2026-02-10 14:50:00,5658.0,5661.0,5655.0,5658.0,2341
2026-02-10 14:55:00,5659.5,5668.5,5656.0,5665.5,5103
2026-02-10 15:00:00,5666.5,5676.0,5666.5,5667.5,6399
2026-02-10 15:05:00,5667.0,5670.5,5665.0,5666.5,4530
2026-02-10 15:10:00,5668.5,5668.5,5658.0,5659.0,19053
2026-02-10 15:15:00,5659.0,5662.5,5656.5,5660.5,7599
2026-02-10 15:20:00,5661.0,5661.5,5656.5,5660.0,11154
2026-02-10 15:25:00,5656.5,5663.0,5635.0,5635.0,4604
2026-02-11 09:15:00,5685.0,5692.0,5649.5,5674.0,4172
2026-02-11 09:20:00,5677.0,5678.0,5667.0,5668.0,2188
2026-02-11 09:25:00,5668.0,5675.0,5659.0,5660.5,1318
2026-02-11 09:30:00,5660.5,5666.0,5655.5,5655.5,1072
2026-02-11 09:35:00,5655.5,5656.0,5645.5,5645.5,4595
2026-02-11 09:40:00,5645.5,5648.5,5635.0,5637.0,1049
2026-02-11 09:45:00,5637.0,5639.0,5627.5,5627.5,2089
2026-02-11 09:50:00,5627.5,5630.0,5621.0,5626.0,1538
2026-02-11 09:55:00,5626.0,5639.0,5625.5,5636.0,977
2026-02-11 10:00:00,5633.0,5636.0,5626.0,5626.0,1289
2026-02-11 10:05:00,5626.0,5626.5,5610.0,5618.0,2544
2026-02-11 10:10:00,5619.0,5631.5,5614.5,5615.5,1429
2026-02-11 10:15:00,5616.0,5632.0,5614.5,5627.5,952
2026-02-11 10:20:00,5627.5,5635.0,5626.5,5632.5,918
2026-02-11 10:25:00,5632.5,5633.0,5623.0,5627.0,364
2026-02-11 10:30:00,5624.5,5630.0,5624.5,5627.0,535
2026-02-11 10:35:00,5627.0,5633.0,5622.5,5631.0,2097
2026-02-11 10:40:00,5631.0,5636.0,5628.5,5630.5,815
2026-02-11 10:45:00,5630.5,5636.0,5627.0,5635.5,555
2026-02-11 10:50:00,5636.0,5636.0,5630.5,5632.0,1054
2026-02-11 10:55:00,5630.0,5633.5,5624.0,5627.5,693
2026-02-11 11:00:00,5625.0,5635.0,5625.0,5630.5,1330
2026-02-11 11:05:00,5630.5,5636.0,5622.0,5622.5,758
2026-02-11 11:10:00,5622.5,5637.5,5621.5,5635.0,2722
2026-02-11 11:15:00,5637.0,5639.5,5630.5,5635.0,612
2026-02-11 11:20:00,5635.0,5642.0,5631.5,5635.5,10135
2026-02-11 11:25:00,5634.0,5640.5,5634.0,5635.5,970
2026-02-11 11:30:00,5635.5,5652.5,5635.0,5647.0,2856
2026-02-11 11:35:00,5649.0,5649.0,5637.5,5639.0,1044
2026-02-11 11:40:00,5639.0,5640.0,5635.0,5638.5,2096
2026-02-11 11:45:00,5638.5,5645.0,5635.5,5638.5,1493
2026-02-11 11:50:00,5638.5,5647.5,5635.0,5647.5,1755
2026-02-11 11:55:00,5645.0,5647.5,5636.5,5636.5,9080
2026-02-11 12:00:00,5635.0,5636.0,5619.0,5619.0,10135
2026-02-11 12:05:00,5619.0,5622.5,5609.5,5609.5,2490
2026-02-11 12:10:00,5610.0,5612.5,5599.5,5602.0,2772
2026-02-11 12:15:00,5602.0,5602.0,5591.0,5591.0,1446
2026-02-11 12:20:00,5590.0,5593.0,5583.0,5585.0,2536
2026-02-11 12:25:00,5585.0,5601.5,5583.5,5594.5,8740
2026-02-11 12:30:00,5596.0,5599.5,5593.0,5594.0,1364
2026-02-11 12:35:00,5594.0,5594.5,5577.0,5579.5,3299
2026-02-11 12:40:00,5579.5,5599.0,5578.0,5595.0,7349
2026-02-11 12:45:00,5594.0,5595.0,5580.0,5588.0,6349
2026-02-11 12:50:00,5588.0,5592.5,5582.0,5592.0,791
2026-02-11 12:55:00,5590.0,5598.0,5587.5,5598.0,1848
2026-02-11 13:00:00,5595.0,5597.5,5582.5,5582.5,1319
2026-02-11 13:05:00,5582.5,5589.0,5580.0,5584.0,1466
2026-02-11 13:10:00,5586.5,5590.5,5577.0,5584.0,2702
2026-02-11 13:15:00,5581.5,5585.0,5571.0,5581.0,2716
2026-02-11 13:20:00,5582.5,5588.5,5580.5,5585.0,1509
2026-02-11 13:25:00,5586.0,5596.5,5583.5,5596.0,1155
2026-02-11 13:30:00,5594.0,5598.0,5590.0,5592.0,1082
2026-02-11 13:35:00,5594.0,5594.0,5589.0,5590.0,947
2026-02-11 13:40:00,5590.0,5597.5,5588.0,5591.5,2837
2026-02-11 13:45:00,5588.0,5590.0,5577.5,5577.5,2156
2026-02-11 13:50:00,5577.0,5579.0,5562.0,5566.0,6001
2026-02-11 13:55:00,5565.0,5572.5,5565.0,5571.5,1096
2026-02-11 14:00:00,5570.0,5573.0,5566.0,5569.0,1235
2026-02-11 14:05:00,5569.0,5570.0,5546.5,5558.5,7528
2026-02-11 14:10:00,5558.5,5563.0,5549.5,5558.5,4361
2026-02-11 14:15:00,5557.0,5558.5,5545.0,5553.0,2048
2026-02-11 14:20:00,5553.0,5557.0,5535.0,5543.0,3151
2026-02-11 14:25:00,5541.5,5544.0,5538.0,5539.0,1652
2026-02-11 14:30:00,5539.0,5548.5,5538.5,5546.5,875
2026-02-11 14:35:00,5546.5,5549.0,5528.0,5531.0,6546
2026-02-11 14:40:00,5531.0,5539.5,5523.0,5539.5,9408
2026-02-11 14:45:00,5539.5,5540.0,5522.0,5528.5,11431
2026-02-11 14:50:00,5528.5,5534.0,5523.0,5530.5,7042
2026-02-11 14:55:00,5533.0,5537.5,5525.0,5526.0,8155
2026-02-11 15:00:00,5531.5,5542.5,5515.5,5520.0,14926
2026-02-11 15:05:00,5521.5,5522.5,5511.5,5514.0,7916
2026-02-11 15:10:00,5516.5,5518.5,5505.0,5509.5,11095
2026-02-11 15:15:00,5510.5,5520.0,5510.5,5519.0,11400
2026-02-11 15:20:00,5517.5,5517.5,5500.0,5503.5,11900
2026-02-11 15:25:00,5504.5,5506.0,5490.0,5500.0,5902
2026-02-12 09:15:00,5438.5,5438.5,5358.0,5378.0,25761
2026-02-12 09:20:00,5375.0,5378.0,5310.0,5334.0,17282
2026-02-12 09:25:00,5334.0,5334.5,5300.0,5300.5,11624
2026-02-12 09:30:00,5300.5,5303.0,5271.5,5274.0,12347
2026-02-12 09:35:00,5275.5,5290.5,5262.5,5287.0,11168
2026-02-12 09:40:00,5286.5,5287.0,5272.0,5282.0,8083
2026-02-12 09:45:00,5280.0,5303.5,5252.0,5302.5,13390
2026-02-12 09:50:00,5304.0,5310.0,5280.0,5285.5,8407
2026-02-12 09:55:00,5286.0,5290.0,5273.0,5275.0,3595
2026-02-12 10:00:00,5275.0,5285.5,5261.0,5279.0,18850
2026-02-12 10:05:00,5278.0,5283.5,5261.0,5265.5,6791
2026-02-12 10:10:00,5262.0,5287.0,5260.0,5279.5,8103
2026-02-12 10:15:00,5279.0,5282.0,5262.0,5269.0,5164
2026-02-12 10:20:00,5265.5,5269.0,5251.0,5255.0,9949
2026-02-12 10:25:00,5257.5,5257.5,5235.0,5237.0,16367
2026-02-12 10:30:00,5237.0,5255.5,5230.0,5250.5,12330
2026-02-12 10:35:00,5252.5,5255.0,5234.0,5245.5,5946
2026-02-12 10:40:00,5246.0,5255.0,5238.0,5249.5,3768
2026-02-12 10:45:00,5247.0,5258.0,5238.0,5257.0,6565
2026-02-12 10:50:00,5255.5,5257.0,5239.0,5247.0,5060
2026-02-12 10:55:00,5247.0,5250.0,5242.5,5247.5,3649
2026-02-12 11:00:00,5247.5,5247.5,5220.0,5228.0,15881
2026-02-12 11:05:00,5228.0,5233.5,5220.0,5227.5,7930
2026-02-12 11:10:00,5227.5,5229.5,5215.0,5220.0,9598
2026-02-12 11:15:00,5219.5,5234.0,5211.0,5215.0,16072
2026-02-12 11:20:00,5215.0,5225.5,5203.5,5222.0,8532
2026-02-12 11:25:00,5222.0,5228.0,5220.0,5221.5,2591
2026-02-12 11:30:00,5223.0,5223.0,5215.0,5222.0,3564
2026-02-12 11:35:00,5222.0,5240.0,5219.0,5238.5,6140
2026-02-12 11:40:00,5238.5,5246.0,5234.0,5246.0,6008
2026-02-12 11:45:00,5247.5,5265.0,5243.5,5245.0,9633
2026-02-12 11:50:00,5245.5,5245.5,5236.0,5239.0,3321
2026-02-12 11:55:00,5239.0,5240.0,5230.5,5236.0,3224
2026-02-12 12:00:00,5236.5,5236.5,5222.0,5222.5,6327
2026-02-12 12:05:00,5222.5,5230.0,5222.0,5227.0,4955
2026-02-12 12:10:00,5227.0,5235.0,5227.0,5227.5,3264
2026-02-12 12:15:00,5231.5,5248.0,5228.0,5241.0,4621
2026-02-12 12:20:00,5241.0,5245.0,5229.5,5229.5,3492
2026-02-12 12:25:00,5229.5,5230.0,5225.0,5228.0,3030
2026-02-12 12:30:00,5227.5,5229.0,5222.0,5222.5,3044
2026-02-12 12:35:00,5222.5,5226.0,5222.0,5226.0,2903
2026-02-12 12:40:00,5226.0,5228.5,5222.0,5223.0,2434
2026-02-12 12:45:00,5226.5,5228.0,5222.0,5225.5,2659
2026-02-12 12:50:00,5226.0,5228.5,5222.0,5224.0,2955
2026-02-12 12:55:00,5226.5,5227.0,5222.0,5222.0,2542
2026-02-12 13:00:00,5224.0,5227.0,5215.0,5217.5,11097
2026-02-12 13:05:00,5215.0,5217.5,5206.0,5212.5,6899
2026-02-12 13:10:00,5212.5,5224.5,5208.5,5223.5,7076
2026-02-12 13:15:00,5221.5,5238.5,5220.0,5226.5,5794
2026-02-12 13:20:00,5228.5,5229.5,5221.5,5223.5,4290
2026-02-12 13:25:00,5223.5,5237.0,5220.0,5227.0,9066
2026-02-12 13:30:00,5227.0,5231.0,5219.5,5223.0,7769
2026-02-12 13:35:00,5223.0,5229.5,5223.0,5226.0,3135
2026-02-12 13:40:00,5226.0,5227.0,5213.5,5217.0,4252
2026-02-12 13:45:00,5217.0,5217.0,5210.0,5214.0,2920
2026-02-12 13:50:00,5214.0,5214.0,5206.5,5210.5,4446
2026-02-12 13:55:00,5210.5,5224.5,5206.0,5218.0,12722
2026-02-12 14:00:00,5218.5,5219.5,5209.0,5215.0,3783
2026-02-12 14:05:00,5215.0,5216.0,5205.0,5210.0,6045
2026-02-12 14:10:00,5210.0,5210.5,5200.0,5204.0,6416
2026-02-12 14:15:00,5201.5,5205.0,5200.0,5201.5,3094
2026-02-12 14:20:00,5201.5,5215.0,5200.0,5212.0,4417
2026-02-12 14:25:00,5212.0,5215.0,5206.0,5209.0,3528
2026-02-12 14:30:00,5209.0,5210.0,5204.0,5210.0,2462
2026-02-12 14:35:00,5208.0,5214.0,5200.0,5212.5,11979
2026-02-12 14:40:00,5213.5,5240.0,5210.5,5238.5,18956
2026-02-12 14:45:00,5237.5,5237.5,5218.5,5221.5,7872
2026-02-12 14:50:00,5225.0,5228.0,5214.0,5221.5,10346
2026-02-12 14:55:00,5224.0,5232.0,5220.0,5229.5,9490
2026-02-12 15:00:00,5227.5,5234.0,5219.0,5230.0,15868
2026-02-12 15:05:00,5233.0,5237.5,5217.0,5221.0,20355
2026-02-12 15:10:00,5218.5,5222.5,5210.5,5212.0,17015
2026-02-12 15:15:00,5212.5,5214.0,5200.5,5201.0,18325
2026-02-12 15:20:00,5205.0,5207.5,5188.0,5189.0,19133
2026-02-12 15:25:00,5193.5,5194.0,5180.0,5186.0,14205
2026-02-13 09:15:00,5004.0,5075.0,5004.0,5020.5,81562
2026-02-13 09:20:00,5019.0,5028.0,4988.0,5020.0,29236
2026-02-13 09:25:00,5022.0,5054.0,5009.5,5047.0,30190
2026-02-13 09:30:00,5047.0,5059.0,5032.0,5035.0,18982
2026-02-13 09:35:00,5035.0,5039.0,5001.0,5002.0,15639
2026-02-13 09:40:00,5002.0,5047.0,5001.0,5047.0,11026
2026-02-13 09:45:00,5046.5,5046.5,5023.5,5023.5,8323
2026-02-13 09:50:00,5023.5,5040.0,5015.5,5030.5,7190
2026-02-13 09:55:00,5028.5,5034.0,5002.5,5002.5,5954
2026-02-13 10:00:00,5002.5,5023.5,5002.5,5013.0,9656
2026-02-13 10:05:00,5011.0,5015.5,5000.0,5011.0,4772
2026-02-13 10:10:00,5008.5,5011.0,4996.0,5005.0,9127
2026-02-13 10:15:00,5006.5,5017.0,5000.0,5003.5,5008
2026-02-13 10:20:00,5003.5,5054.0,5002.5,5054.0,10526
2026-02-13 10:25:00,5049.0,5067.5,5039.0,5051.0,9361
2026-02-13 10:30:00,5051.0,5074.5,5051.0,5072.5,12734
2026-02-13 10:35:00,5072.5,5097.5,5070.5,5090.5,16769
2026-02-13 10:40:00,5090.5,5104.0,5084.5,5098.0,10786
2026-02-13 10:45:00,5097.0,5097.5,5083.0,5090.0,8339
2026-02-13 10:50:00,5090.0,5095.0,5082.5,5093.5,11651
2026-02-13 10:55:00,5094.0,5101.5,5094.0,5096.0,27560
2026-02-13 11:00:00,5096.0,5100.0,5067.5,5072.5,14356
2026-02-13 11:05:00,5071.0,5077.0,5065.0,5070.0,5575
2026-02-13 11:10:00,5070.0,5110.0,5068.0,5108.0,8538
2026-02-13 11:15:00,5108.5,5111.0,5092.0,5098.0,3442
2026-02-13 11:20:00,5098.0,5103.0,5089.0,5099.5,4034
2026-02-13 11:25:00,5099.5,5113.5,5096.5,5106.5,6492
2026-02-13 11:30:00,5107.0,5107.5,5094.0,5094.0,2863
2026-02-13 11:35:00,5095.5,5112.0,5091.0,5112.0,4189
2026-02-13 11:40:00,5110.0,5117.5,5101.0,5113.5,7246
2026-02-13 11:45:00,5113.5,5121.0,5108.5,5117.5,7940
2026-02-13 11:50:00,5120.0,5130.5,5115.5,5122.5,9254
2026-02-13 11:55:00,5120.0,5128.5,5117.0,5124.0,5388
2026-02-13 12:00:00,5124.0,5128.0,5118.0,5125.0,2109
2026-02-13 12:05:00,5123.0,5159.0,5123.0,5154.5,9222
2026-02-13 12:10:00,5155.5,5178.5,5144.0,5148.5,10830
2026-02-13 12:15:00,5149.5,5153.5,5117.5,5132.5,6365
2026-02-13 12:20:00,5132.5,5145.5,5120.5,5139.5,5948
2026-02-13 12:25:00,5139.5,5149.0,5137.0,5138.0,4388
2026-02-13 12:30:00,5137.0,5143.5,5133.5,5139.5,5138
2026-02-13 12:35:00,5140.5,5141.5,5128.5,5138.5,4667
2026-02-13 12:40:00,5138.5,5138.5,5127.5,5135.0,2017
2026-02-13 12:45:00,5132.5,5150.0,5131.0,5131.0,2404
2026-02-13 12:50:00,5131.0,5134.5,5122.5,5127.5,2682
2026-02-13 12:55:00,5127.0,5127.0,5117.5,5121.0,3742
2026-02-13 13:00:00,5121.0,5132.0,5119.0,5128.0,6205
2026-02-13 13:05:00,5129.0,5132.0,5120.0,5124.5,6518
2026-02-13 13:10:00,5124.0,5145.5,5123.5,5145.0,5410
2026-02-13 13:15:00,5145.0,5157.0,5136.5,5139.0,12927
2026-02-13 13:20:00,5138.5,5140.0,5128.5,5129.5,1208
2026-02-13 13:25:00,5129.5,5135.0,5126.5,5129.0,2885
2026-02-13 13:30:00,5129.0,5134.0,5119.0,5119.0,4455
2026-02-13 13:35:00,5119.0,5130.0,5119.0,5127.5,8088
2026-02-13 13:40:00,5128.0,5130.0,5120.0,5122.0,3928
2026-02-13 13:45:00,5120.0,5124.5,5118.5,5124.5,10941
2026-02-13 13:50:00,5121.0,5133.5,5119.0,5133.5,2423
2026-02-13 13:55:00,5134.0,5139.5,5122.5,5138.0,3381
2026-02-13 14:00:00,5138.0,5143.0,5129.5,5139.0,3565
2026-02-13 14:05:00,5138.0,5142.0,5127.0,5130.5,2664
2026-02-13 14:10:00,5132.0,5136.0,5128.0,5135.5,1545
2026-02-13 14:15:00,5135.5,5158.5,5134.0,5143.0,6030
2026-02-13 14:20:00,5145.5,5146.5,5134.5,5143.0,3295
2026-02-13 14:25:00,5146.0,5160.0,5146.0,5157.0,7730
2026-02-13 14:30:00,5157.0,5164.5,5154.0,5157.5,18137
2026-02-13 14:35:00,5157.0,5169.0,5155.0,5168.5,6346
2026-02-13 14:40:00,5166.5,5167.5,5152.0,5157.0,8218
2026-02-13 14:45:00,5161.5,5161.5,5144.5,5146.0,3808
2026-02-13 14:50:00,5146.0,5148.5,5135.0,5142.5,7094
2026-02-13 14:55:00,5142.5,5146.0,5138.0,5144.0,3706
2026-02-13 15:00:00,5144.5,5147.0,5125.0,5129.0,8572
2026-02-13 15:05:00,5129.0,5129.0,5105.5,5113.5,8272
2026-02-13 15:10:00,5113.5,5119.5,5111.5,5115.5,6677
2026-02-13 15:15:00,5111.5,5115.5,5107.0,5115.5,12363
2026-02-13 15:20:00,5115.5,5117.5,5103.5,5110.5,14088
2026-02-13 15:25:00,5111.0,5124.5,5103.0,5124.5,9171
2026-02-16 09:15:00,5100.0,5144.0,5087.0,5124.5,11556
2026-02-16 09:20:00,5124.5,5125.0,5103.0,5110.0,5474
2026-02-16 09:25:00,5109.5,5113.0,5072.5,5075.0,5032
2026-02-16 09:30:00,5075.0,5118.5,5074.5,5110.5,3364
2026-02-16 09:35:00,5110.0,5122.5,5108.5,5122.5,5754
2026-02-16 09:40:00,5122.5,5124.5,5102.5,5118.5,2878
2026-02-16 09:45:00,5118.5,5118.5,5081.0,5085.5,2416
2026-02-16 09:50:00,5085.5,5089.0,5074.5,5082.5,7071
2026-02-16 09:55:00,5083.5,5085.0,5067.5,5085.0,3692
2026-02-16 10:00:00,5087.5,5128.5,5087.5,5120.5,5588
2026-02-16 10:05:00,5115.5,5118.5,5090.0,5093.5,1463
2026-02-16 10:10:00,5093.5,5117.5,5093.5,5102.5,1848
2026-02-16 10:15:00,5102.5,5104.0,5089.0,5091.0,1373
2026-02-16 10:20:00,5093.0,5095.0,5083.5,5087.5,1479
2026-02-16 10:25:00,5082.5,5086.0,5068.0,5071.5,3652
2026-02-16 10:30:00,5071.5,5080.0,5062.5,5072.0,7067
2026-02-16 10:35:00,5072.0,5080.0,5066.5,5069.0,1671
2026-02-16 10:40:00,5069.0,5074.5,5065.0,5073.0,1612
2026-02-16 10:45:00,5073.0,5078.5,5068.5,5070.0,2058
2026-02-16 10:50:00,5070.0,5070.0,5060.0,5065.0,1299
2026-02-16 10:55:00,5065.0,5066.5,5060.0,5064.5,1744
2026-02-16 11:00:00,5065.0,5069.0,5057.0,5065.0,1696
2026-02-16 11:05:00,5068.5,5074.5,5067.5,5067.5,1628
2026-02-16 11:10:00,5067.5,5071.0,5063.5,5071.0,1579
2026-02-16 11:15:00,5072.0,5075.0,5066.0,5069.5,845
2026-02-16 11:20:00,5069.5,5081.5,5060.5,5080.0,6102
2026-02-16 11:25:00,5080.0,5082.0,5065.0,5070.0,1155
2026-02-16 11:30:00,5069.0,5080.0,5068.5,5079.0,1414
2026-02-16 11:35:00,5075.0,5076.0,5070.0,5073.5,1224
2026-02-16 11:40:00,5073.0,5088.5,5069.0,5081.5,1813
2026-02-16 11:45:00,5081.5,5095.5,5080.0,5095.5,4636
2026-02-16 11:50:00,5096.0,5108.0,5091.5,5099.0,3087
2026-02-16 11:55:00,5100.0,5101.5,5092.5,5099.5,898
2026-02-16 12:00:00,5096.5,5108.5,5096.5,5108.5,1155
2026-02-16 12:05:00,5108.5,5109.5,5103.5,5103.5,445
2026-02-16 12:10:00,5103.5,5109.0,5097.5,5098.0,396
2026-02-16 12:15:00,5098.0,5105.0,5092.0,5105.0,296
2026-02-16 12:20:00,5105.0,5108.0,5097.0,5106.0,1355
2026-02-16 12:25:00,5106.0,5108.5,5100.5,5107.0,834
2026-02-16 12:30:00,5107.0,5110.0,5102.5,5109.0,900
2026-02-16 12:35:00,5109.0,5109.0,5100.0,5105.5,931
2026-02-16 12:40:00,5105.5,5109.5,5102.5,5109.5,1134
2026-02-16 12:45:00,5109.5,5114.0,5105.0,5109.0,3326
2026-02-16 12:50:00,5108.0,5113.0,5100.5,5112.0,6052
2026-02-16 12:55:00,5112.0,5114.0,5096.5,5096.5,6556
2026-02-16 13:00:00,5097.0,5110.0,5096.0,5106.0,3205
2026-02-16 13:05:00,5109.5,5113.0,5101.5,5102.5,6209
2026-02-16 13:10:00,5102.5,5105.0,5093.0,5101.5,3155
2026-02-16 13:15:00,5096.5,5109.5,5096.5,5109.5,2099
2026-02-16 13:20:00,5109.5,5117.0,5109.0,5113.5,1907
2026-02-16 13:25:00,5112.0,5112.0,5107.0,5110.5,533
2026-02-16 13:30:00,5110.5,5110.5,5090.0,5095.0,1975
2026-02-16 13:35:00,5095.0,5097.5,5091.0,5094.0,460
2026-02-16 13:40:00,5094.0,5096.5,5091.0,5096.5,1159
2026-02-16 13:45:00,5093.0,5094.0,5088.5,5091.0,1200
2026-02-16 13:50:00,5092.5,5095.0,5091.0,5092.5,1058
2026-02-16 13:55:00,5092.5,5092.5,5081.0,5082.5,1137
2026-02-16 14:00:00,5082.5,5093.5,5082.0,5088.0,4699
2026-02-16 14:05:00,5088.0,5093.0,5083.0,5087.0,631
2026-02-16 14:10:00,5087.0,5092.0,5076.0,5077.5,2318
2026-02-16 14:15:00,5077.5,5079.5,5071.5,5072.0,1189
2026-02-16 14:20:00,5072.0,5076.0,5066.0,5066.0,609
2026-02-16 14:25:00,5066.0,5081.5,5061.5,5079.0,6076
2026-02-16 14:30:00,5082.5,5106.0,5079.0,5106.0,3033
2026-02-16 14:35:00,5106.5,5122.0,5089.0,5093.5,3305
2026-02-16 14:40:00,5093.5,5104.5,5091.0,5102.5,2032
2026-02-16 14:45:00,5101.0,5104.0,5089.5,5104.0,4292
2026-02-16 14:50:00,5101.0,5110.5,5095.5,5110.0,5908
2026-02-16 14:55:00,5106.5,5121.0,5105.0,5121.0,2928
2026-02-16 15:00:00,5121.0,5125.0,5114.0,5120.0,3571
2026-02-16 15:05:00,5119.0,5125.0,5115.5,5125.0,2037
2026-02-16 15:10:00,5125.0,5130.0,5118.5,5121.0,5709
2026-02-16 15:15:00,5121.0,5126.5,5117.0,5119.0,2785
2026-02-16 15:20:00,5119.0,5120.0,5107.0,5114.0,7012
2026-02-16 15:25:00,5114.0,5125.0,5104.5,5121.0,6296
2026-02-17 09:15:00,5097.0,5172.0,5051.0,5164.5,14389
2026-02-17 09:20:00,5167.0,5167.0,5131.5,5135.5,4539
2026-02-17 09:25:00,5135.5,5144.0,5130.0,5138.0,2390
2026-02-17 09:30:00,5138.0,5182.0,5138.0,5180.5,7926
2026-02-17 09:35:00,5179.0,5183.0,5161.0,5183.0,6167
2026-02-17 09:40:00,5184.0,5195.0,5179.0,5182.5,12225
2026-02-17 09:45:00,5183.5,5186.0,5172.5,5178.5,3139
2026-02-17 09:50:00,5178.5,5188.0,5175.0,5187.5,3024
2026-02-17 09:55:00,5187.5,5200.0,5187.5,5197.0,7939
2026-02-17 10:00:00,5197.0,5199.0,5172.0,5180.5,2680
2026-02-17 10:05:00,5180.5,5182.0,5166.5,5174.0,2614
2026-02-17 10:10:00,5174.0,5182.0,5173.0,5174.0,1197
2026-02-17 10:15:00,5174.0,5178.5,5169.5,5174.0,1844
2026-02-17 10:20:00,5174.0,5176.0,5170.5,5171.0,1200
2026-02-17 10:25:00,5170.5,5184.5,5166.5,5176.0,5118
2026-02-17 10:30:00,5176.0,5184.5,5174.0,5180.5,2033
2026-02-17 10:35:00,5180.5,5182.0,5168.0,5174.0,2047
2026-02-17 10:40:00,5174.0,5180.5,5160.0,5162.0,1215
2026-02-17 10:45:00,5160.0,5170.0,5160.0,5164.0,2335
2026-02-17 10:50:00,5163.5,5164.0,5156.5,5163.0,1880
2026-02-17 10:55:00,5163.0,5166.0,5158.0,5163.5,712
2026-02-17 11:00:00,5163.5,5174.0,5163.5,5164.5,677
2026-02-17 11:05:00,5164.5,5171.5,5161.5,5168.5,773
2026-02-17 11:10:00,5166.5,5171.5,5163.0,5170.0,630
2026-02-17 11:15:00,5170.0,5174.5,5167.5,5171.5,538
2026-02-17 11:20:00,5171.5,5171.5,5164.5,5167.0,565
2026-02-17 11:25:00,5167.0,5184.5,5165.5,5182.5,1443
2026-02-17 11:30:00,5184.0,5218.5,5181.5,5211.5,7224
2026-02-17 11:35:00,5211.5,5212.0,5200.0,5205.0,2884
2026-02-17 11:40:00,5201.0,5204.0,5188.0,5199.5,1350
2026-02-17 11:45:00,5199.5,5224.0,5199.5,5222.0,3635
2026-02-17 11:50:00,5225.0,5233.0,5220.0,5225.0,6868
2026-02-17 11:55:00,5225.0,5227.5,5205.0,5218.5,3407
2026-02-17 12:00:00,5218.5,5225.0,5213.5,5221.5,2108
2026-02-17 12:05:00,5219.0,5220.5,5213.0,5215.5,657
2026-02-17 12:10:00,5214.0,5218.5,5212.0,5216.0,1740
2026-02-17 12:15:00,5216.0,5228.5,5214.5,5224.5,2217
2026-02-17 12:20:00,5224.5,5234.5,5222.0,5231.0,4075
2026-02-17 12:25:00,5232.0,5234.0,5220.0,5221.5,1160
2026-02-17 12:30:00,5221.5,5222.0,5212.5,5212.5,1868
2026-02-17 12:35:00,5212.5,5213.0,5201.5,5203.5,6543
2026-02-17 12:40:00,5202.0,5207.0,5196.0,5207.0,2773
2026-02-17 12:45:00,5206.0,5210.5,5201.5,5205.0,1001
2026-02-17 12:50:00,5205.0,5217.5,5202.5,5212.0,1274
2026-02-17 12:55:00,5212.0,5215.5,5203.0,5208.0,1803
2026-02-17 13:00:00,5209.0,5214.0,5201.5,5203.5,742
2026-02-17 13:05:00,5202.5,5219.5,5199.0,5219.5,2893
2026-02-17 13:10:00,5217.0,5219.5,5205.5,5213.5,1451
2026-02-17 13:15:00,5212.5,5214.0,5204.0,5209.5,4585
2026-02-17 13:20:00,5208.5,5213.0,5203.5,5207.5,1842
2026-02-17 13:25:00,5207.0,5207.5,5197.5,5200.0,9679
2026-02-17 13:30:00,5201.0,5211.5,5198.0,5202.0,3140
2026-02-17 13:35:00,5204.0,5204.0,5193.0,5195.0,3337
2026-02-17 13:40:00,5194.0,5196.0,5184.0,5188.0,1945
2026-02-17 13:45:00,5188.0,5189.0,5176.0,5176.0,4349
2026-02-17 13:50:00,5177.5,5185.5,5170.5,5179.0,3123
2026-02-17 13:55:00,5179.0,5180.5,5160.0,5162.5,2198
2026-02-17 14:00:00,5162.0,5171.5,5152.5,5170.0,7091
2026-02-17 14:05:00,5170.0,5177.0,5165.0,5167.0,6019
2026-02-17 14:10:00,5167.0,5171.0,5155.5,5159.5,11118
2026-02-17 14:15:00,5157.5,5164.0,5152.0,5157.0,5270
2026-02-17 14:20:00,5157.0,5175.0,5157.0,5165.5,11169
2026-02-17 14:25:00,5165.5,5167.0,5137.0,5140.0,4599
2026-02-17 14:30:00,5139.0,5148.5,5136.0,5144.0,5243
2026-02-17 14:35:00,5145.5,5146.5,5140.0,5145.5,3501
2026-02-17 14:40:00,5146.0,5156.0,5142.0,5152.0,11013
2026-02-17 14:45:00,5152.0,5153.0,5139.5,5145.0,10814
2026-02-17 14:50:00,5145.0,5161.0,5144.0,5157.0,6355
2026-02-17 14:55:00,5156.5,5164.0,5150.0,5164.0,5095
2026-02-17 15:00:00,5166.0,5169.5,5162.5,5165.0,6156
2026-02-17 15:05:00,5166.0,5173.5,5164.5,5173.5,3962
2026-02-17 15:10:00,5173.5,5173.5,5165.0,5169.5,4309
2026-02-17 15:15:00,5169.5,5170.0,5151.0,5151.0,12302
2026-02-17 15:20:00,5156.0,5169.5,5153.5,5165.0,11261
2026-02-17 15:25:00,5165.0,5167.5,5156.0,5156.0,7666
2026-02-18 09:15:00,5181.5,5195.0,5110.0,5139.0,10355
2026-02-18 09:20:00,5139.0,5139.0,5100.5,5111.5,13157
2026-02-18 09:25:00,5107.5,5121.0,5105.5,5110.0,3394
2026-02-18 09:30:00,5109.0,5109.0,5081.0,5087.0,7467
2026-02-18 09:35:00,5083.5,5100.0,5083.0,5089.0,3762
2026-02-18 09:40:00,5090.5,5091.0,5066.0,5070.0,7402
2026-02-18 09:45:00,5069.0,5070.0,5051.5,5051.5,6426
2026-02-18 09:50:00,5051.5,5060.0,5045.5,5050.0,6865
2026-02-18 09:55:00,5048.5,5054.0,5030.5,5038.0,7718
2026-02-18 10:00:00,5037.0,5042.0,5022.0,5025.0,7091
2026-02-18 10:05:00,5024.5,5033.0,5018.0,5018.0,4843
2026-02-18 10:10:00,5020.0,5036.5,5015.5,5030.0,3947
2026-02-18 10:15:00,5025.0,5032.0,5018.0,5026.0,3066
2026-02-18 10:20:00,5026.5,5031.5,5018.0,5023.0,3096
2026-02-18 10:25:00,5023.0,5024.0,5013.0,5015.5,4673
2026-02-18 10:30:00,5017.0,5036.0,5015.0,5034.5,3905
2026-02-18 10:35:00,5034.0,5048.5,5032.0,5036.0,4681
2026-02-18 10:40:00,5035.5,5038.0,5026.5,5034.0,3807
2026-02-18 10:45:00,5034.0,5041.5,5033.0,5039.0,2086
2026-02-18 10:50:00,5035.5,5039.0,5034.0,5038.0,1397
2026-02-18 10:55:00,5038.0,5041.0,5028.0,5030.0,4715
2026-02-18 11:00:00,5030.0,5031.0,5022.5,5024.5,4294
2026-02-18 11:05:00,5024.0,5025.0,5013.5,5015.5,3365
2026-02-18 11:10:00,5013.5,5018.0,5007.5,5018.0,4215
2026-02-18 11:15:00,5016.5,5018.0,5010.5,5013.5,3427
2026-02-18 11:20:00,5014.5,5020.0,5010.0,5013.0,2889
2026-02-18 11:25:00,5013.0,5018.5,5010.0,5017.0,1990
2026-02-18 11:30:00,5016.0,5028.0,5010.5,5028.0,5570
2026-02-18 11:35:00,5026.5,5028.0,5013.5,5014.0,2977
2026-02-18 11:40:00,5020.0,5020.5,5010.5,5016.0,2914
2026-02-18 11:45:00,5018.0,5019.0,5011.0,5015.5,2412
2026-02-18 11:50:00,5016.5,5018.0,5002.0,5003.0,15626
2026-02-18 11:55:00,5003.0,5023.0,4995.0,5022.0,6755
2026-02-18 12:00:00,5021.0,5031.0,5020.0,5026.5,2989
2026-02-18 12:05:00,5026.0,5043.0,5024.0,5038.0,4125
2026-02-18 12:10:00,5038.5,5042.0,5030.5,5031.5,3331
2026-02-18 12:15:00,5031.5,5042.0,5030.0,5032.0,4436
2026-02-18 12:20:00,5030.5,5037.5,5030.0,5034.0,670
2026-02-18 12:25:00,5036.0,5036.0,5026.0,5030.0,1224
2026-02-18 12:30:00,5030.5,5043.5,5030.0,5040.0,3883
2026-02-18 12:35:00,5038.5,5043.0,5035.5,5037.0,1893
2026-02-18 12:40:00,5037.0,5041.5,5031.5,5035.5,2010
2026-02-18 12:45:00,5035.5,5040.0,5032.0,5032.5,2270
2026-02-18 12:50:00,5034.0,5036.5,5028.5,5030.5,4618
2026-02-18 12:55:00,5030.5,5032.5,5026.5,5030.5,1003
2026-02-18 13:00:00,5030.5,5030.5,5021.0,5024.5,1656
2026-02-18 13:05:00,5025.0,5030.0,5025.0,5028.5,924
2026-02-18 13:10:00,5028.5,5030.0,5025.0,5030.0,1995
2026-02-18 13:15:00,5029.5,5032.0,5027.0,5029.5,1453
2026-02-18 13:20:00,5029.0,5034.5,5028.5,5032.0,583
2026-02-18 13:25:00,5032.0,5032.5,5026.5,5027.0,972
2026-02-18 13:30:00,5027.0,5029.0,5025.0,5025.0,736
2026-02-18 13:35:00,5025.0,5025.5,5021.0,5024.0,1420
2026-02-18 13:40:00,5023.5,5025.5,5020.5,5025.0,960
2026-02-18 13:45:00,5025.0,5030.0,5025.0,5028.0,847
2026-02-18 13:50:00,5029.0,5030.0,5016.5,5025.5,1793
2026-02-18 13:55:00,5025.5,5028.5,5021.0,5027.0,938
2026-02-18 14:00:00,5027.0,5028.5,5025.0,5028.0,781
2026-02-18 14:05:00,5028.0,5034.0,5028.0,5034.0,1055
2026-02-18 14:10:00,5034.0,5047.0,5033.5,5045.5,6154
2026-02-18 14:15:00,5044.0,5045.5,5040.0,5043.0,3237
2026-02-18 14:20:00,5043.0,5044.5,5039.0,5044.5,1525
2026-02-18 14:25:00,5045.0,5045.0,5036.5,5038.5,1584
2026-02-18 14:30:00,5037.0,5044.0,5033.0,5041.5,2134
2026-02-18 14:35:00,5040.0,5043.0,5034.0,5038.5,1677
2026-02-18 14:40:00,5038.5,5039.0,5030.0,5033.0,2603
2026-02-18 14:45:00,5033.5,5036.5,5027.0,5035.5,4180
2026-02-18 14:50:00,5035.5,5043.5,5034.5,5041.0,2537
2026-02-18 14:55:00,5042.0,5050.0,5041.0,5043.0,4375
2026-02-18 15:00:00,5050.0,5058.0,5050.0,5056.0,7669
2026-02-18 15:05:00,5055.0,5056.5,5050.0,5053.5,3481
2026-02-18 15:10:00,5053.5,5056.0,5050.5,5053.0,5296
2026-02-18 15:15:00,5052.5,5058.0,5050.0,5057.0,7605
2026-02-18 15:20:00,5057.5,5059.0,5053.0,5056.0,9013
2026-02-18 15:25:00,5055.5,5057.0,5048.0,5048.0,7154
2026-02-19 09:15:00,5061.0,5117.5,5061.0,5095.0,12848
2026-02-19 09:20:00,5096.5,5105.0,5087.5,5090.0,7668
2026-02-19 09:25:00,5094.5,5095.5,5080.5,5084.0,3383
2026-02-19 09:30:00,5083.0,5085.5,5066.0,5066.0,3943
2026-02-19 09:35:00,5066.0,5078.5,5061.0,5066.5,3870
2026-02-19 09:40:00,5067.0,5074.5,5056.0,5061.0,4086
2026-02-19 09:45:00,5061.0,5085.0,5060.0,5083.0,1836
2026-02-19 09:50:00,5083.5,5088.5,5071.5,5074.5,2524
2026-02-19 09:55:00,5072.0,5078.5,5061.0,5065.5,1355
2026-02-19 10:00:00,5066.0,5076.5,5062.0,5073.0,1735
2026-02-19 10:05:00,5073.0,5085.5,5073.0,5076.5,2344
2026-02-19 10:10:00,5076.5,5080.5,5065.5,5067.5,996
2026-02-19 10:15:00,5069.0,5077.0,5052.5,5056.0,3503
2026-02-19 10:20:00,5056.0,5059.0,5047.0,5051.0,2493
2026-02-19 10:25:00,5052.0,5052.0,5036.5,5043.0,4447
2026-02-19 10:30:00,5043.0,5049.0,5039.0,5043.5,1481
2026-02-19 10:35:00,5043.0,5045.5,5038.5,5040.0,1269
2026-02-19 10:40:00,5040.0,5046.5,5036.0,5043.5,1208
2026-02-19 10:45:00,5043.5,5054.5,5040.0,5050.0,1206
2026-02-19 10:50:00,5048.5,5049.0,5038.0,5043.5,1352
2026-02-19 10:55:00,5043.5,5048.0,5042.0,5043.0,580
2026-02-19 11:00:00,5043.0,5059.0,5043.0,5056.0,911
2026-02-19 11:05:00,5057.0,5057.5,5045.0,5045.0,1447
2026-02-19 11:10:00,5045.0,5046.5,5040.0,5040.0,1227
2026-02-19 11:15:00,5040.0,5042.0,5035.5,5037.0,1029
2026-02-19 11:20:00,5037.0,5040.0,5035.0,5036.0,904
2026-02-19 11:25:00,5036.5,5040.5,5035.0,5039.0,985
2026-02-19 11:30:00,5039.0,5044.5,5038.0,5038.0,1057
2026-02-19 11:35:00,5038.0,5040.0,5035.0,5037.5,918
2026-02-19 11:40:00,5037.5,5040.0,5031.0,5035.5,2538
2026-02-19 11:45:00,5035.5,5039.0,5031.0,5037.0,1931
2026-02-19 11:50:00,5037.0,5042.0,5035.0,5037.5,2437
2026-02-19 11:55:00,5037.5,5039.5,5032.5,5035.5,750
2026-02-19 12:00:00,5037.5,5037.5,5028.0,5030.0,1095
2026-02-19 12:05:00,5030.0,5033.5,5026.5,5026.5,1268
2026-02-19 12:10:00,5026.5,5028.5,5021.5,5023.0,2324
2026-02-19 12:15:00,5023.0,5027.5,5020.5,5025.5,2439
2026-02-19 12:20:00,5025.5,5040.0,5024.0,5036.0,1062
2026-02-19 12:25:00,5038.5,5038.5,5030.0,5032.5,786
2026-02-19 12:30:00,5035.5,5037.5,5032.5,5033.5,834
2026-02-19 12:35:00,5035.5,5036.0,5025.0,5025.5,825
2026-02-19 12:40:00,5027.5,5030.0,5021.0,5025.0,1253
2026-02-19 12:45:00,5027.0,5027.5,5021.0,5024.0,1028
2026-02-19 12:50:00,5026.0,5033.5,5023.0,5024.0,1729
2026-02-19 12:55:00,5024.5,5030.5,5022.5,5027.5,809
2026-02-19 13:00:00,5029.5,5030.5,5020.5,5023.0,974
2026-02-19 13:05:00,5023.0,5029.5,5023.0,5027.0,1101
2026-02-19 13:10:00,5028.5,5031.0,5020.5,5021.0,1377
2026-02-19 13:15:00,5023.5,5023.5,5015.5,5020.0,1198
2026-02-19 13:20:00,5021.5,5025.0,5017.0,5020.5,1103
2026-02-19 13:25:00,5023.0,5023.5,5015.5,5018.0,728
2026-02-19 13:30:00,5020.5,5022.0,5011.5,5022.0,2487
2026-02-19 13:35:00,5023.0,5025.0,5017.5,5021.0,505
2026-02-19 13:40:00,5021.0,5023.0,5017.0,5018.0,551
2026-02-19 13:45:00,5018.0,5021.0,5010.5,5012.0,1038
2026-02-19 13:50:00,5012.0,5017.0,5011.0,5015.0,1031
2026-02-19 13:55:00,5017.5,5018.0,5006.5,5008.0,2459
2026-02-19 14:00:00,5011.0,5014.5,5002.5,5002.5,2622
2026-02-19 14:05:00,5003.0,5007.0,5001.0,5004.5,1783
2026-02-19 14:10:00,5006.5,5011.0,5004.5,5007.5,918
2026-02-19 14:15:00,5009.0,5011.0,5002.0,5002.5,2973
2026-02-19 14:20:00,5005.0,5015.5,5002.5,5011.0,4928
2026-02-19 14:25:00,5010.0,5010.0,4990.0,4992.0,6526
2026-02-19 14:30:00,4992.0,5005.0,4992.0,5002.0,5023
2026-02-19 14:35:00,5003.0,5006.5,4997.5,5001.5,4016
2026-02-19 14:40:00,5003.5,5003.5,4985.0,4985.0,5510
2026-02-19 14:45:00,4985.0,4990.0,4976.5,4986.0,7207
2026-02-19 14:50:00,4984.5,4995.0,4984.5,4988.5,7228
2026-02-19 14:55:00,4989.5,5000.0,4987.5,4993.0,4267
2026-02-19 15:00:00,4997.0,5000.0,4976.0,4983.5,3865
2026-02-19 15:05:00,4986.5,4988.0,4966.0,4974.0,6639
2026-02-19 15:10:00,4978.5,4978.5,4958.0,4958.0,3482
2026-02-19 15:15:00,4961.5,4965.0,4951.0,4960.0,10023
2026-02-19 15:20:00,4959.5,4959.5,4940.5,4947.0,7268
2026-02-19 15:25:00,4943.5,4952.0,4921.0,4940.0,8683
2026-02-20 09:15:00,4945.0,4945.0,4893.5,4923.0,22653
2026-02-20 09:20:00,4926.0,4929.0,4889.5,4892.5,9407
2026-02-20 09:25:00,4893.5,4902.0,4882.5,4885.0,7110
2026-02-20 09:30:00,4885.0,4917.5,4879.5,4913.0,6524
2026-02-20 09:35:00,4913.5,4916.0,4888.5,4899.0,3059
2026-02-20 09:40:00,4902.0,4911.0,4887.5,4909.0,2586
2026-02-20 09:45:00,4909.0,4926.0,4900.0,4921.0,2744
2026-02-20 09:50:00,4921.0,4929.5,4903.5,4904.0,2566
2026-02-20 09:55:00,4904.0,4912.0,4893.5,4909.0,3110
2026-02-20 10:00:00,4911.0,4912.0,4885.0,4885.0,2373
2026-02-20 10:05:00,4885.5,4894.5,4881.0,4884.5,3207
2026-02-20 10:10:00,4885.0,4907.0,4884.5,4906.0,2945
2026-02-20 10:15:00,4907.0,4938.0,4907.0,4927.0,7347
2026-02-20 10:20:00,4929.5,4930.5,4923.0,4927.0,1563
2026-02-20 10:25:00,4927.5,4947.0,4927.0,4928.5,2784
2026-02-20 10:30:00,4932.5,4949.0,4932.5,4946.0,1603
2026-02-20 10:35:00,4946.0,4947.0,4937.5,4939.0,678
2026-02-20 10:40:00,4939.5,4945.5,4935.5,4936.0,882
2026-02-20 10:45:00,4935.0,4939.0,4925.5,4930.0,1496
2026-02-20 10:50:00,4930.0,4949.0,4927.0,4944.5,2085
2026-02-20 10:55:00,4945.5,4961.5,4932.0,4941.5,6591
2026-02-20 11:00:00,4939.0,4942.5,4925.0,4930.5,1749
2026-02-20 11:05:00,4929.5,4933.0,4915.0,4918.5,2692
2026-02-20 11:10:00,4917.0,4928.0,4916.0,4922.5,1372
2026-02-20 11:15:00,4925.5,4929.5,4919.0,4919.5,1124
2026-02-20 11:20:00,4919.5,4922.0,4903.5,4906.5,2416
2026-02-20 11:25:00,4906.5,4918.5,4904.0,4912.5,1539
2026-02-20 11:30:00,4912.5,4917.5,4910.5,4911.5,1057
2026-02-20 11:35:00,4912.0,4913.5,4908.5,4910.0,751
2026-02-20 11:40:00,4910.5,4913.0,4901.0,4906.5,1707
2026-02-20 11:45:00,4906.5,4908.5,4894.0,4895.5,2838
2026-02-20 11:50:00,4895.5,4898.5,4890.0,4893.0,2179
2026-02-20 11:55:00,4894.0,4904.5,4893.5,4903.0,1951
2026-02-20 12:00:00,4902.5,4902.5,4890.5,4892.5,2170
2026-02-20 12:05:00,4894.0,4897.0,4891.0,4896.0,1314
2026-02-20 12:10:00,4896.0,4903.5,4896.0,4898.5,1542
2026-02-20 12:15:00,4898.5,4909.5,4898.5,4903.0,2074
2026-02-20 12:20:00,4904.0,4909.0,4903.0,4905.5,1090
2026-02-20 12:25:00,4905.0,4908.5,4903.0,4904.0,1421
2026-02-20 12:30:00,4904.0,4906.0,4891.5,4894.0,2102
2026-02-20 12:35:00,4894.5,4896.5,4885.0,4891.0,2744
2026-02-20 12:40:00,4891.0,4891.5,4880.0,4880.0,2379
2026-02-20 12:45:00,4880.0,4881.5,4872.0,4873.0,5770
2026-02-20 12:50:00,4873.0,4881.0,4873.0,4880.0,1401
2026-02-20 12:55:00,4882.0,4882.0,4865.0,4869.5,2689
2026-02-20 13:00:00,4873.0,4880.5,4869.5,4878.0,1252
2026-02-20 13:05:00,4876.5,4880.5,4875.5,4876.5,1264
2026-02-20 13:10:00,4877.5,4881.5,4875.0,4877.5,1106
2026-02-20 13:15:00,4877.5,4877.5,4862.0,4869.0,3439
2026-02-20 13:20:00,4869.0,4874.0,4867.5,4870.0,1481
2026-02-20 13:25:00,4870.0,4886.0,4866.5,4884.5,3472
2026-02-20 13:30:00,4884.5,4895.0,4883.0,4889.5,3060
2026-02-20 13:35:00,4889.5,4908.5,4889.5,4900.5,4190
2026-02-20 13:40:00,4900.5,4905.5,4895.0,4899.5,2092
2026-02-20 13:45:00,4899.0,4904.5,4896.5,4903.0,985
2026-02-20 13:50:00,4902.5,4907.0,4893.0,4894.0,1583
2026-02-20 13:55:00,4894.0,4905.0,4893.0,4904.5,1301
2026-02-20 14:00:00,4905.0,4920.0,4903.0,4915.0,2806
2026-02-20 14:05:00,4915.0,4926.0,4913.5,4920.0,4841
2026-02-20 14:10:00,4917.0,4922.5,4911.0,4911.0,1366
2026-02-20 14:15:00,4912.5,4922.0,4911.0,4917.5,3071
2026-02-20 14:20:00,4917.0,4922.0,4908.0,4909.5,3714
2026-02-20 14:25:00,4906.0,4909.5,4903.5,4906.5,1243
2026-02-20 14:30:00,4906.5,4908.0,4901.0,4901.5,999
2026-02-20 14:35:00,4901.0,4906.0,4895.0,4899.5,1700
2026-02-20 14:40:00,4899.5,4905.0,4892.5,4903.5,1925
2026-02-20 14:45:00,4903.5,4910.0,4901.0,4907.0,2632
2026-02-20 14:50:00,4906.0,4910.5,4898.5,4910.5,2716
2026-02-20 14:55:00,4911.0,4918.0,4908.5,4911.5,4217
2026-02-20 15:00:00,4917.0,4917.5,4897.5,4899.5,8095
2026-02-20 15:05:00,4901.0,4901.5,4894.5,4897.5,4482
2026-02-20 15:10:00,4899.0,4901.5,4896.5,4897.0,5847
2026-02-20 15:15:00,4899.0,4899.0,4885.0,4885.0,8787
2026-02-20 15:20:00,4885.0,4889.0,4870.5,4872.5,10443
2026-02-20 15:25:00,4872.0,4874.0,4865.5,4874.0,8168
2026-02-23 09:15:00,4849.5,4873.5,4814.5,4857.0,22072
2026-02-23 09:20:00,4858.0,4869.0,4841.0,4862.5,7507
2026-02-23 09:25:00,4862.5,4876.0,4860.0,4860.0,6159
2026-02-23 09:30:00,4859.5,4862.5,4827.0,4835.0,7333
2026-02-23 09:35:00,4835.0,4841.0,4815.5,4820.0,5871
2026-02-23 09:40:00,4816.5,4821.5,4802.0,4805.5,9781
2026-02-23 09:45:00,4804.0,4812.0,4800.5,4803.0,5980
2026-02-23 09:50:00,4805.0,4807.0,4785.5,4786.0,6362
2026-02-23 09:55:00,4789.0,4789.0,4769.0,4780.5,8528
2026-02-23 10:00:00,4782.5,4797.0,4777.0,4797.0,3285
2026-02-23 10:05:00,4795.0,4802.5,4780.0,4789.0,3548
2026-02-23 10:10:00,4790.0,4797.5,4787.0,4795.5,4172
2026-02-23 10:15:00,4795.5,4801.0,4791.5,4791.5,2824
2026-02-23 10:20:00,4793.0,4797.0,4788.0,4792.0,2696
2026-02-23 10:25:00,4790.5,4795.0,4781.0,4788.5,1495
2026-02-23 10:30:00,4788.0,4788.5,4776.0,4778.0,2728
2026-02-23 10:35:00,4775.0,4777.5,4768.0,4774.0,5095
2026-02-23 10:40:00,4774.0,4785.5,4765.0,4782.0,8815
2026-02-23 10:45:00,4781.5,4789.0,4778.0,4786.5,3230
2026-02-23 10:50:00,4787.5,4797.0,4786.5,4789.5,2665
2026-02-23 10:55:00,4791.5,4791.5,4777.5,4786.5,3178
2026-02-23 11:00:00,4786.5,4806.5,4786.0,4800.5,4245
2026-02-23 11:05:00,4800.0,4809.0,4795.5,4809.0,2376
2026-02-23 11:10:00,4809.0,4813.0,4802.0,4808.5,3888
2026-02-23 11:15:00,4810.0,4810.0,4792.5,4796.0,1230
2026-02-23 11:20:00,4796.0,4798.0,4790.0,4792.5,1617
2026-02-23 11:25:00,4793.5,4800.0,4790.5,4796.0,1214
2026-02-23 11:30:00,4796.0,4804.0,4792.5,4798.5,1472
2026-02-23 11:35:00,4797.0,4806.0,4796.0,4805.0,1340
2026-02-23 11:40:00,4803.0,4819.0,4803.0,4816.5,2879
2026-02-23 11:45:00,4814.5,4820.5,4810.5,4819.0,4024
2026-02-23 11:50:00,4819.0,4832.5,4810.5,4832.0,3713
2026-02-23 11:55:00,4830.0,4839.0,4825.5,4829.5,5245
2026-02-23 12:00:00,4830.0,4831.5,4822.5,4822.5,2696
2026-02-23 12:05:00,4821.0,4827.5,4821.0,4823.5,1543
2026-02-23 12:10:00,4823.0,4829.0,4816.5,4821.0,2460
2026-02-23 12:15:00,4818.0,4825.0,4816.5,4825.0,1630
2026-02-23 12:20:00,4824.5,4825.0,4813.0,4818.0,1030
2026-02-23 12:25:00,4815.5,4818.5,4810.0,4817.5,1250
2026-02-23 12:30:00,4817.5,4826.0,4817.5,4821.0,1766
2026-02-23 12:35:00,4822.5,4823.5,4814.0,4815.0,1969
2026-02-23 12:40:00,4815.0,4820.0,4812.5,4819.5,829
2026-02-23 12:45:00,4821.0,4821.5,4811.5,4815.0,1236
2026-02-23 12:50:00,4815.0,4844.5,4812.5,4844.5,16144
2026-02-23 12:55:00,4844.0,4849.0,4828.5,4833.0,12958
2026-02-23 13:00:00,4831.0,4833.0,4813.5,4826.0,8238
2026-02-23 13:05:00,4825.0,4829.0,4822.0,4826.0,3740
2026-02-23 13:10:00,4826.0,4827.0,4813.5,4817.0,4900
2026-02-23 13:15:00,4817.0,4826.5,4813.5,4825.0,3750
2026-02-23 13:20:00,4825.0,4830.5,4823.5,4828.0,2000
2026-02-23 13:25:00,4829.5,4834.0,4825.0,4829.5,2493
2026-02-23 13:30:00,4829.5,4830.5,4816.5,4821.0,2872
2026-02-23 13:35:00,4818.5,4825.0,4810.5,4810.5,4778
2026-02-23 13:40:00,4810.5,4819.5,4803.0,4815.0,4478
2026-02-23 13:45:00,4817.5,4819.0,4815.0,4817.5,3967
2026-02-23 13:50:00,4817.0,4819.5,4815.0,4815.5,4864
2026-02-23 13:55:00,4815.5,4820.0,4815.0,4815.0,3783
2026-02-23 14:00:00,4815.5,4821.0,4812.5,4821.0,5253
2026-02-23 14:05:00,4821.0,4822.0,4815.0,4820.5,4614
2026-02-23 14:10:00,4819.0,4822.5,4817.0,4821.5,2962
2026-02-23 14:15:00,4821.5,4822.5,4816.0,4818.5,3101
2026-02-23 14:20:00,4818.5,4820.0,4815.0,4816.5,2643
2026-02-23 14:25:00,4816.0,4816.5,4796.5,4812.0,6607
2026-02-23 14:30:00,4809.5,4831.0,4809.0,4825.0,12381
2026-02-23 14:35:00,4828.0,4829.0,4813.5,4817.5,4106
2026-02-23 14:40:00,4817.5,4821.5,4808.5,4810.0,7633
2026-02-23 14:45:00,4810.0,4821.5,4807.0,4819.5,3597
2026-02-23 14:50:00,4819.5,4821.5,4811.0,4819.0,3962
2026-02-23 14:55:00,4816.5,4828.0,4816.5,4822.0,3869
2026-02-23 15:00:00,4831.5,4843.0,4831.5,4838.5,12910
2026-02-23 15:05:00,4839.5,4841.5,4819.0,4828.0,8890
2026-02-23 15:10:00,4827.5,4835.0,4821.0,4830.5,6683
2026-02-23 15:15:00,4831.0,4835.0,4829.5,4830.5,6118
2026-02-23 15:20:00,4830.5,4833.0,4826.0,4831.0,8085
2026-02-23 15:25:00,4830.0,4836.5,4820.5,4833.0,7295
2026-02-24 09:15:00,4778.0,4780.0,4725.0,4731.5,30498
2026-02-24 09:20:00,4731.5,4741.0,4721.0,4722.0,14507
2026-02-24 09:25:00,4724.0,4724.5,4702.0,4707.0,17268
2026-02-24 09:30:00,4705.5,4728.5,4694.5,4728.5,14325
2026-02-24 09:35:00,4727.0,4729.5,4714.5,4715.0,4537
2026-02-24 09:40:00,4713.0,4723.0,4704.5,4720.5,5880
2026-02-24 09:45:00,4722.0,4739.0,4710.0,4734.0,8544
2026-02-24 09:50:00,4734.5,4737.0,4710.0,4721.0,3735
2026-02-24 09:55:00,4719.0,4727.5,4717.0,4725.0,5012
2026-02-24 10:00:00,4723.0,4745.5,4720.0,4736.0,6830
2026-02-24 10:05:00,4738.5,4739.0,4730.0,4730.0,1919
2026-02-24 10:10:00,4730.0,4736.5,4728.0,4730.0,1253
2026-02-24 10:15:00,4730.0,4739.0,4711.5,4722.0,7929
2026-02-24 10:20:00,4720.0,4731.0,4710.0,4712.5,4235
2026-02-24 10:25:00,4711.5,4721.0,4706.5,4710.0,2280
2026-02-24 10:30:00,4707.0,4712.5,4700.5,4707.0,5325
2026-02-24 10:35:00,4707.5,4718.0,4700.0,4700.0,3907
2026-02-24 10:40:00,4700.0,4702.5,4687.0,4689.0,10556
2026-02-24 10:45:00,4691.5,4691.5,4667.0,4669.0,6647
2026-02-24 10:50:00,4670.0,4672.5,4656.5,4658.5,15682
2026-02-24 10:55:00,4660.0,4666.5,4655.0,4657.5,7803
2026-02-24 11:00:00,4657.5,4659.5,4638.0,4642.0,18942
2026-02-24 11:05:00,4643.0,4659.0,4642.0,4651.5,3130
2026-02-24 11:10:00,4651.5,4656.0,4650.0,4650.5,3175
2026-02-24 11:15:00,4650.5,4652.5,4632.5,4644.5,8540
2026-02-24 11:20:00,4644.5,4646.0,4635.5,4644.0,2503
2026-02-24 11:25:00,4645.0,4647.0,4638.0,4643.0,2848
2026-02-24 11:30:00,4643.0,4643.0,4634.0,4635.5,1788
2026-02-24 11:35:00,4635.5,4639.5,4620.0,4623.0,7865
2026-02-24 11:40:00,4625.5,4630.0,4608.0,4610.0,12232
2026-02-24 11:45:00,4610.0,4610.0,4590.0,4598.0,20822
2026-02-24 11:50:00,4599.0,4600.5,4593.0,4596.0,4888
2026-02-24 11:55:00,4596.0,4596.0,4577.0,4578.0,20594
2026-02-24 12:00:00,4579.5,4580.0,4554.5,4559.0,26531
2026-02-24 12:05:00,4559.5,4560.0,4545.0,4546.5,17820
2026-02-24 12:10:00,4549.0,4554.0,4541.0,4548.0,29802
2026-02-24 12:15:00,4548.0,4548.0,4539.5,4544.0,8566
2026-02-24 12:20:00,4544.0,4548.0,4541.0,4548.0,6607
2026-02-24 12:25:00,4549.5,4550.0,4538.5,4539.5,10928
2026-02-24 12:30:00,4540.0,4548.5,4540.0,4544.5,3389
2026-02-24 12:35:00,4546.5,4549.0,4540.5,4541.0,7096
2026-02-24 12:40:00,4543.5,4543.5,4522.0,4523.0,8146
2026-02-24 12:45:00,4523.5,4531.0,4513.0,4526.5,15764
2026-02-24 12:50:00,4526.5,4529.0,4509.0,4515.0,13553
2026-02-24 12:55:00,4515.0,4515.0,4501.0,4502.0,17049
2026-02-24 13:00:00,4504.5,4513.0,4501.0,4510.0,19490
2026-02-24 13:05:00,4511.0,4518.0,4506.5,4510.0,13139
2026-02-24 13:10:00,4510.0,4524.5,4505.0,4514.0,24721
2026-02-24 13:15:00,4513.5,4513.5,4501.0,4504.5,14523
2026-02-24 13:20:00,4504.5,4505.5,4496.5,4498.0,8044
2026-02-24 13:25:00,4498.5,4502.5,4487.5,4496.0,10707
2026-02-24 13:30:00,4496.0,4517.5,4493.5,4512.0,23569
2026-02-24 13:35:00,4512.0,4517.0,4500.0,4512.0,19272
2026-02-24 13:40:00,4514.5,4520.0,4505.0,4505.0,6935
2026-02-24 13:45:00,4506.0,4507.0,4495.5,4506.5,6649
2026-02-24 13:50:00,4506.5,4509.0,4500.0,4501.0,7275
2026-02-24 13:55:00,4502.5,4510.0,4502.5,4508.5,3078
2026-02-24 14:00:00,4510.0,4515.0,4501.0,4503.0,12305
2026-02-24 14:05:00,4503.0,4506.0,4497.0,4499.5,8300
2026-02-24 14:10:00,4499.5,4508.0,4497.5,4504.0,11546
2026-02-24 14:15:00,4504.0,4514.0,4501.0,4511.0,10756
2026-02-24 14:20:00,4512.0,4516.5,4506.0,4516.5,7052
2026-02-24 14:25:00,4515.0,4519.0,4512.5,4514.0,8205
2026-02-24 14:30:00,4515.0,4515.0,4502.0,4503.0,5085
2026-02-24 14:35:00,4502.0,4509.0,4493.0,4499.5,9707
2026-02-24 14:40:00,4499.5,4500.0,4490.0,4492.0,8886
2026-02-24 14:45:00,4493.0,4496.0,4478.5,4485.0,20946
2026-02-24 14:50:00,4484.0,4486.0,4465.5,4469.0,22657
2026-02-24 14:55:00,4468.5,4477.5,4467.0,4470.0,21610
2026-02-24 15:00:00,4470.0,4487.0,4469.5,4484.0,26352
2026-02-24 15:05:00,4484.0,4489.0,4477.0,4480.0,13093
2026-02-24 15:10:00,4479.5,4499.0,4479.0,4499.0,26637
2026-02-24 15:15:00,4498.0,4525.0,4496.5,4524.0,28955
2026-02-24 15:20:00,4524.0,4532.0,4516.5,4532.0,19361
2026-02-24 15:25:00,4532.0,4532.0,4502.0,4521.0,12869
2026-02-25 09:15:00,4524.0,4661.5,4524.0,4646.5,40898
2026-02-25 09:20:00,4647.0,4657.0,4609.0,4616.0,16201
2026-02-25 09:25:00,4617.0,4617.0,4600.0,4611.0,12525
2026-02-25 09:30:00,4612.0,4613.0,4588.5,4613.0,10206
2026-02-25 09:35:00,4610.5,4618.0,4593.0,4605.0,10506
2026-02-25 09:40:00,4606.0,4613.0,4600.0,4607.5,5834
2026-02-25 09:45:00,4607.5,4629.0,4605.0,4621.0,11247
2026-02-25 09:50:00,4620.0,4626.0,4609.5,4625.5,4981
2026-02-25 09:55:00,4624.0,4634.5,4618.5,4626.0,8920
2026-02-25 10:00:00,4627.0,4647.5,4621.0,4641.5,8385
2026-02-25 10:05:00,4640.0,4645.0,4626.5,4632.0,4925
2026-02-25 10:10:00,4631.0,4634.5,4620.5,4625.5,6490
2026-02-25 10:15:00,4624.5,4632.5,4615.5,4620.0,5031
2026-02-25 10:20:00,4617.0,4617.0,4604.5,4613.0,2928
2026-02-25 10:25:00,4610.5,4614.5,4590.0,4593.0,4513
2026-02-25 10:30:00,4594.0,4600.0,4586.0,4588.5,3635
2026-02-25 10:35:00,4588.5,4598.0,4587.5,4590.5,2630
2026-02-25 10:40:00,4590.5,4590.5,4571.0,4579.0,8601
2026-02-25 10:45:00,4580.5,4593.0,4578.5,4588.0,2474
2026-02-25 10:50:00,4588.0,4590.5,4579.5,4589.5,2092
2026-02-25 10:55:00,4590.5,4597.5,4587.0,4591.5,1900
2026-02-25 11:00:00,4591.5,4603.0,4588.0,4589.0,2545
2026-02-25 11:05:00,4588.0,4600.0,4587.0,4595.0,1854
2026-02-25 11:10:00,4595.5,4600.0,4590.5,4598.0,2413
2026-02-25 11:15:00,4596.5,4596.5,4588.0,4590.0,1013
2026-02-25 11:20:00,4590.0,4592.5,4584.0,4591.0,1277
2026-02-25 11:25:00,4591.5,4596.0,4586.0,4594.0,1362
2026-02-25 11:30:00,4594.0,4597.5,4590.0,4597.5,1255
2026-02-25 11:35:00,4595.0,4598.0,4583.0,4584.0,1675
2026-02-25 11:40:00,4584.0,4596.0,4577.0,4590.0,3378
2026-02-25 11:45:00,4590.0,4595.0,4588.0,4593.5,1160
2026-02-25 11:50:00,4593.5,4596.5,4587.0,4589.5,1362
2026-02-25 11:55:00,4587.0,4593.0,4584.0,4589.5,1220
2026-02-25 12:00:00,4589.5,4600.0,4587.0,4596.5,1551
2026-02-25 12:05:00,4596.5,4600.0,4588.0,4589.0,1171
2026-02-25 12:10:00,4589.0,4600.0,4587.0,4593.5,2759
2026-02-25 12:15:00,4594.0,4598.5,4592.0,4593.5,737
2026-02-25 12:20:00,4593.0,4593.5,4585.5,4588.5,1290
2026-02-25 12:25:00,4587.0,4587.0,4580.5,4582.0,911
2026-02-25 12:30:00,4582.5,4586.0,4566.5,4568.5,2659
2026-02-25 12:35:00,4568.5,4569.5,4562.5,4565.5,3772
2026-02-25 12:40:00,4565.0,4566.0,4540.0,4542.0,4136
2026-02-25 12:45:00,4542.0,4543.0,4525.5,4529.0,4629
2026-02-25 12:50:00,4526.5,4527.5,4518.0,4523.0,3794
2026-02-25 12:55:00,4521.0,4540.5,4520.5,4532.0,3766
2026-02-25 13:00:00,4533.5,4540.5,4525.0,4539.5,1616
2026-02-25 13:05:00,4540.0,4540.0,4515.5,4526.5,33775
2026-02-25 13:10:00,4526.5,4530.5,4525.5,4528.0,1382
2026-02-25 13:15:00,4527.5,4534.0,4524.5,4527.0,2753
2026-02-25 13:20:00,4530.0,4530.0,4520.5,4524.0,1675
2026-02-25 13:25:00,4525.0,4529.5,4520.0,4527.5,2975
2026-02-25 13:30:00,4525.5,4549.0,4525.5,4542.5,7509
2026-02-25 13:35:00,4543.0,4548.0,4541.5,4541.5,2094
2026-02-25 13:40:00,4543.0,4551.5,4538.5,4541.5,5413
2026-02-25 13:45:00,4540.0,4552.0,4538.5,4547.5,4082
2026-02-25 13:50:00,4547.5,4550.0,4541.0,4546.0,1401
2026-02-25 13:55:00,4545.0,4549.5,4545.0,4547.0,1336
2026-02-25 14:00:00,4547.0,4547.0,4536.5,4541.0,3389
2026-02-25 14:05:00,4541.0,4542.0,4534.0,4534.0,2204
2026-02-25 14:10:00,4534.0,4563.5,4534.0,4553.5,4289
2026-02-25 14:15:00,4553.0,4561.0,4551.0,4560.0,2249
2026-02-25 14:20:00,4559.0,4561.0,4543.5,4545.5,3632
2026-02-25 14:25:00,4545.5,4547.5,4541.0,4545.0,1451
2026-02-25 14:30:00,4545.0,4546.0,4540.0,4543.5,646
2026-02-25 14:35:00,4543.5,4548.0,4543.0,4546.0,1189
2026-02-25 14:40:00,4545.0,4549.0,4543.0,4546.5,2313
2026-02-25 14:45:00,4547.0,4549.0,4541.0,4543.5,1979
2026-02-25 14:50:00,4544.0,4546.5,4541.5,4546.0,1357
2026-02-25 14:55:00,4546.5,4560.5,4546.5,4559.0,4588
2026-02-25 15:00:00,4563.0,4579.5,4558.5,4570.5,8572
2026-02-25 15:05:00,4571.5,4573.0,4560.0,4562.5,5688
2026-02-25 15:10:00,4562.5,4563.0,4552.0,4562.5,6909
2026-02-25 15:15:00,4562.0,4562.0,4551.5,4552.5,8435
2026-02-25 15:20:00,4554.0,4558.5,4547.0,4552.0,8500
2026-02-25 15:25:00,4552.5,4552.5,4547.0,4549.5,7829
2026-02-26 09:15:00,4580.0,4644.5,4575.0,4620.0,17643
2026-02-26 09:20:00,4625.0,4640.0,4600.0,4600.0,8619
2026-02-26 09:25:00,4602.0,4610.5,4595.5,4606.5,5485
2026-02-26 09:30:00,4604.5,4608.0,4598.0,4608.0,3726
2026-02-26 09:35:00,4608.0,4634.0,4607.0,4634.0,6149
2026-02-26 09:40:00,4632.5,4648.5,4626.5,4644.0,10920
2026-02-26 09:45:00,4646.0,4655.0,4640.5,4642.5,9557
2026-02-26 09:50:00,4644.5,4647.5,4611.0,4612.0,5798
2026-02-26 09:55:00,4614.0,4615.5,4602.0,4606.0,3964
2026-02-26 10:00:00,4606.0,4609.5,4596.0,4602.0,2355
2026-02-26 10:05:00,4600.5,4614.0,4595.5,4612.5,2194
2026-02-26 10:10:00,4613.5,4613.5,4603.0,4611.5,3469
2026-02-26 10:15:00,4612.0,4612.0,4593.0,4596.0,3177
2026-02-26 10:20:00,4596.0,4596.0,4572.0,4581.5,13719
2026-02-26 10:25:00,4581.5,4583.0,4568.5,4568.5,4909
2026-02-26 10:30:00,4568.0,4578.0,4563.0,4572.5,4315
2026-02-26 10:35:00,4574.5,4577.5,4560.0,4567.5,2262
2026-02-26 10:40:00,4567.5,4572.0,4565.0,4567.0,2327
2026-02-26 10:45:00,4569.0,4579.5,4565.0,4570.5,2912
2026-02-26 10:50:00,4570.0,4571.5,4545.0,4545.0,4713
2026-02-26 10:55:00,4546.5,4548.0,4533.5,4537.5,7115
2026-02-26 11:00:00,4538.5,4567.0,4538.5,4564.0,10317
2026-02-26 11:05:00,4562.0,4564.0,4547.0,4556.0,7016
2026-02-26 11:10:00,4556.0,4561.5,4550.0,4559.0,2425
2026-02-26 11:15:00,4558.0,4561.0,4552.0,4554.5,2072
2026-02-26 11:20:00,4552.5,4558.5,4549.0,4556.0,1133
2026-02-26 11:25:00,4558.5,4569.5,4556.0,4566.5,3425
2026-02-26 11:30:00,4566.5,4566.5,4551.5,4551.5,2601
2026-02-26 11:35:00,4551.5,4553.5,4545.0,4548.0,2370
2026-02-26 11:40:00,4548.0,4548.0,4523.0,4532.5,6476
2026-02-26 11:45:00,4533.5,4544.0,4533.0,4540.0,1560
2026-02-26 11:50:00,4540.5,4546.5,4535.5,4535.5,1182
2026-02-26 11:55:00,4535.5,4540.0,4535.5,4537.5,712
2026-02-26 12:00:00,4537.5,4543.5,4536.5,4541.5,506
2026-02-26 12:05:00,4542.0,4546.5,4535.0,4535.0,1710
2026-02-26 12:10:00,4535.0,4536.5,4525.0,4526.0,2809
2026-02-26 12:15:00,4526.0,4534.5,4525.0,4527.0,983
2026-02-26 12:20:00,4527.0,4529.5,4519.0,4520.0,1978
2026-02-26 12:25:00,4520.0,4521.0,4511.0,4514.0,3523
2026-02-26 12:30:00,4514.0,4514.0,4501.0,4503.0,5096
2026-02-26 12:35:00,4503.0,4508.0,4500.0,4501.5,2467
2026-02-26 12:40:00,4501.5,4508.5,4501.5,4505.5,987
2026-02-26 12:45:00,4505.5,4514.0,4502.0,4506.5,1954
2026-02-26 12:50:00,4509.0,4521.0,4509.0,4518.5,1820
2026-02-26 12:55:00,4518.5,4518.5,4507.0,4507.0,590
2026-02-26 13:00:00,4509.0,4514.0,4507.5,4514.0,712
2026-02-26 13:05:00,4513.5,4517.0,4508.0,4508.0,988
2026-02-26 13:10:00,4508.0,4510.0,4504.0,4504.5,1097
2026-02-26 13:15:00,4504.0,4505.5,4496.0,4501.0,3233
2026-02-26 13:20:00,4501.0,4508.0,4500.5,4503.5,837
2026-02-26 13:25:00,4503.5,4511.5,4500.5,4510.0,976
2026-02-26 13:30:00,4510.0,4510.0,4500.0,4505.5,2176
2026-02-26 13:35:00,4505.5,4511.0,4504.0,4508.0,1341
2026-02-26 13:40:00,4508.0,4512.0,4507.0,4507.0,877
2026-02-26 13:45:00,4508.0,4514.0,4506.5,4513.0,1714
2026-02-26 13:50:00,4513.0,4520.0,4510.0,4517.0,1368
2026-02-26 13:55:00,4517.0,4520.0,4514.0,4518.0,1534
2026-02-26 14:00:00,4516.5,4518.5,4506.5,4510.0,650
2026-02-26 14:05:00,4507.5,4517.5,4505.5,4516.0,738
2026-02-26 14:10:00,4513.5,4519.5,4513.0,4516.0,715
2026-02-26 14:15:00,4517.5,4519.0,4505.5,4506.0,1049
2026-02-26 14:20:00,4506.0,4508.0,4500.0,4502.0,1552
2026-02-26 14:25:00,4502.0,4509.0,4500.0,4505.0,831
2026-02-26 14:30:00,4505.5,4508.0,4502.0,4506.0,552
2026-02-26 14:35:00,4505.0,4507.0,4500.5,4500.5,1158
2026-02-26 14:40:00,4503.0,4509.5,4500.5,4508.5,1638
2026-02-26 14:45:00,4509.5,4510.5,4503.5,4504.0,1728
2026-02-26 14:50:00,4504.5,4508.5,4501.0,4506.0,2722
2026-02-26 14:55:00,4506.5,4519.0,4505.5,4518.0,3207
2026-02-26 15:00:00,4522.0,4528.0,4512.5,4516.5,5530
2026-02-26 15:05:00,4517.0,4519.0,4506.0,4506.0,7281
2026-02-26 15:10:00,4506.5,4506.5,4486.5,4492.0,9869
2026-02-26 15:15:00,4494.5,4505.5,4494.5,4498.5,7215
2026-02-26 15:20:00,4499.5,4503.0,4493.5,4497.5,7577
2026-02-26 15:25:00,4497.5,4510.0,4492.5,4510.0,8165
2026-02-27 09:15:00,4590.0,4649.0,4590.0,4603.5,35232
2026-02-27 09:20:00,4603.5,4623.5,4601.5,4613.0,11971
2026-02-27 09:25:00,4611.0,4611.5,4573.5,4575.0,11697
2026-02-27 09:30:00,4575.0,4578.5,4560.0,4563.0,5883
2026-02-27 09:35:00,4563.0,4568.0,4550.0,4560.5,7505
2026-02-27 09:40:00,4561.0,4565.0,4554.0,4554.5,2609
2026-02-27 09:45:00,4554.5,4559.5,4550.0,4552.5,3382
2026-02-27 09:50:00,4552.5,4552.5,4532.5,4535.5,4290
2026-02-27 09:55:00,4535.5,4535.5,4521.0,4525.5,2340
2026-02-27 10:00:00,4525.5,4530.0,4518.5,4528.0,3203
2026-02-27 10:05:00,4528.0,4528.0,4510.0,4518.5,3340
2026-02-27 10:10:00,4518.5,4540.5,4518.0,4536.0,4336
2026-02-27 10:15:00,4536.0,4545.0,4533.0,4542.0,2831
2026-02-27 10:20:00,4542.0,4545.0,4531.0,4544.5,2350
2026-02-27 10:25:00,4544.0,4546.0,4533.5,4536.5,1820
2026-02-27 10:30:00,4535.0,4546.5,4535.0,4546.5,658
2026-02-27 10:35:00,4546.5,4546.5,4537.5,4541.0,1933
2026-02-27 10:40:00,4541.0,4544.0,4527.0,4527.0,1285
2026-02-27 10:45:00,4528.0,4534.0,4525.5,4527.5,1022
2026-02-27 10:50:00,4527.5,4532.0,4517.5,4519.0,1643
2026-02-27 10:55:00,4519.0,4519.0,4506.5,4513.0,2092
2026-02-27 11:00:00,4513.0,4520.0,4506.0,4511.0,2448
2026-02-27 11:05:00,4511.0,4516.0,4506.5,4515.0,792
2026-02-27 11:10:00,4515.0,4530.5,4515.0,4528.0,2145
2026-02-27 11:15:00,4528.0,4528.0,4520.0,4523.0,953
2026-02-27 11:20:00,4523.0,4531.0,4522.5,4523.0,907
2026-02-27 11:25:00,4523.5,4525.0,4519.5,4523.0,1194
2026-02-27 11:30:00,4524.0,4524.0,4515.5,4515.5,647
2026-02-27 11:35:00,4515.5,4524.0,4515.0,4519.0,1612
2026-02-27 11:40:00,4519.0,4519.0,4515.0,4519.0,362
2026-02-27 11:45:00,4519.0,4520.0,4516.0,4518.0,152
2026-02-27 11:50:00,4518.0,4520.0,4508.0,4509.0,1232
2026-02-27 11:55:00,4508.5,4509.0,4482.5,4496.0,5685
2026-02-27 12:00:00,4496.0,4497.5,4485.5,4487.5,3165
2026-02-27 12:05:00,4487.5,4491.5,4487.5,4489.0,689
2026-02-27 12:10:00,4489.0,4499.0,4489.0,4499.0,854
2026-02-27 12:15:00,4499.0,4499.0,4495.0,4498.0,526
2026-02-27 12:20:00,4498.0,4499.5,4491.5,4495.5,575
2026-02-27 12:25:00,4495.5,4501.0,4494.0,4501.0,838
2026-02-27 12:30:00,4501.0,4502.0,4500.0,4501.5,848
2026-02-27 12:35:00,4501.5,4522.5,4499.0,4515.0,5460
2026-02-27 12:40:00,4515.0,4515.0,4508.5,4513.5,926
2026-02-27 12:45:00,4513.5,4516.0,4509.0,4509.0,1050
2026-02-27 12:50:00,4506.5,4513.0,4500.0,4500.0,1284
2026-02-27 12:55:00,4500.0,4507.0,4496.5,4507.0,1638
2026-02-27 13:00:00,4507.0,4517.0,4507.0,4517.0,1133
2026-02-27 13:05:00,4517.0,4525.0,4515.0,4521.5,2417
2026-02-27 13:10:00,4521.5,4522.0,4509.5,4511.5,1109
2026-02-27 13:15:00,4511.5,4514.0,4508.0,4510.0,1056
2026-02-27 13:20:00,4510.0,4510.0,4504.0,4505.0,1066
2026-02-27 13:25:00,4505.0,4516.5,4503.5,4516.5,1591
2026-02-27 13:30:00,4516.5,4517.5,4511.5,4514.5,726
2026-02-27 13:35:00,4514.5,4518.0,4512.0,4514.0,804
2026-02-27 13:40:00,4514.0,4514.0,4494.0,4494.0,3183
2026-02-27 13:45:00,4494.0,4502.0,4492.5,4499.5,4819
2026-02-27 13:50:00,4499.5,4507.5,4495.0,4503.0,3256
2026-02-27 13:55:00,4500.0,4506.0,4495.0,4506.0,2774
2026-02-27 14:00:00,4505.5,4506.0,4503.5,4504.5,1233
2026-02-27 14:05:00,4504.5,4504.5,4492.0,4494.5,1995
2026-02-27 14:10:00,4494.5,4495.5,4490.5,4493.0,1085
2026-02-27 14:15:00,4493.0,4493.0,4483.5,4492.0,3042
2026-02-27 14:20:00,4491.0,4492.0,4484.5,4487.0,2066
2026-02-27 14:25:00,4487.0,4487.5,4482.0,4484.0,1272
2026-02-27 14:30:00,4484.0,4487.0,4482.5,4485.0,2805
2026-02-27 14:35:00,4485.0,4493.5,4484.5,4493.5,2189
2026-02-27 14:40:00,4493.5,4497.0,4491.0,4496.5,1993
2026-02-27 14:45:00,4494.5,4497.0,4491.5,4491.5,1203
2026-02-27 14:50:00,4493.0,4493.0,4488.0,4489.5,1158
2026-02-27 14:55:00,4489.5,4495.5,4488.0,4491.5,1939
2026-02-27 15:00:00,4489.5,4494.0,4465.0,4475.5,45749
2026-02-27 15:05:00,4478.5,4478.5,4462.5,4472.0,45647
2026-02-27 15:10:00,4472.0,4482.5,4454.0,4462.0,44633
2026-02-27 15:15:00,4461.5,4468.5,4452.0,4458.0,46125
2026-02-27 15:20:00,4455.0,4457.5,4435.0,4456.0,54486
2026-02-27 15:25:00,4455.5,4478.0,4451.0,4451.0,31055
2026-03-02 09:15:00,4393.9,4404.9,4379.4,4393.5,8241
2026-03-02 09:20:00,4393.5,4417.0,4390.9,4406.4,5290
2026-03-02 09:25:00,4408.8,4412.3,4399.5,4411.0,4868
2026-03-02 09:30:00,4408.7,4437.7,4408.3,4435.4,6076
2026-03-02 09:35:00,4435.5,4450.0,4428.6,4445.4,9637
2026-03-02 09:40:00,4445.2,4448.7,4434.3,4445.4,7557
2026-03-02 09:45:00,4444.4,4469.7,4437.8,4463.8,8130
2026-03-02 09:50:00,4463.8,4473.3,4461.5,4465.8,2275
2026-03-02 09:55:00,4463.3,4474.1,4458.0,4474.1,1624
2026-03-02 10:00:00,4474.1,4477.0,4455.1,4456.5,2952
2026-03-02 10:05:00,4455.1,4458.9,4447.6,4450.2,2250
2026-03-02 10:10:00,4452.0,4455.0,4445.0,4455.0,1349
2026-03-02 10:15:00,4453.7,4461.8,4448.0,4456.7,1188
2026-03-02 10:20:00,4456.7,4456.7,4447.3,4456.2,1025
2026-03-02 10:25:00,4456.2,4456.2,4444.3,4447.9,890
2026-03-02 10:30:00,4447.9,4454.5,4438.1,4454.5,1873
2026-03-02 10:35:00,4454.5,4454.5,4438.9,4444.0,742
2026-03-02 10:40:00,4443.5,4447.0,4437.1,4437.1,1084
2026-03-02 10:45:00,4437.1,4445.8,4437.1,4440.3,837
2026-03-02 10:50:00,4440.3,4442.0,4419.7,4419.7,1481
2026-03-02 10:55:00,4422.8,4433.7,4422.0,4433.3,2088
2026-03-02 11:00:00,4433.3,4433.7,4418.1,4421.6,1942
2026-03-02 11:05:00,4421.6,4422.5,4411.0,4416.1,980
2026-03-02 11:10:00,4416.0,4418.9,4410.0,4418.5,3224
2026-03-02 11:15:00,4418.0,4418.4,4403.7,4409.0,2299
2026-03-02 11:20:00,4411.8,4412.4,4404.1,4406.2,1735
2026-03-02 11:25:00,4406.2,4406.3,4394.2,4397.7,2409
2026-03-02 11:30:00,4398.9,4399.9,4393.5,4397.9,954
2026-03-02 11:35:00,4397.9,4397.9,4385.9,4393.7,2510
2026-03-02 11:40:00,4393.7,4401.2,4393.7,4397.4,938
2026-03-02 11:45:00,4399.9,4403.4,4395.7,4396.0,753
2026-03-02 11:50:00,4396.0,4396.0,4385.9,4388.0,698
2026-03-02 11:55:00,4388.0,4392.1,4375.0,4375.2,2312
2026-03-02 12:00:00,4378.2,4378.2,4363.1,4363.4,3123
2026-03-02 12:05:00,4363.0,4378.2,4360.3,4371.1,2655
2026-03-02 12:10:00,4372.9,4377.8,4369.2,4373.7,892
2026-03-02 12:15:00,4373.3,4376.4,4371.1,4372.2,1131
2026-03-02 12:20:00,4372.2,4377.6,4369.5,4376.9,856
2026-03-02 12:25:00,4374.6,4376.9,4368.5,4370.9,1160
2026-03-02 12:30:00,4370.0,4370.6,4356.5,4368.0,2043
2026-03-02 12:35:00,4368.0,4368.0,4360.0,4360.5,556
2026-03-02 12:40:00,4363.0,4366.4,4358.0,4363.5,1467
2026-03-02 12:45:00,4365.9,4367.0,4361.2,4366.6,835
2026-03-02 12:50:00,4366.6,4373.0,4364.8,4372.7,1368
2026-03-02 12:55:00,4371.3,4372.2,4366.0,4367.0,1121
2026-03-02 13:00:00,4366.9,4370.6,4364.4,4368.2,839
2026-03-02 13:05:00,4370.6,4370.6,4362.7,4367.0,842
2026-03-02 13:10:00,4367.0,4379.0,4367.0,4373.6,616
2026-03-02 13:15:00,4376.6,4377.8,4373.7,4375.7,591
2026-03-02 13:20:00,4377.4,4378.4,4375.4,4376.7,969
2026-03-02 13:25:00,4377.0,4380.0,4371.3,4372.0,825
2026-03-02 13:30:00,4372.8,4374.3,4365.0,4371.3,1130
2026-03-02 13:35:00,4371.5,4376.4,4370.0,4374.4,732
2026-03-02 13:40:00,4374.4,4376.9,4368.1,4372.3,939
2026-03-02 13:45:00,4372.3,4375.0,4366.9,4368.4,1102
2026-03-02 13:50:00,4369.6,4375.0,4366.3,4369.3,1748
2026-03-02 13:55:00,4369.8,4370.0,4362.2,4368.6,1036
2026-03-02 14:00:00,4368.6,4375.2,4361.6,4371.2,3111
2026-03-02 14:05:00,4374.0,4395.1,4369.8,4389.8,2019
2026-03-02 14:10:00,4392.9,4418.2,4390.7,4416.2,5669
2026-03-02 14:15:00,4418.4,4427.3,4408.5,4412.0,2917
2026-03-02 14:20:00,4410.0,4412.0,4405.8,4409.6,557
2026-03-02 14:25:00,4409.6,4409.6,4396.5,4397.0,1677
2026-03-02 14:30:00,4400.0,4405.1,4390.0,4405.1,1749
2026-03-02 14:35:00,4405.1,4419.8,4404.3,4415.7,1151
2026-03-02 14:40:00,4415.7,4418.4,4410.6,4412.9,1253
2026-03-02 14:45:00,4414.8,4415.0,4401.5,4405.7,1597
2026-03-02 14:50:00,4408.3,4408.3,4395.1,4402.9,950
2026-03-02 14:55:00,4402.9,4404.9,4395.0,4399.7,1875
2026-03-02 15:00:00,4402.4,4402.4,4386.7,4395.7,3744
2026-03-02 15:05:00,4393.7,4401.0,4389.6,4398.8,3181
2026-03-02 15:10:00,4397.4,4406.4,4395.0,4398.8,4341
2026-03-02 15:15:00,4402.3,4413.4,4402.3,4410.4,3897
2026-03-02 15:20:00,4411.7,4414.3,4404.3,4412.7,4660
2026-03-02 15:25:00,4412.7,4416.0,4400.5,4411.4,5385
2026-03-04 09:15:00,4330.1,4420.5,4330.1,4403.2,11525
2026-03-04 09:20:00,4403.2,4430.2,4398.0,4404.7,5953
2026-03-04 09:25:00,4404.7,4418.7,4398.9,4416.9,3510
2026-03-04 09:30:00,4416.9,4416.9,4407.0,4407.0,4149
2026-03-04 09:35:00,4407.0,4415.9,4397.7,4415.9,2984
2026-03-04 09:40:00,4415.9,4423.4,4408.3,4423.4,5017
2026-03-04 09:45:00,4423.9,4434.0,4421.2,4430.0,3530
2026-03-04 09:50:00,4427.8,4427.8,4408.0,4411.7,2454
2026-03-04 09:55:00,4411.2,4414.0,4401.9,4406.3,2601
2026-03-04 10:00:00,4403.9,4410.0,4397.2,4400.3,3102
2026-03-04 10:05:00,4400.0,4405.2,4390.0,4404.6,2334
2026-03-04 10:10:00,4404.6,4416.6,4400.0,4416.2,2796
2026-03-04 10:15:00,4416.8,4417.8,4396.9,4398.9,2598
2026-03-04 10:20:00,4400.0,4412.0,4398.0,4406.1,1424
2026-03-04 10:25:00,4406.1,4406.8,4395.5,4398.2,3306
2026-03-04 10:30:00,4398.2,4398.2,4388.0,4391.1,3573
2026-03-04 10:35:00,4388.9,4391.9,4385.3,4386.0,1574
2026-03-04 10:40:00,4386.0,4386.0,4376.0,4378.3,2035
2026-03-04 10:45:00,4380.0,4389.0,4379.9,4387.9,1086
2026-03-04 10:50:00,4387.9,4389.0,4381.3,4389.0,2187
2026-03-04 10:55:00,4389.0,4389.0,4378.7,4384.8,1158
2026-03-04 11:00:00,4385.7,4396.8,4384.7,4388.0,3260
2026-03-04 11:05:00,4389.6,4395.6,4385.0,4394.0,1114
2026-03-04 11:10:00,4394.0,4401.7,4392.2,4392.9,2849
2026-03-04 11:15:00,4391.3,4394.4,4380.0,4380.0,2307
2026-03-04 11:20:00,4380.0,4381.6,4376.1,4379.6,1485
2026-03-04 11:25:00,4379.8,4379.8,4369.0,4369.0,1720
2026-03-04 11:30:00,4369.0,4371.4,4365.8,4365.8,2029
2026-03-04 11:35:00,4363.8,4370.4,4363.7,4366.7,1222
2026-03-04 11:40:00,4366.7,4368.1,4360.5,4360.5,970
2026-03-04 11:45:00,4361.0,4367.7,4359.0,4363.4,872
2026-03-04 11:50:00,4363.4,4375.4,4363.4,4365.9,1466
2026-03-04 11:55:00,4364.6,4364.9,4351.1,4351.3,2456
2026-03-04 12:00:00,4352.7,4363.1,4352.7,4360.4,1158
2026-03-04 12:05:00,4360.3,4361.0,4352.2,4352.2,751
2026-03-04 12:10:00,4352.2,4354.3,4350.4,4352.5,616
2026-03-04 12:15:00,4350.9,4350.9,4345.7,4345.8,1305
2026-03-04 12:20:00,4345.0,4351.0,4345.0,4347.6,587
2026-03-04 12:25:00,4347.0,4349.3,4341.8,4344.7,2623
2026-03-04 12:30:00,4348.5,4348.5,4338.0,4338.1,1184
2026-03-04 12:35:00,4337.9,4344.7,4337.9,4341.0,777
2026-03-04 12:40:00,4341.5,4349.5,4336.0,4349.5,905
2026-03-04 12:45:00,4347.3,4356.7,4345.1,4351.1,965
2026-03-04 12:50:00,4352.0,4353.5,4348.3,4349.8,762
2026-03-04 12:55:00,4349.8,4357.9,4348.7,4356.8,759
2026-03-04 13:00:00,4355.0,4358.0,4354.1,4357.7,683
2026-03-04 13:05:00,4355.9,4357.3,4349.6,4356.0,1358
2026-03-04 13:10:00,4355.2,4364.1,4355.0,4364.1,531
2026-03-04 13:15:00,4364.0,4365.6,4357.1,4358.4,1633
2026-03-04 13:20:00,4359.9,4360.0,4351.8,4358.5,1581
2026-03-04 13:25:00,4358.9,4368.6,4355.6,4358.4,1741
2026-03-04 13:30:00,4357.7,4361.8,4356.8,4357.2,610
2026-03-04 13:35:00,4356.4,4356.4,4345.0,4353.4,2040
2026-03-04 13:40:00,4352.2,4357.4,4350.0,4353.7,675
2026-03-04 13:45:00,4355.4,4356.0,4344.0,4348.0,1600
2026-03-04 13:50:00,4348.3,4351.4,4346.4,4350.3,1326
2026-03-04 13:55:00,4348.5,4353.5,4347.2,4351.5,400
2026-03-04 14:00:00,4351.8,4359.8,4351.8,4357.1,743
2026-03-04 14:05:00,4357.1,4363.3,4353.6,4362.7,767
2026-03-04 14:10:00,4362.7,4379.8,4360.7,4379.0,2440
2026-03-04 14:15:00,4376.8,4388.0,4373.0,4387.1,1666
2026-03-04 14:20:00,4387.1,4387.9,4375.1,4377.1,1216
2026-03-04 14:25:00,4375.1,4377.0,4366.0,4370.9,950
2026-03-04 14:30:00,4369.7,4379.7,4367.3,4378.0,549
2026-03-04 14:35:00,4378.0,4378.1,4363.9,4369.9,2017
2026-03-04 14:40:00,4370.3,4377.8,4369.5,4375.0,724
2026-03-04 14:45:00,4375.0,4376.5,4358.8,4366.4,1812
2026-03-04 14:50:00,4366.2,4376.0,4364.2,4373.5,1739
2026-03-04 14:55:00,4373.5,4373.8,4361.6,4364.2,1928
2026-03-04 15:00:00,4364.2,4370.7,4362.9,4366.3,6508
2026-03-04 15:05:00,4366.0,4367.2,4357.7,4357.7,5226
2026-03-04 15:10:00,4359.1,4360.3,4349.5,4349.5,6695
2026-03-04 15:15:00,4351.5,4359.7,4349.2,4357.6,7034
2026-03-04 15:20:00,4357.6,4357.6,4340.0,4347.4,10694
2026-03-04 15:25:00,4347.4,4351.8,4325.3,4340.3,21651
2026-03-05 09:15:00,4385.0,4412.0,4362.1,4364.0,9771
2026-03-05 09:20:00,4361.0,4361.5,4338.0,4340.0,5719
2026-03-05 09:25:00,4337.8,4341.1,4330.0,4336.4,3986
2026-03-05 09:30:00,4333.3,4339.9,4330.0,4331.0,2440
2026-03-05 09:35:00,4331.6,4334.6,4326.0,4327.7,4275
2026-03-05 09:40:00,4327.7,4328.8,4311.6,4319.6,5338
2026-03-05 09:45:00,4317.3,4324.0,4316.2,4319.0,2195
2026-03-05 09:50:00,4319.0,4323.8,4318.7,4323.0,738
2026-03-05 09:55:00,4323.0,4323.0,4307.9,4310.0,1700
2026-03-05 10:00:00,4310.0,4310.0,4296.6,4298.8,3546
2026-03-05 10:05:00,4298.7,4299.0,4290.9,4297.3,4388
2026-03-05 10:10:00,4297.4,4297.7,4289.0,4290.1,2381
2026-03-05 10:15:00,4290.1,4299.7,4288.0,4295.2,1361
2026-03-05 10:20:00,4295.2,4295.3,4282.5,4287.9,1498
2026-03-05 10:25:00,4287.1,4291.4,4282.6,4290.4,1559
2026-03-05 10:30:00,4290.9,4295.0,4282.2,4284.0,1774
2026-03-05 10:35:00,4282.2,4292.5,4282.2,4292.5,918
2026-03-05 10:40:00,4293.0,4293.9,4287.9,4288.8,2074
2026-03-05 10:45:00,4288.8,4294.9,4286.8,4288.6,1468
2026-03-05 10:50:00,4286.0,4288.9,4266.1,4267.0,4400
2026-03-05 10:55:00,4269.3,4274.2,4264.0,4268.0,1528
2026-03-05 11:00:00,4270.4,4271.0,4266.0,4266.1,1725
2026-03-05 11:05:00,4267.8,4274.0,4265.2,4273.7,1343
2026-03-05 11:10:00,4273.7,4274.4,4269.5,4272.8,1852
2026-03-05 11:15:00,4272.3,4278.9,4270.2,4277.3,986
2026-03-05 11:20:00,4277.3,4277.5,4266.5,4266.5,2711
2026-03-05 11:25:00,4266.5,4286.0,4266.5,4278.3,3757
2026-03-05 11:30:00,4280.6,4284.8,4266.0,4268.3,2266
2026-03-05 11:35:00,4267.6,4278.5,4265.1,4277.3,1276
2026-03-05 11:40:00,4278.5,4280.4,4272.2,4280.4,2222
2026-03-05 11:45:00,4280.7,4283.9,4277.3,4280.0,2345
2026-03-05 11:50:00,4276.2,4278.6,4270.0,4278.0,2149
2026-03-05 11:55:00,4278.7,4283.4,4276.7,4280.2,1745
2026-03-05 12:00:00,4280.2,4290.2,4280.2,4290.2,1788
2026-03-05 12:05:00,4290.2,4291.9,4285.0,4290.8,2072
2026-03-05 12:10:00,4288.4,4297.1,4287.4,4288.0,1836
2026-03-05 12:15:00,4287.5,4287.5,4275.5,4275.8,1556
2026-03-05 12:20:00,4275.0,4280.2,4270.2,4272.5,1079
2026-03-05 12:25:00,4272.5,4284.0,4270.0,4283.7,925
2026-03-05 12:30:00,4283.7,4284.5,4272.9,4274.8,1068
2026-03-05 12:35:00,4270.9,4274.8,4265.8,4273.7,1782
2026-03-05 12:40:00,4271.9,4279.5,4268.0,4276.3,1854
2026-03-05 12:45:00,4276.3,4278.7,4272.3,4278.5,1147
2026-03-05 12:50:00,4278.5,4284.0,4276.3,4282.2,1173
2026-03-05 12:55:00,4284.0,4287.6,4282.1,4286.1,1012
2026-03-05 13:00:00,4286.1,4292.5,4275.0,4276.1,1755
2026-03-05 13:05:00,4275.0,4280.4,4274.7,4280.0,1061
2026-03-05 13:10:00,4279.0,4281.0,4274.3,4278.1,879
2026-03-05 13:15:00,4278.5,4278.5,4270.4,4271.9,1265
2026-03-05 13:20:00,4271.9,4276.5,4270.4,4274.4,994
2026-03-05 13:25:00,4274.5,4280.0,4273.1,4278.2,1342
2026-03-05 13:30:00,4279.7,4286.0,4276.8,4281.9,1382
2026-03-05 13:35:00,4281.6,4281.9,4273.2,4274.6,1583
2026-03-05 13:40:00,4276.7,4279.2,4272.1,4278.8,1894
2026-03-05 13:45:00,4278.3,4281.3,4275.0,4276.1,1274
2026-03-05 13:50:00,4276.6,4277.3,4267.3,4268.8,2063
2026-03-05 13:55:00,4268.8,4270.3,4262.1,4262.8,2379
2026-03-05 14:00:00,4262.5,4264.8,4260.0,4264.8,1415
2026-03-05 14:05:00,4264.8,4279.6,4262.6,4272.4,2700
2026-03-05 14:10:00,4272.0,4273.5,4268.2,4270.9,827
2026-03-05 14:15:00,4270.9,4277.1,4270.0,4270.1,1071
2026-03-05 14:20:00,4270.0,4275.7,4266.0,4275.7,1027
2026-03-05 14:25:00,4275.7,4279.5,4268.1,4278.2,2545
2026-03-05 14:30:00,4278.2,4284.3,4276.1,4278.2,1675
2026-03-05 14:35:00,4278.2,4293.0,4273.6,4290.7,3199
2026-03-05 14:40:00,4292.7,4306.8,4290.9,4305.5,7620
2026-03-05 14:45:00,4305.5,4310.2,4300.2,4308.0,4792
2026-03-05 14:50:00,4308.0,4320.0,4308.0,4317.5,4283
2026-03-05 14:55:00,4317.5,4318.0,4306.0,4310.6,4817
2026-03-05 15:00:00,4311.7,4316.0,4305.1,4310.4,4034
2026-03-05 15:05:00,4310.0,4316.0,4308.2,4310.2,3845
2026-03-05 15:10:00,4310.2,4313.0,4300.0,4301.0,5169
2026-03-05 15:15:00,4300.7,4316.0,4295.6,4302.5,8976
2026-03-05 15:20:00,4304.7,4308.7,4301.5,4305.6,6210
2026-03-05 15:25:00,4305.6,4310.0,4297.1,4309.0,6630
2026-03-06 09:15:00,4270.0,4348.7,4262.0,4348.7,7836
2026-03-06 09:20:00,4348.0,4370.0,4343.5,4362.3,4119
2026-03-06 09:25:00,4362.3,4378.9,4360.2,4376.0,3161
2026-03-06 09:30:00,4384.0,4388.3,4362.1,4362.1,4527
2026-03-06 09:35:00,4364.9,4367.6,4352.0,4354.5,3951
2026-03-06 09:40:00,4353.9,4363.8,4349.8,4355.4,2742
2026-03-06 09:45:00,4355.4,4356.0,4345.0,4348.3,2829
2026-03-06 09:50:00,4348.3,4354.1,4344.2,4347.6,1072
2026-03-06 09:55:00,4347.6,4347.6,4337.0,4341.9,2366
2026-03-06 10:00:00,4342.8,4346.2,4327.1,4328.0,2517
2026-03-06 10:05:00,4328.0,4339.0,4328.0,4335.4,1434
2026-03-06 10:10:00,4335.4,4337.3,4328.4,4333.7,722
2026-03-06 10:15:00,4333.8,4342.4,4331.4,4341.6,815
2026-03-06 10:20:00,4341.6,4343.9,4335.0,4341.3,1575
2026-03-06 10:25:00,4341.3,4342.5,4334.0,4337.7,1317
2026-03-06 10:30:00,4337.7,4340.9,4333.4,4333.4,1369
2026-03-06 10:35:00,4333.4,4340.0,4330.0,4335.6,1645
2026-03-06 10:40:00,4335.6,4337.0,4327.3,4327.3,1985
2026-03-06 10:45:00,4329.2,4336.9,4327.2,4335.4,2456
2026-03-06 10:50:00,4335.4,4352.8,4334.4,4345.0,5277
2026-03-06 10:55:00,4345.0,4354.2,4343.7,4347.9,6316
2026-03-06 11:00:00,4349.6,4356.0,4345.0,4346.7,4375
2026-03-06 11:05:00,4346.7,4352.7,4343.0,4345.0,4713
2026-03-06 11:10:00,4345.0,4345.9,4322.1,4322.3,4633
2026-03-06 11:15:00,4323.7,4330.5,4320.7,4329.0,3092
2026-03-06 11:20:00,4330.5,4337.9,4328.0,4328.9,1727
2026-03-06 11:25:00,4328.9,4340.6,4328.5,4338.9,2493
2026-03-06 11:30:00,4341.0,4342.1,4336.5,4340.9,1429
2026-03-06 11:35:00,4341.7,4345.0,4338.2,4343.1,1622
2026-03-06 11:40:00,4345.0,4345.2,4333.0,4334.8,1741
2026-03-06 11:45:00,4335.2,4341.8,4335.0,4340.8,1629
2026-03-06 11:50:00,4340.8,4340.8,4327.3,4333.6,4087
2026-03-06 11:55:00,4332.7,4339.1,4331.5,4337.3,1113
2026-03-06 12:00:00,4338.2,4340.0,4331.9,4339.2,2236
2026-03-06 12:05:00,4339.4,4340.0,4333.0,4338.7,1214
2026-03-06 12:10:00,4339.5,4341.6,4331.6,4333.5,1543
2026-03-06 12:15:00,4333.5,4335.0,4329.9,4333.1,2622
2026-03-06 12:20:00,4332.2,4332.2,4319.0,4323.7,2234
2026-03-06 12:25:00,4323.2,4323.2,4301.0,4303.5,4503
2026-03-06 12:30:00,4303.5,4317.5,4302.0,4315.4,2512
2026-03-06 12:35:00,4315.4,4317.2,4308.4,4308.4,1702
2026-03-06 12:40:00,4309.6,4310.2,4302.0,4305.1,1581
2026-03-06 12:45:00,4305.2,4305.2,4296.8,4301.8,2358
2026-03-06 12:50:00,4304.1,4305.4,4297.5,4299.6,2395
2026-03-06 12:55:00,4299.6,4303.8,4298.1,4302.6,2149
2026-03-06 13:00:00,4302.9,4303.1,4292.6,4294.9,3462
2026-03-06 13:05:00,4294.9,4299.0,4293.2,4296.2,1771
2026-03-06 13:10:00,4296.8,4298.0,4294.2,4298.0,1353
2026-03-06 13:15:00,4298.0,4304.5,4295.0,4303.9,2228
2026-03-06 13:20:00,4303.9,4316.4,4301.0,4308.4,4504
2026-03-06 13:25:00,4308.4,4315.0,4308.0,4310.7,1916
2026-03-06 13:30:00,4310.5,4310.5,4295.5,4298.9,2118
2026-03-06 13:35:00,4298.9,4311.0,4297.4,4302.3,1391
2026-03-06 13:40:00,4301.7,4303.1,4298.0,4302.9,964
2026-03-06 13:45:00,4302.9,4302.9,4298.0,4301.7,917
2026-03-06 13:50:00,4301.7,4310.0,4296.2,4298.5,1721
2026-03-06 13:55:00,4298.5,4299.2,4297.0,4298.0,1012
2026-03-06 14:00:00,4297.7,4306.0,4297.5,4304.8,1721
2026-03-06 14:05:00,4303.1,4305.1,4297.3,4301.3,1385
2026-03-06 14:10:00,4301.3,4306.1,4300.1,4303.6,1694
2026-03-06 14:15:00,4303.6,4304.5,4301.2,4303.4,3542
2026-03-06 14:20:00,4302.9,4303.9,4301.9,4303.0,2366
2026-03-06 14:25:00,4302.0,4303.4,4295.6,4298.3,2597
2026-03-06 14:30:00,4298.0,4303.5,4298.0,4301.7,1843
2026-03-06 14:35:00,4300.0,4306.0,4300.0,4306.0,2835
2026-03-06 14:40:00,4305.5,4306.0,4298.9,4300.8,1922
2026-03-06 14:45:00,4299.6,4304.4,4290.1,4295.7,4522
2026-03-06 14:50:00,4295.7,4298.0,4294.3,4298.0,5264
2026-03-06 14:55:00,4297.9,4298.0,4292.9,4296.1,3329
2026-03-06 15:00:00,4295.6,4297.5,4280.6,4282.2,4365
2026-03-06 15:05:00,4282.3,4285.3,4279.4,4285.3,4113
2026-03-06 15:10:00,4284.9,4291.6,4282.3,4291.0,5041
2026-03-06 15:15:00,4292.3,4292.3,4282.8,4287.3,7917
2026-03-06 15:20:00,4287.5,4294.5,4287.5,4291.5,7919
2026-03-06 15:25:00,4293.0,4300.3,4287.6,4298.0,22364
2026-03-09 09:15:00,4250.0,4250.0,4195.5,4211.0,16169
2026-03-09 09:20:00,4210.5,4221.0,4206.3,4219.4,5004
2026-03-09 09:25:00,4221.0,4237.7,4221.0,4234.3,3268
2026-03-09 09:30:00,4235.0,4266.6,4235.0,4263.9,6354
2026-03-09 09:35:00,4266.6,4266.6,4254.1,4254.1,3142
2026-03-09 09:40:00,4255.9,4255.9,4236.1,4238.9,4555
2026-03-09 09:45:00,4238.9,4247.6,4236.1,4246.6,2687
2026-03-09 09:50:00,4249.9,4260.8,4246.8,4260.8,3453
2026-03-09 09:55:00,4258.9,4261.8,4254.6,4261.0,1412
2026-03-09 10:00:00,4261.0,4263.3,4248.0,4248.6,3775
2026-03-09 10:05:00,4248.5,4257.7,4248.5,4250.4,2366
2026-03-09 10:10:00,4254.7,4270.0,4250.4,4270.0,3210
2026-03-09 10:15:00,4268.1,4269.3,4256.5,4256.5,2156
2026-03-09 10:20:00,4256.5,4282.9,4256.5,4280.7,10537
2026-03-09 10:25:00,4280.7,4282.8,4268.6,4268.6,4524
2026-03-09 10:30:00,4269.1,4271.6,4260.8,4266.0,2047
2026-03-09 10:35:00,4265.1,4271.5,4261.6,4263.2,1438
2026-03-09 10:40:00,4265.0,4271.8,4263.8,4266.4,1119
2026-03-09 10:45:00,4266.4,4271.6,4263.8,4265.0,677
2026-03-09 10:50:00,4265.0,4294.9,4265.0,4291.8,3002
2026-03-09 10:55:00,4293.5,4328.0,4293.5,4315.8,9640
2026-03-09 11:00:00,4318.6,4318.6,4300.0,4308.1,4012
2026-03-09 11:05:00,4309.0,4316.3,4304.5,4309.4,2644
2026-03-09 11:10:00,4309.4,4326.0,4300.0,4323.5,5127
2026-03-09 11:15:00,4321.2,4326.0,4314.0,4318.6,2152
2026-03-09 11:20:00,4320.1,4330.2,4318.1,4328.1,2640
2026-03-09 11:25:00,4328.1,4347.9,4321.3,4342.0,7657
2026-03-09 11:30:00,4343.8,4345.0,4336.5,4344.3,3976
2026-03-09 11:35:00,4344.3,4355.0,4343.3,4353.2,8408
2026-03-09 11:40:00,4354.8,4356.0,4331.8,4334.0,7071
2026-03-09 11:45:00,4336.8,4336.8,4324.0,4331.6,4670
2026-03-09 11:50:00,4330.4,4334.9,4313.7,4317.1,4578
2026-03-09 11:55:00,4317.1,4327.0,4311.0,4321.4,6255
2026-03-09 12:00:00,4320.0,4323.3,4311.9,4314.7,2289
2026-03-09 12:05:00,4314.7,4317.0,4310.9,4311.0,4282
2026-03-09 12:10:00,4311.0,4325.8,4311.0,4325.8,3312
2026-03-09 12:15:00,4326.0,4328.0,4323.1,4323.2,1334
2026-03-09 12:20:00,4323.1,4326.0,4318.3,4326.0,1401
2026-03-09 12:25:00,4326.0,4332.5,4321.6,4324.0,2805
2026-03-09 12:30:00,4324.0,4327.7,4316.2,4316.7,1962
2026-03-09 12:35:00,4319.1,4324.0,4315.4,4323.9,676
2026-03-09 12:40:00,4323.9,4326.4,4323.2,4324.2,825
2026-03-09 12:45:00,4323.8,4327.0,4303.0,4303.8,9868
2026-03-09 12:50:00,4303.0,4310.0,4301.5,4309.2,1415
2026-03-09 12:55:00,4309.2,4312.4,4303.9,4305.1,1093
2026-03-09 13:00:00,4307.4,4307.4,4302.0,4305.7,1436
2026-03-09 13:05:00,4305.7,4306.0,4302.1,4303.2,668
2026-03-09 13:10:00,4302.1,4305.0,4290.1,4291.4,1993
2026-03-09 13:15:00,4290.0,4296.7,4290.0,4291.9,1122
2026-03-09 13:20:00,4292.0,4298.5,4285.0,4285.0,3922
2026-03-09 13:25:00,4285.0,4294.5,4280.9,4289.2,1744
2026-03-09 13:30:00,4288.3,4298.5,4288.3,4297.0,1646
2026-03-09 13:35:00,4296.1,4305.8,4292.2,4305.5,814
2026-03-09 13:40:00,4303.1,4313.9,4303.1,4311.0,2565
2026-03-09 13:45:00,4312.1,4312.2,4300.6,4305.8,921
2026-03-09 13:50:00,4307.5,4308.9,4298.1,4301.5,994
2026-03-09 13:55:00,4302.3,4305.5,4298.6,4299.2,793
2026-03-09 14:00:00,4299.3,4308.1,4299.3,4305.5,540
2026-03-09 14:05:00,4305.5,4306.9,4298.2,4300.0,950
2026-03-09 14:10:00,4300.0,4304.2,4292.1,4294.6,2170
2026-03-09 14:15:00,4294.6,4294.6,4284.0,4284.5,1260
2026-03-09 14:20:00,4285.0,4295.0,4285.0,4293.4,1834
2026-03-09 14:25:00,4293.4,4300.2,4293.3,4298.0,1231
2026-03-09 14:30:00,4299.5,4302.0,4290.2,4291.9,1354
2026-03-09 14:35:00,4291.9,4299.7,4290.2,4293.8,1572
2026-03-09 14:40:00,4294.5,4300.6,4290.2,4297.4,1392
2026-03-09 14:45:00,4297.5,4306.6,4297.4,4304.0,3358
2026-03-09 14:50:00,4305.1,4316.0,4301.8,4310.0,3424
2026-03-09 14:55:00,4310.0,4314.7,4304.6,4307.7,3248
2026-03-09 15:00:00,4308.5,4316.9,4306.0,4314.1,4019
2026-03-09 15:05:00,4314.4,4319.0,4307.6,4313.6,5042
2026-03-09 15:10:00,4312.4,4319.1,4308.3,4318.7,4173
2026-03-09 15:15:00,4318.7,4329.0,4318.7,4324.8,5575
2026-03-09 15:20:00,4324.8,4325.6,4316.8,4322.8,5707
2026-03-09 15:25:00,4322.8,4322.8,4301.0,4316.9,6790
2026-03-10 09:15:00,4355.0,4369.0,4312.4,4312.4,6200
2026-03-10 09:20:00,4311.2,4314.8,4291.0,4291.0,4950
2026-03-10 09:25:00,4296.0,4298.7,4292.6,4295.6,1611
2026-03-10 09:30:00,4298.0,4299.0,4291.7,4297.8,1355
2026-03-10 09:35:00,4297.8,4301.6,4292.0,4293.9,743
2026-03-10 09:40:00,4293.9,4296.6,4278.0,4292.7,2215
2026-03-10 09:45:00,4293.3,4293.3,4281.8,4285.0,857
2026-03-10 09:50:00,4284.6,4289.1,4280.7,4282.6,550
2026-03-10 09:55:00,4282.6,4289.2,4281.5,4282.4,558
2026-03-10 10:00:00,4282.4,4284.7,4281.6,4282.5,309
2026-03-10 10:05:00,4282.9,4286.8,4275.5,4286.4,1067
2026-03-10 10:10:00,4287.0,4293.5,4283.9,4292.7,752
2026-03-10 10:15:00,4290.7,4307.1,4289.1,4303.2,2458
2026-03-10 10:20:00,4303.1,4303.4,4288.9,4296.9,1534
2026-03-10 10:25:00,4298.4,4298.9,4294.9,4297.2,448
2026-03-10 10:30:00,4297.2,4300.9,4292.2,4300.8,825
2026-03-10 10:35:00,4300.8,4304.3,4296.8,4297.4,659
2026-03-10 10:40:00,4297.4,4304.7,4297.4,4303.9,615
2026-03-10 10:45:00,4302.3,4317.1,4301.0,4317.1,1367
2026-03-10 10:50:00,4317.1,4319.0,4302.1,4303.0,1406
2026-03-10 10:55:00,4303.0,4309.2,4302.7,4305.7,299
2026-03-10 11:00:00,4308.9,4311.3,4305.8,4307.0,383
2026-03-10 11:05:00,4307.0,4312.8,4307.0,4312.8,240
2026-03-10 11:10:00,4312.8,4315.0,4306.3,4306.4,1266
2026-03-10 11:15:00,4306.6,4309.1,4301.0,4301.0,477
2026-03-10 11:20:00,4301.0,4307.4,4300.4,4304.6,298
2026-03-10 11:25:00,4304.6,4307.1,4299.1,4300.0,426
2026-03-10 11:30:00,4300.5,4304.9,4299.4,4300.4,430
2026-03-10 11:35:00,4300.3,4310.9,4300.3,4310.9,277
2026-03-10 11:40:00,4310.9,4312.4,4304.2,4304.2,365
2026-03-10 11:45:00,4304.2,4305.1,4299.7,4299.7,367
2026-03-10 11:50:00,4299.7,4300.3,4295.6,4299.3,1148
2026-03-10 11:55:00,4298.9,4301.7,4295.3,4298.0,305
2026-03-10 12:00:00,4298.0,4303.9,4296.5,4303.3,466
2026-03-10 12:05:00,4303.3,4303.6,4291.9,4296.5,4889
2026-03-10 12:10:00,4296.6,4302.2,4294.0,4295.0,604
2026-03-10 12:15:00,4296.2,4296.8,4290.1,4294.7,621
2026-03-10 12:20:00,4294.9,4296.1,4285.9,4288.0,428
2026-03-10 12:25:00,4288.0,4293.8,4285.1,4292.0,558
2026-03-10 12:30:00,4291.5,4295.0,4290.5,4292.1,485
2026-03-10 12:35:00,4293.2,4296.8,4288.4,4288.5,509
2026-03-10 12:40:00,4287.4,4289.5,4282.1,4284.8,656
2026-03-10 12:45:00,4284.8,4294.1,4282.8,4294.1,807
2026-03-10 12:50:00,4295.1,4299.5,4291.1,4299.2,446
2026-03-10 12:55:00,4298.4,4301.5,4292.1,4292.2,805
2026-03-10 13:00:00,4294.4,4299.2,4291.8,4291.8,363
2026-03-10 13:05:00,4291.8,4293.6,4290.3,4290.3,346
2026-03-10 13:10:00,4290.3,4292.4,4290.0,4290.5,255
2026-03-10 13:15:00,4292.4,4295.0,4290.3,4294.2,275
2026-03-10 13:20:00,4292.1,4296.9,4287.5,4287.9,487
2026-03-10 13:25:00,4287.8,4297.9,4287.8,4295.0,215
2026-03-10 13:30:00,4295.0,4307.4,4295.0,4305.1,722
2026-03-10 13:35:00,4308.5,4313.9,4305.1,4313.0,1513
2026-03-10 13:40:00,4312.9,4314.9,4302.0,4303.5,1377
2026-03-10 13:45:00,4301.1,4307.8,4299.6,4300.2,811
2026-03-10 13:50:00,4300.2,4309.9,4300.0,4305.2,287
2026-03-10 13:55:00,4305.2,4306.8,4302.0,4303.0,160
2026-03-10 14:00:00,4304.7,4304.7,4295.0,4298.7,1120
2026-03-10 14:05:00,4298.7,4309.8,4298.7,4307.6,1247
2026-03-10 14:10:00,4307.3,4309.8,4307.3,4308.0,158
2026-03-10 14:15:00,4309.0,4309.0,4303.6,4306.0,533
2026-03-10 14:20:00,4306.0,4306.0,4301.0,4305.1,927
2026-03-10 14:25:00,4305.1,4308.0,4304.1,4307.0,615
2026-03-10 14:30:00,4304.8,4308.0,4304.0,4305.2,374
2026-03-10 14:35:00,4305.2,4314.0,4305.1,4312.1,849
2026-03-10 14:40:00,4312.1,4314.2,4309.4,4311.5,1252
2026-03-10 14:45:00,4313.4,4314.4,4306.2,4312.3,686
2026-03-10 14:50:00,4312.3,4315.0,4307.5,4311.1,640
2026-03-10 14:55:00,4310.8,4317.0,4308.3,4315.1,991
2026-03-10 15:00:00,4317.0,4317.0,4297.6,4309.6,5507
2026-03-10 15:05:00,4309.6,4317.3,4309.3,4313.8,2698
2026-03-10 15:10:00,4314.2,4314.8,4310.0,4312.7,2857
2026-03-10 15:15:00,4312.6,4318.9,4310.0,4318.8,4522
2026-03-10 15:20:00,4318.9,4339.5,4315.7,4339.5,8374
2026-03-10 15:25:00,4335.4,4349.5,4322.6,4343.0,9863
2026-03-11 09:15:00,4330.0,4368.6,4330.0,4362.0,10312
2026-03-11 09:20:00,4366.4,4373.4,4348.3,4348.3,4176
2026-03-11 09:25:00,4348.3,4358.6,4340.5,4341.0,3602
2026-03-11 09:30:00,4343.1,4359.6,4335.0,4353.9,3492
2026-03-11 09:35:00,4351.0,4351.9,4327.0,4328.5,4911
2026-03-11 09:40:00,4328.5,4335.0,4327.1,4330.0,2444
2026-03-11 09:45:00,4329.0,4337.8,4327.2,4331.0,2834
2026-03-11 09:50:00,4330.5,4335.4,4325.1,4327.3,2020
2026-03-11 09:55:00,4325.0,4326.4,4315.0,4317.0,2191
2026-03-11 10:00:00,4317.3,4318.7,4311.1,4316.4,3976
2026-03-11 10:05:00,4315.0,4315.0,4308.4,4311.8,2620
2026-03-11 10:10:00,4310.0,4311.8,4298.0,4301.4,4246
2026-03-11 10:15:00,4301.4,4313.2,4301.4,4310.0,2699
2026-03-11 10:20:00,4309.7,4315.9,4306.0,4314.9,1671
2026-03-11 10:25:00,4312.8,4316.0,4303.4,4307.1,2496
2026-03-11 10:30:00,4307.2,4317.0,4305.6,4308.1,1729
2026-03-11 10:35:00,4307.4,4307.4,4295.5,4295.5,2278
2026-03-11 10:40:00,4296.0,4301.9,4295.0,4299.0,1030
2026-03-11 10:45:00,4296.8,4299.0,4294.0,4296.0,1713
2026-03-11 10:50:00,4294.5,4302.9,4294.5,4299.6,1655
2026-03-11 10:55:00,4298.1,4308.7,4296.6,4307.0,1584
2026-03-11 11:00:00,4305.3,4310.1,4301.7,4307.1,1309
2026-03-11 11:05:00,4307.1,4307.1,4300.0,4301.3,704
2026-03-11 11:10:00,4300.0,4306.7,4300.0,4302.9,965
2026-03-11 11:15:00,4301.4,4303.5,4296.0,4297.7,1742
2026-03-11 11:20:00,4296.0,4299.3,4294.6,4294.9,1564
2026-03-11 11:25:00,4294.9,4309.8,4294.9,4309.5,1931
2026-03-11 11:30:00,4307.4,4309.4,4305.0,4305.1,1117
2026-03-11 11:35:00,4305.1,4309.0,4303.4,4309.0,952
2026-03-11 11:40:00,4309.6,4309.6,4304.6,4304.6,1143
2026-03-11 11:45:00,4304.6,4305.9,4301.0,4302.0,1087
2026-03-11 11:50:00,4302.0,4303.5,4296.5,4300.0,1271
2026-03-11 11:55:00,4298.1,4305.8,4297.6,4305.8,1704
2026-03-11 12:00:00,4305.8,4307.9,4300.4,4303.4,1013
2026-03-11 12:05:00,4303.4,4305.8,4293.3,4298.8,1776
2026-03-11 12:10:00,4298.1,4307.3,4298.1,4304.8,668
2026-03-11 12:15:00,4305.2,4307.8,4300.3,4300.5,1196
2026-03-11 12:20:00,4300.6,4305.0,4300.5,4303.0,1493
2026-03-11 12:25:00,4303.0,4307.1,4299.7,4307.1,1025
2026-03-11 12:30:00,4304.8,4308.6,4299.1,4299.1,1202
2026-03-11 12:35:00,4302.8,4307.0,4301.2,4303.9,839
2026-03-11 12:40:00,4301.6,4318.9,4300.6,4318.9,1654
2026-03-11 12:45:00,4318.9,4318.9,4309.0,4309.4,1960
2026-03-11 12:50:00,4309.8,4313.9,4309.8,4311.0,543
2026-03-11 12:55:00,4311.0,4317.1,4311.0,4317.1,751
2026-03-11 13:00:00,4317.0,4317.0,4302.8,4302.8,3243
2026-03-11 13:05:00,4302.2,4311.2,4302.2,4307.6,895
2026-03-11 13:10:00,4307.6,4307.7,4294.4,4300.9,1209
2026-03-11 13:15:00,4299.2,4303.0,4296.1,4299.1,1451
2026-03-11 13:20:00,4299.1,4309.6,4297.6,4304.0,1689
2026-03-11 13:25:00,4302.5,4302.8,4294.2,4298.7,1385
2026-03-11 13:30:00,4299.0,4302.8,4293.6,4298.0,1033
2026-03-11 13:35:00,4296.9,4298.4,4290.3,4292.3,1643
2026-03-11 13:40:00,4290.5,4301.0,4290.1,4293.8,1249
2026-03-11 13:45:00,4291.9,4296.0,4286.5,4289.1,1993
2026-03-11 13:50:00,4289.8,4293.5,4286.4,4293.4,1087
2026-03-11 13:55:00,4292.1,4294.5,4287.0,4289.1,837
2026-03-11 14:00:00,4287.4,4287.4,4276.4,4282.5,3115
2026-03-11 14:05:00,4280.2,4281.4,4273.8,4274.7,1572
2026-03-11 14:10:00,4274.6,4278.6,4268.5,4272.1,4195
2026-03-11 14:15:00,4270.0,4275.0,4268.0,4268.0,1761
2026-03-11 14:20:00,4268.3,4275.0,4264.0,4267.9,2918
2026-03-11 14:25:00,4264.1,4290.8,4263.9,4290.8,3240
2026-03-11 14:30:00,4287.8,4289.0,4281.0,4283.0,1267
2026-03-11 14:35:00,4281.1,4284.8,4277.0,4280.3,2424
2026-03-11 14:40:00,4280.5,4280.5,4272.5,4276.0,1140
2026-03-11 14:45:00,4275.0,4277.2,4268.0,4270.4,1737
2026-03-11 14:50:00,4270.4,4273.9,4266.0,4271.9,2104
2026-03-11 14:55:00,4271.9,4273.0,4260.1,4261.9,1833
2026-03-11 15:00:00,4261.9,4276.3,4260.2,4262.1,6176
2026-03-11 15:05:00,4261.5,4265.0,4255.0,4262.5,8620
2026-03-11 15:10:00,4262.5,4264.4,4255.1,4257.0,10019
2026-03-11 15:15:00,4256.1,4262.5,4253.1,4258.0,8813
2026-03-11 15:20:00,4258.0,4264.5,4257.0,4262.7,7289
2026-03-11 15:25:00,4262.9,4277.9,4255.0,4274.0,6437
2026-03-12 09:15:00,4262.7,4262.7,4220.0,4248.3,7567
2026-03-12 09:20:00,4251.7,4267.2,4242.1,4250.5,3281
2026-03-12 09:25:00,4250.6,4255.0,4244.5,4254.6,2552
2026-03-12 09:30:00,4254.6,4259.9,4250.3,4258.2,1518
2026-03-12 09:35:00,4258.2,4264.1,4250.6,4254.0,1042
2026-03-12 09:40:00,4251.7,4264.8,4251.7,4263.9,854
2026-03-12 09:45:00,4263.9,4272.7,4259.6,4272.7,2014
2026-03-12 09:50:00,4274.0,4276.9,4271.6,4275.5,1143
2026-03-12 09:55:00,4275.5,4277.9,4261.2,4276.4,1086
2026-03-12 10:00:00,4276.5,4277.0,4262.4,4263.0,1805
2026-03-12 10:05:00,4263.0,4265.0,4248.6,4250.7,1188
2026-03-12 10:10:00,4250.7,4254.0,4240.0,4242.0,1331
2026-03-12 10:15:00,4242.0,4245.0,4236.0,4243.2,1928
2026-03-12 10:20:00,4245.0,4261.0,4244.0,4259.1,2344
2026-03-12 10:25:00,4259.1,4271.6,4259.1,4261.9,1644
2026-03-12 10:30:00,4261.6,4269.0,4261.6,4269.0,1382
2026-03-12 10:35:00,4269.4,4282.2,4268.6,4280.5,1534
2026-03-12 10:40:00,4281.6,4288.2,4277.2,4277.2,1965
2026-03-12 10:45:00,4277.2,4282.7,4271.5,4276.0,1688
2026-03-12 10:50:00,4276.0,4286.5,4269.6,4279.8,2700
2026-03-12 10:55:00,4283.6,4293.7,4278.3,4291.3,1109
2026-03-12 11:00:00,4291.3,4306.0,4291.3,4298.2,2352
2026-03-12 11:05:00,4298.2,4298.2,4289.9,4290.7,1646
2026-03-12 11:10:00,4293.0,4295.7,4286.1,4290.5,1217
2026-03-12 11:15:00,4290.6,4293.8,4271.5,4276.5,1528
2026-03-12 11:20:00,4276.6,4280.0,4272.1,4280.0,1758
2026-03-12 11:25:00,4280.0,4284.6,4277.6,4278.8,737
2026-03-12 11:30:00,4278.8,4278.8,4272.1,4276.5,1021
2026-03-12 11:35:00,4276.0,4279.3,4275.0,4278.6,425
2026-03-12 11:40:00,4279.8,4292.0,4278.9,4289.9,924
2026-03-12 11:45:00,4289.9,4292.8,4285.4,4287.7,1036
2026-03-12 11:50:00,4287.7,4292.2,4287.6,4290.8,333
2026-03-12 11:55:00,4290.8,4296.5,4287.7,4293.2,942
2026-03-12 12:00:00,4293.2,4293.3,4286.4,4291.8,722
2026-03-12 12:05:00,4291.8,4291.8,4281.6,4288.5,1184
2026-03-12 12:10:00,4288.4,4294.1,4285.3,4292.4,552
2026-03-12 12:15:00,4293.9,4295.0,4281.5,4284.7,983
2026-03-12 12:20:00,4284.7,4309.0,4282.6,4297.1,2463
2026-03-12 12:25:00,4299.3,4319.6,4299.3,4311.9,6646
2026-03-12 12:30:00,4311.9,4314.4,4310.0,4314.4,2499
2026-03-12 12:35:00,4313.4,4318.0,4310.0,4314.5,2949
2026-03-12 12:40:00,4313.0,4326.8,4312.0,4322.0,3625
2026-03-12 12:45:00,4323.6,4323.6,4319.6,4321.8,2715
2026-03-12 12:50:00,4320.1,4323.5,4319.8,4320.1,1314
2026-03-12 12:55:00,4322.0,4324.9,4320.1,4322.4,1297
2026-03-12 13:00:00,4322.4,4339.0,4322.4,4331.5,8576
2026-03-12 13:05:00,4331.5,4336.8,4325.0,4332.8,7378
2026-03-12 13:10:00,4332.8,4339.0,4331.1,4333.2,2481
2026-03-12 13:15:00,4335.0,4335.1,4328.5,4330.9,1266
2026-03-12 13:20:00,4330.8,4339.9,4330.8,4337.5,1823
2026-03-12 13:25:00,4338.3,4339.8,4335.1,4336.2,1010
2026-03-12 13:30:00,4337.9,4367.0,4336.4,4365.9,12118
2026-03-12 13:35:00,4365.0,4370.6,4362.1,4365.1,6002
2026-03-12 13:40:00,4365.1,4372.9,4361.3,4363.5,8173
2026-03-12 13:45:00,4363.5,4365.0,4346.2,4347.0,3605
2026-03-12 13:50:00,4347.0,4350.0,4337.1,4341.0,2506
2026-03-12 13:55:00,4340.2,4340.2,4330.0,4330.6,2842
2026-03-12 14:00:00,4330.1,4339.3,4330.0,4333.2,1748
2026-03-12 14:05:00,4331.7,4338.8,4328.8,4332.1,4612
2026-03-12 14:10:00,4330.4,4341.3,4330.4,4338.9,2756
2026-03-12 14:15:00,4338.9,4342.7,4335.0,4339.5,1726
2026-03-12 14:20:00,4339.5,4345.4,4338.4,4340.7,1636
2026-03-12 14:25:00,4342.8,4348.0,4332.4,4332.7,2227
2026-03-12 14:30:00,4332.8,4341.0,4332.8,4338.7,3211
2026-03-12 14:35:00,4338.7,4344.0,4334.0,4339.8,1513
2026-03-12 14:40:00,4339.0,4339.8,4326.3,4329.6,6646
2026-03-12 14:45:00,4331.2,4334.0,4324.3,4330.0,7998
2026-03-12 14:50:00,4330.0,4336.8,4322.9,4331.3,9900
2026-03-12 14:55:00,4333.4,4334.4,4320.0,4321.4,4929
2026-03-12 15:00:00,4323.6,4324.9,4309.8,4323.3,6219
2026-03-12 15:05:00,4324.7,4324.7,4316.0,4319.2,5663
2026-03-12 15:10:00,4320.9,4325.8,4315.0,4319.2,8875
2026-03-12 15:15:00,4318.2,4333.0,4317.2,4332.5,6664
2026-03-12 15:20:00,4332.5,4338.0,4326.5,4336.7,5113
2026-03-12 15:25:00,4337.9,4338.0,4317.0,4317.0,7409
2026-03-13 09:15:00,4299.0,4299.0,4233.0,4242.6,8440
2026-03-13 09:20:00,4242.6,4248.5,4234.2,4239.7,2562
2026-03-13 09:25:00,4241.3,4252.2,4236.0,4237.3,3286
2026-03-13 09:30:00,4237.7,4250.8,4237.3,4245.4,1672
2026-03-13 09:35:00,4245.3,4249.9,4238.7,4239.4,1882
2026-03-13 09:40:00,4239.4,4241.0,4230.0,4234.0,2506
2026-03-13 09:45:00,4233.2,4233.7,4222.7,4223.0,2340
2026-03-13 09:50:00,4224.4,4227.8,4212.2,4213.6,4569
2026-03-13 09:55:00,4213.9,4216.1,4208.0,4214.5,2115
2026-03-13 10:00:00,4214.4,4218.9,4210.7,4217.7,989
2026-03-13 10:05:00,4217.7,4217.7,4210.0,4210.0,4634
2026-03-13 10:10:00,4210.0,4228.0,4210.0,4224.8,2759
2026-03-13 10:15:00,4229.5,4243.0,4228.9,4239.9,3255
2026-03-13 10:20:00,4238.4,4242.6,4237.6,4242.1,1144
2026-03-13 10:25:00,4242.1,4272.0,4242.1,4270.0,5152
2026-03-13 10:30:00,4271.4,4277.0,4265.1,4265.7,2007
2026-03-13 10:35:00,4265.7,4284.7,4263.2,4284.7,1954
2026-03-13 10:40:00,4283.7,4291.9,4277.9,4287.9,2262
2026-03-13 10:45:00,4288.3,4289.9,4275.0,4275.7,1492
2026-03-13 10:50:00,4278.3,4285.5,4274.9,4276.2,2079
2026-03-13 10:55:00,4276.2,4281.7,4271.4,4276.0,686
2026-03-13 11:00:00,4275.6,4276.8,4271.0,4271.5,622
2026-03-13 11:05:00,4271.5,4286.7,4271.5,4280.0,2596
2026-03-13 11:10:00,4280.0,4280.0,4265.0,4267.9,2007
2026-03-13 11:15:00,4267.5,4268.0,4255.2,4255.2,2274
2026-03-13 11:20:00,4255.2,4279.9,4253.0,4274.6,3077
2026-03-13 11:25:00,4276.6,4294.7,4274.1,4285.4,1641
2026-03-13 11:30:00,4285.4,4288.1,4274.3,4275.1,576
2026-03-13 11:35:00,4275.1,4277.9,4272.5,4273.7,670
2026-03-13 11:40:00,4273.7,4274.0,4266.6,4268.2,1604
2026-03-13 11:45:00,4268.2,4277.5,4262.9,4273.0,1980
2026-03-13 11:50:00,4273.0,4275.8,4268.9,4273.1,664
2026-03-13 11:55:00,4274.0,4277.9,4266.7,4266.7,1147
2026-03-13 12:00:00,4266.7,4272.9,4260.4,4263.0,1702
2026-03-13 12:05:00,4265.5,4269.0,4260.8,4264.3,773
2026-03-13 12:10:00,4264.3,4264.3,4258.6,4259.7,2786
2026-03-13 12:15:00,4259.7,4259.9,4256.9,4256.9,615
2026-03-13 12:20:00,4255.7,4256.5,4240.5,4240.5,3812
2026-03-13 12:25:00,4242.8,4257.1,4240.1,4250.5,1036
2026-03-13 12:30:00,4253.4,4253.4,4231.7,4231.7,1426
2026-03-13 12:35:00,4231.7,4237.5,4226.4,4229.6,1697
2026-03-13 12:40:00,4229.6,4237.2,4225.0,4232.0,1117
2026-03-13 12:45:00,4232.0,4236.6,4225.0,4225.0,567
2026-03-13 12:50:00,4227.2,4227.2,4220.0,4221.8,639
2026-03-13 12:55:00,4221.8,4230.1,4220.8,4227.3,1333
2026-03-13 13:00:00,4225.0,4230.3,4225.0,4225.9,561
2026-03-13 13:05:00,4225.9,4229.0,4220.0,4220.1,1086
2026-03-13 13:10:00,4220.1,4223.8,4218.8,4220.0,1782
2026-03-13 13:15:00,4220.0,4221.7,4212.2,4213.0,2746
2026-03-13 13:20:00,4212.4,4213.0,4208.4,4209.2,812
2026-03-13 13:25:00,4209.2,4219.2,4207.9,4215.4,857
2026-03-13 13:30:00,4215.6,4218.0,4211.1,4214.0,1603
2026-03-13 13:35:00,4214.0,4218.0,4212.3,4215.0,770
2026-03-13 13:40:00,4215.9,4217.8,4211.9,4212.4,2473
2026-03-13 13:45:00,4212.4,4215.8,4212.0,4212.7,981
2026-03-13 13:50:00,4212.8,4215.2,4210.0,4210.0,2140
2026-03-13 13:55:00,4210.7,4211.1,4201.1,4203.5,3302
2026-03-13 14:00:00,4201.8,4210.5,4201.8,4210.5,985
2026-03-13 14:05:00,4210.5,4213.0,4209.3,4210.8,1091
2026-03-13 14:10:00,4211.3,4218.9,4206.3,4216.1,2644
2026-03-13 14:15:00,4216.1,4217.2,4210.9,4216.0,1052
2026-03-13 14:20:00,4216.0,4219.0,4212.7,4213.4,672
2026-03-13 14:25:00,4213.4,4219.2,4212.0,4214.1,1018
2026-03-13 14:30:00,4213.8,4223.8,4213.2,4218.0,777
2026-03-13 14:35:00,4220.0,4220.0,4212.0,4214.6,704
2026-03-13 14:40:00,4213.5,4225.9,4212.2,4224.0,1109
2026-03-13 14:45:00,4224.9,4224.9,4215.8,4220.0,1072
2026-03-13 14:50:00,4220.0,4222.8,4215.9,4217.8,942
2026-03-13 14:55:00,4217.8,4221.5,4212.9,4221.5,1090
2026-03-13 15:00:00,4220.1,4220.2,4208.0,4208.5,3078
2026-03-13 15:05:00,4210.4,4210.4,4201.0,4202.2,6313
2026-03-13 15:10:00,4202.2,4209.8,4197.0,4209.8,6223
2026-03-13 15:15:00,4209.4,4210.0,4197.1,4209.0,6580
2026-03-13 15:20:00,4206.3,4214.0,4204.7,4213.4,7541
2026-03-13 15:25:00,4211.4,4222.0,4200.0,4220.0,3789
2026-03-16 09:15:00,4214.9,4254.5,4195.6,4215.0,7919
2026-03-16 09:20:00,4212.1,4216.9,4203.4,4207.7,1659
2026-03-16 09:25:00,4218.8,4219.3,4208.0,4216.2,2027
2026-03-16 09:30:00,4215.8,4232.4,4215.8,4232.3,2080
2026-03-16 09:35:00,4232.3,4274.0,4232.0,4269.3,3572
2026-03-16 09:40:00,4269.7,4273.2,4250.5,4250.5,1616
2026-03-16 09:45:00,4250.0,4256.4,4246.2,4252.2,728
2026-03-16 09:50:00,4252.2,4254.9,4244.1,4245.0,885
2026-03-16 09:55:00,4244.8,4248.0,4232.7,4235.3,638
2026-03-16 10:00:00,4232.4,4232.4,4223.2,4227.0,1044
2026-03-16 10:05:00,4227.0,4228.3,4209.1,4221.0,1078
2026-03-16 10:10:00,4221.0,4225.3,4216.6,4218.0,887
2026-03-16 10:15:00,4214.5,4214.5,4201.5,4208.8,2873
2026-03-16 10:20:00,4208.8,4208.8,4183.2,4185.0,2486
2026-03-16 10:25:00,4185.0,4185.0,4166.0,4167.0,2385
2026-03-16 10:30:00,4167.0,4174.0,4160.8,4161.5,1990
2026-03-16 10:35:00,4161.5,4176.5,4160.6,4170.6,2833
2026-03-16 10:40:00,4169.2,4178.7,4167.1,4175.4,1822
2026-03-16 10:45:00,4175.4,4177.1,4172.4,4173.5,861
2026-03-16 10:50:00,4176.6,4179.0,4166.0,4166.5,1849
2026-03-16 10:55:00,4166.5,4193.9,4166.5,4189.6,3739
2026-03-16 11:00:00,4189.6,4189.6,4168.6,4175.2,7090
2026-03-16 11:05:00,4177.3,4185.0,4174.4,4180.0,3954
2026-03-16 11:10:00,4182.9,4188.8,4174.8,4184.6,1849
2026-03-16 11:15:00,4186.0,4208.6,4184.2,4208.6,12167
2026-03-16 11:20:00,4208.4,4214.3,4200.9,4207.3,2206
2026-03-16 11:25:00,4207.3,4207.3,4201.1,4204.9,2889
2026-03-16 11:30:00,4203.8,4212.1,4202.7,4209.0,1265
2026-03-16 11:35:00,4211.4,4211.5,4200.1,4205.2,6808
2026-03-16 11:40:00,4204.6,4208.9,4172.8,4172.8,7418
2026-03-16 11:45:00,4174.4,4175.5,4160.8,4161.9,3819
2026-03-16 11:50:00,4163.3,4188.5,4161.1,4185.6,6493
2026-03-16 11:55:00,4185.6,4203.8,4179.0,4201.0,10638
2026-03-16 12:00:00,4202.0,4219.8,4201.1,4216.1,3796
2026-03-16 12:05:00,4216.6,4219.5,4215.0,4216.0,1187
2026-03-16 12:10:00,4216.0,4219.9,4214.0,4215.0,2340
2026-03-16 12:15:00,4215.0,4216.7,4210.5,4212.5,7911
2026-03-16 12:20:00,4212.7,4215.0,4208.3,4213.0,953
2026-03-16 12:25:00,4213.1,4213.6,4197.0,4197.0,1722
2026-03-16 12:30:00,4197.2,4197.2,4179.2,4179.2,1820
2026-03-16 12:35:00,4179.2,4182.2,4176.5,4178.3,1985
2026-03-16 12:40:00,4177.5,4180.0,4177.0,4179.0,1189
2026-03-16 12:45:00,4176.0,4177.2,4170.0,4171.0,2592
2026-03-16 12:50:00,4171.1,4182.6,4171.1,4180.9,1161
2026-03-16 12:55:00,4180.9,4180.9,4171.0,4171.1,1147
2026-03-16 13:00:00,4171.1,4186.3,4171.0,4180.0,2037
2026-03-16 13:05:00,4175.7,4178.4,4169.0,4175.2,1889
2026-03-16 13:10:00,4177.3,4177.7,4170.6,4171.0,544
2026-03-16 13:15:00,4171.0,4173.2,4168.5,4172.2,750
2026-03-16 13:20:00,4172.2,4180.8,4169.6,4180.5,1102
2026-03-16 13:25:00,4181.8,4182.2,4160.7,4163.9,3775
2026-03-16 13:30:00,4163.8,4170.4,4160.1,4162.9,2463
2026-03-16 13:35:00,4162.9,4170.0,4162.7,4166.3,991
2026-03-16 13:40:00,4165.0,4169.3,4164.0,4165.5,1114
2026-03-16 13:45:00,4167.8,4172.3,4165.3,4172.3,529
2026-03-16 13:50:00,4172.3,4176.0,4168.4,4171.3,873
2026-03-16 13:55:00,4170.0,4172.0,4166.2,4168.9,599
2026-03-16 14:00:00,4168.9,4171.0,4168.0,4168.9,793
2026-03-16 14:05:00,4168.9,4169.6,4166.3,4167.4,695
2026-03-16 14:10:00,4167.4,4172.3,4164.3,4165.9,1667
2026-03-16 14:15:00,4166.2,4180.2,4164.0,4180.2,1391
2026-03-16 14:20:00,4180.2,4199.0,4179.9,4199.0,4900
2026-03-16 14:25:00,4199.0,4204.4,4190.0,4198.6,3268
2026-03-16 14:30:00,4202.9,4208.9,4199.6,4208.9,3002
2026-03-16 14:35:00,4207.5,4214.0,4207.5,4211.7,2150
2026-03-16 14:40:00,4213.8,4219.9,4208.3,4215.8,1831
2026-03-16 14:45:00,4215.8,4224.0,4211.0,4223.6,2328
2026-03-16 14:50:00,4221.2,4232.0,4213.4,4219.9,5749
2026-03-16 14:55:00,4221.4,4228.8,4215.7,4215.7,3877
2026-03-16 15:00:00,4218.4,4218.4,4202.1,4203.5,4730
2026-03-16 15:05:00,4204.2,4223.8,4204.0,4220.3,6404
2026-03-16 15:10:00,4222.0,4228.6,4209.0,4215.3,6365
2026-03-16 15:15:00,4215.5,4220.4,4202.2,4202.2,4898
2026-03-16 15:20:00,4203.7,4206.5,4190.2,4193.6,5285
2026-03-16 15:25:00,4194.0,4203.0,4187.1,4187.1,5225
2026-03-17 09:15:00,4229.0,4229.0,4170.0,4170.0,5142
2026-03-17 09:20:00,4169.4,4169.4,4136.2,4141.2,5647
2026-03-17 09:25:00,4141.7,4149.9,4131.0,4141.5,4358
2026-03-17 09:30:00,4142.1,4143.0,4108.1,4111.0,10044
2026-03-17 09:35:00,4111.0,4134.6,4110.0,4115.0,2621
2026-03-17 09:40:00,4115.0,4135.9,4115.0,4135.0,4969
2026-03-17 09:45:00,4132.9,4136.7,4119.8,4120.8,4507
2026-03-17 09:50:00,4120.2,4149.0,4115.5,4141.5,4890
2026-03-17 09:55:00,4143.0,4156.9,4127.8,4156.0,2346
2026-03-17 10:00:00,4156.8,4159.4,4151.3,4157.8,1179
2026-03-17 10:05:00,4156.0,4171.0,4155.3,4171.0,4864
2026-03-17 10:10:00,4169.7,4180.0,4169.7,4179.0,3658
2026-03-17 10:15:00,4179.0,4185.0,4177.0,4184.0,1641
2026-03-17 10:20:00,4185.0,4192.1,4183.5,4189.2,2057
2026-03-17 10:25:00,4189.4,4189.5,4176.1,4178.1,1341
2026-03-17 10:30:00,4178.0,4178.0,4162.2,4167.0,3118
2026-03-17 10:35:00,4168.2,4176.5,4162.0,4176.5,3206
2026-03-17 10:40:00,4178.8,4184.0,4174.6,4184.0,810
2026-03-17 10:45:00,4184.0,4208.0,4182.3,4208.0,4279
2026-03-17 10:50:00,4209.0,4213.9,4206.5,4207.9,1820
2026-03-17 10:55:00,4204.8,4206.2,4198.0,4203.8,626
2026-03-17 11:00:00,4203.8,4209.6,4202.0,4208.7,605
2026-03-17 11:05:00,4208.7,4214.0,4193.7,4202.7,1872
2026-03-17 11:10:00,4202.7,4211.3,4202.0,4209.7,634
2026-03-17 11:15:00,4210.3,4210.3,4191.3,4194.4,1427
2026-03-17 11:20:00,4194.4,4203.2,4192.0,4193.0,2610
2026-03-17 11:25:00,4193.4,4195.6,4182.1,4187.0,1776
2026-03-17 11:30:00,4187.0,4187.0,4175.0,4175.3,1372
2026-03-17 11:35:00,4175.5,4191.5,4175.2,4187.9,907
2026-03-17 11:40:00,4187.3,4187.8,4183.2,4185.0,205
2026-03-17 11:45:00,4183.6,4197.0,4183.6,4186.7,869
2026-03-17 11:50:00,4186.7,4195.0,4186.7,4192.8,366
2026-03-17 11:55:00,4192.8,4194.5,4182.7,4192.6,1848
2026-03-17 12:00:00,4192.6,4198.6,4188.6,4195.6,281
2026-03-17 12:05:00,4195.6,4196.0,4187.0,4193.0,727
2026-03-17 12:10:00,4193.0,4207.0,4192.0,4201.9,1285
2026-03-17 12:15:00,4201.8,4204.1,4191.1,4191.1,710
2026-03-17 12:20:00,4191.1,4204.4,4191.1,4197.1,432
2026-03-17 12:25:00,4197.1,4209.3,4188.5,4201.2,1954
2026-03-17 12:30:00,4201.2,4214.0,4198.6,4208.3,1217
2026-03-17 12:35:00,4208.3,4210.0,4205.0,4205.1,544
2026-03-17 12:40:00,4205.0,4213.2,4205.0,4209.3,1165
2026-03-17 12:45:00,4209.3,4224.4,4209.3,4217.7,2554
2026-03-17 12:50:00,4217.7,4223.2,4212.2,4218.5,1886
2026-03-17 12:55:00,4218.5,4218.5,4213.5,4213.5,256
2026-03-17 13:00:00,4215.4,4222.8,4215.4,4215.4,752
2026-03-17 13:05:00,4215.4,4217.8,4208.7,4212.1,352
2026-03-17 13:10:00,4212.1,4221.3,4211.0,4218.3,1263
2026-03-17 13:15:00,4218.7,4223.5,4216.7,4216.7,927
2026-03-17 13:20:00,4219.4,4219.4,4211.0,4214.3,591
2026-03-17 13:25:00,4214.3,4214.3,4203.0,4206.8,878
2026-03-17 13:30:00,4206.8,4219.9,4206.8,4214.1,990
2026-03-17 13:35:00,4214.1,4215.5,4205.0,4206.0,785
2026-03-17 13:40:00,4206.0,4206.0,4191.0,4192.5,2436
2026-03-17 13:45:00,4192.5,4204.9,4192.5,4193.8,1376
2026-03-17 13:50:00,4193.9,4196.9,4182.0,4183.0,2070
2026-03-17 13:55:00,4183.2,4190.4,4183.0,4189.6,2060
2026-03-17 14:00:00,4189.6,4201.2,4184.4,4195.6,2791
2026-03-17 14:05:00,4195.1,4197.4,4190.6,4196.8,2089
2026-03-17 14:10:00,4197.9,4204.0,4197.4,4200.1,1904
2026-03-17 14:15:00,4200.1,4200.9,4184.7,4188.0,2165
2026-03-17 14:20:00,4188.0,4190.1,4172.0,4174.1,5264
2026-03-17 14:25:00,4177.2,4183.6,4174.3,4182.3,3363
2026-03-17 14:30:00,4185.0,4191.6,4182.0,4187.1,2537
2026-03-17 14:35:00,4187.2,4194.9,4185.5,4192.2,3375
2026-03-17 14:40:00,4192.8,4198.6,4188.9,4193.1,2110
2026-03-17 14:45:00,4193.7,4195.0,4184.2,4195.0,3487
2026-03-17 14:50:00,4195.0,4211.7,4195.0,4211.7,4568
2026-03-17 14:55:00,4214.0,4214.0,4204.1,4211.0,2840
2026-03-17 15:00:00,4211.9,4211.9,4186.5,4190.7,11015
2026-03-17 15:05:00,4188.7,4195.2,4185.0,4193.5,7569
2026-03-17 15:10:00,4194.4,4194.6,4182.0,4187.9,9498
2026-03-17 15:15:00,4187.9,4190.0,4179.1,4184.2,9634
2026-03-17 15:20:00,4185.7,4193.7,4183.4,4190.6,8623
2026-03-17 15:25:00,4190.5,4210.0,4186.1,4201.6,5112
2026-03-18 09:15:00,4221.5,4295.9,4214.7,4295.0,8514
2026-03-18 09:20:00,4295.1,4304.9,4288.6,4300.4,7104
2026-03-18 09:25:00,4300.6,4318.7,4291.8,4316.9,12106
2026-03-18 09:30:00,4316.9,4328.9,4307.0,4314.6,6651
2026-03-18 09:35:00,4314.7,4334.0,4308.2,4330.9,10294
2026-03-18 09:40:00,4329.3,4339.8,4323.0,4331.1,9050
2026-03-18 09:45:00,4332.6,4332.9,4311.9,4325.0,6621
2026-03-18 09:50:00,4327.0,4331.7,4316.4,4321.8,2398
2026-03-18 09:55:00,4322.5,4324.2,4313.1,4319.2,2999
2026-03-18 10:00:00,4326.0,4340.0,4321.0,4324.9,4934
2026-03-18 10:05:00,4324.9,4334.1,4321.8,4332.0,3358
2026-03-18 10:10:00,4333.5,4333.9,4325.2,4330.9,2052
2026-03-18 10:15:00,4330.0,4353.6,4329.3,4345.5,9596
2026-03-18 10:20:00,4345.9,4347.0,4333.3,4346.0,1382
2026-03-18 10:25:00,4346.0,4347.6,4338.0,4340.1,1521
2026-03-18 10:30:00,4338.0,4343.5,4331.5,4336.8,2002
2026-03-18 10:35:00,4336.8,4350.8,4336.0,4349.2,3244
2026-03-18 10:40:00,4349.2,4352.7,4345.0,4347.8,2353
2026-03-18 10:45:00,4347.9,4356.0,4345.9,4351.9,2283
2026-03-18 10:50:00,4351.9,4356.0,4347.8,4347.8,807
2026-03-18 10:55:00,4347.9,4350.8,4341.6,4350.8,1958
2026-03-18 11:00:00,4351.6,4355.4,4346.1,4351.3,1290
2026-03-18 11:05:00,4351.3,4351.4,4343.0,4344.0,1402
2026-03-18 11:10:00,4346.0,4357.8,4344.0,4347.1,1409
2026-03-18 11:15:00,4343.9,4357.0,4340.5,4357.0,1081
2026-03-18 11:20:00,4355.0,4357.3,4344.4,4348.5,1160
2026-03-18 11:25:00,4348.5,4350.9,4344.2,4349.9,445
2026-03-18 11:30:00,4347.7,4350.2,4340.0,4345.0,1704
2026-03-18 11:35:00,4342.5,4355.9,4340.1,4355.7,3372
2026-03-18 11:40:00,4357.0,4372.9,4357.0,4365.9,14943
2026-03-18 11:45:00,4362.9,4364.9,4352.6,4353.9,3074
2026-03-18 11:50:00,4353.1,4359.9,4353.1,4359.9,1163
2026-03-18 11:55:00,4359.3,4359.8,4349.2,4352.5,2214
2026-03-18 12:00:00,4350.7,4351.6,4335.8,4338.2,5164
2026-03-18 12:05:00,4338.2,4338.2,4328.0,4331.0,3760
2026-03-18 12:10:00,4332.9,4339.0,4330.8,4337.1,1493
2026-03-18 12:15:00,4338.9,4338.9,4310.6,4319.8,8213
2026-03-18 12:20:00,4319.8,4321.1,4315.0,4318.4,2238
2026-03-18 12:25:00,4317.4,4320.1,4310.8,4314.2,4068
2026-03-18 12:30:00,4314.2,4333.5,4314.2,4332.8,1268
2026-03-18 12:35:00,4332.8,4332.8,4325.2,4326.1,2216
2026-03-18 12:40:00,4326.0,4337.5,4325.0,4333.8,1059
2026-03-18 12:45:00,4333.7,4335.9,4323.0,4332.0,2098
2026-03-18 12:50:00,4333.0,4334.1,4327.5,4328.3,1609
2026-03-18 12:55:00,4328.3,4329.7,4324.6,4327.5,659
2026-03-18 13:00:00,4327.5,4338.6,4327.5,4337.0,1111
2026-03-18 13:05:00,4337.0,4339.8,4329.1,4330.3,1005
2026-03-18 13:10:00,4330.3,4338.3,4327.5,4338.3,2393
2026-03-18 13:15:00,4338.3,4339.3,4332.8,4332.8,676
2026-03-18 13:20:00,4332.9,4336.8,4325.0,4333.2,1454
2026-03-18 13:25:00,4333.2,4336.0,4326.6,4330.0,1173
2026-03-18 13:30:00,4330.0,4332.0,4326.1,4327.5,620
2026-03-18 13:35:00,4330.3,4332.4,4327.3,4327.6,740
2026-03-18 13:40:00,4330.1,4330.1,4322.2,4322.6,1894
2026-03-18 13:45:00,4322.6,4325.0,4321.0,4322.5,1394
2026-03-18 13:50:00,4322.4,4323.7,4318.1,4321.0,1236
2026-03-18 13:55:00,4321.0,4323.2,4317.0,4319.0,629
2026-03-18 14:00:00,4319.3,4323.5,4313.7,4314.6,1333
2026-03-18 14:05:00,4314.6,4317.2,4313.6,4314.2,1252
2026-03-18 14:10:00,4315.7,4317.0,4311.1,4314.6,1185
2026-03-18 14:15:00,4312.2,4320.0,4312.0,4315.2,1787
2026-03-18 14:20:00,4315.2,4321.3,4315.0,4316.6,1132
2026-03-18 14:25:00,4319.0,4323.1,4316.6,4316.6,707
2026-03-18 14:30:00,4316.6,4319.0,4310.0,4311.5,5416
2026-03-18 14:35:00,4310.0,4316.7,4310.0,4313.1,1100
2026-03-18 14:40:00,4313.1,4315.0,4310.0,4312.0,2304
2026-03-18 14:45:00,4311.1,4315.0,4310.0,4314.6,1467
2026-03-18 14:50:00,4314.6,4317.2,4310.0,4310.5,1680
2026-03-18 14:55:00,4310.5,4315.0,4310.3,4312.7,1057
2026-03-18 15:00:00,4314.2,4314.9,4299.0,4305.0,9297
2026-03-18 15:05:00,4305.0,4308.2,4300.9,4307.0,4548
2026-03-18 15:10:00,4305.2,4310.8,4300.0,4308.6,3473
2026-03-18 15:15:00,4308.6,4309.0,4299.2,4302.5,6633
2026-03-18 15:20:00,4302.5,4302.5,4282.1,4285.0,9794
2026-03-18 15:25:00,4286.1,4296.0,4282.6,4295.6,5732
2026-03-19 09:15:00,4279.9,4279.9,4210.7,4249.0,7154
2026-03-19 09:20:00,4248.4,4278.2,4244.4,4274.0,3219
2026-03-19 09:25:00,4274.0,4274.0,4262.1,4265.5,1231
2026-03-19 09:30:00,4261.3,4269.2,4257.2,4261.3,903
2026-03-19 09:35:00,4261.3,4274.4,4258.1,4268.0,813
2026-03-19 09:40:00,4266.9,4269.0,4260.3,4260.3,637
2026-03-19 09:45:00,4262.6,4268.0,4251.4,4253.8,4267
2026-03-19 09:50:00,4253.8,4270.0,4253.3,4263.8,1031
2026-03-19 09:55:00,4263.8,4263.8,4250.7,4253.0,675
2026-03-19 10:00:00,4252.7,4258.9,4250.0,4253.4,1104
2026-03-19 10:05:00,4253.2,4259.0,4253.2,4259.0,485
2026-03-19 10:10:00,4259.5,4274.2,4257.1,4267.4,1272
2026-03-19 10:15:00,4266.9,4279.0,4265.6,4275.1,2098
2026-03-19 10:20:00,4275.1,4277.0,4270.0,4277.0,602
2026-03-19 10:25:00,4276.5,4277.0,4265.7,4265.7,282
2026-03-19 10:30:00,4265.2,4277.9,4263.7,4265.0,859
2026-03-19 10:35:00,4265.0,4267.2,4255.7,4266.8,1162
2026-03-19 10:40:00,4266.8,4266.8,4256.0,4258.3,667
2026-03-19 10:45:00,4258.3,4260.9,4251.5,4251.5,1121
2026-03-19 10:50:00,4255.7,4256.5,4248.2,4252.4,965
2026-03-19 10:55:00,4253.3,4262.6,4248.1,4260.2,910
2026-03-19 11:00:00,4259.7,4266.8,4253.7,4266.3,883
2026-03-19 11:05:00,4266.3,4266.3,4249.4,4249.4,1752
2026-03-19 11:10:00,4249.4,4253.9,4246.7,4248.3,1315
2026-03-19 11:15:00,4251.2,4258.1,4245.0,4250.4,1839
2026-03-19 11:20:00,4249.9,4268.1,4247.9,4262.0,988
2026-03-19 11:25:00,4261.5,4261.9,4250.1,4255.2,1785
2026-03-19 11:30:00,4252.3,4258.1,4250.0,4256.9,293
2026-03-19 11:35:00,4258.1,4258.7,4254.2,4256.5,467
2026-03-19 11:40:00,4257.0,4260.0,4254.2,4260.0,610
2026-03-19 11:45:00,4260.0,4264.4,4259.0,4260.9,522
2026-03-19 11:50:00,4263.2,4264.0,4261.1,4262.0,303
2026-03-19 11:55:00,4261.5,4267.0,4259.9,4262.0,648
2026-03-19 12:00:00,4263.1,4266.3,4257.1,4258.4,690
2026-03-19 12:05:00,4258.7,4262.2,4254.6,4254.6,389
2026-03-19 12:10:00,4255.7,4258.3,4251.1,4255.8,629
2026-03-19 12:15:00,4256.7,4258.1,4252.5,4254.0,535
2026-03-19 12:20:00,4254.0,4255.9,4250.1,4251.6,683
2026-03-19 12:25:00,4251.5,4258.1,4250.5,4257.4,477
2026-03-19 12:30:00,4259.0,4263.0,4256.8,4260.0,474
2026-03-19 12:35:00,4260.0,4264.3,4260.0,4264.0,284
2026-03-19 12:40:00,4264.0,4265.0,4238.0,4241.9,2555
2026-03-19 12:45:00,4241.9,4246.7,4234.1,4246.7,943
2026-03-19 12:50:00,4246.2,4246.2,4236.4,4239.7,404
2026-03-19 12:55:00,4239.7,4242.2,4236.0,4238.7,773
2026-03-19 13:00:00,4238.0,4239.0,4225.9,4225.9,1726
2026-03-19 13:05:00,4226.0,4233.4,4225.0,4229.6,517
2026-03-19 13:10:00,4229.8,4233.6,4225.0,4225.0,457
2026-03-19 13:15:00,4225.0,4225.0,4213.6,4214.0,2479
2026-03-19 13:20:00,4213.8,4218.9,4213.7,4214.7,870
2026-03-19 13:25:00,4214.7,4217.7,4211.0,4211.4,772
2026-03-19 13:30:00,4211.4,4217.1,4211.4,4213.7,853
2026-03-19 13:35:00,4213.4,4217.6,4212.3,4214.8,776
2026-03-19 13:40:00,4215.0,4224.4,4214.9,4216.6,600
2026-03-19 13:45:00,4217.1,4225.0,4216.9,4221.1,481
2026-03-19 13:50:00,4221.3,4223.4,4218.1,4219.6,493
2026-03-19 13:55:00,4219.5,4222.1,4215.0,4216.6,792
2026-03-19 14:00:00,4216.8,4220.4,4215.2,4216.0,1013
2026-03-19 14:05:00,4216.0,4216.2,4210.0,4210.0,799
2026-03-19 14:10:00,4210.0,4212.0,4205.9,4207.0,924
2026-03-19 14:15:00,4209.2,4217.9,4207.6,4214.3,1263
2026-03-19 14:20:00,4214.0,4217.2,4208.5,4210.1,1684
2026-03-19 14:25:00,4211.0,4212.6,4206.0,4206.8,1070
2026-03-19 14:30:00,4208.0,4214.0,4207.9,4212.2,665
2026-03-19 14:35:00,4211.7,4217.2,4211.1,4211.1,935
2026-03-19 14:40:00,4211.2,4221.9,4211.2,4220.3,746
2026-03-19 14:45:00,4220.3,4221.0,4211.0,4211.8,676
2026-03-19 14:50:00,4211.3,4212.7,4191.0,4192.6,6204
2026-03-19 14:55:00,4192.6,4193.1,4181.6,4182.9,1185
2026-03-19 15:00:00,4185.3,4199.8,4181.0,4195.6,2334
2026-03-19 15:05:00,4194.0,4200.0,4187.8,4199.8,1320
2026-03-19 15:10:00,4200.0,4201.6,4188.0,4188.0,4635
2026-03-19 15:15:00,4189.0,4200.1,4186.3,4200.0,5230
2026-03-19 15:20:00,4200.0,4203.7,4195.4,4200.0,4691
2026-03-19 15:25:00,4199.9,4200.0,4197.8,4200.0,8680
2026-03-20 09:15:00,4140.0,4198.5,4070.0,4070.8,68502
2026-03-20 09:20:00,4073.2,4120.4,4073.0,4117.4,33822
2026-03-20 09:25:00,4120.6,4130.0,4096.1,4096.7,11686
2026-03-20 09:30:00,4096.7,4124.4,4085.6,4089.5,25872
2026-03-20 09:35:00,4087.7,4094.0,4065.3,4077.3,23293
2026-03-20 09:40:00,4077.9,4089.6,4064.0,4068.2,18921
2026-03-20 09:45:00,4068.2,4073.0,4048.0,4056.0,30616
2026-03-20 09:50:00,4053.8,4079.5,4052.5,4077.4,13011
2026-03-20 09:55:00,4076.9,4090.0,4076.3,4085.5,12181
2026-03-20 10:00:00,4085.0,4085.0,4071.1,4080.1,5115
2026-03-20 10:05:00,4079.6,4093.0,4079.1,4092.5,8770
2026-03-20 10:10:00,4092.0,4105.0,4090.5,4095.2,9778
2026-03-20 10:15:00,4095.2,4105.0,4092.8,4105.0,9937
2026-03-20 10:20:00,4105.0,4109.4,4099.0,4106.6,11434
2026-03-20 10:25:00,4106.6,4119.9,4103.5,4119.9,8287
2026-03-20 10:30:00,4119.8,4132.1,4111.1,4125.0,15472
2026-03-20 10:35:00,4125.0,4141.7,4122.2,4135.0,7610
2026-03-20 10:40:00,4135.1,4170.0,4135.1,4166.9,16055
2026-03-20 10:45:00,4166.0,4176.7,4144.2,4161.9,16797
2026-03-20 10:50:00,4161.9,4167.9,4153.8,4153.8,5946
2026-03-20 10:55:00,4153.1,4154.9,4143.1,4149.3,4477
2026-03-20 11:00:00,4146.7,4152.2,4139.5,4150.0,5593
2026-03-20 11:05:00,4150.2,4155.8,4148.4,4150.7,6644
2026-03-20 11:10:00,4150.2,4157.5,4149.9,4156.7,5041
2026-03-20 11:15:00,4156.7,4168.8,4153.6,4165.2,8147
2026-03-20 11:20:00,4165.2,4189.0,4165.0,4180.5,10092
2026-03-20 11:25:00,4180.5,4182.0,4175.0,4176.2,3464
2026-03-20 11:30:00,4176.2,4180.0,4172.6,4176.2,10361
2026-03-20 11:35:00,4175.5,4178.0,4172.0,4175.7,3681
2026-03-20 11:40:00,4175.7,4177.4,4159.3,4174.9,16010
2026-03-20 11:45:00,4174.3,4178.4,4170.4,4172.0,5549
2026-03-20 11:50:00,4172.0,4172.0,4160.0,4165.8,8770
2026-03-20 11:55:00,4165.3,4166.1,4145.4,4158.6,16395
2026-03-20 12:00:00,4158.6,4163.5,4150.0,4151.0,8051
2026-03-20 12:05:00,4151.2,4151.8,4144.6,4145.2,3473
2026-03-20 12:10:00,4146.3,4168.7,4146.3,4168.7,6811
2026-03-20 12:15:00,4168.1,4169.0,4159.4,4165.0,3328
2026-03-20 12:20:00,4166.5,4167.0,4162.0,4164.0,8722
2026-03-20 12:25:00,4164.0,4168.3,4164.0,4165.0,6268
2026-03-20 12:30:00,4164.0,4169.2,4162.0,4166.3,10935
2026-03-20 12:35:00,4166.3,4172.9,4163.5,4172.4,4694
2026-03-20 12:40:00,4172.4,4175.3,4165.1,4175.1,3674
2026-03-20 12:45:00,4175.0,4184.4,4174.0,4175.4,4168
2026-03-20 12:50:00,4175.4,4180.0,4167.2,4177.8,19242
2026-03-20 12:55:00,4177.4,4183.0,4175.0,4175.2,3216
2026-03-20 13:00:00,4177.0,4182.9,4175.0,4182.8,1489
2026-03-20 13:05:00,4182.6,4183.9,4178.2,4181.2,925
2026-03-20 13:10:00,4180.7,4183.9,4178.0,4179.7,2235
2026-03-20 13:15:00,4180.0,4187.4,4178.0,4179.1,2808
2026-03-20 13:20:00,4176.9,4180.0,4175.0,4176.6,3024
2026-03-20 13:25:00,4176.4,4189.0,4175.4,4185.5,2071
2026-03-20 13:30:00,4186.9,4193.7,4184.5,4189.5,5269
2026-03-20 13:35:00,4189.4,4204.8,4187.2,4194.0,7834
2026-03-20 13:40:00,4194.0,4199.3,4190.1,4195.0,3676
2026-03-20 13:45:00,4194.5,4203.0,4193.5,4200.0,5698
2026-03-20 13:50:00,4200.0,4203.0,4193.8,4200.2,2859
2026-03-20 13:55:00,4200.7,4203.9,4196.0,4197.8,2789
2026-03-20 14:00:00,4195.0,4200.0,4190.0,4192.9,11806
2026-03-20 14:05:00,4190.0,4194.5,4188.0,4193.7,6936
2026-03-20 14:10:00,4194.2,4201.0,4192.7,4199.5,2629
2026-03-20 14:15:00,4199.0,4200.0,4194.7,4197.8,2015
2026-03-20 14:20:00,4197.3,4200.4,4190.0,4197.6,8981
2026-03-20 14:25:00,4196.6,4198.2,4190.7,4192.4,2742
2026-03-20 14:30:00,4192.4,4192.8,4175.0,4180.3,4435
2026-03-20 14:35:00,4180.3,4181.2,4174.6,4180.4,3550
2026-03-20 14:40:00,4180.4,4181.3,4174.0,4175.0,2611
2026-03-20 14:45:00,4174.0,4176.5,4173.0,4176.0,9223
2026-03-20 14:50:00,4175.5,4191.3,4163.1,4191.3,32228
2026-03-20 14:55:00,4191.0,4193.9,4179.2,4187.8,5467
2026-03-20 15:00:00,4188.4,4241.9,4181.7,4238.7,44465
2026-03-20 15:05:00,4238.5,4335.9,4236.5,4318.3,58420
2026-03-20 15:10:00,4319.4,4355.3,4241.1,4258.8,107359
2026-03-20 15:15:00,4263.2,4332.9,4251.1,4327.5,66554
2026-03-20 15:20:00,4333.0,4389.4,4260.0,4264.9,97071
2026-03-20 15:25:00,4264.3,4369.1,4262.2,4355.0,49579
2026-03-23 09:15:00,4236.0,4236.0,4120.7,4133.8,30048
2026-03-23 09:20:00,4139.4,4151.4,4131.0,4137.2,10390
2026-03-23 09:25:00,4140.0,4144.0,4130.1,4134.9,8882
2026-03-23 09:30:00,4131.8,4135.5,4125.0,4127.1,9098
2026-03-23 09:35:00,4127.5,4127.5,4102.6,4103.2,19021
2026-03-23 09:40:00,4103.2,4105.6,4085.0,4092.9,20609
2026-03-23 09:45:00,4094.1,4094.5,4071.0,4085.8,16477
2026-03-23 09:50:00,4085.3,4100.8,4084.4,4099.3,10897
2026-03-23 09:55:00,4099.4,4115.0,4097.1,4113.1,19158
2026-03-23 10:00:00,4113.1,4127.0,4109.0,4125.1,7550
2026-03-23 10:05:00,4126.9,4157.5,4124.6,4136.6,19173
2026-03-23 10:10:00,4136.6,4137.4,4123.1,4131.7,14657
2026-03-23 10:15:00,4131.7,4133.5,4120.1,4125.0,18042
2026-03-23 10:20:00,4126.3,4131.0,4125.0,4127.3,3825
2026-03-23 10:25:00,4127.3,4130.0,4125.0,4127.6,4062
2026-03-23 10:30:00,4125.1,4131.0,4124.0,4124.0,5909
2026-03-23 10:35:00,4125.0,4133.4,4124.0,4132.0,4254
2026-03-23 10:40:00,4131.9,4144.9,4124.0,4141.0,4542
2026-03-23 10:45:00,4141.9,4142.6,4124.0,4128.7,6082
2026-03-23 10:50:00,4126.7,4130.9,4123.0,4126.8,8613
2026-03-23 10:55:00,4124.5,4128.6,4122.0,4125.0,6111
2026-03-23 11:00:00,4122.5,4123.5,4116.0,4116.1,11529
2026-03-23 11:05:00,4117.7,4126.4,4116.0,4121.7,2432
2026-03-23 11:10:00,4121.7,4122.5,4115.0,4115.0,7870
2026-03-23 11:15:00,4116.0,4130.5,4115.5,4125.9,3961
2026-03-23 11:20:00,4125.9,4130.7,4120.8,4121.8,2761
2026-03-23 11:25:00,4122.0,4143.1,4118.7,4134.0,5097
2026-03-23 11:30:00,4134.0,4137.3,4127.2,4130.3,3777
2026-03-23 11:35:00,4130.3,4139.8,4128.8,4139.0,3646
2026-03-23 11:40:00,4139.0,4139.0,4128.0,4130.4,12490
2026-03-23 11:45:00,4128.6,4133.8,4126.9,4129.5,4601
2026-03-23 11:50:00,4129.5,4138.0,4126.0,4129.0,3743
2026-03-23 11:55:00,4132.0,4133.1,4127.2,4131.3,3542
2026-03-23 12:00:00,4133.1,4137.5,4130.0,4135.0,4394
2026-03-23 12:05:00,4135.0,4148.3,4134.5,4146.6,4810
2026-03-23 12:10:00,4148.5,4151.1,4141.2,4149.0,6668
2026-03-23 12:15:00,4149.0,4149.0,4136.6,4143.1,4368
2026-03-23 12:20:00,4143.5,4144.5,4125.0,4126.3,8106
2026-03-23 12:25:00,4126.4,4133.8,4125.0,4131.7,3937
2026-03-23 12:30:00,4132.0,4135.8,4126.5,4128.5,2504
2026-03-23 12:35:00,4131.2,4133.9,4125.5,4127.7,3121
2026-03-23 12:40:00,4127.8,4133.3,4125.0,4131.7,6402
2026-03-23 12:45:00,4131.8,4132.8,4127.0,4130.1,8402
2026-03-23 12:50:00,4131.9,4135.0,4124.0,4126.3,3004
2026-03-23 12:55:00,4126.3,4126.3,4121.0,4121.7,4528
2026-03-23 13:00:00,4121.7,4123.5,4101.0,4101.0,7974
2026-03-23 13:05:00,4101.0,4108.0,4099.4,4101.7,4680
2026-03-23 13:10:00,4102.0,4103.2,4094.0,4096.0,4826
2026-03-23 13:15:00,4096.0,4105.0,4095.1,4095.1,2334
2026-03-23 13:20:00,4095.1,4105.0,4093.0,4102.5,5263
2026-03-23 13:25:00,4102.5,4102.8,4091.0,4091.0,6228
2026-03-23 13:30:00,4091.7,4096.2,4090.6,4092.8,2897
2026-03-23 13:35:00,4094.6,4107.8,4092.4,4101.9,2721
2026-03-23 13:40:00,4101.9,4107.8,4100.0,4104.0,2523
2026-03-23 13:45:00,4104.0,4110.0,4101.8,4109.0,2196
2026-03-23 13:50:00,4108.0,4117.4,4103.9,4110.6,4276
2026-03-23 13:55:00,4110.6,4120.0,4110.6,4118.0,3329
2026-03-23 14:00:00,4118.1,4118.2,4102.6,4108.6,3489
2026-03-23 14:05:00,4108.5,4111.7,4100.0,4104.0,2824
2026-03-23 14:10:00,4105.6,4105.6,4099.4,4099.4,2126
2026-03-23 14:15:00,4100.0,4109.8,4099.2,4103.9,3552
2026-03-23 14:20:00,4103.9,4108.6,4100.0,4101.2,2924
2026-03-23 14:25:00,4100.0,4120.0,4099.0,4112.9,6549
2026-03-23 14:30:00,4112.0,4118.4,4099.0,4109.8,7692
2026-03-23 14:35:00,4107.1,4113.6,4104.7,4107.6,5526
2026-03-23 14:40:00,4107.6,4118.1,4098.0,4114.0,10222
2026-03-23 14:45:00,4113.9,4113.9,4103.2,4107.7,5572
2026-03-23 14:50:00,4107.7,4120.0,4104.8,4112.3,14482
2026-03-23 14:55:00,4112.3,4116.9,4103.5,4115.0,7908
2026-03-23 15:00:00,4115.0,4115.0,4097.0,4098.0,9181
2026-03-23 15:05:00,4097.0,4116.7,4095.0,4116.6,16870
2026-03-23 15:10:00,4113.5,4116.9,4101.7,4106.0,12237
2026-03-23 15:15:00,4105.5,4113.1,4102.1,4105.0,13847
2026-03-23 15:20:00,4105.0,4105.0,4099.1,4099.3,9486
2026-03-23 15:25:00,4100.2,4104.0,4098.0,4101.0,9150
2026-03-24 09:15:00,4210.0,4210.0,4150.0,4165.0,19726
2026-03-24 09:20:00,4165.3,4166.0,4120.0,4146.0,11294
2026-03-24 09:25:00,4146.0,4149.8,4123.9,4136.0,4576
2026-03-24 09:30:00,4136.0,4148.0,4128.4,4131.8,8166
2026-03-24 09:35:00,4130.0,4137.5,4125.4,4133.6,5533
2026-03-24 09:40:00,4133.6,4138.8,4117.5,4124.3,4915
2026-03-24 09:45:00,4122.0,4123.6,4110.0,4115.2,3246
2026-03-24 09:50:00,4115.6,4137.8,4115.6,4133.0,2823
2026-03-24 09:55:00,4131.5,4133.0,4115.7,4121.9,3571
2026-03-24 10:00:00,4118.0,4124.6,4108.2,4109.0,4099
2026-03-24 10:05:00,4110.3,4116.3,4108.5,4114.0,2725
2026-03-24 10:10:00,4114.0,4121.3,4110.1,4118.0,2191
2026-03-24 10:15:00,4118.0,4140.0,4114.9,4131.4,6636
2026-03-24 10:20:00,4126.6,4136.1,4126.6,4130.7,1759
2026-03-24 10:25:00,4132.3,4133.2,4120.0,4123.9,2615
2026-03-24 10:30:00,4122.8,4123.7,4105.7,4117.7,3435
2026-03-24 10:35:00,4114.6,4123.3,4112.3,4115.7,2679
2026-03-24 10:40:00,4114.3,4132.9,4114.3,4123.4,2281
2026-03-24 10:45:00,4124.0,4132.7,4113.0,4123.6,3973
2026-03-24 10:50:00,4124.4,4125.6,4109.5,4118.6,3363
2026-03-24 10:55:00,4119.7,4124.0,4114.2,4123.1,1337
2026-03-24 11:00:00,4121.5,4128.0,4114.1,4120.0,2772
2026-03-24 11:05:00,4120.0,4120.0,4107.0,4117.0,1341
2026-03-24 11:10:00,4115.6,4130.0,4115.6,4123.2,2578
2026-03-24 11:15:00,4123.2,4137.4,4118.4,4135.2,5315
2026-03-24 11:20:00,4137.4,4162.0,4137.0,4145.4,7831
2026-03-24 11:25:00,4147.2,4153.5,4141.5,4149.1,2559
2026-03-24 11:30:00,4149.1,4161.9,4142.5,4157.2,1739
2026-03-24 11:35:00,4157.2,4171.0,4156.0,4171.0,2908
2026-03-24 11:40:00,4168.6,4171.0,4157.6,4162.5,2686
2026-03-24 11:45:00,4163.0,4169.0,4157.6,4167.8,845
2026-03-24 11:50:00,4166.2,4185.0,4166.2,4182.3,3152
2026-03-24 11:55:00,4182.3,4196.2,4182.0,4196.2,3952
2026-03-24 12:00:00,4198.0,4207.3,4198.0,4203.1,5497
2026-03-24 12:05:00,4203.0,4203.7,4189.8,4195.1,2301
2026-03-24 12:10:00,4195.1,4201.0,4190.0,4190.0,2190
2026-03-24 12:15:00,4190.5,4197.6,4189.9,4194.7,1480
2026-03-24 12:20:00,4194.7,4217.9,4194.5,4215.7,3315
2026-03-24 12:25:00,4215.7,4220.0,4201.0,4216.3,3995
2026-03-24 12:30:00,4216.4,4223.0,4213.2,4213.8,6878
2026-03-24 12:35:00,4213.8,4222.8,4210.6,4216.4,4676
2026-03-24 12:40:00,4214.9,4233.5,4212.7,4223.2,5163
2026-03-24 12:45:00,4222.4,4232.1,4218.5,4222.7,2683
2026-03-24 12:50:00,4223.6,4225.0,4217.4,4219.9,1797
2026-03-24 12:55:00,4219.9,4226.5,4217.5,4220.1,3860
2026-03-24 13:00:00,4220.6,4225.6,4218.4,4218.5,1892
2026-03-24 13:05:00,4218.5,4224.5,4212.7,4222.5,4357
2026-03-24 13:10:00,4222.5,4230.4,4220.9,4223.1,1601
2026-03-24 13:15:00,4223.3,4225.9,4216.3,4223.1,1778
2026-03-24 13:20:00,4223.1,4230.4,4219.7,4228.7,2909
2026-03-24 13:25:00,4227.2,4235.0,4225.8,4233.0,2387
2026-03-24 13:30:00,4230.4,4233.8,4226.1,4230.5,1627
2026-03-24 13:35:00,4230.5,4232.8,4221.7,4228.0,4284
2026-03-24 13:40:00,4227.7,4231.9,4223.0,4228.0,1596
2026-03-24 13:45:00,4227.7,4233.6,4227.7,4228.0,1772
2026-03-24 13:50:00,4228.0,4236.4,4228.0,4230.8,2453
2026-03-24 13:55:00,4230.8,4240.0,4229.0,4234.1,2309
2026-03-24 14:00:00,4231.4,4239.8,4225.0,4225.0,2057
2026-03-24 14:05:00,4225.0,4229.5,4218.3,4224.5,4078
2026-03-24 14:10:00,4224.5,4235.8,4222.2,4230.5,2439
2026-03-24 14:15:00,4229.9,4233.2,4223.5,4226.9,3230
2026-03-24 14:20:00,4226.9,4230.9,4221.9,4224.9,1998
2026-03-24 14:25:00,4225.0,4226.0,4219.0,4220.0,2671
2026-03-24 14:30:00,4220.0,4223.7,4219.0,4219.9,3855
2026-03-24 14:35:00,4219.9,4223.8,4212.7,4218.2,6378
2026-03-24 14:40:00,4215.8,4224.9,4209.4,4215.0,16456
2026-03-24 14:45:00,4215.0,4216.1,4186.9,4188.3,14351
2026-03-24 14:50:00,4188.3,4211.7,4188.3,4210.0,4936
2026-03-24 14:55:00,4207.1,4220.0,4206.7,4213.6,4409
2026-03-24 15:00:00,4210.5,4214.8,4199.1,4212.3,7293
2026-03-24 15:05:00,4209.8,4214.4,4204.1,4212.2,3554
2026-03-24 15:10:00,4213.0,4217.0,4202.8,4209.4,3701
2026-03-24 15:15:00,4208.4,4212.5,4197.1,4209.1,4954
2026-03-24 15:20:00,4212.4,4221.9,4206.5,4217.3,10430
2026-03-24 15:25:00,4221.4,4223.8,4203.9,4222.0,7455
2026-03-25 09:15:00,4220.0,4240.9,4186.0,4206.0,25236
2026-03-25 09:20:00,4202.0,4216.8,4197.1,4212.4,6499
2026-03-25 09:25:00,4210.4,4222.0,4201.0,4214.0,7642
2026-03-25 09:30:00,4211.2,4215.0,4200.5,4210.5,2726
2026-03-25 09:35:00,4209.1,4211.4,4170.0,4172.7,8328
2026-03-25 09:40:00,4172.5,4195.0,4170.0,4195.0,6411
2026-03-25 09:45:00,4192.7,4213.3,4188.1,4209.5,5854
2026-03-25 09:50:00,4208.2,4229.9,4205.7,4221.0,6525
2026-03-25 09:55:00,4220.0,4233.6,4218.0,4233.6,4042
2026-03-25 10:00:00,4232.6,4254.0,4232.6,4250.9,10737
2026-03-25 10:05:00,4251.9,4255.9,4229.4,4235.3,10079
2026-03-25 10:10:00,4235.6,4249.0,4230.9,4249.0,5551
2026-03-25 10:15:00,4245.9,4250.0,4233.5,4239.9,4695
2026-03-25 10:20:00,4239.9,4259.6,4238.8,4251.0,6298
2026-03-25 10:25:00,4251.1,4265.1,4249.5,4256.3,3779
2026-03-25 10:30:00,4255.5,4275.0,4255.3,4273.5,6828
2026-03-25 10:35:00,4272.0,4273.9,4262.3,4265.0,1648
2026-03-25 10:40:00,4265.0,4270.3,4255.0,4265.0,6657
2026-03-25 10:45:00,4265.6,4272.4,4257.9,4265.3,6522
2026-03-25 10:50:00,4266.0,4269.3,4261.0,4265.3,5955
2026-03-25 10:55:00,4265.3,4267.6,4250.0,4252.5,4562
2026-03-25 11:00:00,4254.0,4263.5,4252.8,4255.9,2771
2026-03-25 11:05:00,4254.3,4266.0,4254.3,4258.1,2648
2026-03-25 11:10:00,4258.6,4273.6,4257.7,4272.7,4238
2026-03-25 11:15:00,4272.5,4274.0,4258.7,4263.7,3379
2026-03-25 11:20:00,4263.8,4272.0,4263.2,4268.0,2158
2026-03-25 11:25:00,4268.0,4269.0,4260.0,4264.0,1297
2026-03-25 11:30:00,4262.4,4273.6,4262.3,4263.4,4711
2026-03-25 11:35:00,4263.4,4265.7,4253.6,4263.1,2871
2026-03-25 11:40:00,4261.9,4270.0,4260.8,4261.5,3781
2026-03-25 11:45:00,4261.5,4268.9,4253.0,4267.5,8067
2026-03-25 11:50:00,4268.0,4275.0,4262.0,4274.8,7074
2026-03-25 11:55:00,4275.0,4280.0,4274.0,4276.2,4973
2026-03-25 12:00:00,4276.4,4283.9,4273.3,4274.6,6948
2026-03-25 12:05:00,4273.8,4276.1,4260.6,4266.8,13071
2026-03-25 12:10:00,4270.2,4275.0,4264.8,4272.5,11602
2026-03-25 12:15:00,4269.9,4272.2,4260.5,4266.2,10232
2026-03-25 12:20:00,4265.0,4278.5,4259.7,4272.4,8242
2026-03-25 12:25:00,4269.8,4279.0,4265.6,4279.0,2972
2026-03-25 12:30:00,4277.7,4285.0,4273.6,4278.5,9554
2026-03-25 12:35:00,4280.0,4280.0,4272.1,4275.3,3072
2026-03-25 12:40:00,4273.6,4285.0,4273.6,4283.2,5483
2026-03-25 12:45:00,4283.4,4290.0,4280.8,4288.9,5496
2026-03-25 12:50:00,4287.5,4289.2,4273.9,4283.8,5202
2026-03-25 12:55:00,4282.3,4285.0,4280.0,4283.2,3121
2026-03-25 13:00:00,4282.1,4294.8,4281.6,4293.6,2922
2026-03-25 13:05:00,4292.7,4309.1,4290.3,4304.2,14555
2026-03-25 13:10:00,4303.6,4310.0,4301.2,4303.6,8691
2026-03-25 13:15:00,4303.6,4309.2,4302.8,4305.0,4985
2026-03-25 13:20:00,4306.9,4306.9,4295.2,4299.0,3685
2026-03-25 13:25:00,4297.7,4305.2,4289.7,4302.6,9653
2026-03-25 13:30:00,4304.4,4308.9,4300.0,4307.9,3075
2026-03-25 13:35:00,4308.0,4313.8,4306.1,4310.3,5583
2026-03-25 13:40:00,4311.6,4312.5,4308.0,4311.5,2749
2026-03-25 13:45:00,4311.8,4319.9,4302.5,4318.1,17129
2026-03-25 13:50:00,4317.9,4323.6,4310.0,4311.8,8641
2026-03-25 13:55:00,4311.4,4316.0,4306.4,4313.0,4683
2026-03-25 14:00:00,4311.6,4321.4,4310.0,4315.9,10576
2026-03-25 14:05:00,4315.0,4321.0,4305.3,4308.0,6817
2026-03-25 14:10:00,4307.3,4317.5,4306.0,4308.0,4065
2026-03-25 14:15:00,4308.2,4314.5,4300.2,4303.2,8021
2026-03-25 14:20:00,4303.2,4309.0,4295.1,4302.3,10530
2026-03-25 14:25:00,4302.3,4309.6,4299.8,4302.9,9837
2026-03-25 14:30:00,4302.9,4305.0,4299.5,4301.6,6989
2026-03-25 14:35:00,4300.4,4304.6,4299.0,4300.7,5029
2026-03-25 14:40:00,4300.7,4307.6,4300.0,4306.8,6297
2026-03-25 14:45:00,4305.9,4308.0,4302.1,4302.2,3138
2026-03-25 14:50:00,4302.1,4305.0,4301.7,4302.7,4630
2026-03-25 14:55:00,4303.3,4304.0,4300.0,4300.0,6575
2026-03-25 15:00:00,4301.5,4303.2,4298.5,4300.8,10635
2026-03-25 15:05:00,4300.8,4302.1,4290.0,4302.1,14833
2026-03-25 15:10:00,4302.1,4302.1,4298.0,4300.0,10953
2026-03-25 15:15:00,4300.2,4300.3,4281.8,4284.0,24293
2026-03-25 15:20:00,4284.8,4288.6,4273.0,4276.5,14516
2026-03-25 15:25:00,4276.6,4284.5,4275.0,4275.0,12837
2026-03-27 09:15:00,4272.0,4272.0,4232.0,4244.9,15553
2026-03-27 09:20:00,4242.2,4279.9,4240.6,4270.0,8095
2026-03-27 09:25:00,4269.0,4310.3,4265.0,4299.7,14319
2026-03-27 09:30:00,4298.1,4298.3,4272.0,4273.2,7382
2026-03-27 09:35:00,4273.2,4274.1,4255.0,4264.9,9719
2026-03-27 09:40:00,4265.1,4280.6,4265.1,4272.4,5500
2026-03-27 09:45:00,4272.6,4288.0,4265.7,4279.0,11082
2026-03-27 09:50:00,4280.6,4287.1,4270.0,4270.0,3929
2026-03-27 09:55:00,4270.0,4272.8,4260.0,4260.0,5929
2026-03-27 10:00:00,4260.0,4275.3,4255.5,4267.5,5352
2026-03-27 10:05:00,4268.2,4269.2,4261.0,4266.2,2579
2026-03-27 10:10:00,4266.5,4279.4,4266.5,4273.9,2540
2026-03-27 10:15:00,4273.4,4281.9,4273.4,4275.2,2269
2026-03-27 10:20:00,4274.0,4278.1,4266.6,4267.9,2297
2026-03-27 10:25:00,4268.2,4269.9,4261.0,4265.7,1967
2026-03-27 10:30:00,4264.5,4279.7,4264.5,4271.1,3388
2026-03-27 10:35:00,4271.5,4275.2,4260.1,4273.5,3454
2026-03-27 10:40:00,4273.2,4274.6,4254.5,4256.6,2160
2026-03-27 10:45:00,4256.6,4256.6,4245.7,4253.2,2890
2026-03-27 10:50:00,4251.8,4258.7,4249.1,4252.0,2070
2026-03-27 10:55:00,4252.3,4262.7,4252.0,4260.3,1200
2026-03-27 11:00:00,4259.8,4263.9,4257.7,4260.4,1744
2026-03-27 11:05:00,4260.4,4264.3,4255.6,4261.1,1369
2026-03-27 11:10:00,4261.1,4267.0,4257.2,4265.7,1822
2026-03-27 11:15:00,4265.0,4265.1,4254.0,4256.9,2522
2026-03-27 11:20:00,4256.9,4257.4,4248.7,4249.1,1656
2026-03-27 11:25:00,4249.1,4255.0,4248.0,4248.8,2298
2026-03-27 11:30:00,4247.7,4257.4,4245.1,4255.1,3032
2026-03-27 11:35:00,4255.1,4266.0,4255.0,4265.2,2929
2026-03-27 11:40:00,4265.0,4266.8,4263.0,4264.8,1650
2026-03-27 11:45:00,4264.9,4268.6,4263.6,4268.0,1937
2026-03-27 11:50:00,4268.0,4279.9,4266.0,4273.0,3429
2026-03-27 11:55:00,4272.9,4276.5,4272.9,4275.9,2243
2026-03-27 12:00:00,4275.8,4279.0,4275.0,4276.3,1319
2026-03-27 12:05:00,4276.0,4283.9,4273.6,4281.3,2089
2026-03-27 12:10:00,4278.8,4282.5,4274.9,4281.1,2077
2026-03-27 12:15:00,4281.1,4283.4,4277.9,4280.0,5613
2026-03-27 12:20:00,4280.0,4286.0,4280.0,4285.2,2024
2026-03-27 12:25:00,4285.2,4286.8,4279.7,4281.7,1662
2026-03-27 12:30:00,4281.1,4285.1,4252.5,4253.5,15016
2026-03-27 12:35:00,4252.5,4255.7,4247.0,4248.3,1834
2026-03-27 12:40:00,4248.3,4264.4,4245.6,4263.2,3145
2026-03-27 12:45:00,4263.3,4264.7,4257.2,4263.6,2379
2026-03-27 12:50:00,4263.6,4267.1,4258.2,4261.0,1631
2026-03-27 12:55:00,4259.9,4264.9,4257.2,4257.2,2040
2026-03-27 13:00:00,4257.0,4260.2,4242.0,4245.8,2726
2026-03-27 13:05:00,4245.4,4246.7,4241.5,4244.4,2378
2026-03-27 13:10:00,4244.4,4250.9,4242.5,4250.0,1766
2026-03-27 13:15:00,4249.6,4252.7,4240.1,4247.6,2779
2026-03-27 13:20:00,4247.2,4250.9,4241.9,4245.6,2725
2026-03-27 13:25:00,4245.1,4246.0,4232.0,4234.6,3656
2026-03-27 13:30:00,4233.6,4238.2,4231.1,4232.5,2598
2026-03-27 13:35:00,4232.1,4237.0,4230.3,4237.0,2727
2026-03-27 13:40:00,4236.2,4249.6,4235.6,4243.0,5073
2026-03-27 13:45:00,4243.3,4244.5,4232.0,4233.5,5125
2026-03-27 13:50:00,4232.0,4236.8,4230.4,4231.5,2680
2026-03-27 13:55:00,4230.1,4233.0,4228.4,4230.5,1964
2026-03-27 14:00:00,4230.0,4231.9,4227.8,4229.0,2343
2026-03-27 14:05:00,4229.0,4229.9,4217.0,4218.7,3646
2026-03-27 14:10:00,4218.1,4218.7,4209.8,4212.1,3511
2026-03-27 14:15:00,4211.0,4217.0,4210.0,4213.7,2958
2026-03-27 14:20:00,4213.7,4219.0,4212.6,4217.2,2993
2026-03-27 14:25:00,4217.2,4220.4,4210.1,4212.5,3755
2026-03-27 14:30:00,4214.8,4214.8,4208.6,4209.6,2592
2026-03-27 14:35:00,4211.1,4224.3,4210.0,4219.5,3879
2026-03-27 14:40:00,4219.3,4222.0,4217.2,4217.7,2934
2026-03-27 14:45:00,4217.7,4217.7,4210.3,4215.7,3505
2026-03-27 14:50:00,4215.7,4217.1,4209.9,4211.7,3760
2026-03-27 14:55:00,4210.4,4214.5,4208.1,4210.0,2335
2026-03-27 15:00:00,4208.5,4217.5,4189.0,4217.2,33396
2026-03-27 15:05:00,4216.8,4216.9,4201.0,4207.4,27673
2026-03-27 15:10:00,4211.7,4217.8,4199.7,4206.5,29348
2026-03-27 15:15:00,4205.1,4206.5,4195.7,4199.0,32432
2026-03-27 15:20:00,4199.8,4199.9,4186.0,4197.0,31838
2026-03-27 15:25:00,4196.6,4196.7,4182.1,4187.5,21703
2026-03-30 09:15:00,4178.9,4178.9,4125.4,4146.8,21977
2026-03-30 09:20:00,4146.8,4167.7,4142.6,4154.3,6199
2026-03-30 09:25:00,4154.4,4154.4,4142.0,4148.0,6282
2026-03-30 09:30:00,4148.6,4168.0,4148.6,4161.0,5484
2026-03-30 09:35:00,4162.4,4167.0,4158.4,4160.8,3762
2026-03-30 09:40:00,4160.9,4163.3,4156.1,4157.8,2407
2026-03-30 09:45:00,4156.5,4163.7,4140.0,4140.0,6392
2026-03-30 09:50:00,4139.3,4149.0,4135.4,4139.8,3184
2026-03-30 09:55:00,4139.6,4141.2,4130.7,4130.7,2319
2026-03-30 10:00:00,4130.5,4138.7,4127.1,4135.0,2402
2026-03-30 10:05:00,4135.0,4144.3,4130.7,4138.3,2232
2026-03-30 10:10:00,4138.3,4139.0,4123.4,4130.6,3120
2026-03-30 10:15:00,4131.2,4132.9,4121.0,4123.5,4008
2026-03-30 10:20:00,4123.5,4126.0,4121.8,4121.8,1247
2026-03-30 10:25:00,4121.1,4123.4,4118.7,4118.7,2537
2026-03-30 10:30:00,4116.7,4117.7,4112.0,4113.5,2099
2026-03-30 10:35:00,4113.1,4114.0,4108.1,4110.0,3166
2026-03-30 10:40:00,4110.0,4112.8,4097.3,4097.4,4569
2026-03-30 10:45:00,4097.4,4109.0,4091.6,4105.7,5044
2026-03-30 10:50:00,4106.6,4109.4,4098.5,4098.5,2196
2026-03-30 10:55:00,4098.5,4107.9,4095.5,4101.0,2485
2026-03-30 11:00:00,4101.0,4101.1,4093.0,4097.1,2373
2026-03-30 11:05:00,4097.1,4101.5,4094.1,4098.6,3154
2026-03-30 11:10:00,4098.6,4098.6,4085.9,4089.7,4866
2026-03-30 11:15:00,4090.4,4106.0,4089.4,4104.1,3631
2026-03-30 11:20:00,4105.0,4113.0,4104.8,4111.4,7628
2026-03-30 11:25:00,4111.0,4111.0,4103.1,4104.0,2580
2026-03-30 11:30:00,4104.0,4113.1,4100.1,4111.0,2345
2026-03-30 11:35:00,4111.0,4119.0,4111.0,4111.9,1377
2026-03-30 11:40:00,4111.9,4112.3,4100.0,4100.9,1390
2026-03-30 11:45:00,4100.9,4102.3,4091.0,4093.0,1681
2026-03-30 11:50:00,4093.0,4094.9,4085.0,4091.5,2506
2026-03-30 11:55:00,4091.0,4097.9,4090.9,4096.7,2221
2026-03-30 12:00:00,4096.8,4109.1,4093.0,4103.8,3670
2026-03-30 12:05:00,4103.8,4112.2,4099.6,4102.1,2534
2026-03-30 12:10:00,4102.1,4107.2,4100.7,4106.0,4740
2026-03-30 12:15:00,4106.9,4111.3,4102.5,4109.4,5259
2026-03-30 12:20:00,4107.9,4114.7,4106.1,4107.2,2482
2026-03-30 12:25:00,4107.4,4107.4,4100.0,4103.2,2190
2026-03-30 12:30:00,4103.4,4107.8,4100.0,4104.4,2217
2026-03-30 12:35:00,4105.8,4111.2,4104.2,4108.6,2134
2026-03-30 12:40:00,4108.0,4109.6,4104.2,4104.5,1397
2026-03-30 12:45:00,4104.5,4106.8,4101.0,4101.7,2921
2026-03-30 12:50:00,4103.5,4106.4,4100.7,4104.0,2694
2026-03-30 12:55:00,4104.0,4105.7,4099.9,4099.9,1833
2026-03-30 13:00:00,4099.9,4101.0,4092.1,4093.0,2019
2026-03-30 13:05:00,4094.7,4098.5,4092.5,4092.6,1936
2026-03-30 13:10:00,4092.6,4096.7,4090.5,4090.5,1508
2026-03-30 13:15:00,4090.7,4098.5,4090.7,4098.3,4380
2026-03-30 13:20:00,4098.3,4098.3,4092.0,4092.0,504
2026-03-30 13:25:00,4092.1,4096.0,4091.0,4095.7,1593
2026-03-30 13:30:00,4093.9,4102.6,4093.6,4102.6,3341
2026-03-30 13:35:00,4101.3,4106.0,4091.5,4093.7,2696
2026-03-30 13:40:00,4094.3,4095.8,4076.4,4079.2,6260
2026-03-30 13:45:00,4079.4,4080.5,4073.0,4073.5,3624
2026-03-30 13:50:00,4073.5,4074.5,4053.2,4055.3,6890
2026-03-30 13:55:00,4055.3,4060.1,4053.0,4057.0,5476
2026-03-30 14:00:00,4057.0,4072.0,4056.6,4068.0,4198
2026-03-30 14:05:00,4067.6,4068.2,4062.3,4062.3,2123
2026-03-30 14:10:00,4062.0,4062.1,4050.3,4055.1,7425
2026-03-30 14:15:00,4055.1,4057.5,4051.4,4051.8,3407
2026-03-30 14:20:00,4051.0,4055.2,4042.1,4045.4,7757
2026-03-30 14:25:00,4047.6,4049.7,4044.3,4046.2,6115
2026-03-30 14:30:00,4047.0,4052.1,4043.0,4043.0,7711
2026-03-30 14:35:00,4041.0,4047.0,4041.0,4046.9,4320
2026-03-30 14:40:00,4046.3,4058.9,4043.8,4045.4,7130
2026-03-30 14:45:00,4045.4,4047.9,4034.0,4037.7,6848
2026-03-30 14:50:00,4037.9,4040.0,4026.4,4032.8,12009
2026-03-30 14:55:00,4031.4,4031.4,4019.6,4024.5,37505
2026-03-30 15:00:00,4023.6,4027.0,4000.0,4009.1,44194
2026-03-30 15:05:00,4009.1,4016.5,4004.9,4009.4,34062
2026-03-30 15:10:00,4009.9,4021.8,4009.5,4014.3,43388
2026-03-30 15:15:00,4010.6,4020.0,4006.1,4016.3,45283
2026-03-30 15:20:00,4017.7,4020.0,4010.5,4019.4,33244
2026-03-30 15:25:00,4019.9,4029.9,4014.9,4029.9,21251
2026-04-01 09:15:00,4149.7,4171.5,4122.2,4167.9,15358
2026-04-01 09:20:00,4166.6,4198.9,4166.6,4195.5,8830
2026-04-01 09:25:00,4195.5,4213.9,4192.8,4211.5,3271
2026-04-01 09:30:00,4211.5,4219.3,4184.7,4199.0,6351
2026-04-01 09:35:00,4198.4,4198.4,4179.5,4179.5,4464
2026-04-01 09:40:00,4178.0,4195.6,4178.0,4193.4,2602
2026-04-01 09:45:00,4193.6,4208.4,4188.3,4208.3,2660
2026-04-01 09:50:00,4204.9,4234.8,4200.8,4234.4,9035
2026-04-01 09:55:00,4234.0,4238.9,4229.4,4233.1,2327
2026-04-01 10:00:00,4233.1,4240.0,4230.8,4239.2,1111
2026-04-01 10:05:00,4239.2,4247.6,4238.7,4243.2,2074
2026-04-01 10:10:00,4243.1,4243.4,4228.2,4228.2,1667
2026-04-01 10:15:00,4228.2,4229.6,4215.2,4225.0,3467
2026-04-01 10:20:00,4225.4,4233.2,4217.9,4220.1,2207
2026-04-01 10:25:00,4220.2,4228.0,4217.4,4222.3,2343
2026-04-01 10:30:00,4223.6,4228.2,4216.5,4218.0,3849
2026-04-01 10:35:00,4217.9,4230.9,4216.5,4229.6,2083
2026-04-01 10:40:00,4230.2,4234.0,4225.7,4226.6,1915
2026-04-01 10:45:00,4225.8,4225.9,4215.3,4220.0,2036
2026-04-01 10:50:00,4219.7,4220.6,4210.0,4210.9,2152
2026-04-01 10:55:00,4210.7,4212.7,4206.5,4210.0,1762
2026-04-01 11:00:00,4210.0,4210.0,4201.0,4201.7,1329
2026-04-01 11:05:00,4201.7,4202.0,4195.0,4197.6,1096
2026-04-01 11:10:00,4197.6,4200.0,4195.7,4197.3,528
2026-04-01 11:15:00,4197.3,4199.4,4194.5,4198.0,579
2026-04-01 11:20:00,4198.0,4200.0,4196.3,4199.1,666
2026-04-01 11:25:00,4199.1,4203.0,4190.0,4191.9,1616
2026-04-01 11:30:00,4191.9,4195.0,4182.3,4186.7,2760
2026-04-01 11:35:00,4186.7,4188.1,4182.4,4182.9,552
2026-04-01 11:40:00,4182.9,4187.9,4180.0,4182.2,1385
2026-04-01 11:45:00,4182.1,4183.1,4174.0,4179.0,1223
2026-04-01 11:50:00,4179.6,4186.6,4179.6,4183.3,1015
2026-04-01 11:55:00,4183.2,4190.8,4180.2,4190.8,2389
2026-04-01 12:00:00,4191.5,4198.2,4186.6,4192.8,6332
2026-04-01 12:05:00,4192.0,4193.4,4184.5,4189.0,7331
2026-04-01 12:10:00,4188.3,4195.0,4186.4,4191.1,5152
2026-04-01 12:15:00,4190.2,4190.2,4174.0,4174.0,4649
2026-04-01 12:20:00,4175.0,4177.2,4165.5,4170.4,2008
2026-04-01 12:25:00,4168.5,4170.7,4163.4,4165.3,1499
2026-04-01 12:30:00,4164.6,4169.2,4162.3,4164.1,1421
2026-04-01 12:35:00,4162.9,4165.0,4161.5,4162.8,615
2026-04-01 12:40:00,4162.8,4169.5,4162.1,4164.5,2310
2026-04-01 12:45:00,4164.0,4170.0,4164.0,4168.0,2070
2026-04-01 12:50:00,4168.0,4169.3,4155.1,4155.8,2222
2026-04-01 12:55:00,4155.8,4159.0,4151.0,4151.4,1781
2026-04-01 13:00:00,4151.2,4155.5,4150.0,4150.0,3046
2026-04-01 13:05:00,4150.0,4152.9,4135.8,4137.0,6250
2026-04-01 13:10:00,4137.0,4140.0,4133.5,4138.8,2335
2026-04-01 13:15:00,4139.4,4142.0,4133.2,4133.6,9153
2026-04-01 13:20:00,4133.6,4135.5,4126.8,4134.5,1837
2026-04-01 13:25:00,4134.2,4139.4,4134.0,4138.0,1566
2026-04-01 13:30:00,4138.0,4138.0,4125.7,4133.3,1567
2026-04-01 13:35:00,4133.0,4137.2,4130.6,4137.2,1453
2026-04-01 13:40:00,4136.3,4137.1,4115.8,4119.2,4028
2026-04-01 13:45:00,4119.4,4125.0,4116.8,4121.7,2947
2026-04-01 13:50:00,4122.1,4122.1,4116.9,4117.7,1113
2026-04-01 13:55:00,4117.7,4119.9,4112.0,4118.5,1719
2026-04-01 14:00:00,4119.0,4119.0,4115.5,4117.0,1157
2026-04-01 14:05:00,4117.0,4118.7,4112.8,4117.2,1215
2026-04-01 14:10:00,4118.6,4119.0,4112.3,4117.9,887
2026-04-01 14:15:00,4117.9,4117.9,4115.0,4116.8,975
2026-04-01 14:20:00,4116.3,4116.9,4104.5,4105.2,4783
2026-04-01 14:25:00,4105.2,4107.1,4097.8,4101.4,7163
2026-04-01 14:30:00,4100.5,4110.0,4100.5,4108.8,3907
2026-04-01 14:35:00,4107.8,4107.9,4095.0,4096.2,6208
2026-04-01 14:40:00,4096.0,4106.0,4091.7,4103.5,3430
2026-04-01 14:45:00,4103.5,4105.1,4093.2,4094.4,2473
2026-04-01 14:50:00,4093.9,4098.5,4082.5,4094.9,3727
2026-04-01 14:55:00,4094.9,4098.1,4078.6,4085.2,6258
2026-04-01 15:00:00,4085.3,4104.0,4085.3,4103.5,8379
2026-04-01 15:05:00,4102.1,4111.2,4102.1,4110.8,4816
2026-04-01 15:10:00,4110.8,4113.0,4106.0,4106.5,6693
2026-04-01 15:15:00,4106.0,4111.5,4105.3,4111.4,6747
2026-04-01 15:20:00,4111.5,4111.5,4107.8,4110.0,8125
2026-04-01 15:25:00,4110.0,4111.0,4100.8,4105.0,8885
2026-04-02 09:15:00,4080.0,4080.0,4016.6,4035.0,10896
2026-04-02 09:20:00,4036.3,4069.4,4034.3,4066.9,4645
2026-04-02 09:25:00,4066.9,4076.0,4066.9,4074.7,4025
2026-04-02 09:30:00,4075.9,4079.0,4057.6,4058.9,4247
2026-04-02 09:35:00,4058.5,4062.7,4057.0,4057.0,2376
2026-04-02 09:40:00,4057.1,4068.2,4055.0,4061.6,2178
2026-04-02 09:45:00,4061.7,4073.5,4061.5,4065.4,2474
2026-04-02 09:50:00,4065.4,4067.3,4055.0,4057.9,1802
2026-04-02 09:55:00,4057.8,4061.2,4049.9,4059.8,10398
2026-04-02 10:00:00,4058.9,4074.9,4058.9,4073.2,4627
2026-04-02 10:05:00,4073.0,4073.0,4056.0,4058.0,3369
2026-04-02 10:10:00,4059.1,4063.1,4058.0,4063.1,2037
2026-04-02 10:15:00,4062.1,4075.0,4062.1,4075.0,6422
2026-04-02 10:20:00,4077.6,4082.5,4065.0,4072.7,3227
2026-04-02 10:25:00,4072.7,4084.0,4071.9,4082.1,1898
2026-04-02 10:30:00,4081.6,4087.9,4080.7,4083.6,3934
2026-04-02 10:35:00,4083.5,4100.0,4082.6,4095.7,4654
2026-04-02 10:40:00,4096.7,4105.0,4095.7,4097.8,3559
2026-04-02 10:45:00,4097.8,4102.4,4092.1,4095.7,2252
2026-04-02 10:50:00,4095.7,4100.6,4092.9,4098.8,2759
2026-04-02 10:55:00,4098.7,4120.0,4097.0,4116.0,5859
2026-04-02 11:00:00,4119.9,4119.9,4104.6,4106.3,3829
2026-04-02 11:05:00,4106.3,4117.1,4105.8,4117.1,2785
2026-04-02 11:10:00,4118.0,4129.1,4113.9,4121.8,5330
2026-04-02 11:15:00,4124.6,4134.0,4123.9,4130.9,4198
2026-04-02 11:20:00,4133.3,4169.7,4133.3,4167.4,11098
2026-04-02 11:25:00,4167.4,4185.0,4166.2,4185.0,11969
2026-04-02 11:30:00,4185.0,4185.0,4169.0,4169.8,10601
2026-04-02 11:35:00,4170.1,4179.5,4168.5,4175.0,6272
2026-04-02 11:40:00,4177.0,4178.0,4168.0,4177.7,5757
2026-04-02 11:45:00,4177.7,4179.9,4174.8,4178.3,7038
2026-04-02 11:50:00,4178.3,4190.4,4173.0,4185.6,9408
2026-04-02 11:55:00,4186.5,4189.8,4177.2,4184.6,7718
2026-04-02 12:00:00,4184.6,4189.5,4177.8,4182.5,7463
2026-04-02 12:05:00,4181.1,4182.5,4170.9,4176.0,8072
2026-04-02 12:10:00,4176.0,4184.8,4174.3,4184.8,4035
2026-04-02 12:15:00,4181.8,4184.9,4166.3,4170.0,5718
2026-04-02 12:20:00,4170.0,4190.9,4158.9,4189.9,13671
2026-04-02 12:25:00,4189.9,4196.4,4188.5,4195.0,5773
2026-04-02 12:30:00,4196.0,4198.8,4192.0,4195.5,6602
2026-04-02 12:35:00,4195.5,4199.0,4193.4,4195.5,5151
2026-04-02 12:40:00,4195.4,4199.0,4193.6,4199.0,3318
2026-04-02 12:45:00,4199.0,4215.0,4197.8,4210.8,8061
2026-04-02 12:50:00,4210.8,4214.0,4207.2,4210.2,5725
2026-04-02 12:55:00,4210.2,4212.9,4207.1,4209.3,4010
2026-04-02 13:00:00,4207.5,4228.0,4207.5,4225.0,5990
2026-04-02 13:05:00,4228.0,4231.5,4222.6,4226.8,5193
2026-04-02 13:10:00,4228.9,4240.5,4225.6,4240.5,9117
2026-04-02 13:15:00,4240.0,4247.8,4236.3,4246.0,11396
2026-04-02 13:20:00,4246.1,4255.8,4244.4,4255.8,7114
2026-04-02 13:25:00,4255.3,4266.0,4255.3,4265.0,7562
2026-04-02 13:30:00,4264.6,4270.0,4256.0,4270.0,6475
2026-04-02 13:35:00,4268.1,4287.5,4268.1,4284.4,10758
2026-04-02 13:40:00,4282.3,4299.9,4282.3,4297.8,10819
2026-04-02 13:45:00,4298.9,4298.9,4280.3,4293.2,8742
2026-04-02 13:50:00,4292.8,4295.0,4282.3,4287.0,5525
2026-04-02 13:55:00,4284.1,4290.9,4269.0,4288.2,15150
2026-04-02 14:00:00,4288.0,4304.0,4286.8,4298.2,11022
2026-04-02 14:05:00,4299.2,4304.6,4291.0,4296.3,5412
2026-04-02 14:10:00,4296.3,4303.1,4295.1,4300.3,4621
2026-04-02 14:15:00,4300.1,4302.9,4291.1,4299.7,4195
2026-04-02 14:20:00,4299.1,4308.7,4299.1,4307.4,5429
2026-04-02 14:25:00,4308.0,4318.9,4306.9,4313.0,7077
2026-04-02 14:30:00,4311.3,4314.0,4307.0,4307.0,5593
2026-04-02 14:35:00,4307.0,4307.0,4287.1,4294.9,6671
2026-04-02 14:40:00,4295.4,4297.6,4281.9,4284.5,6020
2026-04-02 14:45:00,4284.7,4292.7,4280.6,4280.9,5218
2026-04-02 14:50:00,4280.9,4291.5,4280.7,4291.1,107053
2026-04-02 14:55:00,4289.9,4297.4,4289.9,4292.0,7772
2026-04-02 15:00:00,4293.8,4306.4,4293.8,4304.3,65327
2026-04-02 15:05:00,4305.0,4311.8,4304.1,4309.8,17699
2026-04-02 15:10:00,4309.8,4314.2,4306.0,4314.2,14372
2026-04-02 15:15:00,4314.2,4318.0,4304.4,4306.8,26824
2026-04-02 15:20:00,4306.5,4309.4,4292.7,4299.9,27855
2026-04-02 15:25:00,4299.9,4313.0,4267.1,4285.0,12530
2026-04-06 09:15:00,4279.8,4337.8,4270.0,4308.4,20516
2026-04-06 09:20:00,4308.4,4322.9,4302.8,4321.6,7243
2026-04-06 09:25:00,4322.2,4322.2,4288.6,4302.2,6463
2026-04-06 09:30:00,4304.0,4309.1,4298.7,4305.0,3142
2026-04-06 09:35:00,4303.2,4320.0,4302.0,4302.0,7443
2026-04-06 09:40:00,4302.0,4303.5,4281.1,4299.0,4064
2026-04-06 09:45:00,4300.6,4304.0,4282.2,4285.0,2949
2026-04-06 09:50:00,4284.0,4288.6,4275.9,4283.5,2065
2026-04-06 09:55:00,4283.5,4290.5,4282.0,4289.1,4045
2026-04-06 10:00:00,4288.9,4295.1,4275.4,4280.9,2200
2026-04-06 10:05:00,4280.9,4297.0,4276.0,4297.0,2489
2026-04-06 10:10:00,4297.0,4297.0,4288.1,4291.0,1113
2026-04-06 10:15:00,4290.5,4295.8,4274.0,4274.6,2746
2026-04-06 10:20:00,4274.5,4277.9,4261.3,4266.0,3188
2026-04-06 10:25:00,4266.0,4273.7,4264.1,4273.7,1830
2026-04-06 10:30:00,4273.6,4279.9,4266.4,4278.8,3048
2026-04-06 10:35:00,4278.8,4278.8,4260.5,4276.2,6783
2026-04-06 10:40:00,4276.2,4285.5,4275.0,4282.0,1867
2026-04-06 10:45:00,4282.0,4291.2,4276.1,4289.6,2550
2026-04-06 10:50:00,4290.2,4293.9,4284.4,4291.4,863
2026-04-06 10:55:00,4291.4,4297.9,4289.0,4294.7,913
2026-04-06 11:00:00,4294.7,4294.7,4284.4,4284.4,307
2026-04-06 11:05:00,4284.4,4285.0,4282.0,4284.0,639
2026-04-06 11:10:00,4284.0,4287.7,4279.7,4280.7,4228
2026-04-06 11:15:00,4281.0,4286.6,4280.0,4286.4,3788
2026-04-06 11:20:00,4286.2,4286.2,4262.2,4273.9,10027
2026-04-06 11:25:00,4273.9,4279.3,4269.6,4277.3,984
2026-04-06 11:30:00,4278.8,4280.9,4267.8,4272.2,3174
2026-04-06 11:35:00,4272.6,4278.3,4267.3,4269.0,1705
2026-04-06 11:40:00,4267.1,4274.2,4265.2,4272.1,6397
2026-04-06 11:45:00,4272.1,4280.5,4269.4,4278.9,3371
2026-04-06 11:50:00,4278.8,4286.1,4274.1,4279.8,2738
2026-04-06 11:55:00,4280.0,4290.0,4280.0,4283.6,2802
2026-04-06 12:00:00,4284.3,4289.6,4277.0,4277.0,3801
2026-04-06 12:05:00,4277.7,4288.4,4277.0,4283.0,2313
2026-04-06 12:10:00,4283.1,4285.6,4282.5,4283.0,1518
2026-04-06 12:15:00,4283.0,4285.7,4279.9,4279.9,1233
2026-04-06 12:20:00,4279.9,4292.2,4277.0,4285.9,3642
2026-04-06 12:25:00,4285.9,4295.4,4281.9,4294.1,2270
2026-04-06 12:30:00,4293.6,4294.7,4277.0,4287.1,1807
2026-04-06 12:35:00,4287.3,4292.0,4286.0,4286.7,2436
2026-04-06 12:40:00,4286.7,4292.2,4282.4,4285.3,2326
2026-04-06 12:45:00,4285.3,4297.0,4284.8,4296.5,2384
2026-04-06 12:50:00,4296.0,4305.0,4294.0,4298.6,1766
2026-04-06 12:55:00,4298.7,4305.0,4298.0,4303.8,940
2026-04-06 13:00:00,4303.3,4304.8,4298.0,4300.8,2348
2026-04-06 13:05:00,4300.4,4303.2,4298.9,4300.4,1023
2026-04-06 13:10:00,4300.0,4309.0,4299.0,4304.0,2039
2026-04-06 13:15:00,4304.0,4304.9,4299.0,4300.0,2337
2026-04-06 13:20:00,4299.6,4302.7,4297.0,4298.6,2789
2026-04-06 13:25:00,4298.5,4302.6,4297.0,4297.6,2324
2026-04-06 13:30:00,4297.6,4300.0,4296.0,4297.1,1823
2026-04-06 13:35:00,4297.0,4301.0,4296.1,4297.8,1279
2026-04-06 13:40:00,4297.8,4305.0,4295.5,4300.8,4832
2026-04-06 13:45:00,4300.5,4308.0,4299.6,4300.0,3984
2026-04-06 13:50:00,4300.0,4306.0,4300.0,4303.0,2728
2026-04-06 13:55:00,4302.9,4307.0,4302.9,4306.8,2093
2026-04-06 14:00:00,4306.8,4310.0,4305.0,4309.2,2166
2026-04-06 14:05:00,4309.2,4309.5,4300.0,4300.0,5271
2026-04-06 14:10:00,4301.4,4302.9,4300.0,4301.1,592
2026-04-06 14:15:00,4301.1,4309.0,4301.1,4302.9,1851
2026-04-06 14:20:00,4303.4,4305.2,4303.0,4305.1,1022
2026-04-06 14:25:00,4305.1,4306.3,4301.1,4301.8,6808
2026-04-06 14:30:00,4302.4,4309.9,4302.2,4306.7,1051
2026-04-06 14:35:00,4306.8,4309.4,4301.9,4301.9,752
2026-04-06 14:40:00,4301.9,4305.0,4297.9,4300.0,4849
2026-04-06 14:45:00,4300.0,4305.0,4298.0,4303.8,3374
2026-04-06 14:50:00,4303.3,4305.2,4299.1,4300.1,17314
2026-04-06 14:55:00,4299.9,4307.2,4294.1,4306.1,5811
2026-04-06 15:00:00,4304.6,4310.0,4300.0,4303.2,9567
2026-04-06 15:05:00,4304.6,4307.1,4300.9,4305.7,5721
2026-04-06 15:10:00,4303.2,4311.3,4301.7,4307.6,8968
2026-04-06 15:15:00,4309.1,4310.0,4301.6,4304.1,13448
2026-04-06 15:20:00,4304.0,4313.9,4299.9,4313.9,14563
2026-04-06 15:25:00,4313.4,4325.0,4300.0,4305.1,8925
2026-04-07 09:15:00,4300.0,4317.0,4264.5,4308.1,13798
2026-04-07 09:20:00,4308.1,4346.8,4306.8,4331.8,12555
2026-04-07 09:25:00,4330.0,4345.0,4327.4,4335.2,3774
2026-04-07 09:30:00,4336.0,4358.0,4333.0,4352.8,9762
2026-04-07 09:35:00,4352.8,4357.5,4325.1,4327.0,7650
2026-04-07 09:40:00,4326.0,4332.5,4306.0,4308.1,6906
2026-04-07 09:45:00,4309.8,4315.7,4298.4,4304.8,5222
2026-04-07 09:50:00,4303.1,4349.9,4303.1,4347.1,10720
2026-04-07 09:55:00,4347.1,4373.1,4347.1,4372.9,16142
2026-04-07 10:00:00,4370.8,4385.5,4365.3,4383.0,13101
2026-04-07 10:05:00,4382.6,4387.6,4370.0,4372.2,13159
2026-04-07 10:10:00,4372.1,4375.0,4361.1,4375.0,6564
2026-04-07 10:15:00,4375.0,4382.0,4370.2,4380.0,7629
2026-04-07 10:20:00,4381.4,4384.0,4364.7,4383.4,117375
2026-04-07 10:25:00,4383.4,4385.7,4377.2,4383.0,8463
2026-04-07 10:30:00,4383.0,4389.0,4380.0,4380.3,5368
2026-04-07 10:35:00,4381.1,4382.9,4367.2,4376.0,4069
2026-04-07 10:40:00,4376.4,4398.0,4375.0,4394.5,8875
2026-04-07 10:45:00,4396.0,4403.5,4392.4,4393.2,8466
2026-04-07 10:50:00,4393.1,4395.2,4370.0,4374.9,6377
2026-04-07 10:55:00,4374.5,4385.9,4371.4,4379.7,3958
2026-04-07 11:00:00,4379.7,4385.1,4374.9,4382.0,3916
2026-04-07 11:05:00,4382.1,4398.5,4382.1,4384.9,4953
2026-04-07 11:10:00,4384.4,4387.8,4381.1,4381.6,3280
2026-04-07 11:15:00,4382.1,4408.0,4381.6,4408.0,8970
2026-04-07 11:20:00,4407.4,4408.0,4396.3,4400.2,6551
2026-04-07 11:25:00,4400.5,4403.9,4396.0,4398.1,3999
2026-04-07 11:30:00,4398.2,4410.0,4397.4,4410.0,6038
2026-04-07 11:35:00,4408.0,4410.9,4403.7,4405.0,5169
2026-04-07 11:40:00,4404.8,4420.0,4397.0,4417.4,9353
2026-04-07 11:45:00,4417.4,4417.4,4403.2,4412.4,4956
2026-04-07 11:50:00,4412.3,4415.5,4410.4,4414.9,3967
2026-04-07 11:55:00,4415.0,4427.5,4413.2,4425.1,13276
2026-04-07 12:00:00,4424.6,4426.3,4416.0,4422.0,4070
2026-04-07 12:05:00,4421.5,4428.8,4416.6,4427.0,3949
2026-04-07 12:10:00,4426.4,4428.4,4416.1,4425.0,5263
2026-04-07 12:15:00,4424.7,4426.7,4416.0,4420.0,5007
2026-04-07 12:20:00,4420.0,4420.0,4406.3,4407.2,5160
2026-04-07 12:25:00,4406.9,4412.9,4404.8,4410.0,4266
2026-04-07 12:30:00,4410.0,4415.6,4410.0,4410.6,2768
2026-04-07 12:35:00,4412.9,4414.8,4410.0,4412.6,2409
2026-04-07 12:40:00,4412.7,4416.7,4407.6,4407.7,5552
2026-04-07 12:45:00,4407.9,4409.4,4402.8,4403.6,3172
2026-04-07 12:50:00,4403.6,4405.3,4399.1,4403.1,3669
2026-04-07 12:55:00,4404.9,4405.1,4392.3,4392.3,6938
2026-04-07 13:00:00,4392.3,4402.9,4389.5,4402.9,6277
2026-04-07 13:05:00,4402.4,4402.4,4394.9,4401.0,2768
2026-04-07 13:10:00,4401.0,4409.3,4398.6,4405.1,3397
2026-04-07 13:15:00,4404.8,4410.1,4404.3,4406.8,2815
2026-04-07 13:20:00,4406.9,4409.5,4396.1,4399.0,3252
2026-04-07 13:25:00,4398.5,4415.3,4394.0,4415.3,3542
2026-04-07 13:30:00,4417.9,4424.8,4415.1,4421.9,3416
2026-04-07 13:35:00,4421.4,4424.0,4417.5,4421.0,2155
2026-04-07 13:40:00,4421.0,4425.0,4418.8,4422.5,2349
2026-04-07 13:45:00,4421.9,4425.0,4417.3,4417.3,2599
2026-04-07 13:50:00,4417.5,4417.5,4410.9,4416.6,3836
2026-04-07 13:55:00,4416.1,4417.5,4405.5,4405.7,2663
2026-04-07 14:00:00,4405.3,4416.3,4404.9,4414.2,985
2026-04-07 14:05:00,4413.9,4417.7,4408.9,4412.2,890
2026-04-07 14:10:00,4411.7,4414.0,4403.7,4405.8,1190
2026-04-07 14:15:00,4406.1,4410.6,4403.3,4403.9,1843
2026-04-07 14:20:00,4404.0,4409.6,4402.5,4409.0,1175
2026-04-07 14:25:00,4407.7,4415.0,4407.4,4410.9,3811
2026-04-07 14:30:00,4410.4,4418.0,4407.8,4407.8,21903
2026-04-07 14:35:00,4407.3,4410.1,4400.0,4410.0,2371
2026-04-07 14:40:00,4409.5,4417.0,4409.0,4415.9,975
2026-04-07 14:45:00,4415.9,4417.0,4412.8,4413.6,1171
2026-04-07 14:50:00,4413.6,4425.0,4413.6,4425.0,1988
2026-04-07 14:55:00,4425.6,4436.5,4425.0,4434.4,10150
2026-04-07 15:00:00,4434.3,4440.0,4427.5,4439.0,12714
2026-04-07 15:05:00,4439.5,4444.0,4436.1,4441.4,6937
2026-04-07 15:10:00,4441.4,4443.0,4436.7,4442.7,6412
2026-04-07 15:15:00,4443.2,4446.8,4437.6,4444.0,8873
2026-04-07 15:20:00,4444.0,4452.0,4444.0,4451.7,15035
2026-04-07 15:25:00,4452.0,4455.0,4444.0,4454.9,11476
2026-04-08 09:15:00,4584.4,4584.4,4497.0,4532.5,19747
2026-04-08 09:20:00,4532.5,4533.9,4491.7,4498.0,13929
2026-04-08 09:25:00,4498.0,4506.3,4473.1,4475.7,11015
2026-04-08 09:30:00,4475.9,4492.9,4470.2,4477.2,11258
2026-04-08 09:35:00,4475.0,4483.9,4465.0,4470.3,8093
2026-04-08 09:40:00,4470.0,4497.7,4459.3,4489.5,9851
2026-04-08 09:45:00,4489.9,4509.7,4486.6,4487.0,7533
2026-04-08 09:50:00,4487.3,4494.4,4476.6,4488.5,12493
2026-04-08 09:55:00,4487.1,4501.7,4484.5,4499.2,7746
2026-04-08 10:00:00,4499.9,4505.0,4485.1,4485.8,7217
2026-04-08 10:05:00,4485.8,4493.8,4484.5,4485.0,2944
2026-04-08 10:10:00,4485.0,4491.5,4482.0,4491.5,11022
2026-04-08 10:15:00,4491.0,4491.0,4483.0,4486.4,3623
2026-04-08 10:20:00,4486.5,4497.0,4483.0,4495.6,3451
2026-04-08 10:25:00,4495.6,4499.3,4489.6,4495.7,2785
2026-04-08 10:30:00,4495.7,4504.1,4494.7,4503.2,2034
2026-04-08 10:35:00,4502.7,4507.8,4486.9,4493.5,9774
2026-04-08 10:40:00,4493.0,4500.0,4491.0,4494.9,3969
2026-04-08 10:45:00,4494.9,4500.0,4492.0,4492.1,3246
2026-04-08 10:50:00,4492.1,4494.5,4486.5,4492.1,3438
2026-04-08 10:55:00,4493.1,4498.4,4491.6,4497.5,3269
2026-04-08 11:00:00,4497.5,4497.5,4488.6,4489.8,1562
2026-04-08 11:05:00,4490.3,4497.0,4490.0,4495.9,2445
2026-04-08 11:10:00,4495.9,4500.0,4492.9,4496.2,4171
2026-04-08 11:15:00,4495.7,4500.0,4495.1,4499.3,1250
2026-04-08 11:20:00,4499.3,4500.0,4497.4,4499.0,1391
2026-04-08 11:25:00,4498.8,4498.8,4493.0,4495.1,2150
2026-04-08 11:30:00,4495.1,4500.0,4495.1,4499.5,924
2026-04-08 11:35:00,4499.0,4500.0,4494.2,4498.9,9740
2026-04-08 11:40:00,4498.4,4500.0,4495.1,4496.7,3833
2026-04-08 11:45:00,4496.7,4500.0,4490.0,4490.0,1539
2026-04-08 11:50:00,4490.5,4500.0,4490.5,4493.4,1744
2026-04-08 11:55:00,4493.4,4495.7,4490.3,4492.7,1518
2026-04-08 12:00:00,4493.9,4499.8,4490.3,4499.0,1393
2026-04-08 12:05:00,4499.0,4500.0,4494.1,4500.0,5256
2026-04-08 12:10:00,4499.9,4500.0,4490.5,4492.1,5194
2026-04-08 12:15:00,4492.2,4500.3,4492.2,4498.8,4365
2026-04-08 12:20:00,4498.3,4500.0,4496.8,4499.8,5021
2026-04-08 12:25:00,4500.0,4500.3,4493.5,4499.9,2251
2026-04-08 12:30:00,4499.9,4500.0,4491.1,4491.2,9059
2026-04-08 12:35:00,4491.1,4493.8,4490.3,4490.8,983
2026-04-08 12:40:00,4490.3,4500.0,4490.3,4500.0,1537
2026-04-08 12:45:00,4500.0,4500.0,4492.9,4495.9,2970
2026-04-08 12:50:00,4495.4,4496.8,4491.0,4492.0,1925
2026-04-08 12:55:00,4493.0,4499.5,4492.0,4498.1,5605
2026-04-08 13:00:00,4498.1,4500.3,4498.1,4500.0,9361
2026-04-08 13:05:00,4499.9,4500.0,4490.3,4491.4,5938
2026-04-08 13:10:00,4491.4,4496.2,4490.4,4495.8,984
2026-04-08 13:15:00,4495.3,4500.0,4494.0,4497.5,6273
2026-04-08 13:20:00,4497.5,4501.0,4495.9,4500.0,18717
2026-04-08 13:25:00,4500.0,4522.5,4499.4,4517.7,34394
2026-04-08 13:30:00,4517.7,4521.6,4514.6,4519.3,2007
2026-04-08 13:35:00,4518.8,4528.0,4511.5,4516.9,3121
2026-04-08 13:40:00,4516.9,4517.8,4502.9,4505.5,2867
2026-04-08 13:45:00,4505.5,4515.4,4504.4,4507.8,2222
2026-04-08 13:50:00,4508.6,4515.3,4508.4,4509.0,4073
2026-04-08 13:55:00,4510.6,4516.4,4510.6,4512.5,1259
2026-04-08 14:00:00,4513.7,4531.0,4512.2,4531.0,2894
2026-04-08 14:05:00,4531.0,4531.0,4517.7,4521.9,7937
2026-04-08 14:10:00,4520.7,4521.4,4515.0,4517.3,1541
2026-04-08 14:15:00,4517.0,4522.7,4516.0,4522.1,4595
2026-04-08 14:20:00,4522.0,4522.1,4506.1,4507.2,3557
2026-04-08 14:25:00,4507.2,4521.0,4505.2,4511.1,4819
2026-04-08 14:30:00,4511.0,4516.2,4509.5,4509.8,2006
2026-04-08 14:35:00,4509.8,4510.8,4505.4,4508.8,3493
2026-04-08 14:40:00,4508.3,4521.9,4508.3,4517.5,3099
2026-04-08 14:45:00,4516.3,4518.3,4512.9,4512.9,1705
2026-04-08 14:50:00,4512.6,4515.7,4506.3,4511.4,1574
2026-04-08 14:55:00,4510.9,4532.0,4509.6,4528.9,5936
2026-04-08 15:00:00,4528.4,4528.4,4518.1,4522.5,5232
2026-04-08 15:05:00,4522.0,4525.0,4519.5,4525.0,5610
2026-04-08 15:10:00,4525.0,4529.9,4519.1,4520.9,10058
2026-04-08 15:15:00,4520.3,4526.9,4516.2,4522.6,7966
2026-04-08 15:20:00,4520.5,4530.0,4514.6,4530.0,14744
2026-04-08 15:25:00,4528.4,4535.9,4520.3,4535.0,7823
2026-04-09 09:15:00,4523.0,4552.3,4472.0,4490.9,13611
2026-04-09 09:20:00,4491.7,4510.4,4487.5,4501.1,12091
2026-04-09 09:25:00,4500.9,4519.0,4500.3,4516.4,6001
2026-04-09 09:30:00,4515.8,4518.3,4473.0,4475.4,6159
2026-04-09 09:35:00,4472.0,4479.9,4457.1,4458.7,5810
2026-04-09 09:40:00,4457.2,4460.1,4442.2,4451.1,5818
2026-04-09 09:45:00,4448.1,4450.6,4432.5,4441.0,9307
2026-04-09 09:50:00,4442.0,4449.3,4439.8,4446.4,3100
2026-04-09 09:55:00,4446.6,4449.8,4428.1,4431.2,4486
2026-04-09 10:00:00,4431.3,4438.1,4425.5,4436.5,3103
2026-04-09 10:05:00,4436.5,4440.0,4428.0,4431.5,4149
2026-04-09 10:10:00,4431.5,4442.0,4431.5,4432.3,2680
2026-04-09 10:15:00,4432.0,4448.5,4428.6,4448.5,2751
2026-04-09 10:20:00,4447.9,4459.9,4441.7,4455.4,34473
2026-04-09 10:25:00,4455.2,4456.7,4438.0,4453.0,3447
2026-04-09 10:30:00,4450.9,4454.7,4445.0,4445.2,1760
2026-04-09 10:35:00,4445.2,4472.0,4442.0,4471.9,7681
2026-04-09 10:40:00,4471.9,4480.0,4468.1,4472.2,5534
2026-04-09 10:45:00,4473.2,4480.0,4471.6,4479.1,1839
2026-04-09 10:50:00,4477.4,4479.1,4465.1,4466.7,2016
2026-04-09 10:55:00,4466.8,4477.9,4466.8,4477.0,926
2026-04-09 11:00:00,4477.0,4485.8,4476.0,4478.6,2981
2026-04-09 11:05:00,4478.6,4487.4,4475.0,4483.8,3769
2026-04-09 11:10:00,4483.8,4487.9,4479.0,4482.7,1642
2026-04-09 11:15:00,4483.0,4487.6,4470.0,4474.8,2733
2026-04-09 11:20:00,4474.8,4477.8,4465.5,4473.2,1225
2026-04-09 11:25:00,4473.2,4486.7,4473.2,4484.2,2014
2026-04-09 11:30:00,4485.0,4499.5,4485.0,4497.0,3943
2026-04-09 11:35:00,4497.2,4498.9,4494.1,4498.8,1288
2026-04-09 11:40:00,4498.3,4504.6,4498.3,4502.0,3391
2026-04-09 11:45:00,4501.5,4507.4,4498.0,4505.9,2333
2026-04-09 11:50:00,4506.9,4510.0,4498.7,4510.0,2484
2026-04-09 11:55:00,4511.6,4521.0,4511.6,4519.4,4407
2026-04-09 12:00:00,4519.0,4535.1,4519.0,4528.9,4012
2026-04-09 12:05:00,4528.6,4538.9,4523.5,4537.5,2481
2026-04-09 12:10:00,4537.5,4538.5,4530.1,4535.3,2176
2026-04-09 12:15:00,4535.3,4541.7,4535.0,4535.4,3572
2026-04-09 12:20:00,4535.7,4542.0,4534.9,4536.9,1819
2026-04-09 12:25:00,4536.9,4542.0,4534.9,4541.7,2325
2026-04-09 12:30:00,4541.7,4544.5,4535.8,4539.5,1855
2026-04-09 12:35:00,4539.6,4547.8,4539.6,4544.0,1707
2026-04-09 12:40:00,4544.0,4546.9,4543.2,4546.0,1631
2026-04-09 12:45:00,4545.5,4546.0,4535.4,4536.2,1661
2026-04-09 12:50:00,4535.7,4549.9,4533.5,4549.2,3254
2026-04-09 12:55:00,4549.2,4553.2,4547.4,4549.0,1792
2026-04-09 13:00:00,4549.0,4575.0,4547.9,4575.0,13163
2026-04-09 13:05:00,4575.0,4579.0,4567.1,4576.7,8730
2026-04-09 13:10:00,4576.6,4583.0,4562.0,4582.0,10641
2026-04-09 13:15:00,4582.0,4583.1,4575.1,4579.8,4955
2026-04-09 13:20:00,4580.0,4580.0,4564.4,4566.0,7366
2026-04-09 13:25:00,4566.5,4566.8,4557.0,4561.6,6688
2026-04-09 13:30:00,4561.5,4572.0,4556.5,4568.3,4242
2026-04-09 13:35:00,4568.3,4571.6,4565.4,4568.9,2159
2026-04-09 13:40:00,4566.5,4567.0,4558.2,4563.7,3229
2026-04-09 13:45:00,4563.7,4569.4,4555.9,4557.1,5555
2026-04-09 13:50:00,4559.2,4567.5,4556.8,4567.5,4633
2026-04-09 13:55:00,4567.0,4574.8,4564.1,4569.6,3022
2026-04-09 14:00:00,4569.6,4571.0,4564.6,4565.8,1982
2026-04-09 14:05:00,4566.3,4574.9,4558.0,4569.0,3581
2026-04-09 14:10:00,4569.0,4577.0,4566.5,4571.7,3692
2026-04-09 14:15:00,4571.2,4571.2,4560.1,4565.4,1475
2026-04-09 14:20:00,4563.6,4567.0,4556.9,4557.6,2225
2026-04-09 14:25:00,4558.9,4559.9,4543.0,4544.2,5464
2026-04-09 14:30:00,4543.3,4560.0,4540.0,4556.1,8554
2026-04-09 14:35:00,4556.1,4566.2,4555.0,4560.0,3655
2026-04-09 14:40:00,4560.1,4567.7,4557.9,4563.7,2393
2026-04-09 14:45:00,4563.1,4566.5,4561.7,4563.4,2244
2026-04-09 14:50:00,4563.4,4570.0,4557.0,4569.8,3234
2026-04-09 14:55:00,4568.7,4574.1,4566.7,4569.4,4701
2026-04-09 15:00:00,4571.4,4579.5,4562.3,4567.8,13125
2026-04-09 15:05:00,4567.3,4580.0,4567.3,4579.0,7601
2026-04-09 15:10:00,4580.0,4580.0,4570.8,4576.8,9192
2026-04-09 15:15:00,4576.8,4580.0,4567.7,4569.4,9012
2026-04-09 15:20:00,4569.4,4573.0,4561.4,4571.0,10905
2026-04-09 15:25:00,4571.0,4577.2,4569.1,4576.0,6529
2026-04-10 09:15:00,4567.2,4567.2,4433.6,4482.0,35177
2026-04-10 09:20:00,4484.9,4485.5,4460.2,4466.0,10785
2026-04-10 09:25:00,4465.6,4495.0,4460.1,4495.0,11771
2026-04-10 09:30:00,4494.6,4496.9,4475.4,4486.4,10239
2026-04-10 09:35:00,4486.0,4489.2,4434.8,4453.5,25147
2026-04-10 09:40:00,4450.0,4461.2,4445.9,4453.1,10363
2026-04-10 09:45:00,4451.2,4454.4,4435.0,4454.2,10509
2026-04-10 09:50:00,4454.2,4475.0,4450.8,4471.0,9527
2026-04-10 09:55:00,4472.0,4478.0,4464.0,4476.9,5134
2026-04-10 10:00:00,4476.9,4477.9,4455.2,4458.2,5247
2026-04-10 10:05:00,4458.3,4459.8,4446.3,4457.9,6045
2026-04-10 10:10:00,4457.9,4470.5,4457.0,4467.1,4193
2026-04-10 10:15:00,4466.8,4467.5,4444.0,4447.9,8202
2026-04-10 10:20:00,4447.9,4460.9,4446.4,4460.9,3959
2026-04-10 10:25:00,4460.4,4460.5,4449.6,4460.0,3266
2026-04-10 10:30:00,4458.1,4464.8,4450.0,4454.2,2796
2026-04-10 10:35:00,4453.7,4455.2,4451.1,4455.2,1924
2026-04-10 10:40:00,4454.7,4458.6,4450.0,4457.3,3339
2026-04-10 10:45:00,4456.7,4460.0,4454.1,4455.7,1843
2026-04-10 10:50:00,4455.7,4464.0,4454.1,4462.1,4055
2026-04-10 10:55:00,4462.1,4464.3,4455.3,4455.3,2622
2026-04-10 11:00:00,4455.4,4457.4,4451.4,4454.0,6631
2026-04-10 11:05:00,4454.0,4455.0,4450.0,4453.7,3079
2026-04-10 11:10:00,4452.0,4454.4,4447.8,4448.0,3153
2026-04-10 11:15:00,4448.0,4454.8,4447.8,4449.8,4529
2026-04-10 11:20:00,4449.1,4452.3,4446.8,4450.0,1560
2026-04-10 11:25:00,4451.1,4456.4,4448.1,4452.0,1371
2026-04-10 11:30:00,4452.0,4455.6,4445.3,4448.7,5424
2026-04-10 11:35:00,4450.0,4452.0,4436.1,4438.0,10373
2026-04-10 11:40:00,4437.5,4444.0,4433.3,4435.0,9408
2026-04-10 11:45:00,4435.0,4436.0,4424.1,4428.5,6985
2026-04-10 11:50:00,4429.7,4436.1,4417.2,4420.0,10879
2026-04-10 11:55:00,4419.7,4421.2,4415.0,4421.1,6129
2026-04-10 12:00:00,4420.0,4432.6,4420.0,4429.9,6520
2026-04-10 12:05:00,4429.9,4442.0,4426.9,4438.2,7073
2026-04-10 12:10:00,4438.2,4453.6,4437.7,4447.7,9990
2026-04-10 12:15:00,4447.6,4452.0,4444.2,4449.6,3620
2026-04-10 12:20:00,4452.0,4453.0,4445.0,4453.0,3147
2026-04-10 12:25:00,4452.5,4455.0,4445.0,4445.1,3942
2026-04-10 12:30:00,4445.1,4448.2,4444.0,4448.0,2455
2026-04-10 12:35:00,4447.5,4464.2,4447.0,4461.9,4570
2026-04-10 12:40:00,4462.6,4474.0,4462.6,4470.4,5269
2026-04-10 12:45:00,4470.4,4484.9,4469.2,4483.0,5900
2026-04-10 12:50:00,4483.0,4484.8,4475.6,4480.9,3434
2026-04-10 12:55:00,4480.0,4491.5,4477.8,4488.4,3991
2026-04-10 13:00:00,4486.0,4493.9,4486.0,4490.0,3730
2026-04-10 13:05:00,4492.3,4502.6,4491.8,4500.9,5302
2026-04-10 13:10:00,4500.0,4501.0,4491.0,4499.0,5510
2026-04-10 13:15:00,4499.0,4503.1,4495.6,4498.5,2993
2026-04-10 13:20:00,4498.5,4503.2,4495.0,4500.0,2519
2026-04-10 13:25:00,4500.0,4501.5,4495.0,4500.4,2590
2026-04-10 13:30:00,4500.1,4508.8,4500.0,4504.6,3502
2026-04-10 13:35:00,4503.6,4504.4,4496.0,4496.8,1912
2026-04-10 13:40:00,4496.9,4512.0,4496.9,4503.0,5367
2026-04-10 13:45:00,4502.5,4506.5,4496.7,4505.3,2717
2026-04-10 13:50:00,4504.1,4504.1,4494.3,4497.7,2161
2026-04-10 13:55:00,4496.0,4497.9,4492.7,4497.1,4313
2026-04-10 14:00:00,4496.6,4497.1,4487.1,4487.1,1767
2026-04-10 14:05:00,4488.3,4490.0,4480.4,4483.8,4083
2026-04-10 14:10:00,4483.8,4489.9,4482.2,4486.0,1994
2026-04-10 14:15:00,4486.0,4492.0,4473.2,4492.0,5417
2026-04-10 14:20:00,4491.5,4494.5,4483.8,4483.8,2812
2026-04-10 14:25:00,4483.8,4486.0,4479.3,4485.2,2267
2026-04-10 14:30:00,4485.2,4487.5,4482.0,4483.1,2406
2026-04-10 14:35:00,4482.6,4483.9,4477.6,4483.9,2785
2026-04-10 14:40:00,4483.0,4491.2,4482.5,4487.7,4071
2026-04-10 14:45:00,4487.7,4499.1,4485.9,4497.5,3797
2026-04-10 14:50:00,4497.5,4497.7,4494.3,4495.1,2119
2026-04-10 14:55:00,4495.1,4497.9,4492.0,4494.9,3395
2026-04-10 15:00:00,4494.4,4504.0,4494.4,4501.5,5004
2026-04-10 15:05:00,4502.9,4508.0,4500.2,4502.2,4663
2026-04-10 15:10:00,4502.1,4505.8,4500.0,4504.0,5882
2026-04-10 15:15:00,4503.0,4506.3,4498.3,4503.0,6351
2026-04-10 15:20:00,4501.8,4505.0,4500.0,4504.9,5999
2026-04-10 15:25:00,4504.9,4510.0,4495.0,4495.0,6269
2026-04-13 09:15:00,4410.0,4442.9,4400.0,4407.6,15447
2026-04-13 09:20:00,4409.6,4443.0,4407.0,4441.0,5083
2026-04-13 09:25:00,4438.6,4449.7,4435.0,4435.0,8461
2026-04-13 09:30:00,4435.0,4439.8,4425.5,4430.0,4081
2026-04-13 09:35:00,4427.4,4428.8,4411.0,4413.0,7174
2026-04-13 09:40:00,4413.0,4441.9,4412.1,4431.0,2771
2026-04-13 09:45:00,4431.0,4441.3,4428.5,4437.4,2225
2026-04-13 09:50:00,4436.9,4454.1,4436.9,4449.4,5484
2026-04-13 09:55:00,4448.4,4457.3,4444.2,4455.6,2359
2026-04-13 10:00:00,4455.0,4461.8,4449.5,4458.0,1939
2026-04-13 10:05:00,4458.0,4465.0,4457.5,4463.0,3375
2026-04-13 10:10:00,4463.0,4471.7,4450.8,4456.0,4364
2026-04-13 10:15:00,4456.0,4456.0,4441.8,4454.2,2174
2026-04-13 10:20:00,4453.4,4464.5,4452.2,4457.9,1331
2026-04-13 10:25:00,4456.1,4464.0,4455.8,4461.7,1348
2026-04-13 10:30:00,4461.7,4470.9,4459.5,4468.8,2637
2026-04-13 10:35:00,4468.3,4475.0,4460.7,4472.5,2016
2026-04-13 10:40:00,4472.5,4477.4,4465.0,4470.8,2179
2026-04-13 10:45:00,4470.3,4482.7,4470.3,4477.4,2175
2026-04-13 10:50:00,4476.9,4486.9,4476.9,4483.7,2312
2026-04-13 10:55:00,4483.7,4491.8,4483.2,4486.8,1272
2026-04-13 11:00:00,4486.3,4490.0,4484.0,4485.8,1517
2026-04-13 11:05:00,4485.5,4494.4,4485.5,4492.5,1804
2026-04-13 11:10:00,4492.1,4496.5,4484.6,4484.9,1129
2026-04-13 11:15:00,4484.6,4485.0,4474.0,4477.0,2687
2026-04-13 11:20:00,4476.3,4481.9,4467.9,4475.0,3246
2026-04-13 11:25:00,4473.7,4473.7,4468.7,4472.1,585
2026-04-13 11:30:00,4472.1,4472.1,4461.0,4462.1,1172
2026-04-13 11:35:00,4462.1,4465.0,4462.0,4463.2,1781
2026-04-13 11:40:00,4463.2,4464.0,4457.7,4463.1,1515
2026-04-13 11:45:00,4463.1,4467.5,4461.7,4466.9,1043
2026-04-13 11:50:00,4467.4,4469.9,4462.8,4463.9,2484
2026-04-13 11:55:00,4464.2,4464.3,4450.0,4450.1,3430
2026-04-13 12:00:00,4451.7,4454.0,4451.7,4452.2,635
2026-04-13 12:05:00,4452.2,4458.5,4452.2,4455.1,594
2026-04-13 12:10:00,4455.1,4458.1,4453.0,4455.0,632
2026-04-13 12:15:00,4455.0,4458.5,4454.0,4458.5,436
2026-04-13 12:20:00,4458.5,4463.9,4457.1,4463.9,268
2026-04-13 12:25:00,4463.9,4468.8,4461.2,4468.8,1247
2026-04-13 12:30:00,4468.3,4472.0,4466.5,4470.1,700
2026-04-13 12:35:00,4470.1,4481.3,4467.3,4481.3,1340
2026-04-13 12:40:00,4480.7,4480.7,4471.6,4477.3,1172
2026-04-13 12:45:00,4477.3,4477.3,4470.0,4473.7,1339
2026-04-13 12:50:00,4473.6,4477.1,4470.0,4472.0,1350
2026-04-13 12:55:00,4470.3,4471.2,4456.5,4462.5,1893
2026-04-13 13:00:00,4462.5,4463.9,4449.2,4449.2,1780
2026-04-13 13:05:00,4449.2,4458.4,4449.0,4457.0,760
2026-04-13 13:10:00,4457.0,4458.3,4450.6,4451.2,899
2026-04-13 13:15:00,4451.2,4458.0,4449.4,4449.4,1174
2026-04-13 13:20:00,4449.6,4458.0,4449.6,4457.5,1987
2026-04-13 13:25:00,4457.5,4466.4,4456.5,4463.0,2016
2026-04-13 13:30:00,4463.0,4467.7,4463.0,4465.3,762
2026-04-13 13:35:00,4465.3,4467.1,4460.0,4463.0,693
2026-04-13 13:40:00,4462.9,4465.1,4460.5,4460.5,324
2026-04-13 13:45:00,4462.3,4463.8,4462.0,4462.1,500
2026-04-13 13:50:00,4462.1,4467.1,4460.7,4465.0,799
2026-04-13 13:55:00,4465.0,4469.9,4465.0,4468.0,544
2026-04-13 14:00:00,4467.9,4469.5,4464.5,4465.1,438
2026-04-13 14:05:00,4465.0,4467.0,4460.0,4460.5,1103
2026-04-13 14:10:00,4460.5,4462.6,4460.0,4461.8,1884
2026-04-13 14:15:00,4461.4,4463.1,4460.0,4461.1,1264
2026-04-13 14:20:00,4461.1,4463.2,4460.0,4460.2,2109
2026-04-13 14:25:00,4460.2,4465.9,4459.0,4461.7,1004
2026-04-13 14:30:00,4461.7,4470.2,4461.7,4468.8,516
2026-04-13 14:35:00,4468.8,4470.0,4462.4,4462.4,639
2026-04-13 14:40:00,4462.1,4464.3,4460.0,4460.9,531
2026-04-13 14:45:00,4460.9,4467.4,4460.9,4465.8,1057
2026-04-13 14:50:00,4465.9,4469.6,4465.8,4467.0,508
2026-04-13 14:55:00,4467.0,4469.0,4462.0,4467.6,1090
2026-04-13 15:00:00,4469.0,4469.0,4450.3,4463.9,4734
2026-04-13 15:05:00,4464.4,4466.1,4456.6,4459.6,4921
2026-04-13 15:10:00,4456.2,4463.5,4455.1,4461.8,3024
2026-04-13 15:15:00,4461.8,4468.9,4461.0,4464.8,3716
2026-04-13 15:20:00,4465.8,4474.1,4465.7,4472.9,7158
2026-04-13 15:25:00,4474.0,4484.8,4469.9,4470.0,4563
2026-04-15 09:15:00,4516.9,4588.5,4501.0,4587.9,30952
2026-04-15 09:20:00,4587.9,4624.0,4585.1,4614.5,19837
2026-04-15 09:25:00,4614.4,4634.6,4607.1,4616.2,17399
2026-04-15 09:30:00,4616.3,4619.0,4587.2,4590.5,15120
2026-04-15 09:35:00,4588.5,4590.7,4565.3,4581.2,13773
2026-04-15 09:40:00,4581.2,4605.1,4581.2,4601.9,9731
2026-04-15 09:45:00,4600.7,4608.6,4590.4,4592.6,7766
2026-04-15 09:50:00,4591.4,4595.6,4561.1,4572.6,9446
2026-04-15 09:55:00,4572.6,4579.8,4563.0,4571.2,5846
2026-04-15 10:00:00,4573.7,4587.8,4573.7,4585.0,5614
2026-04-15 10:05:00,4585.0,4592.9,4570.3,4578.2,5945
2026-04-15 10:10:00,4576.8,4578.9,4555.1,4578.0,7483
2026-04-15 10:15:00,4577.5,4584.8,4576.6,4578.5,4865
2026-04-15 10:20:00,4578.4,4578.4,4561.0,4571.9,4218
2026-04-15 10:25:00,4570.2,4579.3,4566.5,4569.0,3539
2026-04-15 10:30:00,4567.3,4579.4,4567.3,4577.1,3191
2026-04-15 10:35:00,4577.1,4578.9,4565.0,4571.6,3439
2026-04-15 10:40:00,4571.1,4573.3,4564.4,4564.4,2759
2026-04-15 10:45:00,4564.8,4566.7,4557.1,4559.1,5224
2026-04-15 10:50:00,4559.1,4561.6,4553.2,4561.6,4024
2026-04-15 10:55:00,4561.6,4571.7,4560.9,4569.4,3527
2026-04-15 11:00:00,4569.4,4578.0,4567.9,4571.5,4244
2026-04-15 11:05:00,4571.5,4574.5,4565.0,4574.5,2824
2026-04-15 11:10:00,4574.0,4579.9,4570.6,4573.8,3684
2026-04-15 11:15:00,4573.8,4588.6,4573.8,4576.6,4535
2026-04-15 11:20:00,4577.4,4589.9,4576.0,4587.8,4943
2026-04-15 11:25:00,4589.9,4594.5,4588.1,4593.0,3533
2026-04-15 11:30:00,4593.4,4593.9,4579.4,4586.4,4239
2026-04-15 11:35:00,4585.9,4595.7,4585.9,4595.7,2792
2026-04-15 11:40:00,4595.2,4600.0,4593.1,4598.9,3480
2026-04-15 11:45:00,4598.9,4600.0,4594.8,4598.0,1931
2026-04-15 11:50:00,4598.1,4599.7,4570.0,4583.3,6986
2026-04-15 11:55:00,4582.8,4586.9,4579.8,4586.2,2867
2026-04-15 12:00:00,4586.2,4588.4,4582.9,4586.9,2487
2026-04-15 12:05:00,4586.0,4589.2,4585.7,4588.4,2285
2026-04-15 12:10:00,4588.3,4600.0,4588.3,4597.3,4437
2026-04-15 12:15:00,4595.8,4597.3,4587.2,4589.8,3699
2026-04-15 12:20:00,4589.6,4591.5,4589.5,4590.3,1780
2026-04-15 12:25:00,4590.3,4593.8,4590.0,4590.0,2639
2026-04-15 12:30:00,4590.0,4595.0,4587.5,4591.9,4047
2026-04-15 12:35:00,4591.9,4603.1,4591.9,4599.1,5761
2026-04-15 12:40:00,4599.1,4605.0,4598.0,4605.0,4488
2026-04-15 12:45:00,4604.1,4609.2,4601.2,4606.0,4148
2026-04-15 12:50:00,4605.6,4609.0,4605.6,4608.7,3860
2026-04-15 12:55:00,4608.2,4609.3,4597.2,4600.2,4258
2026-04-15 13:00:00,4600.2,4610.0,4596.0,4607.7,5784
2026-04-15 13:05:00,4607.7,4610.4,4607.2,4609.6,3634
2026-04-15 13:10:00,4609.1,4614.6,4607.7,4609.0,4498
2026-04-15 13:15:00,4608.8,4612.0,4601.4,4605.1,4915
2026-04-15 13:20:00,4604.6,4608.4,4593.1,4600.5,6671
2026-04-15 13:25:00,4600.5,4611.0,4600.5,4607.1,6426
2026-04-15 13:30:00,4607.2,4611.5,4606.5,4607.3,5599
2026-04-15 13:35:00,4606.9,4612.0,4606.8,4610.0,6537
2026-04-15 13:40:00,4610.0,4618.5,4608.7,4617.8,6014
2026-04-15 13:45:00,4617.8,4622.6,4616.0,4618.3,8867
2026-04-15 13:50:00,4618.3,4620.6,4611.2,4614.8,5522
2026-04-15 13:55:00,4614.2,4620.6,4612.0,4618.4,2960
2026-04-15 14:00:00,4618.3,4620.5,4614.3,4620.1,4195
2026-04-15 14:05:00,4620.6,4623.0,4619.0,4622.4,4690
2026-04-15 14:10:00,4622.1,4622.4,4619.1,4619.4,4011
2026-04-15 14:15:00,4619.3,4620.9,4610.1,4614.7,4877
2026-04-15 14:20:00,4614.7,4619.0,4611.8,4616.7,4748
2026-04-15 14:25:00,4617.0,4621.9,4617.0,4620.5,6452
2026-04-15 14:30:00,4620.7,4628.0,4613.4,4614.0,16927
2026-04-15 14:35:00,4613.6,4615.3,4607.1,4608.7,5807
2026-04-15 14:40:00,4608.7,4619.4,4608.4,4615.5,6305
2026-04-15 14:45:00,4616.5,4619.5,4613.1,4618.5,4956
2026-04-15 14:50:00,4618.8,4619.7,4613.3,4618.3,6303
2026-04-15 14:55:00,4618.3,4623.8,4615.0,4621.7,7997
2026-04-15 15:00:00,4624.5,4634.0,4622.8,4631.7,16656
2026-04-15 15:05:00,4631.7,4640.0,4622.5,4635.3,18592
2026-04-15 15:10:00,4634.8,4674.4,4632.4,4657.0,20275
2026-04-15 15:15:00,4657.3,4670.0,4604.3,4605.7,45488
2026-04-15 15:20:00,4611.5,4646.1,4591.6,4638.3,41711
2026-04-15 15:25:00,4638.3,4641.7,4616.7,4630.0,11279
2026-04-16 09:15:00,4674.0,4739.2,4651.7,4730.0,20736
2026-04-16 09:20:00,4729.0,4771.9,4729.0,4769.5,26986
2026-04-16 09:25:00,4767.0,4770.1,4726.5,4728.9,16733
2026-04-16 09:30:00,4726.5,4736.7,4703.0,4715.9,11322
2026-04-16 09:35:00,4713.2,4727.9,4712.3,4715.0,6816
2026-04-16 09:40:00,4713.0,4715.2,4704.8,4710.0,5206
2026-04-16 09:45:00,4707.8,4712.6,4675.6,4679.0,12374
2026-04-16 09:50:00,4677.1,4706.4,4676.0,4706.4,8774
2026-04-16 09:55:00,4706.4,4706.9,4693.0,4693.9,4849
2026-04-16 10:00:00,4694.1,4701.0,4676.0,4689.1,6455
2026-04-16 10:05:00,4689.1,4700.9,4689.1,4690.1,9145
2026-04-16 10:10:00,4691.6,4698.6,4681.0,4687.0,5938
2026-04-16 10:15:00,4685.0,4710.0,4683.0,4694.4,4774
2026-04-16 10:20:00,4696.2,4716.6,4693.9,4713.0,10341
2026-04-16 10:25:00,4713.0,4721.0,4703.4,4716.0,7624
2026-04-16 10:30:00,4716.0,4722.2,4710.1,4715.0,6897
2026-04-16 10:35:00,4715.0,4730.2,4700.0,4700.6,14606
2026-04-16 10:40:00,4700.6,4709.5,4700.0,4709.0,5934
2026-04-16 10:45:00,4709.0,4710.8,4704.1,4708.5,2173
2026-04-16 10:50:00,4708.5,4720.0,4706.0,4716.2,3194
2026-04-16 10:55:00,4716.2,4719.0,4700.0,4703.7,20586
2026-04-16 11:00:00,4703.5,4714.6,4699.9,4711.0,7898
2026-04-16 11:05:00,4711.1,4720.7,4706.9,4719.0,13784
2026-04-16 11:10:00,4720.8,4722.8,4709.6,4719.2,6275
2026-04-16 11:15:00,4716.2,4723.2,4710.1,4719.2,8594
2026-04-16 11:20:00,4719.0,4719.0,4702.2,4705.0,4761
2026-04-16 11:25:00,4705.0,4710.6,4700.0,4706.2,4735
2026-04-16 11:30:00,4706.2,4710.9,4701.0,4709.4,2982
2026-04-16 11:35:00,4709.4,4711.0,4706.6,4710.2,2129
2026-04-16 11:40:00,4710.2,4710.2,4703.1,4704.7,2198
2026-04-16 11:45:00,4704.0,4718.0,4701.4,4715.9,7127
2026-04-16 11:50:00,4715.9,4721.2,4714.4,4718.0,4205
2026-04-16 11:55:00,4719.1,4720.1,4712.0,4714.0,2830
2026-04-16 12:00:00,4713.5,4713.5,4703.8,4707.0,3696
2026-04-16 12:05:00,4707.5,4714.2,4700.0,4711.8,6988
2026-04-16 12:10:00,4709.4,4713.5,4705.8,4706.4,3629
2026-04-16 12:15:00,4706.4,4713.5,4706.2,4711.0,3194
2026-04-16 12:20:00,4711.0,4718.9,4710.3,4710.9,3609
2026-04-16 12:25:00,4712.4,4718.0,4712.4,4714.9,2781
2026-04-16 12:30:00,4714.9,4719.0,4710.8,4710.9,3295
2026-04-16 12:35:00,4711.7,4716.8,4708.4,4713.0,2770
2026-04-16 12:40:00,4713.0,4721.0,4713.0,4715.0,3179
2026-04-16 12:45:00,4715.8,4716.5,4712.0,4714.1,2765
2026-04-16 12:50:00,4714.1,4726.9,4713.8,4715.6,4038
2026-04-16 12:55:00,4715.3,4718.4,4710.4,4715.8,3457
2026-04-16 13:00:00,4717.5,4719.4,4715.0,4717.8,2455
2026-04-16 13:05:00,4719.2,4723.4,4713.4,4715.0,4060
2026-04-16 13:10:00,4715.0,4719.8,4715.0,4717.8,2767
2026-04-16 13:15:00,4718.7,4727.3,4718.5,4724.4,5092
2026-04-16 13:20:00,4725.4,4726.8,4715.0,4715.0,4345
2026-04-16 13:25:00,4715.0,4721.0,4715.0,4719.1,3962
2026-04-16 13:30:00,4719.8,4723.8,4717.0,4720.8,4314
2026-04-16 13:35:00,4720.8,4725.0,4720.8,4722.0,4512
2026-04-16 13:40:00,4721.3,4722.9,4707.7,4718.1,6595
2026-04-16 13:45:00,4717.7,4726.6,4717.1,4723.5,3784
2026-04-16 13:50:00,4723.5,4728.3,4718.8,4722.4,5375
2026-04-16 13:55:00,4723.9,4727.9,4720.0,4724.6,3718
2026-04-16 14:00:00,4726.4,4738.0,4726.4,4735.5,8347
2026-04-16 14:05:00,4734.3,4736.7,4728.0,4731.5,4245
2026-04-16 14:10:00,4730.4,4740.1,4729.4,4734.1,5537
2026-04-16 14:15:00,4733.0,4738.5,4731.1,4736.5,2853
2026-04-16 14:20:00,4736.5,4742.9,4729.6,4733.9,6355
2026-04-16 14:25:00,4733.9,4739.3,4721.0,4725.9,5465
2026-04-16 14:30:00,4725.9,4730.1,4721.0,4725.6,7514
2026-04-16 14:35:00,4729.3,4735.8,4725.5,4731.1,8282
2026-04-16 14:40:00,4732.1,4743.8,4731.1,4743.8,6804
2026-04-16 14:45:00,4744.0,4747.7,4731.1,4740.0,6332
2026-04-16 14:50:00,4741.4,4745.9,4738.4,4738.4,7419
2026-04-16 14:55:00,4738.4,4742.0,4730.0,4732.7,5685
2026-04-16 15:00:00,4733.6,4739.8,4723.6,4731.8,8905
2026-04-16 15:05:00,4733.2,4734.1,4722.5,4724.8,7731
2026-04-16 15:10:00,4725.5,4734.4,4722.5,4722.5,12368
2026-04-16 15:15:00,4722.8,4730.8,4721.8,4729.7,9687
2026-04-16 15:20:00,4729.7,4740.0,4728.2,4738.3,11242
2026-04-16 15:25:00,4738.3,4744.1,4725.8,4726.0,11401
2026-04-17 09:15:00,4724.9,4760.0,4644.2,4760.0,20001
2026-04-17 09:20:00,4761.6,4774.0,4743.6,4744.7,7376
2026-04-17 09:25:00,4741.0,4765.4,4737.4,4758.4,12584
2026-04-17 09:30:00,4758.5,4759.7,4732.3,4737.3,2429
2026-04-17 09:35:00,4734.9,4746.2,4728.7,4732.5,110790
2026-04-17 09:40:00,4728.9,4733.2,4715.4,4733.2,5644
2026-04-17 09:45:00,4730.2,4744.8,4730.2,4734.5,3592
2026-04-17 09:50:00,4731.1,4736.3,4725.1,4729.8,2011
2026-04-17 09:55:00,4731.0,4739.0,4726.0,4738.3,1346
2026-04-17 10:00:00,4736.0,4738.6,4725.0,4737.5,4334
2026-04-17 10:05:00,4737.9,4744.8,4737.7,4743.0,3920
2026-04-17 10:10:00,4743.0,4746.0,4738.7,4746.0,2996
2026-04-17 10:15:00,4746.0,4751.9,4741.6,4744.8,4854
2026-04-17 10:20:00,4744.8,4748.9,4733.0,4743.5,2388
2026-04-17 10:25:00,4744.7,4750.4,4744.7,4747.9,1371
2026-04-17 10:30:00,4747.7,4752.7,4742.2,4748.5,3802
2026-04-17 10:35:00,4745.9,4749.0,4735.2,4739.8,2583
2026-04-17 10:40:00,4737.9,4744.8,4737.0,4744.8,1488
2026-04-17 10:45:00,4744.8,4749.0,4741.1,4741.5,922
2026-04-17 10:50:00,4741.5,4742.1,4732.9,4738.2,1599
2026-04-17 10:55:00,4738.2,4739.3,4729.8,4733.1,1907
2026-04-17 11:00:00,4733.9,4737.8,4729.1,4732.7,601
2026-04-17 11:05:00,4732.7,4733.0,4716.0,4720.1,4436
2026-04-17 11:10:00,4720.0,4724.9,4720.0,4721.7,1148
2026-04-17 11:15:00,4721.7,4723.0,4707.2,4718.3,3978
2026-04-17 11:20:00,4716.9,4733.2,4715.0,4728.0,2338
2026-04-17 11:25:00,4729.6,4734.7,4726.0,4734.7,1061
2026-04-17 11:30:00,4734.7,4740.0,4728.4,4733.0,2681
2026-04-17 11:35:00,4733.0,4738.0,4729.0,4730.4,881
2026-04-17 11:40:00,4730.4,4732.7,4727.0,4730.2,1170
2026-04-17 11:45:00,4730.1,4738.6,4725.1,4738.2,3213
2026-04-17 11:50:00,4738.5,4753.7,4737.7,4750.5,4426
2026-04-17 11:55:00,4750.5,4756.8,4748.8,4751.7,1260
2026-04-17 12:00:00,4751.7,4754.2,4745.7,4748.5,1839
2026-04-17 12:05:00,4747.6,4778.9,4747.6,4772.1,7250
2026-04-17 12:10:00,4772.0,4774.1,4760.3,4760.4,1898
2026-04-17 12:15:00,4762.8,4764.2,4758.1,4762.0,2129
2026-04-17 12:20:00,4762.0,4763.9,4757.9,4760.9,1561
2026-04-17 12:25:00,4760.9,4761.2,4751.9,4753.0,2186
2026-04-17 12:30:00,4754.8,4754.8,4736.3,4740.1,3264
2026-04-17 12:35:00,4738.3,4742.4,4738.3,4740.5,843
2026-04-17 12:40:00,4740.5,4742.1,4737.5,4738.4,1235
2026-04-17 12:45:00,4738.4,4748.8,4737.4,4744.4,2268
2026-04-17 12:50:00,4745.1,4750.0,4745.0,4747.9,165
2026-04-17 12:55:00,4747.9,4751.0,4741.5,4745.4,1111
2026-04-17 13:00:00,4745.4,4747.2,4735.7,4738.9,1892
2026-04-17 13:05:00,4738.9,4741.7,4736.2,4737.1,915
2026-04-17 13:10:00,4737.1,4741.2,4735.0,4738.7,1323
2026-04-17 13:15:00,4738.7,4741.1,4737.2,4739.1,871
2026-04-17 13:20:00,4739.1,4742.8,4734.9,4738.0,6451
2026-04-17 13:25:00,4738.0,4747.9,4737.5,4745.6,1816
2026-04-17 13:30:00,4747.8,4754.9,4745.8,4753.0,1089
2026-04-17 13:35:00,4753.0,4757.5,4750.7,4756.0,3133
2026-04-17 13:40:00,4756.9,4756.9,4751.1,4752.1,1095
2026-04-17 13:45:00,4752.1,4756.5,4747.5,4750.7,2781
2026-04-17 13:50:00,4750.8,4753.7,4747.5,4752.0,1367
2026-04-17 13:55:00,4752.0,4755.0,4747.9,4755.0,1341
2026-04-17 14:00:00,4755.0,4756.2,4748.1,4748.1,1784
2026-04-17 14:05:00,4748.1,4753.8,4746.7,4747.4,939
2026-04-17 14:10:00,4745.8,4748.6,4745.1,4747.6,542
2026-04-17 14:15:00,4747.6,4749.5,4741.8,4742.9,2353
2026-04-17 14:20:00,4740.0,4746.3,4740.0,4744.8,1609
2026-04-17 14:25:00,4746.3,4750.1,4740.7,4746.1,2577
2026-04-17 14:30:00,4746.2,4750.4,4742.5,4748.1,1760
2026-04-17 14:35:00,4748.9,4756.5,4748.0,4756.3,2182
2026-04-17 14:40:00,4756.5,4758.0,4755.0,4756.7,2139
2026-04-17 14:45:00,4754.7,4760.0,4753.5,4756.9,3095
2026-04-17 14:50:00,4756.7,4761.7,4755.5,4759.9,3595
2026-04-17 14:55:00,4759.9,4760.0,4753.1,4756.5,3718
2026-04-17 15:00:00,4757.4,4762.0,4750.0,4761.5,5180
2026-04-17 15:05:00,4762.0,4764.7,4759.1,4763.3,5374
2026-04-17 15:10:00,4763.6,4768.1,4763.3,4765.7,6185
2026-04-17 15:15:00,4764.4,4767.7,4758.6,4759.9,4001
2026-04-17 15:20:00,4759.9,4761.5,4749.0,4750.1,5179
2026-04-17 15:25:00,4750.5,4753.4,4700.0,4700.0,11445
2026-04-20 09:15:00,4753.6,4757.9,4680.7,4721.0,10191
2026-04-20 09:20:00,4721.0,4747.2,4718.5,4743.6,5858
2026-04-20 09:25:00,4742.2,4747.8,4712.9,4713.0,3927
2026-04-20 09:30:00,4713.0,4729.9,4710.5,4720.7,1414
2026-04-20 09:35:00,4724.1,4724.1,4707.3,4707.7,2242
2026-04-20 09:40:00,4707.7,4707.7,4691.0,4693.0,2611
2026-04-20 09:45:00,4692.2,4697.5,4687.9,4693.5,1759
2026-04-20 09:50:00,4693.5,4705.8,4693.5,4703.4,2076
2026-04-20 09:55:00,4703.4,4706.9,4692.0,4698.6,2715
2026-04-20 10:00:00,4698.6,4706.6,4691.2,4706.6,1677
2026-04-20 10:05:00,4706.6,4717.8,4702.8,4713.9,6423
2026-04-20 10:10:00,4713.9,4719.0,4707.6,4713.0,1951
2026-04-20 10:15:00,4714.5,4720.0,4710.1,4710.1,1275
2026-04-20 10:20:00,4710.1,4727.8,4710.1,4726.0,638
2026-04-20 10:25:00,4724.8,4729.9,4716.1,4727.8,1566
2026-04-20 10:30:00,4729.4,4731.0,4720.0,4724.5,2071
2026-04-20 10:35:00,4724.5,4730.0,4719.7,4727.6,1648
2026-04-20 10:40:00,4727.6,4728.1,4721.1,4724.1,951
2026-04-20 10:45:00,4724.1,4724.1,4714.2,4716.5,1142
2026-04-20 10:50:00,4714.3,4717.0,4711.6,4716.1,850
2026-04-20 10:55:00,4716.1,4721.0,4715.3,4721.0,320
2026-04-20 11:00:00,4720.4,4720.5,4711.7,4714.5,1410
2026-04-20 11:05:00,4714.5,4718.0,4702.9,4705.5,1219
2026-04-20 11:10:00,4705.5,4712.5,4702.0,4709.0,1216
2026-04-20 11:15:00,4709.0,4719.5,4709.0,4716.2,874
2026-04-20 11:20:00,4713.1,4718.5,4710.5,4718.4,1086
2026-04-20 11:25:00,4718.4,4725.0,4718.4,4720.5,1724
2026-04-20 11:30:00,4720.4,4724.8,4718.4,4724.8,1022
2026-04-20 11:35:00,4724.8,4729.4,4720.8,4729.4,745
2026-04-20 11:40:00,4729.4,4729.4,4716.9,4720.5,1432
2026-04-20 11:45:00,4720.5,4728.9,4719.6,4722.6,1296
2026-04-20 11:50:00,4722.1,4722.7,4715.2,4718.4,703
2026-04-20 11:55:00,4718.1,4720.2,4715.4,4716.0,465
2026-04-20 12:00:00,4716.4,4719.8,4712.5,4713.1,1283
2026-04-20 12:05:00,4713.1,4718.9,4711.8,4718.9,546
2026-04-20 12:10:00,4718.5,4719.3,4711.7,4715.9,1198
2026-04-20 12:15:00,4715.9,4717.0,4702.4,4705.5,1543
2026-04-20 12:20:00,4706.6,4707.6,4702.8,4704.4,887
2026-04-20 12:25:00,4704.1,4711.3,4701.3,4710.8,572
2026-04-20 12:30:00,4711.3,4719.0,4711.0,4717.7,533
2026-04-20 12:35:00,4718.7,4719.0,4714.6,4716.0,461
2026-04-20 12:40:00,4716.0,4721.0,4711.1,4720.7,3776
2026-04-20 12:45:00,4720.7,4720.7,4712.0,4712.0,813
2026-04-20 12:50:00,4712.4,4718.0,4712.4,4717.6,765
2026-04-20 12:55:00,4717.0,4723.6,4717.0,4720.8,528
2026-04-20 13:00:00,4722.9,4724.7,4717.2,4723.7,10622
2026-04-20 13:05:00,4724.0,4729.4,4721.0,4722.0,2333
2026-04-20 13:10:00,4721.0,4721.0,4711.6,4713.1,1594
2026-04-20 13:15:00,4713.1,4725.4,4713.0,4717.8,1338
2026-04-20 13:20:00,4717.8,4717.9,4711.0,4714.4,878
2026-04-20 13:25:00,4714.4,4714.4,4700.2,4706.8,1707
2026-04-20 13:30:00,4707.6,4708.0,4703.9,4705.8,650
2026-04-20 13:35:00,4705.8,4708.2,4702.8,4705.1,1550
2026-04-20 13:40:00,4705.3,4709.6,4705.3,4707.7,732
2026-04-20 13:45:00,4709.1,4710.9,4704.7,4709.8,3660
2026-04-20 13:50:00,4711.9,4711.9,4707.2,4709.0,646
2026-04-20 13:55:00,4709.0,4711.8,4707.7,4710.2,1748
2026-04-20 14:00:00,4708.7,4712.0,4708.7,4712.0,849
2026-04-20 14:05:00,4712.0,4712.0,4707.5,4710.1,2247
2026-04-20 14:10:00,4710.1,4713.3,4703.8,4703.8,8150
2026-04-20 14:15:00,4704.5,4705.6,4698.4,4698.4,5763
2026-04-20 14:20:00,4698.4,4709.2,4698.4,4708.5,1084
2026-04-20 14:25:00,4708.6,4714.7,4707.3,4714.7,929
2026-04-20 14:30:00,4714.7,4719.4,4710.2,4719.2,1865
2026-04-20 14:35:00,4719.2,4719.8,4708.2,4711.3,2984
2026-04-20 14:40:00,4709.0,4716.5,4708.2,4716.4,2663
2026-04-20 14:45:00,4716.4,4718.8,4711.8,4718.8,3147
2026-04-20 14:50:00,4718.8,4721.3,4714.7,4717.0,2670
2026-04-20 14:55:00,4719.2,4723.2,4716.8,4721.4,2428
2026-04-20 15:00:00,4721.7,4724.2,4718.2,4722.9,4498
2026-04-20 15:05:00,4722.9,4725.3,4720.0,4722.7,4706
2026-04-20 15:10:00,4722.0,4724.2,4717.7,4722.2,7159
2026-04-20 15:15:00,4721.7,4729.4,4709.3,4712.4,14150
2026-04-20 15:20:00,4712.4,4712.4,4697.7,4697.7,6957
2026-04-20 15:25:00,4698.6,4711.0,4698.6,4700.0,6026
2026-04-21 09:15:00,4714.0,4716.8,4671.1,4683.3,9519
2026-04-21 09:20:00,4684.4,4698.1,4684.4,4693.4,3202
2026-04-21 09:25:00,4685.2,4687.1,4677.1,4678.1,3181
2026-04-21 09:30:00,4678.1,4689.0,4677.1,4686.7,1420
2026-04-21 09:35:00,4686.7,4698.2,4685.6,4698.0,875
2026-04-21 09:40:00,4698.6,4708.0,4683.2,4687.0,3800
2026-04-21 09:45:00,4688.2,4704.0,4685.6,4701.3,3756
2026-04-21 09:50:00,4699.2,4713.5,4698.0,4708.9,4921
2026-04-21 09:55:00,4708.9,4725.0,4708.9,4718.8,2641
2026-04-21 10:00:00,4720.0,4729.7,4720.0,4727.8,2314
2026-04-21 10:05:00,4727.8,4732.7,4725.0,4731.2,2597
2026-04-21 10:10:00,4733.2,4734.3,4727.5,4729.3,5342
2026-04-21 10:15:00,4729.2,4731.0,4725.5,4730.9,1470
2026-04-21 10:20:00,4729.9,4738.7,4729.9,4733.2,2039
2026-04-21 10:25:00,4733.2,4735.3,4729.4,4730.7,1172
2026-04-21 10:30:00,4728.1,4733.6,4725.3,4733.6,3340
2026-04-21 10:35:00,4732.9,4736.0,4727.3,4729.1,2486
2026-04-21 10:40:00,4729.1,4729.9,4722.3,4723.5,1221
2026-04-21 10:45:00,4723.5,4727.5,4723.5,4725.5,880
2026-04-21 10:50:00,4725.6,4727.0,4720.0,4725.3,1158
2026-04-21 10:55:00,4725.3,4736.6,4724.3,4735.7,1078
2026-04-21 11:00:00,4736.3,4749.0,4734.6,4747.1,3349
2026-04-21 11:05:00,4747.9,4751.6,4741.0,4745.2,1855
2026-04-21 11:10:00,4745.2,4747.2,4744.7,4744.7,1030
2026-04-21 11:15:00,4744.7,4746.1,4735.8,4740.4,920
2026-04-21 11:20:00,4740.4,4751.4,4738.5,4749.4,4445
2026-04-21 11:25:00,4749.4,4751.4,4746.9,4748.2,764
2026-04-21 11:30:00,4748.2,4748.2,4732.8,4735.0,1665
2026-04-21 11:35:00,4735.0,4753.5,4735.0,4750.5,2242
2026-04-21 11:40:00,4750.5,4757.0,4750.4,4757.0,1950
2026-04-21 11:45:00,4757.0,4765.6,4757.0,4762.0,2021
2026-04-21 11:50:00,4764.0,4777.1,4759.9,4761.2,3891
2026-04-21 11:55:00,4761.2,4765.0,4755.6,4761.2,1205
2026-04-21 12:00:00,4761.2,4763.2,4757.0,4758.0,1285
2026-04-21 12:05:00,4759.6,4759.7,4756.5,4757.9,693
2026-04-21 12:10:00,4757.9,4760.4,4751.7,4759.4,1395
2026-04-21 12:15:00,4759.4,4769.0,4759.4,4767.2,1583
2026-04-21 12:20:00,4769.6,4771.9,4765.0,4765.0,1598
2026-04-21 12:25:00,4765.0,4772.6,4765.0,4766.8,1308
2026-04-21 12:30:00,4769.3,4772.8,4767.5,4767.7,1844
2026-04-21 12:35:00,4767.7,4779.0,4767.7,4775.0,2171
2026-04-21 12:40:00,4775.0,4783.2,4773.6,4783.2,2485
2026-04-21 12:45:00,4783.9,4784.0,4768.7,4768.9,1457
2026-04-21 12:50:00,4768.9,4770.0,4762.5,4767.9,1776
2026-04-21 12:55:00,4767.9,4770.0,4763.9,4765.0,1045
2026-04-21 13:00:00,4765.0,4765.0,4760.2,4762.6,1407
2026-04-21 13:05:00,4763.1,4763.8,4760.8,4763.5,481
2026-04-21 13:10:00,4763.1,4772.3,4762.3,4762.5,4014
2026-04-21 13:15:00,4762.5,4768.0,4750.8,4752.3,6369
2026-04-21 13:20:00,4752.3,4757.9,4752.3,4757.9,689
2026-04-21 13:25:00,4757.9,4764.0,4757.3,4758.4,1268
2026-04-21 13:30:00,4759.2,4763.7,4756.0,4762.7,1062
2026-04-21 13:35:00,4761.9,4766.1,4754.8,4756.9,1988
2026-04-21 13:40:00,4757.2,4759.2,4751.0,4756.0,793
2026-04-21 13:45:00,4756.0,4760.0,4752.9,4758.5,295
2026-04-21 13:50:00,4758.5,4759.9,4751.0,4751.7,1368
2026-04-21 13:55:00,4751.7,4755.7,4751.5,4755.4,626
2026-04-21 14:00:00,4753.5,4754.9,4752.2,4752.2,517
2026-04-21 14:05:00,4752.2,4752.2,4741.5,4745.1,2456
2026-04-21 14:10:00,4745.1,4745.1,4735.7,4736.0,1150
2026-04-21 14:15:00,4736.0,4743.9,4736.0,4741.9,804
2026-04-21 14:20:00,4741.9,4748.7,4741.9,4747.1,1741
2026-04-21 14:25:00,4745.9,4755.0,4744.5,4751.9,4139
2026-04-21 14:30:00,4752.0,4759.7,4745.8,4748.8,4167
2026-04-21 14:35:00,4748.8,4751.2,4742.7,4745.5,1500
2026-04-21 14:40:00,4745.5,4748.6,4742.5,4748.0,997
2026-04-21 14:45:00,4748.0,4752.9,4748.0,4751.2,2259
2026-04-21 14:50:00,4751.2,4756.3,4748.7,4752.9,2015
2026-04-21 14:55:00,4752.9,4762.9,4751.6,4760.6,1412
2026-04-21 15:00:00,4762.9,4769.7,4760.3,4765.4,3358
2026-04-21 15:05:00,4764.0,4765.5,4753.8,4758.2,3401
2026-04-21 15:10:00,4757.8,4759.9,4746.5,4750.4,4955
2026-04-21 15:15:00,4752.9,4760.0,4748.2,4754.6,7010
2026-04-21 15:20:00,4754.8,4769.7,4751.6,4769.0,5538
2026-04-21 15:25:00,4767.9,4769.2,4746.7,4757.4,6586
2026-04-22 09:15:00,4687.9,4688.0,4632.2,4675.0,23580
2026-04-22 09:20:00,4678.1,4678.1,4652.8,4673.5,6603
2026-04-22 09:25:00,4671.8,4680.0,4645.8,4646.3,5139
2026-04-22 09:30:00,4647.2,4689.7,4630.1,4686.5,31859
2026-04-22 09:35:00,4686.6,4703.8,4680.0,4689.7,15184
2026-04-22 09:40:00,4690.0,4690.1,4665.5,4671.0,8024
2026-04-22 09:45:00,4671.0,4678.0,4666.0,4671.6,6725
2026-04-22 09:50:00,4671.5,4673.4,4651.0,4652.8,5394
2026-04-22 09:55:00,4652.7,4672.5,4645.6,4665.1,5271
2026-04-22 10:00:00,4665.0,4673.1,4655.7,4655.7,2616
2026-04-22 10:05:00,4657.2,4657.6,4642.5,4644.0,6007
2026-04-22 10:10:00,4644.0,4656.6,4643.0,4646.2,3135
2026-04-22 10:15:00,4643.7,4651.2,4636.1,4645.0,5170
2026-04-22 10:20:00,4645.9,4646.5,4638.7,4643.9,2722
2026-04-22 10:25:00,4641.8,4649.5,4638.0,4638.2,7630
2026-04-22 10:30:00,4638.2,4640.9,4637.0,4638.3,3677
2026-04-22 10:35:00,4638.3,4642.6,4632.5,4638.1,5328
2026-04-22 10:40:00,4638.2,4640.6,4625.9,4633.0,7468
2026-04-22 10:45:00,4633.0,4635.2,4628.3,4633.2,5740
2026-04-22 10:50:00,4633.2,4636.9,4621.5,4621.5,7370
2026-04-22 10:55:00,4623.5,4625.7,4619.3,4621.4,5266
2026-04-22 11:00:00,4622.1,4622.1,4612.1,4615.0,6409
2026-04-22 11:05:00,4615.5,4616.8,4606.0,4606.9,5829
2026-04-22 11:10:00,4606.8,4609.5,4601.1,4603.0,5832
2026-04-22 11:15:00,4602.3,4605.5,4600.1,4600.5,6368
2026-04-22 11:20:00,4600.5,4608.7,4591.2,4605.2,8912
2026-04-22 11:25:00,4604.2,4618.0,4601.4,4604.9,6356
2026-04-22 11:30:00,4606.6,4612.6,4603.2,4608.6,3802
2026-04-22 11:35:00,4608.6,4613.4,4608.0,4608.0,2034
2026-04-22 11:40:00,4608.0,4609.3,4595.0,4596.9,3644
2026-04-22 11:45:00,4598.2,4599.0,4591.1,4596.0,2334
2026-04-22 11:50:00,4593.7,4596.8,4581.7,4584.5,5994
2026-04-22 11:55:00,4584.6,4597.0,4582.8,4592.0,2403
2026-04-22 12:00:00,4592.8,4594.9,4583.4,4583.6,3124
2026-04-22 12:05:00,4583.6,4586.1,4580.0,4580.0,7504
2026-04-22 12:10:00,4580.0,4583.9,4575.0,4575.0,3175
2026-04-22 12:15:00,4575.0,4575.4,4567.9,4570.5,6044
2026-04-22 12:20:00,4569.8,4589.0,4569.8,4585.5,9334
2026-04-22 12:25:00,4583.6,4588.7,4574.7,4586.0,12765
2026-04-22 12:30:00,4584.5,4586.9,4575.0,4577.1,4396
2026-04-22 12:35:00,4575.2,4577.1,4562.0,4562.9,7709
2026-04-22 12:40:00,4562.9,4574.7,4556.0,4572.3,4714
2026-04-22 12:45:00,4572.3,4572.3,4565.4,4566.3,4234
2026-04-22 12:50:00,4566.2,4570.0,4557.1,4557.7,5057
2026-04-22 12:55:00,4556.6,4561.2,4551.3,4551.6,5167
2026-04-22 13:00:00,4551.8,4568.7,4551.4,4568.7,3571
2026-04-22 13:05:00,4566.9,4569.9,4560.9,4564.8,1829
2026-04-22 13:10:00,4564.7,4569.4,4561.0,4567.6,3568
2026-04-22 13:15:00,4567.1,4569.2,4561.1,4569.2,1887
2026-04-22 13:20:00,4568.4,4575.0,4564.1,4568.0,4720
2026-04-22 13:25:00,4567.8,4578.9,4565.8,4572.0,8451
2026-04-22 13:30:00,4573.5,4574.5,4565.5,4567.9,2064
2026-04-22 13:35:00,4567.5,4568.9,4565.0,4565.1,1054
2026-04-22 13:40:00,4565.1,4571.1,4565.0,4571.0,2127
2026-04-22 13:45:00,4571.8,4572.1,4566.0,4568.4,1669
2026-04-22 13:50:00,4567.2,4599.0,4562.2,4597.6,6281
2026-04-22 13:55:00,4597.5,4622.0,4584.9,4620.0,29422
2026-04-22 14:00:00,4622.0,4633.0,4615.7,4623.3,11221
2026-04-22 14:05:00,4622.0,4633.0,4617.4,4626.9,8142
2026-04-22 14:10:00,4625.8,4625.8,4611.5,4613.8,4906
2026-04-22 14:15:00,4613.8,4616.0,4592.5,4598.1,4234
2026-04-22 14:20:00,4596.5,4598.5,4588.9,4591.8,2062
2026-04-22 14:25:00,4593.0,4593.8,4588.0,4592.0,2982
2026-04-22 14:30:00,4592.0,4615.1,4590.0,4615.1,5756
2026-04-22 14:35:00,4614.1,4620.4,4612.5,4617.9,3146
2026-04-22 14:40:00,4616.1,4623.8,4612.6,4622.8,4203
2026-04-22 14:45:00,4621.4,4628.0,4619.0,4622.3,3170
2026-04-22 14:50:00,4623.7,4625.9,4619.0,4622.0,10130
2026-04-22 14:55:00,4620.9,4625.6,4613.0,4621.5,6810
2026-04-22 15:00:00,4621.2,4621.2,4605.3,4606.2,10470
2026-04-22 15:05:00,4605.1,4609.0,4600.0,4605.2,8416
2026-04-22 15:10:00,4605.1,4610.0,4600.3,4600.8,9991
2026-04-22 15:15:00,4600.8,4608.2,4596.6,4601.0,18883
2026-04-22 15:20:00,4602.6,4602.6,4595.1,4600.4,10205
2026-04-22 15:25:00,4600.3,4616.6,4597.6,4610.0,14057
2026-04-23 09:15:00,4604.3,4628.2,4585.7,4617.2,16669
2026-04-23 09:20:00,4615.4,4632.4,4590.0,4619.6,7106
2026-04-23 09:25:00,4619.1,4619.1,4569.7,4576.4,6904
2026-04-23 09:30:00,4574.4,4584.0,4537.9,4550.0,11407
2026-04-23 09:35:00,4549.2,4563.1,4548.8,4554.5,4438
2026-04-23 09:40:00,4554.5,4571.1,4554.5,4555.5,2289
2026-04-23 09:45:00,4553.4,4568.7,4551.0,4568.6,8674
2026-04-23 09:50:00,4566.7,4579.2,4566.2,4566.2,2656
2026-04-23 09:55:00,4566.2,4577.2,4565.0,4565.0,2126
2026-04-23 10:00:00,4565.0,4571.5,4548.0,4569.5,6994
2026-04-23 10:05:00,4569.3,4574.5,4564.1,4566.6,2747
2026-04-23 10:10:00,4566.5,4566.5,4551.7,4556.9,1893
2026-04-23 10:15:00,4556.9,4559.7,4550.0,4550.0,1295
2026-04-23 10:20:00,4550.2,4569.0,4550.2,4565.3,2663
2026-04-23 10:25:00,4565.3,4576.0,4558.6,4558.9,3823
2026-04-23 10:30:00,4558.9,4568.1,4558.1,4566.0,1484
2026-04-23 10:35:00,4565.8,4567.9,4556.0,4565.2,1981
2026-04-23 10:40:00,4565.2,4565.9,4555.0,4556.7,1244
2026-04-23 10:45:00,4559.6,4561.8,4553.5,4558.0,867
2026-04-23 10:50:00,4558.0,4562.5,4555.2,4561.9,1004
2026-04-23 10:55:00,4562.4,4579.7,4562.0,4573.1,4978
2026-04-23 11:00:00,4573.0,4578.5,4568.3,4573.3,3185
2026-04-23 11:05:00,4573.3,4576.8,4569.6,4569.8,1311
2026-04-23 11:10:00,4569.8,4575.0,4560.6,4560.9,1676
2026-04-23 11:15:00,4560.8,4565.3,4557.0,4558.3,1685
2026-04-23 11:20:00,4558.8,4572.8,4557.4,4560.4,1271
2026-04-23 11:25:00,4560.6,4569.4,4560.2,4565.4,2770
2026-04-23 11:30:00,4567.7,4575.0,4565.3,4571.4,2799
2026-04-23 11:35:00,4571.4,4573.9,4560.4,4560.5,2327
2026-04-23 11:40:00,4562.8,4572.0,4560.5,4568.0,3045
2026-04-23 11:45:00,4567.9,4576.4,4567.2,4573.6,4089
2026-04-23 11:50:00,4573.6,4577.6,4565.9,4565.9,2683
2026-04-23 11:55:00,4565.5,4568.3,4561.0,4568.3,2043
2026-04-23 12:00:00,4568.4,4574.5,4565.2,4569.7,2507
2026-04-23 12:05:00,4569.1,4575.9,4565.2,4569.6,2827
2026-04-23 12:10:00,4569.6,4577.1,4568.0,4571.8,2496
2026-04-23 12:15:00,4571.8,4582.3,4570.6,4575.7,3743
2026-04-23 12:20:00,4575.9,4582.9,4572.3,4573.6,3105
2026-04-23 12:25:00,4573.4,4577.6,4561.0,4561.0,2867
2026-04-23 12:30:00,4561.0,4569.5,4560.0,4563.0,2966
2026-04-23 12:35:00,4561.1,4565.9,4556.0,4559.2,3742
2026-04-23 12:40:00,4559.2,4570.8,4557.0,4568.1,4396
2026-04-23 12:45:00,4568.0,4570.1,4562.4,4566.2,3021
2026-04-23 12:50:00,4568.4,4569.1,4562.0,4562.4,3007
2026-04-23 12:55:00,4561.5,4574.7,4561.0,4568.6,5885
2026-04-23 13:00:00,4566.3,4569.8,4560.2,4565.1,2971
2026-04-23 13:05:00,4564.4,4574.8,4562.8,4568.5,2749
2026-04-23 13:10:00,4567.2,4569.7,4561.0,4565.7,2203
2026-04-23 13:15:00,4565.7,4570.0,4561.0,4567.9,2017
2026-04-23 13:20:00,4569.8,4571.1,4561.0,4564.5,3509
2026-04-23 13:25:00,4564.5,4571.9,4561.1,4562.0,3274
2026-04-23 13:30:00,4562.0,4565.0,4560.0,4562.0,1756
2026-04-23 13:35:00,4562.0,4562.9,4550.3,4550.4,3425
2026-04-23 13:40:00,4550.6,4553.9,4550.0,4551.4,2389
2026-04-23 13:45:00,4553.0,4553.0,4541.0,4543.1,3520
2026-04-23 13:50:00,4543.6,4553.2,4542.8,4548.0,2666
2026-04-23 13:55:00,4548.0,4558.9,4547.3,4549.0,3933
2026-04-23 14:00:00,4556.9,4570.9,4550.8,4558.3,4298
2026-04-23 14:05:00,4558.3,4565.9,4556.1,4560.8,1015
2026-04-23 14:10:00,4561.0,4562.7,4555.0,4557.3,506
2026-04-23 14:15:00,4555.1,4569.1,4555.0,4562.1,1716
2026-04-23 14:20:00,4562.2,4564.3,4554.5,4560.0,1614
2026-04-23 14:25:00,4560.1,4562.7,4555.0,4559.6,1292
2026-04-23 14:30:00,4559.6,4565.9,4552.3,4565.9,3086
2026-04-23 14:35:00,4563.6,4570.5,4556.3,4556.3,3258
2026-04-23 14:40:00,4556.0,4565.0,4553.6,4555.8,2248
2026-04-23 14:45:00,4558.1,4564.0,4554.8,4555.4,1735
2026-04-23 14:50:00,4555.4,4563.8,4554.6,4556.1,1441
2026-04-23 14:55:00,4555.0,4559.6,4552.6,4554.4,1764
2026-04-23 15:00:00,4554.3,4561.8,4554.3,4559.5,4622
2026-04-23 15:05:00,4560.5,4565.0,4555.6,4556.2,4880
2026-04-23 15:10:00,4561.5,4561.9,4540.7,4540.7,5062
2026-04-23 15:15:00,4540.0,4543.1,4518.4,4536.0,11540
2026-04-23 15:20:00,4538.8,4544.8,4526.4,4529.7,6001
2026-04-23 15:25:00,4530.0,4533.7,4500.0,4514.4,22609
2026-04-24 09:15:00,4440.0,4480.5,4376.1,4477.9,75332
2026-04-24 09:20:00,4473.8,4475.0,4424.9,4428.3,26075
2026-04-24 09:25:00,4427.0,4459.9,4404.0,4415.1,27214
2026-04-24 09:30:00,4414.7,4414.7,4380.0,4383.9,25251
2026-04-24 09:35:00,4381.3,4417.8,4362.8,4417.2,24934
2026-04-24 09:40:00,4413.2,4421.0,4358.0,4363.9,19422
2026-04-24 09:45:00,4363.3,4366.3,4331.4,4332.9,31181
2026-04-24 09:50:00,4334.2,4344.0,4325.5,4340.0,16882
2026-04-24 09:55:00,4338.2,4356.7,4325.0,4326.8,19416
2026-04-24 10:00:00,4325.2,4333.6,4304.2,4309.0,32242
2026-04-24 10:05:00,4307.4,4323.1,4300.0,4301.0,23820
2026-04-24 10:10:00,4301.2,4315.0,4296.0,4311.8,21160
2026-04-24 10:15:00,4313.3,4316.0,4307.8,4314.6,11414
2026-04-24 10:20:00,4314.8,4322.0,4302.0,4312.5,16868
2026-04-24 10:25:00,4313.5,4313.5,4303.7,4306.4,12410
2026-04-24 10:30:00,4303.0,4308.0,4302.0,4305.5,13094
2026-04-24 10:35:00,4304.9,4307.9,4301.4,4304.9,19767
2026-04-24 10:40:00,4301.6,4305.1,4291.0,4297.8,24033
2026-04-24 10:45:00,4297.8,4309.5,4290.0,4294.2,11074
2026-04-24 10:50:00,4294.3,4312.1,4294.2,4310.2,7064
2026-04-24 10:55:00,4308.6,4310.1,4295.8,4297.8,3268
2026-04-24 11:00:00,4296.9,4298.5,4292.6,4296.3,5770
2026-04-24 11:05:00,4297.9,4301.9,4290.0,4291.6,7653
2026-04-24 11:10:00,4291.6,4302.3,4280.0,4286.7,17584
2026-04-24 11:15:00,4286.7,4315.5,4284.3,4300.0,27691
2026-04-24 11:20:00,4298.8,4303.2,4291.8,4292.1,5373
2026-04-24 11:25:00,4294.0,4295.9,4284.3,4286.0,4922
2026-04-24 11:30:00,4284.4,4286.8,4276.0,4282.4,16835
2026-04-24 11:35:00,4282.1,4284.3,4266.6,4272.3,10940
2026-04-24 11:40:00,4270.8,4273.9,4260.5,4260.9,9208
2026-04-24 11:45:00,4262.8,4271.5,4256.0,4265.1,10557
2026-04-24 11:50:00,4265.1,4268.1,4258.5,4259.4,10245
2026-04-24 11:55:00,4259.7,4263.7,4257.0,4259.4,8041
2026-04-24 12:00:00,4261.4,4261.4,4244.2,4247.0,15196
2026-04-24 12:05:00,4245.0,4253.0,4240.0,4251.9,10128
2026-04-24 12:10:00,4250.2,4265.0,4250.0,4261.9,8036
2026-04-24 12:15:00,4261.9,4264.9,4247.6,4251.6,8141
2026-04-24 12:20:00,4250.4,4255.0,4250.0,4254.9,3600
2026-04-24 12:25:00,4254.0,4258.0,4245.8,4254.7,3895
2026-04-24 12:30:00,4255.1,4277.0,4255.1,4274.1,9893
2026-04-24 12:35:00,4274.1,4284.0,4272.2,4278.2,8532
2026-04-24 12:40:00,4276.4,4289.0,4272.1,4280.4,6949
2026-04-24 12:45:00,4280.4,4287.9,4276.7,4276.7,5331
2026-04-24 12:50:00,4277.9,4282.5,4268.0,4270.2,3387
2026-04-24 12:55:00,4271.4,4274.6,4267.5,4272.1,3176
2026-04-24 13:00:00,4273.1,4274.0,4258.1,4260.0,3829
2026-04-24 13:05:00,4260.0,4260.9,4250.5,4256.2,5750
2026-04-24 13:10:00,4258.4,4261.4,4250.0,4253.8,5653
2026-04-24 13:15:00,4253.8,4262.0,4251.3,4261.4,2810
2026-04-24 13:20:00,4261.4,4263.0,4255.1,4260.0,3197
2026-04-24 13:25:00,4261.0,4264.3,4256.4,4264.3,3887
2026-04-24 13:30:00,4264.2,4267.8,4255.2,4267.5,3730
2026-04-24 13:35:00,4265.4,4277.0,4265.4,4271.0,4427
2026-04-24 13:40:00,4272.9,4272.9,4260.2,4262.2,3142
2026-04-24 13:45:00,4263.0,4288.0,4263.0,4282.4,10874
2026-04-24 13:50:00,4283.2,4297.0,4280.2,4297.0,12759
2026-04-24 13:55:00,4295.9,4297.0,4279.0,4290.0,9260
2026-04-24 14:00:00,4288.7,4292.3,4284.9,4287.5,4445
2026-04-24 14:05:00,4287.5,4292.8,4285.0,4291.0,4204
2026-04-24 14:10:00,4290.1,4292.7,4285.0,4286.1,2846
2026-04-24 14:15:00,4286.2,4295.0,4285.0,4295.0,14496
2026-04-24 14:20:00,4294.7,4306.3,4293.0,4302.0,11009
2026-04-24 14:25:00,4302.0,4309.9,4298.4,4306.2,7008
2026-04-24 14:30:00,4304.9,4307.0,4296.7,4299.7,7737
2026-04-24 14:35:00,4299.7,4310.0,4298.0,4309.6,9868
2026-04-24 14:40:00,4308.9,4319.0,4308.5,4317.6,8626
2026-04-24 14:45:00,4315.6,4318.4,4303.0,4315.1,8390
2026-04-24 14:50:00,4315.1,4316.7,4303.2,4306.7,13286
2026-04-24 14:55:00,4308.7,4310.1,4305.0,4307.3,7474
2026-04-24 15:00:00,4308.9,4308.9,4281.4,4283.3,14207
2026-04-24 15:05:00,4283.3,4294.3,4280.8,4292.2,7314
2026-04-24 15:10:00,4292.2,4295.6,4282.0,4284.7,11666
2026-04-24 15:15:00,4284.7,4284.7,4268.6,4272.3,15782
2026-04-24 15:20:00,4270.0,4295.2,4263.8,4289.7,30841
2026-04-24 15:25:00,4289.9,4307.0,4280.7,4307.0,13815
2026-04-27 09:15:00,4282.4,4350.0,4282.4,4330.7,19072
2026-04-27 09:20:00,4333.2,4374.9,4333.2,4370.8,16339
2026-04-27 09:25:00,4371.2,4405.4,4371.2,4384.2,14676
2026-04-27 09:30:00,4382.3,4392.3,4369.0,4370.4,5860
2026-04-27 09:35:00,4370.4,4379.8,4349.3,4349.3,12171
2026-04-27 09:40:00,4354.0,4368.3,4352.5,4365.8,3496
2026-04-27 09:45:00,4370.0,4376.0,4366.3,4372.0,13064
2026-04-27 09:50:00,4372.0,4374.7,4350.2,4361.0,4409
2026-04-27 09:55:00,4361.6,4367.0,4345.0,4350.1,4017
2026-04-27 10:00:00,4346.0,4347.8,4334.0,4340.0,3871
2026-04-27 10:05:00,4332.1,4340.7,4329.3,4334.5,3092
2026-04-27 10:10:00,4334.5,4341.8,4330.8,4339.2,3096
2026-04-27 10:15:00,4339.2,4348.0,4338.0,4341.9,2153
2026-04-27 10:20:00,4343.8,4344.6,4333.7,4342.5,2242
2026-04-27 10:25:00,4340.7,4348.4,4340.7,4344.7,2167
2026-04-27 10:30:00,4344.7,4358.0,4337.7,4353.2,2417
2026-04-27 10:35:00,4356.0,4371.5,4351.8,4370.0,6470
2026-04-27 10:40:00,4370.0,4370.0,4361.5,4365.7,1118
2026-04-27 10:45:00,4365.7,4376.0,4356.6,4369.4,3658
2026-04-27 10:50:00,4369.4,4382.3,4369.4,4377.0,3804
2026-04-27 10:55:00,4376.1,4379.9,4357.5,4362.5,2707
2026-04-27 11:00:00,4362.0,4363.4,4351.1,4351.1,2993
2026-04-27 11:05:00,4351.1,4355.0,4333.5,4339.0,3643
2026-04-27 11:10:00,4339.5,4343.7,4335.0,4335.0,1695
2026-04-27 11:15:00,4335.0,4338.5,4333.6,4333.6,1685
2026-04-27 11:20:00,4333.5,4334.4,4325.3,4328.6,4279
2026-04-27 11:25:00,4328.6,4333.1,4324.4,4324.4,2425
2026-04-27 11:30:00,4324.1,4332.4,4320.5,4325.3,6204
2026-04-27 11:35:00,4326.5,4334.0,4324.7,4324.7,2665
2026-04-27 11:40:00,4324.7,4332.8,4324.1,4331.1,4186
2026-04-27 11:45:00,4331.1,4331.1,4327.5,4328.0,857
2026-04-27 11:50:00,4330.3,4344.7,4330.3,4341.0,2304
2026-04-27 11:55:00,4341.0,4348.0,4340.0,4348.0,775
2026-04-27 12:00:00,4348.0,4349.9,4333.3,4334.0,4593
2026-04-27 12:05:00,4334.0,4341.3,4334.0,4338.1,1101
2026-04-27 12:10:00,4338.1,4349.9,4337.8,4342.0,1225
2026-04-27 12:15:00,4346.2,4347.8,4342.2,4344.8,331
2026-04-27 12:20:00,4344.8,4344.8,4337.0,4341.2,518
2026-04-27 12:25:00,4341.3,4345.5,4338.8,4338.8,752
2026-04-27 12:30:00,4339.0,4341.5,4333.5,4340.0,1451
2026-04-27 12:35:00,4340.0,4341.9,4334.7,4335.2,442
2026-04-27 12:40:00,4336.8,4340.0,4328.3,4330.4,1456
2026-04-27 12:45:00,4332.7,4332.7,4326.3,4328.9,1501
2026-04-27 12:50:00,4328.9,4330.5,4324.5,4328.5,1423
2026-04-27 12:55:00,4328.5,4338.7,4325.5,4331.4,1357
2026-04-27 13:00:00,4334.4,4344.3,4334.4,4335.8,1980
2026-04-27 13:05:00,4336.5,4338.3,4332.7,4336.8,556
2026-04-27 13:10:00,4336.8,4339.0,4326.0,4332.3,2295
2026-04-27 13:15:00,4332.3,4335.5,4322.0,4323.9,4632
2026-04-27 13:20:00,4322.8,4333.7,4321.0,4331.7,6436
2026-04-27 13:25:00,4331.7,4336.6,4330.0,4333.3,833
2026-04-27 13:30:00,4333.3,4333.3,4325.0,4329.3,860
2026-04-27 13:35:00,4331.8,4337.0,4325.4,4337.0,1363
2026-04-27 13:40:00,4337.0,4344.9,4337.0,4340.9,1923
2026-04-27 13:45:00,4342.8,4345.7,4336.9,4336.9,1016
2026-04-27 13:50:00,4336.9,4338.6,4329.1,4333.4,1962
2026-04-27 13:55:00,4332.5,4340.5,4332.5,4338.3,1463
2026-04-27 14:00:00,4340.4,4343.8,4337.0,4340.2,1567
2026-04-27 14:05:00,4340.2,4348.8,4336.1,4345.8,3974
2026-04-27 14:10:00,4347.8,4353.7,4345.7,4350.2,5711
2026-04-27 14:15:00,4350.1,4352.0,4345.0,4346.9,2571
2026-04-27 14:20:00,4346.9,4349.6,4344.7,4347.5,1516
2026-04-27 14:25:00,4349.4,4353.1,4345.3,4352.3,1781
2026-04-27 14:30:00,4352.3,4352.3,4337.0,4340.5,1917
2026-04-27 14:35:00,4340.5,4353.6,4337.3,4351.1,2774
2026-04-27 14:40:00,4351.1,4351.1,4343.3,4349.4,731
2026-04-27 14:45:00,4348.2,4348.9,4340.3,4342.2,1584
2026-04-27 14:50:00,4343.1,4343.9,4339.5,4340.9,1819
2026-04-27 14:55:00,4342.4,4347.3,4340.1,4347.0,2111
2026-04-27 15:00:00,4348.0,4348.5,4342.0,4345.9,4809
2026-04-27 15:05:00,4344.5,4346.0,4342.1,4345.0,9007
2026-04-27 15:10:00,4345.8,4350.7,4345.0,4345.0,3730
2026-04-27 15:15:00,4347.0,4350.0,4345.0,4347.9,3556
2026-04-27 15:20:00,4347.5,4349.0,4345.0,4348.9,5545
2026-04-27 15:25:00,4349.0,4352.9,4345.0,4351.8,3794
2026-04-28 09:15:00,4346.3,4415.4,4336.7,4396.7,11384
2026-04-28 09:20:00,4390.0,4393.3,4360.0,4369.5,8327
2026-04-28 09:25:00,4367.5,4379.9,4367.5,4371.9,3284
2026-04-28 09:30:00,4372.2,4374.4,4340.0,4342.8,4056
2026-04-28 09:35:00,4342.8,4349.8,4338.1,4343.0,1411
2026-04-28 09:40:00,4343.0,4358.8,4341.9,4351.0,1315
2026-04-28 09:45:00,4351.0,4360.6,4346.5,4346.5,2516
2026-04-28 09:50:00,4349.0,4353.5,4346.4,4349.1,829
2026-04-28 09:55:00,4349.1,4371.9,4349.0,4371.9,1423
2026-04-28 10:00:00,4370.5,4385.0,4365.5,4372.8,2202
2026-04-28 10:05:00,4372.8,4380.2,4367.1,4380.0,3505
2026-04-28 10:10:00,4378.9,4379.6,4370.4,4370.4,1276
2026-04-28 10:15:00,4370.4,4373.9,4361.0,4366.6,1882
2026-04-28 10:20:00,4367.9,4375.1,4363.6,4363.6,1344
2026-04-28 10:25:00,4364.7,4380.5,4363.9,4372.3,2016
2026-04-28 10:30:00,4374.2,4376.1,4356.4,4358.0,1921
2026-04-28 10:35:00,4358.0,4370.0,4358.0,4366.6,3263
2026-04-28 10:40:00,4367.0,4369.0,4362.8,4366.4,814
2026-04-28 10:45:00,4365.4,4376.4,4365.2,4365.2,2698
2026-04-28 10:50:00,4366.3,4369.0,4362.5,4368.3,856
2026-04-28 10:55:00,4368.3,4368.6,4357.5,4360.9,1376
2026-04-28 11:00:00,4363.5,4364.1,4352.4,4353.2,1316
2026-04-28 11:05:00,4355.4,4355.6,4349.1,4350.0,1953
2026-04-28 11:10:00,4351.6,4365.9,4350.8,4364.1,1107
2026-04-28 11:15:00,4365.2,4370.4,4356.9,4360.0,2824
2026-04-28 11:20:00,4360.9,4377.5,4360.9,4377.3,3807
2026-04-28 11:25:00,4376.1,4378.0,4369.5,4375.3,3623
2026-04-28 11:30:00,4371.8,4386.8,4367.4,4386.8,3708
2026-04-28 11:35:00,4388.0,4389.7,4386.0,4387.5,1753
2026-04-28 11:40:00,4387.5,4404.0,4387.5,4402.4,5241
2026-04-28 11:45:00,4401.8,4418.0,4401.3,4403.8,13258
2026-04-28 11:50:00,4407.5,4407.5,4396.5,4398.0,5080
2026-04-28 11:55:00,4399.0,4399.0,4388.3,4388.4,1627
2026-04-28 12:00:00,4390.0,4394.2,4386.8,4387.1,1732
2026-04-28 12:05:00,4388.7,4396.0,4386.0,4393.7,3001
2026-04-28 12:10:00,4395.3,4400.9,4392.8,4400.9,2911
2026-04-28 12:15:00,4400.9,4408.0,4400.4,4406.9,2265
2026-04-28 12:20:00,4408.0,4423.6,4405.7,4420.7,5093
2026-04-28 12:25:00,4423.2,4430.6,4412.2,4421.3,7044
2026-04-28 12:30:00,4422.6,4424.2,4413.0,4414.6,2395
2026-04-28 12:35:00,4414.5,4417.4,4411.3,4415.0,1718
2026-04-28 12:40:00,4415.0,4432.0,4412.4,4430.4,2937
2026-04-28 12:45:00,4430.5,4431.8,4421.7,4427.4,2573
2026-04-28 12:50:00,4427.4,4430.4,4425.1,4429.0,2573
2026-04-28 12:55:00,4429.7,4435.0,4422.4,4428.9,5741
2026-04-28 13:00:00,4429.9,4429.9,4404.8,4405.0,4222
2026-04-28 13:05:00,4404.1,4411.0,4402.8,4407.9,2316
2026-04-28 13:10:00,4410.1,4412.1,4404.0,4404.0,1609
2026-04-28 13:15:00,4404.0,4404.0,4391.9,4391.9,3152
2026-04-28 13:20:00,4391.9,4396.5,4386.8,4388.5,2568
2026-04-28 13:25:00,4391.6,4394.1,4388.0,4388.0,1361
2026-04-28 13:30:00,4389.3,4393.8,4385.7,4390.5,1889
2026-04-28 13:35:00,4391.8,4394.9,4386.7,4389.2,1917
2026-04-28 13:40:00,4391.1,4396.5,4385.7,4385.8,3067
2026-04-28 13:45:00,4385.7,4394.1,4384.1,4390.2,3506
2026-04-28 13:50:00,4392.1,4398.7,4388.6,4395.4,1904
2026-04-28 13:55:00,4397.5,4404.3,4394.0,4400.6,1717
2026-04-28 14:00:00,4400.8,4401.4,4393.1,4394.1,1268
2026-04-28 14:05:00,4396.5,4399.0,4389.0,4391.4,1162
2026-04-28 14:10:00,4393.8,4399.9,4390.0,4391.0,1786
2026-04-28 14:15:00,4393.6,4399.5,4390.2,4396.7,1854
2026-04-28 14:20:00,4398.5,4399.0,4394.4,4395.1,2051
2026-04-28 14:25:00,4397.2,4407.9,4392.0,4393.8,11743
2026-04-28 14:30:00,4396.4,4403.0,4389.0,4390.9,4133
2026-04-28 14:35:00,4393.6,4399.5,4391.9,4396.2,3952
2026-04-28 14:40:00,4396.2,4398.0,4388.7,4395.6,2449
2026-04-28 14:45:00,4396.2,4396.7,4390.0,4396.3,2300
2026-04-28 14:50:00,4394.6,4399.5,4390.7,4396.7,2127
2026-04-28 14:55:00,4398.7,4401.4,4390.0,4393.4,3535
2026-04-28 15:00:00,4392.1,4400.9,4380.5,4380.9,7003
2026-04-28 15:05:00,4385.5,4388.9,4383.0,4384.5,4235
2026-04-28 15:10:00,4387.8,4388.2,4360.0,4362.0,19351
2026-04-28 15:15:00,4362.0,4388.0,4361.6,4387.0,6713
2026-04-28 15:20:00,4387.0,4388.1,4383.5,4386.9,5153
2026-04-28 15:25:00,4389.6,4396.8,4350.0,4350.0,7411
2026-04-29 09:15:00,4399.0,4407.4,4375.0,4395.1,9397
2026-04-29 09:20:00,4400.8,4403.6,4376.0,4392.0,4146
2026-04-29 09:25:00,4392.2,4397.5,4381.7,4396.0,2596
2026-04-29 09:30:00,4396.0,4396.0,4375.0,4384.0,4665
2026-04-29 09:35:00,4382.5,4402.9,4382.4,4398.0,4528
2026-04-29 09:40:00,4396.3,4401.6,4388.2,4388.2,4807
2026-04-29 09:45:00,4388.4,4397.2,4378.5,4397.2,4045
2026-04-29 09:50:00,4396.5,4405.3,4390.9,4391.0,10859
2026-04-29 09:55:00,4391.8,4394.7,4381.9,4381.9,5205
2026-04-29 10:00:00,4382.5,4389.8,4375.0,4375.2,2770
2026-04-29 10:05:00,4375.0,4377.1,4358.4,4365.6,6374
2026-04-29 10:10:00,4366.1,4378.2,4365.0,4375.1,3398
2026-04-29 10:15:00,4376.6,4376.6,4366.9,4368.5,2403
2026-04-29 10:20:00,4367.7,4368.1,4356.0,4356.0,3729
2026-04-29 10:25:00,4356.0,4375.1,4354.2,4375.1,4035
2026-04-29 10:30:00,4375.5,4375.5,4356.0,4357.2,3926
2026-04-29 10:35:00,4357.2,4365.0,4350.5,4362.3,2579
2026-04-29 10:40:00,4362.3,4369.2,4362.0,4365.7,1782
2026-04-29 10:45:00,4362.9,4363.0,4351.7,4357.5,1921
2026-04-29 10:50:00,4355.9,4364.9,4355.9,4360.1,1419
2026-04-29 10:55:00,4360.1,4373.5,4359.0,4369.2,2905
2026-04-29 11:00:00,4369.2,4380.0,4363.0,4363.3,3109
2026-04-29 11:05:00,4363.3,4366.9,4358.8,4362.7,1127
2026-04-29 11:10:00,4362.7,4370.0,4360.3,4367.0,1138
2026-04-29 11:15:00,4367.0,4367.9,4357.0,4357.0,1874
2026-04-29 11:20:00,4358.6,4360.0,4354.2,4354.3,1129
2026-04-29 11:25:00,4354.3,4355.7,4342.5,4344.8,2545
2026-04-29 11:30:00,4346.5,4353.0,4344.1,4348.8,2091
2026-04-29 11:35:00,4350.7,4356.0,4349.0,4351.8,1771
2026-04-29 11:40:00,4349.8,4351.3,4346.1,4346.8,774
2026-04-29 11:45:00,4347.9,4354.7,4346.3,4351.4,1348
2026-04-29 11:50:00,4353.3,4357.6,4351.0,4353.3,1066
2026-04-29 11:55:00,4353.6,4369.3,4353.0,4364.0,3307
2026-04-29 12:00:00,4361.4,4363.4,4357.9,4362.0,800
2026-04-29 12:05:00,4360.0,4362.3,4356.0,4360.1,846
2026-04-29 12:10:00,4360.0,4365.4,4359.3,4361.9,1202
2026-04-29 12:15:00,4361.9,4364.6,4360.4,4362.0,661
2026-04-29 12:20:00,4362.0,4364.7,4360.0,4360.8,1134
2026-04-29 12:25:00,4360.8,4360.8,4350.8,4353.1,8344
2026-04-29 12:30:00,4354.3,4363.8,4350.8,4361.9,2418
2026-04-29 12:35:00,4360.6,4361.4,4355.6,4356.0,1030
2026-04-29 12:40:00,4356.6,4357.0,4354.7,4356.7,996
2026-04-29 12:45:00,4355.4,4361.1,4355.4,4358.9,452
2026-04-29 12:50:00,4358.0,4360.4,4356.3,4358.3,723
2026-04-29 12:55:00,4358.3,4359.0,4356.2,4356.8,478
2026-04-29 13:00:00,4357.2,4357.9,4353.0,4353.2,1164
2026-04-29 13:05:00,4353.2,4362.2,4353.0,4360.0,1768
2026-04-29 13:10:00,4360.0,4361.1,4357.6,4359.1,980
2026-04-29 13:15:00,4359.1,4361.9,4356.3,4357.8,1063
2026-04-29 13:20:00,4357.8,4357.8,4352.5,4352.6,1034
2026-04-29 13:25:00,4352.5,4356.1,4350.8,4350.8,1248
2026-04-29 13:30:00,4350.1,4350.9,4344.4,4346.6,1875
2026-04-29 13:35:00,4346.6,4347.6,4340.3,4340.3,2406
2026-04-29 13:40:00,4340.3,4341.8,4330.6,4334.9,3626
2026-04-29 13:45:00,4333.0,4333.0,4325.3,4328.2,3721
2026-04-29 13:50:00,4328.2,4331.4,4326.0,4326.0,1928
2026-04-29 13:55:00,4326.3,4329.5,4324.0,4327.5,1311
2026-04-29 14:00:00,4327.0,4327.6,4314.6,4314.6,2000
2026-04-29 14:05:00,4314.6,4319.6,4314.6,4315.8,3136
2026-04-29 14:10:00,4315.9,4320.1,4315.2,4320.1,1383
2026-04-29 14:15:00,4319.9,4323.0,4317.4,4319.1,2359
2026-04-29 14:20:00,4318.0,4323.7,4318.0,4323.4,2881
2026-04-29 14:25:00,4323.5,4323.5,4319.2,4319.7,1567
2026-04-29 14:30:00,4319.6,4331.9,4318.2,4330.4,1430
2026-04-29 14:35:00,4328.5,4333.5,4325.0,4326.2,2013
2026-04-29 14:40:00,4326.3,4334.1,4326.0,4330.2,2011
2026-04-29 14:45:00,4332.0,4332.0,4322.5,4322.5,1157
2026-04-29 14:50:00,4322.7,4325.2,4319.3,4321.3,2176
2026-04-29 14:55:00,4323.6,4323.6,4317.0,4320.1,1172
2026-04-29 15:00:00,4320.1,4331.0,4320.1,4328.8,2766
2026-04-29 15:05:00,4328.8,4333.5,4327.3,4329.3,2219
2026-04-29 15:10:00,4329.0,4329.8,4320.9,4328.9,5187
2026-04-29 15:15:00,4328.9,4330.7,4320.2,4322.6,5088
2026-04-29 15:20:00,4322.6,4329.0,4313.0,4317.1,8128
2026-04-29 15:25:00,4321.1,4326.3,4314.3,4318.0,6357
2026-04-30 09:15:00,4323.1,4348.1,4296.6,4301.2,8559
2026-04-30 09:20:00,4305.9,4305.9,4277.3,4281.1,4149
2026-04-30 09:25:00,4284.9,4290.0,4269.3,4284.1,3397
2026-04-30 09:30:00,4284.1,4328.1,4283.0,4319.2,4451
2026-04-30 09:35:00,4319.2,4326.9,4306.5,4307.9,2416
2026-04-30 09:40:00,4304.0,4308.6,4300.5,4305.4,1618
2026-04-30 09:45:00,4305.0,4312.0,4300.0,4300.2,4893
2026-04-30 09:50:00,4300.1,4306.3,4292.1,4297.7,3074
2026-04-30 09:55:00,4296.0,4299.8,4288.9,4294.0,1617
2026-04-30 10:00:00,4293.1,4297.0,4286.9,4295.3,2289
2026-04-30 10:05:00,4295.6,4296.0,4285.0,4285.2,2091
2026-04-30 10:10:00,4287.2,4289.4,4283.8,4284.4,1206
2026-04-30 10:15:00,4286.1,4288.5,4273.0,4273.0,6946
2026-04-30 10:20:00,4272.1,4276.8,4270.4,4271.9,2060
2026-04-30 10:25:00,4271.9,4276.8,4269.0,4269.0,4957
2026-04-30 10:30:00,4269.0,4272.1,4265.1,4269.0,2519
2026-04-30 10:35:00,4269.0,4271.0,4259.4,4267.5,3405
2026-04-30 10:40:00,4266.4,4269.7,4263.0,4268.2,1440
2026-04-30 10:45:00,4268.2,4268.2,4257.6,4261.3,5057
2026-04-30 10:50:00,4261.3,4261.3,4255.0,4259.0,867
2026-04-30 10:55:00,4259.0,4261.1,4255.0,4259.5,695
2026-04-30 11:00:00,4259.5,4260.2,4251.0,4251.0,1976
2026-04-30 11:05:00,4251.0,4257.1,4251.0,4255.2,2364
2026-04-30 11:10:00,4257.2,4257.2,4252.1,4252.6,1671
2026-04-30 11:15:00,4254.7,4254.7,4250.0,4252.4,2700
2026-04-30 11:20:00,4250.1,4254.8,4250.0,4250.0,1549
2026-04-30 11:25:00,4250.0,4256.5,4249.6,4255.1,3061
2026-04-30 11:30:00,4255.1,4258.6,4248.0,4248.2,3931
2026-04-30 11:35:00,4248.2,4258.3,4248.2,4250.0,3041
2026-04-30 11:40:00,4249.6,4260.1,4248.0,4251.4,2434
2026-04-30 11:45:00,4251.3,4254.7,4250.0,4253.6,2787
2026-04-30 11:50:00,4253.7,4259.7,4251.9,4256.3,3095
2026-04-30 11:55:00,4256.3,4267.8,4255.6,4264.9,4209
2026-04-30 12:00:00,4266.7,4277.7,4264.3,4270.0,6650
2026-04-30 12:05:00,4270.0,4275.5,4265.1,4267.4,2192
2026-04-30 12:10:00,4267.4,4271.0,4249.6,4252.5,23494
2026-04-30 12:15:00,4252.6,4263.5,4252.1,4259.0,4139
2026-04-30 12:20:00,4259.1,4263.7,4256.1,4261.6,4172
2026-04-30 12:25:00,4261.6,4263.2,4256.0,4258.0,2352
2026-04-30 12:30:00,4257.6,4268.5,4256.0,4264.2,4332
2026-04-30 12:35:00,4263.9,4266.9,4260.0,4263.8,2974
2026-04-30 12:40:00,4263.8,4285.0,4262.7,4280.7,5634
2026-04-30 12:45:00,4281.0,4288.5,4277.8,4286.2,5131
2026-04-30 12:50:00,4286.2,4288.6,4285.1,4287.0,13424
2026-04-30 12:55:00,4287.2,4291.0,4274.6,4278.1,11771
2026-04-30 13:00:00,4279.2,4282.9,4268.1,4270.0,1782
2026-04-30 13:05:00,4270.0,4270.9,4262.0,4262.4,2764
2026-04-30 13:10:00,4262.4,4268.4,4260.8,4261.3,2101
2026-04-30 13:15:00,4261.2,4265.6,4258.0,4262.2,2697
2026-04-30 13:20:00,4261.3,4270.3,4258.6,4261.1,3438
2026-04-30 13:25:00,4261.1,4265.9,4260.3,4264.4,2588
2026-04-30 13:30:00,4263.9,4271.5,4263.9,4267.6,2756
2026-04-30 13:35:00,4268.5,4273.6,4265.1,4266.4,3252
2026-04-30 13:40:00,4265.9,4277.9,4265.9,4272.6,4693
2026-04-30 13:45:00,4272.6,4278.4,4270.0,4274.5,3926
2026-04-30 13:50:00,4276.2,4278.0,4271.0,4271.2,5836
2026-04-30 13:55:00,4272.6,4275.0,4270.0,4272.4,1863
2026-04-30 14:00:00,4272.4,4279.0,4270.0,4273.0,5136
2026-04-30 14:05:00,4273.0,4280.4,4270.1,4275.0,6885
2026-04-30 14:10:00,4275.0,4289.0,4275.0,4277.9,13798
2026-04-30 14:15:00,4277.5,4284.4,4274.5,4280.0,9972
2026-04-30 14:20:00,4280.0,4283.9,4278.4,4282.0,4307
2026-04-30 14:25:00,4282.0,4284.3,4278.4,4280.6,3439
2026-04-30 14:30:00,4280.6,4287.0,4280.2,4283.2,4291
2026-04-30 14:35:00,4282.7,4285.5,4279.1,4280.3,4204
2026-04-30 14:40:00,4280.4,4297.0,4279.3,4286.7,22780
2026-04-30 14:45:00,4287.0,4292.2,4280.0,4280.0,11044
2026-04-30 14:50:00,4280.0,4281.7,4272.9,4273.3,3729
2026-04-30 14:55:00,4273.5,4278.1,4270.3,4276.4,3479
2026-04-30 15:00:00,4276.4,4276.4,4258.7,4268.2,23076
2026-04-30 15:05:00,4268.6,4271.4,4263.9,4268.0,17300
2026-04-30 15:10:00,4268.0,4271.8,4265.0,4271.2,12058
2026-04-30 15:15:00,4268.8,4277.2,4267.9,4272.7,18072
2026-04-30 15:20:00,4268.2,4275.9,4266.0,4272.6,20420
2026-04-30 15:25:00,4271.1,4285.0,4268.0,4283.9,17460
2026-05-04 09:15:00,4290.1,4295.7,4251.0,4262.6,8421
2026-05-04 09:20:00,4262.6,4279.7,4258.0,4259.0,2512
2026-05-04 09:25:00,4258.0,4274.9,4250.0,4272.3,3507
2026-05-04 09:30:00,4270.9,4274.0,4247.0,4256.7,4491
2026-05-04 09:35:00,4256.7,4268.5,4256.4,4258.0,2128
2026-05-04 09:40:00,4258.0,4261.7,4253.0,4258.7,3464
2026-05-04 09:45:00,4258.5,4262.6,4253.3,4260.5,3483
2026-05-04 09:50:00,4262.5,4273.8,4260.0,4261.7,3231
2026-05-04 09:55:00,4261.7,4268.3,4260.3,4268.3,1297
2026-05-04 10:00:00,4268.7,4271.1,4260.0,4263.7,1436
2026-05-04 10:05:00,4263.7,4271.5,4260.0,4261.5,1465
2026-05-04 10:10:00,4261.5,4261.5,4231.0,4232.3,8365
2026-05-04 10:15:00,4231.0,4240.3,4230.0,4235.7,4478
2026-05-04 10:20:00,4235.5,4236.3,4223.2,4224.0,8654
2026-05-04 10:25:00,4224.0,4224.0,4216.0,4221.1,4530
2026-05-04 10:30:00,4224.7,4237.0,4222.6,4233.5,3327
2026-05-04 10:35:00,4233.5,4246.2,4233.0,4242.0,3101
2026-05-04 10:40:00,4243.2,4243.2,4238.2,4239.8,1582
2026-05-04 10:45:00,4239.8,4246.2,4238.2,4241.2,1774
2026-05-04 10:50:00,4241.2,4249.3,4241.0,4246.6,1869
2026-05-04 10:55:00,4246.5,4256.9,4244.3,4251.5,2894
2026-05-04 11:00:00,4252.0,4259.1,4250.4,4253.1,3214
2026-05-04 11:05:00,4253.1,4257.4,4245.0,4246.0,2826
2026-05-04 11:10:00,4245.0,4252.3,4245.0,4252.3,1430
2026-05-04 11:15:00,4252.4,4259.0,4252.4,4256.0,1658
2026-05-04 11:20:00,4256.0,4258.2,4251.3,4252.5,1100
2026-05-04 11:25:00,4251.2,4258.3,4249.5,4254.9,1613
2026-05-04 11:30:00,4254.9,4254.9,4245.5,4248.6,819
2026-05-04 11:35:00,4249.5,4249.8,4237.0,4242.5,3292
2026-05-04 11:40:00,4242.5,4244.4,4238.9,4240.6,1720
2026-05-04 11:45:00,4241.3,4249.8,4235.0,4247.1,2252
2026-05-04 11:50:00,4247.1,4251.4,4237.1,4243.3,2050
2026-05-04 11:55:00,4244.8,4247.2,4240.1,4241.0,1164
2026-05-04 12:00:00,4242.4,4245.8,4240.3,4241.1,976
2026-05-04 12:05:00,4242.1,4243.3,4236.5,4238.4,1232
2026-05-04 12:10:00,4237.9,4238.4,4219.6,4220.0,2153
2026-05-04 12:15:00,4218.1,4223.6,4205.0,4212.0,7757
2026-05-04 12:20:00,4212.0,4217.8,4200.1,4213.1,5705
2026-05-04 12:25:00,4215.7,4232.0,4213.8,4227.5,4418
2026-05-04 12:30:00,4227.2,4232.8,4224.9,4226.5,3107
2026-05-04 12:35:00,4225.3,4230.0,4222.5,4222.5,3353
2026-05-04 12:40:00,4222.0,4222.0,4216.0,4217.5,1067
2026-05-04 12:45:00,4217.4,4217.4,4200.1,4202.0,4946
2026-05-04 12:50:00,4202.4,4213.8,4202.0,4207.1,4316
2026-05-04 12:55:00,4207.1,4208.0,4200.1,4204.4,1417
2026-05-04 13:00:00,4204.4,4209.5,4202.0,4208.1,5538
2026-05-04 13:05:00,4208.1,4209.6,4203.1,4208.1,1807
2026-05-04 13:10:00,4208.1,4214.6,4206.7,4210.9,900
2026-05-04 13:15:00,4210.0,4212.1,4207.6,4207.6,1006
2026-05-04 13:20:00,4207.6,4210.5,4202.9,4202.9,4169
2026-05-04 13:25:00,4203.0,4205.6,4195.0,4195.0,3837
2026-05-04 13:30:00,4195.0,4195.4,4185.1,4186.0,2398
2026-05-04 13:35:00,4185.5,4190.0,4182.0,4190.0,2421
2026-05-04 13:40:00,4190.0,4198.5,4190.0,4196.1,1471
2026-05-04 13:45:00,4194.1,4197.2,4192.0,4192.0,1791
2026-05-04 13:50:00,4192.0,4198.0,4190.7,4193.5,1453
2026-05-04 13:55:00,4192.0,4193.4,4185.2,4189.3,1364
2026-05-04 14:00:00,4191.6,4196.8,4190.0,4194.0,896
2026-05-04 14:05:00,4194.0,4200.7,4194.0,4200.0,847
2026-05-04 14:10:00,4201.3,4215.5,4201.3,4210.5,3969
2026-05-04 14:15:00,4211.8,4220.0,4211.0,4215.5,3614
2026-05-04 14:20:00,4215.5,4217.8,4205.8,4206.4,1948
2026-05-04 14:25:00,4206.4,4206.5,4200.1,4200.3,1189
2026-05-04 14:30:00,4202.2,4205.6,4200.0,4203.1,1098
2026-05-04 14:35:00,4202.0,4204.3,4200.0,4202.0,1834
2026-05-04 14:40:00,4202.0,4204.3,4198.0,4202.1,1583
2026-05-04 14:45:00,4202.1,4203.4,4195.1,4196.8,2433
2026-05-04 14:50:00,4196.8,4202.0,4190.5,4196.7,2176
2026-05-04 14:55:00,4196.7,4203.1,4194.1,4198.4,1936
2026-05-04 15:00:00,4200.2,4201.3,4195.6,4198.8,2811
2026-05-04 15:05:00,4198.8,4201.1,4196.5,4196.5,3414
2026-05-04 15:10:00,4197.1,4206.8,4196.5,4201.0,6003
2026-05-04 15:15:00,4201.0,4209.6,4199.8,4203.8,6225
2026-05-04 15:20:00,4203.8,4207.4,4202.6,4203.5,7015
2026-05-04 15:25:00,4203.2,4219.9,4198.7,4210.0,7832
2026-05-05 09:15:00,4202.7,4279.5,4192.0,4275.0,19927
2026-05-05 09:20:00,4275.0,4297.0,4241.1,4243.0,12606
2026-05-05 09:25:00,4241.6,4254.0,4227.7,4244.0,8760
2026-05-05 09:30:00,4240.3,4249.9,4227.6,4232.4,5289
2026-05-05 09:35:00,4233.9,4245.4,4225.0,4229.7,4714
2026-05-05 09:40:00,4229.2,4244.1,4226.9,4239.9,4263
2026-05-05 09:45:00,4236.0,4254.6,4233.3,4250.5,4714
2026-05-05 09:50:00,4252.3,4269.9,4250.0,4263.2,6021
2026-05-05 09:55:00,4263.2,4265.8,4244.9,4257.4,3690
2026-05-05 10:00:00,4258.0,4261.7,4251.0,4257.0,3516
2026-05-05 10:05:00,4258.0,4263.4,4252.1,4252.1,1837
2026-05-05 10:10:00,4252.5,4255.7,4248.0,4248.0,2136
2026-05-05 10:15:00,4247.2,4251.0,4240.0,4248.7,1922
2026-05-05 10:20:00,4248.7,4250.0,4241.1,4242.6,1205
2026-05-05 10:25:00,4242.5,4248.5,4241.0,4243.0,1304
2026-05-05 10:30:00,4243.1,4249.1,4241.0,4241.0,993
2026-05-05 10:35:00,4243.1,4255.3,4232.0,4255.0,4030
2026-05-05 10:40:00,4254.8,4267.9,4252.6,4263.4,5610
2026-05-05 10:45:00,4263.4,4266.9,4253.3,4255.9,2655
2026-05-05 10:50:00,4256.8,4256.9,4233.8,4238.9,6734
2026-05-05 10:55:00,4238.9,4243.4,4233.5,4239.5,2259
2026-05-05 11:00:00,4239.5,4246.0,4235.5,4246.0,1402
2026-05-05 11:05:00,4246.0,4253.2,4244.8,4245.7,2208
2026-05-05 11:10:00,4245.7,4248.7,4245.7,4247.5,986
2026-05-05 11:15:00,4247.5,4248.7,4240.2,4242.7,1362
2026-05-05 11:20:00,4242.3,4250.0,4241.1,4242.9,2359
2026-05-05 11:25:00,4242.9,4250.0,4242.9,4245.0,2093
2026-05-05 11:30:00,4245.0,4250.0,4241.1,4247.8,967
2026-05-05 11:35:00,4247.8,4250.0,4247.6,4247.7,1299
2026-05-05 11:40:00,4247.7,4250.0,4241.9,4242.0,1674
2026-05-05 11:45:00,4242.0,4246.8,4242.0,4244.1,790
2026-05-05 11:50:00,4244.1,4250.0,4243.2,4246.0,1195
2026-05-05 11:55:00,4245.5,4245.5,4242.5,4243.2,605
2026-05-05 12:00:00,4243.2,4244.0,4240.1,4241.8,936
2026-05-05 12:05:00,4241.8,4246.4,4241.2,4246.1,441
2026-05-05 12:10:00,4246.1,4250.0,4244.5,4250.0,2557
2026-05-05 12:15:00,4250.0,4269.9,4250.0,4256.3,8577
2026-05-05 12:20:00,4256.3,4261.3,4254.3,4257.0,745
2026-05-05 12:25:00,4257.0,4257.6,4249.8,4251.5,952
2026-05-05 12:30:00,4249.8,4255.2,4249.8,4254.5,1556
2026-05-05 12:35:00,4254.5,4257.9,4242.1,4257.7,2809
2026-05-05 12:40:00,4257.7,4261.2,4253.7,4254.2,2788
2026-05-05 12:45:00,4254.2,4260.0,4253.5,4258.4,2827
2026-05-05 12:50:00,4258.4,4262.1,4255.5,4255.5,4586
2026-05-05 12:55:00,4255.5,4267.0,4255.4,4264.4,3333
2026-05-05 13:00:00,4264.4,4266.6,4260.9,4266.6,2112
2026-05-05 13:05:00,4264.4,4271.2,4263.9,4268.8,1788
2026-05-05 13:10:00,4267.7,4269.2,4264.0,4267.0,1315
2026-05-05 13:15:00,4267.8,4268.2,4258.2,4262.0,4843
2026-05-05 13:20:00,4262.0,4267.6,4260.0,4263.0,3872
2026-05-05 13:25:00,4264.0,4265.0,4256.8,4261.1,4039
2026-05-05 13:30:00,4262.4,4267.3,4261.4,4263.5,2452
2026-05-05 13:35:00,4263.5,4273.5,4263.5,4270.9,2283
2026-05-05 13:40:00,4270.9,4284.0,4269.1,4283.8,2556
2026-05-05 13:45:00,4285.0,4286.9,4279.0,4282.3,4346
2026-05-05 13:50:00,4283.7,4283.7,4270.6,4270.6,3358
2026-05-05 13:55:00,4271.0,4276.2,4269.1,4272.6,3249
2026-05-05 14:00:00,4272.6,4273.8,4265.7,4267.1,1549
2026-05-05 14:05:00,4268.4,4269.5,4263.6,4264.3,2086
2026-05-05 14:10:00,4264.3,4268.6,4262.1,4265.2,1318
2026-05-05 14:15:00,4265.2,4270.4,4264.0,4269.9,723
2026-05-05 14:20:00,4269.9,4270.7,4267.6,4268.1,779
2026-05-05 14:25:00,4268.1,4285.6,4268.1,4285.0,7853
2026-05-05 14:30:00,4287.9,4289.0,4285.8,4286.5,1333
2026-05-05 14:35:00,4286.5,4292.0,4286.4,4288.4,5253
2026-05-05 14:40:00,4288.4,4299.7,4287.7,4294.6,3274
2026-05-05 14:45:00,4294.6,4297.0,4278.2,4286.0,7763
2026-05-05 14:50:00,4287.5,4289.0,4273.5,4289.0,5604
2026-05-05 14:55:00,4286.5,4291.4,4278.0,4281.7,7288
2026-05-05 15:00:00,4281.7,4292.0,4280.0,4289.9,6661
2026-05-05 15:05:00,4289.0,4298.9,4289.0,4298.0,6583
2026-05-05 15:10:00,4297.9,4301.0,4296.2,4299.5,6036
2026-05-05 15:15:00,4300.7,4301.0,4294.5,4299.5,8105
2026-05-05 15:20:00,4299.5,4308.5,4298.0,4302.5,11883
2026-05-05 15:25:00,4301.9,4315.0,4301.0,4313.0,10757
2026-05-06 09:15:00,4328.0,4380.0,4328.0,4363.8,22696
2026-05-06 09:20:00,4364.3,4394.0,4360.2,4390.5,7251
2026-05-06 09:25:00,4390.5,4397.2,4380.3,4388.7,7974
2026-05-06 09:30:00,4387.8,4391.0,4367.7,4369.6,5062
2026-05-06 09:35:00,4370.0,4376.7,4354.0,4364.5,4675
2026-05-06 09:40:00,4362.3,4364.4,4342.3,4344.0,2867
2026-05-06 09:45:00,4344.8,4352.8,4337.9,4343.5,7075
2026-05-06 09:50:00,4341.5,4349.9,4341.0,4346.9,1857
2026-05-06 09:55:00,4348.0,4361.2,4347.1,4350.7,3115
2026-05-06 10:00:00,4348.4,4355.0,4348.4,4352.9,1745
2026-05-06 10:05:00,4352.9,4353.2,4341.9,4350.5,3367
2026-05-06 10:10:00,4351.8,4352.7,4344.5,4349.4,2541
2026-05-06 10:15:00,4349.4,4353.1,4345.4,4345.4,1651
2026-05-06 10:20:00,4345.4,4345.4,4341.1,4342.5,1150
2026-05-06 10:25:00,4342.5,4345.3,4331.5,4332.3,3263
2026-05-06 10:30:00,4332.1,4333.0,4316.2,4316.4,2664
2026-05-06 10:35:00,4316.4,4321.8,4313.0,4314.0,2798
2026-05-06 10:40:00,4314.0,4328.8,4314.0,4321.5,4601
2026-05-06 10:45:00,4323.4,4325.8,4320.6,4325.8,1039
2026-05-06 10:50:00,4325.8,4326.8,4317.0,4319.9,2465
2026-05-06 10:55:00,4319.9,4321.0,4315.8,4319.4,1530
2026-05-06 11:00:00,4319.4,4328.5,4318.5,4327.4,2106
2026-05-06 11:05:00,4327.4,4334.0,4322.5,4326.9,4123
2026-05-06 11:10:00,4327.9,4327.9,4319.0,4324.0,1447
2026-05-06 11:15:00,4324.0,4330.1,4322.0,4326.0,1529
2026-05-06 11:20:00,4326.0,4332.0,4322.1,4324.3,1964
2026-05-06 11:25:00,4324.3,4330.0,4317.9,4318.1,3119
2026-05-06 11:30:00,4318.1,4318.3,4315.4,4316.2,777
2026-05-06 11:35:00,4316.2,4317.5,4310.9,4313.8,3888
2026-05-06 11:40:00,4313.8,4318.8,4311.5,4315.6,1066
2026-05-06 11:45:00,4315.6,4318.0,4313.0,4317.1,962
2026-05-06 11:50:00,4317.1,4317.1,4307.6,4311.5,5584
2026-05-06 11:55:00,4311.5,4311.7,4307.0,4309.9,688
2026-05-06 12:00:00,4309.9,4315.5,4309.9,4312.7,896
2026-05-06 12:05:00,4312.7,4312.7,4305.1,4308.0,1465
2026-05-06 12:10:00,4308.0,4308.0,4301.9,4307.2,1996
2026-05-06 12:15:00,4307.2,4307.2,4297.5,4298.7,3047
2026-05-06 12:20:00,4297.0,4298.0,4294.6,4297.8,1422
2026-05-06 12:25:00,4297.8,4300.9,4296.3,4299.6,1102
2026-05-06 12:30:00,4299.6,4300.3,4297.3,4298.0,1707
2026-05-06 12:35:00,4298.0,4301.2,4298.0,4300.6,502
2026-05-06 12:40:00,4300.6,4300.6,4292.4,4293.9,1521
2026-05-06 12:45:00,4293.9,4293.9,4279.1,4279.2,5391
2026-05-06 12:50:00,4278.0,4280.0,4268.0,4269.5,4242
2026-05-06 12:55:00,4269.5,4271.7,4266.1,4266.6,1327
2026-05-06 13:00:00,4267.9,4277.1,4264.6,4277.1,1934
2026-05-06 13:05:00,4277.1,4289.0,4276.5,4288.9,902
2026-05-06 13:10:00,4288.9,4289.7,4281.4,4286.8,1633
2026-05-06 13:15:00,4286.8,4293.7,4284.1,4293.7,960
2026-05-06 13:20:00,4293.7,4296.8,4291.7,4296.8,1262
2026-05-06 13:25:00,4296.8,4299.5,4293.1,4297.0,2295
2026-05-06 13:30:00,4298.0,4298.0,4290.2,4292.1,1095
2026-05-06 13:35:00,4292.1,4296.0,4284.8,4290.0,1893
2026-05-06 13:40:00,4291.8,4294.8,4287.9,4292.0,900
2026-05-06 13:45:00,4291.3,4293.1,4290.5,4293.1,546
2026-05-06 13:50:00,4292.4,4297.0,4288.7,4293.9,1000
2026-05-06 13:55:00,4293.9,4296.6,4282.0,4283.7,2174
2026-05-06 14:00:00,4283.7,4283.8,4279.5,4281.5,1576
2026-05-06 14:05:00,4281.5,4283.2,4277.4,4282.7,961
2026-05-06 14:10:00,4282.7,4286.2,4280.5,4285.4,628
2026-05-06 14:15:00,4285.4,4290.0,4285.4,4289.9,455
2026-05-06 14:20:00,4288.9,4302.0,4288.9,4301.3,3281
2026-05-06 14:25:00,4300.0,4318.5,4300.0,4317.5,5578
2026-05-06 14:30:00,4321.1,4321.8,4300.0,4307.9,4790
2026-05-06 14:35:00,4306.4,4309.5,4301.8,4308.9,1504
2026-05-06 14:40:00,4307.8,4316.5,4306.0,4315.9,2936
2026-05-06 14:45:00,4316.5,4320.4,4313.5,4318.7,5513
2026-05-06 14:50:00,4319.8,4320.3,4314.0,4316.9,3754
2026-05-06 14:55:00,4316.9,4319.8,4315.2,4316.0,3026
2026-05-06 15:00:00,4317.1,4322.0,4307.0,4321.0,12324
2026-05-06 15:05:00,4320.7,4320.7,4316.0,4319.8,3610
2026-05-06 15:10:00,4319.7,4319.7,4314.5,4316.9,7051
2026-05-06 15:15:00,4316.9,4320.6,4315.5,4317.3,6246
2026-05-06 15:20:00,4317.4,4317.4,4309.6,4313.5,8097
2026-05-06 15:25:00,4311.7,4320.0,4300.0,4320.0,6353
2026-05-07 09:15:00,4350.0,4356.2,4318.0,4326.0,9024
2026-05-07 09:20:00,4322.9,4325.9,4302.0,4305.5,3857
2026-05-07 09:25:00,4305.5,4305.5,4290.1,4291.0,2886
2026-05-07 09:30:00,4292.7,4294.0,4275.0,4278.0,3669
2026-05-07 09:35:00,4278.0,4285.5,4275.0,4283.0,3222
2026-05-07 09:40:00,4283.0,4291.7,4282.5,4290.3,3141
2026-05-07 09:45:00,4289.7,4289.8,4282.2,4284.6,1226
2026-05-07 09:50:00,4284.0,4285.7,4276.1,4278.2,1993
2026-05-07 09:55:00,4275.3,4288.0,4275.3,4282.8,1927
2026-05-07 10:00:00,4282.8,4283.4,4277.2,4280.9,776
2026-05-07 10:05:00,4280.9,4282.2,4278.0,4278.0,483
2026-05-07 10:10:00,4278.0,4280.3,4267.6,4271.1,3484
2026-05-07 10:15:00,4271.1,4273.4,4270.4,4273.4,1502
2026-05-07 10:20:00,4273.5,4278.0,4273.1,4278.0,894
2026-05-07 10:25:00,4277.6,4278.7,4273.0,4273.0,739
2026-05-07 10:30:00,4273.0,4277.4,4270.6,4277.4,1437
2026-05-07 10:35:00,4277.4,4277.4,4273.7,4275.1,300
2026-05-07 10:40:00,4275.1,4277.3,4273.7,4275.5,1212
2026-05-07 10:45:00,4275.5,4275.6,4271.7,4271.9,693
2026-05-07 10:50:00,4271.9,4274.1,4270.0,4274.0,1067
2026-05-07 10:55:00,4274.0,4275.2,4270.4,4275.2,902
2026-05-07 11:00:00,4275.1,4275.1,4262.7,4264.5,4130
2026-05-07 11:05:00,4264.5,4264.5,4260.0,4261.9,2342
2026-05-07 11:10:00,4261.9,4262.2,4253.5,4255.3,4628
2026-05-07 11:15:00,4255.3,4257.3,4254.0,4255.2,1287
2026-05-07 11:20:00,4255.2,4255.3,4250.0,4251.1,4426
2026-05-07 11:25:00,4251.1,4251.9,4250.0,4251.9,4040
2026-05-07 11:30:00,4251.9,4257.0,4251.2,4255.3,3590
2026-05-07 11:35:00,4255.6,4255.6,4252.1,4254.0,588
2026-05-07 11:40:00,4254.0,4254.9,4252.6,4254.9,2086
2026-05-07 11:45:00,4254.9,4254.9,4253.0,4254.8,1145
2026-05-07 11:50:00,4254.8,4254.8,4254.0,4254.2,593
2026-05-07 11:55:00,4254.2,4255.9,4253.0,4255.6,5244
2026-05-07 12:00:00,4255.4,4256.9,4253.2,4254.2,2569
2026-05-07 12:05:00,4253.0,4254.3,4253.0,4253.9,485
2026-05-07 12:10:00,4254.1,4254.1,4251.5,4251.5,11040
2026-05-07 12:15:00,4252.0,4255.3,4251.5,4254.6,8164
2026-05-07 12:20:00,4254.6,4257.2,4254.4,4256.9,1870
2026-05-07 12:25:00,4255.1,4256.8,4245.9,4248.0,6402
2026-05-07 12:30:00,4247.9,4252.4,4246.0,4249.4,2485
2026-05-07 12:35:00,4249.4,4254.2,4247.4,4252.4,4416
2026-05-07 12:40:00,4250.0,4259.0,4249.2,4255.8,6237
2026-05-07 12:45:00,4255.8,4257.7,4250.9,4253.0,5247
2026-05-07 12:50:00,4253.0,4253.0,4249.0,4249.9,2776
2026-05-07 12:55:00,4249.9,4251.0,4247.3,4249.5,2154
2026-05-07 13:00:00,4249.5,4252.5,4246.0,4248.7,3487
2026-05-07 13:05:00,4248.7,4250.2,4246.2,4247.7,1528
2026-05-07 13:10:00,4247.7,4247.7,4242.8,4244.7,3634
2026-05-07 13:15:00,4244.4,4245.8,4235.0,4241.2,5624
2026-05-07 13:20:00,4241.0,4245.4,4239.8,4244.0,1760
2026-05-07 13:25:00,4243.6,4245.9,4242.0,4242.5,3875
2026-05-07 13:30:00,4242.5,4242.7,4242.0,4242.7,1000
2026-05-07 13:35:00,4242.7,4242.9,4240.0,4240.2,5287
2026-05-07 13:40:00,4240.2,4245.3,4240.0,4245.2,6309
2026-05-07 13:45:00,4244.8,4248.8,4243.4,4248.6,2627
2026-05-07 13:50:00,4248.4,4250.6,4247.0,4247.5,1998
2026-05-07 13:55:00,4247.5,4250.6,4246.0,4247.3,2348
2026-05-07 14:00:00,4247.1,4247.9,4245.6,4247.0,1037
2026-05-07 14:05:00,4247.0,4247.7,4243.1,4244.3,1121
2026-05-07 14:10:00,4244.3,4245.7,4239.8,4239.8,945
2026-05-07 14:15:00,4238.4,4244.5,4237.0,4240.9,2052
2026-05-07 14:20:00,4240.9,4245.2,4240.2,4243.0,1529
2026-05-07 14:25:00,4244.2,4249.6,4244.2,4247.0,1387
2026-05-07 14:30:00,4248.1,4249.6,4246.0,4249.6,1371
2026-05-07 14:35:00,4249.6,4249.6,4246.0,4246.1,1036
2026-05-07 14:40:00,4246.1,4249.2,4246.0,4247.6,922
2026-05-07 14:45:00,4248.7,4249.2,4246.3,4247.5,1486
2026-05-07 14:50:00,4247.5,4255.6,4247.5,4252.9,9604
2026-05-07 14:55:00,4254.3,4254.7,4254.0,4254.3,3952
2026-05-07 15:00:00,4254.4,4259.0,4248.5,4257.9,22314
2026-05-07 15:05:00,4257.1,4259.0,4247.7,4249.5,15042
2026-05-07 15:10:00,4249.1,4249.4,4242.5,4244.9,28309
2026-05-07 15:15:00,4244.8,4253.6,4244.3,4251.1,21524
2026-05-07 15:20:00,4250.0,4251.0,4245.0,4248.2,16513
2026-05-07 15:25:00,4248.6,4256.5,4245.1,4248.0,22249
2026-05-08 09:15:00,4254.5,4308.4,4239.2,4290.2,29896
2026-05-08 09:20:00,4290.2,4294.8,4275.0,4280.1,5299
2026-05-08 09:25:00,4280.1,4304.0,4271.5,4295.3,6469
2026-05-08 09:30:00,4295.3,4298.0,4282.3,4288.6,5711
2026-05-08 09:35:00,4289.1,4297.4,4280.9,4296.7,4831
2026-05-08 09:40:00,4292.5,4303.1,4292.5,4298.5,4553
2026-05-08 09:45:00,4295.2,4298.3,4280.0,4295.8,5325
2026-05-08 09:50:00,4298.5,4301.4,4293.6,4300.1,3480
2026-05-08 09:55:00,4300.3,4304.4,4295.5,4299.3,2653
2026-05-08 10:00:00,4300.9,4307.1,4297.0,4297.0,2270
2026-05-08 10:05:00,4297.0,4303.1,4292.0,4292.0,3283
2026-05-08 10:10:00,4292.1,4306.5,4292.0,4302.1,2212
2026-05-08 10:15:00,4302.1,4325.0,4302.1,4323.6,8926
2026-05-08 10:20:00,4324.8,4343.0,4320.7,4340.3,11888
2026-05-08 10:25:00,4340.3,4350.0,4334.7,4346.3,8470
2026-05-08 10:30:00,4345.3,4356.6,4345.3,4349.9,12078
2026-05-08 10:35:00,4349.0,4352.0,4340.2,4341.6,6115
2026-05-08 10:40:00,4341.6,4349.8,4337.0,4348.5,4529
2026-05-08 10:45:00,4348.5,4354.2,4325.3,4328.3,13066
2026-05-08 10:50:00,4327.0,4341.5,4326.9,4335.0,1683
2026-05-08 10:55:00,4334.9,4339.0,4330.1,4332.8,2715
2026-05-08 11:00:00,4332.8,4335.7,4327.0,4328.2,994
2026-05-08 11:05:00,4328.2,4330.9,4322.6,4322.6,1294
2026-05-08 11:10:00,4322.6,4330.9,4320.0,4324.8,2733
2026-05-08 11:15:00,4324.7,4327.3,4317.5,4317.7,1505
2026-05-08 11:20:00,4317.7,4324.7,4317.7,4318.6,981
2026-05-08 11:25:00,4318.8,4322.7,4318.7,4322.1,517
2026-05-08 11:30:00,4321.0,4321.5,4306.9,4311.1,1719
2026-05-08 11:35:00,4311.1,4323.5,4311.1,4320.7,855
2026-05-08 11:40:00,4322.6,4325.2,4313.9,4315.0,1358
2026-05-08 11:45:00,4315.0,4317.8,4310.9,4312.4,1479
2026-05-08 11:50:00,4313.0,4318.4,4311.3,4316.4,1049
2026-05-08 11:55:00,4316.4,4317.9,4313.1,4314.0,660
2026-05-08 12:00:00,4315.6,4318.8,4313.1,4317.6,1205
2026-05-08 12:05:00,4317.6,4319.0,4311.7,4311.9,1104
2026-05-08 12:10:00,4311.9,4315.1,4310.6,4312.2,1759
2026-05-08 12:15:00,4312.2,4313.5,4309.8,4312.0,1370
2026-05-08 12:20:00,4312.0,4313.8,4302.5,4306.2,2210
2026-05-08 12:25:00,4306.2,4324.4,4304.4,4321.0,1040
2026-05-08 12:30:00,4323.9,4331.7,4321.8,4325.8,1934
2026-05-08 12:35:00,4328.1,4333.0,4323.2,4327.9,2492
2026-05-08 12:40:00,4327.9,4332.3,4326.9,4326.9,1479
2026-05-08 12:45:00,4326.9,4328.0,4321.8,4324.1,740
2026-05-08 12:50:00,4322.4,4327.3,4315.2,4326.0,701
2026-05-08 12:55:00,4326.1,4336.2,4326.1,4334.0,1826
2026-05-08 13:00:00,4334.0,4337.0,4332.9,4336.3,1286
2026-05-08 13:05:00,4336.3,4344.3,4336.0,4341.6,1233
2026-05-08 13:10:00,4341.6,4349.0,4340.0,4348.8,4984
2026-05-08 13:15:00,4348.8,4353.0,4347.4,4351.4,3143
2026-05-08 13:20:00,4351.4,4352.5,4348.5,4349.8,1830
2026-05-08 13:25:00,4349.8,4369.0,4349.8,4367.3,6874
2026-05-08 13:30:00,4368.0,4369.0,4361.8,4364.6,5470
2026-05-08 13:35:00,4364.6,4364.8,4346.3,4351.9,3195
2026-05-08 13:40:00,4349.8,4356.0,4349.8,4354.0,2039
2026-05-08 13:45:00,4353.2,4353.9,4349.0,4349.7,1176
2026-05-08 13:50:00,4349.7,4352.6,4346.3,4350.0,1600
2026-05-08 13:55:00,4350.0,4350.2,4342.6,4342.6,1456
2026-05-08 14:00:00,4344.7,4350.0,4341.0,4348.0,4604
2026-05-08 14:05:00,4348.0,4359.6,4346.8,4357.0,3223
2026-05-08 14:10:00,4357.0,4359.8,4355.2,4355.2,746
2026-05-08 14:15:00,4355.2,4355.6,4351.0,4353.0,1299
2026-05-08 14:20:00,4353.0,4356.2,4351.2,4352.8,2052
2026-05-08 14:25:00,4354.4,4360.0,4353.3,4360.0,951
2026-05-08 14:30:00,4360.0,4365.0,4359.4,4363.7,1782
2026-05-08 14:35:00,4362.9,4370.0,4362.4,4369.0,2924
2026-05-08 14:40:00,4368.7,4374.4,4361.0,4361.3,4517
2026-05-08 14:45:00,4361.7,4364.5,4358.4,4363.2,2707
2026-05-08 14:50:00,4364.5,4365.0,4361.0,4363.1,1990
2026-05-08 14:55:00,4363.1,4364.3,4356.0,4356.7,2095
2026-05-08 15:00:00,4358.1,4358.8,4345.2,4346.4,4658
2026-05-08 15:05:00,4346.4,4347.6,4343.2,4346.7,4787
2026-05-08 15:10:00,4347.5,4352.1,4345.4,4350.8,5867
2026-05-08 15:15:00,4350.8,4352.8,4345.4,4346.5,4752
2026-05-08 15:20:00,4346.4,4352.8,4343.8,4347.9,13640
2026-05-08 15:25:00,4347.9,4360.0,4347.3,4360.0,9030
2026-05-11 09:15:00,4361.2,4400.9,4320.0,4354.3,18274
2026-05-11 09:20:00,4355.3,4369.8,4347.2,4369.6,5784
2026-05-11 09:25:00,4368.8,4370.0,4354.7,4366.9,4614
2026-05-11 09:30:00,4366.0,4381.8,4361.1,4371.0,3563
2026-05-11 09:35:00,4375.7,4377.7,4366.2,4371.9,2672
2026-05-11 09:40:00,4370.9,4372.4,4359.0,4359.1,3023
2026-05-11 09:45:00,4360.8,4367.0,4356.0,4365.9,2044
2026-05-11 09:50:00,4366.4,4382.0,4364.0,4378.5,4506
2026-05-11 09:55:00,4381.3,4382.5,4370.5,4372.1,3304
2026-05-11 10:00:00,4374.0,4374.0,4361.4,4365.1,2510
2026-05-11 10:05:00,4366.9,4377.0,4365.2,4370.3,945
2026-05-11 10:10:00,4367.1,4375.0,4366.1,4372.8,1208
2026-05-11 10:15:00,4372.7,4372.7,4360.0,4361.0,2658
2026-05-11 10:20:00,4364.4,4368.7,4360.3,4363.5,1600
2026-05-11 10:25:00,4365.0,4369.0,4358.1,4367.0,1383
2026-05-11 10:30:00,4366.9,4395.0,4365.0,4390.9,8980
2026-05-11 10:35:00,4392.8,4395.0,4382.1,4385.3,1946
2026-05-11 10:40:00,4386.8,4386.8,4371.3,4374.3,1697
2026-05-11 10:45:00,4374.2,4374.2,4342.0,4350.0,4614
2026-05-11 10:50:00,4350.0,4355.2,4335.8,4345.6,9936
2026-05-11 10:55:00,4345.6,4345.6,4345.6,4345.6,13
2026-05-11 12:50:00,4371.0,4374.1,4370.5,4374.0,8028470
2026-05-11 12:55:00,4374.0,4374.0,4366.4,4368.0,25641073
2026-05-11 13:00:00,4368.0,4369.7,4363.1,4367.0,20425614
2026-05-11 13:05:00,4367.0,4372.0,4365.1,4371.7,20943504
2026-05-11 13:10:00,4370.0,4371.6,4366.8,4367.8,21615795
2026-05-11 13:15:00,4367.8,4369.8,4363.0,4367.6,19533479
2026-05-11 13:20:00,4367.6,4372.2,4366.5,4372.2,15176687
2026-05-11 13:25:00,4372.2,4372.2,4367.2,4370.1,20440715
2026-05-11 13:30:00,4370.1,4370.1,4364.0,4365.2,21598843
2026-05-11 13:35:00,4365.2,4373.4,4365.1,4366.4,25544499
2026-05-11 13:40:00,4372.0,4374.9,4369.7,4374.0,13152832
2026-05-11 13:45:00,4375.0,4375.0,4372.5,4374.3,1244
2026-05-11 13:50:00,4370.1,4377.1,4367.4,4375.4,40950182
2026-05-11 13:55:00,4371.4,4371.4,4369.8,4371.4,2645741
2026-05-11 14:00:00,4371.4,4373.6,4365.0,4367.1,15766278
2026-05-11 14:05:00,4367.1,4368.6,4365.5,4367.6,135
2026-05-11 14:10:00,4367.1,4369.0,4365.1,4366.2,22571849
2026-05-11 14:15:00,4366.2,4369.7,4363.0,4368.1,31336248
2026-05-11 14:20:00,4368.1,4373.9,4364.6,4364.6,23358900
2026-05-11 14:25:00,4364.6,4369.7,4362.0,4364.9,22661984
2026-05-11 14:30:00,4364.9,4375.0,4364.9,4373.3,21143713
2026-05-11 14:35:00,4373.3,4374.1,4368.0,4368.1,21885800
2026-05-11 14:40:00,4366.6,4370.0,4360.0,4364.4,16845587
2026-05-11 14:45:00,4364.4,4367.3,4361.3,4362.9,20885481
2026-05-11 14:50:00,4362.0,4366.8,4362.0,4365.9,288
2026-05-11 14:55:00,4366.9,4366.9,4364.0,4365.3,21691298
2026-05-11 15:00:00,4365.3,4372.9,4353.7,4356.5,22653376
2026-05-11 15:05:00,4357.0,4358.4,4341.6,4342.6,35565289
2026-05-11 15:10:00,4342.6,4348.5,4342.4,4345.4,20334165
2026-05-11 15:15:00,4345.4,4350.0,4344.0,4348.7,22339227
2026-05-11 15:20:00,4348.7,4353.7,4345.1,4349.8,22826947
2026-05-11 15:25:00,4350.0,4352.7,4330.0,4330.0,45930102
2026-05-12 09:15:00,4326.0,4326.0,4237.0,4252.2,3314941
2026-05-12 09:20:00,4252.5,4252.5,4228.0,4236.0,10722768
2026-05-12 09:25:00,4236.0,4236.0,4211.8,4215.8,16672474
2026-05-12 09:30:00,4215.8,4218.6,4196.3,4208.3,18963034
2026-05-12 09:35:00,4208.3,4214.4,4202.5,4209.0,25764895
2026-05-12 09:40:00,4209.0,4233.1,4208.0,4230.0,28486216
2026-05-12 09:45:00,4230.0,4236.0,4230.0,4235.0,19685627
2026-05-12 09:50:00,4235.6,4243.8,4235.0,4240.0,24270045
2026-05-12 09:55:00,4240.0,4241.0,4236.1,4237.8,30006606
2026-05-12 10:00:00,4238.0,4242.0,4234.5,4239.5,33022329
2026-05-12 10:05:00,4239.5,4239.5,4233.3,4237.0,29422845
2026-05-12 10:10:00,4237.0,4240.8,4229.0,4233.6,33458435
2026-05-12 10:15:00,4235.0,4240.2,4233.0,4239.1,44136091
2026-05-12 10:20:00,4239.1,4239.1,4204.0,4205.5,67510097
2026-05-12 10:25:00,4205.5,4210.9,4190.0,4190.5,63488054
2026-05-12 10:30:00,4190.5,4191.2,4176.1,4177.4,67674427
2026-05-12 10:35:00,4177.4,4189.0,4177.4,4185.2,76292846
2026-05-12 10:40:00,4185.2,4194.1,4185.2,4192.6,39479132
2026-05-12 10:45:00,4192.0,4192.9,4184.1,4187.0,62508423
2026-05-12 10:50:00,4187.0,4190.0,4182.1,4184.8,49733085
2026-05-12 10:55:00,4184.8,4190.0,4183.0,4190.0,55105096
2026-05-12 11:00:00,4190.0,4196.1,4188.9,4190.0,52739613
2026-05-12 11:05:00,4190.0,4191.3,4186.4,4186.7,38249917
2026-05-12 11:10:00,4187.0,4189.5,4175.7,4175.7,51361559
2026-05-12 11:15:00,4175.6,4184.0,4175.0,4179.6,43849019
2026-05-12 11:20:00,4179.3,4181.9,4176.9,4181.4,42060805
2026-05-12 11:25:00,4181.0,4186.2,4176.2,4177.8,53614255
2026-05-12 11:30:00,4177.6,4178.8,4170.0,4178.8,48989155
2026-05-12 11:35:00,4178.8,4181.8,4174.8,4180.0,56445999
2026-05-12 11:40:00,4179.6,4180.0,4172.5,4173.6,44206790
2026-05-12 11:45:00,4173.5,4173.5,4170.0,4172.2,33888996
2026-05-12 11:50:00,4172.3,4178.8,4172.2,4178.0,66220012
2026-05-12 11:55:00,4177.8,4181.8,4172.0,4173.6,80151339
2026-05-12 12:00:00,4173.6,4176.5,4157.4,4160.4,104271363
2026-05-12 12:05:00,4155.0,4162.1,4154.5,4157.6,90656609
2026-05-12 12:10:00,4157.6,4165.4,4155.8,4163.3,66133187
2026-05-12 12:15:00,4163.3,4164.8,4158.5,4160.1,75846133
2026-05-12 12:20:00,4160.1,4179.2,4156.6,4177.6,117530251
2026-05-12 12:25:00,4177.6,4182.4,4174.8,4177.0,146336267
2026-05-12 12:30:00,4177.0,4180.6,4174.0,4178.0,153712760
2026-05-12 12:35:00,4178.0,4178.7,4174.6,4177.8,83991058
2026-05-12 12:50:00,4171.0,4171.2,4166.4,4167.7,41172684
2026-05-12 12:55:00,4167.7,4176.7,4165.5,4167.0,112441202
2026-05-12 13:00:00,4167.0,4171.0,4165.0,4169.9,170497921
2026-05-12 13:05:00,4169.8,4172.5,4167.7,4168.9,104707207
2026-05-12 13:10:00,4168.9,4174.5,4165.0,4172.4,92913232
2026-05-12 13:15:00,4172.4,4180.0,4169.9,4172.0,183356832
2026-05-12 13:20:00,4172.0,4173.0,4165.3,4167.8,178953586
2026-05-12 13:25:00,4167.8,4167.8,4161.1,4162.5,205935874
2026-05-12 13:30:00,4162.5,4162.8,4160.0,4160.9,119315106
2026-05-12 13:35:00,4160.8,4160.8,4151.0,4151.0,108768615
2026-05-12 13:40:00,4151.0,4155.9,4150.7,4152.0,146856290
2026-05-12 13:45:00,4152.0,4152.2,4138.5,4141.2,152431604
2026-05-12 13:50:00,4141.2,4154.8,4139.2,4154.8,207761803
2026-05-12 13:55:00,4154.8,4156.9,4145.9,4147.5,141142512
2026-05-12 14:00:00,4148.5,4148.5,4140.0,4140.0,82800640
2026-05-12 14:05:00,4140.0,4146.2,4136.2,4138.3,184490026
2026-05-12 14:10:00,4138.4,4140.7,4133.8,4137.8,204891401
2026-05-12 14:15:00,4137.8,4147.4,4134.5,4147.4,92583593
2026-05-12 14:20:00,4147.4,4158.0,4145.0,4155.0,134680553
2026-05-12 14:25:00,4156.8,4157.5,4150.0,4152.4,164285029
2026-05-12 14:30:00,4152.4,4155.1,4143.5,4143.5,90463109
2026-05-12 14:35:00,4143.5,4155.0,4141.5,4154.0,164002935
2026-05-12 14:40:00,4154.0,4161.6,4149.6,4160.0,180041625
2026-05-12 14:45:00,4158.2,4159.9,4151.3,4155.0,175782836
2026-05-12 14:50:00,4155.0,4157.4,4150.1,4155.0,155994090
2026-05-12 14:55:00,4155.0,4158.3,4150.0,4151.3,97510219
2026-05-12 15:00:00,4151.3,4153.1,4141.6,4149.1,81507930
2026-05-12 15:05:00,4149.1,4152.0,4143.8,4148.0,93715602
2026-05-12 15:10:00,4147.9,4149.5,4133.7,4135.9,221782571
2026-05-12 15:15:00,4136.0,4145.1,4131.9,4145.0,216106445
2026-05-12 15:20:00,4145.0,4147.9,4135.2,4142.9,284362155
2026-05-12 15:25:00,4145.0,4157.0,4139.1,4145.0,181291686
2026-05-13 09:15:00,4153.8,4169.6,4125.0,4130.4,842983
2026-05-13 09:20:00,4129.9,4132.0,4108.1,4114.4,2535764
2026-05-13 09:25:00,4114.3,4114.3,4101.5,4103.6,5025014
2026-05-13 09:30:00,4103.0,4119.5,4103.0,4107.8,3274
2026-05-13 09:35:00,4108.9,4112.7,4091.3,4091.3,6065
2026-05-13 09:40:00,4093.0,4095.4,4077.4,4091.1,11120
2026-05-13 09:45:00,4093.0,4094.8,4081.1,4083.2,3093
2026-05-13 09:50:00,4083.2,4112.7,4080.6,4112.0,5341
2026-05-13 09:55:00,4112.0,4125.7,4091.0,4111.5,6748
2026-05-13 10:00:00,4109.0,4115.0,4107.7,4115.0,4352
2026-05-13 10:05:00,4115.0,4119.6,4103.5,4105.2,3982
2026-05-13 10:10:00,4105.2,4113.5,4105.2,4108.7,1004
2026-05-13 10:15:00,4107.3,4113.7,4107.1,4113.7,818
2026-05-13 10:20:00,4111.1,4138.4,4110.9,4136.9,9142
2026-05-13 10:25:00,4136.9,4139.2,4118.0,4125.0,9593
2026-05-13 10:30:00,4125.0,4127.0,4112.0,4117.7,1585
2026-05-13 10:35:00,4113.1,4120.0,4105.5,4106.2,2090
2026-05-13 10:40:00,4108.7,4120.4,4106.8,4120.4,2387
2026-05-13 10:45:00,4120.0,4126.0,4110.0,4111.7,6763
2026-05-13 10:50:00,4111.7,4119.9,4111.6,4116.9,6473
2026-05-13 10:55:00,4116.9,4116.9,4101.6,4104.3,1043
2026-05-13 11:00:00,4103.3,4105.7,4100.4,4101.4,725
2026-05-13 11:05:00,4103.2,4103.8,4090.0,4093.7,2570
2026-05-13 11:10:00,4092.7,4096.7,4091.7,4095.0,442
2026-05-13 11:15:00,4094.0,4107.9,4094.0,4103.0,1929
2026-05-13 11:20:00,4104.2,4105.5,4101.0,4105.1,529
2026-05-13 11:25:00,4105.1,4106.7,4102.1,4103.3,719
2026-05-13 11:30:00,4103.4,4109.0,4103.4,4107.6,749
2026-05-13 11:35:00,4108.8,4118.0,4106.0,4116.1,1438
2026-05-13 11:40:00,4117.9,4117.9,4113.0,4116.1,760
2026-05-13 11:45:00,4116.1,4118.9,4112.0,4113.4,1152
2026-05-13 11:50:00,4113.4,4116.3,4110.9,4113.8,666
2026-05-13 11:55:00,4113.8,4114.0,4105.0,4105.0,554
2026-05-13 12:00:00,4105.9,4110.7,4105.0,4110.7,326
2026-05-13 12:05:00,4110.7,4116.2,4109.0,4115.8,880
2026-05-13 12:10:00,4115.8,4125.0,4112.0,4122.1,1912
2026-05-13 12:15:00,4123.7,4124.0,4100.0,4100.0,4754
2026-05-13 12:20:00,4100.8,4103.5,4092.0,4092.0,6991
2026-05-13 12:25:00,4092.1,4101.7,4091.5,4096.0,6983
2026-05-13 12:30:00,4092.9,4098.1,4091.0,4092.3,5008
2026-05-13 12:35:00,4092.3,4103.9,4092.3,4097.3,6878
2026-05-13 12:40:00,4097.3,4100.3,4090.0,4094.4,4523
2026-05-13 12:45:00,4095.3,4095.3,4091.0,4092.0,3238
2026-05-13 12:50:00,4092.0,4100.8,4091.9,4097.6,5276
2026-05-13 12:55:00,4099.6,4108.6,4098.0,4106.7,4617
2026-05-13 13:00:00,4106.8,4107.6,4095.0,4096.0,4321
2026-05-13 13:05:00,4095.0,4097.0,4080.0,4081.8,6426
2026-05-13 13:10:00,4081.8,4087.6,4081.0,4085.6,3645
2026-05-13 13:15:00,4085.5,4088.9,4083.0,4086.7,4766
2026-05-13 13:20:00,4086.7,4089.0,4083.0,4084.6,4491
2026-05-13 13:25:00,4084.6,4085.4,4080.0,4081.1,4965
2026-05-13 13:30:00,4082.2,4086.0,4078.2,4078.6,7097
2026-05-13 13:35:00,4078.6,4085.2,4077.0,4079.1,4471
2026-05-13 13:40:00,4079.2,4080.9,4078.0,4079.0,3087
2026-05-13 13:45:00,4079.6,4082.0,4077.3,4080.5,4902
2026-05-13 13:50:00,4081.4,4081.4,4076.4,4076.4,3631
2026-05-13 13:55:00,4076.1,4086.0,4071.6,4084.5,8836
2026-05-13 14:00:00,4085.9,4098.0,4084.3,4096.9,3838
2026-05-13 14:05:00,4096.9,4099.0,4094.1,4098.9,1384
2026-05-13 14:10:00,4098.9,4099.0,4095.1,4097.0,1582
2026-05-13 14:15:00,4097.0,4097.0,4088.1,4089.4,2092
2026-05-13 14:20:00,4089.4,4092.0,4082.0,4092.0,1620
2026-05-13 14:25:00,4094.9,4095.5,4090.2,4094.8,1200
2026-05-13 14:30:00,4095.0,4101.2,4095.0,4100.5,1807
2026-05-13 14:35:00,4100.5,4117.0,4100.0,4110.2,3532
2026-05-13 14:40:00,4110.2,4116.9,4107.3,4112.6,3447
2026-05-13 14:45:00,4110.0,4112.2,4109.0,4110.7,2314
2026-05-13 14:50:00,4110.7,4118.0,4101.0,4116.0,13938
2026-05-13 14:55:00,4116.0,4116.8,4108.9,4112.2,30499
2026-05-13 15:00:00,4111.4,4111.4,4091.3,4094.0,4188
2026-05-13 15:05:00,4094.0,4103.5,4093.2,4095.1,3560
2026-05-13 15:10:00,4095.3,4095.3,4080.7,4084.5,4604
2026-05-13 15:15:00,4084.5,4087.3,4080.0,4080.9,3610
2026-05-13 15:20:00,4080.9,4082.4,4075.0,4079.0,5186
2026-05-13 15:25:00,4079.0,4097.0,4076.7,4096.9,6664
2026-05-14 09:15:00,4100.0,4100.0,4011.1,4039.2,26022
2026-05-14 09:20:00,4039.1,4040.4,4020.2,4024.8,10218
2026-05-14 09:25:00,4027.3,4033.3,4018.0,4033.2,4857
2026-05-14 09:30:00,4033.2,4034.0,4002.0,4004.7,13738
2026-05-14 09:35:00,4002.6,4004.1,3961.5,3968.1,46259
2026-05-14 09:40:00,3970.0,3989.1,3961.4,3989.1,21492
2026-05-14 09:45:00,3990.6,3992.4,3980.3,3984.3,11688
2026-05-14 09:50:00,3984.0,3984.9,3975.0,3975.4,4762
2026-05-14 09:55:00,3976.1,3977.9,3960.0,3962.5,10199
2026-05-14 10:00:00,3962.4,3979.6,3958.3,3971.0,7738
2026-05-14 10:05:00,3974.3,3974.3,3958.4,3961.8,4415
2026-05-14 10:10:00,3960.8,3962.7,3947.1,3952.0,7991
2026-05-14 10:15:00,3951.0,3960.3,3948.0,3959.0,7164
2026-05-14 10:20:00,3957.2,3963.7,3950.7,3962.1,5873
2026-05-14 10:25:00,3961.0,3969.0,3957.8,3964.0,7314
2026-05-14 10:30:00,3963.2,3965.0,3956.3,3960.0,4581
2026-05-14 10:35:00,3959.6,3970.0,3958.6,3960.0,5892
2026-05-14 10:40:00,3960.0,3960.6,3950.1,3951.0,3677
2026-05-14 10:45:00,3951.0,3952.8,3939.0,3940.9,8175
2026-05-14 10:50:00,3939.0,3947.6,3937.1,3937.1,4100
2026-05-14 10:55:00,3937.0,3938.6,3922.1,3923.9,10990
2026-05-14 11:00:00,3924.9,3927.7,3922.0,3923.8,5191
2026-05-14 11:05:00,3923.1,3924.1,3909.1,3913.1,8385
2026-05-14 11:10:00,3913.0,3935.5,3913.0,3933.9,14498
2026-05-14 11:15:00,3933.9,3943.2,3930.9,3939.8,7173
2026-05-14 11:20:00,3939.4,3946.5,3936.1,3940.6,6117
2026-05-14 11:25:00,3939.7,3948.3,3934.3,3937.8,8878
2026-05-14 11:30:00,3936.2,3938.9,3931.0,3932.2,6418
2026-05-14 11:35:00,3931.2,3935.1,3930.0,3932.7,6465
2026-05-14 11:40:00,3932.9,3947.8,3931.0,3943.2,8955
2026-05-14 11:45:00,3945.6,3956.6,3941.4,3956.0,11214
2026-05-14 11:50:00,3956.0,3958.6,3949.1,3950.7,5713
2026-05-14 11:55:00,3949.3,3951.0,3945.0,3945.2,7397
2026-05-14 12:00:00,3945.0,3948.0,3937.0,3943.2,33955
2026-05-14 12:05:00,3943.1,3957.4,3943.1,3955.0,6394
2026-05-14 12:10:00,3953.7,3954.8,3945.1,3953.7,5645
2026-05-14 12:15:00,3953.4,3980.1,3952.9,3973.6,17646
2026-05-14 12:20:00,3973.2,3977.1,3970.1,3971.6,6186
2026-05-14 12:25:00,3971.6,3971.9,3959.8,3962.1,6536
2026-05-14 12:30:00,3962.0,3965.2,3952.2,3956.0,18489
2026-05-14 12:35:00,3955.0,3956.4,3943.6,3947.8,9670
2026-05-14 12:40:00,3949.0,3959.4,3948.0,3959.4,7454
2026-05-14 12:45:00,3958.2,3967.1,3956.3,3964.0,7759
2026-05-14 12:50:00,3964.0,3964.0,3948.2,3949.5,5568
2026-05-14 12:55:00,3949.4,3955.0,3945.0,3947.5,8346
2026-05-14 13:00:00,3947.0,3963.1,3946.7,3962.3,5922
2026-05-14 13:05:00,3961.2,3965.0,3959.1,3962.0,5880
2026-05-14 13:10:00,3961.0,3974.7,3961.0,3967.1,6874
2026-05-14 13:15:00,3967.6,3982.4,3966.9,3973.1,14830
2026-05-14 13:20:00,3970.8,3976.5,3960.3,3960.3,17478
2026-05-14 13:25:00,3963.9,3969.9,3954.7,3954.8,7691
2026-05-14 13:30:00,3954.1,3963.5,3952.6,3961.1,6055
2026-05-14 13:35:00,3961.1,3965.0,3957.2,3961.7,6257
2026-05-14 13:40:00,3961.7,3968.0,3960.2,3962.0,6375
2026-05-14 13:45:00,3964.3,3969.1,3962.0,3962.0,6406
2026-05-14 13:50:00,3962.0,3968.9,3960.0,3968.9,5593
2026-05-14 13:55:00,3967.1,3976.2,3967.1,3975.0,10016
2026-05-14 14:00:00,3975.0,3984.0,3974.0,3983.9,10037
2026-05-14 14:05:00,3984.3,3986.7,3973.3,3976.7,5246
2026-05-14 14:10:00,3977.6,3980.0,3970.0,3972.5,3772
2026-05-14 14:15:00,3974.3,3977.6,3969.2,3970.9,3467
2026-05-14 14:20:00,3970.0,3974.9,3966.4,3967.7,3655
2026-05-14 14:25:00,3966.4,3970.0,3963.0,3965.2,4204
2026-05-14 14:30:00,3965.9,3969.6,3962.3,3966.0,4268
2026-05-14 14:35:00,3966.0,3967.2,3961.0,3963.6,4286
2026-05-14 14:40:00,3963.6,3964.4,3958.0,3958.5,9216
2026-05-14 14:45:00,3958.0,3960.2,3951.1,3955.3,3935
2026-05-14 14:50:00,3955.3,3959.3,3951.0,3952.7,3422
2026-05-14 14:55:00,3951.0,3954.8,3938.6,3940.0,13895
2026-05-14 15:00:00,3938.2,3942.7,3930.0,3931.4,7330
2026-05-14 15:05:00,3930.0,3933.9,3909.6,3911.5,335784631
2026-05-14 15:10:00,3910.4,3929.0,3907.3,3927.8,360767884
2026-05-14 15:15:00,3927.5,3931.3,3920.9,3923.6,334583676
2026-05-14 15:20:00,3923.6,3929.1,3921.0,3928.2,379692496
2026-05-14 15:25:00,3928.2,3934.1,3921.1,3925.0,295223713
2026-05-15 09:15:00,3960.0,4016.4,3959.3,4009.5,4833958
2026-05-15 09:20:00,4009.5,4030.0,4000.0,4025.0,15452196
2026-05-15 09:25:00,4027.0,4038.2,4013.3,4015.6,25557298
2026-05-15 09:30:00,4017.9,4017.9,3986.0,3988.7,36364687
2026-05-15 09:35:00,3988.8,3995.8,3980.5,3992.7,41058813
2026-05-15 09:40:00,3992.7,4001.3,3984.5,3990.0,49231444
2026-05-15 09:45:00,3988.5,4004.3,3985.0,3998.6,49047802
2026-05-15 09:50:00,3998.6,4003.2,3993.3,4003.1,54798882
2026-05-15 09:55:00,4010.0,4010.6,4001.6,4002.2,23913268
2026-05-15 10:00:00,4002.2,4015.0,3998.0,4005.0,66144457
2026-05-15 10:05:00,4005.0,4006.4,3990.1,3990.6,67940360
2026-05-15 10:10:00,3990.6,3998.0,3985.4,3998.0,76812152
2026-05-15 10:15:00,3998.0,4004.1,3992.1,3996.6,72213711
2026-05-15 10:20:00,3996.6,4001.2,3991.4,3998.5,76195279
2026-05-15 10:25:00,3998.5,4001.1,3990.0,3990.0,79854455
2026-05-15 10:30:00,3990.0,3991.5,3982.2,3991.5,82859399
2026-05-15 10:35:00,3991.0,3994.5,3984.0,3991.4,90085077
2026-05-15 10:40:00,3991.4,3996.6,3985.4,3994.5,92999457
2026-05-15 10:45:00,3994.0,4004.6,3990.1,3994.8,97475868
2026-05-15 10:50:00,3994.8,3995.8,3985.9,3989.8,104722916
2026-05-15 10:55:00,3990.6,3993.1,3982.2,3984.4,103938653
2026-05-15 11:00:00,3984.4,3984.4,3984.4,3984.4,228892
2026-05-15 11:40:00,3956.5,3968.5,3955.1,3964.8,61912858
2026-05-15 11:45:00,3964.8,3986.0,3964.8,3985.4,137477431
2026-05-15 11:50:00,3985.4,3995.0,3983.4,3993.4,138200505
2026-05-15 11:55:00,3993.3,3996.7,3987.5,3993.9,75129528
2026-05-15 12:00:00,3993.7,4005.5,3992.9,4003.7,110108621
2026-05-15 12:05:00,4003.7,4010.0,3992.0,3992.0,117808669
2026-05-15 12:10:00,3990.9,4003.3,3990.9,3998.1,129441697
2026-05-15 12:15:00,3998.3,4004.1,3996.7,3997.5,102575070
2026-05-15 12:20:00,3997.5,4001.2,3993.7,3998.0,99729843
2026-05-15 12:25:00,3997.8,4000.0,3976.2,3976.7,145200223
2026-05-15 12:30:00,3976.7,3984.5,3976.0,3983.3,167308971
2026-05-15 12:35:00,3983.3,3991.4,3981.1,3990.6,177653928
2026-05-15 12:40:00,3990.6,3999.0,3990.6,3994.0,155089349
2026-05-15 12:45:00,3994.0,3995.7,3988.2,3993.1,157918921
2026-05-15 12:50:00,3993.1,3996.0,3985.7,3988.1,153743746
2026-05-15 12:55:00,3987.9,3991.1,3984.0,3985.3,153878220
2026-05-15 13:00:00,3987.3,3987.3,3977.2,3978.6,139040366
2026-05-15 13:05:00,3979.4,3983.6,3974.0,3975.1,176441111
2026-05-15 13:10:00,3975.1,3981.9,3974.1,3978.4,177200292
2026-05-15 13:15:00,3978.4,3983.1,3976.6,3978.9,174778870
2026-05-15 13:20:00,3978.9,3982.0,3975.2,3978.9,181169917
2026-05-15 13:25:00,3978.9,3982.0,3974.3,3974.3,151578343
2026-05-15 13:30:00,3974.2,3979.0,3970.0,3970.0,187091498
2026-05-15 13:35:00,3970.0,3976.2,3967.2,3967.2,186254074
2026-05-15 13:40:00,3967.2,3969.1,3960.0,3963.1,184655274
2026-05-15 13:45:00,3963.1,3966.0,3955.1,3955.1,191182616
2026-05-15 13:50:00,3955.1,3968.0,3953.1,3963.1,191504459
2026-05-15 13:55:00,3963.1,3967.5,3957.0,3962.0,156856979
2026-05-15 14:00:00,3962.0,3970.4,3958.0,3965.1,166404799
2026-05-15 14:05:00,3966.0,3969.6,3962.8,3965.2,84020246
2026-05-15 14:10:00,3965.2,3969.9,3950.1,3954.8,194436380
2026-05-15 14:15:00,3954.8,3960.0,3951.0,3959.0,223955158
2026-05-15 14:20:00,3960.3,3965.5,3955.0,3961.0,186219345
2026-05-15 14:25:00,3961.0,3965.0,3955.5,3957.7,238305820
2026-05-15 14:30:00,3957.7,3965.4,3955.0,3958.2,233382654
2026-05-15 14:35:00,3958.2,3963.2,3954.2,3962.2,207838824
2026-05-15 14:40:00,3963.0,3967.6,3960.5,3963.7,244191245
2026-05-15 14:45:00,3964.8,3966.1,3953.0,3955.3,246844458
2026-05-15 14:50:00,3955.3,3967.2,3955.1,3965.6,252098253
2026-05-15 14:55:00,3965.6,3974.2,3960.3,3965.5,188612590
2026-05-15 15:00:00,3965.6,3972.1,3960.0,3967.0,259034520
2026-05-15 15:05:00,3967.0,3971.7,3964.1,3965.6,262674856
2026-05-15 15:10:00,3965.1,3970.7,3964.3,3967.2,262635168
2026-05-15 15:15:00,3968.4,3973.1,3964.2,3969.0,267047962
2026-05-15 15:20:00,3971.7,3974.8,3965.0,3966.4,285759476
2026-05-15 15:25:00,3966.4,3979.8,3961.0,3963.0,272665820
2026-05-18 09:15:00,3961.1,4003.3,3960.8,3988.4,2510254
2026-05-18 09:20:00,3990.0,3993.0,3971.2,3989.8,3153115
2026-05-18 09:25:00,3990.2,3992.8,3974.8,3978.6,6135177
2026-05-18 09:30:00,3978.6,3980.3,3954.2,3963.7,9865663
2026-05-18 09:35:00,3963.1,3969.9,3957.0,3965.2,10928561
2026-05-18 09:40:00,3965.0,3976.9,3961.0,3967.1,6966288
2026-05-18 09:45:00,3967.1,3970.8,3960.8,3965.8,8762018
2026-05-18 09:50:00,3965.9,3968.6,3956.9,3960.3,9452800
2026-05-18 09:55:00,3960.3,3963.7,3958.0,3961.6,8330596
2026-05-18 10:00:00,3961.6,3976.0,3961.6,3970.9,12393923
2026-05-18 10:05:00,3970.9,3972.0,3957.5,3960.4,11832972
2026-05-18 10:10:00,3960.4,3979.0,3958.1,3978.8,9881982
2026-05-18 10:15:00,3978.8,3995.0,3978.0,3992.8,9723559
2026-05-18 10:20:00,3992.8,3998.3,3990.6,3997.3,17103487
2026-05-18 10:25:00,3995.3,3997.3,3986.3,3988.1,9905500
2026-05-18 10:30:00,3987.3,4005.5,3987.0,4002.5,10074966
2026-05-18 10:35:00,4004.8,4026.0,3999.3,4023.0,25348849
2026-05-18 10:40:00,4025.2,4025.2,4013.3,4016.5,26213542
2026-05-18 10:45:00,4016.5,4023.8,4013.9,4020.0,27848586
2026-05-18 10:50:00,4020.0,4035.0,4018.5,4034.4,10471279
2026-05-18 10:55:00,4034.4,4046.5,4028.3,4045.0,21534651
2026-05-18 11:00:00,4045.0,4079.1,4043.8,4066.7,48851890
2026-05-18 11:05:00,4066.7,4072.4,4064.4,4066.7,47306950
2026-05-18 11:10:00,4064.7,4068.7,4056.0,4058.8,40317197
2026-05-18 11:15:00,4058.5,4063.4,4052.7,4057.0,53385053
2026-05-18 11:20:00,4057.0,4057.0,4052.1,4053.5,22662949
2026-05-18 11:25:00,4054.0,4065.0,4052.2,4065.0,35910327
2026-05-18 11:30:00,4063.6,4074.7,4056.0,4059.7,63871262
2026-05-18 11:35:00,4059.7,4065.0,4054.4,4060.3,52681616
2026-05-18 11:40:00,4060.3,4061.5,4017.1,4022.8,54766618
2026-05-18 11:45:00,4020.4,4027.0,4012.9,4014.1,72316090
2026-05-18 11:50:00,4014.9,4032.6,4011.1,4029.8,75570480
2026-05-18 11:55:00,4029.7,4030.3,4017.0,4021.6,72990812
2026-05-18 12:00:00,4021.6,4046.9,4019.5,4037.3,64017595
2026-05-18 12:05:00,4038.9,4043.6,4032.8,4036.6,69657993
2026-05-18 12:10:00,4033.1,4057.8,4033.1,4055.7,5145
2026-05-18 12:15:00,4055.5,4060.9,4046.6,4048.1,4320
2026-05-18 12:20:00,4048.1,4064.0,4045.7,4060.1,76394690
2026-05-18 12:25:00,4060.1,4067.7,4057.7,4058.7,103464901
2026-05-18 12:30:00,4060.2,4091.5,4058.4,4085.0,111806681
2026-05-18 12:35:00,4085.0,4087.8,4078.8,4086.5,98528781
2026-05-18 12:40:00,4086.5,4089.0,4070.3,4074.1,115340034
2026-05-18 12:45:00,4072.0,4075.0,4069.7,4070.4,119023811
2026-05-18 12:50:00,4070.5,4073.1,4066.8,4072.2,110701224
2026-05-18 12:55:00,4071.3,4077.5,4069.8,4072.8,119472066
2026-05-18 13:00:00,4072.8,4079.3,4072.7,4076.4,97317361
2026-05-18 13:05:00,4076.4,4078.4,4064.0,4065.2,65741405
2026-05-18 13:10:00,4065.2,4067.6,4059.4,4066.3,112184321
2026-05-18 13:15:00,4066.3,4068.8,4061.8,4065.0,131081345
2026-05-18 13:20:00,4065.0,4073.0,4062.2,4069.5,120041348
2026-05-18 13:25:00,4069.5,4078.5,4066.0,4067.2,108729876
2026-05-18 13:30:00,4067.2,4071.7,4054.2,4054.2,132656782
2026-05-18 13:35:00,4054.2,4057.6,4054.2,4055.0,68405561
2026-05-18 13:40:00,4054.3,4057.2,4052.0,4053.3,74864610
2026-05-18 13:45:00,4053.3,4057.3,4045.2,4052.3,106405229
2026-05-18 13:50:00,4053.4,4054.4,4050.1,4051.3,122321569
2026-05-18 13:55:00,4051.3,4066.6,4051.2,4061.5,138397834
2026-05-18 14:00:00,4061.5,4068.1,4059.0,4068.1,108115071
2026-05-18 14:05:00,4068.1,4068.9,4060.0,4063.3,122058878
2026-05-18 14:10:00,4063.3,4066.1,4036.5,4040.0,144194527
2026-05-18 14:15:00,4039.3,4042.8,4035.4,4037.9,146802580
2026-05-18 14:20:00,4037.9,4042.8,4035.2,4036.0,138169353
2026-05-18 14:25:00,4035.8,4040.0,4028.3,4036.7,167213120
2026-05-18 14:30:00,4036.7,4044.8,4034.7,4042.1,162782704
2026-05-18 14:35:00,4042.1,4043.6,4033.3,4034.1,154941246
2026-05-18 14:40:00,4034.1,4041.0,4032.0,4036.3,164707365
2026-05-18 14:45:00,4036.3,4047.7,4036.3,4045.2,146331475
2026-05-18 14:50:00,4045.2,4052.1,4040.4,4045.0,164510991
2026-05-18 14:55:00,4045.0,4046.0,4035.0,4037.0,159385985
2026-05-18 15:00:00,4038.0,4088.0,4037.1,4082.5,179793411
2026-05-18 15:05:00,4084.6,4088.8,4075.5,4077.0,182462137
2026-05-18 15:10:00,4077.0,4081.4,4073.9,4078.5,171175884
2026-05-18 15:15:00,4079.0,4083.5,4077.7,4082.6,182113860
2026-05-18 15:20:00,4081.7,4092.0,4080.5,4089.0,124249494
2026-05-18 15:25:00,4089.0,4094.0,4082.2,4084.0,111077050
2026-05-20 09:15:00,4250.2,4253.7,4212.5,4241.6,2128850
2026-05-20 09:20:00,4241.6,4241.6,4220.0,4222.2,4379214
2026-05-20 09:25:00,4222.2,4230.1,4213.7,4222.7,4816550
2026-05-20 09:30:00,4220.5,4238.1,4216.1,4234.0,3763479
2026-05-20 09:35:00,4235.9,4247.3,4233.6,4246.7,4813806
2026-05-20 09:40:00,4246.7,4259.4,4230.9,4231.6,11662471
2026-05-20 09:45:00,4234.6,4246.4,4232.0,4243.0,6915504
2026-05-20 09:50:00,4243.0,4245.0,4232.2,4232.2,4481377
2026-05-20 09:55:00,4232.0,4250.3,4232.0,4237.5,20497203
2026-05-20 10:00:00,4237.5,4247.4,4220.3,4223.4,21960563
2026-05-20 10:05:00,4215.2,4216.1,4197.0,4205.5,30190532
2026-05-20 10:10:00,4205.5,4208.7,4195.0,4201.8,24270585
2026-05-20 10:15:00,4199.0,4201.7,4180.1,4187.7,29603536
2026-05-20 10:20:00,4187.7,4192.0,4175.0,4179.4,37462440
2026-05-20 10:25:00,4179.4,4193.7,4174.8,4189.4,39032322
2026-05-20 10:30:00,4189.4,4194.4,4183.8,4193.0,49033345
2026-05-20 10:35:00,4193.0,4193.7,4184.7,4186.6,27524101
2026-05-20 10:40:00,4186.6,4188.8,4181.3,4183.7,45813155
2026-05-20 10:45:00,4183.7,4187.9,4178.0,4183.5,42590274
2026-05-20 10:50:00,4183.5,4185.6,4175.9,4181.6,65962102
2026-05-20 10:55:00,4181.6,4186.9,4175.0,4175.5,66486460
2026-05-20 11:00:00,4176.6,4195.0,4171.1,4190.4,66098939
2026-05-20 11:05:00,4190.4,4195.0,4187.0,4188.5,51389376
2026-05-20 11:10:00,4189.0,4189.9,4174.5,4178.2,38959838
2026-05-20 11:15:00,4178.2,4183.9,4168.7,4180.8,58768168
2026-05-20 11:20:00,4180.8,4183.9,4177.4,4178.4,56256164
2026-05-20 11:25:00,4176.8,4178.0,4168.0,4173.2,65645778
2026-05-20 11:30:00,4173.2,4173.2,4166.5,4167.0,44641346
2026-05-20 11:35:00,4167.0,4167.6,4157.2,4160.0,109015379
2026-05-20 11:40:00,4159.9,4163.7,4155.7,4160.6,102889657
2026-05-20 11:45:00,4160.6,4171.3,4158.2,4170.0,86804625
2026-05-20 11:50:00,4170.1,4172.9,4164.1,4165.8,59369223
2026-05-20 11:55:00,4166.3,4169.0,4157.8,4160.8,52514857
2026-05-20 12:00:00,4160.5,4161.9,4152.7,4155.9,44428147
2026-05-20 12:05:00,4155.9,4160.4,4152.0,4155.0,75641108
2026-05-20 12:10:00,4155.0,4159.0,4150.0,4156.6,92113793
2026-05-20 12:15:00,4156.6,4156.6,4137.3,4140.5,134679032
2026-05-20 12:20:00,4140.5,4149.0,4134.1,4146.6,132830992
2026-05-20 12:25:00,4146.6,4146.9,4133.8,4142.3,73886439
2026-05-20 12:30:00,4142.3,4148.0,4138.3,4142.1,122448450
2026-05-20 12:35:00,4142.1,4146.3,4135.7,4140.4,156131013
2026-05-20 12:40:00,4140.4,4141.6,4135.2,4137.8,157443412
2026-05-20 12:45:00,4140.0,4140.0,4131.4,4133.0,143299580
2026-05-20 12:50:00,4133.0,4139.4,4132.4,4136.0,140866119
2026-05-20 12:55:00,4136.0,4140.0,4130.0,4133.1,144994122
2026-05-20 13:00:00,4133.4,4136.2,4130.0,4131.4,132879093
2026-05-20 13:05:00,4131.9,4132.8,4125.0,4128.4,137969222
2026-05-20 13:10:00,4128.4,4146.4,4128.4,4138.4,170303195
2026-05-20 13:15:00,4138.4,4139.9,4133.0,4135.7,183484749
2026-05-20 13:20:00,4135.7,4140.0,4130.0,4132.4,187218730
2026-05-20 13:25:00,4132.4,4133.6,4122.2,4130.0,150184774
2026-05-20 13:30:00,4130.0,4140.2,4127.2,4139.0,180067312
2026-05-20 13:35:00,4139.0,4141.6,4132.4,4139.5,180849097
2026-05-20 13:40:00,4139.7,4139.7,4131.5,4134.4,195895159
2026-05-20 13:45:00,4134.4,4135.0,4128.5,4130.0,172698657
2026-05-20 13:50:00,4130.5,4137.9,4127.8,4137.9,219218382
2026-05-20 13:55:00,4137.9,4141.2,4134.8,4139.6,215579633
2026-05-20 14:00:00,4140.8,4153.0,4138.5,4152.0,210269956
2026-05-20 14:05:00,4152.7,4162.0,4151.0,4160.2,149178546
2026-05-20 14:10:00,4160.2,4162.0,4154.4,4159.9,109091312
2026-05-20 14:15:00,4159.9,4163.5,4156.0,4161.0,172197782
2026-05-20 14:20:00,4161.0,4171.7,4160.0,4168.3,219062420
2026-05-20 14:25:00,4168.3,4170.2,4160.8,4169.0,255759034
2026-05-20 14:30:00,4169.0,4169.8,4159.3,4159.3,218902511
2026-05-20 14:35:00,4159.3,4160.9,4150.8,4155.0,238714643
2026-05-20 14:40:00,4155.0,4155.7,4146.3,4155.7,157612170
2026-05-20 14:45:00,4154.3,4160.0,4152.5,4158.4,157341416
2026-05-20 14:50:00,4158.4,4158.8,4155.0,4156.2,108105652
2026-05-20 14:55:00,4156.2,4158.0,4151.9,4153.8,133163000
2026-05-20 15:00:00,4153.2,4153.6,4142.1,4148.1,228760024
2026-05-20 15:05:00,4147.2,4155.0,4146.2,4153.4,277001266
2026-05-20 15:10:00,4153.4,4156.1,4150.0,4150.3,193474194
2026-05-20 15:15:00,4150.1,4150.1,4134.6,4136.9,212327831
2026-05-20 15:20:00,4136.8,4138.6,4130.0,4135.1,251515420
2026-05-20 15:25:00,4135.1,4145.0,4132.0,4142.0,236073944
2026-05-21 09:15:00,4150.0,4168.2,4126.3,4144.5,3229955
2026-05-21 09:20:00,4149.9,4163.7,4144.3,4158.7,6001833
2026-05-21 09:25:00,4159.1,4162.0,4140.0,4147.6,8386815
2026-05-21 09:30:00,4147.5,4152.0,4133.0,4136.4,12301523
2026-05-21 09:35:00,4136.2,4136.2,4120.1,4130.4,11780128
2026-05-21 09:40:00,4130.9,4132.2,4109.9,4117.9,8774308
2026-05-21 09:45:00,4117.9,4127.9,4115.0,4125.1,19237421
2026-05-21 09:50:00,4125.1,4135.0,4124.0,4130.2,22415478
2026-05-21 09:55:00,4130.2,4135.2,4123.7,4125.1,22975870
2026-05-21 10:00:00,4127.7,4129.5,4116.2,4122.1,21819461
2026-05-21 10:05:00,4122.1,4127.0,4115.0,4115.0,24097641
2026-05-21 10:10:00,4115.0,4121.4,4112.9,4116.4,22098919
2026-05-21 10:15:00,4116.4,4130.5,4113.0,4130.0,18487553
2026-05-21 10:20:00,4129.9,4139.0,4126.2,4136.0,12158309
2026-05-21 10:25:00,4129.0,4129.0,4126.5,4127.0,8780971
2026-05-21 10:30:00,4127.0,4137.1,4120.0,4120.0,22954281
2026-05-21 10:35:00,4120.3,4121.6,4115.8,4118.0,21978341
2026-05-21 10:40:00,4118.0,4124.6,4115.0,4118.6,18818148
2026-05-21 10:45:00,4118.5,4127.7,4115.0,4125.9,20948624
2026-05-21 10:50:00,4125.8,4131.0,4124.2,4131.0,25711796
2026-05-21 10:55:00,4131.0,4132.9,4121.0,4123.4,20819353
2026-05-21 11:00:00,4123.4,4138.0,4123.4,4130.9,24346363
2026-05-21 11:05:00,4130.9,4137.1,4130.9,4131.4,27252587
2026-05-21 11:10:00,4131.4,4136.8,4127.8,4132.4,28719294
2026-05-21 11:15:00,4132.6,4132.9,4120.7,4124.2,29859519
2026-05-21 11:20:00,4124.2,4127.6,4120.2,4127.6,10679321
2026-05-21 11:25:00,4127.7,4130.4,4122.9,4122.9,9783503
2026-05-21 11:30:00,4123.4,4127.9,4120.3,4126.0,18628019
2026-05-21 11:35:00,4126.0,4130.1,4122.0,4127.7,30981766
2026-05-21 11:40:00,4127.4,4128.1,4120.2,4121.9,23042301
2026-05-21 11:45:00,4121.9,4121.9,4116.1,4119.3,28180517
2026-05-21 11:50:00,4119.3,4121.3,4115.0,4115.7,37697292
2026-05-21 11:55:00,4115.7,4119.0,4110.2,4113.8,40345130
2026-05-21 12:00:00,4113.5,4118.9,4111.5,4112.7,22902154
2026-05-21 12:05:00,4115.9,4123.4,4113.3,4123.4,33307942
2026-05-21 12:10:00,4123.4,4125.0,4118.1,4118.1,22752327
2026-05-21 12:15:00,4118.1,4119.8,4111.0,4115.0,23583338
2026-05-21 12:20:00,4115.0,4119.4,4111.7,4115.0,25448965
2026-05-21 12:25:00,4114.7,4118.5,4112.1,4115.7,18528540
2026-05-21 12:30:00,4114.6,4114.6,4105.7,4112.5,35707461
2026-05-21 12:35:00,4110.4,4114.7,4101.1,4103.6,43384280
2026-05-21 12:40:00,4103.5,4110.0,4100.2,4110.0,22650034
2026-05-21 12:45:00,4109.7,4114.5,4104.6,4106.3,39101921
2026-05-21 12:50:00,4106.3,4112.1,4105.1,4111.0,43930709
2026-05-21 12:55:00,4111.0,4112.8,4109.1,4111.8,38453530
2026-05-21 13:00:00,4111.7,4116.0,4102.9,4116.0,49249100
2026-05-21 13:05:00,4116.0,4119.6,4114.6,4115.6,37961079
2026-05-21 13:10:00,4115.6,4116.2,4105.0,4107.6,48782471
2026-05-21 13:15:00,4107.5,4113.7,4104.1,4113.7,29468031
2026-05-21 13:20:00,4113.7,4117.8,4113.7,4115.5,25690761
2026-05-21 13:25:00,4115.5,4117.0,4114.0,4115.3,18442452
2026-05-21 13:30:00,4115.3,4120.6,4114.0,4119.9,18941749
2026-05-21 13:35:00,4120.0,4123.7,4118.0,4119.6,17073219
2026-05-21 13:40:00,4120.0,4120.0,4117.8,4118.5,16496479
2026-05-21 13:45:00,4119.5,4120.0,4118.0,4120.0,354
2026-05-21 13:50:00,4120.0,4125.0,4118.0,4124.0,1726
2026-05-21 13:55:00,4124.4,4129.6,4121.3,4129.6,3297
2026-05-21 14:00:00,4127.3,4128.0,4127.0,4127.6,1975438
2026-05-21 14:05:00,4130.0,4133.4,4127.0,4127.0,44829554
2026-05-21 14:10:00,4127.0,4128.7,4119.8,4119.8,35467877
2026-05-21 14:15:00,4119.8,4126.9,4117.6,4122.4,46240651
2026-05-21 14:20:00,4122.4,4126.0,4120.4,4123.6,44660379
2026-05-21 14:25:00,4123.6,4124.3,4121.2,4123.7,1475
2026-05-21 14:30:00,4123.7,4136.7,4122.2,4132.4,3211
2026-05-21 14:35:00,4132.4,4139.8,4132.1,4134.4,3002
2026-05-21 14:40:00,4134.4,4140.0,4129.0,4135.7,3456
2026-05-21 14:45:00,4134.7,4139.0,4129.1,4138.8,54019454
2026-05-21 14:50:00,4138.8,4142.5,4136.0,4137.0,4103
2026-05-21 14:50:00,4138.8,4142.5,4135.9,4137.5,70171800
2026-05-21 14:55:00,4138.0,4146.0,4137.4,4145.9,69229700
2026-05-21 15:00:00,4145.9,4147.6,4137.2,4140.2,71174870
2026-05-21 15:05:00,4140.2,4142.5,4126.2,4128.8,78252266
2026-05-21 15:10:00,4130.6,4136.6,4128.9,4132.1,80144875
2026-05-21 15:15:00,4130.7,4132.3,4126.2,4126.2,86347493
2026-05-21 15:20:00,4126.2,4128.0,4121.2,4125.0,75852216
2026-05-21 15:25:00,4124.7,4134.9,4103.0,4134.9,42311950
