datetime,open,high,low,close,volume
2026-01-30 09:15:00,10100.0,10286.0,9835.0,10239.0,188234
2026-01-30 09:20:00,10233.0,10596.0,10227.0,10497.0,142392
2026-01-30 09:25:00,10484.0,10719.0,10464.0,10673.0,102055
2026-01-30 09:30:00,10678.0,10799.0,10602.0,10788.0,88102
2026-01-30 09:35:00,10785.0,10843.0,10685.0,10691.0,91007
2026-01-30 09:40:00,10686.0,10810.0,10616.0,10810.0,102133
2026-01-30 09:45:00,10813.0,10825.0,10644.0,10670.0,64975
2026-01-30 09:50:00,10670.0,10716.0,10640.0,10675.0,28298
2026-01-30 09:55:00,10670.0,10675.0,10635.0,10650.0,41702
2026-01-30 10:00:00,10650.0,10820.0,10625.0,10773.0,64903
2026-01-30 10:05:00,10770.0,10810.0,10756.0,10781.0,29769
2026-01-30 10:10:00,10784.0,10800.0,10753.0,10777.0,15549
2026-01-30 10:15:00,10778.0,10829.0,10770.0,10783.0,23374
2026-01-30 10:20:00,10789.0,10793.0,10747.0,10793.0,20839
2026-01-30 10:25:00,10789.0,10825.0,10784.0,10800.0,32835
2026-01-30 10:30:00,10800.0,10840.0,10754.0,10810.0,28305
2026-01-30 10:35:00,10812.0,10835.0,10775.0,10794.0,17848
2026-01-30 10:40:00,10793.0,10793.0,10729.0,10744.0,23263
2026-01-30 10:45:00,10749.0,10750.0,10666.0,10686.0,27246
2026-01-30 10:50:00,10688.0,10696.0,10643.0,10667.0,25328
2026-01-30 10:55:00,10667.0,10669.0,10650.0,10665.0,9780
2026-01-30 11:00:00,10665.0,10708.0,10662.0,10671.0,13019
2026-01-30 11:05:00,10671.0,10707.0,10664.0,10666.0,12836
2026-01-30 11:10:00,10665.0,10675.0,10635.0,10650.0,20683
2026-01-30 11:15:00,10650.0,10665.0,10641.0,10651.0,8492
2026-01-30 11:20:00,10652.0,10680.0,10640.0,10657.0,10690
2026-01-30 11:25:00,10658.0,10669.0,10633.0,10645.0,10115
2026-01-30 11:30:00,10643.0,10660.0,10635.0,10640.0,5530
2026-01-30 11:35:00,10640.0,10645.0,10580.0,10640.0,24992
2026-01-30 11:40:00,10637.0,10645.0,10594.0,10607.0,20150
2026-01-30 11:45:00,10610.0,10630.0,10560.0,10572.0,14942
2026-01-30 11:50:00,10565.0,10610.0,10565.0,10604.0,13244
2026-01-30 11:55:00,10605.0,10605.0,10560.0,10566.0,9755
2026-01-30 12:00:00,10567.0,10567.0,10435.0,10482.0,57793
2026-01-30 12:05:00,10486.0,10500.0,10471.0,10483.0,17716
2026-01-30 12:10:00,10483.0,10499.0,10482.0,10493.0,7596
2026-01-30 12:15:00,10491.0,10523.0,10456.0,10460.0,18704
2026-01-30 12:20:00,10456.0,10469.0,10390.0,10409.0,31071
2026-01-30 12:25:00,10414.0,10414.0,10350.0,10352.0,24134
2026-01-30 12:30:00,10357.0,10394.0,10339.0,10378.0,16918
2026-01-30 12:35:00,10378.0,10431.0,10370.0,10401.0,17688
2026-01-30 12:40:00,10401.0,10401.0,10337.0,10337.0,9153
2026-01-30 12:45:00,10330.0,10369.0,10329.0,10355.0,10748
2026-01-30 12:50:00,10353.0,10400.0,10353.0,10380.0,13516
2026-01-30 12:55:00,10382.0,10407.0,10371.0,10385.0,8211
2026-01-30 13:00:00,10385.0,10385.0,10351.0,10360.0,9867
2026-01-30 13:05:00,10360.0,10368.0,10310.0,10317.0,18170
2026-01-30 13:10:00,10315.0,10322.0,10280.0,10300.0,18254
2026-01-30 13:15:00,10297.0,10299.0,10268.0,10299.0,10438
2026-01-30 13:20:00,10299.0,10321.0,10290.0,10311.0,7959
2026-01-30 13:25:00,10311.0,10311.0,10280.0,10288.0,5016
2026-01-30 13:30:00,10289.0,10322.0,10285.0,10314.0,9582
2026-01-30 13:35:00,10317.0,10392.0,10315.0,10377.0,21607
2026-01-30 13:40:00,10380.0,10427.0,10377.0,10427.0,17754
2026-01-30 13:45:00,10427.0,10459.0,10409.0,10440.0,21707
2026-01-30 13:50:00,10440.0,10493.0,10435.0,10485.0,24600
2026-01-30 13:55:00,10485.0,10488.0,10450.0,10475.0,10137
2026-01-30 14:00:00,10475.0,10495.0,10453.0,10455.0,11972
2026-01-30 14:05:00,10455.0,10475.0,10455.0,10475.0,6655
2026-01-30 14:10:00,10477.0,10484.0,10451.0,10462.0,9043
2026-01-30 14:15:00,10464.0,10501.0,10456.0,10494.0,8193
2026-01-30 14:20:00,10494.0,10511.0,10470.0,10508.0,11519
2026-01-30 14:25:00,10506.0,10508.0,10451.0,10459.0,10221
2026-01-30 14:30:00,10458.0,10463.0,10415.0,10427.0,16108
2026-01-30 14:35:00,10430.0,10489.0,10427.0,10483.0,13360
2026-01-30 14:40:00,10483.0,10483.0,10379.0,10392.0,20119
2026-01-30 14:45:00,10389.0,10436.0,10378.0,10416.0,9529
2026-01-30 14:50:00,10417.0,10424.0,10390.0,10405.0,8528
2026-01-30 14:55:00,10408.0,10440.0,10401.0,10425.0,8668
2026-01-30 15:00:00,10424.0,10458.0,10404.0,10458.0,20217
2026-01-30 15:05:00,10455.0,10470.0,10440.0,10464.0,15147
2026-01-30 15:10:00,10466.0,10480.0,10444.0,10450.0,17590
2026-01-30 15:15:00,10452.0,10471.0,10441.0,10455.0,22672
2026-01-30 15:20:00,10454.0,10456.0,10402.0,10420.0,18567
2026-01-30 15:25:00,10412.0,10441.0,10407.0,10435.0,16842
2026-02-01 09:15:00,10590.0,10595.0,10429.0,10522.0,19654
2026-02-01 09:20:00,10524.0,10596.0,10521.0,10555.0,15972
2026-02-01 09:25:00,10555.0,10611.0,10548.0,10611.0,10735
2026-02-01 09:30:00,10611.0,10700.0,10611.0,10646.0,22775
2026-02-01 09:35:00,10644.0,10685.0,10622.0,10635.0,12617
2026-02-01 09:40:00,10635.0,10651.0,10605.0,10636.0,8586
2026-02-01 09:45:00,10637.0,10640.0,10600.0,10614.0,7701
2026-02-01 09:50:00,10610.0,10615.0,10535.0,10586.0,15556
2026-02-01 09:55:00,10581.0,10611.0,10563.0,10605.0,5924
2026-02-01 10:00:00,10606.0,10620.0,10560.0,10566.0,5432
2026-02-01 10:05:00,10565.0,10583.0,10553.0,10581.0,4478
2026-02-01 10:10:00,10577.0,10600.0,10556.0,10589.0,4444
2026-02-01 10:15:00,10593.0,10650.0,10590.0,10640.0,10090
2026-02-01 10:20:00,10640.0,10673.0,10636.0,10655.0,6773
2026-02-01 10:25:00,10650.0,10670.0,10646.0,10649.0,5034
2026-02-01 10:30:00,10655.0,10657.0,10615.0,10631.0,5124
2026-02-01 10:35:00,10629.0,10645.0,10625.0,10628.0,2587
2026-02-01 10:40:00,10626.0,10643.0,10626.0,10643.0,1635
2026-02-01 10:45:00,10641.0,10666.0,10634.0,10666.0,3175
2026-02-01 10:50:00,10666.0,10683.0,10647.0,10678.0,7210
2026-02-01 10:55:00,10678.0,10689.0,10665.0,10670.0,4443
2026-02-01 11:00:00,10670.0,10674.0,10628.0,10638.0,3795
2026-02-01 11:05:00,10635.0,10810.0,10635.0,10770.0,41946
2026-02-01 11:10:00,10776.0,11026.0,10770.0,10846.0,116102
2026-02-01 11:15:00,10847.0,10950.0,10757.0,10940.0,62798
2026-02-01 11:20:00,10940.0,10958.0,10786.0,10830.0,43931
2026-02-01 11:25:00,10831.0,10898.0,10818.0,10886.0,17150
2026-02-01 11:30:00,10892.0,10900.0,10830.0,10860.0,15522
2026-02-01 11:35:00,10855.0,10881.0,10810.0,10833.0,21305
2026-02-01 11:40:00,10833.0,10858.0,10694.0,10712.0,51509
2026-02-01 11:45:00,10713.0,10786.0,10680.0,10716.0,26677
2026-02-01 11:50:00,10711.0,10728.0,10650.0,10677.0,22669
2026-02-01 11:55:00,10677.0,10740.0,10651.0,10686.0,17451
2026-02-01 12:00:00,10686.0,10687.0,10612.0,10659.0,19223
2026-02-01 12:05:00,10658.0,10702.0,10556.0,10689.0,37470
2026-02-01 12:10:00,10689.0,10720.0,10521.0,10574.0,29243
2026-02-01 12:15:00,10570.0,10590.0,10504.0,10504.0,16735
2026-02-01 12:20:00,10504.0,10508.0,10388.0,10480.0,39603
2026-02-01 12:25:00,10473.0,10508.0,10267.0,10270.0,24251
2026-02-01 12:30:00,10258.0,10409.0,9968.0,10316.0,60272
2026-02-01 12:35:00,10315.0,10485.0,10315.0,10373.0,28396
2026-02-01 12:40:00,10380.0,10485.0,10214.0,10447.0,33470
2026-02-01 12:45:00,10441.0,10468.0,10102.0,10161.0,64528
2026-02-01 12:50:00,10155.0,10259.0,10132.0,10235.0,19308
2026-02-01 12:55:00,10232.0,10363.0,10231.0,10338.0,16039
2026-02-01 13:00:00,10345.0,10400.0,10327.0,10391.0,13948
2026-02-01 13:05:00,10394.0,10395.0,10335.0,10373.0,9536
2026-02-01 13:10:00,10375.0,10430.0,10352.0,10417.0,11474
2026-02-01 13:15:00,10416.0,10419.0,10255.0,10331.0,25238
2026-02-01 13:20:00,10331.0,10435.0,10329.0,10385.0,13163
2026-02-01 13:25:00,10384.0,10413.0,10345.0,10363.0,7008
2026-02-01 13:30:00,10355.0,10413.0,10312.0,10406.0,7924
2026-02-01 13:35:00,10403.0,10494.0,10399.0,10478.0,22258
2026-02-01 13:40:00,10470.0,10508.0,10465.0,10484.0,12697
2026-02-01 13:45:00,10485.0,10575.0,10475.0,10492.0,16351
2026-02-01 13:50:00,10498.0,10515.0,10332.0,10357.0,34760
2026-02-01 13:55:00,10360.0,10414.0,10340.0,10369.0,13991
2026-02-01 14:00:00,10374.0,10387.0,10337.0,10340.0,8712
2026-02-01 14:05:00,10343.0,10344.0,10212.0,10285.0,27798
2026-02-01 14:10:00,10286.0,10286.0,10180.0,10215.0,29711
2026-02-01 14:15:00,10220.0,10274.0,10180.0,10223.0,15354
2026-02-01 14:20:00,10224.0,10275.0,10116.0,10120.0,25909
2026-02-01 14:25:00,10120.0,10210.0,10117.0,10206.0,10576
2026-02-01 14:30:00,10208.0,10266.0,10192.0,10265.0,13045
2026-02-01 14:35:00,10265.0,10278.0,10232.0,10269.0,11853
2026-02-01 14:40:00,10270.0,10298.0,10242.0,10248.0,8127
2026-02-01 14:45:00,10240.0,10270.0,10203.0,10211.0,8672
2026-02-01 14:50:00,10215.0,10273.0,10187.0,10249.0,12078
2026-02-01 14:55:00,10260.0,10279.0,10227.0,10233.0,9186
2026-02-01 15:00:00,10238.0,10260.0,10179.0,10242.0,16232
2026-02-01 15:05:00,10247.0,10269.0,10220.0,10250.0,18626
2026-02-01 15:10:00,10253.0,10262.0,10164.0,10207.0,21945
2026-02-01 15:15:00,10201.0,10209.0,10134.0,10171.0,21228
2026-02-01 15:20:00,10171.0,10182.0,10130.0,10147.0,15295
2026-02-01 15:25:00,10145.0,10163.0,10125.0,10158.0,16203
2026-02-02 09:15:00,10250.0,10369.0,10112.0,10215.0,64253
2026-02-02 09:20:00,10215.0,10369.0,10201.0,10338.0,29969
2026-02-02 09:25:00,10332.0,10348.0,10223.0,10266.0,23399
2026-02-02 09:30:00,10270.0,10288.0,10206.0,10228.0,20798
2026-02-02 09:35:00,10228.0,10264.0,10146.0,10165.0,31600
2026-02-02 09:40:00,10165.0,10249.0,10131.0,10240.0,21487
2026-02-02 09:45:00,10240.0,10289.0,10231.0,10275.0,14976
2026-02-02 09:50:00,10275.0,10488.0,10266.0,10475.0,51200
2026-02-02 09:55:00,10480.0,10530.0,10394.0,10408.0,40898
2026-02-02 10:00:00,10408.0,10491.0,10380.0,10383.0,22548
2026-02-02 10:05:00,10380.0,10410.0,10343.0,10388.0,21270
2026-02-02 10:10:00,10388.0,10444.0,10370.0,10432.0,10199
2026-02-02 10:15:00,10433.0,10433.0,10388.0,10390.0,5313
2026-02-02 10:20:00,10390.0,10408.0,10351.0,10355.0,8724
2026-02-02 10:25:00,10357.0,10373.0,10339.0,10370.0,8800
2026-02-02 10:30:00,10370.0,10385.0,10257.0,10261.0,19645
2026-02-02 10:35:00,10264.0,10275.0,10209.0,10248.0,16324
2026-02-02 10:40:00,10242.0,10299.0,10241.0,10276.0,12155
2026-02-02 10:45:00,10274.0,10279.0,10251.0,10251.0,7785
2026-02-02 10:50:00,10249.0,10263.0,10222.0,10230.0,5212
2026-02-02 10:55:00,10228.0,10228.0,10194.0,10196.0,9034
2026-02-02 11:00:00,10195.0,10207.0,10182.0,10196.0,7941
2026-02-02 11:05:00,10197.0,10200.0,10161.0,10184.0,9299
2026-02-02 11:10:00,10184.0,10228.0,10170.0,10218.0,11074
2026-02-02 11:15:00,10218.0,10220.0,10162.0,10171.0,7075
2026-02-02 11:20:00,10167.0,10172.0,10124.0,10125.0,13543
2026-02-02 11:25:00,10128.0,10149.0,10102.0,10143.0,11345
2026-02-02 11:30:00,10139.0,10199.0,10126.0,10195.0,11397
2026-02-02 11:35:00,10195.0,10195.0,10137.0,10185.0,8432
2026-02-02 11:40:00,10185.0,10250.0,10177.0,10230.0,12768
2026-02-02 11:45:00,10227.0,10248.0,10197.0,10211.0,8517
2026-02-02 11:50:00,10211.0,10218.0,10180.0,10203.0,4506
2026-02-02 11:55:00,10206.0,10215.0,10178.0,10191.0,3432
2026-02-02 12:00:00,10191.0,10191.0,10158.0,10161.0,5063
2026-02-02 12:05:00,10161.0,10220.0,10152.0,10205.0,16292
2026-02-02 12:10:00,10205.0,10211.0,10172.0,10201.0,9035
2026-02-02 12:15:00,10198.0,10235.0,10195.0,10195.0,6066
2026-02-02 12:20:00,10195.0,10235.0,10169.0,10227.0,5929
2026-02-02 12:25:00,10227.0,10272.0,10206.0,10245.0,9324
2026-02-02 12:30:00,10244.0,10255.0,10218.0,10235.0,9230
2026-02-02 12:35:00,10233.0,10253.0,10220.0,10251.0,3585
2026-02-02 12:40:00,10249.0,10275.0,10242.0,10246.0,7850
2026-02-02 12:45:00,10240.0,10263.0,10230.0,10263.0,3403
2026-02-02 12:50:00,10263.0,10265.0,10233.0,10241.0,4137
2026-02-02 12:55:00,10244.0,10267.0,10241.0,10267.0,3015
2026-02-02 13:00:00,10262.0,10280.0,10254.0,10277.0,5129
2026-02-02 13:05:00,10279.0,10291.0,10273.0,10287.0,7702
2026-02-02 13:10:00,10287.0,10298.0,10260.0,10272.0,3993
2026-02-02 13:15:00,10272.0,10289.0,10216.0,10216.0,10839
2026-02-02 13:20:00,10217.0,10244.0,10216.0,10243.0,6490
2026-02-02 13:25:00,10239.0,10265.0,10228.0,10258.0,7259
2026-02-02 13:30:00,10259.0,10261.0,10220.0,10240.0,4440
2026-02-02 13:35:00,10238.0,10264.0,10230.0,10261.0,5097
2026-02-02 13:40:00,10265.0,10297.0,10255.0,10294.0,6759
2026-02-02 13:45:00,10294.0,10308.0,10268.0,10283.0,6340
2026-02-02 13:50:00,10279.0,10288.0,10262.0,10264.0,3322
2026-02-02 13:55:00,10270.0,10275.0,10235.0,10240.0,5714
2026-02-02 14:00:00,10245.0,10256.0,10233.0,10254.0,3938
2026-02-02 14:05:00,10250.0,10258.0,10236.0,10239.0,2784
2026-02-02 14:10:00,10237.0,10254.0,10222.0,10254.0,7422
2026-02-02 14:15:00,10255.0,10266.0,10230.0,10240.0,5451
2026-02-02 14:20:00,10238.0,10265.0,10235.0,10252.0,4008
2026-02-02 14:25:00,10254.0,10265.0,10245.0,10261.0,2727
2026-02-02 14:30:00,10263.0,10285.0,10252.0,10263.0,4188
2026-02-02 14:35:00,10262.0,10275.0,10257.0,10267.0,3594
2026-02-02 14:40:00,10273.0,10273.0,10252.0,10271.0,3278
2026-02-02 14:45:00,10269.0,10294.0,10253.0,10292.0,5387
2026-02-02 14:50:00,10287.0,10302.0,10281.0,10286.0,5567
2026-02-02 14:55:00,10288.0,10305.0,10280.0,10301.0,6224
2026-02-02 15:00:00,10304.0,10344.0,10304.0,10317.0,11028
2026-02-02 15:05:00,10316.0,10341.0,10312.0,10331.0,10195
2026-02-02 15:10:00,10331.0,10350.0,10324.0,10345.0,7717
2026-02-02 15:15:00,10345.0,10360.0,10329.0,10350.0,8290
2026-02-02 15:20:00,10355.0,10362.0,10340.0,10355.0,7756
2026-02-02 15:25:00,10355.0,10363.0,10316.0,10354.0,8933
2026-02-03 09:15:00,11100.0,11200.0,10855.0,10878.0,130690
2026-02-03 09:20:00,10890.0,11063.0,10876.0,11007.0,136620
2026-02-03 09:25:00,11007.0,11044.0,10970.0,11043.0,74954
2026-02-03 09:30:00,11054.0,11085.0,11022.0,11079.0,55730
2026-02-03 09:35:00,11076.0,11088.0,11020.0,11029.0,32483
2026-02-03 09:40:00,11030.0,11039.0,10983.0,11001.0,40815
2026-02-03 09:45:00,10992.0,11161.0,10925.0,11159.0,174212
2026-02-03 09:50:00,11160.0,11160.0,11017.0,11027.0,34213
2026-02-03 09:55:00,11028.0,11090.0,11012.0,11037.0,22433
2026-02-03 10:00:00,11039.0,11056.0,11015.0,11023.0,13888
2026-02-03 10:05:00,11019.0,11025.0,10852.0,10880.0,56275
2026-02-03 10:10:00,10875.0,10924.0,10875.0,10905.0,33437
2026-02-03 10:15:00,10905.0,10955.0,10887.0,10939.0,18855
2026-02-03 10:20:00,10944.0,11040.0,10933.0,11026.0,20792
2026-02-03 10:25:00,11021.0,11049.0,11000.0,11003.0,12377
2026-02-03 10:30:00,11003.0,11037.0,10985.0,11029.0,10104
2026-02-03 10:35:00,11029.0,11070.0,11025.0,11069.0,19026
2026-02-03 10:40:00,11070.0,11094.0,11053.0,11054.0,22176
2026-02-03 10:45:00,11057.0,11070.0,11005.0,11017.0,10404
2026-02-03 10:50:00,11019.0,11035.0,10984.0,11032.0,12261
2026-02-03 10:55:00,11032.0,11042.0,10995.0,11005.0,12788
2026-02-03 11:00:00,11005.0,11015.0,10979.0,11000.0,7485
2026-02-03 11:05:00,10999.0,11029.0,10992.0,11009.0,6503
2026-02-03 11:10:00,11004.0,11035.0,11000.0,11030.0,6143
2026-02-03 11:15:00,11030.0,11030.0,11001.0,11001.0,11324
2026-02-03 11:20:00,11003.0,11020.0,10976.0,10989.0,14175
2026-02-03 11:25:00,10989.0,11000.0,10973.0,10988.0,7784
2026-02-03 11:30:00,10978.0,11031.0,10978.0,11028.0,10733
2026-02-03 11:35:00,11029.0,11086.0,11014.0,11074.0,12440
2026-02-03 11:40:00,11074.0,11079.0,11040.0,11040.0,8645
2026-02-03 11:45:00,11043.0,11056.0,10997.0,10999.0,12352
2026-02-03 11:50:00,10999.0,11005.0,10980.0,10984.0,9694
2026-02-03 11:55:00,10986.0,11034.0,10981.0,11023.0,8948
2026-02-03 12:00:00,11024.0,11033.0,11010.0,11014.0,7448
2026-02-03 12:05:00,11015.0,11019.0,11000.0,11006.0,4511
2026-02-03 12:10:00,11009.0,11020.0,11000.0,11003.0,5267
2026-02-03 12:15:00,11003.0,11020.0,11000.0,11019.0,3419
2026-02-03 12:20:00,11019.0,11021.0,11001.0,11005.0,3981
2026-02-03 12:25:00,11006.0,11015.0,11000.0,11003.0,8725
2026-02-03 12:30:00,11007.0,11044.0,11003.0,11026.0,12363
2026-02-03 12:35:00,11029.0,11031.0,10999.0,11027.0,16829
2026-02-03 12:40:00,11030.0,11039.0,11023.0,11037.0,4871
2026-02-03 12:45:00,11042.0,11064.0,11042.0,11056.0,13199
2026-02-03 12:50:00,11055.0,11070.0,11050.0,11052.0,6738
2026-02-03 12:55:00,11054.0,11075.0,11050.0,11072.0,7520
2026-02-03 13:00:00,11072.0,11075.0,11013.0,11026.0,11331
2026-02-03 13:05:00,11032.0,11056.0,11012.0,11043.0,14285
2026-02-03 13:10:00,11047.0,11059.0,11036.0,11046.0,7816
2026-02-03 13:15:00,11050.0,11059.0,11035.0,11047.0,5260
2026-02-03 13:20:00,11045.0,11047.0,11001.0,11009.0,11004
2026-02-03 13:25:00,11010.0,11019.0,10998.0,11004.0,12855
2026-02-03 13:30:00,11004.0,11008.0,10940.0,10942.0,18504
2026-02-03 13:35:00,10950.0,10966.0,10880.0,10958.0,37084
2026-02-03 13:40:00,10958.0,10977.0,10942.0,10959.0,9851
2026-02-03 13:45:00,10959.0,10999.0,10955.0,10975.0,8968
2026-02-03 13:50:00,10975.0,10989.0,10955.0,10989.0,7764
2026-02-03 13:55:00,10989.0,11007.0,10957.0,10963.0,11873
2026-02-03 14:00:00,10965.0,10990.0,10938.0,10980.0,13078
2026-02-03 14:05:00,10984.0,10988.0,10961.0,10988.0,9376
2026-02-03 14:10:00,10988.0,11006.0,10976.0,10981.0,9631
2026-02-03 14:15:00,10985.0,11008.0,10982.0,10994.0,8525
2026-02-03 14:20:00,10994.0,11006.0,10985.0,10998.0,7847
2026-02-03 14:25:00,10998.0,11000.0,10982.0,11000.0,8217
2026-02-03 14:30:00,10999.0,11005.0,10976.0,10984.0,12262
2026-02-03 14:35:00,10981.0,11000.0,10970.0,10989.0,12604
2026-02-03 14:40:00,10989.0,10991.0,10964.0,10973.0,12303
2026-02-03 14:45:00,10970.0,11000.0,10970.0,10994.0,11876
2026-02-03 14:50:00,10996.0,10997.0,10978.0,10990.0,11025
2026-02-03 14:55:00,10992.0,11045.0,10986.0,11035.0,26237
2026-02-03 15:00:00,11036.0,11036.0,10998.0,11016.0,14377
2026-02-03 15:05:00,11015.0,11023.0,10994.0,11007.0,13425
2026-02-03 15:10:00,11007.0,11045.0,11005.0,11034.0,22867
2026-02-03 15:15:00,11036.0,11050.0,11031.0,11038.0,23603
2026-02-03 15:20:00,11047.0,11052.0,11032.0,11051.0,24044
2026-02-03 15:25:00,11052.0,11055.0,11000.0,11033.0,20127
2026-02-04 09:15:00,11032.0,11130.0,10926.0,11034.0,46105
2026-02-04 09:20:00,11035.0,11130.0,11034.0,11106.0,18748
2026-02-04 09:25:00,11110.0,11160.0,11104.0,11120.0,17383
2026-02-04 09:30:00,11125.0,11174.0,11105.0,11157.0,17040
2026-02-04 09:35:00,11153.0,11174.0,11150.0,11168.0,12751
2026-02-04 09:40:00,11170.0,11350.0,11167.0,11337.0,54627
2026-02-04 09:45:00,11340.0,11448.0,11305.0,11415.0,49208
2026-02-04 09:50:00,11402.0,11425.0,11361.0,11401.0,28240
2026-02-04 09:55:00,11401.0,11450.0,11391.0,11443.0,25302
2026-02-04 10:00:00,11440.0,11474.0,11400.0,11407.0,27221
2026-02-04 10:05:00,11412.0,11458.0,11405.0,11444.0,20166
2026-02-04 10:10:00,11446.0,11470.0,11421.0,11446.0,12974
2026-02-04 10:15:00,11440.0,11518.0,11440.0,11480.0,33117
2026-02-04 10:20:00,11479.0,11543.0,11412.0,11415.0,62708
2026-02-04 10:25:00,11415.0,11457.0,11400.0,11439.0,35376
2026-02-04 10:30:00,11439.0,11550.0,11421.0,11453.0,37567
2026-02-04 10:35:00,11450.0,11535.0,11450.0,11514.0,54169
2026-02-04 10:40:00,11515.0,11585.0,11515.0,11577.0,42606
2026-02-04 10:45:00,11574.0,11629.0,11567.0,11615.0,40253
2026-02-04 10:50:00,11616.0,11646.0,11569.0,11637.0,28383
2026-02-04 10:55:00,11632.0,11637.0,11600.0,11604.0,21475
2026-02-04 11:00:00,11609.0,11638.0,11600.0,11630.0,11510
2026-02-04 11:05:00,11628.0,11629.0,11602.0,11603.0,10506
2026-02-04 11:10:00,11600.0,11620.0,11560.0,11567.0,44203
2026-02-04 11:15:00,11567.0,11570.0,11518.0,11555.0,29318
2026-02-04 11:20:00,11551.0,11610.0,11540.0,11553.0,18994
2026-02-04 11:25:00,11551.0,11557.0,11489.0,11491.0,26528
2026-02-04 11:30:00,11493.0,11529.0,11481.0,11487.0,24962
2026-02-04 11:35:00,11492.0,11512.0,11470.0,11488.0,18316
2026-02-04 11:40:00,11490.0,11520.0,11484.0,11505.0,13209
2026-02-04 11:45:00,11509.0,11549.0,11490.0,11543.0,14885
2026-02-04 11:50:00,11546.0,11546.0,11491.0,11501.0,10572
2026-02-04 11:55:00,11496.0,11530.0,11496.0,11528.0,7092
2026-02-04 12:00:00,11525.0,11579.0,11525.0,11550.0,18326
2026-02-04 12:05:00,11550.0,11577.0,11542.0,11562.0,7705
2026-02-04 12:10:00,11561.0,11568.0,11548.0,11563.0,4784
2026-02-04 12:15:00,11563.0,11580.0,11551.0,11574.0,6527
2026-02-04 12:20:00,11574.0,11605.0,11560.0,11594.0,17362
2026-02-04 12:25:00,11595.0,11615.0,11583.0,11608.0,12064
2026-02-04 12:30:00,11605.0,11617.0,11595.0,11612.0,9604
2026-02-04 12:35:00,11612.0,11634.0,11603.0,11628.0,13195
2026-02-04 12:40:00,11628.0,11629.0,11610.0,11618.0,6409
2026-02-04 12:45:00,11618.0,11645.0,11600.0,11608.0,17405
2026-02-04 12:50:00,11608.0,11614.0,11600.0,11610.0,6856
2026-02-04 12:55:00,11607.0,11608.0,11575.0,11586.0,21429
2026-02-04 13:00:00,11581.0,11610.0,11581.0,11601.0,7028
2026-02-04 13:05:00,11605.0,11629.0,11600.0,11625.0,7022
2026-02-04 13:10:00,11628.0,11650.0,11605.0,11617.0,15109
2026-02-04 13:15:00,11618.0,11630.0,11606.0,11615.0,7382
2026-02-04 13:20:00,11615.0,11618.0,11597.0,11598.0,16175
2026-02-04 13:25:00,11598.0,11630.0,11598.0,11629.0,5652
2026-02-04 13:30:00,11630.0,11635.0,11601.0,11608.0,10063
2026-02-04 13:35:00,11605.0,11612.0,11600.0,11604.0,6673
2026-02-04 13:40:00,11604.0,11615.0,11601.0,11606.0,3953
2026-02-04 13:45:00,11606.0,11615.0,11600.0,11605.0,5089
2026-02-04 13:50:00,11605.0,11619.0,11602.0,11615.0,4198
2026-02-04 13:55:00,11615.0,11617.0,11606.0,11610.0,4793
2026-02-04 14:00:00,11614.0,11634.0,11608.0,11626.0,7311
2026-02-04 14:05:00,11631.0,11636.0,11610.0,11636.0,13380
2026-02-04 14:10:00,11631.0,11650.0,11630.0,11631.0,12912
2026-02-04 14:15:00,11631.0,11671.0,11624.0,11663.0,14579
2026-02-04 14:20:00,11664.0,11698.0,11664.0,11692.0,31405
2026-02-04 14:25:00,11690.0,11690.0,11670.0,11685.0,10691
2026-02-04 14:30:00,11684.0,11710.0,11681.0,11706.0,21313
2026-02-04 14:35:00,11710.0,11710.0,11666.0,11682.0,15613
2026-02-04 14:40:00,11680.0,11684.0,11645.0,11650.0,26548
2026-02-04 14:45:00,11650.0,11679.0,11646.0,11679.0,15644
2026-02-04 14:50:00,11679.0,11700.0,11674.0,11695.0,11668
2026-02-04 14:55:00,11697.0,11708.0,11671.0,11676.0,20020
2026-02-04 15:00:00,11685.0,11700.0,11672.0,11685.0,14679
2026-02-04 15:05:00,11688.0,11692.0,11675.0,11690.0,13087
2026-02-04 15:10:00,11690.0,11692.0,11681.0,11685.0,25002
2026-02-04 15:15:00,11682.0,11691.0,11644.0,11660.0,44625
2026-02-04 15:20:00,11657.0,11683.0,11652.0,11675.0,28741
2026-02-04 15:25:00,11675.0,11713.0,11661.0,11680.0,29407
2026-02-05 09:15:00,11700.0,11713.0,11580.0,11656.0,56987
2026-02-05 09:20:00,11647.0,11666.0,11608.0,11616.0,32312
2026-02-05 09:25:00,11618.0,11618.0,11472.0,11516.0,52732
2026-02-05 09:30:00,11518.0,11533.0,11435.0,11441.0,35080
2026-02-05 09:35:00,11440.0,11474.0,11425.0,11470.0,20710
2026-02-05 09:40:00,11464.0,11465.0,11211.0,11230.0,50498
2026-02-05 09:45:00,11229.0,11355.0,11189.0,11285.0,44959
2026-02-05 09:50:00,11290.0,11308.0,11200.0,11200.0,30313
2026-02-05 09:55:00,11200.0,11226.0,11160.0,11218.0,36072
2026-02-05 10:00:00,11216.0,11305.0,11173.0,11297.0,43488
2026-02-05 10:05:00,11300.0,11304.0,11188.0,11206.0,28818
2026-02-05 10:10:00,11207.0,11215.0,11173.0,11196.0,13961
2026-02-05 10:15:00,11196.0,11207.0,11163.0,11190.0,14647
2026-02-05 10:20:00,11200.0,11288.0,11195.0,11228.0,18064
2026-02-05 10:25:00,11227.0,11230.0,11170.0,11171.0,15414
2026-02-05 10:30:00,11175.0,11200.0,11170.0,11186.0,8475
2026-02-05 10:35:00,11186.0,11245.0,11170.0,11183.0,13396
2026-02-05 10:40:00,11181.0,11194.0,11154.0,11179.0,11082
2026-02-05 10:45:00,11179.0,11269.0,11166.0,11198.0,56886
2026-02-05 10:50:00,11193.0,11199.0,11170.0,11186.0,7560
2026-02-05 10:55:00,11186.0,11194.0,11172.0,11187.0,4693
2026-02-05 11:00:00,11187.0,11210.0,11169.0,11209.0,9080
2026-02-05 11:05:00,11210.0,11269.0,11195.0,11269.0,18571
2026-02-05 11:10:00,11268.0,11275.0,11240.0,11240.0,14965
2026-02-05 11:15:00,11241.0,11258.0,11227.0,11244.0,12511
2026-02-05 11:20:00,11244.0,11269.0,11233.0,11245.0,7121
2026-02-05 11:25:00,11246.0,11275.0,11245.0,11265.0,7280
2026-02-05 11:30:00,11265.0,11272.0,11211.0,11218.0,6507
2026-02-05 11:35:00,11219.0,11240.0,11195.0,11222.0,9297
2026-02-05 11:40:00,11221.0,11231.0,11201.0,11206.0,6212
2026-02-05 11:45:00,11205.0,11286.0,11191.0,11261.0,18860
2026-02-05 11:50:00,11261.0,11299.0,11260.0,11292.0,11123
2026-02-05 11:55:00,11291.0,11298.0,11283.0,11297.0,5752
2026-02-05 12:00:00,11297.0,11339.0,11278.0,11330.0,16495
2026-02-05 12:05:00,11330.0,11350.0,11324.0,11332.0,7680
2026-02-05 12:10:00,11334.0,11347.0,11321.0,11336.0,4700
2026-02-05 12:15:00,11331.0,11331.0,11303.0,11305.0,4217
2026-02-05 12:20:00,11305.0,11336.0,11300.0,11306.0,9159
2026-02-05 12:25:00,11312.0,11364.0,11308.0,11350.0,8381
2026-02-05 12:30:00,11350.0,11384.0,11340.0,11384.0,8667
2026-02-05 12:35:00,11383.0,11383.0,11365.0,11379.0,5230
2026-02-05 12:40:00,11380.0,11380.0,11358.0,11375.0,3147
2026-02-05 12:45:00,11375.0,11420.0,11373.0,11420.0,11005
2026-02-05 12:50:00,11420.0,11420.0,11394.0,11395.0,8930
2026-02-05 12:55:00,11400.0,11400.0,11358.0,11395.0,10009
2026-02-05 13:00:00,11392.0,11395.0,11370.0,11386.0,4487
2026-02-05 13:05:00,11391.0,11429.0,11387.0,11427.0,6650
2026-02-05 13:10:00,11422.0,11427.0,11411.0,11417.0,6451
2026-02-05 13:15:00,11417.0,11466.0,11417.0,11462.0,10722
2026-02-05 13:20:00,11462.0,11467.0,11440.0,11441.0,7358
2026-02-05 13:25:00,11441.0,11445.0,11411.0,11430.0,9458
2026-02-05 13:30:00,11429.0,11435.0,11406.0,11433.0,6543
2026-02-05 13:35:00,11430.0,11446.0,11424.0,11435.0,3370
2026-02-05 13:40:00,11435.0,11458.0,11430.0,11455.0,6104
2026-02-05 13:45:00,11458.0,11458.0,11430.0,11434.0,3482
2026-02-05 13:50:00,11435.0,11437.0,11415.0,11417.0,5865
2026-02-05 13:55:00,11417.0,11435.0,11417.0,11435.0,4165
2026-02-05 14:00:00,11430.0,11439.0,11418.0,11419.0,2830
2026-02-05 14:05:00,11419.0,11429.0,11352.0,11365.0,15063
2026-02-05 14:10:00,11362.0,11370.0,11346.0,11366.0,11161
2026-02-05 14:15:00,11367.0,11410.0,11355.0,11407.0,7073
2026-02-05 14:20:00,11406.0,11409.0,11366.0,11377.0,6896
2026-02-05 14:25:00,11378.0,11411.0,11373.0,11393.0,4256
2026-02-05 14:30:00,11392.0,11412.0,11390.0,11409.0,3267
2026-02-05 14:35:00,11407.0,11439.0,11402.0,11430.0,5029
2026-02-05 14:40:00,11433.0,11435.0,11406.0,11410.0,4144
2026-02-05 14:45:00,11408.0,11412.0,11376.0,11385.0,9113
2026-02-05 14:50:00,11385.0,11397.0,11381.0,11387.0,4648
2026-02-05 14:55:00,11387.0,11418.0,11387.0,11413.0,6971
2026-02-05 15:00:00,11410.0,11440.0,11404.0,11418.0,8469
2026-02-05 15:05:00,11419.0,11428.0,11377.0,11385.0,7268
2026-02-05 15:10:00,11385.0,11398.0,11383.0,11395.0,7877
2026-02-05 15:15:00,11396.0,11403.0,11360.0,11360.0,19060
2026-02-05 15:20:00,11360.0,11368.0,11325.0,11351.0,15443
2026-02-05 15:25:00,11351.0,11365.0,11339.0,11354.0,10593
2026-02-06 09:15:00,11349.0,11349.0,11172.0,11270.0,24090
2026-02-06 09:20:00,11265.0,11319.0,11250.0,11292.0,13136
2026-02-06 09:25:00,11292.0,11340.0,11291.0,11339.0,10541
2026-02-06 09:30:00,11339.0,11367.0,11259.0,11287.0,16690
2026-02-06 09:35:00,11285.0,11287.0,11227.0,11252.0,13081
2026-02-06 09:40:00,11260.0,11265.0,11215.0,11217.0,8229
2026-02-06 09:45:00,11220.0,11294.0,11220.0,11277.0,7391
2026-02-06 09:50:00,11284.0,11288.0,11237.0,11248.0,3774
2026-02-06 09:55:00,11240.0,11280.0,11235.0,11276.0,2075
2026-02-06 10:00:00,11279.0,11284.0,11259.0,11270.0,4325
2026-02-06 10:05:00,11268.0,11283.0,11236.0,11255.0,7163
2026-02-06 10:10:00,11255.0,11258.0,11232.0,11247.0,3379
2026-02-06 10:15:00,11247.0,11307.0,11235.0,11289.0,7603
2026-02-06 10:20:00,11294.0,11328.0,11292.0,11305.0,8066
2026-02-06 10:25:00,11302.0,11310.0,11263.0,11265.0,4970
2026-02-06 10:30:00,11265.0,11265.0,11240.0,11259.0,5591
2026-02-06 10:35:00,11259.0,11276.0,11242.0,11276.0,2703
2026-02-06 10:40:00,11276.0,11280.0,11248.0,11256.0,1658
2026-02-06 10:45:00,11258.0,11284.0,11250.0,11280.0,2035
2026-02-06 10:50:00,11278.0,11311.0,11278.0,11288.0,4953
2026-02-06 10:55:00,11290.0,11307.0,11281.0,11307.0,1439
2026-02-06 11:00:00,11307.0,11371.0,11301.0,11357.0,11403
2026-02-06 11:05:00,11357.0,11388.0,11342.0,11364.0,13667
2026-02-06 11:10:00,11364.0,11373.0,11347.0,11366.0,4836
2026-02-06 11:15:00,11366.0,11385.0,11340.0,11354.0,6883
2026-02-06 11:20:00,11352.0,11376.0,11351.0,11362.0,4680
2026-02-06 11:25:00,11362.0,11398.0,11356.0,11385.0,6451
2026-02-06 11:30:00,11384.0,11384.0,11352.0,11372.0,4847
2026-02-06 11:35:00,11367.0,11430.0,11363.0,11418.0,7951
2026-02-06 11:40:00,11418.0,11419.0,11395.0,11396.0,5597
2026-02-06 11:45:00,11396.0,11414.0,11390.0,11390.0,4329
2026-02-06 11:50:00,11392.0,11398.0,11340.0,11350.0,6419
2026-02-06 11:55:00,11348.0,11380.0,11348.0,11353.0,3909
2026-02-06 12:00:00,11356.0,11380.0,11322.0,11329.0,6950
2026-02-06 12:05:00,11326.0,11326.0,11301.0,11315.0,9995
2026-02-06 12:10:00,11315.0,11334.0,11305.0,11334.0,2252
2026-02-06 12:15:00,11333.0,11333.0,11300.0,11309.0,2369
2026-02-06 12:20:00,11309.0,11315.0,11291.0,11291.0,3957
2026-02-06 12:25:00,11290.0,11304.0,11281.0,11289.0,6512
2026-02-06 12:30:00,11290.0,11291.0,11261.0,11262.0,7500
2026-02-06 12:35:00,11263.0,11316.0,11263.0,11296.0,9667
2026-02-06 12:40:00,11296.0,11304.0,11287.0,11291.0,1597
2026-02-06 12:45:00,11291.0,11313.0,11288.0,11290.0,2093
2026-02-06 12:50:00,11290.0,11301.0,11283.0,11289.0,1700
2026-02-06 12:55:00,11289.0,11310.0,11280.0,11305.0,2123
2026-02-06 13:00:00,11303.0,11304.0,11290.0,11294.0,1245
2026-02-06 13:05:00,11294.0,11308.0,11294.0,11301.0,1972
2026-02-06 13:10:00,11300.0,11315.0,11300.0,11315.0,2537
2026-02-06 13:15:00,11313.0,11320.0,11292.0,11300.0,2173
2026-02-06 13:20:00,11301.0,11314.0,11291.0,11300.0,2851
2026-02-06 13:25:00,11300.0,11329.0,11300.0,11324.0,2488
2026-02-06 13:30:00,11324.0,11328.0,11300.0,11315.0,1260
2026-02-06 13:35:00,11315.0,11340.0,11310.0,11335.0,2052
2026-02-06 13:40:00,11337.0,11343.0,11321.0,11330.0,996
2026-02-06 13:45:00,11330.0,11334.0,11306.0,11325.0,2591
2026-02-06 13:50:00,11327.0,11351.0,11327.0,11349.0,3566
2026-02-06 13:55:00,11345.0,11360.0,11333.0,11348.0,2236
2026-02-06 14:00:00,11344.0,11380.0,11344.0,11367.0,5932
2026-02-06 14:05:00,11367.0,11414.0,11361.0,11397.0,11711
2026-02-06 14:10:00,11390.0,11392.0,11347.0,11367.0,5492
2026-02-06 14:15:00,11367.0,11405.0,11367.0,11390.0,5293
2026-02-06 14:20:00,11390.0,11420.0,11387.0,11400.0,9869
2026-02-06 14:25:00,11403.0,11449.0,11400.0,11429.0,10497
2026-02-06 14:30:00,11427.0,11444.0,11403.0,11443.0,5499
2026-02-06 14:35:00,11439.0,11458.0,11421.0,11422.0,7703
2026-02-06 14:40:00,11425.0,11431.0,11407.0,11424.0,4620
2026-02-06 14:45:00,11424.0,11438.0,11403.0,11415.0,3716
2026-02-06 14:50:00,11414.0,11421.0,11396.0,11412.0,4796
2026-02-06 14:55:00,11414.0,11479.0,11413.0,11453.0,11995
2026-02-06 15:00:00,11447.0,11484.0,11441.0,11462.0,7936
2026-02-06 15:05:00,11460.0,11499.0,11457.0,11493.0,13307
2026-02-06 15:10:00,11495.0,11528.0,11489.0,11523.0,14825
2026-02-06 15:15:00,11523.0,11549.0,11517.0,11525.0,17746
2026-02-06 15:20:00,11515.0,11527.0,11493.0,11495.0,10658
2026-02-06 15:25:00,11498.0,11505.0,11455.0,11490.0,8233
2026-02-09 09:15:00,11655.0,11699.0,11550.0,11612.0,35759
2026-02-09 09:20:00,11619.0,11635.0,11595.0,11615.0,14251
2026-02-09 09:25:00,11616.0,11640.0,11580.0,11637.0,10494
2026-02-09 09:30:00,11637.0,11650.0,11601.0,11609.0,7937
2026-02-09 09:35:00,11615.0,11629.0,11610.0,11613.0,4508
2026-02-09 09:40:00,11619.0,11625.0,11600.0,11609.0,3655
2026-02-09 09:45:00,11611.0,11617.0,11600.0,11611.0,3589
2026-02-09 09:50:00,11608.0,11617.0,11592.0,11597.0,4287
2026-02-09 09:55:00,11597.0,11610.0,11575.0,11596.0,7844
2026-02-09 10:00:00,11596.0,11629.0,11594.0,11614.0,5378
2026-02-09 10:05:00,11619.0,11619.0,11584.0,11600.0,4746
2026-02-09 10:10:00,11600.0,11610.0,11580.0,11600.0,3454
2026-02-09 10:15:00,11594.0,11615.0,11581.0,11615.0,2832
2026-02-09 10:20:00,11612.0,11649.0,11604.0,11625.0,9000
2026-02-09 10:25:00,11625.0,11695.0,11625.0,11690.0,16601
2026-02-09 10:30:00,11689.0,11780.0,11685.0,11726.0,31748
2026-02-09 10:35:00,11728.0,11759.0,11715.0,11744.0,11679
2026-02-09 10:40:00,11746.0,11750.0,11721.0,11733.0,6295
2026-02-09 10:45:00,11737.0,11776.0,11723.0,11768.0,14957
2026-02-09 10:50:00,11770.0,11774.0,11760.0,11767.0,6000
2026-02-09 10:55:00,11767.0,11785.0,11767.0,11783.0,7366
2026-02-09 11:00:00,11780.0,11809.0,11751.0,11780.0,14120
2026-02-09 11:05:00,11783.0,11790.0,11758.0,11774.0,4283
2026-02-09 11:10:00,11776.0,11790.0,11765.0,11786.0,4406
2026-02-09 11:15:00,11786.0,11800.0,11770.0,11773.0,10726
2026-02-09 11:20:00,11773.0,11790.0,11771.0,11786.0,3264
2026-02-09 11:25:00,11788.0,11788.0,11761.0,11775.0,3141
2026-02-09 11:30:00,11775.0,11776.0,11752.0,11765.0,3612
2026-02-09 11:35:00,11762.0,11786.0,11760.0,11778.0,3211
2026-02-09 11:40:00,11774.0,11811.0,11774.0,11808.0,11146
2026-02-09 11:45:00,11808.0,11826.0,11793.0,11826.0,7137
2026-02-09 11:50:00,11824.0,11839.0,11802.0,11823.0,9453
2026-02-09 11:55:00,11823.0,11825.0,11781.0,11785.0,6198
2026-02-09 12:00:00,11783.0,11809.0,11782.0,11808.0,2747
2026-02-09 12:05:00,11805.0,11820.0,11804.0,11820.0,3817
2026-02-09 12:10:00,11820.0,11824.0,11808.0,11814.0,3171
2026-02-09 12:15:00,11813.0,11827.0,11813.0,11826.0,3759
2026-02-09 12:20:00,11826.0,11845.0,11822.0,11826.0,7610
2026-02-09 12:25:00,11832.0,11832.0,11822.0,11828.0,2839
2026-02-09 12:30:00,11828.0,11828.0,11768.0,11778.0,8984
2026-02-09 12:35:00,11783.0,11787.0,11769.0,11769.0,3190
2026-02-09 12:40:00,11769.0,11780.0,11760.0,11767.0,3911
2026-02-09 12:45:00,11768.0,11778.0,11751.0,11765.0,4366
2026-02-09 12:50:00,11767.0,11770.0,11750.0,11752.0,3348
2026-02-09 12:55:00,11752.0,11780.0,11750.0,11775.0,7462
2026-02-09 13:00:00,11801.0,11835.0,11796.0,11820.0,9152
2026-02-09 13:05:00,11820.0,11824.0,11811.0,11824.0,2371
2026-02-09 13:10:00,11822.0,11844.0,11808.0,11828.0,8637
2026-02-09 13:15:00,11828.0,11842.0,11825.0,11829.0,2078
2026-02-09 13:20:00,11830.0,11833.0,11818.0,11821.0,1761
2026-02-09 13:25:00,11822.0,11827.0,11788.0,11789.0,3704
2026-02-09 13:30:00,11795.0,11810.0,11782.0,11810.0,2619
2026-02-09 13:35:00,11811.0,11815.0,11785.0,11800.0,2738
2026-02-09 13:40:00,11800.0,11810.0,11790.0,11793.0,3255
2026-02-09 13:45:00,11793.0,11810.0,11790.0,11806.0,2885
2026-02-09 13:50:00,11805.0,11814.0,11797.0,11802.0,2812
2026-02-09 13:55:00,11802.0,11815.0,11799.0,11806.0,2195
2026-02-09 14:00:00,11804.0,11813.0,11786.0,11792.0,5452
2026-02-09 14:05:00,11796.0,11805.0,11790.0,11800.0,1407
2026-02-09 14:10:00,11800.0,11802.0,11777.0,11790.0,3742
2026-02-09 14:15:00,11792.0,11792.0,11753.0,11781.0,4865
2026-02-09 14:20:00,11781.0,11788.0,11771.0,11774.0,1865
2026-02-09 14:25:00,11776.0,11795.0,11776.0,11789.0,3808
2026-02-09 14:30:00,11786.0,11790.0,11772.0,11781.0,2561
2026-02-09 14:35:00,11783.0,11786.0,11771.0,11771.0,1950
2026-02-09 14:40:00,11770.0,11776.0,11750.0,11775.0,4971
2026-02-09 14:45:00,11771.0,11799.0,11768.0,11799.0,3296
2026-02-09 14:50:00,11805.0,11810.0,11783.0,11795.0,8216
2026-02-09 14:55:00,11799.0,11803.0,11780.0,11797.0,3129
2026-02-09 15:00:00,11794.0,11796.0,11785.0,11792.0,3395
2026-02-09 15:05:00,11790.0,11795.0,11782.0,11786.0,3029
2026-02-09 15:10:00,11785.0,11788.0,11760.0,11769.0,8771
2026-02-09 15:15:00,11766.0,11770.0,11750.0,11756.0,11103
2026-02-09 15:20:00,11761.0,11761.0,11730.0,11733.0,10873
2026-02-09 15:25:00,11733.0,11737.0,11719.0,11735.0,7631
2026-02-10 09:15:00,11820.0,11847.0,11669.0,11779.0,28331
2026-02-10 09:20:00,11772.0,11797.0,11742.0,11759.0,13182
2026-02-10 09:25:00,11756.0,11760.0,11681.0,11736.0,20300
2026-02-10 09:30:00,11737.0,11745.0,11695.0,11707.0,8028
2026-02-10 09:35:00,11703.0,11725.0,11654.0,11666.0,16639
2026-02-10 09:40:00,11667.0,11685.0,11652.0,11658.0,6987
2026-02-10 09:45:00,11658.0,11684.0,11658.0,11664.0,4990
2026-02-10 09:50:00,11662.0,11671.0,11623.0,11660.0,22440
2026-02-10 09:55:00,11664.0,11719.0,11650.0,11709.0,16354
2026-02-10 10:00:00,11708.0,11725.0,11691.0,11718.0,9252
2026-02-10 10:05:00,11718.0,11729.0,11685.0,11685.0,6792
2026-02-10 10:10:00,11688.0,11709.0,11680.0,11695.0,5248
2026-02-10 10:15:00,11692.0,11725.0,11683.0,11720.0,3055
2026-02-10 10:20:00,11715.0,11720.0,11700.0,11718.0,4374
2026-02-10 10:25:00,11718.0,11722.0,11700.0,11706.0,3197
2026-02-10 10:30:00,11707.0,11729.0,11701.0,11724.0,3046
2026-02-10 10:35:00,11727.0,11750.0,11723.0,11733.0,7884
2026-02-10 10:40:00,11733.0,11733.0,11700.0,11714.0,5769
2026-02-10 10:45:00,11714.0,11719.0,11644.0,11650.0,18085
2026-02-10 10:50:00,11650.0,11664.0,11627.0,11651.0,14468
2026-02-10 10:55:00,11648.0,11665.0,11640.0,11659.0,3533
2026-02-10 11:00:00,11653.0,11714.0,11653.0,11714.0,5517
2026-02-10 11:05:00,11715.0,11735.0,11699.0,11710.0,9204
2026-02-10 11:10:00,11710.0,11738.0,11702.0,11730.0,6208
2026-02-10 11:15:00,11730.0,11772.0,11724.0,11772.0,13977
2026-02-10 11:20:00,11772.0,11800.0,11757.0,11775.0,10435
2026-02-10 11:25:00,11771.0,11810.0,11771.0,11807.0,12483
2026-02-10 11:30:00,11808.0,11822.0,11794.0,11799.0,9760
2026-02-10 11:35:00,11804.0,11813.0,11776.0,11789.0,8465
2026-02-10 11:40:00,11788.0,11802.0,11782.0,11802.0,3368
2026-02-10 11:45:00,11801.0,11812.0,11791.0,11791.0,4791
2026-02-10 11:50:00,11795.0,11800.0,11785.0,11791.0,4730
2026-02-10 11:55:00,11789.0,11798.0,11776.0,11786.0,3995
2026-02-10 12:00:00,11790.0,11794.0,11785.0,11793.0,2489
2026-02-10 12:05:00,11793.0,11794.0,11765.0,11782.0,3287
2026-02-10 12:10:00,11782.0,11801.0,11780.0,11797.0,2874
2026-02-10 12:15:00,11801.0,11819.0,11798.0,11811.0,5305
2026-02-10 12:20:00,11816.0,11816.0,11800.0,11800.0,4080
2026-02-10 12:25:00,11802.0,11802.0,11789.0,11793.0,2974
2026-02-10 12:30:00,11799.0,11799.0,11777.0,11777.0,3507
2026-02-10 12:35:00,11777.0,11785.0,11762.0,11782.0,3704
2026-02-10 12:40:00,11782.0,11800.0,11781.0,11789.0,2211
2026-02-10 12:45:00,11788.0,11798.0,11787.0,11792.0,3301
2026-02-10 12:50:00,11794.0,11795.0,11780.0,11785.0,2142
2026-02-10 12:55:00,11785.0,11795.0,11776.0,11783.0,5027
2026-02-10 13:00:00,11786.0,11786.0,11760.0,11776.0,6548
2026-02-10 13:05:00,11776.0,11782.0,11762.0,11772.0,4494
2026-02-10 13:10:00,11775.0,11777.0,11760.0,11766.0,2103
2026-02-10 13:15:00,11765.0,11769.0,11733.0,11739.0,6938
2026-02-10 13:20:00,11739.0,11740.0,11705.0,11710.0,6268
2026-02-10 13:25:00,11713.0,11737.0,11705.0,11709.0,5332
2026-02-10 13:30:00,11711.0,11711.0,11614.0,11640.0,20123
2026-02-10 13:35:00,11640.0,11640.0,11620.0,11633.0,7457
2026-02-10 13:40:00,11633.0,11649.0,11628.0,11641.0,5420
2026-02-10 13:45:00,11642.0,11647.0,11627.0,11644.0,3655
2026-02-10 13:50:00,11645.0,11651.0,11639.0,11640.0,2957
2026-02-10 13:55:00,11640.0,11643.0,11620.0,11626.0,4207
2026-02-10 14:00:00,11624.0,11629.0,11591.0,11600.0,10259
2026-02-10 14:05:00,11595.0,11615.0,11583.0,11614.0,8087
2026-02-10 14:10:00,11614.0,11615.0,11580.0,11593.0,7587
2026-02-10 14:15:00,11593.0,11600.0,11583.0,11589.0,5389
2026-02-10 14:20:00,11588.0,11613.0,11563.0,11605.0,6710
2026-02-10 14:25:00,11602.0,11618.0,11601.0,11610.0,3420
2026-02-10 14:30:00,11608.0,11625.0,11608.0,11612.0,3085
2026-02-10 14:35:00,11612.0,11618.0,11588.0,11596.0,2813
2026-02-10 14:40:00,11599.0,11610.0,11593.0,11605.0,1412
2026-02-10 14:45:00,11610.0,11625.0,11606.0,11616.0,3181
2026-02-10 14:50:00,11615.0,11624.0,11606.0,11621.0,3387
2026-02-10 14:55:00,11621.0,11621.0,11605.0,11613.0,3080
2026-02-10 15:00:00,11612.0,11637.0,11610.0,11617.0,7289
2026-02-10 15:05:00,11617.0,11631.0,11611.0,11625.0,10542
2026-02-10 15:10:00,11627.0,11630.0,11608.0,11616.0,6835
2026-02-10 15:15:00,11612.0,11615.0,11588.0,11592.0,11650
2026-02-10 15:20:00,11592.0,11602.0,11588.0,11596.0,11076
2026-02-10 15:25:00,11596.0,11600.0,11584.0,11590.0,8055
2026-02-11 09:15:00,11640.0,11666.0,11570.0,11620.0,18473
2026-02-11 09:20:00,11622.0,11645.0,11601.0,11630.0,8024
2026-02-11 09:25:00,11631.0,11640.0,11603.0,11608.0,6029
2026-02-11 09:30:00,11611.0,11628.0,11591.0,11601.0,5007
2026-02-11 09:35:00,11596.0,11604.0,11553.0,11560.0,7664
2026-02-11 09:40:00,11560.0,11560.0,11490.0,11545.0,15889
2026-02-11 09:45:00,11541.0,11563.0,11533.0,11535.0,5478
2026-02-11 09:50:00,11534.0,11580.0,11534.0,11574.0,3588
2026-02-11 09:55:00,11574.0,11588.0,11561.0,11575.0,3492
2026-02-11 10:00:00,11578.0,11619.0,11569.0,11580.0,7287
2026-02-11 10:05:00,11580.0,11602.0,11571.0,11602.0,4923
2026-02-11 10:10:00,11605.0,11630.0,11587.0,11603.0,7737
2026-02-11 10:15:00,11603.0,11624.0,11595.0,11615.0,3715
2026-02-11 10:20:00,11615.0,11624.0,11600.0,11623.0,3569
2026-02-11 10:25:00,11623.0,11659.0,11609.0,11616.0,12026
2026-02-11 10:30:00,11606.0,11629.0,11592.0,11598.0,8298
2026-02-11 10:35:00,11597.0,11617.0,11592.0,11610.0,5068
2026-02-11 10:40:00,11608.0,11624.0,11602.0,11615.0,2509
2026-02-11 10:45:00,11615.0,11670.0,11613.0,11667.0,10752
2026-02-11 10:50:00,11669.0,11727.0,11669.0,11720.0,18736
2026-02-11 10:55:00,11720.0,11730.0,11694.0,11723.0,17027
2026-02-11 11:00:00,11723.0,11730.0,11693.0,11708.0,7402
2026-02-11 11:05:00,11714.0,11725.0,11695.0,11720.0,5376
2026-02-11 11:10:00,11725.0,11766.0,11715.0,11720.0,14465
2026-02-11 11:15:00,11720.0,11730.0,11701.0,11703.0,3809
2026-02-11 11:20:00,11704.0,11720.0,11700.0,11707.0,3424
2026-02-11 11:25:00,11707.0,11710.0,11695.0,11701.0,4816
2026-02-11 11:30:00,11701.0,11701.0,11667.0,11695.0,7790
2026-02-11 11:35:00,11700.0,11704.0,11680.0,11684.0,3392
2026-02-11 11:40:00,11684.0,11731.0,11680.0,11720.0,3817
2026-02-11 11:45:00,11725.0,11729.0,11712.0,11715.0,3045
2026-02-11 11:50:00,11716.0,11753.0,11703.0,11733.0,8967
2026-02-11 11:55:00,11734.0,11734.0,11711.0,11713.0,3730
2026-02-11 12:00:00,11715.0,11733.0,11712.0,11723.0,2875
2026-02-11 12:05:00,11722.0,11723.0,11694.0,11701.0,3965
2026-02-11 12:10:00,11705.0,11710.0,11697.0,11709.0,1879
2026-02-11 12:15:00,11709.0,11710.0,11657.0,11658.0,7484
2026-02-11 12:20:00,11656.0,11664.0,11626.0,11631.0,11324
2026-02-11 12:25:00,11633.0,11655.0,11625.0,11649.0,5571
2026-02-11 12:30:00,11646.0,11657.0,11644.0,11645.0,2279
2026-02-11 12:35:00,11648.0,11660.0,11634.0,11643.0,2133
2026-02-11 12:40:00,11643.0,11645.0,11621.0,11637.0,4025
2026-02-11 12:45:00,11635.0,11645.0,11625.0,11645.0,1565
2026-02-11 12:50:00,11645.0,11646.0,11640.0,11641.0,2361
2026-02-11 12:55:00,11641.0,11649.0,11638.0,11646.0,1641
2026-02-11 13:00:00,11646.0,11650.0,11638.0,11642.0,1317
2026-02-11 13:05:00,11642.0,11650.0,11640.0,11644.0,842
2026-02-11 13:10:00,11645.0,11663.0,11645.0,11652.0,1256
2026-02-11 13:15:00,11652.0,11676.0,11647.0,11675.0,2147
2026-02-11 13:20:00,11673.0,11699.0,11670.0,11684.0,6930
2026-02-11 13:25:00,11684.0,11695.0,11675.0,11693.0,1905
2026-02-11 13:30:00,11691.0,11698.0,11665.0,11676.0,4047
2026-02-11 13:35:00,11678.0,11710.0,11660.0,11700.0,6794
2026-02-11 13:40:00,11700.0,11709.0,11675.0,11678.0,3474
2026-02-11 13:45:00,11675.0,11685.0,11639.0,11641.0,2680
2026-02-11 13:50:00,11638.0,11645.0,11630.0,11638.0,2842
2026-02-11 13:55:00,11639.0,11670.0,11630.0,11669.0,5179
2026-02-11 14:00:00,11672.0,11699.0,11664.0,11699.0,3573
2026-02-11 14:05:00,11697.0,11722.0,11676.0,11705.0,9609
2026-02-11 14:10:00,11700.0,11716.0,11692.0,11701.0,3013
2026-02-11 14:15:00,11702.0,11707.0,11692.0,11698.0,2767
2026-02-11 14:20:00,11698.0,11701.0,11683.0,11690.0,4414
2026-02-11 14:25:00,11687.0,11690.0,11675.0,11683.0,2859
2026-02-11 14:30:00,11683.0,11694.0,11680.0,11681.0,2121
2026-02-11 14:35:00,11681.0,11685.0,11675.0,11680.0,2492
2026-02-11 14:40:00,11680.0,11707.0,11680.0,11705.0,3316
2026-02-11 14:45:00,11707.0,11707.0,11692.0,11698.0,4108
2026-02-11 14:50:00,11698.0,11705.0,11690.0,11697.0,1393
2026-02-11 14:55:00,11694.0,11720.0,11694.0,11711.0,4801
2026-02-11 15:00:00,11717.0,11725.0,11700.0,11701.0,6771
2026-02-11 15:05:00,11702.0,11725.0,11701.0,11721.0,7345
2026-02-11 15:10:00,11725.0,11743.0,11720.0,11739.0,9158
2026-02-11 15:15:00,11739.0,11755.0,11738.0,11752.0,10212
2026-02-11 15:20:00,11745.0,11755.0,11740.0,11754.0,27432
2026-02-11 15:25:00,11754.0,11754.0,11723.0,11740.0,10068
2026-02-12 09:15:00,11740.0,11779.0,11650.0,11685.0,20761
2026-02-12 09:20:00,11685.0,11710.0,11662.0,11670.0,8728
2026-02-12 09:25:00,11670.0,11684.0,11642.0,11665.0,6854
2026-02-12 09:30:00,11665.0,11693.0,11650.0,11692.0,6330
2026-02-12 09:35:00,11694.0,11697.0,11660.0,11665.0,3364
2026-02-12 09:40:00,11663.0,11677.0,11645.0,11673.0,3861
2026-02-12 09:45:00,11675.0,11685.0,11647.0,11681.0,3607
2026-02-12 09:50:00,11685.0,11707.0,11681.0,11699.0,4455
2026-02-12 09:55:00,11705.0,11705.0,11675.0,11675.0,2701
2026-02-12 10:00:00,11671.0,11676.0,11633.0,11658.0,7282
2026-02-12 10:05:00,11661.0,11661.0,11630.0,11641.0,6577
2026-02-12 10:10:00,11641.0,11675.0,11635.0,11666.0,4249
2026-02-12 10:15:00,11666.0,11678.0,11663.0,11675.0,2108
2026-02-12 10:20:00,11682.0,11697.0,11666.0,11694.0,3593
2026-02-12 10:25:00,11697.0,11697.0,11662.0,11673.0,2287
2026-02-12 10:30:00,11675.0,11690.0,11673.0,11690.0,2204
2026-02-12 10:35:00,11692.0,11692.0,11654.0,11671.0,3273
2026-02-12 10:40:00,11676.0,11678.0,11655.0,11668.0,1743
2026-02-12 10:45:00,11668.0,11705.0,11647.0,11698.0,8153
2026-02-12 10:50:00,11693.0,11700.0,11681.0,11687.0,4986
2026-02-12 10:55:00,11685.0,11703.0,11680.0,11690.0,3035
2026-02-12 11:00:00,11693.0,11702.0,11690.0,11698.0,1845
2026-02-12 11:05:00,11698.0,11698.0,11675.0,11687.0,2387
2026-02-12 11:10:00,11690.0,11695.0,11671.0,11678.0,1360
2026-02-12 11:15:00,11678.0,11696.0,11672.0,11675.0,1079
2026-02-12 11:20:00,11673.0,11675.0,11658.0,11669.0,1983
2026-02-12 11:25:00,11670.0,11681.0,11670.0,11673.0,735
2026-02-12 11:30:00,11672.0,11674.0,11650.0,11658.0,3559
2026-02-12 11:35:00,11658.0,11664.0,11652.0,11664.0,1203
2026-02-12 11:40:00,11664.0,11683.0,11660.0,11676.0,973
2026-02-12 11:45:00,11676.0,11685.0,11672.0,11676.0,1540
2026-02-12 11:50:00,11674.0,11675.0,11656.0,11660.0,1679
2026-02-12 11:55:00,11663.0,11672.0,11655.0,11672.0,1340
2026-02-12 12:00:00,11672.0,11694.0,11661.0,11691.0,5275
2026-02-12 12:05:00,11691.0,11720.0,11684.0,11718.0,10223
2026-02-12 12:10:00,11718.0,11739.0,11695.0,11702.0,8203
2026-02-12 12:15:00,11702.0,11727.0,11700.0,11725.0,2106
2026-02-12 12:20:00,11723.0,11730.0,11713.0,11717.0,4196
2026-02-12 12:25:00,11718.0,11725.0,11700.0,11713.0,2967
2026-02-12 12:30:00,11716.0,11719.0,11712.0,11716.0,1204
2026-02-12 12:35:00,11716.0,11716.0,11695.0,11699.0,1201
2026-02-12 12:40:00,11695.0,11710.0,11685.0,11702.0,1903
2026-02-12 12:45:00,11709.0,11709.0,11691.0,11697.0,1077
2026-02-12 12:50:00,11694.0,11705.0,11693.0,11702.0,1135
2026-02-12 12:55:00,11702.0,11708.0,11700.0,11702.0,1030
2026-02-12 13:00:00,11701.0,11707.0,11680.0,11681.0,1752
2026-02-12 13:05:00,11691.0,11702.0,11670.0,11675.0,3755
2026-02-12 13:10:00,11677.0,11677.0,11651.0,11667.0,3651
2026-02-12 13:15:00,11664.0,11685.0,11650.0,11667.0,2376
2026-02-12 13:20:00,11665.0,11671.0,11662.0,11670.0,913
2026-02-12 13:25:00,11666.0,11670.0,11656.0,11656.0,2525
2026-02-12 13:30:00,11660.0,11673.0,11656.0,11669.0,1863
2026-02-12 13:35:00,11669.0,11680.0,11655.0,11673.0,2260
2026-02-12 13:40:00,11671.0,11675.0,11665.0,11669.0,1001
2026-02-12 13:45:00,11666.0,11671.0,11628.0,11631.0,7173
2026-02-12 13:50:00,11631.0,11640.0,11610.0,11626.0,4773
2026-02-12 13:55:00,11623.0,11630.0,11590.0,11623.0,7599
2026-02-12 14:00:00,11622.0,11630.0,11615.0,11625.0,2377
2026-02-12 14:05:00,11621.0,11639.0,11621.0,11630.0,2322
2026-02-12 14:10:00,11633.0,11655.0,11630.0,11655.0,2299
2026-02-12 14:15:00,11649.0,11655.0,11631.0,11632.0,1670
2026-02-12 14:20:00,11632.0,11643.0,11632.0,11637.0,583
2026-02-12 14:25:00,11635.0,11640.0,11625.0,11628.0,911
2026-02-12 14:30:00,11626.0,11631.0,11620.0,11627.0,1256
2026-02-12 14:35:00,11625.0,11627.0,11600.0,11610.0,5973
2026-02-12 14:40:00,11606.0,11633.0,11601.0,11616.0,2621
2026-02-12 14:45:00,11620.0,11620.0,11592.0,11607.0,4723
2026-02-12 14:50:00,11608.0,11620.0,11595.0,11610.0,2571
2026-02-12 14:55:00,11616.0,11635.0,11610.0,11626.0,6410
2026-02-12 15:00:00,11634.0,11657.0,11616.0,11630.0,7430
2026-02-12 15:05:00,11632.0,11639.0,11612.0,11627.0,5713
2026-02-12 15:10:00,11631.0,11639.0,11610.0,11638.0,6141
2026-02-12 15:15:00,11636.0,11653.0,11617.0,11618.0,9332
2026-02-12 15:20:00,11625.0,11628.0,11605.0,11606.0,7955
2026-02-12 15:25:00,11611.0,11624.0,11595.0,11600.0,6918
2026-02-13 09:15:00,11500.0,11548.0,11430.0,11456.0,19301
2026-02-13 09:20:00,11459.0,11464.0,11415.0,11436.0,8631
2026-02-13 09:25:00,11436.0,11437.0,11357.0,11377.0,14811
2026-02-13 09:30:00,11375.0,11386.0,11350.0,11359.0,8599
2026-02-13 09:35:00,11359.0,11372.0,11332.0,11349.0,8763
2026-02-13 09:40:00,11349.0,11446.0,11340.0,11431.0,15725
2026-02-13 09:45:00,11431.0,11453.0,11422.0,11427.0,7836
2026-02-13 09:50:00,11425.0,11474.0,11416.0,11460.0,7347
2026-02-13 09:55:00,11460.0,11475.0,11438.0,11438.0,5669
2026-02-13 10:00:00,11436.0,11450.0,11426.0,11444.0,7780
2026-02-13 10:05:00,11444.0,11444.0,11380.0,11396.0,5762
2026-02-13 10:10:00,11399.0,11408.0,11366.0,11378.0,4704
2026-02-13 10:15:00,11377.0,11380.0,11351.0,11355.0,5859
2026-02-13 10:20:00,11359.0,11400.0,11350.0,11397.0,7159
2026-02-13 10:25:00,11400.0,11414.0,11390.0,11390.0,7444
2026-02-13 10:30:00,11395.0,11427.0,11385.0,11423.0,8892
2026-02-13 10:35:00,11420.0,11425.0,11414.0,11423.0,2656
2026-02-13 10:40:00,11421.0,11423.0,11403.0,11405.0,1794
2026-02-13 10:45:00,11405.0,11417.0,11387.0,11393.0,4622
2026-02-13 10:50:00,11397.0,11415.0,11386.0,11400.0,2270
2026-02-13 10:55:00,11402.0,11409.0,11355.0,11372.0,4089
2026-02-13 11:00:00,11372.0,11372.0,11327.0,11329.0,12378
2026-02-13 11:05:00,11325.0,11339.0,11320.0,11331.0,6298
2026-02-13 11:10:00,11330.0,11355.0,11325.0,11350.0,5111
2026-02-13 11:15:00,11350.0,11358.0,11322.0,11339.0,3100
2026-02-13 11:20:00,11336.0,11338.0,11315.0,11328.0,2627
2026-02-13 11:25:00,11324.0,11350.0,11324.0,11344.0,1301
2026-02-13 11:30:00,11344.0,11345.0,11272.0,11275.0,12782
2026-02-13 11:35:00,11280.0,11280.0,11250.0,11270.0,18915
2026-02-13 11:40:00,11270.0,11319.0,11265.0,11310.0,5358
2026-02-13 11:45:00,11310.0,11314.0,11298.0,11310.0,4390
2026-02-13 11:50:00,11310.0,11339.0,11304.0,11327.0,4623
2026-02-13 11:55:00,11327.0,11388.0,11325.0,11375.0,15210
2026-02-13 12:00:00,11373.0,11398.0,11370.0,11375.0,6095
2026-02-13 12:05:00,11376.0,11421.0,11375.0,11403.0,9425
2026-02-13 12:10:00,11407.0,11418.0,11400.0,11415.0,4746
2026-02-13 12:15:00,11418.0,11426.0,11400.0,11422.0,4791
2026-02-13 12:20:00,11420.0,11425.0,11416.0,11422.0,2086
2026-02-13 12:25:00,11418.0,11425.0,11404.0,11407.0,2798
2026-02-13 12:30:00,11402.0,11412.0,11400.0,11411.0,1839
2026-02-13 12:35:00,11411.0,11419.0,11405.0,11418.0,1340
2026-02-13 12:40:00,11417.0,11420.0,11402.0,11409.0,1137
2026-02-13 12:45:00,11405.0,11415.0,11376.0,11385.0,12932
2026-02-13 12:50:00,11386.0,11405.0,11375.0,11392.0,2066
2026-02-13 12:55:00,11393.0,11400.0,11382.0,11386.0,4452
2026-02-13 13:00:00,11386.0,11395.0,11376.0,11388.0,1689
2026-02-13 13:05:00,11390.0,11419.0,11386.0,11418.0,4235
2026-02-13 13:10:00,11418.0,11419.0,11400.0,11415.0,6107
2026-02-13 13:15:00,11415.0,11419.0,11412.0,11417.0,1152
2026-02-13 13:20:00,11417.0,11417.0,11393.0,11404.0,3619
2026-02-13 13:25:00,11404.0,11419.0,11400.0,11416.0,1705
2026-02-13 13:30:00,11409.0,11416.0,11406.0,11416.0,591
2026-02-13 13:35:00,11412.0,11418.0,11407.0,11417.0,1267
2026-02-13 13:40:00,11412.0,11440.0,11412.0,11439.0,5776
2026-02-13 13:45:00,11432.0,11461.0,11421.0,11440.0,15910
2026-02-13 13:50:00,11440.0,11449.0,11425.0,11431.0,6851
2026-02-13 13:55:00,11431.0,11473.0,11430.0,11470.0,4622
2026-02-13 14:00:00,11467.0,11477.0,11450.0,11462.0,3925
2026-02-13 14:05:00,11462.0,11468.0,11450.0,11454.0,4162
2026-02-13 14:10:00,11458.0,11472.0,11450.0,11465.0,2746
2026-02-13 14:15:00,11465.0,11468.0,11451.0,11454.0,1198
2026-02-13 14:20:00,11454.0,11458.0,11440.0,11451.0,7196
2026-02-13 14:25:00,11454.0,11467.0,11454.0,11463.0,1744
2026-02-13 14:30:00,11467.0,11477.0,11450.0,11452.0,3111
2026-02-13 14:35:00,11452.0,11475.0,11450.0,11470.0,4592
2026-02-13 14:40:00,11469.0,11469.0,11451.0,11453.0,919
2026-02-13 14:45:00,11453.0,11467.0,11400.0,11408.0,7672
2026-02-13 14:50:00,11407.0,11439.0,11407.0,11425.0,3426
2026-02-13 14:55:00,11425.0,11455.0,11414.0,11451.0,3849
2026-02-13 15:00:00,11455.0,11455.0,11424.0,11425.0,4760
2026-02-13 15:05:00,11430.0,11435.0,11394.0,11400.0,6879
2026-02-13 15:10:00,11400.0,11417.0,11397.0,11404.0,6233
2026-02-13 15:15:00,11404.0,11429.0,11398.0,11428.0,8687
2026-02-13 15:20:00,11427.0,11441.0,11407.0,11417.0,7952
2026-02-13 15:25:00,11418.0,11430.0,11390.0,11398.0,6551
2026-02-16 09:15:00,11540.0,11688.0,11363.0,11688.0,45274
2026-02-16 09:20:00,11687.0,11720.0,11659.0,11714.0,31546
2026-02-16 09:25:00,11714.0,11760.0,11700.0,11721.0,26651
2026-02-16 09:30:00,11720.0,11769.0,11715.0,11755.0,21725
2026-02-16 09:35:00,11747.0,11760.0,11702.0,11711.0,13307
2026-02-16 09:40:00,11711.0,11725.0,11700.0,11701.0,8744
2026-02-16 09:45:00,11700.0,11720.0,11646.0,11660.0,18940
2026-02-16 09:50:00,11665.0,11671.0,11605.0,11669.0,15757
2026-02-16 09:55:00,11670.0,11696.0,11660.0,11686.0,5371
2026-02-16 10:00:00,11685.0,11725.0,11679.0,11695.0,6219
2026-02-16 10:05:00,11689.0,11720.0,11684.0,11700.0,6308
2026-02-16 10:10:00,11700.0,11776.0,11696.0,11750.0,21064
2026-02-16 10:15:00,11750.0,11788.0,11742.0,11752.0,16555
2026-02-16 10:20:00,11757.0,11765.0,11740.0,11755.0,6352
2026-02-16 10:25:00,11755.0,11770.0,11733.0,11760.0,8847
2026-02-16 10:30:00,11758.0,11764.0,11742.0,11748.0,6038
2026-02-16 10:35:00,11745.0,11748.0,11713.0,11727.0,5059
2026-02-16 10:40:00,11726.0,11748.0,11712.0,11737.0,3646
2026-02-16 10:45:00,11726.0,11765.0,11722.0,11752.0,8660
2026-02-16 10:50:00,11752.0,11760.0,11735.0,11739.0,3054
2026-02-16 10:55:00,11734.0,11755.0,11720.0,11746.0,4315
2026-02-16 11:00:00,11744.0,11759.0,11733.0,11757.0,2641
2026-02-16 11:05:00,11755.0,11760.0,11741.0,11756.0,3233
2026-02-16 11:10:00,11759.0,11764.0,11751.0,11755.0,3422
2026-02-16 11:15:00,11755.0,11772.0,11751.0,11762.0,6850
2026-02-16 11:20:00,11764.0,11788.0,11761.0,11774.0,15837
2026-02-16 11:25:00,11774.0,11780.0,11746.0,11753.0,4508
2026-02-16 11:30:00,11754.0,11755.0,11731.0,11735.0,3538
2026-02-16 11:35:00,11731.0,11765.0,11730.0,11762.0,3391
2026-02-16 11:40:00,11761.0,11770.0,11750.0,11767.0,3458
2026-02-16 11:45:00,11761.0,11777.0,11761.0,11775.0,3783
2026-02-16 11:50:00,11775.0,11788.0,11760.0,11777.0,13174
2026-02-16 11:55:00,11771.0,11800.0,11771.0,11798.0,12491
2026-02-16 12:00:00,11798.0,11830.0,11770.0,11798.0,22265
2026-02-16 12:05:00,11798.0,11800.0,11778.0,11792.0,4365
2026-02-16 12:10:00,11792.0,11798.0,11774.0,11780.0,4090
2026-02-16 12:15:00,11780.0,11795.0,11771.0,11788.0,2894
2026-02-16 12:20:00,11785.0,11790.0,11771.0,11780.0,3130
2026-02-16 12:25:00,11780.0,11784.0,11765.0,11777.0,4077
2026-02-16 12:30:00,11780.0,11800.0,11773.0,11799.0,4481
2026-02-16 12:35:00,11798.0,11810.0,11793.0,11806.0,5199
2026-02-16 12:40:00,11806.0,11820.0,11795.0,11816.0,6688
2026-02-16 12:45:00,11816.0,11839.0,11760.0,11760.0,18599
2026-02-16 12:50:00,11759.0,11760.0,11729.0,11748.0,10070
2026-02-16 12:55:00,11753.0,11765.0,11730.0,11734.0,5905
2026-02-16 13:00:00,11738.0,11759.0,11734.0,11751.0,2803
2026-02-16 13:05:00,11751.0,11754.0,11741.0,11742.0,2074
2026-02-16 13:10:00,11742.0,11755.0,11739.0,11743.0,1738
2026-02-16 13:15:00,11743.0,11750.0,11735.0,11735.0,2058
2026-02-16 13:20:00,11737.0,11745.0,11717.0,11722.0,6568
2026-02-16 13:25:00,11716.0,11739.0,11715.0,11735.0,2278
2026-02-16 13:30:00,11732.0,11733.0,11691.0,11701.0,7204
2026-02-16 13:35:00,11697.0,11724.0,11697.0,11721.0,2165
2026-02-16 13:40:00,11718.0,11725.0,11714.0,11714.0,2105
2026-02-16 13:45:00,11711.0,11721.0,11705.0,11705.0,2511
2026-02-16 13:50:00,11709.0,11723.0,11702.0,11711.0,1676
2026-02-16 13:55:00,11708.0,11712.0,11675.0,11689.0,5835
2026-02-16 14:00:00,11685.0,11718.0,11685.0,11713.0,6286
2026-02-16 14:05:00,11713.0,11725.0,11690.0,11694.0,4629
2026-02-16 14:10:00,11694.0,11738.0,11694.0,11738.0,4085
2026-02-16 14:15:00,11736.0,11738.0,11725.0,11733.0,2237
2026-02-16 14:20:00,11733.0,11757.0,11733.0,11745.0,5073
2026-02-16 14:25:00,11746.0,11750.0,11735.0,11740.0,2067
2026-02-16 14:30:00,11743.0,11760.0,11740.0,11759.0,1973
2026-02-16 14:35:00,11756.0,11760.0,11746.0,11753.0,6396
2026-02-16 14:40:00,11753.0,11759.0,11744.0,11753.0,2153
2026-02-16 14:45:00,11752.0,11756.0,11740.0,11744.0,2019
2026-02-16 14:50:00,11744.0,11752.0,11727.0,11745.0,3555
2026-02-16 14:55:00,11742.0,11754.0,11733.0,11750.0,5086
2026-02-16 15:00:00,11748.0,11765.0,11740.0,11742.0,6718
2026-02-16 15:05:00,11745.0,11745.0,11731.0,11738.0,4030
2026-02-16 15:10:00,11738.0,11759.0,11737.0,11755.0,8569
2026-02-16 15:15:00,11754.0,11768.0,11745.0,11758.0,13521
2026-02-16 15:20:00,11753.0,11763.0,11728.0,11760.0,19390
2026-02-16 15:25:00,11756.0,11765.0,11750.0,11765.0,8233
2026-02-17 09:15:00,11750.0,11754.0,11610.0,11731.0,21912
2026-02-17 09:20:00,11727.0,11750.0,11704.0,11717.0,8614
2026-02-17 09:25:00,11717.0,11717.0,11677.0,11691.0,7134
2026-02-17 09:30:00,11686.0,11715.0,11668.0,11715.0,7278
2026-02-17 09:35:00,11715.0,11729.0,11695.0,11725.0,4419
2026-02-17 09:40:00,11725.0,11727.0,11704.0,11724.0,3165
2026-02-17 09:45:00,11724.0,11740.0,11708.0,11723.0,4878
2026-02-17 09:50:00,11718.0,11735.0,11712.0,11713.0,2331
2026-02-17 09:55:00,11715.0,11721.0,11708.0,11718.0,2075
2026-02-17 10:00:00,11718.0,11718.0,11686.0,11699.0,3770
2026-02-17 10:05:00,11699.0,11745.0,11691.0,11736.0,5006
2026-02-17 10:10:00,11739.0,11785.0,11730.0,11782.0,11044
2026-02-17 10:15:00,11782.0,11818.0,11776.0,11802.0,12958
2026-02-17 10:20:00,11803.0,11805.0,11785.0,11793.0,5552
2026-02-17 10:25:00,11789.0,11798.0,11783.0,11792.0,3934
2026-02-17 10:30:00,11792.0,11797.0,11773.0,11773.0,4162
2026-02-17 10:35:00,11778.0,11785.0,11770.0,11780.0,3191
2026-02-17 10:40:00,11780.0,11780.0,11755.0,11756.0,2904
2026-02-17 10:45:00,11759.0,11760.0,11733.0,11737.0,4799
2026-02-17 10:50:00,11737.0,11745.0,11730.0,11742.0,2972
2026-02-17 10:55:00,11742.0,11756.0,11739.0,11746.0,2684
2026-02-17 11:00:00,11745.0,11764.0,11705.0,11713.0,6463
2026-02-17 11:05:00,11714.0,11729.0,11710.0,11710.0,2720
2026-02-17 11:10:00,11714.0,11715.0,11685.0,11714.0,6582
2026-02-17 11:15:00,11719.0,11744.0,11710.0,11741.0,2423
2026-02-17 11:20:00,11744.0,11744.0,11730.0,11739.0,1802
2026-02-17 11:25:00,11739.0,11739.0,11726.0,11730.0,922
2026-02-17 11:30:00,11736.0,11742.0,11727.0,11735.0,1199
2026-02-17 11:35:00,11734.0,11747.0,11730.0,11740.0,2420
2026-02-17 11:40:00,11740.0,11741.0,11726.0,11730.0,1348
2026-02-17 11:45:00,11731.0,11746.0,11731.0,11746.0,1073
2026-02-17 11:50:00,11746.0,11746.0,11737.0,11745.0,1083
2026-02-17 11:55:00,11745.0,11746.0,11725.0,11732.0,1358
2026-02-17 12:00:00,11732.0,11732.0,11681.0,11681.0,8311
2026-02-17 12:05:00,11681.0,11698.0,11681.0,11687.0,3636
2026-02-17 12:10:00,11685.0,11695.0,11676.0,11686.0,2682
2026-02-17 12:15:00,11692.0,11700.0,11686.0,11697.0,1355
2026-02-17 12:20:00,11697.0,11700.0,11692.0,11698.0,2885
2026-02-17 12:25:00,11698.0,11700.0,11691.0,11694.0,933
2026-02-17 12:30:00,11691.0,11700.0,11681.0,11693.0,2578
2026-02-17 12:35:00,11693.0,11693.0,11681.0,11689.0,909
2026-02-17 12:40:00,11685.0,11698.0,11685.0,11693.0,947
2026-02-17 12:45:00,11692.0,11700.0,11670.0,11686.0,8243
2026-02-17 12:50:00,11686.0,11699.0,11678.0,11695.0,1294
2026-02-17 12:55:00,11695.0,11695.0,11680.0,11684.0,1508
2026-02-17 13:00:00,11684.0,11685.0,11675.0,11675.0,676
2026-02-17 13:05:00,11675.0,11712.0,11675.0,11702.0,2624
2026-02-17 13:10:00,11708.0,11712.0,11690.0,11700.0,784
2026-02-17 13:15:00,11700.0,11708.0,11690.0,11697.0,1400
2026-02-17 13:20:00,11697.0,11712.0,11697.0,11710.0,1238
2026-02-17 13:25:00,11710.0,11711.0,11697.0,11708.0,850
2026-02-17 13:30:00,11708.0,11723.0,11706.0,11716.0,1329
2026-02-17 13:35:00,11719.0,11722.0,11706.0,11716.0,2094
2026-02-17 13:40:00,11716.0,11734.0,11715.0,11733.0,2722
2026-02-17 13:45:00,11733.0,11734.0,11721.0,11726.0,2218
2026-02-17 13:50:00,11726.0,11730.0,11710.0,11723.0,3894
2026-02-17 13:55:00,11723.0,11730.0,11720.0,11720.0,1508
2026-02-17 14:00:00,11716.0,11725.0,11691.0,11703.0,3048
2026-02-17 14:05:00,11700.0,11715.0,11700.0,11701.0,1170
2026-02-17 14:10:00,11701.0,11702.0,11653.0,11655.0,4954
2026-02-17 14:15:00,11654.0,11674.0,11640.0,11654.0,6097
2026-02-17 14:20:00,11657.0,11665.0,11642.0,11644.0,3193
2026-02-17 14:25:00,11646.0,11655.0,11640.0,11640.0,2794
2026-02-17 14:30:00,11640.0,11641.0,11613.0,11630.0,8430
2026-02-17 14:35:00,11630.0,11653.0,11626.0,11648.0,2528
2026-02-17 14:40:00,11646.0,11650.0,11605.0,11606.0,5550
2026-02-17 14:45:00,11607.0,11621.0,11607.0,11618.0,2741
2026-02-17 14:50:00,11615.0,11632.0,11615.0,11632.0,2794
2026-02-17 14:55:00,11631.0,11645.0,11611.0,11637.0,3307
2026-02-17 15:00:00,11641.0,11654.0,11628.0,11629.0,3569
2026-02-17 15:05:00,11629.0,11648.0,11628.0,11643.0,2786
2026-02-17 15:10:00,11645.0,11646.0,11632.0,11644.0,4182
2026-02-17 15:15:00,11641.0,11645.0,11623.0,11625.0,6735
2026-02-17 15:20:00,11629.0,11643.0,11629.0,11630.0,4801
2026-02-17 15:25:00,11630.0,11665.0,11625.0,11640.0,5783
2026-02-18 09:15:00,11700.0,11700.0,11586.0,11645.0,24955
2026-02-18 09:20:00,11645.0,11665.0,11620.0,11630.0,9099
2026-02-18 09:25:00,11635.0,11658.0,11604.0,11614.0,10885
2026-02-18 09:30:00,11614.0,11623.0,11531.0,11555.0,25871
2026-02-18 09:35:00,11558.0,11575.0,11555.0,11561.0,6651
2026-02-18 09:40:00,11555.0,11562.0,11531.0,11538.0,7824
2026-02-18 09:45:00,11534.0,11541.0,11432.0,11440.0,27959
2026-02-18 09:50:00,11440.0,11445.0,11333.0,11386.0,36380
2026-02-18 09:55:00,11386.0,11395.0,11360.0,11367.0,11285
2026-02-18 10:00:00,11366.0,11375.0,11340.0,11366.0,13478
2026-02-18 10:05:00,11366.0,11395.0,11354.0,11363.0,9208
2026-02-18 10:10:00,11362.0,11377.0,11290.0,11314.0,22573
2026-02-18 10:15:00,11315.0,11315.0,11278.0,11315.0,15292
2026-02-18 10:20:00,11315.0,11335.0,11293.0,11322.0,13482
2026-02-18 10:25:00,11317.0,11321.0,11270.0,11310.0,11803
2026-02-18 10:30:00,11310.0,11317.0,11288.0,11300.0,6127
2026-02-18 10:35:00,11304.0,11325.0,11301.0,11303.0,7153
2026-02-18 10:40:00,11302.0,11312.0,11278.0,11278.0,7033
2026-02-18 10:45:00,11279.0,11330.0,11260.0,11326.0,14083
2026-02-18 10:50:00,11327.0,11350.0,11314.0,11340.0,7534
2026-02-18 10:55:00,11342.0,11380.0,11338.0,11360.0,8403
2026-02-18 11:00:00,11362.0,11365.0,11340.0,11350.0,5419
2026-02-18 11:05:00,11346.0,11364.0,11326.0,11356.0,2872
2026-02-18 11:10:00,11351.0,11369.0,11346.0,11346.0,4696
2026-02-18 11:15:00,11346.0,11355.0,11330.0,11333.0,3369
2026-02-18 11:20:00,11333.0,11364.0,11327.0,11344.0,4216
2026-02-18 11:25:00,11347.0,11360.0,11335.0,11360.0,2426
2026-02-18 11:30:00,11361.0,11395.0,11358.0,11393.0,4718
2026-02-18 11:35:00,11394.0,11395.0,11379.0,11388.0,5473
2026-02-18 11:40:00,11389.0,11392.0,11375.0,11388.0,2759
2026-02-18 11:45:00,11388.0,11389.0,11380.0,11382.0,1898
2026-02-18 11:50:00,11384.0,11438.0,11375.0,11427.0,16136
2026-02-18 11:55:00,11430.0,11430.0,11411.0,11423.0,4991
2026-02-18 12:00:00,11423.0,11437.0,11422.0,11434.0,4891
2026-02-18 12:05:00,11431.0,11434.0,11425.0,11432.0,2205
2026-02-18 12:10:00,11432.0,11458.0,11432.0,11447.0,6213
2026-02-18 12:15:00,11449.0,11483.0,11447.0,11458.0,9503
2026-02-18 12:20:00,11458.0,11473.0,11455.0,11468.0,3522
2026-02-18 12:25:00,11468.0,11478.0,11453.0,11471.0,4209
2026-02-18 12:30:00,11469.0,11481.0,11468.0,11480.0,4143
2026-02-18 12:35:00,11480.0,11485.0,11466.0,11478.0,4677
2026-02-18 12:40:00,11479.0,11498.0,11453.0,11455.0,6989
2026-02-18 12:45:00,11459.0,11459.0,11436.0,11455.0,4421
2026-02-18 12:50:00,11455.0,11470.0,11453.0,11465.0,1800
2026-02-18 12:55:00,11459.0,11478.0,11459.0,11472.0,1638
2026-02-18 13:00:00,11472.0,11480.0,11470.0,11480.0,2088
2026-02-18 13:05:00,11480.0,11483.0,11470.0,11471.0,1436
2026-02-18 13:10:00,11471.0,11473.0,11461.0,11468.0,2454
2026-02-18 13:15:00,11470.0,11480.0,11465.0,11472.0,2179
2026-02-18 13:20:00,11472.0,11495.0,11472.0,11484.0,3448
2026-02-18 13:25:00,11484.0,11486.0,11462.0,11467.0,2090
2026-02-18 13:30:00,11471.0,11487.0,11464.0,11484.0,1855
2026-02-18 13:35:00,11484.0,11488.0,11473.0,11473.0,2205
2026-02-18 13:40:00,11482.0,11485.0,11473.0,11480.0,2379
2026-02-18 13:45:00,11480.0,11493.0,11480.0,11487.0,2300
2026-02-18 13:50:00,11486.0,11510.0,11470.0,11472.0,8243
2026-02-18 13:55:00,11472.0,11489.0,11470.0,11482.0,2983
2026-02-18 14:00:00,11482.0,11486.0,11425.0,11453.0,9366
2026-02-18 14:05:00,11458.0,11479.0,11452.0,11473.0,2494
2026-02-18 14:10:00,11475.0,11499.0,11473.0,11490.0,3629
2026-02-18 14:15:00,11495.0,11500.0,11480.0,11484.0,3411
2026-02-18 14:20:00,11484.0,11499.0,11484.0,11490.0,2952
2026-02-18 14:25:00,11495.0,11495.0,11473.0,11483.0,2591
2026-02-18 14:30:00,11481.0,11488.0,11474.0,11480.0,1981
2026-02-18 14:35:00,11480.0,11492.0,11471.0,11471.0,2088
2026-02-18 14:40:00,11475.0,11484.0,11468.0,11479.0,2422
2026-02-18 14:45:00,11480.0,11495.0,11473.0,11492.0,3589
2026-02-18 14:50:00,11492.0,11523.0,11491.0,11514.0,7611
2026-02-18 14:55:00,11514.0,11545.0,11509.0,11539.0,7482
2026-02-18 15:00:00,11540.0,11566.0,11526.0,11541.0,9378
2026-02-18 15:05:00,11536.0,11544.0,11526.0,11542.0,5113
2026-02-18 15:10:00,11544.0,11544.0,11513.0,11525.0,7850
2026-02-18 15:15:00,11525.0,11525.0,11490.0,11500.0,10371
2026-02-18 15:20:00,11500.0,11515.0,11485.0,11499.0,11411
2026-02-18 15:25:00,11495.0,11518.0,11480.0,11480.0,8790
2026-02-19 09:15:00,11400.0,11464.0,11351.0,11360.0,34042
2026-02-19 09:20:00,11364.0,11424.0,11360.0,11419.0,11630
2026-02-19 09:25:00,11416.0,11418.0,11381.0,11401.0,8081
2026-02-19 09:30:00,11397.0,11400.0,11365.0,11380.0,7666
2026-02-19 09:35:00,11380.0,11381.0,11330.0,11330.0,16339
2026-02-19 09:40:00,11333.0,11342.0,11313.0,11324.0,11122
2026-02-19 09:45:00,11324.0,11339.0,11300.0,11320.0,13506
2026-02-19 09:50:00,11320.0,11320.0,11290.0,11298.0,13582
2026-02-19 09:55:00,11298.0,11335.0,11282.0,11322.0,14304
2026-02-19 10:00:00,11321.0,11327.0,11302.0,11325.0,5022
2026-02-19 10:05:00,11325.0,11326.0,11302.0,11311.0,3069
2026-02-19 10:10:00,11307.0,11315.0,11283.0,11289.0,6318
2026-02-19 10:15:00,11286.0,11309.0,11275.0,11291.0,8462
2026-02-19 10:20:00,11291.0,11300.0,11278.0,11288.0,4787
2026-02-19 10:25:00,11288.0,11288.0,11250.0,11264.0,14895
2026-02-19 10:30:00,11265.0,11270.0,11250.0,11256.0,5835
2026-02-19 10:35:00,11256.0,11263.0,11214.0,11214.0,17305
2026-02-19 10:40:00,11220.0,11235.0,11208.0,11214.0,10531
2026-02-19 10:45:00,11214.0,11215.0,11160.0,11185.0,20207
2026-02-19 10:50:00,11184.0,11205.0,11176.0,11197.0,9689
2026-02-19 10:55:00,11194.0,11205.0,11175.0,11205.0,6250
2026-02-19 11:00:00,11205.0,11223.0,11190.0,11219.0,6222
2026-02-19 11:05:00,11216.0,11223.0,11200.0,11205.0,3508
2026-02-19 11:10:00,11206.0,11206.0,11173.0,11184.0,6527
2026-02-19 11:15:00,11178.0,11183.0,11150.0,11162.0,12925
2026-02-19 11:20:00,11159.0,11187.0,11150.0,11160.0,8443
2026-02-19 11:25:00,11160.0,11197.0,11158.0,11185.0,3485
2026-02-19 11:30:00,11188.0,11195.0,11181.0,11189.0,4651
2026-02-19 11:35:00,11189.0,11194.0,11175.0,11189.0,2396
2026-02-19 11:40:00,11188.0,11212.0,11181.0,11211.0,3602
2026-02-19 11:45:00,11203.0,11211.0,11181.0,11189.0,3652
2026-02-19 11:50:00,11189.0,11196.0,11172.0,11175.0,4071
2026-02-19 11:55:00,11174.0,11191.0,11171.0,11190.0,2779
2026-02-19 12:00:00,11189.0,11189.0,11165.0,11170.0,3140
2026-02-19 12:05:00,11170.0,11179.0,11160.0,11160.0,3353
2026-02-19 12:10:00,11165.0,11165.0,11139.0,11143.0,11276
2026-02-19 12:15:00,11140.0,11173.0,11126.0,11162.0,9589
2026-02-19 12:20:00,11164.0,11194.0,11159.0,11185.0,9698
2026-02-19 12:25:00,11185.0,11249.0,11181.0,11249.0,35102
2026-02-19 12:30:00,11244.0,11278.0,11232.0,11263.0,28616
2026-02-19 12:35:00,11266.0,11266.0,11241.0,11250.0,11795
2026-02-19 12:40:00,11250.0,11255.0,11220.0,11228.0,7529
2026-02-19 12:45:00,11228.0,11238.0,11207.0,11237.0,6718
2026-02-19 12:50:00,11238.0,11250.0,11225.0,11234.0,5404
2026-02-19 12:55:00,11231.0,11254.0,11226.0,11254.0,3753
2026-02-19 13:00:00,11254.0,11254.0,11225.0,11226.0,3493
2026-02-19 13:05:00,11226.0,11236.0,11220.0,11226.0,1977
2026-02-19 13:10:00,11226.0,11238.0,11220.0,11234.0,2351
2026-02-19 13:15:00,11236.0,11236.0,11220.0,11230.0,1185
2026-02-19 13:20:00,11230.0,11247.0,11212.0,11244.0,3517
2026-02-19 13:25:00,11244.0,11244.0,11223.0,11240.0,1609
2026-02-19 13:30:00,11234.0,11255.0,11230.0,11251.0,4070
2026-02-19 13:35:00,11248.0,11285.0,11247.0,11271.0,9672
2026-02-19 13:40:00,11271.0,11276.0,11254.0,11261.0,3470
2026-02-19 13:45:00,11264.0,11273.0,11254.0,11259.0,2135
2026-02-19 13:50:00,11254.0,11280.0,11250.0,11260.0,4108
2026-02-19 13:55:00,11259.0,11259.0,11227.0,11235.0,2638
2026-02-19 14:00:00,11235.0,11245.0,11225.0,11229.0,3261
2026-02-19 14:05:00,11225.0,11239.0,11201.0,11232.0,5062
2026-02-19 14:10:00,11233.0,11247.0,11232.0,11243.0,2025
2026-02-19 14:15:00,11247.0,11262.0,11242.0,11260.0,4649
2026-02-19 14:20:00,11260.0,11272.0,11249.0,11251.0,2780
2026-02-19 14:25:00,11250.0,11255.0,11230.0,11238.0,3056
2026-02-19 14:30:00,11239.0,11249.0,11237.0,11241.0,1020
2026-02-19 14:35:00,11244.0,11245.0,11200.0,11216.0,5480
2026-02-19 14:40:00,11221.0,11225.0,11183.0,11185.0,5811
2026-02-19 14:45:00,11185.0,11230.0,11170.0,11223.0,11761
2026-02-19 14:50:00,11226.0,11267.0,11222.0,11256.0,14143
2026-02-19 14:55:00,11257.0,11262.0,11221.0,11248.0,11592
2026-02-19 15:00:00,11253.0,11253.0,11200.0,11207.0,13429
2026-02-19 15:05:00,11210.0,11240.0,11205.0,11234.0,18446
2026-02-19 15:10:00,11234.0,11246.0,11218.0,11229.0,19479
2026-02-19 15:15:00,11229.0,11255.0,11218.0,11251.0,39109
2026-02-19 15:20:00,11255.0,11268.0,11241.0,11247.0,26912
2026-02-19 15:25:00,11250.0,11257.0,11205.0,11220.0,14328
2026-02-20 09:15:00,11150.0,11286.0,11101.0,11191.0,22991
2026-02-20 09:20:00,11190.0,11250.0,11178.0,11200.0,10807
2026-02-20 09:25:00,11199.0,11199.0,11150.0,11154.0,8592
2026-02-20 09:30:00,11152.0,11229.0,11140.0,11225.0,9987
2026-02-20 09:35:00,11224.0,11237.0,11191.0,11200.0,5444
2026-02-20 09:40:00,11196.0,11206.0,11180.0,11203.0,1760
2026-02-20 09:45:00,11207.0,11228.0,11185.0,11220.0,3519
2026-02-20 09:50:00,11218.0,11258.0,11218.0,11235.0,7988
2026-02-20 09:55:00,11235.0,11270.0,11214.0,11265.0,6452
2026-02-20 10:00:00,11265.0,11270.0,11221.0,11224.0,4419
2026-02-20 10:05:00,11224.0,11239.0,11191.0,11201.0,4314
2026-02-20 10:10:00,11205.0,11213.0,11192.0,11200.0,2864
2026-02-20 10:15:00,11207.0,11225.0,11199.0,11215.0,2681
2026-02-20 10:20:00,11217.0,11230.0,11205.0,11229.0,1730
2026-02-20 10:25:00,11227.0,11230.0,11200.0,11202.0,1482
2026-02-20 10:30:00,11206.0,11225.0,11202.0,11207.0,2236
2026-02-20 10:35:00,11212.0,11217.0,11180.0,11189.0,4149
2026-02-20 10:40:00,11187.0,11206.0,11175.0,11182.0,5670
2026-02-20 10:45:00,11182.0,11188.0,11155.0,11167.0,6773
2026-02-20 10:50:00,11167.0,11185.0,11151.0,11168.0,3907
2026-02-20 10:55:00,11164.0,11170.0,11140.0,11150.0,5232
2026-02-20 11:00:00,11152.0,11152.0,11102.0,11111.0,13939
2026-02-20 11:05:00,11111.0,11113.0,11080.0,11089.0,9491
2026-02-20 11:10:00,11089.0,11096.0,11074.0,11081.0,4950
2026-02-20 11:15:00,11080.0,11108.0,11078.0,11100.0,3242
2026-02-20 11:20:00,11100.0,11104.0,11060.0,11065.0,5495
2026-02-20 11:25:00,11066.0,11070.0,11041.0,11064.0,8579
2026-02-20 11:30:00,11060.0,11075.0,11050.0,11068.0,3929
2026-02-20 11:35:00,11068.0,11090.0,11060.0,11077.0,3170
2026-02-20 11:40:00,11077.0,11090.0,11067.0,11086.0,1743
2026-02-20 11:45:00,11086.0,11116.0,11085.0,11091.0,7357
2026-02-20 11:50:00,11090.0,11109.0,11090.0,11104.0,1613
2026-02-20 11:55:00,11101.0,11145.0,11096.0,11138.0,6287
2026-02-20 12:00:00,11140.0,11144.0,11117.0,11131.0,4307
2026-02-20 12:05:00,11131.0,11150.0,11131.0,11144.0,3209
2026-02-20 12:10:00,11144.0,11150.0,11133.0,11142.0,1500
2026-02-20 12:15:00,11142.0,11168.0,11137.0,11161.0,5074
2026-02-20 12:20:00,11161.0,11166.0,11156.0,11162.0,2489
2026-02-20 12:25:00,11162.0,11175.0,11155.0,11167.0,2682
2026-02-20 12:30:00,11170.0,11180.0,11159.0,11162.0,5321
2026-02-20 12:35:00,11162.0,11165.0,11141.0,11146.0,1903
2026-02-20 12:40:00,11146.0,11157.0,11122.0,11122.0,4801
2026-02-20 12:45:00,11122.0,11145.0,11106.0,11124.0,3257
2026-02-20 12:50:00,11125.0,11127.0,11111.0,11120.0,1977
2026-02-20 12:55:00,11120.0,11123.0,11091.0,11108.0,3350
2026-02-20 13:00:00,11114.0,11122.0,11105.0,11109.0,1365
2026-02-20 13:05:00,11111.0,11111.0,11073.0,11086.0,3147
2026-02-20 13:10:00,11090.0,11120.0,11071.0,11112.0,73186
2026-02-20 13:15:00,11106.0,11120.0,11085.0,11093.0,5590
2026-02-20 13:20:00,11101.0,11125.0,11083.0,11110.0,3018
2026-02-20 13:25:00,11114.0,11145.0,11104.0,11133.0,4851
2026-02-20 13:30:00,11134.0,11208.0,11130.0,11202.0,15060
2026-02-20 13:35:00,11202.0,11217.0,11182.0,11196.0,8118
2026-02-20 13:40:00,11199.0,11200.0,11175.0,11175.0,4203
2026-02-20 13:45:00,11180.0,11200.0,11180.0,11197.0,3855
2026-02-20 13:50:00,11196.0,11202.0,11170.0,11170.0,4446
2026-02-20 13:55:00,11170.0,11197.0,11165.0,11190.0,3987
2026-02-20 14:00:00,11190.0,11205.0,11188.0,11192.0,3911
2026-02-20 14:05:00,11187.0,11204.0,11176.0,11200.0,4526
2026-02-20 14:10:00,11192.0,11199.0,11173.0,11199.0,3936
2026-02-20 14:15:00,11193.0,11203.0,11191.0,11203.0,3115
2026-02-20 14:20:00,11199.0,11203.0,11162.0,11169.0,5683
2026-02-20 14:25:00,11168.0,11181.0,11154.0,11154.0,6775
2026-02-20 14:30:00,11155.0,11168.0,11154.0,11166.0,3141
2026-02-20 14:35:00,11167.0,11180.0,11156.0,11173.0,3427
2026-02-20 14:40:00,11174.0,11179.0,11154.0,11177.0,4234
2026-02-20 14:45:00,11177.0,11179.0,11162.0,11173.0,4381
2026-02-20 14:50:00,11173.0,11173.0,11136.0,11165.0,7777
2026-02-20 14:55:00,11160.0,11168.0,11135.0,11161.0,10411
2026-02-20 15:00:00,11160.0,11165.0,11117.0,11122.0,6907
2026-02-20 15:05:00,11126.0,11127.0,11083.0,11107.0,13748
2026-02-20 15:10:00,11106.0,11106.0,11070.0,11080.0,9931
2026-02-20 15:15:00,11072.0,11074.0,11040.0,11043.0,9695
2026-02-20 15:20:00,11040.0,11045.0,11015.0,11035.0,10346
2026-02-20 15:25:00,11035.0,11040.0,11007.0,11020.0,8364
2026-02-23 09:15:00,11100.0,11130.0,10900.0,10970.0,34872
2026-02-23 09:20:00,10974.0,10978.0,10893.0,10950.0,21337
2026-02-23 09:25:00,10950.0,10983.0,10939.0,10983.0,8825
2026-02-23 09:30:00,10985.0,10985.0,10940.0,10947.0,6716
2026-02-23 09:35:00,10952.0,10968.0,10920.0,10921.0,11274
2026-02-23 09:40:00,10923.0,10930.0,10902.0,10907.0,9217
2026-02-23 09:45:00,10905.0,10922.0,10895.0,10912.0,10256
2026-02-23 09:50:00,10912.0,10916.0,10872.0,10890.0,9418
2026-02-23 09:55:00,10886.0,10916.0,10863.0,10889.0,11087
2026-02-23 10:00:00,10890.0,10898.0,10876.0,10888.0,4948
2026-02-23 10:05:00,10888.0,10892.0,10861.0,10878.0,5873
2026-02-23 10:10:00,10878.0,10878.0,10834.0,10854.0,11488
2026-02-23 10:15:00,10854.0,10865.0,10830.0,10865.0,6732
2026-02-23 10:20:00,10870.0,10894.0,10870.0,10876.0,7513
2026-02-23 10:25:00,10877.0,10880.0,10854.0,10880.0,3387
2026-02-23 10:30:00,10879.0,10880.0,10835.0,10835.0,6522
2026-02-23 10:35:00,10835.0,10844.0,10821.0,10839.0,9278
2026-02-23 10:40:00,10839.0,10839.0,10820.0,10821.0,6528
2026-02-23 10:45:00,10824.0,10826.0,10790.0,10790.0,11870
2026-02-23 10:50:00,10791.0,10810.0,10780.0,10784.0,9995
2026-02-23 10:55:00,10786.0,10786.0,10747.0,10761.0,15234
2026-02-23 11:00:00,10761.0,10789.0,10756.0,10758.0,8025
2026-02-23 11:05:00,10758.0,10761.0,10729.0,10748.0,8501
2026-02-23 11:10:00,10746.0,10758.0,10733.0,10742.0,3779
2026-02-23 11:15:00,10747.0,10755.0,10731.0,10735.0,4055
2026-02-23 11:20:00,10735.0,10739.0,10675.0,10685.0,22767
2026-02-23 11:25:00,10685.0,10694.0,10663.0,10680.0,14453
2026-02-23 11:30:00,10680.0,10684.0,10661.0,10669.0,7062
2026-02-23 11:35:00,10667.0,10684.0,10666.0,10679.0,5687
2026-02-23 11:40:00,10679.0,10684.0,10674.0,10680.0,4951
2026-02-23 11:45:00,10679.0,10680.0,10653.0,10657.0,5200
2026-02-23 11:50:00,10658.0,10681.0,10645.0,10666.0,15038
2026-02-23 11:55:00,10666.0,10681.0,10660.0,10672.0,3508
2026-02-23 12:00:00,10672.0,10716.0,10672.0,10710.0,10023
2026-02-23 12:05:00,10710.0,10712.0,10693.0,10695.0,4429
2026-02-23 12:10:00,10693.0,10699.0,10680.0,10696.0,4168
2026-02-23 12:15:00,10696.0,10712.0,10692.0,10699.0,3064
2026-02-23 12:20:00,10699.0,10749.0,10694.0,10723.0,7831
2026-02-23 12:25:00,10726.0,10760.0,10723.0,10746.0,8366
2026-02-23 12:30:00,10751.0,10751.0,10725.0,10744.0,5676
2026-02-23 12:35:00,10744.0,10767.0,10737.0,10760.0,5773
2026-02-23 12:40:00,10765.0,10767.0,10751.0,10762.0,5048
2026-02-23 12:45:00,10762.0,10767.0,10734.0,10742.0,5883
2026-02-23 12:50:00,10735.0,10749.0,10702.0,10725.0,6995
2026-02-23 12:55:00,10721.0,10728.0,10705.0,10710.0,2727
2026-02-23 13:00:00,10713.0,10715.0,10692.0,10710.0,5464
2026-02-23 13:05:00,10705.0,10724.0,10692.0,10707.0,3029
2026-02-23 13:10:00,10713.0,10721.0,10701.0,10709.0,2514
2026-02-23 13:15:00,10709.0,10719.0,10702.0,10707.0,3271
2026-02-23 13:20:00,10713.0,10717.0,10692.0,10700.0,4417
2026-02-23 13:25:00,10701.0,10732.0,10700.0,10722.0,7315
2026-02-23 13:30:00,10718.0,10740.0,10701.0,10701.0,4219
2026-02-23 13:35:00,10706.0,10723.0,10700.0,10715.0,2088
2026-02-23 13:40:00,10715.0,10730.0,10706.0,10721.0,2934
2026-02-23 13:45:00,10717.0,10728.0,10707.0,10718.0,2189
2026-02-23 13:50:00,10718.0,10740.0,10712.0,10719.0,3495
2026-02-23 13:55:00,10723.0,10731.0,10707.0,10714.0,3934
2026-02-23 14:00:00,10715.0,10718.0,10680.0,10693.0,6308
2026-02-23 14:05:00,10691.0,10699.0,10685.0,10685.0,3107
2026-02-23 14:10:00,10691.0,10691.0,10670.0,10676.0,4953
2026-02-23 14:15:00,10676.0,10685.0,10661.0,10684.0,4451
2026-02-23 14:20:00,10677.0,10683.0,10660.0,10667.0,4545
2026-02-23 14:25:00,10667.0,10670.0,10649.0,10666.0,9065
2026-02-23 14:30:00,10669.0,10702.0,10655.0,10655.0,6334
2026-02-23 14:35:00,10651.0,10660.0,10624.0,10640.0,8407
2026-02-23 14:40:00,10640.0,10640.0,10620.0,10625.0,5550
2026-02-23 14:45:00,10623.0,10645.0,10620.0,10637.0,5492
2026-02-23 14:50:00,10634.0,10634.0,10593.0,10604.0,14181
2026-02-23 14:55:00,10601.0,10607.0,10580.0,10601.0,9788
2026-02-23 15:00:00,10603.0,10635.0,10599.0,10618.0,14946
2026-02-23 15:05:00,10616.0,10627.0,10567.0,10579.0,18499
2026-02-23 15:10:00,10576.0,10604.0,10575.0,10595.0,15285
2026-02-23 15:15:00,10596.0,10604.0,10572.0,10597.0,30946
2026-02-23 15:20:00,10590.0,10620.0,10586.0,10599.0,20685
2026-02-23 15:25:00,10609.0,10626.0,10586.0,10610.0,20142
2026-02-24 09:15:00,10560.0,10609.0,10520.0,10539.0,25955
2026-02-24 09:20:00,10539.0,10579.0,10535.0,10560.0,10940
2026-02-24 09:25:00,10561.0,10589.0,10560.0,10564.0,6009
2026-02-24 09:30:00,10569.0,10569.0,10502.0,10535.0,16276
2026-02-24 09:35:00,10530.0,10543.0,10504.0,10512.0,7703
2026-02-24 09:40:00,10512.0,10535.0,10495.0,10520.0,10158
2026-02-24 09:45:00,10520.0,10593.0,10517.0,10587.0,16592
2026-02-24 09:50:00,10588.0,10591.0,10529.0,10539.0,8395
2026-02-24 09:55:00,10536.0,10551.0,10522.0,10551.0,5129
2026-02-24 10:00:00,10551.0,10581.0,10550.0,10563.0,6094
2026-02-24 10:05:00,10563.0,10574.0,10552.0,10564.0,4381
2026-02-24 10:10:00,10565.0,10566.0,10521.0,10540.0,3791
2026-02-24 10:15:00,10534.0,10538.0,10503.0,10518.0,7316
2026-02-24 10:20:00,10517.0,10544.0,10502.0,10509.0,7073
2026-02-24 10:25:00,10509.0,10547.0,10509.0,10540.0,3849
2026-02-24 10:30:00,10542.0,10589.0,10535.0,10581.0,9799
2026-02-24 10:35:00,10584.0,10614.0,10570.0,10584.0,11405
2026-02-24 10:40:00,10582.0,10588.0,10556.0,10562.0,2010
2026-02-24 10:45:00,10562.0,10562.0,10523.0,10525.0,3882
2026-02-24 10:50:00,10523.0,10541.0,10512.0,10537.0,6078
2026-02-24 10:55:00,10536.0,10543.0,10511.0,10511.0,4765
2026-02-24 11:00:00,10511.0,10527.0,10495.0,10496.0,10101
2026-02-24 11:05:00,10496.0,10523.0,10491.0,10509.0,6582
2026-02-24 11:10:00,10509.0,10510.0,10495.0,10505.0,3117
2026-02-24 11:15:00,10505.0,10511.0,10495.0,10495.0,2947
2026-02-24 11:20:00,10495.0,10498.0,10471.0,10484.0,6668
2026-02-24 11:25:00,10485.0,10489.0,10460.0,10465.0,5419
2026-02-24 11:30:00,10465.0,10474.0,10460.0,10462.0,3167
2026-02-24 11:35:00,10465.0,10471.0,10462.0,10470.0,2858
2026-02-24 11:40:00,10473.0,10490.0,10453.0,10460.0,4934
2026-02-24 11:45:00,10460.0,10462.0,10436.0,10445.0,5837
2026-02-24 11:50:00,10445.0,10450.0,10441.0,10450.0,6300
2026-02-24 11:55:00,10450.0,10450.0,10420.0,10424.0,5665
2026-02-24 12:00:00,10420.0,10425.0,10401.0,10402.0,6150
2026-02-24 12:05:00,10402.0,10415.0,10400.0,10400.0,4456
2026-02-24 12:10:00,10400.0,10430.0,10390.0,10429.0,10339
2026-02-24 12:15:00,10426.0,10426.0,10401.0,10416.0,5213
2026-02-24 12:20:00,10411.0,10419.0,10407.0,10419.0,2594
2026-02-24 12:25:00,10419.0,10419.0,10400.0,10407.0,5787
2026-02-24 12:30:00,10410.0,10418.0,10405.0,10408.0,2675
2026-02-24 12:35:00,10408.0,10414.0,10402.0,10407.0,2043
2026-02-24 12:40:00,10404.0,10409.0,10395.0,10395.0,2273
2026-02-24 12:45:00,10395.0,10406.0,10392.0,10400.0,2993
2026-02-24 12:50:00,10403.0,10403.0,10382.0,10390.0,4301
2026-02-24 12:55:00,10390.0,10399.0,10385.0,10393.0,2634
2026-02-24 13:00:00,10392.0,10410.0,10375.0,10400.0,3242
2026-02-24 13:05:00,10400.0,10424.0,10400.0,10420.0,5098
2026-02-24 13:10:00,10420.0,10456.0,10415.0,10449.0,7303
2026-02-24 13:15:00,10448.0,10448.0,10423.0,10428.0,4579
2026-02-24 13:20:00,10428.0,10441.0,10411.0,10418.0,4431
2026-02-24 13:25:00,10413.0,10428.0,10412.0,10415.0,2182
2026-02-24 13:30:00,10415.0,10421.0,10404.0,10408.0,2172
2026-02-24 13:35:00,10408.0,10421.0,10392.0,10415.0,4009
2026-02-24 13:40:00,10412.0,10419.0,10405.0,10405.0,1869
2026-02-24 13:45:00,10405.0,10416.0,10399.0,10401.0,3099
2026-02-24 13:50:00,10400.0,10404.0,10371.0,10374.0,11535
2026-02-24 13:55:00,10380.0,10400.0,10378.0,10399.0,4924
2026-02-24 14:00:00,10400.0,10405.0,10385.0,10390.0,13622
2026-02-24 14:05:00,10390.0,10400.0,10380.0,10400.0,1709
2026-02-24 14:10:00,10400.0,10407.0,10390.0,10395.0,16611
2026-02-24 14:15:00,10395.0,10407.0,10394.0,10400.0,9138
2026-02-24 14:20:00,10400.0,10403.0,10373.0,10378.0,4247
2026-02-24 14:25:00,10387.0,10390.0,10373.0,10382.0,3406
2026-02-24 14:30:00,10383.0,10388.0,10372.0,10377.0,3540
2026-02-24 14:35:00,10373.0,10387.0,10372.0,10382.0,2068
2026-02-24 14:40:00,10387.0,10393.0,10379.0,10380.0,2534
2026-02-24 14:45:00,10379.0,10399.0,10375.0,10399.0,3309
2026-02-24 14:50:00,10406.0,10445.0,10405.0,10435.0,12247
2026-02-24 14:55:00,10436.0,10483.0,10431.0,10476.0,13004
2026-02-24 15:00:00,10472.0,10489.0,10466.0,10482.0,12682
2026-02-24 15:05:00,10482.0,10523.0,10476.0,10505.0,15541
2026-02-24 15:10:00,10509.0,10561.0,10501.0,10543.0,17811
2026-02-24 15:15:00,10542.0,10552.0,10520.0,10541.0,14429
2026-02-24 15:20:00,10540.0,10564.0,10528.0,10564.0,9347
2026-02-24 15:25:00,10564.0,10585.0,10555.0,10579.0,9092
2026-02-25 09:15:00,10550.0,10688.0,10540.0,10616.0,25346
2026-02-25 09:20:00,10615.0,10647.0,10574.0,10631.0,16657
2026-02-25 09:25:00,10630.0,10635.0,10525.0,10532.0,29420
2026-02-25 09:30:00,10534.0,10546.0,10430.0,10477.0,20710
2026-02-25 09:35:00,10480.0,10519.0,10473.0,10504.0,6915
2026-02-25 09:40:00,10505.0,10505.0,10443.0,10449.0,10672
2026-02-25 09:45:00,10455.0,10485.0,10447.0,10461.0,5054
2026-02-25 09:50:00,10461.0,10475.0,10443.0,10466.0,5073
2026-02-25 09:55:00,10466.0,10491.0,10463.0,10490.0,4691
2026-02-25 10:00:00,10487.0,10499.0,10470.0,10488.0,3311
2026-02-25 10:05:00,10487.0,10538.0,10483.0,10517.0,6517
2026-02-25 10:10:00,10517.0,10530.0,10496.0,10500.0,4463
2026-02-25 10:15:00,10486.0,10499.0,10472.0,10480.0,3199
2026-02-25 10:20:00,10480.0,10489.0,10455.0,10461.0,3096
2026-02-25 10:25:00,10459.0,10475.0,10442.0,10455.0,3725
2026-02-25 10:30:00,10458.0,10496.0,10457.0,10485.0,3664
2026-02-25 10:35:00,10485.0,10500.0,10470.0,10476.0,3290
2026-02-25 10:40:00,10476.0,10491.0,10472.0,10473.0,1402
2026-02-25 10:45:00,10473.0,10492.0,10470.0,10487.0,1891
2026-02-25 10:50:00,10486.0,10490.0,10454.0,10456.0,3995
2026-02-25 10:55:00,10457.0,10464.0,10445.0,10452.0,2906
2026-02-25 11:00:00,10452.0,10483.0,10383.0,10478.0,13991
2026-02-25 11:05:00,10478.0,10516.0,10476.0,10508.0,7201
2026-02-25 11:10:00,10505.0,10519.0,10491.0,10497.0,4099
2026-02-25 11:15:00,10498.0,10502.0,10489.0,10495.0,1725
2026-02-25 11:20:00,10495.0,10506.0,10467.0,10475.0,2880
2026-02-25 11:25:00,10475.0,10480.0,10461.0,10468.0,1986
2026-02-25 11:30:00,10468.0,10468.0,10460.0,10464.0,1709
2026-02-25 11:35:00,10464.0,10469.0,10451.0,10453.0,1666
2026-02-25 11:40:00,10452.0,10466.0,10451.0,10461.0,2483
2026-02-25 11:45:00,10461.0,10475.0,10460.0,10470.0,1669
2026-02-25 11:50:00,10469.0,10481.0,10460.0,10466.0,1433
2026-02-25 11:55:00,10463.0,10467.0,10456.0,10467.0,1297
2026-02-25 12:00:00,10464.0,10485.0,10463.0,10478.0,1192
2026-02-25 12:05:00,10478.0,10482.0,10466.0,10473.0,757
2026-02-25 12:10:00,10471.0,10475.0,10465.0,10467.0,503
2026-02-25 12:15:00,10466.0,10482.0,10465.0,10476.0,779
2026-02-25 12:20:00,10478.0,10480.0,10456.0,10456.0,1605
2026-02-25 12:25:00,10455.0,10458.0,10446.0,10450.0,2391
2026-02-25 12:30:00,10447.0,10466.0,10430.0,10430.0,2589
2026-02-25 12:35:00,10430.0,10431.0,10403.0,10420.0,6827
2026-02-25 12:40:00,10423.0,10423.0,10403.0,10411.0,2786
2026-02-25 12:45:00,10408.0,10408.0,10380.0,10386.0,6706
2026-02-25 12:50:00,10385.0,10396.0,10380.0,10386.0,4309
2026-02-25 12:55:00,10392.0,10400.0,10374.0,10375.0,4195
2026-02-25 13:00:00,10371.0,10375.0,10320.0,10348.0,12610
2026-02-25 13:05:00,10346.0,10365.0,10325.0,10360.0,4660
2026-02-25 13:10:00,10361.0,10380.0,10354.0,10360.0,3935
2026-02-25 13:15:00,10355.0,10384.0,10350.0,10383.0,2611
2026-02-25 13:20:00,10384.0,10384.0,10365.0,10366.0,1788
2026-02-25 13:25:00,10366.0,10370.0,10351.0,10360.0,1811
2026-02-25 13:30:00,10362.0,10385.0,10359.0,10374.0,1966
2026-02-25 13:35:00,10374.0,10383.0,10361.0,10365.0,1245
2026-02-25 13:40:00,10360.0,10373.0,10358.0,10367.0,922
2026-02-25 13:45:00,10368.0,10380.0,10356.0,10369.0,1381
2026-02-25 13:50:00,10369.0,10375.0,10365.0,10371.0,689
2026-02-25 13:55:00,10371.0,10378.0,10366.0,10373.0,584
2026-02-25 14:00:00,10378.0,10378.0,10345.0,10350.0,3643
2026-02-25 14:05:00,10350.0,10361.0,10330.0,10332.0,3696
2026-02-25 14:10:00,10338.0,10348.0,10329.0,10341.0,7863
2026-02-25 14:15:00,10342.0,10366.0,10335.0,10364.0,2643
2026-02-25 14:20:00,10362.0,10373.0,10342.0,10350.0,3091
2026-02-25 14:25:00,10349.0,10359.0,10335.0,10337.0,1596
2026-02-25 14:30:00,10337.0,10380.0,10337.0,10375.0,5816
2026-02-25 14:35:00,10375.0,10390.0,10365.0,10367.0,3763
2026-02-25 14:40:00,10368.0,10377.0,10360.0,10375.0,2211
2026-02-25 14:45:00,10372.0,10379.0,10355.0,10362.0,2087
2026-02-25 14:50:00,10362.0,10369.0,10341.0,10363.0,3436
2026-02-25 14:55:00,10365.0,10395.0,10365.0,10385.0,6552
2026-02-25 15:00:00,10382.0,10420.0,10382.0,10412.0,10833
2026-02-25 15:05:00,10412.0,10426.0,10395.0,10418.0,9498
2026-02-25 15:10:00,10412.0,10419.0,10395.0,10410.0,9408
2026-02-25 15:15:00,10409.0,10410.0,10359.0,10366.0,11100
2026-02-25 15:20:00,10365.0,10370.0,10360.0,10363.0,7865
2026-02-25 15:25:00,10362.0,10385.0,10350.0,10360.0,11312
2026-02-26 09:15:00,10361.0,10454.0,10361.0,10436.0,17967
2026-02-26 09:20:00,10437.0,10459.0,10355.0,10359.0,11337
2026-02-26 09:25:00,10340.0,10352.0,10205.0,10295.0,31312
2026-02-26 09:30:00,10292.0,10375.0,10285.0,10375.0,11700
2026-02-26 09:35:00,10369.0,10407.0,10368.0,10372.0,12742
2026-02-26 09:40:00,10369.0,10429.0,10356.0,10429.0,11767
2026-02-26 09:45:00,10430.0,10462.0,10414.0,10416.0,11083
2026-02-26 09:50:00,10416.0,10423.0,10390.0,10394.0,5790
2026-02-26 09:55:00,10394.0,10409.0,10375.0,10376.0,5704
2026-02-26 10:00:00,10375.0,10392.0,10361.0,10377.0,7895
2026-02-26 10:05:00,10377.0,10398.0,10369.0,10394.0,2479
2026-02-26 10:10:00,10392.0,10400.0,10388.0,10391.0,2004
2026-02-26 10:15:00,10394.0,10405.0,10378.0,10398.0,4461
2026-02-26 10:20:00,10399.0,10410.0,10388.0,10408.0,2920
2026-02-26 10:25:00,10407.0,10407.0,10371.0,10379.0,4115
2026-02-26 10:30:00,10377.0,10390.0,10365.0,10372.0,2682
2026-02-26 10:35:00,10372.0,10385.0,10366.0,10375.0,3027
2026-02-26 10:40:00,10375.0,10393.0,10373.0,10377.0,1921
2026-02-26 10:45:00,10375.0,10390.0,10373.0,10385.0,1547
2026-02-26 10:50:00,10389.0,10407.0,10373.0,10374.0,3841
2026-02-26 10:55:00,10374.0,10374.0,10336.0,10342.0,8863
2026-02-26 11:00:00,10341.0,10366.0,10315.0,10315.0,8138
2026-02-26 11:05:00,10319.0,10339.0,10314.0,10320.0,5300
2026-02-26 11:10:00,10315.0,10330.0,10312.0,10323.0,2338
2026-02-26 11:15:00,10321.0,10328.0,10312.0,10326.0,1648
2026-02-26 11:20:00,10326.0,10326.0,10315.0,10320.0,1524
2026-02-26 11:25:00,10319.0,10320.0,10292.0,10294.0,9599
2026-02-26 11:30:00,10292.0,10295.0,10263.0,10266.0,8812
2026-02-26 11:35:00,10266.0,10270.0,10242.0,10255.0,13825
2026-02-26 11:40:00,10251.0,10255.0,10215.0,10220.0,9432
2026-02-26 11:45:00,10224.0,10248.0,10211.0,10233.0,10914
2026-02-26 11:50:00,10237.0,10244.0,10225.0,10241.0,5534
2026-02-26 11:55:00,10239.0,10239.0,10203.0,10217.0,8073
2026-02-26 12:00:00,10216.0,10234.0,10215.0,10220.0,5641
2026-02-26 12:05:00,10220.0,10241.0,10211.0,10213.0,4674
2026-02-26 12:10:00,10212.0,10224.0,10200.0,10201.0,6575
2026-02-26 12:15:00,10200.0,10213.0,10192.0,10200.0,6134
2026-02-26 12:20:00,10200.0,10204.0,10165.0,10196.0,7630
2026-02-26 12:25:00,10194.0,10204.0,10184.0,10189.0,3114
2026-02-26 12:30:00,10189.0,10210.0,10181.0,10197.0,8146
2026-02-26 12:35:00,10195.0,10204.0,10192.0,10200.0,3029
2026-02-26 12:40:00,10200.0,10226.0,10200.0,10218.0,4984
2026-02-26 12:45:00,10216.0,10218.0,10195.0,10207.0,3724
2026-02-26 12:50:00,10203.0,10210.0,10195.0,10197.0,3231
2026-02-26 12:55:00,10195.0,10198.0,10188.0,10194.0,1872
2026-02-26 13:00:00,10193.0,10206.0,10192.0,10202.0,2507
2026-02-26 13:05:00,10203.0,10211.0,10182.0,10195.0,5085
2026-02-26 13:10:00,10190.0,10190.0,10170.0,10172.0,3563
2026-02-26 13:15:00,10172.0,10176.0,10123.0,10136.0,15442
2026-02-26 13:20:00,10140.0,10147.0,10100.0,10101.0,25157
2026-02-26 13:25:00,10105.0,10153.0,10101.0,10115.0,8013
2026-02-26 13:30:00,10116.0,10121.0,10093.0,10103.0,6246
2026-02-26 13:35:00,10103.0,10128.0,10101.0,10122.0,4115
2026-02-26 13:40:00,10122.0,10143.0,10121.0,10125.0,4649
2026-02-26 13:45:00,10125.0,10136.0,10115.0,10120.0,4111
2026-02-26 13:50:00,10122.0,10141.0,10117.0,10136.0,4683
2026-02-26 13:55:00,10136.0,10149.0,10131.0,10146.0,4403
2026-02-26 14:00:00,10146.0,10152.0,10125.0,10128.0,4501
2026-02-26 14:05:00,10124.0,10148.0,10115.0,10138.0,4522
2026-02-26 14:10:00,10141.0,10155.0,10126.0,10149.0,5949
2026-02-26 14:15:00,10148.0,10149.0,10131.0,10133.0,3527
2026-02-26 14:20:00,10136.0,10138.0,10122.0,10122.0,2002
2026-02-26 14:25:00,10123.0,10149.0,10122.0,10138.0,1926
2026-02-26 14:30:00,10141.0,10150.0,10131.0,10149.0,2375
2026-02-26 14:35:00,10149.0,10150.0,10127.0,10132.0,4164
2026-02-26 14:40:00,10136.0,10169.0,10126.0,10163.0,7576
2026-02-26 14:45:00,10165.0,10170.0,10135.0,10135.0,7508
2026-02-26 14:50:00,10137.0,10147.0,10120.0,10130.0,7188
2026-02-26 14:55:00,10135.0,10137.0,10121.0,10126.0,4491
2026-02-26 15:00:00,10132.0,10138.0,10115.0,10126.0,12153
2026-02-26 15:05:00,10123.0,10145.0,10120.0,10135.0,11330
2026-02-26 15:10:00,10135.0,10144.0,10108.0,10108.0,15411
2026-02-26 15:15:00,10109.0,10120.0,10101.0,10110.0,26294
2026-02-26 15:20:00,10110.0,10124.0,10104.0,10112.0,17623
2026-02-26 15:25:00,10114.0,10120.0,10081.0,10120.0,25674
2026-02-27 09:15:00,10106.0,10453.0,10085.0,10426.0,69736
2026-02-27 09:20:00,10435.0,10560.0,10420.0,10546.0,84405
2026-02-27 09:25:00,10542.0,10586.0,10384.0,10390.0,83900
2026-02-27 09:30:00,10387.0,10474.0,10346.0,10380.0,52559
2026-02-27 09:35:00,10375.0,10380.0,10231.0,10247.0,45253
2026-02-27 09:40:00,10248.0,10274.0,10208.0,10249.0,40474
2026-02-27 09:45:00,10249.0,10256.0,10190.0,10203.0,19750
2026-02-27 09:50:00,10201.0,10238.0,10194.0,10208.0,11494
2026-02-27 09:55:00,10209.0,10209.0,10162.0,10190.0,15243
2026-02-27 10:00:00,10190.0,10192.0,10150.0,10170.0,17442
2026-02-27 10:05:00,10170.0,10250.0,10160.0,10235.0,22886
2026-02-27 10:10:00,10239.0,10254.0,10216.0,10232.0,18070
2026-02-27 10:15:00,10235.0,10245.0,10185.0,10192.0,15920
2026-02-27 10:20:00,10186.0,10220.0,10171.0,10210.0,6964
2026-02-27 10:25:00,10208.0,10220.0,10191.0,10212.0,8971
2026-02-27 10:30:00,10212.0,10230.0,10205.0,10214.0,5705
2026-02-27 10:35:00,10213.0,10300.0,10210.0,10286.0,22311
2026-02-27 10:40:00,10291.0,10300.0,10275.0,10288.0,9522
2026-02-27 10:45:00,10287.0,10335.0,10276.0,10323.0,15962
2026-02-27 10:50:00,10320.0,10335.0,10320.0,10324.0,9061
2026-02-27 10:55:00,10324.0,10339.0,10280.0,10297.0,18121
2026-02-27 11:00:00,10294.0,10329.0,10289.0,10310.0,13767
2026-02-27 11:05:00,10310.0,10379.0,10290.0,10372.0,20338
2026-02-27 11:10:00,10377.0,10413.0,10366.0,10400.0,21136
2026-02-27 11:15:00,10399.0,10424.0,10392.0,10417.0,11991
2026-02-27 11:20:00,10433.0,10442.0,10399.0,10425.0,14906
2026-02-27 11:25:00,10424.0,10456.0,10391.0,10407.0,16943
2026-02-27 11:30:00,10405.0,10425.0,10359.0,10373.0,10067
2026-02-27 11:35:00,10373.0,10386.0,10349.0,10364.0,7872
2026-02-27 11:40:00,10364.0,10442.0,10363.0,10442.0,13637
2026-02-27 11:45:00,10436.0,10520.0,10435.0,10500.0,49010
2026-02-27 11:50:00,10500.0,10568.0,10500.0,10520.0,26509
2026-02-27 11:55:00,10520.0,10530.0,10501.0,10525.0,15384
2026-02-27 12:00:00,10525.0,10543.0,10522.0,10523.0,11794
2026-02-27 12:05:00,10523.0,10530.0,10502.0,10521.0,10317
2026-02-27 12:10:00,10520.0,10520.0,10463.0,10478.0,11962
2026-02-27 12:15:00,10475.0,10538.0,10475.0,10517.0,69743
2026-02-27 12:20:00,10517.0,10530.0,10505.0,10509.0,5334
2026-02-27 12:25:00,10512.0,10522.0,10482.0,10519.0,6299
2026-02-27 12:30:00,10519.0,10519.0,10482.0,10487.0,5456
2026-02-27 12:35:00,10487.0,10500.0,10469.0,10480.0,8294
2026-02-27 12:40:00,10483.0,10511.0,10480.0,10503.0,4607
2026-02-27 12:45:00,10503.0,10535.0,10503.0,10517.0,12285
2026-02-27 12:50:00,10520.0,10539.0,10519.0,10531.0,7562
2026-02-27 12:55:00,10536.0,10550.0,10525.0,10532.0,8781
2026-02-27 13:00:00,10532.0,10548.0,10530.0,10532.0,4546
2026-02-27 13:05:00,10532.0,10540.0,10531.0,10535.0,2789
2026-02-27 13:10:00,10534.0,10535.0,10520.0,10526.0,4013
2026-02-27 13:15:00,10526.0,10538.0,10522.0,10524.0,3541
2026-02-27 13:20:00,10524.0,10540.0,10522.0,10533.0,4239
2026-02-27 13:25:00,10533.0,10558.0,10523.0,10530.0,16088
2026-02-27 13:30:00,10528.0,10549.0,10527.0,10546.0,8261
2026-02-27 13:35:00,10548.0,10611.0,10546.0,10594.0,32614
2026-02-27 13:40:00,10593.0,10596.0,10579.0,10580.0,8127
2026-02-27 13:45:00,10580.0,10584.0,10563.0,10577.0,8021
2026-02-27 13:50:00,10574.0,10584.0,10565.0,10567.0,4636
2026-02-27 13:55:00,10567.0,10594.0,10567.0,10594.0,6239
2026-02-27 14:00:00,10595.0,10599.0,10585.0,10586.0,7563
2026-02-27 14:05:00,10585.0,10590.0,10580.0,10589.0,3629
2026-02-27 14:10:00,10587.0,10598.0,10570.0,10577.0,11080
2026-02-27 14:15:00,10577.0,10580.0,10567.0,10574.0,3952
2026-02-27 14:20:00,10573.0,10584.0,10568.0,10578.0,5180
2026-02-27 14:25:00,10576.0,10578.0,10550.0,10556.0,9307
2026-02-27 14:30:00,10556.0,10573.0,10550.0,10565.0,7976
2026-02-27 14:35:00,10564.0,10583.0,10562.0,10573.0,4836
2026-02-27 14:40:00,10575.0,10584.0,10570.0,10582.0,3751
2026-02-27 14:45:00,10578.0,10589.0,10570.0,10589.0,4968
2026-02-27 14:50:00,10589.0,10620.0,10582.0,10586.0,19041
2026-02-27 14:55:00,10590.0,10619.0,10582.0,10617.0,7802
2026-02-27 15:00:00,10615.0,10615.0,10500.0,10505.0,55460
2026-02-27 15:05:00,10505.0,10538.0,10490.0,10537.0,39622
2026-02-27 15:10:00,10536.0,10568.0,10506.0,10522.0,24215
2026-02-27 15:15:00,10520.0,10533.0,10515.0,10520.0,22708
2026-02-27 15:20:00,10520.0,10528.0,10505.0,10515.0,23966
2026-02-27 15:25:00,10516.0,10539.0,10505.0,10520.0,20839
2026-03-02 09:15:00,10110.0,10405.0,10110.0,10362.0,33249
2026-03-02 09:20:00,10367.0,10476.0,10367.0,10408.0,23240
2026-03-02 09:25:00,10410.0,10439.0,10379.0,10395.0,13561
2026-03-02 09:30:00,10386.0,10433.0,10379.0,10415.0,8367
2026-03-02 09:35:00,10411.0,10465.0,10398.0,10455.0,23198
2026-03-02 09:40:00,10456.0,10478.0,10444.0,10457.0,8088
2026-03-02 09:45:00,10450.0,10458.0,10427.0,10427.0,4918
2026-03-02 09:50:00,10427.0,10427.0,10388.0,10402.0,7072
2026-03-02 09:55:00,10402.0,10430.0,10395.0,10428.0,3180
2026-03-02 10:00:00,10430.0,10445.0,10409.0,10421.0,14345
2026-03-02 10:05:00,10422.0,10428.0,10351.0,10358.0,5565
2026-03-02 10:10:00,10355.0,10379.0,10335.0,10355.0,8374
2026-03-02 10:15:00,10354.0,10415.0,10354.0,10370.0,7909
2026-03-02 10:20:00,10375.0,10405.0,10361.0,10400.0,3403
2026-03-02 10:25:00,10400.0,10400.0,10360.0,10368.0,2232
2026-03-02 10:30:00,10368.0,10420.0,10367.0,10396.0,8719
2026-03-02 10:35:00,10395.0,10418.0,10373.0,10380.0,3530
2026-03-02 10:40:00,10380.0,10384.0,10350.0,10370.0,3505
2026-03-02 10:45:00,10373.0,10376.0,10285.0,10303.0,13136
2026-03-02 10:50:00,10305.0,10305.0,10266.0,10270.0,8737
2026-03-02 10:55:00,10266.0,10305.0,10260.0,10303.0,4739
2026-03-02 11:00:00,10310.0,10318.0,10290.0,10296.0,4933
2026-03-02 11:05:00,10296.0,10310.0,10288.0,10294.0,1959
2026-03-02 11:10:00,10294.0,10294.0,10276.0,10283.0,1345
2026-03-02 11:15:00,10282.0,10283.0,10270.0,10276.0,2671
2026-03-02 11:20:00,10276.0,10276.0,10236.0,10252.0,7739
2026-03-02 11:25:00,10255.0,10262.0,10236.0,10246.0,4700
2026-03-02 11:30:00,10246.0,10254.0,10218.0,10229.0,5883
2026-03-02 11:35:00,10231.0,10239.0,10223.0,10232.0,3850
2026-03-02 11:40:00,10232.0,10238.0,10213.0,10219.0,3657
2026-03-02 11:45:00,10219.0,10224.0,10206.0,10207.0,3762
2026-03-02 11:50:00,10210.0,10227.0,10205.0,10215.0,4484
2026-03-02 11:55:00,10215.0,10216.0,10185.0,10188.0,6047
2026-03-02 12:00:00,10185.0,10188.0,10153.0,10169.0,8005
2026-03-02 12:05:00,10165.0,10189.0,10157.0,10180.0,5728
2026-03-02 12:10:00,10181.0,10198.0,10173.0,10192.0,4273
2026-03-02 12:15:00,10190.0,10190.0,10169.0,10187.0,12899
2026-03-02 12:20:00,10193.0,10194.0,10181.0,10194.0,2199
2026-03-02 12:25:00,10192.0,10195.0,10180.0,10189.0,2752
2026-03-02 12:30:00,10189.0,10194.0,10181.0,10187.0,1453
2026-03-02 12:35:00,10188.0,10193.0,10157.0,10160.0,4625
2026-03-02 12:40:00,10164.0,10176.0,10150.0,10150.0,3627
2026-03-02 12:45:00,10150.0,10157.0,10126.0,10143.0,6489
2026-03-02 12:50:00,10142.0,10175.0,10133.0,10174.0,2803
2026-03-02 12:55:00,10180.0,10183.0,10136.0,10147.0,3106
2026-03-02 13:00:00,10142.0,10152.0,10138.0,10143.0,1813
2026-03-02 13:05:00,10143.0,10143.0,10130.0,10130.0,2075
2026-03-02 13:10:00,10130.0,10139.0,10125.0,10134.0,2541
2026-03-02 13:15:00,10134.0,10150.0,10128.0,10143.0,3605
2026-03-02 13:20:00,10144.0,10170.0,10133.0,10169.0,3127
2026-03-02 13:25:00,10172.0,10172.0,10130.0,10140.0,2635
2026-03-02 13:30:00,10137.0,10140.0,10125.0,10127.0,1801
2026-03-02 13:35:00,10131.0,10140.0,10125.0,10138.0,2278
2026-03-02 13:40:00,10138.0,10138.0,10120.0,10135.0,2760
2026-03-02 13:45:00,10135.0,10149.0,10103.0,10108.0,5259
2026-03-02 13:50:00,10105.0,10108.0,10080.0,10085.0,6994
2026-03-02 13:55:00,10085.0,10085.0,10052.0,10060.0,6515
2026-03-02 14:00:00,10063.0,10149.0,10050.0,10125.0,10611
2026-03-02 14:05:00,10125.0,10168.0,10123.0,10155.0,9225
2026-03-02 14:10:00,10155.0,10175.0,10144.0,10172.0,10483
2026-03-02 14:15:00,10175.0,10180.0,10155.0,10164.0,7599
2026-03-02 14:20:00,10166.0,10173.0,10143.0,10164.0,5228
2026-03-02 14:25:00,10164.0,10164.0,10121.0,10124.0,3074
2026-03-02 14:30:00,10124.0,10160.0,10105.0,10160.0,6912
2026-03-02 14:35:00,10163.0,10178.0,10161.0,10168.0,4437
2026-03-02 14:40:00,10168.0,10190.0,10161.0,10181.0,4698
2026-03-02 14:45:00,10181.0,10183.0,10153.0,10157.0,3524
2026-03-02 14:50:00,10158.0,10161.0,10144.0,10160.0,3256
2026-03-02 14:55:00,10160.0,10165.0,10125.0,10130.0,6413
2026-03-02 15:00:00,10134.0,10163.0,10127.0,10150.0,7894
2026-03-02 15:05:00,10148.0,10158.0,10125.0,10143.0,6534
2026-03-02 15:10:00,10144.0,10160.0,10131.0,10157.0,8620
2026-03-02 15:15:00,10157.0,10163.0,10132.0,10151.0,16886
2026-03-02 15:20:00,10158.0,10169.0,10144.0,10150.0,11938
2026-03-02 15:25:00,10152.0,10167.0,10150.0,10160.0,9155
2026-03-04 09:15:00,9850.0,9900.0,9790.0,9849.0,71248
2026-03-04 09:20:00,9845.0,9860.0,9770.0,9792.0,43383
2026-03-04 09:25:00,9792.0,9862.0,9788.0,9849.0,25115
2026-03-04 09:30:00,9850.0,9850.0,9795.0,9830.0,16293
2026-03-04 09:35:00,9830.0,9844.0,9810.0,9825.0,9274
2026-03-04 09:40:00,9822.0,9875.0,9821.0,9867.0,12700
2026-03-04 09:45:00,9868.0,9879.0,9835.0,9858.0,13381
2026-03-04 09:50:00,9850.0,9853.0,9799.0,9828.0,18919
2026-03-04 09:55:00,9831.0,9845.0,9812.0,9839.0,6498
2026-03-04 10:00:00,9837.0,9889.0,9820.0,9885.0,18064
2026-03-04 10:05:00,9886.0,9980.0,9885.0,9969.0,28975
2026-03-04 10:10:00,9965.0,9970.0,9920.0,9926.0,19421
2026-03-04 10:15:00,9928.0,9928.0,9870.0,9882.0,14927
2026-03-04 10:20:00,9886.0,9905.0,9876.0,9881.0,7765
2026-03-04 10:25:00,9881.0,9902.0,9872.0,9893.0,7788
2026-03-04 10:30:00,9897.0,9906.0,9880.0,9881.0,7698
2026-03-04 10:35:00,9885.0,9885.0,9856.0,9858.0,9021
2026-03-04 10:40:00,9856.0,9861.0,9845.0,9848.0,8223
2026-03-04 10:45:00,9846.0,9860.0,9845.0,9854.0,4828
2026-03-04 10:50:00,9852.0,9868.0,9848.0,9862.0,4903
2026-03-04 10:55:00,9866.0,9871.0,9852.0,9861.0,4880
2026-03-04 11:00:00,9857.0,9866.0,9850.0,9851.0,4459
2026-03-04 11:05:00,9852.0,9869.0,9845.0,9864.0,5579
2026-03-04 11:10:00,9864.0,9875.0,9853.0,9857.0,8879
2026-03-04 11:15:00,9858.0,9859.0,9845.0,9845.0,3220
2026-03-04 11:20:00,9848.0,9856.0,9825.0,9836.0,9221
2026-03-04 11:25:00,9837.0,9849.0,9828.0,9830.0,7425
2026-03-04 11:30:00,9830.0,9839.0,9826.0,9835.0,4019
2026-03-04 11:35:00,9834.0,9844.0,9832.0,9835.0,3323
2026-03-04 11:40:00,9832.0,9842.0,9825.0,9826.0,3543
2026-03-04 11:45:00,9827.0,9827.0,9800.0,9805.0,12182
2026-03-04 11:50:00,9803.0,9825.0,9800.0,9801.0,5811
2026-03-04 11:55:00,9800.0,9806.0,9792.0,9797.0,10958
2026-03-04 12:00:00,9795.0,9806.0,9791.0,9799.0,4810
2026-03-04 12:05:00,9797.0,9803.0,9786.0,9795.0,13859
2026-03-04 12:10:00,9794.0,9799.0,9780.0,9782.0,6001
2026-03-04 12:15:00,9785.0,9800.0,9785.0,9787.0,3215
2026-03-04 12:20:00,9787.0,9824.0,9783.0,9816.0,10545
2026-03-04 12:25:00,9814.0,9825.0,9805.0,9811.0,5234
2026-03-04 12:30:00,9810.0,9828.0,9807.0,9820.0,7004
2026-03-04 12:35:00,9822.0,9849.0,9820.0,9838.0,7820
2026-03-04 12:40:00,9839.0,9850.0,9821.0,9843.0,8318
2026-03-04 12:45:00,9842.0,9860.0,9838.0,9838.0,11153
2026-03-04 12:50:00,9838.0,9886.0,9835.0,9880.0,9252
2026-03-04 12:55:00,9882.0,9910.0,9865.0,9865.0,21687
2026-03-04 13:00:00,9863.0,9892.0,9863.0,9872.0,7904
2026-03-04 13:05:00,9873.0,9891.0,9865.0,9889.0,6857
2026-03-04 13:10:00,9893.0,9907.0,9885.0,9894.0,10888
2026-03-04 13:15:00,9891.0,9897.0,9880.0,9890.0,14466
2026-03-04 13:20:00,9891.0,10060.0,9880.0,10055.0,40499
2026-03-04 13:25:00,10054.0,10082.0,10012.0,10014.0,14163
2026-03-04 13:30:00,10014.0,10034.0,9998.0,10018.0,12028
2026-03-04 13:35:00,10018.0,10047.0,10000.0,10047.0,11172
2026-03-04 13:40:00,10043.0,10100.0,10033.0,10087.0,21600
2026-03-04 13:45:00,10086.0,10096.0,10062.0,10062.0,10408
2026-03-04 13:50:00,10063.0,10120.0,10049.0,10095.0,18964
2026-03-04 13:55:00,10095.0,10137.0,10085.0,10137.0,13023
2026-03-04 14:00:00,10131.0,10142.0,10109.0,10110.0,9558
2026-03-04 14:05:00,10109.0,10115.0,10096.0,10105.0,8593
2026-03-04 14:10:00,10104.0,10163.0,10104.0,10147.0,11951
2026-03-04 14:15:00,10146.0,10150.0,10124.0,10135.0,7856
2026-03-04 14:20:00,10132.0,10134.0,10104.0,10106.0,5860
2026-03-04 14:25:00,10104.0,10112.0,10075.0,10078.0,11912
2026-03-04 14:30:00,10075.0,10120.0,10068.0,10103.0,18604
2026-03-04 14:35:00,10103.0,10108.0,10090.0,10101.0,5656
2026-03-04 14:40:00,10101.0,10141.0,10098.0,10133.0,9120
2026-03-04 14:45:00,10131.0,10153.0,10110.0,10141.0,8669
2026-03-04 14:50:00,10140.0,10158.0,10127.0,10149.0,7430
2026-03-04 14:55:00,10146.0,10159.0,10136.0,10148.0,5789
2026-03-04 15:00:00,10146.0,10146.0,10106.0,10124.0,15824
2026-03-04 15:05:00,10124.0,10141.0,10113.0,10114.0,10001
2026-03-04 15:10:00,10114.0,10135.0,10095.0,10101.0,18151
2026-03-04 15:15:00,10096.0,10153.0,10096.0,10150.0,26294
2026-03-04 15:20:00,10147.0,10181.0,10126.0,10152.0,28588
2026-03-04 15:25:00,10154.0,10160.0,10126.0,10151.0,17666
2026-03-05 09:15:00,10249.0,10284.0,10195.0,10249.0,31630
2026-03-05 09:20:00,10250.0,10266.0,10214.0,10245.0,10080
2026-03-05 09:25:00,10246.0,10246.0,10164.0,10190.0,16257
2026-03-05 09:30:00,10186.0,10193.0,10112.0,10121.0,15182
2026-03-05 09:35:00,10115.0,10133.0,10072.0,10114.0,16731
2026-03-05 09:40:00,10112.0,10165.0,10104.0,10156.0,10882
2026-03-05 09:45:00,10155.0,10170.0,10151.0,10160.0,4661
2026-03-05 09:50:00,10156.0,10179.0,10155.0,10155.0,5983
2026-03-05 09:55:00,10157.0,10161.0,10121.0,10126.0,11614
2026-03-05 10:00:00,10126.0,10139.0,10100.0,10101.0,5166
2026-03-05 10:05:00,10101.0,10114.0,10084.0,10090.0,7147
2026-03-05 10:10:00,10087.0,10099.0,10062.0,10080.0,13694
2026-03-05 10:15:00,10079.0,10098.0,10070.0,10083.0,4137
2026-03-05 10:20:00,10083.0,10085.0,10060.0,10073.0,4051
2026-03-05 10:25:00,10076.0,10079.0,10042.0,10051.0,8280
2026-03-05 10:30:00,10051.0,10055.0,10025.0,10037.0,6027
2026-03-05 10:35:00,10038.0,10065.0,10037.0,10058.0,8354
2026-03-05 10:40:00,10058.0,10068.0,10041.0,10045.0,5603
2026-03-05 10:45:00,10045.0,10047.0,10027.0,10030.0,4592
2026-03-05 10:50:00,10022.0,10032.0,10009.0,10030.0,6104
2026-03-05 10:55:00,10030.0,10065.0,10026.0,10060.0,4378
2026-03-05 11:00:00,10063.0,10070.0,10048.0,10058.0,3667
2026-03-05 11:05:00,10062.0,10088.0,10058.0,10085.0,3664
2026-03-05 11:10:00,10085.0,10130.0,10079.0,10102.0,9042
2026-03-05 11:15:00,10102.0,10120.0,10102.0,10110.0,4027
2026-03-05 11:20:00,10110.0,10126.0,10100.0,10124.0,16126
2026-03-05 11:25:00,10124.0,10124.0,10100.0,10105.0,5178
2026-03-05 11:30:00,10104.0,10116.0,10097.0,10104.0,20358
2026-03-05 11:35:00,10100.0,10115.0,10100.0,10112.0,2419
2026-03-05 11:40:00,10113.0,10114.0,10103.0,10112.0,1535
2026-03-05 11:45:00,10112.0,10119.0,10100.0,10100.0,3947
2026-03-05 11:50:00,10100.0,10101.0,10070.0,10079.0,33506
2026-03-05 11:55:00,10078.0,10078.0,10054.0,10073.0,3715
2026-03-05 12:00:00,10072.0,10098.0,10065.0,10098.0,1898
2026-03-05 12:05:00,10090.0,10093.0,10073.0,10087.0,1423
2026-03-05 12:10:00,10087.0,10100.0,10080.0,10094.0,1692
2026-03-05 12:15:00,10094.0,10100.0,10090.0,10095.0,946
2026-03-05 12:20:00,10095.0,10100.0,10081.0,10092.0,1938
2026-03-05 12:25:00,10091.0,10100.0,10087.0,10087.0,1444
2026-03-05 12:30:00,10087.0,10100.0,10061.0,10065.0,2346
2026-03-05 12:35:00,10062.0,10079.0,10061.0,10078.0,2509
2026-03-05 12:40:00,10079.0,10079.0,10062.0,10065.0,1729
2026-03-05 12:45:00,10065.0,10065.0,10030.0,10050.0,5637
2026-03-05 12:50:00,10045.0,10071.0,10044.0,10069.0,3305
2026-03-05 12:55:00,10069.0,10069.0,10050.0,10056.0,1952
2026-03-05 13:00:00,10060.0,10067.0,10038.0,10046.0,2526
2026-03-05 13:05:00,10046.0,10050.0,10042.0,10050.0,1612
2026-03-05 13:10:00,10049.0,10068.0,10045.0,10058.0,1931
2026-03-05 13:15:00,10058.0,10059.0,10043.0,10050.0,1607
2026-03-05 13:20:00,10048.0,10062.0,10039.0,10054.0,2969
2026-03-05 13:25:00,10053.0,10118.0,10045.0,10115.0,11994
2026-03-05 13:30:00,10116.0,10145.0,10103.0,10112.0,18728
2026-03-05 13:35:00,10109.0,10109.0,10084.0,10095.0,3482
2026-03-05 13:40:00,10091.0,10104.0,10077.0,10080.0,3039
2026-03-05 13:45:00,10080.0,10086.0,10050.0,10050.0,5195
2026-03-05 13:50:00,10050.0,10056.0,10030.0,10036.0,5403
2026-03-05 13:55:00,10038.0,10042.0,10022.0,10037.0,6051
2026-03-05 14:00:00,10037.0,10041.0,10023.0,10035.0,4109
2026-03-05 14:05:00,10035.0,10044.0,10013.0,10013.0,3228
2026-03-05 14:10:00,10017.0,10019.0,10001.0,10011.0,5505
2026-03-05 14:15:00,10010.0,10026.0,10002.0,10002.0,3646
2026-03-05 14:20:00,10002.0,10053.0,9993.0,10042.0,9496
2026-03-05 14:25:00,10041.0,10054.0,10033.0,10051.0,4371
2026-03-05 14:30:00,10054.0,10054.0,10033.0,10039.0,3029
2026-03-05 14:35:00,10039.0,10115.0,10039.0,10109.0,10068
2026-03-05 14:40:00,10109.0,10186.0,10109.0,10176.0,26397
2026-03-05 14:45:00,10175.0,10206.0,10170.0,10204.0,17567
2026-03-05 14:50:00,10205.0,10249.0,10200.0,10238.0,15012
2026-03-05 14:55:00,10237.0,10248.0,10198.0,10228.0,14599
2026-03-05 15:00:00,10228.0,10294.0,10217.0,10240.0,22728
2026-03-05 15:05:00,10240.0,10256.0,10225.0,10226.0,7190
2026-03-05 15:10:00,10231.0,10247.0,10176.0,10192.0,16663
2026-03-05 15:15:00,10195.0,10226.0,10185.0,10197.0,9406
2026-03-05 15:20:00,10191.0,10200.0,10187.0,10196.0,7364
2026-03-05 15:25:00,10196.0,10200.0,10182.0,10192.0,5901
2026-03-06 09:15:00,10199.0,10200.0,10122.0,10165.0,14887
2026-03-06 09:20:00,10165.0,10220.0,10165.0,10214.0,11397
2026-03-06 09:25:00,10215.0,10245.0,10211.0,10245.0,7383
2026-03-06 09:30:00,10245.0,10268.0,10233.0,10243.0,11744
2026-03-06 09:35:00,10230.0,10290.0,10214.0,10277.0,11841
2026-03-06 09:40:00,10280.0,10288.0,10261.0,10261.0,5945
2026-03-06 09:45:00,10262.0,10278.0,10235.0,10240.0,4628
2026-03-06 09:50:00,10242.0,10250.0,10229.0,10243.0,2809
2026-03-06 09:55:00,10244.0,10258.0,10230.0,10240.0,2989
2026-03-06 10:00:00,10240.0,10240.0,10207.0,10214.0,7249
2026-03-06 10:05:00,10213.0,10244.0,10202.0,10244.0,3465
2026-03-06 10:10:00,10249.0,10249.0,10203.0,10209.0,4131
2026-03-06 10:15:00,10209.0,10217.0,10202.0,10203.0,5241
2026-03-06 10:20:00,10208.0,10209.0,10186.0,10203.0,3502
2026-03-06 10:25:00,10205.0,10222.0,10204.0,10211.0,2154
2026-03-06 10:30:00,10211.0,10220.0,10202.0,10212.0,1631
2026-03-06 10:35:00,10209.0,10224.0,10192.0,10213.0,4387
2026-03-06 10:40:00,10213.0,10213.0,10193.0,10205.0,1966
2026-03-06 10:45:00,10205.0,10205.0,10165.0,10165.0,5876
2026-03-06 10:50:00,10165.0,10190.0,10157.0,10175.0,4977
2026-03-06 10:55:00,10175.0,10189.0,10169.0,10176.0,2607
2026-03-06 11:00:00,10176.0,10197.0,10170.0,10189.0,2663
2026-03-06 11:05:00,10189.0,10210.0,10181.0,10188.0,3342
2026-03-06 11:10:00,10185.0,10203.0,10181.0,10192.0,1898
2026-03-06 11:15:00,10192.0,10199.0,10181.0,10189.0,1451
2026-03-06 11:20:00,10193.0,10200.0,10185.0,10185.0,2232
2026-03-06 11:25:00,10187.0,10199.0,10181.0,10199.0,1871
2026-03-06 11:30:00,10200.0,10215.0,10196.0,10215.0,2043
2026-03-06 11:35:00,10215.0,10243.0,10207.0,10232.0,3850
2026-03-06 11:40:00,10235.0,10254.0,10211.0,10215.0,4213
2026-03-06 11:45:00,10217.0,10230.0,10213.0,10226.0,1503
2026-03-06 11:50:00,10226.0,10230.0,10210.0,10216.0,1150
2026-03-06 11:55:00,10216.0,10218.0,10202.0,10208.0,1524
2026-03-06 12:00:00,10211.0,10211.0,10187.0,10195.0,2866
2026-03-06 12:05:00,10195.0,10198.0,10161.0,10175.0,4930
2026-03-06 12:10:00,10179.0,10186.0,10136.0,10140.0,6748
2026-03-06 12:15:00,10140.0,10150.0,10129.0,10141.0,5542
2026-03-06 12:20:00,10145.0,10150.0,10123.0,10141.0,5269
2026-03-06 12:25:00,10141.0,10149.0,10135.0,10143.0,3558
2026-03-06 12:30:00,10143.0,10149.0,10135.0,10142.0,1386
2026-03-06 12:35:00,10138.0,10143.0,10135.0,10137.0,1170
2026-03-06 12:40:00,10138.0,10139.0,10097.0,10130.0,127981
2026-03-06 12:45:00,10130.0,10139.0,10108.0,10128.0,3077
2026-03-06 12:50:00,10128.0,10149.0,10121.0,10147.0,1742
2026-03-06 12:55:00,10148.0,10149.0,10134.0,10137.0,1379
2026-03-06 13:00:00,10137.0,10173.0,10137.0,10154.0,3867
2026-03-06 13:05:00,10156.0,10156.0,10131.0,10132.0,1426
2026-03-06 13:10:00,10137.0,10154.0,10126.0,10154.0,2322
2026-03-06 13:15:00,10154.0,10168.0,10151.0,10160.0,1658
2026-03-06 13:20:00,10160.0,10167.0,10156.0,10160.0,1389
2026-03-06 13:25:00,10160.0,10165.0,10150.0,10152.0,2994
2026-03-06 13:30:00,10154.0,10155.0,10131.0,10134.0,1530
2026-03-06 13:35:00,10134.0,10165.0,10131.0,10148.0,2305
2026-03-06 13:40:00,10149.0,10160.0,10143.0,10152.0,1173
2026-03-06 13:45:00,10151.0,10153.0,10131.0,10148.0,1222
2026-03-06 13:50:00,10148.0,10160.0,10143.0,10143.0,887
2026-03-06 13:55:00,10143.0,10146.0,10135.0,10135.0,874
2026-03-06 14:00:00,10138.0,10162.0,10135.0,10152.0,1653
2026-03-06 14:05:00,10151.0,10154.0,10138.0,10138.0,1192
2026-03-06 14:10:00,10143.0,10154.0,10139.0,10148.0,1615
2026-03-06 14:15:00,10148.0,10180.0,10145.0,10175.0,2820
2026-03-06 14:20:00,10175.0,10184.0,10166.0,10175.0,3010
2026-03-06 14:25:00,10175.0,10181.0,10161.0,10165.0,1629
2026-03-06 14:30:00,10166.0,10168.0,10140.0,10144.0,2423
2026-03-06 14:35:00,10141.0,10147.0,10113.0,10114.0,4597
2026-03-06 14:40:00,10114.0,10124.0,10101.0,10114.0,4663
2026-03-06 14:45:00,10113.0,10113.0,10037.0,10065.0,22897
2026-03-06 14:50:00,10065.0,10088.0,10056.0,10066.0,7856
2026-03-06 14:55:00,10066.0,10072.0,10040.0,10045.0,5630
2026-03-06 15:00:00,10044.0,10055.0,10027.0,10040.0,7114
2026-03-06 15:05:00,10041.0,10044.0,10021.0,10029.0,7976
2026-03-06 15:10:00,10032.0,10056.0,10026.0,10050.0,8708
2026-03-06 15:15:00,10051.0,10051.0,10023.0,10030.0,13028
2026-03-06 15:20:00,10039.0,10040.0,9990.0,10015.0,16618
2026-03-06 15:25:00,10020.0,10035.0,10013.0,10035.0,12598
2026-03-09 09:15:00,9945.0,9945.0,9630.0,9710.0,42810
2026-03-09 09:20:00,9729.0,9758.0,9695.0,9706.0,21162
2026-03-09 09:25:00,9706.0,9732.0,9681.0,9731.0,13118
2026-03-09 09:30:00,9735.0,9802.0,9735.0,9753.0,16779
2026-03-09 09:35:00,9753.0,9773.0,9731.0,9744.0,9174
2026-03-09 09:40:00,9739.0,9755.0,9717.0,9738.0,7408
2026-03-09 09:45:00,9737.0,9797.0,9723.0,9797.0,13800
2026-03-09 09:50:00,9788.0,9810.0,9778.0,9804.0,8873
2026-03-09 09:55:00,9807.0,9837.0,9795.0,9829.0,6943
2026-03-09 10:00:00,9827.0,9849.0,9796.0,9797.0,6270
2026-03-09 10:05:00,9797.0,9860.0,9796.0,9823.0,10701
2026-03-09 10:10:00,9826.0,9839.0,9809.0,9810.0,2160
2026-03-09 10:15:00,9810.0,9814.0,9766.0,9777.0,7062
2026-03-09 10:20:00,9777.0,9806.0,9771.0,9798.0,2459
2026-03-09 10:25:00,9792.0,9816.0,9786.0,9801.0,2676
2026-03-09 10:30:00,9799.0,9804.0,9771.0,9777.0,4093
2026-03-09 10:35:00,9773.0,9808.0,9758.0,9799.0,7026
2026-03-09 10:40:00,9800.0,9829.0,9797.0,9821.0,4882
2026-03-09 10:45:00,9819.0,9825.0,9785.0,9791.0,2420
2026-03-09 10:50:00,9794.0,9857.0,9791.0,9851.0,10910
2026-03-09 10:55:00,9852.0,9878.0,9842.0,9868.0,13132
2026-03-09 11:00:00,9867.0,9868.0,9819.0,9819.0,9732
2026-03-09 11:05:00,9819.0,9827.0,9808.0,9817.0,5090
2026-03-09 11:10:00,9816.0,9837.0,9794.0,9832.0,21218
2026-03-09 11:15:00,9832.0,9839.0,9811.0,9837.0,2715
2026-03-09 11:20:00,9837.0,9840.0,9825.0,9830.0,2208
2026-03-09 11:25:00,9834.0,9874.0,9834.0,9864.0,4528
2026-03-09 11:30:00,9864.0,9865.0,9842.0,9858.0,4453
2026-03-09 11:35:00,9860.0,9860.0,9838.0,9844.0,1532
2026-03-09 11:40:00,9847.0,9864.0,9844.0,9852.0,2187
2026-03-09 11:45:00,9851.0,9851.0,9809.0,9813.0,6565
2026-03-09 11:50:00,9817.0,9825.0,9810.0,9819.0,4062
2026-03-09 11:55:00,9819.0,9827.0,9808.0,9821.0,7326
2026-03-09 12:00:00,9824.0,9835.0,9803.0,9828.0,8885
2026-03-09 12:05:00,9828.0,9828.0,9750.0,9773.0,11800
2026-03-09 12:10:00,9774.0,9788.0,9746.0,9768.0,8440
2026-03-09 12:15:00,9769.0,9802.0,9742.0,9802.0,8223
2026-03-09 12:20:00,9800.0,9821.0,9794.0,9816.0,5277
2026-03-09 12:25:00,9820.0,9836.0,9803.0,9825.0,3146
2026-03-09 12:30:00,9828.0,9830.0,9815.0,9815.0,1348
2026-03-09 12:35:00,9817.0,9835.0,9817.0,9831.0,2420
2026-03-09 12:40:00,9831.0,9855.0,9823.0,9842.0,4150
2026-03-09 12:45:00,9837.0,9846.0,9820.0,9821.0,2611
2026-03-09 12:50:00,9821.0,9831.0,9809.0,9829.0,1636
2026-03-09 12:55:00,9827.0,9845.0,9826.0,9837.0,3070
2026-03-09 13:00:00,9838.0,9838.0,9809.0,9820.0,2741
2026-03-09 13:05:00,9823.0,9824.0,9801.0,9812.0,1583
2026-03-09 13:10:00,9813.0,9814.0,9780.0,9797.0,4875
2026-03-09 13:15:00,9797.0,9797.0,9753.0,9765.0,6880
2026-03-09 13:20:00,9766.0,9789.0,9759.0,9760.0,3380
2026-03-09 13:25:00,9759.0,9784.0,9755.0,9775.0,3796
2026-03-09 13:30:00,9772.0,9790.0,9765.0,9774.0,2249
2026-03-09 13:35:00,9770.0,9784.0,9765.0,9784.0,1207
2026-03-09 13:40:00,9782.0,9789.0,9773.0,9778.0,1582
2026-03-09 13:45:00,9777.0,9777.0,9757.0,9760.0,2724
2026-03-09 13:50:00,9760.0,9769.0,9755.0,9766.0,2528
2026-03-09 13:55:00,9766.0,9779.0,9757.0,9763.0,1745
2026-03-09 14:00:00,9766.0,9775.0,9749.0,9770.0,2793
2026-03-09 14:05:00,9770.0,9784.0,9765.0,9781.0,2755
2026-03-09 14:10:00,9781.0,9787.0,9770.0,9784.0,1749
2026-03-09 14:15:00,9781.0,9785.0,9770.0,9780.0,1114
2026-03-09 14:20:00,9778.0,9798.0,9772.0,9796.0,2581
2026-03-09 14:25:00,9798.0,9809.0,9779.0,9786.0,3780
2026-03-09 14:30:00,9783.0,9787.0,9761.0,9761.0,3433
2026-03-09 14:35:00,9761.0,9775.0,9760.0,9763.0,2956
2026-03-09 14:40:00,9766.0,9780.0,9750.0,9776.0,4331
2026-03-09 14:45:00,9773.0,9818.0,9767.0,9795.0,14414
2026-03-09 14:50:00,9798.0,9804.0,9775.0,9796.0,6220
2026-03-09 14:55:00,9795.0,9810.0,9790.0,9802.0,5266
2026-03-09 15:00:00,9804.0,9819.0,9786.0,9810.0,6625
2026-03-09 15:05:00,9816.0,9833.0,9801.0,9810.0,8508
2026-03-09 15:10:00,9810.0,9822.0,9799.0,9805.0,7402
2026-03-09 15:15:00,9805.0,9811.0,9790.0,9802.0,12117
2026-03-09 15:20:00,9802.0,9812.0,9781.0,9805.0,9335
2026-03-09 15:25:00,9800.0,9810.0,9790.0,9810.0,9005
2026-03-10 09:15:00,10399.0,10530.0,10300.0,10409.0,153263
2026-03-10 09:20:00,10406.0,10485.0,10381.0,10452.0,97603
2026-03-10 09:25:00,10456.0,10468.0,10401.0,10452.0,38372
2026-03-10 09:30:00,10458.0,10465.0,10376.0,10434.0,39238
2026-03-10 09:35:00,10433.0,10441.0,10308.0,10308.0,47472
2026-03-10 09:40:00,10312.0,10319.0,10230.0,10286.0,59951
2026-03-10 09:45:00,10287.0,10287.0,10238.0,10241.0,25618
2026-03-10 09:50:00,10241.0,10263.0,10191.0,10228.0,43991
2026-03-10 09:55:00,10229.0,10240.0,10209.0,10221.0,18543
2026-03-10 10:00:00,10214.0,10240.0,10201.0,10205.0,18909
2026-03-10 10:05:00,10205.0,10277.0,10204.0,10207.0,29029
2026-03-10 10:10:00,10207.0,10210.0,10171.0,10196.0,22876
2026-03-10 10:15:00,10202.0,10292.0,10200.0,10285.0,32886
2026-03-10 10:20:00,10285.0,10292.0,10257.0,10263.0,12731
2026-03-10 10:25:00,10264.0,10267.0,10223.0,10244.0,11617
2026-03-10 10:30:00,10244.0,10289.0,10240.0,10261.0,11608
2026-03-10 10:35:00,10261.0,10290.0,10248.0,10257.0,11206
2026-03-10 10:40:00,10256.0,10270.0,10240.0,10243.0,6551
2026-03-10 10:45:00,10246.0,10277.0,10243.0,10261.0,5132
2026-03-10 10:50:00,10265.0,10285.0,10258.0,10264.0,4659
2026-03-10 10:55:00,10262.0,10270.0,10245.0,10245.0,7254
2026-03-10 11:00:00,10248.0,10319.0,10242.0,10312.0,18067
2026-03-10 11:05:00,10310.0,10408.0,10309.0,10388.0,42597
2026-03-10 11:10:00,10388.0,10390.0,10352.0,10375.0,16211
2026-03-10 11:15:00,10376.0,10398.0,10364.0,10380.0,7619
2026-03-10 11:20:00,10380.0,10408.0,10375.0,10406.0,12754
2026-03-10 11:25:00,10405.0,10408.0,10380.0,10386.0,10266
2026-03-10 11:30:00,10386.0,10399.0,10315.0,10330.0,18581
2026-03-10 11:35:00,10330.0,10368.0,10328.0,10368.0,10428
2026-03-10 11:40:00,10370.0,10384.0,10355.0,10382.0,7006
2026-03-10 11:45:00,10384.0,10399.0,10344.0,10354.0,8341
2026-03-10 11:50:00,10355.0,10374.0,10344.0,10367.0,8313
2026-03-10 11:55:00,10370.0,10380.0,10348.0,10355.0,5753
2026-03-10 12:00:00,10355.0,10360.0,10330.0,10345.0,6492
2026-03-10 12:05:00,10345.0,10348.0,10325.0,10330.0,4466
2026-03-10 12:10:00,10331.0,10348.0,10314.0,10314.0,7262
2026-03-10 12:15:00,10319.0,10340.0,10313.0,10330.0,6808
2026-03-10 12:20:00,10330.0,10371.0,10310.0,10366.0,17639
2026-03-10 12:25:00,10366.0,10385.0,10348.0,10380.0,12220
2026-03-10 12:30:00,10382.0,10390.0,10372.0,10380.0,7129
2026-03-10 12:35:00,10380.0,10400.0,10378.0,10397.0,14608
2026-03-10 12:40:00,10398.0,10440.0,10392.0,10415.0,19725
2026-03-10 12:45:00,10415.0,10432.0,10410.0,10424.0,6263
2026-03-10 12:50:00,10427.0,10430.0,10407.0,10419.0,6857
2026-03-10 12:55:00,10420.0,10428.0,10411.0,10415.0,3925
2026-03-10 13:00:00,10420.0,10420.0,10333.0,10362.0,17505
2026-03-10 13:05:00,10368.0,10372.0,10344.0,10344.0,10368
2026-03-10 13:10:00,10344.0,10390.0,10338.0,10384.0,13580
2026-03-10 13:15:00,10385.0,10399.0,10381.0,10383.0,4138
2026-03-10 13:20:00,10386.0,10389.0,10335.0,10340.0,13463
2026-03-10 13:25:00,10340.0,10358.0,10330.0,10349.0,11378
2026-03-10 13:30:00,10349.0,10378.0,10341.0,10378.0,7605
2026-03-10 13:35:00,10379.0,10404.0,10369.0,10401.0,12197
2026-03-10 13:40:00,10401.0,10418.0,10400.0,10418.0,15255
2026-03-10 13:45:00,10413.0,10429.0,10408.0,10420.0,12816
2026-03-10 13:50:00,10424.0,10424.0,10398.0,10404.0,5001
2026-03-10 13:55:00,10404.0,10409.0,10391.0,10391.0,3965
2026-03-10 14:00:00,10396.0,10396.0,10376.0,10385.0,5467
2026-03-10 14:05:00,10389.0,10393.0,10351.0,10369.0,9738
2026-03-10 14:10:00,10370.0,10380.0,10361.0,10375.0,4160
2026-03-10 14:15:00,10378.0,10384.0,10367.0,10372.0,4301
2026-03-10 14:20:00,10374.0,10384.0,10360.0,10378.0,5670
2026-03-10 14:25:00,10375.0,10384.0,10362.0,10377.0,3423
2026-03-10 14:30:00,10374.0,10420.0,10367.0,10418.0,12727
2026-03-10 14:35:00,10418.0,10500.0,10415.0,10499.0,48142
2026-03-10 14:40:00,10497.0,10632.0,10497.0,10611.0,76438
2026-03-10 14:45:00,10606.0,10693.0,10568.0,10682.0,78109
2026-03-10 14:50:00,10680.0,10784.0,10673.0,10784.0,204615
2026-03-10 14:55:00,10784.0,10784.0,10784.0,10784.0,8104
2026-03-10 15:00:00,10784.0,10784.0,10784.0,10784.0,5497
2026-03-10 15:05:00,10784.0,10942.0,10784.0,10866.0,149364
2026-03-10 15:10:00,10869.0,10930.0,10803.0,10890.0,105929
2026-03-10 15:15:00,10890.0,10991.0,10884.0,10954.0,81048
2026-03-10 15:20:00,10938.0,11034.0,10914.0,11034.0,58620
2026-03-10 15:25:00,11031.0,11078.0,11000.0,11035.0,54963
2026-03-11 09:15:00,10962.0,11050.0,10753.0,10948.0,104667
2026-03-11 09:20:00,10950.0,10970.0,10859.0,10868.0,38223
2026-03-11 09:25:00,10871.0,10963.0,10845.0,10886.0,36509
2026-03-11 09:30:00,10875.0,10892.0,10805.0,10859.0,40327
2026-03-11 09:35:00,10859.0,10859.0,10784.0,10817.0,24684
2026-03-11 09:40:00,10816.0,10856.0,10809.0,10840.0,20107
2026-03-11 09:45:00,10840.0,10885.0,10827.0,10862.0,17997
2026-03-11 09:50:00,10861.0,10875.0,10815.0,10815.0,12649
2026-03-11 09:55:00,10812.0,10846.0,10781.0,10804.0,17028
2026-03-11 10:00:00,10800.0,10838.0,10791.0,10815.0,8228
2026-03-11 10:05:00,10815.0,10815.0,10754.0,10764.0,23473
2026-03-11 10:10:00,10764.0,10778.0,10742.0,10760.0,20032
2026-03-11 10:15:00,10752.0,10771.0,10745.0,10768.0,7139
2026-03-11 10:20:00,10768.0,10768.0,10737.0,10755.0,8295
2026-03-11 10:25:00,10752.0,10760.0,10625.0,10634.0,41511
2026-03-11 10:30:00,10631.0,10711.0,10630.0,10681.0,19443
2026-03-11 10:35:00,10681.0,10685.0,10645.0,10662.0,12706
2026-03-11 10:40:00,10660.0,10667.0,10634.0,10652.0,11952
2026-03-11 10:45:00,10650.0,10657.0,10625.0,10655.0,8942
2026-03-11 10:50:00,10651.0,10672.0,10635.0,10671.0,9458
2026-03-11 10:55:00,10667.0,10723.0,10660.0,10719.0,16878
2026-03-11 11:00:00,10719.0,10748.0,10702.0,10743.0,15778
2026-03-11 11:05:00,10743.0,10764.0,10717.0,10721.0,15897
2026-03-11 11:10:00,10720.0,10721.0,10695.0,10709.0,7160
2026-03-11 11:15:00,10713.0,10717.0,10695.0,10704.0,4683
2026-03-11 11:20:00,10708.0,10724.0,10700.0,10710.0,5639
2026-03-11 11:25:00,10710.0,10743.0,10705.0,10737.0,4876
2026-03-11 11:30:00,10737.0,10738.0,10701.0,10703.0,4830
2026-03-11 11:35:00,10703.0,10730.0,10698.0,10714.0,6851
2026-03-11 11:40:00,10710.0,10725.0,10700.0,10725.0,4295
2026-03-11 11:45:00,10720.0,10725.0,10702.0,10707.0,3023
2026-03-11 11:50:00,10704.0,10726.0,10698.0,10721.0,11584
2026-03-11 11:55:00,10723.0,10735.0,10713.0,10732.0,12927
2026-03-11 12:00:00,10727.0,10774.0,10711.0,10770.0,14005
2026-03-11 12:05:00,10770.0,10773.0,10722.0,10733.0,6828
2026-03-11 12:10:00,10736.0,10785.0,10732.0,10775.0,9040
2026-03-11 12:15:00,10775.0,10810.0,10772.0,10786.0,17261
2026-03-11 12:20:00,10787.0,10822.0,10777.0,10813.0,10299
2026-03-11 12:25:00,10810.0,10881.0,10810.0,10869.0,30897
2026-03-11 12:30:00,10869.0,10949.0,10866.0,10895.0,47152
2026-03-11 12:35:00,10898.0,10910.0,10770.0,10774.0,43065
2026-03-11 12:40:00,10775.0,10817.0,10770.0,10815.0,15053
2026-03-11 12:45:00,10815.0,10822.0,10776.0,10815.0,7974
2026-03-11 12:50:00,10812.0,10821.0,10788.0,10796.0,4360
2026-03-11 12:55:00,10798.0,10804.0,10782.0,10792.0,3325
2026-03-11 13:00:00,10790.0,10814.0,10770.0,10781.0,8542
2026-03-11 13:05:00,10781.0,10794.0,10776.0,10787.0,3586
2026-03-11 13:10:00,10790.0,10790.0,10734.0,10747.0,13636
2026-03-11 13:15:00,10745.0,10748.0,10725.0,10739.0,8393
2026-03-11 13:20:00,10739.0,10764.0,10731.0,10752.0,7197
2026-03-11 13:25:00,10755.0,10756.0,10720.0,10728.0,8823
2026-03-11 13:30:00,10728.0,10751.0,10677.0,10692.0,20686
2026-03-11 13:35:00,10692.0,10692.0,10672.0,10678.0,14960
2026-03-11 13:40:00,10678.0,10692.0,10660.0,10665.0,9263
2026-03-11 13:45:00,10670.0,10670.0,10620.0,10636.0,14905
2026-03-11 13:50:00,10633.0,10670.0,10626.0,10662.0,11467
2026-03-11 13:55:00,10662.0,10670.0,10644.0,10665.0,8607
2026-03-11 14:00:00,10663.0,10668.0,10648.0,10665.0,5829
2026-03-11 14:05:00,10663.0,10668.0,10588.0,10590.0,18596
2026-03-11 14:10:00,10590.0,10598.0,10572.0,10585.0,11715
2026-03-11 14:15:00,10584.0,10625.0,10584.0,10622.0,18648
2026-03-11 14:20:00,10630.0,10644.0,10585.0,10588.0,16182
2026-03-11 14:25:00,10585.0,10656.0,10550.0,10652.0,22958
2026-03-11 14:30:00,10653.0,10658.0,10590.0,10594.0,11300
2026-03-11 14:35:00,10590.0,10620.0,10590.0,10605.0,9685
2026-03-11 14:40:00,10601.0,10604.0,10550.0,10550.0,14381
2026-03-11 14:45:00,10550.0,10590.0,10541.0,10572.0,10222
2026-03-11 14:50:00,10570.0,10579.0,10533.0,10575.0,15151
2026-03-11 14:55:00,10573.0,10588.0,10562.0,10566.0,13906
2026-03-11 15:00:00,10570.0,10630.0,10570.0,10601.0,23151
2026-03-11 15:05:00,10600.0,10614.0,10600.0,10609.0,24042
2026-03-11 15:10:00,10602.0,10634.0,10575.0,10592.0,36675
2026-03-11 15:15:00,10594.0,10629.0,10588.0,10619.0,30419
2026-03-11 15:20:00,10620.0,10648.0,10618.0,10640.0,46836
2026-03-11 15:25:00,10636.0,10644.0,10575.0,10580.0,16819
2026-03-12 09:15:00,10475.0,10494.0,10254.0,10289.0,74563
2026-03-12 09:20:00,10289.0,10356.0,10269.0,10335.0,24437
2026-03-12 09:25:00,10330.0,10380.0,10313.0,10363.0,23078
2026-03-12 09:30:00,10367.0,10367.0,10308.0,10334.0,13264
2026-03-12 09:35:00,10330.0,10375.0,10326.0,10348.0,16215
2026-03-12 09:40:00,10348.0,10395.0,10334.0,10392.0,16909
2026-03-12 09:45:00,10396.0,10420.0,10381.0,10414.0,13611
2026-03-12 09:50:00,10414.0,10414.0,10370.0,10391.0,7744
2026-03-12 09:55:00,10395.0,10430.0,10387.0,10416.0,8942
2026-03-12 10:00:00,10418.0,10419.0,10395.0,10395.0,6360
2026-03-12 10:05:00,10395.0,10398.0,10355.0,10364.0,11062
2026-03-12 10:10:00,10364.0,10377.0,10310.0,10320.0,10532
2026-03-12 10:15:00,10320.0,10359.0,10316.0,10342.0,18520
2026-03-12 10:20:00,10341.0,10357.0,10338.0,10351.0,3738
2026-03-12 10:25:00,10347.0,10396.0,10347.0,10372.0,7053
2026-03-12 10:30:00,10380.0,10381.0,10344.0,10373.0,4718
2026-03-12 10:35:00,10373.0,10460.0,10370.0,10432.0,21372
2026-03-12 10:40:00,10439.0,10458.0,10415.0,10420.0,7062
2026-03-12 10:45:00,10420.0,10437.0,10409.0,10412.0,5777
2026-03-12 10:50:00,10410.0,10692.0,10405.0,10581.0,36944
2026-03-12 10:55:00,10582.0,10611.0,10548.0,10589.0,21927
2026-03-12 11:00:00,10589.0,10689.0,10580.0,10665.0,15524
2026-03-12 11:05:00,10665.0,10710.0,10620.0,10624.0,28509
2026-03-12 11:10:00,10626.0,10700.0,10626.0,10650.0,20617
2026-03-12 11:15:00,10650.0,10686.0,10577.0,10603.0,19232
2026-03-12 11:20:00,10591.0,10603.0,10562.0,10595.0,11454
2026-03-12 11:25:00,10595.0,10612.0,10564.0,10567.0,8135
2026-03-12 11:30:00,10563.0,10576.0,10546.0,10566.0,6690
2026-03-12 11:35:00,10564.0,10661.0,10548.0,10654.0,12519
2026-03-12 11:40:00,10653.0,10666.0,10629.0,10651.0,7753
2026-03-12 11:45:00,10655.0,10675.0,10607.0,10613.0,10869
2026-03-12 11:50:00,10615.0,10653.0,10603.0,10643.0,5088
2026-03-12 11:55:00,10639.0,10664.0,10635.0,10655.0,3579
2026-03-12 12:00:00,10655.0,10675.0,10650.0,10654.0,4655
2026-03-12 12:05:00,10657.0,10658.0,10632.0,10648.0,3607
2026-03-12 12:10:00,10652.0,10685.0,10637.0,10678.0,4164
2026-03-12 12:15:00,10683.0,10689.0,10662.0,10680.0,4686
2026-03-12 12:20:00,10677.0,10690.0,10654.0,10657.0,6393
2026-03-12 12:25:00,10657.0,10682.0,10655.0,10674.0,4404
2026-03-12 12:30:00,10674.0,10719.0,10661.0,10667.0,16110
2026-03-12 12:35:00,10668.0,10668.0,10607.0,10624.0,8517
2026-03-12 12:40:00,10624.0,10634.0,10614.0,10627.0,4330
2026-03-12 12:45:00,10627.0,10718.0,10627.0,10698.0,22985
2026-03-12 12:50:00,10705.0,10725.0,10700.0,10716.0,9472
2026-03-12 12:55:00,10715.0,10764.0,10703.0,10754.0,18379
2026-03-12 13:00:00,10754.0,10775.0,10729.0,10750.0,10683
2026-03-12 13:05:00,10750.0,10767.0,10701.0,10767.0,13075
2026-03-12 13:10:00,10764.0,10768.0,10737.0,10755.0,4255
2026-03-12 13:15:00,10750.0,10765.0,10743.0,10761.0,4382
2026-03-12 13:20:00,10760.0,10780.0,10720.0,10774.0,9127
2026-03-12 13:25:00,10770.0,10795.0,10766.0,10791.0,7364
2026-03-12 13:30:00,10792.0,10810.0,10770.0,10807.0,8285
2026-03-12 13:35:00,10810.0,10823.0,10800.0,10817.0,10902
2026-03-12 13:40:00,10817.0,10825.0,10783.0,10801.0,9703
2026-03-12 13:45:00,10801.0,10806.0,10785.0,10799.0,5973
2026-03-12 13:50:00,10800.0,10805.0,10780.0,10796.0,8831
2026-03-12 13:55:00,10790.0,10795.0,10748.0,10759.0,12847
2026-03-12 14:00:00,10758.0,10790.0,10756.0,10769.0,7330
2026-03-12 14:05:00,10765.0,10795.0,10751.0,10755.0,7603
2026-03-12 14:10:00,10751.0,10770.0,10725.0,10760.0,13267
2026-03-12 14:15:00,10760.0,10760.0,10737.0,10746.0,4988
2026-03-12 14:20:00,10746.0,10764.0,10737.0,10740.0,4600
2026-03-12 14:25:00,10736.0,10752.0,10716.0,10719.0,6654
2026-03-12 14:30:00,10720.0,10747.0,10717.0,10738.0,8410
2026-03-12 14:35:00,10737.0,10740.0,10710.0,10716.0,6937
2026-03-12 14:40:00,10716.0,10719.0,10701.0,10707.0,9244
2026-03-12 14:45:00,10707.0,10727.0,10701.0,10708.0,10679
2026-03-12 14:50:00,10705.0,10751.0,10675.0,10746.0,27635
2026-03-12 14:55:00,10746.0,10808.0,10733.0,10789.0,29961
2026-03-12 15:00:00,10786.0,10800.0,10743.0,10789.0,19923
2026-03-12 15:05:00,10789.0,10845.0,10785.0,10835.0,27813
2026-03-12 15:10:00,10830.0,10849.0,10792.0,10810.0,16261
2026-03-12 15:15:00,10810.0,10819.0,10801.0,10811.0,18609
2026-03-12 15:20:00,10807.0,10811.0,10785.0,10802.0,16894
2026-03-12 15:25:00,10802.0,10810.0,10788.0,10803.0,12799
2026-03-13 09:15:00,10699.0,10833.0,10661.0,10740.0,29683
2026-03-13 09:20:00,10740.0,10750.0,10665.0,10669.0,21848
2026-03-13 09:25:00,10666.0,10725.0,10633.0,10725.0,22090
2026-03-13 09:30:00,10722.0,10755.0,10713.0,10725.0,12586
2026-03-13 09:35:00,10725.0,10731.0,10671.0,10681.0,11579
2026-03-13 09:40:00,10686.0,10694.0,10535.0,10558.0,27703
2026-03-13 09:45:00,10562.0,10619.0,10512.0,10529.0,43430
2026-03-13 09:50:00,10529.0,10569.0,10514.0,10544.0,16336
2026-03-13 09:55:00,10544.0,10577.0,10517.0,10519.0,13496
2026-03-13 10:00:00,10519.0,10557.0,10514.0,10530.0,7044
2026-03-13 10:05:00,10535.0,10535.0,10442.0,10503.0,22977
2026-03-13 10:10:00,10508.0,10515.0,10468.0,10494.0,9882
2026-03-13 10:15:00,10494.0,10512.0,10480.0,10482.0,9486
2026-03-13 10:20:00,10480.0,10508.0,10413.0,10419.0,18577
2026-03-13 10:25:00,10422.0,10464.0,10410.0,10450.0,8165
2026-03-13 10:30:00,10453.0,10459.0,10393.0,10400.0,15982
2026-03-13 10:35:00,10393.0,10490.0,10393.0,10485.0,14576
2026-03-13 10:40:00,10485.0,10498.0,10464.0,10469.0,6928
2026-03-13 10:45:00,10465.0,10498.0,10453.0,10481.0,7110
2026-03-13 10:50:00,10481.0,10544.0,10481.0,10527.0,14499
2026-03-13 10:55:00,10530.0,10570.0,10520.0,10566.0,11437
2026-03-13 11:00:00,10568.0,10570.0,10529.0,10555.0,10180
2026-03-13 11:05:00,10554.0,10556.0,10530.0,10540.0,5647
2026-03-13 11:10:00,10543.0,10553.0,10490.0,10490.0,6720
2026-03-13 11:15:00,10495.0,10496.0,10477.0,10483.0,4276
2026-03-13 11:20:00,10483.0,10500.0,10473.0,10484.0,4757
2026-03-13 11:25:00,10490.0,10542.0,10484.0,10536.0,8248
2026-03-13 11:30:00,10540.0,10540.0,10511.0,10527.0,3016
2026-03-13 11:35:00,10530.0,10532.0,10502.0,10518.0,3515
2026-03-13 11:40:00,10515.0,10521.0,10503.0,10516.0,2632
2026-03-13 11:45:00,10516.0,10534.0,10499.0,10511.0,8032
2026-03-13 11:50:00,10511.0,10527.0,10499.0,10507.0,5442
2026-03-13 11:55:00,10505.0,10511.0,10494.0,10506.0,6362
2026-03-13 12:00:00,10506.0,10510.0,10446.0,10456.0,12163
2026-03-13 12:05:00,10458.0,10459.0,10433.0,10439.0,5904
2026-03-13 12:10:00,10446.0,10455.0,10427.0,10449.0,3792
2026-03-13 12:15:00,10445.0,10449.0,10411.0,10417.0,7983
2026-03-13 12:20:00,10418.0,10418.0,10363.0,10365.0,13852
2026-03-13 12:25:00,10365.0,10387.0,10361.0,10368.0,7958
2026-03-13 12:30:00,10369.0,10393.0,10353.0,10383.0,7625
2026-03-13 12:35:00,10383.0,10397.0,10360.0,10395.0,7458
2026-03-13 12:40:00,10394.0,10418.0,10371.0,10409.0,17771
2026-03-13 12:45:00,10410.0,10470.0,10408.0,10465.0,13166
2026-03-13 12:50:00,10465.0,10476.0,10449.0,10466.0,10744
2026-03-13 12:55:00,10463.0,10469.0,10433.0,10437.0,5011
2026-03-13 13:00:00,10438.0,10502.0,10438.0,10492.0,10580
2026-03-13 13:05:00,10491.0,10510.0,10488.0,10494.0,7756
2026-03-13 13:10:00,10494.0,10510.0,10448.0,10453.0,9171
2026-03-13 13:15:00,10453.0,10472.0,10443.0,10451.0,9694
2026-03-13 13:20:00,10452.0,10470.0,10420.0,10429.0,8924
2026-03-13 13:25:00,10429.0,10500.0,10429.0,10474.0,8850
2026-03-13 13:30:00,10476.0,10482.0,10446.0,10456.0,3788
2026-03-13 13:35:00,10456.0,10467.0,10436.0,10443.0,4792
2026-03-13 13:40:00,10443.0,10472.0,10440.0,10464.0,4438
2026-03-13 13:45:00,10464.0,10467.0,10445.0,10459.0,4041
2026-03-13 13:50:00,10459.0,10473.0,10440.0,10451.0,4163
2026-03-13 13:55:00,10450.0,10452.0,10410.0,10413.0,6701
2026-03-13 14:00:00,10412.0,10443.0,10412.0,10426.0,5674
2026-03-13 14:05:00,10424.0,10443.0,10423.0,10427.0,6523
2026-03-13 14:10:00,10426.0,10444.0,10414.0,10443.0,5389
2026-03-13 14:15:00,10444.0,10466.0,10425.0,10466.0,4968
2026-03-13 14:20:00,10464.0,10489.0,10450.0,10462.0,8320
2026-03-13 14:25:00,10463.0,10471.0,10442.0,10453.0,5365
2026-03-13 14:30:00,10453.0,10495.0,10451.0,10471.0,10639
2026-03-13 14:35:00,10471.0,10495.0,10463.0,10471.0,7763
2026-03-13 14:40:00,10475.0,10485.0,10427.0,10438.0,11001
2026-03-13 14:45:00,10438.0,10448.0,10381.0,10396.0,17535
2026-03-13 14:50:00,10396.0,10413.0,10370.0,10384.0,12267
2026-03-13 14:55:00,10385.0,10413.0,10370.0,10409.0,11876
2026-03-13 15:00:00,10409.0,10425.0,10365.0,10366.0,15260
2026-03-13 15:05:00,10366.0,10366.0,10316.0,10326.0,23941
2026-03-13 15:10:00,10331.0,10370.0,10310.0,10357.0,21711
2026-03-13 15:15:00,10357.0,10362.0,10309.0,10326.0,25765
2026-03-13 15:20:00,10326.0,10337.0,10301.0,10308.0,21259
2026-03-13 15:25:00,10310.0,10329.0,10300.0,10329.0,20753
2026-03-16 09:15:00,10202.0,10380.0,10202.0,10267.0,40625
2026-03-16 09:20:00,10267.0,10315.0,10166.0,10171.0,22774
2026-03-16 09:25:00,10171.0,10171.0,10082.0,10149.0,27644
2026-03-16 09:30:00,10149.0,10247.0,10144.0,10238.0,20030
2026-03-16 09:35:00,10238.0,10341.0,10221.0,10281.0,32739
2026-03-16 09:40:00,10274.0,10325.0,10265.0,10265.0,14282
2026-03-16 09:45:00,10265.0,10307.0,10261.0,10265.0,8328
2026-03-16 09:50:00,10265.0,10297.0,10256.0,10265.0,5956
2026-03-16 09:55:00,10265.0,10278.0,10205.0,10208.0,10719
2026-03-16 10:00:00,10216.0,10248.0,10207.0,10241.0,9596
2026-03-16 10:05:00,10243.0,10261.0,10230.0,10244.0,7635
2026-03-16 10:10:00,10250.0,10250.0,10205.0,10218.0,4745
2026-03-16 10:15:00,10218.0,10218.0,10172.0,10175.0,9846
2026-03-16 10:20:00,10172.0,10172.0,10118.0,10118.0,11409
2026-03-16 10:25:00,10118.0,10132.0,10061.0,10061.0,15982
2026-03-16 10:30:00,10065.0,10130.0,10059.0,10109.0,13165
2026-03-16 10:35:00,10109.0,10147.0,10101.0,10111.0,6971
2026-03-16 10:40:00,10115.0,10136.0,10100.0,10107.0,7084
2026-03-16 10:45:00,10108.0,10125.0,10091.0,10100.0,8823
2026-03-16 10:50:00,10099.0,10110.0,10082.0,10084.0,5221
2026-03-16 10:55:00,10089.0,10150.0,10077.0,10150.0,9294
2026-03-16 11:00:00,10153.0,10167.0,10139.0,10157.0,6816
2026-03-16 11:05:00,10157.0,10220.0,10149.0,10198.0,13917
2026-03-16 11:10:00,10195.0,10216.0,10172.0,10185.0,5484
2026-03-16 11:15:00,10185.0,10271.0,10184.0,10260.0,9746
2026-03-16 11:20:00,10259.0,10259.0,10222.0,10235.0,6505
2026-03-16 11:25:00,10232.0,10236.0,10201.0,10214.0,4328
2026-03-16 11:30:00,10211.0,10250.0,10201.0,10231.0,4932
2026-03-16 11:35:00,10229.0,10240.0,10182.0,10190.0,4451
2026-03-16 11:40:00,10186.0,10194.0,10160.0,10161.0,4127
2026-03-16 11:45:00,10170.0,10181.0,10158.0,10173.0,3401
2026-03-16 11:50:00,10175.0,10184.0,10165.0,10172.0,1935
2026-03-16 11:55:00,10172.0,10199.0,10161.0,10167.0,2065
2026-03-16 12:00:00,10166.0,10205.0,10165.0,10178.0,2936
2026-03-16 12:05:00,10178.0,10180.0,10161.0,10168.0,1579
2026-03-16 12:10:00,10167.0,10174.0,10143.0,10153.0,2706
2026-03-16 12:15:00,10155.0,10157.0,10133.0,10147.0,2486
2026-03-16 12:20:00,10148.0,10174.0,10141.0,10174.0,2026
2026-03-16 12:25:00,10173.0,10174.0,10150.0,10155.0,2630
2026-03-16 12:30:00,10155.0,10159.0,10132.0,10138.0,2521
2026-03-16 12:35:00,10133.0,10148.0,10110.0,10133.0,3944
2026-03-16 12:40:00,10135.0,10142.0,10123.0,10123.0,1949
2026-03-16 12:45:00,10125.0,10133.0,10105.0,10117.0,2610
2026-03-16 12:50:00,10115.0,10139.0,10109.0,10135.0,2956
2026-03-16 12:55:00,10135.0,10138.0,10121.0,10132.0,2260
2026-03-16 13:00:00,10132.0,10155.0,10118.0,10118.0,3766
2026-03-16 13:05:00,10110.0,10127.0,10086.0,10109.0,6611
2026-03-16 13:10:00,10110.0,10133.0,10106.0,10113.0,1488
2026-03-16 13:15:00,10114.0,10142.0,10113.0,10140.0,1959
2026-03-16 13:20:00,10136.0,10144.0,10116.0,10120.0,4096
2026-03-16 13:25:00,10124.0,10130.0,10102.0,10103.0,1676
2026-03-16 13:30:00,10103.0,10126.0,10096.0,10114.0,2159
2026-03-16 13:35:00,10111.0,10147.0,10111.0,10140.0,2300
2026-03-16 13:40:00,10137.0,10148.0,10116.0,10119.0,1874
2026-03-16 13:45:00,10112.0,10130.0,10112.0,10117.0,1159
2026-03-16 13:50:00,10118.0,10129.0,10108.0,10109.0,3692
2026-03-16 13:55:00,10113.0,10115.0,10095.0,10100.0,3528
2026-03-16 14:00:00,10105.0,10106.0,10086.0,10100.0,4241
2026-03-16 14:05:00,10100.0,10113.0,10089.0,10099.0,6676
2026-03-16 14:10:00,10094.0,10142.0,10090.0,10117.0,8006
2026-03-16 14:15:00,10117.0,10162.0,10099.0,10159.0,5914
2026-03-16 14:20:00,10160.0,10207.0,10160.0,10205.0,11491
2026-03-16 14:25:00,10203.0,10230.0,10169.0,10220.0,14892
2026-03-16 14:30:00,10225.0,10253.0,10215.0,10235.0,11202
2026-03-16 14:35:00,10235.0,10314.0,10230.0,10309.0,14443
2026-03-16 14:40:00,10310.0,10352.0,10270.0,10302.0,25883
2026-03-16 14:45:00,10304.0,10307.0,10276.0,10294.0,4973
2026-03-16 14:50:00,10294.0,10335.0,10270.0,10307.0,7661
2026-03-16 14:55:00,10311.0,10313.0,10284.0,10290.0,5400
2026-03-16 15:00:00,10283.0,10285.0,10236.0,10243.0,11252
2026-03-16 15:05:00,10239.0,10287.0,10239.0,10277.0,7780
2026-03-16 15:10:00,10277.0,10299.0,10255.0,10262.0,7574
2026-03-16 15:15:00,10261.0,10286.0,10256.0,10260.0,10841
2026-03-16 15:20:00,10268.0,10287.0,10253.0,10265.0,11530
2026-03-16 15:25:00,10262.0,10264.0,10200.0,10232.0,8199
2026-03-17 09:15:00,10379.0,10379.0,10272.0,10305.0,27561
2026-03-17 09:20:00,10310.0,10324.0,10253.0,10278.0,18596
2026-03-17 09:25:00,10281.0,10290.0,10253.0,10262.0,11053
2026-03-17 09:30:00,10264.0,10285.0,10250.0,10268.0,8776
2026-03-17 09:35:00,10275.0,10448.0,10267.0,10443.0,31225
2026-03-17 09:40:00,10443.0,10459.0,10371.0,10434.0,26579
2026-03-17 09:45:00,10440.0,10445.0,10400.0,10418.0,11547
2026-03-17 09:50:00,10416.0,10436.0,10381.0,10410.0,9326
2026-03-17 09:55:00,10407.0,10412.0,10389.0,10397.0,5587
2026-03-17 10:00:00,10394.0,10424.0,10391.0,10407.0,5128
2026-03-17 10:05:00,10404.0,10408.0,10390.0,10399.0,3997
2026-03-17 10:10:00,10399.0,10403.0,10384.0,10396.0,3442
2026-03-17 10:15:00,10396.0,10411.0,10386.0,10396.0,3148
2026-03-17 10:20:00,10396.0,10405.0,10386.0,10396.0,3151
2026-03-17 10:25:00,10396.0,10396.0,10348.0,10348.0,8628
2026-03-17 10:30:00,10345.0,10359.0,10336.0,10340.0,5935
2026-03-17 10:35:00,10340.0,10345.0,10312.0,10331.0,7692
2026-03-17 10:40:00,10334.0,10348.0,10311.0,10329.0,6771
2026-03-17 10:45:00,10325.0,10355.0,10320.0,10354.0,2441
2026-03-17 10:50:00,10352.0,10372.0,10345.0,10365.0,5766
2026-03-17 10:55:00,10365.0,10380.0,10343.0,10344.0,6985
2026-03-17 11:00:00,10349.0,10349.0,10333.0,10344.0,2282
2026-03-17 11:05:00,10340.0,10350.0,10332.0,10332.0,2053
2026-03-17 11:10:00,10336.0,10336.0,10303.0,10310.0,4611
2026-03-17 11:15:00,10310.0,10320.0,10270.0,10285.0,14687
2026-03-17 11:20:00,10285.0,10288.0,10266.0,10271.0,4948
2026-03-17 11:25:00,10271.0,10271.0,10240.0,10250.0,9493
2026-03-17 11:30:00,10251.0,10260.0,10225.0,10232.0,6556
2026-03-17 11:35:00,10227.0,10265.0,10226.0,10249.0,4691
2026-03-17 11:40:00,10242.0,10260.0,10240.0,10253.0,4141
2026-03-17 11:45:00,10253.0,10300.0,10249.0,10259.0,8557
2026-03-17 11:50:00,10259.0,10278.0,10251.0,10265.0,4145
2026-03-17 11:55:00,10262.0,10274.0,10238.0,10267.0,4667
2026-03-17 12:00:00,10268.0,10274.0,10246.0,10251.0,2302
2026-03-17 12:05:00,10250.0,10263.0,10246.0,10260.0,2103
2026-03-17 12:10:00,10260.0,10265.0,10251.0,10260.0,1690
2026-03-17 12:15:00,10260.0,10261.0,10217.0,10223.0,9253
2026-03-17 12:20:00,10221.0,10240.0,10215.0,10220.0,4762
2026-03-17 12:25:00,10220.0,10232.0,10213.0,10227.0,5237
2026-03-17 12:30:00,10230.0,10233.0,10211.0,10230.0,3762
2026-03-17 12:35:00,10230.0,10243.0,10212.0,10230.0,6448
2026-03-17 12:40:00,10229.0,10244.0,10214.0,10241.0,4778
2026-03-17 12:45:00,10245.0,10252.0,10230.0,10250.0,5160
2026-03-17 12:50:00,10255.0,10257.0,10234.0,10247.0,4402
2026-03-17 12:55:00,10247.0,10258.0,10232.0,10247.0,4231
2026-03-17 13:00:00,10251.0,10273.0,10246.0,10268.0,6359
2026-03-17 13:05:00,10268.0,10269.0,10233.0,10248.0,4603
2026-03-17 13:10:00,10248.0,10262.0,10243.0,10260.0,2402
2026-03-17 13:15:00,10263.0,10289.0,10261.0,10280.0,5036
2026-03-17 13:20:00,10281.0,10290.0,10266.0,10274.0,4391
2026-03-17 13:25:00,10274.0,10274.0,10261.0,10269.0,4483
2026-03-17 13:30:00,10265.0,10300.0,10265.0,10280.0,6760
2026-03-17 13:35:00,10283.0,10284.0,10250.0,10256.0,4173
2026-03-17 13:40:00,10257.0,10278.0,10250.0,10265.0,3011
2026-03-17 13:45:00,10268.0,10287.0,10268.0,10286.0,3207
2026-03-17 13:50:00,10290.0,10293.0,10271.0,10271.0,3884
2026-03-17 13:55:00,10272.0,10280.0,10254.0,10265.0,2102
2026-03-17 14:00:00,10263.0,10294.0,10254.0,10275.0,4284
2026-03-17 14:05:00,10275.0,10279.0,10260.0,10275.0,2184
2026-03-17 14:10:00,10275.0,10297.0,10275.0,10291.0,3611
2026-03-17 14:15:00,10291.0,10300.0,10265.0,10270.0,4156
2026-03-17 14:20:00,10274.0,10282.0,10257.0,10265.0,4303
2026-03-17 14:25:00,10266.0,10287.0,10257.0,10274.0,2297
2026-03-17 14:30:00,10274.0,10294.0,10274.0,10290.0,3062
2026-03-17 14:35:00,10287.0,10335.0,10286.0,10329.0,11368
2026-03-17 14:40:00,10328.0,10348.0,10306.0,10314.0,7006
2026-03-17 14:45:00,10314.0,10319.0,10294.0,10315.0,8710
2026-03-17 14:50:00,10325.0,10333.0,10307.0,10322.0,4925
2026-03-17 14:55:00,10326.0,10347.0,10319.0,10347.0,6724
2026-03-17 15:00:00,10346.0,10346.0,10282.0,10310.0,11183
2026-03-17 15:05:00,10308.0,10311.0,10285.0,10298.0,7751
2026-03-17 15:10:00,10301.0,10307.0,10291.0,10297.0,8181
2026-03-17 15:15:00,10295.0,10299.0,10260.0,10280.0,13660
2026-03-17 15:20:00,10280.0,10290.0,10272.0,10282.0,13657
2026-03-17 15:25:00,10283.0,10295.0,10269.0,10290.0,10280
2026-03-18 09:15:00,10339.0,10466.0,10305.0,10447.0,31620
2026-03-18 09:20:00,10444.0,10453.0,10405.0,10413.0,14168
2026-03-18 09:25:00,10408.0,10490.0,10401.0,10469.0,20208
2026-03-18 09:30:00,10469.0,10517.0,10450.0,10511.0,15386
2026-03-18 09:35:00,10506.0,10510.0,10475.0,10480.0,9342
2026-03-18 09:40:00,10477.0,10486.0,10460.0,10460.0,8709
2026-03-18 09:45:00,10457.0,10466.0,10440.0,10461.0,6614
2026-03-18 09:50:00,10466.0,10485.0,10456.0,10460.0,4213
2026-03-18 09:55:00,10460.0,10477.0,10448.0,10459.0,5027
2026-03-18 10:00:00,10458.0,10475.0,10426.0,10440.0,5527
2026-03-18 10:05:00,10440.0,10509.0,10430.0,10508.0,14047
2026-03-18 10:10:00,10515.0,10525.0,10446.0,10472.0,15082
2026-03-18 10:15:00,10475.0,10505.0,10475.0,10502.0,6049
2026-03-18 10:20:00,10502.0,10534.0,10490.0,10525.0,12064
2026-03-18 10:25:00,10530.0,10538.0,10505.0,10515.0,7008
2026-03-18 10:30:00,10512.0,10530.0,10502.0,10507.0,4028
2026-03-18 10:35:00,10508.0,10524.0,10501.0,10513.0,2906
2026-03-18 10:40:00,10513.0,10514.0,10495.0,10500.0,2763
2026-03-18 10:45:00,10496.0,10545.0,10490.0,10541.0,7672
2026-03-18 10:50:00,10543.0,10595.0,10533.0,10593.0,20022
2026-03-18 10:55:00,10595.0,10734.0,10595.0,10709.0,51480
2026-03-18 11:00:00,10714.0,10714.0,10631.0,10710.0,27286
2026-03-18 11:05:00,10711.0,10717.0,10639.0,10673.0,22860
2026-03-18 11:10:00,10673.0,10712.0,10669.0,10670.0,21813
2026-03-18 11:15:00,10670.0,10702.0,10666.0,10698.0,7431
2026-03-18 11:20:00,10698.0,10710.0,10681.0,10702.0,5931
2026-03-18 11:25:00,10702.0,10730.0,10687.0,10710.0,11492
2026-03-18 11:30:00,10710.0,10715.0,10700.0,10700.0,5861
2026-03-18 11:35:00,10701.0,10713.0,10698.0,10709.0,6369
2026-03-18 11:40:00,10710.0,10730.0,10677.0,10681.0,14476
2026-03-18 11:45:00,10682.0,10740.0,10682.0,10735.0,17907
2026-03-18 11:50:00,10738.0,10762.0,10712.0,10712.0,21461
2026-03-18 11:55:00,10718.0,10718.0,10693.0,10712.0,4912
2026-03-18 12:00:00,10714.0,10719.0,10677.0,10718.0,11063
2026-03-18 12:05:00,10715.0,10726.0,10694.0,10716.0,6137
2026-03-18 12:10:00,10716.0,10731.0,10715.0,10728.0,6171
2026-03-18 12:15:00,10729.0,10740.0,10710.0,10729.0,5380
2026-03-18 12:20:00,10724.0,10734.0,10712.0,10715.0,4048
2026-03-18 12:25:00,10715.0,10719.0,10675.0,10685.0,16322
2026-03-18 12:30:00,10685.0,10711.0,10680.0,10702.0,4044
2026-03-18 12:35:00,10702.0,10709.0,10693.0,10702.0,3978
2026-03-18 12:40:00,10702.0,10710.0,10692.0,10709.0,3155
2026-03-18 12:45:00,10706.0,10720.0,10705.0,10715.0,2836
2026-03-18 12:50:00,10719.0,10730.0,10705.0,10706.0,3514
2026-03-18 12:55:00,10706.0,10723.0,10675.0,10675.0,8316
2026-03-18 13:00:00,10676.0,10703.0,10672.0,10686.0,4180
2026-03-18 13:05:00,10683.0,10693.0,10675.0,10683.0,3060
2026-03-18 13:10:00,10683.0,10689.0,10665.0,10677.0,6406
2026-03-18 13:15:00,10676.0,10715.0,10676.0,10685.0,5610
2026-03-18 13:20:00,10685.0,10710.0,10685.0,10709.0,2293
2026-03-18 13:25:00,10707.0,10722.0,10694.0,10695.0,4587
2026-03-18 13:30:00,10695.0,10714.0,10695.0,10708.0,2841
2026-03-18 13:35:00,10710.0,10730.0,10696.0,10712.0,8595
2026-03-18 13:40:00,10710.0,10715.0,10697.0,10714.0,3712
2026-03-18 13:45:00,10715.0,10719.0,10691.0,10700.0,4785
2026-03-18 13:50:00,10697.0,10711.0,10693.0,10710.0,2347
2026-03-18 13:55:00,10708.0,10721.0,10694.0,10695.0,3928
2026-03-18 14:00:00,10691.0,10710.0,10681.0,10688.0,3977
2026-03-18 14:05:00,10685.0,10693.0,10672.0,10686.0,3820
2026-03-18 14:10:00,10686.0,10694.0,10665.0,10673.0,9846
2026-03-18 14:15:00,10673.0,10690.0,10670.0,10686.0,6444
2026-03-18 14:20:00,10690.0,10699.0,10681.0,10699.0,3454
2026-03-18 14:25:00,10698.0,10700.0,10681.0,10682.0,3202
2026-03-18 14:30:00,10681.0,10685.0,10661.0,10663.0,11398
2026-03-18 14:35:00,10662.0,10680.0,10660.0,10666.0,7120
2026-03-18 14:40:00,10667.0,10681.0,10642.0,10645.0,11113
2026-03-18 14:45:00,10642.0,10680.0,10642.0,10680.0,6131
2026-03-18 14:50:00,10678.0,10689.0,10651.0,10655.0,6237
2026-03-18 14:55:00,10655.0,10710.0,10655.0,10708.0,7720
2026-03-18 15:00:00,10713.0,10714.0,10686.0,10714.0,11779
2026-03-18 15:05:00,10713.0,10737.0,10707.0,10715.0,15098
2026-03-18 15:10:00,10710.0,10734.0,10704.0,10729.0,12157
2026-03-18 15:15:00,10735.0,10737.0,10702.0,10711.0,14668
2026-03-18 15:20:00,10711.0,10711.0,10672.0,10682.0,12989
2026-03-18 15:25:00,10682.0,10696.0,10671.0,10674.0,10521
2026-03-19 09:15:00,10464.0,10585.0,10409.0,10415.0,40298
2026-03-19 09:20:00,10417.0,10448.0,10363.0,10448.0,19466
2026-03-19 09:25:00,10439.0,10439.0,10410.0,10421.0,7428
2026-03-19 09:30:00,10414.0,10433.0,10390.0,10400.0,10949
2026-03-19 09:35:00,10405.0,10419.0,10385.0,10402.0,10552
2026-03-19 09:40:00,10404.0,10425.0,10372.0,10387.0,11590
2026-03-19 09:45:00,10389.0,10400.0,10362.0,10376.0,9321
2026-03-19 09:50:00,10376.0,10383.0,10325.0,10341.0,17893
2026-03-19 09:55:00,10342.0,10352.0,10311.0,10323.0,11745
2026-03-19 10:00:00,10327.0,10330.0,10301.0,10315.0,12995
2026-03-19 10:05:00,10315.0,10317.0,10270.0,10292.0,18852
2026-03-19 10:10:00,10292.0,10315.0,10270.0,10276.0,14523
2026-03-19 10:15:00,10276.0,10282.0,10255.0,10267.0,14538
2026-03-19 10:20:00,10267.0,10312.0,10262.0,10297.0,7664
2026-03-19 10:25:00,10302.0,10318.0,10293.0,10303.0,8396
2026-03-19 10:30:00,10298.0,10312.0,10287.0,10297.0,4942
2026-03-19 10:35:00,10299.0,10328.0,10298.0,10328.0,6847
2026-03-19 10:40:00,10328.0,10340.0,10306.0,10337.0,7717
2026-03-19 10:45:00,10340.0,10340.0,10316.0,10326.0,4658
2026-03-19 10:50:00,10320.0,10346.0,10318.0,10326.0,4534
2026-03-19 10:55:00,10328.0,10334.0,10316.0,10318.0,2613
2026-03-19 11:00:00,10318.0,10320.0,10282.0,10304.0,10976
2026-03-19 11:05:00,10303.0,10315.0,10292.0,10309.0,3460
2026-03-19 11:10:00,10309.0,10332.0,10300.0,10316.0,3674
2026-03-19 11:15:00,10316.0,10320.0,10301.0,10305.0,2386
2026-03-19 11:20:00,10308.0,10328.0,10289.0,10311.0,5005
2026-03-19 11:25:00,10313.0,10320.0,10300.0,10305.0,3013
2026-03-19 11:30:00,10301.0,10315.0,10297.0,10313.0,1668
2026-03-19 11:35:00,10313.0,10320.0,10304.0,10308.0,1766
2026-03-19 11:40:00,10305.0,10313.0,10302.0,10309.0,2439
2026-03-19 11:45:00,10309.0,10324.0,10306.0,10312.0,2732
2026-03-19 11:50:00,10313.0,10323.0,10309.0,10310.0,2016
2026-03-19 11:55:00,10311.0,10312.0,10290.0,10300.0,3639
2026-03-19 12:00:00,10306.0,10306.0,10290.0,10300.0,2857
2026-03-19 12:05:00,10300.0,10320.0,10290.0,10296.0,3863
2026-03-19 12:10:00,10296.0,10318.0,10291.0,10318.0,2960
2026-03-19 12:15:00,10313.0,10333.0,10313.0,10329.0,4587
2026-03-19 12:20:00,10329.0,10330.0,10303.0,10306.0,2481
2026-03-19 12:25:00,10306.0,10349.0,10303.0,10340.0,7428
2026-03-19 12:30:00,10340.0,10357.0,10337.0,10346.0,5663
2026-03-19 12:35:00,10346.0,10351.0,10331.0,10333.0,4098
2026-03-19 12:40:00,10337.0,10340.0,10320.0,10332.0,2621
2026-03-19 12:45:00,10328.0,10350.0,10322.0,10349.0,2273
2026-03-19 12:50:00,10350.0,10350.0,10335.0,10350.0,1918
2026-03-19 12:55:00,10347.0,10350.0,10335.0,10343.0,1628
2026-03-19 13:00:00,10343.0,10347.0,10321.0,10321.0,2673
2026-03-19 13:05:00,10320.0,10335.0,10320.0,10334.0,2204
2026-03-19 13:10:00,10334.0,10352.0,10315.0,10323.0,3337
2026-03-19 13:15:00,10323.0,10325.0,10305.0,10307.0,5179
2026-03-19 13:20:00,10308.0,10330.0,10308.0,10320.0,2272
2026-03-19 13:25:00,10316.0,10331.0,10312.0,10319.0,2057
2026-03-19 13:30:00,10319.0,10330.0,10315.0,10328.0,1406
2026-03-19 13:35:00,10322.0,10330.0,10319.0,10330.0,1888
2026-03-19 13:40:00,10330.0,10341.0,10311.0,10315.0,2539
2026-03-19 13:45:00,10315.0,10320.0,10310.0,10314.0,1882
2026-03-19 13:50:00,10314.0,10325.0,10310.0,10318.0,2232
2026-03-19 13:55:00,10318.0,10321.0,10285.0,10295.0,12402
2026-03-19 14:00:00,10294.0,10307.0,10250.0,10260.0,18171
2026-03-19 14:05:00,10256.0,10282.0,10255.0,10265.0,7814
2026-03-19 14:10:00,10266.0,10270.0,10241.0,10264.0,12558
2026-03-19 14:15:00,10266.0,10294.0,10260.0,10286.0,6470
2026-03-19 14:20:00,10286.0,10290.0,10272.0,10285.0,3306
2026-03-19 14:25:00,10285.0,10290.0,10270.0,10278.0,4499
2026-03-19 14:30:00,10275.0,10295.0,10274.0,10293.0,4659
2026-03-19 14:35:00,10297.0,10298.0,10270.0,10271.0,6846
2026-03-19 14:40:00,10272.0,10285.0,10231.0,10279.0,12009
2026-03-19 14:45:00,10271.0,10279.0,10241.0,10257.0,10098
2026-03-19 14:50:00,10257.0,10259.0,10221.0,10225.0,12446
2026-03-19 14:55:00,10225.0,10241.0,10180.0,10185.0,21561
2026-03-19 15:00:00,10185.0,10223.0,10160.0,10201.0,21731
2026-03-19 15:05:00,10203.0,10205.0,10172.0,10185.0,12383
2026-03-19 15:10:00,10185.0,10215.0,10175.0,10180.0,20416
2026-03-19 15:15:00,10178.0,10232.0,10175.0,10225.0,25273
2026-03-19 15:20:00,10224.0,10229.0,10184.0,10190.0,24162
2026-03-19 15:25:00,10193.0,10194.0,10169.0,10190.0,17608
2026-03-20 09:15:00,10342.0,10425.0,10285.0,10415.0,36921
2026-03-20 09:20:00,10410.0,10424.0,10361.0,10410.0,28598
2026-03-20 09:25:00,10421.0,10475.0,10400.0,10444.0,18720
2026-03-20 09:30:00,10443.0,10460.0,10411.0,10445.0,10356
2026-03-20 09:35:00,10445.0,10451.0,10411.0,10425.0,5595
2026-03-20 09:40:00,10425.0,10436.0,10390.0,10393.0,10772
2026-03-20 09:45:00,10394.0,10421.0,10391.0,10399.0,6389
2026-03-20 09:50:00,10402.0,10430.0,10385.0,10403.0,8605
2026-03-20 09:55:00,10403.0,10430.0,10402.0,10413.0,6978
2026-03-20 10:00:00,10419.0,10437.0,10400.0,10422.0,6418
2026-03-20 10:05:00,10425.0,10448.0,10412.0,10430.0,6588
2026-03-20 10:10:00,10427.0,10445.0,10415.0,10415.0,3266
2026-03-20 10:15:00,10415.0,10424.0,10382.0,10395.0,6620
2026-03-20 10:20:00,10393.0,10414.0,10374.0,10414.0,6116
2026-03-20 10:25:00,10413.0,10442.0,10400.0,10437.0,8859
2026-03-20 10:30:00,10437.0,10457.0,10425.0,10442.0,10372
2026-03-20 10:35:00,10442.0,10450.0,10423.0,10429.0,2871
2026-03-20 10:40:00,10429.0,10445.0,10423.0,10440.0,3454
2026-03-20 10:45:00,10439.0,10449.0,10424.0,10439.0,2009
2026-03-20 10:50:00,10439.0,10468.0,10430.0,10460.0,6916
2026-03-20 10:55:00,10457.0,10474.0,10450.0,10463.0,4975
2026-03-20 11:00:00,10460.0,10473.0,10450.0,10458.0,3493
2026-03-20 11:05:00,10459.0,10459.0,10430.0,10444.0,3048
2026-03-20 11:10:00,10440.0,10458.0,10418.0,10442.0,7913
2026-03-20 11:15:00,10442.0,10446.0,10424.0,10433.0,31449
2026-03-20 11:20:00,10433.0,10495.0,10433.0,10458.0,10104
2026-03-20 11:25:00,10460.0,10469.0,10430.0,10438.0,4845
2026-03-20 11:30:00,10441.0,10452.0,10426.0,10426.0,4127
2026-03-20 11:35:00,10426.0,10437.0,10420.0,10424.0,3159
2026-03-20 11:40:00,10421.0,10425.0,10400.0,10403.0,7468
2026-03-20 11:45:00,10403.0,10426.0,10403.0,10411.0,2390
2026-03-20 11:50:00,10406.0,10411.0,10368.0,10370.0,8530
2026-03-20 11:55:00,10370.0,10370.0,10331.0,10348.0,8358
2026-03-20 12:00:00,10350.0,10350.0,10306.0,10320.0,10691
2026-03-20 12:05:00,10320.0,10347.0,10290.0,10291.0,12076
2026-03-20 12:10:00,10290.0,10319.0,10290.0,10312.0,6453
2026-03-20 12:15:00,10320.0,10320.0,10280.0,10286.0,5097
2026-03-20 12:20:00,10285.0,10289.0,10265.0,10274.0,5857
2026-03-20 12:25:00,10267.0,10298.0,10265.0,10293.0,2845
2026-03-20 12:30:00,10293.0,10310.0,10267.0,10303.0,4618
2026-03-20 12:35:00,10306.0,10329.0,10300.0,10319.0,4806
2026-03-20 12:40:00,10323.0,10343.0,10313.0,10330.0,2202
2026-03-20 12:45:00,10330.0,10350.0,10325.0,10349.0,3913
2026-03-20 12:50:00,10347.0,10359.0,10331.0,10348.0,10800
2026-03-20 12:55:00,10350.0,10363.0,10329.0,10334.0,2911
2026-03-20 13:00:00,10331.0,10356.0,10318.0,10347.0,2774
2026-03-20 13:05:00,10347.0,10348.0,10336.0,10345.0,1189
2026-03-20 13:10:00,10342.0,10349.0,10331.0,10342.0,860
2026-03-20 13:15:00,10342.0,10361.0,10333.0,10338.0,2289
2026-03-20 13:20:00,10338.0,10350.0,10330.0,10346.0,1539
2026-03-20 13:25:00,10346.0,10373.0,10337.0,10365.0,3881
2026-03-20 13:30:00,10365.0,10398.0,10365.0,10387.0,5066
2026-03-20 13:35:00,10386.0,10405.0,10376.0,10396.0,3957
2026-03-20 13:40:00,10396.0,10396.0,10367.0,10371.0,4469
2026-03-20 13:45:00,10371.0,10380.0,10362.0,10370.0,2572
2026-03-20 13:50:00,10370.0,10385.0,10362.0,10381.0,2211
2026-03-20 13:55:00,10384.0,10395.0,10358.0,10361.0,3707
2026-03-20 14:00:00,10360.0,10390.0,10351.0,10390.0,3638
2026-03-20 14:05:00,10395.0,10398.0,10376.0,10389.0,2007
2026-03-20 14:10:00,10389.0,10390.0,10373.0,10381.0,1984
2026-03-20 14:15:00,10379.0,10382.0,10354.0,10372.0,4047
2026-03-20 14:20:00,10374.0,10375.0,10345.0,10360.0,2603
2026-03-20 14:25:00,10360.0,10367.0,10346.0,10357.0,2473
2026-03-20 14:30:00,10357.0,10368.0,10337.0,10363.0,3869
2026-03-20 14:35:00,10364.0,10364.0,10346.0,10354.0,2845
2026-03-20 14:40:00,10357.0,10364.0,10328.0,10332.0,4271
2026-03-20 14:45:00,10328.0,10359.0,10322.0,10358.0,6152
2026-03-20 14:50:00,10353.0,10353.0,10328.0,10346.0,4248
2026-03-20 14:55:00,10347.0,10354.0,10332.0,10342.0,5378
2026-03-20 15:00:00,10348.0,10361.0,10330.0,10347.0,13518
2026-03-20 15:05:00,10347.0,10355.0,10337.0,10348.0,14113
2026-03-20 15:10:00,10348.0,10349.0,10321.0,10336.0,9759
2026-03-20 15:15:00,10336.0,10340.0,10320.0,10328.0,9486
2026-03-20 15:20:00,10327.0,10364.0,10327.0,10360.0,14967
2026-03-20 15:25:00,10360.0,10361.0,10325.0,10343.0,10106
2026-03-23 09:15:00,10200.0,10200.0,10084.0,10100.0,32894
2026-03-23 09:20:00,10100.0,10148.0,10070.0,10090.0,19366
2026-03-23 09:25:00,10090.0,10129.0,10090.0,10100.0,8229
2026-03-23 09:30:00,10100.0,10134.0,10095.0,10123.0,6620
2026-03-23 09:35:00,10119.0,10157.0,10119.0,10138.0,9357
2026-03-23 09:40:00,10140.0,10144.0,10111.0,10126.0,5504
2026-03-23 09:45:00,10127.0,10128.0,10081.0,10088.0,11694
2026-03-23 09:50:00,10081.0,10101.0,10064.0,10064.0,9684
2026-03-23 09:55:00,10068.0,10084.0,10052.0,10060.0,8547
2026-03-23 10:00:00,10066.0,10070.0,10042.0,10059.0,7377
2026-03-23 10:05:00,10061.0,10064.0,10022.0,10033.0,8275
2026-03-23 10:10:00,10031.0,10035.0,9982.0,9995.0,17386
2026-03-23 10:15:00,9995.0,9996.0,9960.0,9977.0,13866
2026-03-23 10:20:00,9974.0,9980.0,9940.0,9946.0,11682
2026-03-23 10:25:00,9944.0,9955.0,9921.0,9929.0,8494
2026-03-23 10:30:00,9933.0,9962.0,9920.0,9921.0,10969
2026-03-23 10:35:00,9920.0,9965.0,9909.0,9925.0,9117
2026-03-23 10:40:00,9925.0,9934.0,9907.0,9916.0,6994
2026-03-23 10:45:00,9922.0,9942.0,9915.0,9930.0,4074
2026-03-23 10:50:00,9933.0,9933.0,9881.0,9888.0,12370
2026-03-23 10:55:00,9891.0,9925.0,9885.0,9892.0,6470
2026-03-23 11:00:00,9892.0,9895.0,9824.0,9850.0,16437
2026-03-23 11:05:00,9848.0,9874.0,9829.0,9847.0,7779
2026-03-23 11:10:00,9847.0,9848.0,9813.0,9820.0,8734
2026-03-23 11:15:00,9816.0,9825.0,9800.0,9813.0,9238
2026-03-23 11:20:00,9816.0,9846.0,9802.0,9831.0,8487
2026-03-23 11:25:00,9831.0,9834.0,9800.0,9819.0,6961
2026-03-23 11:30:00,9820.0,9860.0,9814.0,9818.0,8488
2026-03-23 11:35:00,9823.0,9840.0,9816.0,9840.0,3454
2026-03-23 11:40:00,9829.0,9843.0,9815.0,9829.0,4952
2026-03-23 11:45:00,9827.0,9838.0,9821.0,9830.0,3450
2026-03-23 11:50:00,9829.0,9846.0,9816.0,9842.0,3615
2026-03-23 11:55:00,9845.0,9865.0,9835.0,9845.0,13627
2026-03-23 12:00:00,9847.0,9860.0,9837.0,9852.0,3466
2026-03-23 12:05:00,9848.0,9861.0,9838.0,9861.0,4360
2026-03-23 12:10:00,9864.0,9869.0,9826.0,9840.0,6240
2026-03-23 12:15:00,9840.0,9852.0,9818.0,9842.0,29385
2026-03-23 12:20:00,9841.0,9879.0,9832.0,9840.0,17080
2026-03-23 12:25:00,9840.0,9878.0,9835.0,9878.0,23133
2026-03-23 12:30:00,9872.0,9888.0,9857.0,9866.0,4718
2026-03-23 12:35:00,9866.0,9885.0,9856.0,9868.0,3722
2026-03-23 12:40:00,9867.0,9872.0,9851.0,9861.0,2597
2026-03-23 12:45:00,9861.0,9874.0,9850.0,9872.0,3496
2026-03-23 12:50:00,9872.0,9872.0,9846.0,9851.0,4021
2026-03-23 12:55:00,9851.0,9859.0,9847.0,9850.0,3639
2026-03-23 13:00:00,9850.0,9855.0,9845.0,9850.0,8094
2026-03-23 13:05:00,9847.0,9868.0,9841.0,9848.0,14530
2026-03-23 13:10:00,9851.0,9854.0,9819.0,9843.0,7141
2026-03-23 13:15:00,9845.0,9880.0,9845.0,9857.0,3464
2026-03-23 13:20:00,9856.0,9872.0,9850.0,9858.0,3124
2026-03-23 13:25:00,9855.0,9866.0,9848.0,9852.0,3568
2026-03-23 13:30:00,9852.0,9880.0,9851.0,9872.0,3910
2026-03-23 13:35:00,9873.0,9883.0,9867.0,9871.0,2488
2026-03-23 13:40:00,9871.0,9899.0,9870.0,9893.0,4717
2026-03-23 13:45:00,9895.0,9938.0,9885.0,9935.0,9230
2026-03-23 13:50:00,9936.0,9947.0,9925.0,9930.0,8275
2026-03-23 13:55:00,9930.0,9969.0,9927.0,9942.0,22703
2026-03-23 14:00:00,9935.0,9980.0,9922.0,9974.0,11453
2026-03-23 14:05:00,9972.0,9980.0,9962.0,9975.0,5129
2026-03-23 14:10:00,9969.0,9969.0,9935.0,9940.0,5225
2026-03-23 14:15:00,9940.0,9948.0,9926.0,9940.0,3606
2026-03-23 14:20:00,9944.0,9949.0,9929.0,9929.0,3218
2026-03-23 14:25:00,9924.0,9924.0,9888.0,9907.0,8720
2026-03-23 14:30:00,9908.0,9917.0,9862.0,9873.0,7294
2026-03-23 14:35:00,9873.0,9914.0,9870.0,9896.0,6468
2026-03-23 14:40:00,9894.0,9921.0,9871.0,9916.0,6902
2026-03-23 14:45:00,9916.0,9920.0,9886.0,9904.0,4984
2026-03-23 14:50:00,9908.0,9935.0,9900.0,9904.0,9629
2026-03-23 14:55:00,9904.0,9908.0,9882.0,9902.0,5955
2026-03-23 15:00:00,9891.0,9915.0,9880.0,9897.0,11249
2026-03-23 15:05:00,9897.0,9910.0,9887.0,9901.0,14487
2026-03-23 15:10:00,9905.0,9950.0,9903.0,9910.0,16135
2026-03-23 15:15:00,9913.0,9923.0,9872.0,9879.0,15932
2026-03-23 15:20:00,9879.0,9885.0,9863.0,9870.0,14792
2026-03-23 15:25:00,9867.0,9875.0,9850.0,9869.0,10544
2026-03-24 09:15:00,10200.0,10200.0,10022.0,10025.0,50038
2026-03-24 09:20:00,10024.0,10082.0,9950.0,10081.0,43225
2026-03-24 09:25:00,10080.0,10106.0,10050.0,10094.0,23488
2026-03-24 09:30:00,10094.0,10098.0,10043.0,10054.0,10609
2026-03-24 09:35:00,10051.0,10069.0,10030.0,10035.0,6780
2026-03-24 09:40:00,10037.0,10050.0,10004.0,10022.0,8221
2026-03-24 09:45:00,10022.0,10068.0,10009.0,10051.0,8099
2026-03-24 09:50:00,10054.0,10075.0,10044.0,10065.0,5371
2026-03-24 09:55:00,10062.0,10106.0,10061.0,10080.0,10543
2026-03-24 10:00:00,10076.0,10080.0,10032.0,10040.0,6792
2026-03-24 10:05:00,10042.0,10067.0,10015.0,10019.0,5930
2026-03-24 10:10:00,10019.0,10043.0,10011.0,10026.0,4401
2026-03-24 10:15:00,10025.0,10044.0,10020.0,10020.0,4640
2026-03-24 10:20:00,10020.0,10041.0,10015.0,10041.0,2531
2026-03-24 10:25:00,10044.0,10044.0,10001.0,10012.0,5478
2026-03-24 10:30:00,10017.0,10017.0,9978.0,9980.0,9203
2026-03-24 10:35:00,9982.0,9982.0,9950.0,9952.0,9716
2026-03-24 10:40:00,9953.0,9991.0,9951.0,9981.0,5886
2026-03-24 10:45:00,9980.0,10036.0,9975.0,10012.0,7769
2026-03-24 10:50:00,10015.0,10029.0,9988.0,9994.0,6367
2026-03-24 10:55:00,9999.0,9999.0,9968.0,9982.0,3546
2026-03-24 11:00:00,9979.0,9995.0,9972.0,9984.0,3244
2026-03-24 11:05:00,9985.0,9997.0,9965.0,9982.0,3049
2026-03-24 11:10:00,9983.0,10000.0,9971.0,9976.0,2540
2026-03-24 11:15:00,9978.0,9997.0,9971.0,9996.0,1760
2026-03-24 11:20:00,9999.0,10016.0,9971.0,9976.0,4504
2026-03-24 11:25:00,9975.0,9975.0,9953.0,9964.0,6989
2026-03-24 11:30:00,9968.0,9999.0,9957.0,9994.0,3745
2026-03-24 11:35:00,9995.0,10027.0,9993.0,10011.0,6433
2026-03-24 11:40:00,10010.0,10020.0,10000.0,10019.0,2610
2026-03-24 11:45:00,10019.0,10060.0,10013.0,10037.0,9735
2026-03-24 11:50:00,10037.0,10056.0,10032.0,10038.0,3593
2026-03-24 11:55:00,10036.0,10076.0,10034.0,10061.0,5267
2026-03-24 12:00:00,10063.0,10073.0,10041.0,10047.0,4018
2026-03-24 12:05:00,10047.0,10067.0,10028.0,10061.0,13577
2026-03-24 12:10:00,10061.0,10076.0,10033.0,10036.0,8557
2026-03-24 12:15:00,10039.0,10078.0,10037.0,10062.0,6727
2026-03-24 12:20:00,10064.0,10140.0,10061.0,10140.0,17625
2026-03-24 12:25:00,10152.0,10179.0,10114.0,10138.0,17602
2026-03-24 12:30:00,10137.0,10183.0,10134.0,10183.0,12003
2026-03-24 12:35:00,10182.0,10193.0,10163.0,10180.0,8829
2026-03-24 12:40:00,10176.0,10230.0,10175.0,10188.0,15683
2026-03-24 12:45:00,10189.0,10212.0,10176.0,10210.0,7742
2026-03-24 12:50:00,10213.0,10242.0,10201.0,10225.0,9252
2026-03-24 12:55:00,10223.0,10223.0,10168.0,10186.0,8534
2026-03-24 13:00:00,10190.0,10194.0,10166.0,10175.0,5830
2026-03-24 13:05:00,10175.0,10175.0,10153.0,10165.0,4719
2026-03-24 13:10:00,10168.0,10193.0,10162.0,10180.0,3622
2026-03-24 13:15:00,10182.0,10192.0,10170.0,10184.0,2783
2026-03-24 13:20:00,10184.0,10239.0,10170.0,10230.0,9635
2026-03-24 13:25:00,10226.0,10238.0,10224.0,10234.0,4671
2026-03-24 13:30:00,10238.0,10250.0,10225.0,10232.0,8889
2026-03-24 13:35:00,10229.0,10260.0,10218.0,10222.0,7881
2026-03-24 13:40:00,10220.0,10248.0,10220.0,10235.0,2050
2026-03-24 13:45:00,10235.0,10245.0,10188.0,10188.0,6390
2026-03-24 13:50:00,10193.0,10240.0,10188.0,10216.0,12784
2026-03-24 13:55:00,10218.0,10234.0,10214.0,10224.0,2579
2026-03-24 14:00:00,10225.0,10237.0,10216.0,10227.0,4095
2026-03-24 14:05:00,10228.0,10239.0,10214.0,10219.0,3215
2026-03-24 14:10:00,10218.0,10238.0,10216.0,10237.0,1732
2026-03-24 14:15:00,10237.0,10260.0,10234.0,10241.0,6916
2026-03-24 14:20:00,10244.0,10246.0,10205.0,10216.0,7425
2026-03-24 14:25:00,10216.0,10220.0,10202.0,10206.0,3989
2026-03-24 14:30:00,10206.0,10209.0,10170.0,10184.0,7252
2026-03-24 14:35:00,10184.0,10195.0,10150.0,10153.0,10602
2026-03-24 14:40:00,10150.0,10199.0,10149.0,10163.0,5880
2026-03-24 14:45:00,10164.0,10179.0,10154.0,10175.0,5277
2026-03-24 14:50:00,10177.0,10188.0,10157.0,10181.0,3829
2026-03-24 14:55:00,10181.0,10205.0,10170.0,10195.0,6279
2026-03-24 15:00:00,10185.0,10199.0,10167.0,10193.0,7272
2026-03-24 15:05:00,10198.0,10230.0,10188.0,10206.0,9376
2026-03-24 15:10:00,10207.0,10223.0,10187.0,10196.0,8451
2026-03-24 15:15:00,10196.0,10198.0,10161.0,10165.0,14216
2026-03-24 15:20:00,10163.0,10170.0,10131.0,10136.0,16608
2026-03-24 15:25:00,10136.0,10179.0,10120.0,10163.0,12094
2026-03-25 09:15:00,10250.0,10449.0,10222.0,10422.0,47969
2026-03-25 09:20:00,10422.0,10434.0,10395.0,10413.0,12676
2026-03-25 09:25:00,10412.0,10485.0,10400.0,10482.0,24129
2026-03-25 09:30:00,10481.0,10482.0,10433.0,10457.0,8503
2026-03-25 09:35:00,10453.0,10467.0,10409.0,10421.0,12114
2026-03-25 09:40:00,10425.0,10445.0,10405.0,10442.0,5922
2026-03-25 09:45:00,10447.0,10460.0,10430.0,10450.0,7242
2026-03-25 09:50:00,10455.0,10478.0,10446.0,10472.0,8385
2026-03-25 09:55:00,10472.0,10479.0,10441.0,10462.0,9776
2026-03-25 10:00:00,10462.0,10490.0,10448.0,10489.0,13415
2026-03-25 10:05:00,10488.0,10490.0,10446.0,10464.0,5814
2026-03-25 10:10:00,10466.0,10486.0,10466.0,10475.0,4612
2026-03-25 10:15:00,10477.0,10495.0,10465.0,10487.0,7550
2026-03-25 10:20:00,10481.0,10517.0,10476.0,10499.0,14350
2026-03-25 10:25:00,10499.0,10502.0,10480.0,10499.0,7731
2026-03-25 10:30:00,10497.0,10530.0,10493.0,10517.0,8653
2026-03-25 10:35:00,10520.0,10525.0,10503.0,10525.0,4245
2026-03-25 10:40:00,10523.0,10545.0,10523.0,10543.0,9449
2026-03-25 10:45:00,10540.0,10548.0,10528.0,10544.0,6255
2026-03-25 10:50:00,10544.0,10544.0,10522.0,10540.0,4829
2026-03-25 10:55:00,10539.0,10558.0,10524.0,10545.0,7809
2026-03-25 11:00:00,10545.0,10570.0,10540.0,10542.0,7891
2026-03-25 11:05:00,10543.0,10570.0,10540.0,10570.0,4681
2026-03-25 11:10:00,10564.0,10570.0,10545.0,10553.0,3495
2026-03-25 11:15:00,10552.0,10559.0,10540.0,10543.0,2785
2026-03-25 11:20:00,10543.0,10549.0,10505.0,10507.0,6621
2026-03-25 11:25:00,10510.0,10514.0,10480.0,10485.0,11012
2026-03-25 11:30:00,10485.0,10490.0,10442.0,10461.0,15764
2026-03-25 11:35:00,10466.0,10468.0,10431.0,10434.0,9426
2026-03-25 11:40:00,10437.0,10454.0,10425.0,10430.0,6866
2026-03-25 11:45:00,10429.0,10455.0,10426.0,10450.0,4895
2026-03-25 11:50:00,10452.0,10464.0,10447.0,10448.0,6078
2026-03-25 11:55:00,10450.0,10460.0,10433.0,10433.0,3689
2026-03-25 12:00:00,10431.0,10449.0,10417.0,10448.0,6508
2026-03-25 12:05:00,10448.0,10474.0,10435.0,10439.0,6308
2026-03-25 12:10:00,10439.0,10457.0,10433.0,10448.0,2567
2026-03-25 12:15:00,10448.0,10464.0,10437.0,10449.0,4092
2026-03-25 12:20:00,10450.0,10463.0,10430.0,10461.0,9279
2026-03-25 12:25:00,10461.0,10470.0,10451.0,10460.0,8653
2026-03-25 12:30:00,10461.0,10478.0,10445.0,10464.0,4541
2026-03-25 12:35:00,10462.0,10508.0,10459.0,10486.0,12945
2026-03-25 12:40:00,10482.0,10486.0,10464.0,10471.0,2521
2026-03-25 12:45:00,10471.0,10472.0,10446.0,10455.0,2961
2026-03-25 12:50:00,10455.0,10455.0,10434.0,10445.0,4516
2026-03-25 12:55:00,10449.0,10449.0,10402.0,10418.0,11590
2026-03-25 13:00:00,10411.0,10430.0,10411.0,10418.0,2827
2026-03-25 13:05:00,10418.0,10430.0,10411.0,10420.0,3557
2026-03-25 13:10:00,10420.0,10430.0,10414.0,10424.0,1866
2026-03-25 13:15:00,10424.0,10438.0,10420.0,10421.0,1968
2026-03-25 13:20:00,10424.0,10429.0,10418.0,10427.0,2450
2026-03-25 13:25:00,10426.0,10438.0,10422.0,10426.0,1643
2026-03-25 13:30:00,10426.0,10433.0,10410.0,10430.0,3240
2026-03-25 13:35:00,10430.0,10435.0,10424.0,10430.0,2004
2026-03-25 13:40:00,10430.0,10435.0,10421.0,10421.0,1896
2026-03-25 13:45:00,10424.0,10438.0,10416.0,10435.0,3657
2026-03-25 13:50:00,10436.0,10462.0,10436.0,10447.0,4950
2026-03-25 13:55:00,10447.0,10459.0,10442.0,10455.0,3310
2026-03-25 14:00:00,10451.0,10465.0,10445.0,10450.0,3345
2026-03-25 14:05:00,10450.0,10450.0,10419.0,10420.0,5094
2026-03-25 14:10:00,10424.0,10435.0,10402.0,10407.0,3865
2026-03-25 14:15:00,10404.0,10415.0,10396.0,10409.0,5866
2026-03-25 14:20:00,10409.0,10417.0,10361.0,10362.0,12044
2026-03-25 14:25:00,10367.0,10385.0,10362.0,10380.0,4629
2026-03-25 14:30:00,10383.0,10392.0,10369.0,10390.0,4292
2026-03-25 14:35:00,10390.0,10403.0,10366.0,10374.0,7118
2026-03-25 14:40:00,10377.0,10403.0,10375.0,10399.0,3882
2026-03-25 14:45:00,10399.0,10413.0,10385.0,10391.0,4560
2026-03-25 14:50:00,10393.0,10430.0,10385.0,10424.0,10678
2026-03-25 14:55:00,10422.0,10428.0,10402.0,10415.0,8765
2026-03-25 15:00:00,10414.0,10428.0,10388.0,10422.0,13480
2026-03-25 15:05:00,10424.0,10439.0,10415.0,10435.0,10860
2026-03-25 15:10:00,10429.0,10436.0,10418.0,10425.0,13192
2026-03-25 15:15:00,10428.0,10433.0,10402.0,10406.0,13330
2026-03-25 15:20:00,10410.0,10420.0,10395.0,10400.0,14087
2026-03-25 15:25:00,10400.0,10405.0,10390.0,10391.0,12187
2026-03-27 09:15:00,10301.0,10310.0,10105.0,10112.0,43083
2026-03-27 09:20:00,10117.0,10219.0,10111.0,10187.0,27643
2026-03-27 09:25:00,10185.0,10226.0,10181.0,10191.0,15606
2026-03-27 09:30:00,10190.0,10228.0,10160.0,10189.0,14748
2026-03-27 09:35:00,10189.0,10196.0,10163.0,10180.0,10169
2026-03-27 09:40:00,10184.0,10207.0,10179.0,10192.0,7583
2026-03-27 09:45:00,10194.0,10200.0,10185.0,10190.0,2834
2026-03-27 09:50:00,10187.0,10198.0,10162.0,10165.0,5466
2026-03-27 09:55:00,10162.0,10167.0,10130.0,10147.0,12651
2026-03-27 10:00:00,10147.0,10149.0,10109.0,10124.0,12232
2026-03-27 10:05:00,10119.0,10123.0,10076.0,10105.0,20621
2026-03-27 10:10:00,10106.0,10106.0,10087.0,10095.0,4354
2026-03-27 10:15:00,10095.0,10098.0,10075.0,10081.0,6206
2026-03-27 10:20:00,10081.0,10100.0,10079.0,10097.0,5731
2026-03-27 10:25:00,10093.0,10119.0,10085.0,10090.0,7408
2026-03-27 10:30:00,10091.0,10129.0,10088.0,10103.0,6569
2026-03-27 10:35:00,10103.0,10112.0,10090.0,10104.0,5601
2026-03-27 10:40:00,10102.0,10110.0,10089.0,10089.0,5720
2026-03-27 10:45:00,10091.0,10095.0,10072.0,10090.0,5681
2026-03-27 10:50:00,10091.0,10104.0,10082.0,10086.0,4697
2026-03-27 10:55:00,10087.0,10109.0,10083.0,10094.0,3151
2026-03-27 11:00:00,10092.0,10115.0,10092.0,10106.0,3027
2026-03-27 11:05:00,10108.0,10118.0,10094.0,10118.0,2493
2026-03-27 11:10:00,10112.0,10131.0,10100.0,10115.0,5273
2026-03-27 11:15:00,10115.0,10139.0,10112.0,10115.0,5195
2026-03-27 11:20:00,10119.0,10119.0,10091.0,10095.0,4332
2026-03-27 11:25:00,10090.0,10106.0,10075.0,10082.0,5394
2026-03-27 11:30:00,10081.0,10110.0,10081.0,10093.0,3512
2026-03-27 11:35:00,10104.0,10143.0,10094.0,10121.0,7641
2026-03-27 11:40:00,10122.0,10161.0,10118.0,10156.0,12005
2026-03-27 11:45:00,10157.0,10175.0,10156.0,10163.0,9078
2026-03-27 11:50:00,10163.0,10180.0,10154.0,10178.0,5852
2026-03-27 11:55:00,10178.0,10189.0,10155.0,10184.0,7203
2026-03-27 12:00:00,10181.0,10185.0,10152.0,10174.0,5776
2026-03-27 12:05:00,10172.0,10175.0,10160.0,10173.0,2506
2026-03-27 12:10:00,10173.0,10180.0,10168.0,10173.0,2701
2026-03-27 12:15:00,10170.0,10176.0,10150.0,10154.0,2751
2026-03-27 12:20:00,10154.0,10164.0,10150.0,10159.0,3530
2026-03-27 12:25:00,10162.0,10205.0,10157.0,10191.0,10030
2026-03-27 12:30:00,10184.0,10196.0,10161.0,10178.0,4030
2026-03-27 12:35:00,10178.0,10184.0,10161.0,10173.0,1833
2026-03-27 12:40:00,10173.0,10175.0,10155.0,10166.0,2970
2026-03-27 12:45:00,10166.0,10168.0,10151.0,10161.0,3239
2026-03-27 12:50:00,10158.0,10169.0,10146.0,10157.0,9968
2026-03-27 12:55:00,10159.0,10164.0,10149.0,10155.0,3884
2026-03-27 13:00:00,10156.0,10163.0,10149.0,10151.0,1748
2026-03-27 13:05:00,10151.0,10160.0,10149.0,10154.0,6264
2026-03-27 13:10:00,10155.0,10160.0,10150.0,10157.0,1357
2026-03-27 13:15:00,10160.0,10190.0,10150.0,10182.0,7287
2026-03-27 13:20:00,10185.0,10185.0,10151.0,10159.0,2110
2026-03-27 13:25:00,10157.0,10164.0,10127.0,10132.0,2826
2026-03-27 13:30:00,10132.0,10137.0,10119.0,10125.0,5135
2026-03-27 13:35:00,10121.0,10126.0,10104.0,10109.0,5375
2026-03-27 13:40:00,10106.0,10157.0,10104.0,10138.0,10458
2026-03-27 13:45:00,10138.0,10151.0,10131.0,10141.0,2802
2026-03-27 13:50:00,10141.0,10157.0,10135.0,10143.0,2336
2026-03-27 13:55:00,10143.0,10147.0,10134.0,10141.0,4929
2026-03-27 14:00:00,10141.0,10141.0,10134.0,10141.0,5178
2026-03-27 14:05:00,10141.0,10141.0,10113.0,10121.0,3836
2026-03-27 14:10:00,10122.0,10134.0,10107.0,10134.0,4049
2026-03-27 14:15:00,10133.0,10134.0,10106.0,10110.0,4822
2026-03-27 14:20:00,10110.0,10116.0,10091.0,10107.0,6207
2026-03-27 14:25:00,10108.0,10111.0,10093.0,10105.0,3901
2026-03-27 14:30:00,10106.0,10107.0,10085.0,10087.0,5647
2026-03-27 14:35:00,10089.0,10095.0,10060.0,10065.0,9649
2026-03-27 14:40:00,10068.0,10093.0,10065.0,10080.0,6962
2026-03-27 14:45:00,10078.0,10082.0,10067.0,10072.0,6145
2026-03-27 14:50:00,10067.0,10087.0,10066.0,10070.0,7920
2026-03-27 14:55:00,10070.0,10079.0,10056.0,10060.0,8867
2026-03-27 15:00:00,10061.0,10061.0,10020.0,10037.0,17022
2026-03-27 15:05:00,10030.0,10031.0,10012.0,10021.0,15228
2026-03-27 15:10:00,10023.0,10038.0,10018.0,10022.0,13599
2026-03-27 15:15:00,10022.0,10022.0,10000.0,10011.0,16765
2026-03-27 15:20:00,10018.0,10023.0,10002.0,10010.0,14875
2026-03-27 15:25:00,10009.0,10019.0,9999.0,10001.0,14214
2026-03-30 09:15:00,9900.0,9940.0,9788.0,9843.0,54021
2026-03-30 09:20:00,9838.0,9868.0,9817.0,9850.0,19797
2026-03-30 09:25:00,9850.0,9895.0,9840.0,9884.0,13649
2026-03-30 09:30:00,9884.0,9969.0,9884.0,9962.0,19162
2026-03-30 09:35:00,9955.0,9977.0,9918.0,9918.0,11048
2026-03-30 09:40:00,9918.0,9950.0,9909.0,9931.0,5932
2026-03-30 09:45:00,9935.0,9956.0,9905.0,9918.0,6984
2026-03-30 09:50:00,9918.0,9941.0,9908.0,9914.0,6447
2026-03-30 09:55:00,9908.0,9908.0,9880.0,9889.0,7724
2026-03-30 10:00:00,9888.0,9934.0,9881.0,9912.0,5894
2026-03-30 10:05:00,9912.0,9912.0,9882.0,9885.0,2884
2026-03-30 10:10:00,9886.0,9890.0,9858.0,9886.0,8886
2026-03-30 10:15:00,9887.0,9925.0,9883.0,9901.0,13392
2026-03-30 10:20:00,9905.0,9905.0,9884.0,9888.0,2768
2026-03-30 10:25:00,9888.0,9900.0,9880.0,9882.0,2712
2026-03-30 10:30:00,9883.0,9894.0,9881.0,9890.0,3002
2026-03-30 10:35:00,9891.0,9902.0,9876.0,9893.0,3828
2026-03-30 10:40:00,9896.0,9898.0,9871.0,9873.0,3695
2026-03-30 10:45:00,9873.0,9889.0,9862.0,9880.0,3595
2026-03-30 10:50:00,9877.0,9885.0,9861.0,9862.0,2160
2026-03-30 10:55:00,9862.0,9882.0,9852.0,9864.0,3648
2026-03-30 11:00:00,9864.0,9885.0,9861.0,9882.0,3208
2026-03-30 11:05:00,9875.0,9885.0,9853.0,9874.0,5333
2026-03-30 11:10:00,9873.0,9881.0,9861.0,9877.0,3885
2026-03-30 11:15:00,9879.0,9894.0,9875.0,9887.0,4335
2026-03-30 11:20:00,9885.0,9908.0,9876.0,9883.0,6342
2026-03-30 11:25:00,9885.0,9895.0,9875.0,9891.0,3916
2026-03-30 11:30:00,9891.0,9917.0,9882.0,9917.0,3651
2026-03-30 11:35:00,9914.0,9948.0,9914.0,9929.0,8056
2026-03-30 11:40:00,9928.0,9932.0,9912.0,9915.0,3688
2026-03-30 11:45:00,9910.0,9916.0,9882.0,9895.0,3939
2026-03-30 11:50:00,9892.0,9899.0,9880.0,9898.0,2455
2026-03-30 11:55:00,9898.0,9919.0,9889.0,9909.0,1498
2026-03-30 12:00:00,9909.0,9968.0,9909.0,9957.0,11467
2026-03-30 12:05:00,9955.0,9980.0,9930.0,9950.0,8537
2026-03-30 12:10:00,9950.0,9959.0,9938.0,9949.0,2147
2026-03-30 12:15:00,9949.0,9955.0,9943.0,9955.0,3531
2026-03-30 12:20:00,9959.0,9964.0,9935.0,9939.0,5285
2026-03-30 12:25:00,9939.0,9940.0,9918.0,9926.0,3062
2026-03-30 12:30:00,9926.0,9989.0,9921.0,9963.0,11907
2026-03-30 12:35:00,9968.0,9968.0,9922.0,9951.0,9384
2026-03-30 12:40:00,9951.0,9951.0,9929.0,9938.0,7631
2026-03-30 12:45:00,9933.0,9936.0,9891.0,9891.0,7580
2026-03-30 12:50:00,9895.0,9900.0,9876.0,9891.0,4142
2026-03-30 12:55:00,9891.0,9898.0,9883.0,9892.0,3459
2026-03-30 13:00:00,9893.0,9924.0,9892.0,9920.0,7912
2026-03-30 13:05:00,9923.0,9939.0,9915.0,9918.0,5834
2026-03-30 13:10:00,9918.0,9930.0,9896.0,9900.0,6430
2026-03-30 13:15:00,9904.0,9910.0,9885.0,9893.0,3086
2026-03-30 13:20:00,9890.0,9895.0,9887.0,9892.0,2047
2026-03-30 13:25:00,9890.0,9894.0,9873.0,9889.0,3446
2026-03-30 13:30:00,9889.0,9913.0,9884.0,9911.0,3403
2026-03-30 13:35:00,9911.0,9920.0,9890.0,9896.0,4527
2026-03-30 13:40:00,9902.0,9902.0,9865.0,9874.0,5078
2026-03-30 13:45:00,9874.0,9885.0,9858.0,9865.0,4813
2026-03-30 13:50:00,9865.0,9871.0,9830.0,9833.0,10141
2026-03-30 13:55:00,9833.0,9852.0,9830.0,9837.0,4709
2026-03-30 14:00:00,9837.0,9879.0,9836.0,9845.0,10088
2026-03-30 14:05:00,9848.0,9852.0,9821.0,9825.0,7615
2026-03-30 14:10:00,9826.0,9826.0,9800.0,9805.0,11896
2026-03-30 14:15:00,9802.0,9808.0,9797.0,9804.0,7983
2026-03-30 14:20:00,9804.0,9814.0,9788.0,9792.0,9332
2026-03-30 14:25:00,9794.0,9800.0,9790.0,9799.0,4048
2026-03-30 14:30:00,9796.0,9832.0,9796.0,9811.0,9941
2026-03-30 14:35:00,9808.0,9828.0,9802.0,9815.0,12492
2026-03-30 14:40:00,9815.0,9830.0,9812.0,9820.0,7802
2026-03-30 14:45:00,9820.0,9824.0,9802.0,9806.0,8555
2026-03-30 14:50:00,9807.0,9820.0,9755.0,9761.0,14566
2026-03-30 14:55:00,9761.0,9780.0,9755.0,9757.0,10254
2026-03-30 15:00:00,9757.0,9770.0,9725.0,9732.0,27209
2026-03-30 15:05:00,9732.0,9745.0,9688.0,9692.0,27432
2026-03-30 15:10:00,9693.0,9696.0,9653.0,9661.0,31313
2026-03-30 15:15:00,9660.0,9673.0,9650.0,9664.0,26530
2026-03-30 15:20:00,9662.0,9662.0,9605.0,9619.0,38425
2026-03-30 15:25:00,9615.0,9650.0,9600.0,9638.0,28824
2026-04-01 09:15:00,10100.0,10100.0,9904.0,10076.0,48857
2026-04-01 09:20:00,10071.5,10140.0,10071.5,10093.0,27869
2026-04-01 09:25:00,10093.5,10125.0,10071.0,10083.0,15302
2026-04-01 09:30:00,10083.0,10104.0,10030.5,10032.5,16555
2026-04-01 09:35:00,10032.0,10039.0,10011.5,10017.0,10167
2026-04-01 09:40:00,10017.0,10059.5,10017.0,10037.5,6394
2026-04-01 09:45:00,10040.5,10071.0,10032.0,10062.0,6228
2026-04-01 09:50:00,10065.5,10112.0,10047.5,10112.0,12358
2026-04-01 09:55:00,10121.0,10124.5,10085.0,10109.0,9252
2026-04-01 10:00:00,10109.0,10149.0,10109.0,10110.0,10516
2026-04-01 10:05:00,10111.5,10117.5,10093.0,10101.5,6312
2026-04-01 10:10:00,10101.5,10114.5,10084.0,10095.0,6131
2026-04-01 10:15:00,10094.0,10108.5,10081.0,10104.5,5323
2026-04-01 10:20:00,10105.0,10120.0,10060.5,10070.0,7206
2026-04-01 10:25:00,10070.0,10080.0,10061.0,10066.0,4757
2026-04-01 10:30:00,10080.5,10094.5,10062.5,10091.0,4274
2026-04-01 10:35:00,10091.0,10092.0,10064.0,10080.0,4302
2026-04-01 10:40:00,10080.0,10080.0,10060.0,10068.0,3722
2026-04-01 10:45:00,10068.0,10104.0,10065.0,10084.5,3812
2026-04-01 10:50:00,10087.0,10100.5,10061.0,10063.0,4848
2026-04-01 10:55:00,10063.0,10066.0,10043.5,10052.5,5862
2026-04-01 11:00:00,10052.5,10059.5,10032.5,10036.0,6575
2026-04-01 11:05:00,10035.5,10056.0,10027.0,10034.5,5498
2026-04-01 11:10:00,10034.5,10052.5,10015.5,10025.5,5009
2026-04-01 11:15:00,10025.5,10061.0,10025.5,10050.0,6045
2026-04-01 11:20:00,10055.0,10078.0,10051.0,10071.0,4156
2026-04-01 11:25:00,10071.0,10073.0,10060.0,10062.5,2369
2026-04-01 11:30:00,10064.5,10124.0,10064.5,10111.5,9233
2026-04-01 11:35:00,10114.0,10159.5,10114.0,10126.0,11761
2026-04-01 11:40:00,10126.0,10141.0,10123.0,10131.0,4768
2026-04-01 11:45:00,10131.0,10135.0,10097.5,10109.0,4662
2026-04-01 11:50:00,10109.0,10120.0,10090.0,10090.0,2709
2026-04-01 11:55:00,10090.0,10109.5,10076.0,10105.5,3130
2026-04-01 12:00:00,10108.0,10143.0,10106.5,10134.5,4684
2026-04-01 12:05:00,10134.5,10143.0,10130.0,10136.0,2643
2026-04-01 12:10:00,10143.0,10280.0,10140.0,10250.0,45577
2026-04-01 12:15:00,10250.0,10300.0,10239.0,10294.0,16846
2026-04-01 12:20:00,10298.0,10298.0,10270.0,10281.0,8670
2026-04-01 12:25:00,10281.0,10325.0,10276.5,10325.0,12679
2026-04-01 12:30:00,10320.0,10350.0,10295.0,10308.5,13706
2026-04-01 12:35:00,10310.0,10354.0,10309.0,10344.5,9163
2026-04-01 12:40:00,10345.0,10353.0,10330.0,10337.5,5592
2026-04-01 12:45:00,10338.0,10364.0,10337.5,10345.0,7213
2026-04-01 12:50:00,10349.0,10353.5,10331.5,10334.0,5467
2026-04-01 12:55:00,10334.0,10351.0,10325.5,10345.5,5233
2026-04-01 13:00:00,10341.5,10375.0,10341.5,10365.5,8100
2026-04-01 13:05:00,10367.5,10390.0,10366.5,10377.5,8587
2026-04-01 13:10:00,10377.0,10382.5,10342.0,10373.0,8729
2026-04-01 13:15:00,10373.5,10388.5,10336.0,10343.0,7992
2026-04-01 13:20:00,10339.0,10358.5,10325.5,10339.5,5186
2026-04-01 13:25:00,10340.0,10349.0,10326.0,10349.0,5095
2026-04-01 13:30:00,10350.0,10350.0,10329.5,10337.0,3177
2026-04-01 13:35:00,10337.0,10337.0,10314.0,10324.0,3791
2026-04-01 13:40:00,10324.0,10324.0,10255.0,10290.5,19873
2026-04-01 13:45:00,10290.0,10315.5,10272.0,10302.5,5310
2026-04-01 13:50:00,10305.5,10310.0,10273.0,10273.0,4074
2026-04-01 13:55:00,10273.0,10287.5,10262.5,10275.0,5028
2026-04-01 14:00:00,10272.5,10291.0,10263.0,10284.5,5028
2026-04-01 14:05:00,10280.5,10295.5,10275.0,10291.5,2381
2026-04-01 14:10:00,10293.5,10323.0,10286.0,10318.5,4925
2026-04-01 14:15:00,10323.0,10324.5,10275.0,10290.0,5376
2026-04-01 14:20:00,10292.5,10310.0,10278.5,10297.0,3741
2026-04-01 14:25:00,10301.5,10319.0,10295.0,10316.0,3518
2026-04-01 14:30:00,10316.0,10317.0,10275.5,10285.5,4314
2026-04-01 14:35:00,10285.0,10288.5,10264.0,10273.5,6402
2026-04-01 14:40:00,10273.0,10279.0,10242.5,10260.5,10408
2026-04-01 14:45:00,10253.0,10261.0,10206.0,10232.0,10432
2026-04-01 14:50:00,10232.0,10233.0,10170.0,10185.0,13109
2026-04-01 14:55:00,10183.5,10224.0,10182.0,10212.5,7504
2026-04-01 15:00:00,10227.0,10266.0,10223.0,10255.0,9901
2026-04-01 15:05:00,10256.5,10310.0,10240.0,10248.5,17127
2026-04-01 15:10:00,10248.5,10275.5,10231.0,10232.0,12788
2026-04-01 15:15:00,10234.0,10252.0,10230.0,10238.0,12322
2026-04-01 15:20:00,10238.0,10274.0,10236.0,10246.5,16546
2026-04-01 15:25:00,10246.5,10282.0,10233.0,10270.0,11090
2026-04-02 09:15:00,10010.0,10138.5,9940.0,10053.5,68940
2026-04-02 09:20:00,10070.0,10074.0,9957.5,9982.5,32962
2026-04-02 09:25:00,9985.5,10032.0,9962.5,10026.5,18203
2026-04-02 09:30:00,10026.0,10033.0,9992.0,10009.5,9753
2026-04-02 09:35:00,10012.0,10070.0,9991.5,10044.5,14487
2026-04-02 09:40:00,10041.5,10149.0,10041.5,10146.0,28229
2026-04-02 09:45:00,10147.0,10200.0,10141.0,10183.5,24899
2026-04-02 09:50:00,10180.5,10215.0,10156.0,10181.0,17899
2026-04-02 09:55:00,10181.0,10199.0,10134.0,10134.0,11967
2026-04-02 10:00:00,10137.0,10199.5,10132.0,10178.5,13351
2026-04-02 10:05:00,10175.0,10178.5,10130.0,10133.0,7184
2026-04-02 10:10:00,10136.0,10187.0,10124.0,10179.0,9042
2026-04-02 10:15:00,10174.0,10179.5,10109.0,10118.0,9896
2026-04-02 10:20:00,10115.0,10135.5,10093.5,10112.0,17684
2026-04-02 10:25:00,10115.0,10175.0,10113.5,10140.0,8105
2026-04-02 10:30:00,10141.0,10165.0,10129.0,10139.0,6707
2026-04-02 10:35:00,10138.5,10156.5,10124.0,10140.5,3064
2026-04-02 10:40:00,10145.0,10153.5,10127.0,10129.5,5553
2026-04-02 10:45:00,10127.5,10127.5,10095.0,10103.5,12072
2026-04-02 10:50:00,10104.0,10125.0,10088.0,10117.0,9056
2026-04-02 10:55:00,10112.5,10123.5,10095.0,10117.0,3288
2026-04-02 11:00:00,10117.0,10125.0,10092.0,10095.0,7205
2026-04-02 11:05:00,10104.5,10120.0,10095.5,10104.5,2919
2026-04-02 11:10:00,10104.0,10115.0,10098.5,10112.0,1390
2026-04-02 11:15:00,10109.0,10125.0,10098.0,10125.0,2177
2026-04-02 11:20:00,10123.5,10125.0,10111.0,10116.0,2359
2026-04-02 11:25:00,10113.5,10125.0,10111.5,10113.0,2037
2026-04-02 11:30:00,10113.0,10157.0,10109.0,10128.0,8560
2026-04-02 11:35:00,10128.0,10160.5,10128.0,10144.5,6124
2026-04-02 11:40:00,10142.5,10275.0,10118.0,10263.0,27859
2026-04-02 11:45:00,10260.0,10345.5,10236.0,10261.0,30835
2026-04-02 11:50:00,10263.0,10267.0,10214.0,10233.0,12005
2026-04-02 11:55:00,10231.0,10231.0,10184.5,10193.5,14188
2026-04-02 12:00:00,10193.5,10203.5,10131.5,10141.0,14413
2026-04-02 12:05:00,10140.5,10161.0,10116.5,10131.0,8433
2026-04-02 12:10:00,10134.0,10145.5,10126.0,10140.5,4480
2026-04-02 12:15:00,10132.0,10137.0,10105.0,10120.0,7150
2026-04-02 12:20:00,10119.0,10119.0,10053.5,10104.0,13864
2026-04-02 12:25:00,10099.5,10099.5,10040.0,10065.0,10528
2026-04-02 12:30:00,10067.5,10075.0,10052.0,10060.0,7010
2026-04-02 12:35:00,10055.5,10072.5,10031.0,10040.0,9510
2026-04-02 12:40:00,10049.0,10064.5,10040.5,10051.5,6688
2026-04-02 12:45:00,10051.5,10051.5,9968.0,9969.0,32750
2026-04-02 12:50:00,9970.0,10000.0,9948.5,9950.5,21043
2026-04-02 12:55:00,9952.0,9970.0,9908.5,9926.5,25410
2026-04-02 13:00:00,9926.5,9970.5,9880.0,9893.5,32372
2026-04-02 13:05:00,9891.5,9893.0,9732.0,9764.0,61778
2026-04-02 13:10:00,9760.5,9827.5,9760.0,9785.0,27001
2026-04-02 13:15:00,9785.0,9820.0,9774.0,9810.5,21740
2026-04-02 13:20:00,9810.0,9895.5,9807.0,9868.0,31392
2026-04-02 13:25:00,9865.5,9880.0,9822.0,9874.0,16292
2026-04-02 13:30:00,9874.0,9885.0,9828.0,9860.0,18767
2026-04-02 13:35:00,9861.5,9873.0,9841.0,9866.0,8018
2026-04-02 13:40:00,9866.0,9893.5,9855.0,9874.0,12901
2026-04-02 13:45:00,9874.0,9897.0,9855.0,9868.0,10184
2026-04-02 13:50:00,9862.5,9900.5,9855.0,9875.5,15016
2026-04-02 13:55:00,9875.5,9885.0,9856.0,9883.0,10295
2026-04-02 14:00:00,9883.0,9920.0,9878.5,9900.0,14487
2026-04-02 14:05:00,9900.0,9910.0,9884.0,9904.0,8585
2026-04-02 14:10:00,9904.0,9924.5,9900.0,9907.5,11951
2026-04-02 14:15:00,9908.5,9926.5,9882.0,9901.5,11471
2026-04-02 14:20:00,9897.5,9903.5,9874.5,9890.5,12439
2026-04-02 14:25:00,9892.0,9909.0,9855.0,9867.5,22423
2026-04-02 14:30:00,9867.5,9898.0,9855.0,9894.5,18035
2026-04-02 14:35:00,9895.0,9895.0,9843.5,9867.0,24256
2026-04-02 14:40:00,9865.0,9895.0,9800.0,9814.5,30101
2026-04-02 14:45:00,9814.0,9849.0,9809.0,9825.0,13588
2026-04-02 14:50:00,9820.0,9845.0,9815.0,9843.0,9235
2026-04-02 14:55:00,9840.0,9870.0,9831.5,9868.0,12420
2026-04-02 15:00:00,9868.0,9925.5,9868.0,9918.0,37759
2026-04-02 15:05:00,9918.0,9957.5,9915.0,9951.0,27722
2026-04-02 15:10:00,9951.0,9964.5,9930.0,9933.0,21649
2026-04-02 15:15:00,9936.0,9959.5,9912.0,9913.0,26058
2026-04-02 15:20:00,9911.0,9920.0,9882.0,9905.0,20675
2026-04-02 15:25:00,9904.5,9908.0,9887.0,9892.0,12128
2026-04-06 09:15:00,9970.0,10038.5,9773.0,9827.0,64476
2026-04-06 09:20:00,9824.5,9838.0,9773.5,9809.5,32754
2026-04-06 09:25:00,9809.5,9834.5,9759.0,9769.5,27872
2026-04-06 09:30:00,9771.0,9819.0,9754.0,9813.0,26812
2026-04-06 09:35:00,9813.0,9859.0,9806.5,9815.0,26286
2026-04-06 09:40:00,9819.0,9819.0,9734.0,9776.0,30047
2026-04-06 09:45:00,9776.0,9802.0,9764.0,9789.0,14017
2026-04-06 09:50:00,9789.0,9792.0,9775.0,9779.5,6148
2026-04-06 09:55:00,9778.5,9871.5,9775.0,9850.0,22907
2026-04-06 10:00:00,9854.5,9897.0,9839.0,9869.0,18507
2026-04-06 10:05:00,9861.0,9885.0,9841.0,9857.0,10304
2026-04-06 10:10:00,9856.0,9922.0,9850.0,9897.0,16584
2026-04-06 10:15:00,9894.0,9918.0,9856.0,9880.0,11122
2026-04-06 10:20:00,9880.0,9895.0,9866.0,9868.0,4651
2026-04-06 10:25:00,9868.0,9876.5,9850.5,9869.0,4279
2026-04-06 10:30:00,9871.0,9875.0,9857.0,9861.5,2634
2026-04-06 10:35:00,9868.0,9874.5,9861.0,9874.5,2063
2026-04-06 10:40:00,9872.0,9874.5,9823.5,9855.0,11645
2026-04-06 10:45:00,9858.5,9872.0,9835.0,9872.0,5049
2026-04-06 10:50:00,9864.5,9885.0,9857.5,9861.0,4293
2026-04-06 10:55:00,9858.5,9882.0,9851.5,9877.0,2761
2026-04-06 11:00:00,9874.0,9915.5,9857.0,9907.0,14072
2026-04-06 11:05:00,9908.0,9910.0,9886.5,9889.0,3549
2026-04-06 11:10:00,9887.5,9889.0,9833.0,9850.0,8547
2026-04-06 11:15:00,9851.5,9871.0,9847.5,9865.0,2548
2026-04-06 11:20:00,9865.0,9894.0,9857.5,9875.0,4656
2026-04-06 11:25:00,9874.5,9924.5,9871.0,9924.5,6384
2026-04-06 11:30:00,9925.0,9926.0,9881.5,9892.0,6134
2026-04-06 11:35:00,9890.0,9913.0,9881.5,9888.5,5856
2026-04-06 11:40:00,9888.5,9900.0,9877.5,9891.0,3171
2026-04-06 11:45:00,9891.0,9909.0,9886.0,9901.0,4659
2026-04-06 11:50:00,9906.0,9939.5,9904.5,9924.0,10176
2026-04-06 11:55:00,9924.0,9960.0,9911.0,9925.5,10213
2026-04-06 12:00:00,9925.5,9944.0,9915.0,9929.0,5934
2026-04-06 12:05:00,9931.0,9970.0,9927.0,9964.5,6536
2026-04-06 12:10:00,9962.5,9975.0,9941.0,9946.5,6417
2026-04-06 12:15:00,9946.0,9961.5,9942.0,9946.0,3972
2026-04-06 12:20:00,9946.0,9979.5,9923.5,9939.0,12329
2026-04-06 12:25:00,9939.0,9972.0,9936.0,9957.5,5861
2026-04-06 12:30:00,9956.0,9958.5,9912.0,9914.5,8122
2026-04-06 12:35:00,9914.0,9914.0,9892.0,9909.5,7810
2026-04-06 12:40:00,9910.0,9918.0,9892.5,9909.5,5887
2026-04-06 12:45:00,9909.5,9945.0,9909.5,9941.0,6324
2026-04-06 12:50:00,9945.0,9959.0,9937.0,9947.5,4590
2026-04-06 12:55:00,9947.5,9958.5,9947.5,9956.5,3321
2026-04-06 13:00:00,9959.0,9971.0,9940.0,9943.0,8001
2026-04-06 13:05:00,9944.0,10012.0,9944.0,10003.5,20394
2026-04-06 13:10:00,10004.5,10008.0,9995.0,10006.0,5567
2026-04-06 13:15:00,10008.0,10016.0,9988.5,10003.5,8946
2026-04-06 13:20:00,10003.5,10009.0,9995.0,10001.0,3839
2026-04-06 13:25:00,10000.0,10005.0,9977.0,9992.5,5407
2026-04-06 13:30:00,9989.5,10020.0,9989.0,10016.5,6531
2026-04-06 13:35:00,10016.5,10040.0,10015.0,10021.5,13420
2026-04-06 13:40:00,10021.5,10063.0,10016.5,10017.0,18459
2026-04-06 13:45:00,10017.0,10034.5,10010.0,10010.0,5741
2026-04-06 13:50:00,10010.5,10042.0,10007.0,10040.0,5070
2026-04-06 13:55:00,10039.5,10040.5,10020.5,10030.0,3105
2026-04-06 14:00:00,10030.0,10064.0,10030.0,10057.0,7127
2026-04-06 14:05:00,10051.0,10061.5,10030.5,10046.0,3901
2026-04-06 14:10:00,10046.0,10064.0,10046.0,10059.0,5529
2026-04-06 14:15:00,10059.0,10064.0,10043.5,10051.0,3781
2026-04-06 14:20:00,10051.5,10074.0,10051.0,10066.5,6241
2026-04-06 14:25:00,10063.0,10065.0,10044.0,10055.5,5054
2026-04-06 14:30:00,10055.5,10065.0,10038.0,10039.0,5662
2026-04-06 14:35:00,10039.0,10050.0,10016.5,10018.0,10203
2026-04-06 14:40:00,10018.0,10030.0,9995.5,10022.0,9625
2026-04-06 14:45:00,10022.0,10030.0,10015.0,10019.0,4205
2026-04-06 14:50:00,10018.5,10025.5,10010.5,10013.0,4217
2026-04-06 14:55:00,10013.0,10013.0,9976.0,9997.5,10770
2026-04-06 15:00:00,9998.5,10012.0,9990.5,10005.0,11505
2026-04-06 15:05:00,10005.0,10019.5,9995.0,10000.0,9330
2026-04-06 15:10:00,10001.0,10025.0,9996.5,10008.0,9903
2026-04-06 15:15:00,10008.5,10020.0,10005.0,10006.0,10793
2026-04-06 15:20:00,10010.0,10013.5,10000.0,10006.0,10244
2026-04-06 15:25:00,10005.0,10022.0,10000.0,10005.0,15421
2026-04-07 09:15:00,9950.0,9975.0,9840.5,9880.0,47894
2026-04-07 09:20:00,9873.5,9929.0,9850.0,9920.5,24805
2026-04-07 09:25:00,9916.0,10041.5,9916.0,10000.0,35993
2026-04-07 09:30:00,10000.0,10078.0,9993.0,10071.5,25659
2026-04-07 09:35:00,10071.5,10073.0,10040.0,10061.5,12592
2026-04-07 09:40:00,10061.5,10080.0,10010.5,10016.0,14849
2026-04-07 09:45:00,10016.0,10039.0,9990.0,9994.5,16064
2026-04-07 09:50:00,9993.5,10019.0,9982.0,10012.5,12524
2026-04-07 09:55:00,10011.0,10035.0,9995.5,10016.5,8889
2026-04-07 10:00:00,10015.5,10030.5,10001.0,10024.5,5291
2026-04-07 10:05:00,10028.0,10035.0,9995.0,10006.0,7231
2026-04-07 10:10:00,10004.5,10022.0,9996.0,10011.0,2643
2026-04-07 10:15:00,10011.0,10050.0,10004.0,10045.0,7612
2026-04-07 10:20:00,10043.0,10074.0,10018.0,10048.0,8979
2026-04-07 10:25:00,10047.5,10075.0,10040.0,10073.0,5738
2026-04-07 10:30:00,10085.0,10133.5,10077.0,10088.0,24264
2026-04-07 10:35:00,10087.5,10093.5,10013.5,10017.0,20416
2026-04-07 10:40:00,10019.0,10065.5,10012.0,10058.0,9089
2026-04-07 10:45:00,10058.0,10065.0,10031.0,10037.5,6274
2026-04-07 10:50:00,10034.5,10057.5,10002.0,10015.0,8185
2026-04-07 10:55:00,10015.0,10019.5,9970.5,9983.5,14714
2026-04-07 11:00:00,9980.0,9985.0,9958.0,9978.0,8511
2026-04-07 11:05:00,9978.0,9995.0,9975.5,9981.0,5339
2026-04-07 11:10:00,9982.0,9995.0,9965.0,9973.0,4229
2026-04-07 11:15:00,9973.0,9995.5,9970.0,9995.5,3210
2026-04-07 11:20:00,9995.5,10015.0,9993.0,10010.0,5783
2026-04-07 11:25:00,10008.5,10017.0,10002.5,10008.0,3080
2026-04-07 11:30:00,10008.0,10016.0,10002.0,10010.0,2298
2026-04-07 11:35:00,10009.0,10025.5,10008.0,10010.0,2823
2026-04-07 11:40:00,10010.5,10010.5,9990.0,10000.0,3454
2026-04-07 11:45:00,10000.0,10014.0,9993.0,10005.5,2318
2026-04-07 11:50:00,10005.5,10026.0,10002.5,10026.0,2474
2026-04-07 11:55:00,10022.0,10058.0,10020.5,10053.0,6859
2026-04-07 12:00:00,10051.0,10054.0,10026.0,10040.0,4443
2026-04-07 12:05:00,10040.0,10044.0,10032.5,10038.0,2788
2026-04-07 12:10:00,10035.5,10036.5,10012.0,10031.0,1990
2026-04-07 12:15:00,10031.0,10034.5,10015.0,10025.5,1275
2026-04-07 12:20:00,10022.5,10027.5,10015.0,10026.0,1982
2026-04-07 12:25:00,10026.0,10030.0,10008.0,10022.5,2165
2026-04-07 12:30:00,10022.5,10046.5,10022.5,10037.0,2361
2026-04-07 12:35:00,10037.0,10048.0,10035.5,10045.0,1323
2026-04-07 12:40:00,10043.5,10050.0,10029.0,10032.0,2153
2026-04-07 12:45:00,10032.0,10033.5,10005.0,10010.5,3932
2026-04-07 12:50:00,10013.5,10023.5,10003.0,10021.5,2107
2026-04-07 12:55:00,10022.0,10025.0,10002.5,10004.0,2416
2026-04-07 13:00:00,10004.0,10025.0,10001.0,10020.0,1763
2026-04-07 13:05:00,10021.5,10024.5,10010.0,10010.5,1075
2026-04-07 13:10:00,10016.0,10047.0,10004.0,10036.5,3831
2026-04-07 13:15:00,10041.5,10059.5,10031.0,10045.5,6891
2026-04-07 13:20:00,10045.0,10048.0,10032.5,10040.0,2100
2026-04-07 13:25:00,10039.0,10057.0,10035.5,10049.0,3588
2026-04-07 13:30:00,10050.0,10070.0,10048.0,10063.5,6427
2026-04-07 13:35:00,10063.0,10087.0,10061.0,10083.0,7672
2026-04-07 13:40:00,10080.0,10099.0,10079.0,10091.0,7229
2026-04-07 13:45:00,10088.0,10130.0,10084.0,10091.5,16123
2026-04-07 13:50:00,10091.5,10126.0,10067.5,10112.0,13479
2026-04-07 13:55:00,10114.0,10114.0,10070.0,10085.0,9195
2026-04-07 14:00:00,10082.0,10135.0,10082.0,10123.5,13817
2026-04-07 14:05:00,10123.5,10145.0,10117.5,10127.0,12007
2026-04-07 14:10:00,10122.0,10127.0,10090.0,10100.5,5377
2026-04-07 14:15:00,10103.5,10107.0,10077.5,10077.5,5436
2026-04-07 14:20:00,10075.0,10097.0,10071.5,10086.0,4989
2026-04-07 14:25:00,10087.0,10108.0,10087.0,10100.0,2932
2026-04-07 14:30:00,10102.0,10118.5,10093.0,10099.5,4911
2026-04-07 14:35:00,10102.0,10103.5,10075.0,10082.0,5282
2026-04-07 14:40:00,10082.5,10105.0,10082.0,10099.5,2463
2026-04-07 14:45:00,10102.5,10110.0,10095.0,10107.5,4355
2026-04-07 14:50:00,10105.0,10117.0,10102.5,10114.5,5828
2026-04-07 14:55:00,10116.0,10142.0,10114.0,10126.0,9667
2026-04-07 15:00:00,10126.0,10139.0,10105.0,10137.0,11199
2026-04-07 15:05:00,10134.5,10139.5,10114.5,10128.5,7395
2026-04-07 15:10:00,10128.5,10128.5,10115.0,10124.0,9561
2026-04-07 15:15:00,10124.5,10127.0,10105.0,10105.0,10798
2026-04-07 15:20:00,10105.0,10120.0,10095.0,10096.5,9515
2026-04-07 15:25:00,10098.0,10130.0,10090.0,10112.5,19365
2026-04-08 09:15:00,10572.5,10638.0,10430.0,10562.0,66098
2026-04-08 09:20:00,10560.0,10575.5,10467.0,10472.0,36334
2026-04-08 09:25:00,10475.0,10529.0,10436.5,10499.0,31202
2026-04-08 09:30:00,10492.5,10559.0,10487.0,10547.5,21780
2026-04-08 09:35:00,10543.0,10565.0,10497.0,10559.0,35266
2026-04-08 09:40:00,10560.0,10680.0,10557.5,10668.0,36935
2026-04-08 09:45:00,10667.0,10685.0,10650.0,10661.5,23662
2026-04-08 09:50:00,10659.5,10663.0,10603.5,10612.0,62895
2026-04-08 09:55:00,10612.0,10630.0,10601.0,10601.5,10544
2026-04-08 10:00:00,10601.0,10619.0,10580.0,10580.0,11141
2026-04-08 10:05:00,10575.5,10607.0,10560.5,10575.0,12094
2026-04-08 10:10:00,10570.5,10579.0,10540.0,10542.0,8791
2026-04-08 10:15:00,10542.0,10545.0,10492.5,10509.0,47579
2026-04-08 10:20:00,10507.5,10525.0,10505.0,10508.5,7140
2026-04-08 10:25:00,10508.5,10555.0,10508.5,10537.0,10970
2026-04-08 10:30:00,10537.0,10560.0,10534.0,10556.0,7314
2026-04-08 10:35:00,10559.5,10578.0,10545.0,10560.5,8703
2026-04-08 10:40:00,10560.5,10563.0,10533.0,10544.5,6831
2026-04-08 10:45:00,10543.0,10569.5,10531.5,10531.5,5539
2026-04-08 10:50:00,10530.0,10558.5,10530.0,10551.0,5029
2026-04-08 10:55:00,10552.0,10576.0,10552.0,10571.5,6509
2026-04-08 11:00:00,10571.5,10605.0,10565.0,10599.0,15081
2026-04-08 11:05:00,10599.5,10635.5,10590.0,10625.0,19690
2026-04-08 11:10:00,10626.0,10634.5,10601.5,10612.0,6799
2026-04-08 11:15:00,10612.0,10618.0,10590.0,10609.0,6820
2026-04-08 11:20:00,10608.0,10614.0,10590.0,10590.0,4213
2026-04-08 11:25:00,10592.5,10599.5,10574.0,10587.0,5138
2026-04-08 11:30:00,10585.0,10589.5,10568.0,10568.0,5563
2026-04-08 11:35:00,10570.0,10609.0,10561.0,10597.0,7781
2026-04-08 11:40:00,10597.0,10615.0,10585.0,10585.0,8950
2026-04-08 11:45:00,10584.5,10595.0,10568.0,10580.0,5112
2026-04-08 11:50:00,10581.5,10593.0,10567.5,10574.0,4857
2026-04-08 11:55:00,10574.0,10574.0,10530.0,10539.0,10402
2026-04-08 12:00:00,10539.0,10541.0,10512.0,10520.0,9670
2026-04-08 12:05:00,10520.0,10538.5,10507.0,10534.5,8230
2026-04-08 12:10:00,10538.5,10547.5,10525.0,10542.0,4585
2026-04-08 12:15:00,10545.0,10545.0,10527.0,10531.5,3121
2026-04-08 12:20:00,10531.5,10557.0,10531.0,10547.5,6994
2026-04-08 12:25:00,10547.0,10558.0,10529.0,10530.5,4348
2026-04-08 12:30:00,10533.0,10533.5,10500.5,10517.5,10168
2026-04-08 12:35:00,10518.5,10528.5,10492.0,10506.0,8130
2026-04-08 12:40:00,10505.0,10528.5,10497.0,10520.0,5026
2026-04-08 12:45:00,10520.5,10520.5,10475.5,10495.5,12210
2026-04-08 12:50:00,10495.5,10506.0,10485.0,10503.5,7268
2026-04-08 12:55:00,10503.5,10515.0,10500.0,10502.0,7011
2026-04-08 13:00:00,10502.0,10506.0,10495.0,10500.5,7292
2026-04-08 13:05:00,10500.5,10515.0,10490.0,10502.0,8694
2026-04-08 13:10:00,10502.0,10545.5,10500.0,10516.0,13444
2026-04-08 13:15:00,10512.0,10537.0,10508.0,10524.0,4656
2026-04-08 13:20:00,10524.0,10543.0,10516.0,10536.5,6914
2026-04-08 13:25:00,10535.5,10555.0,10535.0,10542.0,6715
2026-04-08 13:30:00,10540.5,10611.0,10525.0,10595.5,25481
2026-04-08 13:35:00,10597.0,10597.5,10579.0,10590.0,8001
2026-04-08 13:40:00,10588.5,10591.5,10562.5,10571.0,8285
2026-04-08 13:45:00,10570.0,10595.0,10562.0,10590.5,7591
2026-04-08 13:50:00,10590.0,10595.0,10569.0,10580.0,5278
2026-04-08 13:55:00,10585.0,10604.5,10580.5,10594.0,10857
2026-04-08 14:00:00,10595.0,10597.5,10575.0,10583.5,7836
2026-04-08 14:05:00,10583.5,10598.0,10576.0,10586.5,5793
2026-04-08 14:10:00,10585.5,10603.0,10577.0,10601.5,9983
2026-04-08 14:15:00,10600.0,10600.0,10569.5,10581.5,6011
2026-04-08 14:20:00,10584.5,10608.0,10582.0,10601.5,7698
2026-04-08 14:25:00,10601.5,10624.0,10593.0,10605.0,12066
2026-04-08 14:30:00,10606.5,10610.0,10594.5,10603.0,6614
2026-04-08 14:35:00,10607.0,10610.0,10598.5,10600.5,5447
2026-04-08 14:40:00,10600.5,10623.5,10600.5,10618.0,9998
2026-04-08 14:45:00,10620.5,10628.0,10600.0,10601.5,10570
2026-04-08 14:50:00,10600.0,10601.5,10576.5,10591.5,10549
2026-04-08 14:55:00,10587.0,10600.0,10586.5,10599.5,5086
2026-04-08 15:00:00,10596.0,10600.0,10558.0,10595.0,12592
2026-04-08 15:05:00,10595.0,10616.0,10595.0,10606.0,10273
2026-04-08 15:10:00,10609.5,10619.5,10606.0,10615.0,11999
2026-04-08 15:15:00,10611.5,10644.0,10610.0,10628.5,25505
2026-04-08 15:20:00,10633.5,10670.5,10620.5,10668.5,29006
2026-04-08 15:25:00,10670.0,10710.0,10664.5,10699.0,23876
2026-04-09 09:15:00,10669.5,10697.0,10590.0,10685.0,39280
2026-04-09 09:20:00,10687.5,10698.0,10630.0,10657.5,21780
2026-04-09 09:25:00,10657.5,10665.5,10638.0,10664.0,26684
2026-04-09 09:30:00,10664.5,10674.0,10621.0,10625.0,13201
2026-04-09 09:35:00,10621.0,10645.0,10620.0,10633.5,8867
2026-04-09 09:40:00,10631.0,10640.0,10560.0,10564.5,18195
2026-04-09 09:45:00,10561.0,10578.5,10490.0,10495.0,24381
2026-04-09 09:50:00,10500.0,10501.0,10455.0,10488.0,18233
2026-04-09 09:55:00,10489.0,10489.0,10420.0,10435.5,25674
2026-04-09 10:00:00,10437.5,10480.0,10420.0,10468.0,13938
2026-04-09 10:05:00,10468.0,10481.0,10452.5,10465.5,7378
2026-04-09 10:10:00,10470.0,10496.0,10465.5,10485.0,6714
2026-04-09 10:15:00,10485.0,10529.5,10467.0,10526.0,12713
2026-04-09 10:20:00,10521.0,10532.0,10510.0,10530.0,6232
2026-04-09 10:25:00,10531.0,10532.0,10504.0,10530.0,5201
2026-04-09 10:30:00,10532.0,10562.5,10528.0,10545.0,7981
2026-04-09 10:35:00,10544.5,10566.5,10544.0,10553.0,4952
2026-04-09 10:40:00,10550.0,10559.0,10531.0,10538.5,3666
2026-04-09 10:45:00,10538.5,10564.0,10536.5,10560.0,4507
2026-04-09 10:50:00,10563.0,10563.0,10547.5,10551.5,2480
2026-04-09 10:55:00,10552.5,10580.0,10545.0,10549.5,5808
2026-04-09 11:00:00,10548.0,10585.0,10548.0,10566.5,4963
2026-04-09 11:05:00,10561.0,10584.0,10555.0,10581.0,4652
2026-04-09 11:10:00,10578.5,10589.0,10570.0,10587.0,3628
2026-04-09 11:15:00,10589.0,10591.5,10563.5,10585.5,4417
2026-04-09 11:20:00,10585.5,10632.5,10581.0,10627.5,11279
2026-04-09 11:25:00,10627.5,10656.0,10625.5,10636.5,21035
2026-04-09 11:30:00,10635.0,10665.0,10635.0,10651.5,11492
2026-04-09 11:35:00,10651.5,10657.0,10621.0,10621.0,7251
2026-04-09 11:40:00,10622.5,10650.5,10617.0,10640.0,8574
2026-04-09 11:45:00,10639.5,10639.5,10613.0,10632.5,4154
2026-04-09 11:50:00,10636.5,10645.0,10620.0,10623.0,4459
2026-04-09 11:55:00,10620.0,10637.0,10615.0,10620.0,4357
2026-04-09 12:00:00,10620.0,10635.5,10613.0,10613.0,4311
2026-04-09 12:05:00,10614.5,10630.0,10605.0,10623.5,3894
2026-04-09 12:10:00,10623.5,10640.0,10609.5,10612.0,5059
2026-04-09 12:15:00,10612.0,10654.5,10612.0,10641.0,9229
2026-04-09 12:20:00,10643.5,10650.0,10631.5,10632.5,5161
2026-04-09 12:25:00,10632.0,10667.0,10623.0,10640.0,6353
2026-04-09 12:30:00,10643.5,10655.0,10635.5,10640.0,4205
2026-04-09 12:35:00,10641.5,10657.5,10634.0,10645.5,20297
2026-04-09 12:40:00,10645.5,10656.0,10642.0,10643.5,3790
2026-04-09 12:45:00,10643.5,10645.0,10620.0,10620.0,4692
2026-04-09 12:50:00,10628.0,10670.5,10622.5,10661.5,12600
2026-04-09 12:55:00,10661.5,10666.5,10634.0,10634.0,4892
2026-04-09 13:00:00,10639.5,10655.0,10634.0,10649.0,2854
2026-04-09 13:05:00,10649.0,10650.0,10635.0,10645.5,1900
2026-04-09 13:10:00,10645.5,10645.5,10613.0,10626.5,6172
2026-04-09 13:15:00,10628.0,10632.0,10615.0,10620.0,3891
2026-04-09 13:20:00,10616.0,10618.5,10571.0,10610.5,10805
2026-04-09 13:25:00,10609.5,10628.0,10598.5,10600.5,4602
2026-04-09 13:30:00,10606.0,10615.0,10585.5,10596.0,3566
2026-04-09 13:35:00,10598.5,10613.0,10590.5,10593.0,2122
2026-04-09 13:40:00,10599.0,10599.0,10580.0,10583.0,3137
2026-04-09 13:45:00,10583.0,10588.5,10566.0,10576.0,4364
2026-04-09 13:50:00,10576.0,10599.0,10576.0,10592.5,3175
2026-04-09 13:55:00,10590.5,10599.0,10582.5,10585.0,3225
2026-04-09 14:00:00,10585.0,10612.5,10584.5,10606.5,4361
2026-04-09 14:05:00,10606.0,10630.0,10603.0,10620.0,6103
2026-04-09 14:10:00,10620.5,10623.0,10605.0,10610.0,2493
2026-04-09 14:15:00,10610.0,10610.0,10591.0,10591.0,3173
2026-04-09 14:20:00,10593.0,10602.0,10560.0,10574.5,7099
2026-04-09 14:25:00,10574.5,10574.5,10558.0,10565.0,4785
2026-04-09 14:30:00,10565.0,10567.0,10546.0,10549.5,7504
2026-04-09 14:35:00,10551.0,10560.0,10534.0,10548.0,4860
2026-04-09 14:40:00,10548.0,10576.0,10546.0,10571.0,5247
2026-04-09 14:45:00,10569.0,10576.0,10546.0,10572.5,6991
2026-04-09 14:50:00,10576.0,10609.0,10570.0,10604.0,8689
2026-04-09 14:55:00,10604.0,10617.5,10600.0,10602.0,5303
2026-04-09 15:00:00,10607.5,10648.0,10591.5,10616.0,19413
2026-04-09 15:05:00,10616.5,10636.5,10606.5,10630.0,9108
2026-04-09 15:10:00,10636.0,10642.0,10624.0,10629.5,11980
2026-04-09 15:15:00,10629.5,10635.0,10622.0,10626.5,13350
2026-04-09 15:20:00,10627.0,10628.5,10614.0,10623.5,12645
2026-04-09 15:25:00,10625.5,10630.0,10605.5,10618.0,20049
2026-04-10 09:15:00,10611.0,10758.0,10600.0,10755.0,42966
2026-04-10 09:20:00,10757.5,10785.0,10735.0,10774.5,24564
2026-04-10 09:25:00,10778.0,10790.0,10707.5,10750.0,17876
2026-04-10 09:30:00,10750.0,10810.0,10735.5,10800.0,27419
2026-04-10 09:35:00,10800.0,10802.0,10723.5,10743.5,15952
2026-04-10 09:40:00,10738.0,10763.5,10723.0,10758.0,9511
2026-04-10 09:45:00,10759.5,10799.0,10742.0,10770.0,12096
2026-04-10 09:50:00,10770.0,10792.0,10736.0,10755.0,9659
2026-04-10 09:55:00,10758.0,10797.0,10755.0,10785.0,8217
2026-04-10 10:00:00,10792.5,10796.5,10755.0,10768.5,8405
2026-04-10 10:05:00,10766.0,10770.5,10704.0,10740.0,23455
2026-04-10 10:10:00,10737.5,10792.0,10737.5,10790.0,7926
2026-04-10 10:15:00,10792.0,10819.0,10775.0,10785.5,23202
2026-04-10 10:20:00,10790.5,10890.0,10787.5,10867.5,35110
2026-04-10 10:25:00,10870.0,10886.0,10817.0,10829.0,17967
2026-04-10 10:30:00,10829.0,10849.0,10823.5,10843.5,10366
2026-04-10 10:35:00,10844.0,10858.0,10843.0,10854.0,4842
2026-04-10 10:40:00,10852.0,10864.5,10840.0,10845.5,9294
2026-04-10 10:45:00,10845.5,10845.5,10815.0,10815.0,6922
2026-04-10 10:50:00,10815.0,10820.0,10764.5,10771.0,20862
2026-04-10 10:55:00,10772.5,10780.0,10753.0,10774.5,12542
2026-04-10 11:00:00,10774.5,10792.5,10755.0,10762.0,7344
2026-04-10 11:05:00,10762.5,10762.5,10715.0,10734.5,19688
2026-04-10 11:10:00,10734.5,10742.5,10720.0,10722.5,9343
2026-04-10 11:15:00,10722.5,10730.5,10692.5,10700.0,15773
2026-04-10 11:20:00,10702.0,10703.0,10677.0,10682.0,12049
2026-04-10 11:25:00,10682.0,10698.0,10660.0,10665.5,10900
2026-04-10 11:30:00,10665.5,10694.5,10665.0,10694.0,5400
2026-04-10 11:35:00,10692.0,10700.0,10680.0,10685.5,6126
2026-04-10 11:40:00,10688.0,10695.0,10681.0,10683.5,3759
2026-04-10 11:45:00,10683.0,10685.0,10625.0,10641.5,20016
2026-04-10 11:50:00,10643.5,10684.0,10643.5,10671.0,6270
2026-04-10 11:55:00,10671.0,10695.0,10665.0,10693.0,5606
2026-04-10 12:00:00,10695.0,10746.0,10687.0,10744.0,15435
2026-04-10 12:05:00,10744.0,10774.0,10740.5,10765.0,15779
2026-04-10 12:10:00,10764.0,10767.0,10736.0,10760.0,7267
2026-04-10 12:15:00,10758.5,10769.0,10740.5,10750.5,5718
2026-04-10 12:20:00,10750.5,10767.0,10743.0,10767.0,4342
2026-04-10 12:25:00,10760.5,10766.5,10743.5,10750.0,5220
2026-04-10 12:30:00,10749.0,10772.5,10745.0,10761.5,5582
2026-04-10 12:35:00,10762.0,10790.0,10753.0,10760.5,8622
2026-04-10 12:40:00,10761.0,10767.0,10750.0,10750.0,3139
2026-04-10 12:45:00,10751.0,10765.0,10750.0,10761.0,4770
2026-04-10 12:50:00,10761.5,10762.0,10745.0,10747.5,3182
2026-04-10 12:55:00,10747.5,10760.5,10743.5,10755.0,2526
2026-04-10 13:00:00,10757.5,10765.0,10755.5,10763.0,1717
2026-04-10 13:05:00,10764.0,10765.0,10757.0,10761.0,3257
2026-04-10 13:10:00,10763.0,10763.5,10743.5,10755.0,2822
2026-04-10 13:15:00,10755.0,10755.0,10746.0,10746.0,1708
2026-04-10 13:20:00,10749.5,10749.5,10730.0,10733.0,5091
2026-04-10 13:25:00,10733.0,10744.0,10730.0,10731.0,5599
2026-04-10 13:30:00,10736.0,10745.0,10725.0,10737.0,2411
2026-04-10 13:35:00,10737.0,10741.5,10722.5,10730.5,3353
2026-04-10 13:40:00,10729.5,10748.0,10729.5,10742.0,3963
2026-04-10 13:45:00,10742.0,10744.0,10720.0,10722.5,5321
2026-04-10 13:50:00,10720.5,10736.5,10711.5,10730.0,3111
2026-04-10 13:55:00,10729.0,10739.0,10725.0,10735.0,2097
2026-04-10 14:00:00,10735.0,10742.0,10730.0,10732.0,2766
2026-04-10 14:05:00,10736.0,10739.0,10732.0,10735.0,1605
2026-04-10 14:10:00,10735.0,10739.0,10666.0,10692.0,14262
2026-04-10 14:15:00,10692.0,10692.0,10622.5,10675.5,14098
2026-04-10 14:20:00,10675.5,10680.5,10639.0,10643.0,10312
2026-04-10 14:25:00,10643.0,10646.0,10610.0,10629.5,15833
2026-04-10 14:30:00,10629.5,10644.0,10623.0,10634.5,6303
2026-04-10 14:35:00,10633.0,10640.0,10605.0,10636.0,10132
2026-04-10 14:40:00,10628.5,10641.0,10627.0,10634.5,5200
2026-04-10 14:45:00,10635.0,10665.0,10628.0,10660.0,6565
2026-04-10 14:50:00,10660.0,10660.0,10645.5,10654.5,4651
2026-04-10 14:55:00,10654.5,10666.0,10645.5,10649.5,5045
2026-04-10 15:00:00,10647.0,10679.0,10647.0,10675.5,12094
2026-04-10 15:05:00,10676.0,10699.0,10672.5,10693.0,15290
2026-04-10 15:10:00,10693.5,10703.0,10682.0,10682.0,15060
2026-04-10 15:15:00,10683.0,10690.0,10665.5,10668.0,19360
2026-04-10 15:20:00,10671.5,10690.0,10661.0,10676.0,20757
2026-04-10 15:25:00,10673.0,10675.0,10641.0,10654.5,18307
2026-04-13 09:15:00,10400.0,10420.0,10288.0,10288.0,57584
2026-04-13 09:20:00,10288.5,10365.0,10288.0,10365.0,21675
2026-04-13 09:25:00,10365.0,10415.0,10358.0,10400.0,20082
2026-04-13 09:30:00,10404.0,10475.0,10400.0,10462.5,27393
2026-04-13 09:35:00,10458.5,10462.5,10366.0,10381.5,19849
2026-04-13 09:40:00,10373.5,10444.0,10373.5,10432.5,11282
2026-04-13 09:45:00,10432.5,10445.0,10426.0,10441.5,6706
2026-04-13 09:50:00,10445.0,10493.0,10440.0,10481.0,14960
2026-04-13 09:55:00,10481.0,10504.0,10446.5,10471.5,14210
2026-04-13 10:00:00,10466.0,10474.0,10435.0,10451.5,4784
2026-04-13 10:05:00,10450.5,10470.0,10439.5,10447.0,6023
2026-04-13 10:10:00,10447.0,10456.0,10410.0,10413.0,9229
2026-04-13 10:15:00,10413.0,10452.0,10398.0,10452.0,11482
2026-04-13 10:20:00,10450.0,10479.0,10447.5,10462.0,11995
2026-04-13 10:25:00,10465.5,10496.5,10463.5,10480.0,8908
2026-04-13 10:30:00,10481.0,10494.0,10452.0,10460.0,6930
2026-04-13 10:35:00,10458.0,10492.0,10442.5,10485.0,5689
2026-04-13 10:40:00,10490.0,10496.0,10450.5,10482.0,9783
2026-04-13 10:45:00,10473.5,10504.0,10473.5,10496.0,13829
2026-04-13 10:50:00,10495.5,10521.0,10495.5,10511.0,12570
2026-04-13 10:55:00,10511.0,10523.0,10502.0,10508.0,6824
2026-04-13 11:00:00,10508.0,10508.0,10492.0,10496.5,4381
2026-04-13 11:05:00,10501.5,10505.0,10493.5,10499.0,2130
2026-04-13 11:10:00,10499.5,10499.5,10471.0,10474.0,4678
2026-04-13 11:15:00,10474.0,10493.5,10474.0,10485.0,2323
2026-04-13 11:20:00,10485.5,10515.0,10471.0,10503.5,4999
2026-04-13 11:25:00,10503.0,10510.0,10481.0,10482.5,1960
2026-04-13 11:30:00,10482.5,10490.0,10467.5,10480.0,3137
2026-04-13 11:35:00,10480.0,10497.5,10477.0,10482.5,4116
2026-04-13 11:40:00,10482.5,10492.0,10472.0,10489.0,1630
2026-04-13 11:45:00,10491.5,10493.5,10467.0,10477.0,3796
2026-04-13 11:50:00,10483.0,10495.0,10481.0,10493.5,1899
2026-04-13 11:55:00,10494.0,10498.0,10480.0,10483.0,2662
2026-04-13 12:00:00,10483.0,10491.0,10478.0,10489.0,1687
2026-04-13 12:05:00,10488.5,10499.0,10485.5,10492.0,2522
2026-04-13 12:10:00,10488.0,10495.5,10468.0,10475.0,3317
2026-04-13 12:15:00,10475.0,10480.0,10461.0,10471.0,4394
2026-04-13 12:20:00,10474.0,10479.0,10455.0,10460.5,4235
2026-04-13 12:25:00,10462.0,10479.0,10460.0,10475.5,2064
2026-04-13 12:30:00,10473.0,10475.5,10457.0,10462.0,2618
2026-04-13 12:35:00,10466.5,10507.5,10466.5,10490.0,5225
2026-04-13 12:40:00,10486.5,10504.0,10482.0,10500.0,2506
2026-04-13 12:45:00,10500.0,10505.0,10487.0,10496.5,1696
2026-04-13 12:50:00,10494.5,10500.0,10477.5,10483.0,1770
2026-04-13 12:55:00,10479.0,10487.5,10445.5,10469.0,6279
2026-04-13 13:00:00,10469.0,10471.0,10445.5,10466.5,5665
2026-04-13 13:05:00,10466.5,10490.0,10463.0,10486.0,2715
2026-04-13 13:10:00,10482.0,10494.5,10480.0,10487.5,3218
2026-04-13 13:15:00,10490.0,10495.0,10477.5,10489.0,2995
2026-04-13 13:20:00,10489.0,10494.5,10482.0,10484.0,1346
2026-04-13 13:25:00,10482.5,10490.0,10480.0,10480.0,972
2026-04-13 13:30:00,10479.0,10497.5,10479.0,10492.0,4471
2026-04-13 13:35:00,10489.0,10495.0,10480.0,10489.0,2240
2026-04-13 13:40:00,10486.0,10490.0,10482.0,10485.5,873
2026-04-13 13:45:00,10490.0,10490.0,10480.0,10486.5,1171
2026-04-13 13:50:00,10482.0,10508.0,10482.0,10506.0,5948
2026-04-13 13:55:00,10506.0,10537.0,10502.5,10515.0,11631
2026-04-13 14:00:00,10517.0,10530.0,10501.5,10519.0,6963
2026-04-13 14:05:00,10520.0,10520.0,10480.0,10481.5,6200
2026-04-13 14:10:00,10482.0,10488.0,10472.0,10487.0,3853
2026-04-13 14:15:00,10482.5,10490.0,10428.0,10459.5,20779
2026-04-13 14:20:00,10456.0,10477.0,10456.0,10471.5,2372
2026-04-13 14:25:00,10471.5,10488.5,10471.5,10481.5,5115
2026-04-13 14:30:00,10481.5,10499.5,10480.0,10492.5,5527
2026-04-13 14:35:00,10488.0,10505.0,10481.5,10496.5,5342
2026-04-13 14:40:00,10496.5,10510.0,10480.0,10491.0,5735
2026-04-13 14:45:00,10487.5,10507.0,10480.5,10505.0,4381
2026-04-13 14:50:00,10505.0,10505.5,10490.0,10494.0,4005
2026-04-13 14:55:00,10493.0,10498.0,10485.0,10486.0,2310
2026-04-13 15:00:00,10487.5,10492.0,10452.0,10472.5,14268
2026-04-13 15:05:00,10476.0,10484.5,10465.0,10471.0,5823
2026-04-13 15:10:00,10471.0,10493.5,10466.5,10482.5,9796
2026-04-13 15:15:00,10483.5,10506.0,10482.0,10497.5,14473
2026-04-13 15:20:00,10494.0,10549.5,10490.5,10547.5,14768
2026-04-13 15:25:00,10543.0,10590.0,10535.5,10575.0,14984
2026-04-15 09:15:00,10714.5,10844.5,10714.5,10824.5,51097
2026-04-15 09:20:00,10828.0,10849.0,10782.0,10784.5,22285
2026-04-15 09:25:00,10789.0,10795.5,10772.5,10775.0,11443
2026-04-15 09:30:00,10779.5,10791.0,10772.0,10775.0,8122
2026-04-15 09:35:00,10779.5,10782.0,10755.5,10763.0,7971
2026-04-15 09:40:00,10763.0,10823.5,10762.0,10812.0,11888
2026-04-15 09:45:00,10811.0,10839.5,10793.0,10798.0,14497
2026-04-15 09:50:00,10798.5,10845.0,10785.0,10839.5,12889
2026-04-15 09:55:00,10835.5,10855.0,10822.5,10831.5,15587
2026-04-15 10:00:00,10835.0,10839.0,10805.0,10823.5,6179
2026-04-15 10:05:00,10829.0,10845.0,10821.0,10842.0,7147
2026-04-15 10:10:00,10842.0,10872.0,10836.5,10860.0,13539
2026-04-15 10:15:00,10863.5,10930.0,10863.5,10906.5,26796
2026-04-15 10:20:00,10906.5,10915.5,10884.0,10905.0,10624
2026-04-15 10:25:00,10905.0,10923.5,10892.0,10921.5,9923
2026-04-15 10:30:00,10921.5,10927.5,10870.0,10871.0,14904
2026-04-15 10:35:00,10872.5,10880.5,10845.0,10856.0,11139
2026-04-15 10:40:00,10858.0,10870.0,10857.5,10857.5,4924
2026-04-15 10:45:00,10858.0,10887.0,10847.0,10874.5,6342
2026-04-15 10:50:00,10874.5,10875.0,10806.5,10825.0,19597
2026-04-15 10:55:00,10818.0,10839.0,10814.5,10816.0,5962
2026-04-15 11:00:00,10815.0,10821.0,10807.0,10810.0,5747
2026-04-15 11:05:00,10812.0,10826.0,10802.0,10820.0,5092
2026-04-15 11:10:00,10820.0,10833.0,10812.0,10814.5,6522
2026-04-15 11:15:00,10814.5,10839.0,10814.0,10816.0,4131
2026-04-15 11:20:00,10819.0,10844.5,10816.5,10840.5,6501
2026-04-15 11:25:00,10843.0,10845.0,10827.0,10833.0,3055
2026-04-15 11:30:00,10833.0,10874.5,10831.0,10870.0,5494
2026-04-15 11:35:00,10868.0,10896.0,10864.0,10896.0,13516
2026-04-15 11:40:00,10897.0,10905.0,10890.0,10902.5,13951
2026-04-15 11:45:00,10900.5,10923.5,10894.0,10918.0,12720
2026-04-15 11:50:00,10918.0,10923.0,10905.5,10917.0,9001
2026-04-15 11:55:00,10914.5,10921.0,10901.0,10907.0,5110
2026-04-15 12:00:00,10907.0,10936.0,10907.0,10930.0,18849
2026-04-15 12:05:00,10931.0,10942.0,10918.0,10936.0,8841
2026-04-15 12:10:00,10935.0,10960.0,10933.0,10945.0,19271
2026-04-15 12:15:00,10949.5,10963.0,10932.5,10939.5,12028
2026-04-15 12:20:00,10937.5,10958.0,10937.0,10952.0,10442
2026-04-15 12:25:00,10950.0,10970.0,10949.0,10961.0,13594
2026-04-15 12:30:00,10962.0,10963.5,10942.5,10953.0,5093
2026-04-15 12:35:00,10949.0,10960.0,10945.0,10948.0,4207
2026-04-15 12:40:00,10945.0,10948.0,10932.5,10939.0,4712
2026-04-15 12:45:00,10939.0,10947.0,10934.0,10936.5,3699
2026-04-15 12:50:00,10936.5,10942.0,10925.0,10927.5,5122
2026-04-15 12:55:00,10928.0,10948.0,10927.0,10932.0,4303
2026-04-15 13:00:00,10932.0,10939.0,10921.0,10928.0,3007
2026-04-15 13:05:00,10928.0,10930.0,10916.0,10925.0,3854
2026-04-15 13:10:00,10929.5,10940.0,10922.0,10928.5,2049
2026-04-15 13:15:00,10934.0,10934.0,10927.0,10931.0,2519
2026-04-15 13:20:00,10931.5,10935.0,10901.5,10902.0,9953
2026-04-15 13:25:00,10901.5,10916.5,10896.5,10903.0,4882
2026-04-15 13:30:00,10905.0,10915.0,10900.5,10910.0,2879
2026-04-15 13:35:00,10909.0,10925.0,10905.0,10910.0,3399
2026-04-15 13:40:00,10908.5,10931.5,10907.0,10930.5,3142
2026-04-15 13:45:00,10930.5,10932.0,10920.0,10928.0,2488
2026-04-15 13:50:00,10930.0,10935.0,10920.0,10928.0,2927
2026-04-15 13:55:00,10928.0,10951.0,10925.0,10950.0,5649
2026-04-15 14:00:00,10947.0,10954.0,10943.0,10950.0,4484
2026-04-15 14:05:00,10950.5,10964.0,10947.0,10952.5,7789
2026-04-15 14:10:00,10952.5,10965.0,10950.5,10955.0,6786
2026-04-15 14:15:00,10955.5,10963.0,10947.0,10954.5,4271
2026-04-15 14:20:00,10958.5,10961.0,10944.0,10944.0,3727
2026-04-15 14:25:00,10941.0,10952.0,10940.0,10949.0,4033
2026-04-15 14:30:00,10949.5,10955.0,10944.0,10954.0,4013
2026-04-15 14:35:00,10949.5,10979.0,10949.5,10973.0,16034
2026-04-15 14:40:00,10973.0,10985.0,10973.0,10977.0,8767
2026-04-15 14:45:00,10978.5,10997.0,10967.0,10996.0,13585
2026-04-15 14:50:00,10991.0,11020.0,10990.0,11015.5,23261
2026-04-15 14:55:00,11015.0,11095.0,11015.0,11090.0,44064
2026-04-15 15:00:00,11095.0,11099.0,11056.0,11077.0,36626
2026-04-15 15:05:00,11082.0,11088.0,11060.0,11065.0,20124
2026-04-15 15:10:00,11067.0,11074.0,11022.5,11022.5,30917
2026-04-15 15:15:00,11030.0,11080.0,11022.5,11062.5,34787
2026-04-15 15:20:00,11063.5,11096.0,11063.5,11090.0,22441
2026-04-15 15:25:00,11094.0,11095.0,11060.0,11077.0,23399
2026-04-16 09:15:00,11250.0,11407.5,11250.0,11326.5,115982
2026-04-16 09:20:00,11325.0,11349.0,11266.0,11286.0,52860
2026-04-16 09:25:00,11286.0,11292.0,11223.0,11241.0,47329
2026-04-16 09:30:00,11242.0,11244.0,11221.0,11223.5,27176
2026-04-16 09:35:00,11224.0,11224.0,11154.0,11204.0,39394
2026-04-16 09:40:00,11200.5,11225.0,11181.0,11182.0,16004
2026-04-16 09:45:00,11180.0,11190.5,11153.0,11187.0,18552
2026-04-16 09:50:00,11190.0,11204.5,11175.0,11187.0,16504
2026-04-16 09:55:00,11187.0,11205.0,11142.5,11155.0,23393
2026-04-16 10:00:00,11155.0,11173.0,11146.0,11165.5,18240
2026-04-16 10:05:00,11160.5,11190.0,11152.5,11175.0,11373
2026-04-16 10:10:00,11174.0,11182.5,11150.0,11164.5,10116
2026-04-16 10:15:00,11164.5,11190.0,11155.0,11162.0,9365
2026-04-16 10:20:00,11160.0,11162.0,11121.0,11147.0,18217
2026-04-16 10:25:00,11147.0,11169.0,11138.0,11152.0,9271
2026-04-16 10:30:00,11159.0,11199.0,11155.5,11198.5,12284
2026-04-16 10:35:00,11198.5,11220.0,11187.0,11208.0,13801
2026-04-16 10:40:00,11210.5,11220.0,11196.0,11214.5,8309
2026-04-16 10:45:00,11214.5,11223.0,11205.0,11215.5,9037
2026-04-16 10:50:00,11216.0,11235.0,11215.0,11230.0,8325
2026-04-16 10:55:00,11234.5,11235.0,11211.5,11217.0,6303
2026-04-16 11:00:00,11220.0,11232.5,11215.0,11228.0,6775
2026-04-16 11:05:00,11228.0,11245.5,11224.5,11245.5,7948
2026-04-16 11:10:00,11247.0,11269.0,11233.0,11269.0,15085
2026-04-16 11:15:00,11269.0,11273.5,11241.5,11258.5,11798
2026-04-16 11:20:00,11257.0,11275.0,11254.5,11265.0,6472
2026-04-16 11:25:00,11266.0,11268.0,11250.5,11265.0,5403
2026-04-16 11:30:00,11265.0,11320.0,11262.0,11302.5,28701
2026-04-16 11:35:00,11306.0,11327.0,11277.5,11287.0,20706
2026-04-16 11:40:00,11287.0,11327.5,11284.0,11293.5,20076
2026-04-16 11:45:00,11293.5,11295.0,11221.0,11270.5,21808
2026-04-16 11:50:00,11273.5,11273.5,11235.5,11249.0,5157
2026-04-16 11:55:00,11248.5,11255.0,11211.5,11218.0,11424
2026-04-16 12:00:00,11218.0,11218.0,11180.0,11180.0,16795
2026-04-16 12:05:00,11181.0,11217.0,11177.0,11210.0,10338
2026-04-16 12:10:00,11215.0,11225.0,11200.0,11200.0,9862
2026-04-16 12:15:00,11200.0,11203.5,11139.0,11184.5,20887
2026-04-16 12:20:00,11188.5,11194.5,11170.0,11174.0,7705
2026-04-16 12:25:00,11178.0,11193.5,11165.0,11170.0,5658
2026-04-16 12:30:00,11168.0,11175.5,11152.0,11163.0,7225
2026-04-16 12:35:00,11160.0,11184.0,11153.5,11165.5,7161
2026-04-16 12:40:00,11164.0,11174.0,11145.0,11155.0,12250
2026-04-16 12:45:00,11155.0,11167.0,11143.0,11162.5,5756
2026-04-16 12:50:00,11162.5,11189.0,11145.0,11161.5,9954
2026-04-16 12:55:00,11165.0,11184.5,11161.5,11180.0,3976
2026-04-16 13:00:00,11180.0,11191.0,11165.5,11185.5,5945
2026-04-16 13:05:00,11189.0,11195.0,11170.0,11174.0,5225
2026-04-16 13:10:00,11174.0,11189.0,11169.0,11180.0,6580
2026-04-16 13:15:00,11180.0,11195.0,11177.0,11192.0,3961
2026-04-16 13:20:00,11192.0,11192.0,11158.5,11158.5,6142
2026-04-16 13:25:00,11160.0,11186.0,11158.5,11186.0,3557
2026-04-16 13:30:00,11186.0,11193.0,11175.5,11188.5,4328
2026-04-16 13:35:00,11188.5,11190.0,11182.0,11184.5,2390
2026-04-16 13:40:00,11184.5,11197.0,11178.0,11194.0,3622
2026-04-16 13:45:00,11196.5,11213.0,11194.0,11211.0,6628
2026-04-16 13:50:00,11211.0,11230.0,11211.0,11230.0,8181
2026-04-16 13:55:00,11227.0,11235.0,11221.0,11230.5,10636
2026-04-16 14:00:00,11230.5,11233.0,11190.5,11204.5,13324
2026-04-16 14:05:00,11204.5,11206.5,11190.0,11197.0,6118
2026-04-16 14:10:00,11195.5,11225.0,11193.0,11223.5,5718
2026-04-16 14:15:00,11225.0,11225.0,11215.5,11223.5,4196
2026-04-16 14:20:00,11221.5,11224.0,11210.0,11219.0,4617
2026-04-16 14:25:00,11221.5,11230.0,11216.5,11224.0,8483
2026-04-16 14:30:00,11225.0,11249.0,11223.0,11248.0,10678
2026-04-16 14:35:00,11249.5,11273.0,11246.0,11270.0,13246
2026-04-16 14:40:00,11272.0,11305.0,11270.0,11292.5,19589
2026-04-16 14:45:00,11292.5,11317.0,11292.5,11305.0,19011
2026-04-16 14:50:00,11305.0,11317.5,11301.5,11311.0,12098
2026-04-16 14:55:00,11310.0,11316.0,11301.5,11312.5,11000
2026-04-16 15:00:00,11308.5,11314.0,11242.5,11288.0,21318
2026-04-16 15:05:00,11288.0,11294.5,11276.0,11284.0,9904
2026-04-16 15:10:00,11282.0,11301.0,11269.5,11292.0,16899
2026-04-16 15:15:00,11292.5,11301.0,11281.5,11286.0,19524
2026-04-16 15:20:00,11286.0,11296.0,11262.5,11290.0,15487
2026-04-16 15:25:00,11293.5,11300.0,11266.0,11286.0,17508
2026-04-17 09:15:00,11320.0,11363.0,11270.5,11357.0,39231
2026-04-17 09:20:00,11357.0,11398.0,11357.0,11369.5,24190
2026-04-17 09:25:00,11369.5,11370.0,11335.0,11353.0,11256
2026-04-17 09:30:00,11350.0,11353.0,11306.5,11307.0,18318
2026-04-17 09:35:00,11307.0,11334.0,11291.5,11332.0,15247
2026-04-17 09:40:00,11334.0,11340.0,11285.5,11293.5,16548
2026-04-17 09:45:00,11296.5,11326.5,11270.0,11323.0,18347
2026-04-17 09:50:00,11323.0,11330.0,11288.0,11305.0,8912
2026-04-17 09:55:00,11309.5,11360.0,11295.0,11354.5,13509
2026-04-17 10:00:00,11354.0,11368.0,11297.0,11357.5,29021
2026-04-17 10:05:00,11350.0,11385.0,11350.0,11350.5,16452
2026-04-17 10:10:00,11350.5,11354.0,11340.0,11348.0,4610
2026-04-17 10:15:00,11348.5,11375.5,11345.0,11354.0,12459
2026-04-17 10:20:00,11353.0,11359.0,11335.0,11357.5,6570
2026-04-17 10:25:00,11357.5,11374.0,11351.0,11358.0,7031
2026-04-17 10:30:00,11355.5,11370.0,11330.0,11347.5,8105
2026-04-17 10:35:00,11343.0,11375.0,11339.5,11340.0,6096
2026-04-17 10:40:00,11346.0,11394.0,11334.0,11373.5,15643
2026-04-17 10:45:00,11378.5,11390.0,11367.0,11373.0,6014
2026-04-17 10:50:00,11374.0,11385.0,11366.5,11374.0,3109
2026-04-17 10:55:00,11371.5,11376.5,11351.5,11357.5,4798
2026-04-17 11:00:00,11357.5,11359.5,11339.0,11346.5,4388
2026-04-17 11:05:00,11343.0,11355.0,11343.0,11352.5,1889
2026-04-17 11:10:00,11352.5,11380.0,11352.5,11376.0,4811
2026-04-17 11:15:00,11376.0,11385.0,11367.0,11372.5,4575
2026-04-17 11:20:00,11375.5,11395.0,11370.0,11380.0,9641
2026-04-17 11:25:00,11382.0,11385.5,11375.5,11379.5,2567
2026-04-17 11:30:00,11380.0,11384.0,11372.5,11382.0,2278
2026-04-17 11:35:00,11382.0,11388.0,11373.5,11385.5,2771
2026-04-17 11:40:00,11385.5,11390.0,11381.0,11385.0,2215
2026-04-17 11:45:00,11385.0,11388.5,11360.5,11363.5,5862
2026-04-17 11:50:00,11368.5,11379.0,11364.5,11375.0,2527
2026-04-17 11:55:00,11375.0,11377.0,11370.0,11370.0,1348
2026-04-17 12:00:00,11370.0,11374.5,11308.5,11341.0,17440
2026-04-17 12:05:00,11338.5,11350.0,11290.0,11305.0,25158
2026-04-17 12:10:00,11305.5,11329.0,11293.0,11317.0,13408
2026-04-17 12:15:00,11317.0,11319.0,11290.5,11294.5,8729
2026-04-17 12:20:00,11290.0,11309.0,11278.0,11307.5,14984
2026-04-17 12:25:00,11310.0,11320.0,11300.0,11313.0,4229
2026-04-17 12:30:00,11313.5,11318.0,11301.0,11308.0,2872
2026-04-17 12:35:00,11309.5,11310.5,11278.0,11285.0,9143
2026-04-17 12:40:00,11281.0,11300.0,11280.0,11300.0,5027
2026-04-17 12:45:00,11300.0,11329.5,11294.0,11301.0,9728
2026-04-17 12:50:00,11300.0,11305.0,11290.0,11298.5,3669
2026-04-17 12:55:00,11293.5,11304.5,11286.5,11290.0,5612
2026-04-17 13:00:00,11290.0,11324.5,11288.0,11302.5,9364
2026-04-17 13:05:00,11302.5,11314.5,11293.5,11305.0,8531
2026-04-17 13:10:00,11308.5,11321.0,11299.0,11320.0,9424
2026-04-17 13:15:00,11317.5,11340.0,11315.0,11338.0,12695
2026-04-17 13:20:00,11335.5,11368.0,11335.5,11356.5,12404
2026-04-17 13:25:00,11355.0,11380.0,11351.5,11375.0,14312
2026-04-17 13:30:00,11375.0,11407.0,11360.0,11402.5,37890
2026-04-17 13:35:00,11398.0,11410.0,11370.0,11373.5,10835
2026-04-17 13:40:00,11374.0,11381.5,11357.0,11361.0,4948
2026-04-17 13:45:00,11364.5,11380.0,11360.0,11368.0,2632
2026-04-17 13:50:00,11368.0,11387.0,11355.5,11384.5,6012
2026-04-17 13:55:00,11383.5,11395.5,11362.0,11392.0,7734
2026-04-17 14:00:00,11394.5,11408.0,11388.5,11401.0,17335
2026-04-17 14:05:00,11398.0,11398.5,11377.5,11389.5,7821
2026-04-17 14:10:00,11390.0,11392.5,11372.5,11376.0,3532
2026-04-17 14:15:00,11372.5,11385.0,11369.0,11379.5,5446
2026-04-17 14:20:00,11379.5,11383.0,11374.0,11382.5,1820
2026-04-17 14:25:00,11382.0,11384.0,11373.0,11380.0,2152
2026-04-17 14:30:00,11379.5,11393.0,11375.0,11393.0,4028
2026-04-17 14:35:00,11393.0,11394.0,11382.5,11386.5,2674
2026-04-17 14:40:00,11390.0,11395.0,11386.5,11393.0,4269
2026-04-17 14:45:00,11393.0,11405.0,11393.0,11400.0,8672
2026-04-17 14:50:00,11400.5,11404.0,11397.0,11399.5,4925
2026-04-17 14:55:00,11402.0,11405.0,11392.0,11398.5,8286
2026-04-17 15:00:00,11397.5,11399.0,11352.0,11369.0,14565
2026-04-17 15:05:00,11368.0,11376.5,11355.0,11374.0,10888
2026-04-17 15:10:00,11372.0,11384.5,11369.5,11372.0,7656
2026-04-17 15:15:00,11372.0,11382.5,11360.5,11377.0,12196
2026-04-17 15:20:00,11377.5,11385.0,11370.5,11373.0,12756
2026-04-17 15:25:00,11371.5,11385.0,11360.5,11379.0,14625
2026-04-20 09:15:00,11400.0,11400.0,11185.5,11301.0,47336
2026-04-20 09:20:00,11294.5,11386.5,11294.5,11381.0,21293
2026-04-20 09:25:00,11382.0,11400.0,11305.5,11311.0,19124
2026-04-20 09:30:00,11311.0,11311.0,11243.5,11254.0,19958
2026-04-20 09:35:00,11255.0,11267.5,11203.0,11210.0,14650
2026-04-20 09:40:00,11204.5,11217.0,11170.0,11177.5,24833
2026-04-20 09:45:00,11172.5,11184.0,11150.0,11165.0,18513
2026-04-20 09:50:00,11171.5,11248.0,11155.0,11248.0,20256
2026-04-20 09:55:00,11245.5,11250.0,11216.5,11219.0,12144
2026-04-20 10:00:00,11221.0,11295.0,11218.5,11280.0,19796
2026-04-20 10:05:00,11275.0,11280.0,11258.0,11267.5,14604
2026-04-20 10:10:00,11267.5,11277.0,11255.0,11255.0,11466
2026-04-20 10:15:00,11255.0,11320.0,11241.5,11311.0,19614
2026-04-20 10:20:00,11310.0,11363.0,11300.0,11345.0,22448
2026-04-20 10:25:00,11342.5,11347.0,11316.0,11341.5,7210
2026-04-20 10:30:00,11344.5,11355.0,11334.0,11346.5,5767
2026-04-20 10:35:00,11344.5,11377.0,11342.5,11355.0,11218
2026-04-20 10:40:00,11356.0,11410.0,11351.5,11385.0,20648
2026-04-20 10:45:00,11384.5,11385.0,11350.0,11379.0,7102
2026-04-20 10:50:00,11377.0,11384.0,11354.0,11357.0,3249
2026-04-20 10:55:00,11356.0,11366.5,11342.0,11361.0,4111
2026-04-20 11:00:00,11358.5,11358.5,11330.0,11345.5,4295
2026-04-20 11:05:00,11349.5,11352.0,11318.5,11322.5,5763
2026-04-20 11:10:00,11322.5,11326.0,11306.0,11311.5,5882
2026-04-20 11:15:00,11311.5,11331.5,11310.0,11315.5,2586
2026-04-20 11:20:00,11315.5,11337.5,11312.5,11333.0,3468
2026-04-20 11:25:00,11333.0,11340.0,11324.0,11335.5,2837
2026-04-20 11:30:00,11340.0,11345.0,11320.0,11325.0,2477
2026-04-20 11:35:00,11325.0,11338.5,11315.0,11330.0,2436
2026-04-20 11:40:00,11333.5,11337.0,11323.0,11323.5,1452
2026-04-20 11:45:00,11323.5,11340.0,11319.0,11330.0,2079
2026-04-20 11:50:00,11330.0,11330.0,11315.0,11322.0,1027
2026-04-20 11:55:00,11323.5,11360.0,11318.5,11360.0,5161
2026-04-20 12:00:00,11360.0,11370.0,11353.5,11361.5,5953
2026-04-20 12:05:00,11361.0,11397.5,11340.0,11347.5,13265
2026-04-20 12:10:00,11347.0,11385.5,11342.0,11373.5,3890
2026-04-20 12:15:00,11375.5,11392.0,11361.0,11369.5,5922
2026-04-20 12:20:00,11369.5,11390.0,11369.5,11383.0,4589
2026-04-20 12:25:00,11383.0,11391.0,11381.0,11388.5,3977
2026-04-20 12:30:00,11388.5,11391.0,11362.0,11374.0,3323
2026-04-20 12:35:00,11374.0,11380.5,11361.0,11370.0,1756
2026-04-20 12:40:00,11370.0,11370.0,11358.0,11362.5,1695
2026-04-20 12:45:00,11362.5,11373.0,11361.0,11368.5,1642
2026-04-20 12:50:00,11368.5,11380.0,11368.0,11370.0,2256
2026-04-20 12:55:00,11373.0,11376.5,11367.0,11367.5,1712
2026-04-20 13:00:00,11368.0,11372.0,11336.0,11350.5,7900
2026-04-20 13:05:00,11350.5,11355.0,11331.5,11335.0,4721
2026-04-20 13:10:00,11335.0,11345.0,11319.0,11337.0,4842
2026-04-20 13:15:00,11337.0,11348.5,11326.5,11335.5,2675
2026-04-20 13:20:00,11332.0,11334.0,11298.0,11307.5,8535
2026-04-20 13:25:00,11305.0,11306.0,11263.0,11272.0,10014
2026-04-20 13:30:00,11275.0,11289.5,11270.5,11281.5,5419
2026-04-20 13:35:00,11281.0,11282.0,11252.0,11253.0,5603
2026-04-20 13:40:00,11253.0,11281.0,11251.0,11276.0,5225
2026-04-20 13:45:00,11275.0,11287.5,11273.0,11277.5,5881
2026-04-20 13:50:00,11277.5,11278.0,11264.0,11267.5,4049
2026-04-20 13:55:00,11273.0,11273.0,11241.0,11255.5,6698
2026-04-20 14:00:00,11255.5,11264.0,11250.0,11253.0,3286
2026-04-20 14:05:00,11253.0,11259.5,11232.5,11239.0,6575
2026-04-20 14:10:00,11237.5,11258.5,11237.5,11258.5,3398
2026-04-20 14:15:00,11255.0,11295.0,11251.5,11280.5,9714
2026-04-20 14:20:00,11280.5,11304.5,11280.5,11299.0,4233
2026-04-20 14:25:00,11296.0,11300.0,11286.0,11291.5,2461
2026-04-20 14:30:00,11291.5,11299.0,11280.0,11293.5,3783
2026-04-20 14:35:00,11292.0,11295.0,11284.0,11284.0,1803
2026-04-20 14:40:00,11287.0,11290.0,11276.0,11286.5,4133
2026-04-20 14:45:00,11287.5,11294.0,11273.0,11279.5,4862
2026-04-20 14:50:00,11278.0,11282.5,11258.5,11268.5,4288
2026-04-20 14:55:00,11268.5,11273.0,11261.5,11265.0,2613
2026-04-20 15:00:00,11264.5,11273.0,11242.5,11247.0,7859
2026-04-20 15:05:00,11247.5,11249.5,11217.5,11222.5,9758
2026-04-20 15:10:00,11228.0,11243.5,11223.5,11234.0,6984
2026-04-20 15:15:00,11235.0,11235.0,11174.5,11182.0,19321
2026-04-20 15:20:00,11182.5,11203.0,11178.0,11188.0,12869
2026-04-20 15:25:00,11184.0,11200.0,11171.0,11194.0,12882
2026-04-21 09:15:00,11211.0,11374.0,11211.0,11365.0,31108
2026-04-21 09:20:00,11365.0,11374.0,11334.0,11341.0,19708
2026-04-21 09:25:00,11343.0,11343.0,11316.0,11318.0,10064
2026-04-21 09:30:00,11317.0,11325.0,11310.0,11317.5,5449
2026-04-21 09:35:00,11318.5,11338.0,11312.5,11334.0,6138
2026-04-21 09:40:00,11334.0,11349.0,11324.0,11340.0,6082
2026-04-21 09:45:00,11344.0,11366.5,11344.0,11354.0,9112
2026-04-21 09:50:00,11357.0,11373.5,11352.5,11363.0,7886
2026-04-21 09:55:00,11360.5,11362.0,11349.5,11355.0,2938
2026-04-21 10:00:00,11358.0,11392.0,11358.0,11385.5,11728
2026-04-21 10:05:00,11381.0,11395.0,11380.0,11391.0,7045
2026-04-21 10:10:00,11391.0,11440.0,11374.0,11435.0,26147
2026-04-21 10:15:00,11434.5,11435.0,11382.0,11387.0,12106
2026-04-21 10:20:00,11382.5,11387.0,11370.0,11375.0,6234
2026-04-21 10:25:00,11376.0,11379.5,11355.5,11365.0,5530
2026-04-21 10:30:00,11365.0,11389.5,11365.0,11381.0,3400
2026-04-21 10:35:00,11381.0,11389.0,11352.0,11362.5,4929
2026-04-21 10:40:00,11362.5,11365.0,11334.5,11342.0,11435
2026-04-21 10:45:00,11345.0,11352.0,11331.5,11332.0,4788
2026-04-21 10:50:00,11333.5,11351.5,11333.0,11345.0,2801
2026-04-21 10:55:00,11347.5,11353.5,11333.0,11337.0,3859
2026-04-21 11:00:00,11337.0,11354.5,11334.0,11348.0,2194
2026-04-21 11:05:00,11346.5,11366.0,11346.0,11363.0,3373
2026-04-21 11:10:00,11365.0,11376.0,11361.5,11361.5,3116
2026-04-21 11:15:00,11367.5,11399.0,11362.5,11398.0,5467
2026-04-21 11:20:00,11397.0,11399.0,11385.0,11392.5,4515
2026-04-21 11:25:00,11391.5,11396.5,11382.0,11389.5,5102
2026-04-21 11:30:00,11389.5,11390.0,11367.5,11378.0,5409
2026-04-21 11:35:00,11377.5,11394.0,11371.0,11374.5,3775
2026-04-21 11:40:00,11374.5,11390.5,11371.0,11385.0,2595
2026-04-21 11:45:00,11385.5,11392.0,11372.0,11372.5,2632
2026-04-21 11:50:00,11372.0,11377.0,11371.0,11375.0,1810
2026-04-21 11:55:00,11371.5,11380.0,11371.5,11373.0,2059
2026-04-21 12:00:00,11373.0,11379.5,11372.0,11374.0,1148
2026-04-21 12:05:00,11374.0,11386.0,11370.0,11382.0,2746
2026-04-21 12:10:00,11386.0,11386.0,11380.0,11381.0,1714
2026-04-21 12:15:00,11384.5,11384.5,11366.0,11373.5,3563
2026-04-21 12:20:00,11373.5,11378.5,11366.5,11370.0,969
2026-04-21 12:25:00,11369.5,11372.5,11366.0,11366.0,953
2026-04-21 12:30:00,11366.0,11375.0,11355.5,11355.5,2484
2026-04-21 12:35:00,11355.5,11359.5,11323.0,11323.0,10365
2026-04-21 12:40:00,11321.0,11328.0,11305.0,11312.0,8462
2026-04-21 12:45:00,11310.5,11315.0,11297.0,11309.0,8441
2026-04-21 12:50:00,11308.0,11309.5,11297.0,11306.0,5809
2026-04-21 12:55:00,11308.0,11318.0,11300.0,11318.0,3746
2026-04-21 13:00:00,11319.0,11328.0,11310.0,11310.0,4405
2026-04-21 13:05:00,11310.0,11317.5,11302.5,11307.0,2642
2026-04-21 13:10:00,11307.0,11318.5,11303.0,11314.5,2145
2026-04-21 13:15:00,11314.5,11325.0,11302.0,11302.5,2137
2026-04-21 13:20:00,11306.5,11313.5,11302.0,11304.0,1369
2026-04-21 13:25:00,11305.0,11315.0,11305.0,11309.0,1054
2026-04-21 13:30:00,11310.0,11329.0,11307.5,11325.0,1989
2026-04-21 13:35:00,11321.5,11325.0,11305.5,11312.0,1778
2026-04-21 13:40:00,11310.0,11323.0,11301.5,11309.0,2862
2026-04-21 13:45:00,11309.0,11318.0,11308.5,11318.0,804
2026-04-21 13:50:00,11314.5,11323.0,11309.5,11322.5,2382
2026-04-21 13:55:00,11321.0,11330.0,11321.0,11321.0,2487
2026-04-21 14:00:00,11320.5,11323.0,11306.0,11308.0,1426
2026-04-21 14:05:00,11308.0,11312.5,11300.0,11302.5,2388
2026-04-21 14:10:00,11300.0,11307.5,11285.0,11290.0,6786
2026-04-21 14:15:00,11291.5,11311.5,11288.0,11302.5,1972
2026-04-21 14:20:00,11303.0,11316.0,11302.0,11311.0,2958
2026-04-21 14:25:00,11310.0,11311.0,11300.5,11302.5,2658
2026-04-21 14:30:00,11302.5,11306.5,11290.0,11293.5,3202
2026-04-21 14:35:00,11294.5,11300.0,11283.0,11294.0,4453
2026-04-21 14:40:00,11294.0,11300.0,11285.0,11292.5,3425
2026-04-21 14:45:00,11292.5,11295.0,11286.0,11288.0,2527
2026-04-21 14:50:00,11290.0,11300.0,11285.0,11286.0,3302
2026-04-21 14:55:00,11286.0,11292.0,11285.0,11290.5,2805
2026-04-21 15:00:00,11287.5,11290.5,11282.0,11285.5,5497
2026-04-21 15:05:00,11285.5,11289.0,11273.5,11282.0,4036
2026-04-21 15:10:00,11281.5,11285.0,11260.0,11273.0,9028
2026-04-21 15:15:00,11273.0,11274.0,11250.0,11254.5,10135
2026-04-21 15:20:00,11250.0,11260.0,11245.5,11260.0,10578
2026-04-21 15:25:00,11260.0,11275.0,11245.5,11271.0,7822
2026-04-22 09:15:00,11265.0,11341.0,11229.5,11304.0,35392
2026-04-22 09:20:00,11304.0,11307.5,11265.5,11270.0,11444
2026-04-22 09:25:00,11265.5,11270.0,11251.0,11258.0,9299
2026-04-22 09:30:00,11259.0,11288.5,11251.5,11288.5,8763
2026-04-22 09:35:00,11290.0,11309.0,11270.0,11274.5,8180
2026-04-22 09:40:00,11275.0,11290.0,11253.0,11268.0,7200
2026-04-22 09:45:00,11268.0,11289.0,11233.5,11269.0,12349
2026-04-22 09:50:00,11255.5,11265.0,11237.0,11240.0,7649
2026-04-22 09:55:00,11240.0,11250.0,11231.5,11231.5,4505
2026-04-22 10:00:00,11236.5,11246.0,11215.5,11230.0,9648
2026-04-22 10:05:00,11229.0,11234.5,11215.5,11216.5,6185
2026-04-22 10:10:00,11218.0,11228.5,11216.0,11222.5,3703
2026-04-22 10:15:00,11222.5,11234.5,11220.5,11223.0,2519
2026-04-22 10:20:00,11223.5,11229.5,11216.0,11223.0,3558
2026-04-22 10:25:00,11226.5,11248.0,11221.0,11242.0,3993
2026-04-22 10:30:00,11244.0,11255.0,11240.0,11250.0,4235
2026-04-22 10:35:00,11252.5,11270.0,11245.0,11270.0,4825
2026-04-22 10:40:00,11265.0,11270.0,11263.5,11268.0,3576
2026-04-22 10:45:00,11265.5,11318.5,11265.0,11296.0,13734
2026-04-22 10:50:00,11293.0,11320.0,11293.0,11312.0,6511
2026-04-22 10:55:00,11317.5,11317.5,11287.0,11305.0,6703
2026-04-22 11:00:00,11310.0,11345.0,11299.0,11306.0,12444
2026-04-22 11:05:00,11307.0,11307.0,11290.0,11292.0,2652
2026-04-22 11:10:00,11292.0,11293.0,11280.0,11287.0,6757
2026-04-22 11:15:00,11291.5,11292.5,11280.0,11291.0,2633
2026-04-22 11:20:00,11285.0,11287.0,11266.0,11271.0,9630
2026-04-22 11:25:00,11271.0,11280.0,11268.0,11276.0,3514
2026-04-22 11:30:00,11278.0,11334.5,11275.5,11328.0,13238
2026-04-22 11:35:00,11324.0,11345.0,11318.0,11327.0,9363
2026-04-22 11:40:00,11327.0,11344.5,11321.5,11332.5,7339
2026-04-22 11:45:00,11336.0,11355.0,11309.0,11310.0,12196
2026-04-22 11:50:00,11310.0,11322.5,11281.5,11289.5,6853
2026-04-22 11:55:00,11293.0,11317.0,11287.5,11317.0,4287
2026-04-22 12:00:00,11314.5,11321.0,11304.0,11313.5,3160
2026-04-22 12:05:00,11311.0,11315.0,11298.0,11302.0,3065
2026-04-22 12:10:00,11302.0,11306.5,11295.0,11301.5,1986
2026-04-22 12:15:00,11301.5,11302.5,11292.0,11295.5,2466
2026-04-22 12:20:00,11291.5,11298.0,11291.0,11292.0,2064
2026-04-22 12:25:00,11292.0,11300.0,11278.0,11289.5,5703
2026-04-22 12:30:00,11289.5,11298.0,11280.0,11298.0,3965
2026-04-22 12:35:00,11298.5,11298.5,11283.0,11291.5,3197
2026-04-22 12:40:00,11291.5,11301.0,11289.0,11297.5,5842
2026-04-22 12:45:00,11299.5,11300.0,11287.5,11295.0,3216
2026-04-22 12:50:00,11292.5,11329.5,11290.0,11322.0,7380
2026-04-22 12:55:00,11320.0,11329.0,11306.0,11312.5,2814
2026-04-22 13:00:00,11322.0,11325.0,11312.0,11322.0,3509
2026-04-22 13:05:00,11324.5,11327.5,11315.0,11320.0,2552
2026-04-22 13:10:00,11323.5,11325.0,11310.0,11320.0,3389
2026-04-22 13:15:00,11317.5,11323.5,11300.5,11308.5,1471
2026-04-22 13:20:00,11305.0,11310.0,11301.5,11310.0,1979
2026-04-22 13:25:00,11306.0,11314.5,11306.0,11312.5,1662
2026-04-22 13:30:00,11308.5,11315.5,11301.0,11307.0,1730
2026-04-22 13:35:00,11303.5,11317.0,11303.5,11311.0,1645
2026-04-22 13:40:00,11311.0,11364.5,11310.0,11352.0,16337
2026-04-22 13:45:00,11355.5,11357.0,11335.0,11342.0,5243
2026-04-22 13:50:00,11342.0,11350.5,11335.5,11336.5,3310
2026-04-22 13:55:00,11340.0,11357.0,11335.0,11347.0,3270
2026-04-22 14:00:00,11344.0,11353.5,11320.0,11323.5,6178
2026-04-22 14:05:00,11325.5,11326.0,11305.0,11316.5,4485
2026-04-22 14:10:00,11317.5,11319.5,11297.0,11297.0,6168
2026-04-22 14:15:00,11301.0,11305.5,11285.0,11301.0,5408
2026-04-22 14:20:00,11301.0,11301.0,11292.0,11299.5,2312
2026-04-22 14:25:00,11300.0,11302.0,11290.0,11297.0,2837
2026-04-22 14:30:00,11296.5,11300.0,11287.0,11299.0,2631
2026-04-22 14:35:00,11299.0,11322.0,11292.5,11320.5,4858
2026-04-22 14:40:00,11323.0,11343.5,11316.5,11337.5,6784
2026-04-22 14:45:00,11336.0,11349.0,11326.0,11328.5,6002
2026-04-22 14:50:00,11328.5,11330.0,11318.0,11322.0,4660
2026-04-22 14:55:00,11322.0,11325.0,11305.0,11312.0,4664
2026-04-22 15:00:00,11312.0,11312.0,11266.0,11274.5,12694
2026-04-22 15:05:00,11272.5,11274.5,11256.0,11256.0,7179
2026-04-22 15:10:00,11261.0,11275.0,11256.0,11264.5,8079
2026-04-22 15:15:00,11264.5,11265.0,11252.0,11260.5,11428
2026-04-22 15:20:00,11263.0,11269.5,11255.0,11269.0,10220
2026-04-22 15:25:00,11269.0,11270.0,11257.0,11264.0,9619
2026-04-23 09:15:00,11249.0,11249.0,11150.0,11170.0,43138
2026-04-23 09:20:00,11170.0,11214.0,11111.0,11123.0,33440
2026-04-23 09:25:00,11123.0,11133.5,11058.0,11082.5,34929
2026-04-23 09:30:00,11082.5,11095.5,11058.5,11075.5,17809
2026-04-23 09:35:00,11077.0,11085.0,11042.0,11082.0,18091
2026-04-23 09:40:00,11082.5,11154.5,11071.0,11132.5,19196
2026-04-23 09:45:00,11135.0,11143.0,11105.5,11126.5,7022
2026-04-23 09:50:00,11126.5,11152.0,11119.0,11135.0,7721
2026-04-23 09:55:00,11140.0,11144.0,11118.5,11137.0,3802
2026-04-23 10:00:00,11137.0,11144.5,11105.5,11132.5,6994
2026-04-23 10:05:00,11137.5,11145.0,11105.0,11110.0,7492
2026-04-23 10:10:00,11110.0,11112.5,11081.0,11096.0,6187
2026-04-23 10:15:00,11096.0,11099.0,11065.0,11065.5,14040
2026-04-23 10:20:00,11065.5,11079.5,11045.0,11075.0,27329
2026-04-23 10:25:00,11074.5,11089.0,11064.0,11064.0,7174
2026-04-23 10:30:00,11063.5,11066.5,11030.0,11050.0,12881
2026-04-23 10:35:00,11056.0,11070.5,11048.5,11061.5,5843
2026-04-23 10:40:00,11057.5,11062.5,11050.0,11051.0,2822
2026-04-23 10:45:00,11052.5,11060.0,11031.0,11039.5,10578
2026-04-23 10:50:00,11039.5,11039.5,11022.5,11034.5,5416
2026-04-23 10:55:00,11034.0,11037.5,11008.5,11022.0,9639
2026-04-23 11:00:00,11022.0,11035.0,11000.0,11001.0,8893
2026-04-23 11:05:00,11000.0,11016.0,11000.0,11005.0,6386
2026-04-23 11:10:00,11004.0,11005.0,10983.5,10995.5,10285
2026-04-23 11:15:00,10994.0,11004.5,10990.0,10998.0,3828
2026-04-23 11:20:00,10997.0,11004.0,10990.0,10995.0,3690
2026-04-23 11:25:00,10995.0,10998.0,10952.0,10953.0,13508
2026-04-23 11:30:00,10952.5,10959.5,10890.0,10890.0,28146
2026-04-23 11:35:00,10890.5,10899.0,10861.0,10876.5,17342
2026-04-23 11:40:00,10876.5,10897.5,10874.5,10889.5,8266
2026-04-23 11:45:00,10895.0,10909.0,10870.0,10909.0,8738
2026-04-23 11:50:00,10909.0,10930.0,10890.0,10915.0,11624
2026-04-23 11:55:00,10917.5,10927.0,10910.0,10920.0,4934
2026-04-23 12:00:00,10923.0,10928.5,10900.0,10903.5,8309
2026-04-23 12:05:00,10903.0,10930.0,10897.0,10927.5,3853
2026-04-23 12:10:00,10927.5,10949.0,10927.0,10938.5,7588
2026-04-23 12:15:00,10939.5,10942.0,10910.0,10910.5,4591
2026-04-23 12:20:00,10914.5,10933.0,10907.5,10923.0,3759
2026-04-23 12:25:00,10921.0,10925.0,10912.0,10916.5,4301
2026-04-23 12:30:00,10916.5,10916.5,10890.0,10891.0,7574
2026-04-23 12:35:00,10891.0,10910.0,10876.0,10900.0,9178
2026-04-23 12:40:00,10900.0,10913.5,10895.0,10908.0,4844
2026-04-23 12:45:00,10913.0,10913.5,10896.0,10907.0,2673
2026-04-23 12:50:00,10898.5,10928.0,10895.5,10922.5,5155
2026-04-23 12:55:00,10920.0,10925.0,10915.0,10917.5,2293
2026-04-23 13:00:00,10918.0,10935.0,10915.0,10933.5,2731
2026-04-23 13:05:00,10934.0,10949.0,10929.5,10945.5,3036
2026-04-23 13:10:00,10948.0,10949.0,10929.5,10940.0,11952
2026-04-23 13:15:00,10936.5,10945.0,10919.0,10936.5,6175
2026-04-23 13:20:00,10938.5,10950.0,10931.0,10945.0,3800
2026-04-23 13:25:00,10946.0,10950.0,10933.0,10938.0,2968
2026-04-23 13:30:00,10938.0,10944.0,10930.0,10933.5,3053
2026-04-23 13:35:00,10927.5,10930.0,10904.5,10906.5,3447
2026-04-23 13:40:00,10910.0,10922.0,10905.5,10919.0,3734
2026-04-23 13:45:00,10914.5,10920.0,10891.5,10908.5,7233
2026-04-23 13:50:00,10909.0,10917.0,10895.5,10907.0,4735
2026-04-23 13:55:00,10910.0,10931.5,10906.0,10922.0,3996
2026-04-23 14:00:00,10922.0,10927.5,10914.5,10925.0,3444
2026-04-23 14:05:00,10925.0,10926.0,10911.0,10911.0,2585
2026-04-23 14:10:00,10911.0,10911.0,10893.0,10902.5,4828
2026-04-23 14:15:00,10902.5,10908.5,10897.0,10898.5,4340
2026-04-23 14:20:00,10898.5,10920.0,10895.0,10914.5,2927
2026-04-23 14:25:00,10912.0,10914.5,10900.0,10900.0,3594
2026-04-23 14:30:00,10901.5,10902.5,10882.0,10885.0,5741
2026-04-23 14:35:00,10882.0,10889.0,10850.0,10852.0,22543
2026-04-23 14:40:00,10852.0,10880.0,10852.0,10871.0,8877
2026-04-23 14:45:00,10871.0,10879.5,10855.0,10875.5,7606
2026-04-23 14:50:00,10875.5,10886.0,10869.0,10883.0,5724
2026-04-23 14:55:00,10887.5,10889.0,10865.5,10876.5,6058
2026-04-23 15:00:00,10882.0,10920.5,10878.0,10900.0,21770
2026-04-23 15:05:00,10900.0,10914.0,10894.0,10902.5,13960
2026-04-23 15:10:00,10897.5,10900.5,10862.0,10870.0,13183
2026-04-23 15:15:00,10870.0,10870.0,10833.5,10848.5,21735
2026-04-23 15:20:00,10844.5,10850.0,10824.0,10832.0,18023
2026-04-23 15:25:00,10828.5,10845.0,10820.0,10829.0,16308
2026-04-24 09:15:00,10857.0,10910.0,10801.0,10890.5,45402
2026-04-24 09:20:00,10895.0,10935.0,10845.0,10917.0,16248
2026-04-24 09:25:00,10912.0,10912.0,10842.0,10845.0,13525
2026-04-24 09:30:00,10842.0,10877.0,10805.0,10820.0,18836
2026-04-24 09:35:00,10812.0,10826.5,10784.5,10790.0,19052
2026-04-24 09:40:00,10790.0,10849.5,10780.0,10844.5,15637
2026-04-24 09:45:00,10838.0,10916.5,10828.5,10900.0,17459
2026-04-24 09:50:00,10900.0,10918.5,10871.5,10885.0,15906
2026-04-24 09:55:00,10887.0,10910.0,10882.5,10904.0,8597
2026-04-24 10:00:00,10904.0,10959.5,10904.0,10947.5,19562
2026-04-24 10:05:00,10946.0,10972.0,10943.0,10965.5,12129
2026-04-24 10:10:00,10968.0,10995.0,10955.5,10990.0,11891
2026-04-24 10:15:00,10986.5,11086.0,10986.5,11053.0,34830
2026-04-24 10:20:00,11053.0,11060.0,11013.5,11017.5,12608
2026-04-24 10:25:00,11015.0,11036.0,11007.0,11020.5,6073
2026-04-24 10:30:00,11021.0,11021.0,10969.0,10974.0,9679
2026-04-24 10:35:00,10974.0,10978.0,10950.5,10968.5,8655
2026-04-24 10:40:00,10965.0,10968.0,10911.0,10916.0,7037
2026-04-24 10:45:00,10916.0,10937.0,10911.5,10927.5,7352
2026-04-24 10:50:00,10932.0,10939.0,10914.0,10914.0,8900
2026-04-24 10:55:00,10911.0,10917.5,10891.0,10892.5,8523
2026-04-24 11:00:00,10892.0,10898.0,10870.0,10885.5,8349
2026-04-24 11:05:00,10882.0,10909.0,10880.0,10884.0,7058
2026-04-24 11:10:00,10885.0,10888.5,10860.0,10866.0,5502
2026-04-24 11:15:00,10864.5,10896.0,10861.0,10875.0,4894
2026-04-24 11:20:00,10875.0,10895.0,10870.5,10878.0,5927
2026-04-24 11:25:00,10875.0,10896.0,10860.0,10872.5,6861
2026-04-24 11:30:00,10878.0,10900.0,10869.5,10886.0,4342
2026-04-24 11:35:00,10885.0,10891.0,10851.0,10856.0,7185
2026-04-24 11:40:00,10855.5,10863.0,10842.0,10845.5,6955
2026-04-24 11:45:00,10848.0,10853.0,10825.0,10838.5,4737
2026-04-24 11:50:00,10836.5,10837.5,10811.5,10816.5,6236
2026-04-24 11:55:00,10816.5,10838.0,10816.5,10825.0,9455
2026-04-24 12:00:00,10829.0,10855.5,10816.5,10853.0,11357
2026-04-24 12:05:00,10853.0,10872.0,10841.0,10869.0,5369
2026-04-24 12:10:00,10869.0,10883.0,10861.0,10879.5,6235
2026-04-24 12:15:00,10880.5,10889.0,10863.0,10870.5,13132
2026-04-24 12:20:00,10860.5,10872.5,10830.5,10837.0,8248
2026-04-24 12:25:00,10838.0,10842.5,10820.0,10821.0,6386
2026-04-24 12:30:00,10821.0,10838.0,10815.0,10834.5,6195
2026-04-24 12:35:00,10834.5,10837.0,10818.0,10824.5,6300
2026-04-24 12:40:00,10821.0,10824.5,10785.0,10789.0,9117
2026-04-24 12:45:00,10789.0,10818.0,10786.5,10803.5,4589
2026-04-24 12:50:00,10804.5,10815.0,10792.5,10802.0,4029
2026-04-24 12:55:00,10804.0,10839.0,10802.0,10830.0,4848
2026-04-24 13:00:00,10831.0,10833.0,10796.0,10805.5,4081
2026-04-24 13:05:00,10803.0,10806.5,10785.0,10786.0,4660
2026-04-24 13:10:00,10785.0,10790.0,10771.0,10783.0,7688
2026-04-24 13:15:00,10783.0,10785.5,10771.0,10780.0,3616
2026-04-24 13:20:00,10780.0,10796.0,10765.5,10781.0,4478
2026-04-24 13:25:00,10777.5,10804.5,10777.5,10804.0,4400
2026-04-24 13:30:00,10803.0,10808.0,10781.5,10788.0,5204
2026-04-24 13:35:00,10793.0,10797.0,10772.0,10785.0,4290
2026-04-24 13:40:00,10786.0,10789.5,10775.0,10777.0,2504
2026-04-24 13:45:00,10776.0,10803.0,10775.5,10788.0,5105
2026-04-24 13:50:00,10788.0,10816.5,10785.5,10812.0,4497
2026-04-24 13:55:00,10812.0,10812.0,10789.0,10796.5,2894
2026-04-24 14:00:00,10796.0,10822.5,10795.5,10811.0,4446
2026-04-24 14:05:00,10811.0,10830.0,10797.0,10819.0,6867
2026-04-24 14:10:00,10819.0,10847.0,10814.0,10842.0,7024
2026-04-24 14:15:00,10842.0,10856.5,10829.5,10839.0,7076
2026-04-24 14:20:00,10842.5,10868.0,10837.0,10863.5,7829
2026-04-24 14:25:00,10867.0,10882.0,10850.0,10876.5,8944
2026-04-24 14:30:00,10880.0,10895.0,10875.0,10895.0,10658
2026-04-24 14:35:00,10897.0,10905.0,10888.0,10896.5,10453
2026-04-24 14:40:00,10902.5,10919.0,10890.0,10904.5,9819
2026-04-24 14:45:00,10904.0,10911.5,10881.5,10891.5,7571
2026-04-24 14:50:00,10890.0,10893.0,10842.5,10864.5,9782
2026-04-24 14:55:00,10871.0,10877.0,10853.0,10856.0,12283
2026-04-24 15:00:00,10856.0,10857.5,10795.0,10805.0,14015
2026-04-24 15:05:00,10805.0,10819.0,10796.5,10818.5,9941
2026-04-24 15:10:00,10818.5,10819.5,10800.5,10805.0,8294
2026-04-24 15:15:00,10807.5,10840.0,10804.5,10834.0,13705
2026-04-24 15:20:00,10834.0,10835.0,10801.0,10811.0,12907
2026-04-24 15:25:00,10812.5,10825.0,10793.0,10820.0,12069
2026-04-27 09:15:00,10920.0,10950.0,10855.0,10916.0,25813
2026-04-27 09:20:00,10915.5,10975.0,10915.5,10944.0,11891
2026-04-27 09:25:00,10941.5,10957.0,10906.0,10933.0,7479
2026-04-27 09:30:00,10935.0,10950.0,10876.0,10885.0,11054
2026-04-27 09:35:00,10885.0,10967.0,10885.0,10948.0,21351
2026-04-27 09:40:00,10948.0,10992.0,10948.0,10986.0,15116
2026-04-27 09:45:00,10990.0,11007.5,10983.0,11001.5,9390
2026-04-27 09:50:00,11005.0,11035.0,11001.5,11025.0,10242
2026-04-27 09:55:00,11027.5,11030.0,10999.5,11001.0,7495
2026-04-27 10:00:00,11001.0,11007.0,10963.5,10972.5,12990
2026-04-27 10:05:00,10972.5,10985.5,10968.0,10972.0,5678
2026-04-27 10:10:00,10970.0,10975.0,10920.5,10937.0,21437
2026-04-27 10:15:00,10937.0,10982.0,10937.0,10977.5,9171
2026-04-27 10:20:00,10977.5,10981.0,10965.0,10981.0,2128
2026-04-27 10:25:00,10981.0,11003.0,10961.5,10996.5,4384
2026-04-27 10:30:00,10998.5,11027.5,10980.5,10991.5,4473
2026-04-27 10:35:00,10992.0,10997.0,10978.5,10986.5,3410
2026-04-27 10:40:00,10985.5,11027.5,10980.0,11007.0,4798
2026-04-27 10:45:00,11010.0,11054.0,11000.0,11041.5,10786
2026-04-27 10:50:00,11041.5,11064.5,11035.0,11058.0,8217
2026-04-27 10:55:00,11058.0,11095.0,11051.5,11073.0,15845
2026-04-27 11:00:00,11072.5,11094.0,11056.0,11067.0,11884
2026-04-27 11:05:00,11065.5,11090.0,11052.0,11055.5,7435
2026-04-27 11:10:00,11058.0,11078.0,11058.0,11060.0,11494
2026-04-27 11:15:00,11060.0,11125.0,11060.0,11101.5,19954
2026-04-27 11:20:00,11104.0,11124.5,11090.5,11117.0,9856
2026-04-27 11:25:00,11118.0,11148.0,11109.0,11130.0,15392
2026-04-27 11:30:00,11130.0,11144.0,11090.0,11118.5,10042
2026-04-27 11:35:00,11116.0,11141.0,11101.0,11120.0,21445
2026-04-27 11:40:00,11122.0,11135.0,11090.0,11102.0,13364
2026-04-27 11:45:00,11102.0,11129.0,11081.0,11125.0,6954
2026-04-27 11:50:00,11124.5,11150.0,11109.0,11145.0,10758
2026-04-27 11:55:00,11144.0,11172.0,11139.0,11168.0,21170
2026-04-27 12:00:00,11166.0,11170.0,11135.0,11149.0,5994
2026-04-27 12:05:00,11146.5,11149.0,11129.5,11147.0,5554
2026-04-27 12:10:00,11147.0,11177.5,11140.5,11160.0,9943
2026-04-27 12:15:00,11160.0,11164.0,11135.0,11145.0,3042
2026-04-27 12:20:00,11142.0,11150.0,11112.0,11117.5,6552
2026-04-27 12:25:00,11114.0,11142.0,11114.0,11131.0,3967
2026-04-27 12:30:00,11128.0,11179.0,11127.0,11166.5,10735
2026-04-27 12:35:00,11170.0,11192.0,11160.5,11183.5,26522
2026-04-27 12:40:00,11183.5,11208.5,11178.5,11204.5,29339
2026-04-27 12:45:00,11205.0,11210.5,11201.0,11209.5,10410
2026-04-27 12:50:00,11209.5,11221.0,11205.5,11210.0,11127
2026-04-27 12:55:00,11209.0,11214.5,11171.0,11179.5,7328
2026-04-27 13:00:00,11179.5,11188.5,11170.0,11175.0,3949
2026-04-27 13:05:00,11175.0,11195.0,11170.0,11184.5,3726
2026-04-27 13:10:00,11183.0,11200.0,11175.0,11197.0,4572
2026-04-27 13:15:00,11199.0,11215.0,11192.5,11210.5,4611
2026-04-27 13:20:00,11210.5,11214.0,11192.0,11195.0,2228
2026-04-27 13:25:00,11196.0,11199.0,11177.5,11181.5,4472
2026-04-27 13:30:00,11182.0,11195.0,11180.0,11183.0,2737
2026-04-27 13:35:00,11189.0,11191.5,11171.0,11172.0,4740
2026-04-27 13:40:00,11175.5,11177.0,11145.0,11149.5,5521
2026-04-27 13:45:00,11150.0,11170.0,11148.0,11150.0,3244
2026-04-27 13:50:00,11154.0,11159.0,11145.0,11150.0,4562
2026-04-27 13:55:00,11153.0,11153.0,11120.0,11140.0,6982
2026-04-27 14:00:00,11140.0,11181.0,11129.5,11164.5,12556
2026-04-27 14:05:00,11164.5,11168.5,11141.5,11148.0,5578
2026-04-27 14:10:00,11147.5,11149.5,11131.0,11139.5,6590
2026-04-27 14:15:00,11139.5,11149.0,11134.0,11143.0,3494
2026-04-27 14:20:00,11141.0,11143.5,11130.0,11137.0,3314
2026-04-27 14:25:00,11138.0,11138.0,11124.0,11124.5,3130
2026-04-27 14:30:00,11124.5,11130.0,11106.5,11120.5,7081
2026-04-27 14:35:00,11120.0,11194.5,11120.0,11184.0,16739
2026-04-27 14:40:00,11186.0,11205.0,11175.0,11194.0,17032
2026-04-27 14:45:00,11190.0,11194.5,11179.5,11190.5,5223
2026-04-27 14:50:00,11187.0,11200.0,11186.5,11191.5,5007
2026-04-27 14:55:00,11194.0,11194.0,11172.0,11180.0,5739
2026-04-27 15:00:00,11178.5,11180.5,11142.5,11180.5,10399
2026-04-27 15:05:00,11176.0,11199.0,11172.0,11194.5,22480
2026-04-27 15:10:00,11192.0,11203.5,11187.5,11203.5,11719
2026-04-27 15:15:00,11204.0,11287.0,11204.0,11283.5,45009
2026-04-27 15:20:00,11283.5,11330.0,11275.0,11329.0,39214
2026-04-27 15:25:00,11325.5,11350.0,11270.0,11306.0,27344
2026-04-28 09:15:00,11284.0,11390.0,11254.5,11332.0,37960
2026-04-28 09:20:00,11330.5,11415.0,11325.0,11398.0,33940
2026-04-28 09:25:00,11397.0,11461.0,11396.0,11450.0,40453
2026-04-28 09:30:00,11450.5,11534.5,11444.5,11516.5,54625
2026-04-28 09:35:00,11516.5,11522.5,11445.0,11498.0,24245
2026-04-28 09:40:00,11493.5,11515.0,11440.0,11476.0,24020
2026-04-28 09:45:00,11482.0,11495.0,11438.0,11440.0,15961
2026-04-28 09:50:00,11438.5,11466.5,11422.0,11456.5,14735
2026-04-28 09:55:00,11461.5,11466.5,11442.0,11458.0,5733
2026-04-28 10:00:00,11458.0,11488.5,11450.0,11478.5,8562
2026-04-28 10:05:00,11476.0,11489.0,11456.5,11475.5,9600
2026-04-28 10:10:00,11480.0,11484.5,11452.0,11452.0,10969
2026-04-28 10:15:00,11451.5,11500.0,11451.5,11495.0,27445
2026-04-28 10:20:00,11493.5,11548.0,11493.0,11548.0,35459
2026-04-28 10:25:00,11549.5,11557.5,11535.0,11545.5,24451
2026-04-28 10:30:00,11545.5,11549.0,11530.0,11538.5,14166
2026-04-28 10:35:00,11540.0,11560.0,11516.0,11517.5,16001
2026-04-28 10:40:00,11516.0,11519.0,11485.0,11506.0,13088
2026-04-28 10:45:00,11505.0,11525.5,11505.0,11517.0,7292
2026-04-28 10:50:00,11517.0,11559.0,11513.5,11558.0,10818
2026-04-28 10:55:00,11556.0,11567.0,11534.5,11545.0,13212
2026-04-28 11:00:00,11547.5,11559.0,11540.0,11546.0,4122
2026-04-28 11:05:00,11546.0,11548.0,11511.0,11529.0,7136
2026-04-28 11:10:00,11531.0,11547.5,11497.0,11540.0,21513
2026-04-28 11:15:00,11539.0,11565.0,11521.5,11551.5,15319
2026-04-28 11:20:00,11551.5,11595.0,11548.5,11585.5,21727
2026-04-28 11:25:00,11585.5,11591.0,11542.5,11548.0,13631
2026-04-28 11:30:00,11549.0,11572.0,11534.5,11546.5,14661
2026-04-28 11:35:00,11545.0,11560.0,11541.5,11556.5,4758
2026-04-28 11:40:00,11555.0,11575.0,11550.5,11570.0,7497
2026-04-28 11:45:00,11570.5,11580.0,11566.0,11575.5,5809
2026-04-28 11:50:00,11579.0,11587.0,11557.5,11579.0,8327
2026-04-28 11:55:00,11579.5,11582.5,11542.0,11545.5,7213
2026-04-28 12:00:00,11545.5,11553.5,11514.0,11524.0,14124
2026-04-28 12:05:00,11521.0,11523.0,11504.0,11510.0,11475
2026-04-28 12:10:00,11510.0,11520.0,11502.5,11515.5,7268
2026-04-28 12:15:00,11512.0,11520.5,11462.0,11469.0,17485
2026-04-28 12:20:00,11469.0,11475.0,11452.5,11458.0,11443
2026-04-28 12:25:00,11456.0,11490.5,11455.0,11475.5,8030
2026-04-28 12:30:00,11475.0,11484.0,11455.0,11457.0,8696
2026-04-28 12:35:00,11460.0,11484.5,11431.0,11437.5,13385
2026-04-28 12:40:00,11438.0,11464.5,11425.0,11460.0,8618
2026-04-28 12:45:00,11460.0,11478.0,11460.0,11468.0,5382
2026-04-28 12:50:00,11472.0,11475.0,11455.0,11462.0,4429
2026-04-28 12:55:00,11461.5,11470.0,11455.0,11461.5,2571
2026-04-28 13:00:00,11465.5,11469.0,11450.0,11450.0,4306
2026-04-28 13:05:00,11453.5,11456.0,11440.0,11444.5,4294
2026-04-28 13:10:00,11440.0,11453.0,11435.0,11451.5,4615
2026-04-28 13:15:00,11451.5,11456.5,11437.0,11440.0,6999
2026-04-28 13:20:00,11440.0,11450.5,11438.0,11450.0,2975
2026-04-28 13:25:00,11450.0,11466.5,11441.5,11441.5,5942
2026-04-28 13:30:00,11445.0,11450.5,11430.0,11432.0,5572
2026-04-28 13:35:00,11431.0,11440.0,11415.5,11433.0,8138
2026-04-28 13:40:00,11433.0,11448.0,11426.5,11440.0,3912
2026-04-28 13:45:00,11435.0,11440.0,11425.0,11427.0,3284
2026-04-28 13:50:00,11425.5,11450.0,11425.0,11448.0,4154
2026-04-28 13:55:00,11443.5,11457.0,11440.0,11446.5,3895
2026-04-28 14:00:00,11446.5,11447.0,11430.0,11430.5,3231
2026-04-28 14:05:00,11430.0,11436.5,11420.0,11433.5,3610
2026-04-28 14:10:00,11437.0,11437.0,11405.5,11405.5,5046
2026-04-28 14:15:00,11407.0,11427.5,11396.0,11425.5,13941
2026-04-28 14:20:00,11427.0,11434.0,11420.0,11425.0,4674
2026-04-28 14:25:00,11424.0,11435.0,11423.0,11430.5,2870
2026-04-28 14:30:00,11432.0,11475.0,11429.0,11468.5,11098
2026-04-28 14:35:00,11465.0,11474.0,11462.0,11469.5,3931
2026-04-28 14:40:00,11469.5,11472.0,11435.0,11448.5,5419
2026-04-28 14:45:00,11450.0,11468.0,11445.0,11452.5,3113
2026-04-28 14:50:00,11453.0,11460.0,11435.0,11445.0,4842
2026-04-28 14:55:00,11445.0,11454.0,11440.0,11444.0,2823
2026-04-28 15:00:00,11444.0,11455.0,11397.5,11399.0,12674
2026-04-28 15:05:00,11396.5,11397.5,11355.0,11361.5,12800
2026-04-28 15:10:00,11360.5,11365.0,11330.0,11340.0,14410
2026-04-28 15:15:00,11335.0,11378.5,11331.5,11374.5,11514
2026-04-28 15:20:00,11373.0,11375.0,11341.0,11352.0,12215
2026-04-28 15:25:00,11352.0,11384.5,11347.0,11370.0,14446
2026-04-29 09:15:00,11375.5,11485.0,11375.5,11411.5,34768
2026-04-29 09:20:00,11411.5,11450.0,11360.0,11371.0,29157
2026-04-29 09:25:00,11371.5,11447.0,11367.0,11441.0,16040
2026-04-29 09:30:00,11440.0,11470.0,11426.5,11431.0,15013
2026-04-29 09:35:00,11436.0,11508.5,11436.0,11504.5,22931
2026-04-29 09:40:00,11500.5,11575.0,11490.0,11490.0,28638
2026-04-29 09:45:00,11493.5,11493.5,11451.0,11458.5,13110
2026-04-29 09:50:00,11459.0,11470.5,11436.5,11450.0,8335
2026-04-29 09:55:00,11450.0,11450.5,11423.0,11440.5,6379
2026-04-29 10:00:00,11443.0,11443.5,11412.0,11429.0,5266
2026-04-29 10:05:00,11426.0,11483.0,11426.0,11470.0,110469
2026-04-29 10:10:00,11468.5,11484.0,11436.0,11440.5,5096
2026-04-29 10:15:00,11440.5,11469.0,11439.5,11459.0,2279
2026-04-29 10:20:00,11459.0,11475.0,11455.5,11470.0,3417
2026-04-29 10:25:00,11469.5,11479.0,11461.5,11473.0,2211
2026-04-29 10:30:00,11473.0,11479.0,11463.0,11469.5,2683
2026-04-29 10:35:00,11469.5,11473.5,11453.5,11462.5,3200
2026-04-29 10:40:00,11466.0,11466.0,11450.0,11450.0,2168
2026-04-29 10:45:00,11453.0,11487.5,11450.0,11475.5,7542
2026-04-29 10:50:00,11475.5,11481.0,11419.5,11449.5,7737
2026-04-29 10:55:00,11450.0,11463.0,11446.0,11452.0,2067
2026-04-29 11:00:00,11448.0,11478.0,11446.0,11463.0,1680
2026-04-29 11:05:00,11464.0,11471.5,11459.0,11460.0,1079
2026-04-29 11:10:00,11460.0,11470.0,11455.0,11468.5,1558
2026-04-29 11:15:00,11468.5,11469.5,11457.0,11464.5,1175
2026-04-29 11:20:00,11467.0,11472.0,11459.0,11472.0,53056
2026-04-29 11:25:00,11472.0,11485.0,11463.5,11471.5,4748
2026-04-29 11:30:00,11470.0,11484.0,11465.0,11471.0,1156
2026-04-29 11:35:00,11468.0,11479.0,11462.5,11466.0,803
2026-04-29 11:40:00,11470.0,11492.0,11466.0,11466.0,5732
2026-04-29 11:45:00,11465.0,11470.5,11450.0,11451.5,2368
2026-04-29 11:50:00,11450.0,11454.0,11412.0,11427.5,6141
2026-04-29 11:55:00,11425.0,11449.0,11424.0,11444.5,2223
2026-04-29 12:00:00,11444.0,11448.0,11437.0,11444.5,1438
2026-04-29 12:05:00,11444.5,11487.0,11436.5,11486.0,3327
2026-04-29 12:10:00,11486.0,11495.0,11453.0,11459.5,4167
2026-04-29 12:15:00,11459.0,11470.0,11455.0,11466.0,888
2026-04-29 12:20:00,11466.0,11470.0,11455.5,11470.0,11281
2026-04-29 12:25:00,11470.0,11470.0,11461.0,11466.5,733
2026-04-29 12:30:00,11466.5,11470.0,11460.5,11466.0,769
2026-04-29 12:35:00,11445.0,11455.0,11441.0,11446.5,2607
2026-04-29 12:40:00,11446.5,11454.5,11445.0,11452.0,859
2026-04-29 12:45:00,11452.0,11454.5,11445.5,11452.0,1010
2026-04-29 12:50:00,11452.0,11458.5,11448.0,11453.5,32027
2026-04-29 12:55:00,11455.0,11467.5,11452.0,11452.0,2302
2026-04-29 13:00:00,11452.0,11452.0,11440.0,11442.0,1410
2026-04-29 13:05:00,11442.0,11454.5,11435.0,11447.0,2126
2026-04-29 13:10:00,11447.0,11451.0,11440.0,11443.5,1294
2026-04-29 13:15:00,11443.5,11445.0,11424.5,11432.5,2745
2026-04-29 13:20:00,11433.0,11435.0,11421.5,11426.0,2061
2026-04-29 13:25:00,11427.5,11439.0,11426.0,11437.5,1431
2026-04-29 13:30:00,11437.5,11450.0,11425.0,11428.0,2363
2026-04-29 13:35:00,11426.0,11435.5,11385.0,11389.5,9437
2026-04-29 13:40:00,11390.0,11394.0,11368.0,11382.0,6403
2026-04-29 13:45:00,11381.0,11381.0,11325.5,11363.0,47969
2026-04-29 13:50:00,11363.0,11395.0,11358.5,11378.5,4792
2026-04-29 13:55:00,11375.0,11383.5,11360.0,11361.0,2924
2026-04-29 14:00:00,11361.5,11364.0,11342.5,11348.0,4037
2026-04-29 14:05:00,11344.5,11355.0,11341.0,11346.5,3360
2026-04-29 14:10:00,11346.0,11358.0,11333.5,11351.5,4410
2026-04-29 14:15:00,11352.5,11363.0,11259.5,11341.5,13576
2026-04-29 14:20:00,11341.5,11345.0,11325.0,11344.0,3842
2026-04-29 14:25:00,11344.0,11344.0,11328.5,11330.0,2888
2026-04-29 14:30:00,11330.0,11360.0,11330.0,11356.0,4413
2026-04-29 14:35:00,11355.5,11355.5,11335.0,11343.0,3611
2026-04-29 14:40:00,11342.0,11378.5,11341.0,11378.5,4884
2026-04-29 14:45:00,11376.0,11380.0,11352.0,11356.5,4505
2026-04-29 14:50:00,11356.5,11361.0,11320.5,11327.0,8312
2026-04-29 14:55:00,11327.5,11327.5,11300.0,11303.5,5424
2026-04-29 15:00:00,11306.0,11364.0,11305.5,11339.0,9236
2026-04-29 15:05:00,11339.5,11367.0,11339.5,11359.5,8236
2026-04-29 15:10:00,11362.0,11362.0,11317.5,11318.5,8362
2026-04-29 15:15:00,11322.0,11323.0,11296.0,11300.0,9613
2026-04-29 15:20:00,11298.5,11315.0,11285.0,11311.0,10732
2026-04-29 15:25:00,11315.0,11331.5,11296.0,11315.0,9930
2026-04-30 09:15:00,11300.0,11300.0,11152.5,11242.0,27537
2026-04-30 09:20:00,11245.0,11259.5,11205.0,11227.0,9996
2026-04-30 09:25:00,11227.0,11253.5,11214.0,11227.0,11044
2026-04-30 09:30:00,11221.5,11241.0,11191.5,11241.0,14939
2026-04-30 09:35:00,11250.0,11256.5,11193.5,11195.0,9331
2026-04-30 09:40:00,11193.5,11217.5,11185.0,11197.5,7438
2026-04-30 09:45:00,11195.0,11203.0,11143.5,11165.5,16912
2026-04-30 09:50:00,11169.0,11197.0,11162.0,11185.0,5159
2026-04-30 09:55:00,11181.5,11187.5,11136.0,11139.5,6511
2026-04-30 10:00:00,11142.0,11149.5,11106.0,11110.0,11580
2026-04-30 10:05:00,11110.0,11119.0,11075.0,11088.0,10685
2026-04-30 10:10:00,11083.0,11090.5,11062.5,11068.5,6117
2026-04-30 10:15:00,11068.5,11074.0,11031.0,11061.5,9412
2026-04-30 10:20:00,11056.5,11067.0,11045.5,11050.0,4899
2026-04-30 10:25:00,11053.5,11058.5,11021.0,11027.0,6056
2026-04-30 10:30:00,11022.0,11050.0,11022.0,11031.0,5420
2026-04-30 10:35:00,11037.0,11045.5,11015.0,11045.0,10911
2026-04-30 10:40:00,11045.0,11046.0,11017.0,11033.5,4416
2026-04-30 10:45:00,11033.5,11035.5,11006.0,11019.5,4809
2026-04-30 10:50:00,11017.5,11028.5,11012.0,11028.5,7985
2026-04-30 10:55:00,11028.5,11045.0,11017.5,11040.0,3818
2026-04-30 11:00:00,11042.5,11075.0,11035.0,11070.0,15834
2026-04-30 11:05:00,11073.0,11135.0,11071.0,11135.0,13359
2026-04-30 11:10:00,11130.0,11169.0,11125.0,11153.0,10847
2026-04-30 11:15:00,11157.0,11162.0,11141.0,11157.0,6504
2026-04-30 11:20:00,11155.5,11159.5,11141.0,11147.5,4246
2026-04-30 11:25:00,11154.0,11175.0,11148.0,11173.0,8063
2026-04-30 11:30:00,11170.0,11189.5,11166.0,11185.0,5756
2026-04-30 11:35:00,11185.0,11233.0,11185.0,11216.0,14183
2026-04-30 11:40:00,11216.0,11220.5,11180.0,11186.5,5294
2026-04-30 11:45:00,11187.5,11187.5,11155.0,11158.5,7686
2026-04-30 11:50:00,11158.5,11166.0,11131.0,11136.5,6326
2026-04-30 11:55:00,11134.5,11145.0,11132.0,11140.0,6055
2026-04-30 12:00:00,11138.0,11145.0,11125.0,11135.0,3846
2026-04-30 12:05:00,11135.0,11158.0,11135.0,11141.5,6622
2026-04-30 12:10:00,11145.0,11145.0,11134.0,11145.0,2469
2026-04-30 12:15:00,11145.0,11159.0,11140.0,11140.0,2266
2026-04-30 12:20:00,11138.0,11156.5,11130.5,11154.0,2189
2026-04-30 12:25:00,11154.0,11161.5,11140.0,11140.0,2379
2026-04-30 12:30:00,11143.5,11157.0,11140.0,11151.0,1526
2026-04-30 12:35:00,11152.0,11156.5,11137.0,11137.0,2192
2026-04-30 12:40:00,11139.5,11141.0,11106.0,11120.5,4617
2026-04-30 12:45:00,11120.0,11154.5,11113.5,11150.5,1899
2026-04-30 12:50:00,11150.0,11168.0,11140.0,11162.0,3479
2026-04-30 12:55:00,11162.0,11169.0,11130.0,11143.5,3180
2026-04-30 13:00:00,11147.0,11149.0,11128.5,11133.5,1324
2026-04-30 13:05:00,11132.0,11134.0,11114.5,11124.5,2013
2026-04-30 13:10:00,11125.0,11129.5,11111.0,11120.0,2458
2026-04-30 13:15:00,11120.0,11122.0,11111.0,11114.5,1199
2026-04-30 13:20:00,11114.5,11119.0,11111.0,11114.0,1519
2026-04-30 13:25:00,11114.0,11133.0,11113.5,11127.5,1396
2026-04-30 13:30:00,11122.0,11127.5,11113.5,11126.0,1094
2026-04-30 13:35:00,11126.0,11138.0,11123.0,11130.0,1514
2026-04-30 13:40:00,11133.0,11147.0,11130.0,11140.0,3052
2026-04-30 13:45:00,11143.5,11149.0,11136.0,11146.0,2245
2026-04-30 13:50:00,11146.0,11147.0,11126.0,11135.5,1495
2026-04-30 13:55:00,11135.5,11149.0,11135.5,11147.5,1359
2026-04-30 14:00:00,11149.0,11149.0,11126.0,11137.5,1648
2026-04-30 14:05:00,11135.0,11135.0,11115.0,11131.0,3095
2026-04-30 14:10:00,11130.0,11140.0,11125.0,11128.5,1288
2026-04-30 14:15:00,11129.0,11140.0,11115.0,11117.0,2296
2026-04-30 14:20:00,11115.5,11133.0,11102.5,11120.0,6696
2026-04-30 14:25:00,11125.5,11136.0,11112.0,11132.5,1974
2026-04-30 14:30:00,11132.0,11164.0,11128.5,11162.0,6581
2026-04-30 14:35:00,11161.5,11197.5,11161.5,11191.5,6908
2026-04-30 14:40:00,11194.0,11196.0,11181.5,11184.0,4988
2026-04-30 14:45:00,11181.0,11189.0,11166.0,11174.5,4042
2026-04-30 14:50:00,11165.0,11168.0,11150.5,11162.0,5047
2026-04-30 14:55:00,11165.0,11187.5,11140.0,11185.0,6013
2026-04-30 15:00:00,11185.0,11185.0,11147.5,11152.0,5648
2026-04-30 15:05:00,11152.0,11153.5,11132.0,11134.5,5335
2026-04-30 15:10:00,11134.5,11149.0,11132.0,11149.0,6827
2026-04-30 15:15:00,11149.0,11167.0,11141.0,11149.0,8925
2026-04-30 15:20:00,11152.5,11179.0,11143.5,11178.0,9343
2026-04-30 15:25:00,11178.0,11220.0,11174.5,11220.0,14952
2026-05-04 09:15:00,11299.0,11350.0,11226.0,11268.0,25821
2026-05-04 09:20:00,11267.0,11296.0,11266.0,11289.0,7942
2026-05-04 09:25:00,11290.0,11329.0,11289.0,11321.0,7325
2026-05-04 09:30:00,11320.0,11365.0,11316.0,11337.0,9585
2026-05-04 09:35:00,11337.0,11354.0,11292.0,11297.0,9811
2026-05-04 09:40:00,11296.0,11317.0,11291.0,11307.0,5859
2026-05-04 09:45:00,11307.0,11318.0,11290.0,11302.0,4139
2026-05-04 09:50:00,11302.0,11303.0,11272.0,11282.0,4463
2026-05-04 09:55:00,11284.0,11340.0,11275.0,11340.0,6115
2026-05-04 10:00:00,11348.0,11358.0,11306.0,11310.0,5825
2026-05-04 10:05:00,11313.0,11324.0,11308.0,11318.0,1126
2026-05-04 10:10:00,11318.0,11320.0,11291.0,11297.0,1702
2026-05-04 10:15:00,11297.0,11310.0,11292.0,11304.0,2005
2026-05-04 10:20:00,11300.0,11311.0,11253.0,11255.0,7730
2026-05-04 10:25:00,11259.0,11293.0,11252.0,11286.0,5860
2026-05-04 10:30:00,11284.0,11297.0,11271.0,11276.0,2011
2026-05-04 10:35:00,11276.0,11279.0,11262.0,11269.0,2160
2026-05-04 10:40:00,11269.0,11274.0,11263.0,11268.0,1825
2026-05-04 10:45:00,11268.0,11275.0,11256.0,11269.0,1527
2026-05-04 10:50:00,11270.0,11295.0,11263.0,11264.0,2206
2026-05-04 10:55:00,11267.0,11269.0,11252.0,11259.0,1937
2026-05-04 11:00:00,11259.0,11280.0,11253.0,11268.0,2266
2026-05-04 11:05:00,11270.0,11274.0,11260.0,11270.0,1221
2026-05-04 11:10:00,11265.0,11275.0,11264.0,11270.0,1743
2026-05-04 11:15:00,11275.0,11290.0,11275.0,11280.0,1403
2026-05-04 11:20:00,11278.0,11280.0,11240.0,11260.0,5006
2026-05-04 11:25:00,11256.0,11276.0,11252.0,11269.0,1411
2026-05-04 11:30:00,11269.0,11273.0,11259.0,11265.0,862
2026-05-04 11:35:00,11265.0,11269.0,11252.0,11264.0,986
2026-05-04 11:40:00,11260.0,11262.0,11245.0,11249.0,2119
2026-05-04 11:45:00,11251.0,11262.0,11247.0,11259.0,1061
2026-05-04 11:50:00,11256.0,11264.0,11246.0,11248.0,2125
2026-05-04 11:55:00,11254.0,11261.0,11242.0,11252.0,1955
2026-05-04 12:00:00,11252.0,11277.0,11248.0,11258.0,1597
2026-05-04 12:05:00,11258.0,11261.0,11243.0,11246.0,1542
2026-05-04 12:10:00,11243.0,11250.0,11201.0,11225.0,9250
2026-05-04 12:15:00,11225.0,11255.0,11214.0,11255.0,10064
2026-05-04 12:20:00,11251.0,11260.0,11231.0,11250.0,2943
2026-05-04 12:25:00,11250.0,11259.0,11241.0,11247.0,1139
2026-05-04 12:30:00,11244.0,11246.0,11225.0,11230.0,1337
2026-05-04 12:35:00,11227.0,11238.0,11218.0,11223.0,1901
2026-05-04 12:40:00,11224.0,11232.0,11210.0,11214.0,1816
2026-05-04 12:45:00,11211.0,11218.0,11190.0,11204.0,4722
2026-05-04 12:50:00,11202.0,11240.0,11200.0,11227.0,6692
2026-05-04 12:55:00,11227.0,11235.0,11219.0,11225.0,1794
2026-05-04 13:00:00,11223.0,11228.0,11202.0,11211.0,2183
2026-05-04 13:05:00,11211.0,11230.0,11205.0,11225.0,6118
2026-05-04 13:10:00,11225.0,11233.0,11220.0,11224.0,1790
2026-05-04 13:15:00,11224.0,11228.0,11211.0,11219.0,1577
2026-05-04 13:20:00,11215.0,11218.0,11193.0,11206.0,2438
2026-05-04 13:25:00,11205.0,11210.0,11175.0,11180.0,3478
2026-05-04 13:30:00,11175.0,11190.0,11165.0,11171.0,6199
2026-05-04 13:35:00,11176.0,11190.0,11159.0,11190.0,3348
2026-05-04 13:40:00,11190.0,11245.0,11186.0,11245.0,7917
2026-05-04 13:45:00,11242.0,11249.0,11233.0,11244.0,7082
2026-05-04 13:50:00,11240.0,11255.0,11230.0,11235.0,2878
2026-05-04 13:55:00,11235.0,11240.0,11220.0,11235.0,1515
2026-05-04 14:00:00,11235.0,11244.0,11229.0,11244.0,1217
2026-05-04 14:05:00,11243.0,11258.0,11241.0,11255.0,2949
2026-05-04 14:10:00,11258.0,11297.0,11252.0,11294.0,9277
2026-05-04 14:15:00,11291.0,11310.0,11272.0,11284.0,7228
2026-05-04 14:20:00,11278.0,11298.0,11272.0,11277.0,3809
2026-05-04 14:25:00,11272.0,11281.0,11264.0,11278.0,1616
2026-05-04 14:30:00,11284.0,11290.0,11258.0,11279.0,7122
2026-05-04 14:35:00,11279.0,11285.0,11269.0,11277.0,1614
2026-05-04 14:40:00,11277.0,11320.0,11260.0,11304.0,12231
2026-05-04 14:45:00,11305.0,11317.0,11300.0,11310.0,4042
2026-05-04 14:50:00,11307.0,11315.0,11299.0,11310.0,4610
2026-05-04 14:55:00,11314.0,11318.0,11300.0,11309.0,2818
2026-05-04 15:00:00,11310.0,11314.0,11300.0,11313.0,2874
2026-05-04 15:05:00,11314.0,11358.0,11310.0,11344.0,14126
2026-05-04 15:10:00,11349.0,11368.0,11326.0,11363.0,11911
2026-05-04 15:15:00,11379.0,11420.0,11371.0,11403.0,17994
2026-05-04 15:20:00,11407.0,11492.0,11405.0,11459.0,29618
2026-05-04 15:25:00,11464.0,11474.0,11438.0,11460.0,14700
2026-05-05 09:15:00,11400.0,11466.0,11368.0,11458.0,24529
2026-05-05 09:20:00,11458.0,11460.0,11421.0,11421.0,8331
2026-05-05 09:25:00,11421.0,11469.0,11397.0,11459.0,12670
2026-05-05 09:30:00,11457.0,11663.0,11451.0,11650.0,50116
2026-05-05 09:35:00,11653.0,11674.0,11576.0,11595.0,39131
2026-05-05 09:40:00,11593.0,11600.0,11525.0,11546.0,21330
2026-05-05 09:45:00,11541.0,11550.0,11504.0,11526.0,15045
2026-05-05 09:50:00,11530.0,11533.0,11483.0,11488.0,12431
2026-05-05 09:55:00,11492.0,11503.0,11482.0,11492.0,5408
2026-05-05 10:00:00,11490.0,11490.0,11451.0,11470.0,9264
2026-05-05 10:05:00,11465.0,11474.0,11448.0,11463.0,7692
2026-05-05 10:10:00,11450.0,11456.0,11434.0,11444.0,5438
2026-05-05 10:15:00,11444.0,11449.0,11430.0,11437.0,5011
2026-05-05 10:20:00,11439.0,11454.0,11413.0,11425.0,6565
2026-05-05 10:25:00,11422.0,11452.0,11375.0,11398.0,15904
2026-05-05 10:30:00,11394.0,11415.0,11375.0,11379.0,7696
2026-05-05 10:35:00,11378.0,11380.0,11351.0,11365.0,10689
2026-05-05 10:40:00,11362.0,11364.0,11330.0,11333.0,9973
2026-05-05 10:45:00,11327.0,11349.0,11325.0,11341.0,5884
2026-05-05 10:50:00,11343.0,11358.0,11301.0,11311.0,10835
2026-05-05 10:55:00,11308.0,11318.0,11291.0,11304.0,6360
2026-05-05 11:00:00,11304.0,11348.0,11300.0,11345.0,5761
2026-05-05 11:05:00,11345.0,11345.0,11325.0,11338.0,2564
2026-05-05 11:10:00,11335.0,11341.0,11302.0,11310.0,4450
2026-05-05 11:15:00,11310.0,11324.0,11305.0,11306.0,2923
2026-05-05 11:20:00,11305.0,11308.0,11290.0,11294.0,5502
2026-05-05 11:25:00,11292.0,11299.0,11272.0,11282.0,6574
2026-05-05 11:30:00,11285.0,11302.0,11280.0,11294.0,3895
2026-05-05 11:35:00,11294.0,11307.0,11288.0,11290.0,5178
2026-05-05 11:40:00,11290.0,11295.0,11263.0,11270.0,6595
2026-05-05 11:45:00,11269.0,11276.0,11251.0,11260.0,4597
2026-05-05 11:50:00,11256.0,11285.0,11256.0,11278.0,6230
2026-05-05 11:55:00,11274.0,11275.0,11255.0,11258.0,3378
2026-05-05 12:00:00,11258.0,11276.0,11255.0,11274.0,2167
2026-05-05 12:05:00,11271.0,11290.0,11267.0,11279.0,3972
2026-05-05 12:10:00,11276.0,11285.0,11259.0,11274.0,3566
2026-05-05 12:15:00,11274.0,11280.0,11268.0,11273.0,1928
2026-05-05 12:20:00,11273.0,11304.0,11268.0,11299.0,6342
2026-05-05 12:25:00,11300.0,11305.0,11282.0,11288.0,3157
2026-05-05 12:30:00,11286.0,11295.0,11271.0,11290.0,3868
2026-05-05 12:35:00,11290.0,11310.0,11290.0,11308.0,3878
2026-05-05 12:40:00,11309.0,11320.0,11300.0,11305.0,4950
2026-05-05 12:45:00,11305.0,11308.0,11285.0,11302.0,4614
2026-05-05 12:50:00,11302.0,11320.0,11289.0,11296.0,3342
2026-05-05 12:55:00,11293.0,11303.0,11288.0,11301.0,1551
2026-05-05 13:00:00,11301.0,11305.0,11290.0,11300.0,2979
2026-05-05 13:05:00,11305.0,11324.0,11304.0,11317.0,3443
2026-05-05 13:10:00,11319.0,11319.0,11296.0,11313.0,1966
2026-05-05 13:15:00,11313.0,11318.0,11296.0,11309.0,1962
2026-05-05 13:20:00,11306.0,11315.0,11302.0,11309.0,1037
2026-05-05 13:25:00,11309.0,11315.0,11302.0,11308.0,1318
2026-05-05 13:30:00,11304.0,11350.0,11293.0,11310.0,16944
2026-05-05 13:35:00,11310.0,11316.0,11299.0,11314.0,1524
2026-05-05 13:40:00,11310.0,11317.0,11305.0,11317.0,2041
2026-05-05 13:45:00,11313.0,11327.0,11310.0,11315.0,1836
2026-05-05 13:50:00,11312.0,11315.0,11280.0,11289.0,4562
2026-05-05 13:55:00,11289.0,11311.0,11285.0,11298.0,974
2026-05-05 14:00:00,11298.0,11304.0,11292.0,11301.0,1978
2026-05-05 14:05:00,11301.0,11303.0,11288.0,11290.0,1384
2026-05-05 14:10:00,11292.0,11302.0,11289.0,11291.0,3246
2026-05-05 14:15:00,11291.0,11310.0,11291.0,11307.0,1399
2026-05-05 14:20:00,11310.0,11317.0,11307.0,11315.0,4675
2026-05-05 14:25:00,11315.0,11321.0,11310.0,11316.0,2450
2026-05-05 14:30:00,11316.0,11319.0,11305.0,11313.0,2297
2026-05-05 14:35:00,11313.0,11315.0,11305.0,11315.0,1397
2026-05-05 14:40:00,11315.0,11315.0,11307.0,11311.0,1672
2026-05-05 14:45:00,11311.0,11314.0,11291.0,11295.0,3032
2026-05-05 14:50:00,11296.0,11296.0,11260.0,11287.0,12908
2026-05-05 14:55:00,11287.0,11295.0,11276.0,11289.0,3351
2026-05-05 15:00:00,11290.0,11290.0,11272.0,11273.0,4281
2026-05-05 15:05:00,11272.0,11275.0,11265.0,11270.0,5480
2026-05-05 15:10:00,11270.0,11272.0,11232.0,11232.0,10564
2026-05-05 15:15:00,11233.0,11264.0,11232.0,11241.0,13699
2026-05-05 15:20:00,11247.0,11254.0,11200.0,11252.0,27174
2026-05-05 15:25:00,11252.0,11304.0,11225.0,11287.0,18244
2026-05-06 09:15:00,11400.0,11405.0,11317.0,11371.0,30639
2026-05-06 09:20:00,11369.0,11390.0,11344.0,11350.0,10746
2026-05-06 09:25:00,11349.0,11357.0,11330.0,11335.0,4213
2026-05-06 09:30:00,11333.0,11357.0,11333.0,11346.0,3678
2026-05-06 09:35:00,11346.0,11347.0,11330.0,11330.0,3998
2026-05-06 09:40:00,11334.0,11348.0,11321.0,11332.0,2926
2026-05-06 09:45:00,11339.0,11356.0,11332.0,11349.0,2526
2026-05-06 09:50:00,11348.0,11349.0,11329.0,11335.0,2808
2026-05-06 09:55:00,11338.0,11358.0,11335.0,11340.0,3464
2026-05-06 10:00:00,11338.0,11340.0,11322.0,11324.0,2978
2026-05-06 10:05:00,11321.0,11330.0,11315.0,11320.0,4050
2026-05-06 10:10:00,11317.0,11338.0,11316.0,11338.0,1500
2026-05-06 10:15:00,11334.0,11335.0,11320.0,11335.0,1993
2026-05-06 10:20:00,11335.0,11345.0,11327.0,11345.0,1904
2026-05-06 10:25:00,11345.0,11345.0,11331.0,11331.0,1530
2026-05-06 10:30:00,11330.0,11338.0,11326.0,11335.0,1179
2026-05-06 10:35:00,11330.0,11330.0,11309.0,11320.0,3156
2026-05-06 10:40:00,11320.0,11329.0,11315.0,11319.0,1565
2026-05-06 10:45:00,11318.0,11326.0,11311.0,11313.0,1492
2026-05-06 10:50:00,11318.0,11320.0,11298.0,11308.0,3610
2026-05-06 10:55:00,11306.0,11330.0,11305.0,11319.0,2776
2026-05-06 11:00:00,11319.0,11330.0,11310.0,11316.0,918
2026-05-06 11:05:00,11316.0,11339.0,11316.0,11337.0,1700
2026-05-06 11:10:00,11337.0,11345.0,11329.0,11336.0,2647
2026-05-06 11:15:00,11336.0,11342.0,11326.0,11326.0,1552
2026-05-06 11:20:00,11324.0,11336.0,11324.0,11333.0,1059
2026-05-06 11:25:00,11332.0,11339.0,11323.0,11332.0,1138
2026-05-06 11:30:00,11334.0,11334.0,11302.0,11305.0,2257
2026-05-06 11:35:00,11305.0,11305.0,11275.0,11280.0,5888
2026-05-06 11:40:00,11280.0,11293.0,11262.0,11288.0,5504
2026-05-06 11:45:00,11290.0,11295.0,11284.0,11292.0,1195
2026-05-06 11:50:00,11293.0,11293.0,11266.0,11275.0,2592
2026-05-06 11:55:00,11277.0,11277.0,11262.0,11273.0,3049
2026-05-06 12:00:00,11273.0,11273.0,11262.0,11266.0,2005
2026-05-06 12:05:00,11268.0,11272.0,11260.0,11269.0,1588
2026-05-06 12:10:00,11270.0,11270.0,11261.0,11267.0,1270
2026-05-06 12:15:00,11267.0,11275.0,11263.0,11270.0,1996
2026-05-06 12:20:00,11275.0,11275.0,11242.0,11250.0,5026
2026-05-06 12:25:00,11253.0,11271.0,11251.0,11267.0,2280
2026-05-06 12:30:00,11267.0,11267.0,11231.0,11238.0,4526
2026-05-06 12:35:00,11238.0,11247.0,11184.0,11193.0,11188
2026-05-06 12:40:00,11189.0,11199.0,11183.0,11185.0,5986
2026-05-06 12:45:00,11184.0,11190.0,11166.0,11170.0,5021
2026-05-06 12:50:00,11173.0,11192.0,11152.0,11164.0,7021
2026-05-06 12:55:00,11164.0,11180.0,11154.0,11172.0,3341
2026-05-06 13:00:00,11172.0,11172.0,11161.0,11166.0,2672
2026-05-06 13:05:00,11166.0,11194.0,11160.0,11194.0,3534
2026-05-06 13:10:00,11194.0,11230.0,11189.0,11220.0,5920
2026-05-06 13:15:00,11217.0,11235.0,11215.0,11231.0,2659
2026-05-06 13:20:00,11235.0,11268.0,11233.0,11256.0,7933
2026-05-06 13:25:00,11256.0,11261.0,11210.0,11242.0,5529
2026-05-06 13:30:00,11234.0,11300.0,11234.0,11259.0,18340
2026-05-06 13:35:00,11254.0,11270.0,11250.0,11259.0,2466
2026-05-06 13:40:00,11260.0,11273.0,11233.0,11239.0,5064
2026-05-06 13:45:00,11239.0,11246.0,11230.0,11245.0,2550
2026-05-06 13:50:00,11244.0,11274.0,11230.0,11272.0,2372
2026-05-06 13:55:00,11270.0,11274.0,11247.0,11250.0,3732
2026-05-06 14:00:00,11249.0,11261.0,11246.0,11257.0,1435
2026-05-06 14:05:00,11257.0,11260.0,11251.0,11252.0,937
2026-05-06 14:10:00,11253.0,11265.0,11253.0,11264.0,822
2026-05-06 14:15:00,11265.0,11281.0,11263.0,11271.0,6038
2026-05-06 14:20:00,11269.0,11286.0,11265.0,11283.0,6059
2026-05-06 14:25:00,11283.0,11308.0,11279.0,11293.0,8970
2026-05-06 14:30:00,11297.0,11309.0,11276.0,11295.0,7199
2026-05-06 14:35:00,11292.0,11301.0,11285.0,11290.0,3477
2026-05-06 14:40:00,11289.0,11320.0,11288.0,11310.0,6124
2026-05-06 14:45:00,11310.0,11327.0,11306.0,11325.0,6422
2026-05-06 14:50:00,11324.0,11324.0,11305.0,11315.0,5577
2026-05-06 14:55:00,11315.0,11327.0,11305.0,11316.0,5262
2026-05-06 15:00:00,11301.0,11320.0,11292.0,11314.0,7999
2026-05-06 15:05:00,11315.0,11315.0,11292.0,11299.0,5333
2026-05-06 15:10:00,11305.0,11305.0,11285.0,11294.0,6372
2026-05-06 15:15:00,11297.0,11308.0,11284.0,11303.0,16718
2026-05-06 15:20:00,11305.0,11308.0,11266.0,11280.0,12742
2026-05-06 15:25:00,11280.0,11343.0,11280.0,11297.0,21322
2026-05-07 09:15:00,11350.0,11395.0,11312.0,11316.0,16391
2026-05-07 09:20:00,11311.0,11331.0,11287.0,11301.0,14367
2026-05-07 09:25:00,11303.0,11368.0,11300.0,11361.0,12172
2026-05-07 09:30:00,11364.0,11368.0,11321.0,11325.0,6898
2026-05-07 09:35:00,11325.0,11351.0,11320.0,11348.0,5216
2026-05-07 09:40:00,11352.0,11357.0,11337.0,11349.0,5130
2026-05-07 09:45:00,11351.0,11351.0,11333.0,11340.0,3831
2026-05-07 09:50:00,11338.0,11345.0,11320.0,11320.0,3035
2026-05-07 09:55:00,11320.0,11335.0,11315.0,11324.0,2008
2026-05-07 10:00:00,11328.0,11347.0,11320.0,11330.0,2037
2026-05-07 10:05:00,11327.0,11335.0,11318.0,11329.0,1746
2026-05-07 10:10:00,11328.0,11344.0,11282.0,11291.0,6425
2026-05-07 10:15:00,11291.0,11317.0,11280.0,11317.0,4411
2026-05-07 10:20:00,11318.0,11329.0,11313.0,11321.0,2806
2026-05-07 10:25:00,11320.0,11345.0,11304.0,11311.0,3864
2026-05-07 10:30:00,11311.0,11325.0,11290.0,11301.0,3646
2026-05-07 10:35:00,11296.0,11309.0,11294.0,11309.0,2239
2026-05-07 10:40:00,11319.0,11365.0,11306.0,11360.0,6703
2026-05-07 10:45:00,11363.0,11382.0,11344.0,11380.0,10135
2026-05-07 10:50:00,11377.0,11378.0,11350.0,11365.0,3842
2026-05-07 10:55:00,11367.0,11370.0,11354.0,11355.0,1886
2026-05-07 11:00:00,11349.0,11363.0,11348.0,11351.0,1478
2026-05-07 11:05:00,11352.0,11355.0,11320.0,11329.0,2967
2026-05-07 11:10:00,11330.0,11349.0,11324.0,11330.0,1379
2026-05-07 11:15:00,11327.0,11331.0,11304.0,11304.0,3154
2026-05-07 11:20:00,11306.0,11306.0,11277.0,11296.0,6994
2026-05-07 11:25:00,11296.0,11298.0,11271.0,11275.0,5298
2026-05-07 11:30:00,11277.0,11297.0,11263.0,11271.0,5806
2026-05-07 11:35:00,11271.0,11271.0,11244.0,11259.0,9370
2026-05-07 11:40:00,11260.0,11273.0,11235.0,11240.0,5701
2026-05-07 11:45:00,11240.0,11243.0,11200.0,11225.0,11479
2026-05-07 11:50:00,11223.0,11232.0,11197.0,11211.0,12403
2026-05-07 11:55:00,11208.0,11250.0,11201.0,11234.0,5865
2026-05-07 12:00:00,11232.0,11240.0,11220.0,11223.0,4000
2026-05-07 12:05:00,11224.0,11230.0,11205.0,11215.0,4050
2026-05-07 12:10:00,11216.0,11226.0,11200.0,11204.0,6399
2026-05-07 12:15:00,11200.0,11203.0,11190.0,11196.0,8938
2026-05-07 12:20:00,11197.0,11222.0,11193.0,11205.0,5096
2026-05-07 12:25:00,11205.0,11209.0,11180.0,11190.0,8250
2026-05-07 12:30:00,11189.0,11190.0,11167.0,11181.0,8915
2026-05-07 12:35:00,11181.0,11225.0,11181.0,11223.0,5465
2026-05-07 12:40:00,11225.0,11255.0,11220.0,11223.0,15509
2026-05-07 12:45:00,11223.0,11225.0,11174.0,11174.0,28316
2026-05-07 12:50:00,11171.0,11188.0,11171.0,11188.0,6012
2026-05-07 12:55:00,11188.0,11209.0,11165.0,11170.0,9486
2026-05-07 13:00:00,11170.0,11175.0,11133.0,11145.0,14421
2026-05-07 13:05:00,11145.0,11155.0,11053.0,11120.0,16972
2026-05-07 13:10:00,11110.0,11142.0,11110.0,11130.0,8499
2026-05-07 13:15:00,11131.0,11135.0,11102.0,11125.0,6352
2026-05-07 13:20:00,11127.0,11133.0,11119.0,11124.0,3494
2026-05-07 13:25:00,11125.0,11143.0,11123.0,11130.0,5118
2026-05-07 13:30:00,11135.0,11145.0,11130.0,11144.0,3150
2026-05-07 13:35:00,11140.0,11150.0,11135.0,11140.0,3725
2026-05-07 13:40:00,11140.0,11170.0,11139.0,11154.0,5411
2026-05-07 13:45:00,11152.0,11155.0,11140.0,11144.0,2331
2026-05-07 13:50:00,11147.0,11159.0,11140.0,11159.0,2885
2026-05-07 13:55:00,11152.0,11157.0,11143.0,11150.0,3297
2026-05-07 14:00:00,11149.0,11160.0,11145.0,11157.0,4570
2026-05-07 14:05:00,11157.0,11167.0,11150.0,11152.0,4085
2026-05-07 14:10:00,11155.0,11164.0,11152.0,11155.0,3789
2026-05-07 14:15:00,11156.0,11156.0,11140.0,11141.0,3520
2026-05-07 14:20:00,11141.0,11145.0,11132.0,11141.0,2186
2026-05-07 14:25:00,11142.0,11150.0,11140.0,11150.0,2446
2026-05-07 14:30:00,11147.0,11150.0,11140.0,11141.0,1993
2026-05-07 14:35:00,11141.0,11146.0,11136.0,11140.0,2141
2026-05-07 14:40:00,11141.0,11143.0,11105.0,11105.0,16769
2026-05-07 14:45:00,11105.0,11109.0,11070.0,11075.0,13805
2026-05-07 14:50:00,11075.0,11098.0,11073.0,11091.0,9768
2026-05-07 14:55:00,11091.0,11097.0,11080.0,11088.0,6593
2026-05-07 15:00:00,11092.0,11102.0,11073.0,11085.0,17439
2026-05-07 15:05:00,11086.0,11087.0,11055.0,11065.0,16993
2026-05-07 15:10:00,11065.0,11065.0,11029.0,11036.0,33923
2026-05-07 15:15:00,11039.0,11050.0,11006.0,11024.0,45163
2026-05-07 15:20:00,11022.0,11031.0,11013.0,11030.0,24590
2026-05-07 15:25:00,11030.0,11079.0,11027.0,11074.0,30629
2026-05-08 09:15:00,11040.0,11099.0,11011.0,11081.0,21379
2026-05-08 09:20:00,11079.0,11110.0,11071.0,11094.0,13026
2026-05-08 09:25:00,11095.0,11133.0,11080.0,11125.0,10270
2026-05-08 09:30:00,11119.0,11148.0,11111.0,11147.0,7086
2026-05-08 09:35:00,11144.0,11156.0,11111.0,11113.0,9370
2026-05-08 09:40:00,11117.0,11135.0,11106.0,11111.0,4399
2026-05-08 09:45:00,11106.0,11152.0,11102.0,11152.0,7322
2026-05-08 09:50:00,11149.0,11205.0,11136.0,11201.0,13139
2026-05-08 09:55:00,11199.0,11265.0,11197.0,11216.0,13944
2026-05-08 10:00:00,11214.0,11250.0,11200.0,11239.0,6496
2026-05-08 10:05:00,11239.0,11248.0,11222.0,11231.0,5264
2026-05-08 10:10:00,11233.0,11236.0,11182.0,11195.0,5831
2026-05-08 10:15:00,11190.0,11226.0,11183.0,11197.0,17386
2026-05-08 10:20:00,11196.0,11227.0,11189.0,11226.0,3221
2026-05-08 10:25:00,11226.0,11228.0,11197.0,11203.0,5151
2026-05-08 10:30:00,11201.0,11222.0,11201.0,11211.0,2116
2026-05-08 10:35:00,11210.0,11216.0,11201.0,11205.0,2278
2026-05-08 10:40:00,11201.0,11204.0,11182.0,11192.0,5425
2026-05-08 10:45:00,11194.0,11200.0,11181.0,11187.0,2411
2026-05-08 10:50:00,11186.0,11186.0,11155.0,11155.0,5381
2026-05-08 10:55:00,11159.0,11171.0,11151.0,11152.0,4277
2026-05-08 11:00:00,11152.0,11175.0,11146.0,11160.0,7537
2026-05-08 11:05:00,11163.0,11174.0,11147.0,11152.0,6863
2026-05-08 11:10:00,11149.0,11170.0,11148.0,11170.0,1988
2026-05-08 11:15:00,11164.0,11174.0,11161.0,11165.0,1570
2026-05-08 11:20:00,11165.0,11174.0,11160.0,11174.0,2130
2026-05-08 11:25:00,11170.0,11172.0,11136.0,11139.0,4143
2026-05-08 11:30:00,11138.0,11150.0,11117.0,11137.0,5171
2026-05-08 11:35:00,11141.0,11141.0,11113.0,11121.0,4522
2026-05-08 11:40:00,11123.0,11135.0,11120.0,11125.0,1978
2026-05-08 11:45:00,11123.0,11123.0,11105.0,11105.0,5605
2026-05-08 11:50:00,11103.0,11110.0,11095.0,11097.0,5155
2026-05-08 11:55:00,11095.0,11120.0,11080.0,11120.0,9198
2026-05-08 12:00:00,11120.0,11129.0,11115.0,11129.0,2316
2026-05-08 12:05:00,11129.0,11147.0,11125.0,11135.0,4421
2026-05-08 12:10:00,11134.0,11144.0,11130.0,11144.0,2424
2026-05-08 12:15:00,11144.0,11144.0,11128.0,11135.0,2190
2026-05-08 12:20:00,11136.0,11151.0,11131.0,11135.0,4216
2026-05-08 12:25:00,11135.0,11147.0,11132.0,11145.0,1691
2026-05-08 12:30:00,11145.0,11146.0,11138.0,11142.0,1456
2026-05-08 12:35:00,11141.0,11142.0,11123.0,11125.0,1647
2026-05-08 12:40:00,11128.0,11134.0,11115.0,11123.0,2210
2026-05-08 12:45:00,11120.0,11121.0,11061.0,11080.0,8428
2026-05-08 12:50:00,11083.0,11094.0,11053.0,11066.0,6749
2026-05-08 12:55:00,11072.0,11072.0,10973.0,11027.0,18558
2026-05-08 13:00:00,11029.0,11043.0,11022.0,11036.0,5526
2026-05-08 13:05:00,11037.0,11046.0,10990.0,11039.0,10675
2026-05-08 13:10:00,11043.0,11064.0,11019.0,11025.0,4825
2026-05-08 13:15:00,11024.0,11028.0,10994.0,11015.0,5680
2026-05-08 13:20:00,11018.0,11021.0,11001.0,11013.0,3008
2026-05-08 13:25:00,11014.0,11049.0,11013.0,11029.0,4177
2026-05-08 13:30:00,11031.0,11059.0,11019.0,11047.0,3921
2026-05-08 13:35:00,11045.0,11047.0,11019.0,11024.0,2607
2026-05-08 13:40:00,11024.0,11041.0,11017.0,11017.0,2666
2026-05-08 13:45:00,11016.0,11023.0,10851.0,10861.0,30184
2026-05-08 13:50:00,10868.0,10877.0,10741.0,10863.0,34685
2026-05-08 13:55:00,10863.0,10888.0,10827.0,10855.0,17106
2026-05-08 14:00:00,10859.0,10879.0,10805.0,10848.0,21325
2026-05-08 14:05:00,10850.0,10908.0,10847.0,10901.0,9986
2026-05-08 14:10:00,10903.0,10926.0,10690.0,10699.0,39809
2026-05-08 14:15:00,10700.0,10783.0,10699.0,10720.0,35990
2026-05-08 14:20:00,10721.0,10738.0,10580.0,10636.0,58050
2026-05-08 14:25:00,10635.0,10727.0,10632.0,10690.0,27898
2026-05-08 14:30:00,10694.0,10727.0,10668.0,10705.0,20379
2026-05-08 14:35:00,10709.0,10784.0,10700.0,10770.0,22889
2026-05-08 14:40:00,10770.0,10780.0,10725.0,10753.0,30692
2026-05-08 14:45:00,10753.0,10787.0,10720.0,10778.0,17060
2026-05-08 14:50:00,10786.0,10829.0,10762.0,10775.0,18467
2026-05-08 14:55:00,10777.0,10788.0,10758.0,10775.0,8704
2026-05-08 15:00:00,10776.0,10792.0,10761.0,10780.0,12773
2026-05-08 15:05:00,10779.0,10799.0,10777.0,10786.0,12973
2026-05-08 15:10:00,10787.0,10824.0,10787.0,10821.0,19566
2026-05-08 15:15:00,10821.0,10835.0,10801.0,10809.0,18355
2026-05-08 15:20:00,10803.0,10811.0,10784.0,10792.0,13005
2026-05-08 15:25:00,10792.0,10837.0,10790.0,10825.0,18031
2026-05-11 09:15:00,10773.0,10773.0,10537.0,10709.0,41498
2026-05-11 09:20:00,10709.0,10712.0,10707.0,10707.0,26
2026-05-11 09:25:00,10777.0,10827.0,10693.0,10718.0,52971
2026-05-11 09:30:00,10716.0,10775.0,10676.0,10735.0,18680
2026-05-11 09:35:00,10733.0,10748.0,10652.0,10660.0,12415
2026-05-11 09:40:00,10660.0,10672.0,10647.0,10657.0,8284
2026-05-11 09:45:00,10655.0,10705.0,10650.0,10694.0,6908
2026-05-11 09:50:00,10677.0,10700.0,10670.0,10690.0,5868
2026-05-11 09:55:00,10694.0,10817.0,10675.0,10782.0,47962
2026-05-11 10:00:00,10785.0,10884.0,10744.0,10848.0,42631
2026-05-11 10:05:00,10854.0,10874.0,10820.0,10865.0,17295
2026-05-11 10:10:00,10865.0,10900.0,10853.0,10886.0,16147
2026-05-11 10:15:00,10886.0,10956.0,10886.0,10891.0,28929
2026-05-11 10:20:00,10885.0,10939.0,10880.0,10905.0,17656
2026-05-11 10:25:00,10905.0,10920.0,10890.0,10901.0,8844
2026-05-11 10:30:00,10896.0,10901.0,10840.0,10877.0,11834
2026-05-11 10:35:00,10881.0,10893.0,10841.0,10886.0,10298
2026-05-11 10:40:00,10886.0,10898.0,10865.0,10871.0,5586
2026-05-11 10:45:00,10858.0,10864.0,10843.0,10861.0,5861
2026-05-11 10:50:00,10864.0,10889.0,10859.0,10888.0,4817
2026-05-11 10:55:00,10888.0,10893.0,10854.0,10870.0,3739
2026-05-11 11:00:00,10875.0,10897.0,10872.0,10883.0,4445
2026-05-11 11:05:00,10890.0,10894.0,10863.0,10878.0,3259
2026-05-11 11:10:00,10878.0,10878.0,10843.0,10858.0,3547
2026-05-11 11:15:00,10862.0,10865.0,10825.0,10831.0,3780
2026-05-11 11:20:00,10831.0,10856.0,10830.0,10838.0,2594
2026-05-11 11:25:00,10839.0,10839.0,10800.0,10800.0,5592
2026-05-11 11:30:00,10801.0,10804.0,10783.0,10795.0,3387
2026-05-11 11:35:00,10797.0,10822.0,10796.0,10821.0,2096
2026-05-11 11:40:00,10821.0,10834.0,10817.0,10831.0,2370
2026-05-11 11:45:00,10831.0,10841.0,10806.0,10813.0,1817
2026-05-11 11:50:00,10813.0,10824.0,10807.0,10820.0,1252
2026-05-11 11:55:00,10824.0,10824.0,10805.0,10806.0,1978
2026-05-11 12:00:00,10806.0,10820.0,10802.0,10802.0,2985
2026-05-11 12:05:00,10800.0,10827.0,10797.0,10827.0,2716
2026-05-11 12:10:00,10827.0,10830.0,10811.0,10825.0,1603
2026-05-11 12:15:00,10825.0,10830.0,10815.0,10821.0,1412
2026-05-11 12:20:00,10816.0,10871.0,10810.0,10864.0,5224
2026-05-11 12:25:00,10860.0,10872.0,10855.0,10872.0,3132
2026-05-11 12:30:00,10870.0,10873.0,10843.0,10845.0,1857
2026-05-11 12:35:00,10850.0,10862.0,10830.0,10835.0,1325
2026-05-11 12:40:00,10835.0,10868.0,10834.0,10862.0,1714
2026-05-11 12:45:00,10862.0,10873.0,10856.0,10863.0,2388
2026-05-11 12:50:00,10868.0,10870.0,10862.0,10865.0,731
2026-05-11 12:55:00,10866.0,10875.0,10860.0,10873.0,100977392
2026-05-11 13:00:00,10869.0,10874.0,10835.0,10839.0,134636733
2026-05-11 13:05:00,10839.0,10842.0,10805.0,10821.0,205428148
2026-05-11 13:10:00,10821.0,10834.0,10821.0,10831.0,81496386
2026-05-11 13:15:00,10831.0,10834.0,10811.0,10812.0,69781343
2026-05-11 13:20:00,10810.0,10845.0,10810.0,10841.0,62876729
2026-05-11 13:25:00,10841.0,10847.0,10821.0,10825.0,81900538
2026-05-11 13:30:00,10825.0,10831.0,10820.0,10830.0,73411726
2026-05-11 13:35:00,10830.0,10849.0,10820.0,10822.0,111556197
2026-05-11 13:40:00,10830.0,10842.0,10830.0,10835.0,57671730
2026-05-11 13:45:00,10839.0,10839.0,10835.0,10835.0,3
2026-05-11 13:50:00,10840.0,10867.0,10840.0,10860.0,75750650
2026-05-11 13:55:00,10826.0,10829.0,10820.0,10820.0,26310678
2026-05-11 14:00:00,10826.0,10831.0,10820.0,10830.0,1465
2026-05-11 14:05:00,10823.0,10845.0,10823.0,10834.0,75651068
2026-05-11 14:10:00,10834.0,10849.0,10820.0,10823.0,87965784
2026-05-11 14:15:00,10824.0,10835.0,10821.0,10832.0,82862037
2026-05-11 14:20:00,10827.0,10833.0,10820.0,10825.0,87397694
2026-05-11 14:25:00,10825.0,10836.0,10811.0,10829.0,85367017
2026-05-11 14:30:00,10826.0,10841.0,10824.0,10837.0,74473325
2026-05-11 14:35:00,10837.0,10845.0,10825.0,10829.0,86177409
2026-05-11 14:40:00,10824.0,10829.0,10820.0,10825.0,51846619
2026-05-11 14:45:00,10825.0,10830.0,10795.0,10806.0,82971673
2026-05-11 14:50:00,10809.0,10820.0,10800.0,10803.0,84419215
2026-05-11 14:55:00,10803.0,10806.0,10790.0,10800.0,86412632
2026-05-11 15:00:00,10799.0,10799.0,10787.0,10787.0,1620
2026-05-11 15:05:00,10760.0,10763.0,10730.0,10730.0,124046095
2026-05-11 15:10:00,10732.0,10750.0,10732.0,10748.0,113728336
2026-05-11 15:15:00,10749.0,10785.0,10747.0,10780.0,73885487
2026-05-11 15:20:00,10786.0,10798.0,10780.0,10793.0,72953714
2026-05-11 15:25:00,10792.0,10815.0,10770.0,10799.0,131848809
2026-05-12 09:15:00,10728.0,10739.0,10612.0,10650.0,10761386
2026-05-12 09:20:00,10653.0,10653.0,10573.0,10576.0,24294617
2026-05-12 09:25:00,10577.0,10587.0,10534.0,10545.0,35973970
2026-05-12 09:30:00,10545.0,10549.0,10465.0,10493.0,54933738
2026-05-12 09:35:00,10493.0,10550.0,10490.0,10500.0,66519218
2026-05-12 09:40:00,10500.0,10547.0,10485.0,10540.0,65170460
2026-05-12 09:45:00,10545.0,10554.0,10507.0,10516.0,60946600
2026-05-12 09:50:00,10512.0,10519.0,10490.0,10505.0,82479365
2026-05-12 09:55:00,10502.0,10508.0,10435.0,10439.0,69223350
2026-05-12 10:00:00,10442.0,10469.0,10430.0,10456.0,100392429
2026-05-12 10:05:00,10456.0,10460.0,10405.0,10412.0,98133088
2026-05-12 10:10:00,10412.0,10413.0,10376.0,10397.0,134987046
2026-05-12 10:15:00,10397.0,10465.0,10378.0,10457.0,138814663
2026-05-12 10:20:00,10457.0,10501.0,10455.0,10463.0,153284841
2026-05-12 10:25:00,10463.0,10484.0,10454.0,10454.0,88656012
2026-05-12 10:30:00,10456.0,10478.0,10415.0,10420.0,143227502
2026-05-12 10:35:00,10420.0,10450.0,10412.0,10437.0,139688227
2026-05-12 10:40:00,10437.0,10466.0,10436.0,10443.0,119817586
2026-05-12 10:45:00,10442.0,10445.0,10401.0,10402.0,117678566
2026-05-12 10:50:00,10405.0,10427.0,10400.0,10420.0,106100108
2026-05-12 10:55:00,10417.0,10420.0,10404.0,10409.0,147948534
2026-05-12 11:00:00,10409.0,10419.0,10401.0,10407.0,65317552
2026-05-12 11:05:00,10412.0,10418.0,10385.0,10392.0,130527900
2026-05-12 11:10:00,10390.0,10400.0,10380.0,10394.0,89160528
2026-05-12 11:15:00,10394.0,10406.0,10380.0,10396.0,97454672
2026-05-12 11:20:00,10396.0,10433.0,10392.0,10425.0,141967366
2026-05-12 11:25:00,10424.0,10437.0,10405.0,10415.0,99544897
2026-05-12 11:30:00,10415.0,10416.0,10390.0,10406.0,115879808
2026-05-12 11:35:00,10409.0,10425.0,10397.0,10421.0,79555369
2026-05-12 11:40:00,10418.0,10467.0,10418.0,10439.0,153369088
2026-05-12 11:45:00,10439.0,10442.0,10416.0,10421.0,75306225
2026-05-12 11:50:00,10423.0,10431.0,10415.0,10425.0,87519126
2026-05-12 11:55:00,10427.0,10437.0,10406.0,10411.0,99091853
2026-05-12 12:00:00,10415.0,10419.0,10401.0,10405.0,86060081
2026-05-12 12:05:00,10401.0,10407.0,10382.0,10382.0,83762383
2026-05-12 12:10:00,10382.0,10400.0,10381.0,10381.0,127103236
2026-05-12 12:15:00,10385.0,10416.0,10377.0,10405.0,103572362
2026-05-12 12:20:00,10405.0,10408.0,10393.0,10400.0,75731697
2026-05-12 12:25:00,10397.0,10408.0,10390.0,10390.0,81348395
2026-05-12 12:30:00,10385.0,10393.0,10377.0,10385.0,72932242
2026-05-12 12:35:00,10382.0,10384.0,10370.0,10380.0,62738559
2026-05-12 12:50:00,10377.0,10386.0,10371.0,10381.0,54673399
2026-05-12 12:55:00,10381.0,10400.0,10373.0,10385.0,135532791
2026-05-12 13:00:00,10385.0,10390.0,10376.0,10386.0,74957454
2026-05-12 13:05:00,10389.0,10389.0,10350.0,10355.0,108013024
2026-05-12 13:10:00,10355.0,10365.0,10342.0,10359.0,181793741
2026-05-12 13:15:00,10359.0,10378.0,10355.0,10357.0,82762866
2026-05-12 13:20:00,10357.0,10357.0,10333.0,10337.0,92691387
2026-05-12 13:25:00,10336.0,10349.0,10314.0,10315.0,149789329
2026-05-12 13:30:00,10315.0,10315.0,10265.0,10267.0,262318452
2026-05-12 13:35:00,10267.0,10267.0,10251.0,10260.0,176896614
2026-05-12 13:40:00,10260.0,10298.0,10255.0,10276.0,229670999
2026-05-12 13:45:00,10276.0,10295.0,10260.0,10286.0,258388574
2026-05-12 13:50:00,10290.0,10320.0,10286.0,10300.0,236951259
2026-05-12 13:55:00,10300.0,10300.0,10285.0,10285.0,188252517
2026-05-12 14:00:00,10281.0,10281.0,10260.0,10267.0,251562928
2026-05-12 14:05:00,10266.0,10270.0,10230.0,10234.0,196152094
2026-05-12 14:10:00,10231.0,10250.0,10220.0,10240.0,211745871
2026-05-12 14:15:00,10238.0,10259.0,10231.0,10246.0,151933648
2026-05-12 14:20:00,10246.0,10282.0,10242.0,10272.0,129063440
2026-05-12 14:25:00,10272.0,10272.0,10194.0,10232.0,246402488
2026-05-12 14:30:00,10230.0,10244.0,10200.0,10205.0,213109773
2026-05-12 14:35:00,10208.0,10225.0,10202.0,10214.0,124876359
2026-05-12 14:40:00,10213.0,10218.0,10150.0,10195.0,256911384
2026-05-12 14:45:00,10195.0,10211.0,10166.0,10180.0,305102054
2026-05-12 14:50:00,10180.0,10206.0,10167.0,10190.0,213626374
2026-05-12 14:55:00,10190.0,10197.0,10174.0,10180.0,230937559
2026-05-12 15:00:00,10179.0,10182.0,10133.0,10158.0,247473219
2026-05-12 15:05:00,10154.0,10170.0,10131.0,10139.0,348067947
2026-05-12 15:10:00,10139.0,10148.0,10100.0,10118.0,394264037
2026-05-12 15:15:00,10119.0,10163.0,10105.0,10160.0,418131722
2026-05-12 15:20:00,10160.0,10169.0,10104.0,10135.0,409296478
2026-05-12 15:25:00,10133.0,10159.0,10105.0,10119.0,453412273
2026-05-13 09:15:00,10318.0,10496.0,10201.0,10435.0,56285731
2026-05-13 09:20:00,10435.0,10439.0,10171.0,10313.0,110931954
2026-05-13 09:25:00,10308.0,10435.0,10284.0,10388.0,154621364
2026-05-13 09:30:00,10387.0,10543.0,10350.0,10492.0,87830
2026-05-13 09:35:00,10491.0,10510.0,10397.0,10490.0,45518
2026-05-13 09:40:00,10487.0,10576.0,10465.0,10567.0,57349
2026-05-13 09:45:00,10561.0,10623.0,10545.0,10606.0,75486
2026-05-13 09:50:00,10608.0,10608.0,10530.0,10557.0,38585
2026-05-13 09:55:00,10560.0,10615.0,10556.0,10588.0,23046
2026-05-13 10:00:00,10586.0,10629.0,10575.0,10605.0,23864
2026-05-13 10:05:00,10606.0,10696.0,10580.0,10672.0,51275
2026-05-13 10:10:00,10671.0,10680.0,10580.0,10646.0,33633
2026-05-13 10:15:00,10643.0,10670.0,10610.0,10640.0,21400
2026-05-13 10:20:00,10644.0,10662.0,10602.0,10608.0,13749
2026-05-13 10:25:00,10608.0,10608.0,10511.0,10551.0,64938
2026-05-13 10:30:00,10550.0,10555.0,10438.0,10450.0,52695
2026-05-13 10:35:00,10448.0,10475.0,10433.0,10460.0,34863
2026-05-13 10:40:00,10458.0,10530.0,10451.0,10527.0,24600
2026-05-13 10:45:00,10527.0,10550.0,10512.0,10528.0,12146
2026-05-13 10:50:00,10522.0,10526.0,10460.0,10509.0,17473
2026-05-13 10:55:00,10508.0,10513.0,10462.0,10479.0,11548
2026-05-13 11:00:00,10476.0,10499.0,10467.0,10481.0,11919
2026-05-13 11:05:00,10481.0,10496.0,10470.0,10485.0,6034
2026-05-13 11:10:00,10476.0,10491.0,10470.0,10489.0,4406
2026-05-13 11:15:00,10489.0,10505.0,10471.0,10499.0,6035
2026-05-13 11:20:00,10500.0,10506.0,10475.0,10490.0,5099
2026-05-13 11:25:00,10489.0,10498.0,10468.0,10472.0,6463
2026-05-13 11:30:00,10472.0,10485.0,10451.0,10479.0,13863
2026-05-13 11:35:00,10479.0,10527.0,10479.0,10515.0,9431
2026-05-13 11:40:00,10519.0,10598.0,10515.0,10592.0,28411
2026-05-13 11:45:00,10590.0,10624.0,10588.0,10604.0,34338
2026-05-13 11:50:00,10614.0,10662.0,10607.0,10642.0,37301
2026-05-13 11:55:00,10644.0,10665.0,10631.0,10655.0,19523
2026-05-13 12:00:00,10655.0,10684.0,10655.0,10667.0,31553
2026-05-13 12:05:00,10661.0,10860.0,10653.0,10827.0,69886
2026-05-13 12:10:00,10833.0,11030.0,10822.0,11016.0,101897
2026-05-13 12:15:00,11012.0,11014.0,10916.0,10944.0,61711
2026-05-13 12:20:00,10945.0,11020.0,10940.0,10992.0,51685
2026-05-13 12:25:00,10993.0,11020.0,10893.0,10902.0,49490
2026-05-13 12:30:00,10900.0,10928.0,10881.0,10902.0,24560
2026-05-13 12:35:00,10902.0,10940.0,10901.0,10906.0,15952
2026-05-13 12:40:00,10906.0,10912.0,10870.0,10880.0,17072
2026-05-13 12:45:00,10880.0,10883.0,10851.0,10862.0,16558
2026-05-13 12:50:00,10862.0,10895.0,10815.0,10888.0,40686
2026-05-13 12:55:00,10888.0,10950.0,10888.0,10903.0,23646
2026-05-13 13:00:00,10904.0,10926.0,10891.0,10900.0,10338
2026-05-13 13:05:00,10899.0,10900.0,10857.0,10880.0,15186
2026-05-13 13:10:00,10881.0,10921.0,10880.0,10911.0,12254
2026-05-13 13:15:00,10916.0,10916.0,10894.0,10901.0,7784
2026-05-13 13:20:00,10901.0,10950.0,10901.0,10942.0,15042
2026-05-13 13:25:00,10940.0,10942.0,10915.0,10939.0,11415
2026-05-13 13:30:00,10929.0,10988.0,10926.0,10980.0,20205
2026-05-13 13:35:00,10978.0,10982.0,10925.0,10950.0,15210
2026-05-13 13:40:00,10950.0,10956.0,10928.0,10938.0,7692
2026-05-13 13:45:00,10938.0,10945.0,10912.0,10927.0,13723
2026-05-13 13:50:00,10927.0,10945.0,10922.0,10928.0,7054
2026-05-13 13:55:00,10928.0,10928.0,10890.0,10912.0,14456
2026-05-13 14:00:00,10912.0,10927.0,10905.0,10923.0,7674
2026-05-13 14:05:00,10922.0,10925.0,10900.0,10908.0,9021
2026-05-13 14:10:00,10909.0,10945.0,10909.0,10938.0,13778
2026-05-13 14:15:00,10938.0,10980.0,10936.0,10951.0,24759
2026-05-13 14:20:00,10953.0,10986.0,10934.0,10985.0,19341
2026-05-13 14:25:00,10983.0,11011.0,10979.0,11005.0,31291
2026-05-13 14:30:00,11009.0,11106.0,11005.0,11088.0,83968
2026-05-13 14:35:00,11087.0,11101.0,11074.0,11090.0,37236
2026-05-13 14:40:00,11087.0,11130.0,11081.0,11109.0,59423
2026-05-13 14:45:00,11104.0,11140.0,11062.0,11087.0,70816
2026-05-13 14:50:00,11085.0,11210.0,11076.0,11186.0,116558
2026-05-13 14:55:00,11190.0,11232.0,11172.0,11205.0,63233
2026-05-13 15:00:00,11202.0,11207.0,11103.0,11123.0,88430
2026-05-13 15:05:00,11120.0,11124.0,11075.0,11100.0,56218
2026-05-13 15:10:00,11100.0,11149.0,11080.0,11130.0,50485
2026-05-13 15:15:00,11130.0,11160.0,11106.0,11107.0,50166
2026-05-13 15:20:00,11103.0,11124.0,11081.0,11121.0,41430
2026-05-13 15:25:00,11118.0,11155.0,11111.0,11129.0,33526
2026-05-14 09:15:00,11150.0,11191.0,10950.0,10994.0,63146
2026-05-14 09:20:00,10990.0,11080.0,10941.0,10958.0,39482
2026-05-14 09:25:00,10954.0,10983.0,10948.0,10978.0,16863
2026-05-14 09:30:00,10976.0,11019.0,10970.0,10999.0,15723
2026-05-14 09:35:00,10999.0,11008.0,10875.0,10890.0,23009
2026-05-14 09:40:00,10893.0,10918.0,10858.0,10875.0,19887
2026-05-14 09:45:00,10871.0,10925.0,10870.0,10919.0,14927
2026-05-14 09:50:00,10919.0,10923.0,10846.0,10850.0,14691
2026-05-14 09:55:00,10850.0,10924.0,10834.0,10907.0,19218
2026-05-14 10:00:00,10905.0,10938.0,10878.0,10927.0,13737
2026-05-14 10:05:00,10927.0,10949.0,10878.0,10944.0,25141
2026-05-14 10:10:00,10939.0,11028.0,10934.0,10970.0,24064
2026-05-14 10:15:00,10970.0,10970.0,10927.0,10967.0,17116
2026-05-14 10:20:00,10963.0,10966.0,10902.0,10917.0,6970
2026-05-14 10:25:00,10915.0,10959.0,10912.0,10923.0,7899
2026-05-14 10:30:00,10923.0,10967.0,10905.0,10948.0,10621
2026-05-14 10:35:00,10948.0,10957.0,10936.0,10939.0,4633
2026-05-14 10:40:00,10939.0,10946.0,10904.0,10909.0,6050
2026-05-14 10:45:00,10908.0,10912.0,10875.0,10875.0,12555
2026-05-14 10:50:00,10880.0,10915.0,10875.0,10891.0,9434
2026-05-14 10:55:00,10894.0,10909.0,10883.0,10895.0,4432
2026-05-14 11:00:00,10900.0,10910.0,10890.0,10890.0,3319
2026-05-14 11:05:00,10888.0,10909.0,10853.0,10853.0,10891
2026-05-14 11:10:00,10858.0,10876.0,10853.0,10859.0,8937
2026-05-14 11:15:00,10856.0,10872.0,10852.0,10870.0,6394
2026-05-14 11:20:00,10870.0,10896.0,10860.0,10891.0,8262
2026-05-14 11:25:00,10892.0,10913.0,10870.0,10898.0,12781
2026-05-14 11:30:00,10896.0,10947.0,10896.0,10939.0,9899
2026-05-14 11:35:00,10939.0,11030.0,10938.0,11029.0,19128
2026-05-14 11:40:00,11029.0,11060.0,11021.0,11053.0,17181
2026-05-14 11:45:00,11056.0,11097.0,11053.0,11097.0,17649
2026-05-14 11:50:00,11099.0,11120.0,11084.0,11095.0,17217
2026-05-14 11:55:00,11095.0,11125.0,11093.0,11118.0,8427
2026-05-14 12:00:00,11122.0,11138.0,11090.0,11092.0,11436
2026-05-14 12:05:00,11093.0,11119.0,11038.0,11116.0,60578
2026-05-14 12:10:00,11119.0,11125.0,11070.0,11100.0,10452
2026-05-14 12:15:00,11097.0,11135.0,11092.0,11111.0,7916
2026-05-14 12:20:00,11107.0,11123.0,11107.0,11122.0,4358
2026-05-14 12:25:00,11123.0,11130.0,11110.0,11115.0,3866
2026-05-14 12:30:00,11116.0,11120.0,11080.0,11101.0,8500
2026-05-14 12:35:00,11104.0,11104.0,11075.0,11090.0,5539
2026-05-14 12:40:00,11090.0,11125.0,11085.0,11124.0,6794
2026-05-14 12:45:00,11125.0,11133.0,11102.0,11130.0,6965
2026-05-14 12:50:00,11130.0,11130.0,11091.0,11100.0,4431
2026-05-14 12:55:00,11100.0,11115.0,11100.0,11108.0,2745
2026-05-14 13:00:00,11108.0,11180.0,11108.0,11177.0,14267
2026-05-14 13:05:00,11176.0,11178.0,11130.0,11144.0,9897
2026-05-14 13:10:00,11145.0,11145.0,11119.0,11127.0,5112
2026-05-14 13:15:00,11124.0,11165.0,11120.0,11145.0,6983
2026-05-14 13:20:00,11150.0,11164.0,11108.0,11111.0,9582
2026-05-14 13:25:00,11111.0,11140.0,11111.0,11124.0,3198
2026-05-14 13:30:00,11124.0,11147.0,11124.0,11140.0,4149
2026-05-14 13:35:00,11139.0,11157.0,11139.0,11146.0,5324
2026-05-14 13:40:00,11142.0,11166.0,11140.0,11162.0,4786
2026-05-14 13:45:00,11162.0,11166.0,11145.0,11150.0,3549
2026-05-14 13:50:00,11149.0,11170.0,11146.0,11162.0,4841
2026-05-14 13:55:00,11158.0,11170.0,11145.0,11153.0,4680
2026-05-14 14:00:00,11153.0,11165.0,11145.0,11156.0,3166
2026-05-14 14:05:00,11160.0,11180.0,11153.0,11175.0,6953
2026-05-14 14:10:00,11175.0,11177.0,11131.0,11140.0,8311
2026-05-14 14:15:00,11142.0,11165.0,11135.0,11140.0,5122
2026-05-14 14:20:00,11133.0,11155.0,11132.0,11148.0,3449
2026-05-14 14:25:00,11148.0,11164.0,11142.0,11154.0,3370
2026-05-14 14:30:00,11154.0,11165.0,11151.0,11160.0,7028
2026-05-14 14:35:00,11159.0,11165.0,11135.0,11140.0,5878
2026-05-14 14:40:00,11138.0,11141.0,11111.0,11125.0,7967
2026-05-14 14:45:00,11120.0,11124.0,11098.0,11111.0,10508
2026-05-14 14:50:00,11112.0,11126.0,11102.0,11116.0,5504
2026-05-14 14:55:00,11116.0,11129.0,11105.0,11124.0,4931
2026-05-14 15:00:00,11096.0,11099.0,11088.0,11099.0,43357785
2026-05-14 15:05:00,11096.0,11099.0,11071.0,11095.0,270898926
2026-05-14 15:10:00,11094.0,11111.0,11089.0,11107.0,8438
2026-05-14 15:15:00,11102.0,11118.0,11100.0,11117.0,155656877
2026-05-14 15:20:00,11110.0,11115.0,11100.0,11108.0,224392021
2026-05-14 15:25:00,11108.0,11125.0,11100.0,11110.0,320326306
2026-05-15 09:15:00,11111.0,11219.0,11062.0,11170.0,10411273
2026-05-15 09:20:00,11175.0,11219.0,11120.0,11167.0,23146985
2026-05-15 09:25:00,11165.0,11199.0,11113.0,11122.0,36569715
2026-05-15 09:30:00,11121.0,11132.0,11080.0,11080.0,42613273
2026-05-15 09:35:00,11080.0,11199.0,11058.0,11195.0,60862464
2026-05-15 09:40:00,11192.0,11254.0,11170.0,11250.0,64395086
2026-05-15 09:45:00,11250.0,11357.0,11250.0,11313.0,100163847
2026-05-15 09:50:00,11313.0,11359.0,11305.0,11322.0,113022386
2026-05-15 09:55:00,11258.0,11260.0,11223.0,11247.0,49618649
2026-05-15 10:00:00,11247.0,11281.0,11225.0,11277.0,131796044
2026-05-15 10:05:00,11277.0,11297.0,11241.0,11252.0,137623834
2026-05-15 10:10:00,11252.0,11261.0,11180.0,11185.0,138289716
2026-05-15 10:15:00,11183.0,11225.0,11180.0,11222.0,133728191
2026-05-15 10:20:00,11222.0,11247.0,11210.0,11235.0,116857955
2026-05-15 10:25:00,11235.0,11250.0,11230.0,11241.0,66265785
2026-05-15 10:30:00,11243.0,11243.0,11201.0,11211.0,67278732
2026-05-15 10:35:00,11212.0,11230.0,11205.0,11213.0,75954482
2026-05-15 10:40:00,11218.0,11227.0,11208.0,11212.0,61217962
2026-05-15 10:45:00,11217.0,11226.0,11210.0,11221.0,51837135
2026-05-15 10:50:00,11221.0,11225.0,11195.0,11199.0,56736270
2026-05-15 10:55:00,11200.0,11210.0,11189.0,11191.0,54547239
2026-05-15 11:00:00,11197.0,11197.0,11197.0,11197.0,328002
2026-05-15 11:40:00,11073.0,11080.0,11066.0,11073.0,43209331
2026-05-15 11:45:00,11071.0,11082.0,11063.0,11063.0,92466183
2026-05-15 11:50:00,11063.0,11086.0,11042.0,11054.0,149720169
2026-05-15 11:55:00,11058.0,11060.0,11030.0,11044.0,137787247
2026-05-15 12:00:00,11044.0,11056.0,11023.0,11056.0,98181451
2026-05-15 12:05:00,11058.0,11078.0,11051.0,11057.0,117853327
2026-05-15 12:10:00,11057.0,11067.0,11011.0,11017.0,139662729
2026-05-15 12:15:00,11017.0,11024.0,11011.0,11022.0,78420096
2026-05-15 12:20:00,11024.0,11028.0,10932.0,10937.0,181026864
2026-05-15 12:25:00,10939.0,10989.0,10936.0,10948.0,193953019
2026-05-15 12:30:00,10951.0,10988.0,10937.0,10980.0,131415553
2026-05-15 12:35:00,10980.0,11000.0,10979.0,10992.0,121977293
2026-05-15 12:40:00,10992.0,11037.0,10992.0,11025.0,159321137
2026-05-15 12:45:00,11029.0,11058.0,11023.0,11044.0,140292862
2026-05-15 12:50:00,11044.0,11058.0,11044.0,11050.0,86009162
2026-05-15 12:55:00,11046.0,11052.0,11035.0,11040.0,95271830
2026-05-15 13:00:00,11039.0,11054.0,11035.0,11044.0,89550025
2026-05-15 13:05:00,11044.0,11052.0,11043.0,11046.0,89485409
2026-05-15 13:10:00,11046.0,11065.0,11030.0,11037.0,138891624
2026-05-15 13:15:00,11037.0,11051.0,11035.0,11045.0,84198725
2026-05-15 13:20:00,11045.0,11065.0,11040.0,11051.0,77006678
2026-05-15 13:25:00,11051.0,11059.0,11037.0,11044.0,87277409
2026-05-15 13:30:00,11041.0,11049.0,11030.0,11030.0,82197210
2026-05-15 13:35:00,11033.0,11043.0,11020.0,11025.0,83774769
2026-05-15 13:40:00,11033.0,11045.0,11026.0,11045.0,84214645
2026-05-15 13:45:00,11045.0,11063.0,11011.0,11020.0,148336888
2026-05-15 13:50:00,11020.0,11039.0,11015.0,11025.0,95867825
2026-05-15 13:55:00,11025.0,11039.0,11012.0,11019.0,88003866
2026-05-15 14:00:00,11022.0,11022.0,10983.0,10986.0,92506728
2026-05-15 14:05:00,10985.0,11013.0,10980.0,11008.0,174412147
2026-05-15 14:10:00,11013.0,11029.0,11007.0,11015.0,104939622
2026-05-15 14:15:00,11015.0,11020.0,10990.0,10992.0,93251240
2026-05-15 14:20:00,10992.0,11006.0,10985.0,10998.0,95328552
2026-05-15 14:25:00,10997.0,11007.0,10989.0,11005.0,106549484
2026-05-15 14:30:00,11010.0,11040.0,11004.0,11032.0,180159194
2026-05-15 14:35:00,11031.0,11073.0,11003.0,11072.0,241266972
2026-05-15 14:40:00,11070.0,11073.0,11042.0,11048.0,219293225
2026-05-15 14:45:00,11048.0,11048.0,10974.0,10979.0,255383444
2026-05-15 14:50:00,10977.0,10987.0,10958.0,10978.0,220703645
2026-05-15 14:55:00,10975.0,11000.0,10952.0,10987.0,175999747
2026-05-15 15:00:00,10987.0,11007.0,10974.0,11004.0,280020382
2026-05-15 15:05:00,11002.0,11017.0,10989.0,10993.0,216102170
2026-05-15 15:10:00,10996.0,11005.0,10971.0,10978.0,163878182
2026-05-15 15:15:00,10981.0,10989.0,10954.0,10984.0,199401831
2026-05-15 15:20:00,10987.0,10995.0,10961.0,10969.0,270836248
2026-05-15 15:25:00,10963.0,10993.0,10950.0,10974.0,250854535
2026-05-18 09:15:00,10900.0,10900.0,10781.0,10856.0,8713226
2026-05-18 09:20:00,10850.0,10866.0,10750.0,10812.0,19913179
2026-05-18 09:25:00,10807.0,10815.0,10720.0,10728.0,29403686
2026-05-18 09:30:00,10728.0,10793.0,10692.0,10763.0,36972560
2026-05-18 09:35:00,10760.0,10786.0,10750.0,10774.0,44520188
2026-05-18 09:40:00,10774.0,10776.0,10729.0,10758.0,37700429
2026-05-18 09:45:00,10754.0,10754.0,10676.0,10710.0,39407090
2026-05-18 09:50:00,10711.0,10713.0,10690.0,10697.0,56917777
2026-05-18 09:55:00,10697.0,10704.0,10664.0,10676.0,44204302
2026-05-18 10:00:00,10686.0,10722.0,10672.0,10715.0,55749173
2026-05-18 10:05:00,10715.0,10725.0,10655.0,10666.0,59294994
2026-05-18 10:10:00,10666.0,10690.0,10663.0,10664.0,47114350
2026-05-18 10:15:00,10664.0,10676.0,10650.0,10666.0,76341933
2026-05-18 10:20:00,10666.0,10675.0,10601.0,10611.0,86211090
2026-05-18 10:25:00,10613.0,10616.0,10573.0,10585.0,95754422
2026-05-18 10:30:00,10589.0,10638.0,10583.0,10629.0,67752248
2026-05-18 10:35:00,10628.0,10669.0,10619.0,10661.0,97367961
2026-05-18 10:40:00,10661.0,10676.0,10644.0,10669.0,66259393
2026-05-18 10:45:00,10658.0,10669.0,10624.0,10634.0,98466692
2026-05-18 10:50:00,10632.0,10676.0,10632.0,10675.0,89410991
2026-05-18 10:55:00,10675.0,10708.0,10674.0,10690.0,99308482
2026-05-18 11:00:00,10690.0,10712.0,10690.0,10702.0,57082765
2026-05-18 11:05:00,10702.0,10710.0,10699.0,10710.0,34038890
2026-05-18 11:10:00,10710.0,10711.0,10695.0,10702.0,42301414
2026-05-18 11:15:00,10702.0,10715.0,10671.0,10679.0,81549774
2026-05-18 11:20:00,10679.0,10688.0,10664.0,10681.0,69287545
2026-05-18 11:25:00,10684.0,10686.0,10663.0,10670.0,72251024
2026-05-18 11:30:00,10670.0,10725.0,10670.0,10721.0,96373590
2026-05-18 11:35:00,10720.0,10729.0,10710.0,10728.0,72755674
2026-05-18 11:40:00,10728.0,10728.0,10705.0,10718.0,55346522
2026-05-18 11:45:00,10717.0,10718.0,10682.0,10693.0,75752571
2026-05-18 11:50:00,10691.0,10718.0,10681.0,10700.0,65000933
2026-05-18 11:55:00,10700.0,10710.0,10669.0,10669.0,71942686
2026-05-18 12:00:00,10669.0,10681.0,10661.0,10665.0,115945587
2026-05-18 12:05:00,10665.0,10696.0,10658.0,10696.0,55971160
2026-05-18 12:10:00,10711.0,10744.0,10711.0,10736.0,8985
2026-05-18 12:15:00,10736.0,10760.0,10735.0,10747.0,7428
2026-05-18 12:20:00,10766.0,10830.0,10760.0,10827.0,126502723
2026-05-18 12:25:00,10827.0,10850.0,10820.0,10841.0,172808528
2026-05-18 12:30:00,10845.0,10869.0,10836.0,10848.0,148709463
2026-05-18 12:35:00,10848.0,10872.0,10846.0,10849.0,169789142
2026-05-18 12:40:00,10849.0,10860.0,10822.0,10828.0,171906547
2026-05-18 12:45:00,10829.0,10832.0,10816.0,10822.0,134391526
2026-05-18 12:50:00,10822.0,10834.0,10812.0,10815.0,97026181
2026-05-18 12:55:00,10815.0,10833.0,10814.0,10820.0,138782355
2026-05-18 13:00:00,10824.0,10859.0,10821.0,10851.0,102015273
2026-05-18 13:05:00,10851.0,10851.0,10812.0,10817.0,117775042
2026-05-18 13:10:00,10817.0,10825.0,10790.0,10810.0,148387536
2026-05-18 13:15:00,10810.0,10820.0,10802.0,10802.0,80181403
2026-05-18 13:20:00,10802.0,10803.0,10750.0,10789.0,129615177
2026-05-18 13:25:00,10787.0,10794.0,10765.0,10776.0,125073336
2026-05-18 13:30:00,10781.0,10808.0,10780.0,10804.0,169342146
2026-05-18 13:35:00,10804.0,10822.0,10793.0,10801.0,122089910
2026-05-18 13:40:00,10801.0,10819.0,10791.0,10806.0,155734350
2026-05-18 13:45:00,10806.0,10815.0,10789.0,10814.0,161002514
2026-05-18 13:50:00,10814.0,10841.0,10786.0,10790.0,160073399
2026-05-18 13:55:00,10790.0,10800.0,10777.0,10798.0,150689461
2026-05-18 14:00:00,10798.0,10800.0,10790.0,10793.0,107356252
2026-05-18 14:05:00,10790.0,10792.0,10765.0,10777.0,137649168
2026-05-18 14:10:00,10777.0,10829.0,10771.0,10812.0,137346463
2026-05-18 14:15:00,10806.0,10819.0,10786.0,10794.0,98896283
2026-05-18 14:20:00,10794.0,10805.0,10767.0,10767.0,74477656
2026-05-18 14:25:00,10769.0,10785.0,10761.0,10778.0,144913309
2026-05-18 14:30:00,10778.0,10786.0,10765.0,10765.0,88356052
2026-05-18 14:35:00,10765.0,10767.0,10746.0,10747.0,107637721
2026-05-18 14:40:00,10747.0,10762.0,10730.0,10748.0,136568870
2026-05-18 14:45:00,10754.0,10764.0,10725.0,10732.0,132549247
2026-05-18 14:50:00,10732.0,10738.0,10720.0,10730.0,149963024
2026-05-18 14:55:00,10730.0,10730.0,10698.0,10714.0,194525730
2026-05-18 15:00:00,10712.0,10807.0,10710.0,10770.0,245491754
2026-05-18 15:05:00,10770.0,10787.0,10722.0,10735.0,185034541
2026-05-18 15:10:00,10739.0,10764.0,10739.0,10751.0,187593249
2026-05-18 15:15:00,10751.0,10803.0,10746.0,10801.0,237613678
2026-05-18 15:20:00,10802.0,10808.0,10788.0,10800.0,188360209
2026-05-18 15:25:00,10800.0,10808.0,10768.0,10803.0,214813479
2026-05-19 09:15:00,10845.0,10882.0,10790.0,10877.0,7699617
2026-05-19 09:20:00,10880.0,11010.0,10876.0,11010.0,20388992
2026-05-19 09:25:00,11010.0,11047.0,10972.0,11029.0,34281686
2026-05-19 09:30:00,11034.0,11045.0,10957.0,10961.0,44112610
2026-05-19 09:35:00,10966.0,11000.0,10931.0,10980.0,57378611
2026-05-19 09:40:00,10980.0,11024.0,10980.0,11017.0,52062448
2026-05-19 09:45:00,11017.0,11053.0,10981.0,11041.0,71871083
2026-05-19 09:50:00,11041.0,11088.0,11040.0,11049.0,86043092
2026-05-19 09:55:00,11049.0,11078.0,11035.0,11044.0,75549785
2026-05-19 10:00:00,11044.0,11060.0,11020.0,11047.0,94511308
2026-05-19 10:05:00,11048.0,11064.0,11040.0,11059.0,77194957
2026-05-19 10:10:00,11059.0,11089.0,11056.0,11085.0,52811789
2026-05-19 10:15:00,11085.0,11094.0,11065.0,11070.0,89937027
2026-05-19 10:20:00,11070.0,11086.0,11040.0,11053.0,116142769
2026-05-19 10:25:00,11053.0,11070.0,11044.0,11067.0,67346176
2026-05-19 10:30:00,11070.0,11083.0,11054.0,11054.0,69284634
2026-05-19 10:35:00,11054.0,11065.0,10964.0,11006.0,104988972
2026-05-19 10:40:00,11003.0,11010.0,10981.0,10993.0,121019376
2026-05-19 10:45:00,10993.0,11005.0,10973.0,10983.0,77049994
2026-05-19 10:50:00,10985.0,11009.0,10975.0,10980.0,105356895
2026-05-19 10:55:00,10978.0,10997.0,10978.0,10992.0,78189471
2026-05-19 11:00:00,10992.0,11020.0,10988.0,10996.0,94594453
2026-05-19 11:05:00,10996.0,10999.0,10963.0,10968.0,67038598
2026-05-19 11:10:00,10968.0,10971.0,10940.0,10951.0,114146341
2026-05-19 11:15:00,10955.0,10968.0,10950.0,10950.0,95687060
2026-05-19 11:20:00,10950.0,10974.0,10936.0,10962.0,110290922
2026-05-19 11:25:00,10962.0,10974.0,10959.0,10962.0,79055981
2026-05-19 11:30:00,10963.0,10969.0,10957.0,10962.0,62118489
2026-05-19 11:35:00,10962.0,11000.0,10956.0,10997.0,82162161
2026-05-19 11:40:00,10997.0,11068.0,10992.0,11056.0,135581847
2026-05-19 11:45:00,11056.0,11068.0,11045.0,11061.0,98199047
2026-05-19 11:50:00,11061.0,11080.0,11050.0,11059.0,91292153
2026-05-19 11:55:00,11059.0,11072.0,11053.0,11063.0,70801800
2026-05-19 12:00:00,11066.0,11069.0,11051.0,11058.0,100155860
2026-05-19 12:05:00,11058.0,11075.0,11056.0,11067.0,116895298
2026-05-19 12:10:00,11067.0,11072.0,11058.0,11067.0,116327873
2026-05-19 12:15:00,11067.0,11067.0,11034.0,11050.0,115504662
2026-05-19 12:20:00,11050.0,11055.0,11034.0,11036.0,92012790
2026-05-19 12:25:00,11036.0,11050.0,11035.0,11050.0,78066330
2026-05-19 12:30:00,11047.0,11062.0,11036.0,11040.0,98292659
2026-05-19 12:35:00,11040.0,11045.0,11020.0,11040.0,101998998
2026-05-19 12:40:00,11040.0,11042.0,11024.0,11027.0,86672330
2026-05-19 12:45:00,11027.0,11033.0,11010.0,11010.0,84015804
2026-05-19 12:50:00,11013.0,11015.0,11001.0,11011.0,109332335
2026-05-19 12:55:00,11011.0,11028.0,11010.0,11028.0,77220727
2026-05-19 13:00:00,11028.0,11038.0,11016.0,11019.0,89513692
2026-05-19 13:05:00,11019.0,11033.0,11017.0,11024.0,74634077
2026-05-19 13:10:00,11024.0,11029.0,11015.0,11022.0,80390746
2026-05-19 13:15:00,11020.0,11050.0,11017.0,11046.0,126833964
2026-05-19 13:20:00,11046.0,11050.0,11041.0,11048.0,106035970
2026-05-19 13:25:00,11048.0,11065.0,11047.0,11062.0,87613612
2026-05-19 13:30:00,11062.0,11073.0,11060.0,11067.0,110242626
2026-05-19 13:35:00,11067.0,11073.0,11045.0,11063.0,74377449
2026-05-19 13:40:00,11063.0,11081.0,11057.0,11080.0,139019337
2026-05-19 13:45:00,11081.0,11140.0,11080.0,11107.0,196429490
2026-05-19 13:50:00,11107.0,11120.0,11080.0,11081.0,230857097
2026-05-19 13:55:00,11081.0,11085.0,11054.0,11060.0,216745402
2026-05-19 14:00:00,11060.0,11100.0,11057.0,11099.0,180308787
2026-05-19 14:05:00,11099.0,11100.0,11074.0,11082.0,152849816
2026-05-19 14:10:00,11081.0,11088.0,11063.0,11073.0,164778722
2026-05-19 14:15:00,11077.0,11080.0,11061.0,11065.0,133751367
2026-05-19 14:20:00,11065.0,11074.0,11059.0,11067.0,136711798
2026-05-19 14:25:00,11067.0,11068.0,11050.0,11060.0,111538636
2026-05-19 14:30:00,11060.0,11064.0,11054.0,11061.0,94527676
2026-05-19 14:35:00,11061.0,11065.0,11041.0,11063.0,93696931
2026-05-19 14:40:00,11059.0,11070.0,11040.0,11045.0,86289362
2026-05-19 14:45:00,11043.0,11050.0,11033.0,11045.0,91999084
2026-05-19 14:50:00,11050.0,11063.0,11048.0,11052.0,116586230
2026-05-19 14:55:00,11057.0,11068.0,11040.0,11056.0,118807389
2026-05-19 15:00:00,11052.0,11067.0,11039.0,11059.0,124556621
2026-05-19 15:05:00,11059.0,11065.0,11042.0,11054.0,133758085
2026-05-19 15:10:00,11052.0,11060.0,11042.0,11057.0,88350090
2026-05-19 15:15:00,11057.0,11069.0,11043.0,11054.0,235647894
2026-05-19 15:20:00,11054.0,11065.0,11025.0,11034.0,154125382
2026-05-19 15:25:00,11032.0,11037.0,11006.0,11015.0,207247186
2026-05-20 09:15:00,10864.0,10976.0,10864.0,10934.0,7948252
2026-05-20 09:20:00,10934.0,10974.0,10927.0,10971.0,5316029
2026-05-20 09:25:00,10974.0,11028.0,10961.0,10995.0,14742066
2026-05-20 09:30:00,10991.0,11019.0,10984.0,11013.0,10426004
2026-05-20 09:35:00,11008.0,11024.0,10990.0,10997.0,10547299
2026-05-20 09:40:00,10996.0,10996.0,10962.0,10974.0,21549650
2026-05-20 09:45:00,10974.0,11074.0,10973.0,11067.0,30654674
2026-05-20 09:50:00,11068.0,11075.0,11055.0,11064.0,28369299
2026-05-20 09:55:00,11064.0,11070.0,11030.0,11040.0,23798494
2026-05-20 10:00:00,11040.0,11044.0,10995.0,10996.0,42059413
2026-05-20 10:05:00,10997.0,10997.0,10970.0,10974.0,18946128
2026-05-20 10:10:00,10975.0,10979.0,10945.0,10948.0,27374619
2026-05-20 10:15:00,10948.0,10968.0,10941.0,10955.0,27778195
2026-05-20 10:20:00,10951.0,10971.0,10915.0,10920.0,41958321
2026-05-20 10:25:00,10920.0,10921.0,10855.0,10911.0,70618834
2026-05-20 10:30:00,10911.0,10940.0,10894.0,10900.0,76746517
2026-05-20 10:35:00,10900.0,10917.0,10900.0,10912.0,39386878
2026-05-20 10:40:00,10912.0,10913.0,10882.0,10890.0,41692724
2026-05-20 10:45:00,10890.0,10890.0,10872.0,10877.0,40283791
2026-05-20 10:50:00,10880.0,10938.0,10875.0,10928.0,38804107
2026-05-20 10:55:00,10930.0,10949.0,10925.0,10943.0,54732065
2026-05-20 11:00:00,10945.0,10955.0,10931.0,10941.0,35197413
2026-05-20 11:05:00,10938.0,10964.0,10916.0,10918.0,38412587
2026-05-20 11:10:00,10918.0,10925.0,10902.0,10915.0,48215281
2026-05-20 11:15:00,10914.0,10914.0,10882.0,10896.0,35626820
2026-05-20 11:20:00,10896.0,10953.0,10886.0,10950.0,45725109
2026-05-20 11:25:00,10950.0,10965.0,10950.0,10953.0,70016919
2026-05-20 11:30:00,10953.0,10967.0,10950.0,10962.0,55092002
2026-05-20 11:35:00,10960.0,10983.0,10960.0,10967.0,45610636
2026-05-20 11:40:00,10967.0,11034.0,10966.0,11003.0,73485933
2026-05-20 11:45:00,11003.0,11017.0,11001.0,11006.0,111248841
2026-05-20 11:50:00,11006.0,11010.0,10996.0,11005.0,77747402
2026-05-20 11:55:00,11005.0,11006.0,10975.0,10985.0,86853941
2026-05-20 12:00:00,10985.0,10999.0,10970.0,10970.0,67529531
2026-05-20 12:05:00,10973.0,10989.0,10956.0,10987.0,74577244
2026-05-20 12:10:00,10987.0,11000.0,10980.0,10985.0,55978550
2026-05-20 12:15:00,10985.0,10996.0,10984.0,10996.0,30601862
2026-05-20 12:20:00,10996.0,10996.0,10953.0,10983.0,83181485
2026-05-20 12:25:00,10983.0,10983.0,10963.0,10968.0,48867041
2026-05-20 12:30:00,10973.0,10978.0,10970.0,10978.0,47646691
2026-05-20 12:35:00,10978.0,10988.0,10973.0,10985.0,47949412
2026-05-20 12:40:00,10985.0,10985.0,10973.0,10981.0,45395049
2026-05-20 12:45:00,10981.0,10990.0,10974.0,10975.0,50924056
2026-05-20 12:50:00,10975.0,10988.0,10975.0,10977.0,48313349
2026-05-20 12:55:00,10980.0,10989.0,10976.0,10987.0,52171403
2026-05-20 13:00:00,10987.0,10987.0,10956.0,10956.0,79229904
2026-05-20 13:05:00,10960.0,10969.0,10955.0,10966.0,76870661
2026-05-20 13:10:00,10966.0,10970.0,10945.0,10952.0,75159239
2026-05-20 13:15:00,10952.0,10952.0,10940.0,10944.0,60885467
2026-05-20 13:20:00,10944.0,10946.0,10934.0,10944.0,58734339
2026-05-20 13:25:00,10944.0,10961.0,10926.0,10929.0,57984233
2026-05-20 13:30:00,10929.0,10946.0,10926.0,10944.0,61843995
2026-05-20 13:35:00,10944.0,10967.0,10944.0,10949.0,72100824
2026-05-20 13:40:00,10949.0,10956.0,10939.0,10946.0,57642058
2026-05-20 13:45:00,10949.0,10949.0,10930.0,10939.0,58241268
2026-05-20 13:50:00,10939.0,10943.0,10927.0,10940.0,50934308
2026-05-20 13:55:00,10940.0,10956.0,10934.0,10956.0,52376629
2026-05-20 14:00:00,10959.0,10967.0,10941.0,10947.0,54002158
2026-05-20 14:05:00,10949.0,10960.0,10949.0,10960.0,44017907
2026-05-20 14:10:00,10960.0,10972.0,10960.0,10963.0,53473318
2026-05-20 14:15:00,10963.0,10978.0,10963.0,10973.0,65455425
2026-05-20 14:20:00,10969.0,10985.0,10962.0,10985.0,43071487
2026-05-20 14:25:00,10985.0,10987.0,10963.0,10975.0,83482571
2026-05-20 14:30:00,10975.0,10988.0,10968.0,10976.0,64823753
2026-05-20 14:35:00,10976.0,10980.0,10960.0,10974.0,52593148
2026-05-20 14:40:00,10972.0,10980.0,10964.0,10980.0,51554305
2026-05-20 14:45:00,10980.0,10988.0,10971.0,10975.0,46015042
2026-05-20 14:50:00,10975.0,10980.0,10960.0,10973.0,72121217
2026-05-20 14:55:00,10980.0,10985.0,10972.0,10979.0,49847779
2026-05-20 15:00:00,10979.0,10984.0,10960.0,10980.0,62823955
2026-05-20 15:05:00,10982.0,11019.0,10978.0,11015.0,64033389
2026-05-20 15:10:00,11014.0,11014.0,10999.0,10999.0,34652684
2026-05-20 15:15:00,10996.0,11003.0,10989.0,10998.0,42143494
2026-05-20 15:20:00,10995.0,11003.0,10991.0,11000.0,64501836
2026-05-20 15:25:00,11002.0,11011.0,10992.0,11005.0,44801729
2026-05-21 09:15:00,11089.0,11137.0,11015.0,11021.0,8078561
2026-05-21 09:20:00,11027.0,11061.0,11025.0,11045.0,6152475
2026-05-21 09:25:00,11045.0,11045.0,10976.0,10976.0,22161019
2026-05-21 09:30:00,10976.0,10988.0,10960.0,10970.0,13185415
2026-05-21 09:35:00,10970.0,11012.0,10933.0,11009.0,19262163
2026-05-21 09:40:00,11011.0,11011.0,10975.0,10981.0,16386185
2026-05-21 09:45:00,10983.0,10983.0,10953.0,10960.0,17088837
2026-05-21 09:50:00,10960.0,10990.0,10951.0,10989.0,23962140
2026-05-21 09:55:00,10989.0,10994.0,10936.0,10943.0,41017339
2026-05-21 10:00:00,10943.0,10967.0,10942.0,10950.0,26816430
2026-05-21 10:05:00,10950.0,10951.0,10930.0,10947.0,39676807
2026-05-21 10:10:00,10946.0,10965.0,10941.0,10957.0,28972655
2026-05-21 10:15:00,10957.0,10986.0,10957.0,10969.0,40476843
2026-05-21 10:20:00,10969.0,10973.0,10963.0,10968.0,7876469
2026-05-21 10:25:00,10960.0,10972.0,10960.0,10960.0,11655010
2026-05-21 10:30:00,10960.0,10967.0,10942.0,10945.0,29817354
2026-05-21 10:35:00,10943.0,10954.0,10914.0,10926.0,25810805
2026-05-21 10:40:00,10926.0,10938.0,10914.0,10932.0,35894768
2026-05-21 10:45:00,10935.0,10944.0,10925.0,10932.0,21436500
2026-05-21 10:50:00,10932.0,10958.0,10911.0,10954.0,43351509
2026-05-21 10:55:00,10954.0,10967.0,10940.0,10949.0,56391569
2026-05-21 11:00:00,10949.0,10970.0,10935.0,10961.0,51827407
2026-05-21 11:05:00,10961.0,10966.0,10954.0,10965.0,26025810
2026-05-21 11:10:00,10964.0,10972.0,10945.0,10945.0,33349581
2026-05-21 11:15:00,10945.0,10949.0,10925.0,10947.0,29030089
2026-05-21 11:20:00,10941.0,10965.0,10940.0,10960.0,34774159
2026-05-21 11:25:00,10960.0,11019.0,10951.0,11013.0,53191020
2026-05-21 11:30:00,11013.0,11041.0,11001.0,11021.0,80289514
2026-05-21 11:35:00,11021.0,11052.0,11019.0,11052.0,65191547
2026-05-21 11:40:00,11052.0,11096.0,11041.0,11093.0,96296557
2026-05-21 11:45:00,11092.0,11167.0,11086.0,11157.0,111829705
2026-05-21 11:50:00,11159.0,11230.0,11145.0,11205.0,132945315
2026-05-21 11:55:00,11205.0,11221.0,11163.0,11171.0,134947765
2026-05-21 12:00:00,11171.0,11218.0,11162.0,11205.0,145206466
2026-05-21 12:05:00,11205.0,11325.0,11204.0,11300.0,171339715
2026-05-21 12:10:00,11301.0,11309.0,11260.0,11266.0,184021739
2026-05-21 12:15:00,11269.0,11275.0,11228.0,11235.0,190085971
2026-05-21 12:20:00,11235.0,11236.0,11208.0,11215.0,180278777
2026-05-21 12:25:00,11220.0,11230.0,11163.0,11165.0,198113657
2026-05-21 12:30:00,11165.0,11184.0,11143.0,11182.0,194731096
2026-05-21 12:35:00,11179.0,11195.0,11165.0,11166.0,195004699
2026-05-21 12:40:00,11166.0,11174.0,11160.0,11167.0,174503409
2026-05-21 12:45:00,11167.0,11169.0,11140.0,11160.0,153524693
2026-05-21 12:50:00,11160.0,11184.0,11156.0,11184.0,162526318
2026-05-21 12:55:00,11184.0,11184.0,11158.0,11164.0,169888052
2026-05-21 13:00:00,11164.0,11182.0,11150.0,11178.0,111865086
2026-05-21 13:05:00,11183.0,11220.0,11179.0,11216.0,163017723
2026-05-21 13:10:00,11220.0,11255.0,11211.0,11240.0,237324744
2026-05-21 13:15:00,11239.0,11244.0,11205.0,11217.0,148267770
2026-05-21 13:20:00,11217.0,11222.0,11157.0,11198.0,237810048
2026-05-21 13:25:00,11196.0,11200.0,11177.0,11186.0,200321877
2026-05-21 13:30:00,11188.0,11210.0,11175.0,11209.0,125100295
2026-05-21 13:35:00,11209.0,11240.0,11202.0,11225.0,179819242
2026-05-21 13:40:00,11225.0,11250.0,11216.0,11248.0,222941170
2026-05-21 13:45:00,11245.0,11247.0,11209.0,11211.0,5547
2026-05-21 13:50:00,11210.0,11218.0,11191.0,11198.0,12497
2026-05-21 13:55:00,11198.0,11203.0,11190.0,11203.0,2445
2026-05-21 14:00:00,11185.0,11190.0,11185.0,11190.0,12588793
2026-05-21 14:05:00,11190.0,11190.0,11175.0,11183.0,1339
2026-05-21 14:10:00,11190.0,11191.0,11180.0,11185.0,152534666
2026-05-21 14:15:00,11185.0,11208.0,11180.0,11194.0,174226389
2026-05-21 14:20:00,11194.0,11215.0,11186.0,11215.0,235246612
2026-05-21 14:45:00,11279.0,11297.0,11268.0,11297.0,299585784
2026-05-21 14:50:00,11297.0,11303.0,11277.0,11286.0,324229756
2026-05-21 14:55:00,11286.0,11294.0,11260.0,11263.0,317541907
2026-05-21 15:00:00,11261.0,11289.0,11250.0,11263.0,292603328
2026-05-21 15:05:00,11263.0,11275.0,11242.0,11245.0,247401985
2026-05-21 15:10:00,11253.0,11280.0,11253.0,11266.0,330909244
2026-05-21 15:15:00,11266.0,11274.0,11250.0,11265.0,200960748
2026-05-21 15:20:00,11265.0,11265.0,11238.0,11246.0,141255702
2026-05-21 15:25:00,11246.0,11250.0,11230.0,11230.0,88966250
