datetime,open,high,low,close,volume
2026-01-30 09:15:00,732.2,732.2,722.85,722.85,15192
2026-01-30 09:20:00,722.85,723.65,721.6,722.7,4274
2026-01-30 09:25:00,722.7,726.15,721.9,725.2,3208
2026-01-30 09:30:00,725.2,731.3,724.65,731.3,3298
2026-01-30 09:35:00,731.3,734.45,731.3,732.6,3539
2026-01-30 09:40:00,732.6,734.85,732.25,734.75,2052
2026-01-30 09:45:00,734.75,738.0,733.75,737.5,2702
2026-01-30 09:50:00,737.5,741.65,735.7,741.2,3384
2026-01-30 09:55:00,740.55,740.7,738.55,740.3,2826
2026-01-30 10:00:00,740.3,742.0,739.45,739.7,1220
2026-01-30 10:05:00,739.7,743.2,739.7,741.9,1218
2026-01-30 10:10:00,742.0,742.0,739.15,740.15,2200
2026-01-30 10:15:00,740.15,741.55,739.7,739.7,843
2026-01-30 10:20:00,739.7,739.7,738.25,739.1,5193
2026-01-30 10:25:00,739.1,739.7,738.3,738.85,479
2026-01-30 10:30:00,738.85,739.0,735.7,737.65,2907
2026-01-30 10:35:00,737.65,738.1,734.45,734.45,1848
2026-01-30 10:40:00,735.0,736.3,734.4,735.35,779
2026-01-30 10:45:00,735.5,737.0,734.25,735.5,1387
2026-01-30 10:50:00,735.5,735.85,735.0,735.35,722
2026-01-30 10:55:00,735.35,736.15,735.05,735.5,749
2026-01-30 11:00:00,735.5,737.05,735.0,736.25,1059
2026-01-30 11:05:00,735.7,737.0,735.0,735.1,1199
2026-01-30 11:10:00,735.1,736.8,734.05,735.9,1880
2026-01-30 11:15:00,735.9,736.2,733.75,735.1,1003
2026-01-30 11:20:00,735.85,736.0,733.1,734.75,1139
2026-01-30 11:25:00,734.75,736.05,733.1,733.15,1308
2026-01-30 11:30:00,733.15,733.95,732.4,733.0,1309
2026-01-30 11:35:00,733.0,734.05,732.5,733.4,3700
2026-01-30 11:40:00,733.9,734.25,732.5,732.8,2932
2026-01-30 11:45:00,732.8,736.05,732.8,734.7,4501
2026-01-30 11:50:00,735.75,738.85,734.85,735.6,4490
2026-01-30 11:55:00,736.15,740.0,734.5,735.3,6872
2026-01-30 12:00:00,735.3,736.95,734.45,735.15,1394
2026-01-30 12:05:00,735.15,735.25,734.45,734.9,638
2026-01-30 12:10:00,734.45,735.85,734.45,735.1,706
2026-01-30 12:15:00,735.1,736.25,735.05,735.05,2334
2026-01-30 12:20:00,735.0,736.0,734.45,735.6,1013
2026-01-30 12:25:00,735.6,738.1,735.1,737.55,2783
2026-01-30 12:30:00,737.55,744.8,737.55,744.8,3664
2026-01-30 12:35:00,744.8,746.05,740.15,741.6,6870
2026-01-30 12:40:00,741.7,742.3,740.1,740.75,663
2026-01-30 12:45:00,740.75,741.2,739.9,740.45,1037
2026-01-30 12:50:00,740.5,742.2,740.5,741.6,778
2026-01-30 12:55:00,741.6,742.95,741.6,742.1,558
2026-01-30 13:00:00,742.1,744.2,742.05,743.4,398
2026-01-30 13:05:00,743.4,743.75,740.9,741.35,7604
2026-01-30 13:10:00,741.35,743.55,740.8,743.55,4055
2026-01-30 13:15:00,743.6,743.85,741.6,741.6,5695
2026-01-30 13:20:00,741.6,742.2,741.6,741.8,453
2026-01-30 13:25:00,741.8,741.8,740.25,741.5,1850
2026-01-30 13:30:00,741.5,743.0,740.95,742.0,979
2026-01-30 13:35:00,742.0,744.95,742.0,744.05,6003
2026-01-30 13:40:00,744.05,745.35,743.75,745.2,555
2026-01-30 13:45:00,745.0,746.25,744.25,744.8,2055
2026-01-30 13:50:00,744.8,745.85,744.6,744.6,1426
2026-01-30 13:55:00,744.6,745.25,742.65,744.95,3880
2026-01-30 14:00:00,744.95,745.0,743.7,744.25,828
2026-01-30 14:05:00,744.25,753.4,744.25,752.5,10352
2026-01-30 14:10:00,752.5,753.0,750.75,750.75,3486
2026-01-30 14:15:00,750.75,753.15,743.55,744.7,79942
2026-01-30 14:20:00,744.9,748.55,744.35,748.1,31901
2026-01-30 14:25:00,749.6,754.4,747.35,748.5,36035
2026-01-30 14:30:00,748.5,749.35,745.2,746.4,15159
2026-01-30 14:35:00,746.1,748.85,744.1,746.75,5129
2026-01-30 14:40:00,746.75,747.45,744.6,746.3,3179
2026-01-30 14:45:00,746.15,746.8,740.2,746.45,24872
2026-01-30 14:50:00,746.45,746.45,743.5,745.65,5195
2026-01-30 14:55:00,745.65,747.95,745.55,747.0,25457
2026-01-30 15:00:00,746.95,757.15,746.95,752.0,29473
2026-01-30 15:05:00,752.25,753.0,749.2,752.15,20301
2026-01-30 15:10:00,752.15,752.6,750.75,751.0,10048
2026-01-30 15:15:00,751.8,753.25,751.0,753.2,18314
2026-01-30 15:20:00,753.25,755.95,753.0,754.65,17328
2026-01-30 15:25:00,754.7,756.7,753.0,754.0,16219
2026-02-01 09:15:00,755.0,756.2,747.05,747.8,5057
2026-02-01 09:20:00,748.05,749.95,744.25,749.1,2307
2026-02-01 09:25:00,748.25,750.05,748.25,749.5,321
2026-02-01 09:30:00,749.55,749.55,748.65,748.65,1264
2026-02-01 09:35:00,748.65,749.5,748.1,748.35,407
2026-02-01 09:40:00,748.35,749.35,748.0,749.35,240
2026-02-01 09:45:00,749.35,753.15,749.0,751.9,2908
2026-02-01 09:50:00,751.85,751.95,750.75,751.95,207
2026-02-01 09:55:00,751.95,751.95,750.6,751.95,272
2026-02-01 10:00:00,751.95,753.3,751.5,752.95,754
2026-02-01 10:05:00,752.95,752.95,752.1,752.7,114
2026-02-01 10:10:00,752.7,755.95,752.7,754.55,1484
2026-02-01 10:15:00,754.55,756.15,750.0,751.45,3024
2026-02-01 10:20:00,752.35,754.15,752.3,752.3,2271
2026-02-01 10:25:00,752.3,753.9,752.3,752.7,787
2026-02-01 10:30:00,753.6,754.25,753.5,753.95,102
2026-02-01 10:35:00,753.95,754.3,753.4,754.2,212
2026-02-01 10:40:00,754.2,754.2,752.95,753.1,240
2026-02-01 10:45:00,753.1,754.45,753.05,754.4,476
2026-02-01 10:50:00,754.4,754.4,753.5,754.0,519
2026-02-01 10:55:00,754.0,754.0,753.5,753.5,1310
2026-02-01 11:00:00,753.95,755.0,753.95,754.05,887
2026-02-01 11:05:00,754.05,755.0,753.5,753.5,616
2026-02-01 11:10:00,753.5,753.95,752.0,753.95,753
2026-02-01 11:15:00,753.95,753.95,753.1,753.95,313
2026-02-01 11:20:00,753.95,755.2,753.65,754.75,725
2026-02-01 11:25:00,754.75,754.75,752.8,753.0,235
2026-02-01 11:30:00,753.0,754.95,752.8,754.0,662
2026-02-01 11:35:00,754.0,754.0,752.8,753.85,169
2026-02-01 11:40:00,753.4,753.4,751.0,751.95,435
2026-02-01 11:45:00,751.95,751.95,750.0,750.65,552
2026-02-01 11:50:00,750.65,752.65,750.0,751.75,861
2026-02-01 11:55:00,751.75,751.75,749.7,750.3,136
2026-02-01 12:00:00,750.9,750.9,747.3,749.7,874
2026-02-01 12:05:00,749.7,753.0,749.65,753.0,577
2026-02-01 12:10:00,753.0,753.1,749.05,750.9,1750
2026-02-01 12:15:00,750.9,750.9,747.75,748.05,225
2026-02-01 12:20:00,748.8,748.85,745.0,746.55,3597
2026-02-01 12:25:00,746.55,748.8,744.5,744.5,951
2026-02-01 12:30:00,745.0,748.35,740.3,747.2,7362
2026-02-01 12:35:00,747.2,751.25,747.2,750.95,1211
2026-02-01 12:40:00,750.5,753.9,749.1,750.85,2636
2026-02-01 12:45:00,750.85,753.9,749.7,751.6,4880
2026-02-01 12:50:00,750.85,751.95,750.0,750.05,800
2026-02-01 12:55:00,750.05,752.0,750.05,752.0,259
2026-02-01 13:00:00,752.0,752.0,745.05,750.15,2271
2026-02-01 13:05:00,750.15,750.45,743.85,745.3,3332
2026-02-01 13:10:00,746.45,748.0,746.3,747.15,706
2026-02-01 13:15:00,747.15,747.15,745.3,746.6,2200
2026-02-01 13:20:00,746.6,747.15,744.85,747.15,234
2026-02-01 13:25:00,747.15,753.5,746.8,753.5,2416
2026-02-01 13:30:00,753.5,753.9,752.35,753.9,385
2026-02-01 13:35:00,753.9,753.9,753.75,753.75,44
2026-02-01 13:40:00,753.75,758.7,752.55,758.55,1718
2026-02-01 13:45:00,758.55,758.55,755.3,756.0,1059
2026-02-01 13:50:00,756.8,756.85,753.25,753.55,728
2026-02-01 13:55:00,753.55,754.4,752.25,752.25,323
2026-02-01 14:00:00,752.25,752.25,750.3,750.3,439
2026-02-01 14:05:00,750.25,751.15,747.85,747.85,1868
2026-02-01 14:10:00,747.85,748.45,747.5,748.0,88
2026-02-01 14:15:00,748.0,748.75,746.05,746.55,177
2026-02-01 14:20:00,746.55,747.15,745.5,746.8,799
2026-02-01 14:25:00,746.8,747.4,746.8,747.4,170
2026-02-01 14:30:00,747.4,749.3,746.15,749.3,276
2026-02-01 14:35:00,749.3,749.6,747.95,748.75,283
2026-02-01 14:40:00,748.75,749.35,748.35,748.35,150
2026-02-01 14:45:00,748.35,750.35,748.35,750.35,263
2026-02-01 14:50:00,750.35,750.35,748.55,748.6,212
2026-02-01 14:55:00,748.0,748.75,743.6,743.6,492
2026-02-01 15:00:00,743.85,747.0,741.3,745.25,2660
2026-02-01 15:05:00,745.25,745.4,743.75,743.75,573
2026-02-01 15:10:00,743.75,743.75,735.75,737.5,4455
2026-02-01 15:15:00,737.5,737.7,735.05,736.6,1366
2026-02-01 15:20:00,736.6,739.3,736.1,737.95,2071
2026-02-01 15:25:00,737.8,745.0,736.55,745.0,1742
2026-02-02 09:15:00,735.05,739.0,727.0,730.0,3225
2026-02-02 09:20:00,730.0,735.8,729.55,733.0,5652
2026-02-02 09:25:00,734.15,734.4,731.55,732.9,1069
2026-02-02 09:30:00,733.45,738.15,732.65,736.25,1462
2026-02-02 09:35:00,737.15,741.9,736.4,741.05,3067
2026-02-02 09:40:00,741.75,741.9,739.65,740.85,1094
2026-02-02 09:45:00,739.4,740.4,738.05,739.4,741
2026-02-02 09:50:00,739.4,741.3,738.05,740.9,2141
2026-02-02 09:55:00,740.9,745.4,740.15,744.2,3169
2026-02-02 10:00:00,744.9,744.9,740.0,740.5,1790
2026-02-02 10:05:00,740.5,741.2,739.75,740.4,1507
2026-02-02 10:10:00,740.95,742.95,740.55,741.15,776
2026-02-02 10:15:00,741.15,741.45,740.7,741.2,379
2026-02-02 10:20:00,741.2,741.2,738.15,738.25,620
2026-02-02 10:25:00,738.7,739.4,738.05,738.85,1065
2026-02-02 10:30:00,738.9,739.05,738.3,738.95,337
2026-02-02 10:35:00,738.65,740.55,738.6,738.6,769
2026-02-02 10:40:00,738.6,739.4,738.15,738.6,1147
2026-02-02 10:45:00,738.6,739.05,736.05,736.65,422
2026-02-02 10:50:00,736.65,737.15,734.0,734.9,2847
2026-02-02 10:55:00,734.9,734.9,731.0,731.0,956
2026-02-02 11:00:00,731.7,731.7,729.15,730.1,1156
2026-02-02 11:05:00,730.1,731.75,728.1,731.75,39643
2026-02-02 11:10:00,731.95,732.2,728.05,728.25,2670
2026-02-02 11:15:00,728.0,728.9,726.6,726.6,2010
2026-02-02 11:20:00,727.55,727.85,724.0,724.0,2635
2026-02-02 11:25:00,724.0,725.0,721.95,722.15,3119
2026-02-02 11:30:00,722.45,729.8,722.45,728.35,13557
2026-02-02 11:35:00,728.35,728.65,726.25,726.9,2011
2026-02-02 11:40:00,726.9,727.0,724.15,724.45,19187
2026-02-02 11:45:00,725.05,726.0,725.0,726.0,2173
2026-02-02 11:50:00,725.15,726.2,723.2,724.2,88079
2026-02-02 11:55:00,724.2,725.25,723.7,724.3,2326
2026-02-02 12:00:00,724.3,724.65,722.8,723.55,1791
2026-02-02 12:05:00,723.55,723.9,720.65,721.0,2327
2026-02-02 12:10:00,721.0,721.95,719.05,720.65,3497
2026-02-02 12:15:00,720.65,724.95,720.65,722.35,2576
2026-02-02 12:20:00,722.8,724.55,721.1,723.15,27944
2026-02-02 12:25:00,723.15,723.15,720.85,721.05,2141
2026-02-02 12:30:00,721.65,722.0,720.25,720.9,1852
2026-02-02 12:35:00,720.3,720.4,719.25,719.7,2079
2026-02-02 12:40:00,720.0,721.35,719.25,719.85,2349
2026-02-02 12:45:00,719.85,720.0,718.0,718.7,1569
2026-02-02 12:50:00,718.7,719.6,717.95,719.5,688
2026-02-02 12:55:00,719.6,720.0,719.0,720.0,690
2026-02-02 13:00:00,720.0,720.0,719.15,720.0,1920
2026-02-02 13:05:00,720.0,724.3,720.0,723.5,3663
2026-02-02 13:10:00,723.6,725.2,723.3,723.8,976
2026-02-02 13:15:00,723.8,723.8,721.85,723.3,1502
2026-02-02 13:20:00,722.8,723.8,722.1,722.85,776
2026-02-02 13:25:00,722.85,725.0,722.25,725.0,1437
2026-02-02 13:30:00,724.55,724.55,723.05,723.2,894
2026-02-02 13:35:00,723.2,725.0,722.45,724.8,4471
2026-02-02 13:40:00,725.0,725.4,722.75,723.0,9469
2026-02-02 13:45:00,723.0,723.9,722.35,723.0,1200
2026-02-02 13:50:00,723.0,725.0,722.3,724.1,2106
2026-02-02 13:55:00,723.85,727.45,723.45,726.45,111423
2026-02-02 14:00:00,726.45,729.6,725.0,728.8,10796
2026-02-02 14:05:00,729.6,732.45,729.0,731.35,3636
2026-02-02 14:10:00,732.3,733.35,731.0,732.95,3518
2026-02-02 14:15:00,732.4,734.05,731.85,734.05,2909
2026-02-02 14:20:00,733.1,734.0,731.95,733.6,2896
2026-02-02 14:25:00,733.6,734.95,732.15,734.25,3459
2026-02-02 14:30:00,733.55,733.55,728.05,728.35,3161
2026-02-02 14:35:00,728.4,731.05,728.4,730.2,1961
2026-02-02 14:40:00,730.15,731.5,730.0,731.25,1436
2026-02-02 14:45:00,731.0,733.5,730.45,733.35,1886
2026-02-02 14:50:00,732.65,733.95,732.35,733.6,1536
2026-02-02 14:55:00,733.35,735.3,732.75,734.25,4412
2026-02-02 15:00:00,734.15,737.45,734.15,736.15,3340
2026-02-02 15:05:00,736.6,740.0,735.85,739.5,5198
2026-02-02 15:10:00,739.5,739.5,736.2,736.85,5630
2026-02-02 15:15:00,736.9,741.55,735.1,741.55,11510
2026-02-02 15:20:00,740.55,741.45,738.3,741.4,4918
2026-02-02 15:25:00,740.8,749.4,739.5,749.0,9977
2026-02-03 09:15:00,755.9,767.0,753.9,764.9,27227
2026-02-03 09:20:00,764.9,772.25,762.45,764.05,18571
2026-02-03 09:25:00,764.05,764.05,756.4,759.6,29088
2026-02-03 09:30:00,759.75,764.35,759.7,761.95,10521
2026-02-03 09:35:00,761.7,766.9,759.15,766.85,9625
2026-02-03 09:40:00,766.85,766.95,764.75,766.25,6436
2026-02-03 09:45:00,766.25,768.45,760.0,765.85,81045
2026-02-03 09:50:00,765.3,767.55,765.0,765.35,7031
2026-02-03 09:55:00,765.35,767.2,765.25,765.5,4716
2026-02-03 10:00:00,765.5,767.85,765.0,767.05,6550
2026-02-03 10:05:00,767.05,767.7,765.55,766.45,3294
2026-02-03 10:10:00,766.45,771.75,766.45,771.0,11387
2026-02-03 10:15:00,771.5,774.55,768.0,768.6,21528
2026-02-03 10:20:00,768.7,772.7,768.05,771.05,12300
2026-02-03 10:25:00,771.05,773.65,770.35,772.65,4057
2026-02-03 10:30:00,773.0,773.55,771.3,772.55,4481
2026-02-03 10:35:00,772.55,776.65,772.1,776.25,8292
2026-02-03 10:40:00,776.0,778.8,775.8,776.95,11014
2026-02-03 10:45:00,776.85,777.95,773.75,775.65,9343
2026-02-03 10:50:00,775.65,776.9,775.35,775.95,3360
2026-02-03 10:55:00,775.95,780.0,775.95,779.15,9752
2026-02-03 11:00:00,779.15,780.05,777.25,777.75,7655
2026-02-03 11:05:00,777.75,778.8,777.1,778.8,4600
2026-02-03 11:10:00,778.8,779.0,777.45,777.5,4108
2026-02-03 11:15:00,777.2,779.05,777.15,778.55,4478
2026-02-03 11:20:00,778.6,780.8,777.75,780.2,4733
2026-02-03 11:25:00,779.95,781.95,778.35,781.0,5732
2026-02-03 11:30:00,781.0,781.8,779.7,781.8,3809
2026-02-03 11:35:00,781.85,782.0,778.0,778.6,8323
2026-02-03 11:40:00,778.6,779.1,776.4,776.95,6051
2026-02-03 11:45:00,776.95,778.45,774.9,775.9,4819
2026-02-03 11:50:00,775.9,777.15,774.4,776.25,3456
2026-02-03 11:55:00,776.45,777.65,776.0,776.8,3558
2026-02-03 12:00:00,776.8,777.85,771.1,772.05,23640
2026-02-03 12:05:00,772.05,781.35,771.55,781.35,23479
2026-02-03 12:10:00,781.35,781.65,777.75,781.4,4230
2026-02-03 12:15:00,781.4,781.7,779.65,781.0,5139
2026-02-03 12:20:00,781.0,781.4,779.55,780.1,5676
2026-02-03 12:25:00,780.25,781.4,779.6,780.5,6372
2026-02-03 12:30:00,780.5,781.25,779.6,780.5,3906
2026-02-03 12:35:00,780.5,781.0,777.6,779.0,15241
2026-02-03 12:40:00,779.0,779.0,776.45,777.0,4272
2026-02-03 12:45:00,776.95,778.9,776.95,778.85,5335
2026-02-03 12:50:00,778.95,779.1,774.25,775.05,6105
2026-02-03 12:55:00,775.55,776.25,774.6,775.3,4968
2026-02-03 13:00:00,775.35,775.7,774.6,775.65,2755
2026-02-03 13:05:00,775.65,775.95,775.25,775.75,2615
2026-02-03 13:10:00,775.75,776.75,775.25,775.95,3171
2026-02-03 13:15:00,775.95,776.5,774.6,775.7,7538
2026-02-03 13:20:00,775.7,776.95,775.7,776.15,2838
2026-02-03 13:25:00,776.15,776.7,774.8,775.95,3448
2026-02-03 13:30:00,775.95,777.5,775.25,775.25,3949
2026-02-03 13:35:00,775.25,779.7,774.3,779.2,6391
2026-02-03 13:40:00,779.2,781.5,778.6,779.5,8885
2026-02-03 13:45:00,779.5,780.95,778.9,779.9,4390
2026-02-03 13:50:00,779.9,781.5,779.55,780.0,8755
2026-02-03 13:55:00,780.25,781.45,778.25,779.0,6489
2026-02-03 14:00:00,779.0,780.45,778.45,780.15,4709
2026-02-03 14:05:00,779.8,780.35,779.0,779.3,5188
2026-02-03 14:10:00,779.3,780.45,779.1,779.7,4757
2026-02-03 14:15:00,779.7,781.05,778.85,780.15,8005
2026-02-03 14:20:00,780.15,784.25,780.15,784.25,11402
2026-02-03 14:25:00,783.7,785.0,782.6,785.0,12186
2026-02-03 14:30:00,785.0,786.5,784.25,784.25,10648
2026-02-03 14:35:00,784.25,786.0,784.0,784.85,4761
2026-02-03 14:40:00,784.1,784.9,781.95,782.0,7154
2026-02-03 14:45:00,781.9,783.5,781.6,783.3,6229
2026-02-03 14:50:00,783.3,783.3,781.8,781.8,4294
2026-02-03 14:55:00,781.8,784.65,781.8,784.0,10711
2026-02-03 15:00:00,783.7,784.4,781.75,782.6,9523
2026-02-03 15:05:00,782.6,783.05,781.85,782.85,5254
2026-02-03 15:10:00,782.85,782.85,781.3,782.0,6481
2026-02-03 15:15:00,782.55,782.55,781.05,781.25,11004
2026-02-03 15:20:00,781.1,783.0,781.1,782.95,14957
2026-02-03 15:25:00,782.95,783.0,775.7,778.2,45791
2026-02-04 09:15:00,782.0,782.0,767.5,768.8,10534
2026-02-04 09:20:00,768.8,774.85,768.0,773.9,3123
2026-02-04 09:25:00,774.7,778.9,774.65,777.5,5052
2026-02-04 09:30:00,777.6,782.05,776.75,782.05,5416
2026-02-04 09:35:00,782.05,784.65,781.6,782.7,3449
2026-02-04 09:40:00,782.7,783.0,780.65,782.8,2675
2026-02-04 09:45:00,782.8,784.45,781.8,784.3,2782
2026-02-04 09:50:00,784.3,784.45,781.25,782.45,705
2026-02-04 09:55:00,782.45,784.65,782.1,784.0,9545
2026-02-04 10:00:00,784.0,784.0,782.05,782.25,594
2026-02-04 10:05:00,782.25,785.9,782.1,785.6,2802
2026-02-04 10:10:00,786.0,786.7,784.1,786.4,2726
2026-02-04 10:15:00,786.4,786.6,784.0,784.0,1591
2026-02-04 10:20:00,784.0,784.85,782.25,782.25,1333
2026-02-04 10:25:00,782.25,783.4,781.8,781.85,1030
2026-02-04 10:30:00,781.85,782.15,777.5,779.4,17240
2026-02-04 10:35:00,779.4,779.5,777.1,778.3,2307
2026-02-04 10:40:00,778.3,779.2,777.75,778.7,1369
2026-02-04 10:45:00,778.7,779.55,777.4,779.35,1784
2026-02-04 10:50:00,779.35,779.95,778.0,778.7,1571
2026-02-04 10:55:00,778.7,778.95,776.0,778.95,1476
2026-02-04 11:00:00,778.95,779.6,777.4,777.4,1454
2026-02-04 11:05:00,777.4,779.5,777.4,778.2,1198
2026-02-04 11:10:00,778.2,778.9,776.75,778.75,1838
2026-02-04 11:15:00,778.95,778.95,776.9,777.0,1776
2026-02-04 11:20:00,777.0,778.7,777.0,778.15,1243
2026-02-04 11:25:00,778.15,778.3,776.2,777.95,1928
2026-02-04 11:30:00,777.95,779.4,777.6,779.3,1196
2026-02-04 11:35:00,779.3,779.3,777.25,778.75,1347
2026-02-04 11:40:00,778.65,779.6,778.0,778.7,2177
2026-02-04 11:45:00,778.7,779.3,778.25,779.3,1159
2026-02-04 11:50:00,779.3,779.4,778.25,779.4,1149
2026-02-04 11:55:00,779.4,780.0,778.75,779.8,1280
2026-02-04 12:00:00,779.85,780.0,778.7,779.05,1373
2026-02-04 12:05:00,779.05,782.0,778.75,780.15,13863
2026-02-04 12:10:00,780.15,780.8,779.65,779.65,1824
2026-02-04 12:15:00,779.65,781.35,778.05,780.0,2860
2026-02-04 12:20:00,780.0,781.8,780.0,780.9,218
2026-02-04 12:25:00,780.9,781.25,780.65,780.65,156
2026-02-04 12:30:00,780.65,781.25,780.15,780.15,581
2026-02-04 12:35:00,780.15,780.65,780.0,780.05,205
2026-02-04 12:40:00,780.05,782.2,780.0,782.05,2502
2026-02-04 12:45:00,780.0,781.35,780.0,780.05,2094
2026-02-04 12:50:00,780.05,780.85,780.0,780.2,1415
2026-02-04 12:55:00,780.2,780.2,780.0,780.0,13
2026-02-04 13:00:00,780.0,780.7,780.0,780.7,338
2026-02-04 13:05:00,780.7,781.5,780.15,781.1,662
2026-02-04 13:10:00,781.1,781.65,780.55,780.55,513
2026-02-04 13:15:00,780.55,781.45,780.3,780.3,199
2026-02-04 13:20:00,780.25,782.5,780.25,782.2,515
2026-02-04 13:25:00,782.2,782.6,781.3,782.6,266
2026-02-04 13:30:00,782.65,783.15,782.35,782.35,348
2026-02-04 13:35:00,782.35,782.95,782.35,782.85,142
2026-02-04 13:40:00,782.85,783.95,782.85,783.3,1066
2026-02-04 13:45:00,783.3,783.9,782.4,783.35,267
2026-02-04 13:50:00,783.35,784.1,782.35,783.05,907
2026-02-04 13:55:00,783.15,784.7,782.4,784.7,379
2026-02-04 14:00:00,784.7,784.8,784.05,784.2,393
2026-02-04 14:05:00,784.2,784.85,783.55,783.75,322
2026-02-04 14:10:00,783.75,785.5,783.4,784.85,1038
2026-02-04 14:15:00,784.85,786.55,784.35,786.0,1101
2026-02-04 14:20:00,786.0,787.9,785.7,786.3,3264
2026-02-04 14:25:00,786.3,787.65,786.05,786.3,1101
2026-02-04 14:30:00,786.95,787.25,786.0,786.05,716
2026-02-04 14:35:00,786.05,790.0,786.05,788.95,4090
2026-02-04 14:40:00,788.95,792.0,788.95,790.1,4122
2026-02-04 14:45:00,790.1,792.25,790.0,792.05,4284
2026-02-04 14:50:00,792.05,793.85,791.9,793.35,1829
2026-02-04 14:55:00,793.75,794.0,793.25,793.75,965
2026-02-04 15:00:00,793.8,795.05,793.8,794.4,3030
2026-02-04 15:05:00,794.35,794.4,793.8,794.0,1554
2026-02-04 15:10:00,794.05,794.2,794.0,794.2,2230
2026-02-04 15:15:00,794.1,794.65,794.1,794.55,10400
2026-02-04 15:20:00,794.55,796.5,794.5,796.5,12974
2026-02-04 15:25:00,796.5,799.9,787.3,788.2,21431
2026-02-05 09:15:00,787.5,787.95,778.8,783.75,12704
2026-02-05 09:20:00,784.5,784.5,780.05,781.0,5396
2026-02-05 09:25:00,780.0,780.0,774.0,776.6,6419
2026-02-05 09:30:00,777.8,779.05,776.05,776.05,3856
2026-02-05 09:35:00,776.05,776.5,772.25,775.0,3221
2026-02-05 09:40:00,775.35,775.35,772.5,772.5,3925
2026-02-05 09:45:00,772.5,774.25,771.3,772.1,3033
2026-02-05 09:50:00,772.25,773.0,770.9,771.6,2240
2026-02-05 09:55:00,771.6,772.9,771.0,771.95,1680
2026-02-05 10:00:00,771.95,772.4,770.5,771.0,1847
2026-02-05 10:05:00,771.5,771.65,770.0,770.65,1542
2026-02-05 10:10:00,770.65,773.8,770.65,772.9,3898
2026-02-05 10:15:00,772.9,773.95,772.2,773.3,1676
2026-02-05 10:20:00,773.3,775.0,773.0,774.05,2140
2026-02-05 10:25:00,773.25,773.45,771.35,771.9,1593
2026-02-05 10:30:00,771.9,773.35,771.0,771.05,1493
2026-02-05 10:35:00,771.1,772.15,770.0,770.75,7475
2026-02-05 10:40:00,770.75,771.85,767.2,767.4,4744
2026-02-05 10:45:00,767.4,768.65,765.5,768.05,5296
2026-02-05 10:50:00,768.1,768.35,764.55,764.95,4778
2026-02-05 10:55:00,764.95,764.95,763.0,764.55,5232
2026-02-05 11:00:00,764.8,765.45,763.4,765.15,4854
2026-02-05 11:05:00,765.15,765.55,764.2,764.85,4112
2026-02-05 11:10:00,765.0,768.0,764.6,767.7,3438
2026-02-05 11:15:00,767.7,768.15,765.6,766.95,6108
2026-02-05 11:20:00,766.95,772.95,766.25,769.5,17564
2026-02-05 11:25:00,769.5,769.6,767.85,768.35,1867
2026-02-05 11:30:00,768.4,769.95,768.05,768.55,1901
2026-02-05 11:35:00,768.35,769.8,767.35,769.1,3279
2026-02-05 11:40:00,769.1,770.0,768.2,769.8,2254
2026-02-05 11:45:00,769.8,770.0,768.5,769.35,2215
2026-02-05 11:50:00,769.35,769.35,766.0,767.6,4849
2026-02-05 11:55:00,767.6,768.5,767.05,768.15,1611
2026-02-05 12:00:00,768.15,768.7,766.8,768.3,3585
2026-02-05 12:05:00,768.3,768.7,767.85,767.9,2580
2026-02-05 12:10:00,767.9,767.9,766.4,766.85,2988
2026-02-05 12:15:00,766.7,767.75,766.0,767.1,3052
2026-02-05 12:20:00,767.1,767.5,766.5,766.9,1470
2026-02-05 12:25:00,766.65,767.1,765.75,767.1,2115
2026-02-05 12:30:00,767.1,767.75,766.8,767.45,1595
2026-02-05 12:35:00,767.45,767.8,767.2,767.45,1822
2026-02-05 12:40:00,767.45,767.45,766.25,767.2,2106
2026-02-05 12:45:00,767.2,767.2,765.65,766.05,1457
2026-02-05 12:50:00,766.0,766.0,763.5,764.4,4840
2026-02-05 12:55:00,764.4,765.75,763.7,765.7,3881
2026-02-05 13:00:00,765.7,765.7,764.25,764.35,2019
2026-02-05 13:05:00,764.35,764.9,764.0,764.0,2555
2026-02-05 13:10:00,764.0,764.95,763.7,764.25,2678
2026-02-05 13:15:00,764.25,765.55,764.15,765.15,3449
2026-02-05 13:20:00,765.15,765.95,764.85,764.85,2380
2026-02-05 13:25:00,764.85,765.15,763.4,764.0,3064
2026-02-05 13:30:00,764.0,764.65,763.35,764.2,1756
2026-02-05 13:35:00,764.2,765.05,763.7,764.05,2624
2026-02-05 13:40:00,764.05,764.75,763.5,764.15,1705
2026-02-05 13:45:00,764.15,768.7,764.15,768.7,150369
2026-02-05 13:50:00,768.3,770.7,767.55,770.0,5959
2026-02-05 13:55:00,770.0,770.2,768.75,769.45,3028
2026-02-05 14:00:00,769.45,770.2,769.35,770.0,1794
2026-02-05 14:05:00,769.95,770.95,768.5,768.95,2740
2026-02-05 14:10:00,768.95,770.0,768.4,770.0,2280
2026-02-05 14:15:00,770.35,771.4,770.0,770.0,2641
2026-02-05 14:20:00,770.15,770.85,770.0,770.05,3041
2026-02-05 14:25:00,770.05,770.55,770.0,770.3,1173
2026-02-05 14:30:00,770.3,771.25,770.0,770.6,1325
2026-02-05 14:35:00,770.6,772.45,770.55,771.95,3630
2026-02-05 14:40:00,771.95,772.15,770.35,770.9,2555
2026-02-05 14:45:00,770.9,772.0,770.75,771.1,1943
2026-02-05 14:50:00,771.8,771.95,770.8,771.0,2006
2026-02-05 14:55:00,771.0,772.9,770.0,772.15,3133
2026-02-05 15:00:00,772.25,772.25,770.15,771.25,2159
2026-02-05 15:05:00,771.25,771.25,768.55,770.0,4347
2026-02-05 15:10:00,770.8,772.95,769.3,771.6,11266
2026-02-05 15:15:00,771.5,773.55,771.1,772.7,17501
2026-02-05 15:20:00,772.7,774.95,772.0,772.95,4113
2026-02-05 15:25:00,772.95,774.45,768.0,770.0,11808
2026-02-06 09:15:00,766.1,766.35,762.7,764.5,14978
2026-02-06 09:20:00,764.5,767.3,763.9,765.8,5419
2026-02-06 09:25:00,765.8,766.85,764.05,766.65,2825
2026-02-06 09:30:00,766.65,767.9,766.2,767.25,692
2026-02-06 09:35:00,767.25,767.95,766.1,767.95,1101
2026-02-06 09:40:00,768.3,769.9,766.65,767.45,2340
2026-02-06 09:45:00,766.95,779.25,766.95,778.7,2805
2026-02-06 09:50:00,778.7,779.55,769.3,770.0,11942
2026-02-06 09:55:00,770.0,771.05,768.35,769.45,5501
2026-02-06 10:00:00,769.15,775.0,768.3,774.8,28569
2026-02-06 10:05:00,775.0,775.0,773.2,774.1,5680
2026-02-06 10:10:00,774.1,776.45,774.0,775.95,7054
2026-02-06 10:15:00,775.8,776.35,770.1,771.75,11209
2026-02-06 10:20:00,771.75,773.75,771.05,772.45,4230
2026-02-06 10:25:00,772.0,773.65,771.6,771.6,6171
2026-02-06 10:30:00,771.6,772.05,770.4,770.5,4111
2026-02-06 10:35:00,770.4,770.4,768.1,768.55,3643
2026-02-06 10:40:00,768.55,768.85,766.4,767.15,3874
2026-02-06 10:45:00,767.15,767.4,764.6,766.1,3342
2026-02-06 10:50:00,765.6,766.7,764.95,765.8,4324
2026-02-06 10:55:00,765.8,766.35,765.4,765.9,2550
2026-02-06 11:00:00,765.8,766.4,765.45,766.4,852
2026-02-06 11:05:00,766.4,768.6,766.4,768.6,6029
2026-02-06 11:10:00,768.6,768.6,767.5,767.55,490
2026-02-06 11:15:00,767.55,767.55,765.0,765.5,1284
2026-02-06 11:20:00,765.8,767.75,765.8,767.75,484
2026-02-06 11:25:00,767.7,768.6,767.45,767.7,1141
2026-02-06 11:30:00,767.65,768.0,767.0,767.85,477
2026-02-06 11:35:00,767.8,769.4,767.05,769.4,3288
2026-02-06 11:40:00,769.4,770.6,769.4,770.05,1865
2026-02-06 11:45:00,770.05,770.65,769.4,770.1,1636
2026-02-06 11:50:00,770.1,770.1,769.65,769.9,503
2026-02-06 11:55:00,769.9,770.7,769.9,770.1,460
2026-02-06 12:00:00,770.1,771.05,769.6,769.6,2068
2026-02-06 12:05:00,769.6,770.4,769.55,769.55,1323
2026-02-06 12:10:00,769.55,769.55,767.1,767.8,1746
2026-02-06 12:15:00,767.8,768.15,767.0,768.15,431
2026-02-06 12:20:00,768.15,768.4,767.6,767.8,438
2026-02-06 12:25:00,767.8,767.8,767.25,767.3,283
2026-02-06 12:30:00,767.15,767.15,766.2,766.2,1544
2026-02-06 12:35:00,766.2,766.2,765.0,765.35,1263
2026-02-06 12:40:00,765.35,765.35,763.95,764.6,2533
2026-02-06 12:45:00,764.6,765.55,764.2,764.95,212
2026-02-06 12:50:00,764.95,765.7,764.95,765.65,1216
2026-02-06 12:55:00,765.1,765.15,764.05,764.65,448
2026-02-06 13:00:00,764.45,765.6,764.1,764.1,723
2026-02-06 13:05:00,764.1,766.05,763.6,765.65,1576
2026-02-06 13:10:00,765.65,765.65,764.0,764.0,67
2026-02-06 13:15:00,764.0,766.45,764.0,765.8,3298
2026-02-06 13:20:00,765.8,765.8,761.8,762.85,7110
2026-02-06 13:25:00,762.85,764.15,762.65,764.15,650
2026-02-06 13:30:00,764.15,764.15,762.05,763.45,1215
2026-02-06 13:35:00,763.0,765.55,763.0,764.15,1972
2026-02-06 13:40:00,764.15,764.95,763.5,764.0,297
2026-02-06 13:45:00,764.0,764.6,764.0,764.5,283
2026-02-06 13:50:00,764.5,765.5,758.95,760.3,16733
2026-02-06 13:55:00,760.25,760.6,758.4,760.2,11240
2026-02-06 14:00:00,760.2,761.7,760.1,761.4,5808
2026-02-06 14:05:00,761.15,761.15,759.3,759.35,3159
2026-02-06 14:10:00,759.35,759.35,757.55,757.55,3494
2026-02-06 14:15:00,757.8,758.85,756.9,758.15,11498
2026-02-06 14:20:00,758.15,758.2,754.95,755.5,17167
2026-02-06 14:25:00,755.5,756.5,755.05,756.3,5873
2026-02-06 14:30:00,756.3,756.75,755.1,756.65,482
2026-02-06 14:35:00,756.65,757.95,755.6,757.45,1327
2026-02-06 14:40:00,757.45,759.0,756.8,758.5,2270
2026-02-06 14:45:00,758.5,759.8,757.55,757.55,2750
2026-02-06 14:50:00,757.55,759.05,757.2,759.05,1238
2026-02-06 14:55:00,759.45,766.75,759.45,762.75,11348
2026-02-06 15:00:00,763.95,764.55,761.8,762.5,11812
2026-02-06 15:05:00,763.0,764.65,762.1,762.75,3669
2026-02-06 15:10:00,763.5,764.0,762.0,762.4,5273
2026-02-06 15:15:00,762.9,763.85,762.25,763.05,7340
2026-02-06 15:20:00,763.05,764.55,762.9,764.55,9266
2026-02-06 15:25:00,764.55,764.8,762.0,764.0,5599
2026-02-09 09:15:00,767.9,779.2,767.9,777.0,5863
2026-02-09 09:20:00,777.0,781.5,776.65,781.5,5846
2026-02-09 09:25:00,781.5,784.0,777.55,779.25,7578
2026-02-09 09:30:00,779.9,782.65,779.9,780.65,6097
2026-02-09 09:35:00,781.2,781.2,777.1,777.1,1472
2026-02-09 09:40:00,777.1,778.0,775.3,777.15,2902
2026-02-09 09:45:00,778.0,778.1,775.4,775.4,1738
2026-02-09 09:50:00,775.55,776.35,774.55,776.25,2444
2026-02-09 09:55:00,776.25,778.95,776.1,778.0,7312
2026-02-09 10:00:00,778.15,780.95,778.15,780.7,9884
2026-02-09 10:05:00,780.7,781.35,778.15,779.25,5769
2026-02-09 10:10:00,778.95,779.15,777.05,778.7,1024
2026-02-09 10:15:00,778.7,779.5,777.55,779.5,144
2026-02-09 10:20:00,779.5,779.75,777.05,777.05,461
2026-02-09 10:25:00,777.6,783.0,777.55,783.0,14396
2026-02-09 10:30:00,783.0,786.0,780.6,784.65,18641
2026-02-09 10:35:00,785.4,785.4,783.2,784.35,1006
2026-02-09 10:40:00,784.35,786.8,784.1,785.8,1510
2026-02-09 10:45:00,785.8,786.6,785.5,785.5,2099
2026-02-09 10:50:00,785.5,785.95,784.1,785.25,2250
2026-02-09 10:55:00,785.8,787.3,784.1,786.7,12634
2026-02-09 11:00:00,786.5,786.9,785.45,786.0,675
2026-02-09 11:05:00,785.55,786.9,785.55,786.65,1317
2026-02-09 11:10:00,786.65,786.65,786.25,786.25,836
2026-02-09 11:15:00,786.25,786.65,786.25,786.35,599
2026-02-09 11:20:00,786.35,787.1,784.95,785.15,1817
2026-02-09 11:25:00,785.15,786.7,785.15,786.05,408
2026-02-09 11:30:00,786.05,786.05,783.45,784.75,1118
2026-02-09 11:35:00,784.9,785.5,784.05,785.45,591
2026-02-09 11:40:00,785.45,785.5,784.9,785.0,201
2026-02-09 11:45:00,785.0,785.5,784.05,785.4,2425
2026-02-09 11:50:00,785.45,785.45,783.0,783.55,1879
2026-02-09 11:55:00,783.55,788.1,783.1,787.15,7183
2026-02-09 12:00:00,787.15,790.45,787.15,789.5,11105
2026-02-09 12:05:00,789.5,791.0,789.0,790.3,2201
2026-02-09 12:10:00,791.0,792.5,790.3,791.1,3386
2026-02-09 12:15:00,791.1,791.85,791.0,791.05,7302
2026-02-09 12:20:00,791.05,792.45,791.05,792.45,941
2026-02-09 12:25:00,792.45,792.45,791.0,791.45,6053
2026-02-09 12:30:00,791.45,791.9,791.0,791.3,104
2026-02-09 12:35:00,791.3,796.1,791.05,794.0,28652
2026-02-09 12:40:00,794.0,795.7,793.1,793.7,826
2026-02-09 12:45:00,793.7,794.35,793.0,794.0,5695
2026-02-09 12:50:00,794.0,795.9,794.0,794.3,1068
2026-02-09 12:55:00,794.3,794.9,793.85,794.55,503
2026-02-09 13:00:00,794.55,796.7,794.55,796.05,902
2026-02-09 13:05:00,796.05,796.15,795.25,795.4,554
2026-02-09 13:10:00,795.4,796.1,795.4,795.85,497
2026-02-09 13:15:00,796.85,796.85,795.65,796.55,1656
2026-02-09 13:20:00,796.55,796.55,794.0,794.65,721
2026-02-09 13:25:00,794.65,795.35,794.35,795.2,1194
2026-02-09 13:30:00,795.8,796.8,795.55,796.8,1013
2026-02-09 13:35:00,796.8,796.8,795.35,795.35,932
2026-02-09 13:40:00,795.35,798.2,795.35,797.7,8685
2026-02-09 13:45:00,797.7,798.2,796.8,796.8,558
2026-02-09 13:50:00,796.8,797.75,796.8,797.4,579
2026-02-09 13:55:00,797.65,799.4,797.6,798.5,8833
2026-02-09 14:00:00,798.5,804.4,798.5,802.55,11508
2026-02-09 14:05:00,802.3,809.0,802.3,804.35,21052
2026-02-09 14:10:00,804.35,807.05,802.7,807.0,9657
2026-02-09 14:15:00,805.75,808.0,802.5,804.0,10259
2026-02-09 14:20:00,804.0,805.95,804.0,805.75,2662
2026-02-09 14:25:00,805.75,805.95,803.95,805.0,1275
2026-02-09 14:30:00,805.0,806.8,804.15,806.8,3480
2026-02-09 14:35:00,806.8,808.4,806.0,807.5,7813
2026-02-09 14:40:00,807.5,808.7,807.1,807.8,1947
2026-02-09 14:45:00,807.8,809.85,807.8,809.05,4856
2026-02-09 14:50:00,809.05,811.15,807.9,810.35,5977
2026-02-09 14:55:00,810.35,811.5,809.5,810.5,4004
2026-02-09 15:00:00,810.5,810.75,807.9,807.95,6121
2026-02-09 15:05:00,807.9,808.4,805.65,806.4,4199
2026-02-09 15:10:00,806.95,808.4,806.15,808.0,8793
2026-02-09 15:15:00,808.35,808.8,806.0,806.7,5893
2026-02-09 15:20:00,807.2,807.4,804.2,806.45,6753
2026-02-09 15:25:00,806.45,809.95,804.6,805.0,10712
2026-02-10 09:15:00,811.3,811.7,802.35,804.25,13129
2026-02-10 09:20:00,804.25,806.95,804.25,805.2,4958
2026-02-10 09:25:00,805.2,806.4,802.7,802.7,2771
2026-02-10 09:30:00,803.4,803.6,800.6,802.65,2058
2026-02-10 09:35:00,803.0,805.35,801.8,801.8,4265
2026-02-10 09:40:00,801.45,806.7,799.0,804.5,35947
2026-02-10 09:45:00,804.5,804.5,799.55,800.05,1095
2026-02-10 09:50:00,800.05,800.15,798.0,799.0,2793
2026-02-10 09:55:00,799.0,799.0,797.55,798.65,1428
2026-02-10 10:00:00,798.65,799.05,797.35,798.95,847
2026-02-10 10:05:00,798.95,798.95,795.25,796.0,2669
2026-02-10 10:10:00,796.0,796.9,795.95,796.45,334
2026-02-10 10:15:00,796.0,797.45,796.0,796.1,3311
2026-02-10 10:20:00,796.1,797.85,796.1,797.05,194
2026-02-10 10:25:00,797.05,797.8,796.15,796.85,1398
2026-02-10 10:30:00,796.85,797.25,795.35,795.4,1789
2026-02-10 10:35:00,795.4,795.95,794.15,794.95,2670
2026-02-10 10:40:00,794.95,795.2,792.55,793.15,3784
2026-02-10 10:45:00,793.15,794.7,791.3,794.15,2361
2026-02-10 10:50:00,794.15,795.1,793.9,793.9,856
2026-02-10 10:55:00,793.9,795.0,793.9,794.4,119
2026-02-10 11:00:00,794.4,794.95,794.15,794.4,47
2026-02-10 11:05:00,794.4,794.85,794.15,794.15,278
2026-02-10 11:10:00,794.55,794.55,793.4,793.7,380
2026-02-10 11:15:00,793.7,795.55,793.7,795.55,554
2026-02-10 11:20:00,795.8,797.0,795.15,796.4,7404
2026-02-10 11:25:00,796.4,796.6,795.05,796.6,2213
2026-02-10 11:30:00,796.6,797.5,795.5,796.1,1151
2026-02-10 11:35:00,796.65,797.5,795.05,795.1,1052
2026-02-10 11:40:00,795.1,797.3,795.1,797.05,1496
2026-02-10 11:45:00,797.05,799.0,793.95,798.7,9666
2026-02-10 11:50:00,798.7,800.0,797.3,799.35,10285
2026-02-10 11:55:00,799.35,799.6,798.05,798.05,852
2026-02-10 12:00:00,798.05,798.6,797.75,797.75,371
2026-02-10 12:05:00,797.9,798.8,797.15,797.7,578
2026-02-10 12:10:00,797.3,798.1,797.0,797.25,224
2026-02-10 12:15:00,797.25,799.4,797.25,799.4,1496
2026-02-10 12:20:00,799.4,799.9,797.6,798.0,7101
2026-02-10 12:25:00,798.0,798.4,798.0,798.4,182
2026-02-10 12:30:00,798.4,798.4,797.95,798.0,95
2026-02-10 12:35:00,798.0,798.0,797.5,797.5,74
2026-02-10 12:40:00,797.8,798.35,795.6,795.6,1306
2026-02-10 12:45:00,795.6,797.6,795.6,797.0,198
2026-02-10 12:50:00,796.85,797.95,796.8,797.15,184
2026-02-10 12:55:00,797.15,797.95,796.0,797.15,729
2026-02-10 13:00:00,797.0,798.2,796.0,796.0,1325
2026-02-10 13:05:00,796.0,797.4,796.0,797.4,205
2026-02-10 13:10:00,797.4,797.9,796.5,797.35,329
2026-02-10 13:15:00,797.35,798.0,796.0,796.85,1183
2026-02-10 13:20:00,796.85,797.3,796.0,796.25,369
2026-02-10 13:25:00,797.0,797.0,795.6,796.0,427
2026-02-10 13:30:00,794.2,797.25,794.0,795.0,9417
2026-02-10 13:35:00,795.0,796.15,795.0,796.0,143
2026-02-10 13:40:00,796.0,796.4,795.0,795.55,1215
2026-02-10 13:45:00,795.55,796.65,795.55,796.5,183
2026-02-10 13:50:00,796.5,796.7,795.75,796.7,308
2026-02-10 13:55:00,796.7,797.7,795.0,795.0,1035
2026-02-10 14:00:00,795.55,795.55,793.6,794.15,596
2026-02-10 14:05:00,794.7,799.95,794.0,797.5,13914
2026-02-10 14:10:00,797.5,797.5,795.9,797.0,837
2026-02-10 14:15:00,797.0,799.7,797.0,799.65,1812
2026-02-10 14:20:00,799.65,799.85,798.7,798.7,966
2026-02-10 14:25:00,798.7,799.55,798.7,799.25,272
2026-02-10 14:30:00,799.25,799.3,798.35,798.8,185
2026-02-10 14:35:00,798.8,800.15,798.7,800.15,1506
2026-02-10 14:40:00,800.15,800.15,798.7,799.9,2716
2026-02-10 14:45:00,799.9,800.0,798.3,799.05,1030
2026-02-10 14:50:00,799.05,800.55,798.5,800.55,1070
2026-02-10 14:55:00,800.75,800.75,799.0,799.95,1081
2026-02-10 15:00:00,799.95,801.95,798.7,801.3,19750
2026-02-10 15:05:00,800.85,803.45,800.65,802.9,2240
2026-02-10 15:10:00,802.7,803.65,802.7,803.6,2053
2026-02-10 15:15:00,803.6,805.85,802.45,804.75,16059
2026-02-10 15:20:00,804.35,805.2,802.05,802.4,5347
2026-02-10 15:25:00,802.9,804.0,796.0,796.0,9325
2026-02-11 09:15:00,800.0,806.55,797.65,800.8,6732
2026-02-11 09:20:00,800.3,801.6,798.8,800.0,1472
2026-02-11 09:25:00,797.75,800.85,797.75,800.05,823
2026-02-11 09:30:00,800.05,800.6,797.0,797.65,1832
2026-02-11 09:35:00,797.65,799.2,795.3,795.7,1787
2026-02-11 09:40:00,795.85,795.85,794.05,795.1,1395
2026-02-11 09:45:00,795.1,796.8,794.7,796.8,604
2026-02-11 09:50:00,796.8,797.25,795.0,795.55,1611
2026-02-11 09:55:00,797.0,797.2,795.45,795.45,795
2026-02-11 10:00:00,795.45,796.55,795.1,795.1,667
2026-02-11 10:05:00,795.1,795.8,794.05,795.8,1498
2026-02-11 10:10:00,796.6,796.8,794.6,795.45,127
2026-02-11 10:15:00,795.45,796.25,795.2,796.25,214
2026-02-11 10:20:00,796.25,797.0,796.15,796.75,1491
2026-02-11 10:25:00,796.75,797.45,796.25,797.05,551
2026-02-11 10:30:00,797.05,798.4,797.05,797.2,1056
2026-02-11 10:35:00,796.5,798.55,795.7,797.8,952
2026-02-11 10:40:00,797.8,798.5,797.15,797.15,206
2026-02-11 10:45:00,797.15,799.4,797.15,799.4,578
2026-02-11 10:50:00,799.4,800.4,798.7,798.75,427
2026-02-11 10:55:00,798.75,799.7,795.55,796.45,1060
2026-02-11 11:00:00,796.45,798.4,795.6,797.9,94
2026-02-11 11:05:00,798.8,799.2,797.3,797.7,1234
2026-02-11 11:10:00,797.7,798.8,797.1,798.8,149
2026-02-11 11:15:00,798.8,799.3,797.7,798.55,632
2026-02-11 11:20:00,798.55,798.55,797.85,798.45,17
2026-02-11 11:25:00,798.45,799.3,798.3,798.5,209
2026-02-11 11:30:00,798.5,799.1,798.5,798.7,294
2026-02-11 11:35:00,798.7,798.7,798.5,798.5,191
2026-02-11 11:40:00,798.5,798.7,798.15,798.15,184
2026-02-11 11:45:00,798.15,798.85,798.15,798.85,173
2026-02-11 11:50:00,798.85,799.5,798.0,798.0,723
2026-02-11 11:55:00,798.0,798.0,797.2,797.35,180
2026-02-11 12:00:00,797.85,798.0,797.0,797.25,476
2026-02-11 12:05:00,797.25,797.7,796.15,796.15,602
2026-02-11 12:10:00,796.15,798.0,796.15,797.85,173
2026-02-11 12:15:00,798.05,798.2,797.0,797.0,399
2026-02-11 12:20:00,797.0,797.35,796.2,797.35,386
2026-02-11 12:25:00,797.35,797.35,796.45,796.9,282
2026-02-11 12:30:00,796.9,796.9,796.2,796.2,104
2026-02-11 12:35:00,796.2,798.85,796.2,797.35,771
2026-02-11 12:40:00,797.35,797.75,796.3,796.8,683
2026-02-11 12:45:00,796.8,797.05,796.0,796.05,3572
2026-02-11 12:50:00,796.05,796.7,795.95,796.25,106
2026-02-11 12:55:00,796.25,796.7,794.2,795.0,1558
2026-02-11 13:00:00,795.0,796.15,795.0,795.8,216
2026-02-11 13:05:00,795.8,796.3,795.55,796.3,127
2026-02-11 13:10:00,796.3,796.4,794.95,794.95,1195
2026-02-11 13:15:00,794.15,796.0,794.15,795.55,432
2026-02-11 13:20:00,795.55,797.05,795.55,797.05,23
2026-02-11 13:25:00,797.05,797.1,796.65,796.8,24
2026-02-11 13:30:00,796.8,798.5,796.6,798.2,720
2026-02-11 13:35:00,798.2,801.35,798.2,799.8,1694
2026-02-11 13:40:00,799.8,800.2,799.1,799.75,135
2026-02-11 13:45:00,799.75,800.6,799.0,799.0,1063
2026-02-11 13:50:00,799.0,799.1,797.6,798.6,1066
2026-02-11 13:55:00,798.6,800.0,798.1,799.85,887
2026-02-11 14:00:00,799.2,799.2,798.1,798.85,616
2026-02-11 14:05:00,798.85,799.2,798.35,798.55,670
2026-02-11 14:10:00,798.55,799.25,798.55,798.7,18
2026-02-11 14:15:00,799.4,800.05,798.8,799.65,1036
2026-02-11 14:20:00,799.65,799.65,798.25,798.85,285
2026-02-11 14:25:00,798.85,801.75,798.85,801.75,469
2026-02-11 14:30:00,801.75,802.4,800.25,800.25,1648
2026-02-11 14:35:00,800.95,802.75,800.3,801.3,1289
2026-02-11 14:40:00,801.3,801.3,800.0,800.7,618
2026-02-11 14:45:00,800.7,801.6,800.7,801.0,359
2026-02-11 14:50:00,801.0,801.35,800.3,800.35,215
2026-02-11 14:55:00,800.85,804.2,800.35,803.65,2608
2026-02-11 15:00:00,803.7,804.35,802.95,803.75,1904
2026-02-11 15:05:00,803.75,804.55,802.15,802.15,2850
2026-02-11 15:10:00,801.95,803.2,801.9,803.2,1458
2026-02-11 15:15:00,803.05,803.15,802.1,802.35,2366
2026-02-11 15:20:00,802.55,803.55,801.6,801.6,2815
2026-02-11 15:25:00,801.2,802.5,799.0,802.0,5573
2026-02-12 09:15:00,801.0,801.1,787.95,789.4,7941
2026-02-12 09:20:00,788.3,789.75,787.35,787.65,3719
2026-02-12 09:25:00,787.65,787.65,783.45,784.55,4088
2026-02-12 09:30:00,783.8,786.3,783.15,785.9,1898
2026-02-12 09:35:00,786.2,786.3,784.85,786.3,3420
2026-02-12 09:40:00,785.15,785.8,783.0,783.5,4946
2026-02-12 09:45:00,783.45,784.8,780.9,784.55,3756
2026-02-12 09:50:00,784.55,787.8,783.45,787.3,3089
2026-02-12 09:55:00,784.9,787.0,784.5,784.5,3596
2026-02-12 10:00:00,784.5,785.8,784.5,785.8,1414
2026-02-12 10:05:00,785.8,785.8,782.15,782.85,2520
2026-02-12 10:10:00,782.4,784.95,782.15,784.8,971
2026-02-12 10:15:00,784.8,785.55,784.1,784.1,2264
2026-02-12 10:20:00,784.1,786.15,783.65,786.15,1051
2026-02-12 10:25:00,786.15,788.4,785.35,786.6,9404
2026-02-12 10:30:00,786.6,786.75,785.55,786.75,453
2026-02-12 10:35:00,786.75,787.2,786.3,786.8,188
2026-02-12 10:40:00,786.8,792.0,786.25,791.65,3881
2026-02-12 10:45:00,790.65,791.55,788.9,789.5,1867
2026-02-12 10:50:00,788.75,789.5,788.25,788.25,339
2026-02-12 10:55:00,788.25,789.45,788.1,788.15,692
2026-02-12 11:00:00,788.15,788.15,787.0,787.0,144
2026-02-12 11:05:00,787.0,789.45,787.0,789.45,576
2026-02-12 11:10:00,789.8,789.8,789.0,789.0,231
2026-02-12 11:15:00,789.0,789.0,788.65,789.0,466
2026-02-12 11:20:00,789.0,789.0,788.3,789.0,380
2026-02-12 11:25:00,788.9,789.05,788.2,788.5,1238
2026-02-12 11:30:00,788.5,789.3,788.3,788.7,545
2026-02-12 11:35:00,788.85,789.2,788.85,788.85,203
2026-02-12 11:40:00,788.85,789.75,788.6,789.3,1831
2026-02-12 11:45:00,789.3,790.3,789.05,789.05,242
2026-02-12 11:50:00,789.2,789.75,789.0,789.0,862
2026-02-12 11:55:00,789.0,789.95,789.0,789.0,418
2026-02-12 12:00:00,789.6,789.75,789.0,789.0,350
2026-02-12 12:05:00,789.0,789.8,789.0,789.6,250
2026-02-12 12:10:00,789.05,789.7,789.0,789.0,79
2026-02-12 12:15:00,789.0,789.55,789.0,789.0,124
2026-02-12 12:20:00,789.0,789.75,789.0,789.0,613
2026-02-12 12:25:00,789.0,789.15,788.55,789.1,907
2026-02-12 12:30:00,789.1,789.8,788.45,789.45,447
2026-02-12 12:35:00,790.5,790.5,788.9,789.75,1938
2026-02-12 12:40:00,789.75,789.75,789.0,789.0,54
2026-02-12 12:45:00,789.0,790.85,789.0,789.5,366
2026-02-12 12:50:00,789.5,790.85,789.1,789.15,363
2026-02-12 12:55:00,789.15,789.9,789.15,789.25,70
2026-02-12 13:00:00,789.25,792.6,789.25,791.1,4192
2026-02-12 13:05:00,791.1,791.1,789.15,789.15,450
2026-02-12 13:10:00,789.15,789.7,788.65,789.0,1967
2026-02-12 13:15:00,789.0,790.0,788.7,789.3,138
2026-02-12 13:20:00,789.3,789.7,789.3,789.7,78
2026-02-12 13:25:00,789.7,790.5,789.5,789.65,270
2026-02-12 13:30:00,789.65,792.6,789.65,792.6,348
2026-02-12 13:35:00,792.6,793.55,792.15,793.4,1518
2026-02-12 13:40:00,793.4,795.6,793.0,794.85,6389
2026-02-12 13:45:00,794.85,796.0,793.5,795.7,1440
2026-02-12 13:50:00,795.7,795.85,795.1,795.6,255
2026-02-12 13:55:00,795.6,798.1,795.25,797.0,3295
2026-02-12 14:00:00,797.0,798.6,797.0,798.0,2735
2026-02-12 14:05:00,798.0,798.25,797.0,797.6,1314
2026-02-12 14:10:00,798.6,798.6,797.1,798.0,434
2026-02-12 14:15:00,798.0,798.45,796.55,796.7,2196
2026-02-12 14:20:00,796.7,797.3,796.0,797.0,306
2026-02-12 14:25:00,797.0,797.85,797.0,797.3,190
2026-02-12 14:30:00,797.3,797.35,796.55,797.0,165
2026-02-12 14:35:00,797.0,797.9,796.0,796.0,638
2026-02-12 14:40:00,796.0,796.45,795.65,796.15,1355
2026-02-12 14:45:00,796.0,796.85,796.0,796.8,655
2026-02-12 14:50:00,796.8,797.4,796.0,796.3,4382
2026-02-12 14:55:00,796.3,797.0,796.0,796.8,1357
2026-02-12 15:00:00,796.8,797.7,796.4,796.4,596
2026-02-12 15:05:00,797.25,797.25,795.55,796.15,1347
2026-02-12 15:10:00,796.15,796.7,796.0,796.0,1591
2026-02-12 15:15:00,796.0,796.7,795.7,795.7,5993
2026-02-12 15:20:00,796.2,796.4,795.05,796.4,7464
2026-02-12 15:25:00,796.4,798.95,794.0,794.0,33574
2026-02-13 09:15:00,787.1,792.55,776.95,777.35,11987
2026-02-13 09:20:00,778.35,779.25,774.0,779.2,6808
2026-02-13 09:25:00,778.2,778.2,774.45,776.6,4361
2026-02-13 09:30:00,776.85,776.85,771.0,771.0,4214
2026-02-13 09:35:00,771.2,773.95,769.65,770.15,11556
2026-02-13 09:40:00,770.15,774.8,770.0,773.55,3443
2026-02-13 09:45:00,773.25,776.45,772.0,774.0,9492
2026-02-13 09:50:00,773.7,776.8,772.45,774.6,1094
2026-02-13 09:55:00,774.6,775.65,771.5,771.5,3116
2026-02-13 10:00:00,771.5,772.8,768.85,770.05,7726
2026-02-13 10:05:00,769.15,771.2,768.85,769.7,1564
2026-02-13 10:10:00,769.5,771.3,768.9,769.0,1048
2026-02-13 10:15:00,768.9,770.35,767.3,769.8,3616
2026-02-13 10:20:00,769.8,769.8,766.0,767.7,10458
2026-02-13 10:25:00,767.05,768.75,766.2,768.5,2206
2026-02-13 10:30:00,767.4,770.4,766.7,769.75,5825
2026-02-13 10:35:00,769.7,772.4,769.7,772.15,11861
2026-02-13 10:40:00,772.4,772.7,770.3,770.3,1330
2026-02-13 10:45:00,770.3,771.3,770.3,770.4,1153
2026-02-13 10:50:00,770.4,770.75,769.05,769.05,1708
2026-02-13 10:55:00,769.1,770.5,769.0,769.6,813
2026-02-13 11:00:00,769.6,770.25,768.0,768.15,2731
2026-02-13 11:05:00,768.15,769.8,768.15,768.4,926
2026-02-13 11:10:00,768.35,771.1,768.3,769.8,1675
2026-02-13 11:15:00,769.7,770.65,768.6,768.6,792
2026-02-13 11:20:00,768.55,769.3,768.15,768.5,672
2026-02-13 11:25:00,768.5,769.25,768.0,768.35,900
2026-02-13 11:30:00,768.35,769.3,768.0,768.0,883
2026-02-13 11:35:00,768.0,768.8,767.05,768.0,1969
2026-02-13 11:40:00,768.75,770.15,767.1,769.45,1311
2026-02-13 11:45:00,769.45,771.35,768.8,769.3,1378
2026-02-13 11:50:00,769.25,772.65,769.2,771.6,1309
2026-02-13 11:55:00,771.6,772.55,770.65,771.15,1008
2026-02-13 12:00:00,771.1,772.45,770.55,771.15,853
2026-02-13 12:05:00,771.15,772.85,771.0,771.6,2001
2026-02-13 12:10:00,771.6,773.8,770.5,770.55,3400
2026-02-13 12:15:00,770.5,771.6,769.2,769.3,1282
2026-02-13 12:20:00,769.3,772.65,769.3,771.9,1283
2026-02-13 12:25:00,771.9,772.25,769.6,771.0,1330
2026-02-13 12:30:00,771.15,773.65,770.1,771.25,2090
2026-02-13 12:35:00,771.0,773.15,770.1,772.85,2363
2026-02-13 12:40:00,772.85,773.4,772.0,772.35,3902
2026-02-13 12:45:00,772.35,773.45,771.5,771.6,1793
2026-02-13 12:50:00,771.6,771.7,770.5,770.5,1636
2026-02-13 12:55:00,770.5,771.05,769.55,769.55,1729
2026-02-13 13:00:00,769.5,769.85,769.2,769.2,800
2026-02-13 13:05:00,769.2,770.25,769.2,769.35,1071
2026-02-13 13:10:00,769.25,771.75,769.2,770.0,9685
2026-02-13 13:15:00,770.0,771.85,769.25,769.4,2987
2026-02-13 13:20:00,769.4,770.55,769.4,769.6,804
2026-02-13 13:25:00,769.6,770.45,769.2,769.3,972
2026-02-13 13:30:00,769.25,770.2,766.5,767.55,5376
2026-02-13 13:35:00,767.55,769.6,767.1,767.5,2064
2026-02-13 13:40:00,767.5,769.3,767.15,768.3,687
2026-02-13 13:45:00,768.3,769.15,767.0,767.0,2260
2026-02-13 13:50:00,767.0,767.5,765.1,766.0,2597
2026-02-13 13:55:00,765.15,767.35,765.15,766.35,2849
2026-02-13 14:00:00,766.35,767.75,766.0,767.55,959
2026-02-13 14:05:00,767.45,768.5,767.2,767.55,781
2026-02-13 14:10:00,767.55,768.2,765.5,766.65,3204
2026-02-13 14:15:00,766.5,767.85,765.85,765.85,1011
2026-02-13 14:20:00,765.8,768.3,765.5,766.5,1232
2026-02-13 14:25:00,766.5,768.25,766.3,767.4,1153
2026-02-13 14:30:00,767.4,769.65,766.5,767.0,2538
2026-02-13 14:35:00,767.1,769.05,767.0,768.25,776
2026-02-13 14:40:00,769.3,769.3,767.0,767.25,2100
2026-02-13 14:45:00,767.25,768.75,767.0,767.0,1275
2026-02-13 14:50:00,767.0,768.45,767.0,767.0,2961
2026-02-13 14:55:00,767.0,768.35,766.6,767.15,1074
2026-02-13 15:00:00,767.65,767.7,765.5,765.5,2845
2026-02-13 15:05:00,766.45,766.45,764.0,765.25,4864
2026-02-13 15:10:00,765.25,765.9,764.25,765.9,3188
2026-02-13 15:15:00,765.9,766.0,763.5,763.5,7051
2026-02-13 15:20:00,763.5,764.3,759.6,761.0,10607
2026-02-13 15:25:00,760.5,762.8,757.0,762.75,8904
2026-02-16 09:15:00,756.0,760.0,745.5,750.35,9762
2026-02-16 09:20:00,750.35,753.2,749.1,751.2,2436
2026-02-16 09:25:00,751.25,752.6,750.05,750.05,1619
2026-02-16 09:30:00,750.05,755.5,750.05,754.95,2470
2026-02-16 09:35:00,754.8,756.65,750.0,750.15,11535
2026-02-16 09:40:00,750.05,750.85,748.0,748.0,3245
2026-02-16 09:45:00,748.0,750.0,747.55,748.25,1658
2026-02-16 09:50:00,748.25,749.1,743.7,746.45,4369
2026-02-16 09:55:00,746.4,749.45,745.85,747.4,3585
2026-02-16 10:00:00,748.05,749.85,746.3,747.15,15946
2026-02-16 10:05:00,747.25,747.9,747.0,747.3,3614
2026-02-16 10:10:00,747.3,747.75,745.2,745.5,3816
2026-02-16 10:15:00,746.15,747.2,746.0,746.65,1194
2026-02-16 10:20:00,746.65,748.0,746.35,747.6,2131
2026-02-16 10:25:00,747.6,748.15,746.0,746.15,1347
2026-02-16 10:30:00,746.15,747.05,744.85,745.0,30843
2026-02-16 10:35:00,745.0,750.6,745.0,749.35,3564
2026-02-16 10:40:00,749.35,749.8,748.4,749.35,1727
2026-02-16 10:45:00,749.35,750.85,749.35,750.1,993
2026-02-16 10:50:00,750.1,750.7,749.35,750.0,609
2026-02-16 10:55:00,750.45,750.45,750.0,750.0,701
2026-02-16 11:00:00,750.0,750.9,748.1,749.2,3250
2026-02-16 11:05:00,749.2,749.75,748.05,748.05,1125
2026-02-16 11:10:00,748.05,750.0,748.0,749.0,1573
2026-02-16 11:15:00,749.7,750.0,748.55,748.65,1186
2026-02-16 11:20:00,748.65,749.5,748.4,748.65,1283
2026-02-16 11:25:00,749.3,751.0,747.0,747.0,3711
2026-02-16 11:30:00,747.0,748.1,747.0,747.7,966
2026-02-16 11:35:00,747.5,748.75,747.1,747.6,1199
2026-02-16 11:40:00,747.6,748.3,747.4,747.45,862
2026-02-16 11:45:00,747.45,748.35,745.85,746.2,3483
2026-02-16 11:50:00,746.2,746.95,746.0,746.15,716
2026-02-16 11:55:00,746.15,747.25,745.55,745.55,1284
2026-02-16 12:00:00,745.85,746.85,745.7,745.8,1151
2026-02-16 12:05:00,745.8,746.95,745.8,746.95,879
2026-02-16 12:10:00,746.95,747.45,746.25,746.75,794
2026-02-16 12:15:00,746.75,747.65,746.15,746.15,1209
2026-02-16 12:20:00,746.15,747.7,745.9,747.2,2915
2026-02-16 12:25:00,747.2,747.7,746.0,746.1,1186
2026-02-16 12:30:00,746.1,747.0,746.1,746.5,803
2026-02-16 12:35:00,746.5,747.0,746.0,747.0,1651
2026-02-16 12:40:00,746.2,746.45,745.1,745.65,1506
2026-02-16 12:45:00,745.65,746.2,745.4,745.55,828
2026-02-16 12:50:00,745.55,746.15,744.05,745.45,3019
2026-02-16 12:55:00,745.45,746.25,745.3,745.3,909
2026-02-16 13:00:00,745.3,746.45,744.1,744.6,5407
2026-02-16 13:05:00,745.0,745.9,744.6,745.25,1579
2026-02-16 13:10:00,745.25,747.0,744.75,744.75,1560
2026-02-16 13:15:00,744.75,746.5,744.75,745.9,1067
2026-02-16 13:20:00,745.9,750.1,745.9,748.2,3470
2026-02-16 13:25:00,747.7,750.15,747.05,749.8,4607
2026-02-16 13:30:00,749.25,750.0,747.65,749.05,1486
2026-02-16 13:35:00,749.05,749.65,748.2,748.9,936
2026-02-16 13:40:00,748.9,750.95,748.65,750.05,2923
2026-02-16 13:45:00,750.05,751.3,750.05,750.85,1446
2026-02-16 13:50:00,750.85,752.7,750.85,750.85,1727
2026-02-16 13:55:00,750.85,750.85,750.0,750.0,1507
2026-02-16 14:00:00,750.0,750.65,750.0,750.3,685
2026-02-16 14:05:00,750.3,750.4,750.0,750.1,1761
2026-02-16 14:10:00,750.1,751.25,749.5,750.25,18859
2026-02-16 14:15:00,750.25,750.7,750.25,750.25,366
2026-02-16 14:20:00,750.25,750.9,746.0,747.1,112050
2026-02-16 14:25:00,747.1,749.0,747.1,748.15,4221
2026-02-16 14:30:00,748.15,750.0,748.0,749.2,2496
2026-02-16 14:35:00,749.2,749.5,747.75,748.0,1480
2026-02-16 14:40:00,748.0,748.85,748.0,748.15,974
2026-02-16 14:45:00,748.15,749.8,747.45,748.95,27127
2026-02-16 14:50:00,749.0,750.1,747.2,748.6,101062
2026-02-16 14:55:00,748.25,749.0,747.45,747.9,10791
2026-02-16 15:00:00,747.8,749.1,746.7,747.1,2732
2026-02-16 15:05:00,747.1,748.15,746.6,747.15,2931
2026-02-16 15:10:00,747.15,748.65,747.15,747.5,3045
2026-02-16 15:15:00,747.5,748.4,747.5,748.0,2607
2026-02-16 15:20:00,748.4,750.5,745.7,746.05,11977
2026-02-16 15:25:00,746.05,748.35,745.0,745.0,7563
2026-02-17 09:15:00,745.2,748.5,742.05,748.0,9782
2026-02-17 09:20:00,748.5,748.85,745.9,748.35,4794
2026-02-17 09:25:00,748.35,748.35,746.55,747.15,1241
2026-02-17 09:30:00,747.6,747.9,746.0,747.1,1537
2026-02-17 09:35:00,747.1,748.3,746.0,747.5,743
2026-02-17 09:40:00,747.1,748.05,745.5,747.55,1317
2026-02-17 09:45:00,748.15,752.5,748.15,750.0,3896
2026-02-17 09:50:00,750.0,751.45,749.95,750.4,1335
2026-02-17 09:55:00,750.4,751.25,750.4,751.25,419
2026-02-17 10:00:00,750.6,751.6,750.1,750.7,1214
2026-02-17 10:05:00,750.75,750.9,748.4,748.4,3880
2026-02-17 10:10:00,748.4,749.65,747.7,747.7,2411
2026-02-17 10:15:00,748.35,748.65,746.45,747.35,1528
2026-02-17 10:20:00,747.35,747.7,744.95,745.85,3666
2026-02-17 10:25:00,745.8,746.8,744.5,746.2,2714
2026-02-17 10:30:00,746.2,747.2,744.7,745.05,3051
2026-02-17 10:35:00,745.05,746.3,744.75,745.7,3486
2026-02-17 10:40:00,745.7,746.15,744.3,744.3,2405
2026-02-17 10:45:00,744.3,745.0,744.0,744.0,1306
2026-02-17 10:50:00,744.0,744.8,743.3,743.65,1847
2026-02-17 10:55:00,743.65,744.55,743.4,743.4,1101
2026-02-17 11:00:00,743.4,744.35,743.05,743.55,1139
2026-02-17 11:05:00,743.2,744.0,741.65,742.75,1643
2026-02-17 11:10:00,742.9,742.9,741.05,741.2,1090
2026-02-17 11:15:00,741.2,742.65,741.0,741.75,1651
2026-02-17 11:20:00,741.7,742.2,741.0,741.8,1012
2026-02-17 11:25:00,741.45,742.0,741.4,741.7,477
2026-02-17 11:30:00,741.45,741.95,740.0,741.5,3523
2026-02-17 11:35:00,741.5,742.0,741.3,741.45,829
2026-02-17 11:40:00,741.45,741.6,740.75,740.9,720
2026-02-17 11:45:00,740.9,742.95,740.75,742.2,1221
2026-02-17 11:50:00,742.2,743.35,742.0,742.95,917
2026-02-17 11:55:00,743.0,743.65,742.5,742.5,780
2026-02-17 12:00:00,742.5,742.8,740.85,742.2,1836
2026-02-17 12:05:00,742.2,742.55,740.65,741.2,1991
2026-02-17 12:10:00,741.2,741.95,741.2,741.7,478
2026-02-17 12:15:00,741.8,745.6,741.8,744.4,4207
2026-02-17 12:20:00,744.4,745.0,742.85,743.3,2680
2026-02-17 12:25:00,743.3,743.85,743.0,743.1,1485
2026-02-17 12:30:00,743.1,743.55,742.5,742.9,795
2026-02-17 12:35:00,742.9,743.6,742.7,743.6,619
2026-02-17 12:40:00,743.45,744.45,742.9,743.6,1399
2026-02-17 12:45:00,743.6,745.0,742.7,744.05,7819
2026-02-17 12:50:00,744.55,745.7,743.75,744.9,2248
2026-02-17 12:55:00,744.9,746.2,743.4,743.95,3239
2026-02-17 13:00:00,743.4,744.25,743.1,743.1,2004
2026-02-17 13:05:00,743.1,743.85,742.45,743.35,2059
2026-02-17 13:10:00,743.35,743.65,742.0,742.95,1302
2026-02-17 13:15:00,742.95,745.95,742.7,745.6,2835
2026-02-17 13:20:00,745.85,746.5,744.0,744.4,5214
2026-02-17 13:25:00,744.4,747.1,744.0,746.7,5690
2026-02-17 13:30:00,746.7,747.7,746.15,747.35,3215
2026-02-17 13:35:00,747.35,748.0,744.95,745.8,4637
2026-02-17 13:40:00,745.7,747.45,745.25,746.3,3662
2026-02-17 13:45:00,746.1,747.35,745.65,746.0,2502
2026-02-17 13:50:00,746.0,746.5,745.35,745.65,3389
2026-02-17 13:55:00,745.65,746.5,744.35,744.35,2733
2026-02-17 14:00:00,744.35,747.1,744.35,746.3,3279
2026-02-17 14:05:00,746.85,747.1,745.1,745.9,5294
2026-02-17 14:10:00,745.9,748.4,743.4,743.7,11541
2026-02-17 14:15:00,743.7,744.5,742.95,743.4,2315
2026-02-17 14:20:00,743.4,744.0,743.1,743.15,719
2026-02-17 14:25:00,743.15,744.25,742.65,742.8,1595
2026-02-17 14:30:00,742.8,743.4,742.5,742.85,690
2026-02-17 14:35:00,743.4,743.85,742.55,743.4,2019
2026-02-17 14:40:00,743.95,743.95,742.65,743.1,924
2026-02-17 14:45:00,743.1,743.1,742.15,742.45,2391
2026-02-17 14:50:00,742.25,743.2,742.25,742.8,2166
2026-02-17 14:55:00,742.8,743.45,742.35,742.85,1466
2026-02-17 15:00:00,742.85,743.85,742.6,743.45,1825
2026-02-17 15:05:00,743.65,743.65,743.4,743.45,1494
2026-02-17 15:10:00,743.4,743.55,742.35,742.35,5522
2026-02-17 15:15:00,742.4,743.35,742.1,742.35,5299
2026-02-17 15:20:00,742.35,743.0,740.55,742.8,8871
2026-02-17 15:25:00,742.8,746.0,741.55,743.0,11152
2026-02-18 09:15:00,743.0,744.4,738.1,742.05,7532
2026-02-18 09:20:00,742.05,743.0,741.0,742.0,1321
2026-02-18 09:25:00,742.0,743.15,741.0,741.65,4362
2026-02-18 09:30:00,741.65,742.35,739.65,740.0,5777
2026-02-18 09:35:00,740.45,741.15,740.0,740.5,1040
2026-02-18 09:40:00,740.5,741.2,739.5,740.25,2335
2026-02-18 09:45:00,740.25,740.25,738.9,739.15,2037
2026-02-18 09:50:00,739.15,739.95,738.2,738.2,904
2026-02-18 09:55:00,738.2,739.0,737.0,737.0,1427
2026-02-18 10:00:00,737.45,738.6,736.15,737.8,1437
2026-02-18 10:05:00,738.4,738.4,736.5,737.0,2081
2026-02-18 10:10:00,737.0,737.3,736.0,736.3,1117
2026-02-18 10:15:00,736.3,737.15,735.55,736.2,666
2026-02-18 10:20:00,736.2,737.6,735.75,735.8,1561
2026-02-18 10:25:00,735.8,736.3,735.25,736.0,961
2026-02-18 10:30:00,736.0,736.95,735.3,735.85,565
2026-02-18 10:35:00,735.85,736.95,735.3,735.8,1541
2026-02-18 10:40:00,735.8,736.45,735.3,736.0,484
2026-02-18 10:45:00,736.0,736.65,735.55,735.95,506
2026-02-18 10:50:00,735.95,737.55,735.6,737.15,947
2026-02-18 10:55:00,737.15,738.35,737.15,738.0,689
2026-02-18 11:00:00,738.0,738.0,734.7,735.7,3750
2026-02-18 11:05:00,735.35,735.85,734.1,734.3,584
2026-02-18 11:10:00,735.25,736.15,734.15,734.15,733
2026-02-18 11:15:00,734.15,735.1,733.05,734.5,2300
2026-02-18 11:20:00,734.5,734.95,733.65,734.3,602
2026-02-18 11:25:00,734.3,735.05,733.65,734.6,1497
2026-02-18 11:30:00,734.85,736.35,734.6,735.35,1085
2026-02-18 11:35:00,735.35,735.85,734.55,734.55,743
2026-02-18 11:40:00,734.55,735.0,734.0,735.0,741
2026-02-18 11:45:00,735.0,735.9,734.15,735.1,725
2026-02-18 11:50:00,735.1,735.1,734.0,734.35,616
2026-02-18 11:55:00,734.35,735.0,734.05,734.15,674
2026-02-18 12:00:00,734.15,735.45,734.15,735.1,1111
2026-02-18 12:05:00,735.1,735.65,734.35,734.75,634
2026-02-18 12:10:00,734.75,735.55,734.45,734.7,649
2026-02-18 12:15:00,734.7,736.7,734.5,735.0,1703
2026-02-18 12:20:00,735.0,735.0,734.0,734.2,633
2026-02-18 12:25:00,734.2,735.15,734.0,734.35,2727
2026-02-18 12:30:00,734.35,734.35,733.45,733.6,782
2026-02-18 12:35:00,733.6,734.2,733.35,733.4,1339
2026-02-18 12:40:00,733.4,734.05,733.05,733.55,655
2026-02-18 12:45:00,733.55,733.55,732.75,732.75,1341
2026-02-18 12:50:00,732.75,733.4,732.35,732.4,1540
2026-02-18 12:55:00,732.4,733.4,732.35,732.35,2805
2026-02-18 13:00:00,732.35,733.5,732.1,733.4,2922
2026-02-18 13:05:00,733.4,733.4,732.4,732.55,526
2026-02-18 13:10:00,733.2,733.35,732.3,732.5,1737
2026-02-18 13:15:00,733.2,733.9,732.55,733.55,678
2026-02-18 13:20:00,733.55,737.15,733.55,736.6,4306
2026-02-18 13:25:00,736.85,737.85,736.0,737.85,3557
2026-02-18 13:30:00,738.3,738.4,737.0,737.75,962
2026-02-18 13:35:00,737.75,741.0,737.0,740.8,206718
2026-02-18 13:40:00,740.8,743.15,740.4,743.15,12869
2026-02-18 13:45:00,742.5,742.9,738.35,740.25,3227
2026-02-18 13:50:00,740.25,741.75,739.95,739.95,1020
2026-02-18 13:55:00,739.95,741.0,739.5,740.4,1399
2026-02-18 14:00:00,740.4,741.65,739.4,740.25,1609
2026-02-18 14:05:00,740.25,741.3,738.3,740.25,4283
2026-02-18 14:10:00,740.15,740.35,739.2,739.75,492
2026-02-18 14:15:00,739.75,740.0,739.15,739.15,689
2026-02-18 14:20:00,739.15,740.25,739.15,739.15,1401
2026-02-18 14:25:00,739.15,741.8,739.15,741.3,5930
2026-02-18 14:30:00,741.3,742.05,741.0,741.35,4728
2026-02-18 14:35:00,741.35,742.85,741.0,741.15,4170
2026-02-18 14:40:00,741.15,741.7,738.15,739.45,24233
2026-02-18 14:45:00,739.45,739.45,737.65,737.75,2417
2026-02-18 14:50:00,738.0,738.15,737.65,737.65,1395
2026-02-18 14:55:00,737.8,741.0,737.8,740.0,25894
2026-02-18 15:00:00,740.0,742.25,739.45,740.6,51803
2026-02-18 15:05:00,741.15,742.85,741.15,742.0,2298
2026-02-18 15:10:00,741.7,742.0,739.15,739.45,38156
2026-02-18 15:15:00,739.45,740.0,739.15,739.95,9622
2026-02-18 15:20:00,739.9,740.0,739.05,740.0,10748
2026-02-18 15:25:00,740.0,740.0,737.75,737.75,9642
2026-02-19 09:15:00,741.3,744.0,736.1,741.15,11383
2026-02-19 09:20:00,741.75,743.85,740.8,742.3,5287
2026-02-19 09:25:00,742.6,743.5,740.2,741.25,4405
2026-02-19 09:30:00,740.65,741.2,739.3,740.0,1300
2026-02-19 09:35:00,740.0,740.1,739.0,739.55,4697
2026-02-19 09:40:00,739.8,740.2,738.0,738.05,1746
2026-02-19 09:45:00,738.05,739.2,738.05,739.15,1012
2026-02-19 09:50:00,738.85,740.0,738.85,739.65,2824
2026-02-19 09:55:00,739.65,740.0,738.1,738.6,2490
2026-02-19 10:00:00,738.6,739.15,738.3,738.85,353
2026-02-19 10:05:00,738.85,739.45,738.6,739.0,824
2026-02-19 10:10:00,739.0,742.85,738.3,740.8,8922
2026-02-19 10:15:00,740.8,741.35,739.25,739.7,2897
2026-02-19 10:20:00,739.7,741.8,739.35,740.5,9378
2026-02-19 10:25:00,740.5,740.75,740.5,740.6,224
2026-02-19 10:30:00,740.6,741.25,740.6,740.7,415
2026-02-19 10:35:00,740.7,741.0,738.15,739.25,7523
2026-02-19 10:40:00,739.25,741.1,738.15,740.35,1926
2026-02-19 10:45:00,740.35,740.35,738.65,739.25,1528
2026-02-19 10:50:00,739.25,741.0,738.7,740.95,2603
2026-02-19 10:55:00,740.95,741.25,740.0,740.55,961
2026-02-19 11:00:00,740.55,740.9,739.75,740.55,1422
2026-02-19 11:05:00,740.9,741.0,739.8,740.3,1936
2026-02-19 11:10:00,740.3,740.5,739.75,740.0,412
2026-02-19 11:15:00,740.0,740.1,739.4,739.75,736
2026-02-19 11:20:00,739.75,740.45,739.4,740.1,1358
2026-02-19 11:25:00,740.2,740.2,739.35,740.0,1878
2026-02-19 11:30:00,740.0,741.0,739.45,741.0,1200
2026-02-19 11:35:00,741.0,741.0,739.9,739.9,278
2026-02-19 11:40:00,739.9,740.0,739.9,740.0,111
2026-02-19 11:45:00,740.0,740.15,738.65,739.75,2792
2026-02-19 11:50:00,740.0,740.55,738.9,740.4,4157
2026-02-19 11:55:00,740.4,741.65,739.4,740.85,3441
2026-02-19 12:00:00,740.85,741.5,739.05,740.6,4754
2026-02-19 12:05:00,740.6,741.3,739.8,741.3,4354
2026-02-19 12:10:00,741.3,741.3,739.7,740.25,3723
2026-02-19 12:15:00,740.25,740.85,739.15,740.15,6609
2026-02-19 12:20:00,740.5,742.0,740.5,741.25,3988
2026-02-19 12:25:00,741.25,741.95,740.95,741.15,3332
2026-02-19 12:30:00,741.15,742.0,741.0,741.0,5835
2026-02-19 12:35:00,741.0,742.2,740.6,741.3,2443
2026-02-19 12:40:00,741.3,741.85,740.5,741.05,4660
2026-02-19 12:45:00,741.05,741.85,740.4,741.0,4070
2026-02-19 12:50:00,741.0,741.7,740.6,740.6,3330
2026-02-19 12:55:00,740.6,742.0,740.3,741.2,8950
2026-02-19 13:00:00,741.55,742.0,740.25,741.55,10677
2026-02-19 13:05:00,741.0,742.0,740.35,741.9,5204
2026-02-19 13:10:00,741.9,741.95,740.5,741.35,3085
2026-02-19 13:15:00,741.4,741.9,740.6,741.1,3030
2026-02-19 13:20:00,741.0,742.0,740.65,740.95,7121
2026-02-19 13:25:00,740.9,741.45,740.4,741.0,5126
2026-02-19 13:30:00,740.6,741.15,740.25,740.75,4841
2026-02-19 13:35:00,740.75,741.15,740.25,740.95,4421
2026-02-19 13:40:00,740.95,742.05,740.6,741.85,20930
2026-02-19 13:45:00,741.85,742.2,741.05,741.3,6915
2026-02-19 13:50:00,741.3,742.2,741.25,741.75,6619
2026-02-19 13:55:00,741.75,742.0,741.25,741.9,5708
2026-02-19 14:00:00,741.9,742.0,740.3,740.75,7515
2026-02-19 14:05:00,740.75,741.65,740.45,741.0,6846
2026-02-19 14:10:00,741.0,742.0,740.8,741.6,8643
2026-02-19 14:15:00,741.6,742.1,740.9,740.95,5134
2026-02-19 14:20:00,740.95,741.3,740.3,740.6,5703
2026-02-19 14:25:00,740.6,741.8,740.6,740.8,3257
2026-02-19 14:30:00,741.0,742.0,741.0,741.95,7604
2026-02-19 14:35:00,741.95,743.7,741.95,742.85,25993
2026-02-19 14:40:00,742.85,743.0,742.0,742.65,3109
2026-02-19 14:45:00,742.35,742.95,742.35,742.5,1583
2026-02-19 14:50:00,742.5,743.0,742.5,742.8,38827
2026-02-19 14:55:00,742.8,743.0,742.0,742.15,3743
2026-02-19 15:00:00,742.15,742.5,736.5,737.45,26534
2026-02-19 15:05:00,738.8,740.95,738.8,739.55,27225
2026-02-19 15:10:00,739.8,740.8,738.05,738.55,17284
2026-02-19 15:15:00,738.35,739.7,738.0,739.7,16121
2026-02-19 15:20:00,739.95,741.2,738.05,740.05,23305
2026-02-19 15:25:00,740.05,741.2,738.5,740.0,35069
2026-02-20 09:15:00,740.1,740.6,731.6,737.35,6101
2026-02-20 09:20:00,736.85,740.0,736.85,738.85,1935
2026-02-20 09:25:00,736.65,737.05,733.0,733.15,5335
2026-02-20 09:30:00,733.1,736.4,733.1,736.35,2942
2026-02-20 09:35:00,735.85,738.85,734.3,737.85,8673
2026-02-20 09:40:00,737.8,738.4,737.05,737.4,325
2026-02-20 09:45:00,738.0,739.2,737.0,737.6,2351
2026-02-20 09:50:00,737.6,739.35,736.8,738.0,7317
2026-02-20 09:55:00,738.0,739.45,737.65,738.15,1484
2026-02-20 10:00:00,738.2,738.6,735.3,735.8,1886
2026-02-20 10:05:00,736.45,736.45,734.5,734.65,1938
2026-02-20 10:10:00,734.65,734.95,733.0,733.0,1231
2026-02-20 10:15:00,733.0,735.25,733.0,735.25,708
2026-02-20 10:20:00,735.1,735.45,734.0,734.4,388
2026-02-20 10:25:00,734.4,735.05,732.35,732.4,565
2026-02-20 10:30:00,732.3,734.9,732.3,734.45,602
2026-02-20 10:35:00,734.45,735.05,733.05,734.25,3399
2026-02-20 10:40:00,733.65,735.8,733.65,735.35,972
2026-02-20 10:45:00,735.0,735.6,734.05,735.05,1282
2026-02-20 10:50:00,735.05,735.1,733.5,734.45,1604
2026-02-20 10:55:00,734.6,735.1,733.6,734.85,2233
2026-02-20 11:00:00,734.45,735.4,734.1,735.0,1456
2026-02-20 11:05:00,734.5,735.4,734.25,734.85,1620
2026-02-20 11:10:00,734.85,735.05,733.55,734.85,2036
2026-02-20 11:15:00,734.65,735.05,734.15,735.0,1731
2026-02-20 11:20:00,735.0,735.95,734.5,735.55,1506
2026-02-20 11:25:00,735.0,735.7,734.2,735.0,1093
2026-02-20 11:30:00,735.0,736.0,735.0,735.85,1806
2026-02-20 11:35:00,735.45,735.85,734.35,735.75,2001
2026-02-20 11:40:00,735.25,736.0,735.25,735.5,1368
2026-02-20 11:45:00,735.5,736.3,735.05,736.3,2168
2026-02-20 11:50:00,735.7,736.3,735.45,735.45,1306
2026-02-20 11:55:00,735.15,736.15,735.15,736.0,2313
2026-02-20 12:00:00,735.7,736.1,735.05,736.0,1475
2026-02-20 12:05:00,735.65,736.5,735.0,736.0,2067
2026-02-20 12:10:00,736.0,736.0,735.5,736.0,1289
2026-02-20 12:15:00,736.0,738.35,735.65,736.9,6042
2026-02-20 12:20:00,736.45,736.9,736.05,736.05,1275
2026-02-20 12:25:00,735.5,736.95,735.5,736.75,1850
2026-02-20 12:30:00,736.1,737.0,735.8,736.7,1683
2026-02-20 12:35:00,736.15,737.75,736.05,737.2,5036
2026-02-20 12:40:00,737.2,737.35,736.15,736.55,1154
2026-02-20 12:45:00,737.0,737.35,735.85,736.5,2124
2026-02-20 12:50:00,736.3,737.4,736.15,737.0,656
2026-02-20 12:55:00,737.0,737.4,736.3,737.0,1335
2026-02-20 13:00:00,736.85,737.45,736.3,737.0,1241
2026-02-20 13:05:00,736.5,737.0,736.3,736.45,1530
2026-02-20 13:10:00,736.15,736.9,735.25,735.85,2892
2026-02-20 13:15:00,735.85,736.85,735.0,735.85,1924
2026-02-20 13:20:00,735.9,736.9,735.3,736.15,1326
2026-02-20 13:25:00,735.75,737.0,734.6,736.0,3103
2026-02-20 13:30:00,735.55,736.95,735.55,736.5,1390
2026-02-20 13:35:00,736.15,737.4,735.75,736.85,5227
2026-02-20 13:40:00,736.3,737.75,736.1,737.75,1218
2026-02-20 13:45:00,737.15,740.1,737.15,738.25,20394
2026-02-20 13:50:00,738.25,738.7,738.0,738.0,969
2026-02-20 13:55:00,738.0,738.4,736.25,737.8,2018
2026-02-20 14:00:00,737.75,738.8,737.75,738.1,2042
2026-02-20 14:05:00,738.1,738.15,737.55,737.6,349
2026-02-20 14:10:00,737.65,738.5,737.45,738.5,662
2026-02-20 14:15:00,738.15,738.5,737.8,738.0,307
2026-02-20 14:20:00,738.05,738.5,737.8,738.15,723
2026-02-20 14:25:00,738.15,738.4,737.8,737.9,1112
2026-02-20 14:30:00,737.9,738.5,737.0,738.15,2674
2026-02-20 14:35:00,738.15,738.5,737.7,738.1,1109
2026-02-20 14:40:00,738.15,739.2,737.75,737.75,1374
2026-02-20 14:45:00,739.2,739.2,738.15,738.85,1024
2026-02-20 14:50:00,739.25,739.35,738.0,739.2,1917
2026-02-20 14:55:00,739.2,740.85,738.9,740.85,2309
2026-02-20 15:00:00,740.35,740.85,738.7,739.0,1429
2026-02-20 15:05:00,739.0,740.0,738.75,739.4,1741
2026-02-20 15:10:00,739.05,740.0,738.95,740.0,2749
2026-02-20 15:15:00,740.1,741.3,739.8,740.35,3129
2026-02-20 15:20:00,740.15,742.45,740.0,742.0,5889
2026-02-20 15:25:00,742.0,742.0,737.4,740.8,6395
2026-02-23 09:15:00,740.85,748.3,740.0,746.75,8603
2026-02-23 09:20:00,746.75,750.95,746.75,748.85,10721
2026-02-23 09:25:00,749.55,753.95,749.55,753.5,4867
2026-02-23 09:30:00,753.55,755.0,752.2,752.2,11387
2026-02-23 09:35:00,752.2,753.5,752.0,752.0,1093
2026-02-23 09:40:00,752.0,753.0,751.7,751.7,1751
2026-02-23 09:45:00,752.45,752.7,751.0,752.6,2271
2026-02-23 09:50:00,752.6,753.05,751.6,751.65,1332
2026-02-23 09:55:00,751.65,753.25,750.0,750.3,3564
2026-02-23 10:00:00,750.3,752.3,750.3,751.85,1119
2026-02-23 10:05:00,751.85,751.85,750.6,751.3,1031
2026-02-23 10:10:00,751.3,751.45,749.55,749.55,768
2026-02-23 10:15:00,749.55,751.45,748.15,748.15,4280
2026-02-23 10:20:00,748.15,748.65,748.05,748.65,295
2026-02-23 10:25:00,748.65,750.7,747.75,750.1,2360
2026-02-23 10:30:00,750.1,750.1,749.0,749.0,324
2026-02-23 10:35:00,749.0,750.35,749.0,750.05,170
2026-02-23 10:40:00,750.15,753.5,750.15,752.3,5320
2026-02-23 10:45:00,752.3,753.7,752.3,753.35,3014
2026-02-23 10:50:00,753.4,754.85,753.4,754.0,4305
2026-02-23 10:55:00,754.0,754.2,750.75,751.75,4355
2026-02-23 11:00:00,752.3,754.0,751.45,753.75,16011
2026-02-23 11:05:00,753.75,755.0,752.0,755.0,13812
2026-02-23 11:10:00,754.95,755.0,752.75,754.4,4860
2026-02-23 11:15:00,754.4,754.45,753.2,753.2,1132
2026-02-23 11:20:00,753.2,753.55,752.9,752.9,1010
2026-02-23 11:25:00,752.9,753.0,752.2,752.8,310
2026-02-23 11:30:00,752.8,752.8,750.5,751.35,2243
2026-02-23 11:35:00,751.35,752.85,751.35,752.85,530
2026-02-23 11:40:00,752.85,752.85,750.9,750.9,770
2026-02-23 11:45:00,750.9,751.15,750.1,750.7,985
2026-02-23 11:50:00,750.65,752.85,750.2,752.0,649
2026-02-23 11:55:00,752.0,752.05,751.0,751.95,1140
2026-02-23 12:00:00,751.9,751.9,751.2,751.6,69
2026-02-23 12:05:00,751.6,752.7,751.6,751.9,781
2026-02-23 12:10:00,753.05,753.05,752.05,752.5,1385
2026-02-23 12:15:00,752.5,753.45,752.5,753.25,4714
2026-02-23 12:20:00,753.25,753.25,751.25,751.25,2163
2026-02-23 12:25:00,751.25,751.9,751.05,751.65,281
2026-02-23 12:30:00,751.65,751.65,750.05,750.5,1312
2026-02-23 12:35:00,750.5,750.5,750.2,750.5,144
2026-02-23 12:40:00,750.5,751.35,750.45,751.35,622
2026-02-23 12:45:00,751.35,752.1,751.35,751.7,670
2026-02-23 12:50:00,751.6,751.6,751.0,751.0,527
2026-02-23 12:55:00,751.0,752.05,751.0,751.0,399
2026-02-23 13:00:00,750.15,750.5,750.05,750.15,425
2026-02-23 13:05:00,750.15,750.6,749.05,749.05,1039
2026-02-23 13:10:00,749.05,749.7,748.5,748.5,628
2026-02-23 13:15:00,748.45,748.45,747.75,748.4,524
2026-02-23 13:20:00,748.4,748.75,747.9,748.6,533
2026-02-23 13:25:00,748.6,749.45,748.6,749.0,256
2026-02-23 13:30:00,749.0,752.85,749.0,750.1,4548
2026-02-23 13:35:00,750.0,750.0,748.25,748.75,1305
2026-02-23 13:40:00,748.75,750.05,748.0,749.1,1071
2026-02-23 13:45:00,749.1,749.75,749.1,749.55,435
2026-02-23 13:50:00,749.55,750.0,749.5,749.5,403
2026-02-23 13:55:00,749.5,749.5,748.25,748.5,1533
2026-02-23 14:00:00,748.5,748.5,747.3,747.5,667
2026-02-23 14:05:00,747.5,747.95,747.5,747.75,329
2026-02-23 14:10:00,747.75,748.0,747.0,747.0,768
2026-02-23 14:15:00,747.0,747.05,746.0,746.0,524
2026-02-23 14:20:00,746.0,746.0,745.0,745.8,760
2026-02-23 14:25:00,745.7,745.7,745.0,745.15,1067
2026-02-23 14:30:00,745.15,746.0,745.15,745.7,131
2026-02-23 14:35:00,746.0,746.0,745.35,746.0,880
2026-02-23 14:40:00,746.0,746.0,744.95,745.65,2165
2026-02-23 14:45:00,745.65,746.8,745.05,746.6,721
2026-02-23 14:50:00,746.6,747.85,746.3,747.15,968
2026-02-23 14:55:00,747.15,749.35,747.1,747.5,910
2026-02-23 15:00:00,747.5,749.1,747.35,748.05,4023
2026-02-23 15:05:00,748.1,749.1,747.4,747.4,5913
2026-02-23 15:10:00,747.55,749.6,747.35,748.15,1653
2026-02-23 15:15:00,748.2,749.3,747.45,748.95,4315
2026-02-23 15:20:00,749.25,749.4,748.05,748.85,6448
2026-02-23 15:25:00,749.4,755.0,739.45,754.05,16263
2026-02-24 09:15:00,744.6,753.25,743.7,745.8,7114
2026-02-24 09:20:00,745.15,746.0,744.5,745.95,7477
2026-02-24 09:25:00,745.95,746.0,741.95,742.0,10291
2026-02-24 09:30:00,743.15,743.7,738.9,740.8,3336
2026-02-24 09:35:00,740.8,740.8,737.5,737.95,4038
2026-02-24 09:40:00,737.95,738.35,736.4,736.4,1115
2026-02-24 09:45:00,737.2,741.05,737.0,740.95,3193
2026-02-24 09:50:00,740.95,740.95,740.15,740.4,533
2026-02-24 09:55:00,740.4,741.1,740.2,740.3,947
2026-02-24 10:00:00,740.3,742.0,740.3,740.9,1026
2026-02-24 10:05:00,740.9,741.4,739.15,740.15,2711
2026-02-24 10:10:00,740.15,740.65,739.7,739.95,785
2026-02-24 10:15:00,739.95,740.2,739.0,739.7,928
2026-02-24 10:20:00,739.7,739.7,738.9,739.3,827
2026-02-24 10:25:00,739.3,740.25,738.9,740.05,389
2026-02-24 10:30:00,739.15,739.5,737.1,738.6,2635
2026-02-24 10:35:00,738.6,739.5,738.3,739.25,602
2026-02-24 10:40:00,739.25,739.45,738.75,738.9,252
2026-02-24 10:45:00,738.9,739.05,738.0,738.2,606
2026-02-24 10:50:00,738.05,739.4,737.4,737.6,801
2026-02-24 10:55:00,737.6,737.6,736.25,737.45,749
2026-02-24 11:00:00,737.45,737.45,737.0,737.05,35
2026-02-24 11:05:00,737.05,739.5,736.35,739.5,1491
2026-02-24 11:10:00,739.5,739.5,738.15,738.55,1976
2026-02-24 11:15:00,738.55,739.0,737.4,738.2,792
2026-02-24 11:20:00,738.2,739.35,738.2,738.9,1068
2026-02-24 11:25:00,738.9,739.05,738.25,738.75,109
2026-02-24 11:30:00,738.75,739.4,738.75,738.75,299
2026-02-24 11:35:00,738.75,739.5,738.25,739.2,570
2026-02-24 11:40:00,739.2,739.4,738.0,738.0,830
2026-02-24 11:45:00,737.6,738.7,737.6,738.05,728
2026-02-24 11:50:00,738.05,738.6,738.05,738.5,154
2026-02-24 11:55:00,738.5,738.5,737.65,737.65,366
2026-02-24 12:00:00,737.65,738.55,735.9,737.65,13965
2026-02-24 12:05:00,737.35,738.6,737.05,738.15,7732
2026-02-24 12:10:00,737.8,738.45,735.0,737.05,3089
2026-02-24 12:15:00,737.05,737.05,735.3,735.85,1847
2026-02-24 12:20:00,735.85,736.0,734.8,735.35,2906
2026-02-24 12:25:00,735.35,735.35,733.55,734.85,1603
2026-02-24 12:30:00,734.85,736.35,734.1,735.35,5058
2026-02-24 12:35:00,735.35,735.55,735.0,735.0,1061
2026-02-24 12:40:00,735.0,735.85,734.2,734.45,2181
2026-02-24 12:45:00,734.45,735.5,733.3,734.6,2948
2026-02-24 12:50:00,734.6,734.6,733.5,734.55,1383
2026-02-24 12:55:00,734.55,734.8,732.2,734.55,4031
2026-02-24 13:00:00,734.55,735.35,733.8,735.35,1785
2026-02-24 13:05:00,735.35,735.35,733.3,734.4,2755
2026-02-24 13:10:00,734.4,734.6,733.9,734.5,339
2026-02-24 13:15:00,734.5,735.25,734.4,734.55,739
2026-02-24 13:20:00,734.55,735.0,734.25,734.4,656
2026-02-24 13:25:00,734.4,735.4,733.9,734.7,1632
2026-02-24 13:30:00,734.7,734.85,733.45,734.85,958
2026-02-24 13:35:00,734.85,734.85,733.3,734.85,929
2026-02-24 13:40:00,734.85,736.5,734.45,735.95,2363
2026-02-24 13:45:00,735.85,737.15,733.1,733.15,8938
2026-02-24 13:50:00,733.15,733.85,732.5,732.75,2646
2026-02-24 13:55:00,733.35,734.4,733.0,733.95,568
2026-02-24 14:00:00,733.95,734.7,732.8,733.25,4270
2026-02-24 14:05:00,733.25,733.25,732.5,733.0,1208
2026-02-24 14:10:00,733.1,733.85,732.2,733.75,740
2026-02-24 14:15:00,733.75,733.9,733.0,733.65,685
2026-02-24 14:20:00,733.7,733.7,732.55,732.65,1528
2026-02-24 14:25:00,732.65,733.05,732.5,732.8,1133
2026-02-24 14:30:00,732.8,733.15,727.25,728.85,11005
2026-02-24 14:35:00,728.85,730.05,728.85,728.9,830
2026-02-24 14:40:00,728.9,730.0,728.25,730.0,1061
2026-02-24 14:45:00,730.0,730.95,729.05,730.75,2460
2026-02-24 14:50:00,731.5,732.25,729.3,730.0,3577
2026-02-24 14:55:00,730.0,730.75,729.15,730.3,2785
2026-02-24 15:00:00,730.3,731.8,729.6,730.15,6428
2026-02-24 15:05:00,730.15,730.15,728.55,728.75,8622
2026-02-24 15:10:00,728.75,730.85,728.75,729.8,4547
2026-02-24 15:15:00,729.8,730.0,729.8,730.0,5531
2026-02-24 15:20:00,729.95,730.0,729.95,730.0,6695
2026-02-24 15:25:00,729.95,730.0,728.5,730.0,4451
2026-02-25 09:15:00,733.0,735.45,725.3,728.65,11626
2026-02-25 09:20:00,728.65,729.4,724.8,725.4,8333
2026-02-25 09:25:00,726.0,726.4,724.55,725.0,1317
2026-02-25 09:30:00,725.0,725.25,723.15,723.25,1964
2026-02-25 09:35:00,723.35,724.6,723.25,723.75,690
2026-02-25 09:40:00,723.8,724.6,723.15,723.35,2284
2026-02-25 09:45:00,723.35,724.25,723.1,723.7,785
2026-02-25 09:50:00,723.7,724.75,722.2,722.35,7039
2026-02-25 09:55:00,722.35,723.55,721.0,722.6,1767
2026-02-25 10:00:00,723.3,725.95,723.25,724.9,2009
2026-02-25 10:05:00,724.9,725.75,724.9,725.05,1105
2026-02-25 10:10:00,725.05,725.65,723.45,723.8,4443
2026-02-25 10:15:00,723.8,725.0,723.75,724.8,1437
2026-02-25 10:20:00,724.8,724.8,723.1,723.85,839
2026-02-25 10:25:00,723.85,724.45,723.85,723.95,1013
2026-02-25 10:30:00,723.95,724.0,723.15,723.15,835
2026-02-25 10:35:00,723.15,724.1,722.7,722.7,996
2026-02-25 10:40:00,722.85,723.4,722.0,722.1,1175
2026-02-25 10:45:00,722.1,722.1,720.0,720.35,1477
2026-02-25 10:50:00,720.35,720.5,719.0,719.55,4327
2026-02-25 10:55:00,719.55,719.95,719.0,719.5,2066
2026-02-25 11:00:00,719.5,720.0,718.75,719.55,1581
2026-02-25 11:05:00,719.55,719.75,718.5,718.5,1028
2026-02-25 11:10:00,718.5,719.6,718.35,718.45,654
2026-02-25 11:15:00,718.45,718.75,717.1,718.35,2774
2026-02-25 11:20:00,718.35,718.85,717.95,718.6,3299
2026-02-25 11:25:00,718.6,718.6,717.5,718.0,768
2026-02-25 11:30:00,718.0,718.2,717.5,717.9,1029
2026-02-25 11:35:00,717.9,718.65,716.2,716.25,2371
2026-02-25 11:40:00,716.25,716.5,715.1,715.45,4084
2026-02-25 11:45:00,715.45,716.3,715.45,716.3,412
2026-02-25 11:50:00,716.3,716.4,715.45,716.1,1230
2026-02-25 11:55:00,716.1,716.1,713.5,714.5,3947
2026-02-25 12:00:00,714.75,714.9,714.1,714.8,421
2026-02-25 12:05:00,714.8,715.55,714.6,714.7,400
2026-02-25 12:10:00,714.7,714.7,713.0,713.3,4148
2026-02-25 12:15:00,713.3,713.6,712.05,713.55,2728
2026-02-25 12:20:00,713.55,714.5,713.05,713.95,1754
2026-02-25 12:25:00,713.95,714.6,713.0,714.6,992
2026-02-25 12:30:00,714.6,715.0,713.05,713.05,2450
2026-02-25 12:35:00,713.05,713.5,711.0,711.85,3584
2026-02-25 12:40:00,711.85,711.95,710.0,710.0,9384
2026-02-25 12:45:00,710.0,711.0,708.25,709.4,11239
2026-02-25 12:50:00,709.4,711.0,709.0,709.75,3742
2026-02-25 12:55:00,709.75,711.7,709.75,711.7,4489
2026-02-25 13:00:00,711.7,711.7,709.45,710.4,11938
2026-02-25 13:05:00,710.4,711.15,709.35,710.35,11018
2026-02-25 13:10:00,710.35,711.35,710.1,711.3,1637
2026-02-25 13:15:00,711.3,712.35,710.65,712.35,2502
2026-02-25 13:20:00,712.25,712.25,711.55,712.0,491
2026-02-25 13:25:00,712.0,712.1,709.0,709.75,1589
2026-02-25 13:30:00,709.75,711.45,705.55,705.55,6942
2026-02-25 13:35:00,705.7,709.65,705.0,708.55,8499
2026-02-25 13:40:00,709.0,709.95,708.35,709.75,7489
2026-02-25 13:45:00,709.65,710.0,709.4,709.45,517
2026-02-25 13:50:00,709.45,710.7,709.4,709.95,2745
2026-02-25 13:55:00,709.95,709.95,708.6,709.0,816
2026-02-25 14:00:00,709.0,709.75,708.0,709.2,2187
2026-02-25 14:05:00,709.2,709.55,706.5,707.9,5589
2026-02-25 14:10:00,707.9,708.25,706.05,707.8,20642
2026-02-25 14:15:00,707.8,710.85,706.15,710.85,13874
2026-02-25 14:20:00,710.85,710.9,709.25,710.0,4025
2026-02-25 14:25:00,710.3,711.15,709.85,709.85,1603
2026-02-25 14:30:00,709.85,710.65,709.7,710.35,1542
2026-02-25 14:35:00,710.35,710.35,709.2,710.0,315
2026-02-25 14:40:00,710.0,710.85,709.8,710.85,1060
2026-02-25 14:45:00,710.85,710.9,709.75,710.45,28075
2026-02-25 14:50:00,710.45,712.75,710.3,712.15,7949
2026-02-25 14:55:00,712.15,712.7,710.95,711.6,1816
2026-02-25 15:00:00,711.75,712.4,710.25,710.25,4914
2026-02-25 15:05:00,710.35,712.6,710.35,712.35,6408
2026-02-25 15:10:00,712.35,715.65,711.75,715.0,29534
2026-02-25 15:15:00,715.3,717.0,713.5,716.0,26115
2026-02-25 15:20:00,719.1,719.1,715.4,717.25,5739
2026-02-25 15:25:00,716.4,718.0,716.05,717.85,6924
2026-02-26 09:15:00,718.1,728.8,718.05,728.1,5127
2026-02-26 09:20:00,727.55,728.35,723.0,723.0,1930
2026-02-26 09:25:00,723.95,723.95,719.75,719.75,2508
2026-02-26 09:30:00,719.75,721.9,719.7,721.7,946
2026-02-26 09:35:00,721.7,725.25,721.35,724.85,2982
2026-02-26 09:40:00,725.6,728.6,724.25,727.35,2066
2026-02-26 09:45:00,727.35,731.9,727.35,730.35,4527
2026-02-26 09:50:00,730.8,730.8,728.1,728.8,709
2026-02-26 09:55:00,728.8,728.8,726.45,727.05,658
2026-02-26 10:00:00,727.05,727.05,724.8,725.35,651
2026-02-26 10:05:00,725.35,726.5,725.0,726.0,172
2026-02-26 10:10:00,726.0,726.0,724.25,724.45,1911
2026-02-26 10:15:00,724.45,724.45,723.45,723.95,473
2026-02-26 10:20:00,723.95,724.65,723.2,724.65,177
2026-02-26 10:25:00,724.55,725.0,722.25,723.0,1271
2026-02-26 10:30:00,722.2,722.85,722.2,722.75,12
2026-02-26 10:35:00,722.75,723.2,722.5,723.0,230
2026-02-26 10:40:00,723.0,723.05,721.3,721.3,905
2026-02-26 10:45:00,721.3,721.35,720.35,720.55,441
2026-02-26 10:50:00,720.55,721.7,720.55,721.2,214
2026-02-26 10:55:00,721.2,721.7,720.4,720.8,363
2026-02-26 11:00:00,720.8,721.65,720.55,721.65,57
2026-02-26 11:05:00,721.65,721.9,719.35,719.4,2615
2026-02-26 11:10:00,719.4,720.0,718.9,718.9,1496
2026-02-26 11:15:00,718.9,718.9,718.15,718.15,96
2026-02-26 11:20:00,718.15,718.95,716.3,716.85,1599
2026-02-26 11:25:00,716.85,718.65,716.85,717.3,1083
2026-02-26 11:30:00,717.3,718.95,715.0,717.2,3342
2026-02-26 11:35:00,717.2,717.2,716.0,716.85,337
2026-02-26 11:40:00,716.85,716.85,715.25,715.85,378
2026-02-26 11:45:00,715.85,717.35,715.0,717.2,1203
2026-02-26 11:50:00,717.2,718.0,717.1,717.1,184
2026-02-26 11:55:00,717.1,717.1,716.35,716.35,114
2026-02-26 12:00:00,716.35,716.85,716.35,716.85,157
2026-02-26 12:05:00,716.85,718.1,716.5,718.1,1319
2026-02-26 12:10:00,718.1,719.55,717.05,718.55,2574
2026-02-26 12:15:00,718.55,720.1,718.55,719.6,3639
2026-02-26 12:20:00,719.0,719.9,717.35,718.9,2504
2026-02-26 12:25:00,718.9,719.65,718.4,719.05,966
2026-02-26 12:30:00,719.05,719.65,718.3,718.35,1774
2026-02-26 12:35:00,718.35,718.9,717.0,717.3,1554
2026-02-26 12:40:00,717.3,718.9,717.3,718.9,1244
2026-02-26 12:45:00,718.9,718.95,717.95,718.55,772
2026-02-26 12:50:00,718.55,719.0,718.15,719.0,986
2026-02-26 12:55:00,719.0,719.0,717.5,718.0,839
2026-02-26 13:00:00,718.0,719.9,717.5,719.9,3681
2026-02-26 13:05:00,719.9,719.9,716.8,717.3,2102
2026-02-26 13:10:00,717.7,717.95,716.75,717.85,1468
2026-02-26 13:15:00,717.85,718.0,716.4,717.45,817
2026-02-26 13:20:00,717.45,718.0,717.1,717.9,766
2026-02-26 13:25:00,717.25,718.0,716.4,717.75,2390
2026-02-26 13:30:00,717.75,718.0,717.4,717.9,1008
2026-02-26 13:35:00,717.9,718.0,716.75,717.95,1224
2026-02-26 13:40:00,717.95,719.85,717.25,719.85,1481
2026-02-26 13:45:00,719.85,719.85,717.1,718.0,1613
2026-02-26 13:50:00,718.0,718.3,717.05,718.3,2029
2026-02-26 13:55:00,718.3,718.8,716.55,716.55,1369
2026-02-26 14:00:00,716.55,718.0,716.25,717.25,2046
2026-02-26 14:05:00,717.25,718.0,716.1,718.0,1103
2026-02-26 14:10:00,718.0,718.95,716.95,718.0,1639
2026-02-26 14:15:00,718.0,718.0,716.55,717.75,1461
2026-02-26 14:20:00,717.75,718.45,717.0,717.95,1301
2026-02-26 14:25:00,717.95,719.05,717.05,717.2,1450
2026-02-26 14:30:00,716.65,718.3,716.3,717.85,1795
2026-02-26 14:35:00,717.85,718.0,716.05,717.9,2814
2026-02-26 14:40:00,717.9,719.85,716.5,719.3,2513
2026-02-26 14:45:00,719.3,719.85,718.6,719.15,2703
2026-02-26 14:50:00,719.15,719.85,718.65,719.0,1509
2026-02-26 14:55:00,719.0,719.0,717.5,717.5,1780
2026-02-26 15:00:00,716.15,716.75,714.15,716.35,3456
2026-02-26 15:05:00,716.25,716.5,715.6,716.5,670
2026-02-26 15:10:00,716.5,716.5,715.5,716.1,1084
2026-02-26 15:15:00,716.15,716.9,715.3,716.25,1989
2026-02-26 15:20:00,716.35,716.95,715.5,716.95,2588
2026-02-26 15:25:00,716.95,717.1,716.0,717.0,4252
2026-02-27 09:15:00,722.5,728.4,713.45,715.3,61610
2026-02-27 09:20:00,715.5,718.45,714.2,714.35,18911
2026-02-27 09:25:00,714.35,715.45,711.2,711.6,13986
2026-02-27 09:30:00,711.6,713.45,711.05,712.0,8867
2026-02-27 09:35:00,712.0,712.3,708.4,710.85,25348
2026-02-27 09:40:00,710.85,711.65,706.5,707.0,4722
2026-02-27 09:45:00,707.1,708.65,706.75,707.1,7834
2026-02-27 09:50:00,706.9,710.25,705.7,709.75,10486
2026-02-27 09:55:00,709.75,710.3,707.7,707.7,5376
2026-02-27 10:00:00,707.75,709.1,707.2,708.15,2578
2026-02-27 10:05:00,708.15,710.95,707.4,708.65,3526
2026-02-27 10:10:00,708.65,709.3,707.1,707.75,3229
2026-02-27 10:15:00,707.75,709.45,707.1,708.7,6609
2026-02-27 10:20:00,708.7,709.35,707.65,708.5,1711
2026-02-27 10:25:00,708.5,709.15,707.5,707.5,1538
2026-02-27 10:30:00,707.5,708.8,707.4,708.1,1572
2026-02-27 10:35:00,708.1,708.95,707.35,707.8,7747
2026-02-27 10:40:00,707.8,708.05,706.4,707.05,3227
2026-02-27 10:45:00,707.0,707.5,704.15,705.45,8292
2026-02-27 10:50:00,705.45,705.45,700.2,700.5,14157
2026-02-27 10:55:00,700.3,700.9,698.35,698.5,10581
2026-02-27 11:00:00,698.5,699.5,697.95,698.5,6364
2026-02-27 11:05:00,698.5,699.5,694.5,695.7,10337
2026-02-27 11:10:00,696.15,697.15,695.35,697.15,4579
2026-02-27 11:15:00,697.6,699.95,697.6,697.8,4506
2026-02-27 11:20:00,697.8,698.1,696.7,698.0,2432
2026-02-27 11:25:00,698.0,698.0,696.7,696.7,1105
2026-02-27 11:30:00,696.7,696.7,694.75,695.9,2951
2026-02-27 11:35:00,695.8,696.0,694.1,695.7,3377
2026-02-27 11:40:00,695.7,701.45,695.7,701.2,8456
2026-02-27 11:45:00,701.2,701.5,700.25,701.15,3543
2026-02-27 11:50:00,701.15,701.45,700.5,701.0,1169
2026-02-27 11:55:00,701.0,701.5,700.0,701.05,4099
2026-02-27 12:00:00,701.05,702.5,700.6,701.0,4899
2026-02-27 12:05:00,701.0,701.75,700.65,700.7,2992
2026-02-27 12:10:00,700.7,700.9,700.7,700.9,64
2026-02-27 12:15:00,700.9,701.5,700.0,700.0,7628
2026-02-27 12:20:00,700.0,700.25,700.0,700.0,7722
2026-02-27 12:25:00,700.0,701.5,698.6,700.55,5028
2026-02-27 12:30:00,700.55,700.75,699.05,699.45,2549
2026-02-27 12:35:00,699.45,700.1,698.55,699.85,1710
2026-02-27 12:40:00,699.85,700.6,698.7,698.7,609
2026-02-27 12:45:00,699.3,699.5,696.85,697.3,6068
2026-02-27 12:50:00,697.3,697.85,695.0,695.05,20821
2026-02-27 12:55:00,695.6,695.9,695.0,695.0,21207
2026-02-27 13:00:00,695.0,695.55,694.55,695.0,18750
2026-02-27 13:05:00,695.0,695.1,694.55,695.0,16229
2026-02-27 13:10:00,695.05,698.2,695.05,697.7,21848
2026-02-27 13:15:00,697.95,699.1,697.2,697.2,15896
2026-02-27 13:20:00,697.25,697.85,697.0,697.0,15631
2026-02-27 13:25:00,697.0,698.8,697.0,698.0,18403
2026-02-27 13:30:00,698.0,700.2,698.0,698.25,10012
2026-02-27 13:35:00,698.25,698.65,698.0,698.0,2396
2026-02-27 13:40:00,698.0,698.65,698.0,698.0,1460
2026-02-27 13:45:00,698.0,698.35,698.0,698.15,33646
2026-02-27 13:50:00,698.15,698.8,695.3,695.35,29334
2026-02-27 13:55:00,695.35,695.8,695.0,695.6,4279
2026-02-27 14:00:00,695.6,696.0,695.0,695.85,3651
2026-02-27 14:05:00,695.85,696.0,695.15,695.5,1817
2026-02-27 14:10:00,695.85,696.25,694.85,695.0,7676
2026-02-27 14:15:00,695.0,695.25,694.4,695.0,8023
2026-02-27 14:20:00,695.0,695.4,694.3,695.0,31208
2026-02-27 14:25:00,695.0,695.15,694.8,695.0,16721
2026-02-27 14:30:00,695.0,696.45,694.6,696.45,17701
2026-02-27 14:35:00,696.45,696.75,695.25,696.55,3941
2026-02-27 14:40:00,696.75,696.75,695.9,696.0,13086
2026-02-27 14:45:00,696.15,696.7,695.05,696.0,69553
2026-02-27 14:50:00,696.0,699.0,696.0,697.5,10741
2026-02-27 14:55:00,697.5,698.25,695.55,698.15,19655
2026-02-27 15:00:00,697.95,698.1,685.0,690.0,68247
2026-02-27 15:05:00,690.0,693.7,688.65,693.0,41357
2026-02-27 15:10:00,693.4,696.65,692.8,693.2,46594
2026-02-27 15:15:00,693.0,695.55,689.05,695.0,125315
2026-02-27 15:20:00,695.2,700.0,695.0,699.45,161463
2026-02-27 15:25:00,699.5,702.7,699.0,700.0,21075
2026-03-02 09:15:00,680.0,684.85,675.85,681.1,36620
2026-03-02 09:20:00,682.2,686.35,681.35,684.25,15489
2026-03-02 09:25:00,683.75,689.0,682.6,688.05,13371
2026-03-02 09:30:00,687.3,691.9,687.3,690.45,16476
2026-03-02 09:35:00,690.0,692.6,688.35,691.65,10142
2026-03-02 09:40:00,691.65,695.0,691.15,693.9,11006
2026-03-02 09:45:00,693.9,696.45,693.2,695.0,3915
2026-03-02 09:50:00,695.0,695.2,692.0,692.0,9553
2026-03-02 09:55:00,692.0,694.2,691.3,693.85,5063
2026-03-02 10:00:00,693.55,694.35,691.3,691.55,4049
2026-03-02 10:05:00,691.55,691.55,689.45,690.5,4960
2026-03-02 10:10:00,689.95,690.5,688.1,689.05,1550
2026-03-02 10:15:00,689.85,691.25,688.45,691.25,6411
2026-03-02 10:20:00,691.25,691.9,690.15,691.8,4134
2026-03-02 10:25:00,691.8,691.8,689.1,689.5,724
2026-03-02 10:30:00,689.5,690.85,689.15,690.55,1093
2026-03-02 10:35:00,690.55,691.0,690.2,690.4,427
2026-03-02 10:40:00,690.4,690.4,689.0,689.65,739
2026-03-02 10:45:00,689.65,690.65,689.3,689.6,3208
2026-03-02 10:50:00,689.6,691.75,689.6,690.45,4384
2026-03-02 10:55:00,690.8,692.8,690.55,692.05,8297
2026-03-02 11:00:00,692.65,693.5,691.4,692.65,6284
2026-03-02 11:05:00,692.65,692.65,688.8,688.8,2371
2026-03-02 11:10:00,688.8,690.35,686.75,686.75,3905
2026-03-02 11:15:00,687.25,688.45,687.0,687.4,31400
2026-03-02 11:20:00,687.4,687.4,685.8,687.25,1984
2026-03-02 11:25:00,687.25,687.25,686.25,686.65,1442
2026-03-02 11:30:00,686.65,686.65,684.85,685.55,1246
2026-03-02 11:35:00,685.55,685.8,684.25,684.6,706
2026-03-02 11:40:00,684.6,685.0,683.0,684.0,5535
2026-03-02 11:45:00,684.0,685.0,683.05,683.6,717
2026-03-02 11:50:00,683.4,683.5,682.55,683.25,672
2026-03-02 11:55:00,683.25,683.25,678.85,680.5,7170
2026-03-02 12:00:00,680.5,680.5,679.5,680.05,679
2026-03-02 12:05:00,680.05,680.1,679.05,680.05,905
2026-03-02 12:10:00,680.05,680.05,678.1,678.1,3353
2026-03-02 12:15:00,678.1,678.6,677.0,677.0,2074
2026-03-02 12:20:00,677.0,677.3,675.6,676.0,6459
2026-03-02 12:25:00,676.0,676.0,674.25,675.4,6025
2026-03-02 12:30:00,675.4,675.4,672.75,673.9,7367
2026-03-02 12:35:00,673.4,674.35,671.15,671.95,6189
2026-03-02 12:40:00,671.95,672.55,671.1,671.35,1326
2026-03-02 12:45:00,671.35,672.75,671.05,671.25,3494
2026-03-02 12:50:00,671.25,675.95,671.25,675.15,12216
2026-03-02 12:55:00,675.15,675.85,674.15,674.15,1426
2026-03-02 13:00:00,674.15,675.0,673.0,673.25,1313
2026-03-02 13:05:00,673.9,675.35,673.3,674.55,3097
2026-03-02 13:10:00,674.55,675.25,674.2,675.0,1796
2026-03-02 13:15:00,675.0,675.7,674.6,675.15,542
2026-03-02 13:20:00,675.15,675.35,674.4,674.7,1436
2026-03-02 13:25:00,674.7,675.6,673.95,674.35,2196
2026-03-02 13:30:00,674.35,674.6,668.15,671.45,57295
2026-03-02 13:35:00,671.8,672.85,670.05,671.0,5141
2026-03-02 13:40:00,671.0,672.25,671.0,671.75,1066
2026-03-02 13:45:00,671.75,674.4,671.75,673.9,5366
2026-03-02 13:50:00,673.9,674.15,672.3,673.4,2795
2026-03-02 13:55:00,673.4,673.45,671.95,672.8,968
2026-03-02 14:00:00,672.8,677.0,672.8,676.4,3712
2026-03-02 14:05:00,676.15,677.1,675.25,675.5,5754
2026-03-02 14:10:00,675.5,678.8,675.5,678.8,8076
2026-03-02 14:15:00,678.8,679.7,677.6,678.0,5996
2026-03-02 14:20:00,678.0,680.9,677.5,680.4,15967
2026-03-02 14:25:00,680.4,680.55,680.0,680.0,8242
2026-03-02 14:30:00,680.0,681.0,680.0,680.6,6657
2026-03-02 14:35:00,680.15,681.2,678.75,679.45,12952
2026-03-02 14:40:00,679.5,679.85,675.45,676.0,7416
2026-03-02 14:45:00,676.0,676.95,675.0,675.15,5687
2026-03-02 14:50:00,675.2,675.8,674.0,674.95,9499
2026-03-02 14:55:00,674.25,675.0,673.1,674.1,4605
2026-03-02 15:00:00,674.7,675.05,673.3,674.3,6181
2026-03-02 15:05:00,673.95,675.4,673.6,675.2,4751
2026-03-02 15:10:00,675.05,676.25,674.0,675.95,8389
2026-03-02 15:15:00,679.7,680.7,676.5,677.55,29961
2026-03-02 15:20:00,678.5,682.6,677.4,680.85,28439
2026-03-02 15:25:00,680.05,683.95,680.0,683.0,9352
2026-03-04 09:15:00,668.15,671.2,665.2,669.8,9275
2026-03-04 09:20:00,669.8,670.0,664.5,664.5,6170
2026-03-04 09:25:00,664.85,664.9,662.7,664.8,2276
2026-03-04 09:30:00,664.85,667.05,664.25,665.25,4361
2026-03-04 09:35:00,665.1,665.1,660.7,662.0,4415
2026-03-04 09:40:00,661.85,663.15,658.5,658.5,11749
2026-03-04 09:45:00,658.5,660.45,654.55,659.55,24853
2026-03-04 09:50:00,659.5,661.2,656.65,660.8,14735
2026-03-04 09:55:00,660.8,661.65,660.0,661.5,1206
2026-03-04 10:00:00,661.6,662.0,660.1,661.15,1948
2026-03-04 10:05:00,661.15,661.8,660.1,660.85,4545
2026-03-04 10:10:00,660.85,660.85,657.45,660.4,6991
2026-03-04 10:15:00,659.8,660.0,658.0,659.05,2267
2026-03-04 10:20:00,658.6,659.0,657.25,657.85,1747
2026-03-04 10:25:00,657.3,658.1,656.0,656.7,1822
2026-03-04 10:30:00,656.5,657.35,655.55,655.8,2239
2026-03-04 10:35:00,655.8,656.45,654.25,654.8,3528
2026-03-04 10:40:00,654.8,655.35,654.15,654.35,997
2026-03-04 10:45:00,654.35,655.75,654.15,654.45,1138
2026-03-04 10:50:00,654.7,654.7,652.5,652.95,2465
2026-03-04 10:55:00,653.45,653.45,651.7,652.5,2048
2026-03-04 11:00:00,652.5,653.5,652.25,653.0,1536
2026-03-04 11:05:00,653.0,655.1,652.6,655.1,4370
2026-03-04 11:10:00,655.0,655.0,652.5,652.5,3277
2026-03-04 11:15:00,652.3,652.95,650.75,651.55,3742
2026-03-04 11:20:00,651.55,652.35,651.1,651.35,2244
2026-03-04 11:25:00,651.35,654.05,649.1,653.0,5750
2026-03-04 11:30:00,652.95,655.9,652.65,655.0,2823
2026-03-04 11:35:00,655.0,657.0,655.0,656.35,2453
2026-03-04 11:40:00,656.35,656.35,654.65,654.8,709
2026-03-04 11:45:00,654.8,655.85,653.0,653.05,2157
2026-03-04 11:50:00,653.05,653.9,651.05,651.1,3205
2026-03-04 11:55:00,651.1,653.35,650.65,652.3,2138
2026-03-04 12:00:00,652.3,652.3,651.05,651.5,804
2026-03-04 12:05:00,651.5,651.95,651.0,651.3,426
2026-03-04 12:10:00,651.3,651.65,651.0,651.55,1022
2026-03-04 12:15:00,651.55,651.85,651.0,651.8,1529
2026-03-04 12:20:00,651.85,651.85,651.0,651.0,487
2026-03-04 12:25:00,651.0,651.7,651.0,651.3,1355
2026-03-04 12:30:00,651.3,652.35,650.95,651.95,2812
2026-03-04 12:35:00,651.95,651.95,650.75,651.0,472
2026-03-04 12:40:00,651.0,651.85,649.05,651.1,5079
2026-03-04 12:45:00,651.1,654.45,651.1,654.25,2799
2026-03-04 12:50:00,653.65,656.3,653.45,655.25,2042
2026-03-04 12:55:00,655.25,655.7,654.3,655.3,17108
2026-03-04 13:00:00,655.3,655.6,654.6,655.05,348
2026-03-04 13:05:00,654.65,657.0,654.65,656.0,1136
2026-03-04 13:10:00,655.95,656.95,655.95,656.0,1348
2026-03-04 13:15:00,656.0,656.75,656.0,656.5,266
2026-03-04 13:20:00,656.5,656.5,654.7,656.5,3255
2026-03-04 13:25:00,656.35,656.5,655.35,655.8,2236
2026-03-04 13:30:00,655.8,655.8,655.25,655.25,715
2026-03-04 13:35:00,655.4,655.85,654.95,655.25,9621
2026-03-04 13:40:00,655.25,655.75,655.25,655.25,1429
2026-03-04 13:45:00,655.25,655.65,655.25,655.6,2906
2026-03-04 13:50:00,655.45,655.7,655.25,655.25,662
2026-03-04 13:55:00,655.25,655.55,655.2,655.2,2429
2026-03-04 14:00:00,655.2,656.0,655.0,655.45,18708
2026-03-04 14:05:00,655.45,655.8,655.2,655.8,2190
2026-03-04 14:10:00,656.45,656.9,655.25,656.0,11410
2026-03-04 14:15:00,655.95,656.5,655.3,655.35,5474
2026-03-04 14:20:00,655.5,655.85,655.05,655.25,3798
2026-03-04 14:25:00,655.25,655.85,655.05,655.5,3002
2026-03-04 14:30:00,655.5,656.0,655.2,655.35,1146
2026-03-04 14:35:00,655.35,655.7,655.2,655.5,1233
2026-03-04 14:40:00,655.5,656.35,655.35,655.7,1512
2026-03-04 14:45:00,655.85,656.0,655.15,655.8,1785
2026-03-04 14:50:00,655.8,657.85,655.5,657.45,28642
2026-03-04 14:55:00,657.45,657.8,656.0,656.85,2141
2026-03-04 15:00:00,656.5,657.6,655.85,656.25,3996
2026-03-04 15:05:00,656.0,657.05,655.75,656.6,13815
2026-03-04 15:10:00,656.05,656.55,655.8,656.25,4580
2026-03-04 15:15:00,656.25,657.5,655.8,656.6,6750
2026-03-04 15:20:00,656.15,656.8,653.0,655.9,42153
2026-03-04 15:25:00,655.9,656.0,654.9,656.0,7387
2026-03-05 09:15:00,659.0,667.8,658.6,661.15,4279
2026-03-05 09:20:00,661.15,663.5,660.65,663.3,1468
2026-03-05 09:25:00,663.3,666.4,663.3,666.35,4173
2026-03-05 09:30:00,666.35,667.4,665.2,665.85,4333
2026-03-05 09:35:00,665.85,665.85,661.45,663.25,9015
2026-03-05 09:40:00,662.85,664.75,660.6,663.9,9293
2026-03-05 09:45:00,663.9,664.65,662.4,663.75,3783
2026-03-05 09:50:00,663.75,664.85,662.75,664.85,914
2026-03-05 09:55:00,664.85,664.85,662.3,662.55,2472
2026-03-05 10:00:00,662.75,663.65,662.45,663.2,840
2026-03-05 10:05:00,663.2,663.2,662.55,662.55,805
2026-03-05 10:10:00,662.55,662.8,660.8,662.55,13143
2026-03-05 10:15:00,662.55,663.6,662.55,663.05,1076
2026-03-05 10:20:00,663.05,663.6,663.05,663.25,2465
2026-03-05 10:25:00,663.25,663.55,663.05,663.05,9513
2026-03-05 10:30:00,663.05,663.3,663.05,663.05,2959
2026-03-05 10:35:00,663.05,663.1,663.0,663.05,678
2026-03-05 10:40:00,663.05,664.25,658.8,660.45,55217
2026-03-05 10:45:00,660.45,661.2,660.05,660.9,783
2026-03-05 10:50:00,660.9,660.9,659.95,659.95,787
2026-03-05 10:55:00,659.95,660.85,659.95,660.35,116
2026-03-05 11:00:00,660.35,660.7,660.35,660.65,177
2026-03-05 11:05:00,660.65,662.7,660.4,662.7,1020
2026-03-05 11:10:00,662.9,662.9,661.2,661.2,228
2026-03-05 11:15:00,661.2,661.85,660.9,660.9,9742
2026-03-05 11:20:00,660.9,661.55,660.9,660.9,6750
2026-03-05 11:25:00,660.9,662.0,660.5,661.3,15454
2026-03-05 11:30:00,661.3,662.25,661.0,661.45,903
2026-03-05 11:35:00,661.45,662.15,660.9,661.5,1607
2026-03-05 11:40:00,661.5,662.0,661.05,661.1,1113
2026-03-05 11:45:00,661.1,661.8,660.9,661.65,1083
2026-03-05 11:50:00,661.65,662.05,660.9,662.05,1092
2026-03-05 11:55:00,662.2,662.35,661.15,661.3,1075
2026-03-05 12:00:00,661.3,663.15,661.3,662.15,1873
2026-03-05 12:05:00,662.15,663.95,662.15,663.45,2293
2026-03-05 12:10:00,663.45,664.7,663.1,663.9,2315
2026-03-05 12:15:00,663.9,664.75,663.4,663.7,885
2026-03-05 12:20:00,663.7,665.1,663.7,664.2,2447
2026-03-05 12:25:00,664.2,664.75,663.15,663.9,2042
2026-03-05 12:30:00,663.9,666.3,663.9,665.3,2957
2026-03-05 12:35:00,665.3,665.95,664.9,665.15,4172
2026-03-05 12:40:00,665.15,666.0,664.9,665.2,1397
2026-03-05 12:45:00,665.2,665.5,664.7,665.0,2020
2026-03-05 12:50:00,665.0,665.45,665.0,665.1,3336
2026-03-05 12:55:00,665.55,665.8,665.0,665.0,1043
2026-03-05 13:00:00,665.0,665.45,663.65,663.65,1569
2026-03-05 13:05:00,663.05,663.2,661.2,662.7,4748
2026-03-05 13:10:00,662.7,664.45,661.75,662.3,3232
2026-03-05 13:15:00,662.3,663.0,661.75,661.75,792
2026-03-05 13:20:00,661.75,662.4,661.25,661.8,851
2026-03-05 13:25:00,661.8,664.25,661.8,664.25,1728
2026-03-05 13:30:00,664.65,665.85,664.4,664.45,1767
2026-03-05 13:35:00,665.2,665.5,664.25,665.15,2225
2026-03-05 13:40:00,665.5,666.0,664.75,665.45,1774
2026-03-05 13:45:00,665.85,665.85,664.7,664.85,1762
2026-03-05 13:50:00,665.45,665.45,662.75,663.6,3761
2026-03-05 13:55:00,663.6,665.0,663.2,664.3,2401
2026-03-05 14:00:00,664.6,664.8,663.5,664.15,1945
2026-03-05 14:05:00,664.3,665.0,663.55,663.55,1812
2026-03-05 14:10:00,664.25,664.55,663.05,663.85,3075
2026-03-05 14:15:00,664.35,665.4,663.35,663.35,2352
2026-03-05 14:20:00,664.05,665.3,663.35,664.8,1672
2026-03-05 14:25:00,665.3,665.95,664.9,664.9,1828
2026-03-05 14:30:00,665.45,665.9,664.6,665.5,1822
2026-03-05 14:35:00,665.5,666.9,664.8,666.75,1933
2026-03-05 14:40:00,666.75,669.0,666.75,667.75,2718
2026-03-05 14:45:00,667.75,669.9,667.0,669.9,5189
2026-03-05 14:50:00,669.9,672.0,669.45,670.6,4134
2026-03-05 14:55:00,670.45,671.8,669.6,671.5,2881
2026-03-05 15:00:00,673.0,673.8,668.8,671.5,8108
2026-03-05 15:05:00,671.1,672.4,670.25,670.25,5145
2026-03-05 15:10:00,670.25,672.25,669.25,669.95,7571
2026-03-05 15:15:00,671.15,671.4,668.8,669.75,6558
2026-03-05 15:20:00,669.55,673.15,669.2,672.3,8108
2026-03-05 15:25:00,672.3,676.05,670.2,675.0,3150
2026-03-06 09:15:00,666.0,676.05,661.75,676.05,13257
2026-03-06 09:20:00,676.05,678.0,675.0,677.5,7619
2026-03-06 09:25:00,677.5,678.5,677.05,677.95,957
2026-03-06 09:30:00,677.95,678.6,675.25,675.25,874
2026-03-06 09:35:00,675.25,676.45,674.1,675.95,2393
2026-03-06 09:40:00,675.95,677.1,675.25,677.1,910
2026-03-06 09:45:00,677.1,677.4,676.15,676.15,228
2026-03-06 09:50:00,676.15,677.0,675.85,676.1,522
2026-03-06 09:55:00,675.95,676.35,675.25,675.75,256
2026-03-06 10:00:00,675.75,675.8,673.15,673.5,554
2026-03-06 10:05:00,673.5,674.0,672.65,673.85,486
2026-03-06 10:10:00,673.8,673.8,670.15,670.15,1987
2026-03-06 10:15:00,670.15,670.45,669.1,669.85,433
2026-03-06 10:20:00,669.85,669.85,669.4,669.55,396
2026-03-06 10:25:00,669.55,669.6,668.15,668.5,8510
2026-03-06 10:30:00,668.5,668.5,665.95,666.55,851
2026-03-06 10:35:00,666.55,670.85,666.55,670.8,5705
2026-03-06 10:40:00,670.8,670.8,669.75,669.75,900
2026-03-06 10:45:00,669.75,670.7,669.75,670.5,8354
2026-03-06 10:50:00,670.5,671.05,670.5,670.5,1775
2026-03-06 10:55:00,670.5,670.75,670.5,670.5,5198
2026-03-06 11:00:00,670.5,670.55,665.3,665.8,6865
2026-03-06 11:05:00,665.15,667.6,665.0,666.55,4203
2026-03-06 11:10:00,666.55,667.4,665.25,667.4,5375
2026-03-06 11:15:00,667.4,667.9,666.85,667.75,2890
2026-03-06 11:20:00,667.75,669.2,667.75,669.2,6715
2026-03-06 11:25:00,669.2,669.2,668.0,668.05,812
2026-03-06 11:30:00,668.05,669.6,668.0,669.6,1040
2026-03-06 11:35:00,669.2,670.9,669.2,670.8,1486
2026-03-06 11:40:00,670.8,671.6,670.2,670.2,481
2026-03-06 11:45:00,670.2,670.5,670.05,670.4,41
2026-03-06 11:50:00,670.4,670.4,669.6,670.3,1141
2026-03-06 11:55:00,670.3,671.35,670.3,670.6,2679
2026-03-06 12:00:00,670.6,671.2,670.6,671.0,25
2026-03-06 12:05:00,671.0,671.0,669.6,669.6,140
2026-03-06 12:10:00,670.0,670.1,670.0,670.0,3312
2026-03-06 12:15:00,670.0,670.1,670.0,670.0,224
2026-03-06 12:20:00,670.0,670.2,669.85,669.85,17992
2026-03-06 12:25:00,669.85,670.1,668.05,668.35,151986
2026-03-06 12:30:00,668.8,669.6,668.15,668.5,1329
2026-03-06 12:35:00,669.05,669.05,668.45,668.7,74
2026-03-06 12:40:00,668.7,669.95,668.0,669.25,11006
2026-03-06 12:45:00,669.25,669.65,669.05,669.3,785
2026-03-06 12:50:00,669.3,669.3,668.95,668.95,139
2026-03-06 12:55:00,668.95,668.95,668.0,668.1,781
2026-03-06 13:00:00,668.1,668.5,668.0,668.0,81
2026-03-06 13:05:00,668.0,669.2,668.0,668.8,4193
2026-03-06 13:10:00,668.8,668.8,668.15,668.75,119
2026-03-06 13:15:00,668.75,669.95,668.75,669.6,2497
2026-03-06 13:20:00,669.1,669.45,669.1,669.45,179
2026-03-06 13:25:00,669.45,670.0,669.1,670.0,1550
2026-03-06 13:30:00,670.0,670.0,669.5,669.5,1495
2026-03-06 13:35:00,669.85,670.55,669.5,670.3,13951
2026-03-06 13:40:00,670.3,670.45,669.75,669.75,4388
2026-03-06 13:45:00,670.0,670.2,669.6,670.0,5100
2026-03-06 13:50:00,670.0,672.0,670.0,671.7,6313
2026-03-06 13:55:00,671.7,672.3,669.9,671.8,8010
2026-03-06 14:00:00,671.55,672.4,669.9,670.0,7071
2026-03-06 14:05:00,670.0,670.0,669.8,670.0,6626
2026-03-06 14:10:00,670.0,670.45,669.75,670.0,4834
2026-03-06 14:15:00,670.0,670.15,669.25,669.8,2365
2026-03-06 14:20:00,669.8,669.8,668.25,668.5,1018
2026-03-06 14:25:00,668.5,669.2,668.45,668.45,678
2026-03-06 14:30:00,668.45,669.55,667.3,669.55,4678
2026-03-06 14:35:00,669.8,669.8,668.15,668.85,2791
2026-03-06 14:40:00,668.85,668.85,667.05,667.05,2201
2026-03-06 14:45:00,667.05,667.05,665.5,666.35,4180
2026-03-06 14:50:00,666.35,666.5,665.55,665.55,1097
2026-03-06 14:55:00,665.55,666.8,665.0,666.15,3997
2026-03-06 15:00:00,665.5,666.45,664.75,666.0,2941
2026-03-06 15:05:00,666.0,666.15,665.3,665.4,743
2026-03-06 15:10:00,665.4,666.6,665.0,666.5,4838
2026-03-06 15:15:00,665.7,665.85,664.3,664.3,9275
2026-03-06 15:20:00,664.35,667.9,663.8,667.65,8888
2026-03-06 15:25:00,666.8,676.9,665.0,669.55,10836
2026-03-09 09:15:00,650.0,656.2,643.0,643.6,12205
2026-03-09 09:20:00,643.6,645.6,641.95,644.85,8821
2026-03-09 09:25:00,644.85,645.95,642.25,645.15,2892
2026-03-09 09:30:00,645.4,647.5,644.8,645.35,2302
2026-03-09 09:35:00,645.0,647.2,644.0,645.65,1620
2026-03-09 09:40:00,645.65,646.9,644.1,646.9,1395
2026-03-09 09:45:00,645.85,647.8,645.3,647.2,2801
2026-03-09 09:50:00,646.95,646.95,645.55,646.05,1020
2026-03-09 09:55:00,646.05,650.4,646.05,649.25,1659
2026-03-09 10:00:00,648.8,650.0,648.05,648.45,659
2026-03-09 10:05:00,648.35,650.25,648.35,650.25,368
2026-03-09 10:10:00,649.3,650.5,648.25,649.7,1808
2026-03-09 10:15:00,648.8,650.05,648.0,648.35,608
2026-03-09 10:20:00,648.35,649.95,648.2,649.05,9867
2026-03-09 10:25:00,649.6,650.2,649.2,650.2,408
2026-03-09 10:30:00,649.75,650.9,648.8,650.15,1316
2026-03-09 10:35:00,650.15,651.75,650.0,651.7,6990
2026-03-09 10:40:00,651.15,651.95,651.0,651.0,1317
2026-03-09 10:45:00,651.0,651.7,650.8,651.5,3529
2026-03-09 10:50:00,651.5,653.1,651.5,653.1,5528
2026-03-09 10:55:00,653.1,655.8,652.5,655.5,1912
2026-03-09 11:00:00,655.5,655.8,653.95,654.0,2760
2026-03-09 11:05:00,654.0,654.15,653.9,654.0,13354
2026-03-09 11:10:00,654.0,654.1,652.15,653.85,3625
2026-03-09 11:15:00,653.85,654.05,652.1,653.95,876
2026-03-09 11:20:00,653.95,655.05,653.35,654.35,317
2026-03-09 11:25:00,654.35,654.8,653.35,654.8,522
2026-03-09 11:30:00,654.8,654.95,653.85,654.35,410
2026-03-09 11:35:00,654.35,655.1,653.45,655.1,1583
2026-03-09 11:40:00,655.75,655.95,654.45,655.4,680
2026-03-09 11:45:00,655.6,657.9,655.05,656.5,2865
2026-03-09 11:50:00,656.05,657.5,656.05,656.85,770
2026-03-09 11:55:00,656.6,657.5,656.05,656.85,2070
2026-03-09 12:00:00,656.6,657.5,656.05,657.25,1029
2026-03-09 12:05:00,657.25,657.45,656.45,657.15,951
2026-03-09 12:10:00,656.9,658.0,656.7,657.6,2263
2026-03-09 12:15:00,657.6,657.65,657.15,657.6,660
2026-03-09 12:20:00,657.1,657.8,657.0,657.65,663
2026-03-09 12:25:00,657.65,657.95,657.1,657.6,938
2026-03-09 12:30:00,657.7,657.8,656.75,657.25,914
2026-03-09 12:35:00,656.7,657.65,656.55,657.65,1030
2026-03-09 12:40:00,657.4,658.0,657.05,657.7,851
2026-03-09 12:45:00,657.75,658.0,657.25,657.65,883
2026-03-09 12:50:00,657.65,658.0,657.1,658.0,956
2026-03-09 12:55:00,658.0,659.65,658.0,658.7,2425
2026-03-09 13:00:00,658.7,658.7,657.3,658.35,682
2026-03-09 13:05:00,658.35,658.6,657.4,657.9,618
2026-03-09 13:10:00,657.9,658.0,656.55,657.05,2478
2026-03-09 13:15:00,657.0,657.3,656.15,656.85,945
2026-03-09 13:20:00,656.55,657.85,656.55,657.45,2094
2026-03-09 13:25:00,657.45,657.8,656.6,657.45,1171
2026-03-09 13:30:00,657.6,658.95,657.05,658.25,892
2026-03-09 13:35:00,657.45,658.35,657.05,658.35,658
2026-03-09 13:40:00,658.35,658.35,657.15,657.95,814
2026-03-09 13:45:00,657.8,658.45,657.05,658.05,837
2026-03-09 13:50:00,658.05,658.25,657.1,657.65,711
2026-03-09 13:55:00,657.65,657.8,656.75,657.4,1173
2026-03-09 14:00:00,657.4,659.15,656.75,658.8,3247
2026-03-09 14:05:00,658.55,661.1,658.55,660.45,4439
2026-03-09 14:10:00,660.45,660.45,660.0,660.4,4006
2026-03-09 14:15:00,660.4,660.45,660.0,660.0,1479
2026-03-09 14:20:00,660.45,660.45,660.0,660.4,217
2026-03-09 14:25:00,660.0,660.8,660.0,660.5,1657
2026-03-09 14:30:00,660.5,660.55,660.25,660.5,8371
2026-03-09 14:35:00,660.5,660.8,659.8,660.5,12130
2026-03-09 14:40:00,660.5,660.55,657.15,660.0,11577
2026-03-09 14:45:00,659.9,662.0,659.7,660.8,2669
2026-03-09 14:50:00,661.0,661.25,660.0,661.2,1646
2026-03-09 14:55:00,661.0,661.6,660.45,661.05,1118
2026-03-09 15:00:00,660.8,661.65,660.45,661.5,2393
2026-03-09 15:05:00,661.5,661.8,661.4,661.5,5646
2026-03-09 15:10:00,661.5,663.55,661.3,663.5,6973
2026-03-09 15:15:00,663.5,663.5,663.0,663.05,4278
2026-03-09 15:20:00,663.05,664.0,663.0,663.05,6976
2026-03-09 15:25:00,663.05,671.0,663.0,670.0,10889
2026-03-10 09:15:00,667.8,670.65,661.5,662.5,5252
2026-03-10 09:20:00,662.0,663.1,658.8,662.55,4437
2026-03-10 09:25:00,661.5,661.7,658.1,659.85,2482
2026-03-10 09:30:00,659.85,659.85,656.6,657.3,1705
2026-03-10 09:35:00,657.8,658.15,656.4,656.75,1637
2026-03-10 09:40:00,656.75,658.5,656.5,658.5,676
2026-03-10 09:45:00,658.5,658.85,657.2,658.8,1168
2026-03-10 09:50:00,658.0,658.0,656.65,657.2,1427
2026-03-10 09:55:00,657.2,657.45,654.05,655.8,4751
2026-03-10 10:00:00,655.8,655.95,655.15,655.15,708
2026-03-10 10:05:00,655.3,657.55,654.5,654.85,3378
2026-03-10 10:10:00,654.75,659.1,653.15,658.65,7449
2026-03-10 10:15:00,658.65,661.45,658.25,660.6,2854
2026-03-10 10:20:00,660.6,661.3,659.4,660.85,3130
2026-03-10 10:25:00,660.85,661.45,660.35,660.8,787
2026-03-10 10:30:00,660.8,661.4,660.4,660.65,466
2026-03-10 10:35:00,660.65,661.9,660.6,661.25,958
2026-03-10 10:40:00,661.3,662.85,661.15,662.85,1330
2026-03-10 10:45:00,662.85,665.65,662.85,664.8,2981
2026-03-10 10:50:00,664.8,666.0,663.2,664.15,1146
2026-03-10 10:55:00,664.6,664.6,663.05,663.2,1860
2026-03-10 11:00:00,663.2,663.65,662.25,662.25,1686
2026-03-10 11:05:00,662.7,665.15,662.25,664.95,2133
2026-03-10 11:10:00,664.95,665.5,663.0,663.0,1651
2026-03-10 11:15:00,663.3,667.8,663.1,667.8,4038
2026-03-10 11:20:00,667.8,668.3,666.9,667.65,619
2026-03-10 11:25:00,667.65,668.15,666.55,667.2,1041
2026-03-10 11:30:00,667.25,669.35,667.05,668.05,701
2026-03-10 11:35:00,668.05,668.85,667.95,668.25,717
2026-03-10 11:40:00,668.25,669.3,668.25,669.15,493
2026-03-10 11:45:00,669.15,671.25,669.0,669.7,2419
2026-03-10 11:50:00,669.7,670.2,669.3,669.8,3404
2026-03-10 11:55:00,669.95,670.5,669.8,670.45,893
2026-03-10 12:00:00,670.45,670.45,669.8,670.0,336
2026-03-10 12:05:00,670.0,670.25,669.95,670.0,1226
2026-03-10 12:10:00,670.0,670.25,666.8,670.0,10226
2026-03-10 12:15:00,670.0,670.65,668.85,670.65,3931
2026-03-10 12:20:00,671.15,671.15,669.6,670.0,2122
2026-03-10 12:25:00,670.0,670.75,669.85,670.75,521
2026-03-10 12:30:00,670.7,670.7,670.05,670.4,284
2026-03-10 12:35:00,670.4,671.0,670.05,670.1,633
2026-03-10 12:40:00,670.1,670.6,670.1,670.4,163
2026-03-10 12:45:00,670.4,670.8,670.25,670.7,383
2026-03-10 12:50:00,670.85,671.35,670.3,670.7,330
2026-03-10 12:55:00,670.6,671.1,670.25,670.45,564
2026-03-10 13:00:00,670.5,671.35,670.0,670.3,367
2026-03-10 13:05:00,670.0,670.95,669.5,670.0,1623
2026-03-10 13:10:00,670.0,670.4,669.7,670.0,3173
2026-03-10 13:15:00,670.0,670.55,669.8,670.05,5875
2026-03-10 13:20:00,670.05,670.25,669.65,670.0,6734
2026-03-10 13:25:00,670.0,670.05,669.8,669.8,1207
2026-03-10 13:30:00,670.0,670.8,670.0,670.2,1016
2026-03-10 13:35:00,670.2,671.15,670.1,671.15,1232
2026-03-10 13:40:00,671.15,671.15,670.2,670.2,335
2026-03-10 13:45:00,670.2,670.8,670.0,670.8,722
2026-03-10 13:50:00,670.8,670.8,670.0,670.3,456
2026-03-10 13:55:00,670.3,670.3,669.95,670.0,340
2026-03-10 14:00:00,670.0,670.2,669.9,670.0,4151
2026-03-10 14:05:00,670.0,671.85,670.0,671.85,738
2026-03-10 14:10:00,671.85,672.25,671.05,672.25,547
2026-03-10 14:15:00,672.25,672.25,671.05,671.05,985
2026-03-10 14:20:00,671.05,671.2,670.2,670.2,469
2026-03-10 14:25:00,670.2,671.3,670.0,670.35,403
2026-03-10 14:30:00,670.35,670.85,670.15,670.75,864
2026-03-10 14:35:00,670.75,671.8,670.65,671.45,119
2026-03-10 14:40:00,671.45,672.8,671.35,672.4,352
2026-03-10 14:45:00,672.4,673.55,671.5,673.25,584
2026-03-10 14:50:00,673.25,673.85,673.0,673.8,149
2026-03-10 14:55:00,673.8,674.25,673.2,673.6,714
2026-03-10 15:00:00,672.9,672.9,670.1,670.9,2909
2026-03-10 15:05:00,670.4,671.45,670.15,670.65,3119
2026-03-10 15:10:00,671.05,672.3,670.1,670.15,4164
2026-03-10 15:15:00,669.95,672.0,669.95,671.65,6854
2026-03-10 15:20:00,671.65,672.9,671.55,672.85,5257
2026-03-10 15:25:00,672.85,674.0,667.05,673.2,5617
2026-03-11 09:15:00,680.0,689.8,679.3,684.25,23375
2026-03-11 09:20:00,684.25,685.7,680.15,680.95,7307
2026-03-11 09:25:00,681.3,681.5,677.5,679.95,8109
2026-03-11 09:30:00,679.95,679.95,676.95,679.1,2620
2026-03-11 09:35:00,679.1,680.35,678.05,678.75,3203
2026-03-11 09:40:00,679.45,684.9,678.65,684.0,6629
2026-03-11 09:45:00,684.0,688.65,683.05,688.65,8378
2026-03-11 09:50:00,688.15,688.65,683.55,686.2,6162
2026-03-11 09:55:00,684.85,688.4,684.7,688.35,2955
2026-03-11 10:00:00,688.35,689.85,686.15,689.1,8123
2026-03-11 10:05:00,689.1,689.3,684.0,684.0,3358
2026-03-11 10:10:00,684.0,685.6,683.2,683.65,4323
2026-03-11 10:15:00,683.75,683.75,682.35,683.55,1751
2026-03-11 10:20:00,683.55,683.55,682.25,683.0,1298
2026-03-11 10:25:00,683.0,683.15,680.5,680.95,1795
2026-03-11 10:30:00,680.95,682.9,680.85,681.6,912
2026-03-11 10:35:00,681.6,681.6,680.1,681.4,4023
2026-03-11 10:40:00,681.4,681.7,680.0,680.0,698
2026-03-11 10:45:00,680.0,682.45,679.5,681.8,873
2026-03-11 10:50:00,681.8,682.45,681.3,682.45,494
2026-03-11 10:55:00,682.45,683.75,682.0,683.4,950
2026-03-11 11:00:00,683.4,683.75,682.15,682.4,870
2026-03-11 11:05:00,682.4,682.4,681.4,681.45,234
2026-03-11 11:10:00,681.45,681.95,680.0,681.55,2551
2026-03-11 11:15:00,681.55,681.55,681.0,681.0,123
2026-03-11 11:20:00,680.0,680.6,679.75,679.75,2133
2026-03-11 11:25:00,679.75,681.0,679.7,680.7,1140
2026-03-11 11:30:00,680.7,681.5,680.0,680.9,3023
2026-03-11 11:35:00,680.9,680.95,680.0,680.2,799
2026-03-11 11:40:00,680.05,680.9,680.05,680.75,1665
2026-03-11 11:45:00,681.15,681.15,679.45,680.0,802
2026-03-11 11:50:00,680.0,680.1,679.15,680.0,838
2026-03-11 11:55:00,680.0,680.0,676.55,677.1,2679
2026-03-11 12:00:00,676.35,677.9,676.15,677.05,2117
2026-03-11 12:05:00,677.05,677.75,676.4,677.1,1173
2026-03-11 12:10:00,677.0,677.5,676.15,677.0,1275
2026-03-11 12:15:00,676.9,677.35,676.1,677.15,1238
2026-03-11 12:20:00,677.15,677.15,675.2,676.15,2487
2026-03-11 12:25:00,676.3,676.7,675.3,676.55,1061
2026-03-11 12:30:00,676.55,677.0,675.45,676.05,1198
2026-03-11 12:35:00,676.05,676.7,674.15,675.3,2727
2026-03-11 12:40:00,675.4,675.9,672.4,674.25,3471
2026-03-11 12:45:00,674.35,675.0,672.25,673.5,3581
2026-03-11 12:50:00,673.05,674.1,672.95,673.0,1684
2026-03-11 12:55:00,673.0,673.8,672.85,673.2,967
2026-03-11 13:00:00,673.25,674.9,672.5,673.35,2970
2026-03-11 13:05:00,673.35,674.95,673.35,674.05,1353
2026-03-11 13:10:00,674.6,674.75,672.4,672.9,1943
2026-03-11 13:15:00,672.95,672.95,671.35,672.2,3598
2026-03-11 13:20:00,672.15,673.8,672.05,673.0,1302
2026-03-11 13:25:00,673.9,674.25,672.55,673.7,1342
2026-03-11 13:30:00,673.65,675.0,673.0,673.15,1324
2026-03-11 13:35:00,673.2,674.1,672.05,672.45,1810
2026-03-11 13:40:00,672.45,673.8,672.05,672.9,1236
2026-03-11 13:45:00,673.0,673.5,672.25,673.25,1161
2026-03-11 13:50:00,673.25,673.45,672.4,672.85,1463
2026-03-11 13:55:00,672.85,673.35,672.3,673.1,975
2026-03-11 14:00:00,673.2,673.25,671.95,672.85,1689
2026-03-11 14:05:00,672.7,672.85,670.2,670.5,4105
2026-03-11 14:10:00,671.1,671.6,670.35,670.9,1788
2026-03-11 14:15:00,670.9,672.0,670.5,671.65,2334
2026-03-11 14:20:00,671.65,672.65,670.1,670.1,2559
2026-03-11 14:25:00,670.7,675.0,669.95,674.4,7025
2026-03-11 14:30:00,675.0,675.0,672.85,673.2,4452
2026-03-11 14:35:00,673.6,674.4,673.0,673.4,5296
2026-03-11 14:40:00,673.55,674.85,672.95,673.8,4298
2026-03-11 14:45:00,673.65,675.65,673.65,674.9,4186
2026-03-11 14:50:00,674.5,675.9,674.15,675.45,4870
2026-03-11 14:55:00,675.95,676.45,673.55,674.3,7840
2026-03-11 15:00:00,674.3,675.0,672.6,673.0,4530
2026-03-11 15:05:00,672.85,674.05,670.8,671.35,7687
2026-03-11 15:10:00,671.3,671.5,670.0,670.5,8060
2026-03-11 15:15:00,670.5,672.95,669.65,672.2,9375
2026-03-11 15:20:00,672.2,673.25,671.25,672.7,7042
2026-03-11 15:25:00,671.45,674.45,669.05,670.9,10603
2026-03-12 09:15:00,664.65,664.65,651.25,652.65,8616
2026-03-12 09:20:00,652.65,653.65,650.8,652.8,7376
2026-03-12 09:25:00,652.9,654.5,652.2,653.45,2852
2026-03-12 09:30:00,653.45,653.45,650.25,652.1,3243
2026-03-12 09:35:00,652.1,652.5,650.6,650.85,879
2026-03-12 09:40:00,650.85,658.95,650.6,655.55,5296
2026-03-12 09:45:00,655.65,656.35,654.35,656.35,1493
2026-03-12 09:50:00,656.5,662.35,655.25,662.35,7242
2026-03-12 09:55:00,662.35,662.35,659.05,660.0,2246
2026-03-12 10:00:00,660.0,660.0,658.45,658.75,265
2026-03-12 10:05:00,658.75,661.2,657.45,660.2,1495
2026-03-12 10:10:00,660.2,661.2,659.2,659.5,2685
2026-03-12 10:15:00,659.5,662.15,659.15,661.75,2361
2026-03-12 10:20:00,661.75,662.15,660.45,661.25,2680
2026-03-12 10:25:00,661.55,665.45,661.55,664.85,3305
2026-03-12 10:30:00,664.85,667.75,663.2,666.95,2479
2026-03-12 10:35:00,666.95,668.6,665.75,667.6,1956
2026-03-12 10:40:00,667.6,668.15,663.7,663.75,1290
2026-03-12 10:45:00,663.75,665.95,663.4,665.1,1437
2026-03-12 10:50:00,665.1,666.05,664.55,665.6,1642
2026-03-12 10:55:00,665.6,668.15,664.45,668.1,1432
2026-03-12 11:00:00,668.35,670.9,668.2,670.75,3488
2026-03-12 11:05:00,671.35,673.3,669.95,670.95,4096
2026-03-12 11:10:00,671.0,673.6,671.0,672.1,2622
2026-03-12 11:15:00,672.65,672.65,666.15,667.55,3196
2026-03-12 11:20:00,667.5,670.6,665.75,670.6,804
2026-03-12 11:25:00,670.6,674.15,670.6,673.7,2504
2026-03-12 11:30:00,673.7,673.8,672.2,672.4,1860
2026-03-12 11:35:00,672.8,673.4,671.3,672.4,2557
2026-03-12 11:40:00,672.4,674.4,672.3,673.55,2182
2026-03-12 11:45:00,673.55,675.65,673.55,674.0,2217
2026-03-12 11:50:00,674.0,676.6,674.0,675.95,3333
2026-03-12 11:55:00,676.0,676.2,674.3,675.0,1334
2026-03-12 12:00:00,675.0,679.45,674.95,679.25,2048
2026-03-12 12:05:00,678.8,678.8,676.35,678.0,1836
2026-03-12 12:10:00,678.0,679.85,676.75,679.8,2526
2026-03-12 12:15:00,679.5,680.0,677.05,677.05,2619
2026-03-12 12:20:00,677.05,677.55,672.75,673.55,5299
2026-03-12 12:25:00,673.55,673.55,668.15,668.95,3609
2026-03-12 12:30:00,668.95,669.3,667.05,667.2,744
2026-03-12 12:35:00,667.6,667.6,666.15,667.25,805
2026-03-12 12:40:00,667.25,670.0,666.95,670.0,1331
2026-03-12 12:45:00,670.0,670.6,669.5,669.65,1924
2026-03-12 12:50:00,669.65,670.25,668.6,668.95,2314
2026-03-12 12:55:00,668.95,670.15,668.6,669.7,1165
2026-03-12 13:00:00,669.7,670.0,668.35,668.9,1270
2026-03-12 13:05:00,668.9,669.3,668.05,669.15,1312
2026-03-12 13:10:00,669.8,669.8,668.0,669.35,3911
2026-03-12 13:15:00,669.35,670.05,669.2,669.85,1519
2026-03-12 13:20:00,669.85,671.05,669.2,670.0,5907
2026-03-12 13:25:00,670.0,671.55,669.55,670.0,7833
2026-03-12 13:30:00,670.15,671.65,669.5,669.75,8113
2026-03-12 13:35:00,669.75,670.4,669.0,669.55,1090
2026-03-12 13:40:00,669.55,669.8,666.9,667.25,2972
2026-03-12 13:45:00,667.25,667.65,666.55,666.6,1121
2026-03-12 13:50:00,666.6,669.25,666.5,668.5,1183
2026-03-12 13:55:00,669.0,669.65,667.8,668.45,2447
2026-03-12 14:00:00,668.95,670.0,668.3,668.3,2852
2026-03-12 14:05:00,668.3,669.35,666.6,666.75,2661
2026-03-12 14:10:00,666.75,667.35,664.85,666.0,8194
2026-03-12 14:15:00,666.0,666.0,664.7,665.1,1526
2026-03-12 14:20:00,665.1,666.2,665.1,665.75,2686
2026-03-12 14:25:00,665.75,666.4,665.65,665.8,3544
2026-03-12 14:30:00,665.8,666.0,665.4,665.7,3486
2026-03-12 14:35:00,665.7,666.0,663.6,663.6,4684
2026-03-12 14:40:00,663.6,664.7,663.45,664.25,2022
2026-03-12 14:45:00,664.5,665.7,664.25,664.85,2248
2026-03-12 14:50:00,664.85,666.0,664.7,665.95,7120
2026-03-12 14:55:00,665.95,666.0,664.7,665.0,6052
2026-03-12 15:00:00,665.0,665.85,664.15,665.55,2144
2026-03-12 15:05:00,665.55,665.85,664.15,665.5,5216
2026-03-12 15:10:00,665.5,666.0,664.05,664.45,5785
2026-03-12 15:15:00,664.45,664.75,664.05,664.75,5176
2026-03-12 15:20:00,664.75,666.0,664.4,665.0,8001
2026-03-12 15:25:00,665.0,666.5,663.3,664.0,10148
2026-03-13 09:15:00,653.3,661.45,653.0,654.9,4123
2026-03-13 09:20:00,654.05,654.85,651.6,652.75,2771
2026-03-13 09:25:00,652.75,654.15,651.55,653.3,2321
2026-03-13 09:30:00,653.3,655.2,653.25,654.45,4413
2026-03-13 09:35:00,654.45,654.45,652.7,652.7,1823
2026-03-13 09:40:00,652.7,653.05,652.25,652.85,443
2026-03-13 09:45:00,652.0,654.2,651.5,654.15,2059
2026-03-13 09:50:00,654.15,656.35,653.2,655.4,1427
2026-03-13 09:55:00,655.4,655.85,654.5,654.85,526
2026-03-13 10:00:00,654.85,656.35,654.85,655.5,801
2026-03-13 10:05:00,655.5,656.85,655.1,656.35,1040
2026-03-13 10:10:00,656.35,656.35,654.75,655.55,1475
2026-03-13 10:15:00,655.55,656.0,654.8,655.0,1115
2026-03-13 10:20:00,655.0,655.95,655.0,655.0,981
2026-03-13 10:25:00,655.0,656.95,655.0,656.1,714
2026-03-13 10:30:00,656.95,657.4,654.35,654.95,1741
2026-03-13 10:35:00,654.95,655.7,654.95,655.0,358
2026-03-13 10:40:00,655.0,655.75,654.85,654.9,1105
2026-03-13 10:45:00,654.8,655.55,654.65,655.55,998
2026-03-13 10:50:00,655.55,657.4,655.55,656.85,811
2026-03-13 10:55:00,656.85,656.85,655.3,655.75,816
2026-03-13 11:00:00,655.8,656.2,655.1,655.5,156
2026-03-13 11:05:00,655.5,655.5,654.7,654.9,619
2026-03-13 11:10:00,654.5,655.6,654.5,654.85,954
2026-03-13 11:15:00,654.85,655.25,654.85,655.15,2262
2026-03-13 11:20:00,655.15,656.1,654.85,655.55,663
2026-03-13 11:25:00,655.55,657.95,655.55,657.95,730
2026-03-13 11:30:00,657.95,658.95,656.65,657.3,620
2026-03-13 11:35:00,657.5,658.15,656.6,657.35,414
2026-03-13 11:40:00,657.35,657.35,656.05,656.6,137
2026-03-13 11:45:00,656.6,656.7,655.15,655.95,460
2026-03-13 11:50:00,655.95,657.1,654.5,654.5,6818
2026-03-13 11:55:00,654.5,655.1,654.5,655.0,2818
2026-03-13 12:00:00,655.0,655.05,652.0,652.15,15062
2026-03-13 12:05:00,652.15,653.95,652.0,653.3,8965
2026-03-13 12:10:00,653.3,653.9,653.3,653.9,697
2026-03-13 12:15:00,653.85,654.95,653.5,654.0,833
2026-03-13 12:20:00,653.9,654.65,653.65,654.0,2779
2026-03-13 12:25:00,654.0,654.45,654.0,654.0,3002
2026-03-13 12:30:00,654.0,654.05,653.65,654.0,5753
2026-03-13 12:35:00,654.0,654.5,653.75,654.0,6561
2026-03-13 12:40:00,654.0,654.4,652.65,653.0,1822
2026-03-13 12:45:00,653.0,654.35,652.8,653.55,829
2026-03-13 12:50:00,653.9,654.35,653.15,653.3,1010
2026-03-13 12:55:00,653.3,653.75,652.55,653.0,1369
2026-03-13 13:00:00,653.0,653.4,653.0,653.0,1015
2026-03-13 13:05:00,653.0,653.4,652.6,653.0,1964
2026-03-13 13:10:00,653.0,653.6,653.0,653.45,1324
2026-03-13 13:15:00,653.45,653.45,652.65,653.0,773
2026-03-13 13:20:00,653.0,653.3,651.6,651.95,6031
2026-03-13 13:25:00,651.95,652.2,651.6,651.65,364
2026-03-13 13:30:00,651.65,652.6,651.6,652.0,1669
2026-03-13 13:35:00,652.0,652.45,651.6,652.0,2584
2026-03-13 13:40:00,652.0,652.0,651.6,652.0,134
2026-03-13 13:45:00,652.0,652.0,651.6,652.0,999
2026-03-13 13:50:00,652.0,652.0,651.6,652.0,991
2026-03-13 13:55:00,652.0,652.0,651.6,651.6,9748
2026-03-13 14:00:00,651.85,652.0,648.35,649.0,14341
2026-03-13 14:05:00,649.0,649.3,646.65,649.3,7574
2026-03-13 14:10:00,649.3,649.9,648.65,649.75,474
2026-03-13 14:15:00,649.75,650.0,648.9,650.0,791
2026-03-13 14:20:00,650.0,650.35,649.05,649.05,389
2026-03-13 14:25:00,649.05,651.1,649.05,650.05,1737
2026-03-13 14:30:00,650.05,651.1,650.0,650.3,1655
2026-03-13 14:35:00,650.3,650.75,650.0,650.0,1411
2026-03-13 14:40:00,650.0,651.95,650.0,651.95,2284
2026-03-13 14:45:00,652.65,652.75,650.5,652.2,2297
2026-03-13 14:50:00,652.2,653.45,651.5,652.75,3380
2026-03-13 14:55:00,652.75,654.3,652.3,654.0,3232
2026-03-13 15:00:00,654.0,654.5,652.3,652.3,2913
2026-03-13 15:05:00,652.35,653.85,652.3,652.8,2214
2026-03-13 15:10:00,652.9,653.5,652.3,653.35,4499
2026-03-13 15:15:00,653.25,653.35,652.9,652.9,2435
2026-03-13 15:20:00,653.25,654.8,651.8,654.05,5765
2026-03-13 15:25:00,655.45,659.0,653.3,659.0,7718
2026-03-16 09:15:00,650.0,652.0,642.0,642.7,3538
2026-03-16 09:20:00,642.7,642.7,638.35,639.9,4158
2026-03-16 09:25:00,639.9,641.6,633.15,638.35,21476
2026-03-16 09:30:00,638.35,640.2,636.0,640.2,6408
2026-03-16 09:35:00,640.0,644.65,638.4,643.95,5859
2026-03-16 09:40:00,643.95,646.25,643.05,646.25,3482
2026-03-16 09:45:00,645.65,647.55,645.05,645.2,1058
2026-03-16 09:50:00,644.9,647.1,644.65,645.05,5566
2026-03-16 09:55:00,645.05,645.85,644.95,644.95,1672
2026-03-16 10:00:00,644.95,645.8,644.95,645.0,2655
2026-03-16 10:05:00,645.0,645.5,644.8,645.0,8692
2026-03-16 10:10:00,645.0,645.9,645.0,645.9,10271
2026-03-16 10:15:00,645.9,645.9,645.0,645.0,7430
2026-03-16 10:20:00,645.0,645.3,644.75,645.0,18839
2026-03-16 10:25:00,645.0,645.4,644.7,645.0,10718
2026-03-16 10:30:00,645.0,645.8,645.0,645.0,5913
2026-03-16 10:35:00,645.0,645.8,644.95,645.0,865
2026-03-16 10:40:00,645.0,645.55,645.0,645.0,6388
2026-03-16 10:45:00,645.0,645.05,645.0,645.05,3981
2026-03-16 10:50:00,645.05,645.25,645.0,645.0,4294
2026-03-16 10:55:00,645.0,648.9,645.0,648.9,4119
2026-03-16 11:00:00,648.9,648.9,647.35,647.7,1347
2026-03-16 11:05:00,647.7,649.7,647.7,648.45,982
2026-03-16 11:10:00,648.55,648.9,645.75,645.75,927
2026-03-16 11:15:00,645.75,649.0,645.75,648.3,799
2026-03-16 11:20:00,648.3,648.95,647.65,648.0,730
2026-03-16 11:25:00,647.9,648.0,647.0,647.45,156
2026-03-16 11:30:00,647.45,648.05,647.1,647.4,222
2026-03-16 11:35:00,647.4,649.5,646.1,649.5,931
2026-03-16 11:40:00,649.5,649.7,646.0,646.4,545
2026-03-16 11:45:00,646.4,648.2,645.85,647.65,1297
2026-03-16 11:50:00,647.05,649.15,647.05,647.65,512
2026-03-16 11:55:00,647.65,648.2,646.3,646.45,442
2026-03-16 12:00:00,646.45,650.0,646.45,647.15,1429
2026-03-16 12:05:00,647.15,647.25,645.5,646.8,460
2026-03-16 12:10:00,646.45,647.5,645.3,646.3,2448
2026-03-16 12:15:00,646.3,646.3,645.0,645.0,445
2026-03-16 12:20:00,645.0,646.8,645.0,646.8,601
2026-03-16 12:25:00,646.8,647.15,645.4,646.05,237
2026-03-16 12:30:00,646.05,646.05,645.15,645.25,114
2026-03-16 12:35:00,645.25,647.8,645.25,646.6,1255
2026-03-16 12:40:00,646.6,646.85,645.3,646.0,399
2026-03-16 12:45:00,646.2,646.2,645.0,645.0,555
2026-03-16 12:50:00,645.0,647.35,645.0,647.0,529
2026-03-16 12:55:00,647.0,647.0,645.55,645.65,64
2026-03-16 13:00:00,645.65,647.3,645.55,646.0,405
2026-03-16 13:05:00,646.0,647.15,645.0,646.4,2647
2026-03-16 13:10:00,646.4,648.45,645.65,645.65,1538
2026-03-16 13:15:00,645.65,646.45,645.45,645.7,276
2026-03-16 13:20:00,646.3,646.3,645.15,645.45,285
2026-03-16 13:25:00,645.45,646.05,645.3,645.6,212
2026-03-16 13:30:00,646.0,646.65,645.3,645.85,672
2026-03-16 13:35:00,645.85,647.45,645.85,646.8,247
2026-03-16 13:40:00,646.8,647.15,646.2,646.2,131
2026-03-16 13:45:00,646.2,646.8,645.2,645.2,526
2026-03-16 13:50:00,645.0,646.95,645.0,646.05,653
2026-03-16 13:55:00,646.15,646.15,645.15,645.85,271
2026-03-16 14:00:00,645.85,646.3,645.1,645.75,1945
2026-03-16 14:05:00,645.75,646.3,645.2,645.35,403
2026-03-16 14:10:00,645.35,647.15,645.2,645.85,265
2026-03-16 14:15:00,645.6,648.5,645.15,648.0,502
2026-03-16 14:20:00,648.0,649.0,647.55,647.55,193
2026-03-16 14:25:00,647.55,648.55,647.15,647.15,502
2026-03-16 14:30:00,647.55,648.5,647.25,648.5,1344
2026-03-16 14:35:00,649.05,649.7,647.7,649.45,963
2026-03-16 14:40:00,649.45,649.75,648.2,648.85,679
2026-03-16 14:45:00,648.85,649.8,648.05,649.8,395
2026-03-16 14:50:00,648.95,651.7,647.6,648.9,6019
2026-03-16 14:55:00,649.55,650.15,648.5,648.7,2331
2026-03-16 15:00:00,649.3,649.3,645.2,645.95,1659
2026-03-16 15:05:00,645.95,652.45,645.4,650.7,17211
2026-03-16 15:10:00,651.4,659.0,650.25,658.6,6279
2026-03-16 15:15:00,658.25,659.55,656.35,657.45,6353
2026-03-16 15:20:00,657.6,657.7,647.95,648.1,9083
2026-03-16 15:25:00,646.6,647.6,644.2,645.1,10481
2026-03-17 09:15:00,648.0,649.9,638.1,638.5,9477
2026-03-17 09:20:00,638.8,644.65,637.75,643.25,3669
2026-03-17 09:25:00,643.15,643.45,641.1,642.5,4058
2026-03-17 09:30:00,642.85,644.1,642.15,643.35,750
2026-03-17 09:35:00,643.35,645.2,642.05,645.2,2499
2026-03-17 09:40:00,644.6,645.05,642.05,644.1,2271
2026-03-17 09:45:00,644.05,644.1,642.55,643.8,2166
2026-03-17 09:50:00,643.9,647.2,642.05,645.75,6200
2026-03-17 09:55:00,645.75,651.9,645.5,651.9,5736
2026-03-17 10:00:00,651.9,652.8,651.0,652.6,1384
2026-03-17 10:05:00,652.6,653.4,651.95,652.5,6188
2026-03-17 10:10:00,652.5,652.95,652.5,652.95,7633
2026-03-17 10:15:00,652.95,653.8,652.7,653.15,772
2026-03-17 10:20:00,653.35,653.5,652.8,653.2,454
2026-03-17 10:25:00,652.95,653.6,652.4,653.5,6074
2026-03-17 10:30:00,653.5,653.95,648.05,649.95,10719
2026-03-17 10:35:00,649.95,650.8,649.3,650.25,840
2026-03-17 10:40:00,650.3,650.3,649.25,649.5,3266
2026-03-17 10:45:00,649.8,650.5,649.5,650.25,1746
2026-03-17 10:50:00,650.5,651.15,650.0,650.65,702
2026-03-17 10:55:00,650.7,650.7,649.5,649.5,2115
2026-03-17 11:00:00,649.5,650.15,649.25,649.55,4073
2026-03-17 11:05:00,649.55,649.55,649.5,649.5,2989
2026-03-17 11:10:00,649.55,649.95,649.5,649.5,1713
2026-03-17 11:15:00,649.5,649.95,648.5,649.75,4521
2026-03-17 11:20:00,649.5,649.75,649.5,649.5,5052
2026-03-17 11:25:00,649.5,651.0,649.2,650.6,10535
2026-03-17 11:30:00,650.9,651.1,650.0,650.65,447
2026-03-17 11:35:00,650.65,651.25,649.6,651.0,661
2026-03-17 11:40:00,650.35,651.85,649.9,651.05,884
2026-03-17 11:45:00,651.5,652.0,651.0,651.2,782
2026-03-17 11:50:00,651.4,652.2,651.15,651.6,1064
2026-03-17 11:55:00,651.75,652.0,650.95,651.0,506
2026-03-17 12:00:00,651.0,652.1,651.0,651.0,973
2026-03-17 12:05:00,651.1,651.85,651.0,651.6,365
2026-03-17 12:10:00,651.6,652.45,651.0,652.45,632
2026-03-17 12:15:00,652.45,652.45,651.05,651.2,211
2026-03-17 12:20:00,651.2,651.95,651.05,651.5,180
2026-03-17 12:25:00,651.5,651.95,651.05,651.6,131
2026-03-17 12:30:00,651.6,651.95,651.2,651.7,247
2026-03-17 12:35:00,651.45,652.45,651.2,651.2,2761
2026-03-17 12:40:00,651.95,652.2,651.2,652.1,614
2026-03-17 12:45:00,652.45,652.9,651.55,652.0,1754
2026-03-17 12:50:00,652.0,652.25,651.25,652.05,230
2026-03-17 12:55:00,652.05,652.05,651.2,651.25,371
2026-03-17 13:00:00,652.3,652.8,649.9,651.3,60188
2026-03-17 13:05:00,650.95,651.3,647.5,648.25,5534
2026-03-17 13:10:00,648.25,648.55,647.5,647.5,959
2026-03-17 13:15:00,647.5,648.5,646.15,646.4,718
2026-03-17 13:20:00,645.95,646.6,643.25,643.25,1407
2026-03-17 13:25:00,643.0,648.6,642.65,648.0,3812
2026-03-17 13:30:00,648.15,649.55,648.15,648.5,7443
2026-03-17 13:35:00,648.5,649.05,648.5,648.5,7323
2026-03-17 13:40:00,648.5,648.85,648.25,648.55,4644
2026-03-17 13:45:00,648.55,649.25,648.5,648.5,4300
2026-03-17 13:50:00,648.5,648.55,648.5,648.5,4916
2026-03-17 13:55:00,648.5,648.55,648.0,648.5,14036
2026-03-17 14:00:00,648.5,648.65,647.95,648.5,9028
2026-03-17 14:05:00,648.5,649.1,648.2,648.5,8332
2026-03-17 14:10:00,648.5,649.2,648.5,649.2,25899
2026-03-17 14:15:00,649.2,649.2,648.25,648.5,23919
2026-03-17 14:20:00,648.5,648.55,644.7,645.75,5379
2026-03-17 14:25:00,645.75,646.95,645.5,646.15,3647
2026-03-17 14:30:00,646.7,648.45,646.7,648.0,4386
2026-03-17 14:35:00,647.65,648.55,647.4,647.9,3760
2026-03-17 14:40:00,647.9,649.15,647.8,648.0,3821
2026-03-17 14:45:00,648.0,649.05,647.95,649.05,3818
2026-03-17 14:50:00,649.15,649.95,648.6,649.95,4291
2026-03-17 14:55:00,649.55,651.75,648.9,651.55,7148
2026-03-17 15:00:00,651.55,651.75,648.8,648.95,6787
2026-03-17 15:05:00,649.4,650.3,648.05,649.15,6550
2026-03-17 15:10:00,649.15,650.45,648.55,650.35,9051
2026-03-17 15:15:00,649.25,650.2,648.0,648.75,8990
2026-03-17 15:20:00,648.75,650.6,648.75,649.65,9096
2026-03-17 15:25:00,650.35,651.15,649.0,650.25,6709
2026-03-18 09:15:00,649.25,659.4,649.25,657.6,3337
2026-03-18 09:20:00,656.9,657.1,651.5,652.2,2347
2026-03-18 09:25:00,651.55,655.6,650.85,653.85,2383
2026-03-18 09:30:00,653.9,655.9,652.25,652.5,2431
2026-03-18 09:35:00,652.5,652.5,650.2,650.75,6868
2026-03-18 09:40:00,650.75,652.7,650.25,651.2,2708
2026-03-18 09:45:00,651.2,654.7,651.2,653.1,2612
2026-03-18 09:50:00,654.15,658.65,652.75,653.5,8942
2026-03-18 09:55:00,653.5,653.85,650.2,650.85,4233
2026-03-18 10:00:00,650.85,651.95,650.25,650.7,1626
2026-03-18 10:05:00,650.3,651.05,650.3,650.8,350
2026-03-18 10:10:00,650.55,656.5,650.1,656.5,42221
2026-03-18 10:15:00,656.5,661.0,656.5,660.95,4502
2026-03-18 10:20:00,660.95,661.0,659.7,661.0,1182
2026-03-18 10:25:00,661.0,665.8,661.0,665.65,5753
2026-03-18 10:30:00,665.65,665.85,664.5,664.5,1937
2026-03-18 10:35:00,665.05,665.8,663.55,665.45,4957
2026-03-18 10:40:00,665.15,665.7,664.6,664.75,1802
2026-03-18 10:45:00,664.75,668.0,664.75,667.3,3402
2026-03-18 10:50:00,667.6,669.75,667.6,667.8,3001
2026-03-18 10:55:00,668.0,669.7,667.85,668.0,896
2026-03-18 11:00:00,668.0,669.7,668.0,669.7,1082
2026-03-18 11:05:00,669.7,671.15,668.65,669.95,3886
2026-03-18 11:10:00,669.95,670.35,669.05,670.15,545
2026-03-18 11:15:00,670.15,671.35,669.0,671.35,1820
2026-03-18 11:20:00,671.35,674.0,671.0,672.5,5310
2026-03-18 11:25:00,672.5,674.3,672.45,673.55,3329
2026-03-18 11:30:00,673.55,675.55,673.2,674.45,2728
2026-03-18 11:35:00,674.45,678.0,673.95,676.55,5942
2026-03-18 11:40:00,676.15,676.95,674.7,675.3,414
2026-03-18 11:45:00,674.15,677.7,674.05,677.6,4387
2026-03-18 11:50:00,677.6,681.0,677.6,680.05,8983
2026-03-18 11:55:00,680.75,681.5,679.8,681.25,4395
2026-03-18 12:00:00,681.5,683.25,680.3,680.5,10097
2026-03-18 12:05:00,680.5,681.95,679.8,680.5,5695
2026-03-18 12:10:00,680.5,681.75,679.8,681.25,2583
2026-03-18 12:15:00,681.3,681.7,678.15,679.15,6637
2026-03-18 12:20:00,679.15,680.1,678.6,678.75,2154
2026-03-18 12:25:00,678.75,679.0,677.45,678.35,2793
2026-03-18 12:30:00,678.35,680.0,678.35,679.2,2118
2026-03-18 12:35:00,679.2,679.9,678.0,679.0,1418
2026-03-18 12:40:00,679.45,681.9,679.0,681.0,5580
2026-03-18 12:45:00,681.0,682.65,680.9,682.5,4092
2026-03-18 12:50:00,682.5,686.35,682.45,685.2,6734
2026-03-18 12:55:00,685.0,685.8,684.2,685.7,3691
2026-03-18 13:00:00,685.7,686.75,685.0,685.35,2694
2026-03-18 13:05:00,685.35,685.35,685.0,685.0,5586
2026-03-18 13:10:00,685.0,685.55,685.0,685.0,5043
2026-03-18 13:15:00,685.0,686.0,681.1,685.2,11015
2026-03-18 13:20:00,685.2,686.0,685.15,685.4,966
2026-03-18 13:25:00,685.4,686.65,685.25,686.65,786
2026-03-18 13:30:00,686.65,687.45,685.65,686.5,2987
2026-03-18 13:35:00,686.5,686.85,685.0,686.25,2818
2026-03-18 13:40:00,686.25,687.0,685.55,687.0,1510
2026-03-18 13:45:00,687.0,687.6,685.0,686.7,3996
2026-03-18 13:50:00,686.15,686.8,685.55,686.8,1669
2026-03-18 13:55:00,685.55,687.7,685.55,686.75,5738
2026-03-18 14:00:00,686.15,686.95,685.35,685.5,874
2026-03-18 14:05:00,685.5,686.0,685.0,686.0,5576
2026-03-18 14:10:00,686.0,689.5,684.6,689.45,13318
2026-03-18 14:15:00,689.45,694.95,688.7,692.25,10222
2026-03-18 14:20:00,692.25,693.0,691.0,692.05,4463
2026-03-18 14:25:00,692.05,693.85,691.55,693.1,3654
2026-03-18 14:30:00,693.1,693.8,692.7,693.0,11659
2026-03-18 14:35:00,693.0,694.0,692.75,693.0,5777
2026-03-18 14:40:00,693.4,693.55,686.15,686.15,13957
2026-03-18 14:45:00,686.15,692.5,686.0,687.05,12877
2026-03-18 14:50:00,687.0,687.7,686.35,686.35,2890
2026-03-18 14:55:00,686.35,687.7,685.05,685.05,5889
2026-03-18 15:00:00,685.05,686.65,684.2,686.5,3297
2026-03-18 15:05:00,686.15,687.6,685.65,686.65,2789
2026-03-18 15:10:00,687.0,687.5,686.0,686.55,4244
2026-03-18 15:15:00,687.0,687.6,685.5,686.3,8073
2026-03-18 15:20:00,686.3,686.95,684.2,685.4,7994
2026-03-18 15:25:00,685.4,688.0,684.6,688.0,4345
2026-03-19 09:15:00,676.05,676.05,640.6,664.7,12863
2026-03-19 09:20:00,664.55,671.0,661.85,670.6,11521
2026-03-19 09:25:00,670.6,670.6,665.75,665.75,3511
2026-03-19 09:30:00,665.4,667.85,665.0,665.85,2082
2026-03-19 09:35:00,666.6,666.75,663.6,663.95,3401
2026-03-19 09:40:00,663.95,665.8,663.8,665.25,936
2026-03-19 09:45:00,665.75,666.9,662.8,663.6,2557
2026-03-19 09:50:00,663.6,666.2,662.15,662.15,2211
2026-03-19 09:55:00,662.0,663.85,661.2,662.1,2672
2026-03-19 10:00:00,662.1,663.15,661.3,662.3,1493
2026-03-19 10:05:00,662.3,663.3,662.0,662.5,4020
2026-03-19 10:10:00,662.5,663.35,661.8,662.4,1199
2026-03-19 10:15:00,662.4,662.4,660.2,660.95,4553
2026-03-19 10:20:00,660.4,663.05,660.4,662.25,761
2026-03-19 10:25:00,662.25,663.35,661.2,661.2,1032
2026-03-19 10:30:00,661.2,662.25,661.1,662.25,321
2026-03-19 10:35:00,662.25,662.25,661.25,661.75,383
2026-03-19 10:40:00,662.25,662.25,658.0,658.9,2907
2026-03-19 10:45:00,658.9,659.4,657.55,659.05,4361
2026-03-19 10:50:00,659.05,659.9,657.65,658.55,1279
2026-03-19 10:55:00,658.55,661.0,658.05,660.85,3351
2026-03-19 11:00:00,660.85,665.6,660.85,665.05,7103
2026-03-19 11:05:00,665.05,666.2,664.1,664.15,3363
2026-03-19 11:10:00,664.15,666.55,664.05,665.5,1876
2026-03-19 11:15:00,665.5,665.6,662.0,662.6,984
2026-03-19 11:20:00,662.6,664.25,662.6,663.8,221
2026-03-19 11:25:00,663.8,663.8,661.8,662.0,1391
2026-03-19 11:30:00,661.45,662.85,661.45,662.85,810
2026-03-19 11:35:00,662.85,664.3,662.6,662.9,230
2026-03-19 11:40:00,662.9,663.45,662.15,662.8,119
2026-03-19 11:45:00,662.8,663.75,662.8,663.1,321
2026-03-19 11:50:00,663.1,663.9,662.5,662.7,189
2026-03-19 11:55:00,662.7,662.9,662.15,662.65,258
2026-03-19 12:00:00,662.65,663.15,662.0,662.0,1213
2026-03-19 12:05:00,662.0,664.05,661.5,664.05,2766
2026-03-19 12:10:00,663.2,665.1,663.2,664.55,431
2026-03-19 12:15:00,664.55,665.45,664.55,664.95,333
2026-03-19 12:20:00,665.0,665.05,663.85,664.3,1877
2026-03-19 12:25:00,665.1,665.1,664.1,665.05,501
2026-03-19 12:30:00,665.05,665.5,664.15,664.5,922
2026-03-19 12:35:00,664.5,665.95,664.5,664.65,1832
2026-03-19 12:40:00,664.65,665.1,663.5,664.15,1205
2026-03-19 12:45:00,664.05,665.25,664.05,664.2,1966
2026-03-19 12:50:00,664.2,664.7,664.05,664.55,218
2026-03-19 12:55:00,664.55,665.15,664.35,665.1,1926
2026-03-19 13:00:00,665.1,665.1,664.0,664.0,1808
2026-03-19 13:05:00,664.0,664.1,662.5,663.35,3597
2026-03-19 13:10:00,663.35,664.85,663.0,664.0,2771
2026-03-19 13:15:00,664.0,664.0,661.1,661.75,4316
2026-03-19 13:20:00,661.75,662.0,661.2,661.4,929
2026-03-19 13:25:00,661.4,661.4,660.45,661.0,1953
2026-03-19 13:30:00,661.0,661.0,657.35,658.5,3026
2026-03-19 13:35:00,658.5,659.25,657.3,659.1,1825
2026-03-19 13:40:00,659.25,659.9,658.2,659.15,1386
2026-03-19 13:45:00,659.15,659.65,658.2,659.25,1306
2026-03-19 13:50:00,659.25,660.3,658.5,659.85,1431
2026-03-19 13:55:00,659.85,660.7,659.1,660.65,2192
2026-03-19 14:00:00,660.95,661.05,658.75,659.85,1310
2026-03-19 14:05:00,659.85,659.85,658.0,658.3,2541
2026-03-19 14:10:00,657.4,658.45,657.0,657.1,1793
2026-03-19 14:15:00,656.95,659.0,656.85,658.05,1413
2026-03-19 14:20:00,658.15,658.65,657.6,658.45,1244
2026-03-19 14:25:00,658.45,658.85,656.75,658.2,1503
2026-03-19 14:30:00,658.2,662.25,658.2,662.1,2795
2026-03-19 14:35:00,661.4,662.8,661.05,661.2,1207
2026-03-19 14:40:00,661.2,663.9,661.1,663.85,1654
2026-03-19 14:45:00,663.9,664.3,662.0,662.1,1711
2026-03-19 14:50:00,660.95,662.2,659.55,660.5,1835
2026-03-19 14:55:00,660.5,660.85,655.7,655.7,3379
2026-03-19 15:00:00,655.65,658.9,655.65,658.75,2241
2026-03-19 15:05:00,658.75,659.15,657.2,658.6,1856
2026-03-19 15:10:00,658.2,660.25,657.95,658.85,4539
2026-03-19 15:15:00,658.85,660.15,658.1,659.75,4864
2026-03-19 15:20:00,659.75,659.85,658.05,659.05,5949
2026-03-19 15:25:00,658.0,659.1,655.0,659.0,3217
2026-03-20 09:15:00,658.95,663.5,658.95,661.75,3615
2026-03-20 09:20:00,661.75,664.2,660.75,663.1,3424
2026-03-20 09:25:00,663.1,664.2,662.3,664.2,887
2026-03-20 09:30:00,664.2,665.15,662.65,662.75,1824
2026-03-20 09:35:00,662.75,664.0,660.45,660.45,1853
2026-03-20 09:40:00,660.45,662.1,659.85,661.5,1670
2026-03-20 09:45:00,661.15,664.45,660.85,664.45,2184
2026-03-20 09:50:00,664.4,666.0,663.65,663.65,1243
2026-03-20 09:55:00,663.65,665.6,663.6,663.6,5437
2026-03-20 10:00:00,663.55,664.2,662.55,663.85,1259
2026-03-20 10:05:00,663.85,663.85,662.15,663.6,417
2026-03-20 10:10:00,663.6,663.6,662.85,663.45,54
2026-03-20 10:15:00,663.45,663.45,661.05,661.6,512
2026-03-20 10:20:00,661.6,661.6,660.0,660.6,1669
2026-03-20 10:25:00,660.6,661.6,660.05,660.7,240
2026-03-20 10:30:00,660.7,662.25,660.0,661.25,1178
2026-03-20 10:35:00,661.25,661.35,660.4,661.35,332
2026-03-20 10:40:00,661.75,662.0,661.25,661.25,444
2026-03-20 10:45:00,661.25,663.15,661.25,661.25,2216
2026-03-20 10:50:00,661.25,661.55,660.85,661.0,1570
2026-03-20 10:55:00,661.0,661.55,660.15,661.5,1054
2026-03-20 11:00:00,661.5,661.5,660.05,660.15,1170
2026-03-20 11:05:00,660.15,660.95,660.15,660.95,72
2026-03-20 11:10:00,660.95,661.3,660.15,661.3,350
2026-03-20 11:15:00,661.3,661.55,660.65,661.55,630
2026-03-20 11:20:00,661.55,663.4,661.55,663.35,348
2026-03-20 11:25:00,663.0,663.0,661.15,662.0,495
2026-03-20 11:30:00,662.0,662.0,661.15,661.15,23
2026-03-20 11:35:00,661.15,661.55,660.35,661.2,151
2026-03-20 11:40:00,661.2,661.2,660.15,660.7,223
2026-03-20 11:45:00,660.7,660.9,660.15,660.15,165
2026-03-20 11:50:00,660.15,660.95,655.1,657.1,5699
2026-03-20 11:55:00,657.1,659.85,656.0,659.3,5605
2026-03-20 12:00:00,659.3,660.35,658.65,658.65,3106
2026-03-20 12:05:00,658.65,659.4,657.95,657.95,329
2026-03-20 12:10:00,657.15,659.25,657.15,659.25,2031
2026-03-20 12:15:00,659.25,659.8,657.0,657.4,3541
2026-03-20 12:20:00,657.4,658.0,655.0,655.0,3377
2026-03-20 12:25:00,655.0,656.8,654.0,655.85,1454
2026-03-20 12:30:00,655.85,657.35,654.55,656.85,586
2026-03-20 12:35:00,656.85,656.85,655.75,656.2,265
2026-03-20 12:40:00,656.85,656.85,656.5,656.75,31
2026-03-20 12:45:00,656.75,656.75,655.65,656.05,548
2026-03-20 12:50:00,656.05,656.4,655.4,656.0,105
2026-03-20 12:55:00,656.0,656.75,654.9,654.9,2516
2026-03-20 13:00:00,654.9,655.1,654.35,655.1,49
2026-03-20 13:05:00,655.1,655.8,655.1,655.25,492
2026-03-20 13:10:00,655.25,655.7,655.0,655.7,128
2026-03-20 13:15:00,655.7,656.5,655.0,655.0,501
2026-03-20 13:20:00,655.0,655.25,654.05,654.55,312
2026-03-20 13:25:00,654.85,655.85,654.55,655.55,471
2026-03-20 13:30:00,655.55,655.55,654.35,654.65,230
2026-03-20 13:35:00,655.1,655.55,654.65,655.35,348
2026-03-20 13:40:00,655.35,655.35,653.1,653.1,1436
2026-03-20 13:45:00,653.1,654.45,653.1,653.95,2684
2026-03-20 13:50:00,653.95,654.35,652.05,653.65,3186
2026-03-20 13:55:00,653.65,654.15,652.6,652.8,1187
2026-03-20 14:00:00,652.8,654.6,652.05,653.8,3397
2026-03-20 14:05:00,653.85,654.4,652.0,652.95,904
2026-03-20 14:10:00,652.95,652.95,652.0,652.0,349
2026-03-20 14:15:00,652.35,652.8,651.35,652.45,1184
2026-03-20 14:20:00,652.45,652.95,651.1,651.6,349
2026-03-20 14:25:00,651.6,651.85,650.0,650.85,4758
2026-03-20 14:30:00,650.85,651.3,650.3,651.15,1976
2026-03-20 14:35:00,651.15,651.2,648.5,649.5,4309
2026-03-20 14:40:00,649.5,649.85,648.2,649.0,966
2026-03-20 14:45:00,648.75,650.65,648.75,649.3,1340
2026-03-20 14:50:00,649.3,650.3,649.0,649.75,1281
2026-03-20 14:55:00,649.0,650.1,648.85,649.0,2351
2026-03-20 15:00:00,649.0,649.0,640.05,642.25,19595
2026-03-20 15:05:00,642.25,642.75,641.7,642.0,14222
2026-03-20 15:10:00,642.0,642.95,640.05,642.75,14807
2026-03-20 15:15:00,642.75,644.6,642.0,642.7,13694
2026-03-20 15:20:00,643.3,644.95,642.0,644.65,20188
2026-03-20 15:25:00,644.65,654.0,642.55,652.0,27825
2026-03-23 09:15:00,643.9,643.9,601.0,630.0,12406
2026-03-23 09:20:00,630.3,633.3,630.0,630.0,4705
2026-03-23 09:25:00,630.0,633.05,629.15,630.1,2442
2026-03-23 09:30:00,629.0,629.75,625.25,628.75,4565
2026-03-23 09:35:00,627.85,628.95,626.1,626.95,1195
2026-03-23 09:40:00,626.95,628.0,626.0,628.0,1172
2026-03-23 09:45:00,628.0,628.0,625.25,626.75,1284
2026-03-23 09:50:00,626.75,626.75,624.1,624.7,2475
2026-03-23 09:55:00,624.6,625.2,623.1,623.4,1252
2026-03-23 10:00:00,623.4,623.8,620.1,621.55,3859
2026-03-23 10:05:00,621.55,621.65,619.9,621.1,4758
2026-03-23 10:10:00,621.1,621.1,618.65,618.65,1079
2026-03-23 10:15:00,618.65,619.5,617.0,617.35,2301
2026-03-23 10:20:00,617.5,619.75,617.25,617.35,974
2026-03-23 10:25:00,617.9,618.15,615.25,615.35,3186
2026-03-23 10:30:00,615.35,617.95,615.0,617.3,1433
2026-03-23 10:35:00,617.3,622.1,617.25,622.0,4239
2026-03-23 10:40:00,622.0,622.4,619.7,621.7,1835
2026-03-23 10:45:00,621.4,622.45,620.35,622.25,1512
2026-03-23 10:50:00,622.25,623.0,620.75,623.0,2234
2026-03-23 10:55:00,623.0,624.3,621.5,623.65,2849
2026-03-23 11:00:00,623.0,625.45,623.0,624.85,10685
2026-03-23 11:05:00,624.85,628.0,624.5,625.95,682
2026-03-23 11:10:00,625.95,625.95,624.1,625.6,1421
2026-03-23 11:15:00,625.6,625.6,623.9,625.0,1263
2026-03-23 11:20:00,625.0,626.55,625.0,625.15,923
2026-03-23 11:25:00,625.15,625.7,624.6,625.25,3439
2026-03-23 11:30:00,625.25,625.7,625.0,625.0,4308
2026-03-23 11:35:00,625.2,626.0,625.0,625.55,511
2026-03-23 11:40:00,625.55,627.4,625.55,625.7,1377
2026-03-23 11:45:00,625.7,625.8,625.0,625.8,976
2026-03-23 11:50:00,625.8,627.0,625.2,626.65,161
2026-03-23 11:55:00,626.65,626.95,625.75,626.25,372
2026-03-23 12:00:00,626.25,628.0,625.6,627.45,1202
2026-03-23 12:05:00,627.45,627.5,626.5,627.0,928
2026-03-23 12:10:00,627.0,627.6,627.0,627.0,7879
2026-03-23 12:15:00,627.0,627.5,627.0,627.0,1785
2026-03-23 12:20:00,627.0,627.6,627.0,627.15,5411
2026-03-23 12:25:00,627.15,629.15,627.0,628.85,1658
2026-03-23 12:30:00,628.85,628.85,627.6,627.9,308
2026-03-23 12:35:00,627.9,630.05,627.55,629.55,1566
2026-03-23 12:40:00,629.55,630.1,628.85,630.1,13860
2026-03-23 12:45:00,630.1,630.9,629.45,630.45,1068
2026-03-23 12:50:00,630.45,630.75,629.45,630.5,1253
2026-03-23 12:55:00,630.5,631.25,630.0,630.9,2147
2026-03-23 13:00:00,630.9,630.9,630.0,630.0,1195
2026-03-23 13:05:00,630.05,630.65,630.0,630.0,2658
2026-03-23 13:10:00,630.05,630.05,630.0,630.0,1181
2026-03-23 13:15:00,630.0,632.0,629.9,631.05,2166
2026-03-23 13:20:00,631.05,631.05,630.0,630.4,1267
2026-03-23 13:25:00,630.4,630.9,630.15,630.25,962
2026-03-23 13:30:00,630.25,630.8,630.2,630.5,634
2026-03-23 13:35:00,630.5,631.5,630.0,631.2,3803
2026-03-23 13:40:00,631.2,632.3,630.8,632.3,1160
2026-03-23 13:45:00,632.35,634.15,632.2,633.7,2178
2026-03-23 13:50:00,633.7,634.3,632.6,633.35,596
2026-03-23 13:55:00,633.35,634.8,633.15,634.15,1355
2026-03-23 14:00:00,634.15,634.15,633.1,634.15,662
2026-03-23 14:05:00,634.15,634.2,633.15,633.5,798
2026-03-23 14:10:00,633.5,634.05,632.85,632.85,1164
2026-03-23 14:15:00,632.85,633.4,632.0,632.7,1144
2026-03-23 14:20:00,633.3,634.05,632.9,632.95,757
2026-03-23 14:25:00,632.95,633.75,631.9,633.35,2020
2026-03-23 14:30:00,633.35,633.5,632.75,633.45,1496
2026-03-23 14:35:00,633.45,634.3,632.75,633.15,1226
2026-03-23 14:40:00,633.05,634.6,632.75,634.4,1447
2026-03-23 14:45:00,634.4,634.45,632.85,633.4,1459
2026-03-23 14:50:00,633.4,633.85,632.75,633.25,1956
2026-03-23 14:55:00,633.6,634.2,633.0,633.75,2795
2026-03-23 15:00:00,633.75,634.45,632.75,633.1,6514
2026-03-23 15:05:00,632.75,634.25,632.75,633.0,6305
2026-03-23 15:10:00,633.65,636.95,633.65,635.15,7974
2026-03-23 15:15:00,636.15,638.0,636.15,636.9,7198
2026-03-23 15:20:00,637.8,637.8,632.75,632.75,8766
2026-03-23 15:25:00,633.3,633.3,632.0,632.8,5163
2026-03-24 09:15:00,647.4,650.0,633.15,634.05,5461
2026-03-24 09:20:00,634.05,634.45,630.3,633.0,1703
2026-03-24 09:25:00,633.0,634.85,631.25,633.2,4073
2026-03-24 09:30:00,633.2,634.4,631.15,631.5,2465
2026-03-24 09:35:00,631.5,637.05,630.5,635.0,5511
2026-03-24 09:40:00,635.0,637.25,635.0,635.6,2162
2026-03-24 09:45:00,636.05,636.9,635.15,636.0,17351
2026-03-24 09:50:00,636.0,637.75,635.3,637.75,4384
2026-03-24 09:55:00,637.75,637.75,635.45,636.0,21728
2026-03-24 10:00:00,636.0,636.85,635.6,636.25,4754
2026-03-24 10:05:00,636.0,636.5,635.95,636.2,1450
2026-03-24 10:10:00,636.0,636.8,635.45,636.0,3785
2026-03-24 10:15:00,636.0,637.7,635.5,636.0,5069
2026-03-24 10:20:00,636.0,637.6,636.0,636.75,544
2026-03-24 10:25:00,637.0,637.0,636.0,636.25,418
2026-03-24 10:30:00,636.4,636.4,633.8,633.8,6515
2026-03-24 10:35:00,633.7,633.9,632.6,633.0,2136
2026-03-24 10:40:00,633.2,634.8,633.0,634.6,796
2026-03-24 10:45:00,634.6,635.2,633.45,634.05,619
2026-03-24 10:50:00,634.05,634.2,633.0,633.55,1768
2026-03-24 10:55:00,633.55,633.8,633.0,633.35,610
2026-03-24 11:00:00,633.4,634.0,632.8,633.6,1022
2026-03-24 11:05:00,633.5,635.75,633.0,635.3,546
2026-03-24 11:10:00,635.15,635.85,634.35,634.35,474
2026-03-24 11:15:00,634.35,635.05,633.0,634.85,2087
2026-03-24 11:20:00,634.85,635.85,634.2,635.15,761
2026-03-24 11:25:00,635.15,636.8,635.05,636.0,611
2026-03-24 11:30:00,636.0,636.7,635.35,636.4,630
2026-03-24 11:35:00,636.4,638.5,636.4,636.8,2967
2026-03-24 11:40:00,636.75,637.4,635.6,637.4,1069
2026-03-24 11:45:00,637.4,638.15,636.5,637.65,1252
2026-03-24 11:50:00,637.65,637.8,636.1,637.8,2551
2026-03-24 11:55:00,637.8,639.1,637.15,638.1,1684
2026-03-24 12:00:00,638.1,638.4,636.4,637.55,708
2026-03-24 12:05:00,637.55,637.55,636.25,637.15,1656
2026-03-24 12:10:00,637.15,639.0,637.0,637.85,683
2026-03-24 12:15:00,637.05,638.0,635.95,636.95,945
2026-03-24 12:20:00,637.05,641.65,636.55,641.65,3370
2026-03-24 12:25:00,642.05,642.05,636.9,636.9,3161
2026-03-24 12:30:00,636.9,639.65,636.2,638.55,3787
2026-03-24 12:35:00,638.55,641.55,638.4,641.55,9154
2026-03-24 12:40:00,641.55,644.8,641.55,643.0,1921
2026-03-24 12:45:00,642.95,643.75,642.2,642.2,716
2026-03-24 12:50:00,642.2,642.85,641.15,641.6,424
2026-03-24 12:55:00,641.6,642.2,640.75,641.85,626
2026-03-24 13:00:00,641.85,646.05,641.65,645.4,3822
2026-03-24 13:05:00,645.1,645.85,644.0,645.85,583
2026-03-24 13:10:00,645.85,646.85,645.4,645.85,1899
2026-03-24 13:15:00,645.85,646.35,645.2,646.2,715
2026-03-24 13:20:00,646.2,646.25,645.35,645.55,771
2026-03-24 13:25:00,645.55,646.7,645.55,646.7,747
2026-03-24 13:30:00,646.65,647.0,644.55,645.0,32603
2026-03-24 13:35:00,645.0,646.6,645.0,645.45,1769
2026-03-24 13:40:00,645.45,646.9,645.3,646.15,266
2026-03-24 13:45:00,646.15,647.05,645.4,645.75,1547
2026-03-24 13:50:00,645.75,646.9,645.05,646.55,1926
2026-03-24 13:55:00,646.55,647.3,646.35,647.0,637
2026-03-24 14:00:00,647.25,647.25,646.25,646.5,1611
2026-03-24 14:05:00,647.0,647.45,646.05,646.6,574
2026-03-24 14:10:00,646.6,647.05,646.05,646.85,692
2026-03-24 14:15:00,646.85,647.5,646.7,646.7,173
2026-03-24 14:20:00,646.7,647.1,645.35,645.75,628
2026-03-24 14:25:00,645.75,646.05,645.5,646.05,913
2026-03-24 14:30:00,646.05,646.05,644.95,645.25,1375
2026-03-24 14:35:00,645.25,645.8,644.3,645.0,2971
2026-03-24 14:40:00,645.0,646.4,644.45,645.4,992
2026-03-24 14:45:00,645.4,646.25,645.0,645.0,1475
2026-03-24 14:50:00,645.0,645.1,644.0,645.1,1752
2026-03-24 14:55:00,645.1,645.85,645.0,645.5,696
2026-03-24 15:00:00,645.5,645.65,644.7,645.15,3107
2026-03-24 15:05:00,645.15,646.0,644.55,645.3,5714
2026-03-24 15:10:00,645.3,646.0,645.05,645.5,3790
2026-03-24 15:15:00,645.5,645.9,645.0,645.25,2684
2026-03-24 15:20:00,645.25,646.0,645.0,645.35,6170
2026-03-24 15:25:00,645.35,648.0,645.0,646.0,5302
2026-03-25 09:15:00,653.95,659.0,650.2,659.0,6061
2026-03-25 09:20:00,659.0,666.4,659.0,665.45,5112
2026-03-25 09:25:00,665.45,668.5,665.45,667.25,6280
2026-03-25 09:30:00,666.6,671.35,666.6,670.85,3747
2026-03-25 09:35:00,670.8,671.6,668.95,670.8,4911
2026-03-25 09:40:00,670.0,671.35,669.55,670.55,1469
2026-03-25 09:45:00,671.5,675.3,671.5,674.0,8157
2026-03-25 09:50:00,674.0,675.1,670.65,671.8,2569
2026-03-25 09:55:00,671.8,672.45,668.95,669.8,1641
2026-03-25 10:00:00,669.0,670.35,667.1,668.75,3512
2026-03-25 10:05:00,668.2,668.3,666.15,667.05,1436
2026-03-25 10:10:00,667.05,667.05,664.3,665.0,3898
2026-03-25 10:15:00,664.35,665.65,664.35,665.65,4395
2026-03-25 10:20:00,665.65,665.7,662.4,662.75,1792
2026-03-25 10:25:00,662.75,663.65,662.75,662.75,398
2026-03-25 10:30:00,662.75,663.45,661.9,662.05,1360
2026-03-25 10:35:00,662.05,662.55,661.55,662.0,1981
2026-03-25 10:40:00,662.0,662.75,661.9,662.5,1065
2026-03-25 10:45:00,662.65,662.85,661.4,662.15,3158
2026-03-25 10:50:00,662.15,662.4,661.7,661.7,479
2026-03-25 10:55:00,661.7,662.4,661.7,662.4,346
2026-03-25 11:00:00,662.4,662.5,661.95,662.0,1180
2026-03-25 11:05:00,662.0,662.55,661.95,662.3,2196
2026-03-25 11:10:00,662.3,662.5,661.95,662.4,433
2026-03-25 11:15:00,662.4,662.4,661.45,661.45,1015
2026-03-25 11:20:00,661.45,661.7,658.7,659.6,1977
2026-03-25 11:25:00,659.6,660.0,659.05,659.05,1524
2026-03-25 11:30:00,658.0,659.0,657.15,657.35,2096
2026-03-25 11:35:00,657.35,658.85,657.35,657.9,967
2026-03-25 11:40:00,657.9,657.9,656.0,656.65,1294
2026-03-25 11:45:00,656.65,657.7,656.05,657.7,909
2026-03-25 11:50:00,657.7,658.85,657.35,657.35,283
2026-03-25 11:55:00,657.35,658.4,656.3,657.9,3598
2026-03-25 12:00:00,657.9,658.8,657.5,658.35,8705
2026-03-25 12:05:00,658.0,658.65,656.65,658.2,7070
2026-03-25 12:10:00,658.2,658.3,657.05,657.4,1065
2026-03-25 12:15:00,658.05,658.05,657.0,657.05,864
2026-03-25 12:20:00,657.05,657.65,656.7,657.4,474
2026-03-25 12:25:00,657.4,657.4,655.3,656.45,1737
2026-03-25 12:30:00,656.45,656.45,655.75,656.35,771
2026-03-25 12:35:00,656.35,656.75,655.5,656.0,2308
2026-03-25 12:40:00,656.0,656.35,655.8,655.8,1648
2026-03-25 12:45:00,655.8,656.4,655.55,655.85,1638
2026-03-25 12:50:00,655.85,656.4,654.0,654.0,2171
2026-03-25 12:55:00,654.0,654.5,653.4,653.45,1041
2026-03-25 13:00:00,654.0,654.55,653.3,654.3,707
2026-03-25 13:05:00,654.5,654.5,653.4,653.65,312
2026-03-25 13:10:00,653.65,654.0,653.2,653.2,581
2026-03-25 13:15:00,654.2,655.85,654.2,655.7,2113
2026-03-25 13:20:00,655.7,655.8,653.8,655.25,1152
2026-03-25 13:25:00,655.25,659.5,654.8,656.1,23725
2026-03-25 13:30:00,655.5,667.2,655.45,665.8,41878
2026-03-25 13:35:00,665.8,665.85,662.1,662.8,11222
2026-03-25 13:40:00,661.2,662.35,659.15,660.1,6569
2026-03-25 13:45:00,660.1,661.0,658.9,660.0,5268
2026-03-25 13:50:00,660.0,660.75,659.45,659.7,4361
2026-03-25 13:55:00,659.7,660.6,659.0,659.85,4406
2026-03-25 14:00:00,660.0,660.6,659.7,660.3,2827
2026-03-25 14:05:00,658.55,660.15,658.55,660.0,4786
2026-03-25 14:10:00,660.15,664.3,660.0,663.3,24588
2026-03-25 14:15:00,664.0,667.5,663.3,667.5,8822
2026-03-25 14:20:00,667.95,668.6,666.15,666.85,4378
2026-03-25 14:25:00,667.3,668.75,666.2,668.3,4164
2026-03-25 14:30:00,668.3,670.4,667.65,670.4,5638
2026-03-25 14:35:00,670.5,672.6,670.0,671.75,7787
2026-03-25 14:40:00,671.85,672.35,671.35,671.75,2916
2026-03-25 14:45:00,672.35,672.85,671.45,672.1,6005
2026-03-25 14:50:00,672.15,672.85,671.0,672.8,6589
2026-03-25 14:55:00,672.8,673.9,671.85,673.35,5167
2026-03-25 15:00:00,672.25,672.25,670.0,671.25,3921
2026-03-25 15:05:00,671.7,671.7,670.55,670.95,3549
2026-03-25 15:10:00,670.95,671.9,670.9,671.2,5022
2026-03-25 15:15:00,671.2,671.85,670.25,671.2,11387
2026-03-25 15:20:00,671.2,672.0,670.5,670.95,12649
2026-03-25 15:25:00,670.95,671.95,665.0,668.0,5454
2026-03-27 09:15:00,675.0,743.8,674.2,731.15,615626
2026-03-27 09:20:00,730.95,742.75,726.55,734.8,847829
2026-03-27 09:25:00,734.5,737.0,724.65,727.5,596625
2026-03-27 09:30:00,727.05,748.5,724.1,747.2,1037690
2026-03-27 09:35:00,746.7,752.95,744.5,748.95,1132486
2026-03-27 09:40:00,749.0,749.0,739.0,744.25,705937
2026-03-27 09:45:00,744.75,745.0,738.05,739.0,467312
2026-03-27 09:50:00,739.05,741.1,731.35,733.15,593514
2026-03-27 09:55:00,733.7,736.0,731.0,732.2,400031
2026-03-27 10:00:00,732.95,734.2,727.5,729.2,425495
2026-03-27 10:05:00,729.9,730.0,705.45,707.95,1453978
2026-03-27 10:10:00,708.75,719.0,707.7,718.35,774451
2026-03-27 10:15:00,718.8,726.35,717.05,723.6,981886
2026-03-27 10:20:00,723.6,723.8,714.0,717.4,714663
2026-03-27 10:25:00,717.35,725.8,717.3,723.8,445797
2026-03-27 10:30:00,723.8,723.8,718.6,720.0,192910
2026-03-27 10:35:00,720.4,724.0,720.0,722.0,139774
2026-03-27 10:40:00,721.55,723.1,719.3,720.25,128861
2026-03-27 10:45:00,720.65,720.8,709.85,710.3,450670
2026-03-27 10:50:00,710.2,713.0,707.2,708.0,488435
2026-03-27 10:55:00,708.5,709.95,703.15,707.6,461208
2026-03-27 11:00:00,707.5,708.8,703.7,704.65,237722
2026-03-27 11:05:00,704.0,709.75,704.0,707.3,193186
2026-03-27 11:10:00,707.25,709.8,705.35,708.0,219238
2026-03-27 11:15:00,708.0,709.65,706.5,708.3,126329
2026-03-27 11:20:00,708.75,708.75,706.5,707.15,55700
2026-03-27 11:25:00,707.0,707.4,696.15,697.3,544157
2026-03-27 11:30:00,697.3,698.9,695.1,696.75,270290
2026-03-27 11:35:00,697.25,699.0,694.45,696.5,233446
2026-03-27 11:40:00,696.55,698.3,692.8,697.95,251995
2026-03-27 11:45:00,697.55,702.9,697.2,701.3,301488
2026-03-27 11:50:00,701.0,706.8,700.65,704.5,341013
2026-03-27 11:55:00,705.3,705.55,701.65,703.7,200387
2026-03-27 12:00:00,704.35,704.35,700.75,702.2,118179
2026-03-27 12:05:00,702.1,709.85,700.7,709.3,256097
2026-03-27 12:10:00,709.5,710.5,705.7,707.5,238076
2026-03-27 12:15:00,707.5,709.95,707.1,709.3,188953
2026-03-27 12:20:00,709.3,709.5,702.75,703.3,201582
2026-03-27 12:25:00,703.6,708.05,703.55,705.95,158782
2026-03-27 12:30:00,705.95,706.25,704.0,704.15,79137
2026-03-27 12:35:00,704.8,705.85,703.1,704.1,90308
2026-03-27 12:40:00,704.1,706.0,702.65,704.15,101006
2026-03-27 12:45:00,704.45,707.0,700.8,701.35,156369
2026-03-27 12:50:00,701.3,703.75,700.85,703.2,73926
2026-03-27 12:55:00,702.7,705.25,702.3,703.1,69977
2026-03-27 13:00:00,703.45,707.5,702.45,706.2,129497
2026-03-27 13:05:00,706.0,706.9,704.1,706.0,56467
2026-03-27 13:10:00,706.0,706.85,704.8,705.0,52386
2026-03-27 13:15:00,705.1,708.5,704.85,707.7,93677
2026-03-27 13:20:00,707.7,708.0,706.15,706.9,37198
2026-03-27 13:25:00,706.9,709.0,706.9,707.5,107267
2026-03-27 13:30:00,708.0,709.85,703.75,705.95,130329
2026-03-27 13:35:00,706.0,706.8,702.4,703.1,86288
2026-03-27 13:40:00,703.1,705.6,702.95,704.65,47857
2026-03-27 13:45:00,704.9,705.0,698.0,698.6,210924
2026-03-27 13:50:00,698.5,699.8,688.55,692.65,494961
2026-03-27 13:55:00,692.8,695.95,692.0,692.25,177290
2026-03-27 14:00:00,692.25,693.5,691.0,692.1,111892
2026-03-27 14:05:00,692.05,692.5,689.35,691.1,105774
2026-03-27 14:10:00,691.1,691.4,685.15,688.25,280649
2026-03-27 14:15:00,688.2,689.0,684.7,685.35,196416
2026-03-27 14:20:00,685.5,687.9,685.1,687.4,88461
2026-03-27 14:25:00,687.5,689.25,684.0,685.1,154003
2026-03-27 14:30:00,685.05,688.15,684.75,687.2,101894
2026-03-27 14:35:00,687.0,691.05,686.3,688.9,120454
2026-03-27 14:40:00,688.35,705.0,688.2,698.35,588193
2026-03-27 14:45:00,698.6,699.6,693.6,698.45,230272
2026-03-27 14:50:00,698.45,703.95,697.55,701.45,279859
2026-03-27 14:55:00,701.5,701.85,693.75,695.7,286991
2026-03-27 15:00:00,695.7,698.45,691.35,696.35,224225
2026-03-27 15:05:00,696.8,697.75,690.85,696.0,229477
2026-03-27 15:10:00,695.65,696.9,692.0,695.05,151964
2026-03-27 15:15:00,695.5,698.0,689.55,691.85,393317
2026-03-27 15:20:00,691.15,696.0,678.65,683.7,240358
2026-03-27 15:25:00,683.1,684.7,672.0,683.0,189285
2026-03-30 09:15:00,677.35,677.35,652.0,657.85,208625
2026-03-30 09:20:00,656.8,666.9,656.0,660.9,59022
2026-03-30 09:25:00,660.9,663.0,659.6,661.9,24304
2026-03-30 09:30:00,663.0,668.2,662.0,667.95,56046
2026-03-30 09:35:00,668.0,668.5,663.75,664.35,22038
2026-03-30 09:40:00,664.0,667.0,663.7,666.8,18856
2026-03-30 09:45:00,666.9,668.6,660.45,661.05,48521
2026-03-30 09:50:00,660.6,663.7,660.55,661.5,13572
2026-03-30 09:55:00,661.5,662.55,654.8,655.0,50587
2026-03-30 10:00:00,655.45,657.7,653.35,656.35,33721
2026-03-30 10:05:00,656.75,657.0,653.3,654.25,31594
2026-03-30 10:10:00,653.6,653.65,647.0,651.9,67440
2026-03-30 10:15:00,651.85,651.9,650.1,650.6,25036
2026-03-30 10:20:00,650.6,652.0,649.65,651.55,18594
2026-03-30 10:25:00,651.6,651.8,649.5,650.0,14551
2026-03-30 10:30:00,649.5,652.8,649.3,652.65,39609
2026-03-30 10:35:00,654.0,655.65,650.9,652.0,49882
2026-03-30 10:40:00,652.0,652.0,649.0,649.0,16042
2026-03-30 10:45:00,649.1,650.95,649.1,649.8,8709
2026-03-30 10:50:00,649.45,649.8,647.15,647.7,17273
2026-03-30 10:55:00,647.9,649.2,647.5,647.8,25279
2026-03-30 11:00:00,647.65,647.9,645.05,645.55,31500
2026-03-30 11:05:00,645.55,647.0,645.05,646.7,20512
2026-03-30 11:10:00,646.4,647.2,645.8,647.0,4087
2026-03-30 11:15:00,647.0,648.7,646.7,647.1,12225
2026-03-30 11:20:00,647.1,649.8,646.95,647.85,22072
2026-03-30 11:25:00,647.1,647.7,646.3,646.6,9421
2026-03-30 11:30:00,646.6,647.7,646.4,647.35,7665
2026-03-30 11:35:00,647.35,650.0,646.4,646.4,19216
2026-03-30 11:40:00,646.15,646.8,645.0,646.5,16845
2026-03-30 11:45:00,646.2,646.65,645.0,645.7,11001
2026-03-30 11:50:00,645.7,646.75,645.15,646.05,12072
2026-03-30 11:55:00,645.9,647.0,645.6,645.7,11057
2026-03-30 12:00:00,645.7,649.4,645.1,648.45,25280
2026-03-30 12:05:00,647.95,648.6,646.05,646.55,4502
2026-03-30 12:10:00,646.2,648.5,646.1,647.3,20981
2026-03-30 12:15:00,647.3,651.15,646.3,651.15,23557
2026-03-30 12:20:00,651.5,652.3,649.6,649.6,18551
2026-03-30 12:25:00,649.6,650.1,648.05,649.15,11314
2026-03-30 12:30:00,648.95,650.75,648.6,650.0,10076
2026-03-30 12:35:00,650.0,654.95,649.5,654.95,27351
2026-03-30 12:40:00,654.25,654.35,651.95,653.15,15477
2026-03-30 12:45:00,653.2,653.25,650.75,651.85,54795
2026-03-30 12:50:00,651.5,651.85,650.45,651.45,32344
2026-03-30 12:55:00,651.0,652.0,650.55,651.0,12178
2026-03-30 13:00:00,651.55,652.45,650.95,651.65,17314
2026-03-30 13:05:00,651.5,652.9,651.45,651.95,17298
2026-03-30 13:10:00,651.6,652.2,651.25,651.5,12994
2026-03-30 13:15:00,651.5,652.55,651.5,651.85,5321
2026-03-30 13:20:00,651.5,652.0,651.35,651.75,4968
2026-03-30 13:25:00,651.5,652.05,651.3,651.5,12777
2026-03-30 13:30:00,651.75,652.5,651.1,652.5,6954
2026-03-30 13:35:00,652.55,652.85,651.6,652.0,7799
2026-03-30 13:40:00,651.7,652.5,651.2,651.75,8403
2026-03-30 13:45:00,651.5,652.2,651.35,652.0,9987
2026-03-30 13:50:00,652.0,652.0,648.3,648.6,22785
2026-03-30 13:55:00,648.6,651.95,648.0,651.85,27224
2026-03-30 14:00:00,651.85,653.0,651.1,652.3,15282
2026-03-30 14:05:00,652.3,652.3,651.25,651.8,5983
2026-03-30 14:10:00,651.75,651.75,650.15,651.5,17145
2026-03-30 14:15:00,651.5,652.05,651.35,651.65,17295
2026-03-30 14:20:00,651.65,651.8,651.0,651.6,35021
2026-03-30 14:25:00,651.6,652.0,651.3,651.5,6224
2026-03-30 14:30:00,651.8,652.1,651.15,651.5,10644
2026-03-30 14:35:00,651.5,651.9,651.0,651.5,10135
2026-03-30 14:40:00,651.6,652.2,650.8,651.25,27728
2026-03-30 14:45:00,651.2,651.95,650.75,651.4,17968
2026-03-30 14:50:00,651.6,652.0,650.95,651.15,24892
2026-03-30 14:55:00,651.55,652.3,651.15,651.55,15228
2026-03-30 15:00:00,651.55,651.9,651.3,651.75,12879
2026-03-30 15:05:00,651.5,651.75,650.55,651.5,33420
2026-03-30 15:10:00,651.5,651.75,650.8,651.5,30684
2026-03-30 15:15:00,651.5,652.2,650.7,651.95,43993
2026-03-30 15:20:00,651.85,652.15,646.4,648.9,24418
2026-03-30 15:25:00,648.65,652.55,647.2,651.7,26043
2026-04-01 09:15:00,673.0,673.0,656.15,665.05,45984
2026-04-01 09:20:00,664.9,666.45,661.9,663.0,7297
2026-04-01 09:25:00,663.0,664.55,661.8,662.0,7308
2026-04-01 09:30:00,662.0,662.0,656.6,656.95,13851
2026-04-01 09:35:00,657.6,657.6,653.0,653.7,13906
2026-04-01 09:40:00,653.2,657.55,653.0,654.3,12225
2026-04-01 09:45:00,654.3,655.6,653.0,655.0,6463
2026-04-01 09:50:00,655.7,657.25,654.7,656.45,12987
2026-04-01 09:55:00,656.45,657.2,655.0,655.75,10684
2026-04-01 10:00:00,655.85,658.8,655.2,658.8,8072
2026-04-01 10:05:00,658.35,659.15,656.25,657.75,3531
2026-04-01 10:10:00,657.85,658.7,656.0,657.0,6302
2026-04-01 10:15:00,657.25,657.7,656.2,656.2,1149
2026-04-01 10:20:00,656.25,662.75,656.2,662.25,18863
2026-04-01 10:25:00,662.25,663.0,661.65,662.0,10250
2026-04-01 10:30:00,662.7,664.65,662.0,663.5,4448
2026-04-01 10:35:00,663.5,666.0,663.5,664.95,7159
2026-04-01 10:40:00,664.9,665.55,663.6,664.0,6503
2026-04-01 10:45:00,664.0,665.05,663.8,664.0,11274
2026-04-01 10:50:00,664.0,664.2,663.85,664.1,8403
2026-04-01 10:55:00,664.15,664.15,663.5,664.0,20902
2026-04-01 11:00:00,664.25,664.25,663.65,664.05,3246
2026-04-01 11:05:00,664.05,665.45,662.5,662.5,5408
2026-04-01 11:10:00,662.5,664.0,662.2,662.45,5124
2026-04-01 11:15:00,662.8,663.25,662.2,663.0,1473
2026-04-01 11:20:00,663.4,664.5,662.45,663.9,6277
2026-04-01 11:25:00,663.8,664.6,663.75,664.4,4755
2026-04-01 11:30:00,664.4,664.4,662.2,663.0,3374
2026-04-01 11:35:00,663.0,664.5,663.0,664.05,4198
2026-04-01 11:40:00,664.05,665.5,663.35,663.45,4834
2026-04-01 11:45:00,663.45,664.0,662.05,662.1,1874
2026-04-01 11:50:00,662.1,664.0,662.0,663.15,1713
2026-04-01 11:55:00,663.05,664.0,662.8,663.4,1506
2026-04-01 12:00:00,663.4,667.25,663.4,666.75,5952
2026-04-01 12:05:00,666.75,667.0,665.65,667.0,1922
2026-04-01 12:10:00,667.0,667.4,665.85,666.05,1679
2026-04-01 12:15:00,666.05,667.85,665.25,666.6,2240
2026-04-01 12:20:00,666.6,666.95,666.1,666.25,949
2026-04-01 12:25:00,666.15,667.1,665.95,666.7,1245
2026-04-01 12:30:00,666.7,667.1,664.95,665.1,1923
2026-04-01 12:35:00,665.1,666.95,665.1,665.95,1542
2026-04-01 12:40:00,665.95,666.45,665.55,665.6,1665
2026-04-01 12:45:00,665.6,667.2,665.6,666.1,1118
2026-04-01 12:50:00,666.1,667.75,666.05,666.4,1566
2026-04-01 12:55:00,666.4,666.4,664.1,664.65,3526
2026-04-01 13:00:00,664.65,665.35,664.3,664.8,518
2026-04-01 13:05:00,664.8,667.4,664.8,666.45,3492
2026-04-01 13:10:00,666.4,666.9,665.45,666.55,2090
2026-04-01 13:15:00,666.55,667.85,665.55,667.65,3181
2026-04-01 13:20:00,667.65,667.7,666.85,667.55,2397
2026-04-01 13:25:00,667.55,667.85,667.2,667.3,1368
2026-04-01 13:30:00,667.3,667.8,667.0,667.35,6731
2026-04-01 13:35:00,667.2,667.3,666.9,667.3,1059
2026-04-01 13:40:00,667.3,667.3,660.4,663.95,18570
2026-04-01 13:45:00,663.95,665.25,663.0,664.65,1757
2026-04-01 13:50:00,664.65,666.8,663.9,665.35,5329
2026-04-01 13:55:00,665.35,666.35,665.1,665.85,2076
2026-04-01 14:00:00,665.85,666.5,665.25,666.0,1280
2026-04-01 14:05:00,666.0,666.9,665.9,666.45,1395
2026-04-01 14:10:00,666.45,667.3,666.1,667.0,2206
2026-04-01 14:15:00,667.35,667.35,665.05,665.6,1257
2026-04-01 14:20:00,665.6,666.05,665.15,665.4,950
2026-04-01 14:25:00,665.4,667.7,665.4,666.55,4054
2026-04-01 14:30:00,666.9,666.95,666.0,666.1,2233
2026-04-01 14:35:00,666.1,667.25,665.9,666.1,2198
2026-04-01 14:40:00,666.1,667.35,666.1,667.25,2204
2026-04-01 14:45:00,667.25,667.25,666.2,666.35,1353
2026-04-01 14:50:00,666.2,670.65,666.2,668.35,13034
2026-04-01 14:55:00,668.35,669.3,667.05,667.8,3839
2026-04-01 15:00:00,668.15,675.0,668.15,673.65,18692
2026-04-01 15:05:00,673.0,673.55,670.9,672.95,9850
2026-04-01 15:10:00,673.6,674.0,669.5,671.1,8888
2026-04-01 15:15:00,671.35,675.0,670.85,674.4,11675
2026-04-01 15:20:00,674.1,675.95,672.75,672.95,10780
2026-04-01 15:25:00,673.9,675.0,670.0,672.1,9919
2026-04-02 09:15:00,657.2,660.0,647.0,648.85,14179
2026-04-02 09:20:00,648.85,651.1,646.0,650.65,13627
2026-04-02 09:25:00,651.1,651.1,646.1,647.7,6878
2026-04-02 09:30:00,647.75,649.3,646.45,647.1,3319
2026-04-02 09:35:00,647.65,649.3,646.9,647.35,4183
2026-04-02 09:40:00,647.6,650.35,646.7,649.95,5648
2026-04-02 09:45:00,650.0,650.0,647.1,647.6,2952
2026-04-02 09:50:00,647.6,648.9,646.0,646.45,5110
2026-04-02 09:55:00,646.45,651.95,646.45,648.85,5224
2026-04-02 10:00:00,649.3,653.7,649.3,651.75,7287
2026-04-02 10:05:00,651.75,651.75,646.65,646.65,5769
2026-04-02 10:10:00,646.0,649.5,645.75,649.3,6857
2026-04-02 10:15:00,648.65,648.65,646.65,646.65,2765
2026-04-02 10:20:00,646.8,647.45,646.05,646.5,2998
2026-04-02 10:25:00,646.5,647.8,646.1,647.2,564
2026-04-02 10:30:00,647.2,648.2,646.25,646.45,528
2026-04-02 10:35:00,646.5,647.35,646.0,647.0,2477
2026-04-02 10:40:00,647.0,649.05,647.0,647.8,2795
2026-04-02 10:45:00,647.8,648.8,646.4,646.4,5442
2026-04-02 10:50:00,646.35,648.5,646.05,648.5,535
2026-04-02 10:55:00,648.5,649.2,648.2,649.2,732
2026-04-02 11:00:00,649.2,650.9,648.5,649.7,3007
2026-04-02 11:05:00,649.7,657.2,649.7,655.6,7073
2026-04-02 11:10:00,655.6,655.6,653.65,655.3,3267
2026-04-02 11:15:00,655.3,656.35,654.2,655.0,2271
2026-04-02 11:20:00,655.0,655.6,654.6,655.0,801
2026-04-02 11:25:00,655.0,655.0,653.2,654.0,3239
2026-04-02 11:30:00,654.0,657.8,654.0,657.8,7174
2026-04-02 11:35:00,658.45,659.2,657.8,659.05,2820
2026-04-02 11:40:00,659.05,659.25,657.15,659.25,2094
2026-04-02 11:45:00,659.25,659.3,658.35,658.45,851
2026-04-02 11:50:00,658.8,663.7,658.45,663.25,11107
2026-04-02 11:55:00,663.25,663.65,662.55,662.75,962
2026-04-02 12:00:00,662.75,662.95,660.55,661.05,866
2026-04-02 12:05:00,661.05,662.9,660.75,662.9,7040
2026-04-02 12:10:00,662.9,664.45,662.25,663.9,3384
2026-04-02 12:15:00,663.95,665.0,663.95,664.35,517
2026-04-02 12:20:00,664.05,664.15,661.5,663.6,2059
2026-04-02 12:25:00,663.6,664.4,662.25,663.0,859
2026-04-02 12:30:00,663.3,664.95,663.3,664.7,1632
2026-04-02 12:35:00,664.7,666.35,664.1,665.7,2059
2026-04-02 12:40:00,665.7,666.3,665.05,666.2,2577
2026-04-02 12:45:00,666.2,667.15,665.5,667.15,459
2026-04-02 12:50:00,667.4,667.4,665.0,665.05,556
2026-04-02 12:55:00,664.9,667.4,664.9,666.75,2814
2026-04-02 13:00:00,666.75,668.5,666.6,666.65,4352
2026-04-02 13:05:00,666.65,668.0,665.0,665.65,2961
2026-04-02 13:10:00,665.65,665.75,665.0,665.55,544
2026-04-02 13:15:00,665.55,683.6,664.9,675.6,23020
2026-04-02 13:20:00,676.35,676.9,674.1,675.5,9855
2026-04-02 13:25:00,675.5,675.6,674.0,675.4,2588
2026-04-02 13:30:00,675.5,675.5,673.55,674.85,3217
2026-04-02 13:35:00,675.05,675.8,673.2,674.75,3185
2026-04-02 13:40:00,674.75,674.75,673.9,674.4,402
2026-04-02 13:45:00,673.75,675.5,673.25,674.0,1662
2026-04-02 13:50:00,674.0,676.2,674.0,676.15,8219
2026-04-02 13:55:00,676.15,676.4,670.9,670.9,13834
2026-04-02 14:00:00,670.6,671.55,669.6,671.55,4630
2026-04-02 14:05:00,671.55,671.55,670.05,671.4,1058
2026-04-02 14:10:00,671.4,681.4,671.4,681.4,6098
2026-04-02 14:15:00,681.4,682.1,679.3,680.8,7156
2026-04-02 14:20:00,680.8,689.7,680.8,689.0,25753
2026-04-02 14:25:00,689.0,689.8,686.6,687.4,12887
2026-04-02 14:30:00,687.4,688.75,686.15,687.6,4231
2026-04-02 14:35:00,687.6,687.6,684.05,684.65,3965
2026-04-02 14:40:00,684.65,685.85,683.7,684.0,3803
2026-04-02 14:45:00,684.0,687.2,684.0,685.8,2080
2026-04-02 14:50:00,685.8,689.8,684.75,688.05,9358
2026-04-02 14:55:00,688.05,688.45,685.95,687.0,5552
2026-04-02 15:00:00,687.85,694.4,687.85,694.3,12629
2026-04-02 15:05:00,694.0,694.4,693.45,694.2,5226
2026-04-02 15:10:00,693.3,694.3,689.65,689.65,7103
2026-04-02 15:15:00,689.65,690.25,688.0,688.5,6087
2026-04-02 15:20:00,687.3,687.3,681.4,685.25,16895
2026-04-02 15:25:00,685.25,685.7,680.0,680.5,13036
2026-04-06 09:15:00,688.0,694.3,673.5,675.7,18977
2026-04-06 09:20:00,679.45,682.65,677.3,680.0,7365
2026-04-06 09:25:00,680.95,681.2,675.05,676.1,4534
2026-04-06 09:30:00,676.0,680.0,674.9,680.0,3254
2026-04-06 09:35:00,680.8,682.75,679.6,680.2,3658
2026-04-06 09:40:00,680.85,681.85,675.7,678.15,4589
2026-04-06 09:45:00,677.75,680.0,675.6,676.8,4398
2026-04-06 09:50:00,676.75,676.75,673.6,675.0,3062
2026-04-06 09:55:00,675.0,676.45,674.45,675.3,2145
2026-04-06 10:00:00,675.3,676.85,673.45,676.85,2263
2026-04-06 10:05:00,676.4,678.3,675.3,678.15,1231
2026-04-06 10:10:00,676.85,677.85,676.85,677.6,2663
2026-04-06 10:15:00,677.6,678.8,677.1,678.1,1762
2026-04-06 10:20:00,678.2,680.0,678.2,679.2,1036
2026-04-06 10:25:00,679.2,679.2,677.2,679.1,836
2026-04-06 10:30:00,679.05,679.2,677.2,679.05,873
2026-04-06 10:35:00,679.05,679.45,677.2,678.9,559
2026-04-06 10:40:00,678.9,679.85,678.05,679.0,325
2026-04-06 10:45:00,679.0,681.8,679.0,681.65,1490
2026-04-06 10:50:00,680.9,682.0,680.0,681.1,2449
2026-04-06 10:55:00,681.1,684.0,681.1,683.45,2651
2026-04-06 11:00:00,683.45,684.7,682.55,682.75,1714
2026-04-06 11:05:00,682.75,684.05,681.95,684.05,1420
2026-04-06 11:10:00,684.05,684.15,676.2,677.85,6509
2026-04-06 11:15:00,677.5,678.4,676.05,676.95,2636
2026-04-06 11:20:00,677.85,678.95,676.0,678.45,2654
2026-04-06 11:25:00,678.45,679.55,677.7,679.55,992
2026-04-06 11:30:00,679.55,679.8,678.0,679.5,400
2026-04-06 11:35:00,679.5,680.8,677.55,677.55,2744
2026-04-06 11:40:00,677.55,679.15,677.55,678.85,1339
2026-04-06 11:45:00,678.85,679.8,678.1,679.15,213
2026-04-06 11:50:00,679.15,680.75,679.15,680.75,270
2026-04-06 11:55:00,680.75,683.4,680.15,682.0,2113
2026-04-06 12:00:00,682.0,682.0,680.0,680.6,602
2026-04-06 12:05:00,680.6,681.1,679.8,679.8,455
2026-04-06 12:10:00,679.8,679.8,678.0,678.8,1947
2026-04-06 12:15:00,678.8,679.8,678.3,679.3,347
2026-04-06 12:20:00,679.3,680.95,678.6,679.35,570
2026-04-06 12:25:00,679.35,681.75,679.3,681.7,262
2026-04-06 12:30:00,681.7,682.25,680.45,681.0,622
2026-04-06 12:35:00,681.0,682.85,677.65,682.45,4811
2026-04-06 12:40:00,681.75,682.8,680.5,681.5,2231
2026-04-06 12:45:00,681.5,685.3,681.5,685.3,3076
2026-04-06 12:50:00,685.6,685.6,685.0,685.3,1192
2026-04-06 12:55:00,685.3,686.35,685.3,685.6,1641
2026-04-06 13:00:00,686.0,687.8,686.0,686.3,3129
2026-04-06 13:05:00,686.3,687.25,685.15,686.45,1983
2026-04-06 13:10:00,686.45,688.25,686.35,687.05,1317
2026-04-06 13:15:00,687.05,690.45,687.05,687.75,6891
2026-04-06 13:20:00,687.75,694.8,687.75,692.45,15210
2026-04-06 13:25:00,692.5,692.9,691.3,691.75,802
2026-04-06 13:30:00,691.75,691.75,691.2,691.6,952
2026-04-06 13:35:00,691.6,692.6,690.8,690.8,1092
2026-04-06 13:40:00,690.8,690.8,688.55,690.0,3224
2026-04-06 13:45:00,690.0,690.6,688.7,689.25,304
2026-04-06 13:50:00,689.25,689.65,688.7,689.6,913
2026-04-06 13:55:00,689.2,689.65,688.3,689.15,763
2026-04-06 14:00:00,689.15,689.45,688.45,689.2,340
2026-04-06 14:05:00,688.75,690.65,688.75,690.3,2667
2026-04-06 14:10:00,690.3,691.5,689.6,691.5,832
2026-04-06 14:15:00,691.3,692.85,691.3,692.3,1169
2026-04-06 14:20:00,692.3,692.35,691.5,692.1,421
2026-04-06 14:25:00,692.1,692.1,690.45,690.85,813
2026-04-06 14:30:00,690.15,690.15,688.9,689.6,3748
2026-04-06 14:35:00,689.7,689.8,688.6,688.7,1661
2026-04-06 14:40:00,688.7,689.4,688.7,689.25,861
2026-04-06 14:45:00,689.25,689.25,688.6,689.0,483
2026-04-06 14:50:00,689.0,689.0,687.25,687.65,2521
2026-04-06 14:55:00,687.65,687.95,686.0,687.7,2343
2026-04-06 15:00:00,687.65,688.6,687.25,688.45,3184
2026-04-06 15:05:00,688.7,691.25,688.7,689.9,2186
2026-04-06 15:10:00,690.7,691.1,690.15,690.5,2989
2026-04-06 15:15:00,690.55,692.0,690.0,690.95,10578
2026-04-06 15:20:00,690.95,692.05,690.3,691.4,7273
2026-04-06 15:25:00,691.4,694.0,690.1,692.35,11503
2026-04-07 09:15:00,693.0,693.0,682.0,689.75,15809
2026-04-07 09:20:00,688.95,697.7,688.05,695.1,29597
2026-04-07 09:25:00,695.1,696.75,693.25,694.0,2607
2026-04-07 09:30:00,694.0,694.8,690.55,690.55,1345
2026-04-07 09:35:00,690.55,692.7,690.0,692.05,5191
2026-04-07 09:40:00,692.7,693.85,690.2,690.3,2772
2026-04-07 09:45:00,690.3,692.5,690.3,690.55,1441
2026-04-07 09:50:00,690.55,693.05,690.55,693.05,977
2026-04-07 09:55:00,693.05,695.75,693.05,695.75,1580
2026-04-07 10:00:00,695.75,698.0,694.75,697.45,4108
2026-04-07 10:05:00,697.45,697.9,696.0,697.2,1111
2026-04-07 10:10:00,697.7,697.7,695.5,697.0,1200
2026-04-07 10:15:00,696.35,697.25,695.7,696.9,664
2026-04-07 10:20:00,696.9,697.3,694.8,695.1,3220
2026-04-07 10:25:00,695.1,697.5,695.1,697.05,1483
2026-04-07 10:30:00,697.05,698.95,694.05,694.05,4157
2026-04-07 10:35:00,694.05,696.95,694.05,696.95,637
2026-04-07 10:40:00,696.95,698.7,696.6,697.75,4613
2026-04-07 10:45:00,697.75,698.45,696.85,697.3,1987
2026-04-07 10:50:00,697.3,697.3,693.5,695.0,5047
2026-04-07 10:55:00,695.0,695.0,694.0,694.15,489
2026-04-07 11:00:00,694.0,694.8,693.0,694.8,811
2026-04-07 11:05:00,694.8,694.8,692.5,693.15,693
2026-04-07 11:10:00,693.15,693.15,692.0,692.0,352
2026-04-07 11:15:00,692.0,693.45,692.0,693.45,672
2026-04-07 11:20:00,693.45,694.25,692.85,693.7,370
2026-04-07 11:25:00,693.7,693.8,693.7,693.8,42
2026-04-07 11:30:00,693.8,694.35,693.0,693.1,287
2026-04-07 11:35:00,693.1,694.0,693.1,694.0,131
2026-04-07 11:40:00,694.0,694.0,691.9,692.15,982
2026-04-07 11:45:00,692.75,693.4,692.15,693.3,214
2026-04-07 11:50:00,693.3,693.3,692.55,692.65,98
2026-04-07 11:55:00,692.65,693.85,692.65,693.85,42
2026-04-07 12:00:00,693.85,693.95,693.2,693.95,440
2026-04-07 12:05:00,693.95,694.35,693.25,693.45,232
2026-04-07 12:10:00,693.45,698.45,693.2,698.3,7815
2026-04-07 12:15:00,697.85,698.45,697.65,698.2,337
2026-04-07 12:20:00,698.2,698.2,695.5,695.5,1011
2026-04-07 12:25:00,695.5,697.55,695.0,697.55,696
2026-04-07 12:30:00,698.2,698.2,696.9,696.9,1317
2026-04-07 12:35:00,696.9,697.5,696.15,697.0,801
2026-04-07 12:40:00,697.0,698.45,697.0,697.95,1839
2026-04-07 12:45:00,698.25,698.25,696.9,697.0,289
2026-04-07 12:50:00,697.6,697.6,696.6,696.6,33
2026-04-07 12:55:00,696.6,697.4,696.0,696.9,367
2026-04-07 13:00:00,696.9,696.9,695.2,696.6,1885
2026-04-07 13:05:00,696.6,696.6,695.2,695.2,503
2026-04-07 13:10:00,695.2,701.45,695.2,699.35,10566
2026-04-07 13:15:00,699.35,700.55,699.35,700.15,722
2026-04-07 13:20:00,700.15,701.0,699.15,700.0,1141
2026-04-07 13:25:00,700.0,700.65,700.0,700.25,843
2026-04-07 13:30:00,700.8,702.5,700.65,701.1,2378
2026-04-07 13:35:00,701.1,701.1,700.0,700.9,478
2026-04-07 13:40:00,700.9,702.95,700.55,700.55,3551
2026-04-07 13:45:00,700.55,701.7,699.55,700.4,6986
2026-04-07 13:50:00,700.4,701.2,700.15,700.75,1419
2026-04-07 13:55:00,701.0,701.0,700.0,700.05,879
2026-04-07 14:00:00,700.05,700.85,700.0,700.0,790
2026-04-07 14:05:00,700.05,700.6,699.65,700.6,1120
2026-04-07 14:10:00,700.6,700.8,699.0,700.0,1678
2026-04-07 14:15:00,700.0,700.35,700.0,700.0,799
2026-04-07 14:20:00,700.3,700.3,699.0,699.05,814
2026-04-07 14:25:00,699.05,699.75,698.7,698.7,1816
2026-04-07 14:30:00,698.7,700.3,698.7,698.7,2201
2026-04-07 14:35:00,698.7,700.1,698.7,699.0,3955
2026-04-07 14:40:00,699.0,700.0,698.65,699.2,1427
2026-04-07 14:45:00,699.2,699.2,697.4,697.4,721
2026-04-07 14:50:00,697.4,698.15,695.25,695.25,7028
2026-04-07 14:55:00,694.7,695.45,694.3,695.15,1788
2026-04-07 15:00:00,695.5,695.5,693.45,694.0,5053
2026-04-07 15:05:00,694.0,694.85,692.35,692.65,5790
2026-04-07 15:10:00,692.8,694.05,692.1,692.8,5784
2026-04-07 15:15:00,694.65,694.65,689.45,690.15,9968
2026-04-07 15:20:00,689.95,690.0,688.1,689.2,5254
2026-04-07 15:25:00,689.2,694.0,686.85,687.95,12932
2026-04-08 09:15:00,720.0,733.35,703.2,732.1,63431
2026-04-08 09:20:00,732.9,732.9,726.35,729.8,36581
2026-04-08 09:25:00,729.8,732.0,725.75,725.75,19439
2026-04-08 09:30:00,726.8,735.0,725.75,729.45,24040
2026-04-08 09:35:00,729.45,729.95,721.7,723.05,14991
2026-04-08 09:40:00,723.0,725.55,722.0,724.7,10389
2026-04-08 09:45:00,724.2,729.05,723.7,728.35,15919
2026-04-08 09:50:00,729.0,730.6,725.85,727.6,13197
2026-04-08 09:55:00,727.3,728.0,726.0,726.7,9527
2026-04-08 10:00:00,726.7,727.0,725.15,726.75,9197
2026-04-08 10:05:00,726.45,726.6,724.15,725.45,7079
2026-04-08 10:10:00,725.4,725.5,724.1,724.9,7290
2026-04-08 10:15:00,724.7,725.15,724.2,724.8,2369
2026-04-08 10:20:00,724.8,725.0,724.2,724.9,2444
2026-04-08 10:25:00,724.8,725.4,724.3,725.0,2791
2026-04-08 10:30:00,725.0,727.0,724.95,726.5,6599
2026-04-08 10:35:00,726.1,726.5,724.5,725.3,3341
2026-04-08 10:40:00,725.3,726.0,724.5,725.95,6288
2026-04-08 10:45:00,725.95,727.05,725.5,725.55,5967
2026-04-08 10:50:00,725.55,726.5,725.1,726.15,5030
2026-04-08 10:55:00,726.15,729.8,725.65,727.9,14449
2026-04-08 11:00:00,727.8,729.0,727.45,728.0,13128
2026-04-08 11:05:00,728.0,728.5,727.65,728.0,4394
2026-04-08 11:10:00,728.0,728.15,723.7,724.0,5345
2026-04-08 11:15:00,724.0,725.0,722.95,723.85,6227
2026-04-08 11:20:00,723.85,725.0,723.75,725.0,3729
2026-04-08 11:25:00,724.85,726.65,723.95,724.0,3817
2026-04-08 11:30:00,724.05,725.25,723.7,725.0,10518
2026-04-08 11:35:00,724.65,725.2,724.3,725.05,2670
2026-04-08 11:40:00,725.0,727.8,724.95,725.0,5372
2026-04-08 11:45:00,725.0,727.45,724.1,725.0,11776
2026-04-08 11:50:00,725.0,725.05,722.85,724.45,6067
2026-04-08 11:55:00,724.1,724.25,722.9,723.65,4576
2026-04-08 12:00:00,723.65,726.7,723.65,726.4,5212
2026-04-08 12:05:00,726.4,732.0,725.25,730.15,338804
2026-04-08 12:10:00,730.35,733.0,727.5,727.9,20228
2026-04-08 12:15:00,728.0,728.2,726.0,727.6,10470
2026-04-08 12:20:00,727.6,729.1,727.2,728.4,4877
2026-04-08 12:25:00,728.3,728.4,725.4,725.7,7158
2026-04-08 12:30:00,726.0,726.25,724.75,725.8,3704
2026-04-08 12:35:00,725.9,725.9,724.4,725.05,4016
2026-04-08 12:40:00,725.0,725.05,723.35,723.85,6029
2026-04-08 12:45:00,723.85,724.85,723.75,724.6,4341
2026-04-08 12:50:00,724.55,724.6,723.1,723.8,4801
2026-04-08 12:55:00,723.9,724.05,721.0,721.45,8451
2026-04-08 13:00:00,721.5,723.1,721.45,722.05,3385
2026-04-08 13:05:00,722.05,722.5,721.6,721.8,2170
2026-04-08 13:10:00,721.8,721.8,719.25,720.25,8849
2026-04-08 13:15:00,720.25,721.5,719.5,720.6,7429
2026-04-08 13:20:00,720.65,721.0,719.5,721.0,3108
2026-04-08 13:25:00,720.6,724.55,720.45,724.5,10290
2026-04-08 13:30:00,724.5,724.55,721.8,722.5,12705
2026-04-08 13:35:00,722.75,723.75,720.7,721.05,10795
2026-04-08 13:40:00,720.85,720.85,719.8,720.0,3657
2026-04-08 13:45:00,720.15,720.4,719.1,720.1,6193
2026-04-08 13:50:00,720.0,720.4,719.6,719.85,2585
2026-04-08 13:55:00,719.85,720.8,719.7,720.3,5058
2026-04-08 14:00:00,720.0,720.5,719.6,720.0,2482
2026-04-08 14:05:00,720.25,720.4,719.6,720.0,2051
2026-04-08 14:10:00,720.0,720.35,719.5,720.0,2149
2026-04-08 14:15:00,720.05,722.0,720.05,721.65,2657
2026-04-08 14:20:00,721.7,723.1,721.2,722.7,4685
2026-04-08 14:25:00,722.2,722.6,719.25,720.3,6204
2026-04-08 14:30:00,720.3,720.7,719.8,720.0,2890
2026-04-08 14:35:00,720.05,721.0,719.7,720.05,4671
2026-04-08 14:40:00,720.1,720.85,719.65,720.05,4014
2026-04-08 14:45:00,720.3,720.65,719.65,720.05,3566
2026-04-08 14:50:00,720.3,720.35,719.75,720.0,3053
2026-04-08 14:55:00,720.25,720.6,719.65,720.05,3831
2026-04-08 15:00:00,720.0,720.05,717.5,719.05,8250
2026-04-08 15:05:00,719.05,720.0,718.0,718.15,4450
2026-04-08 15:10:00,718.3,718.6,717.05,717.6,6486
2026-04-08 15:15:00,717.6,718.45,716.2,717.65,19544
2026-04-08 15:20:00,717.75,720.8,716.4,720.7,36309
2026-04-08 15:25:00,719.75,722.0,717.15,722.0,17470
2026-04-09 09:15:00,721.45,721.45,708.8,712.15,9024
2026-04-09 09:20:00,713.0,713.9,711.2,711.9,4653
2026-04-09 09:25:00,712.0,712.05,709.4,710.25,5035
2026-04-09 09:30:00,710.25,710.95,705.0,706.4,6750
2026-04-09 09:35:00,706.4,708.7,705.15,705.2,4603
2026-04-09 09:40:00,705.2,705.9,703.15,703.15,6021
2026-04-09 09:45:00,703.15,705.25,700.55,700.55,5445
2026-04-09 09:50:00,700.3,701.65,700.0,701.35,5968
2026-04-09 09:55:00,701.35,701.55,699.65,699.65,4699
2026-04-09 10:00:00,699.65,701.0,699.0,700.0,1705
2026-04-09 10:05:00,699.8,701.25,698.0,698.7,9740
2026-04-09 10:10:00,698.7,700.35,698.7,699.25,3272
2026-04-09 10:15:00,699.25,702.1,699.25,700.55,2572
2026-04-09 10:20:00,700.55,707.6,700.45,706.8,7484
2026-04-09 10:25:00,706.8,707.85,704.0,706.6,7193
2026-04-09 10:30:00,706.6,707.15,704.9,706.45,5766
2026-04-09 10:35:00,706.45,706.6,705.0,705.45,3642
2026-04-09 10:40:00,706.05,707.4,705.05,706.0,9719
2026-04-09 10:45:00,706.25,706.8,705.4,706.2,163238
2026-04-09 10:50:00,706.2,713.0,705.0,713.0,90252
2026-04-09 10:55:00,713.5,714.85,706.85,708.7,6717
2026-04-09 11:00:00,708.75,710.5,708.15,710.0,2071
2026-04-09 11:05:00,710.0,710.3,708.4,708.4,3202
2026-04-09 11:10:00,708.4,709.4,707.55,708.85,3137
2026-04-09 11:15:00,708.85,709.1,708.0,708.85,3490
2026-04-09 11:20:00,708.85,709.05,708.1,709.05,1829
2026-04-09 11:25:00,709.0,709.1,708.5,709.1,1633
2026-04-09 11:30:00,709.0,709.05,708.0,708.9,1531
2026-04-09 11:35:00,708.9,709.1,708.5,708.5,1592
2026-04-09 11:40:00,708.5,709.1,708.05,709.0,1879
2026-04-09 11:45:00,709.0,709.75,708.05,709.0,3089
2026-04-09 11:50:00,709.0,709.1,708.55,709.0,1669
2026-04-09 11:55:00,709.0,709.45,708.2,709.0,1911
2026-04-09 12:00:00,709.0,709.25,708.8,709.0,3986
2026-04-09 12:05:00,709.0,709.2,708.2,709.0,1650
2026-04-09 12:10:00,709.0,709.25,708.0,708.85,1599
2026-04-09 12:15:00,708.85,709.25,707.95,708.0,1940
2026-04-09 12:20:00,708.0,708.4,707.85,708.0,1377
2026-04-09 12:25:00,708.0,708.35,706.0,708.0,4517
2026-04-09 12:30:00,707.5,708.35,707.5,707.85,2334
2026-04-09 12:35:00,707.85,708.2,706.95,707.6,2390
2026-04-09 12:40:00,707.6,708.3,706.75,708.0,3753
2026-04-09 12:45:00,708.0,708.0,706.35,707.05,2738
2026-04-09 12:50:00,706.4,707.95,706.4,707.85,3025
2026-04-09 12:55:00,707.95,709.1,707.85,708.85,1516
2026-04-09 13:00:00,708.85,709.15,707.15,707.85,1819
2026-04-09 13:05:00,707.95,708.5,707.2,708.3,2044
2026-04-09 13:10:00,708.3,708.5,707.05,708.05,2304
2026-04-09 13:15:00,708.05,708.25,706.35,707.45,74173
2026-04-09 13:20:00,706.8,707.4,705.95,707.0,2908
2026-04-09 13:25:00,707.0,707.6,705.9,707.35,1957
2026-04-09 13:30:00,707.35,708.0,706.25,707.85,2053
2026-04-09 13:35:00,707.85,708.5,706.15,707.0,2214
2026-04-09 13:40:00,707.0,707.3,705.2,706.5,2906
2026-04-09 13:45:00,706.5,706.7,705.2,706.45,2075
2026-04-09 13:50:00,706.45,706.45,704.0,704.2,4379
2026-04-09 13:55:00,705.35,705.6,704.55,705.4,2373
2026-04-09 14:00:00,705.4,705.45,704.05,705.35,2959
2026-04-09 14:05:00,705.4,705.45,704.45,704.6,3317
2026-04-09 14:10:00,705.3,705.35,703.0,704.0,6010
2026-04-09 14:15:00,704.0,704.35,702.65,703.9,3706
2026-04-09 14:20:00,703.9,704.3,702.6,703.25,3075
2026-04-09 14:25:00,703.3,703.3,701.75,702.8,2988
2026-04-09 14:30:00,702.8,702.9,701.1,702.1,3597
2026-04-09 14:35:00,702.1,702.55,700.95,702.2,7058
2026-04-09 14:40:00,702.25,702.5,701.45,701.9,3557
2026-04-09 14:45:00,702.35,702.4,701.6,702.0,4504
2026-04-09 14:50:00,702.45,702.45,701.65,702.4,3227
2026-04-09 14:55:00,701.95,702.35,701.6,702.1,4874
2026-04-09 15:00:00,702.05,702.1,699.2,701.35,14980
2026-04-09 15:05:00,701.4,702.2,700.6,702.0,2861
2026-04-09 15:10:00,702.0,703.7,701.75,702.45,10555
2026-04-09 15:15:00,703.4,703.4,701.2,701.95,5532
2026-04-09 15:20:00,701.2,701.8,699.0,700.0,7971
2026-04-09 15:25:00,700.0,701.5,698.0,700.0,12014
2026-04-10 09:15:00,704.6,711.7,704.6,708.95,6701
2026-04-10 09:20:00,708.95,710.15,706.2,706.85,3756
2026-04-10 09:25:00,706.85,709.45,705.6,708.3,2801
2026-04-10 09:30:00,709.1,712.55,709.1,711.15,5419
2026-04-10 09:35:00,711.15,719.7,709.55,719.3,11495
2026-04-10 09:40:00,719.0,722.95,718.95,721.8,7611
2026-04-10 09:45:00,721.8,724.9,720.8,722.05,8781
2026-04-10 09:50:00,722.05,723.25,719.95,722.0,4393
2026-04-10 09:55:00,722.0,723.0,721.05,721.5,2650
2026-04-10 10:00:00,721.5,722.45,718.75,718.75,4201
2026-04-10 10:05:00,718.75,719.2,715.45,716.2,6458
2026-04-10 10:10:00,716.2,717.25,716.0,717.05,4310
2026-04-10 10:15:00,717.1,718.0,716.05,718.0,255481
2026-04-10 10:20:00,718.0,718.4,716.9,718.0,2550
2026-04-10 10:25:00,718.0,718.4,717.35,718.0,1876
2026-04-10 10:30:00,718.0,718.6,717.55,718.0,6346
2026-04-10 10:35:00,718.0,722.25,718.0,722.2,5057
2026-04-10 10:40:00,719.2,719.6,716.15,716.7,10290
2026-04-10 10:45:00,716.7,720.85,715.0,720.85,8275
2026-04-10 10:50:00,720.85,722.95,720.85,722.25,2161
2026-04-10 10:55:00,721.55,726.0,721.55,725.4,8348
2026-04-10 11:00:00,725.4,725.9,723.2,724.9,6900
2026-04-10 11:05:00,724.9,725.55,724.2,724.9,3847
2026-04-10 11:10:00,724.9,726.75,724.6,725.8,5777
2026-04-10 11:15:00,725.8,727.3,725.2,726.1,6475
2026-04-10 11:20:00,726.7,727.0,724.1,725.45,2602
2026-04-10 11:25:00,725.45,726.45,724.4,725.0,3495
2026-04-10 11:30:00,724.25,725.15,723.0,725.15,2902
2026-04-10 11:35:00,725.1,725.25,724.1,724.8,1556
2026-04-10 11:40:00,724.75,725.0,722.7,723.9,3738
2026-04-10 11:45:00,723.9,724.4,721.5,722.0,2120
2026-04-10 11:50:00,722.0,724.45,722.0,724.0,1483
2026-04-10 11:55:00,724.0,724.6,723.05,724.1,1294
2026-04-10 12:00:00,724.1,724.55,723.5,724.5,1412
2026-04-10 12:05:00,723.95,724.6,723.95,724.1,1115
2026-04-10 12:10:00,724.1,724.6,723.0,723.8,3505
2026-04-10 12:15:00,723.8,724.05,722.5,723.2,1078
2026-04-10 12:20:00,723.2,724.95,722.8,724.6,1808
2026-04-10 12:25:00,724.6,724.7,723.25,723.8,1110
2026-04-10 12:30:00,723.8,724.65,723.45,724.5,975
2026-04-10 12:35:00,724.5,724.8,723.1,723.7,1559
2026-04-10 12:40:00,723.7,724.45,722.2,722.85,1735
2026-04-10 12:45:00,722.85,723.75,719.85,720.55,3744
2026-04-10 12:50:00,720.55,722.4,719.9,720.5,3825
2026-04-10 12:55:00,720.5,720.65,718.25,719.5,3281
2026-04-10 13:00:00,719.5,721.0,719.3,720.85,2637
2026-04-10 13:05:00,720.85,721.0,719.65,720.0,1952
2026-04-10 13:10:00,720.0,720.75,719.65,720.65,1157
2026-04-10 13:15:00,720.65,720.7,719.45,720.0,2390
2026-04-10 13:20:00,720.0,720.85,719.95,720.0,1231
2026-04-10 13:25:00,720.0,720.8,719.4,720.0,2226
2026-04-10 13:30:00,720.0,723.0,719.7,722.35,3077
2026-04-10 13:35:00,722.35,723.8,722.35,723.4,2529
2026-04-10 13:40:00,723.4,723.8,722.8,723.8,1862
2026-04-10 13:45:00,723.8,725.0,723.3,724.2,2169
2026-04-10 13:50:00,724.2,725.0,723.9,724.95,3547
2026-04-10 13:55:00,724.95,726.0,724.95,726.0,2545
2026-04-10 14:00:00,726.0,728.85,724.1,725.0,15763
2026-04-10 14:05:00,724.4,725.55,724.4,725.5,6824
2026-04-10 14:10:00,725.0,725.0,724.55,725.0,5647
2026-04-10 14:15:00,725.0,725.0,723.4,724.0,6681
2026-04-10 14:20:00,724.0,724.0,723.05,723.2,5743
2026-04-10 14:25:00,723.05,723.9,722.0,723.9,6594
2026-04-10 14:30:00,723.85,724.5,723.8,724.5,5773
2026-04-10 14:35:00,724.5,725.75,724.45,725.0,7270
2026-04-10 14:40:00,724.9,725.4,724.5,725.4,5511
2026-04-10 14:45:00,725.4,725.4,724.1,724.5,7626
2026-04-10 14:50:00,724.95,724.95,723.8,724.75,11449
2026-04-10 14:55:00,724.1,724.8,724.0,724.15,10185
2026-04-10 15:00:00,724.65,724.9,723.85,724.5,5844
2026-04-10 15:05:00,724.25,724.55,723.6,724.0,3160
2026-04-10 15:10:00,724.0,724.5,723.0,723.0,8827
2026-04-10 15:15:00,723.0,723.5,722.15,723.0,9299
2026-04-10 15:20:00,722.45,722.95,720.95,722.5,4623
2026-04-10 15:25:00,722.35,724.0,721.25,724.0,16041
2026-04-13 09:15:00,703.45,704.7,693.0,700.35,19365
2026-04-13 09:20:00,700.65,706.35,700.65,706.2,7219
2026-04-13 09:25:00,706.2,714.2,706.1,712.5,12309
2026-04-13 09:30:00,712.5,712.5,710.5,710.5,3825
2026-04-13 09:35:00,710.5,710.5,705.35,707.2,3412
2026-04-13 09:40:00,707.2,712.0,707.2,710.05,5173
2026-04-13 09:45:00,710.05,713.3,709.8,712.3,3587
2026-04-13 09:50:00,712.3,715.45,712.3,715.0,2937
2026-04-13 09:55:00,715.0,715.55,714.15,715.55,921
2026-04-13 10:00:00,715.55,722.65,712.55,722.65,8411
2026-04-13 10:05:00,722.65,726.7,722.65,725.0,17263
2026-04-13 10:10:00,725.0,726.55,724.35,725.0,7962
2026-04-13 10:15:00,725.0,725.0,722.2,725.0,6199
2026-04-13 10:20:00,725.0,725.55,724.0,724.45,4154
2026-04-13 10:25:00,724.45,725.0,723.35,725.0,7793
2026-04-13 10:30:00,725.0,725.0,722.05,723.45,7016
2026-04-13 10:35:00,723.45,724.7,719.2,723.95,4934
2026-04-13 10:40:00,723.95,724.7,721.8,723.2,4018
2026-04-13 10:45:00,724.0,725.3,723.95,724.95,10917
2026-04-13 10:50:00,724.95,726.0,724.4,725.0,6917
2026-04-13 10:55:00,724.3,725.0,724.25,725.0,2357
2026-04-13 11:00:00,725.0,725.9,724.05,725.9,10060
2026-04-13 11:05:00,725.9,728.85,725.5,728.75,3990
2026-04-13 11:10:00,728.8,728.8,727.0,727.75,1193
2026-04-13 11:15:00,727.75,729.0,727.35,729.0,2977
2026-04-13 11:20:00,729.0,729.0,725.0,726.0,15262
2026-04-13 11:25:00,726.0,726.8,725.9,726.5,1428
2026-04-13 11:30:00,726.5,726.5,726.05,726.5,792
2026-04-13 11:35:00,726.5,728.7,726.15,727.45,2028
2026-04-13 11:40:00,727.6,728.3,726.25,728.3,1579
2026-04-13 11:45:00,728.6,729.0,727.75,728.95,2187
2026-04-13 11:50:00,728.85,729.0,728.0,729.0,1493
2026-04-13 11:55:00,728.75,729.0,727.7,728.55,1255
2026-04-13 12:00:00,728.3,729.85,728.05,729.85,3500
2026-04-13 12:05:00,729.6,735.5,728.65,734.8,13105
2026-04-13 12:10:00,734.55,736.95,733.85,735.95,8740
2026-04-13 12:15:00,736.35,741.85,735.15,740.1,21848
2026-04-13 12:20:00,741.0,741.0,739.6,740.05,8236
2026-04-13 12:25:00,740.7,742.05,740.5,740.65,5594
2026-04-13 12:30:00,741.2,741.25,740.05,740.55,3013
2026-04-13 12:35:00,740.3,741.0,739.75,740.5,4184
2026-04-13 12:40:00,740.2,740.9,739.7,740.4,3198
2026-04-13 12:45:00,740.25,740.85,739.95,740.3,4206
2026-04-13 12:50:00,740.3,741.0,740.0,740.75,2879
2026-04-13 12:55:00,740.55,740.65,739.95,740.4,14657
2026-04-13 13:00:00,740.2,740.4,739.65,740.1,5054
2026-04-13 13:05:00,740.2,741.0,740.0,741.0,4664
2026-04-13 13:10:00,741.0,742.95,740.55,741.05,8173
2026-04-13 13:15:00,741.65,742.0,741.15,741.35,1344
2026-04-13 13:20:00,741.85,743.0,740.9,742.05,4998
2026-04-13 13:25:00,741.7,742.6,741.25,742.15,1463
2026-04-13 13:30:00,741.9,742.6,741.6,742.6,3036
2026-04-13 13:35:00,742.45,743.35,741.4,742.05,3315
2026-04-13 13:40:00,741.9,742.4,741.5,741.6,1054
2026-04-13 13:45:00,742.2,742.2,740.55,741.4,7240
2026-04-13 13:50:00,741.4,742.4,740.85,742.4,5842
2026-04-13 13:55:00,742.4,750.0,742.4,749.65,28622
2026-04-13 14:00:00,749.7,751.2,748.8,751.05,7852
2026-04-13 14:05:00,750.85,751.0,746.55,748.1,11629
2026-04-13 14:10:00,748.0,748.65,746.95,747.2,5605
2026-04-13 14:15:00,747.85,748.2,746.8,747.5,4893
2026-04-13 14:20:00,747.5,749.9,747.5,747.7,9812
2026-04-13 14:25:00,748.5,750.0,748.0,750.0,5435
2026-04-13 14:30:00,749.4,750.7,748.6,749.0,4260
2026-04-13 14:35:00,749.05,749.55,748.05,748.9,5094
2026-04-13 14:40:00,748.9,749.0,747.6,748.8,4382
2026-04-13 14:45:00,748.8,749.8,748.1,749.65,2862
2026-04-13 14:50:00,749.8,749.8,748.25,749.6,3446
2026-04-13 14:55:00,749.6,752.2,748.85,752.0,13889
2026-04-13 15:00:00,751.5,751.5,744.75,747.7,12957
2026-04-13 15:05:00,748.45,748.45,746.3,747.2,4978
2026-04-13 15:10:00,747.2,747.2,744.4,745.0,10443
2026-04-13 15:15:00,745.4,745.65,742.6,744.6,11500
2026-04-13 15:20:00,744.6,744.8,742.6,743.25,9617
2026-04-13 15:25:00,743.25,746.0,740.15,746.0,7261
2026-04-15 09:15:00,759.95,761.3,750.0,753.15,19584
2026-04-15 09:20:00,753.15,754.95,752.0,753.2,7706
2026-04-15 09:25:00,753.15,753.15,741.6,741.6,33022
2026-04-15 09:30:00,742.15,745.35,741.4,742.0,15065
2026-04-15 09:35:00,742.0,744.25,741.65,743.3,8392
2026-04-15 09:40:00,744.2,747.0,741.65,743.0,11507
2026-04-15 09:45:00,742.9,743.9,741.0,741.85,11573
2026-04-15 09:50:00,741.8,742.75,741.55,741.65,3576
2026-04-15 09:55:00,741.65,742.5,740.2,740.55,8506
2026-04-15 10:00:00,741.0,741.5,740.35,740.65,7725
2026-04-15 10:05:00,740.65,741.5,740.55,740.7,3102
2026-04-15 10:10:00,741.0,741.4,740.35,741.15,2424
2026-04-15 10:15:00,741.1,741.55,738.4,739.75,11353
2026-04-15 10:20:00,739.95,740.55,739.0,740.35,5111
2026-04-15 10:25:00,740.35,740.55,739.4,740.4,2128
2026-04-15 10:30:00,740.4,740.4,739.6,740.15,3336
2026-04-15 10:35:00,740.15,741.85,740.0,740.95,4019
2026-04-15 10:40:00,740.95,741.1,739.75,740.0,17910
2026-04-15 10:45:00,739.6,740.0,739.5,740.0,4122
2026-04-15 10:50:00,740.0,740.0,739.0,739.4,4616
2026-04-15 10:55:00,739.15,740.0,739.0,739.8,742
2026-04-15 11:00:00,739.8,740.15,739.4,739.8,1553
2026-04-15 11:05:00,739.8,739.8,738.9,739.2,5638
2026-04-15 11:10:00,739.2,740.55,738.0,739.3,21004
2026-04-15 11:15:00,739.3,739.45,738.2,738.45,3033
2026-04-15 11:20:00,738.45,739.0,738.2,739.0,1643
2026-04-15 11:25:00,739.0,740.0,738.75,738.75,5607
2026-04-15 11:30:00,738.75,739.15,738.75,739.0,9652
2026-04-15 11:35:00,739.0,739.7,738.95,739.15,1303
2026-04-15 11:40:00,739.55,740.2,739.1,739.5,1605
2026-04-15 11:45:00,739.5,739.9,738.1,739.45,14442
2026-04-15 11:50:00,739.0,739.55,738.7,739.2,2777
2026-04-15 11:55:00,739.0,740.55,738.85,740.15,7194
2026-04-15 12:00:00,740.55,742.0,739.4,741.9,14581
2026-04-15 12:05:00,741.85,742.0,739.75,739.75,8691
2026-04-15 12:10:00,740.45,740.65,739.45,740.0,8937
2026-04-15 12:15:00,740.0,740.7,739.55,740.0,7092
2026-04-15 12:20:00,740.0,744.55,739.05,743.95,147557
2026-04-15 12:25:00,744.65,746.0,741.1,741.1,30761
2026-04-15 12:30:00,741.1,741.9,739.5,740.0,12252
2026-04-15 12:35:00,740.0,740.8,739.55,740.0,36949
2026-04-15 12:40:00,740.25,740.4,739.5,740.0,6784
2026-04-15 12:45:00,740.2,740.35,739.5,740.0,7309
2026-04-15 12:50:00,740.0,741.15,739.9,740.0,64390
2026-04-15 12:55:00,740.0,740.4,739.55,739.6,3138
2026-04-15 13:00:00,740.0,740.35,739.0,739.2,10802
2026-04-15 13:05:00,739.85,740.45,739.2,740.0,11634
2026-04-15 13:10:00,740.45,740.7,739.6,740.0,5549
2026-04-15 13:15:00,740.2,740.5,739.7,740.0,74231
2026-04-15 13:20:00,740.35,740.45,739.7,740.0,105660
2026-04-15 13:25:00,740.2,740.5,739.95,740.0,2622
2026-04-15 13:30:00,740.0,743.15,739.5,740.7,171212
2026-04-15 13:35:00,740.05,740.95,739.8,740.7,84453
2026-04-15 13:40:00,740.7,742.7,740.55,741.95,8656
2026-04-15 13:45:00,741.7,741.95,741.0,741.0,3222
2026-04-15 13:50:00,741.0,741.95,741.0,741.4,4396
2026-04-15 13:55:00,741.4,741.55,740.2,741.4,5430
2026-04-15 14:00:00,741.4,741.7,739.85,741.55,18044
2026-04-15 14:05:00,741.55,741.6,741.05,741.05,2329
2026-04-15 14:10:00,741.05,741.4,741.0,741.0,6053
2026-04-15 14:15:00,741.0,741.5,740.9,741.0,4046
2026-04-15 14:20:00,741.0,741.3,740.6,741.0,3543
2026-04-15 14:25:00,741.0,742.35,741.0,741.45,3471
2026-04-15 14:30:00,741.45,743.0,741.45,741.5,8417
2026-04-15 14:35:00,741.8,742.3,741.05,741.95,3332
2026-04-15 14:40:00,741.5,742.0,741.1,741.85,3976
2026-04-15 14:45:00,741.85,742.15,741.0,741.3,5717
2026-04-15 14:50:00,741.3,741.75,741.0,741.25,10927
2026-04-15 14:55:00,741.15,743.95,740.0,741.05,38253
2026-04-15 15:00:00,741.3,741.3,738.3,738.7,44255
2026-04-15 15:05:00,738.75,739.2,736.2,737.85,38846
2026-04-15 15:10:00,737.85,738.7,736.85,738.35,60374
2026-04-15 15:15:00,738.4,740.0,737.45,739.6,78058
2026-04-15 15:20:00,739.65,740.85,738.35,739.0,71544
2026-04-15 15:25:00,739.35,741.8,737.3,741.8,54063
2026-04-16 09:15:00,783.55,787.45,764.15,767.0,463430
2026-04-16 09:20:00,767.0,770.15,760.65,763.7,155269
2026-04-16 09:25:00,763.65,764.45,753.3,754.9,154764
2026-04-16 09:30:00,754.0,755.5,749.0,752.1,111316
2026-04-16 09:35:00,752.1,752.1,746.25,747.5,78534
2026-04-16 09:40:00,748.05,748.05,744.0,744.5,76446
2026-04-16 09:45:00,745.0,745.35,742.2,744.15,50485
2026-04-16 09:50:00,744.25,748.25,744.1,744.7,29743
2026-04-16 09:55:00,744.7,745.45,744.05,745.0,25718
2026-04-16 10:00:00,745.0,745.45,743.65,744.0,17793
2026-04-16 10:05:00,744.0,744.15,742.0,742.1,24417
2026-04-16 10:10:00,742.15,743.55,742.15,743.05,17055
2026-04-16 10:15:00,743.4,743.4,742.4,742.75,11290
2026-04-16 10:20:00,742.75,742.75,740.0,740.45,36988
2026-04-16 10:25:00,740.0,740.45,738.1,738.75,19176
2026-04-16 10:30:00,738.8,740.95,738.5,740.7,15966
2026-04-16 10:35:00,740.7,741.75,739.45,741.5,15714
2026-04-16 10:40:00,741.5,743.6,741.5,742.3,22424
2026-04-16 10:45:00,742.3,742.3,740.2,741.5,15777
2026-04-16 10:50:00,741.5,741.8,739.2,741.05,15760
2026-04-16 10:55:00,741.05,741.25,739.45,739.95,13678
2026-04-16 11:00:00,739.95,740.0,739.0,739.5,8639
2026-04-16 11:05:00,739.5,739.9,739.5,739.9,7089
2026-04-16 11:10:00,739.9,740.0,739.5,740.0,19136
2026-04-16 11:15:00,740.0,740.1,739.5,740.0,9192
2026-04-16 11:20:00,740.0,742.0,739.3,742.0,8373
2026-04-16 11:25:00,741.95,742.0,740.8,741.85,5721
2026-04-16 11:30:00,741.95,741.95,740.5,741.0,8492
2026-04-16 11:35:00,741.0,741.0,740.0,740.5,4538
2026-04-16 11:40:00,740.6,740.85,739.1,739.55,11699
2026-04-16 11:45:00,739.55,740.0,737.1,740.0,22546
2026-04-16 11:50:00,740.0,740.0,739.2,739.8,7796
2026-04-16 11:55:00,739.95,740.0,739.0,740.0,7593
2026-04-16 12:00:00,740.0,740.0,739.3,739.85,4243
2026-04-16 12:05:00,739.85,740.5,739.25,740.5,6503
2026-04-16 12:10:00,740.5,740.6,739.95,740.6,5479
2026-04-16 12:15:00,740.6,740.65,738.85,739.95,16694
2026-04-16 12:20:00,739.95,740.05,739.25,739.95,5331
2026-04-16 12:25:00,739.95,739.95,739.0,739.25,4872
2026-04-16 12:30:00,739.25,739.25,739.0,739.2,5874
2026-04-16 12:35:00,739.2,740.0,738.4,739.85,16159
2026-04-16 12:40:00,739.9,740.0,739.0,739.45,5936
2026-04-16 12:45:00,739.45,739.7,739.0,739.7,5765
2026-04-16 12:50:00,739.7,739.7,739.0,739.7,4176
2026-04-16 12:55:00,739.6,739.7,739.0,739.35,4291
2026-04-16 13:00:00,739.35,740.0,739.0,739.9,4218
2026-04-16 13:05:00,739.9,739.9,739.1,739.55,3385
2026-04-16 13:10:00,739.55,739.55,738.0,739.2,13116
2026-04-16 13:15:00,739.4,739.6,739.0,739.5,3815
2026-04-16 13:20:00,739.5,739.5,738.6,739.15,6906
2026-04-16 13:25:00,739.0,739.2,738.7,739.2,4435
2026-04-16 13:30:00,739.2,739.3,738.4,739.25,9534
2026-04-16 13:35:00,739.25,739.3,738.55,739.3,9009
2026-04-16 13:40:00,739.3,739.4,737.45,739.1,14813
2026-04-16 13:45:00,739.1,739.2,738.8,739.2,5982
2026-04-16 13:50:00,739.2,739.25,738.4,739.1,8561
2026-04-16 13:55:00,739.1,739.15,739.0,739.15,3875
2026-04-16 14:00:00,739.15,739.2,738.75,739.2,4885
2026-04-16 14:05:00,739.2,739.25,739.0,739.25,5663
2026-04-16 14:10:00,739.25,739.3,739.0,739.05,4585
2026-04-16 14:15:00,739.05,739.05,734.2,737.45,42413
2026-04-16 14:20:00,737.45,739.6,736.75,739.4,17886
2026-04-16 14:25:00,739.0,739.4,739.0,739.25,5887
2026-04-16 14:30:00,739.25,740.0,737.45,737.9,18115
2026-04-16 14:35:00,737.95,739.5,737.95,739.45,17427
2026-04-16 14:40:00,739.2,741.5,739.2,741.4,12811
2026-04-16 14:45:00,742.3,744.0,739.15,740.1,51140
2026-04-16 14:50:00,740.1,740.25,739.0,739.8,10625
2026-04-16 14:55:00,739.7,739.8,738.75,739.4,7261
2026-04-16 15:00:00,738.4,739.8,737.4,739.1,28180
2026-04-16 15:05:00,739.1,739.4,738.5,739.05,26189
2026-04-16 15:10:00,738.8,739.75,738.45,739.2,32709
2026-04-16 15:15:00,739.15,740.65,738.25,740.45,64646
2026-04-16 15:20:00,740.1,741.65,738.1,738.1,59819
2026-04-16 15:25:00,738.45,738.7,732.4,735.95,44836
2026-04-17 09:15:00,742.75,746.4,738.25,744.4,23258
2026-04-17 09:20:00,744.25,745.35,742.3,742.55,8628
2026-04-17 09:25:00,742.55,743.7,741.7,741.85,4710
2026-04-17 09:30:00,741.3,742.35,741.2,741.6,5464
2026-04-17 09:35:00,741.5,741.55,739.05,740.8,4312
2026-04-17 09:40:00,740.85,743.35,739.45,740.95,7959
2026-04-17 09:45:00,740.35,744.5,740.35,742.45,11041
2026-04-17 09:50:00,742.45,746.2,742.45,746.2,13469
2026-04-17 09:55:00,746.4,749.65,746.1,749.55,21819
2026-04-17 10:00:00,749.6,755.95,748.95,755.5,33400
2026-04-17 10:05:00,755.0,760.1,754.8,759.1,37060
2026-04-17 10:10:00,759.55,759.6,758.2,759.3,10667
2026-04-17 10:15:00,759.3,759.9,757.0,758.5,18854
2026-04-17 10:20:00,758.3,759.95,757.5,759.8,17784
2026-04-17 10:25:00,759.75,759.85,758.75,759.0,15254
2026-04-17 10:30:00,759.6,759.6,751.6,752.45,21737
2026-04-17 10:35:00,752.45,754.6,750.6,752.0,29495
2026-04-17 10:40:00,752.6,754.3,751.55,753.45,12101
2026-04-17 10:45:00,754.0,754.65,751.45,752.0,17711
2026-04-17 10:50:00,752.35,752.65,751.35,752.4,11483
2026-04-17 10:55:00,752.4,752.7,751.45,752.25,11363
2026-04-17 11:00:00,752.25,757.15,752.0,754.85,38761
2026-04-17 11:05:00,755.05,758.8,752.0,758.75,30056
2026-04-17 11:10:00,757.95,760.9,757.2,760.25,17138
2026-04-17 11:15:00,760.25,760.65,759.65,760.65,10384
2026-04-17 11:20:00,760.65,762.5,760.4,761.6,19055
2026-04-17 11:25:00,761.85,765.8,761.0,765.5,40851
2026-04-17 11:30:00,765.45,765.55,762.0,763.3,16570
2026-04-17 11:35:00,763.0,763.0,761.3,762.0,13072
2026-04-17 11:40:00,762.0,763.0,761.5,763.0,8623
2026-04-17 11:45:00,762.95,764.1,761.85,763.5,8276
2026-04-17 11:50:00,763.5,764.2,762.7,763.85,6258
2026-04-17 11:55:00,763.8,765.5,763.35,765.25,9481
2026-04-17 12:00:00,765.25,765.25,763.5,764.5,9423
2026-04-17 12:05:00,764.4,764.8,761.0,763.85,11696
2026-04-17 12:10:00,764.65,765.35,763.95,765.25,8610
2026-04-17 12:15:00,765.2,765.4,764.55,765.25,6016
2026-04-17 12:20:00,765.25,765.25,764.55,765.0,5789
2026-04-17 12:25:00,765.25,765.3,764.75,765.2,2448
2026-04-17 12:30:00,765.2,765.3,764.35,765.3,9139
2026-04-17 12:35:00,764.9,765.4,764.9,765.4,1933
2026-04-17 12:40:00,765.4,765.75,764.85,765.6,1849
2026-04-17 12:45:00,765.5,765.65,765.0,765.35,2034
2026-04-17 12:50:00,765.35,765.65,764.6,765.4,8215
2026-04-17 12:55:00,765.4,765.5,764.9,765.5,2334
2026-04-17 13:00:00,765.45,765.5,764.1,765.45,4350
2026-04-17 13:05:00,765.4,765.5,763.2,763.75,5692
2026-04-17 13:10:00,763.7,764.35,763.1,764.35,3605
2026-04-17 13:15:00,764.35,764.95,763.8,764.85,3306
2026-04-17 13:20:00,764.85,764.95,764.0,764.75,2704
2026-04-17 13:25:00,764.75,764.9,764.1,764.75,2934
2026-04-17 13:30:00,764.75,764.95,764.2,764.2,3011
2026-04-17 13:35:00,764.75,764.95,763.75,764.5,3542
2026-04-17 13:40:00,764.65,765.0,764.25,765.0,2745
2026-04-17 13:45:00,764.45,765.3,764.1,765.15,3136
2026-04-17 13:50:00,765.15,765.35,764.05,764.8,3522
2026-04-17 13:55:00,764.8,765.0,764.15,764.9,2663
2026-04-17 14:00:00,764.95,769.45,764.1,766.2,25213
2026-04-17 14:05:00,766.2,766.85,765.75,766.3,5515
2026-04-17 14:10:00,766.55,767.0,765.95,766.8,2041
2026-04-17 14:15:00,766.8,766.95,765.65,766.0,2531
2026-04-17 14:20:00,766.0,766.0,765.1,765.5,1957
2026-04-17 14:25:00,765.05,767.0,765.0,766.85,7378
2026-04-17 14:30:00,766.2,766.95,765.2,765.95,2774
2026-04-17 14:35:00,765.95,766.5,765.4,765.55,3018
2026-04-17 14:40:00,766.3,766.3,765.05,765.85,7117
2026-04-17 14:45:00,765.9,766.0,765.2,765.3,2146
2026-04-17 14:50:00,765.3,765.8,765.0,765.0,3925
2026-04-17 14:55:00,765.0,765.65,765.0,765.0,3213
2026-04-17 15:00:00,765.0,765.35,760.95,761.75,11365
2026-04-17 15:05:00,761.85,762.0,761.2,761.95,3369
2026-04-17 15:10:00,761.5,763.7,760.5,763.7,8706
2026-04-17 15:15:00,763.7,764.8,763.05,763.75,21081
2026-04-17 15:20:00,762.95,762.95,760.2,762.15,25219
2026-04-17 15:25:00,762.0,762.3,758.35,758.5,13750
2026-04-20 09:15:00,761.25,761.75,746.0,753.85,15933
2026-04-20 09:20:00,753.95,758.9,753.9,756.85,8534
2026-04-20 09:25:00,757.15,759.15,753.8,753.8,5491
2026-04-20 09:30:00,753.8,754.45,750.1,751.75,6087
2026-04-20 09:35:00,751.75,752.0,748.4,748.55,4574
2026-04-20 09:40:00,748.0,749.25,746.15,748.0,5218
2026-04-20 09:45:00,746.95,748.5,746.05,748.3,2812
2026-04-20 09:50:00,748.3,751.25,748.0,750.05,4733
2026-04-20 09:55:00,750.55,751.9,750.15,751.6,2510
2026-04-20 10:00:00,751.6,753.35,751.35,752.75,1853
2026-04-20 10:05:00,752.75,756.25,752.45,756.25,4116
2026-04-20 10:10:00,755.55,756.5,753.95,755.85,2875
2026-04-20 10:15:00,755.85,756.0,754.9,755.85,924
2026-04-20 10:20:00,755.85,757.25,755.1,756.9,2212
2026-04-20 10:25:00,756.9,757.0,754.85,756.9,4602
2026-04-20 10:30:00,756.9,757.0,756.35,756.75,994
2026-04-20 10:35:00,756.75,757.45,756.05,756.8,6373
2026-04-20 10:40:00,756.15,758.9,756.15,758.9,7570
2026-04-20 10:45:00,758.9,758.9,758.0,758.9,828
2026-04-20 10:50:00,758.9,763.8,758.5,763.55,5187
2026-04-20 10:55:00,763.55,764.4,761.1,763.3,4051
2026-04-20 11:00:00,763.3,763.9,761.0,761.65,1255
2026-04-20 11:05:00,761.65,763.1,760.8,761.15,2485
2026-04-20 11:10:00,761.15,762.2,760.3,760.9,5817
2026-04-20 11:15:00,760.9,761.0,760.05,760.8,2044
2026-04-20 11:20:00,760.8,761.0,760.05,761.0,1208
2026-04-20 11:25:00,761.0,761.0,758.55,759.45,1522
2026-04-20 11:30:00,759.45,759.5,758.55,759.0,1429
2026-04-20 11:35:00,758.6,768.0,758.55,767.5,14231
2026-04-20 11:40:00,767.5,768.7,767.1,767.55,3787
2026-04-20 11:45:00,767.55,767.55,765.6,766.0,2595
2026-04-20 11:50:00,766.0,766.45,765.05,765.8,647
2026-04-20 11:55:00,765.8,765.8,765.15,765.8,1526
2026-04-20 12:00:00,765.8,765.9,764.75,765.85,1281
2026-04-20 12:05:00,765.85,765.9,765.0,765.35,1072
2026-04-20 12:10:00,765.8,765.9,765.0,765.7,1212
2026-04-20 12:15:00,765.7,765.8,764.75,765.1,1460
2026-04-20 12:20:00,765.1,765.5,765.0,765.5,1121
2026-04-20 12:25:00,765.5,766.6,765.25,766.5,7367
2026-04-20 12:30:00,766.5,766.5,765.55,766.05,644
2026-04-20 12:35:00,766.05,767.7,766.0,767.0,7345
2026-04-20 12:40:00,767.0,767.0,765.9,766.15,747
2026-04-20 12:45:00,766.15,768.8,766.15,768.4,7479
2026-04-20 12:50:00,768.0,768.85,765.2,768.75,6449
2026-04-20 12:55:00,768.75,768.75,768.0,768.15,1324
2026-04-20 13:00:00,768.15,768.65,766.8,767.45,6222
2026-04-20 13:05:00,767.45,767.45,765.55,766.5,1935
2026-04-20 13:10:00,766.5,766.75,765.0,766.25,1783
2026-04-20 13:15:00,766.1,766.1,765.15,765.85,1139
2026-04-20 13:20:00,765.85,767.45,764.85,767.4,4142
2026-04-20 13:25:00,767.4,767.45,766.25,766.85,4395
2026-04-20 13:30:00,766.8,767.25,765.75,766.9,5052
2026-04-20 13:35:00,766.9,768.4,765.85,768.4,8584
2026-04-20 13:40:00,768.4,768.45,768.0,768.4,1360
2026-04-20 13:45:00,768.4,772.35,768.0,771.5,9752
2026-04-20 13:50:00,771.5,772.7,770.6,772.4,4903
2026-04-20 13:55:00,772.4,772.7,772.0,772.2,4418
2026-04-20 14:00:00,772.2,773.2,772.2,773.2,7167
2026-04-20 14:05:00,773.0,773.6,773.0,773.05,9961
2026-04-20 14:10:00,773.05,773.75,772.6,773.0,2729
2026-04-20 14:15:00,773.25,775.4,773.25,775.1,10382
2026-04-20 14:20:00,775.1,775.7,775.0,775.7,17179
2026-04-20 14:25:00,775.7,776.0,775.0,775.35,2441
2026-04-20 14:30:00,775.35,775.75,774.9,775.1,2050
2026-04-20 14:35:00,775.1,775.35,775.0,775.1,1979
2026-04-20 14:40:00,775.1,775.45,775.0,775.1,3280
2026-04-20 14:45:00,775.0,775.4,774.85,775.4,7638
2026-04-20 14:50:00,775.4,775.5,774.55,775.1,3833
2026-04-20 14:55:00,775.1,775.5,775.0,775.1,2224
2026-04-20 15:00:00,775.1,775.65,775.05,775.3,3911
2026-04-20 15:05:00,775.1,776.25,775.05,775.35,6494
2026-04-20 15:10:00,775.55,777.0,775.35,776.15,13138
2026-04-20 15:15:00,776.15,776.15,775.0,775.85,12205
2026-04-20 15:20:00,775.85,780.0,775.0,776.0,43436
2026-04-20 15:25:00,776.0,777.0,775.0,775.1,23663
2026-04-21 09:15:00,779.2,783.0,776.95,779.3,12379
2026-04-21 09:20:00,780.25,784.9,780.25,781.85,8933
2026-04-21 09:25:00,782.95,784.5,781.8,783.8,5958
2026-04-21 09:30:00,784.05,789.0,783.15,788.0,14992
2026-04-21 09:35:00,788.0,795.95,787.55,791.4,25642
2026-04-21 09:40:00,791.4,792.0,789.1,791.95,7466
2026-04-21 09:45:00,791.55,792.25,789.0,790.7,3678
2026-04-21 09:50:00,790.5,790.85,785.9,787.75,3552
2026-04-21 09:55:00,787.75,787.9,786.7,787.0,1576
2026-04-21 10:00:00,792.85,796.65,792.85,796.05,16367
2026-04-21 10:05:00,796.5,796.55,794.0,794.0,7923
2026-04-21 10:10:00,794.0,794.2,793.0,793.0,2875
2026-04-21 10:15:00,793.0,796.35,793.0,795.45,7290
2026-04-21 10:20:00,795.45,796.05,795.0,795.15,1585
2026-04-21 10:25:00,795.15,795.95,795.0,795.55,1892
2026-04-21 10:30:00,795.55,796.05,795.55,795.55,2117
2026-04-21 10:35:00,795.55,796.0,795.0,795.7,4729
2026-04-21 10:40:00,795.7,798.0,795.05,796.75,7611
2026-04-21 10:45:00,796.75,798.8,796.25,797.6,5290
2026-04-21 10:50:00,797.6,798.45,797.0,797.25,2620
2026-04-21 10:55:00,796.65,797.6,796.65,797.4,1877
2026-04-21 11:00:00,797.4,797.75,796.25,796.25,4575
2026-04-21 11:05:00,796.25,798.0,795.9,796.9,4057
2026-04-21 11:10:00,796.9,796.9,795.35,795.35,6338
2026-04-21 11:15:00,795.35,796.3,795.35,795.6,1864
2026-04-21 11:20:00,795.15,795.4,795.0,795.3,1330
2026-04-21 11:25:00,795.3,795.3,791.0,791.0,5598
2026-04-21 11:30:00,791.0,791.6,790.45,790.7,3989
2026-04-21 11:35:00,790.7,791.65,790.05,791.0,4557
2026-04-21 11:40:00,791.0,792.15,791.0,791.2,575
2026-04-21 11:45:00,791.2,791.95,791.2,791.85,413
2026-04-21 11:50:00,791.85,792.15,791.4,792.15,3418
2026-04-21 11:55:00,792.15,792.55,792.0,792.5,966
2026-04-21 12:00:00,792.5,792.6,791.85,792.0,1507
2026-04-21 12:05:00,792.0,792.5,792.0,792.5,352
2026-04-21 12:10:00,792.5,792.95,792.05,792.75,857
2026-04-21 12:15:00,792.75,793.0,792.05,792.5,543
2026-04-21 12:20:00,792.5,793.2,792.5,792.75,252
2026-04-21 12:25:00,792.75,792.75,792.2,792.65,137
2026-04-21 12:30:00,792.65,792.65,790.5,790.5,961
2026-04-21 12:35:00,790.3,792.0,790.1,791.8,1725
2026-04-21 12:40:00,791.8,791.8,790.7,791.0,196
2026-04-21 12:45:00,791.0,791.0,790.55,790.95,1344
2026-04-21 12:50:00,790.95,791.5,790.55,790.55,423
2026-04-21 12:55:00,790.55,791.25,790.45,790.5,835
2026-04-21 13:00:00,790.5,791.25,790.0,790.95,643
2026-04-21 13:05:00,790.95,790.95,790.0,790.0,1098
2026-04-21 13:10:00,790.0,791.0,790.0,790.75,598
2026-04-21 13:15:00,790.75,791.85,790.75,791.0,404
2026-04-21 13:20:00,791.0,792.1,791.0,791.4,845
2026-04-21 13:25:00,792.0,792.35,790.55,790.55,2920
2026-04-21 13:30:00,790.55,792.2,790.0,792.05,30005
2026-04-21 13:35:00,792.05,792.05,790.05,790.55,702
2026-04-21 13:40:00,790.55,790.55,789.2,790.0,4494
2026-04-21 13:45:00,790.0,790.8,790.0,790.0,478
2026-04-21 13:50:00,790.0,791.0,790.0,790.7,1193
2026-04-21 13:55:00,790.7,790.9,790.0,790.9,449
2026-04-21 14:00:00,790.9,790.95,790.0,790.05,627
2026-04-21 14:05:00,790.05,790.9,790.0,790.3,388
2026-04-21 14:10:00,790.3,790.8,790.0,790.0,1032
2026-04-21 14:15:00,790.0,790.7,790.0,790.6,129
2026-04-21 14:20:00,790.6,790.6,790.0,790.0,1184
2026-04-21 14:25:00,790.0,790.35,790.0,790.0,759
2026-04-21 14:30:00,790.0,790.8,786.5,790.05,14821
2026-04-21 14:35:00,790.05,790.45,789.95,790.0,1278
2026-04-21 14:40:00,790.0,790.05,790.0,790.0,2819
2026-04-21 14:45:00,790.0,790.5,790.0,790.0,2595
2026-04-21 14:50:00,790.0,790.8,789.9,790.0,2467
2026-04-21 14:55:00,790.0,790.6,788.6,790.0,4340
2026-04-21 15:00:00,790.0,791.1,789.7,791.0,14269
2026-04-21 15:05:00,790.95,791.75,790.7,791.5,2677
2026-04-21 15:10:00,791.0,791.45,790.05,790.9,2759
2026-04-21 15:15:00,790.9,791.0,790.0,790.0,5811
2026-04-21 15:20:00,790.0,790.8,789.15,790.0,8299
2026-04-21 15:25:00,790.25,790.75,789.5,790.35,7863
2026-04-22 09:15:00,797.4,803.55,787.2,789.8,22254
2026-04-22 09:20:00,789.8,793.95,788.0,790.95,6782
2026-04-22 09:25:00,790.95,792.35,788.75,791.05,2907
2026-04-22 09:30:00,791.05,793.2,791.05,792.6,1848
2026-04-22 09:35:00,792.6,798.15,792.6,797.55,6134
2026-04-22 09:40:00,797.55,798.0,796.15,797.2,4653
2026-04-22 09:45:00,797.2,797.2,794.6,795.0,1407
2026-04-22 09:50:00,795.6,797.0,794.15,796.45,1118
2026-04-22 09:55:00,796.45,797.0,795.1,795.55,1952
2026-04-22 10:00:00,796.0,796.9,795.0,796.0,1052
2026-04-22 10:05:00,795.95,796.4,794.9,796.2,861
2026-04-22 10:10:00,796.2,796.9,795.5,796.5,1261
2026-04-22 10:15:00,796.5,797.95,795.55,797.45,4683
2026-04-22 10:20:00,797.45,797.45,792.85,794.8,2518
2026-04-22 10:25:00,794.8,794.85,793.6,794.7,1721
2026-04-22 10:30:00,794.7,794.7,793.35,794.0,532
2026-04-22 10:35:00,794.0,796.6,792.25,795.0,4483
2026-04-22 10:40:00,795.3,796.25,794.45,795.05,2018
2026-04-22 10:45:00,795.1,796.0,794.3,795.1,2939
2026-04-22 10:50:00,795.2,796.0,794.6,795.65,2914
2026-04-22 10:55:00,795.55,796.0,794.75,795.0,3646
2026-04-22 11:00:00,795.3,795.3,792.85,795.0,2288
2026-04-22 11:05:00,794.85,795.0,793.65,794.4,1270
2026-04-22 11:10:00,794.5,795.0,794.0,794.9,1002
2026-04-22 11:15:00,795.0,795.0,794.2,794.85,938
2026-04-22 11:20:00,794.85,795.0,793.75,794.2,1531
2026-04-22 11:25:00,794.2,795.0,793.05,793.7,2672
2026-04-22 11:30:00,793.85,795.0,793.85,794.55,2032
2026-04-22 11:35:00,794.95,795.0,794.3,794.8,649
2026-04-22 11:40:00,794.8,794.95,794.2,794.7,1452
2026-04-22 11:45:00,794.7,794.95,794.3,794.75,1184
2026-04-22 11:50:00,794.75,795.0,794.0,795.0,1696
2026-04-22 11:55:00,795.0,795.0,794.6,795.0,1167
2026-04-22 12:00:00,795.0,795.0,794.4,795.0,1872
2026-04-22 12:05:00,795.0,795.0,794.2,794.85,2476
2026-04-22 12:10:00,794.85,795.0,794.85,795.0,1514
2026-04-22 12:15:00,795.0,795.0,795.0,795.0,1256
2026-04-22 12:20:00,795.0,795.0,794.05,795.0,2895
2026-04-22 12:25:00,795.0,797.0,793.55,794.6,9735
2026-04-22 12:30:00,794.6,795.0,794.45,795.0,2318
2026-04-22 12:35:00,795.0,795.0,794.1,795.0,1788
2026-04-22 12:40:00,795.0,795.0,794.9,794.95,1271
2026-04-22 12:45:00,794.95,794.95,792.7,794.45,20214
2026-04-22 12:50:00,794.6,794.85,792.55,794.3,1634
2026-04-22 12:55:00,793.4,794.6,793.2,793.2,2125
2026-04-22 13:00:00,792.6,794.0,791.95,794.0,2440
2026-04-22 13:05:00,794.0,794.0,793.55,794.0,1451
2026-04-22 13:10:00,794.0,794.8,793.1,794.05,1551
2026-04-22 13:15:00,794.05,794.75,793.15,793.6,1240
2026-04-22 13:20:00,793.6,794.7,793.25,794.55,5226
2026-04-22 13:25:00,794.55,794.8,794.15,794.35,1283
2026-04-22 13:30:00,794.35,795.0,793.95,795.0,1456
2026-04-22 13:35:00,795.0,795.0,794.4,795.0,1214
2026-04-22 13:40:00,794.95,795.0,794.55,795.0,1251
2026-04-22 13:45:00,795.0,795.0,793.65,793.65,1596
2026-04-22 13:50:00,793.65,795.0,793.6,794.4,2901
2026-04-22 13:55:00,794.8,795.0,794.2,794.45,1453
2026-04-22 14:00:00,794.0,795.0,793.25,794.65,2793
2026-04-22 14:05:00,794.15,794.85,793.7,794.5,1656
2026-04-22 14:10:00,794.65,794.85,794.15,794.85,1271
2026-04-22 14:15:00,794.85,795.0,794.3,794.5,1268
2026-04-22 14:20:00,794.35,797.0,794.35,796.95,3839
2026-04-22 14:25:00,796.9,798.0,796.55,797.5,1457
2026-04-22 14:30:00,797.5,798.25,794.3,795.0,5630
2026-04-22 14:35:00,795.0,795.0,793.5,794.2,1839
2026-04-22 14:40:00,794.2,794.75,793.25,794.7,2058
2026-04-22 14:45:00,794.7,794.85,793.7,794.3,1978
2026-04-22 14:50:00,794.3,794.6,793.4,794.6,1359
2026-04-22 14:55:00,794.65,795.0,793.7,794.4,2918
2026-04-22 15:00:00,794.4,794.4,793.25,793.55,2450
2026-04-22 15:05:00,793.55,794.65,792.45,793.1,4245
2026-04-22 15:10:00,793.1,794.0,791.5,793.4,5817
2026-04-22 15:15:00,793.4,793.85,792.8,793.35,4816
2026-04-22 15:20:00,793.35,793.35,791.2,792.85,10484
2026-04-22 15:25:00,792.9,795.0,790.05,795.0,11257
2026-04-23 09:15:00,797.2,798.0,785.65,786.65,16644
2026-04-23 09:20:00,786.65,790.15,785.55,788.0,3354
2026-04-23 09:25:00,787.5,787.5,783.0,784.8,3102
2026-04-23 09:30:00,784.8,787.55,783.5,787.55,4512
2026-04-23 09:35:00,787.85,788.0,784.15,785.45,4586
2026-04-23 09:40:00,786.1,787.35,785.1,787.0,1040
2026-04-23 09:45:00,787.0,787.55,786.15,787.05,850
2026-04-23 09:50:00,787.05,787.95,786.25,787.5,1001
2026-04-23 09:55:00,787.45,787.95,786.6,787.8,2299
2026-04-23 10:00:00,787.8,790.95,786.6,790.85,9779
2026-04-23 10:05:00,790.85,791.5,790.45,790.45,693
2026-04-23 10:10:00,790.45,790.45,787.55,788.65,1794
2026-04-23 10:15:00,788.7,788.75,787.7,788.35,1139
2026-04-23 10:20:00,788.3,789.2,787.4,789.2,249
2026-04-23 10:25:00,789.2,789.2,788.1,788.15,462
2026-04-23 10:30:00,788.1,788.2,786.7,787.4,284
2026-04-23 10:35:00,786.3,787.5,783.55,784.3,1091
2026-04-23 10:40:00,784.25,784.35,783.05,784.0,1471
2026-04-23 10:45:00,782.75,785.3,782.75,785.0,974
2026-04-23 10:50:00,784.95,785.25,784.35,785.25,378
2026-04-23 10:55:00,784.45,785.4,784.4,784.4,538
2026-04-23 11:00:00,781.3,781.35,779.15,779.85,7856
2026-04-23 11:05:00,779.85,781.75,779.7,781.75,3203
2026-04-23 11:10:00,781.7,781.7,778.2,779.0,944
2026-04-23 11:15:00,779.0,780.2,778.95,779.85,2355
2026-04-23 11:20:00,779.95,780.35,779.0,779.1,1606
2026-04-23 11:25:00,779.1,779.95,778.8,779.85,476
2026-04-23 11:30:00,780.05,780.25,779.4,780.0,290
2026-04-23 11:35:00,780.2,780.2,778.65,778.65,732
2026-04-23 11:40:00,779.8,779.8,778.55,779.4,825
2026-04-23 11:45:00,779.1,779.45,778.0,779.0,721
2026-04-23 11:50:00,778.85,779.5,777.1,778.05,1596
2026-04-23 11:55:00,778.05,778.8,777.25,778.0,1093
2026-04-23 12:00:00,778.0,778.6,777.3,778.0,720
2026-04-23 12:05:00,778.4,778.75,778.0,778.65,645
2026-04-23 12:10:00,778.65,780.25,778.0,779.3,2499
2026-04-23 12:15:00,780.0,781.0,779.45,780.2,1230
2026-04-23 12:20:00,780.7,780.85,779.35,779.85,2870
2026-04-23 12:25:00,779.85,780.65,779.45,779.6,954
2026-04-23 12:30:00,780.2,780.95,779.3,780.95,1036
2026-04-23 12:35:00,780.7,782.85,780.3,781.75,3568
2026-04-23 12:40:00,782.45,783.1,781.4,782.05,1803
2026-04-23 12:45:00,782.05,783.25,781.75,782.25,1072
2026-04-23 12:50:00,782.85,783.0,781.5,782.6,2268
2026-04-23 12:55:00,782.6,783.5,781.9,783.5,1090
2026-04-23 13:00:00,783.5,783.7,782.5,783.05,1239
2026-04-23 13:05:00,783.7,784.0,782.75,784.0,1184
2026-04-23 13:10:00,784.0,785.0,783.45,784.0,984
2026-04-23 13:15:00,784.75,785.4,784.0,785.0,856
2026-04-23 13:20:00,785.0,786.05,785.0,785.45,1617
2026-04-23 13:25:00,785.4,786.5,785.3,786.0,1015
2026-04-23 13:30:00,786.0,786.5,785.8,785.85,322
2026-04-23 13:35:00,785.85,786.5,783.45,784.15,3206
2026-04-23 13:40:00,784.85,784.95,783.0,784.1,1278
2026-04-23 13:45:00,783.75,784.85,783.45,784.1,1119
2026-04-23 13:50:00,784.1,785.95,784.1,785.65,1529
2026-04-23 13:55:00,785.15,786.6,785.0,785.55,611
2026-04-23 14:00:00,785.55,786.4,785.15,785.4,486
2026-04-23 14:05:00,785.4,786.5,785.0,785.1,502
2026-04-23 14:10:00,785.1,785.8,783.15,784.05,2850
2026-04-23 14:15:00,784.05,785.9,784.0,785.0,1213
2026-04-23 14:20:00,785.0,786.3,785.0,785.6,364
2026-04-23 14:25:00,786.2,786.2,784.05,784.1,2292
2026-04-23 14:30:00,784.1,784.85,783.25,783.25,1443
2026-04-23 14:35:00,784.0,784.6,782.3,783.25,1442
2026-04-23 14:40:00,782.5,783.25,780.7,780.7,1594
2026-04-23 14:45:00,780.7,783.85,780.45,783.2,1265
2026-04-23 14:50:00,783.85,784.7,782.0,782.25,3568
2026-04-23 14:55:00,782.85,783.95,781.95,783.7,1492
2026-04-23 15:00:00,783.75,786.0,783.15,785.25,2830
2026-04-23 15:05:00,785.8,785.85,784.25,785.45,7843
2026-04-23 15:10:00,785.1,785.45,782.7,783.2,6426
2026-04-23 15:15:00,783.3,786.55,783.3,785.95,3247
2026-04-23 15:20:00,786.45,786.75,784.25,784.25,5672
2026-04-23 15:25:00,784.95,785.0,781.05,784.95,4693
2026-04-24 09:15:00,785.0,786.5,773.65,777.8,6917
2026-04-24 09:20:00,777.8,780.8,772.5,778.05,3595
2026-04-24 09:25:00,777.85,777.85,773.0,774.75,7099
2026-04-24 09:30:00,774.0,776.0,770.45,771.5,2543
2026-04-24 09:35:00,772.15,772.6,767.7,768.4,3492
2026-04-24 09:40:00,768.25,770.0,767.95,769.7,700
2026-04-24 09:45:00,769.7,769.7,768.05,768.85,563
2026-04-24 09:50:00,768.85,770.9,767.45,768.4,2691
2026-04-24 09:55:00,768.4,769.15,767.0,768.55,2552
2026-04-24 10:00:00,768.5,773.6,768.5,773.6,2613
2026-04-24 10:05:00,773.6,774.4,772.05,773.1,4096
2026-04-24 10:10:00,773.0,773.0,771.05,771.85,4702
2026-04-24 10:15:00,771.85,772.25,770.0,770.2,1372
2026-04-24 10:20:00,770.85,770.85,768.3,769.05,1352
2026-04-24 10:25:00,768.7,770.9,768.6,770.0,904
2026-04-24 10:30:00,769.95,770.15,768.6,769.6,887
2026-04-24 10:35:00,769.6,769.8,768.3,769.1,368
2026-04-24 10:40:00,769.1,769.1,767.6,768.25,940
2026-04-24 10:45:00,768.25,768.85,767.0,767.4,2718
2026-04-24 10:50:00,767.35,768.5,767.1,767.8,968
2026-04-24 10:55:00,767.8,768.3,766.05,767.0,505
2026-04-24 11:00:00,767.0,767.4,766.05,766.55,257
2026-04-24 11:05:00,766.6,766.7,765.05,765.05,752
2026-04-24 11:10:00,766.2,766.65,764.25,765.8,1558
2026-04-24 11:15:00,766.1,767.75,764.1,767.15,3991
2026-04-24 11:20:00,767.15,767.15,765.2,766.05,840
2026-04-24 11:25:00,766.05,767.75,765.65,767.5,696
2026-04-24 11:30:00,767.5,769.45,767.5,769.3,1125
2026-04-24 11:35:00,769.3,769.3,768.15,769.3,457
2026-04-24 11:40:00,769.3,769.8,768.2,769.55,645
2026-04-24 11:45:00,769.55,769.55,768.55,768.85,474
2026-04-24 11:50:00,768.85,771.55,767.6,770.05,1761
2026-04-24 11:55:00,770.0,771.3,768.15,770.15,1255
2026-04-24 12:00:00,770.7,772.0,770.0,771.85,824
2026-04-24 12:05:00,771.85,771.95,770.5,771.5,763
2026-04-24 12:10:00,771.5,774.0,771.35,773.6,928
2026-04-24 12:15:00,773.85,774.2,772.65,773.85,802
2026-04-24 12:20:00,773.85,774.0,771.65,771.85,1973
2026-04-24 12:25:00,772.55,772.65,770.65,771.75,696
2026-04-24 12:30:00,772.0,773.2,771.0,772.3,2046
2026-04-24 12:35:00,773.0,773.25,771.45,773.0,921
2026-04-24 12:40:00,773.1,774.0,772.15,772.15,2786
2026-04-24 12:45:00,772.1,774.2,772.1,774.05,696
2026-04-24 12:50:00,774.2,774.55,773.5,774.15,765
2026-04-24 12:55:00,774.15,774.25,772.2,772.9,1167
2026-04-24 13:00:00,773.5,773.5,771.25,772.35,775
2026-04-24 13:05:00,772.35,772.75,770.85,771.8,886
2026-04-24 13:10:00,771.05,772.85,771.05,772.5,747
2026-04-24 13:15:00,772.5,772.6,771.05,772.45,803
2026-04-24 13:20:00,771.75,773.4,771.7,772.8,825
2026-04-24 13:25:00,772.15,773.0,771.6,773.0,757
2026-04-24 13:30:00,773.0,773.0,770.5,771.1,1610
2026-04-24 13:35:00,771.7,772.4,771.0,771.35,710
2026-04-24 13:40:00,772.05,772.4,771.0,771.25,1156
2026-04-24 13:45:00,772.05,772.5,771.0,772.25,1745
2026-04-24 13:50:00,772.25,772.5,771.2,772.3,717
2026-04-24 13:55:00,772.5,772.5,771.1,772.05,865
2026-04-24 14:00:00,772.1,772.7,771.35,771.7,849
2026-04-24 14:05:00,772.55,772.8,771.3,772.7,928
2026-04-24 14:10:00,772.15,773.0,771.95,772.85,759
2026-04-24 14:15:00,772.85,773.5,772.25,773.0,901
2026-04-24 14:20:00,773.5,774.1,772.45,773.8,2052
2026-04-24 14:25:00,773.8,774.0,773.2,773.35,877
2026-04-24 14:30:00,773.8,773.9,772.95,773.85,1455
2026-04-24 14:35:00,773.3,774.0,772.85,773.8,779
2026-04-24 14:40:00,773.0,773.85,772.5,772.95,767
2026-04-24 14:45:00,773.65,773.85,772.45,773.4,1186
2026-04-24 14:50:00,772.6,773.5,772.3,772.6,702
2026-04-24 14:55:00,773.35,773.4,772.45,773.25,864
2026-04-24 15:00:00,772.45,773.15,772.2,772.45,977
2026-04-24 15:05:00,772.3,774.0,772.05,773.5,9042
2026-04-24 15:10:00,773.5,777.1,773.4,776.4,2653
2026-04-24 15:15:00,776.05,776.4,775.05,776.0,2083
2026-04-24 15:20:00,775.9,776.35,775.05,776.25,2036
2026-04-24 15:25:00,777.2,780.2,775.0,775.0,9388
2026-04-27 09:15:00,777.2,789.6,777.2,782.25,6128
2026-04-27 09:20:00,784.2,790.0,783.35,786.2,3871
2026-04-27 09:25:00,786.2,786.2,783.25,783.25,2149
2026-04-27 09:30:00,783.25,785.55,783.2,783.65,1499
2026-04-27 09:35:00,783.65,785.9,783.0,783.0,1620
2026-04-27 09:40:00,783.0,787.95,783.0,786.1,1952
2026-04-27 09:45:00,787.3,789.0,786.45,788.0,1090
2026-04-27 09:50:00,787.5,789.8,787.5,789.8,1320
2026-04-27 09:55:00,791.4,791.9,788.05,789.3,8570
2026-04-27 10:00:00,789.3,789.3,787.5,787.5,347
2026-04-27 10:05:00,787.5,789.05,786.1,788.55,952
2026-04-27 10:10:00,788.55,788.55,785.0,785.25,2843
2026-04-27 10:15:00,785.25,788.0,785.25,787.8,1294
2026-04-27 10:20:00,787.8,787.8,786.4,787.7,281
2026-04-27 10:25:00,787.7,787.7,786.5,787.05,556
2026-04-27 10:30:00,787.05,787.05,783.8,785.75,2296
2026-04-27 10:35:00,785.75,785.75,782.55,785.65,2931
2026-04-27 10:40:00,784.65,785.85,784.5,784.5,544
2026-04-27 10:45:00,784.5,785.75,784.5,785.75,131
2026-04-27 10:50:00,785.75,786.2,785.5,785.9,372
2026-04-27 10:55:00,785.9,786.55,785.9,786.2,1045
2026-04-27 11:00:00,786.2,786.6,785.55,785.55,547
2026-04-27 11:05:00,785.55,785.55,784.8,785.0,649
2026-04-27 11:10:00,785.25,785.65,784.95,785.3,161
2026-04-27 11:15:00,785.3,786.5,785.3,786.0,866
2026-04-27 11:20:00,786.0,786.15,785.0,785.0,1357
2026-04-27 11:25:00,785.0,786.0,783.35,785.15,1045
2026-04-27 11:30:00,785.15,785.45,784.45,784.65,59
2026-04-27 11:35:00,784.65,785.2,784.0,784.2,171
2026-04-27 11:40:00,784.2,784.45,781.0,783.75,2725
2026-04-27 11:45:00,783.75,784.45,783.3,784.45,274
2026-04-27 11:50:00,784.45,785.55,784.45,785.55,374
2026-04-27 11:55:00,785.55,785.55,784.75,784.85,139
2026-04-27 12:00:00,784.85,785.35,784.0,784.8,384
2026-04-27 12:05:00,784.65,785.45,784.2,785.4,199
2026-04-27 12:10:00,785.4,786.0,785.4,786.0,250
2026-04-27 12:15:00,786.0,786.4,782.05,784.0,1308
2026-04-27 12:20:00,784.0,785.8,784.0,785.8,188
2026-04-27 12:25:00,785.8,786.55,785.75,786.05,301
2026-04-27 12:30:00,786.35,787.45,786.05,786.8,255
2026-04-27 12:35:00,786.8,786.85,786.1,786.85,239
2026-04-27 12:40:00,786.85,787.95,786.05,786.55,566
2026-04-27 12:45:00,786.55,788.0,785.15,787.2,1465
2026-04-27 12:50:00,787.2,787.6,786.45,786.5,293
2026-04-27 12:55:00,786.55,787.35,786.2,786.75,535
2026-04-27 13:00:00,786.75,788.45,786.6,788.2,490
2026-04-27 13:05:00,788.2,789.0,787.95,789.0,644
2026-04-27 13:10:00,789.0,789.6,789.0,789.5,227
2026-04-27 13:15:00,789.5,789.5,788.35,788.35,1070
2026-04-27 13:20:00,788.35,788.6,787.5,788.45,930
2026-04-27 13:25:00,788.45,789.1,788.35,789.1,403
2026-04-27 13:30:00,789.1,790.15,788.95,789.7,2188
2026-04-27 13:35:00,789.7,790.15,786.9,788.4,6860
2026-04-27 13:40:00,788.4,789.2,787.15,787.15,237
2026-04-27 13:45:00,787.15,788.05,786.5,786.5,424
2026-04-27 13:50:00,786.5,787.0,786.5,786.85,331
2026-04-27 13:55:00,786.85,787.5,786.35,786.8,172
2026-04-27 14:00:00,786.8,787.7,786.5,786.5,539
2026-04-27 14:05:00,787.3,788.15,786.6,788.0,808
2026-04-27 14:10:00,788.0,788.0,787.0,787.3,359
2026-04-27 14:15:00,787.3,787.35,784.55,786.8,1041
2026-04-27 14:20:00,786.75,787.8,786.75,786.75,435
2026-04-27 14:25:00,786.75,787.2,786.5,786.85,450
2026-04-27 14:30:00,786.85,786.85,785.65,785.9,203
2026-04-27 14:35:00,785.9,787.7,785.15,786.7,426
2026-04-27 14:40:00,786.7,787.3,786.45,786.95,535
2026-04-27 14:45:00,786.95,786.95,785.6,786.0,448
2026-04-27 14:50:00,786.0,786.2,785.25,785.7,716
2026-04-27 14:55:00,785.7,785.7,785.05,785.35,441
2026-04-27 15:00:00,785.45,785.45,783.8,784.65,2406
2026-04-27 15:05:00,784.65,785.25,784.2,784.85,387
2026-04-27 15:10:00,784.9,785.35,784.75,784.9,670
2026-04-27 15:15:00,784.9,785.05,784.0,784.25,1327
2026-04-27 15:20:00,784.5,784.5,781.4,782.45,3239
2026-04-27 15:25:00,782.95,797.0,781.6,788.0,10575
2026-04-28 09:15:00,791.4,795.4,788.35,793.15,2670
2026-04-28 09:20:00,793.65,795.5,792.35,794.0,7187
2026-04-28 09:25:00,794.0,797.4,794.0,795.1,4464
2026-04-28 09:30:00,795.1,795.1,793.55,794.8,2541
2026-04-28 09:35:00,794.65,794.65,792.25,794.0,1409
2026-04-28 09:40:00,794.0,794.2,791.1,792.25,1586
2026-04-28 09:45:00,791.5,798.5,791.15,797.0,6202
2026-04-28 09:50:00,796.9,797.6,794.0,795.55,3069
2026-04-28 09:55:00,796.0,796.0,795.3,795.85,498
2026-04-28 10:00:00,795.2,798.0,795.2,798.0,2388
2026-04-28 10:05:00,798.95,803.0,798.95,802.15,13405
2026-04-28 10:10:00,802.85,808.45,801.5,807.1,9489
2026-04-28 10:15:00,807.1,807.1,800.25,800.85,16236
2026-04-28 10:20:00,800.85,803.2,800.0,800.2,6298
2026-04-28 10:25:00,800.2,801.05,800.0,800.05,884
2026-04-28 10:30:00,800.05,800.8,797.1,799.35,2014
2026-04-28 10:35:00,799.4,799.4,797.0,797.45,813
2026-04-28 10:40:00,797.45,797.6,795.6,797.2,1122
2026-04-28 10:45:00,797.2,797.6,796.3,797.45,536
2026-04-28 10:50:00,797.4,797.6,796.55,797.55,362
2026-04-28 10:55:00,797.55,797.85,797.0,797.8,235
2026-04-28 11:00:00,797.85,805.95,797.8,805.55,10598
2026-04-28 11:05:00,805.55,811.95,805.55,810.8,44092
2026-04-28 11:10:00,810.65,814.0,808.2,810.6,35636
2026-04-28 11:15:00,810.6,811.4,808.85,810.0,6237
2026-04-28 11:20:00,810.9,811.75,809.55,810.0,6124
2026-04-28 11:25:00,810.0,810.0,807.15,809.45,5827
2026-04-28 11:30:00,809.45,809.5,807.15,808.1,4583
2026-04-28 11:35:00,808.1,811.2,808.1,810.3,5170
2026-04-28 11:40:00,811.1,811.2,804.1,805.65,6958
2026-04-28 11:45:00,804.9,806.85,804.9,806.45,4944
2026-04-28 11:50:00,806.45,807.45,805.85,806.85,3734
2026-04-28 11:55:00,806.85,808.65,806.2,808.15,4640
2026-04-28 12:00:00,808.15,808.15,805.9,807.15,4289
2026-04-28 12:05:00,807.15,808.05,805.75,807.7,4584
2026-04-28 12:10:00,807.7,807.85,806.7,807.6,3281
2026-04-28 12:15:00,807.6,808.1,806.65,807.0,10111
2026-04-28 12:20:00,807.0,807.9,806.0,807.6,6163
2026-04-28 12:25:00,807.6,807.8,805.8,807.75,3281
2026-04-28 12:30:00,807.75,808.45,806.55,806.95,3779
2026-04-28 12:35:00,806.7,807.75,806.1,807.75,4152
2026-04-28 12:40:00,807.75,807.75,806.8,807.75,2825
2026-04-28 12:45:00,807.75,809.35,806.3,807.65,8064
2026-04-28 12:50:00,807.65,808.0,806.95,806.95,3321
2026-04-28 12:55:00,806.95,807.9,806.5,807.35,3972
2026-04-28 13:00:00,807.35,807.9,806.5,807.6,7184
2026-04-28 13:05:00,807.6,807.65,806.65,807.6,3452
2026-04-28 13:10:00,807.6,807.9,806.3,807.85,3796
2026-04-28 13:15:00,807.85,807.9,806.45,807.6,4554
2026-04-28 13:20:00,807.6,807.85,806.85,807.85,2943
2026-04-28 13:25:00,807.85,807.85,806.7,807.05,3211
2026-04-28 13:30:00,807.05,807.9,806.9,807.85,3934
2026-04-28 13:35:00,807.85,807.95,806.0,807.0,3492
2026-04-28 13:40:00,807.0,808.1,807.0,807.85,3181
2026-04-28 13:45:00,807.85,808.0,806.45,807.6,3474
2026-04-28 13:50:00,807.6,808.0,806.9,807.3,2881
2026-04-28 13:55:00,807.3,808.0,807.2,807.95,3562
2026-04-28 14:00:00,807.95,807.95,801.4,802.0,3587
2026-04-28 14:05:00,802.0,803.8,801.1,802.05,1714
2026-04-28 14:10:00,802.05,802.95,800.45,800.55,892
2026-04-28 14:15:00,800.55,801.55,800.2,801.0,579
2026-04-28 14:20:00,801.0,801.8,800.4,801.75,928
2026-04-28 14:25:00,801.75,802.2,800.6,800.6,2037
2026-04-28 14:30:00,800.6,801.7,800.6,801.15,702
2026-04-28 14:35:00,801.15,801.7,800.95,801.15,422
2026-04-28 14:40:00,801.15,802.05,801.15,802.05,585
2026-04-28 14:45:00,802.05,802.05,801.3,802.05,797
2026-04-28 14:50:00,802.05,802.05,801.55,801.6,141
2026-04-28 14:55:00,801.6,802.05,800.85,801.0,503
2026-04-28 15:00:00,801.2,801.2,799.85,800.4,1926
2026-04-28 15:05:00,800.4,801.7,800.05,800.75,14273
2026-04-28 15:10:00,800.75,801.2,800.0,801.05,3697
2026-04-28 15:15:00,800.4,801.1,799.0,800.25,4648
2026-04-28 15:20:00,800.25,800.95,798.45,800.0,11351
2026-04-28 15:25:00,800.0,800.25,798.0,798.1,7230
2026-04-29 09:15:00,804.65,808.45,801.0,801.0,2131
2026-04-29 09:20:00,801.0,804.8,799.0,800.15,4625
2026-04-29 09:25:00,800.15,803.45,800.0,802.9,3924
2026-04-29 09:30:00,802.9,803.85,799.05,799.05,4443
2026-04-29 09:35:00,799.9,800.1,795.55,795.85,1618
2026-04-29 09:40:00,796.1,797.25,795.05,796.8,1222
2026-04-29 09:45:00,796.8,796.8,795.0,795.3,1213
2026-04-29 09:50:00,795.3,796.05,794.35,794.6,1618
2026-04-29 09:55:00,794.6,797.3,794.5,797.3,1903
2026-04-29 10:00:00,798.85,802.0,798.85,799.25,1539
2026-04-29 10:05:00,799.15,800.0,799.0,799.0,726
2026-04-29 10:10:00,799.0,799.0,797.5,797.5,1358
2026-04-29 10:15:00,797.5,799.4,797.5,798.0,2332
2026-04-29 10:20:00,798.0,800.0,798.0,798.95,699
2026-04-29 10:25:00,798.95,798.95,797.0,798.5,1816
2026-04-29 10:30:00,798.5,798.55,795.75,796.6,1546
2026-04-29 10:35:00,796.6,796.6,795.1,795.25,327
2026-04-29 10:40:00,795.25,795.95,794.85,795.65,190
2026-04-29 10:45:00,795.65,795.65,795.0,795.55,315
2026-04-29 10:50:00,795.55,796.15,795.55,796.15,174
2026-04-29 10:55:00,796.15,796.85,795.6,795.6,331
2026-04-29 11:00:00,795.6,796.95,795.6,796.3,528
2026-04-29 11:05:00,796.3,796.8,796.0,796.8,474
2026-04-29 11:10:00,796.8,797.75,796.8,797.65,127
2026-04-29 11:15:00,797.75,800.2,796.8,800.2,600
2026-04-29 11:20:00,800.2,801.0,799.5,799.5,1477
2026-04-29 11:25:00,799.5,799.5,798.8,798.8,284
2026-04-29 11:30:00,798.8,799.2,797.75,797.85,474
2026-04-29 11:35:00,797.85,798.65,797.85,798.2,434
2026-04-29 11:40:00,798.2,799.8,798.2,799.55,593
2026-04-29 11:45:00,799.55,799.55,798.25,798.25,151
2026-04-29 11:50:00,798.25,798.7,797.55,797.7,202
2026-04-29 11:55:00,797.35,799.0,797.3,799.0,337
2026-04-29 12:00:00,799.0,799.4,799.0,799.0,295
2026-04-29 12:05:00,799.0,799.85,798.8,799.85,441
2026-04-29 12:10:00,799.85,800.0,798.7,799.3,427
2026-04-29 12:15:00,799.3,799.3,798.3,798.4,1075
2026-04-29 12:20:00,798.3,798.8,798.05,798.8,354
2026-04-29 12:25:00,798.8,798.8,797.05,798.45,925
2026-04-29 12:30:00,798.45,798.45,797.15,797.55,1290
2026-04-29 12:35:00,797.45,799.1,797.3,799.1,501
2026-04-29 12:40:00,798.2,800.0,798.2,800.0,1477
2026-04-29 12:45:00,800.0,800.0,799.2,799.9,5971
2026-04-29 12:50:00,799.9,800.0,799.25,799.25,3809
2026-04-29 12:55:00,799.25,800.0,798.9,800.0,691
2026-04-29 13:00:00,800.0,800.0,798.75,800.0,871
2026-04-29 13:05:00,800.0,800.0,799.15,800.0,589
2026-04-29 13:10:00,800.0,800.0,799.35,799.85,505
2026-04-29 13:15:00,800.0,800.0,798.1,799.65,1893
2026-04-29 13:20:00,799.65,799.85,798.2,799.1,683
2026-04-29 13:25:00,799.1,799.95,798.0,799.7,1394
2026-04-29 13:30:00,799.7,800.2,798.85,800.0,3716
2026-04-29 13:35:00,800.0,800.0,798.6,799.0,32291
2026-04-29 13:40:00,799.0,799.1,795.6,798.15,3682
2026-04-29 13:45:00,797.45,799.75,797.3,799.75,2701
2026-04-29 13:50:00,799.75,800.0,798.95,800.0,1551
2026-04-29 13:55:00,800.0,800.0,799.3,799.85,1400
2026-04-29 14:00:00,799.85,800.0,798.3,799.15,2646
2026-04-29 14:05:00,798.4,800.0,798.4,799.85,2812
2026-04-29 14:10:00,799.85,799.95,798.2,799.8,2588
2026-04-29 14:15:00,799.8,800.0,798.7,799.45,2415
2026-04-29 14:20:00,799.45,799.45,797.7,799.4,1948
2026-04-29 14:25:00,799.4,799.95,798.4,799.9,1421
2026-04-29 14:30:00,799.9,799.9,798.8,799.85,1783
2026-04-29 14:35:00,799.85,800.0,798.85,799.8,4316
2026-04-29 14:40:00,799.35,800.0,799.35,800.0,1370
2026-04-29 14:45:00,800.0,800.0,799.1,800.0,5263
2026-04-29 14:50:00,800.0,800.0,799.0,799.9,3015
2026-04-29 14:55:00,799.9,800.0,798.95,799.75,1793
2026-04-29 15:00:00,798.1,799.35,796.3,798.55,3466
2026-04-29 15:05:00,799.35,799.8,798.0,799.05,2847
2026-04-29 15:10:00,799.4,799.4,796.5,796.9,4492
2026-04-29 15:15:00,796.85,797.85,795.05,796.95,3947
2026-04-29 15:20:00,796.25,797.0,796.1,796.6,3084
2026-04-29 15:25:00,796.95,799.9,795.35,796.0,3572
2026-04-30 09:15:00,802.2,807.5,796.55,797.0,20821
2026-04-30 09:20:00,797.0,797.95,794.1,794.4,6925
2026-04-30 09:25:00,795.9,801.1,794.6,800.75,7896
2026-04-30 09:30:00,800.75,802.9,797.55,802.8,8479
2026-04-30 09:35:00,805.0,805.0,800.0,801.0,7793
2026-04-30 09:40:00,801.0,803.9,799.5,802.8,5073
2026-04-30 09:45:00,802.8,805.9,798.55,799.35,10856
2026-04-30 09:50:00,799.35,800.0,796.15,796.5,1999
2026-04-30 09:55:00,796.5,796.85,789.6,789.6,6454
2026-04-30 10:00:00,789.6,791.5,789.1,791.3,1795
2026-04-30 10:05:00,791.3,791.3,789.0,789.75,1871
2026-04-30 10:10:00,789.2,790.25,788.55,788.55,2621
2026-04-30 10:15:00,788.55,788.55,786.0,788.5,5150
2026-04-30 10:20:00,788.5,788.55,783.0,784.55,1926
2026-04-30 10:25:00,784.55,784.8,782.0,782.85,757
2026-04-30 10:30:00,782.85,783.95,782.25,783.3,703
2026-04-30 10:35:00,783.3,784.9,782.3,784.9,1576
2026-04-30 10:40:00,784.9,785.0,783.45,784.35,997
2026-04-30 10:45:00,784.35,784.95,783.3,784.1,956
2026-04-30 10:50:00,784.1,789.35,783.7,788.6,3076
2026-04-30 10:55:00,788.6,789.95,788.6,789.1,1346
2026-04-30 11:00:00,789.1,791.6,788.2,790.0,7836
2026-04-30 11:05:00,790.0,790.0,786.9,787.65,6778
2026-04-30 11:10:00,787.4,787.4,785.65,786.35,1821
2026-04-30 11:15:00,786.35,787.75,786.0,786.7,1046
2026-04-30 11:20:00,787.25,787.25,785.9,786.6,1426
2026-04-30 11:25:00,786.6,788.85,786.6,788.05,906
2026-04-30 11:30:00,788.05,788.55,787.3,787.85,846
2026-04-30 11:35:00,787.85,789.5,787.5,789.2,928
2026-04-30 11:40:00,789.2,789.2,788.2,788.55,988
2026-04-30 11:45:00,788.55,790.0,788.3,789.45,909
2026-04-30 11:50:00,789.45,790.0,789.0,789.8,936
2026-04-30 11:55:00,789.8,789.9,788.55,789.0,1212
2026-04-30 12:00:00,789.0,789.6,788.6,789.25,996
2026-04-30 12:05:00,789.25,789.65,788.8,789.05,1168
2026-04-30 12:10:00,788.85,790.0,788.85,788.9,1000
2026-04-30 12:15:00,787.85,789.75,787.75,788.7,6158
2026-04-30 12:20:00,788.7,789.6,788.7,789.25,882
2026-04-30 12:25:00,789.25,789.85,788.7,789.0,1394
2026-04-30 12:30:00,789.0,789.7,788.25,789.55,986
2026-04-30 12:35:00,789.55,789.55,788.4,789.25,882
2026-04-30 12:40:00,789.25,789.6,788.4,789.2,999
2026-04-30 12:45:00,789.2,790.0,789.15,789.7,922
2026-04-30 12:50:00,789.7,790.0,789.0,789.6,975
2026-04-30 12:55:00,789.6,790.0,789.1,789.55,856
2026-04-30 13:00:00,789.55,790.0,789.1,789.25,937
2026-04-30 13:05:00,789.25,790.0,789.2,789.95,919
2026-04-30 13:10:00,789.85,790.0,789.05,789.65,1753
2026-04-30 13:15:00,789.65,790.0,789.2,789.35,1000
2026-04-30 13:20:00,789.35,790.0,789.25,789.65,948
2026-04-30 13:25:00,789.65,790.0,789.0,789.85,3566
2026-04-30 13:30:00,789.85,790.0,788.3,789.3,1225
2026-04-30 13:35:00,789.3,790.0,789.05,789.45,920
2026-04-30 13:40:00,789.7,790.1,789.3,790.0,1475
2026-04-30 13:45:00,790.0,790.2,789.6,789.75,1024
2026-04-30 13:50:00,789.75,790.0,789.05,789.95,2565
2026-04-30 13:55:00,789.95,790.0,789.2,789.6,2241
2026-04-30 14:00:00,789.65,790.0,789.15,789.45,846
2026-04-30 14:05:00,789.45,789.95,789.05,789.95,799
2026-04-30 14:10:00,789.95,789.95,789.3,789.95,822
2026-04-30 14:15:00,789.95,789.95,789.15,789.3,1476
2026-04-30 14:20:00,789.3,790.0,789.05,789.8,1054
2026-04-30 14:25:00,789.8,791.5,789.2,791.5,1256
2026-04-30 14:30:00,791.5,792.8,790.95,792.45,1541
2026-04-30 14:35:00,792.45,793.8,791.6,792.75,1283
2026-04-30 14:40:00,792.75,793.0,791.55,792.05,363
2026-04-30 14:45:00,792.05,792.85,790.4,790.75,1893
2026-04-30 14:50:00,790.55,791.7,790.2,791.1,1011
2026-04-30 14:55:00,791.2,792.3,791.0,792.1,1323
2026-04-30 15:00:00,792.5,792.85,791.35,792.1,1459
2026-04-30 15:05:00,791.85,792.9,789.2,790.0,13319
2026-04-30 15:10:00,790.2,790.2,788.2,788.5,10891
2026-04-30 15:15:00,788.5,789.0,787.25,789.0,4181
2026-04-30 15:20:00,789.0,795.6,786.95,794.45,6795
2026-04-30 15:25:00,793.8,794.1,786.3,786.3,9080
2026-05-04 09:15:00,798.0,802.3,795.0,797.15,7797
2026-05-04 09:20:00,797.15,802.85,797.15,799.0,3555
2026-05-04 09:25:00,799.0,805.55,799.0,804.75,4552
2026-05-04 09:30:00,805.0,807.8,802.0,803.95,6141
2026-05-04 09:35:00,803.95,804.5,802.3,803.85,1119
2026-05-04 09:40:00,803.85,805.5,803.7,805.4,1682
2026-05-04 09:45:00,805.4,806.9,797.0,797.0,4745
2026-05-04 09:50:00,797.8,797.8,795.15,796.65,2594
2026-05-04 09:55:00,796.65,797.5,796.25,796.5,6576
2026-05-04 10:00:00,797.0,797.0,795.25,796.5,1525
2026-05-04 10:05:00,796.5,798.05,796.15,796.7,1561
2026-05-04 10:10:00,796.7,797.0,794.0,795.4,8827
2026-05-04 10:15:00,795.4,796.25,795.0,795.85,1183
2026-05-04 10:20:00,795.85,796.25,794.5,794.9,588
2026-05-04 10:25:00,794.9,796.25,794.15,795.0,1017
2026-05-04 10:30:00,795.0,795.0,792.0,794.85,12646
2026-05-04 10:35:00,794.85,794.85,793.0,794.35,841
2026-05-04 10:40:00,794.35,794.65,793.6,794.65,771
2026-05-04 10:45:00,794.65,795.75,794.0,795.0,4415
2026-05-04 10:50:00,795.0,795.0,794.65,794.65,1095
2026-05-04 10:55:00,794.65,795.0,794.15,794.85,461
2026-05-04 11:00:00,794.85,795.0,794.3,794.7,15501
2026-05-04 11:05:00,794.7,795.0,794.2,795.0,574
2026-05-04 11:10:00,794.2,795.05,794.05,794.8,1653
2026-05-04 11:15:00,794.8,796.95,794.3,795.75,2499
2026-05-04 11:20:00,795.75,797.45,794.25,794.95,3695
2026-05-04 11:25:00,794.95,796.45,794.6,795.85,694
2026-05-04 11:30:00,795.85,797.5,794.9,794.9,12997
2026-05-04 11:35:00,795.95,797.0,795.95,796.95,2080
2026-05-04 11:40:00,796.95,797.0,795.55,796.8,2181
2026-05-04 11:45:00,797.0,797.0,794.85,795.0,4206
2026-05-04 11:50:00,795.0,795.0,794.55,795.0,1571
2026-05-04 11:55:00,795.0,795.0,794.6,795.0,1638
2026-05-04 12:00:00,795.0,795.0,794.25,794.25,2371
2026-05-04 12:05:00,794.45,794.9,794.05,794.6,1753
2026-05-04 12:10:00,794.75,795.0,793.8,794.15,2737
2026-05-04 12:15:00,794.15,794.15,790.8,792.65,3490
2026-05-04 12:20:00,792.7,793.0,792.2,793.0,1842
2026-05-04 12:25:00,792.8,793.3,792.2,792.95,1726
2026-05-04 12:30:00,792.95,793.0,791.85,792.55,3624
2026-05-04 12:35:00,792.85,793.25,790.15,792.5,9636
2026-05-04 12:40:00,792.3,793.0,791.8,791.8,10781
2026-05-04 12:45:00,792.0,792.75,791.5,791.95,1696
2026-05-04 12:50:00,792.0,793.0,792.0,792.85,2283
2026-05-04 12:55:00,793.0,793.0,792.55,793.0,1739
2026-05-04 13:00:00,793.0,793.0,792.45,792.9,2448
2026-05-04 13:05:00,792.7,793.0,792.05,792.9,2736
2026-05-04 13:10:00,793.0,793.0,792.85,792.9,1924
2026-05-04 13:15:00,792.9,793.0,792.2,793.0,2022
2026-05-04 13:20:00,792.8,793.0,792.15,792.45,1880
2026-05-04 13:25:00,792.45,792.8,792.05,792.6,1807
2026-05-04 13:30:00,792.0,793.2,791.7,793.0,2119
2026-05-04 13:35:00,793.0,793.1,791.4,792.8,2474
2026-05-04 13:40:00,792.8,793.0,792.7,793.0,2154
2026-05-04 13:45:00,792.85,793.0,792.75,792.75,1809
2026-05-04 13:50:00,792.8,793.0,791.95,792.65,2878
2026-05-04 13:55:00,792.7,793.0,792.1,792.2,1769
2026-05-04 14:00:00,792.4,793.0,792.0,793.0,1898
2026-05-04 14:05:00,792.8,793.15,792.45,792.9,2368
2026-05-04 14:10:00,792.85,793.0,792.8,792.9,2512
2026-05-04 14:15:00,793.0,793.0,792.15,792.85,4323
2026-05-04 14:20:00,792.9,793.0,790.1,792.9,8604
2026-05-04 14:25:00,792.9,793.0,792.0,793.0,3336
2026-05-04 14:30:00,792.75,793.0,792.5,792.95,2099
2026-05-04 14:35:00,792.95,793.0,792.0,792.6,2624
2026-05-04 14:40:00,792.7,793.1,792.55,792.85,2480
2026-05-04 14:45:00,792.9,793.0,792.05,792.75,4368
2026-05-04 14:50:00,792.8,793.0,792.75,792.9,2086
2026-05-04 14:55:00,792.9,793.0,792.4,793.0,2426
2026-05-04 15:00:00,792.7,792.7,790.85,791.8,2279
2026-05-04 15:05:00,791.8,792.15,790.8,791.2,6113
2026-05-04 15:10:00,791.2,791.2,790.1,790.2,1637
2026-05-04 15:15:00,790.15,792.7,789.15,792.05,7126
2026-05-04 15:20:00,792.15,793.8,791.0,791.95,8557
2026-05-04 15:25:00,791.95,792.0,789.1,789.1,11648
2026-05-05 09:15:00,794.0,795.0,785.1,791.65,5038
2026-05-05 09:20:00,791.6,792.15,788.75,791.35,3063
2026-05-05 09:25:00,791.35,791.95,789.5,790.35,1538
2026-05-05 09:30:00,790.0,791.55,789.35,789.75,2031
2026-05-05 09:35:00,789.75,790.0,787.65,787.65,1007
2026-05-05 09:40:00,787.55,790.1,787.2,789.55,335
2026-05-05 09:45:00,789.55,789.55,789.0,789.2,336
2026-05-05 09:50:00,789.2,790.6,789.2,790.0,798
2026-05-05 09:55:00,790.0,790.0,789.1,790.0,426
2026-05-05 10:00:00,789.55,790.0,785.1,785.55,8106
2026-05-05 10:05:00,786.15,786.2,782.15,783.3,4547
2026-05-05 10:10:00,783.85,783.85,781.4,781.4,1777
2026-05-05 10:15:00,781.4,782.65,780.65,781.6,3186
2026-05-05 10:20:00,781.35,782.2,778.0,778.75,4854
2026-05-05 10:25:00,778.75,778.75,776.0,776.55,3046
2026-05-05 10:30:00,776.0,781.45,775.15,779.05,25017
2026-05-05 10:35:00,779.7,781.25,778.05,780.85,1439
2026-05-05 10:40:00,780.9,782.65,780.7,782.05,1701
2026-05-05 10:45:00,782.05,782.5,781.0,781.95,2060
2026-05-05 10:50:00,781.95,782.4,780.5,781.15,3932
2026-05-05 10:55:00,781.15,783.65,781.0,783.65,2677
2026-05-05 11:00:00,783.1,787.0,780.35,786.7,14449
2026-05-05 11:05:00,786.7,786.95,785.65,786.1,2207
2026-05-05 11:10:00,786.1,789.7,785.7,787.45,8102
2026-05-05 11:15:00,786.75,787.85,786.2,787.2,1512
2026-05-05 11:20:00,786.85,787.8,786.05,787.15,2521
2026-05-05 11:25:00,787.15,788.85,787.15,787.85,1510
2026-05-05 11:30:00,788.5,790.0,787.15,789.05,1873
2026-05-05 11:35:00,789.6,790.8,788.7,789.35,9962
2026-05-05 11:40:00,789.3,790.0,787.9,789.25,2182
2026-05-05 11:45:00,789.5,789.75,788.4,788.8,1551
2026-05-05 11:50:00,788.8,790.0,788.6,789.65,1467
2026-05-05 11:55:00,789.65,789.95,788.5,789.8,2193
2026-05-05 12:00:00,789.0,790.9,789.0,790.0,3375
2026-05-05 12:05:00,790.0,790.6,789.65,790.1,844
2026-05-05 12:10:00,790.1,790.95,790.1,790.2,896
2026-05-05 12:15:00,790.25,790.4,790.2,790.4,540
2026-05-05 12:20:00,790.4,792.15,790.4,791.5,1780
2026-05-05 12:25:00,791.5,794.85,791.4,793.05,5628
2026-05-05 12:30:00,793.0,794.0,793.0,793.3,1220
2026-05-05 12:35:00,793.3,795.9,793.0,793.55,6131
2026-05-05 12:40:00,793.55,794.8,790.55,790.55,6801
2026-05-05 12:45:00,790.55,792.05,790.2,791.15,4843
2026-05-05 12:50:00,791.3,791.6,790.45,791.05,1006
2026-05-05 12:55:00,791.0,791.65,790.45,791.1,1337
2026-05-05 13:00:00,791.1,791.7,790.25,790.55,632
2026-05-05 13:05:00,790.55,791.1,790.35,790.45,1271
2026-05-05 13:10:00,790.3,791.1,790.0,790.25,2780
2026-05-05 13:15:00,790.15,790.5,790.0,790.0,541
2026-05-05 13:20:00,790.15,790.5,790.0,790.2,1007
2026-05-05 13:25:00,790.5,790.5,790.0,790.0,589
2026-05-05 13:30:00,790.0,790.35,790.0,790.0,758
2026-05-05 13:35:00,790.0,790.55,790.0,790.0,518
2026-05-05 13:40:00,790.0,790.4,789.55,790.0,1041
2026-05-05 13:45:00,790.0,791.25,789.45,790.05,7999
2026-05-05 13:50:00,790.15,790.2,789.4,790.0,942
2026-05-05 13:55:00,790.0,790.35,790.0,790.0,922
2026-05-05 14:00:00,790.0,790.6,789.45,790.0,3699
2026-05-05 14:05:00,790.0,790.85,790.0,790.0,926
2026-05-05 14:10:00,790.0,790.8,790.0,790.1,700
2026-05-05 14:15:00,790.0,790.65,789.65,790.05,2785
2026-05-05 14:20:00,790.05,791.0,789.35,789.65,6757
2026-05-05 14:25:00,789.65,790.3,789.4,790.0,3683
2026-05-05 14:30:00,790.0,790.15,789.3,789.3,3637
2026-05-05 14:35:00,790.0,790.1,789.05,790.0,3198
2026-05-05 14:40:00,790.0,790.25,789.3,789.45,4188
2026-05-05 14:45:00,790.0,790.05,788.1,789.6,11545
2026-05-05 14:50:00,789.6,790.0,788.6,790.0,5328
2026-05-05 14:55:00,790.0,790.0,789.2,790.0,2949
2026-05-05 15:00:00,789.95,790.2,789.05,789.05,4156
2026-05-05 15:05:00,789.05,790.05,789.05,790.0,5963
2026-05-05 15:10:00,789.75,790.6,789.35,789.9,3528
2026-05-05 15:15:00,789.7,790.15,789.4,789.95,4730
2026-05-05 15:20:00,789.95,794.9,789.95,794.9,3196
2026-05-05 15:25:00,794.9,809.8,789.4,790.15,19400
2026-05-06 09:15:00,804.25,807.95,795.0,799.15,19272
2026-05-06 09:20:00,799.2,799.5,795.5,798.95,19645
2026-05-06 09:25:00,799.0,799.55,796.15,798.65,4648
2026-05-06 09:30:00,798.4,799.0,797.15,798.2,1150
2026-05-06 09:35:00,798.2,799.0,797.55,798.1,2638
2026-05-06 09:40:00,798.1,798.8,796.0,796.7,1511
2026-05-06 09:45:00,796.45,797.5,795.75,797.5,1624
2026-05-06 09:50:00,797.5,797.5,796.25,797.4,1316
2026-05-06 09:55:00,797.4,798.05,796.5,797.8,2412
2026-05-06 10:00:00,797.9,798.5,797.25,798.25,7640
2026-05-06 10:05:00,797.85,798.9,797.7,798.9,5285
2026-05-06 10:10:00,798.65,801.55,798.1,801.45,3643
2026-05-06 10:15:00,801.45,803.95,800.5,801.15,9434
2026-05-06 10:20:00,801.15,803.1,801.15,802.5,2144
2026-05-06 10:25:00,802.5,805.85,801.95,804.6,8824
2026-05-06 10:30:00,804.6,804.6,803.0,803.0,3355
2026-05-06 10:35:00,803.0,804.1,802.6,803.1,1283
2026-05-06 10:40:00,803.1,805.3,803.1,804.0,3886
2026-05-06 10:45:00,804.0,804.45,803.45,803.9,1019
2026-05-06 10:50:00,804.7,805.15,802.25,802.25,2515
2026-05-06 10:55:00,802.25,802.85,801.6,802.05,817
2026-05-06 11:00:00,802.05,802.85,800.85,801.75,638
2026-05-06 11:05:00,801.75,802.7,801.1,801.95,657
2026-05-06 11:10:00,801.95,802.8,801.05,802.05,589
2026-05-06 11:15:00,802.1,804.3,802.1,802.75,6178
2026-05-06 11:20:00,802.75,803.3,801.9,802.05,3115
2026-05-06 11:25:00,802.05,802.7,801.55,802.65,318
2026-05-06 11:30:00,802.65,803.55,801.6,802.6,3314
2026-05-06 11:35:00,802.6,806.55,802.55,806.2,8137
2026-05-06 11:40:00,806.2,807.2,804.0,805.0,12780
2026-05-06 11:45:00,805.0,805.05,804.0,804.35,235
2026-05-06 11:50:00,804.35,804.5,800.0,800.65,10599
2026-05-06 11:55:00,800.65,802.5,800.55,801.2,1513
2026-05-06 12:00:00,801.2,801.9,801.0,801.2,954
2026-05-06 12:05:00,801.2,801.2,800.35,800.65,1029
2026-05-06 12:10:00,800.65,801.2,800.55,800.85,168
2026-05-06 12:15:00,800.85,801.5,800.25,800.5,710
2026-05-06 12:20:00,800.5,800.55,800.0,800.0,858
2026-05-06 12:25:00,800.0,800.35,800.0,800.15,353
2026-05-06 12:30:00,800.15,800.3,800.1,800.25,65
2026-05-06 12:35:00,800.25,800.8,800.25,800.8,250
2026-05-06 12:40:00,800.8,801.0,800.2,800.3,974
2026-05-06 12:45:00,800.3,801.3,800.2,800.5,254
2026-05-06 12:50:00,800.5,801.3,800.25,800.25,289
2026-05-06 12:55:00,800.25,800.5,800.0,800.3,388
2026-05-06 13:00:00,800.3,800.3,800.0,800.1,203
2026-05-06 13:05:00,800.1,800.85,800.0,800.15,871
2026-05-06 13:10:00,800.15,800.95,800.05,800.2,373
2026-05-06 13:15:00,800.2,801.6,800.2,801.5,940
2026-05-06 13:20:00,801.5,802.1,800.6,800.6,3734
2026-05-06 13:25:00,800.6,801.05,800.1,800.5,598
2026-05-06 13:30:00,800.3,800.75,800.0,800.05,806
2026-05-06 13:35:00,800.05,800.75,800.0,800.1,222
2026-05-06 13:40:00,800.1,800.2,800.05,800.1,225
2026-05-06 13:45:00,800.15,800.25,800.0,800.25,326
2026-05-06 13:50:00,800.15,800.7,800.0,800.45,912
2026-05-06 13:55:00,800.45,801.05,800.25,800.5,328
2026-05-06 14:00:00,800.5,801.1,800.25,800.25,1695
2026-05-06 14:05:00,800.25,800.75,800.25,800.25,2125
2026-05-06 14:10:00,800.25,801.0,800.0,800.2,4365
2026-05-06 14:15:00,800.2,802.05,800.0,800.0,4243
2026-05-06 14:20:00,800.8,801.45,800.15,800.55,1399
2026-05-06 14:25:00,800.55,802.0,800.55,801.55,10087
2026-05-06 14:30:00,801.55,802.95,800.1,800.75,8488
2026-05-06 14:35:00,802.0,802.2,800.55,801.6,3205
2026-05-06 14:40:00,801.6,802.0,801.3,801.35,4574
2026-05-06 14:45:00,801.35,804.1,801.0,801.5,14879
2026-05-06 14:50:00,801.5,802.0,800.5,800.75,2627
2026-05-06 14:55:00,800.75,802.0,800.75,801.85,1541
2026-05-06 15:00:00,802.0,802.55,801.4,802.0,14841
2026-05-06 15:05:00,802.0,802.2,801.4,801.95,8494
2026-05-06 15:10:00,801.95,809.1,801.05,807.8,33267
2026-05-06 15:15:00,807.8,811.95,805.85,810.05,12353
2026-05-06 15:20:00,810.05,814.8,808.5,810.3,24923
2026-05-06 15:25:00,811.0,816.0,805.0,806.0,53706
2026-05-07 09:15:00,792.5,798.0,781.3,782.65,64339
2026-05-07 09:20:00,782.2,786.1,782.1,782.55,29903
2026-05-07 09:25:00,782.4,786.9,780.4,784.0,19546
2026-05-07 09:30:00,784.1,788.0,784.1,786.3,14300
2026-05-07 09:35:00,786.2,787.0,784.0,784.9,10237
2026-05-07 09:40:00,784.9,785.95,784.2,785.55,7313
2026-05-07 09:45:00,785.0,785.6,783.85,785.1,7551
2026-05-07 09:50:00,785.1,785.1,783.0,783.35,4724
2026-05-07 09:55:00,783.35,784.0,783.0,783.65,4702
2026-05-07 10:00:00,783.1,785.0,783.0,784.85,1668
2026-05-07 10:05:00,784.85,785.2,783.5,784.4,2456
2026-05-07 10:10:00,784.4,784.9,784.0,784.35,917
2026-05-07 10:15:00,784.35,786.65,784.25,786.2,3327
2026-05-07 10:20:00,786.2,786.55,776.1,779.0,25642
2026-05-07 10:25:00,778.5,781.2,778.4,779.2,6757
2026-05-07 10:30:00,779.2,781.85,779.2,781.85,3589
2026-05-07 10:35:00,781.95,782.0,780.6,781.75,4538
2026-05-07 10:40:00,781.7,782.05,779.0,779.35,4661
2026-05-07 10:45:00,779.35,779.85,779.0,779.5,5429
2026-05-07 10:50:00,779.5,780.0,779.05,779.1,2510
2026-05-07 10:55:00,779.1,780.2,779.0,779.6,3995
2026-05-07 11:00:00,779.6,780.3,779.35,779.65,2883
2026-05-07 11:05:00,779.75,780.45,774.3,777.5,33693
2026-05-07 11:10:00,777.5,777.55,776.6,776.7,2751
2026-05-07 11:15:00,776.7,777.0,776.05,776.5,5036
2026-05-07 11:20:00,777.0,777.1,775.1,776.25,5431
2026-05-07 11:25:00,776.25,776.8,775.5,776.75,4886
2026-05-07 11:30:00,776.4,778.0,776.15,777.5,2163
2026-05-07 11:35:00,777.5,777.85,776.0,776.0,3227
2026-05-07 11:40:00,776.0,776.9,776.0,776.25,3262
2026-05-07 11:45:00,776.35,776.95,776.0,776.0,5800
2026-05-07 11:50:00,776.0,776.65,775.2,776.15,6830
2026-05-07 11:55:00,776.15,777.6,776.0,777.6,4516
2026-05-07 12:00:00,777.4,777.95,776.1,776.1,5319
2026-05-07 12:05:00,776.1,777.3,776.1,776.55,4005
2026-05-07 12:10:00,776.55,777.35,775.0,777.2,9526
2026-05-07 12:15:00,777.1,777.35,775.0,775.15,5796
2026-05-07 12:20:00,775.15,775.55,772.75,773.45,15800
2026-05-07 12:25:00,773.75,775.15,772.25,774.3,14071
2026-05-07 12:30:00,774.3,775.1,773.0,773.85,16140
2026-05-07 12:35:00,774.3,774.9,773.25,774.4,4519
2026-05-07 12:40:00,774.75,775.65,774.3,774.7,8379
2026-05-07 12:45:00,774.7,775.0,773.4,773.4,8079
2026-05-07 12:50:00,773.45,775.0,773.15,774.6,5679
2026-05-07 12:55:00,774.3,775.35,771.6,772.45,23912
2026-05-07 13:00:00,772.45,773.85,772.45,773.5,3306
2026-05-07 13:05:00,773.4,774.75,773.0,774.3,6294
2026-05-07 13:10:00,774.45,774.65,773.4,774.5,3822
2026-05-07 13:15:00,774.6,774.75,773.45,774.0,2003
2026-05-07 13:20:00,774.15,774.8,773.65,774.1,2798
2026-05-07 13:25:00,774.1,774.4,773.5,773.9,6976
2026-05-07 13:30:00,773.9,774.35,773.4,774.0,3367
2026-05-07 13:35:00,774.15,774.6,773.8,774.3,2997
2026-05-07 13:40:00,774.3,774.95,774.0,774.75,1868
2026-05-07 13:45:00,774.65,774.95,774.15,774.7,4853
2026-05-07 13:50:00,774.95,775.35,774.5,774.65,7281
2026-05-07 13:55:00,775.0,775.35,774.5,774.7,5297
2026-05-07 14:00:00,774.7,775.95,774.5,775.25,4937
2026-05-07 14:05:00,775.25,776.15,774.6,775.75,8931
2026-05-07 14:10:00,775.75,776.0,775.1,775.7,6643
2026-05-07 14:15:00,775.65,775.65,774.0,774.8,9341
2026-05-07 14:20:00,774.8,775.4,774.05,774.75,3741
2026-05-07 14:25:00,774.75,774.8,773.4,773.4,8566
2026-05-07 14:30:00,773.4,774.2,773.4,773.65,4421
2026-05-07 14:35:00,773.65,774.7,773.2,773.25,12911
2026-05-07 14:40:00,773.3,774.85,773.25,774.45,3745
2026-05-07 14:45:00,774.2,776.0,774.15,775.2,13673
2026-05-07 14:50:00,775.8,775.8,774.7,775.0,7051
2026-05-07 14:55:00,775.0,775.3,774.0,774.8,7482
2026-05-07 15:00:00,774.95,774.95,773.25,774.2,10561
2026-05-07 15:05:00,774.15,781.65,773.55,781.65,39738
2026-05-07 15:10:00,782.5,782.5,773.25,773.25,22778
2026-05-07 15:15:00,773.25,775.2,770.0,770.1,43312
2026-05-07 15:20:00,770.5,771.35,768.05,770.25,26817
2026-05-07 15:25:00,770.05,772.0,767.35,772.0,21585
2026-05-08 09:15:00,773.15,773.15,762.25,766.4,15625
2026-05-08 09:20:00,766.35,766.8,762.05,762.05,16317
2026-05-08 09:25:00,762.05,765.1,761.55,764.6,15681
2026-05-08 09:30:00,764.6,764.6,763.15,763.5,3357
2026-05-08 09:35:00,763.5,765.5,763.0,764.0,5823
2026-05-08 09:40:00,764.0,766.0,763.5,765.45,4014
2026-05-08 09:45:00,765.45,765.9,764.0,765.0,7531
2026-05-08 09:50:00,765.0,767.55,765.0,766.85,1879
2026-05-08 09:55:00,766.85,768.0,766.0,766.3,2900
2026-05-08 10:00:00,766.3,766.8,765.3,766.65,951
2026-05-08 10:05:00,766.65,766.75,765.0,765.0,1338
2026-05-08 10:10:00,765.0,766.55,764.6,766.5,1406
2026-05-08 10:15:00,766.5,768.2,765.1,768.2,2509
2026-05-08 10:20:00,768.2,768.25,767.0,767.2,2025
2026-05-08 10:25:00,767.6,768.1,767.1,767.7,1158
2026-05-08 10:30:00,767.7,768.05,767.35,767.5,501
2026-05-08 10:35:00,767.0,767.3,765.85,766.75,2239
2026-05-08 10:40:00,766.75,767.9,766.65,767.1,953
2026-05-08 10:45:00,767.1,769.2,767.1,768.0,3191
2026-05-08 10:50:00,768.0,768.5,767.55,768.0,371
2026-05-08 10:55:00,768.0,769.0,767.05,768.0,2621
2026-05-08 11:00:00,768.05,768.95,768.0,768.55,219
2026-05-08 11:05:00,768.55,770.7,768.25,768.8,6584
2026-05-08 11:10:00,768.35,769.15,767.0,769.1,8826
2026-05-08 11:15:00,769.1,770.2,769.05,770.2,1585
2026-05-08 11:20:00,770.2,770.2,769.05,770.2,1807
2026-05-08 11:25:00,770.2,771.0,770.0,770.25,1066
2026-05-08 11:30:00,770.25,771.85,770.0,771.85,1154
2026-05-08 11:35:00,771.85,771.85,770.25,771.15,3419
2026-05-08 11:40:00,771.15,772.8,771.15,771.95,1732
2026-05-08 11:45:00,771.95,772.2,771.0,771.75,533
2026-05-08 11:50:00,771.0,774.35,770.9,774.2,1324
2026-05-08 11:55:00,774.2,775.75,773.7,775.0,10145
2026-05-08 12:00:00,775.0,777.0,775.0,775.65,2516
2026-05-08 12:05:00,775.65,776.0,772.1,772.1,2825
2026-05-08 12:10:00,772.5,772.8,771.05,771.05,614
2026-05-08 12:15:00,771.05,771.25,770.0,770.5,744
2026-05-08 12:20:00,770.5,770.5,768.45,768.45,1013
2026-05-08 12:25:00,768.25,770.65,767.85,770.65,3508
2026-05-08 12:30:00,770.65,771.25,770.45,771.25,463
2026-05-08 12:35:00,771.25,774.0,770.85,773.95,3903
2026-05-08 12:40:00,773.95,774.9,772.95,774.2,1933
2026-05-08 12:45:00,774.1,774.85,773.95,774.45,2140
2026-05-08 12:50:00,774.45,774.45,773.5,774.05,5406
2026-05-08 12:55:00,774.05,775.0,773.5,774.0,4465
2026-05-08 13:00:00,774.0,774.0,773.4,773.4,1810
2026-05-08 13:05:00,773.4,774.75,773.3,773.85,2631
2026-05-08 13:10:00,773.85,774.75,773.75,774.4,460
2026-05-08 13:15:00,774.4,774.85,774.0,774.6,379
2026-05-08 13:20:00,774.35,775.25,773.5,773.7,644
2026-05-08 13:25:00,773.75,774.0,773.05,774.0,790
2026-05-08 13:30:00,774.0,774.8,773.7,774.0,376
2026-05-08 13:35:00,774.0,774.0,772.0,772.15,800
2026-05-08 13:40:00,772.15,773.5,772.1,772.3,717
2026-05-08 13:45:00,772.3,773.1,771.5,772.0,470
2026-05-08 13:50:00,772.0,772.5,771.0,771.7,819
2026-05-08 13:55:00,771.7,772.3,770.8,771.0,1064
2026-05-08 14:00:00,770.85,771.55,770.4,770.85,1108
2026-05-08 14:05:00,770.85,774.7,770.25,774.35,4919
2026-05-08 14:10:00,774.35,775.95,773.5,773.6,5140
2026-05-08 14:15:00,773.6,774.25,772.95,774.0,862
2026-05-08 14:20:00,773.95,773.95,772.25,772.55,2162
2026-05-08 14:25:00,772.55,773.8,767.25,767.35,17108
2026-05-08 14:30:00,767.35,768.05,761.5,762.45,22262
2026-05-08 14:35:00,762.3,762.65,760.2,760.9,12443
2026-05-08 14:40:00,761.2,763.95,760.5,763.8,4524
2026-05-08 14:45:00,763.8,764.35,762.25,764.15,2352
2026-05-08 14:50:00,764.0,764.25,760.7,760.7,5172
2026-05-08 14:55:00,760.7,761.1,759.1,761.1,6277
2026-05-08 15:00:00,761.1,761.1,758.0,758.3,3493
2026-05-08 15:05:00,758.75,759.1,757.6,757.85,5775
2026-05-08 15:10:00,757.85,758.35,756.3,757.15,7028
2026-05-08 15:15:00,757.55,759.35,757.1,757.1,4875
2026-05-08 15:20:00,757.1,759.1,756.25,759.0,7077
2026-05-08 15:25:00,759.0,760.5,757.35,760.25,5554
2026-05-11 09:15:00,762.6,762.6,754.0,754.15,5145
2026-05-11 09:20:00,752.1,758.05,750.15,757.05,10517
2026-05-11 09:25:00,756.45,760.25,756.0,760.25,5712
2026-05-11 09:30:00,760.25,760.25,755.35,756.25,3335
2026-05-11 09:35:00,756.0,757.45,755.25,756.05,4928
2026-05-11 09:40:00,756.0,757.45,754.0,754.15,2851
2026-05-11 09:45:00,755.0,755.0,752.4,753.45,3948
2026-05-11 09:50:00,753.9,754.0,752.7,753.25,891
2026-05-11 09:55:00,751.8,754.7,750.75,750.95,51065
2026-05-11 10:00:00,750.4,751.85,750.0,751.5,2442
2026-05-11 10:05:00,751.0,751.85,749.05,749.95,1863
2026-05-11 10:10:00,749.7,751.15,748.3,748.3,8664
2026-05-11 10:15:00,748.2,748.25,740.85,741.9,6675
2026-05-11 10:20:00,741.9,744.25,740.2,743.9,9900
2026-05-11 10:25:00,743.75,744.35,741.4,742.4,2698
2026-05-11 10:30:00,742.6,743.5,742.5,743.2,2610
2026-05-11 10:35:00,743.2,743.6,742.6,742.7,2952
2026-05-11 10:40:00,743.1,743.85,742.8,743.6,3028
2026-05-11 10:45:00,743.6,743.75,743.0,743.75,2226
2026-05-11 10:50:00,743.85,744.25,743.0,744.25,5682
2026-05-11 10:55:00,744.4,746.65,744.4,745.15,4341
2026-05-11 11:00:00,745.15,746.75,745.15,746.55,721
2026-05-11 12:50:00,748.7,749.5,748.6,748.95,16278914
2026-05-11 12:55:00,748.85,749.9,748.6,749.35,33255421
2026-05-11 13:00:00,749.1,749.4,748.0,748.15,30603045
2026-05-11 13:05:00,748.0,749.55,748.0,749.4,28756102
2026-05-11 13:10:00,749.4,750.1,749.0,749.65,30790488
2026-05-11 13:15:00,749.7,750.05,749.0,749.5,28463312
2026-05-11 13:20:00,749.4,750.4,749.1,750.25,23817516
2026-05-11 13:25:00,750.05,750.5,750.0,750.0,28147517
2026-05-11 13:30:00,750.0,751.5,749.45,749.6,28887332
2026-05-11 13:35:00,750.25,750.6,748.05,748.45,27325608
2026-05-11 13:40:00,748.7,749.55,748.35,748.95,20759421
2026-05-11 13:45:00,748.95,750.15,748.55,748.85,31728266
2026-05-11 13:50:00,748.85,749.8,748.55,749.05,2817
2026-05-11 13:55:00,749.6,749.6,748.7,748.85,4123554
2026-05-11 14:00:00,748.5,749.95,748.5,749.65,26578631
2026-05-11 14:05:00,749.65,750.4,749.15,749.95,32876581
2026-05-11 14:10:00,749.95,750.2,749.5,749.9,56934259
2026-05-11 14:15:00,749.95,750.25,749.5,750.05,1916
2026-05-11 14:20:00,750.0,750.4,749.45,749.95,56801982
2026-05-11 14:25:00,749.95,751.95,749.8,750.6,47595279
2026-05-11 14:30:00,750.6,751.0,750.1,750.45,47848997
2026-05-11 14:35:00,750.45,750.9,750.05,750.1,43698485
2026-05-11 14:40:00,750.25,750.65,750.0,750.4,873
2026-05-11 14:45:00,750.95,751.9,750.2,750.65,49791102
2026-05-11 14:50:00,750.65,752.5,750.25,751.0,50123196
2026-05-11 14:55:00,751.0,751.05,750.0,750.45,49582557
2026-05-11 15:00:00,750.5,750.75,749.25,750.75,47365308
2026-05-11 15:05:00,750.1,752.0,749.4,749.85,48086973
2026-05-11 15:10:00,749.9,750.6,749.5,749.55,38586877
2026-05-11 15:15:00,749.55,750.3,749.1,749.8,50877486
2026-05-11 15:20:00,749.85,750.0,747.0,747.75,52705670
2026-05-11 15:25:00,747.85,748.8,746.0,748.8,51444446
2026-05-12 09:15:00,749.45,749.45,739.6,743.0,205783
2026-05-12 09:20:00,742.0,743.0,737.5,739.05,565137
2026-05-12 09:25:00,739.85,739.85,732.75,733.25,1063164
2026-05-12 09:30:00,732.75,733.9,731.0,732.15,1616525
2026-05-12 09:35:00,732.15,737.85,732.15,736.4,2057669
2026-05-12 09:40:00,736.4,739.8,735.9,738.35,2147897
2026-05-12 09:45:00,738.35,739.55,736.95,737.95,2511395
2026-05-12 09:50:00,737.65,738.5,737.2,737.2,2149294
2026-05-12 09:55:00,737.2,737.75,735.15,736.2,2549627
2026-05-12 10:00:00,736.2,737.3,735.05,736.75,2346828
2026-05-12 10:05:00,736.85,737.55,736.0,736.5,2468691
2026-05-12 10:10:00,736.45,737.4,731.7,733.15,3703459
2026-05-12 10:15:00,733.15,734.15,733.15,733.2,3799840
2026-05-12 10:20:00,733.2,734.5,732.0,732.0,3500532
2026-05-12 10:25:00,732.0,732.95,726.75,727.2,7718087
2026-05-12 10:30:00,727.2,728.0,724.4,725.0,10063660
2026-05-12 10:35:00,725.0,726.2,723.2,724.05,7110296
2026-05-12 10:40:00,724.05,724.95,721.0,722.45,14969293
2026-05-12 10:45:00,722.2,722.8,720.4,721.9,12163371
2026-05-12 10:50:00,721.9,723.75,721.5,723.65,15833916
2026-05-12 10:55:00,723.65,725.0,720.7,721.65,16105454
2026-05-12 11:00:00,721.65,722.05,718.35,721.35,19259911
2026-05-12 11:05:00,721.1,722.0,720.45,721.65,18909692
2026-05-12 11:10:00,721.65,722.35,721.5,721.8,22906703
2026-05-12 11:15:00,721.6,722.15,721.55,721.95,18493874
2026-05-12 11:20:00,721.95,722.35,721.65,722.0,21875312
2026-05-12 11:25:00,722.0,722.25,719.85,721.75,22957898
2026-05-12 11:30:00,721.75,722.55,721.35,722.55,19838319
2026-05-12 11:35:00,722.3,725.0,722.3,724.85,22832989
2026-05-12 11:40:00,725.0,725.8,724.7,725.35,12665087
2026-05-12 11:45:00,724.5,725.1,724.2,725.0,23169511
2026-05-12 11:50:00,725.1,725.65,724.4,725.45,16904748
2026-05-12 11:55:00,725.45,725.8,725.0,725.2,15548125
2026-05-12 12:00:00,725.3,725.55,725.0,725.4,12423451
2026-05-12 12:05:00,725.4,725.65,720.65,721.45,33890209
2026-05-12 12:10:00,721.6,723.25,721.4,722.35,28701438
2026-05-12 12:15:00,722.35,724.55,722.1,724.3,30196159
2026-05-12 12:20:00,724.3,725.2,723.55,724.8,27867614
2026-05-12 12:25:00,724.85,725.4,724.1,724.35,22033055
2026-05-12 12:30:00,724.35,725.0,721.75,722.8,24563972
2026-05-12 12:35:00,722.2,723.3,720.0,720.6,20675002
2026-05-12 12:50:00,721.0,722.2,720.95,721.05,26026663
2026-05-12 12:55:00,721.0,722.65,720.5,720.5,37776891
2026-05-12 13:00:00,720.1,722.35,719.1,719.9,52923807
2026-05-12 13:05:00,719.35,720.05,718.05,719.7,30152963
2026-05-12 13:10:00,719.7,719.7,717.7,719.6,27363129
2026-05-12 13:15:00,719.6,720.25,718.65,719.75,28618327
2026-05-12 13:20:00,719.75,720.05,719.3,719.45,26844020
2026-05-12 13:25:00,719.45,720.3,719.3,719.9,33804046
2026-05-12 13:30:00,719.9,720.3,718.85,719.85,32081420
2026-05-12 13:35:00,719.5,720.05,719.0,719.3,29264729
2026-05-12 13:40:00,719.3,720.3,718.0,719.4,33885202
2026-05-12 13:45:00,719.25,719.95,717.5,718.4,36648411
2026-05-12 13:50:00,718.45,719.7,718.3,718.6,47568055
2026-05-12 13:55:00,718.5,719.15,717.0,717.6,46434439
2026-05-12 14:00:00,717.55,718.95,716.75,718.85,33284426
2026-05-12 14:05:00,718.5,719.4,716.9,717.4,43161108
2026-05-12 14:10:00,717.3,718.45,717.2,717.9,31344514
2026-05-12 14:15:00,717.9,719.4,717.65,718.9,38396693
2026-05-12 14:20:00,719.15,720.75,718.0,720.25,47050716
2026-05-12 14:25:00,720.1,720.45,718.9,719.65,46380664
2026-05-12 14:30:00,719.65,720.2,718.95,719.05,66298160
2026-05-12 14:35:00,718.65,720.35,718.3,718.3,40740394
2026-05-12 14:40:00,718.45,719.0,717.55,717.65,35260268
2026-05-12 14:45:00,717.65,719.0,717.4,718.5,38519667
2026-05-12 14:50:00,718.7,719.0,717.65,718.95,38262911
2026-05-12 14:55:00,718.95,719.0,717.2,718.65,41087737
2026-05-12 15:00:00,718.3,718.55,717.0,717.45,34615499
2026-05-12 15:05:00,717.55,720.7,717.2,719.0,37290570
2026-05-12 15:10:00,719.0,719.75,717.85,719.0,39557381
2026-05-12 15:15:00,718.15,720.0,717.05,718.9,42114541
2026-05-12 15:20:00,718.9,719.75,717.2,718.0,42113563
2026-05-12 15:25:00,718.0,719.25,715.6,715.6,37193785
2026-05-13 09:15:00,719.9,719.9,706.85,707.6,914535
2026-05-13 09:20:00,707.6,708.05,703.1,705.9,2201006
2026-05-13 09:25:00,705.5,705.85,701.7,701.7,3893894
2026-05-13 09:30:00,701.05,702.95,700.0,701.95,7971
2026-05-13 09:35:00,701.25,701.25,697.0,697.4,9073
2026-05-13 09:40:00,697.5,700.85,696.0,700.45,6536
2026-05-13 09:45:00,700.0,700.2,690.1,690.55,11607
2026-05-13 09:50:00,690.35,694.75,688.0,693.85,11986
2026-05-13 09:55:00,693.5,695.5,693.0,693.5,6457
2026-05-13 10:00:00,692.85,695.4,692.6,694.35,7214
2026-05-13 10:05:00,694.7,695.0,692.2,692.2,8367
2026-05-13 10:10:00,693.05,694.85,692.25,694.45,5507
2026-05-13 10:15:00,694.15,696.9,694.15,695.0,6231
2026-05-13 10:20:00,694.85,696.45,694.85,695.6,3026
2026-05-13 10:25:00,695.65,696.3,694.5,694.5,4798
2026-05-13 10:30:00,694.45,695.9,694.1,695.55,1853
2026-05-13 10:35:00,695.9,695.9,693.75,693.75,1943
2026-05-13 10:40:00,693.4,694.75,693.35,693.9,1319
2026-05-13 10:45:00,694.3,694.5,693.4,694.05,3547
2026-05-13 10:50:00,693.85,695.0,693.4,694.7,2343
2026-05-13 10:55:00,694.6,695.0,693.5,693.5,748
2026-05-13 11:00:00,693.5,694.35,692.7,693.85,856
2026-05-13 11:05:00,694.0,694.55,693.45,694.4,851
2026-05-13 11:10:00,694.45,694.8,693.35,694.8,641
2026-05-13 11:15:00,694.15,698.0,694.15,697.15,6556
2026-05-13 11:20:00,697.15,698.45,695.3,696.45,3229
2026-05-13 11:25:00,696.35,697.8,695.75,697.05,1279
2026-05-13 11:30:00,697.05,699.0,696.8,697.6,2560
2026-05-13 11:35:00,697.6,699.25,696.5,699.0,3793
2026-05-13 11:40:00,698.7,700.0,698.0,699.4,2978
2026-05-13 11:45:00,699.35,700.1,697.55,697.55,3007
2026-05-13 11:50:00,697.35,699.45,697.35,698.8,1896
2026-05-13 11:55:00,698.8,703.35,697.5,697.5,5192
2026-05-13 12:00:00,697.5,699.25,697.5,698.9,683
2026-05-13 12:05:00,698.45,701.05,697.95,699.9,2611
2026-05-13 12:10:00,700.1,701.85,700.05,700.65,1382
2026-05-13 12:15:00,702.05,704.65,698.55,699.3,7439
2026-05-13 12:20:00,699.3,700.0,698.7,699.3,1185
2026-05-13 12:25:00,699.0,700.9,699.0,699.85,1867
2026-05-13 12:30:00,700.3,700.3,698.65,698.95,700
2026-05-13 12:35:00,699.55,699.55,696.1,696.8,2545
2026-05-13 12:40:00,696.6,699.5,696.15,699.5,1365
2026-05-13 12:45:00,699.0,700.0,698.25,700.0,1012
2026-05-13 12:50:00,699.55,701.0,698.95,699.35,7664
2026-05-13 12:55:00,699.2,702.0,699.2,700.5,3328
2026-05-13 13:00:00,700.6,700.6,697.35,697.6,4700
2026-05-13 13:05:00,697.6,698.6,695.8,696.85,5012
2026-05-13 13:10:00,696.45,696.75,695.5,696.2,2232
2026-05-13 13:15:00,696.65,697.15,695.75,696.45,1981
2026-05-13 13:20:00,696.45,696.9,695.75,696.4,1916
2026-05-13 13:25:00,696.4,696.75,695.75,695.75,2223
2026-05-13 13:30:00,695.75,697.6,695.75,696.85,2447
2026-05-13 13:35:00,697.0,698.3,695.75,696.5,2327
2026-05-13 13:40:00,696.55,697.2,695.75,696.15,2221
2026-05-13 13:45:00,695.9,696.65,694.4,695.0,5575
2026-05-13 13:50:00,695.6,695.65,694.1,695.0,3178
2026-05-13 13:55:00,694.75,695.0,693.5,694.0,1793
2026-05-13 14:00:00,694.0,695.1,692.7,692.7,2095
2026-05-13 14:05:00,692.7,694.5,692.7,693.75,3621
2026-05-13 14:10:00,693.75,696.9,693.75,696.1,2794
2026-05-13 14:15:00,696.1,696.35,695.0,695.0,4043
2026-05-13 14:20:00,695.2,695.9,694.9,695.0,2181
2026-05-13 14:25:00,695.35,695.75,695.0,695.0,1910
2026-05-13 14:30:00,695.0,696.1,694.95,695.2,3987
2026-05-13 14:35:00,695.45,696.8,695.0,696.2,2137
2026-05-13 14:40:00,696.2,696.5,695.0,695.0,3235
2026-05-13 14:45:00,695.05,695.65,695.0,695.05,2499
2026-05-13 14:50:00,695.1,695.8,694.8,695.0,3100
2026-05-13 14:55:00,695.45,695.85,694.9,695.1,5578
2026-05-13 15:00:00,695.1,695.5,694.85,695.0,6248
2026-05-13 15:05:00,695.0,695.95,694.6,695.3,5442
2026-05-13 15:10:00,695.35,695.6,694.95,695.3,16081
2026-05-13 15:15:00,695.25,696.25,694.35,695.0,12091
2026-05-13 15:20:00,695.0,695.4,694.0,695.0,18754
2026-05-13 15:25:00,695.15,696.0,694.8,695.0,6777
2026-05-14 09:15:00,696.05,699.6,691.0,695.9,12191
2026-05-14 09:20:00,694.95,696.2,693.1,693.15,3481
2026-05-14 09:25:00,693.9,699.0,693.9,697.95,2147
2026-05-14 09:30:00,697.95,697.95,695.0,695.0,1895
2026-05-14 09:35:00,695.0,695.0,690.05,690.05,2526
2026-05-14 09:40:00,690.05,690.4,686.9,687.0,2272
2026-05-14 09:45:00,686.0,689.8,685.7,689.0,3299
2026-05-14 09:50:00,688.25,689.0,686.8,687.15,1913
2026-05-14 09:55:00,687.1,687.1,685.25,685.75,1304
2026-05-14 10:00:00,685.75,688.65,685.0,688.15,532
2026-05-14 10:05:00,688.15,689.3,687.05,687.9,886
2026-05-14 10:10:00,687.9,689.95,686.85,688.5,5650
2026-05-14 10:15:00,688.5,690.0,687.05,690.0,636
2026-05-14 10:20:00,690.0,690.0,686.15,687.75,5540
2026-05-14 10:25:00,687.75,688.15,684.1,685.0,3345
2026-05-14 10:30:00,685.0,685.0,683.4,684.5,4883
2026-05-14 10:35:00,684.5,684.8,683.35,683.85,771
2026-05-14 10:40:00,683.6,684.3,682.05,682.75,4537
2026-05-14 10:45:00,683.2,683.2,681.3,682.15,1145
2026-05-14 10:50:00,682.15,682.8,680.5,681.25,1806
2026-05-14 10:55:00,680.7,681.9,679.95,680.0,2863
2026-05-14 11:00:00,680.0,680.8,680.0,680.2,497
2026-05-14 11:05:00,680.0,680.45,679.0,679.5,858
2026-05-14 11:10:00,679.5,682.85,679.5,682.4,4524
2026-05-14 11:15:00,682.7,684.1,681.9,681.9,954
2026-05-14 11:20:00,681.9,685.1,681.7,684.5,2319
2026-05-14 11:25:00,684.5,685.6,684.45,685.6,800
2026-05-14 11:30:00,685.6,687.4,684.75,686.05,1098
2026-05-14 11:35:00,685.9,687.75,685.85,687.15,4243
2026-05-14 11:40:00,687.05,688.65,686.0,688.65,1111
2026-05-14 11:45:00,688.8,689.35,687.9,688.85,1749
2026-05-14 11:50:00,689.6,692.05,688.95,692.05,1805
2026-05-14 11:55:00,692.4,694.5,692.2,694.4,2479
2026-05-14 12:00:00,694.2,694.75,693.05,693.85,1463
2026-05-14 12:05:00,694.15,695.6,694.0,694.0,1401
2026-05-14 12:10:00,694.0,694.7,692.25,694.7,1137
2026-05-14 12:15:00,694.55,696.5,694.3,695.25,1340
2026-05-14 12:20:00,695.25,697.15,695.2,696.65,2795
2026-05-14 12:25:00,697.05,697.05,696.0,696.7,1276
2026-05-14 12:30:00,696.7,697.1,696.35,696.55,1142
2026-05-14 12:35:00,696.55,697.95,696.35,697.2,1397
2026-05-14 12:40:00,697.2,698.65,696.6,698.2,1335
2026-05-14 12:45:00,698.2,698.2,696.4,697.4,157
2026-05-14 12:50:00,697.4,697.75,695.35,695.95,974
2026-05-14 12:55:00,696.55,698.6,696.55,698.15,1732
2026-05-14 13:00:00,698.15,700.9,698.15,700.9,2414
2026-05-14 13:05:00,700.9,700.9,699.9,700.6,620
2026-05-14 13:10:00,700.6,700.6,699.15,699.55,220
2026-05-14 13:15:00,699.55,699.95,698.4,698.4,658
2026-05-14 13:20:00,698.4,699.4,698.4,698.75,98
2026-05-14 13:25:00,698.75,699.15,698.55,698.9,72
2026-05-14 13:30:00,699.45,699.45,697.5,698.2,628
2026-05-14 13:35:00,698.2,698.7,697.0,697.3,918
2026-05-14 13:40:00,697.3,698.2,696.1,697.9,9917
2026-05-14 13:45:00,697.9,700.35,697.65,697.65,702
2026-05-14 13:50:00,697.65,697.9,696.1,696.7,151
2026-05-14 13:55:00,696.7,699.25,696.7,698.7,1355
2026-05-14 14:00:00,698.7,699.25,698.15,699.2,377
2026-05-14 14:05:00,699.2,702.55,698.9,702.55,3073
2026-05-14 14:10:00,702.55,702.55,701.15,701.35,293
2026-05-14 14:15:00,701.35,703.75,701.1,701.45,2595
2026-05-14 14:20:00,701.45,701.45,700.45,700.75,1580
2026-05-14 14:25:00,700.75,701.0,700.6,701.0,95
2026-05-14 14:30:00,700.65,701.9,700.3,701.9,661
2026-05-14 14:35:00,701.9,702.2,700.0,701.3,352
2026-05-14 14:40:00,701.3,701.4,700.15,700.4,1217
2026-05-14 14:45:00,700.4,700.9,700.0,700.9,467
2026-05-14 14:50:00,700.05,701.1,700.0,700.9,900
2026-05-14 14:55:00,700.9,700.95,700.0,700.8,1410
2026-05-14 15:00:00,700.75,701.85,700.55,701.25,2833956
2026-05-14 15:05:00,700.75,701.4,700.05,700.65,1010
2026-05-14 15:10:00,700.8,700.8,699.6,700.0,10140974
2026-05-14 15:15:00,700.0,700.75,699.8,700.55,13261418
2026-05-14 15:20:00,700.0,701.25,700.0,700.9,11976084
2026-05-14 15:25:00,701.35,702.05,699.3,699.3,11995675
2026-05-15 09:15:00,702.0,702.65,696.55,696.7,161508
2026-05-15 09:20:00,696.7,697.6,695.05,695.55,377547
2026-05-15 09:25:00,695.55,697.55,695.15,695.95,463254
2026-05-15 09:30:00,695.55,697.8,693.8,694.8,728615
2026-05-15 09:35:00,693.65,698.45,693.6,698.45,985190
2026-05-15 09:40:00,698.45,700.55,697.1,699.8,1085579
2026-05-15 09:45:00,699.8,700.6,698.1,698.3,1203956
2026-05-15 09:50:00,698.3,699.8,698.05,698.45,902908
2026-05-15 09:55:00,699.5,699.5,698.6,698.65,321871
2026-05-15 10:00:00,698.65,699.2,698.05,699.05,908145
2026-05-15 10:05:00,699.05,699.05,696.0,696.0,1174383
2026-05-15 10:10:00,695.1,696.15,695.1,696.15,1253354
2026-05-15 10:15:00,696.15,697.5,696.05,696.95,1273608
2026-05-15 10:20:00,696.35,697.95,696.0,696.8,1086235
2026-05-15 10:25:00,696.8,697.75,696.05,697.1,1449074
2026-05-15 10:30:00,697.1,697.35,696.35,697.35,1140578
2026-05-15 10:35:00,697.2,697.2,695.15,695.15,1227546
2026-05-15 10:40:00,695.15,697.0,694.3,695.35,1948660
2026-05-15 10:45:00,695.35,697.1,695.35,696.9,1622616
2026-05-15 10:50:00,696.9,697.35,695.55,696.25,1272809
2026-05-15 10:55:00,696.25,696.8,695.3,696.1,1542567
2026-05-15 11:00:00,696.1,696.1,696.1,696.1,20683
2026-05-15 11:40:00,692.45,692.45,691.0,691.0,1399524
2026-05-15 11:45:00,691.0,692.35,690.3,691.45,2171088
2026-05-15 11:50:00,691.45,693.85,691.25,692.0,2043047
2026-05-15 11:55:00,692.0,692.05,691.6,691.9,2017423
2026-05-15 12:00:00,691.9,693.1,691.7,692.0,1914707
2026-05-15 12:05:00,692.5,694.05,692.5,693.0,2683860
2026-05-15 12:10:00,693.0,693.5,691.75,691.8,1794745
2026-05-15 12:15:00,691.8,692.4,691.05,691.1,2151905
2026-05-15 12:20:00,691.1,691.55,691.05,691.1,2083772
2026-05-15 12:25:00,691.1,691.85,691.0,691.0,2685048
2026-05-15 12:30:00,691.0,691.6,690.4,691.35,2356064
2026-05-15 12:35:00,691.35,691.85,690.85,691.25,2714718
2026-05-15 12:40:00,691.25,693.3,691.25,691.65,2646599
2026-05-15 12:45:00,691.5,692.6,691.35,692.1,2156154
2026-05-15 12:50:00,692.1,692.65,691.85,691.9,2577927
2026-05-15 12:55:00,691.9,692.3,691.6,691.95,2302295
2026-05-15 13:00:00,691.95,693.0,691.05,691.7,2995120
2026-05-15 13:05:00,691.7,692.5,691.55,692.5,3011262
2026-05-15 13:10:00,692.5,693.0,691.8,692.0,3399576
2026-05-15 13:15:00,692.0,692.35,691.6,692.1,3471682
2026-05-15 13:20:00,692.1,692.85,692.0,692.15,1816729
2026-05-15 13:25:00,692.15,692.5,692.15,692.2,1894579
2026-05-15 13:30:00,692.2,692.5,691.7,692.3,2146786
2026-05-15 13:35:00,692.3,692.5,690.3,690.3,2677406
2026-05-15 13:40:00,690.3,691.5,690.2,690.2,2596676
2026-05-15 13:45:00,690.2,690.7,688.4,688.7,4490148
2026-05-15 13:50:00,688.7,689.8,688.4,689.4,3159356
2026-05-15 13:55:00,689.4,689.8,689.4,689.45,2550669
2026-05-15 14:00:00,689.45,689.8,689.4,689.4,2984926
2026-05-15 14:05:00,689.4,689.85,689.15,689.15,2829614
2026-05-15 14:10:00,689.15,690.4,688.8,689.75,3838232
2026-05-15 14:15:00,689.75,689.8,689.05,689.05,2732534
2026-05-15 14:20:00,689.05,689.4,688.65,688.65,3181168
2026-05-15 14:25:00,688.65,688.65,687.75,688.25,3235743
2026-05-15 14:30:00,688.25,688.7,687.5,688.7,3159361
2026-05-15 14:35:00,688.2,688.55,686.7,687.2,4030240
2026-05-15 14:40:00,687.2,688.85,687.2,688.0,4424478
2026-05-15 14:45:00,688.0,688.0,686.15,686.15,3764697
2026-05-15 14:50:00,686.15,686.85,686.05,686.65,3806909
2026-05-15 14:55:00,686.65,688.4,686.65,688.3,3934398
2026-05-15 15:00:00,688.3,690.15,688.3,689.0,4739027
2026-05-15 15:05:00,689.65,690.15,687.1,687.5,4978586
2026-05-15 15:10:00,687.65,688.0,686.4,687.75,5037509
2026-05-15 15:15:00,687.8,689.0,687.4,689.0,6441639
2026-05-15 15:20:00,689.15,689.95,687.9,688.75,7029239
2026-05-15 15:25:00,689.25,689.95,685.0,688.0,6484275
2026-05-18 09:15:00,681.4,681.4,673.95,675.15,389047
2026-05-18 09:20:00,674.75,674.9,671.1,673.25,513469
2026-05-18 09:25:00,673.15,674.0,670.6,670.6,1009330
2026-05-18 09:30:00,670.65,673.8,670.1,672.6,1401925
2026-05-18 09:35:00,672.55,673.0,662.3,665.6,3009563
2026-05-18 09:40:00,665.1,667.0,663.2,663.25,3457196
2026-05-18 09:45:00,662.7,664.65,660.15,660.55,3960224
2026-05-18 09:50:00,660.55,661.45,657.9,658.2,4610559
2026-05-18 09:55:00,658.2,660.55,658.1,660.1,5123757
2026-05-18 10:00:00,660.6,661.45,659.65,660.25,6390423
2026-05-18 10:05:00,660.25,661.5,659.5,659.8,5108993
2026-05-18 10:10:00,659.7,660.75,659.5,660.2,6332952
2026-05-18 10:15:00,660.15,661.75,660.0,660.95,7340107
2026-05-18 10:20:00,660.2,661.05,660.1,660.75,7091007
2026-05-18 10:25:00,660.05,660.75,659.7,660.0,6655318
2026-05-18 10:30:00,660.0,660.95,658.7,660.45,6060892
2026-05-18 10:35:00,660.45,661.65,660.15,661.0,7443573
2026-05-18 10:40:00,661.6,662.0,659.1,660.1,6116002
2026-05-18 10:45:00,660.1,660.45,659.1,659.1,7277251
2026-05-18 10:50:00,659.1,660.3,659.1,660.0,7133493
2026-05-18 10:55:00,660.0,661.05,659.5,660.95,7863631
2026-05-18 11:00:00,660.25,661.6,660.15,660.55,7562837
2026-05-18 11:05:00,660.55,661.95,660.55,661.5,7383673
2026-05-18 11:10:00,661.5,662.4,661.35,661.7,9008346
2026-05-18 11:15:00,661.7,662.3,661.35,661.7,8334104
2026-05-18 11:20:00,661.7,665.45,661.65,663.75,12092548
2026-05-18 11:25:00,662.7,664.35,662.5,663.5,11411551
2026-05-18 11:30:00,663.5,665.05,663.4,664.3,11559555
2026-05-18 11:35:00,664.3,666.45,664.3,665.15,15176294
2026-05-18 11:40:00,665.15,665.45,664.55,664.9,13242940
2026-05-18 11:45:00,665.15,665.95,664.8,665.95,11800063
2026-05-18 11:50:00,665.5,665.95,664.8,665.0,13071841
2026-05-18 11:55:00,665.0,665.45,664.0,664.0,13665522
2026-05-18 12:00:00,664.2,665.05,663.6,664.35,13870325
2026-05-18 12:05:00,664.35,665.1,664.35,664.75,10129006
2026-05-18 12:10:00,664.75,665.0,663.85,664.45,1835
2026-05-18 12:15:00,664.95,665.0,661.25,661.4,3408
2026-05-18 12:20:00,661.4,662.0,661.05,661.45,10733643
2026-05-18 12:25:00,661.45,663.1,661.45,662.25,12107631
2026-05-18 12:30:00,662.25,664.45,661.85,664.0,17267701
2026-05-18 12:35:00,664.0,664.75,662.6,662.6,17829136
2026-05-18 12:40:00,662.6,663.0,661.15,661.2,16679645
2026-05-18 12:45:00,661.2,662.4,661.1,661.8,16432551
2026-05-18 12:50:00,662.1,662.85,661.8,662.4,17982653
2026-05-18 12:55:00,662.8,663.55,662.2,663.25,17547859
2026-05-18 13:00:00,663.25,664.25,662.2,662.55,15867269
2026-05-18 13:05:00,662.2,663.0,661.55,662.6,16602256
2026-05-18 13:10:00,662.6,662.7,661.5,662.7,17194326
2026-05-18 13:15:00,662.25,662.85,661.7,662.1,16062245
2026-05-18 13:20:00,662.1,663.8,661.85,663.2,17111629
2026-05-18 13:25:00,663.2,664.45,662.2,662.2,17971580
2026-05-18 13:30:00,662.55,663.7,662.3,663.4,21341902
2026-05-18 13:35:00,663.4,664.25,662.25,664.2,24520943
2026-05-18 13:40:00,664.15,665.0,663.0,663.05,26755483
2026-05-18 13:45:00,663.0,663.5,662.0,663.2,30660691
2026-05-18 13:50:00,663.2,663.5,662.1,662.95,22185551
2026-05-18 13:55:00,662.95,663.5,662.55,662.6,29591398
2026-05-18 14:00:00,662.6,663.45,662.05,662.75,31043592
2026-05-18 14:05:00,662.75,663.0,662.15,662.85,27926445
2026-05-18 14:10:00,662.85,663.0,662.05,662.35,28451363
2026-05-18 14:15:00,662.35,662.85,662.05,662.75,28997292
2026-05-18 14:20:00,662.35,662.95,662.1,662.85,25958789
2026-05-18 14:25:00,662.85,663.35,662.3,662.45,25745820
2026-05-18 14:30:00,662.45,663.2,662.45,663.0,29018040
2026-05-18 14:35:00,663.0,663.2,662.5,662.55,31643059
2026-05-18 14:40:00,662.5,663.0,662.05,662.5,33300204
2026-05-18 14:45:00,662.5,663.15,662.15,662.75,29251286
2026-05-18 14:50:00,662.75,663.35,662.05,662.6,30463906
2026-05-18 14:55:00,663.1,663.6,662.45,663.6,29971473
2026-05-18 15:00:00,663.3,666.55,663.1,663.3,25493746
2026-05-18 15:05:00,663.1,664.6,662.6,663.1,27062917
2026-05-18 15:10:00,662.5,663.0,662.05,662.2,24698968
2026-05-18 15:15:00,662.15,662.9,661.65,662.75,29195100
2026-05-18 15:20:00,662.15,663.7,662.05,662.85,31425652
2026-05-18 15:25:00,662.85,663.45,662.05,663.3,27617710
2026-05-19 09:15:00,661.1,662.35,657.05,658.55,474986
2026-05-19 09:20:00,659.15,661.5,659.0,661.5,754428
2026-05-19 09:25:00,661.5,662.45,660.65,661.5,1171026
2026-05-19 09:30:00,661.55,662.45,659.05,659.15,1672159
2026-05-19 09:35:00,659.15,660.15,657.25,659.6,2407284
2026-05-19 09:40:00,659.25,663.45,659.25,662.1,3534452
2026-05-19 09:45:00,662.0,663.0,661.15,662.15,3188518
2026-05-19 09:50:00,662.4,663.0,660.45,661.0,4657727
2026-05-19 09:55:00,661.25,661.35,660.0,660.45,4856005
2026-05-19 10:00:00,660.3,662.9,660.3,661.65,5376909
2026-05-19 10:05:00,661.65,663.4,661.55,663.0,5363277
2026-05-19 10:10:00,662.95,666.25,662.95,664.85,11596979
2026-05-19 10:15:00,664.85,664.85,662.55,662.55,9507717
2026-05-19 10:20:00,662.8,663.2,662.15,663.2,10268031
2026-05-19 10:25:00,663.2,663.75,662.25,663.0,9982774
2026-05-19 10:30:00,663.0,663.7,662.6,663.6,10558500
2026-05-19 10:35:00,663.6,664.0,662.35,663.0,10735804
2026-05-19 10:40:00,663.0,664.0,662.6,663.8,12150342
2026-05-19 10:45:00,663.2,665.85,663.0,663.9,21699074
2026-05-19 10:50:00,663.9,664.5,662.75,663.3,18454659
2026-05-19 10:55:00,663.3,664.15,663.0,663.8,16992516
2026-05-19 11:00:00,664.0,664.25,663.4,664.2,15538238
2026-05-19 11:05:00,664.2,664.2,662.4,663.1,18018350
2026-05-19 11:10:00,663.15,663.75,662.9,663.0,16960463
2026-05-19 11:15:00,663.6,664.05,662.8,663.35,17478151
2026-05-19 11:20:00,662.65,663.6,662.55,663.2,21109096
2026-05-19 11:25:00,663.2,663.6,662.75,663.4,18376848
2026-05-19 11:30:00,663.6,663.75,663.0,663.15,18770409
2026-05-19 11:35:00,663.4,663.8,662.7,663.55,22242445
2026-05-19 11:40:00,663.8,664.25,663.2,664.25,19992202
2026-05-19 11:45:00,664.25,664.25,663.2,664.05,22605773
2026-05-19 11:50:00,664.1,664.1,663.05,663.5,20639625
2026-05-19 11:55:00,663.5,664.2,662.6,663.6,23587657
2026-05-19 12:00:00,663.6,663.6,662.3,662.75,23853906
2026-05-19 12:05:00,662.35,662.95,661.05,661.9,28638985
2026-05-19 12:10:00,661.9,662.15,661.1,662.15,26214012
2026-05-19 12:15:00,662.15,662.85,660.85,662.7,21418283
2026-05-19 12:20:00,662.7,663.0,662.0,663.0,19449724
2026-05-19 12:25:00,663.0,663.2,661.25,663.2,20267640
2026-05-19 12:30:00,663.2,664.0,662.55,664.0,19744186
2026-05-19 12:35:00,664.0,664.0,662.0,662.0,19714867
2026-05-19 12:40:00,662.0,662.85,661.3,662.4,26686035
2026-05-19 12:45:00,661.95,662.7,661.6,662.15,28428362
2026-05-19 12:50:00,662.15,662.65,661.5,662.65,28168849
2026-05-19 12:55:00,662.65,662.7,661.45,662.35,25429163
2026-05-19 13:00:00,662.35,662.65,661.45,662.3,25705884
2026-05-19 13:05:00,662.35,662.35,661.0,661.05,30589518
2026-05-19 13:10:00,661.15,661.45,660.7,660.85,28180151
2026-05-19 13:15:00,660.85,662.45,660.85,661.5,31527769
2026-05-19 13:20:00,661.35,662.35,661.2,661.95,26790931
2026-05-19 13:25:00,662.2,662.35,661.2,661.85,24504590
2026-05-19 13:30:00,661.85,662.3,661.05,662.05,26548658
2026-05-19 13:35:00,662.05,662.05,660.85,661.55,22682776
2026-05-19 13:40:00,661.55,661.95,660.95,661.25,24604177
2026-05-19 13:45:00,661.5,662.3,661.25,662.3,28185854
2026-05-19 13:50:00,662.3,662.75,661.5,661.85,27942956
2026-05-19 13:55:00,661.85,662.25,661.5,662.1,27581713
2026-05-19 14:00:00,662.1,663.6,661.1,663.1,27712737
2026-05-19 14:05:00,663.1,663.1,662.35,662.95,30564499
2026-05-19 14:10:00,662.5,663.0,662.0,662.75,27591829
2026-05-19 14:15:00,662.75,662.95,658.4,659.1,30823607
2026-05-19 14:20:00,659.25,661.3,658.9,660.8,31236241
2026-05-19 14:25:00,660.9,660.9,659.6,660.25,28665610
2026-05-19 14:30:00,660.0,660.8,659.4,660.0,31186533
2026-05-19 14:35:00,660.0,660.7,659.05,660.7,25934581
2026-05-19 14:40:00,660.15,661.95,659.3,659.8,28787146
2026-05-19 14:45:00,659.35,659.8,657.2,658.5,29520488
2026-05-19 14:50:00,658.5,658.5,657.85,658.45,32715136
2026-05-19 14:55:00,658.0,658.45,657.75,658.4,34202224
2026-05-19 15:00:00,658.4,660.85,658.4,660.5,28076386
2026-05-19 15:05:00,660.5,662.85,660.5,661.35,26035365
2026-05-19 15:10:00,661.95,663.15,661.6,662.8,29306883
2026-05-19 15:15:00,662.7,663.0,660.1,660.4,29503368
2026-05-19 15:20:00,660.55,661.0,660.1,660.75,30895194
2026-05-19 15:25:00,660.75,660.75,657.05,658.25,29779056
2026-05-20 09:15:00,653.0,653.0,644.4,646.0,1198773
2026-05-20 09:20:00,646.0,646.0,643.45,644.65,3720407
2026-05-20 09:25:00,644.3,644.95,640.35,640.8,6757988
2026-05-20 09:30:00,640.45,653.6,640.1,652.8,12801474
2026-05-20 09:35:00,652.8,659.1,652.2,659.1,17109088
2026-05-20 09:40:00,659.1,659.8,656.6,659.3,12561271
2026-05-20 09:45:00,659.3,665.0,659.1,664.85,14889818
2026-05-20 09:50:00,665.4,666.5,663.5,664.95,15209582
2026-05-20 09:55:00,664.5,666.45,664.2,666.4,13994897
2026-05-20 10:00:00,666.45,667.5,665.0,665.4,14680702
2026-05-20 10:05:00,665.65,666.3,663.4,665.45,13434545
2026-05-20 10:10:00,665.45,668.3,665.45,665.85,13522894
2026-05-20 10:15:00,667.0,668.0,665.95,667.2,13603884
2026-05-20 10:20:00,667.2,668.25,665.6,666.05,16211898
2026-05-20 10:25:00,666.05,668.55,665.0,668.5,14467149
2026-05-20 10:30:00,668.5,669.65,667.75,669.65,16513603
2026-05-20 10:35:00,669.65,671.8,669.15,671.75,20296490
2026-05-20 10:40:00,671.1,673.0,671.0,672.5,16278454
2026-05-20 10:45:00,672.5,672.5,671.3,671.3,18610146
2026-05-20 10:50:00,671.3,673.7,670.0,672.1,20652855
2026-05-20 10:55:00,672.1,673.5,672.1,673.5,16287884
2026-05-20 11:00:00,673.5,673.5,672.85,673.45,15701416
2026-05-20 11:05:00,673.45,673.5,672.75,673.3,16203894
2026-05-20 11:10:00,673.3,673.5,672.75,673.5,15180441
2026-05-20 11:15:00,673.45,673.9,673.2,673.9,15934610
2026-05-20 11:20:00,673.9,674.8,673.5,674.5,20231759
2026-05-20 11:25:00,674.5,674.95,674.0,674.95,17636538
2026-05-20 11:30:00,674.95,675.0,674.1,674.8,17874880
2026-05-20 11:35:00,674.2,675.85,674.05,675.85,16379673
2026-05-20 11:40:00,675.85,676.9,675.15,676.35,23749737
2026-05-20 11:45:00,676.35,677.5,676.0,677.5,26578832
2026-05-20 11:50:00,677.5,677.5,673.8,675.25,22352108
2026-05-20 11:55:00,675.25,676.0,674.1,676.0,26316252
2026-05-20 12:00:00,676.0,676.95,674.15,674.3,20744541
2026-05-20 12:05:00,674.3,674.8,672.55,673.95,20467397
2026-05-20 12:10:00,673.6,674.0,672.95,673.65,19874055
2026-05-20 12:15:00,673.65,674.95,673.15,674.15,18671684
2026-05-20 12:20:00,674.15,674.95,674.15,674.55,18748712
2026-05-20 12:25:00,675.0,676.45,674.55,675.1,24561239
2026-05-20 12:30:00,675.1,675.85,674.55,674.85,19088447
2026-05-20 12:35:00,674.85,676.0,674.85,676.0,17549951
2026-05-20 12:40:00,676.4,676.5,675.6,676.3,17608152
2026-05-20 12:45:00,676.3,676.95,676.3,676.95,20915839
2026-05-20 12:50:00,676.95,677.9,676.95,677.9,22771341
2026-05-20 12:55:00,677.9,677.9,676.65,677.8,24963035
2026-05-20 13:00:00,677.85,677.85,675.3,676.3,21460594
2026-05-20 13:05:00,676.3,677.65,674.95,676.3,23413889
2026-05-20 13:10:00,676.8,677.3,676.2,676.3,19844335
2026-05-20 13:15:00,676.3,676.9,675.15,675.8,18154786
2026-05-20 13:20:00,675.8,676.8,675.4,676.4,21103307
2026-05-20 13:25:00,676.4,676.9,675.5,675.9,22350963
2026-05-20 13:30:00,675.9,677.0,675.0,677.0,29466508
2026-05-20 13:35:00,677.0,677.9,676.7,677.75,21201687
2026-05-20 13:40:00,677.65,678.0,677.0,678.0,25977730
2026-05-20 13:45:00,678.0,678.0,677.6,678.0,22546625
2026-05-20 13:50:00,678.0,678.9,677.9,678.85,26948147
2026-05-20 13:55:00,678.85,680.2,678.8,680.2,34082000
2026-05-20 14:00:00,680.6,680.7,676.2,679.05,41982536
2026-05-20 14:05:00,679.8,681.5,679.1,681.5,29824561
2026-05-20 14:10:00,681.45,681.6,680.15,681.25,32837418
2026-05-20 14:15:00,681.25,682.7,681.2,682.2,27346801
2026-05-20 14:20:00,682.3,682.95,681.45,682.45,26423470
2026-05-20 14:25:00,682.35,684.0,682.05,684.0,40414024
2026-05-20 14:30:00,684.0,685.95,681.3,682.25,43772227
2026-05-20 14:35:00,682.4,683.45,681.05,682.25,41536104
2026-05-20 14:40:00,682.25,682.55,681.1,681.75,35564785
2026-05-20 14:45:00,681.75,683.65,681.75,683.0,30047452
2026-05-20 14:50:00,683.0,683.9,682.85,683.0,39035572
2026-05-20 14:55:00,683.0,683.8,680.55,681.25,39239220
2026-05-20 15:00:00,681.25,681.8,679.25,680.6,44861964
2026-05-20 15:05:00,680.5,680.8,680.0,680.2,37452112
2026-05-20 15:10:00,680.2,680.55,679.55,680.4,27113738
2026-05-20 15:15:00,680.2,681.0,678.55,679.35,42462809
2026-05-20 15:20:00,679.7,679.7,678.65,679.15,45634969
2026-05-20 15:25:00,679.35,679.85,676.1,679.0,38366446
2026-05-21 09:15:00,683.35,686.4,679.15,680.5,319629
2026-05-21 09:20:00,681.15,682.6,679.85,679.85,720151
2026-05-21 09:25:00,680.45,680.65,675.05,675.05,1224103
2026-05-21 09:30:00,675.45,677.25,673.45,675.2,1745837
2026-05-21 09:35:00,676.0,677.7,674.2,677.05,2167296
2026-05-21 09:40:00,677.05,677.05,673.0,674.7,2669867
2026-05-21 09:45:00,674.7,674.7,673.2,673.4,2583528
2026-05-21 09:50:00,674.15,674.5,672.6,673.9,2623366
2026-05-21 09:55:00,673.9,674.15,672.35,673.05,3337214
2026-05-21 10:00:00,673.45,674.15,673.05,673.65,2998813
2026-05-21 10:05:00,673.65,674.4,673.0,673.65,3620914
2026-05-21 10:10:00,673.65,674.3,673.2,673.9,3673461
2026-05-21 10:15:00,673.9,674.4,673.1,674.25,3668322
2026-05-21 10:20:00,674.25,674.25,673.2,673.25,1995302
2026-05-21 10:25:00,674.65,676.0,674.35,674.35,2274431
2026-05-21 10:30:00,674.35,674.85,673.75,674.3,3851632
2026-05-21 10:35:00,674.3,674.3,672.0,672.05,4777750
2026-05-21 10:40:00,672.05,672.9,672.0,672.15,4916575
2026-05-21 10:45:00,672.15,672.9,670.0,670.0,5653061
2026-05-21 10:50:00,670.0,671.3,669.75,669.75,6673913
2026-05-21 10:55:00,669.75,670.5,669.15,669.15,6249845
2026-05-21 11:00:00,669.15,670.0,668.6,669.0,6182401
2026-05-21 11:05:00,669.0,669.8,669.0,669.35,6810158
2026-05-21 11:10:00,669.35,670.0,668.2,668.2,6736862
2026-05-21 11:15:00,668.2,669.2,667.2,667.9,6976959
2026-05-21 11:20:00,667.9,669.65,667.9,669.15,9159765
2026-05-21 11:25:00,669.15,669.45,668.1,668.2,5726432
2026-05-21 11:30:00,668.2,669.6,668.1,669.3,7309938
2026-05-21 11:35:00,669.3,669.8,668.5,668.5,9091714
2026-05-21 11:40:00,668.5,669.15,668.2,668.75,7631956
2026-05-21 11:45:00,668.65,669.55,668.25,668.25,7892060
2026-05-21 11:50:00,668.25,669.15,668.25,668.45,8930147
2026-05-21 11:55:00,668.45,669.3,668.4,668.6,9284607
2026-05-21 12:00:00,668.6,669.05,668.5,668.5,9501960
2026-05-21 12:05:00,668.5,669.15,668.4,668.45,8007139
2026-05-21 12:10:00,668.85,669.55,668.35,669.2,7499648
2026-05-21 12:15:00,669.2,670.0,668.6,669.45,10299964
2026-05-21 12:20:00,669.9,669.9,669.15,669.55,7479959
2026-05-21 12:25:00,669.55,669.85,669.0,669.0,7559931
2026-05-21 12:30:00,668.8,669.1,668.2,668.4,9239086
2026-05-21 12:35:00,668.3,669.2,668.2,668.2,8338347
2026-05-21 12:40:00,668.2,668.8,666.75,666.75,9369970
2026-05-21 12:45:00,666.75,667.75,666.3,667.55,9746675
2026-05-21 12:50:00,666.8,667.95,666.8,667.45,7093304
2026-05-21 12:55:00,667.2,667.6,666.85,666.95,8809682
2026-05-21 13:00:00,666.95,667.5,666.85,666.9,9961529
2026-05-21 13:05:00,666.9,667.4,666.85,666.85,7150681
2026-05-21 13:10:00,666.85,668.05,666.85,668.0,10083350
2026-05-21 13:15:00,668.0,669.35,668.0,668.15,10754853
2026-05-21 13:20:00,668.15,668.6,668.05,668.05,9015268
2026-05-21 13:25:00,668.0,668.3,667.0,667.05,9589059
2026-05-21 13:30:00,667.05,669.1,667.05,669.1,9734241
2026-05-21 13:35:00,669.1,669.55,668.6,669.2,9689407
2026-05-21 13:40:00,669.2,669.55,668.3,668.5,9500231
2026-05-21 13:45:00,668.3,668.95,667.8,667.8,813
2026-05-21 13:50:00,667.65,668.15,666.85,667.3,2295
2026-05-21 13:55:00,667.65,667.95,666.95,667.75,1437
2026-05-21 14:00:00,667.1,667.15,667.1,667.1,1290949
2026-05-21 14:05:00,667.1,667.85,667.0,667.1,878
2026-05-21 14:10:00,667.45,667.75,666.6,667.25,11768037
2026-05-21 14:15:00,666.65,667.55,666.5,666.85,13346966
2026-05-21 14:20:00,666.85,667.9,666.75,666.75,11360801
2026-05-21 14:25:00,667.6,667.9,666.7,666.95,1269
2026-05-21 14:30:00,666.85,667.7,666.8,666.8,886
2026-05-21 14:35:00,666.8,667.7,666.65,667.2,1467
2026-05-21 14:40:00,667.2,668.2,667.0,667.0,2564
2026-05-21 14:45:00,667.3,668.0,667.0,667.35,2197
2026-05-21 14:50:00,668.4,668.4,667.45,667.55,16064769
2026-05-21 14:55:00,667.55,668.65,667.45,667.8,14487271
2026-05-21 15:00:00,668.3,670.25,668.0,669.25,15501714
2026-05-21 15:05:00,669.0,670.95,668.7,670.3,17140587
2026-05-21 15:10:00,670.2,670.9,667.65,667.75,18417921
2026-05-21 15:15:00,667.75,669.3,667.05,667.85,19707572
2026-05-21 15:20:00,667.95,668.85,667.0,667.45,19622517
2026-05-21 15:25:00,666.8,667.95,665.4,666.9,18949614
