datetime,open,high,low,close,volume
2026-01-30 09:15:00,168.6,168.85,166.6,166.66,125641
2026-01-30 09:20:00,166.67,167.18,166.45,166.91,54638
2026-01-30 09:25:00,166.73,167.37,166.26,167.03,54415
2026-01-30 09:30:00,167.01,168.51,166.85,168.42,49459
2026-01-30 09:35:00,168.43,168.8,168.12,168.5,41292
2026-01-30 09:40:00,168.5,169.09,168.17,169.09,25343
2026-01-30 09:45:00,169.14,169.41,168.75,169.26,44550
2026-01-30 09:50:00,169.24,169.92,169.04,169.61,45851
2026-01-30 09:55:00,169.61,169.69,169.04,169.55,21281
2026-01-30 10:00:00,169.5,171.04,169.29,170.16,257028
2026-01-30 10:05:00,170.16,171.59,170.16,171.1,50838
2026-01-30 10:10:00,171.09,171.9,171.0,171.54,77274
2026-01-30 10:15:00,171.51,172.19,171.36,171.66,54010
2026-01-30 10:20:00,171.77,171.81,171.15,171.21,63055
2026-01-30 10:25:00,171.21,171.48,171.02,171.1,53410
2026-01-30 10:30:00,171.1,171.75,171.1,171.74,25561
2026-01-30 10:35:00,171.65,171.75,171.31,171.51,24099
2026-01-30 10:40:00,171.51,171.64,171.3,171.51,54168
2026-01-30 10:45:00,171.5,171.79,171.36,171.51,26210
2026-01-30 10:50:00,171.51,171.68,170.98,171.28,113791
2026-01-30 10:55:00,171.28,171.73,171.28,171.42,15549
2026-01-30 11:00:00,171.42,172.1,171.42,171.75,28739
2026-01-30 11:05:00,171.75,171.89,171.5,171.55,15490
2026-01-30 11:10:00,171.69,172.05,171.58,171.85,33505
2026-01-30 11:15:00,171.93,171.93,171.33,171.53,18885
2026-01-30 11:20:00,171.53,172.0,171.51,171.95,12559
2026-01-30 11:25:00,171.95,172.19,171.71,171.71,11357
2026-01-30 11:30:00,171.71,172.16,171.66,172.05,12494
2026-01-30 11:35:00,172.05,172.06,171.51,171.83,31570
2026-01-30 11:40:00,171.83,172.12,171.75,171.95,16403
2026-01-30 11:45:00,171.95,172.15,171.7,172.0,14524
2026-01-30 11:50:00,171.93,172.42,171.93,172.15,26352
2026-01-30 11:55:00,172.15,172.29,171.7,171.89,17560
2026-01-30 12:00:00,171.89,172.15,171.71,171.92,8220
2026-01-30 12:05:00,171.87,171.99,171.71,171.78,7723
2026-01-30 12:10:00,171.78,171.95,171.7,171.7,10365
2026-01-30 12:15:00,171.7,171.7,171.09,171.09,24097
2026-01-30 12:20:00,171.09,171.5,171.09,171.5,18944
2026-01-30 12:25:00,171.5,171.77,171.44,171.62,8759
2026-01-30 12:30:00,171.62,171.62,171.18,171.3,10069
2026-01-30 12:35:00,171.3,171.34,170.6,170.91,52534
2026-01-30 12:40:00,170.91,171.31,170.91,171.04,9343
2026-01-30 12:45:00,171.04,171.25,171.04,171.12,9106
2026-01-30 12:50:00,171.12,171.3,171.06,171.18,4752
2026-01-30 12:55:00,171.18,171.58,171.18,171.53,6854
2026-01-30 13:00:00,171.46,171.47,171.11,171.11,5095
2026-01-30 13:05:00,171.19,171.2,170.45,170.46,16575
2026-01-30 13:10:00,170.45,170.51,170.03,170.12,17633
2026-01-30 13:15:00,170.12,170.13,169.5,169.58,41161
2026-01-30 13:20:00,169.58,169.97,169.58,169.81,8803
2026-01-30 13:25:00,169.81,170.0,169.7,169.8,14852
2026-01-30 13:30:00,169.8,170.33,169.8,170.26,7215
2026-01-30 13:35:00,170.26,170.65,170.26,170.5,14667
2026-01-30 13:40:00,170.5,171.92,170.5,171.56,41303
2026-01-30 13:45:00,171.56,171.56,171.2,171.38,11292
2026-01-30 13:50:00,171.4,171.67,171.38,171.61,12320
2026-01-30 13:55:00,171.61,171.8,171.55,171.71,13761
2026-01-30 14:00:00,171.74,171.75,171.3,171.5,18306
2026-01-30 14:05:00,171.4,171.8,171.38,171.55,14894
2026-01-30 14:10:00,171.78,171.8,171.56,171.6,8326
2026-01-30 14:15:00,171.75,172.3,171.66,172.15,33367
2026-01-30 14:20:00,172.16,172.35,171.8,171.81,21457
2026-01-30 14:25:00,171.81,172.6,171.65,172.53,79916
2026-01-30 14:30:00,172.53,172.65,171.8,172.0,58953
2026-01-30 14:35:00,172.0,172.15,171.93,172.0,28789
2026-01-30 14:40:00,172.0,172.06,171.23,171.26,24874
2026-01-30 14:45:00,171.26,171.64,171.07,171.55,28328
2026-01-30 14:50:00,171.55,171.75,171.37,171.64,13109
2026-01-30 14:55:00,171.64,172.02,171.64,171.91,15441
2026-01-30 15:00:00,171.92,173.01,171.91,172.38,78582
2026-01-30 15:05:00,172.39,172.76,172.39,172.63,45498
2026-01-30 15:10:00,172.6,172.7,172.17,172.58,36432
2026-01-30 15:15:00,172.46,172.59,172.27,172.35,57304
2026-01-30 15:20:00,172.34,172.34,171.75,171.75,77081
2026-01-30 15:25:00,171.75,173.1,171.7,173.0,113026
2026-02-01 09:15:00,173.4,174.0,171.12,172.79,39840
2026-02-01 09:20:00,172.55,173.2,171.93,172.65,43114
2026-02-01 09:25:00,172.72,173.08,172.46,172.7,21197
2026-02-01 09:30:00,172.64,173.25,172.6,172.87,11915
2026-02-01 09:35:00,173.06,173.2,172.85,172.95,12508
2026-02-01 09:40:00,172.95,173.67,172.95,173.5,30234
2026-02-01 09:45:00,173.46,174.34,173.46,173.98,34899
2026-02-01 09:50:00,173.84,174.2,173.5,174.17,13341
2026-02-01 09:55:00,174.17,174.83,174.16,174.72,26726
2026-02-01 10:00:00,174.74,174.78,174.09,174.34,18913
2026-02-01 10:05:00,174.29,174.36,174.0,174.22,11083
2026-02-01 10:10:00,174.21,174.72,174.12,174.7,11100
2026-02-01 10:15:00,174.7,175.45,174.5,174.65,42161
2026-02-01 10:20:00,174.65,174.9,174.5,174.7,7157
2026-02-01 10:25:00,174.7,174.8,174.5,174.51,5175
2026-02-01 10:30:00,174.51,174.94,174.51,174.93,6710
2026-02-01 10:35:00,174.95,174.95,174.65,174.76,9271
2026-02-01 10:40:00,174.87,175.1,174.75,174.9,11903
2026-02-01 10:45:00,174.9,174.97,174.7,174.73,6850
2026-02-01 10:50:00,174.7,174.96,174.7,174.76,9212
2026-02-01 10:55:00,174.75,174.77,174.26,174.42,13545
2026-02-01 11:00:00,174.42,174.58,174.1,174.1,8425
2026-02-01 11:05:00,174.1,174.8,174.1,174.71,8203
2026-02-01 11:10:00,174.54,175.7,174.21,174.4,40264
2026-02-01 11:15:00,174.3,174.4,173.5,173.95,27567
2026-02-01 11:20:00,173.92,174.23,173.71,174.07,13799
2026-02-01 11:25:00,174.16,175.0,174.11,174.4,22310
2026-02-01 11:30:00,174.4,174.85,174.4,174.85,10829
2026-02-01 11:35:00,174.8,174.9,174.5,174.5,9774
2026-02-01 11:40:00,174.4,174.53,173.43,173.58,24696
2026-02-01 11:45:00,173.66,174.0,173.31,173.58,14921
2026-02-01 11:50:00,173.64,173.9,173.39,173.75,14595
2026-02-01 11:55:00,173.75,173.75,172.48,172.48,37077
2026-02-01 12:00:00,172.47,172.48,171.5,172.16,17867
2026-02-01 12:05:00,172.0,173.12,171.82,172.78,14158
2026-02-01 12:10:00,172.79,173.32,172.0,172.25,9917
2026-02-01 12:15:00,172.24,172.3,171.27,171.27,23649
2026-02-01 12:20:00,171.05,171.26,169.2,169.55,91104
2026-02-01 12:25:00,169.45,169.7,168.1,168.2,33276
2026-02-01 12:30:00,168.13,169.04,167.21,168.74,48186
2026-02-01 12:35:00,168.66,169.75,168.55,169.75,26341
2026-02-01 12:40:00,169.71,170.39,169.51,170.2,30284
2026-02-01 12:45:00,170.21,170.86,170.04,170.3,25109
2026-02-01 12:50:00,170.2,170.58,170.08,170.36,16365
2026-02-01 12:55:00,170.47,170.81,170.15,170.5,13257
2026-02-01 13:00:00,170.6,170.61,169.82,170.18,15214
2026-02-01 13:05:00,170.18,170.2,169.8,170.16,13172
2026-02-01 13:10:00,170.06,170.29,169.74,170.17,7976
2026-02-01 13:15:00,170.26,170.26,169.83,170.05,6500
2026-02-01 13:20:00,169.97,170.24,169.9,169.91,2220
2026-02-01 13:25:00,169.99,169.99,169.63,169.75,8801
2026-02-01 13:30:00,169.75,170.2,169.55,169.6,27499
2026-02-01 13:35:00,169.55,169.63,168.9,169.23,51343
2026-02-01 13:40:00,169.11,169.54,168.94,169.24,15134
2026-02-01 13:45:00,169.17,169.84,169.14,169.68,11599
2026-02-01 13:50:00,169.59,169.59,168.55,169.01,11850
2026-02-01 13:55:00,168.99,169.17,168.62,169.01,10907
2026-02-01 14:00:00,169.01,169.21,168.84,168.94,10430
2026-02-01 14:05:00,168.94,169.09,168.71,168.74,14942
2026-02-01 14:10:00,168.8,169.27,168.55,169.27,6041
2026-02-01 14:15:00,168.98,169.22,168.81,169.19,2738
2026-02-01 14:20:00,169.08,169.25,168.6,168.62,19405
2026-02-01 14:25:00,168.74,169.59,168.62,169.37,6993
2026-02-01 14:30:00,169.36,169.73,169.26,169.7,5904
2026-02-01 14:35:00,169.67,169.99,169.51,169.56,4770
2026-02-01 14:40:00,169.74,169.94,169.55,169.56,7583
2026-02-01 14:45:00,169.69,169.9,169.32,169.45,5957
2026-02-01 14:50:00,169.54,169.67,169.0,169.0,9149
2026-02-01 14:55:00,169.0,169.27,168.8,168.9,14489
2026-02-01 15:00:00,168.9,169.22,168.67,168.96,28374
2026-02-01 15:05:00,168.96,168.99,168.41,168.45,23785
2026-02-01 15:10:00,168.45,168.62,168.1,168.2,22617
2026-02-01 15:15:00,168.2,169.99,168.0,168.68,47611
2026-02-01 15:20:00,168.7,169.16,168.37,168.96,49300
2026-02-01 15:25:00,169.0,169.0,167.7,168.2,21330
2026-02-02 09:15:00,168.35,169.21,166.65,167.12,115757
2026-02-02 09:20:00,167.23,167.62,166.6,166.81,54172
2026-02-02 09:25:00,167.0,167.1,166.06,166.38,57243
2026-02-02 09:30:00,166.38,167.75,165.99,167.19,175356
2026-02-02 09:35:00,167.21,167.78,167.08,167.74,36384
2026-02-02 09:40:00,167.59,168.33,167.55,168.0,98960
2026-02-02 09:45:00,168.0,168.67,167.85,168.37,19747
2026-02-02 09:50:00,168.37,168.57,168.0,168.54,20254
2026-02-02 09:55:00,168.43,168.57,167.8,168.09,31428
2026-02-02 10:00:00,168.09,168.35,167.91,168.09,11036
2026-02-02 10:05:00,168.09,168.35,167.82,168.18,19114
2026-02-02 10:10:00,168.18,168.43,167.93,168.34,8646
2026-02-02 10:15:00,168.3,168.45,167.99,167.99,13556
2026-02-02 10:20:00,167.9,168.3,167.79,168.09,27206
2026-02-02 10:25:00,167.99,168.09,167.76,167.94,14702
2026-02-02 10:30:00,167.94,168.3,167.9,168.15,20892
2026-02-02 10:35:00,168.2,168.2,167.83,167.92,69055
2026-02-02 10:40:00,167.89,168.26,167.89,168.16,6644
2026-02-02 10:45:00,168.16,168.18,167.64,167.64,13279
2026-02-02 10:50:00,167.66,167.93,167.6,167.69,14154
2026-02-02 10:55:00,167.67,167.8,167.4,167.41,15633
2026-02-02 11:00:00,167.41,167.52,167.08,167.31,22235
2026-02-02 11:05:00,167.31,167.31,166.71,166.96,19023
2026-02-02 11:10:00,167.2,167.58,166.84,167.28,18522
2026-02-02 11:15:00,167.28,167.49,167.05,167.16,5884
2026-02-02 11:20:00,167.17,167.28,166.8,166.87,12630
2026-02-02 11:25:00,166.87,167.61,166.74,167.28,24670
2026-02-02 11:30:00,167.22,168.25,167.22,168.11,19179
2026-02-02 11:35:00,168.12,168.12,167.61,167.9,6309
2026-02-02 11:40:00,167.9,168.2,167.77,167.78,6378
2026-02-02 11:45:00,167.77,168.13,167.51,167.6,25381
2026-02-02 11:50:00,167.67,167.9,167.51,167.75,5620
2026-02-02 11:55:00,167.86,167.9,167.59,167.71,3828
2026-02-02 12:00:00,167.71,167.83,167.21,167.32,9209
2026-02-02 12:05:00,167.32,167.34,167.02,167.08,9286
2026-02-02 12:10:00,167.08,167.85,167.08,167.63,12694
2026-02-02 12:15:00,167.63,168.11,167.63,167.82,7147
2026-02-02 12:20:00,167.82,167.99,167.64,167.87,4047
2026-02-02 12:25:00,167.87,167.94,167.5,167.68,10026
2026-02-02 12:30:00,167.68,167.87,167.54,167.77,6137
2026-02-02 12:35:00,167.64,167.79,167.1,167.67,40582
2026-02-02 12:40:00,167.67,167.84,167.35,167.41,26299
2026-02-02 12:45:00,167.39,167.9,167.24,167.72,39350
2026-02-02 12:50:00,167.72,168.07,167.62,167.76,7721
2026-02-02 12:55:00,167.65,167.8,167.55,167.7,18235
2026-02-02 13:00:00,167.7,167.85,167.63,167.85,6152
2026-02-02 13:05:00,167.85,167.93,167.71,167.91,5601
2026-02-02 13:10:00,167.89,168.15,167.72,168.08,6594
2026-02-02 13:15:00,168.07,168.07,167.1,167.37,31761
2026-02-02 13:20:00,167.32,167.32,166.66,166.91,19138
2026-02-02 13:25:00,166.81,167.18,166.79,167.0,10544
2026-02-02 13:30:00,167.0,167.23,166.85,167.2,4842
2026-02-02 13:35:00,167.2,167.67,166.91,167.49,15452
2026-02-02 13:40:00,167.49,167.98,167.45,167.81,12950
2026-02-02 13:45:00,167.73,167.9,167.61,167.75,4694
2026-02-02 13:50:00,167.79,168.5,167.7,168.45,25631
2026-02-02 13:55:00,168.4,168.49,167.93,167.98,40088
2026-02-02 14:00:00,167.98,168.08,167.59,167.66,14821
2026-02-02 14:05:00,167.66,167.92,167.65,167.76,5534
2026-02-02 14:10:00,167.76,167.98,167.59,167.85,6862
2026-02-02 14:15:00,167.85,168.2,167.62,167.77,7659
2026-02-02 14:20:00,167.87,167.95,167.7,167.82,3671
2026-02-02 14:25:00,167.82,168.13,167.74,168.12,4614
2026-02-02 14:30:00,168.0,168.88,167.98,168.64,19955
2026-02-02 14:35:00,168.64,169.0,168.58,168.69,27839
2026-02-02 14:40:00,168.69,168.7,168.23,168.45,9887
2026-02-02 14:45:00,168.45,169.05,168.43,169.0,19533
2026-02-02 14:50:00,168.96,170.59,168.96,169.83,115205
2026-02-02 14:55:00,169.77,170.3,169.77,170.17,17103
2026-02-02 15:00:00,170.27,170.82,170.17,170.59,35441
2026-02-02 15:05:00,170.57,170.9,170.56,170.8,19185
2026-02-02 15:10:00,170.9,171.24,170.59,171.24,66867
2026-02-02 15:15:00,171.24,171.7,171.24,171.48,32349
2026-02-02 15:20:00,171.48,171.84,171.05,171.28,61946
2026-02-02 15:25:00,171.36,172.5,171.07,172.0,99855
2026-02-03 09:15:00,176.0,178.98,175.65,175.75,274942
2026-02-03 09:20:00,175.65,176.46,175.01,175.05,107986
2026-02-03 09:25:00,175.05,175.7,174.5,175.63,164721
2026-02-03 09:30:00,175.49,176.27,175.36,175.49,65455
2026-02-03 09:35:00,175.46,176.21,175.29,176.12,61906
2026-02-03 09:40:00,175.99,176.04,174.63,174.66,76323
2026-02-03 09:45:00,174.63,176.0,174.57,175.86,51626
2026-02-03 09:50:00,175.86,175.86,175.32,175.51,28845
2026-02-03 09:55:00,175.35,175.76,174.5,174.56,64024
2026-02-03 10:00:00,174.51,174.55,173.97,174.21,56669
2026-02-03 10:05:00,174.24,174.38,173.55,173.9,33184
2026-02-03 10:10:00,173.9,173.97,173.0,173.02,24590
2026-02-03 10:15:00,173.02,173.46,173.02,173.35,25961
2026-02-03 10:20:00,173.35,173.4,173.18,173.23,20281
2026-02-03 10:25:00,173.13,173.68,173.11,173.2,20108
2026-02-03 10:30:00,173.2,173.62,173.15,173.19,11998
2026-02-03 10:35:00,173.19,173.51,173.19,173.4,17793
2026-02-03 10:40:00,173.34,173.52,173.02,173.08,22851
2026-02-03 10:45:00,173.08,173.12,172.55,172.8,20761
2026-02-03 10:50:00,172.78,173.0,172.78,172.78,11871
2026-02-03 10:55:00,172.85,173.34,172.79,173.12,10909
2026-02-03 11:00:00,173.08,173.6,173.02,173.16,15362
2026-02-03 11:05:00,173.16,173.28,172.81,172.94,12644
2026-02-03 11:10:00,172.94,172.98,172.8,172.97,15165
2026-02-03 11:15:00,173.0,173.12,172.85,172.91,23628
2026-02-03 11:20:00,172.91,173.39,172.84,173.21,12496
2026-02-03 11:25:00,173.21,173.3,172.91,173.01,19093
2026-02-03 11:30:00,173.09,173.91,173.09,173.8,14377
2026-02-03 11:35:00,173.8,174.33,173.75,174.33,13804
2026-02-03 11:40:00,174.28,174.36,174.01,174.08,17649
2026-02-03 11:45:00,174.08,174.25,173.64,173.83,18721
2026-02-03 11:50:00,173.83,173.99,173.73,173.75,5782
2026-02-03 11:55:00,173.75,174.06,173.71,174.06,5074
2026-02-03 12:00:00,174.05,174.12,173.68,173.7,16682
2026-02-03 12:05:00,173.7,173.81,173.19,173.65,17308
2026-02-03 12:10:00,173.65,173.71,173.31,173.53,16180
2026-02-03 12:15:00,173.53,173.87,173.53,173.85,7741
2026-02-03 12:20:00,173.8,174.0,173.77,173.91,12056
2026-02-03 12:25:00,173.91,174.01,173.86,173.86,6828
2026-02-03 12:30:00,173.86,174.07,173.85,173.9,5716
2026-02-03 12:35:00,173.9,174.08,173.39,173.5,15630
2026-02-03 12:40:00,173.4,174.62,173.4,174.5,56356
2026-02-03 12:45:00,174.5,174.59,174.44,174.5,12835
2026-02-03 12:50:00,174.5,174.55,173.67,173.84,22184
2026-02-03 12:55:00,173.84,174.04,173.81,173.96,16333
2026-02-03 13:00:00,173.96,174.05,173.8,173.82,4425
2026-02-03 13:05:00,173.82,174.19,173.82,174.0,3223
2026-02-03 13:10:00,174.0,174.1,173.82,173.83,4458
2026-02-03 13:15:00,173.83,173.98,173.83,173.83,3660
2026-02-03 13:20:00,173.83,174.8,173.83,174.8,8956
2026-02-03 13:25:00,174.8,174.83,173.6,173.6,44688
2026-02-03 13:30:00,173.6,173.78,173.35,173.5,16959
2026-02-03 13:35:00,173.5,173.62,173.15,173.48,10889
2026-02-03 13:40:00,173.48,173.73,173.48,173.64,5824
2026-02-03 13:45:00,173.64,173.93,173.64,173.87,5732
2026-02-03 13:50:00,173.87,174.0,173.86,173.86,3662
2026-02-03 13:55:00,173.86,174.0,173.79,173.81,6674
2026-02-03 14:00:00,173.81,173.97,173.64,173.9,5744
2026-02-03 14:05:00,173.9,173.93,173.8,173.8,3236
2026-02-03 14:10:00,173.85,174.02,173.75,174.02,7486
2026-02-03 14:15:00,174.02,174.02,173.67,173.71,6559
2026-02-03 14:20:00,173.71,174.05,173.71,173.92,8360
2026-02-03 14:25:00,173.92,174.07,173.74,173.93,6922
2026-02-03 14:30:00,174.01,174.1,173.91,173.92,4957
2026-02-03 14:35:00,173.93,174.0,173.63,173.77,16915
2026-02-03 14:40:00,173.78,173.93,173.43,173.43,21273
2026-02-03 14:45:00,173.43,173.65,173.3,173.58,16436
2026-02-03 14:50:00,173.58,173.7,173.09,173.09,38732
2026-02-03 14:55:00,173.23,173.46,172.9,173.08,49111
2026-02-03 15:00:00,173.08,173.26,172.8,172.81,38085
2026-02-03 15:05:00,172.81,173.21,172.61,172.61,64663
2026-02-03 15:10:00,172.61,173.31,172.61,172.98,115020
2026-02-03 15:15:00,172.98,173.28,172.95,173.28,96216
2026-02-03 15:20:00,173.28,173.48,173.0,173.48,71706
2026-02-03 15:25:00,173.48,173.48,173.1,173.28,79348
2026-02-04 09:15:00,174.0,174.62,173.1,174.41,104788
2026-02-04 09:20:00,174.31,174.75,173.77,174.26,87637
2026-02-04 09:25:00,174.27,174.74,174.11,174.66,27999
2026-02-04 09:30:00,174.67,175.52,174.59,175.19,48181
2026-02-04 09:35:00,175.19,175.41,174.91,175.16,44620
2026-02-04 09:40:00,175.1,175.4,175.1,175.3,21175
2026-02-04 09:45:00,175.39,176.28,175.27,175.86,57437
2026-02-04 09:50:00,175.86,175.88,175.4,175.59,40706
2026-02-04 09:55:00,175.61,175.84,175.46,175.57,23669
2026-02-04 10:00:00,175.68,175.7,175.48,175.5,17749
2026-02-04 10:05:00,175.48,176.37,175.48,176.33,51618
2026-02-04 10:10:00,176.6,177.0,176.46,176.62,88755
2026-02-04 10:15:00,176.61,176.79,176.18,176.21,38932
2026-02-04 10:20:00,176.2,176.68,176.02,176.07,27874
2026-02-04 10:25:00,176.07,176.07,175.81,175.9,29065
2026-02-04 10:30:00,175.9,175.9,175.55,175.6,35508
2026-02-04 10:35:00,175.6,175.6,175.15,175.27,36804
2026-02-04 10:40:00,175.44,175.55,175.22,175.36,13990
2026-02-04 10:45:00,175.36,175.5,175.26,175.41,13338
2026-02-04 10:50:00,175.42,175.63,175.38,175.44,5239
2026-02-04 10:55:00,175.5,175.57,175.21,175.46,9131
2026-02-04 11:00:00,175.54,175.8,175.36,175.72,6556
2026-02-04 11:05:00,175.58,175.96,175.51,175.51,12117
2026-02-04 11:10:00,175.51,175.68,175.16,175.18,11567
2026-02-04 11:15:00,175.18,175.41,174.81,174.85,39773
2026-02-04 11:20:00,174.85,175.24,174.85,175.02,31712
2026-02-04 11:25:00,175.02,175.03,174.84,174.94,7566
2026-02-04 11:30:00,175.02,175.07,174.84,175.07,5981
2026-02-04 11:35:00,174.97,175.1,173.85,173.85,75222
2026-02-04 11:40:00,173.95,174.41,173.33,173.76,145194
2026-02-04 11:45:00,173.81,173.87,173.55,173.81,20338
2026-02-04 11:50:00,173.81,173.98,173.6,173.78,7504
2026-02-04 11:55:00,173.75,174.15,173.75,174.12,40945
2026-02-04 12:00:00,174.2,174.35,174.02,174.2,17542
2026-02-04 12:05:00,174.2,174.5,174.03,174.44,14192
2026-02-04 12:10:00,174.44,175.08,174.44,175.05,17023
2026-02-04 12:15:00,175.05,175.2,174.74,174.8,22105
2026-02-04 12:20:00,174.7,175.14,174.7,174.8,15596
2026-02-04 12:25:00,174.8,175.1,174.8,175.07,5098
2026-02-04 12:30:00,175.07,175.2,174.86,175.11,18499
2026-02-04 12:35:00,175.2,175.2,174.8,175.0,8976
2026-02-04 12:40:00,174.97,175.34,174.97,175.2,12111
2026-02-04 12:45:00,175.2,175.43,175.1,175.18,43041
2026-02-04 12:50:00,175.11,175.19,174.9,174.91,9652
2026-02-04 12:55:00,174.92,175.0,174.72,174.72,9342
2026-02-04 13:00:00,174.68,174.95,174.62,174.82,6134
2026-02-04 13:05:00,174.82,175.12,174.79,175.05,9522
2026-02-04 13:10:00,175.06,175.2,175.03,175.04,2536
2026-02-04 13:15:00,175.05,175.1,174.8,174.8,4561
2026-02-04 13:20:00,174.8,175.03,174.8,174.92,4508
2026-02-04 13:25:00,174.92,175.02,174.92,174.95,5172
2026-02-04 13:30:00,174.96,175.21,174.92,175.14,12025
2026-02-04 13:35:00,175.14,175.25,174.94,175.13,18387
2026-02-04 13:40:00,175.13,175.52,175.13,175.39,33429
2026-02-04 13:45:00,175.39,175.58,175.2,175.36,6760
2026-02-04 13:50:00,175.24,175.58,175.04,175.47,5849
2026-02-04 13:55:00,175.54,175.6,175.25,175.5,16978
2026-02-04 14:00:00,175.5,176.63,175.4,176.63,41105
2026-02-04 14:05:00,176.55,176.55,176.1,176.24,51248
2026-02-04 14:10:00,176.24,176.5,176.14,176.5,25518
2026-02-04 14:15:00,176.5,176.83,176.49,176.69,15991
2026-02-04 14:20:00,176.7,176.75,176.2,176.2,44309
2026-02-04 14:25:00,176.15,176.54,176.15,176.29,25526
2026-02-04 14:30:00,176.25,177.2,176.25,177.05,71103
2026-02-04 14:35:00,177.11,177.11,176.8,176.82,40343
2026-02-04 14:40:00,176.82,177.04,176.81,176.88,12080
2026-02-04 14:45:00,176.97,176.97,176.61,176.8,23037
2026-02-04 14:50:00,176.81,177.04,176.72,176.98,25663
2026-02-04 14:55:00,177.0,177.0,176.62,176.69,19440
2026-02-04 15:00:00,176.71,177.12,176.55,176.94,36155
2026-02-04 15:05:00,176.95,177.0,176.75,176.81,28454
2026-02-04 15:10:00,176.89,177.0,176.6,176.8,57107
2026-02-04 15:15:00,176.75,177.07,176.68,176.8,47864
2026-02-04 15:20:00,176.76,176.88,176.6,176.7,56162
2026-02-04 15:25:00,176.64,177.0,176.51,176.9,47388
2026-02-05 09:15:00,176.8,176.82,175.2,176.23,107020
2026-02-05 09:20:00,176.23,176.23,175.43,175.46,47403
2026-02-05 09:25:00,175.59,175.59,174.34,174.78,51785
2026-02-05 09:30:00,174.69,175.43,174.66,174.91,22681
2026-02-05 09:35:00,174.91,175.08,174.66,174.8,23773
2026-02-05 09:40:00,174.8,174.8,174.14,174.22,59570
2026-02-05 09:45:00,174.13,174.41,173.8,174.25,45009
2026-02-05 09:50:00,174.25,174.67,174.25,174.64,19293
2026-02-05 09:55:00,174.64,174.9,174.27,174.8,19975
2026-02-05 10:00:00,174.69,174.81,174.5,174.8,6815
2026-02-05 10:05:00,174.79,174.9,174.51,174.78,16409
2026-02-05 10:10:00,174.78,175.18,174.7,175.18,13989
2026-02-05 10:15:00,175.18,175.2,174.66,175.05,11248
2026-02-05 10:20:00,175.12,175.12,174.9,175.02,8119
2026-02-05 10:25:00,175.02,175.02,174.53,174.53,13067
2026-02-05 10:30:00,174.53,174.64,174.35,174.58,13747
2026-02-05 10:35:00,174.57,174.61,174.43,174.45,5139
2026-02-05 10:40:00,174.45,174.52,174.31,174.31,13970
2026-02-05 10:45:00,174.31,174.31,174.11,174.22,6040
2026-02-05 10:50:00,174.13,174.27,173.91,174.04,9380
2026-02-05 10:55:00,174.0,174.21,173.75,173.97,13542
2026-02-05 11:00:00,173.97,174.08,173.8,174.05,8346
2026-02-05 11:05:00,174.05,174.09,173.97,174.0,2183
2026-02-05 11:10:00,174.08,174.32,173.91,174.26,7603
2026-02-05 11:15:00,174.26,174.35,174.0,174.0,8600
2026-02-05 11:20:00,174.0,174.12,173.95,174.03,4574
2026-02-05 11:25:00,174.03,174.14,173.82,174.02,9776
2026-02-05 11:30:00,174.02,174.13,173.8,173.81,5920
2026-02-05 11:35:00,173.85,173.9,173.68,173.81,6926
2026-02-05 11:40:00,173.81,174.04,173.75,174.04,16269
2026-02-05 11:45:00,174.04,174.08,173.9,173.92,11628
2026-02-05 11:50:00,173.92,173.92,173.76,173.9,4479
2026-02-05 11:55:00,173.9,174.04,173.84,174.04,4174
2026-02-05 12:00:00,174.0,174.09,173.9,173.94,6486
2026-02-05 12:05:00,173.94,174.12,173.94,174.06,5134
2026-02-05 12:10:00,174.06,174.06,173.65,173.65,10163
2026-02-05 12:15:00,173.65,173.65,173.5,173.6,6798
2026-02-05 12:20:00,173.6,173.6,173.4,173.45,10788
2026-02-05 12:25:00,173.45,173.56,173.37,173.56,3573
2026-02-05 12:30:00,173.56,173.91,173.56,173.91,31026
2026-02-05 12:35:00,173.91,173.94,173.86,173.94,2222
2026-02-05 12:40:00,173.9,174.02,173.8,174.0,7168
2026-02-05 12:45:00,174.0,174.04,173.8,173.8,8774
2026-02-05 12:50:00,173.8,173.81,173.66,173.74,4442
2026-02-05 12:55:00,173.74,173.9,173.69,173.81,1583
2026-02-05 13:00:00,173.9,173.93,173.83,173.87,2613
2026-02-05 13:05:00,173.87,174.08,173.87,173.97,3300
2026-02-05 13:10:00,173.97,174.03,173.95,173.96,2359
2026-02-05 13:15:00,173.96,174.22,173.96,174.16,11098
2026-02-05 13:20:00,174.16,174.39,174.16,174.28,11651
2026-02-05 13:25:00,174.28,174.39,173.71,173.71,16296
2026-02-05 13:30:00,173.71,173.8,173.71,173.79,2589
2026-02-05 13:35:00,173.79,173.79,173.65,173.72,3523
2026-02-05 13:40:00,173.72,173.79,173.67,173.73,7845
2026-02-05 13:45:00,173.73,173.9,173.73,173.84,2893
2026-02-05 13:50:00,173.7,173.76,173.63,173.63,14968
2026-02-05 13:55:00,173.55,173.82,173.55,173.6,3979
2026-02-05 14:00:00,173.6,173.85,173.55,173.68,5489
2026-02-05 14:05:00,173.68,173.75,173.28,173.58,46226
2026-02-05 14:10:00,173.58,173.64,173.31,173.46,5780
2026-02-05 14:15:00,173.46,173.69,173.36,173.46,19480
2026-02-05 14:20:00,173.5,173.5,173.46,173.5,2335
2026-02-05 14:25:00,173.5,173.5,173.46,173.47,2606
2026-02-05 14:30:00,173.47,173.65,173.47,173.6,7854
2026-02-05 14:35:00,173.6,173.82,173.6,173.75,5829
2026-02-05 14:40:00,173.75,173.76,173.46,173.46,12056
2026-02-05 14:45:00,173.52,174.0,173.34,173.82,50158
2026-02-05 14:50:00,173.87,173.9,173.72,173.82,7828
2026-02-05 14:55:00,173.72,173.85,173.61,173.66,12191
2026-02-05 15:00:00,173.74,174.3,173.66,174.1,53614
2026-02-05 15:05:00,174.1,174.2,173.87,174.0,42109
2026-02-05 15:10:00,174.0,174.05,173.52,173.89,57113
2026-02-05 15:15:00,173.99,174.04,173.71,173.9,51505
2026-02-05 15:20:00,173.89,174.1,173.81,174.1,43889
2026-02-05 15:25:00,174.1,174.23,174.03,174.1,37342
2026-02-06 09:15:00,173.05,173.57,172.57,173.24,64976
2026-02-06 09:20:00,173.3,173.3,172.15,172.2,35236
2026-02-06 09:25:00,172.17,172.54,172.02,172.45,13463
2026-02-06 09:30:00,172.44,172.85,172.05,172.22,20040
2026-02-06 09:35:00,172.22,172.25,171.8,171.94,30229
2026-02-06 09:40:00,171.96,172.04,171.6,171.71,22296
2026-02-06 09:45:00,171.73,173.0,171.73,172.2,43097
2026-02-06 09:50:00,172.2,172.49,172.05,172.22,21117
2026-02-06 09:55:00,172.2,172.2,171.68,171.75,13518
2026-02-06 10:00:00,171.79,171.92,171.35,171.61,21011
2026-02-06 10:05:00,171.55,171.74,171.3,171.51,11693
2026-02-06 10:10:00,171.5,171.72,171.1,171.56,16776
2026-02-06 10:15:00,171.58,171.8,171.5,171.78,18510
2026-02-06 10:20:00,171.78,172.01,171.65,171.79,5779
2026-02-06 10:25:00,171.8,171.91,171.5,171.6,6950
2026-02-06 10:30:00,171.6,171.77,171.46,171.52,7756
2026-02-06 10:35:00,171.52,171.67,171.5,171.67,7025
2026-02-06 10:40:00,171.67,171.67,171.5,171.5,11633
2026-02-06 10:45:00,171.5,171.57,171.1,171.1,10074
2026-02-06 10:50:00,171.1,171.32,171.0,171.2,17351
2026-02-06 10:55:00,171.15,171.29,171.0,171.1,10288
2026-02-06 11:00:00,171.21,171.39,171.1,171.16,7696
2026-02-06 11:05:00,171.17,171.58,171.17,171.33,14126
2026-02-06 11:10:00,171.35,171.7,171.34,171.6,11165
2026-02-06 11:15:00,171.6,171.69,171.37,171.55,6906
2026-02-06 11:20:00,171.55,171.71,171.55,171.66,3542
2026-02-06 11:25:00,171.66,171.71,171.55,171.65,6538
2026-02-06 11:30:00,171.65,171.81,171.59,171.81,3305
2026-02-06 11:35:00,171.81,172.0,171.7,171.98,8924
2026-02-06 11:40:00,171.98,172.28,171.89,172.0,9717
2026-02-06 11:45:00,172.0,172.0,171.7,171.87,2791
2026-02-06 11:50:00,171.87,172.04,171.75,171.91,3436
2026-02-06 11:55:00,171.91,172.04,171.83,171.83,3954
2026-02-06 12:00:00,171.83,172.15,171.73,171.73,11331
2026-02-06 12:05:00,171.73,171.83,171.59,171.74,5527
2026-02-06 12:10:00,171.68,171.86,171.56,171.76,2398
2026-02-06 12:15:00,171.76,171.9,171.66,171.69,2097
2026-02-06 12:20:00,171.69,171.81,171.51,171.55,7033
2026-02-06 12:25:00,171.55,171.76,171.25,171.25,10413
2026-02-06 12:30:00,171.25,171.37,171.0,171.05,14387
2026-02-06 12:35:00,171.05,171.53,171.05,171.42,2150
2026-02-06 12:40:00,171.42,171.5,171.1,171.1,1922
2026-02-06 12:45:00,171.11,171.32,171.09,171.17,1851
2026-02-06 12:50:00,171.17,171.3,170.65,170.74,39518
2026-02-06 12:55:00,170.74,170.79,170.6,170.67,6949
2026-02-06 13:00:00,170.74,170.74,170.5,170.55,12301
2026-02-06 13:05:00,170.55,170.68,170.51,170.53,3809
2026-02-06 13:10:00,170.65,170.67,170.4,170.52,10495
2026-02-06 13:15:00,170.52,170.61,170.51,170.55,1608
2026-02-06 13:20:00,170.55,170.71,170.55,170.62,2636
2026-02-06 13:25:00,170.62,170.71,170.51,170.58,2278
2026-02-06 13:30:00,170.6,170.69,170.4,170.41,6509
2026-02-06 13:35:00,170.41,170.8,170.4,170.6,6979
2026-02-06 13:40:00,170.55,170.62,170.42,170.5,3117
2026-02-06 13:45:00,170.5,170.65,170.5,170.58,873
2026-02-06 13:50:00,170.58,170.93,170.58,170.71,10807
2026-02-06 13:55:00,170.61,170.81,170.58,170.63,13675
2026-02-06 14:00:00,170.65,170.92,170.61,170.92,10429
2026-02-06 14:05:00,170.91,171.22,170.91,171.12,18468
2026-02-06 14:10:00,171.12,171.2,171.0,171.15,5077
2026-02-06 14:15:00,171.15,171.2,171.02,171.12,4249
2026-02-06 14:20:00,171.13,171.14,170.76,170.9,8437
2026-02-06 14:25:00,170.9,171.05,170.9,170.96,5820
2026-02-06 14:30:00,170.96,171.15,170.72,170.85,38120
2026-02-06 14:35:00,170.74,170.92,170.73,170.82,3554
2026-02-06 14:40:00,170.82,170.91,170.74,170.81,5785
2026-02-06 14:45:00,170.81,171.03,170.81,170.95,7396
2026-02-06 14:50:00,170.95,171.08,170.82,171.0,12274
2026-02-06 14:55:00,170.96,171.07,170.8,170.83,26918
2026-02-06 15:00:00,170.91,171.06,170.8,170.95,32638
2026-02-06 15:05:00,170.99,171.3,170.85,171.16,68801
2026-02-06 15:10:00,171.22,171.48,170.95,171.08,41524
2026-02-06 15:15:00,171.72,171.77,171.28,171.45,99422
2026-02-06 15:20:00,171.48,171.76,171.48,171.64,48808
2026-02-06 15:25:00,171.64,171.9,171.63,171.75,30103
2026-02-09 09:15:00,172.8,173.87,172.5,173.86,88724
2026-02-09 09:20:00,173.86,176.51,173.86,176.01,294862
2026-02-09 09:25:00,176.0,176.49,175.25,175.7,139251
2026-02-09 09:30:00,175.79,177.9,175.79,177.4,185637
2026-02-09 09:35:00,177.68,177.68,176.12,176.24,63999
2026-02-09 09:40:00,176.24,176.35,175.75,175.82,52783
2026-02-09 09:45:00,175.82,175.93,175.64,175.75,28372
2026-02-09 09:50:00,175.74,175.86,175.51,175.86,25089
2026-02-09 09:55:00,175.86,175.94,175.53,175.65,15852
2026-02-09 10:00:00,175.62,175.69,175.14,175.17,53938
2026-02-09 10:05:00,175.21,175.3,175.01,175.01,18414
2026-02-09 10:10:00,175.1,175.35,175.01,175.35,19265
2026-02-09 10:15:00,175.2,175.34,174.75,175.03,46643
2026-02-09 10:20:00,175.03,175.55,174.9,175.55,29699
2026-02-09 10:25:00,175.61,176.15,175.61,176.05,31669
2026-02-09 10:30:00,176.09,176.65,175.7,176.49,38724
2026-02-09 10:35:00,176.45,176.69,176.09,176.52,16602
2026-02-09 10:40:00,176.58,176.63,176.27,176.55,26234
2026-02-09 10:45:00,176.55,176.85,176.31,176.36,21114
2026-02-09 10:50:00,176.48,176.75,176.3,176.59,11867
2026-02-09 10:55:00,176.61,176.74,176.33,176.7,40415
2026-02-09 11:00:00,176.64,177.06,176.51,176.65,25092
2026-02-09 11:05:00,176.65,177.24,176.6,176.86,32091
2026-02-09 11:10:00,176.86,177.28,176.76,176.92,27821
2026-02-09 11:15:00,176.92,177.04,176.8,176.9,7565
2026-02-09 11:20:00,176.9,177.11,176.9,176.95,16430
2026-02-09 11:25:00,176.95,177.13,176.41,176.41,26544
2026-02-09 11:30:00,176.41,176.88,176.4,176.53,11926
2026-02-09 11:35:00,176.53,176.77,176.45,176.77,9990
2026-02-09 11:40:00,176.71,176.85,176.44,176.54,16501
2026-02-09 11:45:00,176.54,176.75,176.25,176.52,25635
2026-02-09 11:50:00,176.52,176.68,176.37,176.5,8458
2026-02-09 11:55:00,176.47,176.55,176.33,176.33,9121
2026-02-09 12:00:00,176.34,176.73,176.33,176.73,8005
2026-02-09 12:05:00,176.73,176.85,176.61,176.76,18255
2026-02-09 12:10:00,176.76,176.9,176.68,176.68,4743
2026-02-09 12:15:00,176.69,176.85,176.67,176.75,21211
2026-02-09 12:20:00,176.8,177.33,176.74,177.0,25289
2026-02-09 12:25:00,177.07,177.22,176.78,176.91,25732
2026-02-09 12:30:00,176.91,176.94,176.59,176.76,9049
2026-02-09 12:35:00,176.76,177.0,176.71,176.71,14775
2026-02-09 12:40:00,176.71,176.8,176.62,176.7,15448
2026-02-09 12:45:00,176.7,176.98,176.63,176.85,14895
2026-02-09 12:50:00,176.86,177.21,176.61,176.63,36325
2026-02-09 12:55:00,176.64,177.0,176.63,177.0,7602
2026-02-09 13:00:00,177.0,177.09,176.76,177.0,9528
2026-02-09 13:05:00,177.0,177.13,176.9,177.0,12329
2026-02-09 13:10:00,177.01,177.21,176.97,177.0,11102
2026-02-09 13:15:00,176.97,177.29,176.85,177.1,21480
2026-02-09 13:20:00,177.01,177.1,176.91,176.91,6866
2026-02-09 13:25:00,177.0,177.17,176.8,177.01,11465
2026-02-09 13:30:00,177.02,177.82,176.84,177.59,57826
2026-02-09 13:35:00,177.63,178.5,177.62,178.16,129145
2026-02-09 13:40:00,178.15,178.7,178.04,178.3,60578
2026-02-09 13:45:00,178.33,179.35,178.31,179.0,78840
2026-02-09 13:50:00,179.01,179.01,178.55,178.8,54504
2026-02-09 13:55:00,178.81,178.89,178.67,178.81,14077
2026-02-09 14:00:00,178.8,178.87,178.54,178.7,23623
2026-02-09 14:05:00,178.65,178.99,178.62,178.81,49643
2026-02-09 14:10:00,178.81,178.94,178.6,178.7,20214
2026-02-09 14:15:00,178.73,178.8,178.41,178.58,33689
2026-02-09 14:20:00,178.64,178.82,178.56,178.71,30581
2026-02-09 14:25:00,178.71,178.9,178.7,178.72,12858
2026-02-09 14:30:00,178.72,179.1,178.56,178.98,32610
2026-02-09 14:35:00,179.0,179.06,178.75,178.8,21709
2026-02-09 14:40:00,178.8,179.19,178.41,178.86,56982
2026-02-09 14:45:00,178.8,178.95,178.49,178.56,29161
2026-02-09 14:50:00,178.62,178.73,178.43,178.62,20984
2026-02-09 14:55:00,178.62,178.91,178.41,178.91,31807
2026-02-09 15:00:00,178.94,180.95,178.91,180.9,263999
2026-02-09 15:05:00,180.85,181.53,180.83,181.29,185145
2026-02-09 15:10:00,181.29,181.4,180.63,181.11,137366
2026-02-09 15:15:00,181.06,181.8,180.9,181.0,166523
2026-02-09 15:20:00,181.09,181.9,180.54,180.78,160640
2026-02-09 15:25:00,180.54,181.3,179.63,180.97,128635
2026-02-10 09:15:00,181.7,181.96,180.5,181.5,165004
2026-02-10 09:20:00,181.4,181.41,180.36,181.2,56044
2026-02-10 09:25:00,181.2,182.45,180.62,182.31,76161
2026-02-10 09:30:00,182.31,182.95,182.09,182.5,104856
2026-02-10 09:35:00,182.5,182.89,182.0,182.29,87452
2026-02-10 09:40:00,182.29,182.39,181.74,181.94,19641
2026-02-10 09:45:00,181.93,182.19,181.55,181.85,19606
2026-02-10 09:50:00,181.76,181.86,181.51,181.71,16945
2026-02-10 09:55:00,181.71,181.81,181.02,181.55,42266
2026-02-10 10:00:00,181.66,181.66,181.13,181.13,8575
2026-02-10 10:05:00,181.13,181.32,180.68,181.12,39825
2026-02-10 10:10:00,181.16,181.31,180.84,180.9,14514
2026-02-10 10:15:00,180.9,181.34,180.68,180.8,61193
2026-02-10 10:20:00,180.8,180.82,180.61,180.69,11233
2026-02-10 10:25:00,180.61,181.34,180.61,181.34,20869
2026-02-10 10:30:00,181.34,181.99,181.06,181.84,18308
2026-02-10 10:35:00,181.84,183.19,181.84,182.35,130200
2026-02-10 10:40:00,182.5,182.8,182.29,182.5,39721
2026-02-10 10:45:00,182.5,182.5,181.75,181.85,20221
2026-02-10 10:50:00,181.85,182.08,181.65,181.82,9496
2026-02-10 10:55:00,181.75,181.84,181.56,181.76,7857
2026-02-10 11:00:00,181.76,182.57,181.76,182.18,28636
2026-02-10 11:05:00,182.18,182.38,182.15,182.19,5844
2026-02-10 11:10:00,182.19,182.6,182.05,182.6,32830
2026-02-10 11:15:00,182.6,184.79,182.54,184.36,238837
2026-02-10 11:20:00,184.36,184.7,183.89,184.0,39760
2026-02-10 11:25:00,184.01,184.2,183.88,184.0,20973
2026-02-10 11:30:00,184.09,184.46,183.93,184.02,29652
2026-02-10 11:35:00,184.03,184.3,184.0,184.28,15446
2026-02-10 11:40:00,184.13,184.37,184.0,184.21,15021
2026-02-10 11:45:00,184.21,184.28,184.02,184.02,7869
2026-02-10 11:50:00,184.06,184.06,183.79,183.79,21532
2026-02-10 11:55:00,183.79,183.9,183.72,183.8,3830
2026-02-10 12:00:00,183.87,183.92,183.73,183.73,12850
2026-02-10 12:05:00,183.73,183.95,183.56,183.81,16871
2026-02-10 12:10:00,183.83,184.18,183.82,184.09,12232
2026-02-10 12:15:00,184.09,184.18,183.8,183.93,11632
2026-02-10 12:20:00,183.93,184.1,183.76,183.93,11594
2026-02-10 12:25:00,183.93,184.09,183.71,183.71,7175
2026-02-10 12:30:00,183.75,184.0,183.65,183.8,38687
2026-02-10 12:35:00,183.85,184.06,183.57,183.6,10836
2026-02-10 12:40:00,183.86,184.0,183.69,183.92,19570
2026-02-10 12:45:00,183.74,183.89,183.71,183.71,3805
2026-02-10 12:50:00,183.71,183.93,183.66,183.75,6418
2026-02-10 12:55:00,183.69,183.87,183.61,183.69,15963
2026-02-10 13:00:00,183.62,183.85,183.5,183.55,27529
2026-02-10 13:05:00,183.55,183.75,183.5,183.65,5831
2026-02-10 13:10:00,183.65,183.78,183.5,183.5,13677
2026-02-10 13:15:00,183.6,183.6,183.25,183.39,28619
2026-02-10 13:20:00,183.3,183.38,182.71,182.8,15461
2026-02-10 13:25:00,182.8,182.87,182.58,182.62,14364
2026-02-10 13:30:00,182.63,182.75,182.31,182.58,24747
2026-02-10 13:35:00,182.58,182.68,182.48,182.61,6816
2026-02-10 13:40:00,182.55,182.8,182.55,182.67,3509
2026-02-10 13:45:00,182.65,182.67,182.42,182.59,8377
2026-02-10 13:50:00,182.59,183.0,182.59,182.92,9912
2026-02-10 13:55:00,182.9,182.93,182.55,182.63,2585
2026-02-10 14:00:00,182.55,182.69,182.46,182.69,6037
2026-02-10 14:05:00,182.53,182.65,182.42,182.47,13267
2026-02-10 14:10:00,182.47,182.8,182.44,182.73,8886
2026-02-10 14:15:00,182.61,182.94,182.6,182.83,4553
2026-02-10 14:20:00,182.83,182.97,182.72,182.83,2545
2026-02-10 14:25:00,182.82,182.88,182.69,182.69,16857
2026-02-10 14:30:00,182.64,182.79,182.61,182.64,3575
2026-02-10 14:35:00,182.64,182.89,182.55,182.66,5727
2026-02-10 14:40:00,182.76,182.81,182.63,182.7,3852
2026-02-10 14:45:00,182.7,182.93,182.68,182.76,7982
2026-02-10 14:50:00,182.68,182.79,182.65,182.69,9426
2026-02-10 14:55:00,182.69,182.88,182.68,182.75,13866
2026-02-10 15:00:00,182.76,184.06,182.76,183.69,101628
2026-02-10 15:05:00,183.57,183.69,183.07,183.23,51857
2026-02-10 15:10:00,183.26,183.63,183.16,183.6,55744
2026-02-10 15:15:00,183.36,183.55,183.01,183.24,48209
2026-02-10 15:20:00,183.24,183.33,183.01,183.18,61164
2026-02-10 15:25:00,183.06,183.43,183.01,183.2,46464
2026-02-11 09:15:00,183.6,184.26,182.69,182.93,75080
2026-02-11 09:20:00,182.93,183.12,182.5,182.6,41114
2026-02-11 09:25:00,182.51,182.71,182.0,182.21,45197
2026-02-11 09:30:00,182.2,182.2,181.51,181.55,40681
2026-02-11 09:35:00,181.55,181.79,181.34,181.6,38304
2026-02-11 09:40:00,181.6,181.6,181.1,181.2,16981
2026-02-11 09:45:00,181.14,181.75,181.11,181.39,18640
2026-02-11 09:50:00,181.24,182.0,181.2,181.99,40423
2026-02-11 09:55:00,181.99,182.11,181.84,182.0,16721
2026-02-11 10:00:00,181.93,182.05,181.61,181.7,6333
2026-02-11 10:05:00,181.7,182.4,181.56,182.3,38770
2026-02-11 10:10:00,182.3,182.45,182.0,182.24,19291
2026-02-11 10:15:00,182.24,182.6,182.24,182.47,27078
2026-02-11 10:20:00,182.47,182.6,182.24,182.41,23536
2026-02-11 10:25:00,182.41,182.58,182.3,182.4,6281
2026-02-11 10:30:00,182.41,182.66,182.41,182.52,6209
2026-02-11 10:35:00,182.52,182.63,182.39,182.45,3423
2026-02-11 10:40:00,182.45,182.78,182.45,182.76,4624
2026-02-11 10:45:00,182.76,182.81,182.6,182.8,9094
2026-02-11 10:50:00,182.8,182.94,182.63,182.65,4567
2026-02-11 10:55:00,182.65,182.65,182.3,182.46,6049
2026-02-11 11:00:00,182.46,182.52,182.14,182.21,12758
2026-02-11 11:05:00,182.26,182.61,181.83,181.86,24769
2026-02-11 11:10:00,182.02,182.08,181.89,181.99,3105
2026-02-11 11:15:00,181.99,182.08,181.75,181.75,6035
2026-02-11 11:20:00,181.75,181.92,181.65,181.89,5234
2026-02-11 11:25:00,181.89,181.89,181.67,181.85,3617
2026-02-11 11:30:00,181.85,181.98,181.8,181.81,3911
2026-02-11 11:35:00,181.85,182.03,181.75,181.87,6052
2026-02-11 11:40:00,181.87,181.97,181.75,181.75,3077
2026-02-11 11:45:00,181.85,182.16,181.85,182.0,2536
2026-02-11 11:50:00,182.0,182.24,182.0,182.08,22875
2026-02-11 11:55:00,182.08,182.08,181.9,181.9,4554
2026-02-11 12:00:00,181.9,182.61,181.9,182.33,57808
2026-02-11 12:05:00,182.33,182.55,182.19,182.35,40664
2026-02-11 12:10:00,182.35,182.5,182.2,182.24,15620
2026-02-11 12:15:00,182.24,182.4,182.0,182.05,2112
2026-02-11 12:20:00,182.05,182.16,182.01,182.1,1804
2026-02-11 12:25:00,182.01,182.18,182.0,182.1,1550
2026-02-11 12:30:00,182.18,182.2,182.1,182.11,521
2026-02-11 12:35:00,182.11,182.27,182.03,182.1,3359
2026-02-11 12:40:00,182.1,182.3,182.0,182.01,8482
2026-02-11 12:45:00,182.01,182.2,182.0,182.09,2852
2026-02-11 12:50:00,182.09,182.4,182.09,182.27,1937
2026-02-11 12:55:00,182.27,182.45,182.15,182.24,14247
2026-02-11 13:00:00,182.24,182.3,182.11,182.15,2256
2026-02-11 13:05:00,182.15,182.29,182.02,182.2,3762
2026-02-11 13:10:00,182.2,182.3,182.0,182.05,6389
2026-02-11 13:15:00,182.05,182.18,182.0,182.0,2361
2026-02-11 13:20:00,182.0,182.3,182.0,182.17,6340
2026-02-11 13:25:00,182.17,182.3,182.07,182.21,3782
2026-02-11 13:30:00,182.12,182.49,182.12,182.49,21322
2026-02-11 13:35:00,182.37,182.76,182.3,182.37,6059
2026-02-11 13:40:00,182.37,182.7,182.28,182.55,6564
2026-02-11 13:45:00,182.55,183.07,182.5,182.78,13927
2026-02-11 13:50:00,182.79,182.91,182.46,182.58,5807
2026-02-11 13:55:00,182.58,182.71,182.15,182.2,8159
2026-02-11 14:00:00,182.21,182.4,182.0,182.02,20208
2026-02-11 14:05:00,182.02,182.3,182.01,182.16,3013
2026-02-11 14:10:00,182.15,182.37,182.14,182.2,4063
2026-02-11 14:15:00,182.2,182.69,182.2,182.56,4009
2026-02-11 14:20:00,182.56,182.61,182.29,182.44,3575
2026-02-11 14:25:00,182.44,183.55,182.44,183.14,45693
2026-02-11 14:30:00,183.0,183.17,183.0,183.12,9523
2026-02-11 14:35:00,183.12,183.24,183.05,183.15,2960
2026-02-11 14:40:00,183.15,183.35,183.05,183.15,9917
2026-02-11 14:45:00,183.24,183.3,183.06,183.12,8925
2026-02-11 14:50:00,183.12,183.19,183.08,183.15,12789
2026-02-11 14:55:00,183.15,183.45,183.04,183.21,29145
2026-02-11 15:00:00,183.29,184.8,183.29,184.17,114127
2026-02-11 15:05:00,184.2,184.58,184.2,184.5,71393
2026-02-11 15:10:00,184.58,184.64,184.1,184.26,71350
2026-02-11 15:15:00,184.26,184.48,183.83,184.25,44868
2026-02-11 15:20:00,184.25,184.32,184.06,184.16,59644
2026-02-11 15:25:00,184.15,184.29,183.6,184.14,82425
2026-02-12 09:15:00,183.51,185.19,183.16,183.76,165466
2026-02-12 09:20:00,183.76,184.55,182.69,183.24,71392
2026-02-12 09:25:00,183.24,183.24,182.5,182.54,56610
2026-02-12 09:30:00,182.54,183.01,182.5,182.91,25969
2026-02-12 09:35:00,183.09,183.2,182.85,182.95,21373
2026-02-12 09:40:00,182.95,183.2,182.3,182.31,31138
2026-02-12 09:45:00,182.31,182.49,181.81,182.19,32149
2026-02-12 09:50:00,182.19,182.73,182.19,182.56,8364
2026-02-12 09:55:00,182.57,182.73,182.5,182.6,19301
2026-02-12 10:00:00,182.69,182.7,182.28,182.53,17687
2026-02-12 10:05:00,182.52,182.52,182.1,182.13,20790
2026-02-12 10:10:00,182.2,183.0,182.1,182.68,26748
2026-02-12 10:15:00,182.79,183.0,182.39,182.39,27848
2026-02-12 10:20:00,182.39,182.75,182.26,182.26,3758
2026-02-12 10:25:00,182.26,182.41,182.01,182.02,18974
2026-02-12 10:30:00,182.02,182.21,182.02,182.2,8460
2026-02-12 10:35:00,182.2,182.34,181.56,181.7,36126
2026-02-12 10:40:00,181.76,182.0,181.69,181.88,7152
2026-02-12 10:45:00,181.88,181.88,181.5,181.64,23409
2026-02-12 10:50:00,181.64,181.71,181.5,181.55,14839
2026-02-12 10:55:00,181.55,181.78,181.5,181.56,10787
2026-02-12 11:00:00,181.68,181.71,181.5,181.71,3295
2026-02-12 11:05:00,181.62,181.79,181.52,181.52,5231
2026-02-12 11:10:00,181.52,181.77,181.5,181.55,7208
2026-02-12 11:15:00,181.55,181.58,181.25,181.42,19728
2026-02-12 11:20:00,181.42,181.49,181.26,181.36,8318
2026-02-12 11:25:00,181.31,181.56,180.8,180.99,36990
2026-02-12 11:30:00,180.9,181.08,180.9,181.05,5163
2026-02-12 11:35:00,181.05,181.35,180.8,180.8,23113
2026-02-12 11:40:00,180.8,181.29,180.61,181.09,28358
2026-02-12 11:45:00,181.09,182.25,181.09,181.33,35281
2026-02-12 11:50:00,181.33,181.33,180.7,180.77,9231
2026-02-12 11:55:00,180.77,180.89,180.76,180.87,3993
2026-02-12 12:00:00,180.8,180.85,180.7,180.7,4970
2026-02-12 12:05:00,180.7,180.7,180.55,180.6,8426
2026-02-12 12:10:00,180.6,180.87,180.6,180.63,12742
2026-02-12 12:15:00,180.63,180.83,180.54,180.82,22193
2026-02-12 12:20:00,180.8,180.93,180.78,180.81,1644
2026-02-12 12:25:00,180.81,180.9,180.8,180.8,2998
2026-02-12 12:30:00,180.8,180.97,180.76,180.87,4301
2026-02-12 12:35:00,180.87,181.27,180.87,181.01,17399
2026-02-12 12:40:00,181.01,181.35,180.96,181.21,6812
2026-02-12 12:45:00,181.21,181.21,180.6,180.65,31464
2026-02-12 12:50:00,180.65,180.96,180.65,180.96,2743
2026-02-12 12:55:00,180.82,181.11,180.82,181.0,4278
2026-02-12 13:00:00,181.1,181.39,181.0,181.3,13242
2026-02-12 13:05:00,181.3,181.55,181.2,181.29,10082
2026-02-12 13:10:00,181.29,181.29,181.05,181.07,7093
2026-02-12 13:15:00,181.07,181.9,181.07,181.51,15968
2026-02-12 13:20:00,181.5,181.62,181.23,181.24,8112
2026-02-12 13:25:00,181.27,181.59,181.24,181.35,5778
2026-02-12 13:30:00,181.35,181.44,181.25,181.25,4611
2026-02-12 13:35:00,181.25,181.58,181.25,181.5,6041
2026-02-12 13:40:00,181.5,181.64,181.44,181.46,7639
2026-02-12 13:45:00,181.46,181.99,181.45,181.48,8827
2026-02-12 13:50:00,181.48,182.0,181.2,182.0,36450
2026-02-12 13:55:00,181.81,182.35,181.81,182.35,38197
2026-02-12 14:00:00,182.37,182.37,182.07,182.26,28270
2026-02-12 14:05:00,182.22,182.56,182.0,182.0,10181
2026-02-12 14:10:00,182.0,182.38,182.0,182.25,13599
2026-02-12 14:15:00,182.22,182.24,181.9,181.9,9357
2026-02-12 14:20:00,181.84,182.36,181.84,182.36,20261
2026-02-12 14:25:00,182.36,182.46,182.16,182.46,8970
2026-02-12 14:30:00,182.32,182.41,182.05,182.05,12379
2026-02-12 14:35:00,182.08,182.25,182.0,182.1,4713
2026-02-12 14:40:00,182.18,182.18,181.91,181.99,4477
2026-02-12 14:45:00,181.99,182.0,181.22,181.3,38257
2026-02-12 14:50:00,181.2,181.82,181.2,181.72,22876
2026-02-12 14:55:00,181.67,181.8,181.35,181.51,16902
2026-02-12 15:00:00,181.4,181.94,181.36,181.62,13833
2026-02-12 15:05:00,181.5,181.5,181.11,181.31,51671
2026-02-12 15:10:00,181.31,181.46,180.2,180.7,80418
2026-02-12 15:15:00,180.67,181.0,180.2,180.33,43382
2026-02-12 15:20:00,180.37,181.95,180.31,180.54,59369
2026-02-12 15:25:00,180.48,180.76,180.4,180.55,43247
2026-02-13 09:15:00,199.1,206.7,197.15,205.88,8067286
2026-02-13 09:20:00,205.86,206.26,199.76,201.6,5191617
2026-02-13 09:25:00,201.5,205.19,200.77,204.05,3689580
2026-02-13 09:30:00,204.03,205.09,202.46,203.78,2704852
2026-02-13 09:35:00,203.83,204.24,202.0,203.02,1877515
2026-02-13 09:40:00,203.0,204.38,202.3,202.85,1920025
2026-02-13 09:45:00,202.84,203.48,201.71,203.0,1817547
2026-02-13 09:50:00,203.25,203.6,202.21,202.99,1383684
2026-02-13 09:55:00,202.99,203.19,200.16,201.07,2305080
2026-02-13 10:00:00,201.02,202.86,200.0,202.72,2022971
2026-02-13 10:05:00,202.77,203.17,202.0,202.56,1541494
2026-02-13 10:10:00,202.69,204.76,202.26,204.7,2957390
2026-02-13 10:15:00,204.71,206.65,204.39,206.49,4075942
2026-02-13 10:20:00,206.47,207.8,206.4,206.77,3253269
2026-02-13 10:25:00,206.66,206.9,205.05,205.74,2164926
2026-02-13 10:30:00,205.61,206.79,204.86,206.58,1841501
2026-02-13 10:35:00,206.49,206.99,205.84,205.89,1392459
2026-02-13 10:40:00,206.06,206.68,206.01,206.23,737172
2026-02-13 10:45:00,206.25,208.0,206.17,207.61,2677549
2026-02-13 10:50:00,207.77,208.0,206.83,207.14,1566896
2026-02-13 10:55:00,207.15,209.3,207.02,208.16,3326625
2026-02-13 11:00:00,208.2,209.71,207.65,209.19,2908715
2026-02-13 11:05:00,209.05,209.29,208.03,208.78,1567764
2026-02-13 11:10:00,208.7,208.84,207.81,207.89,1214482
2026-02-13 11:15:00,207.9,209.0,207.8,208.39,947526
2026-02-13 11:20:00,208.4,208.43,207.5,208.23,1356901
2026-02-13 11:25:00,208.15,208.95,207.87,208.94,885696
2026-02-13 11:30:00,208.95,208.99,207.72,207.8,779841
2026-02-13 11:35:00,207.81,208.1,207.6,207.83,595451
2026-02-13 11:40:00,207.83,208.41,206.77,206.82,1590056
2026-02-13 11:45:00,207.0,207.77,206.5,207.18,968177
2026-02-13 11:50:00,207.18,207.74,206.8,207.12,466401
2026-02-13 11:55:00,207.27,207.71,206.1,206.51,817772
2026-02-13 12:00:00,206.51,206.99,206.17,206.24,587214
2026-02-13 12:05:00,206.39,206.54,205.41,205.72,1316154
2026-02-13 12:10:00,205.72,205.94,205.15,205.2,880326
2026-02-13 12:15:00,205.21,205.8,203.42,203.86,1606394
2026-02-13 12:20:00,203.8,204.96,203.7,204.78,880180
2026-02-13 12:25:00,204.79,205.0,204.0,204.48,750010
2026-02-13 12:30:00,204.36,205.8,204.31,204.6,895835
2026-02-13 12:35:00,204.65,205.7,204.14,205.53,523549
2026-02-13 12:40:00,205.49,206.7,205.08,206.45,983830
2026-02-13 12:45:00,206.45,207.3,206.01,206.91,884413
2026-02-13 12:50:00,206.95,207.42,206.5,207.2,859086
2026-02-13 12:55:00,207.2,207.2,206.43,206.59,445690
2026-02-13 13:00:00,206.59,207.3,206.5,206.98,558793
2026-02-13 13:05:00,206.98,208.0,206.92,207.94,1175434
2026-02-13 13:10:00,207.91,208.5,207.6,207.6,1026028
2026-02-13 13:15:00,207.6,208.01,207.16,207.7,597966
2026-02-13 13:20:00,207.84,207.95,206.0,206.45,934986
2026-02-13 13:25:00,206.5,206.75,205.75,205.91,830242
2026-02-13 13:30:00,205.91,206.64,205.8,206.1,456587
2026-02-13 13:35:00,206.0,206.75,206.0,206.71,439772
2026-02-13 13:40:00,206.75,208.0,206.4,207.94,881874
2026-02-13 13:45:00,207.94,209.0,207.63,207.97,2398099
2026-02-13 13:50:00,207.9,208.5,207.55,207.88,772627
2026-02-13 13:55:00,207.8,208.05,207.11,208.05,669426
2026-02-13 14:00:00,208.0,208.5,207.64,208.1,897747
2026-02-13 14:05:00,208.1,208.99,207.11,207.27,1776461
2026-02-13 14:10:00,207.3,208.3,206.47,207.99,1470570
2026-02-13 14:15:00,207.8,208.9,207.8,208.5,1599344
2026-02-13 14:20:00,208.5,208.99,208.28,208.75,1234125
2026-02-13 14:25:00,208.89,210.0,205.72,206.21,5297950
2026-02-13 14:30:00,206.37,207.0,204.09,205.27,3792578
2026-02-13 14:35:00,205.12,205.66,203.54,204.28,2245835
2026-02-13 14:40:00,204.2,204.69,202.35,202.75,2140566
2026-02-13 14:45:00,202.7,203.85,201.05,201.3,2853860
2026-02-13 14:50:00,201.3,201.89,200.32,200.8,2175970
2026-02-13 14:55:00,200.92,203.75,200.8,202.51,2679710
2026-02-13 15:00:00,202.5,202.6,200.89,202.4,1792587
2026-02-13 15:05:00,202.55,203.3,201.87,202.81,1293765
2026-02-13 15:10:00,202.81,204.42,200.66,201.15,3439439
2026-02-13 15:15:00,201.1,202.34,200.0,200.67,3445825
2026-02-13 15:20:00,200.75,202.29,200.48,201.33,1906018
2026-02-13 15:25:00,201.33,202.0,199.16,199.32,1600801
2026-02-16 09:15:00,201.5,209.2,200.22,207.87,5416296
2026-02-16 09:20:00,207.82,211.18,207.82,210.62,4193361
2026-02-16 09:25:00,210.58,211.48,209.5,210.42,2643526
2026-02-16 09:30:00,210.45,210.61,209.13,210.3,1612451
2026-02-16 09:35:00,210.35,210.44,208.32,209.85,1968497
2026-02-16 09:40:00,209.83,209.88,208.61,209.0,1139258
2026-02-16 09:45:00,208.9,209.0,207.22,207.83,1617640
2026-02-16 09:50:00,207.71,208.62,207.32,208.5,1052553
2026-02-16 09:55:00,208.58,209.05,207.17,207.23,1385555
2026-02-16 10:00:00,207.51,207.8,207.02,207.3,661684
2026-02-16 10:05:00,207.38,208.2,206.44,208.17,1363520
2026-02-16 10:10:00,208.2,209.6,208.08,209.36,1457193
2026-02-16 10:15:00,209.36,210.0,208.54,209.6,1291368
2026-02-16 10:20:00,209.74,210.74,209.22,209.43,1570823
2026-02-16 10:25:00,209.4,210.56,209.4,209.85,1109547
2026-02-16 10:30:00,209.9,211.48,209.4,211.29,1848589
2026-02-16 10:35:00,211.29,213.5,211.05,212.64,3387460
2026-02-16 10:40:00,212.7,214.4,212.55,213.29,2479418
2026-02-16 10:45:00,213.33,213.5,212.56,212.9,1169537
2026-02-16 10:50:00,212.9,213.33,212.08,213.2,1153603
2026-02-16 10:55:00,213.24,214.6,213.21,213.97,1875126
2026-02-16 11:00:00,213.97,214.45,213.61,214.16,1014237
2026-02-16 11:05:00,214.12,214.8,213.71,214.5,1124850
2026-02-16 11:10:00,214.4,214.55,213.75,213.99,665809
2026-02-16 11:15:00,213.9,214.6,213.8,214.58,754347
2026-02-16 11:20:00,214.51,214.87,213.81,214.02,1105324
2026-02-16 11:25:00,214.0,214.77,213.4,214.28,1074751
2026-02-16 11:30:00,214.27,214.59,213.99,213.99,530882
2026-02-16 11:35:00,213.99,214.4,213.52,213.52,680438
2026-02-16 11:40:00,213.63,214.4,213.16,214.25,864105
2026-02-16 11:45:00,214.3,214.5,213.65,213.95,483498
2026-02-16 11:50:00,213.96,214.49,213.85,213.86,449755
2026-02-16 11:55:00,213.86,214.24,213.7,214.15,422629
2026-02-16 12:00:00,214.12,214.39,213.88,214.2,395981
2026-02-16 12:05:00,214.18,214.4,213.85,213.93,290554
2026-02-16 12:10:00,213.94,214.01,213.65,213.77,421286
2026-02-16 12:15:00,213.7,213.91,213.3,213.91,674160
2026-02-16 12:20:00,213.91,213.93,213.5,213.51,257362
2026-02-16 12:25:00,213.51,213.89,213.44,213.6,265232
2026-02-16 12:30:00,213.6,214.4,213.51,214.0,466253
2026-02-16 12:35:00,213.93,214.48,213.85,213.85,512243
2026-02-16 12:40:00,213.82,214.25,213.71,214.23,219107
2026-02-16 12:45:00,214.23,214.28,214.1,214.23,248238
2026-02-16 12:50:00,214.2,214.25,213.9,214.0,250017
2026-02-16 12:55:00,214.0,214.15,213.77,213.87,216709
2026-02-16 13:00:00,213.88,213.95,213.3,213.43,478713
2026-02-16 13:05:00,213.43,216.5,213.4,216.28,2312167
2026-02-16 13:10:00,216.12,218.5,216.0,218.37,3294571
2026-02-16 13:15:00,218.41,218.41,217.42,217.78,1702133
2026-02-16 13:20:00,217.79,219.33,217.53,219.0,2668299
2026-02-16 13:25:00,218.9,219.1,217.76,217.97,1569347
2026-02-16 13:30:00,217.9,218.84,217.85,218.39,943522
2026-02-16 13:35:00,218.36,219.9,218.21,219.9,1898457
2026-02-16 13:40:00,219.79,219.84,218.77,219.2,1149067
2026-02-16 13:45:00,219.2,219.5,218.5,218.56,871086
2026-02-16 13:50:00,218.56,219.5,218.52,219.09,796714
2026-02-16 13:55:00,219.06,219.68,218.71,219.29,1145832
2026-02-16 14:00:00,219.31,219.33,218.7,218.87,615196
2026-02-16 14:05:00,218.85,218.97,218.51,218.55,691400
2026-02-16 14:10:00,218.55,218.9,217.31,218.15,1625314
2026-02-16 14:15:00,218.05,218.45,217.8,218.15,713048
2026-02-16 14:20:00,218.25,219.75,218.16,219.6,1641630
2026-02-16 14:25:00,219.55,221.39,219.45,221.27,3757494
2026-02-16 14:30:00,221.3,221.43,220.55,221.43,1463247
2026-02-16 14:35:00,221.31,223.56,221.31,221.98,4505478
2026-02-16 14:40:00,221.96,222.6,221.1,222.26,2483512
2026-02-16 14:45:00,222.25,222.3,221.01,221.69,1304180
2026-02-16 14:50:00,221.62,222.7,221.19,222.6,2088417
2026-02-16 14:55:00,222.63,223.49,222.0,222.82,2502275
2026-02-16 15:00:00,222.79,223.75,222.69,223.1,2024604
2026-02-16 15:05:00,223.1,226.8,222.39,225.32,6488220
2026-02-16 15:10:00,225.48,226.5,224.85,224.85,4058152
2026-02-16 15:15:00,224.98,226.99,223.35,226.85,6738828
2026-02-16 15:20:00,226.73,231.9,226.06,231.69,6183279
2026-02-16 15:25:00,231.72,236.65,230.15,231.0,3927207
2026-02-17 09:15:00,231.15,236.28,230.56,233.63,9827637
2026-02-17 09:20:00,233.93,234.0,231.51,232.25,3435521
2026-02-17 09:25:00,232.21,232.24,228.55,229.4,4803409
2026-02-17 09:30:00,229.3,231.88,227.48,230.5,4124527
2026-02-17 09:35:00,230.6,231.21,229.0,229.75,1964870
2026-02-17 09:40:00,229.65,231.25,229.0,231.03,1364154
2026-02-17 09:45:00,231.19,232.0,230.31,231.5,1903174
2026-02-17 09:50:00,231.4,231.52,230.0,230.75,1073534
2026-02-17 09:55:00,230.78,230.8,229.65,229.82,899177
2026-02-17 10:00:00,229.82,230.45,229.6,230.1,669936
2026-02-17 10:05:00,230.22,230.25,229.7,229.83,553722
2026-02-17 10:10:00,229.91,229.91,229.0,229.48,701497
2026-02-17 10:15:00,229.39,229.7,228.5,229.1,919220
2026-02-17 10:20:00,229.0,229.19,228.13,228.65,793240
2026-02-17 10:25:00,228.77,229.66,228.11,229.39,766983
2026-02-17 10:30:00,229.36,229.66,228.2,228.24,656439
2026-02-17 10:35:00,228.2,228.36,225.21,226.79,2772127
2026-02-17 10:40:00,226.75,227.29,226.0,226.93,934666
2026-02-17 10:45:00,227.04,228.91,226.92,227.67,1203685
2026-02-17 10:50:00,227.62,227.91,226.02,226.05,803681
2026-02-17 10:55:00,226.12,226.35,223.92,224.14,2122952
2026-02-17 11:00:00,224.14,225.49,223.2,223.7,1221550
2026-02-17 11:05:00,223.64,223.7,222.2,222.3,1963356
2026-02-17 11:10:00,222.29,222.49,221.21,221.96,1526529
2026-02-17 11:15:00,221.95,222.34,220.6,221.3,1395699
2026-02-17 11:20:00,221.16,222.49,221.1,221.31,949522
2026-02-17 11:25:00,221.31,222.7,221.0,222.17,724463
2026-02-17 11:30:00,222.15,222.89,221.6,222.13,903900
2026-02-17 11:35:00,222.09,222.84,218.37,219.31,2059158
2026-02-17 11:40:00,219.31,220.97,219.31,219.74,873483
2026-02-17 11:45:00,219.74,220.59,219.74,220.23,383942
2026-02-17 11:50:00,220.2,221.61,220.1,221.29,560965
2026-02-17 11:55:00,221.29,221.9,221.0,221.68,570256
2026-02-17 12:00:00,221.65,221.69,220.01,220.42,455921
2026-02-17 12:05:00,220.52,221.76,220.41,221.57,338699
2026-02-17 12:10:00,221.57,223.01,220.82,221.21,1117300
2026-02-17 12:15:00,221.21,221.5,220.52,221.4,279781
2026-02-17 12:20:00,221.4,221.5,220.51,220.75,272199
2026-02-17 12:25:00,220.78,220.87,220.23,220.85,275716
2026-02-17 12:30:00,220.85,221.7,220.73,221.7,347616
2026-02-17 12:35:00,221.62,221.75,220.35,220.6,321467
2026-02-17 12:40:00,220.6,220.94,220.0,220.9,368641
2026-02-17 12:45:00,220.8,221.29,220.4,220.99,175173
2026-02-17 12:50:00,220.82,220.95,219.9,219.9,342196
2026-02-17 12:55:00,219.9,220.3,219.7,220.04,277554
2026-02-17 13:00:00,220.04,220.15,219.2,219.21,344260
2026-02-17 13:05:00,219.3,219.41,218.8,218.99,714458
2026-02-17 13:10:00,218.99,219.66,218.0,219.23,831016
2026-02-17 13:15:00,219.23,219.97,219.2,219.63,322298
2026-02-17 13:20:00,219.75,219.85,217.95,218.5,606107
2026-02-17 13:25:00,218.51,218.65,217.75,218.02,602879
2026-02-17 13:30:00,218.03,218.91,217.97,218.83,253032
2026-02-17 13:35:00,218.72,219.12,218.5,218.82,288808
2026-02-17 13:40:00,218.71,219.74,218.5,218.99,520779
2026-02-17 13:45:00,219.07,219.27,218.61,218.85,237987
2026-02-17 13:50:00,218.85,218.89,217.95,218.17,362223
2026-02-17 13:55:00,218.15,218.99,218.0,218.5,363052
2026-02-17 14:00:00,218.57,219.6,218.41,219.29,369095
2026-02-17 14:05:00,219.29,219.29,217.55,218.41,504440
2026-02-17 14:10:00,218.4,218.43,217.5,217.91,403920
2026-02-17 14:15:00,217.91,218.0,217.1,217.58,513364
2026-02-17 14:20:00,217.5,217.69,216.6,217.01,694807
2026-02-17 14:25:00,217.01,217.88,217.0,217.54,400082
2026-02-17 14:30:00,217.52,218.64,217.37,218.3,577444
2026-02-17 14:35:00,218.37,218.37,217.5,217.56,309336
2026-02-17 14:40:00,217.57,217.85,217.21,217.54,312558
2026-02-17 14:45:00,217.54,217.99,217.5,217.58,281578
2026-02-17 14:50:00,217.57,217.95,217.15,217.23,390368
2026-02-17 14:55:00,217.3,217.38,215.5,215.66,1329956
2026-02-17 15:00:00,215.66,215.8,214.5,214.8,1662700
2026-02-17 15:05:00,214.68,216.63,214.53,215.34,1582589
2026-02-17 15:10:00,215.23,216.14,215.18,215.8,907865
2026-02-17 15:15:00,215.83,215.94,214.57,214.78,2031192
2026-02-17 15:20:00,214.93,217.21,213.68,215.97,2425591
2026-02-17 15:25:00,215.79,215.8,214.41,214.6,828357
2026-02-18 09:15:00,217.0,220.89,215.84,218.63,4196706
2026-02-18 09:20:00,218.6,220.5,218.22,219.3,1709358
2026-02-18 09:25:00,219.35,219.94,217.33,218.53,1531907
2026-02-18 09:30:00,218.66,219.36,218.39,219.16,558752
2026-02-18 09:35:00,219.17,220.0,219.01,219.56,1103832
2026-02-18 09:40:00,219.4,220.0,218.25,218.7,1236634
2026-02-18 09:45:00,218.65,219.7,218.6,219.02,440317
2026-02-18 09:50:00,219.0,219.5,218.82,219.19,292502
2026-02-18 09:55:00,219.2,219.2,217.8,217.87,772023
2026-02-18 10:00:00,217.87,217.97,216.29,217.82,1301610
2026-02-18 10:05:00,217.79,218.39,217.05,218.3,574970
2026-02-18 10:10:00,218.35,218.98,217.78,217.81,576863
2026-02-18 10:15:00,217.91,218.11,217.2,217.9,294105
2026-02-18 10:20:00,217.85,218.27,216.56,217.0,452288
2026-02-18 10:25:00,217.03,217.22,215.73,215.95,811869
2026-02-18 10:30:00,215.95,216.39,215.82,216.3,327717
2026-02-18 10:35:00,216.3,216.76,215.6,215.97,512534
2026-02-18 10:40:00,215.97,217.5,215.35,217.1,783929
2026-02-18 10:45:00,217.06,217.4,216.15,216.21,455143
2026-02-18 10:50:00,216.15,216.89,216.0,216.65,300299
2026-02-18 10:55:00,216.64,216.97,216.21,216.5,152952
2026-02-18 11:00:00,216.5,216.5,215.65,216.21,299147
2026-02-18 11:05:00,216.21,216.3,215.83,215.95,142843
2026-02-18 11:10:00,215.95,216.14,214.51,214.66,715908
2026-02-18 11:15:00,214.66,216.21,214.4,216.16,611736
2026-02-18 11:20:00,216.16,216.16,215.46,215.62,222389
2026-02-18 11:25:00,215.5,215.62,214.81,215.0,420539
2026-02-18 11:30:00,215.0,215.8,215.0,215.76,191616
2026-02-18 11:35:00,215.76,216.09,215.47,215.54,240274
2026-02-18 11:40:00,215.53,215.72,215.1,215.62,180409
2026-02-18 11:45:00,215.52,215.7,214.6,214.6,327424
2026-02-18 11:50:00,214.6,214.7,213.75,214.07,559479
2026-02-18 11:55:00,214.08,215.0,213.77,214.57,405141
2026-02-18 12:00:00,214.59,214.9,214.33,214.6,180026
2026-02-18 12:05:00,214.74,214.8,214.11,214.3,123978
2026-02-18 12:10:00,214.21,214.38,213.9,214.0,218279
2026-02-18 12:15:00,214.02,214.02,213.03,213.55,519645
2026-02-18 12:20:00,213.54,214.84,213.25,214.39,520550
2026-02-18 12:25:00,214.39,214.39,213.71,213.81,210868
2026-02-18 12:30:00,213.81,213.97,213.3,213.59,214484
2026-02-18 12:35:00,213.58,213.65,211.05,211.41,1016162
2026-02-18 12:40:00,211.44,211.49,209.51,210.65,1760856
2026-02-18 12:45:00,210.6,210.97,209.5,210.79,696658
2026-02-18 12:50:00,210.78,211.76,210.5,210.74,624994
2026-02-18 12:55:00,210.96,211.5,210.5,211.17,386823
2026-02-18 13:00:00,211.3,212.58,211.0,212.14,726707
2026-02-18 13:05:00,212.14,213.42,211.9,212.19,904841
2026-02-18 13:10:00,212.06,213.0,212.0,212.9,415966
2026-02-18 13:15:00,212.89,214.89,212.5,214.2,791312
2026-02-18 13:20:00,214.09,214.2,212.75,213.18,457115
2026-02-18 13:25:00,213.15,213.2,212.67,212.7,288228
2026-02-18 13:30:00,212.74,213.0,212.21,212.42,259553
2026-02-18 13:35:00,212.42,212.54,211.7,212.44,388566
2026-02-18 13:40:00,212.5,213.5,212.01,213.15,415881
2026-02-18 13:45:00,213.35,213.5,213.01,213.07,202137
2026-02-18 13:50:00,213.16,214.0,213.1,213.41,355516
2026-02-18 13:55:00,213.41,213.7,213.1,213.57,145081
2026-02-18 14:00:00,213.65,214.2,213.28,214.15,266603
2026-02-18 14:05:00,214.07,214.75,214.0,214.59,444810
2026-02-18 14:10:00,214.64,214.97,213.67,213.91,634444
2026-02-18 14:15:00,213.91,214.29,213.65,214.23,267010
2026-02-18 14:20:00,214.2,214.9,214.08,214.89,272872
2026-02-18 14:25:00,214.8,214.9,213.8,214.34,299817
2026-02-18 14:30:00,214.35,215.0,214.35,214.6,282703
2026-02-18 14:35:00,214.7,215.0,214.36,214.73,433270
2026-02-18 14:40:00,214.73,216.5,214.72,216.2,1220006
2026-02-18 14:45:00,216.19,218.5,216.15,217.0,1945047
2026-02-18 14:50:00,217.0,217.85,216.29,216.7,915084
2026-02-18 14:55:00,216.74,217.0,215.61,215.8,745486
2026-02-18 15:00:00,215.8,215.97,213.75,214.41,1075374
2026-02-18 15:05:00,214.5,215.25,214.41,214.62,581149
2026-02-18 15:10:00,214.63,215.0,213.5,213.95,771084
2026-02-18 15:15:00,214.0,214.62,213.5,214.26,1080823
2026-02-18 15:20:00,214.49,215.94,214.02,215.1,1326007
2026-02-18 15:25:00,215.11,215.75,214.8,215.0,352220
2026-02-19 09:15:00,217.84,217.9,214.7,214.89,984706
2026-02-19 09:20:00,214.89,215.7,213.56,214.09,487898
2026-02-19 09:25:00,214.04,214.24,213.4,213.87,279755
2026-02-19 09:30:00,213.86,214.1,212.66,212.83,368081
2026-02-19 09:35:00,212.77,213.57,211.79,212.22,423067
2026-02-19 09:40:00,212.34,213.62,212.17,212.81,241229
2026-02-19 09:45:00,212.81,213.2,212.8,213.12,110385
2026-02-19 09:50:00,213.13,213.38,213.02,213.3,169253
2026-02-19 09:55:00,213.35,216.14,213.16,214.64,659057
2026-02-19 10:00:00,214.6,216.07,214.27,215.87,309455
2026-02-19 10:05:00,215.87,216.38,215.11,215.7,428691
2026-02-19 10:10:00,215.6,216.0,215.18,215.37,179746
2026-02-19 10:15:00,215.48,215.48,214.88,214.89,212267
2026-02-19 10:20:00,214.8,215.5,214.59,215.0,130861
2026-02-19 10:25:00,215.14,215.28,213.9,214.01,191406
2026-02-19 10:30:00,214.04,214.39,213.9,214.02,115991
2026-02-19 10:35:00,214.02,214.1,213.5,213.84,111454
2026-02-19 10:40:00,213.93,214.64,213.77,214.5,86117
2026-02-19 10:45:00,214.5,214.5,213.93,214.23,110772
2026-02-19 10:50:00,214.25,214.96,214.0,214.96,136479
2026-02-19 10:55:00,214.96,215.03,214.47,214.69,100454
2026-02-19 11:00:00,214.54,214.67,214.18,214.3,39751
2026-02-19 11:05:00,214.3,214.42,213.69,214.25,99503
2026-02-19 11:10:00,214.25,214.47,214.0,214.08,30718
2026-02-19 11:15:00,214.15,214.4,214.07,214.28,33253
2026-02-19 11:20:00,214.38,214.66,214.19,214.38,48582
2026-02-19 11:25:00,214.29,214.64,214.25,214.64,88789
2026-02-19 11:30:00,214.47,214.85,214.41,214.83,40876
2026-02-19 11:35:00,214.83,214.83,213.85,214.04,80315
2026-02-19 11:40:00,214.03,215.48,214.0,215.31,137430
2026-02-19 11:45:00,215.31,215.95,214.9,214.9,197149
2026-02-19 11:50:00,214.85,215.36,214.73,215.29,112579
2026-02-19 11:55:00,215.17,215.53,214.9,215.53,111810
2026-02-19 12:00:00,215.57,216.6,215.5,216.44,321967
2026-02-19 12:05:00,216.45,217.98,216.2,216.97,544990
2026-02-19 12:10:00,216.92,218.44,216.15,218.4,586320
2026-02-19 12:15:00,218.44,218.97,216.67,217.82,715694
2026-02-19 12:20:00,217.8,220.75,217.8,219.64,1354644
2026-02-19 12:25:00,219.7,221.9,219.65,221.35,1351426
2026-02-19 12:30:00,221.3,221.35,219.14,220.6,969357
2026-02-19 12:35:00,220.6,220.84,218.6,219.17,909639
2026-02-19 12:40:00,219.17,219.77,218.32,218.42,639926
2026-02-19 12:45:00,218.39,218.62,217.68,218.04,456095
2026-02-19 12:50:00,218.05,218.41,217.5,217.83,664405
2026-02-19 12:55:00,217.83,218.2,217.5,218.02,198372
2026-02-19 13:00:00,217.91,219.6,217.81,218.8,562806
2026-02-19 13:05:00,218.81,219.62,218.8,219.1,406041
2026-02-19 13:10:00,219.01,219.06,218.55,218.99,205683
2026-02-19 13:15:00,218.98,219.7,218.9,219.39,242117
2026-02-19 13:20:00,219.26,219.39,218.66,218.82,177872
2026-02-19 13:25:00,218.82,219.5,218.8,219.16,181790
2026-02-19 13:30:00,219.16,219.39,218.65,218.75,157050
2026-02-19 13:35:00,218.75,219.12,218.7,218.87,116355
2026-02-19 13:40:00,218.87,219.0,218.14,218.37,189627
2026-02-19 13:45:00,218.32,218.55,217.64,217.88,274495
2026-02-19 13:50:00,217.88,218.89,217.73,218.33,176861
2026-02-19 13:55:00,218.34,218.58,218.02,218.43,109591
2026-02-19 14:00:00,218.42,218.54,217.6,217.92,160888
2026-02-19 14:05:00,217.92,218.44,217.6,218.33,243521
2026-02-19 14:10:00,218.32,218.5,217.91,218.3,117769
2026-02-19 14:15:00,218.26,218.39,217.4,217.93,267775
2026-02-19 14:20:00,217.8,218.87,217.65,218.6,167124
2026-02-19 14:25:00,218.6,219.6,218.42,218.78,457305
2026-02-19 14:30:00,218.99,219.3,218.51,218.61,242833
2026-02-19 14:35:00,218.62,219.1,218.41,218.58,155594
2026-02-19 14:40:00,218.8,218.9,218.6,218.75,76527
2026-02-19 14:45:00,218.61,218.95,218.5,218.77,161789
2026-02-19 14:50:00,218.77,218.88,218.39,218.66,136701
2026-02-19 14:55:00,218.58,218.9,218.09,218.1,216484
2026-02-19 15:00:00,218.11,218.29,217.6,217.88,340306
2026-02-19 15:05:00,217.88,218.4,217.4,217.9,308068
2026-02-19 15:10:00,217.9,218.0,216.71,217.54,454689
2026-02-19 15:15:00,217.65,218.12,217.03,218.0,455635
2026-02-19 15:20:00,218.0,218.3,216.55,217.22,661191
2026-02-19 15:25:00,217.23,217.72,216.2,216.4,241761
2026-02-20 09:15:00,217.79,217.99,215.6,216.04,578917
2026-02-20 09:20:00,216.12,217.69,215.66,216.03,269596
2026-02-20 09:25:00,216.03,217.8,215.44,217.16,344974
2026-02-20 09:30:00,217.48,217.69,216.48,217.34,185027
2026-02-20 09:35:00,217.53,217.53,216.7,216.75,107249
2026-02-20 09:40:00,216.8,216.8,216.0,216.3,140484
2026-02-20 09:45:00,216.22,216.74,216.01,216.18,73834
2026-02-20 09:50:00,216.18,216.66,216.18,216.49,73924
2026-02-20 09:55:00,216.48,216.89,216.17,216.69,61614
2026-02-20 10:00:00,216.7,216.9,215.75,215.76,163146
2026-02-20 10:05:00,215.87,216.34,215.75,215.94,55617
2026-02-20 10:10:00,215.93,216.21,215.4,215.84,101069
2026-02-20 10:15:00,215.83,216.33,215.7,216.15,50478
2026-02-20 10:20:00,216.15,216.43,216.05,216.15,38825
2026-02-20 10:25:00,216.15,216.15,215.85,216.0,34400
2026-02-20 10:30:00,216.0,216.16,215.88,216.1,27815
2026-02-20 10:35:00,216.1,216.1,216.0,216.09,20302
2026-02-20 10:40:00,216.09,216.65,216.03,216.6,37042
2026-02-20 10:45:00,216.51,216.99,216.47,216.55,148226
2026-02-20 10:50:00,216.54,216.75,216.47,216.51,77908
2026-02-20 10:55:00,216.51,216.65,216.0,216.1,39126
2026-02-20 11:00:00,216.1,216.24,215.53,215.89,71146
2026-02-20 11:05:00,215.89,216.0,215.77,215.87,18754
2026-02-20 11:10:00,215.87,215.9,215.6,215.65,38573
2026-02-20 11:15:00,215.65,215.98,215.65,215.85,32480
2026-02-20 11:20:00,215.85,216.5,215.85,216.25,38589
2026-02-20 11:25:00,216.25,216.5,216.11,216.48,29481
2026-02-20 11:30:00,216.48,216.48,216.06,216.15,13902
2026-02-20 11:35:00,216.15,216.15,216.05,216.06,8538
2026-02-20 11:40:00,216.09,216.24,215.87,215.89,20138
2026-02-20 11:45:00,215.89,216.16,215.85,215.9,24267
2026-02-20 11:50:00,216.0,216.28,215.85,216.0,48009
2026-02-20 11:55:00,216.0,216.2,215.8,216.01,17560
2026-02-20 12:00:00,216.0,216.0,215.8,215.86,23049
2026-02-20 12:05:00,215.86,216.08,215.75,216.08,42306
2026-02-20 12:10:00,215.99,216.09,215.84,215.89,11789
2026-02-20 12:15:00,215.89,216.73,215.88,216.52,48295
2026-02-20 12:20:00,216.57,216.57,216.14,216.3,15881
2026-02-20 12:25:00,216.28,216.35,215.81,216.22,33471
2026-02-20 12:30:00,216.21,216.36,215.97,216.31,33426
2026-02-20 12:35:00,216.4,216.7,215.7,215.8,54648
2026-02-20 12:40:00,215.8,215.86,214.51,214.75,291028
2026-02-20 12:45:00,214.8,215.2,214.7,215.0,84309
2026-02-20 12:50:00,215.01,215.19,214.9,215.16,61163
2026-02-20 12:55:00,215.16,215.18,214.6,214.92,48683
2026-02-20 13:00:00,215.0,215.23,214.8,214.81,24707
2026-02-20 13:05:00,214.93,214.93,214.6,214.6,34966
2026-02-20 13:10:00,214.6,214.69,214.1,214.27,117532
2026-02-20 13:15:00,214.12,214.29,214.0,214.11,49940
2026-02-20 13:20:00,214.11,214.38,214.0,214.02,62194
2026-02-20 13:25:00,214.12,214.13,213.75,214.1,101710
2026-02-20 13:30:00,214.0,214.13,214.0,214.08,36378
2026-02-20 13:35:00,214.1,214.13,213.71,214.01,70006
2026-02-20 13:40:00,214.01,214.31,214.0,214.23,16087
2026-02-20 13:45:00,214.24,214.95,214.24,214.88,44567
2026-02-20 13:50:00,214.75,215.1,214.51,214.53,54816
2026-02-20 13:55:00,214.55,214.74,214.35,214.5,28685
2026-02-20 14:00:00,214.5,214.55,214.2,214.21,25593
2026-02-20 14:05:00,214.21,214.63,214.0,214.22,33586
2026-02-20 14:10:00,214.22,214.47,214.05,214.3,19106
2026-02-20 14:15:00,214.3,215.5,214.3,215.19,123853
2026-02-20 14:20:00,215.15,215.16,214.66,214.84,15165
2026-02-20 14:25:00,214.79,214.9,214.56,214.7,13469
2026-02-20 14:30:00,214.71,214.9,214.64,214.78,13188
2026-02-20 14:35:00,214.78,215.1,214.75,214.83,35087
2026-02-20 14:40:00,214.75,215.0,214.7,214.88,47917
2026-02-20 14:45:00,214.88,215.18,214.71,215.0,77433
2026-02-20 14:50:00,215.08,215.2,215.0,215.16,27123
2026-02-20 14:55:00,215.18,215.2,215.04,215.1,39813
2026-02-20 15:00:00,215.13,215.65,215.04,215.2,109204
2026-02-20 15:05:00,215.21,215.4,214.9,214.94,88483
2026-02-20 15:10:00,214.9,215.3,214.58,215.16,198292
2026-02-20 15:15:00,215.16,215.3,215.0,215.09,158032
2026-02-20 15:20:00,215.21,215.26,214.33,214.68,158414
2026-02-20 15:25:00,214.69,214.79,214.2,214.79,159716
2026-02-23 09:15:00,216.9,221.94,216.01,221.0,860450
2026-02-23 09:20:00,221.0,221.49,218.43,219.8,592485
2026-02-23 09:25:00,219.91,221.13,219.73,220.78,310150
2026-02-23 09:30:00,220.7,220.7,219.84,220.0,208323
2026-02-23 09:35:00,220.0,220.95,219.39,219.92,232256
2026-02-23 09:40:00,219.81,220.08,218.61,218.8,208629
2026-02-23 09:45:00,218.7,219.51,218.7,219.34,109620
2026-02-23 09:50:00,219.24,219.95,218.65,219.38,134749
2026-02-23 09:55:00,219.24,219.34,218.75,219.0,70890
2026-02-23 10:00:00,219.26,219.78,219.0,219.65,63691
2026-02-23 10:05:00,219.65,219.99,219.35,219.87,68839
2026-02-23 10:10:00,219.87,220.0,219.36,219.65,80932
2026-02-23 10:15:00,219.67,219.9,219.56,219.65,33113
2026-02-23 10:20:00,219.74,222.39,219.63,222.22,570988
2026-02-23 10:25:00,222.22,222.76,217.8,218.71,1126127
2026-02-23 10:30:00,218.61,220.89,218.58,220.59,368595
2026-02-23 10:35:00,220.55,220.6,219.64,219.99,162980
2026-02-23 10:40:00,219.85,220.0,219.2,219.35,88594
2026-02-23 10:45:00,219.4,219.44,218.01,218.5,307907
2026-02-23 10:50:00,218.5,218.8,218.1,218.3,86065
2026-02-23 10:55:00,218.42,218.43,217.93,218.05,117642
2026-02-23 11:00:00,218.13,218.26,217.36,218.09,112170
2026-02-23 11:05:00,218.01,218.12,217.61,217.89,76395
2026-02-23 11:10:00,217.78,217.98,217.24,217.75,51624
2026-02-23 11:15:00,217.75,218.19,217.71,217.88,57373
2026-02-23 11:20:00,217.88,217.98,217.29,217.61,57735
2026-02-23 11:25:00,217.6,217.98,217.6,217.85,89265
2026-02-23 11:30:00,217.85,217.93,217.6,217.6,67243
2026-02-23 11:35:00,217.61,217.7,217.4,217.5,53012
2026-02-23 11:40:00,217.45,217.63,217.4,217.4,19747
2026-02-23 11:45:00,217.41,217.41,216.62,216.93,116619
2026-02-23 11:50:00,216.94,217.46,216.4,217.29,81354
2026-02-23 11:55:00,217.29,217.29,217.0,217.07,30727
2026-02-23 12:00:00,217.07,217.45,216.75,216.91,80241
2026-02-23 12:05:00,216.89,216.95,216.56,216.59,25341
2026-02-23 12:10:00,216.59,216.59,215.8,216.27,112439
2026-02-23 12:15:00,216.4,216.82,216.28,216.79,29208
2026-02-23 12:20:00,216.89,217.0,216.75,216.77,34114
2026-02-23 12:25:00,216.77,216.87,216.51,216.7,22222
2026-02-23 12:30:00,216.51,216.69,216.01,216.2,32765
2026-02-23 12:35:00,216.18,216.5,216.05,216.29,24560
2026-02-23 12:40:00,216.29,216.67,216.29,216.41,33222
2026-02-23 12:45:00,216.42,216.9,216.39,216.73,30966
2026-02-23 12:50:00,216.73,217.19,216.7,217.19,38817
2026-02-23 12:55:00,217.5,217.62,216.7,216.71,91350
2026-02-23 13:00:00,216.7,216.96,216.51,216.89,20761
2026-02-23 13:05:00,216.89,216.94,216.32,216.48,49382
2026-02-23 13:10:00,216.5,216.82,216.5,216.52,17973
2026-02-23 13:15:00,216.51,216.62,216.38,216.5,22157
2026-02-23 13:20:00,216.51,216.54,216.19,216.35,13705
2026-02-23 13:25:00,216.25,217.14,216.24,216.78,71695
2026-02-23 13:30:00,216.83,216.88,216.63,216.74,30174
2026-02-23 13:35:00,216.74,217.1,216.73,216.9,12700
2026-02-23 13:40:00,216.9,217.1,216.32,216.38,41855
2026-02-23 13:45:00,216.38,216.65,215.6,215.7,67796
2026-02-23 13:50:00,215.65,216.0,215.61,215.81,48191
2026-02-23 13:55:00,215.81,216.16,215.7,215.77,32404
2026-02-23 14:00:00,215.66,215.76,214.48,214.77,130969
2026-02-23 14:05:00,214.86,215.29,214.74,214.95,60435
2026-02-23 14:10:00,215.0,215.0,214.4,214.94,61695
2026-02-23 14:15:00,214.94,215.1,214.7,215.1,31282
2026-02-23 14:20:00,215.1,215.19,214.8,215.1,40813
2026-02-23 14:25:00,215.09,215.7,214.95,215.43,61962
2026-02-23 14:30:00,215.55,215.55,214.78,215.1,43874
2026-02-23 14:35:00,215.1,215.35,214.95,215.03,25902
2026-02-23 14:40:00,215.09,215.7,215.04,215.44,65954
2026-02-23 14:45:00,215.44,216.29,215.44,216.0,137033
2026-02-23 14:50:00,215.94,216.1,215.54,215.71,52826
2026-02-23 14:55:00,215.71,216.0,215.59,215.93,67768
2026-02-23 15:00:00,215.93,216.55,215.93,216.31,115749
2026-02-23 15:05:00,216.36,216.87,216.13,216.33,192405
2026-02-23 15:10:00,216.33,217.19,216.33,217.1,126361
2026-02-23 15:15:00,217.1,217.36,216.59,217.3,257859
2026-02-23 15:20:00,217.29,217.97,217.17,217.94,283386
2026-02-23 15:25:00,217.9,217.99,216.3,216.3,164757
2026-02-24 09:15:00,216.9,217.88,216.1,217.4,354840
2026-02-24 09:20:00,217.29,218.82,217.25,218.33,186747
2026-02-24 09:25:00,218.44,218.48,217.61,217.61,92029
2026-02-24 09:30:00,217.61,217.75,216.85,217.3,152683
2026-02-24 09:35:00,217.25,217.64,216.9,216.9,97387
2026-02-24 09:40:00,216.9,216.9,214.18,215.49,308776
2026-02-24 09:45:00,215.7,217.0,215.27,216.66,172720
2026-02-24 09:50:00,216.67,216.8,216.18,216.66,33399
2026-02-24 09:55:00,216.63,217.57,216.47,217.17,96402
2026-02-24 10:00:00,217.17,218.24,217.17,217.79,231877
2026-02-24 10:05:00,217.68,217.84,217.55,217.6,46762
2026-02-24 10:10:00,217.6,217.7,214.0,215.74,245059
2026-02-24 10:15:00,215.74,216.42,215.53,216.27,85095
2026-02-24 10:20:00,216.27,216.27,216.0,216.0,39715
2026-02-24 10:25:00,216.0,216.14,215.8,216.04,25770
2026-02-24 10:30:00,216.04,216.55,216.04,216.12,32237
2026-02-24 10:35:00,216.12,216.66,216.12,216.65,11615
2026-02-24 10:40:00,216.65,216.65,216.26,216.35,13380
2026-02-24 10:45:00,216.42,216.47,216.0,216.04,25716
2026-02-24 10:50:00,216.04,216.39,216.04,216.12,40723
2026-02-24 10:55:00,216.07,216.27,215.8,216.0,45321
2026-02-24 11:00:00,216.0,216.0,215.4,215.4,43568
2026-02-24 11:05:00,215.47,215.87,215.31,215.75,22296
2026-02-24 11:10:00,215.75,216.0,215.65,215.7,16288
2026-02-24 11:15:00,215.7,215.76,215.43,215.55,22298
2026-02-24 11:20:00,215.55,216.0,215.45,215.6,73267
2026-02-24 11:25:00,215.6,215.84,215.32,215.6,43426
2026-02-24 11:30:00,215.37,215.56,214.92,215.1,64179
2026-02-24 11:35:00,215.1,215.47,215.0,215.41,25013
2026-02-24 11:40:00,215.41,215.46,214.91,214.91,25476
2026-02-24 11:45:00,214.61,215.2,214.61,215.06,30835
2026-02-24 11:50:00,215.21,215.23,215.0,215.03,10539
2026-02-24 11:55:00,215.1,215.13,214.52,214.76,60216
2026-02-24 12:00:00,214.76,214.85,214.61,214.61,24721
2026-02-24 12:05:00,214.61,215.0,214.6,214.85,30758
2026-02-24 12:10:00,214.85,214.93,214.64,214.84,18957
2026-02-24 12:15:00,214.84,214.84,214.6,214.67,13093
2026-02-24 12:20:00,214.68,214.88,214.61,214.76,24272
2026-02-24 12:25:00,214.75,214.88,214.72,214.79,21225
2026-02-24 12:30:00,214.88,214.93,214.41,214.5,140467
2026-02-24 12:35:00,214.25,214.39,213.71,214.31,109904
2026-02-24 12:40:00,214.24,214.84,212.54,212.8,224416
2026-02-24 12:45:00,212.73,213.0,212.31,212.51,70106
2026-02-24 12:50:00,212.65,212.65,211.82,212.06,268085
2026-02-24 12:55:00,212.16,212.38,211.9,212.0,56583
2026-02-24 13:00:00,212.25,212.97,212.19,212.8,63662
2026-02-24 13:05:00,212.78,213.41,212.78,213.1,87424
2026-02-24 13:10:00,213.09,213.09,212.75,212.89,47748
2026-02-24 13:15:00,212.89,213.18,212.83,212.88,66063
2026-02-24 13:20:00,212.9,213.05,212.64,212.72,26402
2026-02-24 13:25:00,212.81,212.97,212.45,212.56,36334
2026-02-24 13:30:00,212.56,212.75,212.3,212.31,52231
2026-02-24 13:35:00,212.4,212.95,212.11,212.8,25055
2026-02-24 13:40:00,212.86,212.86,212.5,212.53,27245
2026-02-24 13:45:00,212.53,212.89,212.12,212.15,46890
2026-02-24 13:50:00,212.12,212.73,212.05,212.68,27164
2026-02-24 13:55:00,212.58,213.18,212.58,213.14,23369
2026-02-24 14:00:00,213.14,213.3,213.0,213.11,20306
2026-02-24 14:05:00,213.11,214.0,212.87,213.88,72040
2026-02-24 14:10:00,213.88,214.24,213.81,214.14,43157
2026-02-24 14:15:00,214.1,214.14,213.65,213.77,60802
2026-02-24 14:20:00,213.65,214.09,213.64,213.77,34237
2026-02-24 14:25:00,213.77,214.0,213.68,213.95,15795
2026-02-24 14:30:00,213.95,213.95,213.55,213.57,24837
2026-02-24 14:35:00,213.57,213.75,213.57,213.71,22288
2026-02-24 14:40:00,213.71,214.0,213.63,213.92,19903
2026-02-24 14:45:00,213.75,214.4,213.74,214.35,48278
2026-02-24 14:50:00,214.4,214.9,214.4,214.71,77520
2026-02-24 14:55:00,214.67,214.83,214.66,214.81,46309
2026-02-24 15:00:00,214.85,215.0,214.65,214.98,73986
2026-02-24 15:05:00,214.89,215.3,214.8,215.2,103918
2026-02-24 15:10:00,215.16,216.0,215.05,215.95,133388
2026-02-24 15:15:00,215.95,216.5,215.75,215.83,178284
2026-02-24 15:20:00,215.89,216.5,215.89,216.05,143326
2026-02-24 15:25:00,216.05,216.39,215.81,216.05,142669
2026-02-25 09:15:00,217.0,220.25,216.0,218.18,485878
2026-02-25 09:20:00,218.17,218.35,217.67,217.87,109324
2026-02-25 09:25:00,217.92,217.97,217.55,217.55,70640
2026-02-25 09:30:00,217.51,217.67,217.02,217.06,84597
2026-02-25 09:35:00,217.01,217.17,216.71,217.04,76957
2026-02-25 09:40:00,216.91,217.1,216.27,216.3,78988
2026-02-25 09:45:00,216.3,216.4,216.0,216.1,77153
2026-02-25 09:50:00,216.0,216.3,216.0,216.3,33219
2026-02-25 09:55:00,216.46,216.85,216.28,216.65,48435
2026-02-25 10:00:00,216.6,216.74,216.3,216.65,31752
2026-02-25 10:05:00,216.65,216.99,216.32,216.7,37950
2026-02-25 10:10:00,216.78,217.45,216.78,217.0,67525
2026-02-25 10:15:00,217.05,217.44,217.04,217.35,26835
2026-02-25 10:20:00,217.35,217.5,216.38,216.65,63719
2026-02-25 10:25:00,216.55,218.19,216.44,217.57,163456
2026-02-25 10:30:00,217.72,217.72,217.2,217.2,15008
2026-02-25 10:35:00,217.32,217.85,217.21,217.65,37042
2026-02-25 10:40:00,217.65,219.42,217.49,218.81,158292
2026-02-25 10:45:00,218.97,218.97,218.2,218.31,41706
2026-02-25 10:50:00,218.31,218.4,218.2,218.2,16873
2026-02-25 10:55:00,218.17,218.98,218.16,218.82,39821
2026-02-25 11:00:00,218.83,218.95,218.52,218.55,37430
2026-02-25 11:05:00,218.57,219.44,218.57,219.44,84771
2026-02-25 11:10:00,219.31,219.9,219.29,219.9,110304
2026-02-25 11:15:00,219.75,221.21,219.3,220.79,427478
2026-02-25 11:20:00,220.87,221.49,220.49,220.7,202364
2026-02-25 11:25:00,220.7,220.7,220.06,220.52,220609
2026-02-25 11:30:00,220.6,220.91,220.2,220.42,66250
2026-02-25 11:35:00,220.42,221.1,220.05,220.74,72933
2026-02-25 11:40:00,220.85,220.9,220.33,220.74,54666
2026-02-25 11:45:00,220.74,220.74,220.31,220.31,29244
2026-02-25 11:50:00,220.31,220.31,219.3,220.0,150292
2026-02-25 11:55:00,220.0,220.01,219.51,219.56,29418
2026-02-25 12:00:00,219.56,219.6,219.28,219.47,40637
2026-02-25 12:05:00,219.47,219.64,219.43,219.55,20157
2026-02-25 12:10:00,219.55,219.56,219.5,219.56,29467
2026-02-25 12:15:00,219.56,219.88,219.2,219.22,42229
2026-02-25 12:20:00,219.22,219.37,219.11,219.27,21870
2026-02-25 12:25:00,219.27,219.5,219.18,219.5,10915
2026-02-25 12:30:00,219.49,219.88,218.72,218.73,56145
2026-02-25 12:35:00,218.73,219.09,218.6,219.0,37395
2026-02-25 12:40:00,219.09,219.2,218.77,219.01,15274
2026-02-25 12:45:00,218.99,219.32,218.75,218.75,39874
2026-02-25 12:50:00,218.75,218.82,218.23,218.37,70206
2026-02-25 12:55:00,218.37,218.64,218.22,218.22,38246
2026-02-25 13:00:00,218.22,218.42,218.14,218.29,45204
2026-02-25 13:05:00,218.29,218.82,218.26,218.6,24601
2026-02-25 13:10:00,218.6,218.78,218.56,218.65,26774
2026-02-25 13:15:00,218.4,218.79,218.37,218.77,24084
2026-02-25 13:20:00,218.81,218.92,218.58,218.64,20762
2026-02-25 13:25:00,218.64,218.74,218.4,218.43,33719
2026-02-25 13:30:00,218.41,219.2,218.41,218.9,34753
2026-02-25 13:35:00,218.9,219.14,218.8,219.06,18499
2026-02-25 13:40:00,219.06,219.35,218.89,218.99,30519
2026-02-25 13:45:00,218.97,219.13,218.55,218.69,25675
2026-02-25 13:50:00,218.73,218.86,218.6,218.79,12911
2026-02-25 13:55:00,218.76,218.76,218.44,218.62,32999
2026-02-25 14:00:00,218.65,218.82,218.6,218.61,14345
2026-02-25 14:05:00,218.62,218.74,218.2,218.43,33254
2026-02-25 14:10:00,218.3,218.48,217.81,217.97,62826
2026-02-25 14:15:00,217.97,218.5,217.95,218.33,35757
2026-02-25 14:20:00,218.33,218.96,218.33,218.77,22870
2026-02-25 14:25:00,218.77,218.83,218.21,218.33,26351
2026-02-25 14:30:00,218.33,218.74,218.33,218.63,13874
2026-02-25 14:35:00,218.63,218.84,218.5,218.77,19387
2026-02-25 14:40:00,218.77,219.0,218.69,218.98,33225
2026-02-25 14:45:00,219.0,219.29,218.8,218.81,53788
2026-02-25 14:50:00,218.88,219.04,218.4,218.74,47745
2026-02-25 14:55:00,218.8,219.2,218.76,219.11,31469
2026-02-25 15:00:00,219.25,219.7,219.2,219.53,114233
2026-02-25 15:05:00,219.52,220.3,219.47,219.83,133041
2026-02-25 15:10:00,219.82,220.15,219.52,219.92,135950
2026-02-25 15:15:00,219.93,220.0,219.7,219.9,128852
2026-02-25 15:20:00,220.0,220.0,219.51,219.75,118563
2026-02-25 15:25:00,219.7,220.0,219.51,219.51,137113
2026-02-26 09:15:00,220.97,221.2,219.53,220.6,302055
2026-02-26 09:20:00,220.54,222.48,220.19,222.18,350502
2026-02-26 09:25:00,222.16,223.37,221.74,222.2,566417
2026-02-26 09:30:00,222.37,223.9,222.17,223.0,452952
2026-02-26 09:35:00,223.07,223.4,222.82,223.29,186663
2026-02-26 09:40:00,223.2,223.64,223.2,223.4,119674
2026-02-26 09:45:00,223.4,223.61,223.23,223.26,105379
2026-02-26 09:50:00,223.26,223.45,222.5,222.75,129670
2026-02-26 09:55:00,222.68,224.64,222.3,223.53,405946
2026-02-26 10:00:00,223.64,223.64,222.31,222.9,141432
2026-02-26 10:05:00,223.12,223.4,222.71,223.22,79798
2026-02-26 10:10:00,223.22,223.34,222.81,223.03,51245
2026-02-26 10:15:00,223.03,223.65,222.92,223.65,50569
2026-02-26 10:20:00,223.53,223.63,223.18,223.51,34684
2026-02-26 10:25:00,223.51,224.33,223.51,224.02,173233
2026-02-26 10:30:00,224.0,224.1,223.33,223.68,33272
2026-02-26 10:35:00,223.66,223.66,223.41,223.6,32903
2026-02-26 10:40:00,223.6,223.6,223.3,223.5,28526
2026-02-26 10:45:00,223.5,223.53,222.81,223.32,81570
2026-02-26 10:50:00,223.39,223.87,223.32,223.55,37792
2026-02-26 10:55:00,223.58,223.58,222.81,222.98,33722
2026-02-26 11:00:00,222.98,223.25,222.81,223.12,35195
2026-02-26 11:05:00,223.12,223.3,222.9,222.98,19032
2026-02-26 11:10:00,222.9,223.2,222.9,223.11,11884
2026-02-26 11:15:00,223.15,223.25,222.91,223.21,18488
2026-02-26 11:20:00,223.21,223.83,223.07,223.49,33402
2026-02-26 11:25:00,223.49,223.57,223.15,223.23,18773
2026-02-26 11:30:00,223.31,223.31,222.9,222.99,54836
2026-02-26 11:35:00,222.9,222.99,222.61,222.84,59247
2026-02-26 11:40:00,222.9,222.9,222.61,222.67,25287
2026-02-26 11:45:00,222.67,223.55,222.51,223.45,132191
2026-02-26 11:50:00,223.5,223.99,223.33,223.33,82498
2026-02-26 11:55:00,223.33,223.36,223.07,223.33,27239
2026-02-26 12:00:00,223.33,223.55,223.14,223.5,47708
2026-02-26 12:05:00,223.4,223.89,223.4,223.57,34651
2026-02-26 12:10:00,223.47,223.57,223.06,223.06,39327
2026-02-26 12:15:00,223.06,223.35,223.01,223.02,19625
2026-02-26 12:20:00,223.1,223.39,222.84,223.3,69459
2026-02-26 12:25:00,223.26,223.9,223.1,223.9,58643
2026-02-26 12:30:00,223.9,224.24,223.62,223.73,115589
2026-02-26 12:35:00,223.73,223.95,223.63,223.65,32728
2026-02-26 12:40:00,223.65,224.59,223.64,224.3,132665
2026-02-26 12:45:00,224.39,224.4,224.05,224.1,68130
2026-02-26 12:50:00,224.15,224.25,223.96,224.1,23466
2026-02-26 12:55:00,224.08,224.29,223.98,224.29,64747
2026-02-26 13:00:00,224.2,224.9,224.2,224.9,127058
2026-02-26 13:05:00,224.9,224.9,224.32,224.49,41827
2026-02-26 13:10:00,224.41,224.54,224.11,224.2,26498
2026-02-26 13:15:00,224.2,224.2,223.61,223.91,77013
2026-02-26 13:20:00,224.0,224.2,223.79,223.9,26598
2026-02-26 13:25:00,223.9,224.2,223.8,224.06,21114
2026-02-26 13:30:00,223.94,224.06,223.85,223.85,16389
2026-02-26 13:35:00,223.97,224.11,223.85,224.08,23013
2026-02-26 13:40:00,223.97,224.08,223.8,223.84,33852
2026-02-26 13:45:00,223.84,224.07,223.84,223.96,38122
2026-02-26 13:50:00,223.96,224.15,223.88,224.15,25265
2026-02-26 13:55:00,224.15,224.45,223.7,223.91,63461
2026-02-26 14:00:00,223.85,224.06,223.79,223.91,30702
2026-02-26 14:05:00,223.82,223.92,223.7,223.81,31462
2026-02-26 14:10:00,223.8,224.1,223.7,223.92,36724
2026-02-26 14:15:00,223.98,224.7,223.98,224.12,154012
2026-02-26 14:20:00,224.14,225.36,224.02,224.78,247980
2026-02-26 14:25:00,224.9,224.91,224.45,224.59,48545
2026-02-26 14:30:00,224.59,224.63,224.4,224.44,38184
2026-02-26 14:35:00,224.5,224.57,224.33,224.55,31653
2026-02-26 14:40:00,224.55,225.25,224.51,225.24,129848
2026-02-26 14:45:00,225.24,225.29,224.91,225.2,107289
2026-02-26 14:50:00,225.2,225.45,224.61,225.39,135953
2026-02-26 14:55:00,225.39,225.39,224.87,225.02,72123
2026-02-26 15:00:00,225.02,225.4,224.8,224.96,102406
2026-02-26 15:05:00,224.95,225.16,224.82,225.15,93097
2026-02-26 15:10:00,225.15,225.15,224.91,224.95,187452
2026-02-26 15:15:00,224.97,225.0,224.35,224.47,212381
2026-02-26 15:20:00,224.46,224.61,223.75,224.4,282607
2026-02-26 15:25:00,224.47,224.89,224.05,224.54,202785
2026-02-27 09:15:00,224.95,224.95,222.45,224.17,266172
2026-02-27 09:20:00,224.17,226.15,224.17,225.68,310942
2026-02-27 09:25:00,225.53,225.7,223.8,224.39,164492
2026-02-27 09:30:00,224.35,224.79,223.03,223.76,245367
2026-02-27 09:35:00,223.76,224.45,223.0,224.15,142212
2026-02-27 09:40:00,224.17,224.2,223.58,223.71,61105
2026-02-27 09:45:00,223.71,223.85,223.35,223.47,43556
2026-02-27 09:50:00,223.59,223.59,223.0,223.2,58543
2026-02-27 09:55:00,223.2,223.23,222.34,222.63,93404
2026-02-27 10:00:00,222.63,222.63,221.61,221.77,148273
2026-02-27 10:05:00,221.78,222.52,221.6,222.4,66013
2026-02-27 10:10:00,222.35,222.58,221.95,222.08,26519
2026-02-27 10:15:00,222.08,222.23,221.75,221.91,32771
2026-02-27 10:20:00,221.91,222.39,221.75,222.16,27379
2026-02-27 10:25:00,222.41,222.59,222.19,222.19,19392
2026-02-27 10:30:00,222.26,222.34,221.9,222.25,29065
2026-02-27 10:35:00,222.25,222.46,222.06,222.15,20639
2026-02-27 10:40:00,222.16,222.29,221.2,221.6,67212
2026-02-27 10:45:00,221.52,221.65,220.8,221.05,98611
2026-02-27 10:50:00,221.0,221.15,220.65,220.84,34647
2026-02-27 10:55:00,220.75,220.93,220.7,220.75,29335
2026-02-27 11:00:00,220.75,222.07,220.75,221.77,97138
2026-02-27 11:05:00,221.93,221.93,221.32,221.54,17962
2026-02-27 11:10:00,221.54,221.64,221.0,221.11,36511
2026-02-27 11:15:00,221.22,221.22,220.51,220.73,93837
2026-02-27 11:20:00,220.73,220.98,220.6,220.67,28223
2026-02-27 11:25:00,220.67,221.29,220.67,221.13,18719
2026-02-27 11:30:00,221.1,221.19,220.7,220.7,12106
2026-02-27 11:35:00,220.58,220.75,220.43,220.72,41294
2026-02-27 11:40:00,220.72,220.93,220.5,220.76,60870
2026-02-27 11:45:00,220.7,220.75,220.5,220.52,14894
2026-02-27 11:50:00,220.53,220.59,220.1,220.2,18203
2026-02-27 11:55:00,220.2,220.5,220.1,220.4,11663
2026-02-27 12:00:00,220.48,220.5,220.15,220.21,45294
2026-02-27 12:05:00,220.15,220.34,220.0,220.0,36209
2026-02-27 12:10:00,220.02,220.02,219.0,219.23,155218
2026-02-27 12:15:00,219.35,219.37,219.2,219.3,11501
2026-02-27 12:20:00,219.3,219.77,219.22,219.68,49038
2026-02-27 12:25:00,219.6,220.25,219.6,219.65,27779
2026-02-27 12:30:00,219.73,219.94,219.61,219.75,10665
2026-02-27 12:35:00,219.75,219.83,219.56,219.63,16852
2026-02-27 12:40:00,219.76,219.78,219.2,219.55,24211
2026-02-27 12:45:00,219.55,219.79,219.33,219.51,19925
2026-02-27 12:50:00,219.51,219.75,219.51,219.6,7240
2026-02-27 12:55:00,219.6,220.0,219.6,219.87,18141
2026-02-27 13:00:00,219.87,220.3,219.87,219.88,19913
2026-02-27 13:05:00,219.88,220.27,219.88,220.07,11255
2026-02-27 13:10:00,220.07,220.18,219.71,219.82,11063
2026-02-27 13:15:00,219.72,220.06,219.72,219.8,20523
2026-02-27 13:20:00,219.8,220.11,219.78,220.09,7174
2026-02-27 13:25:00,220.09,220.3,220.0,220.17,7636
2026-02-27 13:30:00,220.34,220.35,219.86,219.86,20174
2026-02-27 13:35:00,219.86,220.19,219.86,219.96,10888
2026-02-27 13:40:00,219.98,220.29,219.88,220.1,7996
2026-02-27 13:45:00,220.1,220.69,220.1,220.36,41938
2026-02-27 13:50:00,220.36,220.55,220.2,220.2,14951
2026-02-27 13:55:00,220.2,220.44,220.18,220.35,12732
2026-02-27 14:00:00,220.35,220.82,220.35,220.52,36188
2026-02-27 14:05:00,220.53,220.65,220.18,220.18,15065
2026-02-27 14:10:00,220.18,220.34,220.01,220.14,13297
2026-02-27 14:15:00,220.14,220.17,219.86,219.9,28442
2026-02-27 14:20:00,219.9,220.08,219.76,219.85,15624
2026-02-27 14:25:00,219.86,220.17,219.6,219.6,21740
2026-02-27 14:30:00,219.6,219.9,219.52,219.79,30431
2026-02-27 14:35:00,219.84,219.85,219.5,219.51,24474
2026-02-27 14:40:00,219.57,219.85,219.53,219.72,31251
2026-02-27 14:45:00,219.75,220.09,219.54,220.09,37945
2026-02-27 14:50:00,220.12,220.2,219.85,220.1,25638
2026-02-27 14:55:00,220.11,220.6,220.04,220.33,53055
2026-02-27 15:00:00,220.22,222.04,220.09,221.77,362870
2026-02-27 15:05:00,221.78,221.95,221.33,221.71,166950
2026-02-27 15:10:00,221.72,222.0,221.17,221.78,196360
2026-02-27 15:15:00,221.81,222.5,221.81,222.14,198002
2026-02-27 15:20:00,222.17,222.17,221.17,221.97,216677
2026-02-27 15:25:00,221.51,222.11,220.53,221.0,179377
2026-03-02 09:15:00,208.0,214.0,207.06,212.23,637370
2026-03-02 09:20:00,212.23,213.41,212.23,213.3,266005
2026-03-02 09:25:00,213.9,215.3,213.01,214.92,254083
2026-03-02 09:30:00,214.98,215.98,214.82,215.96,133817
2026-03-02 09:35:00,215.98,216.2,215.3,215.8,141704
2026-03-02 09:40:00,215.8,216.4,215.5,216.1,109125
2026-03-02 09:45:00,216.18,217.62,216.0,217.35,122898
2026-03-02 09:50:00,217.1,217.84,216.55,217.24,132262
2026-03-02 09:55:00,217.25,218.76,217.14,218.2,134432
2026-03-02 10:00:00,218.2,218.49,217.22,217.33,69043
2026-03-02 10:05:00,217.33,217.62,216.25,216.42,96598
2026-03-02 10:10:00,216.42,216.71,216.25,216.6,45239
2026-03-02 10:15:00,216.7,217.16,216.5,216.9,33626
2026-03-02 10:20:00,216.9,216.96,216.5,216.82,18271
2026-03-02 10:25:00,216.88,216.88,216.1,216.14,31772
2026-03-02 10:30:00,216.1,216.34,215.65,216.23,37445
2026-03-02 10:35:00,216.23,216.45,215.74,215.9,30272
2026-03-02 10:40:00,215.8,215.91,214.7,214.7,61541
2026-03-02 10:45:00,214.63,214.94,214.35,214.44,32487
2026-03-02 10:50:00,214.5,214.5,213.86,214.0,88199
2026-03-02 10:55:00,214.03,214.67,213.86,214.58,55453
2026-03-02 11:00:00,214.58,214.89,214.34,214.5,21413
2026-03-02 11:05:00,214.5,214.5,214.05,214.44,15833
2026-03-02 11:10:00,214.44,214.44,213.5,213.9,59011
2026-03-02 11:15:00,213.75,213.95,213.56,213.66,16253
2026-03-02 11:20:00,213.57,213.8,213.32,213.53,22064
2026-03-02 11:25:00,213.53,213.66,213.0,213.2,82335
2026-03-02 11:30:00,213.2,213.2,212.66,212.8,80012
2026-03-02 11:35:00,212.84,213.57,212.61,213.5,44186
2026-03-02 11:40:00,213.5,213.84,213.4,213.68,38860
2026-03-02 11:45:00,213.7,213.99,213.48,213.6,31410
2026-03-02 11:50:00,213.6,213.6,212.96,213.13,34837
2026-03-02 11:55:00,213.28,213.28,212.5,212.62,19617
2026-03-02 12:00:00,212.61,212.61,212.1,212.29,54004
2026-03-02 12:05:00,212.29,212.6,212.02,212.46,50746
2026-03-02 12:10:00,212.46,212.49,212.01,212.1,48054
2026-03-02 12:15:00,212.1,212.2,211.6,211.7,62092
2026-03-02 12:20:00,211.75,211.88,211.42,211.8,63001
2026-03-02 12:25:00,211.85,211.85,211.5,211.59,17970
2026-03-02 12:30:00,211.59,211.71,211.32,211.59,23442
2026-03-02 12:35:00,211.55,211.77,211.1,211.23,29081
2026-03-02 12:40:00,211.34,211.49,211.0,211.1,26306
2026-03-02 12:45:00,211.19,211.55,211.0,211.15,50284
2026-03-02 12:50:00,211.15,211.84,211.01,211.61,20718
2026-03-02 12:55:00,211.79,211.89,211.56,211.76,17942
2026-03-02 13:00:00,211.85,212.33,211.63,212.19,29922
2026-03-02 13:05:00,212.19,212.19,211.4,211.4,24729
2026-03-02 13:10:00,211.4,211.5,211.12,211.5,28700
2026-03-02 13:15:00,211.5,211.5,211.08,211.23,21275
2026-03-02 13:20:00,211.36,211.36,211.02,211.24,19208
2026-03-02 13:25:00,211.25,211.25,210.55,210.58,61211
2026-03-02 13:30:00,210.75,210.94,210.34,210.64,57269
2026-03-02 13:35:00,210.64,211.0,210.54,210.71,20009
2026-03-02 13:40:00,210.71,210.75,210.1,210.55,61092
2026-03-02 13:45:00,210.55,210.89,210.45,210.8,41243
2026-03-02 13:50:00,210.7,210.78,210.01,210.1,58235
2026-03-02 13:55:00,210.04,210.43,210.0,210.29,120134
2026-03-02 14:00:00,210.33,211.99,210.11,211.96,64867
2026-03-02 14:05:00,211.96,213.11,211.96,212.38,135358
2026-03-02 14:10:00,212.38,213.23,212.37,213.2,61750
2026-03-02 14:15:00,213.2,213.5,212.57,213.37,68562
2026-03-02 14:20:00,213.37,213.37,212.9,213.01,24686
2026-03-02 14:25:00,213.0,213.13,212.24,212.47,47358
2026-03-02 14:30:00,212.47,213.12,212.07,213.12,56644
2026-03-02 14:35:00,213.12,213.67,212.96,213.22,41569
2026-03-02 14:40:00,213.22,213.46,212.77,213.08,25348
2026-03-02 14:45:00,213.08,213.3,212.66,213.1,28610
2026-03-02 14:50:00,213.0,213.31,212.77,213.07,14266
2026-03-02 14:55:00,213.07,213.55,212.21,212.21,54403
2026-03-02 15:00:00,212.6,213.0,212.18,212.33,70859
2026-03-02 15:05:00,212.38,212.81,212.09,212.53,75658
2026-03-02 15:10:00,212.41,212.41,211.78,212.35,108481
2026-03-02 15:15:00,212.35,213.0,212.16,212.39,124719
2026-03-02 15:20:00,212.39,213.23,212.0,213.23,199958
2026-03-02 15:25:00,213.05,213.38,212.28,213.09,89057
2026-03-04 09:15:00,209.0,209.99,205.52,207.99,666357
2026-03-04 09:20:00,207.86,208.32,205.7,206.1,246737
2026-03-04 09:25:00,206.02,206.02,204.9,205.36,395976
2026-03-04 09:30:00,205.31,207.05,204.5,204.82,235539
2026-03-04 09:35:00,204.82,205.65,204.31,205.25,106114
2026-03-04 09:40:00,205.25,205.91,205.02,205.2,87688
2026-03-04 09:45:00,205.29,206.1,205.12,205.46,120410
2026-03-04 09:50:00,205.42,205.42,204.3,204.77,86062
2026-03-04 09:55:00,204.89,205.19,204.1,205.0,113751
2026-03-04 10:00:00,204.71,205.34,204.27,205.23,53875
2026-03-04 10:05:00,205.22,205.85,204.9,205.78,69098
2026-03-04 10:10:00,205.85,205.99,205.56,205.85,41781
2026-03-04 10:15:00,205.85,205.95,204.56,204.87,72048
2026-03-04 10:20:00,204.87,205.43,204.8,205.08,40487
2026-03-04 10:25:00,205.0,205.5,204.87,205.33,15109
2026-03-04 10:30:00,205.36,205.41,204.5,204.65,42855
2026-03-04 10:35:00,204.65,204.74,204.14,204.26,89114
2026-03-04 10:40:00,204.26,204.28,203.61,203.79,76644
2026-03-04 10:45:00,203.7,204.49,203.55,204.0,33521
2026-03-04 10:50:00,204.0,204.24,203.5,204.12,31998
2026-03-04 10:55:00,204.15,204.15,203.8,203.9,16426
2026-03-04 11:00:00,203.9,204.5,203.9,204.38,36124
2026-03-04 11:05:00,204.4,204.92,204.09,204.76,22825
2026-03-04 11:10:00,204.75,204.85,204.4,204.4,16371
2026-03-04 11:15:00,204.3,204.38,202.64,203.99,113947
2026-03-04 11:20:00,203.99,204.0,203.36,203.6,42331
2026-03-04 11:25:00,203.6,203.63,203.19,203.19,36009
2026-03-04 11:30:00,203.19,203.41,203.19,203.22,17586
2026-03-04 11:35:00,203.2,203.8,203.11,203.61,31742
2026-03-04 11:40:00,203.82,203.82,203.27,203.38,19165
2026-03-04 11:45:00,203.38,203.38,202.85,203.25,54578
2026-03-04 11:50:00,203.08,204.3,203.08,203.62,46145
2026-03-04 11:55:00,203.62,203.84,203.4,203.61,18450
2026-03-04 12:00:00,203.69,203.95,203.6,203.83,23567
2026-03-04 12:05:00,203.83,203.93,203.28,203.45,22497
2026-03-04 12:10:00,203.44,203.56,203.2,203.25,17706
2026-03-04 12:15:00,203.25,203.48,203.17,203.24,18184
2026-03-04 12:20:00,203.24,203.5,203.1,203.2,21734
2026-03-04 12:25:00,203.24,203.28,202.64,202.71,50744
2026-03-04 12:30:00,202.78,202.79,202.4,202.65,23532
2026-03-04 12:35:00,202.76,203.33,202.63,202.77,41144
2026-03-04 12:40:00,202.8,203.11,202.5,203.0,30840
2026-03-04 12:45:00,202.97,203.86,202.97,203.69,34523
2026-03-04 12:50:00,203.69,203.88,203.38,203.77,25979
2026-03-04 12:55:00,203.77,204.1,203.61,203.71,51201
2026-03-04 13:00:00,203.73,204.13,203.73,204.13,17856
2026-03-04 13:05:00,204.12,205.05,203.71,204.99,93434
2026-03-04 13:10:00,204.95,205.0,204.51,204.73,11358
2026-03-04 13:15:00,204.73,204.85,204.22,204.28,27417
2026-03-04 13:20:00,204.45,206.43,204.18,206.18,101113
2026-03-04 13:25:00,206.22,206.25,205.11,205.11,67760
2026-03-04 13:30:00,205.05,205.2,204.71,204.75,23739
2026-03-04 13:35:00,204.7,204.93,204.48,204.72,23721
2026-03-04 13:40:00,204.72,204.87,204.27,204.56,29386
2026-03-04 13:45:00,204.56,204.76,204.32,204.6,13709
2026-03-04 13:50:00,204.6,204.67,204.1,204.13,14426
2026-03-04 13:55:00,204.1,204.38,203.68,204.23,27228
2026-03-04 14:00:00,204.21,204.46,204.15,204.25,10115
2026-03-04 14:05:00,204.3,204.62,204.11,204.58,14658
2026-03-04 14:10:00,204.55,205.49,204.46,205.14,34501
2026-03-04 14:15:00,205.27,205.84,205.02,205.64,67269
2026-03-04 14:20:00,205.64,205.68,204.72,204.86,38978
2026-03-04 14:25:00,204.86,204.89,204.55,204.77,21201
2026-03-04 14:30:00,204.7,204.92,204.25,204.57,32219
2026-03-04 14:35:00,204.57,204.88,204.18,204.45,41001
2026-03-04 14:40:00,204.45,204.88,204.45,204.8,35068
2026-03-04 14:45:00,204.8,205.15,204.5,204.87,53824
2026-03-04 14:50:00,205.0,205.0,204.31,204.52,35723
2026-03-04 14:55:00,204.52,204.8,204.31,204.37,30534
2026-03-04 15:00:00,204.54,204.68,202.75,202.9,116309
2026-03-04 15:05:00,202.95,203.18,202.67,202.71,86319
2026-03-04 15:10:00,202.71,202.73,202.22,202.63,130519
2026-03-04 15:15:00,202.67,203.14,202.33,202.66,131296
2026-03-04 15:20:00,202.66,202.95,202.06,202.35,128308
2026-03-04 15:25:00,202.27,202.42,201.1,201.1,203811
2026-03-05 09:15:00,205.15,207.0,204.01,204.11,273889
2026-03-05 09:20:00,204.0,205.2,203.51,205.0,155557
2026-03-05 09:25:00,204.81,205.91,204.6,205.3,99216
2026-03-05 09:30:00,205.3,205.88,205.07,205.32,84891
2026-03-05 09:35:00,205.36,205.6,203.54,203.79,94491
2026-03-05 09:40:00,203.79,204.32,203.53,203.83,94445
2026-03-05 09:45:00,203.85,204.56,203.85,204.3,22712
2026-03-05 09:50:00,204.35,204.86,204.15,204.59,32669
2026-03-05 09:55:00,204.59,204.69,203.6,203.74,71214
2026-03-05 10:00:00,203.77,203.77,203.11,203.25,57856
2026-03-05 10:05:00,203.25,203.86,203.11,203.71,29516
2026-03-05 10:10:00,203.71,203.8,203.38,203.45,18182
2026-03-05 10:15:00,203.45,203.7,202.82,203.25,85522
2026-03-05 10:20:00,203.14,203.25,202.2,202.57,52623
2026-03-05 10:25:00,202.49,202.58,201.97,202.45,78915
2026-03-05 10:30:00,202.45,202.47,202.13,202.2,11482
2026-03-05 10:35:00,202.35,203.1,202.35,203.1,30807
2026-03-05 10:40:00,203.0,203.35,202.86,203.01,17695
2026-03-05 10:45:00,203.01,203.15,202.75,203.1,15403
2026-03-05 10:50:00,203.01,203.26,202.57,202.91,36202
2026-03-05 10:55:00,202.8,203.21,202.71,203.1,14211
2026-03-05 11:00:00,203.06,203.1,202.7,202.8,19997
2026-03-05 11:05:00,202.8,203.0,202.72,202.97,10706
2026-03-05 11:10:00,202.84,202.97,202.71,202.9,11531
2026-03-05 11:15:00,202.77,203.72,202.7,203.6,72752
2026-03-05 11:20:00,203.59,203.75,202.7,202.7,51191
2026-03-05 11:25:00,202.65,202.65,202.05,202.09,38538
2026-03-05 11:30:00,202.09,202.32,201.4,202.0,62827
2026-03-05 11:35:00,201.96,202.0,201.41,201.6,21375
2026-03-05 11:40:00,201.6,201.6,201.0,201.0,51699
2026-03-05 11:45:00,201.1,201.45,200.75,200.8,55846
2026-03-05 11:50:00,200.89,201.42,200.75,201.42,34285
2026-03-05 11:55:00,201.36,201.51,201.01,201.17,15037
2026-03-05 12:00:00,201.17,201.6,201.1,201.6,9467
2026-03-05 12:05:00,201.59,202.13,201.59,202.02,68802
2026-03-05 12:10:00,202.02,202.4,201.9,202.39,30681
2026-03-05 12:15:00,202.39,202.66,202.23,202.64,15513
2026-03-05 12:20:00,202.5,203.49,202.5,203.11,66407
2026-03-05 12:25:00,203.2,203.6,203.04,203.5,29523
2026-03-05 12:30:00,203.5,203.78,203.06,203.13,70396
2026-03-05 12:35:00,203.06,203.38,203.0,203.35,26297
2026-03-05 12:40:00,203.39,203.39,203.08,203.16,11691
2026-03-05 12:45:00,203.16,203.56,203.03,203.56,32730
2026-03-05 12:50:00,203.56,203.65,203.34,203.51,73674
2026-03-05 12:55:00,203.51,203.89,203.01,203.65,74904
2026-03-05 13:00:00,203.65,203.94,202.81,202.99,34415
2026-03-05 13:05:00,202.8,203.29,202.67,203.19,21390
2026-03-05 13:10:00,203.05,203.17,202.67,203.0,23134
2026-03-05 13:15:00,203.0,203.0,202.71,202.89,14379
2026-03-05 13:20:00,202.89,203.13,202.0,202.65,52261
2026-03-05 13:25:00,202.72,203.13,202.58,203.13,29188
2026-03-05 13:30:00,203.13,203.31,202.59,202.71,14608
2026-03-05 13:35:00,202.71,203.14,202.71,202.93,8948
2026-03-05 13:40:00,202.92,203.0,202.54,202.61,25606
2026-03-05 13:45:00,202.61,202.69,202.33,202.33,10915
2026-03-05 13:50:00,202.33,202.41,201.61,201.79,32531
2026-03-05 13:55:00,201.8,202.1,201.64,201.78,20698
2026-03-05 14:00:00,201.75,202.19,201.61,202.17,42379
2026-03-05 14:05:00,202.07,202.13,201.62,201.62,15032
2026-03-05 14:10:00,201.74,201.85,201.24,201.39,68894
2026-03-05 14:15:00,201.39,201.63,201.06,201.18,22425
2026-03-05 14:20:00,201.18,201.79,201.05,201.67,15188
2026-03-05 14:25:00,201.58,201.75,201.36,201.64,17593
2026-03-05 14:30:00,201.64,201.72,201.43,201.62,16000
2026-03-05 14:35:00,201.62,202.19,201.5,202.18,65915
2026-03-05 14:40:00,202.11,203.5,202.11,203.49,63045
2026-03-05 14:45:00,203.49,203.8,203.35,203.68,70414
2026-03-05 14:50:00,203.78,204.8,203.5,204.7,158591
2026-03-05 14:55:00,204.91,204.93,204.41,204.71,87904
2026-03-05 15:00:00,204.79,205.12,204.53,205.0,106712
2026-03-05 15:05:00,204.94,205.25,204.69,205.07,105908
2026-03-05 15:10:00,205.18,205.33,204.74,204.83,65164
2026-03-05 15:15:00,204.83,204.87,204.4,204.75,72675
2026-03-05 15:20:00,204.72,204.97,204.33,204.95,132190
2026-03-05 15:25:00,204.95,205.19,204.58,205.1,75593
2026-03-06 09:15:00,204.4,207.2,204.0,205.0,278306
2026-03-06 09:20:00,205.0,207.8,205.0,207.79,245053
2026-03-06 09:25:00,207.79,208.18,207.02,207.98,117008
2026-03-06 09:30:00,207.93,208.84,207.74,208.18,87764
2026-03-06 09:35:00,208.21,208.5,207.57,208.0,87435
2026-03-06 09:40:00,208.0,208.92,207.77,208.78,63637
2026-03-06 09:45:00,208.66,209.18,207.99,207.99,81532
2026-03-06 09:50:00,208.1,208.38,207.5,207.72,78418
2026-03-06 09:55:00,207.72,207.95,207.22,207.93,54988
2026-03-06 10:00:00,208.01,208.17,206.9,207.31,91417
2026-03-06 10:05:00,207.4,207.7,207.05,207.3,54673
2026-03-06 10:10:00,207.4,208.0,207.09,207.62,44706
2026-03-06 10:15:00,207.8,207.8,207.15,207.2,26486
2026-03-06 10:20:00,207.2,207.23,206.8,207.17,44369
2026-03-06 10:25:00,207.2,207.51,206.92,207.09,34835
2026-03-06 10:30:00,207.24,207.26,206.71,206.8,18602
2026-03-06 10:35:00,206.8,206.8,206.2,206.72,29261
2026-03-06 10:40:00,206.72,206.8,206.25,206.61,19586
2026-03-06 10:45:00,206.61,206.76,205.81,205.98,86765
2026-03-06 10:50:00,205.98,206.5,205.98,206.21,18561
2026-03-06 10:55:00,206.42,206.74,206.04,206.74,18631
2026-03-06 11:00:00,206.74,206.95,206.56,206.73,24531
2026-03-06 11:05:00,206.73,207.0,206.53,206.67,15817
2026-03-06 11:10:00,206.67,206.87,206.23,206.65,23185
2026-03-06 11:15:00,206.65,206.98,206.55,206.91,34748
2026-03-06 11:20:00,206.91,207.09,206.2,206.29,23516
2026-03-06 11:25:00,206.29,206.35,205.8,206.15,30848
2026-03-06 11:30:00,206.15,206.41,205.83,206.06,23328
2026-03-06 11:35:00,206.06,206.37,205.8,206.1,17248
2026-03-06 11:40:00,206.27,206.75,206.27,206.49,14750
2026-03-06 11:45:00,206.36,206.7,206.08,206.59,10148
2026-03-06 11:50:00,206.59,206.98,206.2,206.53,18253
2026-03-06 11:55:00,206.53,206.53,206.03,206.32,13658
2026-03-06 12:00:00,206.37,206.37,206.06,206.1,5409
2026-03-06 12:05:00,206.1,206.27,205.9,206.24,9052
2026-03-06 12:10:00,206.24,206.42,205.6,205.67,25192
2026-03-06 12:15:00,205.67,206.1,205.61,205.89,14032
2026-03-06 12:20:00,205.89,205.93,205.38,205.79,29578
2026-03-06 12:25:00,205.79,205.97,205.7,205.86,18281
2026-03-06 12:30:00,205.86,206.15,205.83,206.15,16788
2026-03-06 12:35:00,206.15,206.32,205.89,206.25,24623
2026-03-06 12:40:00,206.25,206.88,206.22,206.87,23796
2026-03-06 12:45:00,206.87,207.0,206.51,206.52,15128
2026-03-06 12:50:00,206.54,206.99,206.54,206.8,10068
2026-03-06 12:55:00,206.8,206.95,206.49,206.71,9270
2026-03-06 13:00:00,206.71,207.0,206.67,206.7,16508
2026-03-06 13:05:00,206.7,206.96,206.6,206.74,11297
2026-03-06 13:10:00,206.74,206.74,206.26,206.49,23425
2026-03-06 13:15:00,206.49,206.66,206.38,206.57,8929
2026-03-06 13:20:00,206.57,206.99,206.57,206.82,15281
2026-03-06 13:25:00,206.82,207.19,206.51,207.0,28014
2026-03-06 13:30:00,207.0,207.0,206.15,206.2,24360
2026-03-06 13:35:00,206.25,206.9,206.25,206.62,7672
2026-03-06 13:40:00,206.62,207.89,206.53,207.61,76362
2026-03-06 13:45:00,207.61,207.75,207.33,207.59,33685
2026-03-06 13:50:00,207.59,207.9,207.24,207.4,29430
2026-03-06 13:55:00,207.4,207.6,207.15,207.15,26431
2026-03-06 14:00:00,207.17,207.51,207.1,207.51,24173
2026-03-06 14:05:00,207.51,207.56,207.04,207.36,44245
2026-03-06 14:10:00,207.36,207.73,207.36,207.65,27616
2026-03-06 14:15:00,207.51,207.99,207.44,207.9,31746
2026-03-06 14:20:00,207.9,208.4,207.85,207.99,71238
2026-03-06 14:25:00,207.99,208.13,207.71,207.85,30666
2026-03-06 14:30:00,207.84,208.06,207.79,207.86,15809
2026-03-06 14:35:00,207.86,208.0,207.39,207.39,55090
2026-03-06 14:40:00,207.4,207.7,206.25,206.7,82483
2026-03-06 14:45:00,206.52,206.63,205.67,206.0,49034
2026-03-06 14:50:00,206.01,206.49,205.9,206.13,36831
2026-03-06 14:55:00,206.2,206.2,205.32,205.5,53866
2026-03-06 15:00:00,205.4,205.95,205.16,205.35,60046
2026-03-06 15:05:00,205.35,205.43,205.06,205.25,34995
2026-03-06 15:10:00,205.29,205.75,205.29,205.75,46352
2026-03-06 15:15:00,205.59,205.59,204.21,204.8,99673
2026-03-06 15:20:00,204.78,204.89,204.13,204.8,84193
2026-03-06 15:25:00,204.75,204.9,203.9,204.9,93274
2026-03-09 09:15:00,198.0,199.59,194.75,195.08,261784
2026-03-09 09:20:00,195.25,195.25,193.5,193.64,199256
2026-03-09 09:25:00,193.64,194.1,193.0,193.62,210675
2026-03-09 09:30:00,193.7,195.3,193.7,194.97,158703
2026-03-09 09:35:00,194.9,195.88,194.76,195.8,64259
2026-03-09 09:40:00,195.8,195.8,194.76,195.0,67522
2026-03-09 09:45:00,194.77,195.67,194.53,195.02,87374
2026-03-09 09:50:00,195.02,195.02,194.3,194.7,106789
2026-03-09 09:55:00,194.7,195.6,194.49,195.2,44337
2026-03-09 10:00:00,195.26,195.76,194.71,195.23,40295
2026-03-09 10:05:00,195.23,196.15,194.95,195.9,62742
2026-03-09 10:10:00,195.69,196.2,195.52,195.82,38360
2026-03-09 10:15:00,195.76,195.82,194.6,195.25,51054
2026-03-09 10:20:00,195.25,195.5,194.55,194.89,29477
2026-03-09 10:25:00,194.85,195.42,194.56,195.15,22500
2026-03-09 10:30:00,195.15,195.28,194.55,194.65,56210
2026-03-09 10:35:00,194.62,195.05,194.4,194.83,32208
2026-03-09 10:40:00,194.83,195.24,194.7,194.95,12913
2026-03-09 10:45:00,194.96,194.96,194.05,194.11,24780
2026-03-09 10:50:00,194.05,195.32,193.79,195.02,51464
2026-03-09 10:55:00,195.07,195.99,195.0,195.74,53396
2026-03-09 11:00:00,195.74,195.85,195.0,195.36,47707
2026-03-09 11:05:00,195.35,195.44,194.9,195.0,12000
2026-03-09 11:10:00,195.0,195.1,194.7,195.04,18159
2026-03-09 11:15:00,195.04,195.15,194.65,195.1,9233
2026-03-09 11:20:00,195.1,195.7,195.01,195.6,41908
2026-03-09 11:25:00,195.6,195.98,195.5,195.9,28262
2026-03-09 11:30:00,195.9,196.2,195.54,196.0,80614
2026-03-09 11:35:00,196.0,196.16,195.59,195.77,22009
2026-03-09 11:40:00,195.79,196.5,195.79,196.0,26105
2026-03-09 11:45:00,196.0,196.45,195.62,196.02,66952
2026-03-09 11:50:00,196.02,196.3,195.7,195.7,16907
2026-03-09 11:55:00,195.7,195.75,195.32,195.44,25573
2026-03-09 12:00:00,195.46,195.46,194.84,195.19,25782
2026-03-09 12:05:00,195.19,195.24,194.5,194.51,26876
2026-03-09 12:10:00,194.51,194.85,194.4,194.65,20094
2026-03-09 12:15:00,194.56,194.96,194.56,194.7,17556
2026-03-09 12:20:00,194.7,195.0,194.16,194.59,76825
2026-03-09 12:25:00,194.59,195.12,194.59,194.88,12800
2026-03-09 12:30:00,195.04,195.14,194.7,194.81,20745
2026-03-09 12:35:00,194.81,195.3,194.72,194.8,42655
2026-03-09 12:40:00,194.8,195.16,194.65,194.66,128566
2026-03-09 12:45:00,194.75,194.87,194.06,194.09,11875
2026-03-09 12:50:00,194.2,194.52,193.8,194.4,40557
2026-03-09 12:55:00,194.4,194.67,194.3,194.65,5348
2026-03-09 13:00:00,194.52,194.9,194.15,194.88,10494
2026-03-09 13:05:00,194.9,194.99,194.75,194.85,5944
2026-03-09 13:10:00,194.83,194.9,194.41,194.52,6430
2026-03-09 13:15:00,194.52,194.83,194.3,194.44,17127
2026-03-09 13:20:00,194.4,194.81,194.06,194.06,17817
2026-03-09 13:25:00,194.06,194.2,193.67,193.93,33064
2026-03-09 13:30:00,194.06,194.62,193.81,194.26,15181
2026-03-09 13:35:00,194.12,194.43,194.01,194.3,7503
2026-03-09 13:40:00,194.3,194.52,194.18,194.2,11876
2026-03-09 13:45:00,194.3,194.6,193.85,194.11,17105
2026-03-09 13:50:00,194.11,194.23,194.0,194.06,6938
2026-03-09 13:55:00,194.06,194.3,193.88,193.9,11711
2026-03-09 14:00:00,193.9,194.28,193.7,193.77,25922
2026-03-09 14:05:00,193.78,194.18,193.77,194.01,14675
2026-03-09 14:10:00,194.01,194.03,193.7,193.71,11855
2026-03-09 14:15:00,193.71,193.8,193.51,193.73,21987
2026-03-09 14:20:00,193.73,193.97,193.5,193.93,34144
2026-03-09 14:25:00,193.93,194.24,193.76,194.04,16811
2026-03-09 14:30:00,194.18,194.29,193.82,194.11,14847
2026-03-09 14:35:00,194.0,194.13,193.68,193.99,42934
2026-03-09 14:40:00,193.86,194.39,193.86,194.16,31499
2026-03-09 14:45:00,194.17,194.78,194.03,194.33,94334
2026-03-09 14:50:00,194.35,194.83,194.28,194.49,58293
2026-03-09 14:55:00,194.54,194.81,194.49,194.56,73232
2026-03-09 15:00:00,194.51,194.81,194.03,194.7,63438
2026-03-09 15:05:00,194.7,195.28,194.6,194.6,52614
2026-03-09 15:10:00,194.6,194.95,194.34,194.81,107986
2026-03-09 15:15:00,194.81,195.83,194.81,195.49,144167
2026-03-09 15:20:00,195.49,196.2,195.15,195.99,132713
2026-03-09 15:25:00,195.86,196.0,195.31,196.0,78327
2026-03-10 09:15:00,200.32,201.0,198.13,198.75,266257
2026-03-10 09:20:00,198.94,200.0,198.67,199.27,108837
2026-03-10 09:25:00,199.27,199.52,198.83,199.0,76370
2026-03-10 09:30:00,199.05,199.13,198.26,198.4,61557
2026-03-10 09:35:00,198.4,198.66,197.6,198.0,74874
2026-03-10 09:40:00,198.0,198.47,197.91,198.34,39045
2026-03-10 09:45:00,198.42,198.86,198.25,198.4,33857
2026-03-10 09:50:00,198.54,198.54,198.01,198.37,22627
2026-03-10 09:55:00,198.22,198.22,197.4,197.5,56731
2026-03-10 10:00:00,197.56,197.86,197.27,197.83,23655
2026-03-10 10:05:00,197.83,197.96,197.54,197.96,19179
2026-03-10 10:10:00,197.8,198.44,197.76,198.44,32322
2026-03-10 10:15:00,198.44,198.72,198.35,198.6,27331
2026-03-10 10:20:00,198.61,198.65,197.93,198.2,28151
2026-03-10 10:25:00,198.29,198.4,198.01,198.27,15144
2026-03-10 10:30:00,198.08,198.5,197.9,198.08,30893
2026-03-10 10:35:00,198.08,198.35,197.93,198.08,7217
2026-03-10 10:40:00,198.08,198.49,197.97,198.09,19368
2026-03-10 10:45:00,198.21,198.62,198.0,198.3,26587
2026-03-10 10:50:00,198.4,198.4,198.2,198.36,13130
2026-03-10 10:55:00,198.36,198.36,198.05,198.1,17776
2026-03-10 11:00:00,198.1,198.39,198.04,198.25,25188
2026-03-10 11:05:00,198.2,198.5,198.2,198.28,13628
2026-03-10 11:10:00,198.28,198.87,198.28,198.5,40450
2026-03-10 11:15:00,198.5,198.99,198.5,198.94,7915
2026-03-10 11:20:00,198.98,199.73,198.97,199.09,56397
2026-03-10 11:25:00,199.09,199.25,198.56,198.66,51885
2026-03-10 11:30:00,198.78,199.02,198.59,199.02,31818
2026-03-10 11:35:00,198.87,199.26,198.83,199.22,7368
2026-03-10 11:40:00,199.25,199.45,199.15,199.16,12966
2026-03-10 11:45:00,199.16,199.16,198.42,198.6,10852
2026-03-10 11:50:00,198.59,198.84,198.29,198.84,7825
2026-03-10 11:55:00,198.81,198.89,198.62,198.8,10688
2026-03-10 12:00:00,198.66,198.85,198.64,198.75,5433
2026-03-10 12:05:00,198.75,198.9,198.41,198.41,21042
2026-03-10 12:10:00,198.38,198.41,198.04,198.15,11284
2026-03-10 12:15:00,198.17,198.72,197.81,198.65,14127
2026-03-10 12:20:00,198.65,198.65,197.88,197.9,12103
2026-03-10 12:25:00,197.9,198.42,197.9,198.42,5290
2026-03-10 12:30:00,198.45,198.45,198.14,198.2,6708
2026-03-10 12:35:00,198.2,198.5,198.2,198.49,5164
2026-03-10 12:40:00,198.44,198.66,198.3,198.56,14792
2026-03-10 12:45:00,198.56,198.79,198.3,198.79,10747
2026-03-10 12:50:00,198.89,198.89,198.58,198.65,7082
2026-03-10 12:55:00,198.78,199.09,198.7,199.05,24604
2026-03-10 13:00:00,199.06,199.35,198.89,198.89,27620
2026-03-10 13:05:00,198.89,198.89,198.27,198.36,15333
2026-03-10 13:10:00,198.36,198.45,198.05,198.21,7307
2026-03-10 13:15:00,198.21,198.36,198.16,198.2,5442
2026-03-10 13:20:00,198.2,198.36,197.83,197.93,18535
2026-03-10 13:25:00,197.95,198.27,197.95,198.25,5414
2026-03-10 13:30:00,198.19,198.5,198.19,198.32,4681
2026-03-10 13:35:00,198.32,198.84,198.31,198.64,8459
2026-03-10 13:40:00,198.64,198.64,198.32,198.4,5861
2026-03-10 13:45:00,198.4,198.45,198.21,198.35,6439
2026-03-10 13:50:00,198.4,198.51,198.22,198.35,4709
2026-03-10 13:55:00,198.35,198.54,198.27,198.38,6830
2026-03-10 14:00:00,198.38,198.38,198.1,198.32,9375
2026-03-10 14:05:00,198.32,198.62,198.15,198.38,9028
2026-03-10 14:10:00,198.38,198.7,198.38,198.58,5918
2026-03-10 14:15:00,198.64,198.83,198.44,198.44,12002
2026-03-10 14:20:00,198.45,198.45,198.21,198.28,7158
2026-03-10 14:25:00,198.28,198.53,198.23,198.29,10660
2026-03-10 14:30:00,198.39,198.76,198.3,198.6,7032
2026-03-10 14:35:00,198.51,198.88,198.5,198.56,10773
2026-03-10 14:40:00,198.56,200.36,198.56,199.39,400176
2026-03-10 14:45:00,199.42,199.6,198.88,199.39,80956
2026-03-10 14:50:00,199.39,199.56,199.23,199.53,45478
2026-03-10 14:55:00,199.69,199.77,199.32,199.44,40960
2026-03-10 15:00:00,199.47,199.47,199.0,199.25,61092
2026-03-10 15:05:00,199.35,199.75,199.25,199.68,38082
2026-03-10 15:10:00,199.68,199.68,199.27,199.57,59420
2026-03-10 15:15:00,199.57,199.99,199.5,199.99,118073
2026-03-10 15:20:00,199.99,200.8,199.94,200.47,131034
2026-03-10 15:25:00,200.47,200.8,200.0,200.59,132525
2026-03-11 09:15:00,201.99,205.46,201.05,204.35,319860
2026-03-11 09:20:00,204.27,205.2,204.2,204.59,155655
2026-03-11 09:25:00,204.42,205.22,203.86,204.72,120466
2026-03-11 09:30:00,204.7,204.75,204.01,204.7,68422
2026-03-11 09:35:00,204.7,204.94,204.07,204.71,48092
2026-03-11 09:40:00,204.7,205.9,204.7,205.28,129556
2026-03-11 09:45:00,205.43,206.46,205.23,205.9,102244
2026-03-11 09:50:00,205.9,206.11,205.19,205.28,69734
2026-03-11 09:55:00,205.2,205.46,205.0,205.15,62461
2026-03-11 10:00:00,205.1,205.27,204.8,204.84,68653
2026-03-11 10:05:00,204.84,205.0,204.5,204.59,36988
2026-03-11 10:10:00,204.59,204.59,204.05,204.1,73073
2026-03-11 10:15:00,204.2,204.74,204.0,204.05,58726
2026-03-11 10:20:00,204.09,204.45,203.9,204.34,39639
2026-03-11 10:25:00,204.44,204.44,204.0,204.2,18284
2026-03-11 10:30:00,204.3,204.59,203.15,203.4,79565
2026-03-11 10:35:00,203.4,203.4,202.51,202.55,66630
2026-03-11 10:40:00,202.51,203.33,202.41,202.61,97425
2026-03-11 10:45:00,202.56,202.72,201.8,202.5,109609
2026-03-11 10:50:00,202.5,202.75,202.41,202.75,15146
2026-03-11 10:55:00,202.79,203.3,202.55,203.26,29359
2026-03-11 11:00:00,203.34,203.34,202.0,202.82,44572
2026-03-11 11:05:00,202.76,202.96,202.21,202.38,23796
2026-03-11 11:10:00,202.38,202.42,202.04,202.14,18014
2026-03-11 11:15:00,202.14,202.24,201.77,202.09,62001
2026-03-11 11:20:00,202.09,202.31,201.9,201.9,15303
2026-03-11 11:25:00,201.9,202.37,201.62,202.11,24900
2026-03-11 11:30:00,202.11,202.29,201.9,202.03,23465
2026-03-11 11:35:00,202.03,202.2,201.77,202.02,11844
2026-03-11 11:40:00,202.02,202.14,201.74,201.75,31563
2026-03-11 11:45:00,201.8,201.95,201.6,201.73,24480
2026-03-11 11:50:00,201.71,201.85,201.5,201.71,9239
2026-03-11 11:55:00,201.71,201.71,201.31,201.66,16062
2026-03-11 12:00:00,201.63,202.45,201.37,202.24,30823
2026-03-11 12:05:00,202.24,202.33,201.9,201.98,14253
2026-03-11 12:10:00,201.98,202.74,201.98,202.39,33922
2026-03-11 12:15:00,202.39,202.86,202.39,202.71,12328
2026-03-11 12:20:00,202.78,202.78,202.43,202.53,21293
2026-03-11 12:25:00,202.53,202.53,202.1,202.3,9201
2026-03-11 12:30:00,202.33,202.75,202.28,202.28,5006
2026-03-11 12:35:00,202.28,202.37,201.65,201.71,18768
2026-03-11 12:40:00,201.75,202.2,201.75,202.11,22374
2026-03-11 12:45:00,202.11,202.2,201.87,202.1,8306
2026-03-11 12:50:00,202.1,202.15,201.92,201.95,14764
2026-03-11 12:55:00,201.95,202.07,201.81,202.07,7328
2026-03-11 13:00:00,202.09,202.16,201.5,201.7,35685
2026-03-11 13:05:00,201.7,201.82,201.5,201.82,32048
2026-03-11 13:10:00,201.82,201.82,200.67,201.0,42574
2026-03-11 13:15:00,200.92,200.96,200.4,200.7,68286
2026-03-11 13:20:00,200.7,201.4,200.69,201.25,18543
2026-03-11 13:25:00,201.25,201.48,201.12,201.37,10468
2026-03-11 13:30:00,201.48,201.54,201.01,201.05,13748
2026-03-11 13:35:00,201.05,201.09,200.7,200.89,15286
2026-03-11 13:40:00,200.73,201.1,200.73,200.95,11835
2026-03-11 13:45:00,200.95,200.95,200.55,200.67,21121
2026-03-11 13:50:00,200.7,200.7,200.0,200.44,80762
2026-03-11 13:55:00,200.48,200.55,200.2,200.46,8043
2026-03-11 14:00:00,200.43,200.75,200.43,200.74,13201
2026-03-11 14:05:00,200.74,200.74,200.4,200.4,8335
2026-03-11 14:10:00,200.4,200.75,200.31,200.67,31158
2026-03-11 14:15:00,200.67,200.67,200.21,200.39,8791
2026-03-11 14:20:00,200.39,200.78,199.8,199.8,36314
2026-03-11 14:25:00,199.62,200.6,199.62,200.51,43492
2026-03-11 14:30:00,200.51,200.64,200.2,200.33,13125
2026-03-11 14:35:00,200.35,200.37,200.15,200.37,13439
2026-03-11 14:40:00,200.37,200.37,200.12,200.3,20130
2026-03-11 14:45:00,200.18,200.32,199.83,200.0,18119
2026-03-11 14:50:00,200.0,200.0,199.33,199.89,24770
2026-03-11 14:55:00,199.89,199.96,199.2,199.42,22808
2026-03-11 15:00:00,199.32,199.97,199.15,199.5,40467
2026-03-11 15:05:00,199.5,199.91,198.83,199.44,65317
2026-03-11 15:10:00,199.44,199.74,199.08,199.26,55315
2026-03-11 15:15:00,199.16,199.9,198.0,198.9,141988
2026-03-11 15:20:00,198.91,199.43,198.8,199.31,82462
2026-03-11 15:25:00,199.4,199.4,198.05,198.57,98684
2026-03-12 09:15:00,198.2,198.2,194.4,195.27,208445
2026-03-12 09:20:00,195.5,196.38,194.81,195.9,131956
2026-03-12 09:25:00,195.9,197.23,195.71,196.99,104630
2026-03-12 09:30:00,196.76,197.15,196.51,196.73,61903
2026-03-12 09:35:00,196.76,196.9,196.2,196.47,38707
2026-03-12 09:40:00,196.49,197.05,196.41,196.63,34465
2026-03-12 09:45:00,196.63,197.29,196.45,197.29,28185
2026-03-12 09:50:00,197.2,197.3,196.9,197.14,18474
2026-03-12 09:55:00,197.14,198.0,197.01,197.68,90497
2026-03-12 10:00:00,197.66,197.75,197.21,197.5,28594
2026-03-12 10:05:00,197.37,197.53,196.9,197.26,43988
2026-03-12 10:10:00,197.26,197.45,196.47,196.57,46929
2026-03-12 10:15:00,196.57,196.57,196.01,196.25,22921
2026-03-12 10:20:00,196.25,196.25,195.8,195.8,21528
2026-03-12 10:25:00,195.8,196.92,195.8,196.76,25243
2026-03-12 10:30:00,196.76,196.9,196.31,196.8,54766
2026-03-12 10:35:00,196.8,197.11,196.39,197.0,22313
2026-03-12 10:40:00,197.0,197.16,196.9,197.16,17252
2026-03-12 10:45:00,197.16,197.53,197.04,197.04,15977
2026-03-12 10:50:00,197.21,197.24,196.75,197.11,26324
2026-03-12 10:55:00,197.11,198.0,196.87,198.0,25097
2026-03-12 11:00:00,197.85,199.26,197.85,198.96,150573
2026-03-12 11:05:00,198.96,199.0,198.52,198.71,24087
2026-03-12 11:10:00,198.71,199.74,198.71,199.15,32517
2026-03-12 11:15:00,199.21,199.39,198.68,198.77,27038
2026-03-12 11:20:00,198.77,198.9,198.44,198.9,17082
2026-03-12 11:25:00,198.93,200.19,198.93,199.93,63996
2026-03-12 11:30:00,200.02,200.5,199.69,200.4,39410
2026-03-12 11:35:00,200.52,202.45,200.52,202.43,120796
2026-03-12 11:40:00,202.48,202.48,201.4,202.21,72302
2026-03-12 11:45:00,202.2,202.2,201.26,201.4,73003
2026-03-12 11:50:00,201.37,201.99,201.35,201.95,14216
2026-03-12 11:55:00,201.92,202.35,201.89,202.02,66614
2026-03-12 12:00:00,202.02,202.15,201.52,201.8,40442
2026-03-12 12:05:00,201.8,201.91,201.3,201.74,19867
2026-03-12 12:10:00,201.8,201.8,201.25,201.7,19057
2026-03-12 12:15:00,201.65,201.9,201.38,201.69,18928
2026-03-12 12:20:00,201.69,202.14,201.57,202.0,19055
2026-03-12 12:25:00,202.0,202.8,201.9,202.8,42365
2026-03-12 12:30:00,202.79,202.89,202.02,202.33,27443
2026-03-12 12:35:00,202.21,202.85,202.05,202.22,20055
2026-03-12 12:40:00,202.22,202.7,202.04,202.5,28420
2026-03-12 12:45:00,202.5,203.73,202.5,203.3,98969
2026-03-12 12:50:00,203.35,203.66,202.75,202.75,55797
2026-03-12 12:55:00,202.86,203.22,202.61,203.0,20343
2026-03-12 13:00:00,203.0,203.48,202.96,203.2,30553
2026-03-12 13:05:00,203.2,203.2,202.6,202.81,50188
2026-03-12 13:10:00,202.81,203.48,202.81,203.24,9543
2026-03-12 13:15:00,203.24,203.68,203.21,203.44,30511
2026-03-12 13:20:00,203.41,204.0,203.08,203.85,56526
2026-03-12 13:25:00,203.89,204.03,203.7,203.95,33385
2026-03-12 13:30:00,203.95,204.8,203.95,204.4,51634
2026-03-12 13:35:00,204.5,204.7,204.31,204.37,38593
2026-03-12 13:40:00,204.37,204.59,203.9,204.07,17013
2026-03-12 13:45:00,204.11,204.3,203.76,203.77,11503
2026-03-12 13:50:00,203.95,203.98,203.41,203.98,41775
2026-03-12 13:55:00,203.8,203.94,203.5,203.6,5124
2026-03-12 14:00:00,203.6,204.0,203.51,203.68,15305
2026-03-12 14:05:00,203.68,203.78,203.0,203.15,30645
2026-03-12 14:10:00,203.13,203.38,202.61,203.2,32189
2026-03-12 14:15:00,203.2,203.24,202.88,203.12,10199
2026-03-12 14:20:00,203.12,203.36,202.93,203.05,11715
2026-03-12 14:25:00,203.05,203.5,202.99,202.99,15396
2026-03-12 14:30:00,203.04,203.56,203.01,203.41,13108
2026-03-12 14:35:00,203.41,203.48,202.8,203.0,43475
2026-03-12 14:40:00,203.0,203.0,202.55,202.69,16967
2026-03-12 14:45:00,202.66,202.95,201.25,201.46,127773
2026-03-12 14:50:00,201.46,201.46,200.49,201.18,61670
2026-03-12 14:55:00,201.0,201.63,200.72,201.4,31488
2026-03-12 15:00:00,201.8,201.8,200.51,200.7,87194
2026-03-12 15:05:00,200.62,200.99,200.49,200.99,28744
2026-03-12 15:10:00,201.09,201.09,200.6,200.76,48161
2026-03-12 15:15:00,200.75,200.98,200.15,200.56,95958
2026-03-12 15:20:00,200.29,200.98,200.2,200.75,94779
2026-03-12 15:25:00,200.8,201.23,200.2,200.68,67226
2026-03-13 09:15:00,198.0,199.91,196.23,196.51,170277
2026-03-13 09:20:00,196.29,196.93,195.72,196.29,142377
2026-03-13 09:25:00,196.2,197.33,195.9,196.99,94688
2026-03-13 09:30:00,196.99,197.19,196.56,196.62,48794
2026-03-13 09:35:00,196.62,196.98,196.51,196.73,48428
2026-03-13 09:40:00,196.73,196.75,196.1,196.19,44120
2026-03-13 09:45:00,196.2,196.2,194.98,194.98,102082
2026-03-13 09:50:00,195.0,195.0,194.41,194.5,113076
2026-03-13 09:55:00,194.5,194.65,194.1,194.1,67240
2026-03-13 10:00:00,194.16,194.5,193.65,194.2,66411
2026-03-13 10:05:00,194.21,194.21,193.41,193.55,43059
2026-03-13 10:10:00,193.65,193.67,193.03,193.21,39001
2026-03-13 10:15:00,193.21,193.48,192.65,192.71,74702
2026-03-13 10:20:00,192.71,193.24,192.5,192.69,41899
2026-03-13 10:25:00,192.69,194.0,192.63,193.6,36533
2026-03-13 10:30:00,193.65,193.85,192.94,192.94,45459
2026-03-13 10:35:00,192.92,193.1,192.52,192.84,25161
2026-03-13 10:40:00,192.82,192.92,192.33,192.58,53198
2026-03-13 10:45:00,192.53,193.15,192.41,193.13,15037
2026-03-13 10:50:00,193.13,193.8,193.01,193.45,32081
2026-03-13 10:55:00,193.45,193.45,192.81,193.18,15945
2026-03-13 11:00:00,193.03,193.17,192.75,192.97,43148
2026-03-13 11:05:00,192.97,192.97,192.41,192.68,17194
2026-03-13 11:10:00,192.65,192.65,192.0,192.25,46140
2026-03-13 11:15:00,192.25,192.35,191.81,192.18,42138
2026-03-13 11:20:00,192.12,192.5,192.06,192.4,10880
2026-03-13 11:25:00,192.4,193.4,192.36,193.4,19453
2026-03-13 11:30:00,192.87,193.31,192.71,193.31,23452
2026-03-13 11:35:00,193.28,193.36,193.02,193.35,16562
2026-03-13 11:40:00,193.41,193.5,193.11,193.33,18925
2026-03-13 11:45:00,193.25,193.25,192.9,193.14,13375
2026-03-13 11:50:00,193.14,193.25,192.8,192.96,11830
2026-03-13 11:55:00,192.7,193.07,192.26,192.55,35771
2026-03-13 12:00:00,192.55,192.71,192.34,192.54,7758
2026-03-13 12:05:00,192.54,192.54,192.07,192.25,6284
2026-03-13 12:10:00,192.25,192.67,192.1,192.67,14461
2026-03-13 12:15:00,192.67,192.69,192.1,192.1,21080
2026-03-13 12:20:00,191.9,192.0,191.1,191.1,91575
2026-03-13 12:25:00,191.25,192.01,191.25,191.5,30607
2026-03-13 12:30:00,191.5,191.6,191.05,191.3,21032
2026-03-13 12:35:00,191.3,191.48,190.48,190.8,101762
2026-03-13 12:40:00,190.94,191.19,190.5,190.99,31678
2026-03-13 12:45:00,190.84,191.5,190.84,191.33,21368
2026-03-13 12:50:00,191.33,191.35,191.01,191.15,8142
2026-03-13 12:55:00,191.2,191.45,190.85,191.0,30091
2026-03-13 13:00:00,191.0,191.29,190.78,190.97,16250
2026-03-13 13:05:00,190.8,190.94,190.33,190.36,21282
2026-03-13 13:10:00,190.36,190.85,190.21,190.45,23996
2026-03-13 13:15:00,190.45,190.74,190.29,190.3,11694
2026-03-13 13:20:00,190.3,190.49,190.02,190.03,19237
2026-03-13 13:25:00,190.09,190.98,190.02,190.71,24229
2026-03-13 13:30:00,190.98,190.98,190.01,190.01,44951
2026-03-13 13:35:00,190.15,190.36,189.8,189.9,81060
2026-03-13 13:40:00,189.95,190.59,189.9,190.46,17090
2026-03-13 13:45:00,190.58,190.59,190.0,190.3,51917
2026-03-13 13:50:00,190.3,190.56,190.0,190.11,28044
2026-03-13 13:55:00,190.11,190.3,189.8,190.11,33719
2026-03-13 14:00:00,190.11,190.29,189.75,189.89,38863
2026-03-13 14:05:00,189.89,190.7,189.86,190.68,21031
2026-03-13 14:10:00,190.54,191.19,190.45,191.19,35456
2026-03-13 14:15:00,191.11,191.28,190.63,191.0,24421
2026-03-13 14:20:00,191.0,191.3,190.8,190.86,28537
2026-03-13 14:25:00,191.0,191.3,190.87,191.16,14165
2026-03-13 14:30:00,191.0,191.5,191.0,191.15,21846
2026-03-13 14:35:00,191.15,191.39,190.95,191.16,35054
2026-03-13 14:40:00,191.16,191.35,191.09,191.2,11978
2026-03-13 14:45:00,191.2,191.2,190.55,190.75,17091
2026-03-13 14:50:00,190.74,190.84,189.84,189.98,34450
2026-03-13 14:55:00,189.97,190.47,189.85,190.47,41576
2026-03-13 15:00:00,190.47,190.48,189.8,189.89,55381
2026-03-13 15:05:00,189.84,190.32,189.79,189.9,68390
2026-03-13 15:10:00,189.9,190.41,189.61,190.33,73556
2026-03-13 15:15:00,190.32,190.32,185.0,189.0,391133
2026-03-13 15:20:00,189.13,189.46,188.45,189.46,308704
2026-03-13 15:25:00,189.39,190.0,189.13,189.83,166553
2026-03-16 09:15:00,189.82,190.9,187.79,188.9,204410
2026-03-16 09:20:00,188.57,188.7,186.15,186.57,143778
2026-03-16 09:25:00,186.57,187.82,185.79,187.55,80820
2026-03-16 09:30:00,187.55,189.19,187.29,189.19,97053
2026-03-16 09:35:00,189.19,189.89,189.0,189.77,86703
2026-03-16 09:40:00,189.54,190.29,189.54,189.9,75032
2026-03-16 09:45:00,189.87,190.14,189.1,189.22,40842
2026-03-16 09:50:00,189.22,189.72,189.16,189.5,38606
2026-03-16 09:55:00,189.5,189.7,188.72,188.98,22608
2026-03-16 10:00:00,189.07,189.21,188.52,188.9,54435
2026-03-16 10:05:00,188.9,189.54,188.8,188.81,49951
2026-03-16 10:10:00,188.76,188.95,188.15,188.2,23729
2026-03-16 10:15:00,188.2,188.2,187.11,187.19,44844
2026-03-16 10:20:00,187.19,187.19,186.39,186.41,50024
2026-03-16 10:25:00,186.52,186.72,186.21,186.3,22944
2026-03-16 10:30:00,186.3,187.26,186.13,186.47,27614
2026-03-16 10:35:00,186.47,187.02,186.2,186.5,22586
2026-03-16 10:40:00,186.56,186.56,186.12,186.31,18646
2026-03-16 10:45:00,186.18,186.28,185.79,186.15,39190
2026-03-16 10:50:00,186.15,186.26,185.35,185.41,10983
2026-03-16 10:55:00,185.52,186.84,185.12,186.83,45768
2026-03-16 11:00:00,186.8,186.83,186.26,186.36,22038
2026-03-16 11:05:00,186.44,186.75,186.29,186.53,10575
2026-03-16 11:10:00,186.52,186.65,186.06,186.44,21457
2026-03-16 11:15:00,186.44,188.28,186.43,188.16,52443
2026-03-16 11:20:00,188.3,188.3,187.81,188.12,30456
2026-03-16 11:25:00,188.01,188.1,187.53,187.53,13432
2026-03-16 11:30:00,187.53,188.19,187.52,187.9,12081
2026-03-16 11:35:00,187.9,188.1,187.66,187.91,17476
2026-03-16 11:40:00,187.91,187.91,187.5,187.5,9034
2026-03-16 11:45:00,187.5,187.8,187.24,187.8,32192
2026-03-16 11:50:00,187.8,188.43,187.72,187.72,15350
2026-03-16 11:55:00,187.65,187.76,187.17,187.37,11266
2026-03-16 12:00:00,187.52,188.27,187.42,187.95,7426
2026-03-16 12:05:00,187.95,188.0,187.51,187.64,6668
2026-03-16 12:10:00,187.63,187.8,187.3,187.51,22056
2026-03-16 12:15:00,187.5,188.0,187.12,188.0,26203
2026-03-16 12:20:00,188.0,188.32,187.6,188.32,20605
2026-03-16 12:25:00,188.28,188.63,187.97,188.37,47064
2026-03-16 12:30:00,188.37,188.65,188.0,188.0,25442
2026-03-16 12:35:00,187.92,188.4,187.7,188.22,5457
2026-03-16 12:40:00,188.22,188.22,187.85,187.85,2004
2026-03-16 12:45:00,187.85,187.85,187.44,187.54,20333
2026-03-16 12:50:00,187.54,188.11,187.5,188.11,13346
2026-03-16 12:55:00,188.02,188.07,187.63,187.88,12827
2026-03-16 13:00:00,187.88,188.41,187.8,187.8,8063
2026-03-16 13:05:00,187.74,188.22,187.44,188.22,10959
2026-03-16 13:10:00,188.07,188.43,187.72,187.95,9367
2026-03-16 13:15:00,187.93,188.16,187.74,188.02,7107
2026-03-16 13:20:00,188.07,188.25,187.79,188.1,9767
2026-03-16 13:25:00,188.1,188.37,187.85,188.01,6161
2026-03-16 13:30:00,187.99,188.25,187.71,187.71,8286
2026-03-16 13:35:00,187.71,188.33,187.61,188.18,13292
2026-03-16 13:40:00,188.18,188.2,187.9,187.9,5174
2026-03-16 13:45:00,187.86,188.25,187.64,188.08,16114
2026-03-16 13:50:00,188.05,188.16,187.47,187.81,33553
2026-03-16 13:55:00,187.81,188.02,187.6,187.72,9884
2026-03-16 14:00:00,187.72,187.87,187.42,187.58,12254
2026-03-16 14:05:00,187.58,187.88,187.46,187.88,5824
2026-03-16 14:10:00,187.72,188.44,187.72,188.05,18040
2026-03-16 14:15:00,188.05,188.92,187.65,188.92,40541
2026-03-16 14:20:00,188.92,189.7,188.84,189.63,37817
2026-03-16 14:25:00,189.61,189.98,189.05,189.36,108504
2026-03-16 14:30:00,189.36,190.1,189.27,190.0,45595
2026-03-16 14:35:00,189.8,190.1,189.7,190.0,23070
2026-03-16 14:40:00,190.0,190.37,189.68,190.07,52538
2026-03-16 14:45:00,190.07,190.21,189.54,189.77,26397
2026-03-16 14:50:00,189.77,190.79,189.51,190.19,24308
2026-03-16 14:55:00,190.19,190.39,189.68,189.9,64280
2026-03-16 15:00:00,189.82,189.93,188.71,189.13,41566
2026-03-16 15:05:00,189.13,189.58,188.94,189.34,54369
2026-03-16 15:10:00,189.17,189.49,189.01,189.22,65943
2026-03-16 15:15:00,189.18,189.36,188.35,188.98,93281
2026-03-16 15:20:00,188.98,189.36,188.56,188.95,71797
2026-03-16 15:25:00,188.8,189.22,188.52,189.0,68258
2026-03-17 09:15:00,189.0,191.15,186.5,187.26,183029
2026-03-17 09:20:00,187.13,187.75,186.52,186.66,83087
2026-03-17 09:25:00,186.54,187.11,186.05,186.77,53542
2026-03-17 09:30:00,186.76,187.12,186.5,186.56,40266
2026-03-17 09:35:00,186.68,187.68,186.57,187.25,39050
2026-03-17 09:40:00,187.21,187.47,186.91,187.22,47679
2026-03-17 09:45:00,187.25,187.6,186.96,187.2,26269
2026-03-17 09:50:00,187.25,187.25,186.79,187.02,30346
2026-03-17 09:55:00,187.02,187.1,186.31,186.76,45246
2026-03-17 10:00:00,186.76,187.33,186.68,187.2,35115
2026-03-17 10:05:00,187.32,187.47,187.0,187.4,26051
2026-03-17 10:10:00,187.4,187.6,187.17,187.4,22006
2026-03-17 10:15:00,187.4,188.17,187.4,188.01,34743
2026-03-17 10:20:00,188.15,188.44,188.0,188.0,37903
2026-03-17 10:25:00,188.1,188.35,187.4,187.49,26260
2026-03-17 10:30:00,187.49,187.58,187.11,187.16,27519
2026-03-17 10:35:00,187.16,187.39,186.82,187.38,30817
2026-03-17 10:40:00,187.38,187.48,187.07,187.38,11948
2026-03-17 10:45:00,187.38,188.79,187.3,188.36,43120
2026-03-17 10:50:00,188.36,188.98,188.35,188.66,20773
2026-03-17 10:55:00,188.69,188.9,188.56,188.7,50006
2026-03-17 11:00:00,188.75,188.75,188.3,188.67,10844
2026-03-17 11:05:00,188.67,188.97,188.24,188.24,12580
2026-03-17 11:10:00,188.24,188.49,188.09,188.09,6243
2026-03-17 11:15:00,188.09,188.2,187.8,188.01,22316
2026-03-17 11:20:00,188.01,188.01,187.5,187.77,11516
2026-03-17 11:25:00,187.6,187.76,187.25,187.45,9804
2026-03-17 11:30:00,187.45,187.55,187.2,187.31,9539
2026-03-17 11:35:00,187.32,187.58,187.11,187.48,15485
2026-03-17 11:40:00,187.48,187.63,187.42,187.45,2647
2026-03-17 11:45:00,187.45,187.65,187.2,187.3,8163
2026-03-17 11:50:00,187.3,187.61,187.18,187.32,24130
2026-03-17 11:55:00,187.32,187.36,186.75,187.13,18783
2026-03-17 12:00:00,187.14,187.31,186.95,187.0,3778
2026-03-17 12:05:00,187.0,187.0,186.75,186.96,9654
2026-03-17 12:10:00,186.96,187.19,186.83,187.06,15186
2026-03-17 12:15:00,187.06,187.16,186.49,186.55,28527
2026-03-17 12:20:00,186.55,186.81,186.5,186.52,12164
2026-03-17 12:25:00,186.52,186.68,186.43,186.48,5248
2026-03-17 12:30:00,186.45,186.61,186.2,186.61,16987
2026-03-17 12:35:00,186.43,186.85,186.43,186.75,15884
2026-03-17 12:40:00,186.75,186.94,186.45,186.94,4296
2026-03-17 12:45:00,186.94,187.25,186.88,187.13,19339
2026-03-17 12:50:00,187.06,187.19,186.69,186.83,21180
2026-03-17 12:55:00,186.8,187.19,186.68,187.19,14921
2026-03-17 13:00:00,187.19,187.38,187.02,187.29,49457
2026-03-17 13:05:00,187.29,187.5,187.05,187.4,15776
2026-03-17 13:10:00,187.4,187.55,187.24,187.5,18525
2026-03-17 13:15:00,187.55,187.9,187.5,187.56,25149
2026-03-17 13:20:00,187.65,187.81,187.39,187.54,7673
2026-03-17 13:25:00,187.54,187.78,187.27,187.75,5709
2026-03-17 13:30:00,187.75,188.48,187.75,187.86,29648
2026-03-17 13:35:00,187.86,187.9,187.51,187.66,24708
2026-03-17 13:40:00,187.66,187.81,187.36,187.4,9081
2026-03-17 13:45:00,187.55,187.81,187.39,187.67,9704
2026-03-17 13:50:00,187.55,187.78,187.55,187.76,11637
2026-03-17 13:55:00,187.76,188.03,187.76,187.82,7522
2026-03-17 14:00:00,187.93,188.09,187.65,188.0,6978
2026-03-17 14:05:00,188.0,188.1,187.7,188.07,14200
2026-03-17 14:10:00,188.07,188.39,187.78,187.99,31852
2026-03-17 14:15:00,187.92,188.1,187.75,187.98,27340
2026-03-17 14:20:00,187.98,188.1,187.9,187.96,9544
2026-03-17 14:25:00,187.96,188.29,187.57,188.21,40175
2026-03-17 14:30:00,188.25,188.7,188.23,188.61,39523
2026-03-17 14:35:00,188.6,188.85,188.24,188.24,31137
2026-03-17 14:40:00,188.35,188.69,188.35,188.45,9931
2026-03-17 14:45:00,188.41,188.7,188.15,188.7,32055
2026-03-17 14:50:00,188.64,188.85,188.54,188.83,23479
2026-03-17 14:55:00,188.94,190.5,188.94,189.88,125304
2026-03-17 15:00:00,189.95,190.18,189.16,189.4,53871
2026-03-17 15:05:00,189.5,189.62,189.05,189.51,39700
2026-03-17 15:10:00,189.49,189.72,189.2,189.49,92263
2026-03-17 15:15:00,189.45,189.72,188.96,189.1,87956
2026-03-17 15:20:00,189.1,189.37,188.71,189.27,56142
2026-03-17 15:25:00,189.33,189.6,189.01,189.6,38379
2026-03-18 09:15:00,190.5,191.46,190.07,191.35,128105
2026-03-18 09:20:00,191.35,191.89,191.0,191.31,95735
2026-03-18 09:25:00,191.31,192.1,190.75,191.81,77919
2026-03-18 09:30:00,191.94,192.49,191.94,192.3,68948
2026-03-18 09:35:00,192.33,192.95,192.11,192.34,63182
2026-03-18 09:40:00,192.34,192.77,192.22,192.51,51142
2026-03-18 09:45:00,192.51,193.2,192.51,192.95,78801
2026-03-18 09:50:00,192.82,193.0,192.61,192.75,43662
2026-03-18 09:55:00,192.75,192.75,191.8,191.94,53480
2026-03-18 10:00:00,192.16,192.16,190.82,190.99,97753
2026-03-18 10:05:00,190.99,191.33,190.75,191.15,29187
2026-03-18 10:10:00,191.17,191.23,190.79,191.21,24550
2026-03-18 10:15:00,191.21,192.0,191.21,191.77,29777
2026-03-18 10:20:00,191.77,192.43,191.49,192.31,62966
2026-03-18 10:25:00,192.31,192.7,192.03,192.09,61046
2026-03-18 10:30:00,192.09,192.57,192.03,192.41,12447
2026-03-18 10:35:00,192.3,192.4,192.11,192.12,17947
2026-03-18 10:40:00,192.29,192.4,192.0,192.02,7239
2026-03-18 10:45:00,192.02,192.61,192.01,192.61,24476
2026-03-18 10:50:00,192.61,192.92,192.6,192.8,16291
2026-03-18 10:55:00,192.8,193.42,192.6,193.38,60244
2026-03-18 11:00:00,193.38,193.49,193.0,193.35,42634
2026-03-18 11:05:00,193.33,193.44,193.11,193.31,14532
2026-03-18 11:10:00,193.27,194.48,193.18,194.32,71832
2026-03-18 11:15:00,194.35,194.7,193.96,194.3,65863
2026-03-18 11:20:00,194.3,194.5,194.15,194.5,25686
2026-03-18 11:25:00,194.5,194.6,194.19,194.6,28273
2026-03-18 11:30:00,194.5,195.27,194.4,194.9,105087
2026-03-18 11:35:00,194.9,195.58,194.78,195.49,44436
2026-03-18 11:40:00,195.39,196.18,195.26,195.51,94462
2026-03-18 11:45:00,195.51,195.52,194.4,194.4,48418
2026-03-18 11:50:00,194.51,194.8,194.37,194.55,18034
2026-03-18 11:55:00,194.55,194.65,194.35,194.6,9656
2026-03-18 12:00:00,194.63,194.63,194.29,194.63,26353
2026-03-18 12:05:00,194.63,194.89,194.6,194.74,10171
2026-03-18 12:10:00,194.74,194.8,194.4,194.68,29064
2026-03-18 12:15:00,194.59,194.9,194.58,194.79,9620
2026-03-18 12:20:00,194.69,194.9,194.61,194.7,15153
2026-03-18 12:25:00,194.7,194.73,194.35,194.6,14115
2026-03-18 12:30:00,194.63,196.0,194.51,195.47,114528
2026-03-18 12:35:00,195.61,195.77,195.12,195.36,12425
2026-03-18 12:40:00,195.25,195.5,195.14,195.2,8973
2026-03-18 12:45:00,195.19,195.2,194.5,194.58,22004
2026-03-18 12:50:00,194.58,195.2,194.58,194.81,13635
2026-03-18 12:55:00,194.95,195.0,194.71,194.71,4152
2026-03-18 13:00:00,194.71,194.94,194.71,194.83,5820
2026-03-18 13:05:00,194.83,195.19,194.83,195.1,10946
2026-03-18 13:10:00,195.1,195.46,195.04,195.45,24091
2026-03-18 13:15:00,195.45,195.46,195.15,195.39,12360
2026-03-18 13:20:00,195.39,195.82,195.34,195.7,28678
2026-03-18 13:25:00,195.7,195.89,195.69,195.87,9197
2026-03-18 13:30:00,195.87,196.06,195.75,196.06,42720
2026-03-18 13:35:00,196.1,196.1,195.31,195.75,50455
2026-03-18 13:40:00,195.76,195.88,195.55,195.85,13518
2026-03-18 13:45:00,195.99,195.99,195.69,195.7,18457
2026-03-18 13:50:00,195.79,195.91,195.5,195.8,23297
2026-03-18 13:55:00,195.8,195.89,195.55,195.68,6947
2026-03-18 14:00:00,195.68,195.75,195.35,195.38,10360
2026-03-18 14:05:00,195.37,195.46,195.03,195.24,30053
2026-03-18 14:10:00,195.24,195.47,194.93,195.16,26517
2026-03-18 14:15:00,195.1,195.53,195.0,195.48,23735
2026-03-18 14:20:00,195.48,195.75,195.32,195.62,15824
2026-03-18 14:25:00,195.62,195.83,195.5,195.66,22745
2026-03-18 14:30:00,195.66,195.66,194.74,194.74,35661
2026-03-18 14:35:00,194.74,195.09,194.61,194.76,28289
2026-03-18 14:40:00,194.74,195.02,194.32,194.32,28741
2026-03-18 14:45:00,194.32,194.96,194.32,194.79,39105
2026-03-18 14:50:00,194.79,195.22,194.79,195.16,26947
2026-03-18 14:55:00,195.16,195.3,195.0,195.3,14001
2026-03-18 15:00:00,195.25,195.25,194.58,194.94,23958
2026-03-18 15:05:00,194.95,195.08,194.71,194.9,33043
2026-03-18 15:10:00,194.92,194.99,194.67,194.73,63303
2026-03-18 15:15:00,194.72,194.8,194.42,194.48,66743
2026-03-18 15:20:00,194.45,194.7,194.13,194.7,51431
2026-03-18 15:25:00,194.75,194.75,193.9,194.6,79435
2026-03-19 09:15:00,189.3,191.65,189.3,191.33,139916
2026-03-19 09:20:00,191.33,192.44,190.37,192.3,66042
2026-03-19 09:25:00,192.45,192.7,192.0,192.11,55215
2026-03-19 09:30:00,192.26,192.74,191.97,192.52,32341
2026-03-19 09:35:00,192.24,192.5,191.86,192.0,26783
2026-03-19 09:40:00,192.0,192.25,191.5,191.63,24319
2026-03-19 09:45:00,191.63,191.73,190.96,191.12,20568
2026-03-19 09:50:00,191.12,191.29,190.85,190.86,47189
2026-03-19 09:55:00,190.86,190.99,190.6,190.91,16980
2026-03-19 10:00:00,190.91,191.28,190.81,191.2,12192
2026-03-19 10:05:00,191.2,191.33,191.05,191.31,7556
2026-03-19 10:10:00,191.29,191.41,191.1,191.21,15357
2026-03-19 10:15:00,190.95,191.02,190.31,190.4,32460
2026-03-19 10:20:00,190.32,190.7,190.26,190.5,20568
2026-03-19 10:25:00,190.5,191.14,190.5,190.88,6232
2026-03-19 10:30:00,190.88,191.5,190.85,191.48,11764
2026-03-19 10:35:00,191.48,191.64,191.12,191.58,46955
2026-03-19 10:40:00,191.58,191.72,191.28,191.46,35076
2026-03-19 10:45:00,191.46,191.46,191.01,191.01,13258
2026-03-19 10:50:00,191.0,191.5,190.9,191.33,25045
2026-03-19 10:55:00,191.33,191.57,191.27,191.37,3454
2026-03-19 11:00:00,191.36,191.36,190.81,190.81,7072
2026-03-19 11:05:00,190.81,191.9,190.65,191.39,25632
2026-03-19 11:10:00,191.39,191.39,190.82,191.11,13600
2026-03-19 11:15:00,191.14,191.16,190.6,190.83,17975
2026-03-19 11:20:00,190.83,191.05,190.4,191.04,29748
2026-03-19 11:25:00,190.9,191.88,190.74,191.13,39888
2026-03-19 11:30:00,191.13,191.26,190.91,191.21,17516
2026-03-19 11:35:00,191.21,191.51,191.2,191.44,15593
2026-03-19 11:40:00,191.45,191.5,191.26,191.37,15171
2026-03-19 11:45:00,191.23,191.44,191.11,191.27,3489
2026-03-19 11:50:00,191.27,191.38,191.12,191.32,4320
2026-03-19 11:55:00,191.2,191.2,190.8,190.95,11395
2026-03-19 12:00:00,190.95,190.98,190.75,190.9,7345
2026-03-19 12:05:00,190.9,191.16,190.83,191.0,6143
2026-03-19 12:10:00,191.0,191.5,190.96,191.5,7028
2026-03-19 12:15:00,191.5,191.69,191.32,191.58,14652
2026-03-19 12:20:00,191.58,191.58,191.0,191.0,14004
2026-03-19 12:25:00,191.0,191.0,190.68,190.96,20770
2026-03-19 12:30:00,190.99,191.24,190.83,191.16,5285
2026-03-19 12:35:00,191.16,191.16,190.9,191.0,9115
2026-03-19 12:40:00,191.0,191.09,190.77,190.92,9760
2026-03-19 12:45:00,190.92,191.24,190.84,191.17,7084
2026-03-19 12:50:00,191.17,191.33,191.04,191.33,2435
2026-03-19 12:55:00,191.33,191.39,191.06,191.17,4292
2026-03-19 13:00:00,191.06,191.06,190.65,190.65,9366
2026-03-19 13:05:00,190.65,190.8,190.61,190.62,5581
2026-03-19 13:10:00,190.7,190.84,190.25,190.25,22760
2026-03-19 13:15:00,190.25,190.48,190.15,190.4,30855
2026-03-19 13:20:00,190.4,190.4,190.2,190.2,1790
2026-03-19 13:25:00,190.2,190.3,190.0,190.17,13626
2026-03-19 13:30:00,190.17,190.39,190.15,190.26,10487
2026-03-19 13:35:00,190.26,190.32,190.04,190.12,4304
2026-03-19 13:40:00,190.12,190.69,190.12,190.45,11956
2026-03-19 13:45:00,190.48,190.71,190.4,190.47,7427
2026-03-19 13:50:00,190.48,190.5,190.16,190.25,29337
2026-03-19 13:55:00,190.25,190.39,190.11,190.12,3772
2026-03-19 14:00:00,190.2,190.3,189.72,189.9,48686
2026-03-19 14:05:00,189.9,189.9,189.1,189.23,20784
2026-03-19 14:10:00,189.22,189.23,188.95,189.0,21911
2026-03-19 14:15:00,189.0,189.46,189.0,189.38,8707
2026-03-19 14:20:00,189.38,189.89,189.21,189.28,23964
2026-03-19 14:25:00,189.49,189.49,189.23,189.33,9459
2026-03-19 14:30:00,189.33,189.44,189.0,189.25,32376
2026-03-19 14:35:00,189.3,189.3,188.41,188.41,27418
2026-03-19 14:40:00,188.41,188.99,188.41,188.99,28209
2026-03-19 14:45:00,188.99,189.0,187.62,187.95,56023
2026-03-19 14:50:00,187.95,188.22,187.4,187.67,41896
2026-03-19 14:55:00,187.67,187.95,187.28,187.46,24682
2026-03-19 15:00:00,187.46,187.85,187.15,187.78,22807
2026-03-19 15:05:00,187.72,188.0,187.54,187.73,15804
2026-03-19 15:10:00,187.73,188.2,187.63,187.92,70256
2026-03-19 15:15:00,187.87,188.13,186.82,187.85,130280
2026-03-19 15:20:00,187.85,188.21,187.52,188.11,54115
2026-03-19 15:25:00,188.1,188.35,187.15,188.35,79696
2026-03-20 09:15:00,190.56,192.89,190.04,192.76,143376
2026-03-20 09:20:00,192.76,193.9,192.5,193.9,132361
2026-03-20 09:25:00,193.9,196.32,193.75,196.2,266474
2026-03-20 09:30:00,196.2,196.97,195.61,195.79,109687
2026-03-20 09:35:00,195.91,196.1,194.63,194.79,102601
2026-03-20 09:40:00,194.85,195.3,194.72,194.91,67372
2026-03-20 09:45:00,194.88,195.18,194.77,194.85,29926
2026-03-20 09:50:00,194.82,195.33,194.71,195.25,48809
2026-03-20 09:55:00,195.21,195.48,194.8,195.33,42390
2026-03-20 10:00:00,195.22,195.36,194.46,194.51,21645
2026-03-20 10:05:00,194.51,194.79,193.87,194.11,58716
2026-03-20 10:10:00,194.26,194.4,194.05,194.05,19630
2026-03-20 10:15:00,194.05,194.08,193.17,193.26,38474
2026-03-20 10:20:00,193.26,193.57,193.0,193.46,57607
2026-03-20 10:25:00,193.46,194.0,193.46,193.76,23220
2026-03-20 10:30:00,193.72,193.97,193.42,193.6,28489
2026-03-20 10:35:00,193.6,193.8,193.26,193.33,7381
2026-03-20 10:40:00,193.33,193.55,193.1,193.2,10102
2026-03-20 10:45:00,193.2,193.92,192.86,193.3,44859
2026-03-20 10:50:00,193.24,193.59,193.23,193.45,11663
2026-03-20 10:55:00,193.43,193.45,192.81,193.2,23536
2026-03-20 11:00:00,193.01,193.22,192.5,192.51,23443
2026-03-20 11:05:00,192.5,192.85,192.45,192.68,8588
2026-03-20 11:10:00,192.76,192.89,192.41,192.8,12575
2026-03-20 11:15:00,192.8,193.26,192.75,193.23,11724
2026-03-20 11:20:00,193.23,193.95,193.15,193.8,17610
2026-03-20 11:25:00,193.86,193.96,193.35,193.66,16918
2026-03-20 11:30:00,193.75,194.31,193.71,193.75,12877
2026-03-20 11:35:00,193.75,193.99,193.62,193.62,6686
2026-03-20 11:40:00,193.62,193.62,193.08,193.19,7177
2026-03-20 11:45:00,193.19,193.4,193.08,193.4,9597
2026-03-20 11:50:00,193.4,193.4,192.83,192.83,22312
2026-03-20 11:55:00,192.99,192.99,192.66,192.92,9189
2026-03-20 12:00:00,193.05,193.34,192.27,192.4,85098
2026-03-20 12:05:00,192.37,192.57,191.73,191.9,26233
2026-03-20 12:10:00,191.9,192.39,191.9,192.09,13018
2026-03-20 12:15:00,192.11,192.22,191.51,191.59,17276
2026-03-20 12:20:00,191.59,191.93,191.31,191.35,15993
2026-03-20 12:25:00,191.35,191.45,191.11,191.36,19498
2026-03-20 12:30:00,191.36,191.99,191.06,191.5,14203
2026-03-20 12:35:00,191.65,192.0,191.44,191.78,15026
2026-03-20 12:40:00,191.78,191.96,191.7,191.96,4461
2026-03-20 12:45:00,191.96,192.0,191.88,191.94,10299
2026-03-20 12:50:00,191.91,192.3,191.82,192.3,22933
2026-03-20 12:55:00,192.26,192.26,191.76,191.77,10899
2026-03-20 13:00:00,191.77,191.88,191.41,191.71,14612
2026-03-20 13:05:00,191.71,191.87,191.61,191.65,3823
2026-03-20 13:10:00,191.79,192.2,191.61,192.06,19448
2026-03-20 13:15:00,192.0,192.39,191.85,191.85,10858
2026-03-20 13:20:00,191.85,192.0,191.62,191.86,17897
2026-03-20 13:25:00,191.86,192.19,191.85,191.9,4729
2026-03-20 13:30:00,191.9,192.04,191.7,191.98,4874
2026-03-20 13:35:00,191.85,192.2,191.74,192.2,5763
2026-03-20 13:40:00,192.2,192.2,191.75,191.76,7374
2026-03-20 13:45:00,191.63,191.82,191.56,191.66,12344
2026-03-20 13:50:00,191.66,191.7,191.32,191.53,16882
2026-03-20 13:55:00,191.53,191.83,191.4,191.4,17268
2026-03-20 14:00:00,191.43,191.55,191.2,191.42,18536
2026-03-20 14:05:00,191.42,191.73,191.21,191.25,5462
2026-03-20 14:10:00,191.25,191.37,191.0,191.0,10896
2026-03-20 14:15:00,191.0,191.17,190.75,190.95,21791
2026-03-20 14:20:00,191.11,191.11,190.72,190.85,10000
2026-03-20 14:25:00,190.72,191.12,190.72,190.9,16086
2026-03-20 14:30:00,190.9,191.35,190.85,191.35,26931
2026-03-20 14:35:00,191.35,191.69,191.01,191.51,19864
2026-03-20 14:40:00,191.51,191.69,191.25,191.49,35881
2026-03-20 14:45:00,191.23,191.52,191.01,191.39,31497
2026-03-20 14:50:00,191.31,191.5,191.02,191.24,48414
2026-03-20 14:55:00,191.31,191.31,190.79,191.18,32255
2026-03-20 15:00:00,191.23,192.32,191.12,191.78,107718
2026-03-20 15:05:00,191.78,192.0,191.64,191.94,74561
2026-03-20 15:10:00,191.94,191.94,191.56,191.64,101935
2026-03-20 15:15:00,191.64,191.68,191.05,191.28,78151
2026-03-20 15:20:00,191.45,191.89,191.04,191.75,99801
2026-03-20 15:25:00,191.85,191.95,191.44,191.51,94884
2026-03-23 09:15:00,188.0,189.8,187.4,188.79,250670
2026-03-23 09:20:00,188.66,189.81,188.22,188.41,91161
2026-03-23 09:25:00,188.41,189.0,188.16,188.3,57143
2026-03-23 09:30:00,188.28,189.52,188.1,189.05,93962
2026-03-23 09:35:00,189.04,189.04,186.51,186.55,65338
2026-03-23 09:40:00,186.55,186.78,185.9,186.24,58358
2026-03-23 09:45:00,186.09,186.23,185.25,185.42,40034
2026-03-23 09:50:00,185.42,185.55,184.41,184.54,73568
2026-03-23 09:55:00,184.54,184.8,184.2,184.32,40766
2026-03-23 10:00:00,184.32,184.43,183.33,183.5,60316
2026-03-23 10:05:00,183.42,184.18,183.42,183.73,52697
2026-03-23 10:10:00,183.69,183.89,183.25,183.42,29617
2026-03-23 10:15:00,183.3,183.3,182.7,182.7,63585
2026-03-23 10:20:00,182.82,182.96,182.4,182.46,21603
2026-03-23 10:25:00,182.61,182.61,181.81,182.17,67921
2026-03-23 10:30:00,182.1,182.28,181.85,181.99,32758
2026-03-23 10:35:00,181.99,183.19,181.8,182.3,46693
2026-03-23 10:40:00,182.3,182.46,182.1,182.29,22378
2026-03-23 10:45:00,182.12,182.52,182.1,182.5,29360
2026-03-23 10:50:00,182.5,182.5,181.35,181.67,52719
2026-03-23 10:55:00,181.67,182.04,181.46,181.57,38398
2026-03-23 11:00:00,181.57,181.76,181.13,181.76,33240
2026-03-23 11:05:00,181.76,182.75,181.52,182.0,53853
2026-03-23 11:10:00,182.0,182.0,181.63,181.98,11646
2026-03-23 11:15:00,181.98,181.98,181.52,181.54,28035
2026-03-23 11:20:00,181.54,182.2,181.54,181.84,34391
2026-03-23 11:25:00,181.8,182.08,181.56,181.9,7457
2026-03-23 11:30:00,181.9,182.27,181.5,181.6,38208
2026-03-23 11:35:00,181.6,181.73,181.4,181.73,17473
2026-03-23 11:40:00,181.73,181.99,181.52,181.59,13420
2026-03-23 11:45:00,181.59,181.78,181.54,181.69,9223
2026-03-23 11:50:00,181.88,182.39,181.61,181.68,24285
2026-03-23 11:55:00,181.6,181.65,181.36,181.5,33782
2026-03-23 12:00:00,181.6,181.71,181.36,181.5,16029
2026-03-23 12:05:00,181.5,181.73,181.49,181.72,5451
2026-03-23 12:10:00,181.72,181.99,181.45,181.5,16309
2026-03-23 12:15:00,181.39,181.72,180.7,180.73,54424
2026-03-23 12:20:00,180.86,181.65,180.65,180.65,26276
2026-03-23 12:25:00,180.65,181.25,180.47,181.17,24460
2026-03-23 12:30:00,181.25,181.5,180.9,181.15,36874
2026-03-23 12:35:00,181.05,181.54,180.91,181.18,51112
2026-03-23 12:40:00,181.18,181.26,180.9,181.22,10131
2026-03-23 12:45:00,181.22,181.87,180.9,181.21,31958
2026-03-23 12:50:00,181.21,181.21,180.84,180.95,10978
2026-03-23 12:55:00,180.95,180.95,179.55,179.89,133254
2026-03-23 13:00:00,179.89,179.91,179.35,179.67,33153
2026-03-23 13:05:00,179.67,180.23,179.6,179.82,32765
2026-03-23 13:10:00,179.82,179.99,179.01,179.96,69647
2026-03-23 13:15:00,179.85,180.79,179.85,180.44,53984
2026-03-23 13:20:00,180.42,180.67,180.07,180.39,15624
2026-03-23 13:25:00,180.37,180.52,180.0,180.22,9091
2026-03-23 13:30:00,180.22,180.77,180.05,180.72,10500
2026-03-23 13:35:00,180.72,180.9,180.7,180.8,7097
2026-03-23 13:40:00,180.8,181.08,180.5,180.9,18916
2026-03-23 13:45:00,180.9,181.41,180.9,181.4,7208
2026-03-23 13:50:00,181.41,181.7,181.13,181.44,51519
2026-03-23 13:55:00,181.44,183.2,181.41,182.6,51690
2026-03-23 14:00:00,182.6,182.6,181.93,182.24,26859
2026-03-23 14:05:00,182.14,182.89,181.72,182.89,50602
2026-03-23 14:10:00,182.81,182.81,182.31,182.34,15404
2026-03-23 14:15:00,182.34,182.81,182.34,182.7,16636
2026-03-23 14:20:00,182.8,183.21,182.65,182.66,30596
2026-03-23 14:25:00,182.64,182.68,182.14,182.14,13064
2026-03-23 14:30:00,182.25,182.25,181.52,181.61,19825
2026-03-23 14:35:00,181.61,182.13,181.59,181.88,20524
2026-03-23 14:40:00,181.88,182.11,181.7,181.94,25670
2026-03-23 14:45:00,181.94,182.29,181.8,182.24,14752
2026-03-23 14:50:00,182.29,182.45,182.15,182.15,15187
2026-03-23 14:55:00,182.2,182.38,181.7,182.18,66402
2026-03-23 15:00:00,182.17,182.17,180.86,181.03,64018
2026-03-23 15:05:00,181.03,181.77,181.03,181.36,65240
2026-03-23 15:10:00,181.41,182.25,181.36,182.0,109780
2026-03-23 15:15:00,181.99,182.06,181.27,181.53,56818
2026-03-23 15:20:00,181.52,181.55,180.65,180.95,79973
2026-03-23 15:25:00,180.94,181.22,180.1,180.5,73844
2026-03-24 09:15:00,188.0,188.0,184.24,185.4,195429
2026-03-24 09:20:00,185.48,185.57,184.2,185.57,96167
2026-03-24 09:25:00,185.57,186.9,185.57,186.9,91163
2026-03-24 09:30:00,186.66,186.84,186.14,186.48,40382
2026-03-24 09:35:00,186.4,186.7,185.81,186.02,44979
2026-03-24 09:40:00,185.95,186.39,185.55,185.62,29848
2026-03-24 09:45:00,185.69,185.83,184.7,185.15,32380
2026-03-24 09:50:00,185.0,185.95,184.93,185.95,48837
2026-03-24 09:55:00,185.86,186.5,185.7,186.06,21648
2026-03-24 10:00:00,186.02,186.02,184.93,184.93,18838
2026-03-24 10:05:00,184.9,185.2,184.81,184.81,17778
2026-03-24 10:10:00,184.89,185.1,184.31,184.54,34419
2026-03-24 10:15:00,184.54,185.0,184.38,184.62,18984
2026-03-24 10:20:00,184.53,184.66,184.27,184.55,15642
2026-03-24 10:25:00,184.68,184.88,184.11,184.35,19171
2026-03-24 10:30:00,184.35,184.35,183.5,183.62,63393
2026-03-24 10:35:00,183.36,183.69,183.1,183.43,54277
2026-03-24 10:40:00,183.38,184.12,183.21,183.66,22715
2026-03-24 10:45:00,183.66,184.28,183.24,183.81,22717
2026-03-24 10:50:00,183.81,184.1,183.57,183.79,7962
2026-03-24 10:55:00,183.79,184.05,183.54,183.65,11901
2026-03-24 11:00:00,183.6,184.05,183.6,184.05,8420
2026-03-24 11:05:00,184.05,184.5,183.91,184.5,24711
2026-03-24 11:10:00,184.5,184.7,184.18,184.26,16045
2026-03-24 11:15:00,184.26,185.4,184.26,185.02,28533
2026-03-24 11:20:00,185.02,185.47,184.2,184.2,10215
2026-03-24 11:25:00,184.2,184.64,184.12,184.31,4808
2026-03-24 11:30:00,184.31,185.05,184.31,185.05,7696
2026-03-24 11:35:00,185.05,185.61,184.92,185.03,16204
2026-03-24 11:40:00,184.98,185.15,184.74,185.0,9210
2026-03-24 11:45:00,185.0,185.6,185.0,185.34,14894
2026-03-24 11:50:00,185.34,185.73,185.3,185.64,14980
2026-03-24 11:55:00,185.73,186.27,185.64,185.89,18526
2026-03-24 12:00:00,185.9,186.0,185.75,185.95,17434
2026-03-24 12:05:00,185.95,185.95,185.3,185.45,16774
2026-03-24 12:10:00,185.45,185.95,185.37,185.37,10308
2026-03-24 12:15:00,185.37,185.61,185.32,185.45,6283
2026-03-24 12:20:00,185.45,187.33,185.31,187.13,35350
2026-03-24 12:25:00,187.11,187.24,185.95,186.47,31028
2026-03-24 12:30:00,186.46,186.91,186.31,186.74,15829
2026-03-24 12:35:00,186.91,187.3,186.8,187.11,29566
2026-03-24 12:40:00,187.11,187.8,187.01,187.21,26775
2026-03-24 12:45:00,187.22,187.8,187.17,187.51,21423
2026-03-24 12:50:00,187.51,187.8,187.51,187.6,28743
2026-03-24 12:55:00,187.6,188.26,187.32,188.1,70515
2026-03-24 13:00:00,188.19,188.25,187.68,187.68,20174
2026-03-24 13:05:00,187.83,188.3,187.27,188.21,49876
2026-03-24 13:10:00,188.2,188.65,188.2,188.35,35695
2026-03-24 13:15:00,188.49,188.49,187.99,188.14,16009
2026-03-24 13:20:00,188.1,188.6,187.84,188.38,31030
2026-03-24 13:25:00,188.29,188.72,188.09,188.61,20422
2026-03-24 13:30:00,188.62,188.7,188.39,188.52,8288
2026-03-24 13:35:00,188.52,189.0,188.33,188.43,42366
2026-03-24 13:40:00,188.42,188.62,188.23,188.41,26697
2026-03-24 13:45:00,188.41,188.71,187.24,187.46,50921
2026-03-24 13:50:00,187.45,187.9,187.44,187.65,32183
2026-03-24 13:55:00,187.65,187.87,187.35,187.48,13112
2026-03-24 14:00:00,187.47,187.87,187.47,187.67,5479
2026-03-24 14:05:00,187.67,187.99,187.6,187.71,11300
2026-03-24 14:10:00,187.71,187.83,187.67,187.83,3758
2026-03-24 14:15:00,188.09,188.39,187.91,187.97,16154
2026-03-24 14:20:00,187.91,188.06,187.6,187.77,7559
2026-03-24 14:25:00,187.77,187.87,187.56,187.82,3524
2026-03-24 14:30:00,187.82,188.0,187.66,187.84,9766
2026-03-24 14:35:00,187.74,187.85,187.11,187.15,18455
2026-03-24 14:40:00,187.19,187.8,187.0,187.5,27400
2026-03-24 14:45:00,187.5,187.72,187.27,187.47,18976
2026-03-24 14:50:00,187.62,187.78,187.62,187.77,9879
2026-03-24 14:55:00,187.77,188.3,187.65,188.2,17314
2026-03-24 15:00:00,188.04,188.1,187.1,187.33,25223
2026-03-24 15:05:00,187.33,187.72,187.12,187.64,22742
2026-03-24 15:10:00,187.64,187.97,187.21,187.43,93496
2026-03-24 15:15:00,187.43,187.58,186.87,187.58,63535
2026-03-24 15:20:00,187.5,187.8,187.28,187.5,76417
2026-03-24 15:25:00,187.5,187.7,187.11,187.31,44515
2026-03-25 09:15:00,191.0,194.45,190.41,193.5,293633
2026-03-25 09:20:00,193.5,194.7,193.5,193.61,118549
2026-03-25 09:25:00,193.5,193.88,193.16,193.35,64877
2026-03-25 09:30:00,193.43,193.9,193.1,193.78,37398
2026-03-25 09:35:00,193.8,193.95,192.7,193.15,56408
2026-03-25 09:40:00,193.17,194.2,192.74,194.04,47242
2026-03-25 09:45:00,193.94,194.89,193.94,194.49,70901
2026-03-25 09:50:00,194.58,195.3,194.37,194.81,66419
2026-03-25 09:55:00,194.92,195.69,194.85,194.88,106726
2026-03-25 10:00:00,194.88,195.0,194.39,194.67,22092
2026-03-25 10:05:00,194.67,195.35,194.62,195.35,51318
2026-03-25 10:10:00,195.37,195.98,195.3,195.71,90442
2026-03-25 10:15:00,195.73,195.73,195.3,195.39,30654
2026-03-25 10:20:00,195.41,195.7,194.76,194.76,87196
2026-03-25 10:25:00,194.76,195.5,194.76,195.38,18298
2026-03-25 10:30:00,195.39,196.45,195.39,196.04,70728
2026-03-25 10:35:00,196.04,197.19,195.97,197.0,149260
2026-03-25 10:40:00,197.0,197.2,196.81,197.04,37508
2026-03-25 10:45:00,196.95,197.31,196.65,196.78,104099
2026-03-25 10:50:00,196.78,196.99,196.25,196.35,23188
2026-03-25 10:55:00,196.35,196.46,195.81,195.98,38720
2026-03-25 11:00:00,195.98,196.43,195.9,196.16,19517
2026-03-25 11:05:00,196.16,196.51,195.88,196.09,32885
2026-03-25 11:10:00,196.09,196.25,196.0,196.0,17850
2026-03-25 11:15:00,196.13,196.14,195.92,195.94,38216
2026-03-25 11:20:00,196.0,196.3,196.0,196.1,21883
2026-03-25 11:25:00,196.0,196.4,195.59,196.26,49859
2026-03-25 11:30:00,196.26,196.3,196.07,196.07,12360
2026-03-25 11:35:00,196.2,196.3,195.31,195.44,27833
2026-03-25 11:40:00,195.44,195.6,195.33,195.58,15618
2026-03-25 11:45:00,195.5,196.21,195.5,195.98,16865
2026-03-25 11:50:00,196.1,196.13,195.95,196.09,7529
2026-03-25 11:55:00,196.09,196.2,195.93,196.08,14347
2026-03-25 12:00:00,196.1,196.17,196.0,196.12,20466
2026-03-25 12:05:00,196.12,196.12,195.9,195.9,5073
2026-03-25 12:10:00,195.9,196.29,195.9,196.2,20845
2026-03-25 12:15:00,196.14,196.3,195.9,196.3,12002
2026-03-25 12:20:00,196.12,196.18,196.0,196.0,13417
2026-03-25 12:25:00,196.0,196.08,195.87,195.87,6215
2026-03-25 12:30:00,195.89,196.15,195.81,195.84,10198
2026-03-25 12:35:00,195.84,196.1,195.81,196.09,5715
2026-03-25 12:40:00,196.09,196.1,195.79,195.96,17237
2026-03-25 12:45:00,195.92,196.06,195.56,195.71,214161
2026-03-25 12:50:00,195.71,195.71,195.46,195.46,200591
2026-03-25 12:55:00,195.46,195.54,195.15,195.3,75176
2026-03-25 13:00:00,195.3,196.47,195.3,196.08,53386
2026-03-25 13:05:00,196.08,196.59,196.0,196.32,64965
2026-03-25 13:10:00,196.35,196.35,195.98,196.14,65439
2026-03-25 13:15:00,196.15,196.15,195.9,195.95,27932
2026-03-25 13:20:00,195.96,196.02,195.61,195.87,42349
2026-03-25 13:25:00,195.87,196.52,195.84,196.11,49597
2026-03-25 13:30:00,196.14,196.19,195.98,196.06,35312
2026-03-25 13:35:00,196.06,196.34,196.03,196.23,11319
2026-03-25 13:40:00,196.23,196.36,196.11,196.35,9451
2026-03-25 13:45:00,196.3,196.45,196.25,196.4,7364
2026-03-25 13:50:00,196.4,196.61,196.22,196.25,8511
2026-03-25 13:55:00,196.25,196.33,196.07,196.15,11072
2026-03-25 14:00:00,196.2,196.5,196.05,196.05,9456
2026-03-25 14:05:00,196.04,196.18,195.63,195.63,21885
2026-03-25 14:10:00,195.74,195.85,195.35,195.4,36439
2026-03-25 14:15:00,195.4,196.14,195.38,196.0,36164
2026-03-25 14:20:00,196.0,196.29,195.93,195.93,18913
2026-03-25 14:25:00,196.03,196.24,195.93,196.21,12506
2026-03-25 14:30:00,196.21,196.3,196.12,196.16,9922
2026-03-25 14:35:00,196.16,196.2,195.93,196.12,21202
2026-03-25 14:40:00,196.12,196.19,196.0,196.1,8547
2026-03-25 14:45:00,196.1,196.19,196.0,196.13,15184
2026-03-25 14:50:00,196.13,196.24,195.92,196.01,17418
2026-03-25 14:55:00,196.01,196.18,195.71,196.14,40241
2026-03-25 15:00:00,196.15,196.48,196.09,196.25,50866
2026-03-25 15:05:00,196.24,196.25,195.95,196.19,50456
2026-03-25 15:10:00,196.19,196.23,195.8,196.19,64612
2026-03-25 15:15:00,196.15,196.34,195.76,195.76,102235
2026-03-25 15:20:00,195.79,195.88,195.51,195.74,75083
2026-03-25 15:25:00,195.71,196.23,195.69,195.95,100837
2026-03-27 09:15:00,193.5,194.42,191.5,191.52,150065
2026-03-27 09:20:00,191.5,193.63,191.26,192.14,72451
2026-03-27 09:25:00,192.12,193.11,191.91,192.4,33533
2026-03-27 09:30:00,192.32,192.63,192.11,192.13,31721
2026-03-27 09:35:00,192.13,192.3,191.4,191.66,48917
2026-03-27 09:40:00,191.82,192.07,191.56,191.71,16779
2026-03-27 09:45:00,191.8,191.8,191.32,191.49,176299
2026-03-27 09:50:00,191.49,191.83,191.31,191.35,79376
2026-03-27 09:55:00,191.35,191.61,190.49,190.85,174006
2026-03-27 10:00:00,190.7,191.18,190.2,190.57,127325
2026-03-27 10:05:00,190.5,190.57,190.15,190.34,22761
2026-03-27 10:10:00,190.44,190.76,190.36,190.59,53998
2026-03-27 10:15:00,190.55,190.55,189.61,189.75,58269
2026-03-27 10:20:00,189.72,189.92,189.31,189.82,14628
2026-03-27 10:25:00,189.79,190.2,189.54,189.9,15026
2026-03-27 10:30:00,189.9,190.25,189.36,189.49,12680
2026-03-27 10:35:00,189.53,189.61,189.11,189.4,17895
2026-03-27 10:40:00,189.3,189.51,189.09,189.11,17114
2026-03-27 10:45:00,189.11,189.11,188.82,188.89,32332
2026-03-27 10:50:00,188.89,189.0,188.5,188.69,14803
2026-03-27 10:55:00,188.66,189.23,188.37,188.7,57511
2026-03-27 11:00:00,188.7,189.29,188.65,188.78,15645
2026-03-27 11:05:00,188.65,189.0,188.62,189.0,7888
2026-03-27 11:10:00,189.0,189.3,188.65,188.83,14904
2026-03-27 11:15:00,188.83,188.88,188.51,188.64,9563
2026-03-27 11:20:00,188.64,188.64,188.05,188.24,23003
2026-03-27 11:25:00,188.22,188.44,188.06,188.31,13302
2026-03-27 11:30:00,188.31,188.99,188.27,188.55,23839
2026-03-27 11:35:00,188.69,189.06,188.55,188.85,26476
2026-03-27 11:40:00,188.84,188.84,188.34,188.79,18192
2026-03-27 11:45:00,188.79,188.84,188.36,188.64,12584
2026-03-27 11:50:00,188.62,189.2,188.5,189.11,4683
2026-03-27 11:55:00,189.1,189.1,188.3,188.46,9292
2026-03-27 12:00:00,188.44,188.5,188.11,188.36,8811
2026-03-27 12:05:00,188.33,188.55,188.28,188.55,11541
2026-03-27 12:10:00,188.58,188.73,188.33,188.51,8814
2026-03-27 12:15:00,188.5,188.51,188.0,188.2,25672
2026-03-27 12:20:00,188.23,188.46,187.99,188.4,23688
2026-03-27 12:25:00,188.39,189.15,188.35,188.8,35948
2026-03-27 12:30:00,188.89,189.0,188.66,188.96,19011
2026-03-27 12:35:00,188.96,188.96,188.63,188.8,2920
2026-03-27 12:40:00,188.8,189.8,188.59,188.99,23780
2026-03-27 12:45:00,188.99,189.2,188.73,189.09,4767
2026-03-27 12:50:00,189.0,189.4,188.75,189.01,17774
2026-03-27 12:55:00,189.01,189.3,188.73,189.05,18391
2026-03-27 13:00:00,189.02,189.3,189.0,189.25,13279
2026-03-27 13:05:00,189.25,189.35,189.02,189.06,9606
2026-03-27 13:10:00,189.06,189.45,189.06,189.45,7253
2026-03-27 13:15:00,189.45,190.3,189.18,190.18,60174
2026-03-27 13:20:00,190.18,190.18,189.54,189.99,24304
2026-03-27 13:25:00,189.96,190.24,189.61,189.62,13607
2026-03-27 13:30:00,189.79,190.87,189.37,190.44,104730
2026-03-27 13:35:00,190.31,190.31,189.2,189.79,33919
2026-03-27 13:40:00,189.79,189.82,189.41,189.5,19338
2026-03-27 13:45:00,189.5,189.74,189.41,189.49,9264
2026-03-27 13:50:00,189.49,189.55,189.25,189.35,14039
2026-03-27 13:55:00,189.35,189.55,189.11,189.21,11169
2026-03-27 14:00:00,189.21,189.61,189.11,189.58,27867
2026-03-27 14:05:00,189.6,189.98,189.16,189.92,38242
2026-03-27 14:10:00,189.92,190.1,189.47,189.98,59199
2026-03-27 14:15:00,189.91,190.0,189.5,189.5,34568
2026-03-27 14:20:00,189.5,189.98,189.47,189.76,24548
2026-03-27 14:25:00,189.58,189.76,189.37,189.51,36184
2026-03-27 14:30:00,189.51,189.54,189.1,189.3,11839
2026-03-27 14:35:00,189.3,189.53,189.1,189.4,8339
2026-03-27 14:40:00,189.54,189.7,189.4,189.57,12479
2026-03-27 14:45:00,189.61,189.93,189.3,189.73,47654
2026-03-27 14:50:00,189.94,190.66,189.94,190.3,60504
2026-03-27 14:55:00,190.3,190.46,190.01,190.33,34844
2026-03-27 15:00:00,190.3,190.3,189.7,190.25,54599
2026-03-27 15:05:00,190.22,190.24,190.0,190.17,34162
2026-03-27 15:10:00,190.16,190.3,189.89,190.0,57099
2026-03-27 15:15:00,190.03,190.27,189.74,189.83,58876
2026-03-27 15:20:00,189.75,189.79,189.15,189.27,76189
2026-03-27 15:25:00,189.31,189.52,189.0,189.45,53276
2026-03-30 09:15:00,186.0,187.5,183.85,185.67,187952
2026-03-30 09:20:00,185.26,186.95,185.26,186.26,89719
2026-03-30 09:25:00,186.26,187.09,186.02,186.99,52772
2026-03-30 09:30:00,187.15,189.35,186.98,189.32,125039
2026-03-30 09:35:00,189.16,189.39,188.39,188.39,36418
2026-03-30 09:40:00,188.39,190.18,188.39,189.92,59036
2026-03-30 09:45:00,190.03,191.7,189.38,191.28,137940
2026-03-30 09:50:00,191.44,191.71,190.29,190.35,94523
2026-03-30 09:55:00,190.23,190.23,188.92,188.92,27335
2026-03-30 10:00:00,188.9,189.38,188.72,189.0,34112
2026-03-30 10:05:00,189.0,189.13,187.76,187.96,25354
2026-03-30 10:10:00,187.95,187.95,187.2,187.65,27722
2026-03-30 10:15:00,187.65,187.65,186.7,186.84,31491
2026-03-30 10:20:00,186.84,187.35,186.71,186.84,28303
2026-03-30 10:25:00,186.84,187.02,186.32,186.5,19542
2026-03-30 10:30:00,186.5,186.73,186.21,186.48,25528
2026-03-30 10:35:00,186.48,187.37,186.43,186.89,35827
2026-03-30 10:40:00,186.83,186.93,186.36,186.48,22284
2026-03-30 10:45:00,186.33,186.81,186.3,186.4,7575
2026-03-30 10:50:00,186.37,186.67,186.24,186.29,17698
2026-03-30 10:55:00,186.4,186.9,186.1,186.1,8842
2026-03-30 11:00:00,186.1,186.67,186.1,186.53,5253
2026-03-30 11:05:00,186.43,186.82,186.18,186.24,5506
2026-03-30 11:10:00,186.24,186.45,185.83,186.21,36804
2026-03-30 11:15:00,186.21,186.65,186.01,186.19,9189
2026-03-30 11:20:00,186.13,186.8,186.07,186.19,5731
2026-03-30 11:25:00,186.19,186.3,185.91,186.21,12569
2026-03-30 11:30:00,186.21,186.95,186.21,186.78,19014
2026-03-30 11:35:00,186.99,187.28,186.84,186.89,19415
2026-03-30 11:40:00,186.89,186.9,186.02,186.02,9816
2026-03-30 11:45:00,186.02,186.11,185.69,185.9,12185
2026-03-30 11:50:00,185.9,186.37,185.71,186.28,14322
2026-03-30 11:55:00,186.31,186.47,186.06,186.31,13642
2026-03-30 12:00:00,186.2,187.65,186.05,187.65,41285
2026-03-30 12:05:00,187.57,187.64,186.25,186.66,42862
2026-03-30 12:10:00,186.66,186.78,186.47,186.65,12449
2026-03-30 12:15:00,186.65,186.67,186.31,186.43,6227
2026-03-30 12:20:00,186.55,187.55,186.0,186.16,49604
2026-03-30 12:25:00,186.16,186.16,185.5,185.81,16437
2026-03-30 12:30:00,186.18,186.18,185.52,185.86,16674
2026-03-30 12:35:00,185.79,186.25,185.72,186.11,12348
2026-03-30 12:40:00,186.15,186.3,185.94,186.17,3738
2026-03-30 12:45:00,186.17,186.17,185.78,185.92,9731
2026-03-30 12:50:00,185.92,185.92,185.56,185.56,5896
2026-03-30 12:55:00,185.71,186.02,185.56,185.92,4699
2026-03-30 13:00:00,185.92,186.09,185.75,185.75,4341
2026-03-30 13:05:00,185.75,186.35,185.59,185.65,13283
2026-03-30 13:10:00,185.65,186.83,185.36,186.69,29815
2026-03-30 13:15:00,186.69,186.93,186.54,186.6,26551
2026-03-30 13:20:00,186.6,186.95,186.27,186.9,28828
2026-03-30 13:25:00,186.9,186.92,186.0,186.57,18540
2026-03-30 13:30:00,186.56,186.69,186.24,186.6,4642
2026-03-30 13:35:00,186.51,186.73,186.2,186.41,4463
2026-03-30 13:40:00,186.41,186.52,185.65,185.74,19614
2026-03-30 13:45:00,185.74,185.87,185.56,185.6,14633
2026-03-30 13:50:00,185.68,185.68,184.99,185.0,46672
2026-03-30 13:55:00,185.12,185.18,184.55,184.58,13512
2026-03-30 14:00:00,184.69,186.3,184.58,186.13,40091
2026-03-30 14:05:00,186.3,186.37,185.61,185.84,16493
2026-03-30 14:10:00,185.7,185.98,185.0,185.15,41698
2026-03-30 14:15:00,185.15,185.28,184.87,185.06,17916
2026-03-30 14:20:00,184.94,185.22,184.5,184.6,27032
2026-03-30 14:25:00,184.52,184.62,184.22,184.27,17724
2026-03-30 14:30:00,184.28,184.64,184.02,184.11,45574
2026-03-30 14:35:00,184.0,184.31,183.92,184.0,29258
2026-03-30 14:40:00,184.09,184.23,183.75,184.22,23434
2026-03-30 14:45:00,184.27,184.27,183.6,183.87,29026
2026-03-30 14:50:00,183.87,184.0,183.4,183.63,21250
2026-03-30 14:55:00,183.63,183.63,183.0,183.07,24424
2026-03-30 15:00:00,182.95,183.05,182.18,182.29,40670
2026-03-30 15:05:00,182.29,183.0,182.29,182.77,51792
2026-03-30 15:10:00,182.77,182.95,177.5,182.31,356664
2026-03-30 15:15:00,182.42,182.99,182.14,182.9,136289
2026-03-30 15:20:00,182.98,182.98,182.5,182.65,77763
2026-03-30 15:25:00,182.65,182.94,182.44,182.51,75362
2026-04-01 09:15:00,191.33,191.88,188.46,191.16,271297
2026-04-01 09:20:00,191.3,192.15,191.13,191.81,106292
2026-04-01 09:25:00,191.81,193.48,191.81,193.47,103777
2026-04-01 09:30:00,193.47,193.47,191.21,191.72,93060
2026-04-01 09:35:00,191.72,191.91,190.91,190.97,86524
2026-04-01 09:40:00,190.97,192.21,190.97,191.78,48112
2026-04-01 09:45:00,191.78,192.8,191.78,192.64,29805
2026-04-01 09:50:00,192.7,193.0,192.53,192.96,38927
2026-04-01 09:55:00,193.0,193.5,192.55,193.18,70522
2026-04-01 10:00:00,193.29,193.4,192.8,192.8,24319
2026-04-01 10:05:00,192.95,193.26,192.5,192.56,30006
2026-04-01 10:10:00,192.56,192.8,192.44,192.58,6366
2026-04-01 10:15:00,192.58,192.6,191.9,192.22,19507
2026-04-01 10:20:00,192.22,192.4,191.33,191.33,42164
2026-04-01 10:25:00,191.33,191.48,190.8,191.35,57717
2026-04-01 10:30:00,191.49,191.7,191.09,191.42,16301
2026-04-01 10:35:00,191.42,191.9,191.3,191.88,32119
2026-04-01 10:40:00,191.9,191.95,191.4,191.8,24709
2026-04-01 10:45:00,191.8,192.13,191.62,191.77,18978
2026-04-01 10:50:00,191.77,192.0,191.51,191.85,14956
2026-04-01 10:55:00,191.85,191.85,191.12,191.4,12643
2026-04-01 11:00:00,191.5,191.5,191.16,191.27,5197
2026-04-01 11:05:00,191.28,192.58,191.13,191.72,63648
2026-04-01 11:10:00,191.72,191.96,191.45,191.74,10384
2026-04-01 11:15:00,191.74,195.91,191.68,195.61,292436
2026-04-01 11:20:00,195.52,197.37,195.41,197.24,331007
2026-04-01 11:25:00,197.23,197.51,196.51,196.85,209229
2026-04-01 11:30:00,196.86,199.2,196.86,198.6,383574
2026-04-01 11:35:00,198.63,199.8,198.51,199.14,255797
2026-04-01 11:40:00,199.32,199.41,198.49,199.0,116201
2026-04-01 11:45:00,198.91,199.14,197.8,198.23,121621
2026-04-01 11:50:00,198.17,198.27,197.1,197.25,130225
2026-04-01 11:55:00,197.25,199.0,197.01,198.59,98035
2026-04-01 12:00:00,198.64,201.55,198.4,200.96,416955
2026-04-01 12:05:00,201.05,201.14,200.04,200.17,102503
2026-04-01 12:10:00,200.17,200.79,199.55,199.8,78454
2026-04-01 12:15:00,199.87,200.4,199.6,200.4,69652
2026-04-01 12:20:00,200.4,201.41,200.11,201.06,127030
2026-04-01 12:25:00,201.06,201.88,200.3,200.57,132485
2026-04-01 12:30:00,200.45,200.65,199.85,200.1,99804
2026-04-01 12:35:00,200.1,200.87,200.1,200.72,32080
2026-04-01 12:40:00,200.72,200.89,200.21,200.39,42451
2026-04-01 12:45:00,200.35,200.98,200.35,200.59,25462
2026-04-01 12:50:00,200.49,200.69,200.25,200.5,31719
2026-04-01 12:55:00,200.48,200.48,199.21,199.5,100773
2026-04-01 13:00:00,199.5,199.62,199.1,199.2,125085
2026-04-01 13:05:00,199.12,199.8,199.11,199.5,29518
2026-04-01 13:10:00,199.5,199.83,199.23,199.83,38882
2026-04-01 13:15:00,199.68,199.84,198.62,198.84,45541
2026-04-01 13:20:00,198.85,198.9,198.21,198.6,63587
2026-04-01 13:25:00,198.61,199.26,198.6,199.26,53506
2026-04-01 13:30:00,199.15,199.15,198.46,198.92,43622
2026-04-01 13:35:00,198.92,198.92,197.63,198.34,131326
2026-04-01 13:40:00,198.34,198.34,197.16,197.83,131265
2026-04-01 13:45:00,197.9,199.57,197.72,198.47,84868
2026-04-01 13:50:00,198.46,198.76,198.01,198.4,18020
2026-04-01 13:55:00,198.4,198.8,197.89,197.93,32170
2026-04-01 14:00:00,198.06,198.2,197.7,198.12,23366
2026-04-01 14:05:00,198.12,198.6,198.1,198.49,23421
2026-04-01 14:10:00,198.5,198.82,198.32,198.6,20836
2026-04-01 14:15:00,198.51,199.78,198.25,199.53,86814
2026-04-01 14:20:00,199.48,199.61,199.1,199.12,26783
2026-04-01 14:25:00,199.23,200.39,199.09,200.18,160994
2026-04-01 14:30:00,200.2,200.5,199.8,200.25,112080
2026-04-01 14:35:00,200.38,200.4,199.98,200.02,96495
2026-04-01 14:40:00,200.12,200.7,200.0,200.14,177497
2026-04-01 14:45:00,200.22,200.22,200.0,200.06,188590
2026-04-01 14:50:00,200.06,200.29,200.0,200.16,55016
2026-04-01 14:55:00,200.04,201.16,199.76,199.93,255971
2026-04-01 15:00:00,199.89,200.38,199.58,200.0,115271
2026-04-01 15:05:00,199.99,200.39,199.88,200.39,66055
2026-04-01 15:10:00,200.49,201.0,200.49,200.93,114344
2026-04-01 15:15:00,200.89,201.98,200.75,201.78,203989
2026-04-01 15:20:00,201.56,201.99,201.46,201.59,162052
2026-04-01 15:25:00,201.58,201.78,200.47,201.1,112215
2026-04-02 09:15:00,194.0,195.0,192.87,194.43,241705
2026-04-02 09:20:00,194.43,194.9,193.8,194.76,94524
2026-04-02 09:25:00,194.75,194.9,194.0,194.09,53899
2026-04-02 09:30:00,194.05,194.64,193.72,194.05,57196
2026-04-02 09:35:00,193.8,194.2,193.63,193.98,46571
2026-04-02 09:40:00,193.98,194.44,193.85,194.25,19580
2026-04-02 09:45:00,194.25,194.25,193.85,193.94,26824
2026-04-02 09:50:00,193.85,193.99,192.5,192.61,143783
2026-04-02 09:55:00,192.61,193.23,192.61,192.94,42517
2026-04-02 10:00:00,192.9,193.14,192.51,192.66,40007
2026-04-02 10:05:00,192.66,192.66,192.0,192.2,76730
2026-04-02 10:10:00,192.19,192.57,192.05,192.47,20101
2026-04-02 10:15:00,192.25,192.29,191.76,191.82,40973
2026-04-02 10:20:00,191.82,192.0,191.61,191.74,31967
2026-04-02 10:25:00,191.67,192.49,191.64,192.27,22975
2026-04-02 10:30:00,192.38,192.57,192.26,192.5,11495
2026-04-02 10:35:00,192.5,192.64,192.31,192.49,18199
2026-04-02 10:40:00,192.49,192.71,192.49,192.57,11128
2026-04-02 10:45:00,192.57,192.62,191.83,191.99,17457
2026-04-02 10:50:00,191.99,192.52,191.86,192.51,17376
2026-04-02 10:55:00,192.5,192.59,192.34,192.5,9931
2026-04-02 11:00:00,192.54,192.73,192.36,192.44,17702
2026-04-02 11:05:00,192.44,192.64,192.4,192.54,8293
2026-04-02 11:10:00,192.51,192.51,192.2,192.36,5470
2026-04-02 11:15:00,192.36,192.49,192.3,192.39,5697
2026-04-02 11:20:00,192.39,192.49,192.21,192.49,6862
2026-04-02 11:25:00,192.49,192.75,192.45,192.7,12952
2026-04-02 11:30:00,192.7,193.1,192.69,192.8,11887
2026-04-02 11:35:00,192.74,193.2,192.74,193.2,12456
2026-04-02 11:40:00,193.2,193.2,192.93,193.1,15473
2026-04-02 11:45:00,193.15,193.35,193.05,193.3,20182
2026-04-02 11:50:00,193.3,193.48,193.2,193.39,13789
2026-04-02 11:55:00,193.39,194.45,193.39,194.04,61370
2026-04-02 12:00:00,194.08,194.38,193.56,193.6,55581
2026-04-02 12:05:00,193.6,193.97,193.3,193.91,20955
2026-04-02 12:10:00,193.91,194.0,193.81,194.0,11630
2026-04-02 12:15:00,194.0,194.25,193.93,194.2,21562
2026-04-02 12:20:00,194.09,194.24,193.12,193.58,30095
2026-04-02 12:25:00,193.58,193.77,193.53,193.7,5047
2026-04-02 12:30:00,193.72,193.99,193.55,193.81,7261
2026-04-02 12:35:00,193.81,194.5,193.8,194.18,21409
2026-04-02 12:40:00,194.18,196.89,194.18,196.5,147523
2026-04-02 12:45:00,196.59,197.25,196.15,197.25,84062
2026-04-02 12:50:00,197.25,197.8,197.18,197.44,50619
2026-04-02 12:55:00,197.4,197.8,197.21,197.75,45131
2026-04-02 13:00:00,197.75,198.39,197.68,198.32,112130
2026-04-02 13:05:00,198.32,199.36,197.81,199.18,89279
2026-04-02 13:10:00,199.18,199.2,198.7,199.01,57151
2026-04-02 13:15:00,199.01,199.14,198.79,199.09,71127
2026-04-02 13:20:00,199.1,199.33,198.79,199.33,66329
2026-04-02 13:25:00,199.33,199.94,199.31,199.85,121256
2026-04-02 13:30:00,199.85,199.99,199.05,199.5,51408
2026-04-02 13:35:00,199.5,199.7,199.16,199.33,37138
2026-04-02 13:40:00,199.41,199.64,199.19,199.48,34242
2026-04-02 13:45:00,199.47,199.74,199.2,199.43,29544
2026-04-02 13:50:00,199.41,199.8,199.11,199.57,34341
2026-04-02 13:55:00,199.57,199.77,199.34,199.56,45004
2026-04-02 14:00:00,199.55,199.99,199.46,199.98,39033
2026-04-02 14:05:00,199.98,199.98,199.65,199.9,42509
2026-04-02 14:10:00,199.82,200.67,199.82,200.47,80227
2026-04-02 14:15:00,200.45,200.8,200.0,200.25,61198
2026-04-02 14:20:00,199.69,199.98,198.5,198.77,122658
2026-04-02 14:25:00,198.77,198.96,198.61,198.83,41173
2026-04-02 14:30:00,198.83,200.8,198.69,200.8,154898
2026-04-02 14:35:00,200.7,201.88,199.18,200.6,409634
2026-04-02 14:40:00,200.6,200.6,199.33,199.45,72588
2026-04-02 14:45:00,199.45,199.99,199.11,199.92,66530
2026-04-02 14:50:00,199.92,200.32,199.62,200.0,37388
2026-04-02 14:55:00,200.0,200.34,200.0,200.16,35944
2026-04-02 15:00:00,200.2,200.7,200.0,200.0,62614
2026-04-02 15:05:00,200.0,200.88,200.0,200.75,59397
2026-04-02 15:10:00,200.63,201.39,200.5,200.99,129211
2026-04-02 15:15:00,200.99,201.27,200.04,200.38,115577
2026-04-02 15:20:00,200.44,200.79,200.1,200.1,86280
2026-04-02 15:25:00,200.1,200.25,199.0,199.0,80068
2026-04-06 09:15:00,199.0,199.54,195.75,196.78,173708
2026-04-06 09:20:00,197.28,198.05,196.26,196.5,88132
2026-04-06 09:25:00,196.7,197.21,196.0,196.01,77270
2026-04-06 09:30:00,195.91,197.49,195.66,197.49,91108
2026-04-06 09:35:00,197.38,198.4,197.31,198.13,75148
2026-04-06 09:40:00,198.16,198.45,196.61,197.4,68686
2026-04-06 09:45:00,197.4,197.96,196.24,196.37,56811
2026-04-06 09:50:00,196.37,196.92,195.9,196.43,38215
2026-04-06 09:55:00,196.58,196.9,196.14,196.32,25049
2026-04-06 10:00:00,196.32,196.54,195.9,196.21,41834
2026-04-06 10:05:00,196.47,196.5,196.0,196.41,23893
2026-04-06 10:10:00,196.22,196.72,196.19,196.61,10907
2026-04-06 10:15:00,196.61,196.88,196.2,196.62,24170
2026-04-06 10:20:00,196.68,197.47,196.62,196.86,42427
2026-04-06 10:25:00,196.86,197.0,196.31,197.0,33091
2026-04-06 10:30:00,197.04,197.19,196.5,196.6,62371
2026-04-06 10:35:00,196.6,197.09,196.6,197.05,11407
2026-04-06 10:40:00,196.98,197.44,196.77,197.06,23508
2026-04-06 10:45:00,197.25,197.5,197.01,197.39,23489
2026-04-06 10:50:00,197.48,197.58,196.4,196.41,35543
2026-04-06 10:55:00,196.41,197.0,196.41,196.83,13892
2026-04-06 11:00:00,196.83,196.96,196.26,196.36,37735
2026-04-06 11:05:00,196.27,196.71,196.2,196.38,17044
2026-04-06 11:10:00,196.38,196.71,195.6,196.51,139023
2026-04-06 11:15:00,196.51,197.5,196.35,197.07,190526
2026-04-06 11:20:00,197.07,198.3,197.02,198.02,147527
2026-04-06 11:25:00,198.02,198.29,197.8,198.12,32234
2026-04-06 11:30:00,198.12,199.75,198.0,199.71,152055
2026-04-06 11:35:00,199.71,200.44,199.39,199.53,67359
2026-04-06 11:40:00,199.53,200.98,199.05,200.55,160611
2026-04-06 11:45:00,200.55,201.0,200.18,200.3,122225
2026-04-06 11:50:00,200.24,200.82,200.24,200.64,87862
2026-04-06 11:55:00,200.65,200.98,200.2,200.4,125590
2026-04-06 12:00:00,200.4,200.4,199.9,200.06,26549
2026-04-06 12:05:00,200.06,200.4,200.06,200.07,10407
2026-04-06 12:10:00,200.07,200.17,199.68,199.71,7659
2026-04-06 12:15:00,199.71,200.18,199.71,199.82,25656
2026-04-06 12:20:00,199.82,200.5,199.8,200.25,32561
2026-04-06 12:25:00,200.25,200.91,200.15,200.63,10878
2026-04-06 12:30:00,200.77,200.77,200.07,200.11,13680
2026-04-06 12:35:00,200.0,200.1,199.61,199.69,19623
2026-04-06 12:40:00,199.69,199.93,199.66,199.77,23716
2026-04-06 12:45:00,199.77,199.99,199.31,199.53,30184
2026-04-06 12:50:00,199.53,199.94,199.53,199.84,10273
2026-04-06 12:55:00,199.84,200.0,199.84,199.94,28006
2026-04-06 13:00:00,199.94,200.24,199.24,199.44,78347
2026-04-06 13:05:00,199.43,199.71,199.11,199.71,13499
2026-04-06 13:10:00,199.71,199.99,199.42,199.78,25917
2026-04-06 13:15:00,199.78,199.99,199.49,199.9,15701
2026-04-06 13:20:00,200.0,200.0,199.46,199.77,74178
2026-04-06 13:25:00,199.81,199.82,199.35,199.44,14785
2026-04-06 13:30:00,199.49,199.8,199.37,199.64,8605
2026-04-06 13:35:00,199.65,201.65,199.57,201.34,145014
2026-04-06 13:40:00,201.33,201.6,200.42,201.1,31164
2026-04-06 13:45:00,201.1,201.7,200.92,201.42,60252
2026-04-06 13:50:00,201.4,201.72,201.4,201.7,25472
2026-04-06 13:55:00,201.72,202.39,201.37,202.23,152125
2026-04-06 14:00:00,202.21,204.0,202.21,202.25,383423
2026-04-06 14:05:00,202.38,202.99,201.65,201.83,212627
2026-04-06 14:10:00,201.83,202.37,201.67,202.0,81364
2026-04-06 14:15:00,201.98,202.5,201.61,202.05,90084
2026-04-06 14:20:00,202.16,202.91,201.83,201.83,116601
2026-04-06 14:25:00,201.83,201.83,201.07,201.52,78443
2026-04-06 14:30:00,201.65,202.0,201.52,201.7,28680
2026-04-06 14:35:00,201.7,202.94,201.61,202.6,150130
2026-04-06 14:40:00,202.67,202.94,202.6,202.71,57203
2026-04-06 14:45:00,202.71,203.34,202.68,203.03,124420
2026-04-06 14:50:00,203.09,203.15,202.94,202.94,91951
2026-04-06 14:55:00,203.01,203.01,202.33,202.41,38547
2026-04-06 15:00:00,202.42,202.95,202.3,202.61,46925
2026-04-06 15:05:00,202.63,203.07,202.56,202.79,47543
2026-04-06 15:10:00,202.84,203.28,202.6,202.74,102720
2026-04-06 15:15:00,202.67,202.73,202.09,202.18,94752
2026-04-06 15:20:00,202.14,202.48,201.52,201.79,164135
2026-04-06 15:25:00,201.59,202.0,201.5,201.79,95849
2026-04-07 09:15:00,199.7,202.0,199.11,200.7,174900
2026-04-07 09:20:00,200.7,202.48,200.7,202.25,101953
2026-04-07 09:25:00,202.11,203.3,202.1,202.3,87718
2026-04-07 09:30:00,202.3,202.7,200.5,200.5,61818
2026-04-07 09:35:00,200.84,200.91,200.12,200.59,57410
2026-04-07 09:40:00,200.61,200.91,199.6,199.7,65972
2026-04-07 09:45:00,199.61,200.37,199.61,199.9,56758
2026-04-07 09:50:00,199.9,200.28,199.82,199.89,31723
2026-04-07 09:55:00,199.89,200.33,199.89,200.27,29261
2026-04-07 10:00:00,200.13,200.7,200.12,200.55,21879
2026-04-07 10:05:00,200.55,200.74,200.31,200.31,12703
2026-04-07 10:10:00,200.31,200.58,200.2,200.5,8864
2026-04-07 10:15:00,200.5,201.02,200.27,200.95,63632
2026-04-07 10:20:00,201.0,201.33,200.28,200.47,22530
2026-04-07 10:25:00,200.67,201.14,200.65,201.14,16171
2026-04-07 10:30:00,201.14,201.19,200.83,200.83,18086
2026-04-07 10:35:00,200.83,200.95,200.28,200.95,7295
2026-04-07 10:40:00,200.95,201.29,200.93,201.28,8698
2026-04-07 10:45:00,201.2,201.29,200.85,200.85,11755
2026-04-07 10:50:00,200.85,200.9,200.26,200.32,12964
2026-04-07 10:55:00,200.4,200.61,200.02,200.02,25031
2026-04-07 11:00:00,200.02,200.58,199.94,200.36,21920
2026-04-07 11:05:00,200.51,200.55,200.26,200.26,9291
2026-04-07 11:10:00,200.26,200.43,200.0,200.01,5099
2026-04-07 11:15:00,200.01,200.4,199.89,200.35,16831
2026-04-07 11:20:00,200.35,200.54,200.09,200.1,4490
2026-04-07 11:25:00,200.01,200.48,199.9,200.48,7854
2026-04-07 11:30:00,200.18,200.36,200.01,200.19,7677
2026-04-07 11:35:00,200.14,200.48,200.11,200.48,5994
2026-04-07 11:40:00,200.31,200.43,199.7,200.0,31458
2026-04-07 11:45:00,200.05,200.37,199.6,199.95,27034
2026-04-07 11:50:00,200.05,200.15,199.93,200.15,5411
2026-04-07 11:55:00,200.15,200.5,200.11,200.35,17341
2026-04-07 12:00:00,200.35,200.4,199.7,199.89,34340
2026-04-07 12:05:00,199.89,199.89,199.5,199.65,21259
2026-04-07 12:10:00,199.61,199.72,199.35,199.51,8894
2026-04-07 12:15:00,199.51,199.66,199.35,199.4,4318
2026-04-07 12:20:00,199.4,199.56,199.3,199.37,6882
2026-04-07 12:25:00,199.37,199.41,199.25,199.41,13777
2026-04-07 12:30:00,199.41,199.53,199.23,199.24,22088
2026-04-07 12:35:00,199.24,199.45,199.15,199.35,10482
2026-04-07 12:40:00,199.35,199.5,199.3,199.41,14142
2026-04-07 12:45:00,199.38,199.64,199.3,199.3,18656
2026-04-07 12:50:00,199.3,199.41,199.25,199.3,4710
2026-04-07 12:55:00,199.3,199.45,199.01,199.01,15978
2026-04-07 13:00:00,199.01,199.24,198.73,199.24,21416
2026-04-07 13:05:00,199.19,199.3,198.95,198.95,7083
2026-04-07 13:10:00,198.93,199.38,198.8,199.33,6624
2026-04-07 13:15:00,199.33,199.34,199.11,199.33,4586
2026-04-07 13:20:00,199.3,199.3,199.11,199.15,3558
2026-04-07 13:25:00,199.15,199.27,199.01,199.27,10478
2026-04-07 13:30:00,199.26,199.89,199.26,199.78,19530
2026-04-07 13:35:00,199.7,199.82,199.5,199.65,20122
2026-04-07 13:40:00,199.55,199.86,199.54,199.79,12286
2026-04-07 13:45:00,199.68,200.15,199.36,199.56,51829
2026-04-07 13:50:00,199.44,199.7,199.42,199.56,7529
2026-04-07 13:55:00,199.56,199.65,199.2,199.29,5411
2026-04-07 14:00:00,199.29,199.51,199.1,199.4,16620
2026-04-07 14:05:00,199.4,199.45,199.31,199.43,10784
2026-04-07 14:10:00,199.32,199.41,198.83,199.11,29670
2026-04-07 14:15:00,199.05,199.4,199.05,199.19,16249
2026-04-07 14:20:00,199.17,199.19,198.5,198.91,39880
2026-04-07 14:25:00,199.04,199.19,198.86,199.06,14740
2026-04-07 14:30:00,199.13,199.14,198.8,198.82,8942
2026-04-07 14:35:00,198.82,198.89,198.61,198.74,10603
2026-04-07 14:40:00,198.78,198.95,198.6,198.66,32376
2026-04-07 14:45:00,198.66,198.8,198.55,198.55,32835
2026-04-07 14:50:00,198.58,198.81,198.55,198.69,10509
2026-04-07 14:55:00,198.6,199.02,198.6,198.75,18353
2026-04-07 15:00:00,198.75,199.31,198.63,198.99,27265
2026-04-07 15:05:00,199.1,199.39,198.8,199.11,38224
2026-04-07 15:10:00,199.17,199.17,198.45,198.81,78359
2026-04-07 15:15:00,198.91,198.98,198.51,198.7,60501
2026-04-07 15:20:00,198.7,198.8,198.01,198.47,67067
2026-04-07 15:25:00,198.47,199.39,198.07,198.77,93972
2026-04-08 09:15:00,207.12,208.99,205.15,206.71,467792
2026-04-08 09:20:00,206.71,206.71,204.28,204.88,245894
2026-04-08 09:25:00,204.88,205.29,204.16,204.38,180162
2026-04-08 09:30:00,204.4,205.0,204.0,204.89,109206
2026-04-08 09:35:00,204.81,208.14,204.81,207.8,468103
2026-04-08 09:40:00,207.87,207.87,207.15,207.31,147867
2026-04-08 09:45:00,207.38,207.5,207.2,207.26,76088
2026-04-08 09:50:00,207.37,207.43,207.0,207.37,55672
2026-04-08 09:55:00,207.35,207.35,206.56,206.7,100137
2026-04-08 10:00:00,206.7,207.0,206.7,206.93,46696
2026-04-08 10:05:00,206.91,206.99,205.88,205.95,116343
2026-04-08 10:10:00,205.98,206.0,205.3,205.46,88576
2026-04-08 10:15:00,205.46,206.25,205.22,206.21,100747
2026-04-08 10:20:00,206.21,206.49,206.2,206.27,31970
2026-04-08 10:25:00,206.27,206.66,206.19,206.43,25496
2026-04-08 10:30:00,206.43,206.98,206.43,206.66,27134
2026-04-08 10:35:00,206.66,206.94,206.65,206.69,35547
2026-04-08 10:40:00,206.69,207.0,206.21,206.22,70873
2026-04-08 10:45:00,206.22,207.25,206.08,206.58,199145
2026-04-08 10:50:00,206.78,206.9,206.36,206.9,51016
2026-04-08 10:55:00,206.73,206.9,206.36,206.49,20972
2026-04-08 11:00:00,206.35,206.86,206.35,206.64,25836
2026-04-08 11:05:00,206.7,206.79,206.5,206.52,13179
2026-04-08 11:10:00,206.52,207.38,206.52,207.12,123736
2026-04-08 11:15:00,207.24,207.55,207.04,207.37,44983
2026-04-08 11:20:00,207.37,207.37,206.61,207.27,43108
2026-04-08 11:25:00,207.27,207.8,207.02,207.36,45346
2026-04-08 11:30:00,207.22,207.42,206.88,207.1,18665
2026-04-08 11:35:00,207.1,207.28,206.82,206.86,21091
2026-04-08 11:40:00,206.8,207.09,206.7,207.0,12107
2026-04-08 11:45:00,207.1,207.39,207.1,207.3,7201
2026-04-08 11:50:00,207.38,207.4,206.5,206.85,14542
2026-04-08 11:55:00,206.73,206.89,206.58,206.88,11528
2026-04-08 12:00:00,206.88,206.98,206.63,206.95,26511
2026-04-08 12:05:00,206.83,207.0,206.78,206.86,18794
2026-04-08 12:10:00,206.8,207.24,206.77,207.24,33368
2026-04-08 12:15:00,207.24,207.45,207.08,207.21,15965
2026-04-08 12:20:00,207.21,207.21,206.98,207.15,12760
2026-04-08 12:25:00,207.15,207.17,206.7,206.81,10174
2026-04-08 12:30:00,206.83,206.83,206.3,206.59,38672
2026-04-08 12:35:00,206.5,206.74,206.3,206.41,17216
2026-04-08 12:40:00,206.4,207.08,206.4,206.82,17192
2026-04-08 12:45:00,206.94,206.97,206.76,206.89,8681
2026-04-08 12:50:00,206.89,206.89,206.66,206.76,14967
2026-04-08 12:55:00,206.76,206.94,206.7,206.85,9077
2026-04-08 13:00:00,206.85,206.9,206.76,206.8,9833
2026-04-08 13:05:00,206.85,206.99,206.8,206.93,5752
2026-04-08 13:10:00,206.93,207.08,206.82,206.96,7588
2026-04-08 13:15:00,206.96,207.11,206.91,206.92,8051
2026-04-08 13:20:00,206.92,207.12,206.9,207.06,8562
2026-04-08 13:25:00,207.06,207.06,206.94,206.99,3234
2026-04-08 13:30:00,206.99,207.0,206.8,206.83,8653
2026-04-08 13:35:00,206.88,207.1,206.8,207.1,6849
2026-04-08 13:40:00,207.1,207.1,206.7,206.7,22045
2026-04-08 13:45:00,206.7,206.91,206.7,206.8,24321
2026-04-08 13:50:00,206.85,207.0,206.77,206.81,8096
2026-04-08 13:55:00,206.81,207.09,206.78,207.0,7780
2026-04-08 14:00:00,207.03,207.03,206.75,206.89,17747
2026-04-08 14:05:00,206.89,206.89,206.75,206.79,3761
2026-04-08 14:10:00,206.8,206.87,206.53,206.69,14087
2026-04-08 14:15:00,206.69,206.85,206.53,206.75,9698
2026-04-08 14:20:00,206.76,206.95,206.59,206.88,7773
2026-04-08 14:25:00,206.88,207.06,206.75,206.75,18677
2026-04-08 14:30:00,206.79,207.0,206.75,206.81,21247
2026-04-08 14:35:00,206.81,207.0,206.76,206.85,14392
2026-04-08 14:40:00,206.96,206.96,206.58,206.8,19484
2026-04-08 14:45:00,206.8,207.23,206.75,206.75,64506
2026-04-08 14:50:00,206.86,206.9,206.52,206.65,23530
2026-04-08 14:55:00,206.65,206.7,206.25,206.37,66004
2026-04-08 15:00:00,206.47,206.47,205.86,206.34,91495
2026-04-08 15:05:00,206.34,206.58,206.31,206.49,21988
2026-04-08 15:10:00,206.43,206.56,206.42,206.45,49721
2026-04-08 15:15:00,206.45,206.55,205.9,206.44,84768
2026-04-08 15:20:00,206.43,206.64,206.27,206.54,92436
2026-04-08 15:25:00,206.54,207.44,206.4,207.0,150494
2026-04-09 09:15:00,207.21,209.02,205.86,208.3,323150
2026-04-09 09:20:00,208.48,208.75,207.42,208.01,200070
2026-04-09 09:25:00,208.23,208.9,208.21,208.9,113511
2026-04-09 09:30:00,208.9,208.9,207.0,207.28,143796
2026-04-09 09:35:00,207.11,207.81,207.0,207.3,114482
2026-04-09 09:40:00,207.3,207.4,206.0,206.29,110392
2026-04-09 09:45:00,206.29,206.6,206.0,206.1,50783
2026-04-09 09:50:00,206.1,206.42,205.65,206.0,74771
2026-04-09 09:55:00,205.99,205.99,205.3,205.52,50838
2026-04-09 10:00:00,205.6,206.5,205.0,206.11,74379
2026-04-09 10:05:00,206.11,206.74,206.07,206.33,28729
2026-04-09 10:10:00,206.3,207.1,206.3,206.69,54933
2026-04-09 10:15:00,206.69,208.1,206.57,208.1,147493
2026-04-09 10:20:00,208.0,208.11,207.39,207.87,45644
2026-04-09 10:25:00,207.87,207.95,207.5,207.8,41235
2026-04-09 10:30:00,208.0,208.11,207.53,207.68,40271
2026-04-09 10:35:00,207.64,207.94,207.53,207.55,11902
2026-04-09 10:40:00,207.55,207.95,207.55,207.69,21636
2026-04-09 10:45:00,207.83,208.7,207.69,208.48,70008
2026-04-09 10:50:00,208.5,208.79,208.45,208.79,48055
2026-04-09 10:55:00,208.85,210.85,208.85,210.4,403173
2026-04-09 11:00:00,210.45,210.99,208.71,209.2,250528
2026-04-09 11:05:00,209.2,209.89,208.91,209.57,134380
2026-04-09 11:10:00,209.57,210.22,209.23,210.22,73671
2026-04-09 11:15:00,210.22,210.35,209.41,209.73,39693
2026-04-09 11:20:00,209.73,209.8,209.46,209.6,22565
2026-04-09 11:25:00,209.68,209.95,209.41,209.89,40444
2026-04-09 11:30:00,209.8,209.99,209.65,209.65,21142
2026-04-09 11:35:00,209.7,210.0,209.6,209.96,24415
2026-04-09 11:40:00,209.9,209.96,209.15,209.33,35049
2026-04-09 11:45:00,209.34,209.81,209.33,209.69,21100
2026-04-09 11:50:00,209.51,209.76,209.49,209.59,15584
2026-04-09 11:55:00,209.6,210.0,209.6,209.99,48428
2026-04-09 12:00:00,209.99,210.8,209.98,210.4,84928
2026-04-09 12:05:00,210.26,210.85,209.98,210.55,99160
2026-04-09 12:10:00,210.55,210.58,210.0,210.22,42746
2026-04-09 12:15:00,210.22,210.78,210.06,210.59,42246
2026-04-09 12:20:00,210.59,210.6,210.22,210.28,27200
2026-04-09 12:25:00,210.27,210.35,210.0,210.2,36040
2026-04-09 12:30:00,210.2,210.28,209.9,210.0,31106
2026-04-09 12:35:00,210.1,210.28,209.89,209.89,16274
2026-04-09 12:40:00,210.0,210.09,209.7,209.93,20523
2026-04-09 12:45:00,209.93,209.93,209.25,209.39,30035
2026-04-09 12:50:00,209.3,209.6,209.1,209.48,38364
2026-04-09 12:55:00,209.48,209.7,209.3,209.44,6665
2026-04-09 13:00:00,209.44,209.5,209.16,209.26,14567
2026-04-09 13:05:00,209.26,209.75,209.16,209.7,25212
2026-04-09 13:10:00,209.75,210.35,209.59,209.72,85675
2026-04-09 13:15:00,209.65,210.61,209.65,210.6,101853
2026-04-09 13:20:00,210.6,210.6,209.63,210.4,62075
2026-04-09 13:25:00,210.26,211.68,210.2,211.15,178997
2026-04-09 13:30:00,211.2,212.0,211.12,211.7,239178
2026-04-09 13:35:00,211.7,211.7,210.32,210.6,104543
2026-04-09 13:40:00,210.6,210.6,210.25,210.34,19780
2026-04-09 13:45:00,210.25,210.34,209.8,209.99,34116
2026-04-09 13:50:00,209.99,210.14,209.81,210.14,18956
2026-04-09 13:55:00,210.14,210.2,209.9,210.11,19132
2026-04-09 14:00:00,210.11,210.3,209.9,210.25,22766
2026-04-09 14:05:00,210.25,210.25,209.98,210.14,11911
2026-04-09 14:10:00,210.0,210.14,209.45,209.71,55294
2026-04-09 14:15:00,209.71,209.8,209.35,209.45,28504
2026-04-09 14:20:00,209.35,209.45,209.03,209.04,42819
2026-04-09 14:25:00,209.04,209.18,208.8,209.06,53960
2026-04-09 14:30:00,208.87,209.45,208.87,209.15,43105
2026-04-09 14:35:00,209.15,209.5,209.09,209.48,21272
2026-04-09 14:40:00,209.31,209.7,209.25,209.44,25298
2026-04-09 14:45:00,209.44,209.68,209.32,209.68,13156
2026-04-09 14:50:00,209.65,209.95,209.53,209.79,46547
2026-04-09 14:55:00,209.79,209.85,209.51,209.58,18297
2026-04-09 15:00:00,209.69,210.0,209.3,209.91,86988
2026-04-09 15:05:00,209.91,210.05,209.71,209.96,42180
2026-04-09 15:10:00,209.94,209.96,208.9,209.0,169964
2026-04-09 15:15:00,209.0,209.0,207.74,208.0,299246
2026-04-09 15:20:00,208.0,208.0,207.53,207.92,110608
2026-04-09 15:25:00,207.92,208.0,207.8,207.94,84075
2026-04-10 09:15:00,210.01,213.2,209.8,212.04,261868
2026-04-10 09:20:00,212.03,212.1,211.32,211.44,159907
2026-04-10 09:25:00,211.7,212.1,211.7,211.91,82690
2026-04-10 09:30:00,211.91,212.66,211.81,212.08,102184
2026-04-10 09:35:00,212.08,212.46,211.5,212.31,62782
2026-04-10 09:40:00,212.31,212.45,212.11,212.11,67228
2026-04-10 09:45:00,212.11,212.49,212.0,212.35,55854
2026-04-10 09:50:00,212.34,212.8,212.34,212.46,63254
2026-04-10 09:55:00,212.46,212.75,212.34,212.34,46294
2026-04-10 10:00:00,212.34,213.0,212.21,212.21,137434
2026-04-10 10:05:00,212.22,212.77,211.9,212.26,68993
2026-04-10 10:10:00,212.36,213.1,212.35,213.0,58664
2026-04-10 10:15:00,213.0,213.28,212.79,213.22,51889
2026-04-10 10:20:00,213.1,213.75,213.05,213.4,86377
2026-04-10 10:25:00,213.4,213.43,212.8,212.97,60506
2026-04-10 10:30:00,212.97,213.13,212.85,213.0,26610
2026-04-10 10:35:00,213.0,213.36,212.9,213.2,18593
2026-04-10 10:40:00,213.2,213.27,213.05,213.14,11240
2026-04-10 10:45:00,213.14,213.17,212.68,212.7,27834
2026-04-10 10:50:00,212.7,212.75,212.4,212.43,13316
2026-04-10 10:55:00,212.43,212.54,212.3,212.47,17152
2026-04-10 11:00:00,212.48,212.65,212.4,212.51,9946
2026-04-10 11:05:00,212.51,213.12,212.42,212.93,15689
2026-04-10 11:10:00,213.05,213.36,212.9,213.33,23484
2026-04-10 11:15:00,213.23,214.45,213.23,214.44,133870
2026-04-10 11:20:00,214.35,214.99,214.3,214.3,137275
2026-04-10 11:25:00,214.41,214.85,214.25,214.38,54212
2026-04-10 11:30:00,214.21,214.65,214.21,214.37,29441
2026-04-10 11:35:00,214.37,214.5,214.12,214.13,25449
2026-04-10 11:40:00,214.3,214.3,213.97,214.2,28477
2026-04-10 11:45:00,214.2,214.2,213.53,213.78,32510
2026-04-10 11:50:00,213.78,214.2,213.78,213.99,24370
2026-04-10 11:55:00,214.0,214.1,213.86,214.1,17742
2026-04-10 12:00:00,214.09,214.98,213.98,214.94,71820
2026-04-10 12:05:00,214.91,215.2,214.8,214.98,135730
2026-04-10 12:10:00,214.98,214.99,214.75,214.81,19674
2026-04-10 12:15:00,214.81,214.9,214.55,214.64,16791
2026-04-10 12:20:00,214.64,214.75,214.47,214.75,14722
2026-04-10 12:25:00,215.0,215.0,214.68,214.98,32203
2026-04-10 12:30:00,214.98,215.0,214.61,214.88,26041
2026-04-10 12:35:00,215.0,215.0,214.79,214.85,17993
2026-04-10 12:40:00,214.99,215.0,214.41,214.68,25964
2026-04-10 12:45:00,214.71,215.0,214.4,214.95,23739
2026-04-10 12:50:00,214.88,214.9,214.63,214.7,14306
2026-04-10 12:55:00,214.8,215.19,214.56,214.68,72283
2026-04-10 13:00:00,214.6,214.86,214.47,214.7,47618
2026-04-10 13:05:00,214.7,215.2,214.69,215.07,17223
2026-04-10 13:10:00,215.13,215.17,214.67,214.77,46270
2026-04-10 13:15:00,214.91,215.13,214.7,214.7,20903
2026-04-10 13:20:00,214.7,214.78,214.03,214.04,35882
2026-04-10 13:25:00,214.04,214.5,214.04,214.28,23961
2026-04-10 13:30:00,214.28,214.43,214.12,214.25,20858
2026-04-10 13:35:00,214.31,214.31,214.12,214.2,11584
2026-04-10 13:40:00,214.2,214.6,214.1,214.5,21746
2026-04-10 13:45:00,214.51,214.67,214.26,214.43,13909
2026-04-10 13:50:00,214.46,214.47,214.1,214.39,12081
2026-04-10 13:55:00,214.44,214.6,214.25,214.57,14150
2026-04-10 14:00:00,214.59,214.81,214.33,214.81,21053
2026-04-10 14:05:00,214.81,214.85,214.6,214.8,15113
2026-04-10 14:10:00,214.8,214.8,214.31,214.41,23468
2026-04-10 14:15:00,214.4,214.41,213.05,213.86,153691
2026-04-10 14:20:00,213.85,213.93,213.5,213.57,21409
2026-04-10 14:25:00,213.57,213.59,213.11,213.5,32437
2026-04-10 14:30:00,213.45,213.62,213.18,213.36,25042
2026-04-10 14:35:00,213.47,213.47,213.06,213.29,28086
2026-04-10 14:40:00,213.29,213.49,213.17,213.41,12378
2026-04-10 14:45:00,213.41,213.45,212.92,213.45,55777
2026-04-10 14:50:00,213.48,213.5,213.21,213.4,15410
2026-04-10 14:55:00,213.5,213.9,213.5,213.9,15317
2026-04-10 15:00:00,213.84,213.84,213.43,213.55,60853
2026-04-10 15:05:00,213.55,213.7,213.45,213.67,60156
2026-04-10 15:10:00,213.64,213.68,213.29,213.41,70912
2026-04-10 15:15:00,213.47,214.0,213.41,213.8,97111
2026-04-10 15:20:00,213.85,214.43,213.58,214.21,129580
2026-04-10 15:25:00,214.28,214.35,213.61,213.75,86373
2026-04-13 09:15:00,210.0,210.0,206.23,208.0,269801
2026-04-13 09:20:00,208.33,209.22,208.32,208.63,126584
2026-04-13 09:25:00,208.63,209.36,208.62,209.1,62012
2026-04-13 09:30:00,209.1,210.08,208.9,209.89,101685
2026-04-13 09:35:00,209.9,209.9,208.29,208.4,72923
2026-04-13 09:40:00,208.55,209.7,208.49,209.36,28467
2026-04-13 09:45:00,209.36,209.6,209.13,209.59,26102
2026-04-13 09:50:00,209.59,209.9,209.45,209.9,36527
2026-04-13 09:55:00,209.81,210.2,209.81,210.1,21412
2026-04-13 10:00:00,210.1,211.5,209.61,211.07,81800
2026-04-13 10:05:00,211.07,213.29,211.04,213.29,147361
2026-04-13 10:10:00,213.28,214.28,213.02,213.48,132821
2026-04-13 10:15:00,213.26,213.6,212.89,213.5,53428
2026-04-13 10:20:00,213.51,214.3,213.5,214.18,59646
2026-04-13 10:25:00,214.35,215.73,214.35,215.3,135232
2026-04-13 10:30:00,215.17,215.8,214.01,215.45,161048
2026-04-13 10:35:00,215.45,215.75,215.11,215.19,54004
2026-04-13 10:40:00,215.3,215.42,214.34,215.03,61509
2026-04-13 10:45:00,215.03,216.3,215.03,216.25,63846
2026-04-13 10:50:00,216.16,216.55,216.01,216.51,73903
2026-04-13 10:55:00,216.4,216.69,216.25,216.4,47426
2026-04-13 11:00:00,216.4,216.8,216.06,216.59,73409
2026-04-13 11:05:00,216.73,217.65,216.61,217.65,116983
2026-04-13 11:10:00,217.65,219.02,217.4,218.43,227756
2026-04-13 11:15:00,218.5,218.75,217.78,218.53,86023
2026-04-13 11:20:00,218.55,218.69,218.16,218.46,69204
2026-04-13 11:25:00,218.47,218.65,218.31,218.49,21653
2026-04-13 11:30:00,218.33,218.49,217.8,218.26,65903
2026-04-13 11:35:00,218.28,219.2,218.28,218.69,79551
2026-04-13 11:40:00,218.59,218.76,218.07,218.3,50635
2026-04-13 11:45:00,218.3,218.61,218.11,218.34,27457
2026-04-13 11:50:00,218.34,218.39,217.81,218.03,22306
2026-04-13 11:55:00,218.03,218.26,217.67,217.75,52548
2026-04-13 12:00:00,217.87,217.91,217.3,217.41,35236
2026-04-13 12:05:00,217.41,217.76,217.11,217.11,50791
2026-04-13 12:10:00,217.11,217.4,216.91,216.91,24872
2026-04-13 12:15:00,216.49,217.02,216.44,216.85,66193
2026-04-13 12:20:00,216.85,217.0,216.56,216.64,18893
2026-04-13 12:25:00,216.53,217.37,216.52,217.09,53643
2026-04-13 12:30:00,217.11,217.2,216.36,216.46,16997
2026-04-13 12:35:00,216.46,216.84,216.35,216.8,29903
2026-04-13 12:40:00,216.8,216.8,216.5,216.57,5178
2026-04-13 12:45:00,216.57,216.75,216.35,216.35,17290
2026-04-13 12:50:00,216.35,216.76,216.3,216.41,17458
2026-04-13 12:55:00,216.41,216.74,215.63,216.07,45514
2026-04-13 13:00:00,216.05,216.07,215.11,215.76,69825
2026-04-13 13:05:00,215.76,215.9,215.57,215.8,13567
2026-04-13 13:10:00,215.8,216.5,215.77,216.28,44053
2026-04-13 13:15:00,216.28,216.28,215.65,215.99,16384
2026-04-13 13:20:00,215.85,216.27,215.72,216.27,17948
2026-04-13 13:25:00,216.27,216.48,216.08,216.2,7751
2026-04-13 13:30:00,216.2,216.85,216.08,216.72,19097
2026-04-13 13:35:00,216.72,216.76,216.4,216.45,12067
2026-04-13 13:40:00,216.45,216.74,216.27,216.5,30593
2026-04-13 13:45:00,216.5,216.5,216.12,216.25,7328
2026-04-13 13:50:00,216.25,217.88,216.25,217.63,88601
2026-04-13 13:55:00,217.6,217.79,217.4,217.7,25115
2026-04-13 14:00:00,217.7,217.95,217.21,217.31,59112
2026-04-13 14:05:00,217.31,217.7,216.99,217.58,49712
2026-04-13 14:10:00,217.58,217.77,217.38,217.73,17296
2026-04-13 14:15:00,217.51,217.79,217.38,217.55,29226
2026-04-13 14:20:00,217.53,218.73,217.52,218.47,74645
2026-04-13 14:25:00,218.34,218.74,218.34,218.47,39825
2026-04-13 14:30:00,218.5,218.71,218.2,218.38,87258
2026-04-13 14:35:00,218.23,218.5,218.23,218.47,41352
2026-04-13 14:40:00,218.38,218.7,218.25,218.53,70928
2026-04-13 14:45:00,218.53,218.66,218.25,218.25,36513
2026-04-13 14:50:00,218.25,218.4,217.52,217.61,67472
2026-04-13 14:55:00,217.7,218.18,217.5,217.71,45829
2026-04-13 15:00:00,217.8,218.12,217.31,218.1,96009
2026-04-13 15:05:00,218.1,218.1,217.31,217.35,79759
2026-04-13 15:10:00,217.4,218.09,217.32,217.32,73965
2026-04-13 15:15:00,217.3,217.79,217.15,217.74,95109
2026-04-13 15:20:00,217.74,217.74,217.12,217.5,108605
2026-04-13 15:25:00,217.55,218.0,216.5,216.5,138111
2026-04-15 09:15:00,220.2,222.8,219.73,221.99,283711
2026-04-15 09:20:00,221.9,222.14,221.06,221.73,145017
2026-04-15 09:25:00,221.67,221.86,220.72,221.25,108630
2026-04-15 09:30:00,221.2,222.29,221.14,221.78,104875
2026-04-15 09:35:00,221.97,221.99,221.5,221.82,54197
2026-04-15 09:40:00,221.82,222.3,221.82,222.07,67981
2026-04-15 09:45:00,222.0,222.35,221.91,221.96,36107
2026-04-15 09:50:00,221.96,222.48,221.91,222.47,44521
2026-04-15 09:55:00,222.47,222.49,221.93,222.49,58149
2026-04-15 10:00:00,222.5,223.0,222.05,222.22,120720
2026-04-15 10:05:00,222.17,222.45,222.0,222.4,30550
2026-04-15 10:10:00,222.25,222.51,221.91,222.02,45132
2026-04-15 10:15:00,222.15,222.16,221.9,221.9,55515
2026-04-15 10:20:00,222.02,222.02,221.48,221.5,33397
2026-04-15 10:25:00,221.48,221.69,221.25,221.44,33828
2026-04-15 10:30:00,221.44,221.79,221.37,221.79,22966
2026-04-15 10:35:00,221.79,221.98,221.58,221.67,8754
2026-04-15 10:40:00,221.67,221.97,221.61,221.61,10111
2026-04-15 10:45:00,221.61,221.62,221.31,221.48,19834
2026-04-15 10:50:00,221.48,221.55,221.31,221.35,14735
2026-04-15 10:55:00,221.33,221.47,221.3,221.45,6877
2026-04-15 11:00:00,221.45,221.45,221.21,221.22,11461
2026-04-15 11:05:00,221.22,221.44,221.21,221.38,11508
2026-04-15 11:10:00,221.38,221.86,221.22,221.7,16321
2026-04-15 11:15:00,221.85,222.91,221.4,221.52,115465
2026-04-15 11:20:00,221.34,221.64,221.3,221.31,22667
2026-04-15 11:25:00,221.49,221.55,221.31,221.4,17011
2026-04-15 11:30:00,221.4,221.49,221.35,221.36,9672
2026-04-15 11:35:00,221.47,221.65,221.34,221.5,5329
2026-04-15 11:40:00,221.5,221.61,221.4,221.6,6148
2026-04-15 11:45:00,221.6,221.85,221.45,221.85,8397
2026-04-15 11:50:00,221.85,221.97,221.61,221.7,9446
2026-04-15 11:55:00,221.76,221.85,221.6,221.75,9817
2026-04-15 12:00:00,221.75,222.39,221.7,222.0,26286
2026-04-15 12:05:00,222.0,222.03,221.82,222.02,11146
2026-04-15 12:10:00,222.03,222.29,221.97,222.21,33766
2026-04-15 12:15:00,222.29,222.46,222.21,222.21,13330
2026-04-15 12:20:00,222.22,222.38,222.03,222.12,23087
2026-04-15 12:25:00,222.08,222.21,222.01,222.03,8675
2026-04-15 12:30:00,222.15,222.15,221.83,222.0,7396
2026-04-15 12:35:00,222.0,222.0,221.83,221.9,9563
2026-04-15 12:40:00,221.9,222.0,221.7,221.8,7265
2026-04-15 12:45:00,221.8,221.92,221.55,221.68,17533
2026-04-15 12:50:00,221.68,221.8,221.51,221.55,6364
2026-04-15 12:55:00,221.51,221.76,221.39,221.5,50318
2026-04-15 13:00:00,221.35,221.66,221.19,221.66,18199
2026-04-15 13:05:00,221.66,221.66,221.5,221.63,11434
2026-04-15 13:10:00,221.63,221.63,221.41,221.5,16165
2026-04-15 13:15:00,221.5,221.5,221.11,221.2,51153
2026-04-15 13:20:00,221.19,221.76,221.13,221.21,49309
2026-04-15 13:25:00,221.21,221.67,221.21,221.42,9213
2026-04-15 13:30:00,221.31,221.52,221.17,221.37,15952
2026-04-15 13:35:00,221.37,221.59,221.18,221.34,17393
2026-04-15 13:40:00,221.2,221.43,221.15,221.32,10055
2026-04-15 13:45:00,221.29,221.34,221.02,221.26,24800
2026-04-15 13:50:00,221.26,221.3,220.55,220.87,36070
2026-04-15 13:55:00,220.87,221.6,220.63,221.32,23976
2026-04-15 14:00:00,221.32,221.37,221.01,221.01,7915
2026-04-15 14:05:00,221.01,221.35,221.01,221.2,21732
2026-04-15 14:10:00,221.17,221.31,221.05,221.19,5771
2026-04-15 14:15:00,221.2,221.32,220.87,220.98,18419
2026-04-15 14:20:00,220.98,221.05,220.61,220.67,17977
2026-04-15 14:25:00,220.61,220.94,220.55,220.66,14829
2026-04-15 14:30:00,220.66,220.76,220.65,220.71,9444
2026-04-15 14:35:00,220.71,220.8,220.51,220.51,11746
2026-04-15 14:40:00,220.51,220.68,220.41,220.46,26215
2026-04-15 14:45:00,220.5,220.68,220.31,220.31,37247
2026-04-15 14:50:00,220.31,220.46,220.19,220.26,59206
2026-04-15 14:55:00,220.26,220.39,220.13,220.16,18005
2026-04-15 15:00:00,220.19,220.9,220.19,220.84,35877
2026-04-15 15:05:00,220.8,220.87,220.46,220.57,62219
2026-04-15 15:10:00,220.6,220.89,220.1,220.1,105541
2026-04-15 15:15:00,220.11,220.11,219.0,219.71,135311
2026-04-15 15:20:00,219.69,219.73,219.2,219.36,102715
2026-04-15 15:25:00,219.36,219.5,219.05,219.49,77431
2026-04-16 09:15:00,223.0,223.0,221.06,221.99,159913
2026-04-16 09:20:00,221.8,221.89,221.12,221.5,103140
2026-04-16 09:25:00,221.51,221.74,221.0,221.14,39428
2026-04-16 09:30:00,221.23,221.42,221.0,221.04,36717
2026-04-16 09:35:00,221.0,221.05,220.07,220.32,73857
2026-04-16 09:40:00,220.0,220.44,219.4,219.59,53390
2026-04-16 09:45:00,219.52,219.52,219.0,219.34,107395
2026-04-16 09:50:00,219.37,219.38,218.71,218.98,57484
2026-04-16 09:55:00,218.98,219.15,218.53,218.58,47093
2026-04-16 10:00:00,218.35,218.99,218.1,218.99,86034
2026-04-16 10:05:00,218.99,219.59,218.91,219.13,58059
2026-04-16 10:10:00,219.13,219.65,218.96,219.6,21820
2026-04-16 10:15:00,219.56,220.95,219.5,220.26,49938
2026-04-16 10:20:00,220.45,220.45,219.95,220.35,22691
2026-04-16 10:25:00,220.35,222.11,220.35,222.04,90583
2026-04-16 10:30:00,222.1,225.4,222.1,225.2,575967
2026-04-16 10:35:00,225.2,226.95,224.93,226.77,418583
2026-04-16 10:40:00,226.8,227.7,226.55,226.78,491040
2026-04-16 10:45:00,226.96,227.3,225.7,226.22,307437
2026-04-16 10:50:00,226.22,227.2,226.18,226.44,225458
2026-04-16 10:55:00,226.33,228.8,226.33,228.5,567478
2026-04-16 11:00:00,228.41,229.45,226.83,226.88,560222
2026-04-16 11:05:00,227.02,227.94,227.02,227.33,100061
2026-04-16 11:10:00,227.13,227.75,227.03,227.44,83839
2026-04-16 11:15:00,227.55,227.65,227.1,227.3,47541
2026-04-16 11:20:00,227.3,227.49,226.6,226.67,78649
2026-04-16 11:25:00,226.66,226.85,225.95,226.2,91186
2026-04-16 11:30:00,226.2,226.36,225.51,225.63,73090
2026-04-16 11:35:00,225.55,225.86,225.2,225.31,76403
2026-04-16 11:40:00,225.31,225.44,224.72,225.2,72807
2026-04-16 11:45:00,225.1,225.27,223.87,224.06,143212
2026-04-16 11:50:00,224.2,224.44,224.06,224.22,24108
2026-04-16 11:55:00,224.14,224.21,223.55,223.69,62084
2026-04-16 12:00:00,223.7,223.97,223.4,223.41,54081
2026-04-16 12:05:00,223.4,223.85,223.36,223.75,39122
2026-04-16 12:10:00,223.75,224.0,223.62,223.8,44703
2026-04-16 12:15:00,223.8,224.7,223.6,224.5,42143
2026-04-16 12:20:00,224.53,224.8,224.01,224.05,44789
2026-04-16 12:25:00,224.03,224.03,223.81,223.83,10855
2026-04-16 12:30:00,223.94,223.95,223.6,223.72,47025
2026-04-16 12:35:00,223.7,224.21,223.51,224.19,35510
2026-04-16 12:40:00,224.19,224.71,223.96,224.42,81886
2026-04-16 12:45:00,224.42,224.69,224.04,224.59,35879
2026-04-16 12:50:00,224.59,225.4,224.08,225.12,100057
2026-04-16 12:55:00,225.23,226.21,224.8,226.21,97640
2026-04-16 13:00:00,226.04,228.7,226.04,228.69,293990
2026-04-16 13:05:00,228.69,230.0,228.06,228.32,710397
2026-04-16 13:10:00,228.14,228.9,227.53,228.44,214205
2026-04-16 13:15:00,228.44,228.49,227.8,228.02,90520
2026-04-16 13:20:00,228.04,228.15,226.97,227.09,90121
2026-04-16 13:25:00,227.01,227.55,227.0,227.43,49796
2026-04-16 13:30:00,227.43,227.47,227.08,227.2,50538
2026-04-16 13:35:00,227.2,227.35,227.02,227.35,30190
2026-04-16 13:40:00,227.35,227.49,227.08,227.3,53977
2026-04-16 13:45:00,227.44,228.5,227.31,228.21,82340
2026-04-16 13:50:00,228.17,229.45,228.17,229.0,134551
2026-04-16 13:55:00,229.1,229.1,228.0,228.42,92694
2026-04-16 14:00:00,228.45,228.6,227.76,227.76,45856
2026-04-16 14:05:00,227.83,227.83,227.42,227.71,55907
2026-04-16 14:10:00,227.71,227.8,227.4,227.72,22116
2026-04-16 14:15:00,227.72,228.3,227.41,227.95,51087
2026-04-16 14:20:00,227.98,228.7,227.53,228.39,72652
2026-04-16 14:25:00,228.39,230.0,228.26,229.12,563035
2026-04-16 14:30:00,228.9,229.35,228.71,229.0,220553
2026-04-16 14:35:00,228.98,229.21,228.81,229.13,92181
2026-04-16 14:40:00,228.88,229.17,228.71,228.82,164189
2026-04-16 14:45:00,228.76,228.99,228.6,228.98,65601
2026-04-16 14:50:00,228.85,229.15,228.65,228.8,76738
2026-04-16 14:55:00,228.8,228.8,228.25,228.4,97807
2026-04-16 15:00:00,228.41,228.8,228.35,228.77,81832
2026-04-16 15:05:00,228.7,228.99,228.69,228.76,110852
2026-04-16 15:10:00,228.8,229.17,228.49,228.99,236512
2026-04-16 15:15:00,228.99,229.0,227.7,228.1,306207
2026-04-16 15:20:00,228.14,228.56,227.55,228.2,293446
2026-04-16 15:25:00,228.2,228.3,227.77,227.88,231575
2026-04-17 09:15:00,230.1,239.65,229.48,239.1,2007781
2026-04-17 09:20:00,239.1,244.0,238.25,243.86,2355041
2026-04-17 09:25:00,243.83,245.7,240.74,241.16,2566619
2026-04-17 09:30:00,241.0,243.5,238.54,243.22,1679607
2026-04-17 09:35:00,243.21,243.76,240.97,241.86,822300
2026-04-17 09:40:00,241.86,241.9,239.25,239.68,565596
2026-04-17 09:45:00,239.7,240.15,238.0,238.52,606727
2026-04-17 09:50:00,238.65,239.4,238.0,238.22,300878
2026-04-17 09:55:00,238.01,238.55,237.35,238.29,270478
2026-04-17 10:00:00,238.28,238.5,237.49,238.14,205844
2026-04-17 10:05:00,238.25,239.98,238.01,239.5,362619
2026-04-17 10:10:00,239.32,241.57,238.83,241.47,324139
2026-04-17 10:15:00,241.57,242.66,241.49,241.93,520332
2026-04-17 10:20:00,241.8,242.52,241.66,241.8,290076
2026-04-17 10:25:00,241.9,242.99,241.31,242.6,346518
2026-04-17 10:30:00,242.51,245.0,242.01,244.07,1189429
2026-04-17 10:35:00,244.07,244.22,241.8,241.98,377142
2026-04-17 10:40:00,241.83,242.2,241.51,242.1,127931
2026-04-17 10:45:00,241.86,242.06,241.2,241.52,157843
2026-04-17 10:50:00,241.58,242.99,241.5,242.37,189501
2026-04-17 10:55:00,242.24,242.49,241.78,242.0,100755
2026-04-17 11:00:00,242.0,242.21,240.51,240.9,189765
2026-04-17 11:05:00,240.9,241.25,240.4,240.85,112486
2026-04-17 11:10:00,240.85,241.18,240.66,240.72,55973
2026-04-17 11:15:00,240.85,242.1,240.7,242.06,97505
2026-04-17 11:20:00,242.05,242.11,241.01,241.26,147662
2026-04-17 11:25:00,241.3,241.3,240.61,240.89,83724
2026-04-17 11:30:00,240.75,241.5,240.61,241.4,42377
2026-04-17 11:35:00,241.31,241.44,240.52,240.86,63541
2026-04-17 11:40:00,240.8,240.93,240.64,240.9,24028
2026-04-17 11:45:00,240.9,241.0,240.52,240.9,44356
2026-04-17 11:50:00,240.81,240.92,240.31,240.61,59482
2026-04-17 11:55:00,240.5,242.02,240.32,241.86,113917
2026-04-17 12:00:00,241.86,244.83,241.65,244.4,430882
2026-04-17 12:05:00,244.42,247.56,243.95,244.25,1741525
2026-04-17 12:10:00,244.4,245.19,242.8,243.24,672312
2026-04-17 12:15:00,243.39,244.6,242.7,242.7,246111
2026-04-17 12:20:00,242.82,244.0,242.71,243.17,163700
2026-04-17 12:25:00,243.28,243.6,243.01,243.01,85872
2026-04-17 12:30:00,243.01,244.0,243.01,243.37,161294
2026-04-17 12:35:00,243.37,243.84,242.18,242.45,200660
2026-04-17 12:40:00,242.3,242.83,242.3,242.68,43026
2026-04-17 12:45:00,242.68,243.0,242.54,242.82,52725
2026-04-17 12:50:00,242.97,243.09,242.2,242.32,49779
2026-04-17 12:55:00,242.32,242.8,242.22,242.6,35016
2026-04-17 13:00:00,242.65,242.96,242.43,242.77,40177
2026-04-17 13:05:00,242.77,242.89,242.1,242.3,51414
2026-04-17 13:10:00,242.2,242.34,241.06,241.57,213055
2026-04-17 13:15:00,241.57,241.69,241.01,241.6,63098
2026-04-17 13:20:00,241.5,241.7,241.47,241.68,27685
2026-04-17 13:25:00,241.4,241.49,240.49,241.22,129826
2026-04-17 13:30:00,241.3,241.35,240.96,241.2,93595
2026-04-17 13:35:00,241.19,241.7,241.04,241.35,56177
2026-04-17 13:40:00,241.35,241.85,241.0,241.25,46013
2026-04-17 13:45:00,241.25,241.35,240.69,240.74,31572
2026-04-17 13:50:00,240.95,241.01,240.57,240.69,76701
2026-04-17 13:55:00,240.51,240.78,239.16,239.8,408059
2026-04-17 14:00:00,239.8,240.0,239.5,239.5,76106
2026-04-17 14:05:00,239.5,239.77,239.0,239.36,65459
2026-04-17 14:10:00,239.26,239.5,238.8,238.91,83457
2026-04-17 14:15:00,238.91,239.3,238.7,239.15,75844
2026-04-17 14:20:00,239.16,239.44,239.04,239.14,57044
2026-04-17 14:25:00,239.14,239.3,238.86,239.0,80925
2026-04-17 14:30:00,239.0,239.69,238.62,238.62,87547
2026-04-17 14:35:00,238.62,238.99,238.49,238.86,62426
2026-04-17 14:40:00,238.75,238.88,238.32,238.7,92934
2026-04-17 14:45:00,238.75,240.6,238.51,240.51,232918
2026-04-17 14:50:00,240.5,241.73,240.5,241.65,243602
2026-04-17 14:55:00,241.65,241.86,240.87,241.38,196137
2026-04-17 15:00:00,241.31,242.48,240.39,242.0,336760
2026-04-17 15:05:00,241.79,242.8,241.61,242.5,367654
2026-04-17 15:10:00,242.66,243.09,241.1,241.22,317367
2026-04-17 15:15:00,241.23,242.25,241.1,241.9,313901
2026-04-17 15:20:00,242.02,242.6,241.31,241.5,349953
2026-04-17 15:25:00,241.43,241.74,239.99,240.75,338625
2026-04-20 09:15:00,241.0,241.39,236.71,240.63,423683
2026-04-20 09:20:00,240.78,244.65,240.76,243.79,435515
2026-04-20 09:25:00,243.54,244.18,242.36,242.8,286786
2026-04-20 09:30:00,242.8,243.6,242.3,243.23,136003
2026-04-20 09:35:00,243.03,244.07,241.16,241.4,185258
2026-04-20 09:40:00,241.69,243.37,241.25,242.3,140882
2026-04-20 09:45:00,242.23,242.95,241.63,242.82,109068
2026-04-20 09:50:00,243.38,244.8,243.14,244.1,312695
2026-04-20 09:55:00,244.58,244.6,242.67,242.67,108528
2026-04-20 10:00:00,242.65,243.87,242.55,243.77,74098
2026-04-20 10:05:00,243.58,245.9,243.2,245.55,221674
2026-04-20 10:10:00,245.8,247.0,245.13,246.59,348552
2026-04-20 10:15:00,246.6,247.4,245.35,245.5,349778
2026-04-20 10:20:00,245.4,246.45,245.2,246.27,93311
2026-04-20 10:25:00,246.11,246.98,245.6,246.2,179126
2026-04-20 10:30:00,246.23,247.33,246.17,247.33,145988
2026-04-20 10:35:00,247.14,247.8,246.75,247.12,171398
2026-04-20 10:40:00,246.93,247.47,246.51,246.84,150381
2026-04-20 10:45:00,246.84,247.0,245.3,245.4,142528
2026-04-20 10:50:00,245.35,245.4,244.3,244.4,114417
2026-04-20 10:55:00,244.4,245.26,244.04,244.85,204033
2026-04-20 11:00:00,244.99,245.97,244.77,245.82,42345
2026-04-20 11:05:00,245.85,246.33,245.55,246.33,59789
2026-04-20 11:10:00,246.33,247.16,246.25,246.84,87753
2026-04-20 11:15:00,246.88,247.3,246.68,247.0,84978
2026-04-20 11:20:00,247.0,247.8,247.0,247.65,115939
2026-04-20 11:25:00,247.65,249.67,247.25,249.47,458922
2026-04-20 11:30:00,249.47,249.7,247.1,247.89,221437
2026-04-20 11:35:00,247.87,248.8,247.51,247.51,102573
2026-04-20 11:40:00,247.51,247.82,247.2,247.22,38377
2026-04-20 11:45:00,247.22,247.26,246.59,246.9,47329
2026-04-20 11:50:00,246.9,247.1,246.57,246.78,41182
2026-04-20 11:55:00,246.81,247.0,246.69,246.8,20300
2026-04-20 12:00:00,246.8,246.91,246.23,246.39,40423
2026-04-20 12:05:00,246.27,246.75,246.1,246.45,37543
2026-04-20 12:10:00,246.45,246.8,246.15,246.2,25607
2026-04-20 12:15:00,246.2,246.77,246.1,246.44,34936
2026-04-20 12:20:00,246.44,246.71,246.25,246.38,28286
2026-04-20 12:25:00,246.38,246.6,246.2,246.49,23366
2026-04-20 12:30:00,246.49,246.82,246.37,246.46,16571
2026-04-20 12:35:00,246.46,246.59,246.1,246.33,32558
2026-04-20 12:40:00,246.31,246.36,246.1,246.2,15252
2026-04-20 12:45:00,246.2,246.3,245.9,246.0,45107
2026-04-20 12:50:00,245.9,246.0,245.2,245.65,59292
2026-04-20 12:55:00,245.5,245.86,245.5,245.6,32448
2026-04-20 13:00:00,245.6,245.74,245.22,245.37,37848
2026-04-20 13:05:00,245.37,245.89,245.22,245.37,56094
2026-04-20 13:10:00,245.37,245.63,245.21,245.51,30215
2026-04-20 13:15:00,245.41,245.86,245.25,245.25,37335
2026-04-20 13:20:00,245.21,245.25,244.01,244.01,100985
2026-04-20 13:25:00,244.03,244.08,243.14,243.77,229848
2026-04-20 13:30:00,243.77,244.03,243.2,243.47,85580
2026-04-20 13:35:00,243.62,243.62,243.0,243.17,58465
2026-04-20 13:40:00,243.16,243.3,242.82,242.94,62832
2026-04-20 13:45:00,242.94,244.0,242.62,243.62,62939
2026-04-20 13:50:00,243.62,243.9,243.6,243.9,57360
2026-04-20 13:55:00,243.74,244.08,243.25,243.25,30171
2026-04-20 14:00:00,243.25,243.61,242.95,243.61,36471
2026-04-20 14:05:00,243.61,243.61,242.62,242.76,20393
2026-04-20 14:10:00,242.76,243.09,242.69,242.94,40488
2026-04-20 14:15:00,242.94,244.23,242.86,243.87,66572
2026-04-20 14:20:00,243.87,244.54,243.27,244.05,58106
2026-04-20 14:25:00,244.09,244.47,243.85,244.26,38893
2026-04-20 14:30:00,244.34,244.44,244.1,244.25,20316
2026-04-20 14:35:00,244.25,244.46,243.61,243.61,31180
2026-04-20 14:40:00,243.72,243.72,243.12,243.12,25371
2026-04-20 14:45:00,243.12,243.61,242.98,243.12,61214
2026-04-20 14:50:00,243.12,243.3,243.03,243.2,17171
2026-04-20 14:55:00,243.2,243.3,242.9,243.12,30592
2026-04-20 15:00:00,243.11,243.29,242.65,242.95,72984
2026-04-20 15:05:00,243.0,243.03,242.0,242.33,210717
2026-04-20 15:10:00,242.4,242.68,242.32,242.6,87344
2026-04-20 15:15:00,242.61,242.71,241.83,241.99,136531
2026-04-20 15:20:00,241.99,242.18,241.15,241.35,167980
2026-04-20 15:25:00,241.36,242.0,240.1,241.0,191330
2026-04-21 09:15:00,243.0,245.72,242.25,244.44,404718
2026-04-21 09:20:00,244.44,247.46,244.44,245.3,264852
2026-04-21 09:25:00,245.77,245.77,244.01,244.23,94521
2026-04-21 09:30:00,244.12,244.75,243.86,244.5,56584
2026-04-21 09:35:00,244.41,245.52,244.4,245.38,77943
2026-04-21 09:40:00,245.5,245.68,245.0,245.59,56981
2026-04-21 09:45:00,245.78,246.9,245.41,246.4,89596
2026-04-21 09:50:00,246.41,247.1,246.23,246.62,148151
2026-04-21 09:55:00,246.62,247.0,246.42,246.59,151176
2026-04-21 10:00:00,246.66,247.0,246.61,246.94,57412
2026-04-21 10:05:00,246.94,247.64,246.94,247.39,146520
2026-04-21 10:10:00,247.39,247.59,246.07,246.9,130291
2026-04-21 10:15:00,246.9,247.04,245.94,246.18,80549
2026-04-21 10:20:00,246.2,246.39,245.87,245.95,36804
2026-04-21 10:25:00,245.95,245.99,245.5,245.99,41245
2026-04-21 10:30:00,245.99,246.0,245.78,246.0,22263
2026-04-21 10:35:00,245.87,245.99,245.5,245.6,23536
2026-04-21 10:40:00,245.51,245.86,245.51,245.71,16646
2026-04-21 10:45:00,245.85,245.85,245.55,245.64,15173
2026-04-21 10:50:00,245.64,245.75,245.3,245.31,35816
2026-04-21 10:55:00,245.31,245.87,245.31,245.53,38421
2026-04-21 11:00:00,245.47,245.73,245.3,245.45,17383
2026-04-21 11:05:00,245.5,245.96,245.33,245.61,11985
2026-04-21 11:10:00,245.61,245.61,245.31,245.36,17126
2026-04-21 11:15:00,245.36,245.73,245.35,245.5,57549
2026-04-21 11:20:00,245.52,245.71,244.8,244.81,35683
2026-04-21 11:25:00,244.92,245.17,244.51,244.54,22232
2026-04-21 11:30:00,244.51,244.64,243.4,243.4,159091
2026-04-21 11:35:00,243.58,243.94,243.3,243.84,30800
2026-04-21 11:40:00,243.75,244.38,243.65,244.15,63604
2026-04-21 11:45:00,244.15,244.55,244.13,244.13,20756
2026-04-21 11:50:00,244.13,244.35,243.85,243.85,14650
2026-04-21 11:55:00,243.87,244.02,243.5,243.64,36164
2026-04-21 12:00:00,243.75,244.2,243.6,244.0,15900
2026-04-21 12:05:00,244.0,244.7,243.9,244.5,36613
2026-04-21 12:10:00,244.66,244.7,244.0,244.25,62028
2026-04-21 12:15:00,244.25,244.25,243.62,244.25,36146
2026-04-21 12:20:00,244.17,244.25,244.0,244.13,18010
2026-04-21 12:25:00,244.13,244.21,243.93,244.04,3606
2026-04-21 12:30:00,244.04,244.19,243.84,243.87,8109
2026-04-21 12:35:00,243.98,244.19,243.5,243.91,33006
2026-04-21 12:40:00,244.0,244.5,243.72,244.18,47776
2026-04-21 12:45:00,244.18,244.38,244.02,244.16,14243
2026-04-21 12:50:00,244.23,244.23,243.85,243.88,11392
2026-04-21 12:55:00,243.88,244.19,243.81,244.01,6944
2026-04-21 13:00:00,244.05,244.15,243.7,243.71,14813
2026-04-21 13:05:00,243.72,244.06,243.67,243.97,20521
2026-04-21 13:10:00,243.92,244.0,243.6,243.75,10711
2026-04-21 13:15:00,243.75,243.88,243.65,243.8,8736
2026-04-21 13:20:00,243.87,243.93,243.64,243.77,9584
2026-04-21 13:25:00,243.77,243.9,243.6,243.63,11532
2026-04-21 13:30:00,243.82,243.9,243.6,243.65,15327
2026-04-21 13:35:00,243.65,243.66,243.25,243.42,25840
2026-04-21 13:40:00,243.26,243.44,243.0,243.0,39987
2026-04-21 13:45:00,243.0,243.29,243.0,243.06,13759
2026-04-21 13:50:00,243.06,243.52,243.0,243.52,118153
2026-04-21 13:55:00,243.52,244.37,243.45,244.33,50809
2026-04-21 14:00:00,244.33,245.5,244.0,245.28,153188
2026-04-21 14:05:00,245.31,245.6,244.03,244.03,95814
2026-04-21 14:10:00,243.98,243.98,243.6,243.86,47598
2026-04-21 14:15:00,243.79,243.79,243.34,243.63,23806
2026-04-21 14:20:00,243.63,243.63,243.48,243.51,5192
2026-04-21 14:25:00,243.51,243.64,243.37,243.45,16314
2026-04-21 14:30:00,243.59,243.59,242.84,242.97,25266
2026-04-21 14:35:00,242.97,243.2,242.9,242.91,22387
2026-04-21 14:40:00,243.0,243.15,242.54,242.7,19895
2026-04-21 14:45:00,242.7,243.07,242.54,242.89,25429
2026-04-21 14:50:00,242.8,243.09,242.74,242.91,18059
2026-04-21 14:55:00,242.91,242.99,242.51,242.88,26216
2026-04-21 15:00:00,242.88,243.21,242.54,242.6,59022
2026-04-21 15:05:00,242.56,242.98,242.55,242.95,47470
2026-04-21 15:10:00,242.93,243.46,242.88,243.15,84872
2026-04-21 15:15:00,243.15,243.49,242.88,243.44,124635
2026-04-21 15:20:00,243.43,243.84,243.2,243.65,107680
2026-04-21 15:25:00,243.65,243.95,243.34,243.44,79930
2026-04-22 09:15:00,243.0,247.2,242.8,245.27,306987
2026-04-22 09:20:00,245.15,246.62,244.37,246.01,134813
2026-04-22 09:25:00,245.72,246.3,245.05,246.08,109648
2026-04-22 09:30:00,245.83,247.75,245.83,247.56,204965
2026-04-22 09:35:00,247.35,247.79,246.5,246.66,113627
2026-04-22 09:40:00,246.74,247.41,246.23,246.92,69759
2026-04-22 09:45:00,246.88,247.15,246.4,246.89,66963
2026-04-22 09:50:00,246.89,247.0,246.5,246.87,52028
2026-04-22 09:55:00,246.95,246.98,245.41,246.38,76005
2026-04-22 10:00:00,246.25,246.29,245.5,246.08,47578
2026-04-22 10:05:00,246.19,246.28,245.57,246.02,34400
2026-04-22 10:10:00,246.02,246.37,245.7,246.03,34974
2026-04-22 10:15:00,246.02,246.25,245.7,245.87,26877
2026-04-22 10:20:00,246.03,246.34,245.65,246.21,28538
2026-04-22 10:25:00,246.19,246.49,245.97,246.16,48562
2026-04-22 10:30:00,246.03,246.15,245.49,245.64,24243
2026-04-22 10:35:00,245.64,246.38,245.36,245.96,25110
2026-04-22 10:40:00,246.12,246.2,245.51,245.71,13549
2026-04-22 10:45:00,245.71,246.55,245.52,246.49,23970
2026-04-22 10:50:00,246.49,246.49,246.01,246.28,9545
2026-04-22 10:55:00,246.2,246.38,245.4,245.67,42561
2026-04-22 11:00:00,245.67,245.88,245.48,245.59,14678
2026-04-22 11:05:00,245.59,245.7,245.1,245.1,24603
2026-04-22 11:10:00,245.25,245.25,244.54,245.02,64947
2026-04-22 11:15:00,245.1,245.12,244.52,244.89,38058
2026-04-22 11:20:00,244.89,245.27,244.67,245.24,20429
2026-04-22 11:25:00,245.24,245.61,245.24,245.45,18145
2026-04-22 11:30:00,245.32,245.84,245.29,245.65,17794
2026-04-22 11:35:00,245.65,245.9,245.48,245.7,15393
2026-04-22 11:40:00,245.7,245.87,245.48,245.64,7511
2026-04-22 11:45:00,245.64,245.75,245.21,245.75,8473
2026-04-22 11:50:00,245.62,245.75,245.5,245.75,6317
2026-04-22 11:55:00,245.7,246.55,245.67,246.5,55064
2026-04-22 12:00:00,246.6,247.0,246.5,246.9,60771
2026-04-22 12:05:00,246.92,247.45,246.81,247.25,115719
2026-04-22 12:10:00,247.25,249.8,247.25,249.62,651865
2026-04-22 12:15:00,249.62,249.62,248.59,248.77,146794
2026-04-22 12:20:00,248.54,249.8,248.5,249.5,166684
2026-04-22 12:25:00,249.5,250.39,248.55,248.74,376126
2026-04-22 12:30:00,248.74,249.3,247.95,249.3,103757
2026-04-22 12:35:00,249.5,249.84,249.0,249.06,75235
2026-04-22 12:40:00,249.14,249.3,248.81,248.98,36944
2026-04-22 12:45:00,248.8,249.0,248.0,248.13,49942
2026-04-22 12:50:00,248.13,248.36,247.83,248.18,50493
2026-04-22 12:55:00,248.05,248.32,247.76,247.8,29985
2026-04-22 13:00:00,247.81,247.96,247.58,247.85,33206
2026-04-22 13:05:00,247.85,247.86,247.18,247.3,27942
2026-04-22 13:10:00,247.3,247.94,247.06,247.86,52251
2026-04-22 13:15:00,247.96,249.1,247.75,247.87,106272
2026-04-22 13:20:00,247.87,247.9,247.36,247.8,27461
2026-04-22 13:25:00,247.8,248.4,247.66,248.38,27351
2026-04-22 13:30:00,248.38,248.39,247.98,248.0,19196
2026-04-22 13:35:00,248.0,248.27,247.98,248.2,23521
2026-04-22 13:40:00,248.1,248.26,248.0,248.23,17635
2026-04-22 13:45:00,248.25,248.25,247.91,248.14,15985
2026-04-22 13:50:00,248.13,248.13,247.86,247.98,25147
2026-04-22 13:55:00,247.91,248.18,247.55,247.58,62811
2026-04-22 14:00:00,247.69,248.0,247.41,247.51,104135
2026-04-22 14:05:00,247.5,247.6,247.21,247.41,29979
2026-04-22 14:10:00,247.4,247.45,247.2,247.4,29821
2026-04-22 14:15:00,247.27,247.48,246.81,246.95,95181
2026-04-22 14:20:00,247.0,247.39,246.98,247.33,41566
2026-04-22 14:25:00,247.3,247.4,247.05,247.24,35655
2026-04-22 14:30:00,247.18,247.49,246.6,246.7,131943
2026-04-22 14:35:00,246.5,246.64,246.4,246.47,50493
2026-04-22 14:40:00,246.5,246.59,246.4,246.43,37249
2026-04-22 14:45:00,246.6,246.6,245.95,245.95,94340
2026-04-22 14:50:00,245.8,245.99,245.7,245.79,42722
2026-04-22 14:55:00,245.79,246.0,245.61,245.72,63316
2026-04-22 15:00:00,245.72,245.85,245.35,245.4,104830
2026-04-22 15:05:00,245.38,245.7,245.2,245.7,55318
2026-04-22 15:10:00,245.7,245.79,245.46,245.75,121973
2026-04-22 15:15:00,245.75,245.75,245.47,245.5,581172
2026-04-22 15:20:00,245.5,245.82,245.37,245.43,211910
2026-04-22 15:25:00,245.5,245.61,245.2,245.5,165854
2026-04-23 09:15:00,244.2,246.3,242.8,244.34,224460
2026-04-23 09:20:00,244.24,244.9,243.5,243.97,83038
2026-04-23 09:25:00,244.11,244.11,242.44,242.73,131469
2026-04-23 09:30:00,242.52,243.29,242.19,242.94,119556
2026-04-23 09:35:00,242.72,243.73,242.05,243.01,100461
2026-04-23 09:40:00,243.15,243.43,242.55,242.57,24017
2026-04-23 09:45:00,242.57,242.78,242.23,242.61,28535
2026-04-23 09:50:00,242.61,243.09,242.54,242.59,14972
2026-04-23 09:55:00,242.5,242.8,242.12,242.32,39429
2026-04-23 10:00:00,242.24,242.41,241.6,242.14,69544
2026-04-23 10:05:00,242.24,242.56,241.88,241.88,76549
2026-04-23 10:10:00,241.99,243.64,241.2,243.5,134740
2026-04-23 10:15:00,243.68,244.49,243.02,244.4,82129
2026-04-23 10:20:00,244.2,244.87,244.17,244.68,76406
2026-04-23 10:25:00,244.59,245.1,244.01,245.1,82603
2026-04-23 10:30:00,245.1,245.15,244.38,244.6,35142
2026-04-23 10:35:00,244.6,244.69,243.55,243.55,38323
2026-04-23 10:40:00,243.55,243.93,243.37,243.93,26294
2026-04-23 10:45:00,243.93,244.0,243.47,243.8,42820
2026-04-23 10:50:00,243.65,243.87,242.95,243.8,48167
2026-04-23 10:55:00,243.72,243.85,243.04,243.55,16015
2026-04-23 11:00:00,243.55,244.5,243.55,244.33,49412
2026-04-23 11:05:00,244.33,244.62,244.09,244.43,31646
2026-04-23 11:10:00,244.43,244.6,243.83,243.83,25635
2026-04-23 11:15:00,243.83,244.1,243.62,243.67,18514
2026-04-23 11:20:00,243.67,244.0,243.58,243.58,13177
2026-04-23 11:25:00,243.5,244.01,243.48,244.01,19743
2026-04-23 11:30:00,244.04,244.21,243.5,243.7,35672
2026-04-23 11:35:00,243.7,244.1,243.5,243.84,28364
2026-04-23 11:40:00,243.63,243.83,243.3,243.64,19297
2026-04-23 11:45:00,243.45,243.93,243.21,243.8,16956
2026-04-23 11:50:00,243.8,244.62,243.8,244.62,29192
2026-04-23 11:55:00,244.62,244.98,244.46,244.93,35961
2026-04-23 12:00:00,244.93,246.65,244.78,245.99,167389
2026-04-23 12:05:00,245.93,246.06,245.31,245.77,43288
2026-04-23 12:10:00,245.77,245.87,245.49,245.6,26760
2026-04-23 12:15:00,245.55,245.86,245.21,245.49,26989
2026-04-23 12:20:00,245.49,245.65,245.21,245.44,25788
2026-04-23 12:25:00,245.44,245.44,244.65,244.88,28898
2026-04-23 12:30:00,244.79,244.79,244.39,244.39,29790
2026-04-23 12:35:00,244.39,244.92,244.38,244.92,20145
2026-04-23 12:40:00,244.92,245.0,244.35,244.46,18584
2026-04-23 12:45:00,244.46,244.71,244.32,244.6,16453
2026-04-23 12:50:00,244.48,245.0,244.48,245.0,14932
2026-04-23 12:55:00,244.86,245.45,244.86,245.17,17908
2026-04-23 13:00:00,245.17,245.19,244.92,245.19,25110
2026-04-23 13:05:00,245.19,245.36,244.81,245.08,26495
2026-04-23 13:10:00,245.24,245.25,245.01,245.19,14290
2026-04-23 13:15:00,245.05,245.19,244.91,244.96,26941
2026-04-23 13:20:00,244.96,245.89,244.96,245.87,32303
2026-04-23 13:25:00,245.72,246.35,245.44,246.18,71415
2026-04-23 13:30:00,246.18,246.48,245.85,245.85,42851
2026-04-23 13:35:00,245.96,246.05,245.05,245.38,33358
2026-04-23 13:40:00,245.38,245.7,245.28,245.49,13643
2026-04-23 13:45:00,245.5,245.71,245.32,245.57,18414
2026-04-23 13:50:00,245.39,246.0,245.39,245.83,17344
2026-04-23 13:55:00,245.83,246.15,245.36,245.86,26604
2026-04-23 14:00:00,245.71,245.82,245.41,245.7,20660
2026-04-23 14:05:00,245.7,245.76,245.12,245.3,43080
2026-04-23 14:10:00,245.3,245.3,244.53,244.82,48843
2026-04-23 14:15:00,244.51,244.8,244.41,244.48,27833
2026-04-23 14:20:00,244.48,244.88,244.31,244.73,47455
2026-04-23 14:25:00,244.73,244.91,244.31,244.58,40774
2026-04-23 14:30:00,244.36,244.78,244.11,244.35,56518
2026-04-23 14:35:00,244.35,244.94,243.86,243.9,59511
2026-04-23 14:40:00,243.85,243.96,243.3,243.3,66303
2026-04-23 14:45:00,243.3,244.0,242.95,244.0,122522
2026-04-23 14:50:00,243.78,243.84,243.38,243.78,44685
2026-04-23 14:55:00,243.66,243.85,243.45,243.73,22767
2026-04-23 15:00:00,243.74,244.49,243.46,243.89,84877
2026-04-23 15:05:00,244.07,244.12,243.5,243.76,74521
2026-04-23 15:10:00,243.92,244.06,243.5,243.53,100957
2026-04-23 15:15:00,243.58,243.92,243.36,243.49,121408
2026-04-23 15:20:00,243.5,243.75,243.42,243.5,96205
2026-04-23 15:25:00,243.55,243.8,243.1,243.4,148559
2026-04-24 09:15:00,243.5,244.8,242.0,242.51,187678
2026-04-24 09:20:00,242.51,244.0,242.01,243.31,103288
2026-04-24 09:25:00,242.84,244.9,242.53,243.68,138451
2026-04-24 09:30:00,243.8,245.99,243.27,244.87,159099
2026-04-24 09:35:00,244.8,246.3,238.61,239.03,439331
2026-04-24 09:40:00,239.02,242.75,238.76,242.75,211009
2026-04-24 09:45:00,242.75,242.76,241.25,242.39,100601
2026-04-24 09:50:00,242.28,243.92,241.83,243.55,139184
2026-04-24 09:55:00,243.27,244.28,243.11,244.03,97486
2026-04-24 10:00:00,244.0,245.74,243.8,245.65,153733
2026-04-24 10:05:00,245.6,245.75,245.07,245.29,76911
2026-04-24 10:10:00,245.29,245.85,244.99,245.5,58755
2026-04-24 10:15:00,245.5,246.2,245.3,245.8,71202
2026-04-24 10:20:00,245.74,245.75,243.7,243.88,47625
2026-04-24 10:25:00,243.64,244.39,243.17,243.55,68077
2026-04-24 10:30:00,243.45,244.3,243.45,244.3,40444
2026-04-24 10:35:00,244.16,244.37,243.7,243.71,23310
2026-04-24 10:40:00,243.7,243.96,243.23,243.41,22075
2026-04-24 10:45:00,243.41,243.74,243.2,243.2,32012
2026-04-24 10:50:00,243.2,244.05,243.2,243.73,45489
2026-04-24 10:55:00,243.73,243.73,243.11,243.11,31033
2026-04-24 11:00:00,243.11,243.25,242.91,242.95,30261
2026-04-24 11:05:00,243.0,243.22,242.63,242.85,28620
2026-04-24 11:10:00,242.85,242.98,242.41,242.41,34158
2026-04-24 11:15:00,242.41,242.49,242.15,242.36,21042
2026-04-24 11:20:00,242.22,242.93,242.16,242.8,39285
2026-04-24 11:25:00,242.8,242.8,242.2,242.48,11077
2026-04-24 11:30:00,242.48,243.47,242.43,243.21,42423
2026-04-24 11:35:00,243.21,243.46,243.21,243.36,27125
2026-04-24 11:40:00,243.36,243.67,243.25,243.25,23783
2026-04-24 11:45:00,243.25,243.25,242.5,242.5,29815
2026-04-24 11:50:00,242.6,242.6,242.0,242.19,51819
2026-04-24 11:55:00,242.19,242.5,241.75,242.11,57492
2026-04-24 12:00:00,242.07,242.82,241.83,242.82,22848
2026-04-24 12:05:00,242.85,243.48,242.4,243.34,39437
2026-04-24 12:10:00,243.34,243.8,243.1,243.6,10054
2026-04-24 12:15:00,243.62,243.95,243.6,243.65,17324
2026-04-24 12:20:00,243.65,244.0,243.55,243.68,74998
2026-04-24 12:25:00,243.68,243.89,243.34,243.86,51890
2026-04-24 12:30:00,243.86,244.61,243.82,244.61,44979
2026-04-24 12:35:00,244.62,245.25,242.81,243.81,131773
2026-04-24 12:40:00,243.81,244.18,243.5,243.6,82415
2026-04-24 12:45:00,243.68,244.5,243.68,244.03,64602
2026-04-24 12:50:00,244.15,244.16,243.94,244.0,66269
2026-04-24 12:55:00,244.0,244.47,243.91,244.01,12171
2026-04-24 13:00:00,244.18,244.26,243.81,244.06,24013
2026-04-24 13:05:00,244.06,244.19,242.75,242.77,228756
2026-04-24 13:10:00,242.71,243.25,242.7,243.01,24373
2026-04-24 13:15:00,243.05,243.27,242.58,242.73,29727
2026-04-24 13:20:00,242.73,242.8,242.02,242.73,33201
2026-04-24 13:25:00,242.69,242.95,242.37,242.83,27046
2026-04-24 13:30:00,242.83,243.0,242.5,242.62,24842
2026-04-24 13:35:00,242.62,242.9,242.03,242.41,27069
2026-04-24 13:40:00,242.14,242.58,241.68,241.96,56233
2026-04-24 13:45:00,241.96,242.76,241.83,242.57,9196
2026-04-24 13:50:00,242.57,243.25,242.52,243.19,35153
2026-04-24 13:55:00,243.19,243.19,242.83,243.14,25412
2026-04-24 14:00:00,243.15,243.15,243.0,243.0,3827
2026-04-24 14:05:00,243.0,243.49,242.5,243.02,30900
2026-04-24 14:10:00,243.02,243.23,243.0,243.13,2126
2026-04-24 14:15:00,243.13,243.8,243.08,243.7,33157
2026-04-24 14:20:00,243.7,244.13,243.59,243.83,40413
2026-04-24 14:25:00,243.8,244.0,243.6,243.71,20333
2026-04-24 14:30:00,243.71,244.09,243.71,244.0,48274
2026-04-24 14:35:00,244.0,244.22,243.68,243.94,72219
2026-04-24 14:40:00,243.85,244.0,243.55,243.61,22673
2026-04-24 14:45:00,243.61,243.99,243.56,243.99,19371
2026-04-24 14:50:00,243.92,243.95,242.37,242.61,134559
2026-04-24 14:55:00,242.53,242.84,242.51,242.67,37851
2026-04-24 15:00:00,242.78,242.93,242.0,242.13,80219
2026-04-24 15:05:00,242.15,242.77,242.11,242.6,101566
2026-04-24 15:10:00,242.6,243.43,242.48,242.73,109398
2026-04-24 15:15:00,242.92,243.62,242.92,243.25,134563
2026-04-24 15:20:00,243.25,243.34,242.85,243.15,117494
2026-04-24 15:25:00,243.11,243.11,242.21,242.21,68614
2026-04-27 09:15:00,244.0,246.83,243.18,245.72,249821
2026-04-27 09:20:00,245.72,248.83,245.45,247.68,348200
2026-04-27 09:25:00,247.68,250.75,247.54,248.55,478379
2026-04-27 09:30:00,248.55,248.81,248.01,248.29,118653
2026-04-27 09:35:00,248.3,248.81,246.78,247.07,114797
2026-04-27 09:40:00,247.07,247.99,247.0,247.6,43657
2026-04-27 09:45:00,247.64,249.2,247.64,248.85,71489
2026-04-27 09:50:00,248.87,249.06,248.7,249.06,45879
2026-04-27 09:55:00,249.15,249.15,248.35,248.6,45644
2026-04-27 10:00:00,248.6,248.68,248.01,248.59,55842
2026-04-27 10:05:00,248.59,249.95,248.35,249.95,168260
2026-04-27 10:10:00,249.85,252.73,249.5,252.5,544547
2026-04-27 10:15:00,252.7,254.8,252.5,253.2,813997
2026-04-27 10:20:00,253.2,253.2,251.52,251.78,151702
2026-04-27 10:25:00,251.65,252.0,251.41,251.8,95072
2026-04-27 10:30:00,251.8,254.7,251.42,254.5,656150
2026-04-27 10:35:00,254.6,260.0,254.18,259.33,1646028
2026-04-27 10:40:00,259.49,262.61,257.48,261.94,1386847
2026-04-27 10:45:00,261.6,261.8,260.31,261.45,534720
2026-04-27 10:50:00,261.35,262.99,260.89,261.06,690176
2026-04-27 10:55:00,261.06,264.6,261.06,262.38,778293
2026-04-27 11:00:00,262.3,262.89,261.15,261.86,357052
2026-04-27 11:05:00,261.96,262.47,261.5,262.23,189806
2026-04-27 11:10:00,262.17,262.8,260.22,261.48,392006
2026-04-27 11:15:00,261.35,261.73,259.66,260.36,316955
2026-04-27 11:20:00,260.36,260.36,259.1,259.39,226338
2026-04-27 11:25:00,259.34,259.9,259.0,259.22,143015
2026-04-27 11:30:00,259.35,259.44,257.64,257.93,246195
2026-04-27 11:35:00,257.93,258.39,257.03,257.59,230258
2026-04-27 11:40:00,257.69,257.91,257.05,257.66,93645
2026-04-27 11:45:00,257.6,258.0,257.1,257.59,119305
2026-04-27 11:50:00,257.64,258.24,257.21,257.64,102360
2026-04-27 11:55:00,257.64,258.2,257.21,258.0,52579
2026-04-27 12:00:00,258.0,258.3,257.25,258.14,157343
2026-04-27 12:05:00,258.11,258.11,257.78,257.9,55771
2026-04-27 12:10:00,257.9,261.5,257.9,260.8,516328
2026-04-27 12:15:00,260.8,261.29,260.06,260.58,131893
2026-04-27 12:20:00,260.31,260.5,259.37,259.8,71271
2026-04-27 12:25:00,259.9,260.07,259.46,259.64,41240
2026-04-27 12:30:00,259.84,260.04,259.5,259.96,58044
2026-04-27 12:35:00,260.06,260.2,259.68,259.9,44675
2026-04-27 12:40:00,260.0,260.0,259.55,259.7,51811
2026-04-27 12:45:00,259.7,259.98,259.2,259.85,56669
2026-04-27 12:50:00,259.77,259.77,259.14,259.37,69544
2026-04-27 12:55:00,259.01,259.34,258.72,258.85,65886
2026-04-27 13:00:00,258.85,260.9,258.85,260.76,164446
2026-04-27 13:05:00,260.78,261.0,260.15,260.5,73885
2026-04-27 13:10:00,260.55,260.76,259.97,260.4,75266
2026-04-27 13:15:00,260.42,260.42,260.0,260.02,81761
2026-04-27 13:20:00,260.02,260.35,259.96,260.05,54360
2026-04-27 13:25:00,260.19,260.39,260.0,260.28,38928
2026-04-27 13:30:00,260.15,260.4,260.0,260.36,24921
2026-04-27 13:35:00,260.36,260.39,259.55,259.85,44479
2026-04-27 13:40:00,259.71,259.88,258.61,258.8,66519
2026-04-27 13:45:00,258.5,258.82,258.03,258.17,94060
2026-04-27 13:50:00,258.16,258.48,257.65,258.21,89742
2026-04-27 13:55:00,258.22,258.53,258.08,258.12,33377
2026-04-27 14:00:00,258.22,258.26,257.16,257.69,144434
2026-04-27 14:05:00,257.54,257.82,257.41,257.67,18794
2026-04-27 14:10:00,257.51,257.75,257.31,257.52,31740
2026-04-27 14:15:00,257.41,257.62,257.05,257.16,56978
2026-04-27 14:20:00,257.06,257.3,256.55,256.57,150248
2026-04-27 14:25:00,256.57,256.94,256.05,256.33,99442
2026-04-27 14:30:00,256.45,256.45,255.88,256.31,80030
2026-04-27 14:35:00,256.11,256.25,255.61,256.0,149815
2026-04-27 14:40:00,256.0,256.14,255.6,256.12,77458
2026-04-27 14:45:00,256.15,256.49,255.9,256.4,98546
2026-04-27 14:50:00,256.47,256.7,256.01,256.6,62187
2026-04-27 14:55:00,256.6,257.25,256.6,256.72,121723
2026-04-27 15:00:00,256.8,257.36,256.45,256.7,108143
2026-04-27 15:05:00,256.76,257.61,256.76,257.32,65581
2026-04-27 15:10:00,257.32,257.7,256.65,256.66,194430
2026-04-27 15:15:00,256.78,258.7,256.4,258.44,259408
2026-04-27 15:20:00,258.5,258.7,257.2,257.5,416231
2026-04-27 15:25:00,257.47,257.85,256.9,257.45,232110
2026-04-28 09:15:00,258.1,259.7,256.5,256.8,426647
2026-04-28 09:20:00,256.8,257.43,256.02,256.62,192336
2026-04-28 09:25:00,256.62,258.45,256.58,257.45,114862
2026-04-28 09:30:00,257.44,257.44,256.18,256.18,84552
2026-04-28 09:35:00,256.1,256.75,255.55,256.15,85055
2026-04-28 09:40:00,256.0,257.7,255.8,257.59,71872
2026-04-28 09:45:00,257.94,258.94,257.63,258.25,166924
2026-04-28 09:50:00,258.6,260.0,258.6,259.5,215652
2026-04-28 09:55:00,259.6,259.6,258.07,258.16,78666
2026-04-28 10:00:00,258.16,259.11,258.07,258.62,47445
2026-04-28 10:05:00,258.62,258.8,258.14,258.55,62640
2026-04-28 10:10:00,258.53,258.53,257.17,257.39,65223
2026-04-28 10:15:00,257.25,257.63,256.56,256.88,62359
2026-04-28 10:20:00,256.66,257.27,256.63,257.22,30172
2026-04-28 10:25:00,257.22,257.43,256.75,256.85,47279
2026-04-28 10:30:00,256.71,256.94,256.32,256.94,51783
2026-04-28 10:35:00,256.85,257.58,256.65,257.48,40266
2026-04-28 10:40:00,257.52,257.89,257.02,257.25,24727
2026-04-28 10:45:00,257.27,258.25,257.16,258.15,55253
2026-04-28 10:50:00,258.15,258.8,258.09,258.61,49671
2026-04-28 10:55:00,258.79,258.8,257.86,258.3,35213
2026-04-28 11:00:00,258.3,258.79,258.3,258.76,22015
2026-04-28 11:05:00,258.76,258.76,258.2,258.75,29240
2026-04-28 11:10:00,258.62,259.09,258.21,259.09,42943
2026-04-28 11:15:00,259.09,259.26,258.49,258.6,25766
2026-04-28 11:20:00,258.57,258.61,257.17,257.3,35778
2026-04-28 11:25:00,257.24,257.4,256.4,256.46,81669
2026-04-28 11:30:00,256.41,256.56,255.51,256.01,115627
2026-04-28 11:35:00,256.01,256.54,256.0,256.13,35162
2026-04-28 11:40:00,256.0,256.65,255.95,256.56,22864
2026-04-28 11:45:00,256.64,256.94,256.4,256.71,17966
2026-04-28 11:50:00,256.71,256.87,256.44,256.45,22646
2026-04-28 11:55:00,256.45,257.0,256.45,256.83,11131
2026-04-28 12:00:00,256.71,256.87,256.07,256.77,22259
2026-04-28 12:05:00,256.77,256.77,256.37,256.65,11587
2026-04-28 12:10:00,256.65,256.94,256.15,256.85,20334
2026-04-28 12:15:00,256.74,256.96,256.4,256.56,11100
2026-04-28 12:20:00,256.4,256.7,255.12,255.67,56837
2026-04-28 12:25:00,255.67,256.33,255.56,256.33,18781
2026-04-28 12:30:00,256.25,256.4,255.33,255.59,22497
2026-04-28 12:35:00,255.59,256.04,255.45,255.98,22758
2026-04-28 12:40:00,256.0,256.44,255.65,256.26,23678
2026-04-28 12:45:00,256.18,256.83,256.09,256.28,33687
2026-04-28 12:50:00,256.28,257.0,256.06,256.83,36005
2026-04-28 12:55:00,256.94,256.99,256.28,256.28,12476
2026-04-28 13:00:00,256.28,256.85,256.22,256.6,11426
2026-04-28 13:05:00,256.6,257.5,256.41,257.3,58110
2026-04-28 13:10:00,257.3,257.3,256.57,256.68,12186
2026-04-28 13:15:00,256.62,257.0,256.32,257.0,22893
2026-04-28 13:20:00,256.98,257.16,256.6,256.84,16672
2026-04-28 13:25:00,256.84,257.27,256.54,256.99,26783
2026-04-28 13:30:00,256.99,256.99,256.5,256.51,15061
2026-04-28 13:35:00,256.56,256.65,255.97,256.57,28458
2026-04-28 13:40:00,256.57,256.6,256.26,256.41,11202
2026-04-28 13:45:00,256.41,256.41,256.16,256.29,10481
2026-04-28 13:50:00,256.22,256.5,256.04,256.4,20656
2026-04-28 13:55:00,256.4,256.91,256.0,256.55,46943
2026-04-28 14:00:00,256.48,256.54,256.1,256.4,19818
2026-04-28 14:05:00,256.24,256.35,255.68,255.68,23845
2026-04-28 14:10:00,255.6,255.95,255.41,255.56,44212
2026-04-28 14:15:00,255.49,255.52,254.05,255.15,96721
2026-04-28 14:20:00,255.18,256.25,255.0,256.2,28152
2026-04-28 14:25:00,256.2,256.4,255.89,255.97,23376
2026-04-28 14:30:00,255.97,256.84,255.95,256.81,33743
2026-04-28 14:35:00,256.75,257.09,256.54,256.83,40905
2026-04-28 14:40:00,256.8,256.82,256.51,256.74,26136
2026-04-28 14:45:00,256.74,257.18,256.6,256.64,35751
2026-04-28 14:50:00,256.68,257.19,256.57,257.05,51676
2026-04-28 14:55:00,257.04,257.62,256.8,257.53,68916
2026-04-28 15:00:00,257.53,257.53,256.2,256.26,46950
2026-04-28 15:05:00,256.26,256.63,256.22,256.39,34391
2026-04-28 15:10:00,256.3,256.6,256.0,256.28,73584
2026-04-28 15:15:00,256.38,256.55,255.99,256.49,107054
2026-04-28 15:20:00,256.47,256.72,256.12,256.54,83267
2026-04-28 15:25:00,256.53,257.0,256.4,257.0,110137
2026-04-29 09:15:00,258.4,259.5,257.0,257.24,193921
2026-04-29 09:20:00,257.24,257.79,255.54,256.82,132293
2026-04-29 09:25:00,256.82,257.07,255.87,256.35,54327
2026-04-29 09:30:00,256.65,258.25,256.34,258.03,84168
2026-04-29 09:35:00,258.03,259.14,256.82,257.16,71655
2026-04-29 09:40:00,257.16,257.38,256.85,257.02,26682
2026-04-29 09:45:00,257.16,257.22,256.06,256.3,36881
2026-04-29 09:50:00,256.3,256.42,255.62,255.9,29777
2026-04-29 09:55:00,255.64,255.95,255.55,255.95,28467
2026-04-29 10:00:00,255.95,256.09,255.53,255.82,52592
2026-04-29 10:05:00,255.98,256.2,255.45,255.53,21798
2026-04-29 10:10:00,255.54,255.89,255.1,255.43,36314
2026-04-29 10:15:00,255.69,255.69,255.2,255.59,27932
2026-04-29 10:20:00,255.59,255.95,255.31,255.61,13661
2026-04-29 10:25:00,255.59,255.8,255.0,255.36,42601
2026-04-29 10:30:00,255.34,255.54,255.05,255.07,16022
2026-04-29 10:35:00,255.07,255.26,253.92,254.89,94937
2026-04-29 10:40:00,254.92,255.19,254.5,254.5,26156
2026-04-29 10:45:00,254.64,254.97,253.45,254.8,78682
2026-04-29 10:50:00,255.0,255.0,254.41,254.85,13980
2026-04-29 10:55:00,254.85,254.98,253.75,253.99,27523
2026-04-29 11:00:00,253.99,254.34,253.5,253.5,42406
2026-04-29 11:05:00,253.42,253.46,252.5,252.69,65626
2026-04-29 11:10:00,252.7,253.46,252.55,253.3,40525
2026-04-29 11:15:00,253.39,254.08,253.25,253.91,31826
2026-04-29 11:20:00,253.91,254.15,253.5,253.5,47663
2026-04-29 11:25:00,253.3,253.75,253.26,253.31,45603
2026-04-29 11:30:00,253.31,253.55,253.21,253.25,13256
2026-04-29 11:35:00,253.25,253.48,253.15,253.38,13470
2026-04-29 11:40:00,253.24,253.65,253.08,253.34,19127
2026-04-29 11:45:00,253.19,253.49,252.3,252.55,29628
2026-04-29 11:50:00,252.55,253.02,252.55,253.02,12610
2026-04-29 11:55:00,252.91,253.06,252.73,252.84,6913
2026-04-29 12:00:00,252.84,253.0,252.4,252.65,29172
2026-04-29 12:05:00,252.47,252.69,252.3,252.3,11690
2026-04-29 12:10:00,252.3,252.65,252.25,252.29,8502
2026-04-29 12:15:00,252.39,252.71,252.34,252.5,8565
2026-04-29 12:20:00,252.5,252.65,252.26,252.36,10240
2026-04-29 12:25:00,252.36,252.74,252.25,252.55,21734
2026-04-29 12:30:00,252.65,252.7,252.36,252.67,13502
2026-04-29 12:35:00,252.67,252.74,252.55,252.6,7870
2026-04-29 12:40:00,252.6,252.74,252.55,252.68,7999
2026-04-29 12:45:00,252.55,252.75,252.55,252.68,8293
2026-04-29 12:50:00,252.68,252.75,252.51,252.51,7425
2026-04-29 12:55:00,252.51,252.7,252.4,252.7,12860
2026-04-29 13:00:00,252.7,252.95,252.7,252.95,8289
2026-04-29 13:05:00,252.95,253.0,252.4,252.4,21495
2026-04-29 13:10:00,252.59,252.91,252.46,252.66,9481
2026-04-29 13:15:00,252.83,252.86,252.2,252.44,10821
2026-04-29 13:20:00,252.44,252.45,252.0,252.22,21184
2026-04-29 13:25:00,252.1,252.5,252.1,252.47,25912
2026-04-29 13:30:00,252.47,252.48,252.1,252.1,7808
2026-04-29 13:35:00,252.1,252.26,251.33,251.83,33046
2026-04-29 13:40:00,251.83,251.99,250.52,250.57,93995
2026-04-29 13:45:00,250.89,250.89,250.25,250.5,59704
2026-04-29 13:50:00,250.49,252.4,250.12,252.12,139988
2026-04-29 13:55:00,252.12,252.17,251.05,251.05,46226
2026-04-29 14:00:00,251.26,251.26,250.41,250.46,26366
2026-04-29 14:05:00,250.6,251.3,250.32,250.69,23301
2026-04-29 14:10:00,250.9,251.3,250.51,251.28,48897
2026-04-29 14:15:00,251.28,251.34,250.73,250.76,25637
2026-04-29 14:20:00,250.68,251.29,250.44,251.2,49673
2026-04-29 14:25:00,251.29,251.29,250.8,250.8,20520
2026-04-29 14:30:00,250.9,251.1,250.56,250.81,20773
2026-04-29 14:35:00,250.81,250.89,250.45,250.81,19554
2026-04-29 14:40:00,250.82,251.41,250.82,251.37,43456
2026-04-29 14:45:00,251.37,251.56,250.95,251.13,28037
2026-04-29 14:50:00,251.13,251.13,250.77,251.02,20668
2026-04-29 14:55:00,251.01,251.01,250.49,250.5,15058
2026-04-29 15:00:00,250.45,251.16,250.4,250.72,56590
2026-04-29 15:05:00,250.72,251.38,250.49,251.18,51158
2026-04-29 15:10:00,251.17,251.28,250.79,250.95,67099
2026-04-29 15:15:00,251.15,251.27,250.47,250.8,112238
2026-04-29 15:20:00,250.8,251.15,250.25,250.85,155000
2026-04-29 15:25:00,250.85,251.9,250.57,250.98,107348
2026-04-30 09:15:00,252.0,253.0,250.05,251.21,256780
2026-04-30 09:20:00,250.9,250.9,248.61,248.91,176412
2026-04-30 09:25:00,248.85,254.3,248.07,253.37,378656
2026-04-30 09:30:00,253.25,254.4,251.46,254.24,216943
2026-04-30 09:35:00,254.17,254.74,251.93,251.93,260424
2026-04-30 09:40:00,251.85,253.48,251.5,253.07,137157
2026-04-30 09:45:00,253.06,253.3,252.0,252.18,97612
2026-04-30 09:50:00,252.18,252.18,251.24,251.84,59068
2026-04-30 09:55:00,251.84,252.22,251.45,251.81,73389
2026-04-30 10:00:00,251.97,251.97,251.4,251.59,62308
2026-04-30 10:05:00,251.59,252.5,251.15,251.21,60110
2026-04-30 10:10:00,251.35,251.35,248.93,248.98,192321
2026-04-30 10:15:00,249.13,249.16,248.6,248.92,83670
2026-04-30 10:20:00,248.92,249.08,247.8,248.25,135550
2026-04-30 10:25:00,248.11,248.86,248.11,248.38,39645
2026-04-30 10:30:00,248.38,248.88,248.25,248.49,24131
2026-04-30 10:35:00,248.51,249.5,248.35,249.5,26703
2026-04-30 10:40:00,249.45,250.49,249.22,249.62,56223
2026-04-30 10:45:00,249.62,249.7,248.16,248.17,43660
2026-04-30 10:50:00,248.31,249.52,247.51,248.04,107223
2026-04-30 10:55:00,248.04,248.24,247.6,247.94,42593
2026-04-30 11:00:00,247.94,248.6,247.65,247.7,64190
2026-04-30 11:05:00,247.7,248.94,247.6,248.94,62555
2026-04-30 11:10:00,248.94,248.95,248.0,248.09,12952
2026-04-30 11:15:00,248.11,248.99,248.02,248.31,46489
2026-04-30 11:20:00,248.31,248.34,247.71,248.0,10605
2026-04-30 11:25:00,248.0,248.9,248.0,248.9,35728
2026-04-30 11:30:00,249.15,249.29,248.58,249.0,18243
2026-04-30 11:35:00,249.0,249.75,249.0,249.26,31931
2026-04-30 11:40:00,249.26,249.26,248.53,248.81,18285
2026-04-30 11:45:00,248.7,248.7,248.21,248.51,5939
2026-04-30 11:50:00,248.51,248.82,248.09,248.26,5534
2026-04-30 11:55:00,248.26,248.75,248.26,248.56,17104
2026-04-30 12:00:00,248.46,248.78,248.31,248.78,6599
2026-04-30 12:05:00,248.61,249.27,248.54,248.92,11963
2026-04-30 12:10:00,248.92,248.98,248.44,248.98,8787
2026-04-30 12:15:00,249.01,249.27,248.71,248.74,20164
2026-04-30 12:20:00,248.87,249.12,248.55,249.0,6368
2026-04-30 12:25:00,248.9,249.23,248.44,248.79,18733
2026-04-30 12:30:00,248.79,248.83,248.21,248.55,13640
2026-04-30 12:35:00,248.55,248.56,248.06,248.42,11946
2026-04-30 12:40:00,248.27,248.68,248.27,248.46,37375
2026-04-30 12:45:00,248.46,249.23,248.46,249.2,24552
2026-04-30 12:50:00,249.2,249.4,249.0,249.24,24601
2026-04-30 12:55:00,249.24,249.6,249.06,249.49,64881
2026-04-30 13:00:00,249.49,249.67,249.31,249.53,12129
2026-04-30 13:05:00,249.4,249.4,248.8,249.12,14640
2026-04-30 13:10:00,249.12,249.36,249.04,249.36,23795
2026-04-30 13:15:00,249.36,249.39,249.0,249.23,11991
2026-04-30 13:20:00,249.23,249.48,249.01,249.48,10710
2026-04-30 13:25:00,249.48,249.5,249.17,249.28,11229
2026-04-30 13:30:00,249.28,252.5,248.99,251.8,135278
2026-04-30 13:35:00,251.78,252.55,251.36,252.05,113020
2026-04-30 13:40:00,252.0,252.39,251.77,252.39,43629
2026-04-30 13:45:00,252.39,253.41,252.39,253.28,83023
2026-04-30 13:50:00,253.28,253.49,252.54,253.0,64149
2026-04-30 13:55:00,253.01,253.5,252.9,253.3,61029
2026-04-30 14:00:00,253.3,253.45,252.51,252.74,39845
2026-04-30 14:05:00,252.74,252.74,252.05,252.5,60612
2026-04-30 14:10:00,252.51,252.6,252.14,252.32,25597
2026-04-30 14:15:00,252.41,252.6,252.02,252.02,27312
2026-04-30 14:20:00,252.1,252.35,251.29,251.96,56461
2026-04-30 14:25:00,252.0,252.5,251.89,252.5,25076
2026-04-30 14:30:00,252.5,253.26,252.4,253.2,59490
2026-04-30 14:35:00,253.2,253.41,253.06,253.3,37644
2026-04-30 14:40:00,253.25,253.3,252.61,253.17,41568
2026-04-30 14:45:00,253.23,253.36,252.62,252.85,52725
2026-04-30 14:50:00,252.65,252.85,251.59,251.86,73399
2026-04-30 14:55:00,251.78,252.4,251.73,252.22,34635
2026-04-30 15:00:00,252.35,252.35,251.36,251.48,44459
2026-04-30 15:05:00,251.64,251.74,251.22,251.6,48395
2026-04-30 15:10:00,251.59,251.9,251.02,251.87,73625
2026-04-30 15:15:00,251.9,251.98,251.48,251.9,88127
2026-04-30 15:20:00,251.87,252.4,251.0,252.3,178718
2026-04-30 15:25:00,252.34,253.4,252.05,253.2,181982
2026-05-04 09:15:00,254.9,255.65,253.25,253.75,304032
2026-05-04 09:20:00,253.5,254.4,253.2,254.2,127069
2026-05-04 09:25:00,254.4,254.45,253.3,253.35,62745
2026-05-04 09:30:00,253.5,254.45,252.4,252.6,110260
2026-05-04 09:35:00,252.55,252.95,251.0,251.2,90874
2026-05-04 09:40:00,251.2,251.85,250.8,250.9,73186
2026-05-04 09:45:00,250.9,252.2,250.6,252.2,62662
2026-05-04 09:50:00,252.05,252.45,251.75,252.35,48299
2026-05-04 09:55:00,252.4,254.1,252.25,254.0,103936
2026-05-04 10:00:00,254.15,254.45,252.8,252.95,47876
2026-05-04 10:05:00,253.0,253.85,252.7,252.85,38482
2026-05-04 10:10:00,252.85,253.05,252.2,252.45,41324
2026-05-04 10:15:00,252.45,253.9,252.35,253.5,35960
2026-05-04 10:20:00,253.45,253.9,253.05,253.25,18780
2026-05-04 10:25:00,253.15,255.0,253.0,255.0,34058
2026-05-04 10:30:00,254.8,255.1,253.45,253.45,96196
2026-05-04 10:35:00,253.45,254.4,253.25,253.95,27824
2026-05-04 10:40:00,253.95,254.2,253.8,254.05,14253
2026-05-04 10:45:00,254.1,254.35,253.75,254.1,36955
2026-05-04 10:50:00,254.15,254.5,253.55,253.75,36399
2026-05-04 10:55:00,253.75,253.8,253.3,253.45,13567
2026-05-04 11:00:00,253.4,255.1,253.4,254.95,46664
2026-05-04 11:05:00,255.0,255.2,254.6,254.9,23013
2026-05-04 11:10:00,254.8,254.9,254.5,254.75,21162
2026-05-04 11:15:00,254.9,255.0,253.75,253.75,32485
2026-05-04 11:20:00,253.8,254.8,253.8,254.8,20692
2026-05-04 11:25:00,254.8,254.95,254.45,254.65,29985
2026-05-04 11:30:00,254.65,255.45,254.65,255.25,45809
2026-05-04 11:35:00,255.25,255.9,255.0,255.5,72433
2026-05-04 11:40:00,255.5,256.25,255.5,255.75,69174
2026-05-04 11:45:00,255.8,256.4,255.45,256.05,82119
2026-05-04 11:50:00,256.4,256.95,255.4,255.85,129862
2026-05-04 11:55:00,255.9,256.6,255.2,255.2,91636
2026-05-04 12:00:00,255.6,255.85,255.3,255.65,58794
2026-05-04 12:05:00,255.65,255.85,255.05,255.4,14592
2026-05-04 12:10:00,255.4,255.4,254.95,255.05,38410
2026-05-04 12:15:00,255.05,255.5,254.95,255.5,25717
2026-05-04 12:20:00,255.35,255.85,255.25,255.7,23589
2026-05-04 12:25:00,255.7,255.7,254.95,254.95,33436
2026-05-04 12:30:00,254.95,255.35,254.85,255.2,51116
2026-05-04 12:35:00,255.0,255.55,254.85,255.35,22581
2026-05-04 12:40:00,255.55,255.65,255.05,255.25,7953
2026-05-04 12:45:00,255.1,255.5,254.85,255.1,16671
2026-05-04 12:50:00,255.1,255.45,254.8,255.1,25921
2026-05-04 12:55:00,255.1,255.5,255.0,255.15,11604
2026-05-04 13:00:00,255.25,255.25,255.0,255.0,14549
2026-05-04 13:05:00,255.15,255.4,255.0,255.25,10576
2026-05-04 13:10:00,255.15,256.9,255.15,256.9,49242
2026-05-04 13:15:00,257.0,258.0,256.5,256.7,208828
2026-05-04 13:20:00,256.5,257.8,256.1,257.5,95522
2026-05-04 13:25:00,257.5,258.3,257.45,257.6,180785
2026-05-04 13:30:00,257.6,258.6,257.05,257.85,109423
2026-05-04 13:35:00,257.85,259.9,257.3,259.8,167913
2026-05-04 13:40:00,259.9,262.2,259.8,261.6,746049
2026-05-04 13:45:00,261.65,261.7,260.5,260.95,339231
2026-05-04 13:50:00,260.8,262.45,260.8,261.65,177565
2026-05-04 13:55:00,261.3,261.6,259.55,260.5,261493
2026-05-04 14:00:00,260.55,260.8,260.2,260.6,72873
2026-05-04 14:05:00,260.5,260.75,260.25,260.45,56826
2026-05-04 14:10:00,260.45,260.75,260.0,260.15,83952
2026-05-04 14:15:00,260.15,261.65,259.65,261.45,273939
2026-05-04 14:20:00,261.45,261.95,261.25,261.65,126593
2026-05-04 14:25:00,261.6,261.75,261.3,261.3,91782
2026-05-04 14:30:00,261.5,261.6,260.65,261.0,112588
2026-05-04 14:35:00,260.95,261.2,260.55,260.55,78344
2026-05-04 14:40:00,260.65,261.45,260.1,261.05,115822
2026-05-04 14:45:00,261.3,261.4,260.3,260.7,165509
2026-05-04 14:50:00,260.7,260.9,260.4,260.8,66611
2026-05-04 14:55:00,260.65,261.45,260.65,261.3,81832
2026-05-04 15:00:00,261.15,262.0,260.95,261.65,273189
2026-05-04 15:05:00,261.8,262.9,261.35,262.85,259766
2026-05-04 15:10:00,262.9,263.25,261.35,261.45,330917
2026-05-04 15:15:00,261.4,261.95,260.7,260.85,233013
2026-05-04 15:20:00,260.85,261.6,260.7,261.2,217059
2026-05-04 15:25:00,261.3,261.65,260.8,261.2,180238
2026-05-05 09:15:00,261.4,261.4,256.9,258.55,312555
2026-05-05 09:20:00,258.55,258.55,256.3,257.7,229707
2026-05-05 09:25:00,257.7,258.95,257.4,258.15,164538
2026-05-05 09:30:00,258.15,259.95,258.0,259.65,145783
2026-05-05 09:35:00,259.4,260.4,259.1,259.55,122883
2026-05-05 09:40:00,259.5,260.25,259.05,259.45,59352
2026-05-05 09:45:00,259.3,259.45,258.4,259.15,72067
2026-05-05 09:50:00,259.2,259.3,258.45,258.65,32005
2026-05-05 09:55:00,258.5,258.5,257.5,257.7,60377
2026-05-05 10:00:00,257.7,258.2,257.6,257.85,61256
2026-05-05 10:05:00,257.85,258.2,257.35,257.75,31339
2026-05-05 10:10:00,257.75,258.15,257.3,257.5,24416
2026-05-05 10:15:00,257.45,257.7,257.25,257.3,26184
2026-05-05 10:20:00,257.3,257.85,257.1,257.2,26676
2026-05-05 10:25:00,257.35,257.4,256.55,256.8,54133
2026-05-05 10:30:00,256.8,257.9,256.6,257.5,32054
2026-05-05 10:35:00,257.7,257.8,257.0,257.0,39826
2026-05-05 10:40:00,257.0,257.35,256.8,257.0,22723
2026-05-05 10:45:00,256.9,257.2,256.7,257.15,25819
2026-05-05 10:50:00,257.35,257.5,256.9,256.95,26944
2026-05-05 10:55:00,257.05,257.05,256.0,256.35,56956
2026-05-05 11:00:00,256.35,257.15,256.35,257.15,22328
2026-05-05 11:05:00,257.15,257.2,256.6,256.75,20025
2026-05-05 11:10:00,256.75,257.1,256.55,256.7,33052
2026-05-05 11:15:00,256.8,257.4,256.6,257.25,22006
2026-05-05 11:20:00,257.1,257.5,256.6,256.9,32436
2026-05-05 11:25:00,256.9,257.1,256.8,256.85,10491
2026-05-05 11:30:00,256.85,257.1,256.6,257.1,17573
2026-05-05 11:35:00,257.1,257.5,256.95,257.2,17698
2026-05-05 11:40:00,257.2,257.25,256.7,256.75,14476
2026-05-05 11:45:00,256.75,257.05,256.5,256.6,13882
2026-05-05 11:50:00,256.75,257.1,256.7,256.8,7149
2026-05-05 11:55:00,256.85,257.1,256.55,256.85,18158
2026-05-05 12:00:00,256.85,257.7,256.75,257.35,10705
2026-05-05 12:05:00,257.35,257.9,257.2,257.8,21085
2026-05-05 12:10:00,257.75,258.3,257.6,258.2,29416
2026-05-05 12:15:00,258.2,258.65,257.9,258.4,26160
2026-05-05 12:20:00,258.4,258.9,258.25,258.5,31320
2026-05-05 12:25:00,258.5,258.9,258.25,258.3,34088
2026-05-05 12:30:00,258.45,258.8,258.25,258.45,9550
2026-05-05 12:35:00,258.45,258.8,258.1,258.3,34902
2026-05-05 12:40:00,258.3,258.85,258.1,258.7,21321
2026-05-05 12:45:00,258.7,258.8,258.3,258.8,9503
2026-05-05 12:50:00,258.8,259.0,258.6,258.65,17023
2026-05-05 12:55:00,258.65,258.9,258.45,258.9,12598
2026-05-05 13:00:00,258.9,258.95,258.5,258.5,21077
2026-05-05 13:05:00,258.5,259.1,258.5,258.6,24338
2026-05-05 13:10:00,258.65,258.85,258.15,258.55,39917
2026-05-05 13:15:00,258.6,258.7,257.8,257.85,25224
2026-05-05 13:20:00,258.05,258.1,257.65,257.9,14931
2026-05-05 13:25:00,257.7,257.85,257.15,257.4,41042
2026-05-05 13:30:00,257.4,257.45,257.05,257.4,46060
2026-05-05 13:35:00,257.4,257.8,257.3,257.7,17175
2026-05-05 13:40:00,257.7,257.8,257.55,257.75,4091
2026-05-05 13:45:00,257.7,258.85,257.6,258.45,34348
2026-05-05 13:50:00,258.45,258.9,258.25,258.45,21576
2026-05-05 13:55:00,258.3,259.15,258.3,259.05,40925
2026-05-05 14:00:00,258.95,259.0,258.45,258.5,21116
2026-05-05 14:05:00,258.5,258.6,258.3,258.3,22503
2026-05-05 14:10:00,258.3,258.85,258.25,258.85,20136
2026-05-05 14:15:00,258.85,260.45,258.6,259.8,161458
2026-05-05 14:20:00,259.8,260.85,259.65,259.8,69522
2026-05-05 14:25:00,259.75,259.8,259.05,259.3,27583
2026-05-05 14:30:00,259.3,260.15,259.3,259.85,75591
2026-05-05 14:35:00,259.85,261.2,259.5,260.5,90620
2026-05-05 14:40:00,260.45,261.35,260.35,261.35,71556
2026-05-05 14:45:00,261.35,262.4,259.05,259.25,313557
2026-05-05 14:50:00,259.25,259.85,259.1,259.15,36383
2026-05-05 14:55:00,259.25,259.5,259.2,259.2,19976
2026-05-05 15:00:00,259.3,259.8,259.05,259.1,47656
2026-05-05 15:05:00,259.3,260.25,259.15,260.15,59950
2026-05-05 15:10:00,260.25,260.9,260.0,260.65,89147
2026-05-05 15:15:00,260.65,261.0,260.25,260.45,130625
2026-05-05 15:20:00,260.6,260.7,259.8,260.1,190439
2026-05-05 15:25:00,260.0,261.0,259.95,260.3,128647
2026-05-06 09:15:00,262.5,263.75,259.2,260.35,361433
2026-05-06 09:20:00,260.5,261.15,260.0,260.15,213424
2026-05-06 09:25:00,260.0,260.45,259.15,259.15,137465
2026-05-06 09:30:00,259.25,261.55,259.2,261.35,96886
2026-05-06 09:35:00,261.5,265.0,261.3,263.4,433405
2026-05-06 09:40:00,263.4,263.55,262.6,263.0,112053
2026-05-06 09:45:00,263.0,263.2,262.35,262.8,76924
2026-05-06 09:50:00,263.05,263.05,262.4,262.7,63112
2026-05-06 09:55:00,262.7,263.45,262.6,263.1,64789
2026-05-06 10:00:00,263.15,263.25,262.8,262.85,64846
2026-05-06 10:05:00,262.8,262.8,261.5,261.8,90287
2026-05-06 10:10:00,261.6,262.4,260.85,262.4,69079
2026-05-06 10:15:00,262.4,262.4,261.6,261.75,30471
2026-05-06 10:20:00,261.75,262.5,261.7,262.3,18706
2026-05-06 10:25:00,262.1,262.35,261.75,261.9,29127
2026-05-06 10:30:00,261.75,262.45,261.5,262.05,24389
2026-05-06 10:35:00,262.1,262.1,260.85,260.85,53854
2026-05-06 10:40:00,261.0,261.7,260.75,261.5,32238
2026-05-06 10:45:00,261.5,261.5,260.75,260.75,26903
2026-05-06 10:50:00,260.85,261.15,260.35,260.6,26021
2026-05-06 10:55:00,260.6,260.85,260.35,260.85,21593
2026-05-06 11:00:00,260.8,261.05,260.05,260.3,54929
2026-05-06 11:05:00,260.25,260.9,260.0,260.85,37687
2026-05-06 11:10:00,260.85,261.65,260.75,261.2,48043
2026-05-06 11:15:00,261.05,261.65,261.05,261.2,23415
2026-05-06 11:20:00,260.9,261.25,260.75,260.85,15016
2026-05-06 11:25:00,260.95,261.15,260.5,261.15,15035
2026-05-06 11:30:00,261.1,261.3,260.55,261.2,18515
2026-05-06 11:35:00,261.2,261.2,260.35,260.6,36956
2026-05-06 11:40:00,260.6,260.95,260.5,260.95,10781
2026-05-06 11:45:00,260.95,261.2,260.7,261.0,10891
2026-05-06 11:50:00,260.95,260.95,260.6,260.95,19290
2026-05-06 11:55:00,260.9,261.6,260.9,261.55,21925
2026-05-06 12:00:00,261.55,261.8,261.35,261.65,42301
2026-05-06 12:05:00,261.8,261.8,261.35,261.6,11927
2026-05-06 12:10:00,261.6,261.6,260.5,260.65,44942
2026-05-06 12:15:00,260.65,261.1,260.5,261.0,24525
2026-05-06 12:20:00,261.0,261.0,260.0,260.1,42514
2026-05-06 12:25:00,260.1,260.75,259.5,260.7,52704
2026-05-06 12:30:00,260.7,260.9,260.2,260.8,16581
2026-05-06 12:35:00,260.8,260.95,260.35,260.35,29982
2026-05-06 12:40:00,260.3,260.5,260.0,260.15,10660
2026-05-06 12:45:00,260.1,260.15,259.0,259.05,50641
2026-05-06 12:50:00,259.2,259.8,259.1,259.75,24762
2026-05-06 12:55:00,259.6,259.75,259.35,259.75,11817
2026-05-06 13:00:00,259.7,259.8,259.2,259.4,18166
2026-05-06 13:05:00,259.4,260.65,259.35,260.65,22126
2026-05-06 13:10:00,260.65,260.7,260.35,260.5,9561
2026-05-06 13:15:00,260.5,260.7,260.15,260.55,17408
2026-05-06 13:20:00,260.6,261.2,260.4,261.2,26312
2026-05-06 13:25:00,261.2,261.3,260.65,261.25,21628
2026-05-06 13:30:00,261.25,261.25,260.65,260.65,25499
2026-05-06 13:35:00,260.5,261.15,260.5,261.0,12642
2026-05-06 13:40:00,261.0,261.15,260.6,260.8,19690
2026-05-06 13:45:00,260.8,261.0,260.55,261.0,20596
2026-05-06 13:50:00,261.0,261.35,260.8,261.25,24276
2026-05-06 13:55:00,261.15,261.25,260.7,260.95,14157
2026-05-06 14:00:00,260.9,260.95,260.6,260.9,10125
2026-05-06 14:05:00,260.9,261.1,260.6,260.8,22020
2026-05-06 14:10:00,260.7,261.05,260.6,260.6,9586
2026-05-06 14:15:00,260.85,260.9,260.7,260.7,12884
2026-05-06 14:20:00,260.85,261.7,260.85,261.45,45910
2026-05-06 14:25:00,261.35,261.9,261.3,261.5,66300
2026-05-06 14:30:00,261.5,261.6,260.8,260.95,21439
2026-05-06 14:35:00,260.95,261.0,260.55,260.85,14049
2026-05-06 14:40:00,260.85,261.5,260.75,261.05,33534
2026-05-06 14:45:00,261.2,261.75,261.0,261.5,46093
2026-05-06 14:50:00,261.45,262.7,261.4,261.7,122111
2026-05-06 14:55:00,261.9,261.95,261.55,261.85,26808
2026-05-06 15:00:00,261.8,262.5,261.5,262.25,73875
2026-05-06 15:05:00,262.4,262.9,262.05,262.2,90596
2026-05-06 15:10:00,262.2,262.25,261.5,261.8,75079
2026-05-06 15:15:00,261.8,262.75,261.75,262.65,102406
2026-05-06 15:20:00,262.6,262.65,261.95,262.55,177591
2026-05-06 15:25:00,262.4,263.15,262.2,262.5,236505
2026-05-07 09:15:00,262.5,263.45,259.0,259.15,278466
2026-05-07 09:20:00,259.0,259.75,258.1,259.65,183147
2026-05-07 09:25:00,259.65,260.0,259.15,259.7,65980
2026-05-07 09:30:00,259.65,260.0,259.0,259.5,79250
2026-05-07 09:35:00,259.5,259.9,259.2,259.4,29273
2026-05-07 09:40:00,259.55,260.25,259.5,259.5,46568
2026-05-07 09:45:00,259.3,259.75,259.05,259.3,50171
2026-05-07 09:50:00,259.4,259.4,258.0,258.3,115560
2026-05-07 09:55:00,258.15,258.5,258.0,258.05,34387
2026-05-07 10:00:00,258.25,258.95,258.0,258.7,43713
2026-05-07 10:05:00,258.5,258.65,258.1,258.25,38442
2026-05-07 10:10:00,258.5,259.0,258.3,258.7,32522
2026-05-07 10:15:00,258.65,259.0,258.5,258.7,24005
2026-05-07 10:20:00,258.7,259.65,258.65,259.6,60043
2026-05-07 10:25:00,259.35,259.75,259.15,259.15,13198
2026-05-07 10:30:00,259.15,259.65,259.15,259.5,11973
2026-05-07 10:35:00,259.55,259.8,259.3,259.6,21494
2026-05-07 10:40:00,259.6,259.95,259.6,259.85,14883
2026-05-07 10:45:00,259.85,260.9,259.25,259.6,99415
2026-05-07 10:50:00,259.75,260.3,259.55,259.9,48887
2026-05-07 10:55:00,259.85,260.1,259.4,259.6,49794
2026-05-07 11:00:00,259.65,259.95,259.4,259.8,8908
2026-05-07 11:05:00,259.6,260.0,259.35,259.4,16609
2026-05-07 11:10:00,259.4,259.6,259.2,259.4,8931
2026-05-07 11:15:00,259.45,259.8,259.4,259.45,7427
2026-05-07 11:20:00,259.45,261.85,259.45,261.7,97578
2026-05-07 11:25:00,261.85,262.4,261.6,261.85,64192
2026-05-07 11:30:00,262.0,262.75,261.75,262.75,88044
2026-05-07 11:35:00,263.05,267.0,263.0,263.65,851697
2026-05-07 11:40:00,263.5,264.3,262.65,262.9,126459
2026-05-07 11:45:00,263.0,263.3,262.5,262.95,66191
2026-05-07 11:50:00,262.95,263.0,262.6,262.75,27318
2026-05-07 11:55:00,262.75,263.9,262.6,263.45,81707
2026-05-07 12:00:00,263.5,263.5,262.6,262.8,43882
2026-05-07 12:05:00,262.8,263.0,262.4,262.9,34395
2026-05-07 12:10:00,262.75,263.5,262.75,263.05,34918
2026-05-07 12:15:00,262.95,264.0,262.95,263.45,40798
2026-05-07 12:20:00,263.45,263.85,263.15,263.25,32523
2026-05-07 12:25:00,263.3,263.9,263.05,263.5,60156
2026-05-07 12:30:00,263.5,263.5,263.1,263.4,21337
2026-05-07 12:35:00,263.4,263.75,263.15,263.6,16323
2026-05-07 12:40:00,263.6,264.0,263.3,263.8,69780
2026-05-07 12:45:00,263.6,263.95,263.3,263.6,46726
2026-05-07 12:50:00,263.6,263.7,262.85,263.65,44323
2026-05-07 12:55:00,263.7,264.2,263.55,263.8,43572
2026-05-07 13:00:00,263.75,263.95,263.5,263.85,22225
2026-05-07 13:05:00,263.8,263.9,263.25,263.6,12546
2026-05-07 13:10:00,263.6,263.75,263.3,263.55,13244
2026-05-07 13:15:00,263.55,263.65,262.05,262.3,44332
2026-05-07 13:20:00,262.4,262.8,262.15,262.4,34668
2026-05-07 13:25:00,262.35,262.8,262.35,262.8,40115
2026-05-07 13:30:00,262.8,262.95,262.4,262.75,13608
2026-05-07 13:35:00,262.6,263.25,262.6,263.1,33036
2026-05-07 13:40:00,262.8,263.65,262.8,263.6,19745
2026-05-07 13:45:00,263.6,263.75,263.3,263.75,21458
2026-05-07 13:50:00,263.85,263.95,263.5,263.5,46248
2026-05-07 13:55:00,263.5,263.6,262.5,262.7,22079
2026-05-07 14:00:00,262.55,262.95,262.55,262.75,21310
2026-05-07 14:05:00,262.75,262.8,262.4,262.5,15124
2026-05-07 14:10:00,262.55,263.2,262.5,263.15,17721
2026-05-07 14:15:00,263.2,263.25,262.8,263.05,49218
2026-05-07 14:20:00,263.05,263.3,262.7,263.0,32287
2026-05-07 14:25:00,263.0,263.2,262.6,263.15,28351
2026-05-07 14:30:00,263.15,263.2,262.85,262.85,21160
2026-05-07 14:35:00,262.85,263.0,262.6,262.7,44032
2026-05-07 14:40:00,262.7,262.75,262.1,262.4,36985
2026-05-07 14:45:00,262.3,262.5,261.5,261.75,96614
2026-05-07 14:50:00,261.75,261.9,261.25,261.25,35373
2026-05-07 14:55:00,261.25,261.5,261.1,261.4,36649
2026-05-07 15:00:00,261.35,261.7,261.15,261.65,44059
2026-05-07 15:05:00,261.5,261.7,261.1,261.4,70061
2026-05-07 15:10:00,261.3,261.5,260.45,261.1,158720
2026-05-07 15:15:00,261.2,261.85,261.0,261.8,104601
2026-05-07 15:20:00,261.6,261.75,261.3,261.6,77735
2026-05-07 15:25:00,261.65,261.7,261.05,261.7,150748
2026-05-08 09:15:00,261.1,263.0,259.55,261.2,213888
2026-05-08 09:20:00,261.55,261.6,260.2,260.65,69822
2026-05-08 09:25:00,260.75,261.9,260.45,261.55,45998
2026-05-08 09:30:00,261.45,261.7,260.3,260.3,62913
2026-05-08 09:35:00,261.0,261.0,259.5,260.6,95250
2026-05-08 09:40:00,260.55,261.15,260.15,260.15,36166
2026-05-08 09:45:00,260.1,260.85,259.45,260.15,48444
2026-05-08 09:50:00,260.1,261.5,259.9,261.5,48894
2026-05-08 09:55:00,261.25,261.3,260.15,260.5,22551
2026-05-08 10:00:00,260.5,260.5,259.9,259.9,21797
2026-05-08 10:05:00,260.1,260.1,259.5,259.55,38879
2026-05-08 10:10:00,259.55,259.9,259.5,259.65,14167
2026-05-08 10:15:00,259.65,259.95,259.1,259.15,27058
2026-05-08 10:20:00,259.15,259.8,259.05,259.4,46705
2026-05-08 10:25:00,259.4,259.65,259.1,259.25,23228
2026-05-08 10:30:00,259.2,259.4,259.1,259.15,12021
2026-05-08 10:35:00,259.15,259.35,259.0,259.05,67162
2026-05-08 10:40:00,259.05,259.35,259.0,259.25,15527
2026-05-08 10:45:00,259.25,260.1,259.25,259.3,42132
2026-05-08 10:50:00,259.3,259.5,259.0,259.2,10344
2026-05-08 10:55:00,259.2,259.55,259.0,259.15,26135
2026-05-08 11:00:00,259.15,259.4,259.0,259.1,9373
2026-05-08 11:05:00,259.1,259.4,259.1,259.1,9897
2026-05-08 11:10:00,259.15,259.3,258.8,258.8,47582
2026-05-08 11:15:00,258.8,259.0,258.5,258.65,39996
2026-05-08 11:20:00,258.65,258.9,258.6,258.65,13677
2026-05-08 11:25:00,258.65,259.15,258.6,258.75,19786
2026-05-08 11:30:00,258.75,258.85,258.5,258.85,30406
2026-05-08 11:35:00,258.85,259.7,258.65,259.5,14218
2026-05-08 11:40:00,259.5,261.4,259.15,260.8,97030
2026-05-08 11:45:00,260.5,260.65,259.95,259.95,17395
2026-05-08 11:50:00,259.95,260.05,259.65,259.7,16588
2026-05-08 11:55:00,259.7,259.7,259.15,259.5,5491
2026-05-08 12:00:00,259.5,259.7,259.3,259.65,6853
2026-05-08 12:05:00,259.65,259.75,259.3,259.3,5274
2026-05-08 12:10:00,259.3,259.45,259.0,259.0,5463
2026-05-08 12:15:00,259.0,259.05,258.6,258.7,14822
2026-05-08 12:20:00,258.65,259.1,258.6,259.0,8546
2026-05-08 12:25:00,259.0,259.2,258.6,259.0,8871
2026-05-08 12:30:00,259.0,259.25,258.6,258.6,14257
2026-05-08 12:35:00,258.6,258.85,258.5,258.5,8506
2026-05-08 12:40:00,258.5,258.75,258.35,258.35,15307
2026-05-08 12:45:00,258.3,258.3,257.0,257.7,124350
2026-05-08 12:50:00,257.7,257.9,257.15,257.4,15616
2026-05-08 12:55:00,257.4,257.6,257.25,257.45,13633
2026-05-08 13:00:00,257.45,257.5,257.2,257.5,17818
2026-05-08 13:05:00,257.5,257.65,257.25,257.4,8236
2026-05-08 13:10:00,257.45,257.9,257.35,257.75,10231
2026-05-08 13:15:00,257.75,257.75,257.0,257.0,10661
2026-05-08 13:20:00,257.3,257.5,257.15,257.3,6770
2026-05-08 13:25:00,257.3,257.8,257.3,257.6,3980
2026-05-08 13:30:00,257.6,257.8,257.0,257.3,11966
2026-05-08 13:35:00,257.3,257.3,256.5,256.75,17788
2026-05-08 13:40:00,256.75,257.1,256.6,257.0,14291
2026-05-08 13:45:00,257.0,257.45,256.8,257.05,20818
2026-05-08 13:50:00,257.05,257.1,256.7,256.7,6932
2026-05-08 13:55:00,256.8,257.45,256.55,256.55,14927
2026-05-08 14:00:00,256.65,257.15,256.4,257.0,35651
2026-05-08 14:05:00,257.0,257.25,256.8,257.0,8464
2026-05-08 14:10:00,256.95,257.35,256.75,256.75,9635
2026-05-08 14:15:00,256.75,257.0,256.5,256.5,7963
2026-05-08 14:20:00,256.5,257.05,256.4,256.7,12903
2026-05-08 14:25:00,256.9,257.3,256.6,257.1,24430
2026-05-08 14:30:00,257.1,257.6,256.9,257.3,25640
2026-05-08 14:35:00,257.45,257.85,257.1,257.85,14722
2026-05-08 14:40:00,257.85,258.2,257.6,257.75,27971
2026-05-08 14:45:00,257.75,257.9,257.5,257.7,15650
2026-05-08 14:50:00,257.8,257.8,257.25,257.3,17554
2026-05-08 14:55:00,257.3,257.45,256.95,257.0,8616
2026-05-08 15:00:00,257.15,257.15,256.6,256.8,23302
2026-05-08 15:05:00,256.8,256.8,256.3,256.4,42019
2026-05-08 15:10:00,256.4,256.65,256.0,256.2,84574
2026-05-08 15:15:00,256.2,256.95,256.15,256.5,76269
2026-05-08 15:20:00,256.5,256.7,256.0,256.5,83654
2026-05-08 15:25:00,256.5,256.95,256.05,256.7,64787
2026-05-11 09:15:00,256.4,256.8,252.1,255.0,260714
2026-05-11 09:20:00,255.0,256.95,254.6,256.1,180399
2026-05-11 09:25:00,256.35,256.4,254.8,255.15,73660
2026-05-11 09:30:00,255.15,255.95,254.4,254.55,54488
2026-05-11 09:35:00,254.6,254.6,253.35,254.35,159583
2026-05-11 09:40:00,254.25,254.9,254.05,254.6,12184
2026-05-11 09:45:00,253.8,253.8,252.65,253.75,47808
2026-05-11 09:50:00,253.5,254.45,253.0,254.05,36804
2026-05-11 09:55:00,254.0,254.2,253.3,253.45,47568
2026-05-11 10:00:00,253.4,254.5,253.1,254.2,32244
2026-05-11 10:05:00,254.0,254.35,253.7,254.35,18771
2026-05-11 10:10:00,254.4,254.8,253.7,254.15,27286
2026-05-11 10:15:00,254.35,254.35,253.35,253.6,12987
2026-05-11 10:20:00,253.4,254.0,253.35,253.55,23851
2026-05-11 10:25:00,253.6,253.6,253.0,253.35,14698
2026-05-11 10:30:00,253.4,253.7,252.9,252.9,28327
2026-05-11 10:35:00,253.05,253.35,252.55,252.7,24568
2026-05-11 10:40:00,252.65,252.75,252.0,252.3,35612
2026-05-11 10:45:00,252.3,252.4,251.4,251.55,28456
2026-05-11 10:50:00,251.4,251.75,251.2,251.55,10791
2026-05-11 12:50:00,249.95,250.0,249.5,249.5,124266314
2026-05-11 12:55:00,249.65,249.95,249.4,249.75,245974259
2026-05-11 13:00:00,249.75,250.0,249.5,249.8,268476355
2026-05-11 13:05:00,249.8,250.15,249.35,249.9,28258
2026-05-11 13:10:00,250.25,250.5,250.05,250.15,296462989
2026-05-11 13:15:00,250.35,250.45,249.5,249.7,293343075
2026-05-11 13:20:00,249.5,249.85,249.3,249.4,262316002
2026-05-11 13:25:00,249.4,249.9,249.3,249.45,306533378
2026-05-11 13:30:00,249.45,250.0,249.45,249.65,307035764
2026-05-11 13:35:00,249.7,250.9,249.65,250.2,306718157
2026-05-11 13:40:00,250.3,250.5,250.1,250.2,192460113
2026-05-11 13:45:00,250.2,250.75,250.2,250.4,338774203
2026-05-11 13:50:00,250.4,250.85,250.25,250.85,277106484
2026-05-11 13:55:00,250.65,251.1,250.2,250.2,28014
2026-05-11 14:00:00,250.1,250.2,249.75,249.75,278877907
2026-05-11 14:05:00,249.9,250.3,249.5,250.15,327507314
2026-05-11 14:10:00,250.15,250.5,249.7,249.7,342385676
2026-05-11 14:15:00,249.7,250.25,249.7,250.25,363502013
2026-05-11 14:20:00,250.05,250.35,250.0,250.2,410477184
2026-05-11 14:25:00,250.05,250.7,250.05,250.5,390890271
2026-05-11 14:30:00,250.5,251.25,250.5,251.15,362904925
2026-05-11 14:35:00,251.15,251.45,250.15,250.15,403934978
2026-05-11 14:40:00,250.15,250.3,249.55,249.6,231025230
2026-05-11 14:45:00,249.6,249.8,249.05,249.1,390789809
2026-05-11 14:50:00,249.25,249.6,248.8,249.15,412888309
2026-05-11 14:55:00,249.15,249.3,248.95,248.95,9273
2026-05-11 15:00:00,249.0,249.0,248.05,248.2,353737206
2026-05-11 15:05:00,248.3,248.5,248.0,248.2,353726609
2026-05-11 15:10:00,248.25,248.3,247.8,247.9,308580426
2026-05-11 15:15:00,247.9,248.5,247.8,248.2,358933608
2026-05-11 15:20:00,248.35,248.7,247.75,248.55,369184958
2026-05-11 15:25:00,248.55,249.8,248.4,248.8,341872839
2026-05-12 09:15:00,247.5,249.5,246.0,247.9,9522369
2026-05-12 09:20:00,247.6,248.2,246.5,248.0,24862042
2026-05-12 09:25:00,248.0,248.45,245.9,245.9,31472243
2026-05-12 09:30:00,245.9,246.95,245.75,246.65,52492562
2026-05-12 09:35:00,246.5,248.05,245.7,246.35,65399099
2026-05-12 09:40:00,246.6,248.15,246.3,247.85,69428718
2026-05-12 09:45:00,247.8,248.85,247.6,248.05,83975517
2026-05-12 09:50:00,247.95,248.5,247.75,247.85,85390932
2026-05-12 09:55:00,247.9,248.3,247.1,247.3,95128887
2026-05-12 10:00:00,247.35,247.65,246.6,247.4,86136184
2026-05-12 10:05:00,247.55,247.9,247.0,247.05,99508040
2026-05-12 10:10:00,247.25,248.8,247.05,248.5,108578121
2026-05-12 10:15:00,248.5,249.15,248.45,249.0,99269370
2026-05-12 10:20:00,249.0,249.65,247.95,248.25,114606442
2026-05-12 10:25:00,248.25,248.35,247.25,247.5,123371772
2026-05-12 10:30:00,247.5,247.8,247.0,247.25,142110804
2026-05-12 10:35:00,247.25,247.25,246.25,246.45,114336220
2026-05-12 10:40:00,246.45,246.9,246.0,246.2,140074373
2026-05-12 10:45:00,246.0,246.7,246.0,246.5,137743426
2026-05-12 10:50:00,246.3,246.85,245.8,245.8,137655853
2026-05-12 10:55:00,245.8,246.55,245.8,246.15,137135753
2026-05-12 11:00:00,246.35,246.35,245.1,245.1,151287240
2026-05-12 11:05:00,245.05,245.3,244.7,244.95,186500726
2026-05-12 11:10:00,244.95,245.1,244.45,244.45,167973751
2026-05-12 11:15:00,244.45,244.85,243.55,244.6,177831193
2026-05-12 11:20:00,244.6,244.95,243.5,244.4,198714516
2026-05-12 11:25:00,244.4,244.55,243.7,243.7,213694334
2026-05-12 11:30:00,243.7,243.95,243.5,243.85,211885785
2026-05-12 11:35:00,243.85,244.05,243.7,243.95,214976893
2026-05-12 11:40:00,243.95,244.35,243.75,244.0,191037834
2026-05-12 11:45:00,244.0,244.0,243.3,243.4,213432779
2026-05-12 11:50:00,243.4,243.6,243.1,243.6,256259718
2026-05-12 11:55:00,243.65,244.15,243.45,243.8,262387753
2026-05-12 12:00:00,244.0,244.1,243.4,243.6,261620585
2026-05-12 12:05:00,243.6,243.6,242.3,242.5,272433277
2026-05-12 12:10:00,242.55,242.8,242.15,242.7,289713379
2026-05-12 12:15:00,242.6,243.5,242.3,243.0,305281149
2026-05-12 12:20:00,243.0,243.0,242.5,242.6,258547510
2026-05-12 12:25:00,242.6,242.75,241.35,241.4,437899350
2026-05-12 12:30:00,241.4,241.65,240.7,240.9,306532274
2026-05-12 12:35:00,241.0,241.15,240.45,241.15,261401841
2026-05-12 12:50:00,241.65,242.0,241.4,241.75,251067854
2026-05-12 12:55:00,241.75,242.0,241.6,241.7,303981588
2026-05-12 13:00:00,241.85,241.9,241.2,241.5,348368884
2026-05-12 13:05:00,241.5,241.5,240.5,240.55,408480082
2026-05-12 13:10:00,240.65,241.3,240.1,241.15,393948133
2026-05-12 13:15:00,241.15,241.6,240.95,240.95,376808272
2026-05-12 13:20:00,241.1,241.1,240.15,240.15,352472746
2026-05-12 13:25:00,240.3,240.3,239.4,239.7,449047003
2026-05-12 13:30:00,239.75,240.35,239.4,239.65,426506980
2026-05-12 13:35:00,239.65,239.7,238.95,239.45,481244072
2026-05-12 13:40:00,239.4,239.5,239.0,239.3,435144645
2026-05-12 13:45:00,239.4,239.9,238.65,239.5,441764344
2026-05-12 13:50:00,239.65,240.25,239.1,239.3,501690536
2026-05-12 13:55:00,239.3,239.6,239.05,239.05,521163241
2026-05-12 14:00:00,239.0,239.2,238.7,238.85,432123189
2026-05-12 14:05:00,238.95,239.0,238.1,238.4,507516195
2026-05-12 14:10:00,238.4,238.7,238.1,238.4,503209188
2026-05-12 14:15:00,238.55,238.9,238.3,238.7,469801473
2026-05-12 14:20:00,238.55,239.65,238.2,239.6,456495209
2026-05-12 14:25:00,239.6,239.6,238.75,238.95,461155007
2026-05-12 14:30:00,239.0,239.0,238.25,238.25,433854033
2026-05-12 14:35:00,238.3,238.55,237.8,238.3,462597045
2026-05-12 14:40:00,238.35,238.6,238.25,238.35,420748011
2026-05-12 14:45:00,238.45,238.45,238.1,238.2,456200806
2026-05-12 14:50:00,238.15,238.25,237.55,237.65,449470508
2026-05-12 14:55:00,237.75,237.75,237.3,237.5,490622851
2026-05-12 15:00:00,237.65,237.65,236.2,236.55,452755395
2026-05-12 15:05:00,236.7,236.95,236.0,236.45,624746092
2026-05-12 15:10:00,236.45,236.85,236.25,236.6,441836500
2026-05-12 15:15:00,236.6,237.8,236.6,237.65,447967889
2026-05-12 15:20:00,237.7,237.7,236.55,237.4,468127410
2026-05-12 15:25:00,237.2,237.8,237.0,237.2,421738672
2026-05-13 09:15:00,237.05,241.75,237.05,241.2,15356266
2026-05-13 09:20:00,241.25,244.95,241.15,244.8,33087578
2026-05-13 09:25:00,245.0,247.5,244.2,246.05,99366017
2026-05-13 09:30:00,246.0,246.75,245.65,246.3,177699
2026-05-13 09:35:00,246.4,246.45,244.0,245.1,172255
2026-05-13 09:40:00,245.05,248.4,245.05,247.7,272060
2026-05-13 09:45:00,247.75,247.75,242.7,243.0,278690
2026-05-13 09:50:00,243.0,244.9,243.0,244.4,84248
2026-05-13 09:55:00,244.1,244.45,243.35,243.6,30972
2026-05-13 10:00:00,243.85,244.45,243.2,244.0,34475
2026-05-13 10:05:00,243.8,244.5,243.65,243.75,42611
2026-05-13 10:10:00,243.9,244.35,243.55,244.1,18135
2026-05-13 10:15:00,244.1,244.5,244.0,244.25,13706
2026-05-13 10:20:00,244.25,244.45,243.6,244.15,43592
2026-05-13 10:25:00,244.15,244.2,243.65,243.65,11261
2026-05-13 10:30:00,243.7,244.0,242.4,242.65,68362
2026-05-13 10:35:00,242.5,242.65,241.6,241.8,54557
2026-05-13 10:40:00,241.8,242.6,241.65,241.85,19225
2026-05-13 10:45:00,241.85,242.15,241.65,241.8,13173
2026-05-13 10:50:00,241.45,241.7,240.8,241.15,30971
2026-05-13 10:55:00,241.05,241.05,239.6,239.7,43892
2026-05-13 11:00:00,239.6,240.2,239.6,240.15,25468
2026-05-13 11:05:00,240.15,240.15,239.5,239.9,12451
2026-05-13 11:10:00,239.9,240.0,239.4,239.95,16516
2026-05-13 11:15:00,239.95,241.15,239.9,241.1,10211
2026-05-13 11:20:00,241.0,241.1,240.45,240.6,14274
2026-05-13 11:25:00,240.7,240.9,240.4,240.9,8811
2026-05-13 11:30:00,240.95,241.6,240.75,241.35,17750
2026-05-13 11:35:00,241.25,241.8,241.25,241.6,9968
2026-05-13 11:40:00,241.55,242.15,241.55,241.95,18012
2026-05-13 11:45:00,241.9,241.95,241.4,241.45,8721
2026-05-13 11:50:00,241.5,242.0,241.25,241.55,8311
2026-05-13 11:55:00,241.4,241.85,241.4,241.65,7061
2026-05-13 12:00:00,241.55,242.0,241.55,242.0,4972
2026-05-13 12:05:00,242.0,242.35,241.55,242.35,12271
2026-05-13 12:10:00,242.4,242.4,241.9,242.25,16498
2026-05-13 12:15:00,242.35,242.45,241.45,241.6,13471
2026-05-13 12:20:00,241.55,241.55,241.2,241.4,9733
2026-05-13 12:25:00,241.3,241.55,241.3,241.3,2338
2026-05-13 12:30:00,241.45,241.7,240.8,241.0,14184
2026-05-13 12:35:00,240.9,241.0,240.45,240.7,9728
2026-05-13 12:40:00,240.5,240.65,239.7,240.3,18474
2026-05-13 12:45:00,240.4,240.45,240.1,240.35,2353
2026-05-13 12:50:00,240.15,241.6,240.15,241.4,18086
2026-05-13 12:55:00,241.3,242.15,241.3,241.95,17655
2026-05-13 13:00:00,242.2,242.2,241.7,241.9,16364
2026-05-13 13:05:00,241.9,242.4,241.8,242.4,20044
2026-05-13 13:10:00,242.35,242.65,242.1,242.3,8965
2026-05-13 13:15:00,242.1,242.6,241.8,242.5,12627
2026-05-13 13:20:00,242.6,242.75,242.15,242.6,8479
2026-05-13 13:25:00,242.6,242.75,242.1,242.3,20318
2026-05-13 13:30:00,242.3,242.9,242.0,242.1,55402
2026-05-13 13:35:00,242.35,242.4,241.8,242.25,8679
2026-05-13 13:40:00,242.4,242.55,241.75,241.95,6625
2026-05-13 13:45:00,241.95,241.95,241.1,241.35,10209
2026-05-13 13:50:00,241.35,241.35,241.05,241.05,2718
2026-05-13 13:55:00,241.0,241.5,240.7,241.05,29956
2026-05-13 14:00:00,241.0,241.6,240.7,241.1,10176
2026-05-13 14:05:00,240.85,241.95,240.85,241.95,19721
2026-05-13 14:10:00,242.0,242.5,241.5,242.45,24381
2026-05-13 14:15:00,242.45,242.5,241.6,241.65,12403
2026-05-13 14:20:00,241.65,241.8,240.75,241.3,27834
2026-05-13 14:25:00,241.3,241.5,240.85,241.05,16234
2026-05-13 14:30:00,241.05,241.75,241.05,241.55,5158
2026-05-13 14:35:00,241.5,241.8,241.0,241.15,23602
2026-05-13 14:40:00,241.05,241.55,241.0,241.2,23415
2026-05-13 14:45:00,241.2,241.45,240.55,241.05,43197
2026-05-13 14:50:00,241.05,241.3,240.9,241.05,24154
2026-05-13 14:55:00,241.05,241.35,240.8,241.15,11491
2026-05-13 15:00:00,241.1,241.25,240.15,241.1,60607
2026-05-13 15:05:00,241.1,241.4,240.7,240.9,42919
2026-05-13 15:10:00,241.0,241.0,240.5,240.7,49735
2026-05-13 15:15:00,240.7,240.7,240.0,240.3,58034
2026-05-13 15:20:00,240.25,240.5,240.0,240.45,61654
2026-05-13 15:25:00,240.3,241.85,240.05,241.15,100179
2026-05-14 09:15:00,241.6,244.45,241.6,242.65,123274
2026-05-14 09:20:00,242.65,244.8,242.55,244.5,82826
2026-05-14 09:25:00,244.5,245.45,244.15,244.45,59300
2026-05-14 09:30:00,244.5,244.5,243.7,243.7,37646
2026-05-14 09:35:00,243.9,243.9,242.9,243.35,42736
2026-05-14 09:40:00,243.35,243.8,243.05,243.25,54960
2026-05-14 09:45:00,243.4,244.5,242.8,243.8,68181
2026-05-14 09:50:00,243.6,245.25,243.5,243.5,93128
2026-05-14 09:55:00,243.5,245.7,242.8,245.7,115455
2026-05-14 10:00:00,246.1,248.75,246.1,247.7,354238
2026-05-14 10:05:00,247.45,247.7,246.3,247.6,115154
2026-05-14 10:10:00,247.6,249.2,246.8,248.0,251896
2026-05-14 10:15:00,247.9,250.2,246.85,249.6,295011
2026-05-14 10:20:00,249.5,249.5,247.7,248.7,204255
2026-05-14 10:25:00,248.85,249.35,247.65,248.4,112280
2026-05-14 10:30:00,248.4,249.2,247.75,249.15,81713
2026-05-14 10:35:00,249.1,253.2,248.55,252.5,368157
2026-05-14 10:40:00,252.35,255.55,252.35,252.75,999017
2026-05-14 10:45:00,253.0,253.7,251.8,252.75,356700
2026-05-14 10:50:00,252.75,254.3,252.7,253.6,327917
2026-05-14 10:55:00,253.6,253.6,251.1,251.9,248087
2026-05-14 11:00:00,251.9,252.45,250.65,250.7,156119
2026-05-14 11:05:00,251.0,251.1,249.55,250.6,231860
2026-05-14 11:10:00,250.4,251.45,249.1,249.55,178682
2026-05-14 11:15:00,249.7,250.2,249.7,250.0,128608
2026-05-14 11:20:00,249.85,252.85,249.85,251.95,235944
2026-05-14 11:25:00,251.95,252.85,251.35,252.05,97291
2026-05-14 11:30:00,252.2,253.35,252.1,252.8,150374
2026-05-14 11:35:00,252.65,253.65,252.5,253.65,118996
2026-05-14 11:40:00,253.7,254.1,250.25,253.6,323212
2026-05-14 11:45:00,253.6,254.35,253.1,253.7,74043
2026-05-14 11:50:00,253.7,255.0,253.5,254.3,124145
2026-05-14 11:55:00,254.15,254.5,253.5,253.5,86751
2026-05-14 12:00:00,253.55,254.6,253.2,254.4,95376
2026-05-14 12:05:00,254.6,257.3,254.15,255.75,588844
2026-05-14 12:10:00,255.85,255.85,254.65,255.2,100137
2026-05-14 12:15:00,255.15,255.45,254.8,254.85,64102
2026-05-14 12:20:00,255.0,255.4,254.8,254.8,48973
2026-05-14 12:25:00,254.8,255.3,254.5,255.1,83205
2026-05-14 12:30:00,255.15,255.45,254.65,254.9,64095
2026-05-14 12:35:00,254.9,255.2,254.25,254.55,80380
2026-05-14 12:40:00,254.7,255.6,254.45,255.5,64394
2026-05-14 12:45:00,255.5,256.6,254.55,256.5,162068
2026-05-14 12:50:00,256.5,256.7,255.8,255.85,144730
2026-05-14 12:55:00,255.85,256.0,255.5,255.65,49927
2026-05-14 13:00:00,255.65,255.9,255.15,255.55,129283
2026-05-14 13:05:00,255.55,255.7,254.75,254.8,65241
2026-05-14 13:10:00,254.8,254.95,254.5,254.8,47189
2026-05-14 13:15:00,254.8,255.4,254.75,255.4,35993
2026-05-14 13:20:00,255.2,255.45,254.4,254.6,42608
2026-05-14 13:25:00,254.5,255.05,254.5,254.55,14956
2026-05-14 13:30:00,254.55,255.05,254.3,254.85,77330
2026-05-14 13:35:00,254.6,255.2,254.55,254.75,28440
2026-05-14 13:40:00,254.7,254.95,254.2,254.4,53166
2026-05-14 13:45:00,254.4,254.4,253.5,253.85,126166
2026-05-14 13:50:00,253.85,254.5,253.8,254.05,27446
2026-05-14 13:55:00,254.1,254.6,254.05,254.05,36273
2026-05-14 14:00:00,254.05,254.2,253.7,254.1,28298
2026-05-14 14:05:00,254.0,254.6,253.8,254.35,33339
2026-05-14 14:10:00,254.35,254.75,253.75,254.0,47155
2026-05-14 14:15:00,253.85,254.35,253.2,253.25,46617
2026-05-14 14:20:00,253.15,253.7,252.65,253.1,123175
2026-05-14 14:25:00,253.1,253.5,253.0,253.3,27861
2026-05-14 14:30:00,253.3,253.8,252.85,253.8,32662
2026-05-14 14:35:00,253.75,253.75,253.0,253.4,31093
2026-05-14 14:40:00,253.25,253.4,253.05,253.4,23200
2026-05-14 14:45:00,253.2,253.45,252.8,253.15,59664
2026-05-14 14:50:00,253.0,253.75,253.0,253.6,52656
2026-05-14 14:55:00,253.6,253.95,253.35,253.5,59345
2026-05-14 15:00:00,253.15,253.35,253.0,253.05,365961883
2026-05-14 15:05:00,253.05,253.65,252.8,253.45,68113
2026-05-14 15:10:00,253.5,253.75,252.85,253.45,1325380296
2026-05-14 15:15:00,253.55,253.95,253.4,253.8,1158364411
2026-05-14 15:20:00,253.75,254.8,253.55,254.5,1029130132
2026-05-14 15:25:00,254.5,255.4,254.1,255.2,1133444833
2026-05-15 09:15:00,253.95,254.25,249.3,250.7,42479904
2026-05-15 09:20:00,250.7,250.7,247.3,247.3,66875043
2026-05-15 09:25:00,247.55,247.55,245.1,245.25,100996420
2026-05-15 09:30:00,245.45,245.75,244.5,244.55,169721330
2026-05-15 09:35:00,244.7,246.25,244.4,246.15,157787581
2026-05-15 09:40:00,246.2,247.45,245.8,246.9,170876038
2026-05-15 09:45:00,246.9,248.4,246.55,247.85,187190082
2026-05-15 09:50:00,247.8,248.25,247.45,247.6,169444705
2026-05-15 09:55:00,247.55,247.6,247.25,247.35,65203943
2026-05-15 10:00:00,247.35,247.35,246.6,247.0,177437429
2026-05-15 10:05:00,246.9,246.9,245.35,245.65,193213010
2026-05-15 10:10:00,245.7,246.5,245.65,246.35,235086378
2026-05-15 10:15:00,246.55,246.55,245.7,245.9,203994318
2026-05-15 10:20:00,245.9,246.4,245.65,246.4,217229081
2026-05-15 10:25:00,246.4,246.9,246.1,246.35,266203760
2026-05-15 10:30:00,246.4,246.65,246.15,246.6,224575166
2026-05-15 10:35:00,246.65,247.05,246.4,246.85,236919039
2026-05-15 10:40:00,246.8,247.45,246.8,247.3,260267951
2026-05-15 10:45:00,247.5,247.85,247.2,247.75,236736028
2026-05-15 10:50:00,247.85,249.05,247.7,249.05,287826116
2026-05-15 10:55:00,249.05,249.35,248.85,249.25,299165851
2026-05-15 11:00:00,249.15,249.15,249.15,249.15,1933257
2026-05-15 11:40:00,247.15,247.45,247.05,247.35,165489478
2026-05-15 11:45:00,247.35,247.8,247.35,247.6,248646291
2026-05-15 11:50:00,247.6,247.75,247.25,247.25,253886803
2026-05-15 11:55:00,247.25,247.3,246.9,247.15,233189273
2026-05-15 12:00:00,247.15,247.65,247.15,247.6,284959301
2026-05-15 12:05:00,247.6,248.2,247.6,247.65,354517526
2026-05-15 12:10:00,247.9,247.95,247.1,247.2,266731597
2026-05-15 12:15:00,247.2,247.3,246.85,247.0,233562108
2026-05-15 12:20:00,247.0,247.1,246.6,246.65,271397886
2026-05-15 12:25:00,246.8,246.8,246.25,246.25,354304183
2026-05-15 12:30:00,246.25,246.7,246.2,246.7,294480502
2026-05-15 12:35:00,246.7,247.2,246.7,247.05,307288889
2026-05-15 12:40:00,247.0,247.6,246.95,247.5,315430704
2026-05-15 12:45:00,247.35,247.7,247.2,247.25,292593450
2026-05-15 12:50:00,247.25,247.45,247.2,247.35,302566225
2026-05-15 12:55:00,247.35,247.55,247.1,247.2,298728103
2026-05-15 13:00:00,247.2,247.2,247.0,247.05,263730009
2026-05-15 13:05:00,247.05,247.25,246.5,246.55,324239488
2026-05-15 13:10:00,246.55,247.95,246.55,247.4,386697965
2026-05-15 13:15:00,247.4,247.55,247.05,247.55,310671834
2026-05-15 13:20:00,247.55,247.65,247.35,247.5,294352494
2026-05-15 13:25:00,247.5,247.5,246.85,247.15,326748777
2026-05-15 13:30:00,247.15,247.3,246.9,247.0,279373572
2026-05-15 13:35:00,247.0,249.25,247.0,249.2,428330075
2026-05-15 13:40:00,249.2,249.4,248.35,248.5,430486970
2026-05-15 13:45:00,248.5,248.9,248.3,248.55,418268716
2026-05-15 13:50:00,248.35,249.25,248.35,249.2,384110191
2026-05-15 13:55:00,249.25,249.4,248.4,249.0,420077078
2026-05-15 14:00:00,249.0,249.0,248.35,248.45,418755753
2026-05-15 14:05:00,248.45,248.75,248.3,248.6,406042102
2026-05-15 14:10:00,248.6,249.0,248.6,248.95,484621373
2026-05-15 14:15:00,248.85,249.0,247.8,248.25,415702911
2026-05-15 14:20:00,248.25,248.4,247.8,248.1,465111224
2026-05-15 14:25:00,248.0,248.2,247.65,247.85,424543610
2026-05-15 14:30:00,247.8,248.3,247.7,248.05,460638568
2026-05-15 14:35:00,247.95,248.15,247.65,247.65,486797690
2026-05-15 14:40:00,247.6,248.0,247.4,247.4,493504951
2026-05-15 14:45:00,247.5,247.55,246.05,246.15,416022585
2026-05-15 14:50:00,246.05,246.4,245.65,246.1,465355794
2026-05-15 14:55:00,246.1,246.7,245.35,246.2,476377835
2026-05-15 15:00:00,246.25,246.8,245.95,246.8,389680809
2026-05-15 15:05:00,246.9,247.05,246.25,246.45,420582341
2026-05-15 15:10:00,246.5,246.7,246.3,246.55,360546144
2026-05-15 15:15:00,246.55,247.45,246.1,247.0,376960966
2026-05-15 15:20:00,247.05,247.2,246.45,247.1,396304070
2026-05-15 15:25:00,246.9,247.15,246.35,246.6,361007506
2026-05-18 12:10:00,235.3,235.8,234.8,235.65,56186
2026-05-18 12:15:00,235.65,235.8,234.55,234.75,23737
2026-05-18 12:20:00,234.75,235.6,234.5,235.6,22563
2026-05-19 09:15:00,238.75,240.6,238.65,238.9,18573326
2026-05-19 09:20:00,238.65,241.0,238.65,240.7,33679063
2026-05-19 09:25:00,240.7,241.65,240.5,241.15,53031888
2026-05-19 09:30:00,241.35,241.5,239.95,240.3,71125785
2026-05-19 09:35:00,240.15,240.8,239.4,240.65,80154829
2026-05-19 09:40:00,240.85,243.4,240.85,242.9,117155422
2026-05-19 09:45:00,242.95,244.0,242.95,243.6,97707838
2026-05-19 09:50:00,243.75,244.2,242.7,242.85,151426442
2026-05-19 09:55:00,242.95,243.0,242.2,242.2,152702300
2026-05-19 10:00:00,242.2,243.45,242.1,243.25,153847456
2026-05-19 10:05:00,243.25,243.6,243.05,243.45,152213496
2026-05-19 10:10:00,243.45,243.75,243.35,243.7,161226237
2026-05-19 10:15:00,243.75,244.0,243.05,243.25,164752030
2026-05-19 10:20:00,243.2,244.35,243.2,243.9,195011301
2026-05-19 10:25:00,243.95,244.15,243.15,243.65,187204448
2026-05-19 10:30:00,243.65,244.2,242.05,242.8,214598492
2026-05-19 10:35:00,242.9,244.45,242.75,244.4,430985541
2026-05-19 10:40:00,244.4,249.0,244.4,248.25,802471795
2026-05-19 10:45:00,248.25,250.45,247.75,249.3,1175096836
2026-05-19 10:50:00,249.05,250.0,248.05,248.35,881491460
2026-05-19 10:55:00,248.5,248.75,248.0,248.55,412391204
2026-05-19 11:00:00,248.55,248.85,247.85,248.15,434921779
2026-05-19 11:05:00,248.2,248.8,247.95,248.45,502049776
2026-05-19 11:10:00,248.3,248.75,248.1,248.25,422438387
2026-05-19 11:15:00,248.25,248.35,247.3,247.8,413729189
2026-05-19 11:20:00,247.9,248.0,247.35,247.75,443236332
2026-05-19 11:25:00,247.75,247.95,247.4,247.7,425580036
2026-05-19 11:30:00,247.95,247.95,247.2,247.65,485364678
2026-05-19 11:35:00,247.65,248.0,247.4,247.95,501297938
2026-05-19 11:40:00,248.0,248.25,247.7,248.15,457400936
2026-05-19 11:45:00,248.15,248.45,247.25,247.4,478856866
2026-05-19 11:50:00,247.4,247.7,246.7,247.0,612680535
2026-05-19 11:55:00,246.95,247.7,246.95,247.45,524600730
2026-05-19 12:00:00,247.5,248.15,247.05,247.05,519772910
2026-05-19 12:05:00,247.05,247.55,247.05,247.1,578755428
2026-05-19 12:10:00,247.25,247.75,247.15,247.55,533510947
2026-05-19 12:15:00,247.55,247.75,246.75,246.85,549663496
2026-05-19 12:20:00,247.0,247.3,246.85,247.05,535744012
2026-05-19 12:25:00,247.05,247.5,246.95,247.25,548168354
2026-05-19 12:30:00,247.25,247.4,246.85,247.15,551026225
2026-05-19 12:35:00,247.15,247.8,246.95,247.4,551934644
2026-05-19 12:40:00,247.4,247.65,246.75,246.9,602836945
2026-05-19 12:45:00,246.9,247.1,245.55,246.1,864763747
2026-05-19 12:50:00,246.1,246.6,245.75,246.45,624974357
2026-05-19 12:55:00,246.45,246.55,246.05,246.3,583799725
2026-05-19 13:00:00,246.45,246.5,246.0,246.25,534373213
2026-05-19 13:05:00,246.25,246.4,245.8,246.2,618359093
2026-05-19 13:10:00,246.2,246.4,245.95,246.3,628120162
2026-05-19 13:15:00,246.25,246.4,246.0,246.4,605214903
2026-05-19 13:20:00,246.4,246.5,246.1,246.4,584928072
2026-05-19 13:25:00,246.5,246.7,246.15,246.35,479032580
2026-05-19 13:30:00,246.4,246.5,246.1,246.25,556278050
2026-05-19 13:35:00,246.25,246.4,245.7,245.85,496904114
2026-05-19 13:40:00,245.85,246.1,245.65,246.0,506853430
2026-05-19 13:45:00,246.05,246.5,245.9,246.2,561089364
2026-05-19 13:50:00,246.2,246.4,245.5,245.6,572460104
2026-05-19 13:55:00,245.45,245.7,245.35,245.65,557571426
2026-05-19 14:00:00,245.65,245.95,245.15,245.95,579408593
2026-05-19 14:05:00,245.95,246.05,245.7,245.7,679660172
2026-05-19 14:10:00,245.75,245.8,245.3,245.35,697364202
2026-05-19 14:15:00,245.45,245.95,245.35,245.6,629200047
2026-05-19 14:20:00,245.7,246.4,245.6,245.9,579955152
2026-05-19 14:25:00,245.9,246.0,245.7,245.85,632039408
2026-05-19 14:30:00,245.75,245.95,245.15,245.3,668445736
2026-05-19 14:35:00,245.45,245.45,244.6,245.0,652270700
2026-05-19 14:40:00,244.95,245.1,244.5,244.65,596672214
2026-05-19 14:45:00,244.8,244.85,244.4,244.7,651436373
2026-05-19 14:50:00,244.7,245.35,244.65,245.15,639892697
2026-05-19 14:55:00,245.15,245.55,245.0,245.45,682791471
2026-05-19 15:00:00,245.3,246.2,245.15,245.5,850828283
2026-05-19 15:05:00,245.5,245.9,245.1,245.3,559900933
2026-05-19 15:10:00,245.35,245.75,245.25,245.65,568860085
2026-05-19 15:15:00,245.6,245.75,244.55,244.75,570072116
2026-05-19 15:20:00,244.65,244.75,243.55,243.7,601668527
2026-05-19 15:25:00,243.7,243.95,243.25,243.55,560966576
2026-05-20 09:15:00,242.0,242.0,238.55,239.2,17933267
2026-05-20 09:20:00,238.9,239.2,238.1,238.6,36148621
2026-05-20 09:25:00,238.65,239.05,238.0,238.4,59930610
2026-05-20 09:30:00,238.4,239.8,238.0,239.0,65378545
2026-05-20 09:35:00,239.0,239.3,238.1,239.2,93073654
2026-05-20 09:40:00,239.2,239.4,238.35,238.55,89808437
2026-05-20 09:45:00,238.55,239.2,238.45,239.15,101999251
2026-05-20 09:50:00,239.15,239.7,239.15,239.7,98809958
2026-05-20 09:55:00,239.5,240.1,239.25,239.7,115058171
2026-05-20 10:00:00,239.85,239.85,239.0,239.1,113400167
2026-05-20 10:05:00,239.05,239.4,238.75,239.4,131440542
2026-05-20 10:10:00,239.4,239.85,239.05,239.6,116851656
2026-05-20 10:15:00,239.5,239.8,239.3,239.75,124929725
2026-05-20 10:20:00,239.75,239.75,239.1,239.1,130977551
2026-05-20 10:25:00,239.1,239.5,238.8,239.45,133615620
2026-05-20 10:30:00,239.45,239.65,238.65,239.45,146222362
2026-05-20 10:35:00,239.45,240.9,239.4,240.5,171034219
2026-05-20 10:40:00,240.5,241.7,240.2,241.45,205441353
2026-05-20 10:45:00,241.45,242.0,241.3,241.4,229100804
2026-05-20 10:50:00,241.4,242.4,241.1,242.2,203786016
2026-05-20 10:55:00,242.1,243.25,242.05,242.6,203609032
2026-05-20 11:00:00,242.6,243.1,241.7,241.95,210248809
2026-05-20 11:05:00,241.95,242.65,241.9,242.55,213848256
2026-05-20 11:10:00,242.55,242.55,241.85,241.85,155349511
2026-05-20 11:15:00,241.85,241.95,241.5,241.6,204052409
2026-05-20 11:20:00,241.6,241.95,241.3,241.9,223639674
2026-05-20 11:25:00,241.9,241.9,241.5,241.75,203605627
2026-05-20 11:30:00,241.75,242.0,241.5,241.95,165991410
2026-05-20 11:35:00,241.95,242.5,241.75,242.3,195231530
2026-05-20 11:40:00,242.3,242.3,242.0,242.1,216867341
2026-05-20 11:45:00,242.1,243.05,240.8,243.05,335482010
2026-05-20 11:50:00,243.05,243.25,242.4,242.65,263284176
2026-05-20 11:55:00,242.65,243.0,242.45,242.8,273220008
2026-05-20 12:00:00,242.8,242.8,242.2,242.7,197023522
2026-05-20 12:05:00,242.7,242.7,242.0,242.05,231152575
2026-05-20 12:10:00,242.05,242.25,241.7,241.9,191788492
2026-05-20 12:15:00,241.9,242.35,241.8,241.9,189682755
2026-05-20 12:20:00,242.0,242.25,241.9,242.2,226282244
2026-05-20 12:25:00,242.05,242.25,241.55,242.1,250028803
2026-05-20 12:30:00,242.1,242.3,241.35,242.15,225231572
2026-05-20 12:35:00,242.05,242.65,242.05,242.6,216084658
2026-05-20 12:40:00,242.6,242.75,242.4,242.7,236874806
2026-05-20 12:45:00,242.7,242.9,242.4,242.55,237510824
2026-05-20 12:50:00,242.55,242.65,242.45,242.6,238129525
2026-05-20 12:55:00,242.6,242.7,242.35,242.55,228515899
2026-05-20 13:00:00,242.55,242.55,241.4,241.5,225309593
2026-05-20 13:05:00,241.5,241.9,241.35,241.65,225194077
2026-05-20 13:10:00,241.65,241.65,241.35,241.5,234035995
2026-05-20 13:15:00,241.5,241.6,240.8,240.9,255182230
2026-05-20 13:20:00,240.9,241.45,240.75,240.75,266914337
2026-05-20 13:25:00,240.75,241.2,240.7,240.75,274385412
2026-05-20 13:30:00,240.75,241.0,240.6,240.85,270830414
2026-05-20 13:35:00,240.85,241.4,240.8,241.1,253868296
2026-05-20 13:40:00,241.1,241.15,240.8,240.95,251927264
2026-05-20 13:45:00,240.95,241.25,240.9,241.2,307476838
2026-05-20 13:50:00,241.2,241.35,241.0,241.3,255830363
2026-05-20 13:55:00,241.3,241.8,241.15,241.6,288695371
2026-05-20 14:00:00,241.6,241.8,241.3,241.4,277217980
2026-05-20 14:05:00,241.4,241.75,241.4,241.75,232781385
2026-05-20 14:10:00,241.75,242.25,241.6,241.9,292833207
2026-05-20 14:15:00,241.9,242.65,241.9,242.1,281693313
2026-05-20 14:20:00,242.0,242.4,241.75,242.15,247603912
2026-05-20 14:25:00,242.15,242.4,242.15,242.4,288216667
2026-05-20 14:30:00,242.4,242.5,241.75,241.85,292883991
2026-05-20 14:35:00,241.85,241.95,241.5,241.55,283799534
2026-05-20 14:40:00,241.5,241.9,241.5,241.55,280403380
2026-05-20 14:45:00,241.6,241.95,241.5,241.8,256331547
2026-05-20 14:50:00,241.8,242.0,241.6,241.65,307003772
2026-05-20 14:55:00,241.65,241.85,241.3,241.4,305163344
2026-05-20 15:00:00,241.4,241.45,240.65,240.95,369408278
2026-05-20 15:05:00,241.05,241.65,240.95,241.6,292228488
2026-05-20 15:10:00,241.6,241.9,241.4,241.8,227551815
2026-05-20 15:15:00,241.55,242.0,241.55,241.55,292444839
2026-05-20 15:20:00,241.9,242.0,241.0,241.3,321899179
2026-05-20 15:25:00,241.3,242.0,240.75,241.5,319653389
2026-05-21 09:15:00,245.5,245.85,243.0,243.2,17603195
2026-05-21 09:20:00,243.05,243.85,242.5,243.55,37675082
2026-05-21 09:25:00,243.45,243.9,242.0,242.0,54627853
2026-05-21 09:30:00,242.05,242.1,240.8,241.5,82553746
2026-05-21 09:35:00,241.9,242.3,241.1,242.0,78783880
2026-05-21 09:40:00,241.95,242.2,241.75,242.05,89592156
2026-05-21 09:45:00,242.05,242.95,242.0,242.8,96961350
2026-05-21 09:50:00,242.8,243.65,242.8,243.2,97209181
2026-05-21 09:55:00,243.2,243.3,242.65,242.8,104004276
2026-05-21 10:00:00,242.8,242.9,242.3,242.3,85232528
2026-05-21 10:05:00,242.65,242.7,242.25,242.45,99978571
2026-05-21 10:10:00,242.45,242.6,242.1,242.6,92828659
2026-05-21 10:15:00,242.6,243.55,242.6,243.1,120041616
2026-05-21 10:20:00,243.15,243.5,243.0,243.3,61387157
2026-05-21 10:25:00,243.3,243.65,243.3,243.35,42075402
2026-05-21 10:30:00,243.4,243.4,242.85,243.0,120505248
2026-05-21 10:35:00,242.85,243.65,242.15,242.25,141094365
2026-05-21 10:40:00,242.2,242.35,242.0,242.35,157682097
2026-05-21 10:45:00,242.15,242.3,241.7,241.7,156737829
2026-05-21 10:50:00,241.85,242.0,241.6,241.8,117970776
2026-05-21 10:55:00,241.8,241.8,240.45,240.85,176221888
2026-05-21 11:00:00,240.85,240.85,240.2,240.55,191358262
2026-05-21 11:05:00,240.55,240.6,240.3,240.35,184313898
2026-05-21 11:10:00,240.35,240.65,240.1,240.1,183292428
2026-05-21 11:15:00,240.1,240.1,239.2,239.4,197945635
2026-05-21 11:20:00,239.3,239.85,239.3,239.65,221475495
2026-05-21 11:25:00,239.7,240.3,239.7,240.05,173762336
2026-05-21 11:30:00,239.9,240.3,239.65,240.3,179838789
2026-05-21 11:35:00,240.3,240.35,240.1,240.35,199483459
2026-05-21 11:40:00,240.35,240.4,240.0,240.0,201154287
2026-05-21 11:45:00,240.05,240.5,240.05,240.25,180906127
2026-05-21 11:50:00,240.25,240.5,240.15,240.3,217510107
2026-05-21 11:55:00,240.3,240.35,239.55,239.9,231229579
2026-05-21 12:00:00,239.9,240.0,239.55,239.9,229000200
2026-05-21 12:05:00,239.9,239.9,239.55,239.7,210511009
2026-05-21 12:10:00,239.7,239.8,239.4,239.55,170138137
2026-05-21 12:15:00,239.55,239.65,239.25,239.6,232178576
2026-05-21 12:20:00,239.6,239.6,239.0,239.2,218590338
2026-05-21 12:25:00,239.2,239.25,238.55,238.65,220271162
2026-05-21 12:30:00,238.65,238.65,238.1,238.25,247026262
2026-05-21 12:35:00,238.25,238.45,237.65,237.8,249084612
2026-05-21 12:40:00,237.7,237.85,236.3,236.65,293547979
2026-05-21 12:45:00,236.8,236.8,236.3,236.75,245732152
2026-05-21 12:50:00,236.75,237.3,236.75,237.1,285669213
2026-05-21 12:55:00,237.1,237.25,236.9,237.1,311021294
2026-05-21 13:00:00,237.1,237.2,236.0,236.45,327258230
2026-05-21 13:05:00,236.65,237.65,236.45,237.6,319560234
2026-05-21 13:10:00,237.65,237.65,236.3,236.5,369108280
2026-05-21 13:15:00,236.3,236.8,236.3,236.55,313808919
2026-05-21 13:20:00,236.55,236.9,236.55,236.7,302779605
2026-05-21 13:25:00,236.6,237.0,236.55,236.85,374824833
2026-05-21 13:30:00,236.65,237.45,236.6,237.05,343031486
2026-05-21 13:35:00,237.05,237.7,237.05,237.55,326708630
2026-05-21 13:40:00,237.55,237.85,237.55,237.85,314633640
2026-05-21 13:45:00,237.9,238.25,237.75,237.8,49957
2026-05-21 13:50:00,237.8,237.95,237.4,237.6,7593
2026-05-21 13:55:00,237.4,238.05,237.4,238.05,13816
2026-05-21 14:00:00,237.65,237.8,237.65,237.8,29798655
2026-05-21 14:05:00,237.7,238.55,237.6,238.55,377055526
2026-05-21 14:10:00,238.25,238.6,238.15,238.45,403038161
2026-05-21 14:15:00,238.45,238.75,238.0,238.75,467128235
2026-05-21 14:20:00,238.75,238.85,238.1,238.35,418637238
2026-05-21 14:25:00,238.2,238.3,237.65,237.85,51548
2026-05-21 14:30:00,237.7,238.3,237.7,238.15,11584
2026-05-21 14:35:00,238.0,238.3,237.8,237.95,11343
2026-05-21 14:40:00,237.8,238.15,237.8,237.95,14346
2026-05-21 14:45:00,237.8,238.0,237.7,237.8,395320850
2026-05-21 14:50:00,237.8,237.95,237.7,237.8,7711
2026-05-21 14:50:00,237.75,238.15,237.7,237.8,410524594
2026-05-21 14:55:00,238.0,238.0,237.4,237.55,416269916
2026-05-21 15:00:00,237.4,237.65,237.1,237.4,329590537
2026-05-21 15:05:00,237.35,237.85,237.25,237.3,403872597
2026-05-21 15:10:00,237.3,237.5,237.05,237.15,396951820
2026-05-21 15:15:00,237.1,237.35,236.75,237.1,350046977
2026-05-21 15:20:00,237.35,237.4,236.85,236.95,372501828
2026-05-21 15:25:00,237.1,237.9,236.8,237.7,336284659
