datetime,open,high,low,close,volume
2026-01-30 09:15:00,197.9,197.9,193.3,193.6,1726002
2026-01-30 09:30:00,193.68,194.65,193.0,194.49,1063198
2026-01-30 09:45:00,194.59,195.2,193.8,194.0,582497
2026-01-30 10:00:00,194.0,194.99,193.55,194.78,420463
2026-01-30 10:15:00,194.78,194.85,192.8,193.23,714549
2026-01-30 10:30:00,193.23,193.88,193.06,193.78,169563
2026-01-30 10:45:00,193.78,193.89,193.32,193.55,312999
2026-01-30 11:00:00,193.55,194.34,193.5,193.9,231143
2026-01-30 11:15:00,193.9,193.99,193.15,193.34,248661
2026-01-30 11:30:00,193.48,194.1,192.5,193.46,374386
2026-01-30 11:45:00,193.46,193.8,192.96,193.21,224674
2026-01-30 12:00:00,193.3,193.5,193.0,193.2,111714
2026-01-30 12:15:00,193.2,193.3,192.15,193.1,259375
2026-01-30 12:30:00,192.92,193.06,191.01,191.42,590122
2026-01-30 12:45:00,191.45,191.45,190.25,190.63,643408
2026-01-30 13:00:00,190.63,190.76,188.77,188.99,817040
2026-01-30 13:15:00,189.0,189.55,188.63,189.28,339083
2026-01-30 13:30:00,189.28,191.31,189.26,190.99,382043
2026-01-30 13:45:00,191.06,192.75,190.76,192.44,503765
2026-01-30 14:00:00,192.44,192.52,191.55,191.8,228530
2026-01-30 14:15:00,191.82,192.0,191.56,191.76,122222
2026-01-30 14:30:00,191.76,192.5,191.0,191.36,510922
2026-01-30 14:45:00,191.3,191.85,191.0,191.63,295171
2026-01-30 15:00:00,191.63,191.9,191.21,191.88,351806
2026-01-30 15:15:00,191.88,191.96,191.05,191.45,994201
2026-02-01 09:15:00,193.4,193.8,191.79,193.54,510607
2026-02-01 09:30:00,193.5,193.7,193.05,193.68,177225
2026-02-01 09:45:00,193.69,193.87,193.26,193.4,195897
2026-02-01 10:00:00,193.4,195.1,193.4,194.43,310218
2026-02-01 10:15:00,194.43,196.18,194.43,196.08,305096
2026-02-01 10:30:00,196.08,196.19,195.5,196.08,155260
2026-02-01 10:45:00,196.02,197.4,196.0,196.44,350811
2026-02-01 11:00:00,196.44,197.8,196.35,197.27,253937
2026-02-01 11:15:00,197.28,200.71,196.45,197.0,1256017
2026-02-01 11:30:00,197.0,198.2,195.75,196.58,360749
2026-02-01 11:45:00,196.65,196.73,194.55,194.74,276837
2026-02-01 12:00:00,194.74,195.75,194.09,194.81,280781
2026-02-01 12:15:00,194.81,194.91,189.35,189.66,502416
2026-02-01 12:30:00,189.66,194.59,188.4,194.35,564482
2026-02-01 12:45:00,194.21,194.56,192.64,192.76,175810
2026-02-01 13:00:00,192.99,193.46,192.03,192.97,78488
2026-02-01 13:15:00,192.88,194.89,192.36,193.13,268018
2026-02-01 13:30:00,193.29,197.26,192.87,195.55,646809
2026-02-01 13:45:00,195.56,196.69,195.36,195.63,160740
2026-02-01 14:00:00,195.64,195.64,194.03,194.72,146686
2026-02-01 14:15:00,194.72,195.74,193.59,194.89,221662
2026-02-01 14:30:00,194.94,195.2,194.44,194.93,78305
2026-02-01 14:45:00,194.96,194.98,192.9,192.94,160837
2026-02-01 15:00:00,192.86,195.36,192.69,192.99,262290
2026-02-01 15:15:00,192.99,192.99,190.12,190.9,441042
2026-02-02 09:15:00,192.0,192.0,187.32,187.81,613334
2026-02-02 09:30:00,187.81,188.39,185.9,186.04,516867
2026-02-02 09:45:00,186.05,186.99,185.5,186.22,407299
2026-02-02 10:00:00,186.22,186.32,185.5,185.8,313629
2026-02-02 10:15:00,185.84,186.0,184.2,184.27,528743
2026-02-02 10:30:00,184.27,184.64,183.32,183.86,429260
2026-02-02 10:45:00,183.86,183.86,182.1,182.28,431126
2026-02-02 11:00:00,182.28,182.76,181.66,181.89,484076
2026-02-02 11:15:00,181.97,181.97,180.6,181.64,454596
2026-02-02 11:30:00,181.53,182.07,181.18,181.52,453724
2026-02-02 11:45:00,181.66,181.68,180.8,181.0,223880
2026-02-02 12:00:00,181.07,181.07,179.3,179.78,616868
2026-02-02 12:15:00,179.88,180.09,178.15,179.34,773827
2026-02-02 12:30:00,179.33,179.89,178.75,179.73,342634
2026-02-02 12:45:00,179.75,179.92,179.1,179.8,204330
2026-02-02 13:00:00,179.83,180.0,179.0,179.2,302039
2026-02-02 13:15:00,179.15,179.52,178.0,178.9,543559
2026-02-02 13:30:00,178.91,180.88,178.48,180.85,439111
2026-02-02 13:45:00,180.85,182.65,180.06,181.84,689983
2026-02-02 14:00:00,182.06,183.25,181.66,183.13,461867
2026-02-02 14:15:00,183.13,184.25,183.02,184.25,408131
2026-02-02 14:30:00,184.11,185.3,183.84,185.3,396960
2026-02-02 14:45:00,185.29,186.35,184.94,186.35,495095
2026-02-02 15:00:00,186.55,188.0,186.55,188.0,569807
2026-02-02 15:15:00,188.0,188.66,187.56,188.3,742985
2026-02-03 09:15:00,197.0,197.78,191.12,191.16,1000888
2026-02-03 09:30:00,191.13,191.64,188.51,188.64,633729
2026-02-03 09:45:00,188.69,190.52,188.62,189.31,247537
2026-02-03 10:00:00,189.4,189.73,189.11,189.35,115569
2026-02-03 10:15:00,189.37,190.69,189.21,190.14,157050
2026-02-03 10:30:00,190.15,191.8,189.83,190.89,261935
2026-02-03 10:45:00,190.95,191.8,190.82,191.57,163067
2026-02-03 11:00:00,191.56,192.47,191.38,192.28,316925
2026-02-03 11:15:00,192.27,193.0,191.37,192.73,267724
2026-02-03 11:30:00,192.73,192.86,191.69,191.74,103188
2026-02-03 11:45:00,191.76,192.04,191.24,191.9,77332
2026-02-03 12:00:00,192.02,192.19,191.14,191.4,163586
2026-02-03 12:15:00,191.4,192.6,191.26,191.62,108371
2026-02-03 12:30:00,191.59,191.96,191.43,191.52,54011
2026-02-03 12:45:00,191.52,191.62,191.0,191.3,79319
2026-02-03 13:00:00,191.4,191.5,190.57,190.98,75333
2026-02-03 13:15:00,190.98,191.15,190.18,190.2,76713
2026-02-03 13:30:00,190.2,190.79,189.81,190.69,101656
2026-02-03 13:45:00,190.79,191.26,190.62,190.86,82523
2026-02-03 14:00:00,190.84,191.29,190.69,191.01,59480
2026-02-03 14:15:00,191.0,191.48,190.92,191.15,55087
2026-02-03 14:30:00,191.15,191.4,190.71,191.06,70392
2026-02-03 14:45:00,190.98,192.66,190.9,191.52,392412
2026-02-03 15:00:00,191.55,191.9,190.87,191.8,176228
2026-02-03 15:15:00,191.8,191.98,191.03,191.4,315555
2026-02-04 09:15:00,191.52,192.9,190.1,192.54,332768
2026-02-04 09:30:00,192.69,194.4,192.4,194.01,283674
2026-02-04 09:45:00,193.99,195.31,193.93,195.16,486781
2026-02-04 10:00:00,195.16,196.18,194.52,195.91,397226
2026-02-04 10:15:00,195.78,196.2,194.2,194.3,226730
2026-02-04 10:30:00,194.26,194.37,193.32,193.81,140604
2026-02-04 10:45:00,193.81,194.39,193.55,193.8,144051
2026-02-04 11:00:00,193.78,194.75,193.61,193.94,76171
2026-02-04 11:15:00,193.77,194.38,193.61,193.87,66379
2026-02-04 11:30:00,193.96,194.3,193.74,194.14,53934
2026-02-04 11:45:00,194.14,195.19,193.82,195.04,102301
2026-02-04 12:00:00,195.04,195.3,194.53,194.75,115458
2026-02-04 12:15:00,194.75,195.8,194.65,195.4,118465
2026-02-04 12:30:00,195.4,195.68,194.91,195.6,94062
2026-02-04 12:45:00,195.6,195.7,195.01,195.01,111429
2026-02-04 13:00:00,195.12,195.6,194.96,195.45,41610
2026-02-04 13:15:00,195.45,195.99,195.11,195.69,121668
2026-02-04 13:30:00,195.65,196.2,195.6,195.76,144768
2026-02-04 13:45:00,195.9,196.51,195.78,196.15,299708
2026-02-04 14:00:00,196.19,196.9,196.15,196.71,267112
2026-02-04 14:15:00,196.71,198.03,196.63,197.86,672892
2026-02-04 14:30:00,197.81,198.6,197.57,198.19,386146
2026-02-04 14:45:00,198.19,198.3,197.3,197.96,269149
2026-02-04 15:00:00,198.0,198.2,196.75,196.92,359411
2026-02-04 15:15:00,196.91,197.35,196.67,197.2,414863
2026-02-05 09:15:00,197.0,198.5,196.1,196.98,423258
2026-02-05 09:30:00,196.91,197.0,195.13,195.41,291151
2026-02-05 09:45:00,195.22,196.38,195.01,195.6,162464
2026-02-05 10:00:00,195.67,195.67,194.24,194.76,117945
2026-02-05 10:15:00,194.9,195.98,194.34,195.41,69651
2026-02-05 10:30:00,195.41,195.43,193.8,193.85,100381
2026-02-05 10:45:00,193.97,194.04,192.81,193.09,134443
2026-02-05 11:00:00,193.09,193.75,192.85,193.68,53732
2026-02-05 11:15:00,193.68,193.9,193.24,193.32,61103
2026-02-05 11:30:00,193.48,194.5,193.18,194.29,50077
2026-02-05 11:45:00,194.29,194.29,193.7,194.29,32683
2026-02-05 12:00:00,194.29,194.3,193.8,193.8,32106
2026-02-05 12:15:00,193.8,193.88,193.3,193.55,35036
2026-02-05 12:30:00,193.58,193.95,193.49,193.7,24737
2026-02-05 12:45:00,193.8,194.09,193.55,194.08,12666
2026-02-05 13:00:00,194.08,194.47,193.89,194.35,37760
2026-02-05 13:15:00,194.35,195.3,194.35,194.6,70701
2026-02-05 13:30:00,194.61,195.0,194.59,195.0,20549
2026-02-05 13:45:00,195.0,195.0,194.24,194.43,15629
2026-02-05 14:00:00,194.58,194.68,193.9,194.2,35909
2026-02-05 14:15:00,194.2,194.5,193.91,194.5,25401
2026-02-05 14:30:00,194.29,195.2,194.29,194.67,63779
2026-02-05 14:45:00,194.67,195.14,194.11,195.13,61122
2026-02-05 15:00:00,195.13,195.31,194.69,194.8,130384
2026-02-05 15:15:00,194.82,194.85,194.25,194.4,137975
2026-02-06 09:15:00,193.0,193.0,189.5,189.61,695962
2026-02-06 09:30:00,189.57,190.64,188.84,189.96,336261
2026-02-06 09:45:00,189.97,190.49,189.23,189.55,200363
2026-02-06 10:00:00,189.58,189.66,189.02,189.46,136895
2026-02-06 10:15:00,189.41,190.05,188.47,188.47,296860
2026-02-06 10:30:00,188.5,188.5,187.52,187.58,421284
2026-02-06 10:45:00,187.58,187.77,187.25,187.56,205711
2026-02-06 11:00:00,187.57,189.72,187.56,189.55,162000
2026-02-06 11:15:00,189.55,189.95,189.15,189.6,157356
2026-02-06 11:30:00,189.6,190.97,189.6,190.46,196745
2026-02-06 11:45:00,190.46,190.92,190.28,190.91,79191
2026-02-06 12:00:00,190.95,191.19,190.08,190.48,98498
2026-02-06 12:15:00,190.5,190.5,189.53,189.55,156642
2026-02-06 12:30:00,189.55,189.93,189.05,189.13,116199
2026-02-06 12:45:00,189.11,189.45,188.52,189.36,84681
2026-02-06 13:00:00,189.28,189.42,188.93,189.22,67143
2026-02-06 13:15:00,189.26,189.73,189.03,189.55,83761
2026-02-06 13:30:00,189.55,189.7,189.16,189.48,46374
2026-02-06 13:45:00,189.38,190.17,189.2,190.04,78174
2026-02-06 14:00:00,190.04,190.7,190.04,190.28,101323
2026-02-06 14:15:00,190.28,190.45,190.0,190.33,78662
2026-02-06 14:30:00,190.23,191.62,190.2,191.14,223550
2026-02-06 14:45:00,191.14,192.22,191.13,192.0,167267
2026-02-06 15:00:00,192.06,192.5,191.49,192.34,397577
2026-02-06 15:15:00,192.38,192.5,191.46,191.99,248835
2026-02-09 09:15:00,193.25,195.32,193.0,194.88,391720
2026-02-09 09:30:00,194.85,195.5,194.3,194.68,236813
2026-02-09 09:45:00,194.65,194.72,194.21,194.36,71016
2026-02-09 10:00:00,194.36,194.55,193.75,193.9,107419
2026-02-09 10:15:00,193.81,194.31,193.77,194.13,62943
2026-02-09 10:30:00,194.0,194.6,194.0,194.51,65632
2026-02-09 10:45:00,194.58,195.0,194.4,194.9,50922
2026-02-09 11:00:00,194.9,195.18,194.5,194.67,71745
2026-02-09 11:15:00,194.67,194.87,194.51,194.61,27864
2026-02-09 11:30:00,194.75,195.35,194.32,194.98,156727
2026-02-09 11:45:00,194.89,195.1,194.5,194.5,41016
2026-02-09 12:00:00,194.59,194.81,194.5,194.77,13712
2026-02-09 12:15:00,194.79,194.98,194.41,194.41,37826
2026-02-09 12:30:00,194.45,194.55,194.2,194.35,30422
2026-02-09 12:45:00,194.35,194.54,193.8,194.12,51704
2026-02-09 13:00:00,194.11,194.39,194.01,194.3,17933
2026-02-09 13:15:00,194.3,194.41,194.01,194.15,18066
2026-02-09 13:30:00,194.15,194.3,194.06,194.22,30990
2026-02-09 13:45:00,194.1,194.67,194.04,194.35,43289
2026-02-09 14:00:00,194.35,195.0,194.35,194.98,76881
2026-02-09 14:15:00,194.98,194.99,194.42,194.5,55697
2026-02-09 14:30:00,194.58,194.92,194.11,194.44,58617
2026-02-09 14:45:00,194.4,195.28,194.24,195.27,93471
2026-02-09 15:00:00,195.3,195.55,194.83,194.84,149132
2026-02-09 15:15:00,194.84,195.08,194.4,194.5,223064
2026-02-10 09:15:00,195.2,196.45,194.87,196.42,370225
2026-02-10 09:30:00,196.41,196.42,195.61,195.99,157782
2026-02-10 09:45:00,195.98,196.0,194.8,195.0,149765
2026-02-10 10:00:00,195.0,195.3,194.5,194.54,116446
2026-02-10 10:15:00,194.5,195.7,194.5,195.68,126517
2026-02-10 10:30:00,195.58,195.76,195.2,195.29,83986
2026-02-10 10:45:00,195.29,195.3,194.87,195.0,39759
2026-02-10 11:00:00,195.0,195.25,194.81,195.09,38313
2026-02-10 11:15:00,195.09,195.23,194.7,194.74,42237
2026-02-10 11:30:00,194.74,194.8,194.5,194.6,85371
2026-02-10 11:45:00,194.6,194.75,194.1,194.75,52517
2026-02-10 12:00:00,194.75,195.23,194.61,195.23,22442
2026-02-10 12:15:00,195.23,195.48,194.77,194.85,43084
2026-02-10 12:30:00,194.95,195.1,194.78,195.1,15670
2026-02-10 12:45:00,195.21,195.48,195.21,195.4,25459
2026-02-10 13:00:00,195.4,195.45,195.0,195.16,26898
2026-02-10 13:15:00,195.16,195.19,194.16,194.75,49555
2026-02-10 13:30:00,194.78,194.78,194.14,194.39,54633
2026-02-10 13:45:00,194.39,194.6,194.15,194.32,47671
2026-02-10 14:00:00,194.32,194.35,194.0,194.24,59492
2026-02-10 14:15:00,194.24,194.29,193.75,194.05,84654
2026-02-10 14:30:00,194.0,194.2,193.8,193.95,83142
2026-02-10 14:45:00,193.95,194.52,193.9,194.48,79159
2026-02-10 15:00:00,194.34,194.44,193.9,194.31,169356
2026-02-10 15:15:00,194.28,194.48,193.0,193.48,185748
2026-02-11 09:15:00,194.0,194.41,192.0,192.07,247512
2026-02-11 09:30:00,192.05,192.13,190.86,191.32,231732
2026-02-11 09:45:00,191.35,191.99,191.3,191.72,92515
2026-02-11 10:00:00,191.71,191.71,191.0,191.16,103611
2026-02-11 10:15:00,191.15,191.79,190.82,191.79,87450
2026-02-11 10:30:00,191.78,192.37,191.54,192.08,77812
2026-02-11 10:45:00,192.21,192.79,192.09,192.5,107095
2026-02-11 11:00:00,192.5,192.51,191.92,192.3,61080
2026-02-11 11:15:00,192.25,192.48,191.97,192.3,33986
2026-02-11 11:30:00,192.3,192.8,192.15,192.49,68700
2026-02-11 11:45:00,192.49,192.57,192.01,192.08,19978
2026-02-11 12:00:00,192.09,192.34,191.61,192.25,47072
2026-02-11 12:15:00,192.25,192.38,191.73,192.26,36198
2026-02-11 12:30:00,192.3,192.34,191.78,191.87,17497
2026-02-11 12:45:00,191.87,192.25,191.52,192.24,24509
2026-02-11 13:00:00,192.23,192.38,191.81,192.29,41907
2026-02-11 13:15:00,192.29,193.25,192.19,193.06,107989
2026-02-11 13:30:00,193.0,193.45,192.79,192.86,81750
2026-02-11 13:45:00,192.96,193.19,192.32,192.4,21919
2026-02-11 14:00:00,192.59,192.61,192.24,192.43,26936
2026-02-11 14:15:00,192.43,192.75,191.95,192.08,33813
2026-02-11 14:30:00,192.0,192.22,191.81,192.16,42047
2026-02-11 14:45:00,192.16,192.75,191.97,192.66,60322
2026-02-11 15:00:00,192.66,193.95,192.56,193.37,180913
2026-02-11 15:15:00,193.37,194.0,192.79,193.7,190474
2026-02-12 09:15:00,192.0,194.79,191.5,194.06,847012
2026-02-12 09:30:00,194.06,194.48,193.6,194.11,465844
2026-02-12 09:45:00,194.11,196.75,193.84,196.21,2098477
2026-02-12 10:00:00,196.24,196.28,195.25,195.54,819035
2026-02-12 10:15:00,195.54,195.77,195.25,195.25,447710
2026-02-12 10:30:00,195.36,195.4,194.2,194.31,256174
2026-02-12 10:45:00,194.31,194.35,193.85,193.9,181006
2026-02-12 11:00:00,193.99,194.26,193.84,194.06,61839
2026-02-12 11:15:00,194.06,194.08,193.1,193.48,128034
2026-02-12 11:30:00,193.45,193.45,193.0,193.3,55162
2026-02-12 11:45:00,193.23,193.23,192.5,192.8,88837
2026-02-12 12:00:00,192.8,193.9,192.8,193.56,132638
2026-02-12 12:15:00,193.55,194.35,193.55,194.1,99885
2026-02-12 12:30:00,194.08,194.62,193.7,194.59,177959
2026-02-12 12:45:00,194.59,196.25,194.37,196.25,299783
2026-02-12 13:00:00,196.19,200.0,196.19,199.7,4046537
2026-02-12 13:15:00,199.63,201.0,199.5,200.8,1843346
2026-02-12 13:30:00,200.85,201.58,200.5,200.53,1366260
2026-02-12 13:45:00,200.67,200.68,199.0,199.82,1277420
2026-02-12 14:00:00,199.82,200.55,199.46,199.83,878387
2026-02-12 14:15:00,199.83,200.99,199.75,200.85,702981
2026-02-12 14:30:00,200.84,201.11,200.2,200.56,931052
2026-02-12 14:45:00,200.63,202.94,200.53,202.3,2107292
2026-02-12 15:00:00,202.3,202.7,201.6,202.1,1296535
2026-02-12 15:15:00,202.12,202.77,201.0,201.99,1627860
2026-02-13 09:15:00,201.5,201.5,197.15,197.6,895440
2026-02-13 09:30:00,197.69,197.82,195.5,196.99,603305
2026-02-13 09:45:00,196.83,197.14,196.03,196.18,435266
2026-02-13 10:00:00,196.17,197.2,195.8,196.12,653263
2026-02-13 10:15:00,196.12,196.12,195.0,195.61,406277
2026-02-13 10:30:00,195.49,197.14,195.4,196.3,206468
2026-02-13 10:45:00,196.3,196.4,195.31,195.64,281425
2026-02-13 11:00:00,195.53,195.65,194.96,195.4,190133
2026-02-13 11:15:00,195.4,195.45,194.74,194.74,195857
2026-02-13 11:30:00,194.84,194.96,194.27,194.75,199695
2026-02-13 11:45:00,194.8,195.65,194.8,195.33,134530
2026-02-13 12:00:00,195.33,196.1,195.3,195.85,133264
2026-02-13 12:15:00,195.85,196.19,195.56,195.79,147719
2026-02-13 12:30:00,195.79,196.08,195.18,195.45,79677
2026-02-13 12:45:00,195.46,195.81,194.52,194.61,191440
2026-02-13 13:00:00,194.69,195.2,194.3,195.06,157866
2026-02-13 13:15:00,195.05,195.19,194.63,194.82,88506
2026-02-13 13:30:00,194.82,195.18,194.68,195.0,93541
2026-02-13 13:45:00,194.95,195.02,194.55,194.91,78513
2026-02-13 14:00:00,194.9,195.25,194.65,194.97,132755
2026-02-13 14:15:00,194.97,195.06,194.61,194.83,50783
2026-02-13 14:30:00,194.83,194.83,193.78,194.08,363009
2026-02-13 14:45:00,194.12,195.1,193.8,194.98,375587
2026-02-13 15:00:00,194.92,196.65,194.28,195.5,2475916
2026-02-13 15:15:00,195.49,196.88,195.35,195.35,1434988
2026-02-16 09:15:00,195.0,195.75,193.23,195.41,339363
2026-02-16 09:30:00,195.41,196.35,195.1,195.1,136931
2026-02-16 09:45:00,195.1,195.4,194.52,195.22,87128
2026-02-16 10:00:00,195.22,195.51,194.8,195.48,85616
2026-02-16 10:15:00,195.48,195.59,193.73,193.96,145450
2026-02-16 10:30:00,193.95,194.03,193.51,193.97,139100
2026-02-16 10:45:00,193.97,194.75,193.92,194.52,66536
2026-02-16 11:00:00,194.52,194.91,194.33,194.6,34379
2026-02-16 11:15:00,194.6,195.12,194.5,194.6,44195
2026-02-16 11:30:00,194.59,194.59,193.05,193.7,208662
2026-02-16 11:45:00,193.7,194.14,193.6,194.04,53424
2026-02-16 12:00:00,194.13,194.28,193.43,193.81,140806
2026-02-16 12:15:00,193.71,194.25,193.55,194.12,50945
2026-02-16 12:30:00,194.12,194.81,194.1,194.1,64188
2026-02-16 12:45:00,194.18,194.44,193.62,193.8,230120
2026-02-16 13:00:00,193.8,194.49,193.62,194.1,123690
2026-02-16 13:15:00,194.1,195.45,194.07,195.44,181689
2026-02-16 13:30:00,195.35,195.59,195.17,195.55,76601
2026-02-16 13:45:00,195.5,195.8,194.43,194.87,216316
2026-02-16 14:00:00,194.85,195.32,194.68,195.15,224879
2026-02-16 14:15:00,195.15,195.56,194.71,195.0,206409
2026-02-16 14:30:00,195.0,195.73,194.99,195.58,266115
2026-02-16 14:45:00,195.58,196.78,195.32,196.6,410139
2026-02-16 15:00:00,196.6,197.15,196.0,196.59,430735
2026-02-16 15:15:00,196.6,197.34,196.5,196.86,375869
2026-02-17 09:15:00,196.36,196.96,195.01,195.14,211600
2026-02-17 09:30:00,195.15,195.43,194.71,195.3,98085
2026-02-17 09:45:00,195.3,195.6,195.15,195.54,67018
2026-02-17 10:00:00,195.49,195.49,195.0,195.37,98834
2026-02-17 10:15:00,195.4,195.65,195.01,195.59,51221
2026-02-17 10:30:00,195.59,197.52,195.58,196.6,295563
2026-02-17 10:45:00,196.6,196.6,196.0,196.08,90630
2026-02-17 11:00:00,196.14,196.19,195.62,195.78,74661
2026-02-17 11:15:00,195.78,196.31,195.74,195.92,35389
2026-02-17 11:30:00,195.92,195.92,195.26,195.5,60674
2026-02-17 11:45:00,195.5,195.72,194.53,194.74,591405
2026-02-17 12:00:00,194.74,195.12,194.55,194.82,62356
2026-02-17 12:15:00,194.87,195.14,194.75,195.11,49048
2026-02-17 12:30:00,195.13,195.34,195.0,195.34,21612
2026-02-17 12:45:00,195.34,195.61,195.14,195.14,36095
2026-02-17 13:00:00,195.14,195.32,195.01,195.03,13686
2026-02-17 13:15:00,195.03,195.32,195.0,195.25,14828
2026-02-17 13:30:00,195.25,195.28,195.0,195.08,16603
2026-02-17 13:45:00,195.08,195.17,194.65,194.65,34610
2026-02-17 14:00:00,194.65,195.4,194.65,194.7,43963
2026-02-17 14:15:00,194.76,195.0,194.55,194.55,32461
2026-02-17 14:30:00,194.6,194.6,193.56,193.85,345161
2026-02-17 14:45:00,193.82,193.91,193.06,193.25,378164
2026-02-17 15:00:00,193.35,194.05,192.95,194.02,1552995
2026-02-17 15:15:00,194.05,195.0,194.0,194.3,576332
2026-02-18 09:15:00,194.0,198.2,194.0,197.81,621844
2026-02-18 09:30:00,197.81,198.06,197.11,197.95,357617
2026-02-18 09:45:00,197.95,198.0,195.87,196.0,449857
2026-02-18 10:00:00,196.09,196.4,195.8,195.9,102878
2026-02-18 10:15:00,195.9,195.93,195.13,195.37,157267
2026-02-18 10:30:00,195.37,195.71,195.16,195.17,58606
2026-02-18 10:45:00,195.2,196.3,195.01,196.1,118856
2026-02-18 11:00:00,196.1,196.2,195.31,195.53,62520
2026-02-18 11:15:00,195.59,195.83,195.12,195.19,50127
2026-02-18 11:30:00,195.19,195.27,194.8,194.9,125040
2026-02-18 11:45:00,194.93,195.2,194.5,195.2,142479
2026-02-18 12:00:00,195.25,195.48,195.22,195.33,29950
2026-02-18 12:15:00,195.33,195.65,195.24,195.46,30123
2026-02-18 12:30:00,195.49,195.9,195.37,195.64,51005
2026-02-18 12:45:00,195.64,195.64,195.35,195.42,23516
2026-02-18 13:00:00,195.42,195.9,195.41,195.85,38584
2026-02-18 13:15:00,195.82,195.99,195.67,195.8,31342
2026-02-18 13:30:00,195.81,196.15,195.56,196.15,78728
2026-02-18 13:45:00,196.15,196.75,196.05,196.29,105518
2026-02-18 14:00:00,196.29,196.49,196.03,196.3,31047
2026-02-18 14:15:00,196.3,196.45,196.15,196.15,50450
2026-02-18 14:30:00,196.15,196.2,195.62,195.63,71045
2026-02-18 14:45:00,195.62,196.38,195.41,196.28,85587
2026-02-18 15:00:00,196.3,198.16,196.21,196.88,585120
2026-02-18 15:15:00,196.88,196.88,196.18,196.47,398965
2026-02-19 09:15:00,196.0,197.8,196.0,197.65,496868
2026-02-19 09:30:00,197.75,199.5,197.62,198.19,1259701
2026-02-19 09:45:00,198.09,198.94,197.6,197.7,188712
2026-02-19 10:00:00,197.67,198.05,197.32,197.4,129698
2026-02-19 10:15:00,197.4,197.5,197.14,197.36,99830
2026-02-19 10:30:00,197.36,197.59,197.0,197.5,94340
2026-02-19 10:45:00,197.5,197.6,197.14,197.37,76342
2026-02-19 11:00:00,197.37,197.41,196.77,196.82,107231
2026-02-19 11:15:00,196.82,197.01,196.75,196.98,75741
2026-02-19 11:30:00,196.9,197.12,196.75,196.75,34706
2026-02-19 11:45:00,196.75,196.79,196.21,196.79,71758
2026-02-19 12:00:00,196.75,197.19,196.46,196.55,93253
2026-02-19 12:15:00,196.55,197.45,196.16,197.22,69471
2026-02-19 12:30:00,197.22,197.24,196.52,196.6,48546
2026-02-19 12:45:00,196.6,196.89,196.52,196.82,18893
2026-02-19 13:00:00,196.8,197.25,196.57,197.02,69818
2026-02-19 13:15:00,197.02,197.17,196.86,197.08,20295
2026-02-19 13:30:00,197.08,197.08,196.51,196.58,24680
2026-02-19 13:45:00,196.58,196.7,196.01,196.11,79567
2026-02-19 14:00:00,196.11,196.49,196.0,196.27,100819
2026-02-19 14:15:00,196.27,196.58,196.0,196.58,152541
2026-02-19 14:30:00,196.7,196.99,196.0,196.0,101590
2026-02-19 14:45:00,196.0,197.75,196.0,196.94,407323
2026-02-19 15:00:00,197.02,197.02,194.73,194.8,331475
2026-02-19 15:15:00,194.81,194.84,193.21,193.72,330373
2026-02-20 09:15:00,194.9,195.7,193.6,193.6,303983
2026-02-20 09:30:00,193.7,196.0,193.22,195.82,227588
2026-02-20 09:45:00,195.82,196.79,195.74,196.53,159963
2026-02-20 10:00:00,196.53,196.61,195.75,195.75,116396
2026-02-20 10:15:00,195.75,196.44,195.75,195.94,46631
2026-02-20 10:30:00,196.0,196.6,196.0,196.6,34458
2026-02-20 10:45:00,196.6,196.6,196.24,196.3,21732
2026-02-20 11:00:00,196.3,196.5,195.8,195.95,30449
2026-02-20 11:15:00,195.85,196.78,195.77,196.64,68869
2026-02-20 11:30:00,196.64,196.85,196.5,196.79,39765
2026-02-20 11:45:00,196.79,196.9,196.41,196.7,84044
2026-02-20 12:00:00,196.71,196.88,196.55,196.88,75583
2026-02-20 12:15:00,196.88,197.3,196.8,197.07,188635
2026-02-20 12:30:00,197.15,197.22,196.76,196.78,57430
2026-02-20 12:45:00,196.78,196.95,196.41,196.64,49302
2026-02-20 13:00:00,196.65,196.72,195.9,196.06,67780
2026-02-20 13:15:00,196.0,196.27,195.77,196.23,28226
2026-02-20 13:30:00,196.23,196.65,196.2,196.63,30850
2026-02-20 13:45:00,196.63,196.64,196.06,196.56,31542
2026-02-20 14:00:00,196.42,197.1,196.08,196.2,155849
2026-02-20 14:15:00,196.2,196.3,194.77,195.0,123408
2026-02-20 14:30:00,195.0,195.34,194.46,194.68,163178
2026-02-20 14:45:00,194.7,195.61,194.5,195.61,103493
2026-02-20 15:00:00,195.54,195.65,194.57,195.14,283621
2026-02-20 15:15:00,195.14,196.0,194.9,195.36,1081222
2026-02-23 09:15:00,196.5,198.2,196.02,198.15,321887
2026-02-23 09:30:00,198.2,198.39,197.38,197.41,148750
2026-02-23 09:45:00,197.41,197.44,196.22,196.31,98440
2026-02-23 10:00:00,196.38,196.46,195.76,196.07,100789
2026-02-23 10:15:00,196.07,196.2,195.5,195.5,80371
2026-02-23 10:30:00,195.56,195.56,195.01,195.05,67284
2026-02-23 10:45:00,195.09,195.21,194.73,195.06,66579
2026-02-23 11:00:00,195.02,195.16,194.6,194.82,36001
2026-02-23 11:15:00,194.9,194.96,194.51,194.75,28434
2026-02-23 11:30:00,194.66,194.82,194.36,194.62,69558
2026-02-23 11:45:00,194.52,194.85,194.26,194.85,33444
2026-02-23 12:00:00,194.96,195.25,194.75,195.12,42702
2026-02-23 12:15:00,195.12,195.3,195.03,195.24,18561
2026-02-23 12:30:00,195.24,195.39,195.0,195.3,22619
2026-02-23 12:45:00,195.3,195.78,195.16,195.27,39512
2026-02-23 13:00:00,195.27,195.27,194.87,194.9,35656
2026-02-23 13:15:00,194.83,195.4,194.61,194.75,31817
2026-02-23 13:30:00,194.98,195.07,194.25,194.68,56005
2026-02-23 13:45:00,194.68,194.84,194.05,194.24,27425
2026-02-23 14:00:00,194.24,194.3,193.66,193.76,78280
2026-02-23 14:15:00,193.76,193.9,193.14,193.59,152463
2026-02-23 14:30:00,193.59,194.1,193.0,193.13,236884
2026-02-23 14:45:00,193.05,194.4,193.05,194.33,234511
2026-02-23 15:00:00,193.97,194.63,193.97,194.16,243593
2026-02-23 15:15:00,194.07,194.21,193.78,194.1,433676
2026-02-24 09:15:00,194.0,194.0,191.51,191.6,399627
2026-02-24 09:30:00,191.54,191.8,190.6,190.99,245149
2026-02-24 09:45:00,190.93,191.56,190.8,191.49,138631
2026-02-24 10:00:00,191.49,191.49,191.1,191.29,61637
2026-02-24 10:15:00,191.29,191.58,191.0,191.5,88596
2026-02-24 10:30:00,191.42,192.55,191.26,192.32,118254
2026-02-24 10:45:00,192.47,192.47,191.8,192.21,66381
2026-02-24 11:00:00,192.18,192.3,192.0,192.3,28350
2026-02-24 11:15:00,192.3,192.55,192.11,192.41,90800
2026-02-24 11:30:00,192.41,192.5,191.56,191.56,65418
2026-02-24 11:45:00,191.58,191.68,190.71,190.8,173293
2026-02-24 12:00:00,190.85,190.87,190.26,190.34,95342
2026-02-24 12:15:00,190.4,190.4,190.0,190.11,118051
2026-02-24 12:30:00,190.11,190.15,189.81,189.94,141171
2026-02-24 12:45:00,189.94,189.94,189.55,189.69,50206
2026-02-24 13:00:00,189.69,189.92,189.26,189.89,62332
2026-02-24 13:15:00,189.9,189.9,189.05,189.1,77618
2026-02-24 13:30:00,189.06,189.09,188.55,188.98,166651
2026-02-24 13:45:00,188.97,189.2,188.51,189.2,110547
2026-02-24 14:00:00,189.2,189.46,188.83,189.38,73079
2026-02-24 14:15:00,189.3,189.57,188.9,189.1,135012
2026-02-24 14:30:00,189.1,189.19,188.36,189.11,135120
2026-02-24 14:45:00,189.11,189.83,188.81,189.47,292566
2026-02-24 15:00:00,189.41,190.12,189.4,189.93,290451
2026-02-24 15:15:00,189.86,190.77,189.76,190.25,825776
2026-02-25 09:15:00,191.04,191.86,190.4,190.42,324333
2026-02-25 09:30:00,190.5,190.63,189.8,189.91,163501
2026-02-25 09:45:00,189.95,190.39,189.8,190.19,140179
2026-02-25 10:00:00,190.2,190.58,190.0,190.35,125729
2026-02-25 10:15:00,190.35,191.58,190.25,191.42,200018
2026-02-25 10:30:00,191.42,191.8,191.25,191.25,110561
2026-02-25 10:45:00,191.28,191.76,191.03,191.5,73961
2026-02-25 11:00:00,191.5,191.75,191.3,191.36,49967
2026-02-25 11:15:00,191.36,191.62,191.2,191.31,91294
2026-02-25 11:30:00,191.31,191.58,191.13,191.25,33131
2026-02-25 11:45:00,191.25,191.74,190.8,190.92,78490
2026-02-25 12:00:00,190.95,191.19,190.64,190.67,27037
2026-02-25 12:15:00,190.67,190.87,190.4,190.6,44957
2026-02-25 12:30:00,190.54,191.05,189.68,189.75,115654
2026-02-25 12:45:00,189.72,189.75,188.93,189.02,101120
2026-02-25 13:00:00,189.01,189.36,188.6,189.02,88824
2026-02-25 13:15:00,189.0,189.22,188.54,188.8,42300
2026-02-25 13:30:00,188.8,189.44,188.8,188.92,39146
2026-02-25 13:45:00,188.92,188.99,188.41,188.7,48112
2026-02-25 14:00:00,188.73,188.73,188.2,188.26,93238
2026-02-25 14:15:00,188.26,189.65,188.26,189.19,107680
2026-02-25 14:30:00,189.19,189.65,188.89,189.28,77334
2026-02-25 14:45:00,189.3,190.3,188.94,190.2,111271
2026-02-25 15:00:00,190.16,190.62,190.16,190.45,174749
2026-02-25 15:15:00,190.41,190.85,190.12,190.59,341967
2026-02-26 09:15:00,190.83,191.79,190.59,191.04,200093
2026-02-26 09:30:00,190.98,191.19,190.51,190.89,70277
2026-02-26 09:45:00,190.85,190.97,190.01,190.09,146453
2026-02-26 10:00:00,190.05,190.43,189.72,190.03,88691
2026-02-26 10:15:00,190.07,190.15,189.7,189.7,89124
2026-02-26 10:30:00,189.73,189.84,189.42,189.64,64602
2026-02-26 10:45:00,189.57,190.0,189.44,189.6,67849
2026-02-26 11:00:00,189.6,190.43,189.6,190.17,40660
2026-02-26 11:15:00,190.17,190.45,190.03,190.36,39418
2026-02-26 11:30:00,190.36,190.36,189.42,189.47,55943
2026-02-26 11:45:00,189.39,189.66,188.7,188.8,93267
2026-02-26 12:00:00,188.82,189.0,188.5,188.67,73904
2026-02-26 12:15:00,188.67,188.82,187.9,188.08,127277
2026-02-26 12:30:00,188.06,188.34,187.45,188.26,108584
2026-02-26 12:45:00,188.32,188.32,187.56,187.7,76145
2026-02-26 13:00:00,187.7,187.74,187.49,187.64,39843
2026-02-26 13:15:00,187.64,187.65,186.71,187.19,131590
2026-02-26 13:30:00,187.18,187.8,187.06,187.68,33976
2026-02-26 13:45:00,187.68,187.78,187.4,187.45,28629
2026-02-26 14:00:00,187.47,187.54,186.91,187.25,56927
2026-02-26 14:15:00,187.33,187.35,187.0,187.09,32946
2026-02-26 14:30:00,187.18,188.0,187.05,187.8,126199
2026-02-26 14:45:00,187.8,188.05,187.4,187.92,80467
2026-02-26 15:00:00,187.92,190.63,187.91,190.59,1855042
2026-02-26 15:15:00,190.52,191.4,188.96,189.0,911581
2026-02-27 09:15:00,189.5,190.19,187.91,188.6,278737
2026-02-27 09:30:00,188.67,188.9,187.95,188.08,155268
2026-02-27 09:45:00,188.1,188.1,187.25,187.3,130549
2026-02-27 10:00:00,187.25,187.38,186.81,187.11,163971
2026-02-27 10:15:00,187.11,187.67,186.59,187.54,84371
2026-02-27 10:30:00,187.55,188.16,187.45,187.63,123616
2026-02-27 10:45:00,187.63,187.92,186.97,187.03,71600
2026-02-27 11:00:00,187.05,187.7,186.97,187.65,27365
2026-02-27 11:15:00,187.65,187.9,187.21,187.3,48177
2026-02-27 11:30:00,187.3,187.33,186.75,187.25,60010
2026-02-27 11:45:00,187.25,187.42,187.02,187.4,32706
2026-02-27 12:00:00,187.4,187.5,186.8,186.86,75755
2026-02-27 12:15:00,186.86,187.38,186.71,187.38,58842
2026-02-27 12:30:00,187.38,187.38,186.81,186.98,28616
2026-02-27 12:45:00,186.96,187.3,186.72,187.0,76688
2026-02-27 13:00:00,187.01,187.24,186.91,187.0,46939
2026-02-27 13:15:00,187.0,187.24,186.8,187.24,59141
2026-02-27 13:30:00,187.24,187.44,187.0,187.14,62589
2026-02-27 13:45:00,187.14,187.72,187.05,187.7,51975
2026-02-27 14:00:00,187.75,187.88,187.34,187.52,32579
2026-02-27 14:15:00,187.45,187.63,187.12,187.2,15389
2026-02-27 14:30:00,187.16,187.4,187.1,187.38,24686
2026-02-27 14:45:00,187.38,187.88,186.81,187.82,165473
2026-02-27 15:00:00,187.82,188.01,185.72,186.24,1305472
2026-02-27 15:15:00,186.25,186.38,185.09,186.38,579726
2026-03-02 09:15:00,175.0,182.9,175.0,181.8,885673
2026-03-02 09:30:00,181.9,183.4,181.85,183.29,313048
2026-03-02 09:45:00,183.23,184.36,183.07,184.25,182169
2026-03-02 10:00:00,184.25,184.3,183.3,183.9,96917
2026-03-02 10:15:00,183.91,184.1,182.98,182.98,84739
2026-03-02 10:30:00,183.0,183.88,182.73,182.9,240027
2026-03-02 10:45:00,182.9,182.9,182.08,182.63,91478
2026-03-02 11:00:00,182.67,182.83,182.4,182.49,30674
2026-03-02 11:15:00,182.49,182.55,181.4,181.44,124425
2026-03-02 11:30:00,181.44,181.73,181.05,181.45,125745
2026-03-02 11:45:00,181.45,181.77,180.78,180.82,44933
2026-03-02 12:00:00,180.88,180.88,180.25,180.48,103902
2026-03-02 12:15:00,180.29,180.41,179.88,180.29,105545
2026-03-02 12:30:00,180.15,180.66,180.02,180.31,92539
2026-03-02 12:45:00,180.28,180.48,180.02,180.34,63463
2026-03-02 13:00:00,180.38,180.45,180.13,180.2,25299
2026-03-02 13:15:00,180.2,180.8,179.8,179.89,78165
2026-03-02 13:30:00,179.81,180.0,179.53,179.8,47440
2026-03-02 13:45:00,179.66,180.09,178.47,178.75,143546
2026-03-02 14:00:00,178.75,180.94,178.41,180.94,133380
2026-03-02 14:15:00,180.94,181.12,180.6,180.7,75313
2026-03-02 14:30:00,180.7,182.2,180.39,182.1,217063
2026-03-02 14:45:00,182.1,182.2,181.36,181.4,126221
2026-03-02 15:00:00,181.48,182.38,181.4,181.82,298082
2026-03-02 15:15:00,181.82,182.12,181.39,181.85,611542
2026-03-04 09:15:00,176.0,178.38,175.4,176.24,561524
2026-03-04 09:30:00,176.24,176.73,175.53,176.1,396989
2026-03-04 09:45:00,176.19,176.23,174.8,175.15,362875
2026-03-04 10:00:00,175.14,176.39,175.0,176.32,271873
2026-03-04 10:15:00,176.32,176.37,175.11,175.85,148232
2026-03-04 10:30:00,175.89,176.78,175.71,176.19,170611
2026-03-04 10:45:00,176.19,176.7,175.86,176.1,113377
2026-03-04 11:00:00,176.22,177.79,176.15,177.0,211458
2026-03-04 11:15:00,177.0,177.19,175.91,176.0,70700
2026-03-04 11:30:00,176.0,176.29,175.7,175.79,40799
2026-03-04 11:45:00,175.79,176.23,175.5,175.66,67376
2026-03-04 12:00:00,175.71,175.88,175.1,175.2,49844
2026-03-04 12:15:00,175.29,175.5,175.06,175.1,53114
2026-03-04 12:30:00,175.1,175.45,175.05,175.38,51595
2026-03-04 12:45:00,175.38,176.1,175.32,175.98,59796
2026-03-04 13:00:00,175.98,176.95,175.74,176.88,95205
2026-03-04 13:15:00,176.88,177.09,176.06,176.65,40217
2026-03-04 13:30:00,176.65,176.8,176.21,176.4,18599
2026-03-04 13:45:00,176.4,176.4,175.66,175.91,36446
2026-03-04 14:00:00,175.89,177.24,175.87,177.23,66633
2026-03-04 14:15:00,177.24,177.64,176.5,176.8,79797
2026-03-04 14:30:00,176.75,177.23,176.53,177.17,95274
2026-03-04 14:45:00,177.17,177.54,176.55,177.31,105259
2026-03-04 15:00:00,177.26,177.54,175.93,176.05,192207
2026-03-04 15:15:00,176.05,176.33,175.06,175.49,246435
2026-03-05 09:15:00,178.78,178.78,176.18,176.42,326442
2026-03-05 09:30:00,176.32,176.52,174.75,175.5,341239
2026-03-05 09:45:00,175.43,176.1,175.33,175.38,151071
2026-03-05 10:00:00,175.49,176.0,175.36,175.52,60684
2026-03-05 10:15:00,175.59,175.99,175.51,175.71,56169
2026-03-05 10:30:00,175.71,176.33,175.25,176.33,74243
2026-03-05 10:45:00,176.38,176.38,175.78,176.31,35935
2026-03-05 11:00:00,176.3,176.79,176.11,176.55,57237
2026-03-05 11:15:00,176.43,176.8,175.98,176.1,66507
2026-03-05 11:30:00,176.1,176.1,175.29,175.34,41903
2026-03-05 11:45:00,175.3,175.38,175.0,175.19,131759
2026-03-05 12:00:00,175.11,175.68,175.11,175.56,22394
2026-03-05 12:15:00,175.56,176.63,175.4,176.5,78270
2026-03-05 12:30:00,176.5,176.7,175.97,176.14,50891
2026-03-05 12:45:00,176.14,176.41,175.81,176.28,34886
2026-03-05 13:00:00,176.28,176.48,176.05,176.19,55018
2026-03-05 13:15:00,176.19,176.49,175.86,176.4,16649
2026-03-05 13:30:00,176.4,176.45,175.63,175.72,45642
2026-03-05 13:45:00,175.72,175.82,175.01,175.25,66064
2026-03-05 14:00:00,175.17,175.49,174.48,174.82,184514
2026-03-05 14:15:00,174.8,175.47,174.7,175.47,37540
2026-03-05 14:30:00,175.47,176.92,175.07,176.7,197649
2026-03-05 14:45:00,176.7,178.4,176.51,178.25,324090
2026-03-05 15:00:00,178.39,178.89,177.6,177.87,251951
2026-03-05 15:15:00,177.97,178.5,177.88,178.4,187670
2026-03-06 09:15:00,177.16,179.9,176.4,179.9,223535
2026-03-06 09:30:00,180.25,181.49,179.8,181.39,283826
2026-03-06 09:45:00,181.39,181.63,181.02,181.23,125260
2026-03-06 10:00:00,181.23,182.16,181.01,182.0,193724
2026-03-06 10:15:00,181.95,182.12,180.32,180.5,187171
2026-03-06 10:30:00,180.44,180.48,179.48,179.85,130298
2026-03-06 10:45:00,179.83,179.85,178.42,178.66,165151
2026-03-06 11:00:00,178.66,179.0,178.01,178.18,87333
2026-03-06 11:15:00,178.23,178.34,177.9,178.03,67982
2026-03-06 11:30:00,178.05,179.42,177.85,178.57,62757
2026-03-06 11:45:00,178.57,179.33,178.56,178.84,39263
2026-03-06 12:00:00,178.84,178.87,178.5,178.6,15619
2026-03-06 12:15:00,178.6,178.69,178.2,178.2,35631
2026-03-06 12:30:00,178.3,178.51,178.1,178.4,31342
2026-03-06 12:45:00,178.4,178.61,178.09,178.31,16344
2026-03-06 13:00:00,178.31,178.72,177.95,177.95,53123
2026-03-06 13:15:00,177.95,178.48,177.82,178.08,86971
2026-03-06 13:30:00,178.05,178.49,177.66,178.25,67438
2026-03-06 13:45:00,178.21,178.65,177.86,178.32,73357
2026-03-06 14:00:00,178.2,178.81,178.2,178.7,53496
2026-03-06 14:15:00,178.7,179.11,178.62,178.85,74313
2026-03-06 14:30:00,178.89,178.89,177.79,177.9,65199
2026-03-06 14:45:00,177.75,177.9,176.55,176.75,175627
2026-03-06 15:00:00,176.73,177.3,176.12,176.14,265562
2026-03-06 15:15:00,176.26,176.5,175.6,176.5,316563
2026-03-09 09:15:00,173.0,173.0,167.44,167.9,603851
2026-03-09 09:30:00,168.01,168.81,167.88,168.0,360428
2026-03-09 09:45:00,168.0,169.28,167.63,169.08,213325
2026-03-09 10:00:00,169.07,169.5,168.16,169.01,150832
2026-03-09 10:15:00,169.04,169.48,168.55,169.35,94747
2026-03-09 10:30:00,169.28,169.4,168.56,168.72,95810
2026-03-09 10:45:00,168.72,169.95,168.07,169.71,164052
2026-03-09 11:00:00,169.73,169.97,168.85,169.11,65650
2026-03-09 11:15:00,169.02,170.75,168.97,170.67,128498
2026-03-09 11:30:00,170.67,171.1,170.29,170.82,114080
2026-03-09 11:45:00,170.82,170.84,170.0,170.24,132519
2026-03-09 12:00:00,170.23,170.32,169.58,170.02,154776
2026-03-09 12:15:00,170.15,170.24,169.83,170.11,28394
2026-03-09 12:30:00,170.11,170.65,170.0,170.38,46490
2026-03-09 12:45:00,170.42,171.38,170.35,171.24,89213
2026-03-09 13:00:00,171.28,171.28,170.48,170.5,36786
2026-03-09 13:15:00,170.58,170.95,170.5,170.79,30899
2026-03-09 13:30:00,170.79,171.85,170.68,171.7,73244
2026-03-09 13:45:00,171.6,171.78,170.63,170.66,186211
2026-03-09 14:00:00,170.96,171.4,170.69,170.9,169733
2026-03-09 14:15:00,171.0,171.73,170.73,171.55,78798
2026-03-09 14:30:00,171.54,172.48,171.32,172.33,98014
2026-03-09 14:45:00,172.57,174.2,172.3,173.9,391796
2026-03-09 15:00:00,173.94,174.7,173.46,174.28,419758
2026-03-09 15:15:00,174.36,174.94,173.91,174.7,619214
2026-03-10 09:15:00,175.99,177.88,175.53,175.7,239187
2026-03-10 09:30:00,175.85,176.03,174.85,175.81,181771
2026-03-10 09:45:00,175.85,175.93,175.0,175.25,158517
2026-03-10 10:00:00,175.28,175.88,175.2,175.76,73139
2026-03-10 10:15:00,175.76,176.85,175.71,176.45,136947
2026-03-10 10:30:00,176.36,176.8,176.15,176.8,50289
2026-03-10 10:45:00,176.8,177.2,176.27,176.33,44726
2026-03-10 11:00:00,176.33,176.96,176.31,176.52,47427
2026-03-10 11:15:00,176.52,177.02,176.52,176.63,32518
2026-03-10 11:30:00,176.63,177.71,176.56,177.25,129723
2026-03-10 11:45:00,177.25,177.3,176.61,176.88,38676
2026-03-10 12:00:00,176.86,177.25,176.69,176.74,38827
2026-03-10 12:15:00,176.65,177.35,176.5,177.26,47594
2026-03-10 12:30:00,177.25,178.0,177.18,177.81,103011
2026-03-10 12:45:00,177.79,178.38,177.75,178.09,111317
2026-03-10 13:00:00,178.09,178.21,177.35,177.5,40754
2026-03-10 13:15:00,177.5,177.75,177.25,177.73,41033
2026-03-10 13:30:00,177.68,178.49,177.68,178.38,63335
2026-03-10 13:45:00,178.35,179.5,178.21,179.2,212577
2026-03-10 14:00:00,179.22,179.96,178.72,179.89,156091
2026-03-10 14:15:00,179.89,180.44,179.8,180.0,336240
2026-03-10 14:30:00,179.95,180.1,179.59,179.95,70766
2026-03-10 14:45:00,179.94,180.45,179.45,180.28,89745
2026-03-10 15:00:00,180.28,180.28,179.05,179.13,173928
2026-03-10 15:15:00,179.13,180.35,179.06,180.0,369627
2026-03-11 09:15:00,179.55,182.1,179.09,181.31,318068
2026-03-11 09:30:00,181.31,181.58,180.47,181.1,103609
2026-03-11 09:45:00,181.1,181.35,180.41,180.41,65706
2026-03-11 10:00:00,180.37,180.64,179.71,179.78,115180
2026-03-11 10:15:00,179.7,179.98,179.4,179.57,73838
2026-03-11 10:30:00,179.57,180.16,179.0,179.1,131072
2026-03-11 10:45:00,179.1,179.18,178.45,179.0,135971
2026-03-11 11:00:00,179.0,179.39,178.6,178.6,39812
2026-03-11 11:15:00,178.6,180.16,178.6,180.05,72002
2026-03-11 11:30:00,180.12,180.12,179.6,179.72,42885
2026-03-11 11:45:00,179.72,179.8,179.51,179.8,34405
2026-03-11 12:00:00,179.89,180.1,179.65,180.08,26311
2026-03-11 12:15:00,180.01,180.16,179.75,179.8,30448
2026-03-11 12:30:00,179.85,180.25,179.64,180.05,48489
2026-03-11 12:45:00,180.05,180.05,179.63,179.71,29507
2026-03-11 13:00:00,179.71,179.9,179.13,179.2,63706
2026-03-11 13:15:00,179.21,179.54,178.82,179.24,68596
2026-03-11 13:30:00,179.33,179.76,178.86,178.94,67499
2026-03-11 13:45:00,178.94,179.79,178.86,179.4,87090
2026-03-11 14:00:00,179.4,179.69,178.43,178.97,172366
2026-03-11 14:15:00,178.97,179.4,178.21,179.4,116584
2026-03-11 14:30:00,179.4,179.45,178.33,178.52,131642
2026-03-11 14:45:00,178.52,178.84,178.01,178.25,56067
2026-03-11 15:00:00,178.25,178.63,176.88,177.29,199618
2026-03-11 15:15:00,177.52,177.96,177.0,177.58,163936
2026-03-12 09:15:00,176.1,176.1,174.02,174.91,288138
2026-03-12 09:30:00,174.91,174.91,174.02,174.33,118233
2026-03-12 09:45:00,174.36,175.39,174.2,175.29,113226
2026-03-12 10:00:00,175.29,175.35,174.2,174.23,71279
2026-03-12 10:15:00,174.23,175.2,173.75,175.2,166701
2026-03-12 10:30:00,175.2,176.38,174.85,175.94,158206
2026-03-12 10:45:00,175.94,176.73,175.71,176.7,65975
2026-03-12 11:00:00,176.7,178.09,176.7,177.88,188570
2026-03-12 11:15:00,178.0,178.19,176.53,177.18,98465
2026-03-12 11:30:00,177.05,178.24,176.72,178.08,67588
2026-03-12 11:45:00,178.15,178.64,177.65,178.51,99736
2026-03-12 12:00:00,178.51,178.68,177.9,178.56,30900
2026-03-12 12:15:00,178.56,178.8,178.15,178.7,69761
2026-03-12 12:30:00,178.7,178.75,177.86,178.14,28225
2026-03-12 12:45:00,178.14,178.46,178.04,178.32,19946
2026-03-12 13:00:00,178.32,178.48,177.67,178.04,47814
2026-03-12 13:15:00,177.97,178.76,177.7,178.71,90623
2026-03-12 13:30:00,178.77,179.47,178.77,179.08,111601
2026-03-12 13:45:00,179.06,179.22,178.25,178.37,59170
2026-03-12 14:00:00,178.37,178.75,177.75,178.25,96919
2026-03-12 14:15:00,178.25,178.37,177.7,177.71,89490
2026-03-12 14:30:00,177.71,178.14,177.22,177.22,80191
2026-03-12 14:45:00,177.22,177.48,176.43,177.2,90451
2026-03-12 15:00:00,177.28,177.38,176.55,176.81,84458
2026-03-12 15:15:00,176.81,176.91,176.24,176.56,241760
2026-03-13 09:15:00,176.0,176.31,175.01,176.06,247849
2026-03-13 09:30:00,176.06,176.16,174.75,174.78,102168
2026-03-13 09:45:00,174.72,174.88,173.57,173.67,270504
2026-03-13 10:00:00,173.67,174.29,173.27,173.35,129915
2026-03-13 10:15:00,173.35,173.88,173.0,173.66,57165
2026-03-13 10:30:00,173.8,174.47,173.28,173.5,54677
2026-03-13 10:45:00,173.5,174.63,173.35,174.39,60501
2026-03-13 11:00:00,174.43,174.6,173.75,174.0,39990
2026-03-13 11:15:00,174.0,175.7,173.41,175.7,100262
2026-03-13 11:30:00,175.69,176.3,175.43,175.8,108091
2026-03-13 11:45:00,175.8,176.1,175.16,175.34,79667
2026-03-13 12:00:00,175.4,175.6,175.05,175.44,48718
2026-03-13 12:15:00,175.44,175.44,174.0,174.21,141305
2026-03-13 12:30:00,174.26,174.28,173.5,173.58,53931
2026-03-13 12:45:00,173.58,174.05,173.56,173.79,54449
2026-03-13 13:00:00,173.79,173.83,173.27,173.36,31835
2026-03-13 13:15:00,173.32,173.48,172.87,173.47,57775
2026-03-13 13:30:00,173.47,173.6,172.45,172.87,83374
2026-03-13 13:45:00,172.87,172.95,172.1,172.2,58643
2026-03-13 14:00:00,172.14,173.15,172.14,173.15,99324
2026-03-13 14:15:00,173.15,173.76,172.64,173.19,103193
2026-03-13 14:30:00,173.15,174.2,173.15,173.8,64775
2026-03-13 14:45:00,173.85,173.93,172.96,173.24,206965
2026-03-13 15:00:00,173.3,173.3,172.06,172.76,470481
2026-03-13 15:15:00,172.63,173.46,172.5,173.0,276708
2026-03-16 09:15:00,172.7,173.3,170.44,171.09,405992
2026-03-16 09:30:00,171.09,173.18,171.0,172.58,298053
2026-03-16 09:45:00,172.52,173.52,172.31,172.31,187429
2026-03-16 10:00:00,172.38,172.8,171.27,171.57,124789
2026-03-16 10:15:00,171.5,171.5,169.56,169.63,205408
2026-03-16 10:30:00,169.56,170.98,169.5,170.01,249976
2026-03-16 10:45:00,170.11,170.16,169.05,170.0,125407
2026-03-16 11:00:00,170.09,170.75,169.75,170.2,92744
2026-03-16 11:15:00,170.2,171.6,170.2,171.0,136480
2026-03-16 11:30:00,171.0,171.49,170.43,170.53,43064
2026-03-16 11:45:00,170.43,170.67,170.2,170.28,38666
2026-03-16 12:00:00,170.28,170.88,170.15,170.3,26859
2026-03-16 12:15:00,170.3,170.61,170.03,170.37,66508
2026-03-16 12:30:00,170.34,170.38,169.52,170.01,76469
2026-03-16 12:45:00,170.0,170.25,169.39,169.63,48511
2026-03-16 13:00:00,169.63,170.25,168.9,169.23,112551
2026-03-16 13:15:00,169.31,170.25,169.15,169.46,75464
2026-03-16 13:30:00,169.47,170.16,169.35,169.49,37399
2026-03-16 13:45:00,169.55,169.87,169.35,169.62,38909
2026-03-16 14:00:00,169.66,170.1,169.36,169.54,44345
2026-03-16 14:15:00,169.54,172.05,169.5,172.05,156283
2026-03-16 14:30:00,172.0,173.22,171.77,172.72,179059
2026-03-16 14:45:00,172.72,173.55,172.65,172.83,133529
2026-03-16 15:00:00,172.86,172.89,171.58,172.34,249488
2026-03-16 15:15:00,172.41,172.76,171.58,172.0,194844
2026-03-17 09:15:00,173.8,173.8,171.03,171.49,618078
2026-03-17 09:30:00,171.5,172.89,171.34,172.6,408498
2026-03-17 09:45:00,172.61,173.09,172.0,172.55,129322
2026-03-17 10:00:00,172.63,173.5,172.63,173.5,100874
2026-03-17 10:15:00,173.4,174.3,172.96,173.05,164742
2026-03-17 10:30:00,173.05,173.11,172.44,172.77,59508
2026-03-17 10:45:00,172.77,173.3,172.65,172.96,56064
2026-03-17 11:00:00,172.96,173.0,172.3,172.39,54289
2026-03-17 11:15:00,172.39,172.48,171.09,171.23,101753
2026-03-17 11:30:00,171.23,171.42,170.87,171.07,77386
2026-03-17 11:45:00,171.17,171.26,170.64,171.22,61809
2026-03-17 12:00:00,171.22,171.22,170.76,170.91,27884
2026-03-17 12:15:00,170.85,170.85,169.9,170.43,152387
2026-03-17 12:30:00,170.43,170.64,170.04,170.49,43609
2026-03-17 12:45:00,170.48,171.45,170.48,171.05,101362
2026-03-17 13:00:00,171.1,172.05,171.1,172.03,119860
2026-03-17 13:15:00,172.03,172.39,171.75,172.06,65260
2026-03-17 13:30:00,172.06,172.95,171.75,172.13,84722
2026-03-17 13:45:00,172.08,172.3,171.83,171.91,31518
2026-03-17 14:00:00,172.0,172.41,171.71,172.2,46513
2026-03-17 14:15:00,172.2,172.26,171.73,172.02,37350
2026-03-17 14:30:00,172.1,172.66,172.02,172.25,69742
2026-03-17 14:45:00,172.22,173.18,172.01,173.1,95298
2026-03-17 15:00:00,173.03,173.03,172.11,172.62,169169
2026-03-17 15:15:00,172.71,172.83,172.25,172.38,177485
2026-03-18 09:15:00,173.0,175.7,172.78,175.38,327965
2026-03-18 09:30:00,175.43,176.37,175.38,176.08,218119
2026-03-18 09:45:00,176.0,176.11,175.07,175.37,159854
2026-03-18 10:00:00,175.44,175.48,174.36,174.67,91834
2026-03-18 10:15:00,174.67,175.82,174.67,175.5,101945
2026-03-18 10:30:00,175.49,175.85,175.33,175.53,52891
2026-03-18 10:45:00,175.57,176.6,175.56,176.45,97475
2026-03-18 11:00:00,176.5,176.6,176.22,176.6,61543
2026-03-18 11:15:00,176.6,177.1,176.42,177.0,148964
2026-03-18 11:30:00,176.95,177.4,176.71,177.02,77061
2026-03-18 11:45:00,177.06,177.14,176.56,176.7,55623
2026-03-18 12:00:00,176.7,177.15,176.65,177.0,98958
2026-03-18 12:15:00,177.0,177.23,176.76,176.78,61142
2026-03-18 12:30:00,176.9,177.85,176.75,177.75,56288
2026-03-18 12:45:00,177.75,178.3,177.57,177.86,138286
2026-03-18 13:00:00,177.86,178.65,177.84,178.42,92036
2026-03-18 13:15:00,178.5,179.0,178.5,178.61,104907
2026-03-18 13:30:00,178.61,179.32,178.51,179.1,108640
2026-03-18 13:45:00,179.1,179.62,179.01,179.3,140172
2026-03-18 14:00:00,179.3,179.34,178.79,179.13,118790
2026-03-18 14:15:00,179.13,179.33,178.81,179.15,105252
2026-03-18 14:30:00,179.15,179.17,177.72,177.91,170187
2026-03-18 14:45:00,177.73,178.69,177.73,178.57,62906
2026-03-18 15:00:00,178.67,178.94,178.3,178.47,172420
2026-03-18 15:15:00,178.53,180.0,178.27,179.99,407649
2026-03-19 09:15:00,176.0,176.5,174.19,175.48,364962
2026-03-19 09:30:00,175.4,175.48,174.59,174.85,120297
2026-03-19 09:45:00,174.83,174.86,173.56,173.82,179890
2026-03-19 10:00:00,173.78,174.36,173.26,173.97,260986
2026-03-19 10:15:00,173.9,174.0,173.17,173.64,117700
2026-03-19 10:30:00,173.54,174.6,173.51,174.27,60284
2026-03-19 10:45:00,174.27,174.38,173.76,173.94,63044
2026-03-19 11:00:00,173.91,173.94,173.4,173.65,55582
2026-03-19 11:15:00,173.65,174.11,173.25,173.7,66820
2026-03-19 11:30:00,173.88,174.0,173.52,173.8,34158
2026-03-19 11:45:00,173.8,174.24,173.75,173.88,20342
2026-03-19 12:00:00,173.88,173.99,173.5,173.99,31973
2026-03-19 12:15:00,173.99,174.22,173.55,173.85,33195
2026-03-19 12:30:00,173.84,174.22,173.35,173.56,36585
2026-03-19 12:45:00,173.49,173.79,173.41,173.64,17627
2026-03-19 13:00:00,173.6,173.61,172.84,172.87,76638
2026-03-19 13:15:00,172.88,173.0,172.53,172.65,41316
2026-03-19 13:30:00,172.65,173.03,172.54,172.85,55614
2026-03-19 13:45:00,172.85,173.08,172.46,172.51,48170
2026-03-19 14:00:00,172.51,172.7,171.95,172.19,98646
2026-03-19 14:15:00,172.19,172.41,171.9,171.91,50448
2026-03-19 14:30:00,171.88,172.5,171.85,172.3,193801
2026-03-19 14:45:00,172.29,172.42,171.03,171.14,200129
2026-03-19 15:00:00,171.14,171.8,170.52,170.9,191902
2026-03-19 15:15:00,170.9,172.2,170.8,172.0,337160
2026-03-20 09:15:00,173.3,176.5,173.0,176.37,475215
2026-03-20 09:30:00,176.45,176.93,175.76,175.96,218369
2026-03-20 09:45:00,175.96,176.17,175.08,175.54,167594
2026-03-20 10:00:00,175.56,175.59,174.59,174.61,84832
2026-03-20 10:15:00,174.59,174.65,173.8,174.4,124226
2026-03-20 10:30:00,174.45,174.5,173.92,174.11,58735
2026-03-20 10:45:00,174.21,174.44,173.85,174.13,47860
2026-03-20 11:00:00,174.13,174.3,173.77,174.29,22441
2026-03-20 11:15:00,174.29,175.91,174.13,175.2,143814
2026-03-20 11:30:00,175.27,175.75,174.87,174.87,36050
2026-03-20 11:45:00,174.87,174.87,174.01,174.25,75649
2026-03-20 12:00:00,174.25,174.41,173.35,173.89,58924
2026-03-20 12:15:00,173.89,173.9,172.9,173.07,47883
2026-03-20 12:30:00,173.07,173.65,172.64,173.35,35246
2026-03-20 12:45:00,173.35,173.86,173.35,173.55,66637
2026-03-20 13:00:00,173.55,173.95,173.26,173.64,45948
2026-03-20 13:15:00,173.71,174.3,173.36,174.1,33642
2026-03-20 13:30:00,174.12,174.39,173.8,173.86,20959
2026-03-20 13:45:00,173.75,173.99,173.31,173.6,41149
2026-03-20 14:00:00,173.5,174.08,173.25,173.4,22930
2026-03-20 14:15:00,173.4,173.66,173.2,173.2,32916
2026-03-20 14:30:00,173.2,173.66,172.58,172.63,56407
2026-03-20 14:45:00,172.57,173.08,172.5,172.88,65007
2026-03-20 15:00:00,172.74,173.09,172.2,172.39,210075
2026-03-20 15:15:00,172.39,172.69,172.0,172.3,268729
2026-03-23 09:15:00,170.0,170.01,167.15,167.6,539167
2026-03-23 09:30:00,167.5,168.5,167.4,168.38,127289
2026-03-23 09:45:00,168.29,168.32,167.01,167.39,237853
2026-03-23 10:00:00,167.39,167.59,166.02,166.05,216472
2026-03-23 10:15:00,166.05,166.6,165.97,166.13,431645
2026-03-23 10:30:00,166.06,166.81,166.0,166.51,156235
2026-03-23 10:45:00,166.45,166.63,165.66,165.84,501377
2026-03-23 11:00:00,165.87,166.26,165.19,166.2,197525
2026-03-23 11:15:00,166.28,166.8,166.01,166.4,105439
2026-03-23 11:30:00,166.4,166.87,166.1,166.38,63900
2026-03-23 11:45:00,166.51,167.1,166.31,166.92,83209
2026-03-23 12:00:00,167.01,167.01,166.22,166.51,77418
2026-03-23 12:15:00,166.4,166.4,165.02,165.73,235832
2026-03-23 12:30:00,165.7,166.14,165.55,165.95,35985
2026-03-23 12:45:00,165.96,166.0,165.01,165.27,82114
2026-03-23 13:00:00,165.2,165.26,164.5,164.77,250658
2026-03-23 13:15:00,164.81,165.37,164.45,164.57,171585
2026-03-23 13:30:00,164.57,165.72,164.56,165.55,78865
2026-03-23 13:45:00,165.61,166.49,165.3,166.01,146756
2026-03-23 14:00:00,166.01,166.27,165.28,165.5,496538
2026-03-23 14:15:00,165.54,165.81,164.7,164.7,135179
2026-03-23 14:30:00,164.7,165.82,164.5,165.82,626769
2026-03-23 14:45:00,165.8,166.5,165.51,166.11,170997
2026-03-23 15:00:00,166.17,166.17,164.81,165.54,314001
2026-03-23 15:15:00,165.43,165.9,164.0,164.0,461800
2026-03-24 09:15:00,168.8,169.0,165.78,168.35,401140
2026-03-24 09:30:00,168.4,168.41,167.1,167.38,175200
2026-03-24 09:45:00,167.49,168.35,167.0,167.67,121709
2026-03-24 10:00:00,167.54,167.65,165.92,166.05,149550
2026-03-24 10:15:00,166.05,166.44,165.7,166.0,80675
2026-03-24 10:30:00,166.0,166.06,164.87,165.38,126093
2026-03-24 10:45:00,165.38,166.25,165.13,165.5,84677
2026-03-24 11:00:00,165.5,166.04,165.39,165.78,49292
2026-03-24 11:15:00,165.78,166.54,165.55,166.05,69887
2026-03-24 11:30:00,166.13,167.12,166.11,166.92,87645
2026-03-24 11:45:00,166.92,168.28,166.8,167.92,114708
2026-03-24 12:00:00,167.75,167.94,167.04,167.1,46202
2026-03-24 12:15:00,167.1,168.9,166.8,168.2,81967
2026-03-24 12:30:00,168.13,169.5,168.01,168.84,155434
2026-03-24 12:45:00,168.95,169.26,168.31,168.51,68964
2026-03-24 13:00:00,168.55,168.86,168.06,168.83,72267
2026-03-24 13:15:00,168.85,169.6,168.6,169.6,86570
2026-03-24 13:30:00,169.59,169.69,169.01,169.25,82000
2026-03-24 13:45:00,169.25,169.43,168.32,168.87,81678
2026-03-24 14:00:00,168.85,169.19,168.65,169.09,49315
2026-03-24 14:15:00,169.14,169.5,168.7,169.0,104475
2026-03-24 14:30:00,168.92,169.27,168.23,168.7,89437
2026-03-24 14:45:00,168.55,169.5,168.41,169.05,172095
2026-03-24 15:00:00,168.96,169.28,168.43,169.0,177775
2026-03-24 15:15:00,169.0,169.59,168.61,169.49,316088
2026-03-25 09:15:00,171.26,177.7,171.17,177.5,1230619
2026-03-25 09:30:00,177.54,178.97,177.41,178.06,1068567
2026-03-25 09:45:00,178.06,178.72,177.2,177.36,466321
2026-03-25 10:00:00,177.27,177.43,176.63,177.16,319354
2026-03-25 10:15:00,177.09,177.49,176.86,177.1,210465
2026-03-25 10:30:00,177.1,178.3,176.74,178.09,243213
2026-03-25 10:45:00,178.1,178.25,177.84,177.85,116947
2026-03-25 11:00:00,177.87,179.3,177.87,179.25,383955
2026-03-25 11:15:00,179.32,179.6,178.36,178.5,444668
2026-03-25 11:30:00,178.4,178.64,177.85,177.99,156427
2026-03-25 11:45:00,177.99,178.88,177.93,178.0,166472
2026-03-25 12:00:00,178.06,178.88,177.85,178.84,124910
2026-03-25 12:15:00,178.89,178.92,178.33,178.61,60241
2026-03-25 12:30:00,178.61,178.87,178.4,178.7,90543
2026-03-25 12:45:00,178.75,178.9,177.9,178.06,222319
2026-03-25 13:00:00,178.06,178.7,177.85,178.49,109301
2026-03-25 13:15:00,178.49,179.02,178.04,178.88,125264
2026-03-25 13:30:00,178.83,179.4,178.67,179.26,284160
2026-03-25 13:45:00,179.26,179.4,179.0,179.38,192707
2026-03-25 14:00:00,179.39,179.9,178.3,178.39,354039
2026-03-25 14:15:00,178.34,178.51,177.75,177.91,222341
2026-03-25 14:30:00,177.83,177.96,177.05,177.51,215570
2026-03-25 14:45:00,177.6,177.61,176.9,177.5,204250
2026-03-25 15:00:00,177.41,177.42,176.41,177.34,359225
2026-03-25 15:15:00,177.34,177.62,176.75,177.25,379337
2026-03-27 09:15:00,174.51,176.73,174.0,174.53,849097
2026-03-27 09:30:00,174.46,174.52,172.4,172.69,458830
2026-03-27 09:45:00,172.65,172.7,171.6,172.0,240326
2026-03-27 10:00:00,171.93,172.11,170.31,170.37,290862
2026-03-27 10:15:00,170.4,170.59,169.51,170.39,281097
2026-03-27 10:30:00,170.39,170.67,168.8,168.9,334377
2026-03-27 10:45:00,168.94,169.42,168.28,169.17,373130
2026-03-27 11:00:00,169.19,169.68,168.62,169.23,123728
2026-03-27 11:15:00,168.96,169.35,168.67,169.0,125146
2026-03-27 11:30:00,169.0,170.58,168.95,170.14,233262
2026-03-27 11:45:00,170.2,170.39,169.15,169.53,101287
2026-03-27 12:00:00,169.5,169.76,168.41,168.55,371340
2026-03-27 12:15:00,168.48,169.04,168.0,168.57,238800
2026-03-27 12:30:00,168.57,169.2,168.31,169.14,95979
2026-03-27 12:45:00,169.15,169.5,169.0,169.43,256534
2026-03-27 13:00:00,169.43,169.5,169.12,169.5,142102
2026-03-27 13:15:00,169.5,170.46,169.44,169.84,193982
2026-03-27 13:30:00,169.9,170.0,169.47,169.89,74288
2026-03-27 13:45:00,169.89,170.32,169.55,170.32,110369
2026-03-27 14:00:00,170.17,170.93,169.71,170.39,317695
2026-03-27 14:15:00,170.31,170.39,169.27,169.96,240478
2026-03-27 14:30:00,169.92,170.03,169.07,169.07,390066
2026-03-27 14:45:00,169.08,169.74,169.05,169.15,304425
2026-03-27 15:00:00,169.15,169.15,167.7,167.93,868540
2026-03-27 15:15:00,168.0,168.43,167.85,168.05,704067
2026-03-30 09:15:00,166.0,166.89,164.44,165.1,1052029
2026-03-30 09:30:00,165.19,166.59,165.19,166.07,297918
2026-03-30 09:45:00,166.0,166.99,164.9,165.37,331532
2026-03-30 10:00:00,165.37,165.64,163.48,164.25,340509
2026-03-30 10:15:00,164.25,164.31,163.23,163.54,128946
2026-03-30 10:30:00,163.54,163.8,163.0,163.11,194168
2026-03-30 10:45:00,163.01,163.26,162.55,162.71,161426
2026-03-30 11:00:00,162.8,163.19,162.72,162.97,100089
2026-03-30 11:15:00,163.08,163.15,162.1,162.46,227013
2026-03-30 11:30:00,162.25,163.17,162.15,162.25,203137
2026-03-30 11:45:00,162.15,162.67,162.0,162.49,81402
2026-03-30 12:00:00,162.5,163.42,162.38,162.78,135808
2026-03-30 12:15:00,162.69,162.91,161.55,161.89,198399
2026-03-30 12:30:00,161.84,162.35,161.6,162.15,167056
2026-03-30 12:45:00,162.15,162.17,160.82,160.94,255872
2026-03-30 13:00:00,161.01,161.85,160.72,161.1,198292
2026-03-30 13:15:00,161.15,161.5,160.33,160.46,165925
2026-03-30 13:30:00,160.53,160.95,159.8,160.0,328782
2026-03-30 13:45:00,159.97,160.11,159.28,159.36,182790
2026-03-30 14:00:00,159.36,160.03,159.01,159.21,295017
2026-03-30 14:15:00,159.2,160.29,159.03,159.73,305438
2026-03-30 14:30:00,159.76,160.39,159.59,160.3,529954
2026-03-30 14:45:00,160.24,160.54,159.4,159.56,389161
2026-03-30 15:00:00,159.53,159.87,159.0,159.71,534405
2026-03-30 15:15:00,159.68,160.1,159.1,159.1,765841
2026-04-01 09:15:00,166.5,168.9,164.9,168.38,829439
2026-04-01 09:30:00,168.4,168.72,166.67,167.04,205898
2026-04-01 09:45:00,167.01,168.4,166.87,168.09,194800
2026-04-01 10:00:00,168.24,168.83,167.05,167.13,195406
2026-04-01 10:15:00,167.14,167.4,166.01,166.24,145656
2026-04-01 10:30:00,166.4,167.36,166.12,166.86,87784
2026-04-01 10:45:00,166.97,166.97,166.05,166.12,44566
2026-04-01 11:00:00,166.21,166.85,165.9,166.22,50659
2026-04-01 11:15:00,166.24,167.38,166.06,167.15,147444
2026-04-01 11:30:00,167.15,167.91,167.15,167.73,61739
2026-04-01 11:45:00,167.73,167.76,166.75,167.28,37061
2026-04-01 12:00:00,167.29,168.7,167.29,168.61,184078
2026-04-01 12:15:00,168.59,168.98,168.5,168.98,77748
2026-04-01 12:30:00,168.91,169.26,168.71,169.13,139172
2026-04-01 12:45:00,169.13,170.55,169.03,170.35,277703
2026-04-01 13:00:00,170.35,171.01,169.82,170.82,171787
2026-04-01 13:15:00,170.82,170.99,170.01,170.39,91349
2026-04-01 13:30:00,170.39,170.47,168.48,168.9,202543
2026-04-01 13:45:00,168.82,169.45,168.63,168.85,140228
2026-04-01 14:00:00,168.85,169.28,168.51,169.19,114897
2026-04-01 14:15:00,169.19,169.24,168.64,168.67,92424
2026-04-01 14:30:00,168.6,168.77,167.55,167.56,160084
2026-04-01 14:45:00,167.52,167.89,167.0,167.44,102670
2026-04-01 15:00:00,167.65,168.37,167.65,167.73,140490
2026-04-01 15:15:00,167.78,168.51,167.72,168.35,238336
2026-04-02 09:15:00,164.0,164.95,161.5,162.2,381855
2026-04-02 09:30:00,162.2,163.0,161.87,162.75,218429
2026-04-02 09:45:00,162.72,162.73,161.59,161.68,143494
2026-04-02 10:00:00,161.65,161.92,161.0,161.7,215148
2026-04-02 10:15:00,161.6,161.7,161.25,161.68,56167
2026-04-02 10:30:00,161.72,162.7,161.6,162.5,85366
2026-04-02 10:45:00,162.5,162.95,162.12,162.8,62792
2026-04-02 11:00:00,162.8,163.4,162.75,162.95,65795
2026-04-02 11:15:00,162.95,163.33,162.83,163.06,50431
2026-04-02 11:30:00,163.2,163.83,163.1,163.73,56128
2026-04-02 11:45:00,163.73,164.35,163.45,163.81,76694
2026-04-02 12:00:00,163.81,164.03,163.23,163.7,74587
2026-04-02 12:15:00,163.7,163.79,162.61,163.02,66493
2026-04-02 12:30:00,163.02,163.96,163.02,163.81,74967
2026-04-02 12:45:00,163.81,163.99,163.44,163.92,36049
2026-04-02 13:00:00,163.92,164.44,163.4,163.62,54511
2026-04-02 13:15:00,163.74,164.8,163.71,164.7,88279
2026-04-02 13:30:00,164.7,165.94,164.4,165.66,339741
2026-04-02 13:45:00,165.75,166.53,165.7,166.34,208389
2026-04-02 14:00:00,166.28,167.45,166.26,167.45,137054
2026-04-02 14:15:00,167.45,167.79,166.82,167.29,89443
2026-04-02 14:30:00,167.29,167.65,166.26,166.5,110945
2026-04-02 14:45:00,166.49,167.0,166.08,166.78,79772
2026-04-02 15:00:00,166.82,168.85,166.8,168.42,232983
2026-04-02 15:15:00,168.42,168.6,167.42,167.97,208096
2026-04-06 09:15:00,167.2,169.62,165.0,165.59,481512
2026-04-06 09:30:00,165.25,167.88,165.12,166.79,212668
2026-04-06 09:45:00,166.79,166.99,166.1,166.29,79373
2026-04-06 10:00:00,166.29,167.49,165.92,167.49,161907
2026-04-06 10:15:00,167.52,168.0,166.65,166.94,188248
2026-04-06 10:30:00,166.94,168.39,166.7,168.23,93839
2026-04-06 10:45:00,168.35,168.69,167.35,167.35,74016
2026-04-06 11:00:00,167.35,167.5,166.33,166.67,51877
2026-04-06 11:15:00,166.62,167.4,166.48,167.39,28596
2026-04-06 11:30:00,167.39,167.71,166.6,166.8,42924
2026-04-06 11:45:00,166.8,168.0,166.8,167.77,74890
2026-04-06 12:00:00,167.7,167.91,167.5,167.72,35382
2026-04-06 12:15:00,167.71,168.33,167.32,168.32,106586
2026-04-06 12:30:00,168.2,168.26,167.5,167.86,17258
2026-04-06 12:45:00,167.86,169.0,167.86,168.88,75730
2026-04-06 13:00:00,168.85,169.0,168.22,168.8,52652
2026-04-06 13:15:00,168.8,169.0,168.52,168.52,55192
2026-04-06 13:30:00,168.65,169.0,168.13,168.41,93341
2026-04-06 13:45:00,168.4,168.82,168.19,168.72,29006
2026-04-06 14:00:00,168.72,169.24,168.6,169.0,69208
2026-04-06 14:15:00,169.01,169.49,168.92,169.15,63321
2026-04-06 14:30:00,169.08,169.44,168.72,168.76,103229
2026-04-06 14:45:00,168.76,169.06,168.25,168.7,85568
2026-04-06 15:00:00,168.72,169.8,168.61,169.5,207345
2026-04-06 15:15:00,169.54,169.92,169.23,169.85,319029
2026-04-07 09:15:00,168.16,169.71,166.4,169.6,299828
2026-04-07 09:30:00,169.6,169.83,167.71,167.71,102034
2026-04-07 09:45:00,167.75,168.39,167.54,168.23,79081
2026-04-07 10:00:00,168.31,168.86,167.79,167.98,66250
2026-04-07 10:15:00,167.93,168.58,167.52,168.25,128004
2026-04-07 10:30:00,168.25,168.48,167.72,168.41,127492
2026-04-07 10:45:00,168.35,168.79,167.91,168.55,130582
2026-04-07 11:00:00,168.47,168.8,168.27,168.49,29073
2026-04-07 11:15:00,168.49,169.0,167.83,168.12,213125
2026-04-07 11:30:00,168.12,169.51,167.95,169.24,334981
2026-04-07 11:45:00,169.26,170.5,169.12,170.32,215805
2026-04-07 12:00:00,170.32,170.4,169.99,170.25,122888
2026-04-07 12:15:00,170.32,170.35,170.05,170.15,23576
2026-04-07 12:30:00,170.15,170.95,170.09,170.9,120654
2026-04-07 12:45:00,170.9,170.9,170.5,170.5,78642
2026-04-07 13:00:00,170.6,170.62,170.02,170.35,78362
2026-04-07 13:15:00,170.36,171.3,170.33,171.25,88530
2026-04-07 13:30:00,171.32,172.27,171.3,172.02,229165
2026-04-07 13:45:00,172.08,172.13,170.97,171.12,167677
2026-04-07 14:00:00,171.15,171.61,170.84,171.12,56596
2026-04-07 14:15:00,171.16,171.36,170.95,171.2,46218
2026-04-07 14:30:00,171.24,171.41,170.63,171.31,78564
2026-04-07 14:45:00,171.37,171.88,171.35,171.88,131658
2026-04-07 15:00:00,171.88,172.43,171.6,172.29,250587
2026-04-07 15:15:00,172.3,172.54,172.0,172.15,311187
2026-04-08 09:15:00,180.0,185.01,176.9,178.22,1002391
2026-04-08 09:30:00,178.32,180.43,178.24,180.15,411670
2026-04-08 09:45:00,180.09,181.66,180.0,181.03,447937
2026-04-08 10:00:00,181.03,181.49,181.0,181.1,200888
2026-04-08 10:15:00,181.14,181.78,181.01,181.74,129367
2026-04-08 10:30:00,181.76,182.45,181.73,182.09,164951
2026-04-08 10:45:00,182.05,182.4,181.4,182.39,124763
2026-04-08 11:00:00,182.33,183.05,182.3,182.9,175943
2026-04-08 11:15:00,182.94,182.95,182.05,182.13,119679
2026-04-08 11:30:00,182.18,182.45,182.13,182.3,56207
2026-04-08 11:45:00,182.25,182.58,182.05,182.44,184468
2026-04-08 12:00:00,182.49,182.83,182.35,182.68,84519
2026-04-08 12:15:00,182.69,182.77,182.32,182.32,52953
2026-04-08 12:30:00,182.34,182.6,182.17,182.53,91450
2026-04-08 12:45:00,182.51,182.66,182.29,182.44,61424
2026-04-08 13:00:00,182.43,182.44,181.8,181.85,159814
2026-04-08 13:15:00,181.8,181.81,181.42,181.56,90594
2026-04-08 13:30:00,181.62,181.68,181.33,181.38,65587
2026-04-08 13:45:00,181.38,181.38,180.75,180.96,197325
2026-04-08 14:00:00,180.96,180.99,180.75,180.81,105774
2026-04-08 14:15:00,180.81,181.25,180.75,181.06,136876
2026-04-08 14:30:00,181.18,181.44,181.04,181.4,134813
2026-04-08 14:45:00,181.44,181.63,180.95,181.63,201041
2026-04-08 15:00:00,181.6,181.95,181.19,181.87,314836
2026-04-08 15:15:00,181.93,183.5,181.78,183.4,459392
2026-04-09 09:15:00,181.87,183.6,180.31,182.87,496381
2026-04-09 09:30:00,183.02,183.02,181.09,181.15,195864
2026-04-09 09:45:00,181.09,181.39,180.2,180.24,202197
2026-04-09 10:00:00,180.18,181.72,180.0,181.34,137729
2026-04-09 10:15:00,181.34,182.05,180.8,181.84,87182
2026-04-09 10:30:00,181.93,182.9,181.93,182.47,103310
2026-04-09 10:45:00,182.37,183.05,182.37,182.6,73840
2026-04-09 11:00:00,182.6,183.23,182.11,182.49,61893
2026-04-09 11:15:00,182.55,182.69,182.01,182.66,48003
2026-04-09 11:30:00,182.66,184.0,182.66,183.7,172618
2026-04-09 11:45:00,183.7,184.0,183.53,183.98,60321
2026-04-09 12:00:00,183.98,184.73,183.75,183.98,302869
2026-04-09 12:15:00,183.98,184.37,183.98,184.01,62009
2026-04-09 12:30:00,184.01,184.66,184.01,184.36,106983
2026-04-09 12:45:00,184.36,184.57,183.16,183.2,177137
2026-04-09 13:00:00,183.24,183.55,182.7,183.15,40363
2026-04-09 13:15:00,182.99,182.99,182.0,182.14,53801
2026-04-09 13:30:00,182.24,182.73,182.11,182.23,60302
2026-04-09 13:45:00,182.14,182.51,181.91,181.98,73421
2026-04-09 14:00:00,181.98,182.3,181.65,181.71,75038
2026-04-09 14:15:00,181.75,181.83,181.19,181.21,49952
2026-04-09 14:30:00,181.28,181.94,181.0,181.79,61377
2026-04-09 14:45:00,181.79,181.99,181.62,181.93,45343
2026-04-09 15:00:00,181.92,182.35,181.5,181.87,167384
2026-04-09 15:15:00,181.87,182.13,181.59,181.9,184043
2026-04-10 09:15:00,182.79,185.84,182.79,185.1,372258
2026-04-10 09:30:00,185.1,186.57,185.06,186.0,256170
2026-04-10 09:45:00,185.98,186.39,185.84,186.12,75471
2026-04-10 10:00:00,186.16,186.27,183.61,184.94,241881
2026-04-10 10:15:00,185.0,185.2,184.49,184.62,165612
2026-04-10 10:30:00,184.62,185.24,184.6,185.1,48789
2026-04-10 10:45:00,185.14,185.37,184.82,185.3,44867
2026-04-10 11:00:00,185.3,185.3,184.75,185.08,42618
2026-04-10 11:15:00,185.08,185.2,184.67,184.71,32521
2026-04-10 11:30:00,184.75,185.02,184.54,184.6,33469
2026-04-10 11:45:00,184.6,184.73,184.01,184.73,45942
2026-04-10 12:00:00,184.73,185.0,184.64,184.66,45865
2026-04-10 12:15:00,184.62,184.95,184.35,184.89,26364
2026-04-10 12:30:00,184.9,185.1,184.72,184.72,32169
2026-04-10 12:45:00,184.64,184.94,184.57,184.69,25721
2026-04-10 13:00:00,184.69,185.13,184.65,184.94,57302
2026-04-10 13:15:00,185.0,185.0,184.58,184.61,22471
2026-04-10 13:30:00,184.7,184.88,184.42,184.82,26862
2026-04-10 13:45:00,184.68,184.72,184.31,184.65,32312
2026-04-10 14:00:00,184.62,185.0,184.48,184.61,140074
2026-04-10 14:15:00,184.74,184.82,183.02,183.17,199244
2026-04-10 14:30:00,183.24,183.38,182.87,183.21,141652
2026-04-10 14:45:00,183.18,183.88,182.9,183.77,51615
2026-04-10 15:00:00,183.8,184.33,183.78,183.94,117042
2026-04-10 15:15:00,183.94,184.29,183.76,184.29,230838
2026-04-13 09:15:00,178.0,181.84,177.72,181.64,785266
2026-04-13 09:30:00,181.67,182.62,180.75,180.89,534925
2026-04-13 09:45:00,180.98,182.1,180.8,182.05,74550
2026-04-13 10:00:00,182.05,183.96,181.67,183.54,227556
2026-04-13 10:15:00,183.55,184.52,183.28,184.49,262000
2026-04-13 10:30:00,184.4,184.8,183.13,183.4,211756
2026-04-13 10:45:00,183.39,184.6,183.24,184.5,73951
2026-04-13 11:00:00,184.5,185.27,184.1,185.27,140343
2026-04-13 11:15:00,185.14,186.9,185.14,186.32,317588
2026-04-13 11:30:00,186.34,186.41,185.78,186.06,72187
2026-04-13 11:45:00,186.06,186.32,186.0,186.22,37533
2026-04-13 12:00:00,186.2,186.4,186.04,186.18,40701
2026-04-13 12:15:00,186.4,188.61,186.09,188.55,278666
2026-04-13 12:30:00,188.57,189.74,187.19,188.49,635410
2026-04-13 12:45:00,188.4,188.94,187.44,187.85,134952
2026-04-13 13:00:00,187.8,188.1,187.33,187.82,140179
2026-04-13 13:15:00,187.82,187.99,187.42,187.55,46611
2026-04-13 13:30:00,187.55,187.89,187.3,187.65,29389
2026-04-13 13:45:00,187.71,188.29,187.33,188.15,92944
2026-04-13 14:00:00,188.15,188.27,187.5,187.62,49991
2026-04-13 14:15:00,187.63,188.24,187.59,187.81,64836
2026-04-13 14:30:00,187.8,188.32,187.8,187.86,60787
2026-04-13 14:45:00,187.96,188.2,187.31,187.62,85505
2026-04-13 15:00:00,187.53,188.98,186.8,188.47,491355
2026-04-13 15:15:00,188.49,189.0,186.6,187.0,689073
2026-04-15 09:15:00,190.1,192.72,189.67,190.26,844424
2026-04-15 09:30:00,190.59,190.87,189.73,190.81,342569
2026-04-15 09:45:00,190.75,191.33,190.42,190.72,179297
2026-04-15 10:00:00,190.72,191.06,190.5,190.52,142379
2026-04-15 10:15:00,190.61,191.65,190.36,191.54,299978
2026-04-15 10:30:00,191.6,191.7,191.0,191.03,145376
2026-04-15 10:45:00,191.03,191.37,191.02,191.15,75003
2026-04-15 11:00:00,191.11,191.26,190.71,190.89,74512
2026-04-15 11:15:00,190.82,191.15,190.68,190.8,85481
2026-04-15 11:30:00,190.84,191.19,190.76,191.11,49884
2026-04-15 11:45:00,191.11,191.21,190.85,190.85,65847
2026-04-15 12:00:00,190.85,191.33,190.8,191.08,60156
2026-04-15 12:15:00,191.09,191.29,190.68,191.07,98566
2026-04-15 12:30:00,191.07,191.08,190.52,190.65,61271
2026-04-15 12:45:00,190.68,190.82,190.56,190.57,51392
2026-04-15 13:00:00,190.65,190.9,190.5,190.9,53672
2026-04-15 13:15:00,190.83,191.48,190.7,191.01,84116
2026-04-15 13:30:00,191.01,191.13,190.52,190.86,45513
2026-04-15 13:45:00,190.86,190.9,190.21,190.51,61740
2026-04-15 14:00:00,190.57,190.84,190.48,190.51,39171
2026-04-15 14:15:00,190.6,190.69,190.4,190.66,34628
2026-04-15 14:30:00,190.66,190.86,190.25,190.55,164131
2026-04-15 14:45:00,190.55,191.0,190.51,190.88,80781
2026-04-15 15:00:00,190.9,190.92,189.37,189.43,455173
2026-04-15 15:15:00,189.43,189.44,188.0,188.0,733892
2026-04-16 09:15:00,190.0,192.39,190.0,190.95,438124
2026-04-16 09:30:00,190.86,190.86,190.0,190.35,183511
2026-04-16 09:45:00,190.35,190.56,189.5,190.1,182212
2026-04-16 10:00:00,190.1,190.85,189.85,190.73,83762
2026-04-16 10:15:00,190.73,192.05,190.65,192.0,158248
2026-04-16 10:30:00,192.1,195.25,192.04,195.05,1369444
2026-04-16 10:45:00,195.05,195.7,194.7,194.84,500223
2026-04-16 11:00:00,194.84,195.35,194.75,195.0,223653
2026-04-16 11:15:00,194.93,195.44,194.85,195.31,184169
2026-04-16 11:30:00,195.4,195.44,193.93,193.93,137392
2026-04-16 11:45:00,193.9,193.91,192.42,192.46,275945
2026-04-16 12:00:00,192.5,192.95,192.09,192.93,187603
2026-04-16 12:15:00,192.96,193.41,192.79,193.34,98275
2026-04-16 12:30:00,193.34,193.49,192.75,193.14,67194
2026-04-16 12:45:00,193.05,193.7,192.88,193.21,90317
2026-04-16 13:00:00,193.21,193.21,192.53,192.77,49677
2026-04-16 13:15:00,192.77,192.8,191.7,192.1,136749
2026-04-16 13:30:00,192.14,192.5,191.92,192.36,54033
2026-04-16 13:45:00,192.36,192.8,192.36,192.62,46580
2026-04-16 14:00:00,192.59,192.63,192.15,192.5,28750
2026-04-16 14:15:00,192.49,192.76,192.4,192.4,51494
2026-04-16 14:30:00,192.49,193.1,192.43,193.01,52402
2026-04-16 14:45:00,193.1,194.09,193.04,194.0,168209
2026-04-16 15:00:00,194.0,194.0,193.08,193.63,226037
2026-04-16 15:15:00,193.75,194.3,193.4,193.5,554894
2026-04-17 09:15:00,193.67,195.17,193.13,194.63,886538
2026-04-17 09:30:00,194.71,194.74,192.84,192.94,384736
2026-04-17 09:45:00,192.99,194.15,192.99,194.15,265037
2026-04-17 10:00:00,193.99,195.67,193.4,195.62,584619
2026-04-17 10:15:00,195.72,196.19,195.1,195.22,286223
2026-04-17 10:30:00,195.3,195.4,194.49,194.86,189354
2026-04-17 10:45:00,194.94,195.27,194.52,194.85,234477
2026-04-17 11:00:00,194.84,194.95,194.1,194.8,97405
2026-04-17 11:15:00,194.8,195.09,194.53,194.85,63767
2026-04-17 11:30:00,194.87,195.16,194.82,195.1,123289
2026-04-17 11:45:00,195.1,195.1,194.53,194.61,96916
2026-04-17 12:00:00,194.61,195.3,193.84,195.22,681710
2026-04-17 12:15:00,195.3,195.63,195.06,195.06,261714
2026-04-17 12:30:00,195.06,195.46,194.93,195.12,96807
2026-04-17 12:45:00,195.12,196.25,195.0,195.71,269217
2026-04-17 13:00:00,195.75,195.9,195.37,195.62,44597
2026-04-17 13:15:00,195.62,196.09,195.58,195.98,85113
2026-04-17 13:30:00,196.0,196.1,195.67,195.7,39259
2026-04-17 13:45:00,195.7,195.8,195.51,195.71,56897
2026-04-17 14:00:00,195.7,195.8,195.1,195.2,48618
2026-04-17 14:15:00,195.2,195.48,195.12,195.48,29103
2026-04-17 14:30:00,195.48,195.78,195.34,195.74,56339
2026-04-17 14:45:00,195.74,196.29,195.72,196.26,192252
2026-04-17 15:00:00,196.19,197.3,196.19,196.9,670499
2026-04-17 15:15:00,196.9,197.45,196.54,196.85,740228
2026-04-20 09:15:00,197.0,198.0,192.07,196.38,832088
2026-04-20 09:30:00,196.45,197.15,195.95,196.09,141187
2026-04-20 09:45:00,196.09,197.25,196.0,197.17,143301
2026-04-20 10:00:00,197.17,200.95,197.01,200.65,1083873
2026-04-20 10:15:00,200.64,201.79,200.22,200.35,624378
2026-04-20 10:30:00,200.36,200.86,200.1,200.25,151771
2026-04-20 10:45:00,200.25,200.38,199.65,200.2,162918
2026-04-20 11:00:00,200.21,200.27,199.18,199.44,110434
2026-04-20 11:15:00,199.44,200.48,199.1,200.12,265866
2026-04-20 11:30:00,200.12,200.47,200.03,200.09,68139
2026-04-20 11:45:00,200.09,200.45,200.05,200.16,93425
2026-04-20 12:00:00,200.2,200.45,200.05,200.11,33203
2026-04-20 12:15:00,200.11,200.3,200.0,200.2,29562
2026-04-20 12:30:00,200.29,201.0,200.0,200.98,81539
2026-04-20 12:45:00,200.98,200.98,200.06,200.16,50058
2026-04-20 13:00:00,200.25,200.54,199.63,200.26,158914
2026-04-20 13:15:00,200.21,200.32,199.6,199.75,181526
2026-04-20 13:30:00,199.75,200.0,199.22,199.52,141548
2026-04-20 13:45:00,199.49,200.13,199.0,200.07,335255
2026-04-20 14:00:00,200.02,200.31,200.0,200.15,100444
2026-04-20 14:15:00,200.08,200.4,200.0,200.32,100060
2026-04-20 14:30:00,200.33,200.33,199.83,200.04,296411
2026-04-20 14:45:00,200.04,200.25,200.0,200.05,80662
2026-04-20 15:00:00,200.1,200.17,199.33,199.84,714057
2026-04-20 15:15:00,199.82,200.09,197.0,197.49,1296955
2026-04-21 09:15:00,199.4,201.59,199.2,201.09,484984
2026-04-21 09:30:00,201.25,202.88,201.01,202.56,507225
2026-04-21 09:45:00,202.56,202.6,201.35,201.55,155686
2026-04-21 10:00:00,201.51,201.59,200.75,201.15,117838
2026-04-21 10:15:00,201.15,201.25,200.6,200.6,59902
2026-04-21 10:30:00,200.63,200.8,200.32,200.4,61806
2026-04-21 10:45:00,200.4,200.77,200.25,200.62,58052
2026-04-21 11:00:00,200.62,200.95,200.39,200.9,35901
2026-04-21 11:15:00,200.99,201.37,200.37,200.67,55351
2026-04-21 11:30:00,200.64,200.64,199.53,199.7,96019
2026-04-21 11:45:00,199.73,199.99,199.3,199.56,120675
2026-04-21 12:00:00,199.56,200.0,199.51,199.8,28581
2026-04-21 12:15:00,199.8,199.97,199.55,199.96,85601
2026-04-21 12:30:00,199.94,199.99,199.5,199.92,48122
2026-04-21 12:45:00,199.92,199.95,198.5,198.82,220354
2026-04-21 13:00:00,198.8,198.9,198.32,198.72,68685
2026-04-21 13:15:00,198.72,198.96,198.6,198.72,32525
2026-04-21 13:30:00,198.78,198.97,198.03,198.17,66079
2026-04-21 13:45:00,198.17,198.59,198.03,198.45,16845
2026-04-21 14:00:00,198.46,198.6,198.3,198.31,30633
2026-04-21 14:15:00,198.38,198.97,198.29,198.75,69451
2026-04-21 14:30:00,198.75,198.75,198.0,198.31,213134
2026-04-21 14:45:00,198.27,198.9,198.16,198.6,115649
2026-04-21 15:00:00,198.6,198.95,198.17,198.7,184006
2026-04-21 15:15:00,198.62,198.68,198.0,198.0,275580
2026-04-22 09:15:00,197.2,199.87,197.04,197.23,436708
2026-04-22 09:30:00,197.23,198.83,197.13,198.41,323605
2026-04-22 09:45:00,198.41,199.45,198.27,198.5,162601
2026-04-22 10:00:00,198.33,198.74,197.6,198.21,66445
2026-04-22 10:15:00,198.21,198.41,198.0,198.37,77916
2026-04-22 10:30:00,198.37,199.26,198.22,199.18,78269
2026-04-22 10:45:00,199.17,199.79,198.8,199.0,89389
2026-04-22 11:00:00,199.0,199.06,198.37,198.52,35149
2026-04-22 11:15:00,198.54,199.08,198.44,199.08,48992
2026-04-22 11:30:00,199.04,199.08,198.68,198.81,17826
2026-04-22 11:45:00,198.81,199.4,198.54,199.38,58658
2026-04-22 12:00:00,199.38,199.9,199.21,199.3,118357
2026-04-22 12:15:00,199.3,199.9,199.25,199.8,99708
2026-04-22 12:30:00,199.79,201.75,199.66,201.36,279844
2026-04-22 12:45:00,201.36,201.58,200.65,200.84,98038
2026-04-22 13:00:00,200.84,200.95,199.05,199.3,154514
2026-04-22 13:15:00,199.23,199.75,198.5,199.7,255385
2026-04-22 13:30:00,199.75,201.15,199.51,200.95,140870
2026-04-22 13:45:00,200.93,201.13,200.21,200.3,103878
2026-04-22 14:00:00,200.3,201.29,200.0,200.12,112760
2026-04-22 14:15:00,200.12,200.23,199.54,199.9,67621
2026-04-22 14:30:00,199.9,200.52,199.89,200.4,59282
2026-04-22 14:45:00,200.41,200.79,200.0,200.23,47544
2026-04-22 15:00:00,200.23,200.23,199.41,199.67,104114
2026-04-22 15:15:00,199.67,200.47,199.5,199.8,154980
2026-04-23 09:15:00,198.66,203.08,198.13,202.0,790116
2026-04-23 09:30:00,202.12,203.4,201.62,202.54,735952
2026-04-23 09:45:00,202.54,203.89,202.43,203.68,450171
2026-04-23 10:00:00,203.66,204.16,203.0,203.43,398551
2026-04-23 10:15:00,203.43,204.5,203.25,203.9,682800
2026-04-23 10:30:00,203.97,204.0,203.08,203.12,160578
2026-04-23 10:45:00,203.12,204.05,202.56,204.05,308101
2026-04-23 11:00:00,204.1,205.49,204.08,204.6,481442
2026-04-23 11:15:00,204.6,205.0,203.72,204.09,221268
2026-04-23 11:30:00,204.09,204.29,203.87,204.16,125745
2026-04-23 11:45:00,204.0,205.0,204.0,204.89,204369
2026-04-23 12:00:00,204.93,205.0,204.73,204.9,151549
2026-04-23 12:15:00,204.82,204.99,204.26,204.35,104777
2026-04-23 12:30:00,204.27,204.78,204.17,204.25,178443
2026-04-23 12:45:00,204.24,204.98,204.2,204.94,106391
2026-04-23 13:00:00,204.98,205.5,204.84,205.33,173649
2026-04-23 13:15:00,205.35,206.1,205.23,206.1,246634
2026-04-23 13:30:00,206.2,206.3,205.04,205.3,293614
2026-04-23 13:45:00,205.3,205.69,204.88,205.49,74063
2026-04-23 14:00:00,205.53,205.7,204.97,204.99,106245
2026-04-23 14:15:00,205.07,205.38,204.6,204.93,91744
2026-04-23 14:30:00,205.0,205.0,204.21,204.7,146307
2026-04-23 14:45:00,204.7,204.95,204.34,204.53,195094
2026-04-23 15:00:00,204.6,205.0,204.55,204.77,196994
2026-04-23 15:15:00,204.8,204.91,203.8,204.14,507130
2026-04-24 09:15:00,205.48,211.8,205.0,211.53,3475525
2026-04-24 09:30:00,211.63,213.9,210.6,212.81,3596022
2026-04-24 09:45:00,212.81,214.46,211.76,213.66,3251297
2026-04-24 10:00:00,213.65,214.0,211.47,211.78,2107047
2026-04-24 10:15:00,211.74,213.4,211.36,212.62,961586
2026-04-24 10:30:00,212.6,213.15,211.0,211.02,895274
2026-04-24 10:45:00,211.12,211.98,210.77,211.54,480995
2026-04-24 11:00:00,211.47,211.5,210.4,211.1,529731
2026-04-24 11:15:00,211.1,212.18,210.64,212.16,473283
2026-04-24 11:30:00,212.16,213.0,212.07,212.53,787424
2026-04-24 11:45:00,212.52,212.6,211.11,211.15,460530
2026-04-24 12:00:00,211.1,212.53,211.0,212.33,362360
2026-04-24 12:15:00,212.41,212.77,211.5,211.75,280701
2026-04-24 12:30:00,211.75,212.3,210.21,210.26,615921
2026-04-24 12:45:00,210.21,211.38,209.8,211.3,552946
2026-04-24 13:00:00,211.33,211.79,210.6,211.0,337937
2026-04-24 13:15:00,210.98,211.35,210.31,210.89,192719
2026-04-24 13:30:00,210.89,210.99,208.63,208.74,514739
2026-04-24 13:45:00,208.83,209.63,208.75,209.32,323112
2026-04-24 14:00:00,209.35,210.12,208.4,209.96,2950671
2026-04-24 14:15:00,209.94,211.6,209.92,211.07,591938
2026-04-24 14:30:00,211.22,212.26,211.1,211.73,504415
2026-04-24 14:45:00,211.66,212.65,211.04,211.72,2349574
2026-04-24 15:00:00,211.63,211.98,211.3,211.5,720154
2026-04-24 15:15:00,211.51,211.8,209.85,211.0,1431376
2026-04-27 09:15:00,212.6,216.73,212.57,213.94,1859344
2026-04-27 09:30:00,213.94,215.36,213.85,215.07,415721
2026-04-27 09:45:00,215.11,215.66,214.6,215.2,242356
2026-04-27 10:00:00,215.1,215.65,214.6,214.7,236036
2026-04-27 10:15:00,214.68,215.1,214.0,214.44,179610
2026-04-27 10:30:00,214.44,215.69,214.37,215.69,339875
2026-04-27 10:45:00,215.67,215.99,215.2,215.39,266824
2026-04-27 11:00:00,215.39,215.73,214.94,215.15,156472
2026-04-27 11:15:00,215.15,215.28,214.68,214.71,100953
2026-04-27 11:30:00,214.7,214.9,213.85,213.87,206622
2026-04-27 11:45:00,213.86,214.4,213.31,213.31,309570
2026-04-27 12:00:00,213.37,213.47,212.13,213.0,402312
2026-04-27 12:15:00,212.95,213.06,212.08,212.25,161602
2026-04-27 12:30:00,212.25,212.83,211.58,211.9,210048
2026-04-27 12:45:00,211.9,212.39,211.42,212.0,164755
2026-04-27 13:00:00,212.0,213.44,211.85,213.31,163207
2026-04-27 13:15:00,213.69,213.85,213.25,213.3,154345
2026-04-27 13:30:00,213.32,213.65,213.0,213.0,74216
2026-04-27 13:45:00,213.0,213.35,212.7,213.05,109998
2026-04-27 14:00:00,213.05,213.15,212.45,212.59,110682
2026-04-27 14:15:00,212.57,212.68,211.75,211.8,112256
2026-04-27 14:30:00,211.8,212.37,211.8,212.18,138401
2026-04-27 14:45:00,212.19,212.3,211.59,211.95,131365
2026-04-27 15:00:00,211.85,212.53,211.61,212.1,232203
2026-04-27 15:15:00,212.2,216.12,212.01,215.1,2750245
2026-04-28 09:15:00,214.6,218.01,213.51,217.99,1482597
2026-04-28 09:30:00,217.86,218.45,216.42,216.67,1061050
2026-04-28 09:45:00,216.72,218.0,216.5,216.65,289759
2026-04-28 10:00:00,216.62,216.77,215.0,215.26,525305
2026-04-28 10:15:00,215.26,215.35,214.8,215.0,200142
2026-04-28 10:30:00,215.03,216.1,215.0,215.4,254610
2026-04-28 10:45:00,215.4,215.7,215.25,215.53,163820
2026-04-28 11:00:00,215.54,215.94,215.36,215.61,101465
2026-04-28 11:15:00,215.61,215.73,214.82,214.82,183623
2026-04-28 11:30:00,214.95,215.18,214.5,215.03,167408
2026-04-28 11:45:00,214.95,215.09,214.07,214.17,229643
2026-04-28 12:00:00,214.2,214.3,214.0,214.04,173159
2026-04-28 12:15:00,214.04,214.29,214.0,214.25,175836
2026-04-28 12:30:00,214.4,215.15,214.18,214.9,72440
2026-04-28 12:45:00,214.9,215.15,214.44,214.44,80706
2026-04-28 13:00:00,214.43,214.66,214.14,214.18,60499
2026-04-28 13:15:00,214.18,214.58,214.1,214.43,115362
2026-04-28 13:30:00,214.57,214.58,214.05,214.12,104773
2026-04-28 13:45:00,214.09,214.78,214.08,214.34,118442
2026-04-28 14:00:00,214.36,214.87,214.0,214.25,322557
2026-04-28 14:15:00,214.37,215.95,214.26,215.95,464513
2026-04-28 14:30:00,215.8,217.6,215.8,216.96,699188
2026-04-28 14:45:00,217.0,217.44,216.91,217.09,249300
2026-04-28 15:00:00,217.12,217.14,214.55,215.36,664808
2026-04-28 15:15:00,215.5,216.0,212.8,213.8,864724
2026-04-29 09:15:00,215.0,216.0,213.16,213.69,483873
2026-04-29 09:30:00,213.97,216.44,212.8,214.72,517022
2026-04-29 09:45:00,214.72,214.72,214.25,214.47,82810
2026-04-29 10:00:00,214.47,214.69,214.26,214.51,46105
2026-04-29 10:15:00,214.51,215.42,214.51,214.84,78942
2026-04-29 10:30:00,214.94,216.46,214.85,216.29,180072
2026-04-29 10:45:00,216.0,216.16,215.58,215.6,63171
2026-04-29 11:00:00,215.7,217.45,215.55,216.87,248491
2026-04-29 11:15:00,216.91,217.7,216.75,217.12,151437
2026-04-29 11:30:00,217.2,217.8,217.0,217.25,112440
2026-04-29 11:45:00,217.37,217.37,216.84,217.2,89998
2026-04-29 12:00:00,217.19,217.19,216.83,216.99,30947
2026-04-29 12:15:00,216.91,220.3,216.83,217.65,868323
2026-04-29 12:30:00,217.67,218.04,217.61,217.89,109139
2026-04-29 12:45:00,217.81,218.89,217.75,218.34,99820
2026-04-29 13:00:00,218.43,218.43,217.91,218.19,84565
2026-04-29 13:15:00,218.09,218.09,217.75,217.8,71451
2026-04-29 13:30:00,217.8,218.0,216.85,217.22,112473
2026-04-29 13:45:00,217.22,217.24,216.66,216.75,62899
2026-04-29 14:00:00,216.63,217.39,216.43,216.78,115149
2026-04-29 14:15:00,216.77,216.87,216.3,216.5,66098
2026-04-29 14:30:00,216.41,216.86,216.31,216.71,36466
2026-04-29 14:45:00,216.88,216.95,216.11,216.17,50290
2026-04-29 15:00:00,216.3,216.93,216.11,216.14,113542
2026-04-29 15:15:00,216.2,217.9,215.51,216.8,570242
2026-04-30 09:15:00,215.0,216.92,213.5,216.06,539767
2026-04-30 09:30:00,215.82,217.5,215.4,216.9,352706
2026-04-30 09:45:00,216.89,216.9,215.4,215.45,149747
2026-04-30 10:00:00,215.45,215.9,214.53,215.33,124097
2026-04-30 10:15:00,215.33,215.43,214.2,214.38,73023
2026-04-30 10:30:00,214.39,215.05,214.12,214.99,78520
2026-04-30 10:45:00,214.99,215.0,214.2,214.22,74166
2026-04-30 11:00:00,214.3,215.3,214.26,214.88,36355
2026-04-30 11:15:00,215.01,215.77,214.76,215.74,86858
2026-04-30 11:30:00,215.85,215.94,214.25,214.33,84618
2026-04-30 11:45:00,214.34,214.58,214.08,214.17,47560
2026-04-30 12:00:00,214.18,214.71,214.0,214.71,34372
2026-04-30 12:15:00,214.71,215.34,214.63,214.7,96991
2026-04-30 12:30:00,214.78,214.78,214.11,214.3,21703
2026-04-30 12:45:00,214.4,214.92,214.4,214.72,20053
2026-04-30 13:00:00,214.83,214.94,214.25,214.68,26022
2026-04-30 13:15:00,214.68,215.09,214.54,214.91,63761
2026-04-30 13:30:00,214.99,215.59,214.7,215.59,93474
2026-04-30 13:45:00,215.59,215.84,215.31,215.59,28654
2026-04-30 14:00:00,215.6,215.6,214.77,214.96,48106
2026-04-30 14:15:00,214.97,215.25,214.5,214.98,65225
2026-04-30 14:30:00,214.91,215.9,214.91,215.6,85705
2026-04-30 14:45:00,215.65,215.72,215.0,215.7,89939
2026-04-30 15:00:00,215.69,216.4,215.06,216.4,347057
2026-04-30 15:15:00,216.37,224.24,216.14,224.0,2112105
2026-05-04 09:15:00,221.58,224.0,221.1,221.51,683948
2026-05-04 09:30:00,221.51,224.69,221.51,223.35,553808
2026-05-04 09:45:00,223.47,223.49,222.2,223.05,165104
2026-05-04 10:00:00,223.05,223.34,222.4,222.61,100560
2026-05-04 10:15:00,222.61,223.8,222.4,223.8,269853
2026-05-04 10:30:00,223.8,226.0,223.7,224.54,485065
2026-05-04 10:45:00,224.6,224.82,224.29,224.5,98200
2026-05-04 11:00:00,224.43,224.69,223.8,223.96,90082
2026-05-04 11:15:00,223.96,224.6,223.56,224.38,69861
2026-05-04 11:30:00,224.49,224.98,224.1,224.52,132029
2026-05-04 11:45:00,224.52,224.78,224.1,224.18,45787
2026-05-04 12:00:00,224.2,224.25,222.53,222.63,134578
2026-05-04 12:15:00,222.63,222.85,222.3,222.64,62482
2026-05-04 12:30:00,222.64,222.76,222.09,222.31,107005
2026-05-04 12:45:00,222.31,222.43,221.7,222.1,64990
2026-05-04 13:00:00,222.25,222.38,221.66,222.05,72617
2026-05-04 13:15:00,222.0,222.13,221.3,221.39,51074
2026-05-04 13:30:00,221.21,222.23,220.66,221.91,95366
2026-05-04 13:45:00,221.91,221.99,221.01,221.29,43245
2026-05-04 14:00:00,221.29,221.64,221.0,221.54,61124
2026-05-04 14:15:00,221.65,222.58,221.56,221.56,79143
2026-05-04 14:30:00,221.89,222.0,221.16,221.71,64278
2026-05-04 14:45:00,221.71,221.79,220.52,221.17,111824
2026-05-04 15:00:00,221.3,221.99,220.65,221.77,485790
2026-05-04 15:15:00,221.76,223.3,219.77,220.0,706796
2026-05-05 09:15:00,220.46,220.64,218.36,218.64,318368
2026-05-05 09:30:00,218.59,220.46,218.57,220.31,210686
2026-05-05 09:45:00,220.25,220.45,219.83,220.15,129937
2026-05-05 10:00:00,220.29,221.5,220.03,220.53,146404
2026-05-05 10:15:00,220.71,221.24,220.5,220.5,80247
2026-05-05 10:30:00,220.5,220.8,218.63,218.63,204232
2026-05-05 10:45:00,218.8,219.14,218.6,218.8,60413
2026-05-05 11:00:00,218.91,219.63,218.73,219.44,49936
2026-05-05 11:15:00,219.44,219.76,219.39,219.5,52505
2026-05-05 11:30:00,219.6,220.24,219.49,219.56,49078
2026-05-05 11:45:00,219.56,219.69,218.82,219.02,41932
2026-05-05 12:00:00,219.02,219.49,218.85,219.39,20103
2026-05-05 12:15:00,219.39,220.24,219.26,219.92,36717
2026-05-05 12:30:00,219.95,220.89,219.72,220.6,39077
2026-05-05 12:45:00,220.6,221.5,220.12,221.37,60548
2026-05-05 13:00:00,221.37,221.45,220.73,221.13,79929
2026-05-05 13:15:00,221.13,221.35,220.2,220.36,34693
2026-05-05 13:30:00,220.36,220.5,220.0,220.38,39272
2026-05-05 13:45:00,220.48,220.59,220.19,220.31,20673
2026-05-05 14:00:00,220.31,220.55,220.0,220.15,31196
2026-05-05 14:15:00,220.15,220.8,220.01,220.62,36559
2026-05-05 14:30:00,220.68,220.7,220.04,220.14,48033
2026-05-05 14:45:00,220.19,220.23,219.5,219.85,56280
2026-05-05 15:00:00,219.79,220.11,219.41,220.0,121443
2026-05-05 15:15:00,220.0,220.75,219.0,219.25,227815
2026-05-06 09:15:00,221.36,222.45,218.66,218.99,318844
2026-05-06 09:30:00,219.09,221.0,219.09,220.26,180182
2026-05-06 09:45:00,220.32,220.63,219.87,220.03,52874
2026-05-06 10:00:00,220.01,220.97,219.5,220.94,93815
2026-05-06 10:15:00,220.9,221.5,220.17,220.6,121424
2026-05-06 10:30:00,220.42,220.53,219.5,219.5,77478
2026-05-06 10:45:00,219.5,219.78,218.9,219.58,146635
2026-05-06 11:00:00,219.6,219.77,219.19,219.34,36527
2026-05-06 11:15:00,219.34,220.59,219.25,220.07,68938
2026-05-06 11:30:00,220.15,220.55,219.3,219.5,29146
2026-05-06 11:45:00,219.5,219.75,219.4,219.51,20492
2026-05-06 12:00:00,219.51,220.78,219.4,220.4,129006
2026-05-06 12:15:00,220.36,220.36,219.61,219.99,77878
2026-05-06 12:30:00,220.01,220.13,219.6,219.6,17835
2026-05-06 12:45:00,219.6,219.75,219.2,219.24,36255
2026-05-06 13:00:00,219.25,219.84,219.02,219.75,18428
2026-05-06 13:15:00,219.65,219.98,219.58,219.63,26563
2026-05-06 13:30:00,219.71,220.0,219.51,219.67,23297
2026-05-06 13:45:00,219.67,219.76,219.33,219.48,44491
2026-05-06 14:00:00,219.48,219.65,219.16,219.6,16457
2026-05-06 14:15:00,219.6,220.39,219.51,220.31,117635
2026-05-06 14:30:00,220.28,221.7,219.74,221.6,182007
2026-05-06 14:45:00,221.61,221.9,221.0,221.41,169298
2026-05-06 15:00:00,221.31,223.4,221.3,221.7,351096
2026-05-06 15:15:00,221.78,222.97,221.52,222.5,643450
2026-05-07 09:15:00,223.21,225.95,222.2,225.29,701185
2026-05-07 09:30:00,225.28,225.5,224.01,224.31,216831
2026-05-07 09:45:00,224.3,224.5,223.41,223.98,136727
2026-05-07 10:00:00,223.85,224.5,223.2,223.36,115050
2026-05-07 10:15:00,223.36,223.98,223.3,223.52,59023
2026-05-07 10:30:00,223.57,224.95,223.4,224.95,83102
2026-05-07 10:45:00,224.95,230.5,224.62,229.03,1649210
2026-05-07 11:00:00,229.03,231.3,227.82,230.4,946720
2026-05-07 11:15:00,230.4,230.4,228.05,228.19,242785
2026-05-07 11:30:00,228.2,228.2,226.92,227.0,197557
2026-05-07 11:45:00,227.12,228.0,226.61,227.11,176074
2026-05-07 12:00:00,227.14,227.33,226.51,226.68,76641
2026-05-07 12:15:00,226.68,226.95,226.47,226.51,79319
2026-05-07 12:30:00,226.56,227.0,226.3,226.55,87548
2026-05-07 12:45:00,226.51,226.99,226.06,226.56,173711
2026-05-07 13:00:00,226.58,226.79,226.21,226.6,55606
2026-05-07 13:15:00,226.6,226.76,225.51,226.15,75061
2026-05-07 13:30:00,226.24,226.35,225.8,226.26,41220
2026-05-07 13:45:00,226.21,227.47,225.74,227.15,139244
2026-05-07 14:00:00,227.18,228.25,227.01,228.07,105471
2026-05-07 14:15:00,228.07,228.99,227.69,228.8,143136
2026-05-07 14:30:00,228.8,228.95,228.26,228.9,154066
2026-05-07 14:45:00,228.84,229.58,228.48,229.58,171432
2026-05-07 15:00:00,229.55,230.5,227.25,227.4,1194316
2026-05-07 15:15:00,227.31,228.28,226.8,227.38,753803
2026-05-08 09:15:00,226.8,228.5,225.36,227.4,449660
2026-05-08 09:30:00,227.32,228.02,226.53,227.0,188640
2026-05-08 09:45:00,227.37,229.8,227.0,229.14,474338
2026-05-08 10:00:00,229.14,231.9,229.13,231.77,595171
2026-05-08 10:15:00,231.77,235.5,231.77,232.16,1552507
2026-05-08 10:30:00,232.16,234.0,232.16,233.7,474538
2026-05-08 10:45:00,233.92,234.35,231.62,231.69,399644
2026-05-08 11:00:00,231.69,231.73,230.4,230.4,226000
2026-05-08 11:15:00,230.42,231.65,230.2,231.01,177239
2026-05-08 11:30:00,231.11,233.64,230.89,233.53,312399
2026-05-08 11:45:00,233.0,234.75,232.76,234.7,364938
2026-05-08 12:00:00,234.7,234.96,233.87,234.2,326515
2026-05-08 12:15:00,234.25,234.25,232.9,233.31,249436
2026-05-08 12:30:00,233.33,233.39,231.8,231.84,217526
2026-05-08 12:45:00,231.8,231.98,231.3,231.44,123553
2026-05-08 13:00:00,231.54,232.85,231.4,232.72,127427
2026-05-08 13:15:00,232.72,232.92,232.1,232.75,100589
2026-05-08 13:30:00,232.7,232.7,231.31,231.85,80758
2026-05-08 13:45:00,231.85,232.72,231.5,231.56,151421
2026-05-08 14:00:00,231.56,233.18,231.52,232.26,157197
2026-05-08 14:15:00,232.24,232.76,232.06,232.59,127726
2026-05-08 14:30:00,232.59,233.18,232.44,232.66,67488
2026-05-08 14:45:00,232.77,233.13,232.59,232.82,106069
2026-05-08 15:00:00,232.93,232.93,232.0,232.09,651434
2026-05-08 15:15:00,232.01,232.45,230.81,232.0,730200
2026-05-11 09:15:00,231.4,231.4,228.25,228.25,9419
2026-05-11 09:30:00,230.1,230.29,226.8,226.97,439286
2026-05-11 09:45:00,226.97,227.19,226.6,226.95,54913
2026-05-11 10:00:00,226.69,228.58,226.42,228.31,187771
2026-05-11 10:15:00,228.24,230.28,227.5,230.28,312604
2026-05-11 10:30:00,230.45,232.4,229.54,229.75,295499
2026-05-11 10:45:00,229.89,229.94,229.1,229.7,31257
2026-05-11 12:45:00,231.4,231.48,231.0,231.3,572641415
2026-05-11 13:00:00,231.3,231.5,230.88,231.35,1273271344
2026-05-11 13:15:00,231.35,231.46,230.4,230.72,1092239857
2026-05-11 13:30:00,230.51,230.51,229.72,229.8,405755001
2026-05-11 13:45:00,229.83,229.95,228.61,229.06,111772
2026-05-11 14:00:00,228.66,229.0,228.6,228.85,54651
2026-05-11 14:15:00,228.26,228.83,228.14,228.41,2059119911
2026-05-11 14:30:00,228.65,228.69,228.25,228.46,445649787
2026-05-11 14:45:00,228.25,228.75,228.08,228.58,2264964641
2026-05-11 15:00:00,228.52,228.54,227.5,227.5,90827
2026-05-11 15:15:00,226.95,230.01,226.92,228.8,2458225792
2026-05-12 09:15:00,230.2,230.2,224.7,224.85,84626626
2026-05-12 09:30:00,224.72,225.24,223.51,225.0,247172169
2026-05-12 09:45:00,225.07,225.68,224.87,225.01,339700240
2026-05-12 10:00:00,225.01,225.45,224.51,225.28,374161897
2026-05-12 10:15:00,225.28,228.83,225.21,227.48,683669650
2026-05-12 10:30:00,227.48,228.3,226.72,227.51,609916137
2026-05-12 10:45:00,227.25,227.38,226.5,227.01,603761688
2026-05-12 11:00:00,227.16,227.4,226.64,227.08,684688302
2026-05-12 11:15:00,227.08,227.29,226.81,226.89,683944496
2026-05-12 11:30:00,226.88,227.3,226.23,226.56,803526151
2026-05-12 11:45:00,226.56,226.56,225.5,225.55,1026768671
2026-05-12 12:00:00,225.55,225.65,224.53,224.6,1037051430
2026-05-12 12:15:00,224.6,225.08,224.1,224.39,1100792882
2026-05-12 12:30:00,224.39,224.39,223.15,223.72,617760476
2026-05-12 12:45:00,223.4,223.59,223.11,223.21,643355836
2026-05-12 13:00:00,223.21,223.48,222.6,223.38,1114825262
2026-05-12 13:15:00,223.38,223.77,222.61,222.86,1070278956
2026-05-12 13:30:00,222.86,223.24,222.04,222.3,1208637308
2026-05-12 13:45:00,222.3,222.75,221.6,221.61,1392220451
2026-05-12 14:00:00,221.61,221.87,220.27,220.54,1260880761
2026-05-12 14:15:00,220.57,221.49,220.31,220.63,1432180827
2026-05-12 14:30:00,220.62,220.9,219.59,220.6,1479493465
2026-05-12 14:45:00,220.6,220.63,219.5,219.58,1422233283
2026-05-12 15:00:00,219.61,219.61,218.5,219.15,1304137613
2026-05-12 15:15:00,219.0,219.6,218.38,219.0,1507966542
2026-05-13 09:15:00,219.8,226.0,219.8,224.25,103828453
2026-05-13 09:30:00,224.04,224.04,221.3,222.4,242028
2026-05-13 09:45:00,222.42,223.9,221.85,223.2,131848
2026-05-13 10:00:00,223.22,223.34,222.53,222.65,63708
2026-05-13 10:15:00,222.72,223.85,222.7,223.12,54010
2026-05-13 10:30:00,223.2,223.2,222.37,222.72,63890
2026-05-13 10:45:00,222.65,222.82,221.46,221.46,80954
2026-05-13 11:00:00,221.52,221.52,220.85,221.28,59047
2026-05-13 11:15:00,221.27,222.5,221.1,222.24,44692
2026-05-13 11:30:00,222.39,223.6,222.18,223.4,72152
2026-05-13 11:45:00,223.31,223.4,221.61,221.99,121803
2026-05-13 12:00:00,221.82,223.32,221.82,223.26,55864
2026-05-13 12:15:00,223.32,223.49,222.07,222.17,40047
2026-05-13 12:30:00,222.19,222.2,221.01,221.3,37004
2026-05-13 12:45:00,221.22,223.1,221.2,222.82,50126
2026-05-13 13:00:00,222.8,222.8,220.71,221.22,119244
2026-05-13 13:15:00,221.22,221.68,220.53,221.14,172696
2026-05-13 13:30:00,220.92,222.35,220.8,221.64,45578
2026-05-13 13:45:00,221.7,222.0,220.07,220.67,106706
2026-05-13 14:00:00,220.6,221.13,220.25,220.82,43909
2026-05-13 14:15:00,220.98,220.99,220.11,220.56,55916
2026-05-13 14:30:00,220.53,220.89,220.51,220.65,34992
2026-05-13 14:45:00,220.59,220.75,220.1,220.4,33089
2026-05-13 15:00:00,220.33,220.36,218.85,219.32,183863
2026-05-13 15:15:00,219.34,220.74,219.11,220.21,184031
2026-05-14 09:15:00,221.0,223.0,219.5,219.74,446281
2026-05-14 09:30:00,219.76,219.91,216.0,216.3,333584
2026-05-14 09:45:00,216.21,217.29,214.6,215.0,310576
2026-05-14 10:00:00,215.12,216.4,214.9,216.21,146886
2026-05-14 10:15:00,216.04,217.1,215.86,216.3,142371
2026-05-14 10:30:00,216.3,216.64,215.55,215.55,73700
2026-05-14 10:45:00,215.55,215.59,214.43,214.45,101295
2026-05-14 11:00:00,214.51,215.0,214.11,214.81,77142
2026-05-14 11:15:00,214.76,216.56,214.76,215.8,129728
2026-05-14 11:30:00,215.92,218.0,215.9,217.72,124311
2026-05-14 11:45:00,217.8,218.4,217.34,217.96,174042
2026-05-14 12:00:00,218.04,218.13,217.33,217.8,63591
2026-05-14 12:15:00,217.8,220.66,217.8,220.01,203911
2026-05-14 12:30:00,220.15,220.3,218.5,219.66,580553
2026-05-14 12:45:00,219.73,219.95,218.83,219.03,75217
2026-05-14 13:00:00,219.03,220.79,219.03,219.75,100006
2026-05-14 13:15:00,219.74,221.95,219.51,220.74,437510
2026-05-14 13:30:00,220.7,220.94,220.22,220.4,71002
2026-05-14 13:45:00,220.45,220.95,220.29,220.45,62771
2026-05-14 14:00:00,220.49,220.8,220.1,220.3,56007
2026-05-14 14:15:00,220.22,220.41,219.56,219.7,148844
2026-05-14 14:30:00,219.68,220.19,219.41,219.57,45251
2026-05-14 14:45:00,219.5,219.66,218.96,219.46,92708
2026-05-14 15:00:00,218.49,225.22,218.41,222.69,5082486187
2026-05-14 15:15:00,222.46,223.34,222.42,223.33,108734
2026-05-15 09:15:00,225.02,226.99,206.63,206.63,2218233574
2026-05-15 09:30:00,206.82,210.4,206.07,208.27,7299860426
2026-05-15 09:45:00,207.9,208.01,207.65,207.76,813483256
2026-05-15 10:00:00,207.76,208.81,207.01,208.11,7636502768
2026-05-15 10:15:00,208.19,209.79,207.96,209.78,5357367380
2026-05-15 10:30:00,209.77,211.6,209.77,211.16,9295649218
2026-05-15 10:45:00,211.11,211.18,208.78,209.22,7150177593
2026-05-15 11:30:00,208.22,208.22,208.01,208.12,914932788
2026-05-15 11:45:00,208.12,208.4,207.61,207.96,5181440548
2026-05-15 12:00:00,207.96,208.1,207.46,207.68,5917456960
2026-05-15 12:15:00,207.68,207.7,207.11,207.6,6044119893
2026-05-15 12:30:00,207.6,207.94,207.1,207.85,6291327202
2026-05-15 12:45:00,207.86,207.88,207.46,207.6,5791750078
2026-05-15 13:00:00,207.58,207.78,207.31,207.68,5917827824
2026-05-15 13:15:00,207.68,207.77,207.3,207.6,6045999649
2026-05-15 13:30:00,207.6,207.75,207.4,207.45,5829138248
2026-05-15 13:45:00,207.51,207.74,207.07,207.7,6349887784
2026-05-15 14:00:00,207.7,207.8,207.32,207.7,5665312387
2026-05-15 14:15:00,207.75,207.8,207.37,207.45,5586365519
2026-05-15 14:30:00,207.46,207.68,207.27,207.58,5811823066
2026-05-15 14:45:00,207.6,207.6,206.11,207.11,10412603262
2026-05-15 15:00:00,207.11,207.95,206.11,206.6,8116143485
2026-05-15 15:15:00,206.65,207.3,205.03,205.9,12657304471
2026-05-18 09:15:00,205.0,205.0,198.59,199.1,751070
2026-05-18 09:30:00,199.1,199.73,197.77,198.02,380751
2026-05-18 09:45:00,198.14,198.47,197.4,198.47,231346
2026-05-18 10:00:00,198.39,199.12,197.6,198.05,244029
2026-05-18 10:15:00,198.05,199.85,197.7,197.85,142946
2026-05-18 10:30:00,197.84,198.48,197.11,198.35,169231
2026-05-18 10:45:00,198.39,199.39,198.02,199.13,130123
2026-05-18 11:00:00,199.13,199.36,198.11,198.35,156919
2026-05-18 11:15:00,198.35,198.98,198.25,198.55,45083
2026-05-18 11:30:00,198.56,199.11,198.34,198.48,102064
2026-05-18 11:45:00,198.54,198.59,197.89,198.0,101951
2026-05-18 12:00:00,197.9,198.39,197.56,198.39,99768
2026-05-18 12:15:00,198.46,198.77,197.9,198.77,72597
2026-05-18 12:30:00,198.77,199.46,198.65,198.8,102089
2026-05-18 12:45:00,198.8,199.1,198.46,199.04,90844
2026-05-18 13:00:00,199.04,199.4,198.66,198.98,55031
2026-05-18 13:15:00,198.98,199.09,198.65,198.91,46963
2026-05-18 13:30:00,198.94,199.0,198.72,198.9,32502
2026-05-18 13:45:00,198.9,199.49,198.51,199.4,77880
2026-05-18 14:00:00,199.4,199.49,199.0,199.45,52375
2026-05-18 14:15:00,199.49,199.49,199.01,199.38,44831
2026-05-18 14:30:00,199.26,199.58,199.0,199.4,94150
2026-05-18 14:45:00,199.32,199.4,198.9,199.18,121009
2026-05-18 15:00:00,199.24,201.57,199.24,201.14,334764
2026-05-18 15:15:00,201.14,201.84,200.94,201.6,299043
2026-05-19 09:15:00,202.3,203.07,201.01,201.94,72506504
2026-05-19 09:30:00,201.94,202.27,200.5,201.82,197971006
2026-05-19 09:45:00,201.82,202.1,200.8,200.8,243233148
2026-05-19 10:00:00,200.86,202.14,200.73,201.9,281988214
2026-05-19 10:15:00,201.98,202.73,201.9,202.5,363063046
2026-05-19 10:30:00,202.55,203.0,202.23,202.79,371086191
2026-05-19 10:45:00,202.78,204.0,202.78,203.95,495948052
2026-05-19 11:00:00,203.95,204.13,203.5,203.5,495739972
2026-05-19 11:15:00,203.5,203.72,202.83,203.06,483164619
2026-05-19 11:30:00,203.15,203.6,202.8,203.51,492883751
2026-05-19 11:45:00,203.44,203.67,203.3,203.41,468422212
2026-05-19 12:00:00,203.41,203.5,203.05,203.23,483529890
2026-05-19 12:15:00,203.23,203.5,202.78,203.42,484400136
2026-05-19 12:30:00,203.39,203.8,203.14,203.15,497106582
2026-05-19 12:45:00,203.15,203.3,202.7,202.9,566827507
2026-05-19 13:00:00,202.95,202.95,202.59,202.69,561511804
2026-05-19 13:15:00,202.59,203.29,202.53,203.1,543274339
2026-05-19 13:30:00,203.1,203.15,202.51,202.51,533364713
2026-05-19 13:45:00,202.51,202.9,202.4,202.55,576519226
2026-05-19 14:00:00,202.55,203.33,202.55,202.85,668551558
2026-05-19 14:15:00,202.85,203.0,202.81,202.81,629076580
2026-05-19 14:30:00,202.87,202.87,201.92,202.2,649015420
2026-05-19 14:45:00,202.24,202.75,201.89,202.57,723708362
2026-05-19 15:00:00,202.57,202.9,202.27,202.57,713373783
2026-05-19 15:15:00,202.65,202.74,200.1,200.89,763773076
2026-05-20 09:15:00,199.6,199.71,198.02,198.7,48252492
2026-05-20 09:30:00,198.55,198.9,198.21,198.22,113690236
2026-05-20 09:45:00,198.41,199.31,198.39,199.17,154544197
2026-05-20 10:00:00,199.2,199.27,198.1,198.51,164435578
2026-05-20 10:15:00,198.5,198.93,198.08,198.42,195505035
2026-05-20 10:30:00,198.5,199.08,198.43,198.61,210756440
2026-05-20 10:45:00,198.61,198.98,198.35,198.95,242344857
2026-05-20 11:00:00,199.0,199.35,198.9,199.17,218347315
2026-05-20 11:15:00,199.17,199.18,198.5,199.13,273717750
2026-05-20 11:30:00,199.13,199.4,198.7,199.26,247993231
2026-05-20 11:45:00,199.26,199.9,199.21,199.6,356821886
2026-05-20 12:00:00,199.77,199.77,199.24,199.41,273796222
2026-05-20 12:15:00,199.41,200.65,199.25,200.29,388663723
2026-05-20 12:30:00,200.29,200.48,200.02,200.17,365957356
2026-05-20 12:45:00,200.17,200.5,200.02,200.41,369091346
2026-05-20 13:00:00,200.41,200.45,199.6,199.84,397695431
2026-05-20 13:15:00,199.84,199.99,199.4,199.4,363632219
2026-05-20 13:30:00,199.48,199.8,199.4,199.72,356108130
2026-05-20 13:45:00,199.72,200.0,199.41,199.93,401094617
2026-05-20 14:00:00,200.0,200.34,199.71,200.18,414805835
2026-05-20 14:15:00,200.18,200.49,200.0,200.37,381173094
2026-05-20 14:30:00,200.65,200.89,200.3,200.68,492498727
2026-05-20 14:45:00,200.68,201.4,200.55,201.12,514952962
2026-05-20 15:00:00,201.12,210.51,200.5,204.06,1935613555
2026-05-20 15:15:00,203.99,204.9,203.77,204.9,1108514628
2026-05-21 09:15:00,206.95,208.5,206.2,207.0,116017985
2026-05-21 09:30:00,207.0,207.61,206.8,207.35,212692278
2026-05-21 09:45:00,207.2,207.65,207.0,207.38,234765127
2026-05-21 10:00:00,207.38,207.98,207.18,207.41,265997998
2026-05-21 10:15:00,207.32,208.0,207.16,207.36,192567796
2026-05-21 10:30:00,207.37,207.4,206.8,207.27,372289558
2026-05-21 10:45:00,207.4,207.65,207.25,207.25,345098660
2026-05-21 11:00:00,207.25,207.41,206.85,206.85,380727923
2026-05-21 11:15:00,206.9,207.0,206.52,207.0,398860980
2026-05-21 11:30:00,207.0,207.0,206.72,206.87,371764333
2026-05-21 11:45:00,206.87,206.95,206.59,206.73,409702327
2026-05-21 12:00:00,206.78,206.98,206.68,206.87,338311459
2026-05-21 12:15:00,206.87,206.94,206.3,206.4,387705297
2026-05-21 12:30:00,206.4,206.49,205.79,205.97,483397978
2026-05-21 12:45:00,205.97,206.51,205.76,206.24,464087108
2026-05-21 13:00:00,206.24,206.6,205.82,206.39,487567803
2026-05-21 13:15:00,206.39,206.5,206.09,206.34,413238474
2026-05-21 13:30:00,206.47,206.85,206.3,206.74,448580671
2026-05-21 13:45:00,206.75,206.95,206.5,206.69,35404
2026-05-21 14:00:00,206.81,206.85,206.0,206.48,67353
2026-05-21 14:15:00,206.41,206.47,206.2,206.34,5680
2026-05-21 14:45:00,206.59,207.12,206.43,206.65,621091664
2026-05-21 15:00:00,206.65,207.37,206.0,206.2,722387701
2026-05-21 15:15:00,206.2,206.25,204.75,205.0,736999441
