datetime,open,high,low,close,volume
2026-02-01 09:15:00,445.1,445.95,441.5,442.0,53391
2026-02-01 09:25:00,442.0,444.4,441.3,443.65,23733
2026-02-01 09:35:00,443.45,444.9,443.45,444.0,20809
2026-02-01 09:45:00,444.0,444.5,443.05,443.95,15014
2026-02-01 09:55:00,444.05,444.05,441.4,443.5,35029
2026-02-01 10:05:00,443.5,444.7,443.0,444.65,58983
2026-02-01 10:15:00,445.0,449.35,444.95,448.9,155796
2026-02-01 10:25:00,448.85,449.25,446.5,446.95,72357
2026-02-01 10:35:00,446.95,447.55,444.5,445.45,52689
2026-02-01 10:45:00,445.45,446.0,445.4,446.0,15405
2026-02-01 10:55:00,446.0,446.8,446.0,446.65,19510
2026-02-01 11:05:00,446.65,447.0,446.35,446.7,20940
2026-02-01 11:15:00,446.7,446.75,443.15,444.0,40304
2026-02-01 11:25:00,443.55,444.45,440.6,441.0,37583
2026-02-01 11:35:00,440.85,442.0,439.0,439.4,44794
2026-02-01 11:45:00,439.4,439.9,433.95,437.1,88289
2026-02-01 11:55:00,437.4,437.7,432.6,432.7,65062
2026-02-01 12:05:00,432.7,435.0,432.7,433.55,19834
2026-02-01 12:15:00,433.05,433.1,430.3,431.5,39011
2026-02-01 12:25:00,431.5,431.85,422.6,424.55,92025
2026-02-01 12:35:00,424.95,428.95,424.65,428.7,50676
2026-02-01 12:45:00,428.1,432.75,427.4,432.25,35413
2026-02-01 12:55:00,432.25,433.3,431.65,432.5,19516
2026-02-01 13:05:00,432.8,432.95,432.25,432.65,10656
2026-02-01 13:15:00,432.65,433.45,432.6,433.2,9273
2026-02-01 13:25:00,433.2,433.45,432.85,433.0,19558
2026-02-01 13:35:00,433.0,433.3,432.35,433.0,7329
2026-02-01 13:45:00,433.0,435.0,432.7,432.85,32106
2026-02-01 13:55:00,433.0,433.8,432.8,433.0,7481
2026-02-01 14:05:00,433.0,433.45,432.5,433.45,5653
2026-02-01 14:15:00,433.5,433.55,433.0,433.0,8825
2026-02-01 14:25:00,433.0,433.45,432.75,433.3,3039
2026-02-01 14:35:00,433.3,433.3,433.0,433.0,17863
2026-02-01 14:45:00,433.15,433.25,432.65,433.0,10485
2026-02-01 14:55:00,433.2,433.9,433.0,433.25,25913
2026-02-01 15:05:00,433.25,433.25,431.25,431.9,29053
2026-02-01 15:15:00,432.1,432.1,429.1,431.0,144601
2026-02-01 15:25:00,431.0,431.5,431.0,431.15,22659
2026-02-02 09:15:00,430.85,431.8,421.15,422.4,84891
2026-02-02 09:25:00,422.45,425.0,421.6,424.15,52557
2026-02-02 09:35:00,424.15,425.0,422.6,422.7,30790
2026-02-02 09:45:00,422.35,425.55,422.35,425.55,28467
2026-02-02 09:55:00,425.55,425.55,423.1,423.8,27157
2026-02-02 10:05:00,423.85,424.9,423.1,424.65,16467
2026-02-02 10:15:00,424.8,424.9,422.75,423.0,19587
2026-02-02 10:25:00,423.0,423.8,422.2,423.0,16987
2026-02-02 10:35:00,422.9,423.2,417.95,419.8,61815
2026-02-02 10:45:00,419.8,419.8,418.05,418.3,16696
2026-02-02 10:55:00,418.3,418.3,417.0,417.45,25663
2026-02-02 11:05:00,417.4,417.45,415.5,416.7,19908
2026-02-02 11:15:00,416.7,416.95,415.6,415.9,24397
2026-02-02 11:25:00,415.9,418.15,415.6,417.8,11055
2026-02-02 11:35:00,418.0,418.1,416.45,417.6,19916
2026-02-02 11:45:00,417.75,418.1,416.65,417.15,8808
2026-02-02 11:55:00,417.15,419.25,416.9,418.2,16177
2026-02-02 12:05:00,418.2,419.1,417.85,419.1,22228
2026-02-02 12:15:00,419.0,419.75,418.9,419.75,9502
2026-02-02 12:25:00,419.8,421.5,419.2,420.55,10587
2026-02-02 12:35:00,420.55,420.6,419.4,419.95,8352
2026-02-02 12:45:00,419.95,420.25,419.25,419.55,5305
2026-02-02 12:55:00,419.55,419.6,418.6,419.0,27208
2026-02-02 13:05:00,419.0,422.0,419.0,421.8,27647
2026-02-02 13:15:00,421.8,422.5,421.0,422.1,13393
2026-02-02 13:25:00,422.0,423.8,421.8,423.75,18635
2026-02-02 13:35:00,423.8,424.65,422.85,424.6,13140
2026-02-02 13:45:00,424.6,425.2,424.05,424.95,13833
2026-02-02 13:55:00,425.0,425.5,424.0,424.25,16019
2026-02-02 14:05:00,424.25,424.8,424.0,424.8,15762
2026-02-02 14:15:00,424.8,425.0,424.15,424.7,7105
2026-02-02 14:25:00,424.7,426.4,424.55,425.65,21505
2026-02-02 14:35:00,425.65,425.8,424.65,425.3,17198
2026-02-02 14:45:00,425.3,426.9,425.1,426.5,17527
2026-02-02 14:55:00,426.5,429.5,426.5,429.5,29140
2026-02-02 15:05:00,429.5,430.0,429.15,429.75,46903
2026-02-02 15:15:00,429.7,432.0,429.7,432.0,61097
2026-02-02 15:25:00,431.9,433.0,431.85,431.9,36046
2026-02-03 09:15:00,440.0,444.95,434.0,434.15,105047
2026-02-03 09:25:00,435.0,435.05,432.3,432.55,53888
2026-02-03 09:35:00,432.55,433.0,431.4,431.7,27248
2026-02-03 09:45:00,431.6,432.1,429.15,430.0,41053
2026-02-03 09:55:00,430.35,431.6,429.4,431.3,34677
2026-02-03 10:05:00,431.1,431.5,429.85,430.65,25485
2026-02-03 10:15:00,431.0,432.3,430.1,432.0,12777
2026-02-03 10:25:00,432.0,432.8,430.5,431.05,24346
2026-02-03 10:35:00,431.05,431.65,429.8,430.3,24241
2026-02-03 10:45:00,430.3,430.6,429.0,429.5,14929
2026-02-03 10:55:00,429.5,430.95,429.3,430.65,16190
2026-02-03 11:05:00,430.65,431.45,430.2,431.05,12639
2026-02-03 11:15:00,431.05,432.7,431.0,432.3,22987
2026-02-03 11:25:00,432.3,435.0,432.3,434.45,38503
2026-02-03 11:35:00,434.45,434.85,433.0,433.85,43662
2026-02-03 11:45:00,433.85,434.0,432.8,433.05,31391
2026-02-03 11:55:00,433.05,434.35,430.6,430.6,29643
2026-02-03 12:05:00,430.6,431.25,428.6,430.25,89239
2026-02-03 12:15:00,430.25,430.6,429.1,429.1,18345
2026-02-03 12:25:00,429.3,430.35,429.05,430.2,9898
2026-02-03 12:35:00,430.2,430.75,429.55,430.7,10655
2026-02-03 12:45:00,430.7,432.25,430.15,431.5,21037
2026-02-03 12:55:00,431.5,431.95,430.7,430.75,9097
2026-02-03 13:05:00,430.75,432.05,430.25,430.4,27580
2026-02-03 13:15:00,430.4,431.5,429.5,430.05,29881
2026-02-03 13:25:00,430.05,431.0,429.55,430.3,20552
2026-02-03 13:35:00,430.3,432.4,430.0,432.25,40701
2026-02-03 13:45:00,432.2,433.25,431.6,433.25,40746
2026-02-03 13:55:00,433.0,433.4,431.7,433.15,26455
2026-02-03 14:05:00,433.15,433.85,432.4,433.65,26628
2026-02-03 14:15:00,433.65,433.85,432.85,432.85,25410
2026-02-03 14:25:00,432.9,433.4,432.5,432.85,25435
2026-02-03 14:35:00,433.25,433.4,432.2,432.2,22800
2026-02-03 14:45:00,432.2,432.4,431.2,431.55,42598
2026-02-03 14:55:00,431.65,432.85,430.9,431.3,40829
2026-02-03 15:05:00,431.3,431.75,430.2,430.5,53131
2026-02-03 15:15:00,430.65,431.3,429.5,430.65,58438
2026-02-03 15:25:00,430.5,431.45,430.2,430.7,36307
2026-02-04 09:15:00,432.8,436.15,430.3,435.0,50602
2026-02-04 09:25:00,434.55,435.4,433.35,433.95,22308
2026-02-04 09:35:00,434.0,434.7,432.7,433.95,19496
2026-02-04 09:45:00,433.95,434.15,433.05,433.3,11313
2026-02-04 09:55:00,433.25,433.95,433.0,433.95,9861
2026-02-04 10:05:00,433.95,435.75,433.65,434.55,33275
2026-02-04 10:15:00,434.6,435.0,432.7,432.7,17330
2026-02-04 10:25:00,432.7,433.35,432.1,432.95,15836
2026-02-04 10:35:00,432.95,433.3,432.3,432.6,17070
2026-02-04 10:45:00,432.55,433.2,432.0,432.7,13175
2026-02-04 10:55:00,432.7,433.05,430.95,431.55,14384
2026-02-04 11:05:00,431.65,432.2,431.2,431.2,11802
2026-02-04 11:15:00,431.2,432.0,430.75,431.25,9643
2026-02-04 11:25:00,431.4,431.85,430.15,430.5,9491
2026-02-04 11:35:00,430.8,431.3,430.5,431.0,5992
2026-02-04 11:45:00,431.0,431.3,430.45,430.9,9423
2026-02-04 11:55:00,430.95,432.0,430.95,431.65,5798
2026-02-04 12:05:00,431.6,432.75,431.4,432.35,6120
2026-02-04 12:15:00,432.35,432.9,431.9,432.2,10890
2026-02-04 12:25:00,432.2,432.7,432.05,432.5,6530
2026-02-04 12:35:00,432.4,432.95,432.15,432.75,3883
2026-02-04 12:45:00,432.95,432.95,432.1,432.25,3273
2026-02-04 12:55:00,432.25,432.9,432.0,432.65,4140
2026-02-04 13:05:00,432.65,433.0,432.4,432.7,8405
2026-02-04 13:15:00,432.75,433.0,431.7,431.75,10763
2026-02-04 13:25:00,431.75,432.65,431.75,431.9,14734
2026-02-04 13:35:00,431.9,432.65,431.75,432.15,9548
2026-02-04 13:45:00,432.15,432.4,430.5,430.6,11881
2026-02-04 13:55:00,430.65,436.7,430.65,436.2,117892
2026-02-04 14:05:00,436.25,438.35,434.4,437.2,81022
2026-02-04 14:15:00,437.45,438.5,437.25,437.4,19734
2026-02-04 14:25:00,437.65,438.4,437.2,438.4,11904
2026-02-04 14:35:00,438.3,440.0,438.0,438.6,46315
2026-02-04 14:45:00,438.6,438.9,437.45,437.65,11483
2026-02-04 14:55:00,437.65,438.5,437.2,437.85,17897
2026-02-04 15:05:00,437.85,439.2,437.35,438.2,29773
2026-02-04 15:15:00,438.2,438.5,437.45,437.95,35406
2026-02-04 15:25:00,438.0,438.0,437.6,437.9,16768
2026-02-05 09:15:00,436.05,438.2,433.9,434.0,40452
2026-02-05 09:25:00,433.95,434.4,433.0,433.0,27008
2026-02-05 09:35:00,433.05,433.2,431.25,431.6,23075
2026-02-05 09:45:00,431.6,431.8,430.3,430.3,26283
2026-02-05 09:55:00,430.3,431.15,429.25,430.0,24416
2026-02-05 10:05:00,430.0,430.25,429.1,430.15,21707
2026-02-05 10:15:00,429.95,430.3,429.0,430.2,26393
2026-02-05 10:25:00,430.2,431.1,429.4,429.6,14492
2026-02-05 10:35:00,429.55,429.8,428.35,428.6,19444
2026-02-05 10:45:00,428.6,429.1,427.6,428.2,16609
2026-02-05 10:55:00,428.05,428.55,427.8,428.5,6095
2026-02-05 11:05:00,428.5,429.25,428.05,428.55,10345
2026-02-05 11:15:00,428.8,429.05,427.8,428.1,12210
2026-02-05 11:25:00,428.1,429.15,427.85,428.8,5127
2026-02-05 11:35:00,428.7,429.3,428.0,428.0,8414
2026-02-05 11:45:00,428.0,428.15,425.3,426.45,33078
2026-02-05 11:55:00,426.75,426.95,425.8,425.95,32338
2026-02-05 12:05:00,425.95,426.2,425.1,425.3,18628
2026-02-05 12:15:00,425.3,426.0,424.3,424.9,26697
2026-02-05 12:25:00,424.65,425.35,424.1,424.45,19406
2026-02-05 12:35:00,424.4,425.0,423.6,424.2,30808
2026-02-05 12:45:00,424.15,424.7,424.15,424.45,7249
2026-02-05 12:55:00,424.45,424.9,424.0,424.5,17046
2026-02-05 13:05:00,424.5,425.6,424.5,424.75,9502
2026-02-05 13:15:00,424.65,428.05,424.4,426.7,68259
2026-02-05 13:25:00,427.0,427.1,425.35,426.15,29977
2026-02-05 13:35:00,426.1,426.85,426.1,426.35,16195
2026-02-05 13:45:00,426.4,430.55,426.05,430.0,107608
2026-02-05 13:55:00,430.0,430.45,427.45,429.8,58803
2026-02-05 14:05:00,429.75,429.75,427.3,427.7,48399
2026-02-05 14:15:00,427.9,427.9,427.25,427.7,7375
2026-02-05 14:25:00,427.7,429.2,427.6,429.0,9807
2026-02-05 14:35:00,429.05,429.7,428.75,429.4,10964
2026-02-05 14:45:00,429.3,429.8,428.35,428.8,19558
2026-02-05 14:55:00,428.8,429.2,428.05,428.1,28692
2026-02-05 15:05:00,428.05,429.1,427.65,427.65,67725
2026-02-05 15:15:00,427.65,427.75,425.05,426.05,73594
2026-02-05 15:25:00,426.0,427.45,426.0,427.0,16583
2026-02-06 09:15:00,427.45,431.9,423.6,431.35,60398
2026-02-06 09:25:00,431.35,434.9,431.35,432.4,66608
2026-02-06 09:35:00,432.4,435.95,432.15,435.35,105327
2026-02-06 09:45:00,435.35,439.0,435.3,436.4,202787
2026-02-06 09:55:00,436.4,437.4,436.0,436.7,62429
2026-02-06 10:05:00,436.7,436.7,431.1,431.6,152361
2026-02-06 10:15:00,431.75,432.35,430.05,431.8,43511
2026-02-06 10:25:00,431.8,433.1,430.05,430.6,41198
2026-02-06 10:35:00,430.6,431.4,429.4,429.95,28092
2026-02-06 10:45:00,429.85,431.25,429.85,430.5,11625
2026-02-06 10:55:00,430.5,432.75,430.5,432.55,18632
2026-02-06 11:05:00,432.75,432.95,430.0,432.95,89101
2026-02-06 11:15:00,433.0,434.3,432.65,433.7,19161
2026-02-06 11:25:00,433.7,434.3,433.15,434.3,15672
2026-02-06 11:35:00,434.15,435.0,433.4,433.55,16817
2026-02-06 11:45:00,433.5,435.0,433.25,434.65,15513
2026-02-06 11:55:00,434.4,435.0,433.7,434.5,12880
2026-02-06 12:05:00,434.15,434.5,433.5,433.55,13075
2026-02-06 12:15:00,433.55,434.0,432.5,432.7,8219
2026-02-06 12:25:00,432.7,433.8,432.55,432.6,8011
2026-02-06 12:35:00,432.55,434.1,432.55,432.95,16434
2026-02-06 12:45:00,432.65,433.15,432.15,432.25,9754
2026-02-06 12:55:00,432.25,433.0,431.7,432.15,15192
2026-02-06 13:05:00,432.15,432.85,432.1,432.3,5786
2026-02-06 13:15:00,432.3,432.5,431.85,432.25,8880
2026-02-06 13:25:00,432.25,433.0,432.25,432.45,5712
2026-02-06 13:35:00,432.45,433.8,432.45,433.3,6421
2026-02-06 13:45:00,433.3,433.85,432.1,433.45,20599
2026-02-06 13:55:00,433.45,433.8,433.0,433.65,10121
2026-02-06 14:05:00,433.65,434.1,431.0,431.45,34784
2026-02-06 14:15:00,431.2,432.05,430.7,430.9,19450
2026-02-06 14:25:00,430.7,431.0,429.95,430.0,20627
2026-02-06 14:35:00,429.95,430.35,429.7,429.8,15861
2026-02-06 14:45:00,429.95,430.65,428.35,429.2,28126
2026-02-06 14:55:00,429.2,429.45,427.6,428.0,35119
2026-02-06 15:05:00,427.95,428.85,427.95,428.4,36527
2026-02-06 15:15:00,428.45,428.75,427.3,427.55,94717
2026-02-06 15:25:00,427.95,428.45,427.4,428.0,41166
2026-02-09 09:15:00,434.0,434.8,430.0,433.6,44031
2026-02-09 09:25:00,433.6,434.5,432.45,432.45,29072
2026-02-09 09:35:00,432.45,432.85,431.6,432.3,9310
2026-02-09 09:45:00,432.3,432.5,432.0,432.45,6542
2026-02-09 09:55:00,432.45,433.0,432.1,433.0,7248
2026-02-09 10:05:00,433.0,433.9,432.1,432.6,16483
2026-02-09 10:15:00,432.6,433.85,432.25,432.85,93582
2026-02-09 10:25:00,432.85,435.65,432.3,433.4,76792
2026-02-09 10:35:00,433.4,433.95,432.95,433.4,12602
2026-02-09 10:45:00,433.4,433.8,432.5,433.45,6750
2026-02-09 10:55:00,433.45,433.9,432.75,433.6,11478
2026-02-09 11:05:00,433.6,434.85,433.2,433.45,25975
2026-02-09 11:15:00,433.45,433.7,433.35,433.65,1791
2026-02-09 11:25:00,433.65,433.65,433.05,433.55,4845
2026-02-09 11:35:00,433.55,433.65,433.2,433.3,2751
2026-02-09 11:45:00,433.3,433.75,433.15,433.4,6597
2026-02-09 11:55:00,433.4,433.6,432.5,432.85,8151
2026-02-09 12:05:00,432.7,435.0,432.7,434.0,47189
2026-02-09 12:15:00,434.0,436.65,433.75,436.15,38111
2026-02-09 12:25:00,436.15,436.5,434.85,435.15,13440
2026-02-09 12:35:00,435.15,435.9,434.45,434.45,11010
2026-02-09 12:45:00,434.45,435.65,434.4,434.75,9179
2026-02-09 12:55:00,434.75,436.0,434.75,435.5,10350
2026-02-09 13:05:00,435.5,436.0,434.8,435.1,17414
2026-02-09 13:15:00,435.1,435.1,434.45,434.45,3214
2026-02-09 13:25:00,434.5,435.35,434.25,435.35,8144
2026-02-09 13:35:00,435.35,435.5,434.85,434.95,4617
2026-02-09 13:45:00,435.0,435.5,434.5,435.5,18552
2026-02-09 13:55:00,435.5,436.3,435.1,435.7,22086
2026-02-09 14:05:00,435.8,441.0,435.7,440.0,105373
2026-02-09 14:15:00,440.05,440.8,438.85,440.5,42671
2026-02-09 14:25:00,440.75,446.25,440.0,445.05,153580
2026-02-09 14:35:00,445.0,445.95,445.0,445.25,34112
2026-02-09 14:45:00,445.25,446.0,445.0,445.35,25092
2026-02-09 14:55:00,445.35,445.75,445.0,445.55,26594
2026-02-09 15:05:00,445.55,446.5,444.5,444.8,57584
2026-02-09 15:15:00,444.75,445.8,443.45,444.65,72797
2026-02-09 15:25:00,444.65,445.0,443.75,444.0,27143
2026-02-10 09:15:00,448.0,448.0,442.95,444.95,83203
2026-02-10 09:25:00,444.95,446.2,443.9,445.45,48411
2026-02-10 09:35:00,445.15,445.8,443.45,445.75,22197
2026-02-10 09:45:00,445.75,445.95,442.3,443.05,27319
2026-02-10 09:55:00,442.95,443.75,441.5,442.45,25692
2026-02-10 10:05:00,442.45,443.0,441.55,441.9,44270
2026-02-10 10:15:00,441.9,444.55,440.75,443.0,57298
2026-02-10 10:25:00,443.0,444.4,442.75,444.3,21784
2026-02-10 10:35:00,444.9,444.9,442.05,442.65,18690
2026-02-10 10:45:00,442.65,442.85,441.0,441.5,24557
2026-02-10 10:55:00,441.5,442.15,440.5,441.15,32335
2026-02-10 11:05:00,441.9,442.9,440.7,442.9,47712
2026-02-10 11:15:00,442.9,443.55,441.5,442.2,34191
2026-02-10 11:25:00,442.2,443.2,442.2,442.85,15876
2026-02-10 11:35:00,442.85,442.9,442.65,442.9,6466
2026-02-10 11:45:00,442.9,444.05,441.4,441.5,37106
2026-02-10 11:55:00,441.5,441.5,441.05,441.5,16346
2026-02-10 12:05:00,441.5,442.4,441.2,442.1,15962
2026-02-10 12:15:00,442.1,442.1,441.05,441.05,28571
2026-02-10 12:25:00,441.05,441.95,441.05,441.5,14976
2026-02-10 12:35:00,441.85,441.85,441.2,441.2,3685
2026-02-10 12:45:00,441.2,442.45,441.15,442.2,10274
2026-02-10 12:55:00,442.2,442.2,441.2,441.7,6664
2026-02-10 13:05:00,441.7,442.95,441.6,442.6,20534
2026-02-10 13:15:00,442.6,443.65,442.1,443.5,20585
2026-02-10 13:25:00,443.6,444.0,443.25,443.8,14501
2026-02-10 13:35:00,443.8,444.25,443.05,444.25,14565
2026-02-10 13:45:00,444.25,444.45,443.4,443.5,15333
2026-02-10 13:55:00,443.6,444.8,443.2,444.8,12809
2026-02-10 14:05:00,444.8,445.75,444.0,445.15,39367
2026-02-10 14:15:00,445.15,447.3,445.15,447.1,35579
2026-02-10 14:25:00,447.1,448.75,446.75,447.65,78947
2026-02-10 14:35:00,447.65,449.5,445.4,448.85,100650
2026-02-10 14:45:00,449.0,454.1,448.8,453.75,141671
2026-02-10 14:55:00,452.85,455.95,452.4,455.0,131695
2026-02-10 15:05:00,455.0,455.0,452.5,452.85,61875
2026-02-10 15:15:00,452.85,453.6,452.75,453.25,88088
2026-02-10 15:25:00,453.3,454.55,453.25,453.55,59999
2026-02-11 09:15:00,457.65,458.0,446.5,446.95,199169
2026-02-11 09:25:00,446.95,453.15,446.95,451.9,137292
2026-02-11 09:35:00,451.6,452.6,450.15,450.4,75347
2026-02-11 09:45:00,450.4,453.0,450.05,453.0,46406
2026-02-11 09:55:00,452.8,454.3,452.05,452.8,48871
2026-02-11 10:05:00,453.1,455.7,452.85,455.45,105363
2026-02-11 10:15:00,455.45,457.75,455.35,457.4,110877
2026-02-11 10:25:00,457.65,460.0,456.15,458.1,102629
2026-02-11 10:35:00,458.1,462.95,457.7,461.1,118717
2026-02-11 10:45:00,461.3,464.5,460.05,460.8,122328
2026-02-11 10:55:00,460.5,461.7,459.15,461.5,44670
2026-02-11 11:05:00,461.5,462.45,460.15,460.85,41305
2026-02-11 11:15:00,461.3,463.0,461.1,462.4,59671
2026-02-11 11:25:00,462.4,463.0,461.65,462.0,73958
2026-02-11 11:35:00,462.0,463.25,461.75,462.25,28222
2026-02-11 11:45:00,462.05,462.55,460.0,461.2,41050
2026-02-11 11:55:00,461.2,462.1,461.2,461.7,20567
2026-02-11 12:05:00,461.7,462.0,461.0,461.65,23797
2026-02-11 12:15:00,461.6,461.85,460.35,461.15,37010
2026-02-11 12:25:00,461.5,461.75,460.3,460.3,8782
2026-02-11 12:35:00,460.95,461.1,459.3,460.0,66168
2026-02-11 12:45:00,460.0,460.15,459.3,459.45,11336
2026-02-11 12:55:00,459.7,459.9,459.1,459.5,6958
2026-02-11 13:05:00,459.5,461.75,459.25,460.55,28702
2026-02-11 13:15:00,460.55,461.85,460.25,461.8,18348
2026-02-11 13:25:00,461.8,463.3,461.25,463.3,30286
2026-02-11 13:35:00,463.3,465.5,462.6,465.5,54591
2026-02-11 13:45:00,465.5,466.1,464.0,465.3,70509
2026-02-11 13:55:00,465.0,468.0,464.6,467.25,84831
2026-02-11 14:05:00,467.25,468.2,466.05,467.0,72699
2026-02-11 14:15:00,467.0,467.1,462.4,464.0,78040
2026-02-11 14:25:00,464.0,464.0,462.7,463.35,15414
2026-02-11 14:35:00,463.25,463.35,461.3,461.8,26042
2026-02-11 14:45:00,461.8,462.2,460.6,460.9,24057
2026-02-11 14:55:00,460.7,462.5,460.7,461.4,22166
2026-02-11 15:05:00,461.55,462.25,459.55,462.0,55543
2026-02-11 15:15:00,461.9,468.0,461.9,467.25,181586
2026-02-11 15:25:00,467.75,469.0,466.2,469.0,89867
2026-02-12 09:15:00,466.8,466.85,460.95,461.55,66364
2026-02-12 09:25:00,461.6,461.6,456.6,457.5,75253
2026-02-12 09:35:00,457.55,458.9,455.15,457.5,63911
2026-02-12 09:45:00,457.5,460.2,457.45,460.0,41543
2026-02-12 09:55:00,460.05,460.2,459.0,459.55,26544
2026-02-12 10:05:00,459.55,459.7,457.6,459.05,18929
2026-02-12 10:15:00,459.05,459.45,458.15,458.5,8994
2026-02-12 10:25:00,458.7,459.1,457.4,457.5,10930
2026-02-12 10:35:00,457.5,458.3,456.1,456.15,39081
2026-02-12 10:45:00,456.1,457.5,455.35,456.45,33855
2026-02-12 10:55:00,456.45,457.85,456.0,457.75,26597
2026-02-12 11:05:00,457.4,457.7,455.5,455.55,22057
2026-02-12 11:15:00,455.5,456.9,455.2,456.0,24043
2026-02-12 11:25:00,456.0,456.75,456.0,456.55,9527
2026-02-12 11:35:00,456.55,458.7,456.35,458.7,19926
2026-02-12 11:45:00,459.0,459.3,457.95,458.35,9228
2026-02-12 11:55:00,458.35,459.0,458.0,458.7,4819
2026-02-12 12:05:00,458.7,459.4,458.4,459.0,5491
2026-02-12 12:15:00,459.0,462.8,458.55,462.0,36488
2026-02-12 12:25:00,462.0,463.35,461.05,462.4,44153
2026-02-12 12:35:00,462.4,462.6,459.1,459.5,14562
2026-02-12 12:45:00,459.5,459.75,458.8,459.3,4516
2026-02-12 12:55:00,459.3,459.3,458.2,458.45,5348
2026-02-12 13:05:00,458.95,458.95,458.0,458.65,4840
2026-02-12 13:15:00,458.65,461.9,458.65,461.3,24807
2026-02-12 13:25:00,461.3,461.3,459.6,460.35,12710
2026-02-12 13:35:00,460.5,460.75,458.8,459.8,16983
2026-02-12 13:45:00,459.8,461.8,459.35,460.0,39439
2026-02-12 13:55:00,460.0,461.05,460.0,460.5,13512
2026-02-12 14:05:00,460.5,461.0,460.0,460.0,11212
2026-02-12 14:15:00,460.0,460.75,459.3,460.15,25955
2026-02-12 14:25:00,460.05,460.75,459.15,460.0,18769
2026-02-12 14:35:00,460.0,460.75,458.8,459.6,75437
2026-02-12 14:45:00,459.6,459.9,458.1,459.6,14389
2026-02-12 14:55:00,459.6,459.95,458.75,459.7,22417
2026-02-12 15:05:00,459.55,461.6,459.0,460.75,50512
2026-02-12 15:15:00,460.5,460.75,458.65,458.95,65618
2026-02-12 15:25:00,458.8,460.45,458.65,460.0,21044
2026-02-13 09:15:00,457.0,457.75,452.7,453.65,62086
2026-02-13 09:25:00,453.65,455.35,451.5,451.8,93841
2026-02-13 09:35:00,451.8,452.45,449.45,451.05,43396
2026-02-13 09:45:00,451.05,452.8,449.2,452.6,16028
2026-02-13 09:55:00,452.2,452.25,451.05,451.85,14898
2026-02-13 10:05:00,451.85,452.3,451.55,451.55,8776
2026-02-13 10:15:00,451.65,452.8,451.05,452.8,8854
2026-02-13 10:25:00,453.1,453.6,452.25,453.3,10732
2026-02-13 10:35:00,453.3,454.0,452.9,453.7,7793
2026-02-13 10:45:00,453.7,453.7,452.15,452.95,6179
2026-02-13 10:55:00,452.95,453.0,452.0,452.15,1018
2026-02-13 11:05:00,452.15,453.5,452.0,452.3,4717
2026-02-13 11:15:00,452.3,452.7,452.0,452.05,2739
2026-02-13 11:25:00,452.05,452.1,451.9,451.9,4685
2026-02-13 11:35:00,451.95,452.15,451.5,452.15,2843
2026-02-13 11:45:00,452.15,453.05,452.15,452.6,1328
2026-02-13 11:55:00,452.6,453.6,452.3,452.5,3128
2026-02-13 12:05:00,452.5,453.8,452.2,453.7,3422
2026-02-13 12:15:00,453.7,453.7,453.05,453.1,1751
2026-02-13 12:25:00,453.1,455.5,453.05,454.1,13095
2026-02-13 12:35:00,454.1,456.35,454.1,455.65,11227
2026-02-13 12:45:00,455.65,456.25,455.35,455.8,13070
2026-02-13 12:55:00,455.8,456.0,455.05,455.05,9762
2026-02-13 13:05:00,455.05,456.0,454.5,455.7,5523
2026-02-13 13:15:00,455.7,455.7,454.5,455.0,4049
2026-02-13 13:25:00,455.0,455.55,454.7,454.7,4005
2026-02-13 13:35:00,454.7,455.5,454.5,455.25,2620
2026-02-13 13:45:00,455.25,455.25,454.05,454.05,7253
2026-02-13 13:55:00,454.05,454.35,453.25,453.85,11422
2026-02-13 14:05:00,453.85,453.85,453.1,453.75,5709
2026-02-13 14:15:00,453.75,454.4,453.5,454.4,1655
2026-02-13 14:25:00,454.4,457.6,454.25,456.9,23715
2026-02-13 14:35:00,456.95,457.3,455.1,456.1,18692
2026-02-13 14:45:00,456.1,456.1,453.5,453.9,18473
2026-02-13 14:55:00,453.9,454.65,453.05,453.35,25911
2026-02-13 15:05:00,453.4,454.45,452.25,453.6,45980
2026-02-13 15:15:00,453.6,454.25,452.0,454.05,98013
2026-02-13 15:25:00,454.0,456.5,454.0,455.0,21270
2026-02-16 09:15:00,453.65,453.65,448.3,452.35,42616
2026-02-16 09:25:00,452.35,452.75,450.05,452.75,23370
2026-02-16 09:35:00,452.45,453.0,449.6,449.85,12847
2026-02-16 09:45:00,449.6,449.95,448.95,449.55,13798
2026-02-16 09:55:00,449.55,451.35,449.2,449.9,16421
2026-02-16 10:05:00,449.9,451.0,449.7,450.85,8854
2026-02-16 10:15:00,450.85,450.85,449.75,450.5,3409
2026-02-16 10:25:00,449.9,450.25,449.5,450.2,7935
2026-02-16 10:35:00,450.2,450.25,449.55,449.8,2798
2026-02-16 10:45:00,449.8,450.5,449.55,449.55,3242
2026-02-16 10:55:00,449.55,450.25,449.5,449.5,15935
2026-02-16 11:05:00,449.5,449.65,447.8,448.55,41080
2026-02-16 11:15:00,448.55,449.2,448.2,448.85,3088
2026-02-16 11:25:00,448.85,449.45,448.55,448.85,4630
2026-02-16 11:35:00,448.85,449.1,448.5,448.75,1608
2026-02-16 11:45:00,448.4,449.0,448.3,448.35,6729
2026-02-16 11:55:00,448.35,449.3,448.3,448.95,4984
2026-02-16 12:05:00,448.95,449.2,448.35,448.95,3619
2026-02-16 12:15:00,448.95,450.8,448.35,449.95,21106
2026-02-16 12:25:00,449.95,450.4,449.8,450.0,828
2026-02-16 12:35:00,450.15,450.6,450.0,450.25,1235
2026-02-16 12:45:00,450.25,450.25,449.25,450.0,2910
2026-02-16 12:55:00,450.0,450.25,449.65,450.2,8275
2026-02-16 13:05:00,450.2,450.65,449.75,450.2,9524
2026-02-16 13:15:00,450.2,450.55,449.8,450.0,4530
2026-02-16 13:25:00,450.0,450.5,449.95,450.05,1234
2026-02-16 13:35:00,450.05,450.3,449.35,450.0,2274
2026-02-16 13:45:00,450.0,450.4,449.55,449.7,2161
2026-02-16 13:55:00,449.7,450.65,449.35,449.75,6590
2026-02-16 14:05:00,449.75,450.0,448.0,448.0,13621
2026-02-16 14:15:00,448.0,448.5,447.9,448.1,8829
2026-02-16 14:25:00,448.1,448.8,448.1,448.5,773
2026-02-16 14:35:00,448.5,449.0,447.8,448.3,25750
2026-02-16 14:45:00,448.3,448.85,447.25,448.0,27417
2026-02-16 14:55:00,448.0,448.0,447.0,447.15,11197
2026-02-16 15:05:00,447.15,448.4,447.15,447.6,17916
2026-02-16 15:15:00,447.6,447.7,446.0,446.4,23003
2026-02-16 15:25:00,446.4,446.65,446.0,446.55,12863
2026-02-17 09:15:00,446.45,448.4,443.5,446.95,40647
2026-02-17 09:25:00,446.85,448.7,446.3,448.1,8236
2026-02-17 09:35:00,448.1,450.0,447.8,449.45,18256
2026-02-17 09:45:00,449.45,451.8,449.45,451.7,19492
2026-02-17 09:55:00,451.3,452.4,451.1,451.1,7575
2026-02-17 10:05:00,451.1,452.3,451.1,452.0,6571
2026-02-17 10:15:00,452.0,452.25,451.55,451.85,6465
2026-02-17 10:25:00,451.85,452.85,451.35,451.7,9337
2026-02-17 10:35:00,451.7,452.6,451.55,451.7,5732
2026-02-17 10:45:00,451.65,452.4,450.6,450.6,11175
2026-02-17 10:55:00,450.6,451.4,450.45,451.0,4739
2026-02-17 11:05:00,451.0,451.2,450.65,450.9,2948
2026-02-17 11:15:00,450.9,451.2,450.45,450.45,4996
2026-02-17 11:25:00,450.45,450.95,450.3,450.8,3107
2026-02-17 11:35:00,450.8,450.85,450.05,450.85,2682
2026-02-17 11:45:00,450.85,451.9,450.8,451.45,8582
2026-02-17 11:55:00,451.45,451.45,449.1,450.0,20287
2026-02-17 12:05:00,450.0,450.65,449.6,449.9,2005
2026-02-17 12:15:00,449.9,452.9,449.85,451.8,12095
2026-02-17 12:25:00,451.8,451.95,450.65,451.45,5062
2026-02-17 12:35:00,451.45,451.9,450.9,451.6,6171
2026-02-17 12:45:00,451.45,452.0,451.05,451.95,7847
2026-02-17 12:55:00,451.95,452.0,450.7,451.3,3936
2026-02-17 13:05:00,451.3,451.3,450.1,450.5,3395
2026-02-17 13:15:00,450.5,450.95,450.35,450.75,11566
2026-02-17 13:25:00,450.75,451.0,450.5,450.65,3547
2026-02-17 13:35:00,450.65,450.8,450.25,450.4,3950
2026-02-17 13:45:00,450.4,451.0,450.4,450.65,4044
2026-02-17 13:55:00,450.65,451.6,450.3,450.95,11169
2026-02-17 14:05:00,450.95,451.2,450.55,450.55,6004
2026-02-17 14:15:00,450.55,450.8,449.1,449.85,24110
2026-02-17 14:25:00,449.85,450.25,449.6,449.85,1880
2026-02-17 14:35:00,449.85,450.85,449.7,450.8,16443
2026-02-17 14:45:00,450.8,451.4,450.8,451.3,9332
2026-02-17 14:55:00,451.3,452.65,450.5,452.55,31302
2026-02-17 15:05:00,452.55,453.8,452.05,453.4,61393
2026-02-17 15:15:00,453.4,454.95,453.05,454.1,50531
2026-02-17 15:25:00,453.65,456.8,453.5,456.0,52138
2026-02-18 09:15:00,455.0,464.5,453.1,460.95,63343
2026-02-18 09:25:00,460.95,462.85,456.25,456.5,49123
2026-02-18 09:35:00,456.85,457.6,455.1,456.95,39708
2026-02-18 09:45:00,456.95,457.55,455.3,455.85,14237
2026-02-18 09:55:00,455.85,456.6,455.05,455.3,15368
2026-02-18 10:05:00,455.3,456.15,454.8,455.5,10602
2026-02-18 10:15:00,455.5,457.0,455.5,456.65,11911
2026-02-18 10:25:00,456.65,456.65,455.1,455.65,6916
2026-02-18 10:35:00,455.65,456.3,454.0,454.0,14632
2026-02-18 10:45:00,454.0,455.05,453.8,454.75,10889
2026-02-18 10:55:00,454.75,454.75,453.5,454.2,10723
2026-02-18 11:05:00,454.2,454.9,453.5,453.5,9497
2026-02-18 11:15:00,453.5,454.45,452.9,453.2,26622
2026-02-18 11:25:00,453.2,453.2,452.2,452.7,19258
2026-02-18 11:35:00,452.7,453.5,452.55,452.65,2635
2026-02-18 11:45:00,452.65,452.95,452.0,452.6,6029
2026-02-18 11:55:00,452.6,453.1,452.35,452.5,2946
2026-02-18 12:05:00,452.5,453.4,452.35,453.3,6318
2026-02-18 12:15:00,453.3,454.15,453.0,453.45,11331
2026-02-18 12:25:00,453.45,454.0,453.45,453.65,3323
2026-02-18 12:35:00,453.65,455.1,453.65,454.35,5431
2026-02-18 12:45:00,454.35,454.55,454.35,454.4,4190
2026-02-18 12:55:00,454.4,455.4,454.1,454.5,7517
2026-02-18 13:05:00,454.25,454.85,454.05,454.85,4057
2026-02-18 13:15:00,454.85,455.1,454.2,454.8,3291
2026-02-18 13:25:00,454.8,455.5,454.55,455.05,8543
2026-02-18 13:35:00,455.7,455.7,454.7,455.05,5621
2026-02-18 13:45:00,455.05,455.5,454.65,455.35,7907
2026-02-18 13:55:00,455.45,455.75,454.85,455.35,18827
2026-02-18 14:05:00,455.35,455.9,454.8,455.25,3995
2026-02-18 14:15:00,455.45,456.3,455.45,455.75,6392
2026-02-18 14:25:00,455.75,456.85,455.65,456.7,15371
2026-02-18 14:35:00,456.85,457.7,456.15,457.05,14615
2026-02-18 14:45:00,457.3,457.4,456.5,456.85,10316
2026-02-18 14:55:00,457.0,458.4,456.35,458.0,33356
2026-02-18 15:05:00,458.15,459.2,457.75,458.95,31018
2026-02-18 15:15:00,458.95,460.6,458.55,459.0,91934
2026-02-18 15:25:00,459.0,461.0,458.2,459.2,75297
2026-02-19 09:15:00,461.0,461.5,456.0,457.15,35887
2026-02-19 09:25:00,457.45,457.45,453.2,453.8,19966
2026-02-19 09:35:00,453.8,454.2,453.1,453.4,17126
2026-02-19 09:45:00,453.4,454.7,453.1,453.7,7255
2026-02-19 09:55:00,453.4,454.15,453.2,454.15,9829
2026-02-19 10:05:00,454.15,454.15,453.5,453.9,6654
2026-02-19 10:15:00,453.8,454.15,453.6,453.85,2858
2026-02-19 10:25:00,453.85,454.25,453.6,453.85,2499
2026-02-19 10:35:00,453.85,454.05,452.9,453.6,20847
2026-02-19 10:45:00,453.6,453.6,452.25,452.3,10314
2026-02-19 10:55:00,452.3,452.8,452.3,452.5,8512
2026-02-19 11:05:00,452.5,452.8,452.5,452.5,2647
2026-02-19 11:15:00,452.5,452.7,452.1,452.4,10783
2026-02-19 11:25:00,452.4,452.9,452.25,452.65,4069
2026-02-19 11:35:00,452.65,452.65,452.2,452.2,1903
2026-02-19 11:45:00,452.2,452.5,452.1,452.2,7226
2026-02-19 11:55:00,452.2,452.35,451.25,451.5,9971
2026-02-19 12:05:00,451.4,451.45,449.5,449.5,21286
2026-02-19 12:15:00,449.5,450.7,449.0,450.7,19209
2026-02-19 12:25:00,450.65,451.45,450.0,450.2,12545
2026-02-19 12:35:00,450.2,450.55,449.7,449.7,6555
2026-02-19 12:45:00,449.7,450.1,449.5,449.75,6551
2026-02-19 12:55:00,449.75,449.95,449.75,449.75,3186
2026-02-19 13:05:00,449.75,450.85,449.75,450.55,5663
2026-02-19 13:15:00,450.5,450.95,450.15,450.4,3709
2026-02-19 13:25:00,450.9,454.0,450.0,453.6,26877
2026-02-19 13:35:00,453.6,455.85,453.6,455.2,55242
2026-02-19 13:45:00,455.2,459.35,455.0,458.45,96679
2026-02-19 13:55:00,458.65,461.0,458.5,460.0,74149
2026-02-19 14:05:00,460.0,460.55,459.55,460.05,38287
2026-02-19 14:15:00,460.05,461.65,459.8,461.4,25871
2026-02-19 14:25:00,461.4,461.65,461.2,461.35,48758
2026-02-19 14:35:00,461.35,461.9,461.35,461.35,36467
2026-02-19 14:45:00,461.35,461.55,459.4,459.4,36043
2026-02-19 14:55:00,459.4,460.65,458.05,459.3,65597
2026-02-19 15:05:00,459.1,460.75,456.1,457.0,71410
2026-02-19 15:15:00,457.0,460.95,454.45,454.45,108365
2026-02-19 15:25:00,454.5,456.75,453.25,453.8,21988
2026-02-20 09:15:00,458.7,458.7,452.25,454.7,36779
2026-02-20 09:25:00,454.05,456.15,451.05,456.05,54403
2026-02-20 09:35:00,456.05,456.7,455.15,456.15,16283
2026-02-20 09:45:00,456.25,456.95,454.8,455.1,12393
2026-02-20 09:55:00,455.1,455.85,454.2,454.95,9665
2026-02-20 10:05:00,454.95,454.95,453.2,453.7,44038
2026-02-20 10:15:00,453.7,455.55,453.1,454.35,16734
2026-02-20 10:25:00,454.5,455.45,454.45,454.65,2735
2026-02-20 10:35:00,454.65,455.55,454.5,455.5,2449
2026-02-20 10:45:00,455.5,455.5,454.25,454.25,4173
2026-02-20 10:55:00,454.25,454.85,453.35,453.5,6092
2026-02-20 11:05:00,453.5,453.85,453.05,453.05,2531
2026-02-20 11:15:00,453.05,454.9,453.05,454.9,8535
2026-02-20 11:25:00,454.9,455.1,454.3,454.65,1328
2026-02-20 11:35:00,454.65,455.3,454.45,455.1,1126
2026-02-20 11:45:00,455.1,456.45,454.45,456.3,5472
2026-02-20 11:55:00,456.2,456.9,455.55,456.05,5605
2026-02-20 12:05:00,456.05,456.35,455.4,456.35,2271
2026-02-20 12:15:00,456.35,457.9,456.05,457.05,14641
2026-02-20 12:25:00,457.05,457.45,455.6,455.85,6899
2026-02-20 12:35:00,455.85,457.2,455.85,456.45,6305
2026-02-20 12:45:00,456.45,456.45,455.0,455.8,14629
2026-02-20 12:55:00,455.8,456.05,454.05,455.35,5887
2026-02-20 13:05:00,455.35,455.35,453.55,454.3,7863
2026-02-20 13:15:00,454.3,454.3,453.35,453.6,8589
2026-02-20 13:25:00,453.6,454.6,453.35,454.6,6924
2026-02-20 13:35:00,454.6,454.65,454.25,454.4,3189
2026-02-20 13:45:00,454.4,454.65,454.15,454.5,1519
2026-02-20 13:55:00,454.5,454.75,454.1,454.4,3163
2026-02-20 14:05:00,454.4,455.45,454.0,454.0,7285
2026-02-20 14:15:00,454.0,454.5,453.5,453.95,3199
2026-02-20 14:25:00,453.95,453.95,453.35,453.35,2293
2026-02-20 14:35:00,453.35,454.2,453.35,454.0,9826
2026-02-20 14:45:00,454.0,454.6,453.6,453.6,4903
2026-02-20 14:55:00,454.0,454.1,453.15,453.5,13598
2026-02-20 15:05:00,453.5,454.8,453.45,454.65,26001
2026-02-20 15:15:00,454.6,454.8,454.6,454.7,35714
2026-02-20 15:25:00,454.7,455.0,454.6,455.0,26011
2026-02-23 09:15:00,457.6,460.35,454.85,460.1,48577
2026-02-23 09:25:00,460.0,461.4,454.6,455.3,23821
2026-02-23 09:35:00,455.3,455.9,453.85,453.95,35644
2026-02-23 09:45:00,453.8,455.3,453.8,454.65,12263
2026-02-23 09:55:00,454.65,455.8,454.65,455.1,8525
2026-02-23 10:05:00,455.05,455.35,453.5,453.7,32704
2026-02-23 10:15:00,454.25,456.6,454.2,455.95,40060
2026-02-23 10:25:00,455.55,456.3,455.35,455.35,8779
2026-02-23 10:35:00,455.35,455.5,454.55,454.55,8489
2026-02-23 10:45:00,454.55,456.15,454.25,456.05,8413
2026-02-23 10:55:00,455.7,455.9,454.4,455.0,11418
2026-02-23 11:05:00,455.0,455.5,454.5,455.25,4052
2026-02-23 11:15:00,455.25,455.25,454.3,454.8,9384
2026-02-23 11:25:00,454.55,455.0,454.45,454.95,4350
2026-02-23 11:35:00,454.95,455.25,454.55,454.75,3172
2026-02-23 11:45:00,454.7,454.95,454.2,454.9,9496
2026-02-23 11:55:00,454.95,455.2,454.75,455.0,6794
2026-02-23 12:05:00,455.0,455.15,454.4,454.8,8689
2026-02-23 12:15:00,454.8,455.15,454.5,454.8,3992
2026-02-23 12:25:00,455.0,455.1,454.65,454.65,2666
2026-02-23 12:35:00,454.65,455.0,454.4,454.95,4770
2026-02-23 12:45:00,454.95,455.0,452.0,453.3,157668
2026-02-23 12:55:00,453.3,454.3,452.5,453.8,13633
2026-02-23 13:05:00,453.8,454.3,452.5,452.9,9296
2026-02-23 13:15:00,452.9,453.3,452.6,453.3,1902
2026-02-23 13:25:00,453.3,454.25,453.1,454.25,3465
2026-02-23 13:35:00,454.25,454.8,453.95,454.05,5795
2026-02-23 13:45:00,454.05,454.6,454.0,454.35,3791
2026-02-23 13:55:00,454.0,454.5,453.9,454.2,7762
2026-02-23 14:05:00,454.2,454.7,454.2,454.4,3936
2026-02-23 14:15:00,454.4,454.65,454.25,454.65,5167
2026-02-23 14:25:00,454.65,454.8,454.0,454.75,9486
2026-02-23 14:35:00,454.55,454.8,454.1,454.4,5696
2026-02-23 14:45:00,454.7,455.45,454.35,454.35,18278
2026-02-23 14:55:00,454.35,455.45,454.15,455.0,16733
2026-02-23 15:05:00,455.0,455.3,454.65,454.8,27986
2026-02-23 15:15:00,454.85,455.45,454.35,454.4,40677
2026-02-23 15:25:00,454.1,454.9,453.0,453.8,35078
2026-02-24 09:15:00,452.2,457.9,452.2,454.6,33002
2026-02-24 09:25:00,454.7,455.8,452.75,452.8,24547
2026-02-24 09:35:00,452.8,454.8,452.8,453.2,18621
2026-02-24 09:45:00,453.3,454.85,453.3,453.9,8779
2026-02-24 09:55:00,453.9,454.45,453.6,453.95,9105
2026-02-24 10:05:00,454.1,455.15,454.1,455.15,7339
2026-02-24 10:15:00,455.6,456.85,455.6,456.3,18580
2026-02-24 10:25:00,456.3,457.5,455.8,457.3,11372
2026-02-24 10:35:00,457.05,457.8,456.85,457.2,16719
2026-02-24 10:45:00,457.2,457.75,456.85,457.75,11039
2026-02-24 10:55:00,457.75,458.5,457.4,457.75,21732
2026-02-24 11:05:00,457.75,458.0,457.0,457.95,9418
2026-02-24 11:15:00,457.95,457.95,457.2,457.55,5852
2026-02-24 11:25:00,457.55,458.0,457.4,457.4,5576
2026-02-24 11:35:00,457.4,457.7,457.15,457.2,3261
2026-02-24 11:45:00,457.2,457.2,454.45,454.75,15497
2026-02-24 11:55:00,454.75,455.35,454.15,454.9,10696
2026-02-24 12:05:00,454.9,455.15,454.05,454.2,7616
2026-02-24 12:15:00,454.2,454.25,454.0,454.05,11640
2026-02-24 12:25:00,454.05,454.55,454.05,454.25,5769
2026-02-24 12:35:00,454.25,455.3,453.1,453.15,15173
2026-02-24 12:45:00,453.15,453.75,452.3,453.65,15866
2026-02-24 12:55:00,453.65,454.55,453.0,454.55,20362
2026-02-24 13:05:00,454.55,454.6,454.0,454.35,3682
2026-02-24 13:15:00,454.35,454.75,453.65,453.85,11517
2026-02-24 13:25:00,453.85,454.45,453.15,453.5,7691
2026-02-24 13:35:00,453.7,454.3,453.35,453.9,6241
2026-02-24 13:45:00,453.9,453.9,453.3,453.3,10575
2026-02-24 13:55:00,453.3,456.05,453.3,455.65,12341
2026-02-24 14:05:00,455.65,456.9,455.05,456.7,8251
2026-02-24 14:15:00,456.7,456.85,456.4,456.7,9912
2026-02-24 14:25:00,456.7,457.4,456.6,457.0,18454
2026-02-24 14:35:00,457.0,457.75,456.9,457.4,17883
2026-02-24 14:45:00,457.4,458.0,456.6,457.35,13160
2026-02-24 14:55:00,457.35,457.8,457.0,457.15,16773
2026-02-24 15:05:00,457.15,457.9,457.15,457.4,20026
2026-02-24 15:15:00,457.4,459.0,457.3,458.05,44051
2026-02-24 15:25:00,458.0,459.0,457.65,458.05,20732
2026-02-25 09:15:00,458.45,459.4,455.85,457.7,43427
2026-02-25 09:25:00,457.7,458.1,456.45,456.95,24834
2026-02-25 09:35:00,457.05,457.4,456.1,457.05,20267
2026-02-25 09:45:00,457.05,457.4,456.4,456.8,12782
2026-02-25 09:55:00,456.8,458.1,456.7,458.0,14108
2026-02-25 10:05:00,458.0,458.9,457.95,458.5,15986
2026-02-25 10:15:00,458.7,459.2,458.2,458.55,18341
2026-02-25 10:25:00,458.5,458.75,458.4,458.7,7718
2026-02-25 10:35:00,458.7,458.7,458.4,458.5,6320
2026-02-25 10:45:00,458.5,458.7,458.4,458.6,6597
2026-02-25 10:55:00,458.6,459.0,458.45,459.0,9377
2026-02-25 11:05:00,459.0,459.9,459.0,459.85,23304
2026-02-25 11:15:00,459.85,459.85,456.0,457.35,37416
2026-02-25 11:25:00,457.35,457.7,456.2,456.2,26001
2026-02-25 11:35:00,456.1,457.25,456.1,456.5,6465
2026-02-25 11:45:00,456.5,457.0,456.25,456.25,3806
2026-02-25 11:55:00,456.25,456.65,455.7,455.75,38597
2026-02-25 12:05:00,455.75,458.6,455.5,457.85,45088
2026-02-25 12:15:00,457.85,457.85,457.0,457.2,8385
2026-02-25 12:25:00,457.2,457.3,456.6,456.75,6134
2026-02-25 12:35:00,456.75,457.0,456.5,456.6,5880
2026-02-25 12:45:00,456.6,456.75,456.0,456.75,9125
2026-02-25 12:55:00,456.65,457.75,456.5,457.65,12385
2026-02-25 13:05:00,457.65,457.85,456.8,457.0,9844
2026-02-25 13:15:00,456.8,457.75,456.5,457.25,10909
2026-02-25 13:25:00,457.25,457.4,456.75,457.1,4218
2026-02-25 13:35:00,457.1,457.4,456.05,456.05,14464
2026-02-25 13:45:00,456.05,458.5,456.05,458.5,32151
2026-02-25 13:55:00,458.5,458.5,458.05,458.05,8977
2026-02-25 14:05:00,458.05,458.2,458.0,458.0,8334
2026-02-25 14:15:00,458.0,459.4,458.0,459.05,13957
2026-02-25 14:25:00,459.05,459.45,458.7,458.7,7116
2026-02-25 14:35:00,458.7,460.05,458.45,460.0,19040
2026-02-25 14:45:00,460.15,461.5,458.8,459.5,31380
2026-02-25 14:55:00,459.5,460.3,459.0,459.0,20068
2026-02-25 15:05:00,459.0,459.25,458.35,458.95,31465
2026-02-25 15:15:00,459.0,459.0,458.1,458.5,51768
2026-02-25 15:25:00,458.2,460.35,458.1,458.5,30205
2026-02-26 09:15:00,458.95,464.1,457.85,461.0,34485
2026-02-26 09:25:00,460.75,461.1,459.45,459.45,14256
2026-02-26 09:35:00,459.45,459.65,458.15,459.35,16635
2026-02-26 09:45:00,459.35,459.85,458.7,459.05,9990
2026-02-26 09:55:00,459.05,459.05,458.25,458.25,8393
2026-02-26 10:05:00,458.25,458.95,458.25,458.5,7112
2026-02-26 10:15:00,458.5,459.45,458.2,459.1,11996
2026-02-26 10:25:00,459.1,459.65,458.7,459.2,10432
2026-02-26 10:35:00,459.4,459.5,459.15,459.15,3864
2026-02-26 10:45:00,459.15,459.5,458.8,459.4,8196
2026-02-26 10:55:00,459.4,460.45,458.95,459.8,12625
2026-02-26 11:05:00,459.8,461.4,459.7,460.95,13411
2026-02-26 11:15:00,460.85,461.0,459.6,460.0,16051
2026-02-26 11:25:00,460.0,460.05,457.5,460.0,19421
2026-02-26 11:35:00,459.7,460.0,458.65,458.65,17775
2026-02-26 11:45:00,458.65,459.9,458.15,458.6,14373
2026-02-26 11:55:00,458.6,459.5,458.6,459.2,10876
2026-02-26 12:05:00,459.2,460.0,458.9,459.1,8940
2026-02-26 12:15:00,458.9,459.6,457.0,457.95,30957
2026-02-26 12:25:00,457.6,458.9,457.5,458.3,13753
2026-02-26 12:35:00,458.3,458.65,457.5,458.2,26851
2026-02-26 12:45:00,458.45,458.65,458.1,458.2,4070
2026-02-26 12:55:00,458.2,458.2,457.15,457.85,7906
2026-02-26 13:05:00,458.35,458.35,457.5,457.75,3238
2026-02-26 13:15:00,457.5,457.55,456.5,457.1,7899
2026-02-26 13:25:00,457.1,457.75,456.5,457.75,4898
2026-02-26 13:35:00,457.75,458.25,457.5,458.15,6810
2026-02-26 13:45:00,458.15,458.4,457.4,457.45,2897
2026-02-26 13:55:00,457.45,457.8,457.35,457.35,5613
2026-02-26 14:05:00,457.35,457.7,457.0,457.4,5949
2026-02-26 14:15:00,457.4,457.95,457.35,457.45,4256
2026-02-26 14:25:00,457.45,457.75,457.0,457.3,9605
2026-02-26 14:35:00,457.3,458.35,457.3,458.35,6491
2026-02-26 14:45:00,458.35,458.65,457.95,458.65,12600
2026-02-26 14:55:00,458.65,458.95,458.0,458.35,16360
2026-02-26 15:05:00,458.3,459.4,458.25,458.65,16994
2026-02-26 15:15:00,458.85,459.0,458.5,458.8,24928
2026-02-26 15:25:00,458.8,459.5,457.95,457.95,14107
2026-02-27 09:15:00,460.05,461.95,455.8,459.2,24336
2026-02-27 09:25:00,459.2,459.25,456.4,456.4,14396
2026-02-27 09:35:00,456.4,457.2,455.6,456.0,11336
2026-02-27 09:45:00,456.0,456.8,455.6,456.45,7409
2026-02-27 09:55:00,456.15,456.6,455.5,456.6,9573
2026-02-27 10:05:00,456.25,456.45,455.35,456.1,9163
2026-02-27 10:15:00,456.1,456.25,455.65,455.85,4363
2026-02-27 10:25:00,455.85,456.45,455.5,456.35,6708
2026-02-27 10:35:00,456.35,456.45,455.1,455.3,3280
2026-02-27 10:45:00,455.1,457.2,455.05,456.35,33458
2026-02-27 10:55:00,456.35,459.45,456.35,459.15,29308
2026-02-27 11:05:00,459.15,459.15,458.15,458.7,5396
2026-02-27 11:15:00,458.7,459.85,458.55,459.1,10716
2026-02-27 11:25:00,459.1,459.45,458.0,458.0,4045
2026-02-27 11:35:00,458.0,458.5,457.55,457.85,3620
2026-02-27 11:45:00,457.85,459.65,457.55,459.6,5734
2026-02-27 11:55:00,459.6,459.8,458.1,458.1,15466
2026-02-27 12:05:00,458.1,459.2,457.8,459.2,3882
2026-02-27 12:15:00,459.2,459.4,458.8,458.9,3845
2026-02-27 12:25:00,458.9,461.05,458.6,460.95,13755
2026-02-27 12:35:00,460.95,461.75,460.4,461.1,12949
2026-02-27 12:45:00,461.1,461.95,460.7,461.05,8701
2026-02-27 12:55:00,461.05,461.3,460.8,461.3,5335
2026-02-27 13:05:00,461.3,461.55,461.05,461.35,4364
2026-02-27 13:15:00,461.15,461.35,460.85,460.85,2611
2026-02-27 13:25:00,460.85,463.4,460.85,461.65,35704
2026-02-27 13:35:00,461.9,463.2,461.25,462.8,22307
2026-02-27 13:45:00,462.8,463.4,462.5,463.3,10757
2026-02-27 13:55:00,463.35,463.6,463.0,463.4,8596
2026-02-27 14:05:00,463.4,463.65,463.15,463.55,10446
2026-02-27 14:15:00,463.55,463.55,463.1,463.3,9483
2026-02-27 14:25:00,463.2,463.5,461.0,461.15,26051
2026-02-27 14:35:00,461.75,462.7,461.75,462.5,12535
2026-02-27 14:45:00,462.5,463.0,462.35,462.5,14383
2026-02-27 14:55:00,462.5,464.4,462.25,462.85,47268
2026-02-27 15:05:00,462.85,462.85,460.3,461.3,39257
2026-02-27 15:15:00,461.3,461.55,459.55,459.9,52321
2026-02-27 15:25:00,459.9,460.8,457.0,457.95,26256
2026-03-02 09:15:00,442.05,454.2,442.05,453.15,119319
2026-03-02 09:25:00,453.0,455.0,452.0,454.5,51694
2026-03-02 09:35:00,454.5,456.7,453.95,456.25,47140
2026-03-02 09:45:00,456.25,457.7,455.2,455.45,28971
2026-03-02 09:55:00,455.45,456.85,455.1,455.45,27452
2026-03-02 10:05:00,455.8,456.15,454.35,456.15,32649
2026-03-02 10:15:00,456.45,457.85,455.3,456.05,21263
2026-03-02 10:25:00,456.05,456.05,454.0,454.55,14419
2026-03-02 10:35:00,454.6,455.6,454.45,454.95,7727
2026-03-02 10:45:00,454.95,454.95,453.8,454.05,26469
2026-03-02 10:55:00,454.45,454.45,453.0,453.75,20357
2026-03-02 11:05:00,453.75,453.75,452.15,452.5,23507
2026-03-02 11:15:00,452.5,452.55,450.0,450.3,70112
2026-03-02 11:25:00,450.15,451.9,450.15,451.5,13499
2026-03-02 11:35:00,451.25,452.0,450.15,450.8,24736
2026-03-02 11:45:00,450.8,451.35,449.5,450.0,30193
2026-03-02 11:55:00,450.0,450.2,449.5,450.15,36074
2026-03-02 12:05:00,449.9,450.45,449.2,449.65,29191
2026-03-02 12:15:00,449.65,449.7,448.95,449.35,20850
2026-03-02 12:25:00,449.1,450.15,449.1,450.0,8076
2026-03-02 12:35:00,449.75,450.0,448.8,448.8,25324
2026-03-02 12:45:00,448.85,449.2,448.05,449.2,12802
2026-03-02 12:55:00,449.2,449.8,448.25,448.6,42992
2026-03-02 13:05:00,448.3,448.6,447.0,447.1,8023
2026-03-02 13:15:00,447.1,447.8,447.0,447.1,6430
2026-03-02 13:25:00,447.1,447.4,446.8,447.05,13348
2026-03-02 13:35:00,446.8,447.1,446.4,446.6,7796
2026-03-02 13:45:00,446.8,446.8,445.5,445.95,11630
2026-03-02 13:55:00,445.8,447.5,445.0,447.35,15480
2026-03-02 14:05:00,447.0,448.65,446.45,448.4,8267
2026-03-02 14:15:00,448.4,448.7,448.0,448.2,8211
2026-03-02 14:25:00,448.0,448.2,446.6,448.0,7713
2026-03-02 14:35:00,448.05,449.5,447.8,448.3,11032
2026-03-02 14:45:00,448.35,448.65,447.15,447.75,10547
2026-03-02 14:55:00,447.55,447.85,446.05,446.7,8826
2026-03-02 15:05:00,446.7,448.1,446.5,448.1,23143
2026-03-02 15:15:00,448.05,449.7,447.9,448.6,31352
2026-03-02 15:25:00,448.75,449.8,446.3,446.3,14179
2026-03-04 09:15:00,440.0,440.0,432.0,433.65,93032
2026-03-04 09:25:00,433.6,434.25,428.45,429.35,79572
2026-03-04 09:35:00,429.35,431.2,429.0,430.6,30825
2026-03-04 09:45:00,430.4,431.15,429.3,430.0,35554
2026-03-04 09:55:00,430.0,430.3,428.5,430.1,20914
2026-03-04 10:05:00,430.0,431.9,429.5,431.7,13357
2026-03-04 10:15:00,431.7,431.95,430.9,431.6,23882
2026-03-04 10:25:00,431.35,431.75,431.05,431.7,6358
2026-03-04 10:35:00,431.5,432.0,430.5,430.5,13019
2026-03-04 10:45:00,430.5,431.85,430.35,430.4,15679
2026-03-04 10:55:00,430.4,432.7,430.25,432.3,10791
2026-03-04 11:05:00,432.0,434.0,431.8,432.55,15285
2026-03-04 11:15:00,432.5,432.55,432.05,432.15,7659
2026-03-04 11:25:00,432.2,432.35,430.45,430.85,17921
2026-03-04 11:35:00,430.85,431.25,430.65,430.65,7615
2026-03-04 11:45:00,430.65,431.5,430.65,431.15,5552
2026-03-04 11:55:00,431.15,431.4,430.7,431.2,10625
2026-03-04 12:05:00,431.2,431.45,429.5,429.6,19735
2026-03-04 12:15:00,429.6,429.9,429.25,429.6,10014
2026-03-04 12:25:00,429.6,429.8,429.05,429.4,20408
2026-03-04 12:35:00,429.4,429.95,429.0,429.2,10683
2026-03-04 12:45:00,429.1,429.65,429.0,429.05,3775
2026-03-04 12:55:00,429.05,429.65,429.05,429.55,7459
2026-03-04 13:05:00,429.55,430.6,429.2,430.35,3036
2026-03-04 13:15:00,430.45,431.5,430.0,431.25,18194
2026-03-04 13:25:00,431.5,433.75,431.15,433.1,33272
2026-03-04 13:35:00,433.0,433.4,431.5,432.3,17826
2026-03-04 13:45:00,432.3,432.7,431.35,431.8,14490
2026-03-04 13:55:00,431.65,433.5,431.65,433.25,17993
2026-03-04 14:05:00,433.4,433.85,432.75,433.4,39684
2026-03-04 14:15:00,433.45,433.7,432.9,433.55,15570
2026-03-04 14:25:00,433.6,433.6,432.9,432.9,11409
2026-03-04 14:35:00,432.9,434.2,432.9,434.0,16967
2026-03-04 14:45:00,434.0,434.1,432.8,433.7,15121
2026-03-04 14:55:00,434.0,434.25,430.7,432.25,37937
2026-03-04 15:05:00,432.25,432.5,431.0,431.05,64535
2026-03-04 15:15:00,431.05,431.9,430.0,430.1,85446
2026-03-04 15:25:00,430.1,432.0,430.0,432.0,28435
2026-03-05 09:15:00,432.0,434.0,426.1,430.3,80638
2026-03-05 09:25:00,430.3,430.8,428.5,428.5,18469
2026-03-05 09:35:00,428.5,429.05,427.6,428.1,28124
2026-03-05 09:45:00,428.1,429.45,427.75,429.05,13804
2026-03-05 09:55:00,429.1,429.3,428.0,428.15,8463
2026-03-05 10:05:00,428.15,429.2,427.3,427.3,9896
2026-03-05 10:15:00,427.3,427.85,427.1,427.35,4891
2026-03-05 10:25:00,427.35,427.8,427.0,427.2,6077
2026-03-05 10:35:00,427.2,428.75,427.05,427.95,11729
2026-03-05 10:45:00,427.95,428.1,427.4,427.65,3203
2026-03-05 10:55:00,427.65,428.15,427.5,427.7,5531
2026-03-05 11:05:00,427.75,428.5,427.75,427.75,2037
2026-03-05 11:15:00,427.75,428.3,427.75,428.3,1634
2026-03-05 11:25:00,428.15,428.4,427.6,427.85,5439
2026-03-05 11:35:00,427.85,427.85,425.7,426.0,23588
2026-03-05 11:45:00,426.0,426.1,425.25,425.7,12026
2026-03-05 11:55:00,425.7,426.45,425.45,426.45,7569
2026-03-05 12:05:00,426.45,427.6,426.35,427.4,9412
2026-03-05 12:15:00,427.4,427.9,427.0,427.6,7974
2026-03-05 12:25:00,427.6,428.55,427.35,427.6,4977
2026-03-05 12:35:00,427.6,428.0,427.55,427.95,2870
2026-03-05 12:45:00,427.95,428.5,427.7,428.5,807
2026-03-05 12:55:00,428.5,428.65,428.15,428.5,1621
2026-03-05 13:05:00,428.5,428.5,427.55,428.0,2549
2026-03-05 13:15:00,428.0,428.5,427.5,428.1,14608
2026-03-05 13:25:00,428.1,428.4,428.0,428.05,2157
2026-03-05 13:35:00,428.2,428.5,427.1,427.3,7557
2026-03-05 13:45:00,427.3,427.4,425.5,425.5,14118
2026-03-05 13:55:00,425.5,425.55,424.2,424.95,19812
2026-03-05 14:05:00,424.95,425.5,424.85,424.9,8799
2026-03-05 14:15:00,424.9,425.85,424.9,425.7,11058
2026-03-05 14:25:00,425.7,426.15,424.85,425.3,13858
2026-03-05 14:35:00,425.3,427.3,425.1,426.85,11096
2026-03-05 14:45:00,426.75,429.95,426.75,428.35,23054
2026-03-05 14:55:00,428.4,430.7,428.0,430.65,26873
2026-03-05 15:05:00,430.35,434.9,430.35,434.05,67306
2026-03-05 15:15:00,434.0,434.4,434.0,434.3,34809
2026-03-05 15:25:00,434.15,435.0,433.95,434.05,22580
2026-03-06 09:15:00,434.05,434.05,429.05,433.6,22773
2026-03-06 09:25:00,433.5,434.4,432.1,433.05,15211
2026-03-06 09:35:00,433.05,433.05,430.3,431.0,11179
2026-03-06 09:45:00,431.0,432.0,430.55,431.2,18199
2026-03-06 09:55:00,431.2,434.05,431.0,433.85,14164
2026-03-06 10:05:00,433.85,436.3,432.35,435.2,40871
2026-03-06 10:15:00,435.2,436.0,434.25,434.8,12061
2026-03-06 10:25:00,435.05,435.05,433.0,433.0,5917
2026-03-06 10:35:00,433.0,433.0,431.75,432.0,5257
2026-03-06 10:45:00,432.0,432.35,428.95,430.55,40717
2026-03-06 10:55:00,430.45,431.35,430.3,430.65,3395
2026-03-06 11:05:00,430.65,431.4,430.0,430.3,5680
2026-03-06 11:15:00,430.3,430.85,430.0,430.05,4947
2026-03-06 11:25:00,430.05,430.4,429.25,429.35,14104
2026-03-06 11:35:00,430.0,430.0,428.3,428.35,6873
2026-03-06 11:45:00,428.3,429.4,428.3,429.0,3235
2026-03-06 11:55:00,429.0,429.3,428.8,428.8,1890
2026-03-06 12:05:00,428.8,428.8,427.3,427.75,7873
2026-03-06 12:15:00,427.75,427.95,427.3,427.3,5380
2026-03-06 12:25:00,427.3,427.7,426.4,427.4,8623
2026-03-06 12:35:00,427.4,427.45,426.4,427.05,8996
2026-03-06 12:45:00,426.8,427.1,426.8,426.85,2506
2026-03-06 12:55:00,427.0,427.85,426.85,427.75,4555
2026-03-06 13:05:00,427.75,427.75,426.5,427.15,11556
2026-03-06 13:15:00,427.45,427.85,427.15,427.7,3035
2026-03-06 13:25:00,427.7,428.1,427.4,427.4,2531
2026-03-06 13:35:00,427.4,427.7,427.0,427.1,4136
2026-03-06 13:45:00,427.0,427.4,426.4,426.8,7733
2026-03-06 13:55:00,426.8,427.75,426.6,427.0,5712
2026-03-06 14:05:00,427.0,427.4,426.4,426.85,7868
2026-03-06 14:15:00,426.85,427.25,426.8,427.15,3634
2026-03-06 14:25:00,427.15,430.8,426.55,430.3,30674
2026-03-06 14:35:00,430.25,431.0,427.7,428.3,20061
2026-03-06 14:45:00,427.9,428.65,427.2,427.6,13064
2026-03-06 14:55:00,427.5,428.15,427.15,427.45,12382
2026-03-06 15:05:00,427.45,428.35,426.5,428.1,33265
2026-03-06 15:15:00,428.15,429.95,425.15,426.3,78981
2026-03-06 15:25:00,426.7,427.5,426.55,427.5,7990
2026-03-09 09:15:00,417.35,419.4,409.2,409.9,74937
2026-03-09 09:25:00,409.9,411.85,409.1,410.95,46440
2026-03-09 09:35:00,410.45,411.85,410.05,410.25,25101
2026-03-09 09:45:00,410.6,411.75,410.0,410.05,21723
2026-03-09 09:55:00,410.05,412.3,410.05,411.15,10943
2026-03-09 10:05:00,411.15,412.4,411.0,411.7,8755
2026-03-09 10:15:00,411.5,412.25,410.9,411.0,12400
2026-03-09 10:25:00,411.5,412.25,410.95,411.25,14829
2026-03-09 10:35:00,411.4,411.95,411.3,411.55,4175
2026-03-09 10:45:00,411.5,413.5,411.25,413.1,10105
2026-03-09 10:55:00,413.05,414.4,412.15,412.85,22682
2026-03-09 11:05:00,412.55,412.75,411.8,412.05,4116
2026-03-09 11:15:00,412.0,412.95,411.95,412.95,4813
2026-03-09 11:25:00,412.9,413.45,412.35,413.05,16859
2026-03-09 11:35:00,413.05,413.3,412.6,413.2,8009
2026-03-09 11:45:00,412.95,413.35,412.2,412.25,16680
2026-03-09 11:55:00,412.25,412.6,412.0,412.15,3565
2026-03-09 12:05:00,412.3,412.3,411.5,411.85,4673
2026-03-09 12:15:00,411.85,412.25,411.35,411.6,3183
2026-03-09 12:25:00,411.6,412.45,411.1,412.0,12705
2026-03-09 12:35:00,412.0,412.4,411.55,412.2,4649
2026-03-09 12:45:00,412.0,412.3,411.7,411.85,3459
2026-03-09 12:55:00,411.7,413.3,411.4,412.7,13723
2026-03-09 13:05:00,412.8,412.9,412.25,412.4,2711
2026-03-09 13:15:00,412.45,413.05,412.15,413.05,2772
2026-03-09 13:25:00,413.05,413.45,411.85,411.85,13967
2026-03-09 13:35:00,411.7,412.2,411.1,412.2,24940
2026-03-09 13:45:00,412.2,412.2,411.2,411.3,12326
2026-03-09 13:55:00,411.45,411.8,411.2,411.5,8996
2026-03-09 14:05:00,411.5,412.1,411.5,411.55,1315
2026-03-09 14:15:00,411.55,411.75,411.4,411.5,2511
2026-03-09 14:25:00,411.5,412.0,411.3,411.5,4153
2026-03-09 14:35:00,411.5,411.85,411.2,411.5,4500
2026-03-09 14:45:00,411.5,412.7,411.2,411.45,13065
2026-03-09 14:55:00,411.6,412.45,410.75,412.1,47372
2026-03-09 15:05:00,412.15,412.15,411.1,411.85,57140
2026-03-09 15:15:00,411.85,412.65,411.55,411.9,33187
2026-03-09 15:25:00,411.9,414.55,411.7,414.0,45454
2026-03-10 09:15:00,420.1,421.0,416.55,417.9,32783
2026-03-10 09:25:00,417.95,417.95,415.1,416.25,48590
2026-03-10 09:35:00,416.25,416.4,415.0,415.8,12968
2026-03-10 09:45:00,415.8,416.5,415.65,415.8,13216
2026-03-10 09:55:00,416.1,417.45,415.9,416.5,7431
2026-03-10 10:05:00,416.5,418.65,416.1,418.55,11977
2026-03-10 10:15:00,418.55,425.3,417.85,425.1,66746
2026-03-10 10:25:00,425.1,442.0,425.0,438.15,330765
2026-03-10 10:35:00,438.2,439.9,433.55,434.0,203911
2026-03-10 10:45:00,434.0,439.65,434.0,438.15,120755
2026-03-10 10:55:00,438.25,439.8,435.45,437.35,94490
2026-03-10 11:05:00,437.3,441.8,435.7,436.75,179389
2026-03-10 11:15:00,436.45,438.3,435.1,436.0,62803
2026-03-10 11:25:00,436.05,436.15,434.6,435.4,39438
2026-03-10 11:35:00,435.4,435.4,434.2,434.25,19744
2026-03-10 11:45:00,434.55,436.05,433.1,435.65,40897
2026-03-10 11:55:00,435.7,437.95,435.7,436.75,59342
2026-03-10 12:05:00,436.8,437.0,434.05,434.3,41340
2026-03-10 12:15:00,434.3,435.95,432.25,433.0,54271
2026-03-10 12:25:00,432.95,434.5,432.55,434.05,38479
2026-03-10 12:35:00,433.95,435.7,433.25,433.65,38160
2026-03-10 12:45:00,433.5,435.4,433.35,435.4,31942
2026-03-10 12:55:00,435.15,438.0,433.8,434.05,68228
2026-03-10 13:05:00,433.8,434.0,432.2,432.8,31141
2026-03-10 13:15:00,432.8,433.2,430.65,431.05,43162
2026-03-10 13:25:00,431.05,432.2,430.1,431.4,25983
2026-03-10 13:35:00,431.3,433.0,430.6,430.6,30654
2026-03-10 13:45:00,430.6,431.2,430.0,430.5,25043
2026-03-10 13:55:00,430.5,431.0,430.0,430.2,39303
2026-03-10 14:05:00,430.1,432.05,430.1,431.25,25635
2026-03-10 14:15:00,431.2,431.8,430.1,430.4,21352
2026-03-10 14:25:00,430.65,434.45,430.4,433.5,48624
2026-03-10 14:35:00,433.45,434.0,431.2,433.8,45834
2026-03-10 14:45:00,433.5,433.75,432.2,432.5,25439
2026-03-10 14:55:00,432.5,432.9,430.75,431.75,36949
2026-03-10 15:05:00,431.6,432.05,430.7,431.3,43758
2026-03-10 15:15:00,430.9,433.65,430.3,432.1,103668
2026-03-10 15:25:00,432.1,432.85,428.25,431.7,94820
2026-03-11 09:15:00,433.8,434.8,428.7,429.95,91701
2026-03-11 09:25:00,429.95,430.55,427.9,430.5,42311
2026-03-11 09:35:00,430.5,432.95,428.75,432.7,43214
2026-03-11 09:45:00,432.85,434.6,431.8,433.9,35653
2026-03-11 09:55:00,434.25,439.3,433.4,437.3,119152
2026-03-11 10:05:00,437.5,441.25,436.35,437.8,163423
2026-03-11 10:15:00,437.4,439.55,436.25,438.15,40841
2026-03-11 10:25:00,438.15,438.15,436.1,437.5,27861
2026-03-11 10:35:00,437.5,437.5,435.05,435.55,22649
2026-03-11 10:45:00,435.55,436.3,434.45,435.8,20982
2026-03-11 10:55:00,435.8,436.5,435.2,435.8,25276
2026-03-11 11:05:00,435.95,437.0,435.1,435.6,25552
2026-03-11 11:15:00,435.6,435.95,433.0,433.0,21100
2026-03-11 11:25:00,433.0,435.25,433.0,434.85,12286
2026-03-11 11:35:00,434.85,434.95,434.35,434.4,8984
2026-03-11 11:45:00,434.4,435.0,433.0,434.75,39433
2026-03-11 11:55:00,434.75,437.4,434.3,437.15,86272
2026-03-11 12:05:00,437.4,437.4,436.0,436.55,10745
2026-03-11 12:15:00,436.55,436.95,436.0,436.4,8576
2026-03-11 12:25:00,436.4,436.4,435.15,435.45,3820
2026-03-11 12:35:00,435.45,436.05,434.45,435.5,2867
2026-03-11 12:45:00,435.5,435.65,434.15,435.6,3885
2026-03-11 12:55:00,435.6,436.15,435.35,435.95,4558
2026-03-11 13:05:00,435.95,436.8,432.7,433.5,21679
2026-03-11 13:15:00,433.2,434.15,432.3,434.0,10060
2026-03-11 13:25:00,434.0,435.05,434.0,434.15,19259
2026-03-11 13:35:00,434.15,434.85,434.0,434.7,4901
2026-03-11 13:45:00,434.7,434.7,433.1,433.35,7018
2026-03-11 13:55:00,433.35,434.8,433.35,434.4,11280
2026-03-11 14:05:00,434.4,436.5,434.0,436.15,21921
2026-03-11 14:15:00,436.5,438.95,435.2,437.05,41978
2026-03-11 14:25:00,437.05,438.65,436.0,436.55,57716
2026-03-11 14:35:00,436.55,437.0,435.25,436.55,9658
2026-03-11 14:45:00,436.55,436.95,434.5,435.1,14980
2026-03-11 14:55:00,435.1,435.15,432.0,432.15,26161
2026-03-11 15:05:00,432.15,432.25,430.4,431.85,46532
2026-03-11 15:15:00,432.0,434.6,431.45,432.0,53456
2026-03-11 15:25:00,432.0,432.25,429.05,431.3,32616
2026-03-12 09:15:00,428.0,433.2,425.15,430.65,70444
2026-03-12 09:25:00,430.55,432.1,429.0,429.85,18095
2026-03-12 09:35:00,429.6,430.2,427.25,427.25,25018
2026-03-12 09:45:00,427.3,429.1,426.15,426.9,16786
2026-03-12 09:55:00,427.05,429.2,427.05,428.85,10942
2026-03-12 10:05:00,428.85,428.85,426.15,426.45,10096
2026-03-12 10:15:00,426.45,427.05,423.3,426.0,67013
2026-03-12 10:25:00,426.0,428.6,425.7,428.6,23362
2026-03-12 10:35:00,428.6,429.2,427.85,428.15,9390
2026-03-12 10:45:00,428.15,429.0,428.05,428.55,7080
2026-03-12 10:55:00,428.15,430.9,427.7,430.65,16459
2026-03-12 11:05:00,430.65,431.7,430.25,430.85,19639
2026-03-12 11:15:00,430.8,431.9,429.55,430.25,7072
2026-03-12 11:25:00,430.65,431.1,429.95,430.55,4464
2026-03-12 11:35:00,430.55,432.4,430.55,432.15,7652
2026-03-12 11:45:00,432.15,433.8,431.85,433.8,15936
2026-03-12 11:55:00,433.9,434.3,433.15,433.75,11963
2026-03-12 12:05:00,433.75,435.0,432.55,434.7,25061
2026-03-12 12:15:00,434.7,436.0,434.2,435.6,12412
2026-03-12 12:25:00,435.5,435.55,433.6,434.0,10970
2026-03-12 12:35:00,433.6,433.65,433.15,433.4,2735
2026-03-12 12:45:00,433.4,434.5,433.1,433.9,7377
2026-03-12 12:55:00,433.9,434.05,433.05,433.85,2543
2026-03-12 13:05:00,433.85,434.5,433.0,434.15,3821
2026-03-12 13:15:00,434.15,435.0,434.15,434.45,7330
2026-03-12 13:25:00,434.45,435.95,434.35,435.95,17207
2026-03-12 13:35:00,435.95,436.8,435.45,436.7,14989
2026-03-12 13:45:00,436.8,436.95,435.2,435.4,12915
2026-03-12 13:55:00,435.4,435.5,434.3,434.75,8888
2026-03-12 14:05:00,434.8,435.45,433.75,435.4,12835
2026-03-12 14:15:00,435.4,436.0,435.2,435.5,19117
2026-03-12 14:25:00,435.5,436.0,435.0,435.75,4958
2026-03-12 14:35:00,435.75,435.75,434.7,434.8,4707
2026-03-12 14:45:00,434.75,435.0,433.0,434.3,20649
2026-03-12 14:55:00,434.3,435.0,433.3,434.15,17522
2026-03-12 15:05:00,434.15,435.1,433.3,435.05,34341
2026-03-12 15:15:00,434.95,435.95,433.2,433.8,51478
2026-03-12 15:25:00,433.8,435.0,431.6,432.5,58421
2026-03-13 09:15:00,432.65,435.8,429.0,433.25,70884
2026-03-13 09:25:00,432.95,436.8,431.4,431.4,67177
2026-03-13 09:35:00,431.2,431.65,429.0,429.3,46044
2026-03-13 09:45:00,429.15,429.15,424.5,425.0,69088
2026-03-13 09:55:00,425.0,425.5,422.1,422.25,24892
2026-03-13 10:05:00,422.2,422.9,420.35,421.0,24955
2026-03-13 10:15:00,421.0,421.65,419.15,419.15,31893
2026-03-13 10:25:00,419.75,422.25,419.1,420.95,12493
2026-03-13 10:35:00,420.95,421.05,420.05,420.65,10986
2026-03-13 10:45:00,420.65,422.95,420.0,421.9,18387
2026-03-13 10:55:00,421.9,421.9,420.6,420.85,8797
2026-03-13 11:05:00,420.8,420.8,419.7,420.15,8628
2026-03-13 11:15:00,420.15,420.45,418.7,419.65,9345
2026-03-13 11:25:00,419.65,421.85,419.3,420.05,24604
2026-03-13 11:35:00,420.05,421.3,419.9,420.05,19511
2026-03-13 11:45:00,420.05,420.05,419.0,419.05,12404
2026-03-13 11:55:00,419.05,419.05,418.0,418.6,11949
2026-03-13 12:05:00,418.6,418.8,418.15,418.75,9021
2026-03-13 12:15:00,418.5,418.5,416.5,417.1,16280
2026-03-13 12:25:00,416.8,418.2,416.0,416.0,13012
2026-03-13 12:35:00,416.0,416.65,415.4,416.2,7595
2026-03-13 12:45:00,416.2,416.8,416.0,416.2,9599
2026-03-13 12:55:00,416.2,416.2,415.05,415.85,7369
2026-03-13 13:05:00,415.85,416.2,415.05,415.7,8858
2026-03-13 13:15:00,415.7,416.0,414.4,414.75,15527
2026-03-13 13:25:00,414.75,416.4,414.75,415.45,11510
2026-03-13 13:35:00,415.4,415.9,414.85,415.55,6184
2026-03-13 13:45:00,415.55,415.55,413.15,414.35,17045
2026-03-13 13:55:00,414.35,414.8,413.5,413.6,9430
2026-03-13 14:05:00,413.6,416.1,413.6,416.1,15672
2026-03-13 14:15:00,416.1,417.9,415.3,416.6,46061
2026-03-13 14:25:00,416.55,417.8,416.0,417.7,13483
2026-03-13 14:35:00,417.7,417.7,416.1,417.45,16587
2026-03-13 14:45:00,417.7,418.0,416.0,416.4,23233
2026-03-13 14:55:00,416.4,417.0,415.85,416.2,15553
2026-03-13 15:05:00,416.2,416.65,414.1,415.05,33029
2026-03-13 15:15:00,415.3,416.45,414.9,416.2,53147
2026-03-13 15:25:00,416.6,416.7,415.0,415.35,28301
2026-03-16 09:15:00,413.8,414.3,406.0,408.3,71703
2026-03-16 09:25:00,408.3,411.45,407.05,408.85,31107
2026-03-16 09:35:00,408.75,410.55,408.4,409.4,15792
2026-03-16 09:45:00,409.4,410.2,407.6,408.2,17413
2026-03-16 09:55:00,408.2,409.0,407.0,408.8,26307
2026-03-16 10:05:00,408.75,410.05,406.1,406.15,26532
2026-03-16 10:15:00,406.15,406.4,404.35,405.0,28751
2026-03-16 10:25:00,405.0,405.5,401.55,404.0,78515
2026-03-16 10:35:00,404.0,404.4,403.15,403.6,6479
2026-03-16 10:45:00,403.6,403.6,401.55,401.6,14967
2026-03-16 10:55:00,401.4,403.45,400.7,400.7,33705
2026-03-16 11:05:00,400.7,402.0,399.75,400.25,76593
2026-03-16 11:15:00,400.25,402.85,400.25,402.45,18118
2026-03-16 11:25:00,402.45,402.95,401.65,402.3,17733
2026-03-16 11:35:00,402.3,402.85,401.9,402.6,7762
2026-03-16 11:45:00,402.6,405.4,402.5,404.35,45477
2026-03-16 11:55:00,404.35,404.95,403.4,404.15,11074
2026-03-16 12:05:00,404.15,404.2,402.95,403.2,8048
2026-03-16 12:15:00,403.2,403.2,402.05,403.15,4225
2026-03-16 12:25:00,403.45,404.3,402.35,402.7,7827
2026-03-16 12:35:00,402.7,403.85,402.1,402.7,6533
2026-03-16 12:45:00,402.7,402.7,401.5,402.7,6304
2026-03-16 12:55:00,402.7,403.0,401.55,402.15,4122
2026-03-16 13:05:00,401.15,402.6,400.2,401.3,14592
2026-03-16 13:15:00,401.3,404.0,401.3,402.85,11352
2026-03-16 13:25:00,403.0,403.0,402.0,402.6,4592
2026-03-16 13:35:00,402.6,406.8,402.6,405.2,40033
2026-03-16 13:45:00,405.9,407.8,405.65,407.5,14641
2026-03-16 13:55:00,407.85,408.55,407.25,407.65,14493
2026-03-16 14:05:00,407.8,408.3,407.3,407.8,8796
2026-03-16 14:15:00,407.8,410.25,407.55,409.05,27125
2026-03-16 14:25:00,409.05,411.3,408.25,411.25,40557
2026-03-16 14:35:00,411.5,412.3,410.5,412.3,28552
2026-03-16 14:45:00,412.35,412.9,411.6,412.4,16860
2026-03-16 14:55:00,412.3,413.35,411.65,412.0,70734
2026-03-16 15:05:00,412.0,413.75,412.0,413.6,30349
2026-03-16 15:15:00,413.4,414.55,413.35,414.15,41122
2026-03-16 15:25:00,414.0,414.2,414.0,414.0,27729
2026-03-17 09:15:00,416.65,416.65,409.7,411.9,47168
2026-03-17 09:25:00,411.4,412.55,410.05,411.95,37018
2026-03-17 09:35:00,411.95,414.5,411.65,413.75,23001
2026-03-17 09:45:00,413.75,413.9,412.65,413.2,11398
2026-03-17 09:55:00,413.2,416.95,412.55,416.95,28148
2026-03-17 10:05:00,416.95,418.1,415.0,416.95,46053
2026-03-17 10:15:00,417.0,420.0,416.85,419.0,30309
2026-03-17 10:25:00,420.4,420.6,417.0,417.35,32922
2026-03-17 10:35:00,417.35,421.6,416.2,421.2,29158
2026-03-17 10:45:00,421.55,425.0,420.6,422.55,62187
2026-03-17 10:55:00,422.4,425.5,420.25,424.55,76111
2026-03-17 11:05:00,424.4,424.75,422.35,422.35,27365
2026-03-17 11:15:00,422.35,422.9,420.8,421.75,56221
2026-03-17 11:25:00,421.75,423.35,420.8,423.35,16050
2026-03-17 11:35:00,423.35,423.35,421.95,422.0,10423
2026-03-17 11:45:00,422.0,423.35,421.6,422.6,12730
2026-03-17 11:55:00,422.6,423.65,421.25,423.65,7441
2026-03-17 12:05:00,423.65,426.85,423.0,426.2,23047
2026-03-17 12:15:00,426.2,432.0,426.1,426.75,163917
2026-03-17 12:25:00,426.3,427.5,424.85,425.75,35931
2026-03-17 12:35:00,425.55,426.5,424.25,425.4,11866
2026-03-17 12:45:00,425.6,427.15,424.15,424.35,14156
2026-03-17 12:55:00,424.5,426.45,424.35,425.45,20666
2026-03-17 13:05:00,425.5,426.85,425.5,426.2,8342
2026-03-17 13:15:00,426.6,426.85,426.0,426.0,4336
2026-03-17 13:25:00,426.25,426.5,422.2,423.1,28495
2026-03-17 13:35:00,423.1,423.25,422.0,423.0,33585
2026-03-17 13:45:00,423.0,425.65,423.0,425.0,38680
2026-03-17 13:55:00,425.0,425.0,424.0,424.55,4246
2026-03-17 14:05:00,424.55,424.85,424.0,424.8,7661
2026-03-17 14:15:00,424.85,426.3,423.8,424.5,23315
2026-03-17 14:25:00,424.2,424.95,423.9,424.55,8075
2026-03-17 14:35:00,424.55,428.0,424.5,427.2,43304
2026-03-17 14:45:00,427.15,427.95,426.9,427.3,15860
2026-03-17 14:55:00,427.3,428.1,426.0,426.7,48358
2026-03-17 15:05:00,427.4,428.05,426.35,427.3,45154
2026-03-17 15:15:00,427.1,430.45,427.0,429.65,87981
2026-03-17 15:25:00,430.75,432.2,429.45,430.5,60330
2026-03-18 09:15:00,429.8,430.8,427.0,429.25,23315
2026-03-18 09:25:00,429.25,433.1,429.25,432.6,30992
2026-03-18 09:35:00,433.0,439.8,433.0,438.35,154030
2026-03-18 09:45:00,438.35,439.65,436.15,438.0,106069
2026-03-18 09:55:00,438.0,438.25,435.45,435.5,32857
2026-03-18 10:05:00,435.5,435.5,434.45,434.75,24008
2026-03-18 10:15:00,434.85,435.7,434.6,435.4,11516
2026-03-18 10:25:00,435.4,436.1,434.5,434.65,11251
2026-03-18 10:35:00,434.65,434.65,433.1,433.85,11759
2026-03-18 10:45:00,433.85,435.2,433.8,434.95,16641
2026-03-18 10:55:00,434.95,435.8,433.4,433.75,8521
2026-03-18 11:05:00,433.7,434.3,433.35,434.05,11743
2026-03-18 11:15:00,434.05,434.35,433.2,434.25,7435
2026-03-18 11:25:00,434.25,434.4,433.45,433.7,3777
2026-03-18 11:35:00,433.7,435.4,433.35,435.0,19721
2026-03-18 11:45:00,435.0,438.05,434.5,436.7,54605
2026-03-18 11:55:00,436.7,436.75,435.4,436.15,15830
2026-03-18 12:05:00,436.15,436.65,435.55,436.45,11671
2026-03-18 12:15:00,436.45,437.95,436.05,437.1,5686
2026-03-18 12:25:00,437.1,437.1,435.9,436.25,4106
2026-03-18 12:35:00,436.25,437.25,435.9,437.25,4416
2026-03-18 12:45:00,437.25,437.25,435.7,436.9,28338
2026-03-18 12:55:00,436.9,436.9,435.4,436.1,48246
2026-03-18 13:05:00,436.1,436.95,435.8,436.7,8227
2026-03-18 13:15:00,436.7,437.2,436.45,436.7,3763
2026-03-18 13:25:00,436.7,436.85,436.25,436.35,3072
2026-03-18 13:35:00,436.65,437.05,436.2,436.65,6398
2026-03-18 13:45:00,437.0,437.0,436.05,436.8,5645
2026-03-18 13:55:00,436.8,438.05,436.6,437.15,19214
2026-03-18 14:05:00,437.25,438.55,437.25,438.0,11659
2026-03-18 14:15:00,438.1,439.65,437.8,439.6,24399
2026-03-18 14:25:00,439.6,442.5,439.1,440.05,89793
2026-03-18 14:35:00,440.4,441.4,439.25,439.25,31184
2026-03-18 14:45:00,439.3,441.1,438.95,439.55,52029
2026-03-18 14:55:00,439.15,439.85,438.05,438.7,12393
2026-03-18 15:05:00,438.7,439.05,438.0,438.65,28301
2026-03-18 15:15:00,438.65,442.9,437.0,439.0,112434
2026-03-18 15:25:00,439.0,440.0,438.9,439.5,25076
2026-03-19 09:15:00,429.9,433.65,428.1,432.8,83790
2026-03-19 09:25:00,432.8,433.9,430.4,430.9,27053
2026-03-19 09:35:00,430.9,431.85,430.45,430.8,9542
2026-03-19 09:45:00,430.8,432.5,429.7,431.0,19108
2026-03-19 09:55:00,430.4,432.1,430.4,431.3,5323
2026-03-19 10:05:00,431.3,431.9,430.5,430.95,3300
2026-03-19 10:15:00,430.75,430.75,430.1,430.6,7946
2026-03-19 10:25:00,430.6,432.4,430.55,431.65,3986
2026-03-19 10:35:00,431.65,431.65,430.1,430.95,7920
2026-03-19 10:45:00,430.95,431.4,430.35,430.55,2281
2026-03-19 10:55:00,430.55,431.1,429.5,429.65,9523
2026-03-19 11:05:00,429.65,430.0,429.1,429.95,6118
2026-03-19 11:15:00,429.95,430.85,429.35,430.2,4177
2026-03-19 11:25:00,430.2,430.2,428.8,429.5,3276
2026-03-19 11:35:00,429.55,429.9,429.2,429.2,2627
2026-03-19 11:45:00,429.2,431.5,429.0,431.1,25001
2026-03-19 11:55:00,431.1,431.2,430.0,430.45,12936
2026-03-19 12:05:00,430.45,431.65,430.35,431.65,7765
2026-03-19 12:15:00,431.65,432.95,431.65,432.15,9131
2026-03-19 12:25:00,432.1,432.45,432.1,432.1,6435
2026-03-19 12:35:00,432.1,432.45,432.0,432.15,2373
2026-03-19 12:45:00,432.15,432.5,432.1,432.5,9869
2026-03-19 12:55:00,432.5,433.7,432.25,433.0,17057
2026-03-19 13:05:00,433.0,433.6,432.6,433.3,8816
2026-03-19 13:15:00,433.3,433.9,432.85,433.4,10686
2026-03-19 13:25:00,433.4,433.8,433.25,433.35,18275
2026-03-19 13:35:00,433.35,433.6,433.25,433.45,7424
2026-03-19 13:45:00,433.5,433.7,433.3,433.55,3883
2026-03-19 13:55:00,433.55,433.65,429.0,429.2,29561
2026-03-19 14:05:00,429.2,429.6,428.1,428.1,25158
2026-03-19 14:15:00,428.1,428.85,428.0,428.05,5448
2026-03-19 14:25:00,428.05,429.0,428.05,428.75,5667
2026-03-19 14:35:00,428.5,429.05,424.75,427.2,69799
2026-03-19 14:45:00,427.5,429.8,427.15,427.9,6084
2026-03-19 14:55:00,427.9,427.9,425.4,426.85,13480
2026-03-19 15:05:00,426.7,427.4,425.9,426.5,13659
2026-03-19 15:15:00,426.9,428.8,426.25,427.35,32052
2026-03-19 15:25:00,427.05,428.25,426.0,427.5,12512
2026-03-20 09:15:00,427.15,434.0,427.15,433.1,56526
2026-03-20 09:25:00,433.1,436.0,432.2,434.0,16370
2026-03-20 09:35:00,434.0,434.25,432.1,432.45,15172
2026-03-20 09:45:00,432.45,433.8,431.8,431.8,8433
2026-03-20 09:55:00,432.4,433.0,431.95,432.15,3863
2026-03-20 10:05:00,432.15,433.15,431.7,431.75,6236
2026-03-20 10:15:00,431.75,432.0,430.3,431.8,40832
2026-03-20 10:25:00,431.8,431.8,430.65,431.4,12350
2026-03-20 10:35:00,431.4,431.9,430.9,431.5,11576
2026-03-20 10:45:00,431.5,432.95,431.5,432.7,7075
2026-03-20 10:55:00,432.7,432.85,431.65,431.65,7853
2026-03-20 11:05:00,431.4,432.35,431.4,431.85,5723
2026-03-20 11:15:00,431.85,432.55,431.5,432.55,4350
2026-03-20 11:25:00,432.55,433.0,431.45,431.45,6499
2026-03-20 11:35:00,431.45,432.1,429.7,430.0,5903
2026-03-20 11:45:00,430.0,431.1,429.7,430.6,8559
2026-03-20 11:55:00,430.9,431.0,429.55,429.55,12893
2026-03-20 12:05:00,429.55,430.4,429.25,430.2,9405
2026-03-20 12:15:00,430.2,430.2,428.1,428.1,6777
2026-03-20 12:25:00,428.1,429.0,427.65,428.6,8618
2026-03-20 12:35:00,428.6,429.5,428.2,429.5,4041
2026-03-20 12:45:00,429.5,429.9,429.2,429.9,2478
2026-03-20 12:55:00,429.9,430.4,428.6,429.2,7939
2026-03-20 13:05:00,429.2,429.85,428.8,429.5,3462
2026-03-20 13:15:00,429.5,430.5,429.5,430.1,8598
2026-03-20 13:25:00,430.15,431.0,429.5,429.7,4120
2026-03-20 13:35:00,429.7,430.6,429.1,429.8,3733
2026-03-20 13:45:00,429.8,430.3,429.35,430.3,9417
2026-03-20 13:55:00,430.3,430.4,429.2,429.75,3766
2026-03-20 14:05:00,429.75,430.5,429.0,429.25,5176
2026-03-20 14:15:00,429.25,429.25,428.75,429.0,3256
2026-03-20 14:25:00,429.0,429.65,428.65,429.6,4511
2026-03-20 14:35:00,429.5,429.7,427.6,428.4,8883
2026-03-20 14:45:00,428.25,429.7,427.4,429.65,11461
2026-03-20 14:55:00,429.65,430.55,428.55,429.45,36158
2026-03-20 15:05:00,429.35,430.8,428.25,430.55,45389
2026-03-20 15:15:00,430.4,430.55,427.05,428.05,57707
2026-03-20 15:25:00,428.05,428.7,425.6,425.6,25342
2026-03-23 09:15:00,426.0,426.0,416.6,418.3,85063
2026-03-23 09:25:00,418.3,419.5,416.75,417.95,22268
2026-03-23 09:35:00,417.85,419.6,417.2,419.6,23668
2026-03-23 09:45:00,419.6,419.8,417.1,419.5,26321
2026-03-23 09:55:00,419.5,420.75,418.5,419.85,25886
2026-03-23 10:05:00,419.85,420.85,418.95,419.2,10445
2026-03-23 10:15:00,419.2,419.2,415.4,415.85,31587
2026-03-23 10:25:00,415.7,416.5,415.1,416.2,14490
2026-03-23 10:35:00,416.2,418.05,416.05,417.15,15953
2026-03-23 10:45:00,416.7,417.9,415.6,417.1,21571
2026-03-23 10:55:00,417.1,417.75,415.8,416.4,26019
2026-03-23 11:05:00,416.25,418.9,416.25,417.4,19398
2026-03-23 11:15:00,417.4,418.5,416.9,417.4,8460
2026-03-23 11:25:00,417.85,419.35,417.45,418.55,4530
2026-03-23 11:35:00,418.15,418.15,415.4,415.45,25077
2026-03-23 11:45:00,415.45,416.8,414.5,416.3,17566
2026-03-23 11:55:00,416.3,416.3,414.4,414.5,13193
2026-03-23 12:05:00,414.5,415.15,414.05,414.3,10855
2026-03-23 12:15:00,414.3,414.5,412.5,412.5,14735
2026-03-23 12:25:00,412.5,414.1,412.15,412.85,20808
2026-03-23 12:35:00,412.95,414.1,411.9,412.4,26107
2026-03-23 12:45:00,412.4,413.0,411.7,411.7,9673
2026-03-23 12:55:00,411.7,412.0,410.85,411.25,17103
2026-03-23 13:05:00,411.25,411.95,411.25,411.4,8499
2026-03-23 13:15:00,411.4,412.35,411.4,411.7,11597
2026-03-23 13:25:00,411.7,413.55,411.05,412.35,16320
2026-03-23 13:35:00,412.3,413.2,412.05,412.9,4669
2026-03-23 13:45:00,412.9,413.85,412.35,413.25,10883
2026-03-23 13:55:00,413.25,417.95,413.0,416.0,31457
2026-03-23 14:05:00,416.0,417.2,415.7,416.4,8462
2026-03-23 14:15:00,416.4,417.9,416.05,416.55,20852
2026-03-23 14:25:00,416.55,416.55,413.2,413.2,14172
2026-03-23 14:35:00,413.2,415.15,413.0,413.9,13898
2026-03-23 14:45:00,413.9,414.15,413.25,414.1,13301
2026-03-23 14:55:00,414.15,415.05,412.8,414.45,58640
2026-03-23 15:05:00,414.45,414.9,413.0,414.9,32827
2026-03-23 15:15:00,414.75,415.0,413.0,413.75,41997
2026-03-23 15:25:00,413.65,414.1,413.0,413.5,20456
2026-03-24 09:15:00,423.0,423.0,417.4,421.15,52390
2026-03-24 09:25:00,421.15,423.55,420.85,422.1,39469
2026-03-24 09:35:00,422.1,422.95,419.75,419.85,20980
2026-03-24 09:45:00,419.8,420.85,419.0,420.75,9034
2026-03-24 09:55:00,420.75,422.0,419.55,419.55,13008
2026-03-24 10:05:00,419.0,419.55,417.55,418.1,15782
2026-03-24 10:15:00,418.0,419.0,417.4,418.05,11245
2026-03-24 10:25:00,418.05,418.3,415.8,416.0,12262
2026-03-24 10:35:00,416.0,416.0,414.4,415.15,8739
2026-03-24 10:45:00,415.15,415.5,413.4,413.5,17129
2026-03-24 10:55:00,413.5,414.0,412.85,413.55,12101
2026-03-24 11:05:00,413.45,416.05,413.0,413.65,42031
2026-03-24 11:15:00,413.65,416.25,413.65,416.0,23049
2026-03-24 11:25:00,416.25,417.1,415.1,415.95,12660
2026-03-24 11:35:00,415.95,416.65,415.55,415.95,4193
2026-03-24 11:45:00,415.95,417.05,415.55,417.0,5692
2026-03-24 11:55:00,417.0,417.8,416.3,416.9,4447
2026-03-24 12:05:00,416.9,416.9,415.7,416.15,2939
2026-03-24 12:15:00,416.15,417.9,415.8,417.85,12070
2026-03-24 12:25:00,417.85,420.3,417.2,419.6,8611
2026-03-24 12:35:00,419.9,421.55,418.15,420.5,18365
2026-03-24 12:45:00,420.55,422.55,420.35,422.05,16522
2026-03-24 12:55:00,421.8,421.95,421.0,421.15,4147
2026-03-24 13:05:00,421.05,421.95,420.45,421.45,9792
2026-03-24 13:15:00,421.85,422.05,421.15,421.8,8179
2026-03-24 13:25:00,421.8,422.35,421.35,422.0,6391
2026-03-24 13:35:00,422.0,422.85,421.85,422.45,7121
2026-03-24 13:45:00,422.65,422.9,420.1,421.25,11690
2026-03-24 13:55:00,421.25,421.7,420.65,421.1,2395
2026-03-24 14:05:00,421.1,422.85,421.1,421.9,10230
2026-03-24 14:15:00,421.9,423.0,421.0,421.25,7805
2026-03-24 14:25:00,421.25,421.9,421.0,421.75,36872
2026-03-24 14:35:00,421.75,421.95,420.5,421.45,19974
2026-03-24 14:45:00,421.45,421.9,420.7,421.75,6011
2026-03-24 14:55:00,421.75,422.3,419.0,420.1,19117
2026-03-24 15:05:00,420.1,420.95,419.65,420.3,17619
2026-03-24 15:15:00,420.3,421.4,418.95,420.25,34315
2026-03-24 15:25:00,420.35,420.95,419.0,420.8,14059
2026-03-25 09:15:00,426.0,428.7,422.8,428.7,52026
2026-03-25 09:25:00,428.8,429.0,425.65,428.8,26557
2026-03-25 09:35:00,428.5,428.75,425.55,426.8,12760
2026-03-25 09:45:00,426.85,428.8,426.6,427.75,7731
2026-03-25 09:55:00,428.45,428.55,427.15,427.15,11897
2026-03-25 10:05:00,427.15,429.25,427.05,429.25,25658
2026-03-25 10:15:00,429.25,429.4,427.15,427.25,9698
2026-03-25 10:25:00,427.25,428.65,426.75,428.4,10497
2026-03-25 10:35:00,428.4,430.75,428.15,429.95,23444
2026-03-25 10:45:00,429.95,429.95,429.0,429.0,5159
2026-03-25 10:55:00,429.0,429.7,428.3,428.95,4871
2026-03-25 11:05:00,428.75,429.65,428.4,428.9,9010
2026-03-25 11:15:00,428.9,429.0,426.6,427.0,16431
2026-03-25 11:25:00,427.0,427.3,426.45,426.65,8392
2026-03-25 11:35:00,426.65,426.9,425.65,425.7,18222
2026-03-25 11:45:00,425.7,427.3,425.7,427.3,3944
2026-03-25 11:55:00,427.3,427.85,427.25,427.8,6034
2026-03-25 12:05:00,427.8,428.5,427.5,428.45,4705
2026-03-25 12:15:00,428.45,428.5,427.35,427.7,4163
2026-03-25 12:25:00,427.35,428.45,426.55,428.4,6916
2026-03-25 12:35:00,428.4,428.65,427.15,427.2,29342
2026-03-25 12:45:00,427.2,427.4,426.55,426.8,8025
2026-03-25 12:55:00,426.8,427.1,426.4,426.8,4856
2026-03-25 13:05:00,426.8,427.15,426.0,426.45,5224
2026-03-25 13:15:00,426.45,427.5,426.45,427.25,2820
2026-03-25 13:25:00,427.25,427.95,426.55,427.0,5197
2026-03-25 13:35:00,427.0,427.75,426.45,427.25,22452
2026-03-25 13:45:00,427.25,429.1,426.85,428.6,9018
2026-03-25 13:55:00,428.6,431.7,428.6,430.6,49401
2026-03-25 14:05:00,430.45,430.65,429.6,430.0,43270
2026-03-25 14:15:00,430.0,430.6,429.7,430.0,54558
2026-03-25 14:25:00,430.05,430.85,429.85,430.65,12031
2026-03-25 14:35:00,430.65,430.65,430.1,430.25,6983
2026-03-25 14:45:00,430.25,430.7,430.0,430.5,10392
2026-03-25 14:55:00,430.5,431.7,430.5,430.85,23075
2026-03-25 15:05:00,430.85,431.2,430.5,431.15,24196
2026-03-25 15:15:00,431.2,433.3,430.65,433.0,77810
2026-03-25 15:25:00,433.0,434.45,432.65,434.45,50018
2026-03-27 09:15:00,431.0,431.4,423.6,430.15,94276
2026-03-27 09:25:00,430.15,433.5,428.6,428.6,37754
2026-03-27 09:35:00,428.2,429.1,426.75,426.8,27807
2026-03-27 09:45:00,426.8,427.4,425.05,425.4,29438
2026-03-27 09:55:00,425.4,425.4,422.65,423.2,24894
2026-03-27 10:05:00,423.05,423.05,420.0,420.5,20659
2026-03-27 10:15:00,420.5,420.85,418.55,419.75,18836
2026-03-27 10:25:00,419.75,420.45,418.45,418.45,17081
2026-03-27 10:35:00,418.45,418.45,415.45,416.15,55493
2026-03-27 10:45:00,416.25,416.25,415.1,415.2,26950
2026-03-27 10:55:00,415.2,416.7,415.1,415.55,21152
2026-03-27 11:05:00,415.5,417.85,415.1,417.05,62716
2026-03-27 11:15:00,417.45,418.45,417.05,417.6,20689
2026-03-27 11:25:00,417.6,419.0,417.45,418.45,13021
2026-03-27 11:35:00,418.45,418.85,416.9,417.5,28776
2026-03-27 11:45:00,417.5,417.75,416.5,417.75,40373
2026-03-27 11:55:00,417.75,417.75,416.1,417.25,29023
2026-03-27 12:05:00,417.25,417.7,415.85,415.95,12826
2026-03-27 12:15:00,415.75,416.2,415.05,415.35,17527
2026-03-27 12:25:00,415.15,417.4,415.15,416.85,22418
2026-03-27 12:35:00,416.8,417.0,415.8,417.0,10344
2026-03-27 12:45:00,417.0,417.0,416.1,416.45,6257
2026-03-27 12:55:00,416.45,417.0,416.0,416.65,6371
2026-03-27 13:05:00,416.65,418.95,416.65,418.85,19037
2026-03-27 13:15:00,418.85,421.35,418.85,421.0,18179
2026-03-27 13:25:00,421.0,422.9,421.0,422.6,81968
2026-03-27 13:35:00,422.55,422.55,421.6,421.8,7483
2026-03-27 13:45:00,421.8,423.4,421.8,422.3,16393
2026-03-27 13:55:00,422.3,423.1,421.9,422.8,23601
2026-03-27 14:05:00,422.8,423.9,422.8,423.85,38493
2026-03-27 14:15:00,424.2,424.2,422.95,423.0,16480
2026-03-27 14:25:00,423.1,423.1,420.2,420.5,17957
2026-03-27 14:35:00,420.5,422.05,418.0,419.75,212217
2026-03-27 14:45:00,419.7,421.45,419.55,421.15,22843
2026-03-27 14:55:00,421.1,421.15,418.55,421.1,47359
2026-03-27 15:05:00,420.95,421.1,419.9,420.05,34319
2026-03-27 15:15:00,420.05,420.95,419.5,420.2,42745
2026-03-27 15:25:00,420.2,421.9,418.95,421.15,30140
2026-03-30 09:15:00,416.0,424.7,413.35,420.6,97003
2026-03-30 09:25:00,420.4,425.5,420.2,424.3,85983
2026-03-30 09:35:00,423.75,426.0,422.6,425.7,40099
2026-03-30 09:45:00,425.7,427.0,424.65,426.0,26766
2026-03-30 09:55:00,426.0,426.5,424.6,426.4,19005
2026-03-30 10:05:00,426.2,426.25,423.35,423.8,16432
2026-03-30 10:15:00,423.8,424.25,422.35,423.45,22045
2026-03-30 10:25:00,423.0,423.6,422.1,423.3,12775
2026-03-30 10:35:00,423.3,426.0,423.2,424.2,31508
2026-03-30 10:45:00,424.2,424.5,422.85,423.4,17501
2026-03-30 10:55:00,423.4,424.0,421.55,423.5,33181
2026-03-30 11:05:00,423.25,425.5,421.75,425.5,44970
2026-03-30 11:15:00,425.7,428.55,425.7,427.45,49241
2026-03-30 11:25:00,427.25,427.95,425.8,427.2,33868
2026-03-30 11:35:00,427.2,428.0,426.5,426.75,18371
2026-03-30 11:45:00,426.8,427.8,426.35,427.65,19964
2026-03-30 11:55:00,427.65,429.9,426.0,429.15,39468
2026-03-30 12:05:00,429.0,429.35,428.35,428.6,17207
2026-03-30 12:15:00,428.6,429.95,428.6,428.9,27839
2026-03-30 12:25:00,428.9,428.9,428.0,428.55,15608
2026-03-30 12:35:00,428.8,428.9,427.9,428.35,26516
2026-03-30 12:45:00,428.35,429.0,428.0,428.0,17053
2026-03-30 12:55:00,428.0,428.85,427.95,428.5,12847
2026-03-30 13:05:00,428.5,431.0,428.1,431.0,46983
2026-03-30 13:15:00,431.1,431.7,429.15,429.8,42155
2026-03-30 13:25:00,429.8,430.1,428.9,429.65,12523
2026-03-30 13:35:00,429.65,430.3,429.35,429.4,22324
2026-03-30 13:45:00,429.4,429.85,427.7,428.2,39104
2026-03-30 13:55:00,428.35,429.25,428.2,428.8,20912
2026-03-30 14:05:00,428.65,429.7,427.5,428.45,30760
2026-03-30 14:15:00,428.45,429.05,427.5,427.5,38916
2026-03-30 14:25:00,427.5,428.4,427.2,427.5,41485
2026-03-30 14:35:00,427.5,427.8,425.0,425.2,67580
2026-03-30 14:45:00,425.2,425.75,424.95,425.5,20461
2026-03-30 14:55:00,426.05,426.2,424.95,425.05,49348
2026-03-30 15:05:00,425.05,426.45,424.95,426.15,65199
2026-03-30 15:15:00,426.15,432.95,425.0,426.35,127523
2026-03-30 15:25:00,426.45,430.7,426.05,427.0,66027
2026-04-01 09:15:00,436.35,439.0,432.5,438.6,81784
2026-04-01 09:25:00,438.6,440.45,436.5,437.85,47451
2026-04-01 09:35:00,437.55,439.0,435.55,438.05,81981
2026-04-01 09:45:00,438.2,441.0,438.0,440.85,36387
2026-04-01 09:55:00,440.85,441.6,439.65,440.4,31227
2026-04-01 10:05:00,440.4,440.95,439.5,440.85,15889
2026-04-01 10:15:00,440.5,441.05,440.1,440.1,16092
2026-04-01 10:25:00,440.1,440.1,437.25,439.0,24645
2026-04-01 10:35:00,439.0,439.9,439.0,439.3,5421
2026-04-01 10:45:00,439.3,442.0,438.85,441.65,29311
2026-04-01 10:55:00,441.6,442.0,441.1,441.4,30801
2026-04-01 11:05:00,441.4,443.65,440.8,442.0,35947
2026-04-01 11:15:00,442.35,443.6,441.7,443.3,11569
2026-04-01 11:25:00,443.3,445.35,443.3,445.2,54766
2026-04-01 11:35:00,445.65,446.4,444.55,444.95,24906
2026-04-01 11:45:00,444.7,444.7,441.95,443.15,17823
2026-04-01 11:55:00,443.15,444.5,442.9,444.4,7098
2026-04-01 12:05:00,444.4,445.8,444.1,445.55,20883
2026-04-01 12:15:00,445.55,445.55,444.55,444.85,8884
2026-04-01 12:25:00,444.85,445.6,444.6,445.5,8661
2026-04-01 12:35:00,445.5,445.5,443.75,444.15,9183
2026-04-01 12:45:00,444.15,445.75,443.75,445.3,16905
2026-04-01 12:55:00,445.25,445.95,445.0,445.8,8043
2026-04-01 13:05:00,445.8,447.45,445.05,446.25,37172
2026-04-01 13:15:00,446.15,446.3,443.65,444.85,16820
2026-04-01 13:25:00,444.85,445.0,444.1,444.15,7787
2026-04-01 13:35:00,444.25,444.5,441.5,443.25,29774
2026-04-01 13:45:00,442.95,446.0,442.9,445.55,13975
2026-04-01 13:55:00,445.55,445.7,444.0,444.4,15276
2026-04-01 14:05:00,444.25,444.85,443.85,444.85,9793
2026-04-01 14:15:00,444.85,444.85,443.5,443.5,9310
2026-04-01 14:25:00,443.5,444.1,443.15,443.8,7742
2026-04-01 14:35:00,443.8,444.0,442.75,443.55,16263
2026-04-01 14:45:00,443.6,444.8,442.8,444.8,20606
2026-04-01 14:55:00,444.8,447.0,444.2,446.4,29161
2026-04-01 15:05:00,446.85,447.2,446.05,446.4,28979
2026-04-01 15:15:00,446.35,447.8,444.95,445.8,85574
2026-04-01 15:25:00,445.8,446.5,443.0,444.8,36552
2026-04-02 09:15:00,436.05,440.0,433.35,439.1,46353
2026-04-02 09:25:00,438.9,440.5,438.0,439.35,33355
2026-04-02 09:35:00,439.2,439.2,436.55,438.2,44836
2026-04-02 09:45:00,439.0,439.4,438.2,438.2,17654
2026-04-02 09:55:00,438.2,438.65,437.45,437.45,11792
2026-04-02 10:05:00,437.25,438.75,437.0,438.75,11172
2026-04-02 10:15:00,438.75,438.75,436.5,436.55,11955
2026-04-02 10:25:00,436.55,438.5,435.6,438.5,19623
2026-04-02 10:35:00,438.5,440.95,438.5,439.85,15978
2026-04-02 10:45:00,439.85,439.85,438.0,439.15,6302
2026-04-02 10:55:00,439.15,440.25,438.85,439.55,4373
2026-04-02 11:05:00,439.55,440.7,439.55,439.8,14280
2026-04-02 11:15:00,439.8,442.25,438.05,442.05,29967
2026-04-02 11:25:00,442.3,443.4,442.0,442.3,16976
2026-04-02 11:35:00,442.3,444.45,442.3,443.5,12446
2026-04-02 11:45:00,443.5,444.4,443.4,444.0,12317
2026-04-02 11:55:00,444.0,445.4,443.85,444.2,10421
2026-04-02 12:05:00,444.25,444.75,444.15,444.25,7073
2026-04-02 12:15:00,444.45,446.0,443.35,444.7,19217
2026-04-02 12:25:00,444.7,444.85,444.1,444.85,6492
2026-04-02 12:35:00,444.55,445.15,443.75,444.25,4391
2026-04-02 12:45:00,444.25,445.7,444.0,444.2,17335
2026-04-02 12:55:00,444.65,445.95,444.0,445.6,9464
2026-04-02 13:05:00,445.6,446.85,445.2,446.85,12571
2026-04-02 13:15:00,446.85,447.7,446.5,447.65,12108
2026-04-02 13:25:00,447.65,448.8,446.8,447.05,19849
2026-04-02 13:35:00,447.1,449.0,447.05,448.75,5843
2026-04-02 13:45:00,448.75,449.0,448.0,448.2,7708
2026-04-02 13:55:00,448.2,449.0,447.95,448.85,12587
2026-04-02 14:05:00,448.85,450.5,448.05,450.5,25221
2026-04-02 14:15:00,450.5,450.8,449.3,449.7,12805
2026-04-02 14:25:00,449.7,451.5,449.5,451.45,18564
2026-04-02 14:35:00,451.15,451.45,448.65,449.0,21576
2026-04-02 14:45:00,449.0,451.0,448.65,451.0,15997
2026-04-02 14:55:00,450.7,453.0,450.7,451.6,20057
2026-04-02 15:05:00,452.35,453.0,451.6,452.65,31012
2026-04-02 15:15:00,452.65,452.95,451.45,452.35,39246
2026-04-02 15:25:00,452.35,453.0,451.1,452.85,28038
2026-04-06 09:15:00,457.0,457.95,450.95,452.55,71366
2026-04-06 09:25:00,453.0,453.95,448.0,449.4,48827
2026-04-06 09:35:00,450.2,451.5,447.0,448.35,20096
2026-04-06 09:45:00,448.35,450.1,446.15,447.4,85142
2026-04-06 09:55:00,447.4,447.9,446.6,446.8,10100
2026-04-06 10:05:00,447.0,448.7,446.0,447.8,21464
2026-04-06 10:15:00,447.8,448.7,447.8,448.2,8643
2026-04-06 10:25:00,448.2,448.45,446.95,447.6,8217
2026-04-06 10:35:00,447.6,449.5,447.35,449.5,11543
2026-04-06 10:45:00,449.5,450.45,449.05,449.8,4926
2026-04-06 10:55:00,449.8,449.8,449.1,449.2,6732
2026-04-06 11:05:00,449.2,449.2,446.1,446.8,6668
2026-04-06 11:15:00,446.8,447.75,446.5,447.45,5135
2026-04-06 11:25:00,447.5,449.0,447.3,448.25,4785
2026-04-06 11:35:00,448.25,449.7,447.3,447.3,3935
2026-04-06 11:45:00,447.3,447.8,447.0,447.15,3053
2026-04-06 11:55:00,447.3,448.2,447.05,447.45,4156
2026-04-06 12:05:00,447.45,448.1,447.0,447.5,3495
2026-04-06 12:15:00,447.5,447.8,447.05,447.35,2967
2026-04-06 12:25:00,447.35,448.55,447.35,447.95,3104
2026-04-06 12:35:00,447.95,448.0,446.25,446.85,18318
2026-04-06 12:45:00,446.85,448.75,446.8,448.0,10249
2026-04-06 12:55:00,448.0,449.6,448.0,448.0,2810
2026-04-06 13:05:00,448.0,448.95,447.65,448.85,4482
2026-04-06 13:15:00,448.85,449.6,448.25,448.6,4717
2026-04-06 13:25:00,448.6,448.85,448.4,448.55,2129
2026-04-06 13:35:00,448.55,448.8,444.25,445.6,70263
2026-04-06 13:45:00,445.6,446.55,445.55,446.5,7751
2026-04-06 13:55:00,446.5,446.75,446.05,446.5,2319
2026-04-06 14:05:00,446.5,447.15,445.9,446.4,9065
2026-04-06 14:15:00,446.4,447.35,446.1,447.1,3898
2026-04-06 14:25:00,447.1,447.4,446.5,446.8,5536
2026-04-06 14:35:00,446.8,447.4,445.7,446.0,25984
2026-04-06 14:45:00,446.0,446.5,444.85,445.15,13572
2026-04-06 14:55:00,445.15,446.6,444.8,446.35,15371
2026-04-06 15:05:00,446.35,448.0,446.0,448.0,33260
2026-04-06 15:15:00,448.05,448.05,445.25,446.95,48421
2026-04-06 15:25:00,446.85,447.7,445.05,447.0,25676
2026-04-07 09:15:00,446.8,450.2,442.35,448.65,25869
2026-04-07 09:25:00,448.65,449.9,446.5,446.75,27192
2026-04-07 09:35:00,446.5,446.7,443.7,443.95,17231
2026-04-07 09:45:00,444.1,445.65,443.5,444.85,8743
2026-04-07 09:55:00,444.85,446.7,444.85,446.7,1815
2026-04-07 10:05:00,446.7,447.3,446.15,446.55,3306
2026-04-07 10:15:00,446.55,448.25,446.3,447.25,10397
2026-04-07 10:25:00,447.25,448.75,447.05,447.4,7769
2026-04-07 10:35:00,447.3,448.55,446.25,447.95,5424
2026-04-07 10:45:00,447.95,448.35,445.75,446.25,9475
2026-04-07 10:55:00,446.0,446.75,444.85,445.5,4467
2026-04-07 11:05:00,445.5,445.5,444.1,444.6,3540
2026-04-07 11:15:00,444.6,445.45,444.2,444.8,1907
2026-04-07 11:25:00,444.8,445.0,444.55,445.0,1524
2026-04-07 11:35:00,444.95,445.65,444.95,445.5,5391
2026-04-07 11:45:00,445.5,446.05,445.5,445.6,2362
2026-04-07 11:55:00,445.6,446.25,445.45,445.7,1123
2026-04-07 12:05:00,445.7,446.0,445.1,445.6,1648
2026-04-07 12:15:00,445.6,446.0,445.25,445.25,327
2026-04-07 12:25:00,445.25,446.35,445.25,446.0,1935
2026-04-07 12:35:00,446.0,446.4,446.0,446.25,1457
2026-04-07 12:45:00,446.25,447.8,446.05,447.25,8605
2026-04-07 12:55:00,447.25,447.4,446.65,447.05,2276
2026-04-07 13:05:00,447.05,447.65,446.5,447.65,3214
2026-04-07 13:15:00,447.65,448.0,447.35,447.7,2704
2026-04-07 13:25:00,447.7,448.7,447.7,448.35,5594
2026-04-07 13:35:00,448.35,448.5,447.7,448.4,4158
2026-04-07 13:45:00,448.4,449.0,447.15,448.2,6831
2026-04-07 13:55:00,448.2,448.3,447.0,447.75,1638
2026-04-07 14:05:00,447.85,447.9,447.0,447.3,1258
2026-04-07 14:15:00,447.0,448.25,447.0,447.4,5517
2026-04-07 14:25:00,447.4,448.0,447.25,447.6,2889
2026-04-07 14:35:00,447.25,448.65,446.7,448.3,4944
2026-04-07 14:45:00,448.3,448.9,447.7,448.85,5147
2026-04-07 14:55:00,448.85,449.5,448.0,449.3,8681
2026-04-07 15:05:00,449.35,450.0,448.25,448.9,24765
2026-04-07 15:15:00,448.9,449.4,446.85,447.8,16378
2026-04-07 15:25:00,447.65,449.0,447.15,447.15,7889
2026-04-08 09:15:00,460.4,462.3,454.45,455.6,84674
2026-04-08 09:25:00,456.0,456.65,454.2,456.65,46729
2026-04-08 09:35:00,456.5,458.8,455.85,457.35,40782
2026-04-08 09:45:00,457.35,458.85,456.85,457.5,22224
2026-04-08 09:55:00,457.8,457.8,455.55,456.05,39393
2026-04-08 10:05:00,456.05,462.15,456.0,460.05,83473
2026-04-08 10:15:00,460.5,460.8,459.0,460.0,25990
2026-04-08 10:25:00,460.0,463.0,460.0,461.55,43850
2026-04-08 10:35:00,461.55,461.75,461.0,461.2,6587
2026-04-08 10:45:00,461.2,461.2,460.1,460.5,4262
2026-04-08 10:55:00,460.5,460.7,460.0,460.25,2211
2026-04-08 11:05:00,460.25,461.15,459.9,460.3,20273
2026-04-08 11:15:00,460.3,460.8,459.75,460.65,13510
2026-04-08 11:25:00,460.65,460.65,459.8,460.2,4843
2026-04-08 11:35:00,460.2,460.7,459.75,459.95,3790
2026-04-08 11:45:00,459.95,461.1,459.5,460.0,11073
2026-04-08 11:55:00,460.0,460.4,459.5,460.15,4253
2026-04-08 12:05:00,460.15,460.3,459.6,460.25,5160
2026-04-08 12:15:00,460.25,461.8,460.0,461.25,7700
2026-04-08 12:25:00,461.5,462.35,461.5,461.95,11483
2026-04-08 12:35:00,461.95,464.9,461.95,464.15,41592
2026-04-08 12:45:00,464.0,464.1,463.4,463.6,17087
2026-04-08 12:55:00,463.6,464.65,463.6,464.15,10030
2026-04-08 13:05:00,464.15,464.6,464.0,464.4,5268
2026-04-08 13:15:00,464.4,464.65,464.0,464.0,4955
2026-04-08 13:25:00,464.0,464.8,464.0,464.65,6097
2026-04-08 13:35:00,464.65,465.95,464.15,465.8,35784
2026-04-08 13:45:00,465.8,465.9,465.05,465.5,16184
2026-04-08 13:55:00,465.5,469.0,465.5,468.5,65280
2026-04-08 14:05:00,468.8,468.8,466.05,466.9,84632
2026-04-08 14:15:00,466.9,469.8,466.9,469.5,34042
2026-04-08 14:25:00,469.7,469.8,467.95,468.15,38376
2026-04-08 14:35:00,468.4,468.4,465.8,466.2,18770
2026-04-08 14:45:00,466.2,466.6,465.15,465.45,14665
2026-04-08 14:55:00,465.45,466.75,464.2,465.5,22943
2026-04-08 15:05:00,465.55,466.25,464.75,464.9,16081
2026-04-08 15:15:00,464.9,465.4,464.05,464.6,36144
2026-04-08 15:25:00,464.9,465.45,464.05,465.15,22713
2026-04-09 09:15:00,469.0,473.8,467.25,471.25,282067
2026-04-09 09:25:00,471.35,471.45,465.0,465.85,128061
2026-04-09 09:35:00,465.85,467.45,462.9,463.2,68691
2026-04-09 09:45:00,463.2,464.45,461.75,462.35,43211
2026-04-09 09:55:00,462.35,463.1,460.5,462.6,29594
2026-04-09 10:05:00,462.5,463.45,462.0,462.4,23718
2026-04-09 10:15:00,462.4,464.4,462.0,462.45,15931
2026-04-09 10:25:00,462.45,463.3,461.55,463.3,13744
2026-04-09 10:35:00,463.3,463.5,462.5,463.5,11619
2026-04-09 10:45:00,463.5,463.6,463.0,463.45,6126
2026-04-09 10:55:00,463.45,464.35,463.0,464.35,9172
2026-04-09 11:05:00,464.3,464.3,463.65,464.0,13027
2026-04-09 11:15:00,464.0,464.2,463.05,463.6,19189
2026-04-09 11:25:00,463.7,464.6,463.25,464.4,13021
2026-04-09 11:35:00,464.35,464.35,463.45,463.85,14952
2026-04-09 11:45:00,463.85,464.15,462.9,463.65,8117
2026-04-09 11:55:00,463.65,464.8,463.25,463.85,9033
2026-04-09 12:05:00,463.85,464.2,462.8,463.05,7303
2026-04-09 12:15:00,463.0,463.5,462.8,463.05,3931
2026-04-09 12:25:00,463.05,463.2,462.5,462.7,4345
2026-04-09 12:35:00,462.7,462.85,462.3,462.65,4182
2026-04-09 12:45:00,462.65,462.65,461.1,461.6,12861
2026-04-09 12:55:00,461.6,462.15,461.05,461.3,7235
2026-04-09 13:05:00,461.3,461.7,458.95,460.7,32728
2026-04-09 13:15:00,460.7,460.75,458.65,459.4,7533
2026-04-09 13:25:00,459.4,459.4,458.2,459.0,17210
2026-04-09 13:35:00,459.0,459.1,458.6,458.85,5272
2026-04-09 13:45:00,458.85,459.0,457.2,457.9,40432
2026-04-09 13:55:00,457.9,458.75,457.9,458.6,6949
2026-04-09 14:05:00,458.6,459.3,458.0,458.1,10481
2026-04-09 14:15:00,458.1,458.55,457.5,457.85,10608
2026-04-09 14:25:00,457.9,458.35,457.05,457.8,8648
2026-04-09 14:35:00,457.8,457.8,456.9,457.35,13741
2026-04-09 14:45:00,457.3,457.75,456.0,456.4,23258
2026-04-09 14:55:00,456.4,457.0,454.9,456.25,32901
2026-04-09 15:05:00,456.2,457.6,455.9,456.6,42514
2026-04-09 15:15:00,456.6,456.6,452.35,454.65,74196
2026-04-09 15:25:00,454.75,455.0,451.6,452.0,45690
2026-04-10 09:15:00,454.25,459.0,454.25,456.35,46514
2026-04-10 09:25:00,456.35,460.0,456.35,458.7,24234
2026-04-10 09:35:00,458.75,459.05,456.75,458.85,12777
2026-04-10 09:45:00,458.85,459.9,458.0,458.8,11482
2026-04-10 09:55:00,458.35,458.85,457.65,457.9,11078
2026-04-10 10:05:00,458.15,459.5,456.6,459.3,11472
2026-04-10 10:15:00,459.1,461.0,458.6,460.45,16352
2026-04-10 10:25:00,460.45,460.85,460.0,460.3,12175
2026-04-10 10:35:00,460.3,461.0,460.1,460.5,8707
2026-04-10 10:45:00,460.5,461.45,460.1,460.5,25208
2026-04-10 10:55:00,460.5,460.9,460.05,460.3,7184
2026-04-10 11:05:00,460.3,460.3,459.05,459.45,8726
2026-04-10 11:15:00,459.45,459.65,458.6,458.9,2832
2026-04-10 11:25:00,458.9,459.3,458.6,459.05,1091
2026-04-10 11:35:00,459.25,459.75,458.0,458.65,9424
2026-04-10 11:45:00,458.65,458.75,458.05,458.4,1823
2026-04-10 11:55:00,458.4,458.85,458.0,458.85,4755
2026-04-10 12:05:00,458.85,459.6,458.55,458.85,6573
2026-04-10 12:15:00,458.85,459.45,458.5,459.25,3850
2026-04-10 12:25:00,459.35,459.55,458.85,459.3,2355
2026-04-10 12:35:00,459.3,459.3,458.8,459.25,1104
2026-04-10 12:45:00,459.05,459.3,457.25,457.85,14890
2026-04-10 12:55:00,457.8,458.15,457.6,457.7,2509
2026-04-10 13:05:00,457.7,458.25,457.4,458.1,3008
2026-04-10 13:15:00,458.05,458.1,457.5,457.9,1738
2026-04-10 13:25:00,457.9,458.2,457.4,457.85,2200
2026-04-10 13:35:00,457.85,458.5,457.2,458.45,4711
2026-04-10 13:45:00,458.45,458.95,457.85,458.65,5347
2026-04-10 13:55:00,458.2,458.85,458.15,458.6,2649
2026-04-10 14:05:00,458.6,458.9,458.0,458.35,6235
2026-04-10 14:15:00,458.55,458.6,456.65,457.05,6874
2026-04-10 14:25:00,457.05,457.05,455.3,456.35,9728
2026-04-10 14:35:00,456.35,456.4,455.3,456.0,6073
2026-04-10 14:45:00,456.15,456.15,455.3,455.95,4355
2026-04-10 14:55:00,455.95,457.4,455.55,457.1,5255
2026-04-10 15:05:00,456.9,457.3,456.8,457.2,10687
2026-04-10 15:15:00,457.15,457.15,456.0,457.0,17626
2026-04-10 15:25:00,456.95,456.95,456.0,456.1,10720
2026-04-13 09:15:00,450.1,450.65,440.4,445.0,57031
2026-04-13 09:25:00,445.0,449.0,445.0,448.2,52002
2026-04-13 09:35:00,448.2,449.4,446.35,448.15,14556
2026-04-13 09:45:00,448.15,449.8,448.15,449.25,9391
2026-04-13 09:55:00,449.25,451.7,449.2,451.2,42702
2026-04-13 10:05:00,451.45,452.95,450.2,451.8,45641
2026-04-13 10:15:00,451.45,454.0,450.5,453.55,31134
2026-04-13 10:25:00,453.55,454.5,451.15,451.15,49456
2026-04-13 10:35:00,451.15,451.9,450.3,450.65,8109
2026-04-13 10:45:00,450.65,452.65,450.65,452.2,8450
2026-04-13 10:55:00,452.2,452.45,450.65,450.8,2949
2026-04-13 11:05:00,450.8,451.5,450.8,451.05,6482
2026-04-13 11:15:00,451.05,452.1,450.7,450.85,2643
2026-04-13 11:25:00,450.85,451.8,450.35,450.55,31685
2026-04-13 11:35:00,450.55,452.35,450.3,452.05,13392
2026-04-13 11:45:00,452.05,455.0,450.0,453.45,59453
2026-04-13 11:55:00,453.45,454.45,451.05,451.85,10437
2026-04-13 12:05:00,452.25,452.25,451.1,451.2,7586
2026-04-13 12:15:00,451.2,451.95,451.1,451.25,4537
2026-04-13 12:25:00,451.25,453.45,451.05,453.2,6154
2026-04-13 12:35:00,453.2,454.35,452.85,453.5,10176
2026-04-13 12:45:00,453.5,455.0,453.0,455.0,8517
2026-04-13 12:55:00,455.0,455.0,453.0,453.55,19465
2026-04-13 13:05:00,453.5,454.65,453.5,454.65,2166
2026-04-13 13:15:00,454.65,455.6,454.15,455.5,8165
2026-04-13 13:25:00,455.15,456.0,455.0,455.6,7665
2026-04-13 13:35:00,455.6,456.65,452.45,453.7,26976
2026-04-13 13:45:00,453.7,455.0,453.05,453.95,53625
2026-04-13 13:55:00,454.25,454.8,453.95,454.05,2281
2026-04-13 14:05:00,454.05,454.05,452.4,452.5,5447
2026-04-13 14:15:00,452.5,453.5,452.45,453.45,2918
2026-04-13 14:25:00,453.05,454.0,452.9,453.15,2786
2026-04-13 14:35:00,453.15,455.4,453.15,454.05,16665
2026-04-13 14:45:00,454.05,455.7,453.8,455.7,5197
2026-04-13 14:55:00,455.7,458.75,455.6,457.25,28350
2026-04-13 15:05:00,457.25,458.15,456.7,457.35,16543
2026-04-13 15:15:00,457.4,457.65,456.5,456.7,22017
2026-04-13 15:25:00,456.7,457.45,456.5,456.65,16334
2026-04-15 09:15:00,461.0,465.6,460.35,461.65,78930
2026-04-15 09:25:00,461.65,461.65,458.6,460.1,50029
2026-04-15 09:35:00,460.1,461.55,458.65,461.15,12664
2026-04-15 09:45:00,461.0,461.3,459.55,460.65,14447
2026-04-15 09:55:00,460.65,461.35,460.2,460.65,14752
2026-04-15 10:05:00,460.65,461.35,460.35,460.8,9239
2026-04-15 10:15:00,460.8,460.85,460.2,460.4,6457
2026-04-15 10:25:00,460.4,460.8,460.2,460.65,6236
2026-04-15 10:35:00,460.65,460.85,460.0,460.35,10769
2026-04-15 10:45:00,460.35,460.45,459.05,459.3,9784
2026-04-15 10:55:00,459.3,459.65,459.1,459.3,11871
2026-04-15 11:05:00,459.3,459.3,458.55,458.75,8394
2026-04-15 11:15:00,458.75,458.9,458.6,458.75,3391
2026-04-15 11:25:00,458.75,458.8,458.1,458.45,6601
2026-04-15 11:35:00,458.45,458.6,458.15,458.35,2969
2026-04-15 11:45:00,458.35,458.5,458.0,458.5,4996
2026-04-15 11:55:00,458.5,459.45,458.5,458.7,5032
2026-04-15 12:05:00,458.7,459.2,458.7,459.1,2801
2026-04-15 12:15:00,459.1,460.15,459.1,459.55,12521
2026-04-15 12:25:00,459.55,459.65,459.0,459.4,4348
2026-04-15 12:35:00,459.4,459.4,458.2,458.4,12850
2026-04-15 12:45:00,458.4,458.45,457.25,457.5,23291
2026-04-15 12:55:00,457.5,457.6,456.2,456.5,37355
2026-04-15 13:05:00,456.4,457.0,456.2,456.5,15602
2026-04-15 13:15:00,456.5,458.0,456.0,456.5,33432
2026-04-15 13:25:00,456.5,456.9,453.65,455.55,49581
2026-04-15 13:35:00,455.55,455.55,454.35,455.0,29138
2026-04-15 13:45:00,455.0,455.0,454.1,454.35,10488
2026-04-15 13:55:00,454.35,455.5,454.1,454.7,19882
2026-04-15 14:05:00,454.7,454.95,454.45,454.9,6653
2026-04-15 14:15:00,454.9,454.95,454.5,454.65,4979
2026-04-15 14:25:00,454.65,454.9,454.5,454.7,6808
2026-04-15 14:35:00,454.7,454.85,454.6,454.7,5897
2026-04-15 14:45:00,454.8,455.0,454.05,454.8,19026
2026-04-15 14:55:00,454.8,455.8,454.35,455.8,69151
2026-04-15 15:05:00,455.8,456.9,455.8,456.05,38869
2026-04-15 15:15:00,456.05,456.85,455.7,456.4,44234
2026-04-15 15:25:00,456.6,456.6,455.4,455.9,30846
2026-04-16 09:15:00,459.75,461.0,457.1,457.4,41583
2026-04-16 09:25:00,457.4,457.85,456.5,457.2,28589
2026-04-16 09:35:00,457.2,458.1,455.3,455.3,22044
2026-04-16 09:45:00,455.3,455.35,453.1,454.5,24227
2026-04-16 09:55:00,454.5,457.35,454.1,454.85,51730
2026-04-16 10:05:00,454.85,455.75,454.55,455.3,7790
2026-04-16 10:15:00,455.3,455.5,452.35,453.15,20511
2026-04-16 10:25:00,453.15,453.9,453.05,453.55,4757
2026-04-16 10:35:00,453.55,454.0,453.1,453.1,9933
2026-04-16 10:45:00,453.1,453.7,453.1,453.2,5828
2026-04-16 10:55:00,453.5,453.55,452.4,453.0,13429
2026-04-16 11:05:00,453.0,453.1,452.4,452.55,6532
2026-04-16 11:15:00,452.55,454.3,452.55,453.7,14091
2026-04-16 11:25:00,454.35,455.0,454.05,455.0,10655
2026-04-16 11:35:00,455.0,455.0,453.5,453.65,4127
2026-04-16 11:45:00,453.65,454.0,452.55,453.3,12456
2026-04-16 11:55:00,453.0,453.3,452.4,453.05,6332
2026-04-16 12:05:00,453.05,453.45,452.55,453.15,1352
2026-04-16 12:15:00,453.15,453.75,452.05,452.3,17719
2026-04-16 12:25:00,452.3,452.65,452.1,452.15,4746
2026-04-16 12:35:00,452.15,452.95,451.95,452.3,10976
2026-04-16 12:45:00,452.3,452.85,452.0,452.25,5331
2026-04-16 12:55:00,452.25,452.4,451.55,451.9,6891
2026-04-16 13:05:00,451.85,452.35,451.55,451.55,3281
2026-04-16 13:15:00,451.55,452.0,451.0,451.35,14713
2026-04-16 13:25:00,451.35,451.7,451.05,451.4,5735
2026-04-16 13:35:00,451.4,452.3,449.55,450.0,33719
2026-04-16 13:45:00,450.0,450.0,448.8,449.0,96173
2026-04-16 13:55:00,449.0,450.25,449.0,449.4,15207
2026-04-16 14:05:00,449.35,450.25,449.05,450.1,8015
2026-04-16 14:15:00,450.25,451.2,450.0,450.25,9641
2026-04-16 14:25:00,450.25,452.3,450.25,451.85,9855
2026-04-16 14:35:00,451.85,452.25,451.5,452.0,14431
2026-04-16 14:45:00,451.8,452.85,451.8,452.7,14685
2026-04-16 14:55:00,452.5,453.95,452.2,453.9,46042
2026-04-16 15:05:00,453.95,454.2,452.5,453.2,20223
2026-04-16 15:15:00,453.0,454.0,453.0,453.8,27987
2026-04-16 15:25:00,453.75,454.15,453.0,454.0,18981
2026-04-17 09:15:00,455.1,462.65,453.25,461.75,98977
2026-04-17 09:25:00,461.75,462.5,459.0,462.5,60096
2026-04-17 09:35:00,462.5,462.75,458.05,459.25,35503
2026-04-17 09:45:00,459.0,461.8,458.65,459.5,42405
2026-04-17 09:55:00,459.5,459.5,458.0,459.0,30305
2026-04-17 10:05:00,459.2,460.85,459.0,460.15,34663
2026-04-17 10:15:00,460.15,460.55,458.45,458.45,8292
2026-04-17 10:25:00,458.75,459.1,456.8,457.0,19740
2026-04-17 10:35:00,457.0,457.35,456.0,456.65,8172
2026-04-17 10:45:00,456.65,457.0,455.1,455.65,27908
2026-04-17 10:55:00,455.65,455.8,453.8,453.95,40293
2026-04-17 11:05:00,453.95,455.0,453.9,454.4,11041
2026-04-17 11:15:00,454.6,455.0,454.3,454.85,4378
2026-04-17 11:25:00,454.85,455.8,454.85,455.4,9691
2026-04-17 11:35:00,455.4,456.0,455.4,455.5,9466
2026-04-17 11:45:00,455.5,455.6,455.15,455.6,1456
2026-04-17 11:55:00,455.6,455.8,454.9,455.0,5214
2026-04-17 12:05:00,455.0,455.7,454.6,455.3,4397
2026-04-17 12:15:00,455.65,455.85,454.5,454.85,17578
2026-04-17 12:25:00,454.65,455.2,454.35,455.2,3417
2026-04-17 12:35:00,455.2,455.4,454.65,455.2,1480
2026-04-17 12:45:00,455.2,455.4,454.8,455.0,1928
2026-04-17 12:55:00,455.3,455.8,455.0,455.7,3915
2026-04-17 13:05:00,455.7,455.85,455.4,455.75,2993
2026-04-17 13:15:00,455.75,455.8,455.4,455.7,3843
2026-04-17 13:25:00,455.7,456.6,455.3,456.2,10619
2026-04-17 13:35:00,456.2,456.3,455.45,455.75,3314
2026-04-17 13:45:00,455.75,456.2,455.65,456.1,2197
2026-04-17 13:55:00,456.1,456.1,455.65,455.8,4364
2026-04-17 14:05:00,455.8,456.0,455.5,455.85,2174
2026-04-17 14:15:00,455.65,455.95,455.65,455.95,3892
2026-04-17 14:25:00,455.95,456.25,455.5,455.5,3073
2026-04-17 14:35:00,455.5,455.95,455.2,455.8,7265
2026-04-17 14:45:00,455.8,455.8,455.0,455.2,15530
2026-04-17 14:55:00,455.2,455.4,453.4,454.25,27272
2026-04-17 15:05:00,454.25,455.45,454.25,455.25,29962
2026-04-17 15:15:00,455.25,455.8,452.8,454.0,58374
2026-04-17 15:25:00,454.0,454.9,453.05,454.9,22328
2026-04-20 09:15:00,456.0,456.5,449.35,454.0,61828
2026-04-20 09:25:00,454.2,454.2,451.85,452.3,26648
2026-04-20 09:35:00,452.3,452.5,449.8,449.8,21776
2026-04-20 09:45:00,449.8,452.1,449.5,451.95,9805
2026-04-20 09:55:00,452.5,453.05,451.2,451.85,9887
2026-04-20 10:05:00,451.85,452.35,451.6,451.75,4868
2026-04-20 10:15:00,451.65,452.25,451.1,452.25,3678
2026-04-20 10:25:00,452.25,452.95,451.9,452.95,5306
2026-04-20 10:35:00,452.95,454.0,452.65,454.0,7761
2026-04-20 10:45:00,454.3,454.4,453.7,453.75,12050
2026-04-20 10:55:00,453.75,453.8,453.1,453.7,4000
2026-04-20 11:05:00,453.7,454.25,453.2,453.5,5140
2026-04-20 11:15:00,453.2,454.0,453.0,454.0,3034
2026-04-20 11:25:00,454.0,454.1,453.3,453.35,3851
2026-04-20 11:35:00,453.35,454.5,453.3,454.45,5736
2026-04-20 11:45:00,454.45,454.45,454.0,454.1,1742
2026-04-20 11:55:00,454.1,454.45,453.85,454.0,4459
2026-04-20 12:05:00,454.2,454.2,453.0,453.3,3133
2026-04-20 12:15:00,453.3,454.0,453.1,454.0,3400
2026-04-20 12:25:00,454.0,454.5,453.45,454.4,5586
2026-04-20 12:35:00,454.4,454.5,454.0,454.5,3501
2026-04-20 12:45:00,454.45,454.8,454.0,454.55,8784
2026-04-20 12:55:00,454.55,454.6,453.6,454.6,7228
2026-04-20 13:05:00,454.6,455.4,453.35,454.0,7047
2026-04-20 13:15:00,454.0,454.0,453.0,453.4,8121
2026-04-20 13:25:00,453.4,453.4,451.7,452.0,19855
2026-04-20 13:35:00,452.0,452.9,451.1,452.45,5846
2026-04-20 13:45:00,452.45,452.55,452.05,452.1,2097
2026-04-20 13:55:00,452.1,453.0,452.05,453.0,3296
2026-04-20 14:05:00,452.85,453.1,452.35,452.65,2273
2026-04-20 14:15:00,452.65,453.0,452.25,453.0,1906
2026-04-20 14:25:00,453.0,454.1,452.75,453.6,6505
2026-04-20 14:35:00,453.6,453.8,452.9,452.95,1600
2026-04-20 14:45:00,452.95,453.1,452.3,452.65,1996
2026-04-20 14:55:00,452.65,452.9,451.55,452.0,8888
2026-04-20 15:05:00,452.0,452.35,451.1,451.75,14543
2026-04-20 15:15:00,451.75,452.1,449.2,449.45,24992
2026-04-20 15:25:00,449.45,449.9,449.15,449.3,16232
2026-04-21 09:15:00,452.5,454.4,450.3,453.3,36379
2026-04-21 09:25:00,453.2,455.25,452.5,454.95,25609
2026-04-21 09:35:00,454.95,455.85,454.3,455.8,21849
2026-04-21 09:45:00,455.8,455.8,454.85,454.85,14878
2026-04-21 09:55:00,454.9,455.15,454.4,454.85,10356
2026-04-21 10:05:00,454.85,455.45,454.1,455.35,5847
2026-04-21 10:15:00,455.35,455.75,455.05,455.3,5542
2026-04-21 10:25:00,455.3,455.45,454.55,454.75,13276
2026-04-21 10:35:00,454.75,455.5,454.55,455.3,4021
2026-04-21 10:45:00,455.3,455.5,454.6,455.2,2651
2026-04-21 10:55:00,455.2,455.5,453.85,454.55,10176
2026-04-21 11:05:00,454.55,455.3,454.25,455.05,7140
2026-04-21 11:15:00,455.05,455.2,454.5,454.8,3014
2026-04-21 11:25:00,454.8,454.85,453.85,454.05,2626
2026-04-21 11:35:00,454.05,454.2,453.65,453.95,1303
2026-04-21 11:45:00,453.95,454.7,453.95,454.1,4026
2026-04-21 11:55:00,454.1,454.7,453.65,453.95,3567
2026-04-21 12:05:00,453.85,454.25,453.2,453.9,2801
2026-04-21 12:15:00,453.9,454.95,453.9,454.5,10839
2026-04-21 12:25:00,454.5,455.45,454.3,455.1,4985
2026-04-21 12:35:00,455.1,455.1,453.9,454.1,3881
2026-04-21 12:45:00,454.1,454.5,454.1,454.5,2850
2026-04-21 12:55:00,454.5,454.9,454.4,454.85,4830
2026-04-21 13:05:00,454.85,455.0,454.65,454.85,1377
2026-04-21 13:15:00,454.85,455.2,450.15,450.7,48428
2026-04-21 13:25:00,450.7,451.2,450.1,450.5,35937
2026-04-21 13:35:00,450.5,451.35,449.7,450.7,45923
2026-04-21 13:45:00,450.7,451.9,450.65,451.55,4662
2026-04-21 13:55:00,451.55,451.85,451.35,451.8,3392
2026-04-21 14:05:00,451.8,452.4,451.6,452.0,7361
2026-04-21 14:15:00,451.75,452.2,451.7,452.2,1807
2026-04-21 14:25:00,452.2,452.3,451.85,451.85,2774
2026-04-21 14:35:00,451.85,452.15,451.2,451.45,3221
2026-04-21 14:45:00,451.45,451.75,451.2,451.2,4216
2026-04-21 14:55:00,451.2,452.0,451.2,451.6,4995
2026-04-21 15:05:00,451.8,451.95,451.0,451.95,17348
2026-04-21 15:15:00,451.7,451.85,450.7,451.35,17745
2026-04-21 15:25:00,451.25,451.85,450.85,451.8,5891
2026-04-22 09:15:00,453.0,453.5,451.0,451.45,31499
2026-04-22 09:25:00,451.45,452.6,450.4,452.4,16188
2026-04-22 09:35:00,452.4,453.95,452.35,452.45,14371
2026-04-22 09:45:00,452.45,452.45,451.2,452.3,7063
2026-04-22 09:55:00,451.75,452.75,451.05,451.6,14230
2026-04-22 10:05:00,451.6,455.0,451.35,452.65,47437
2026-04-22 10:15:00,452.65,453.75,451.9,453.05,12932
2026-04-22 10:25:00,453.05,453.5,452.8,453.15,3128
2026-04-22 10:35:00,453.15,453.8,453.0,453.8,4150
2026-04-22 10:45:00,453.8,454.6,453.45,454.35,8528
2026-04-22 10:55:00,454.35,454.6,453.75,453.95,12223
2026-04-22 11:05:00,453.95,454.0,453.5,453.55,3496
2026-04-22 11:15:00,453.55,453.6,453.05,453.15,3724
2026-04-22 11:25:00,453.15,454.4,453.1,453.6,4007
2026-04-22 11:35:00,453.6,453.6,453.25,453.5,1740
2026-04-22 11:45:00,453.1,453.9,452.9,453.8,4215
2026-04-22 11:55:00,453.2,453.9,453.15,453.2,6222
2026-04-22 12:05:00,453.2,454.0,453.2,453.45,5121
2026-04-22 12:15:00,453.5,454.0,453.25,453.85,4808
2026-04-22 12:25:00,453.85,455.0,453.8,454.85,10477
2026-04-22 12:35:00,454.6,457.9,454.6,456.65,57244
2026-04-22 12:45:00,457.15,457.7,456.5,457.35,15300
2026-04-22 12:55:00,457.35,459.0,453.2,453.85,129136
2026-04-22 13:05:00,453.85,454.0,453.05,454.0,110255
2026-04-22 13:15:00,454.0,454.0,452.5,453.1,9418
2026-04-22 13:25:00,452.75,453.3,452.7,453.15,5971
2026-04-22 13:35:00,453.15,453.7,453.05,453.1,7903
2026-04-22 13:45:00,453.1,453.55,449.2,449.65,174462
2026-04-22 13:55:00,449.65,450.0,449.65,449.8,157007
2026-04-22 14:05:00,450.0,450.5,448.4,450.05,66038
2026-04-22 14:15:00,450.05,451.35,450.05,451.3,21151
2026-04-22 14:25:00,451.0,451.7,450.85,450.9,10966
2026-04-22 14:35:00,450.9,451.95,450.9,451.6,12581
2026-04-22 14:45:00,451.6,452.35,451.5,452.1,6967
2026-04-22 14:55:00,452.1,453.05,451.5,451.85,18185
2026-04-22 15:05:00,451.85,452.5,451.6,452.25,33813
2026-04-22 15:15:00,452.25,453.3,452.0,453.0,29047
2026-04-22 15:25:00,452.95,453.0,451.5,452.4,27383
2026-04-23 09:15:00,452.5,455.4,450.15,454.35,38429
2026-04-23 09:25:00,453.9,454.1,452.15,453.7,17641
2026-04-23 09:35:00,453.75,454.3,452.25,452.65,14360
2026-04-23 09:45:00,452.65,453.7,452.2,453.05,6699
2026-04-23 09:55:00,453.05,454.2,452.9,453.35,7144
2026-04-23 10:05:00,453.35,453.65,451.7,452.2,9887
2026-04-23 10:15:00,452.2,452.9,452.2,452.65,6366
2026-04-23 10:25:00,452.65,452.65,451.1,451.35,4508
2026-04-23 10:35:00,451.35,451.35,450.15,450.15,6422
2026-04-23 10:45:00,450.15,450.5,449.15,450.1,11795
2026-04-23 10:55:00,450.1,450.55,449.5,450.3,1908
2026-04-23 11:05:00,450.3,451.1,450.2,450.5,5032
2026-04-23 11:15:00,450.25,450.7,450.0,450.15,7725
2026-04-23 11:25:00,450.1,450.5,449.95,450.25,3534
2026-04-23 11:35:00,450.3,450.55,449.85,450.35,2629
2026-04-23 11:45:00,450.35,451.65,450.3,451.0,11419
2026-04-23 11:55:00,451.4,451.75,451.15,451.75,1948
2026-04-23 12:05:00,451.65,451.7,451.2,451.5,3430
2026-04-23 12:15:00,451.4,451.6,451.0,451.35,3159
2026-04-23 12:25:00,451.35,451.45,450.1,450.2,8032
2026-04-23 12:35:00,450.2,450.85,450.0,450.7,7617
2026-04-23 12:45:00,450.7,451.0,450.2,450.6,3502
2026-04-23 12:55:00,450.6,451.35,450.3,451.35,1155
2026-04-23 13:05:00,451.4,451.5,450.95,451.05,2071
2026-04-23 13:15:00,451.05,451.4,451.0,451.3,1850
2026-04-23 13:25:00,451.3,451.45,451.0,451.3,5581
2026-04-23 13:35:00,451.3,451.3,449.95,449.95,8741
2026-04-23 13:45:00,449.6,450.0,448.75,449.2,33613
2026-04-23 13:55:00,449.2,449.65,449.1,449.2,4149
2026-04-23 14:05:00,449.2,449.35,448.25,448.35,16567
2026-04-23 14:15:00,448.35,448.8,447.85,448.3,9102
2026-04-23 14:25:00,448.3,448.3,447.0,447.4,15084
2026-04-23 14:35:00,447.45,447.5,446.35,446.7,9165
2026-04-23 14:45:00,446.7,447.4,446.4,447.3,5104
2026-04-23 14:55:00,447.3,448.5,447.0,447.95,11878
2026-04-23 15:05:00,447.8,447.95,447.15,447.7,16368
2026-04-23 15:15:00,447.5,447.5,446.0,446.35,22316
2026-04-23 15:25:00,446.35,447.0,446.0,447.0,14204
2026-04-24 09:15:00,449.9,450.2,445.1,446.35,24662
2026-04-24 09:25:00,446.35,446.55,444.0,444.0,18819
2026-04-24 09:35:00,444.3,445.55,442.15,444.15,21169
2026-04-24 09:45:00,444.15,444.15,441.7,442.15,13092
2026-04-24 09:55:00,442.15,445.15,441.45,445.1,9831
2026-04-24 10:05:00,445.1,445.95,444.35,444.85,11398
2026-04-24 10:15:00,444.65,444.65,442.0,442.15,26027
2026-04-24 10:25:00,442.15,442.95,441.75,442.3,3068
2026-04-24 10:35:00,442.3,442.8,441.7,441.75,4263
2026-04-24 10:45:00,441.75,441.75,440.8,441.4,19646
2026-04-24 10:55:00,441.4,441.55,439.4,439.75,13071
2026-04-24 11:05:00,439.75,440.4,439.4,439.95,4884
2026-04-24 11:15:00,439.95,440.4,439.55,440.1,8463
2026-04-24 11:25:00,440.1,440.6,439.6,440.3,3202
2026-04-24 11:35:00,440.3,440.8,440.2,440.4,2341
2026-04-24 11:45:00,440.4,440.4,439.0,439.7,24315
2026-04-24 11:55:00,439.95,440.6,439.35,440.3,14899
2026-04-24 12:05:00,440.3,441.85,440.3,441.85,4083
2026-04-24 12:15:00,441.85,442.5,441.55,442.0,2011
2026-04-24 12:25:00,442.0,442.0,440.85,441.15,2225
2026-04-24 12:35:00,441.15,441.45,440.75,440.75,1272
2026-04-24 12:45:00,440.75,441.5,440.7,441.3,1171
2026-04-24 12:55:00,441.3,442.7,441.3,441.5,7061
2026-04-24 13:05:00,441.5,441.75,440.3,440.7,2880
2026-04-24 13:15:00,440.7,441.1,440.3,440.8,3380
2026-04-24 13:25:00,440.8,441.2,440.45,440.5,1953
2026-04-24 13:35:00,440.5,440.9,439.95,440.45,5546
2026-04-24 13:45:00,440.45,441.25,440.1,441.05,1340
2026-04-24 13:55:00,441.05,441.7,441.0,441.05,9054
2026-04-24 14:05:00,441.05,441.8,440.65,441.8,2007
2026-04-24 14:15:00,441.8,442.95,441.55,442.0,4028
2026-04-24 14:25:00,442.5,442.95,442.1,442.75,2340
2026-04-24 14:35:00,442.75,442.95,442.55,442.6,2828
2026-04-24 14:45:00,442.6,442.95,442.35,442.75,7780
2026-04-24 14:55:00,442.75,442.75,441.05,441.2,11697
2026-04-24 15:05:00,441.15,441.35,440.6,440.95,9516
2026-04-24 15:15:00,440.95,441.35,439.95,439.95,15720
2026-04-24 15:25:00,439.6,440.55,439.0,439.0,12292
2026-04-27 09:15:00,441.05,444.5,441.05,443.5,25416
2026-04-27 09:25:00,443.5,445.6,442.6,444.2,31436
2026-04-27 09:35:00,444.2,445.65,443.6,445.0,10032
2026-04-27 09:45:00,445.2,446.75,445.2,446.55,20167
2026-04-27 09:55:00,446.75,446.75,445.85,446.5,4711
2026-04-27 10:05:00,446.5,446.75,445.55,445.9,6731
2026-04-27 10:15:00,445.9,447.6,445.9,446.75,12831
2026-04-27 10:25:00,446.75,447.4,446.5,447.0,5725
2026-04-27 10:35:00,447.0,448.0,447.0,447.85,6747
2026-04-27 10:45:00,447.85,447.85,447.25,447.5,5687
2026-04-27 10:55:00,447.8,447.8,446.1,446.2,4442
2026-04-27 11:05:00,446.2,446.2,445.3,445.95,10080
2026-04-27 11:15:00,445.95,446.0,445.15,445.55,2192
2026-04-27 11:25:00,445.55,445.9,445.15,445.9,8199
2026-04-27 11:35:00,445.9,446.15,445.35,445.65,3968
2026-04-27 11:45:00,445.65,446.0,445.6,446.0,1091
2026-04-27 11:55:00,446.0,446.3,445.7,446.25,1672
2026-04-27 12:05:00,446.25,446.25,445.65,446.25,1683
2026-04-27 12:15:00,446.25,446.75,446.0,446.3,1400
2026-04-27 12:25:00,446.3,446.5,445.8,446.5,3987
2026-04-27 12:35:00,446.5,446.9,445.8,446.0,4822
2026-04-27 12:45:00,446.0,446.35,445.85,445.85,1735
2026-04-27 12:55:00,445.85,446.0,445.55,446.0,1196
2026-04-27 13:05:00,446.0,446.6,445.9,446.1,3103
2026-04-27 13:15:00,446.1,446.75,445.85,446.2,17161
2026-04-27 13:25:00,446.2,446.8,446.1,446.1,3675
2026-04-27 13:35:00,446.1,446.8,446.05,446.45,3282
2026-04-27 13:45:00,446.45,447.4,446.45,446.65,5970
2026-04-27 13:55:00,446.65,446.75,445.7,445.8,4050
2026-04-27 14:05:00,445.8,446.75,445.8,446.65,1837
2026-04-27 14:15:00,446.65,447.0,446.0,446.85,8828
2026-04-27 14:25:00,446.2,447.0,446.05,446.5,4087
2026-04-27 14:35:00,446.5,446.9,445.5,445.9,5829
2026-04-27 14:45:00,445.9,446.3,445.55,446.2,4541
2026-04-27 14:55:00,446.2,446.2,445.5,445.85,3260
2026-04-27 15:05:00,445.85,446.5,445.7,445.95,10249
2026-04-27 15:15:00,445.95,446.3,445.5,446.0,10180
2026-04-27 15:25:00,445.8,446.45,445.5,445.5,10485
2026-04-28 09:15:00,447.9,455.85,446.1,454.8,95196
2026-04-28 09:25:00,454.8,455.0,450.6,451.6,38384
2026-04-28 09:35:00,451.25,452.5,450.8,452.15,10104
2026-04-28 09:45:00,452.6,452.7,451.2,451.75,11544
2026-04-28 09:55:00,451.75,451.8,450.5,450.85,9460
2026-04-28 10:05:00,450.85,452.3,450.55,451.95,5605
2026-04-28 10:15:00,451.95,453.4,451.95,452.75,5824
2026-04-28 10:25:00,452.75,453.15,452.35,452.55,4279
2026-04-28 10:35:00,452.55,453.15,451.65,451.8,5426
2026-04-28 10:45:00,451.8,453.65,451.3,453.35,21878
2026-04-28 10:55:00,453.35,455.1,453.35,454.05,20461
2026-04-28 11:05:00,454.25,454.25,453.15,453.9,4951
2026-04-28 11:15:00,453.65,453.85,452.3,452.65,10902
2026-04-28 11:25:00,452.65,452.65,450.95,451.5,9774
2026-04-28 11:35:00,451.25,451.55,450.4,450.5,8702
2026-04-28 11:45:00,450.5,451.0,450.2,450.5,6737
2026-04-28 11:55:00,450.4,450.7,449.05,449.4,11004
2026-04-28 12:05:00,449.4,449.85,449.0,449.0,4435
2026-04-28 12:15:00,449.0,450.4,448.05,449.0,6631
2026-04-28 12:25:00,449.0,449.55,448.0,448.6,6355
2026-04-28 12:35:00,448.6,450.0,448.6,450.0,3826
2026-04-28 12:45:00,450.0,450.1,449.1,449.85,2636
2026-04-28 12:55:00,449.85,451.05,449.8,450.3,6466
2026-04-28 13:05:00,450.3,450.35,449.45,449.75,2410
2026-04-28 13:15:00,449.75,450.15,449.3,450.1,1723
2026-04-28 13:25:00,450.1,450.45,449.5,449.5,8225
2026-04-28 13:35:00,449.5,449.7,449.1,449.15,2942
2026-04-28 13:45:00,449.5,449.55,448.4,448.9,6333
2026-04-28 13:55:00,448.9,449.5,448.9,449.15,2626
2026-04-28 14:05:00,449.15,449.4,448.5,448.5,11969
2026-04-28 14:15:00,448.5,449.05,448.2,448.9,4284
2026-04-28 14:25:00,448.9,450.0,448.55,449.25,7914
2026-04-28 14:35:00,449.25,449.7,449.15,449.45,3622
2026-04-28 14:45:00,449.45,450.5,449.3,450.5,4635
2026-04-28 14:55:00,450.7,451.0,449.05,449.1,21134
2026-04-28 15:05:00,449.05,449.8,448.7,449.05,19478
2026-04-28 15:15:00,449.05,449.15,446.8,447.55,67233
2026-04-28 15:25:00,447.55,449.15,446.5,446.5,13120
2026-04-29 09:15:00,453.0,453.0,448.5,449.0,21019
2026-04-29 09:25:00,449.0,450.75,449.0,449.65,15355
2026-04-29 09:35:00,449.65,450.1,448.8,449.6,6621
2026-04-29 09:45:00,449.6,450.0,448.5,448.75,5297
2026-04-29 09:55:00,448.55,449.95,448.15,448.75,3918
2026-04-29 10:05:00,448.75,450.55,448.75,450.55,9674
2026-04-29 10:15:00,450.55,450.9,450.15,450.6,2571
2026-04-29 10:25:00,450.6,450.65,449.7,449.75,7909
2026-04-29 10:35:00,449.75,450.5,449.7,450.25,4601
2026-04-29 10:45:00,450.25,450.5,449.7,450.45,4418
2026-04-29 10:55:00,450.45,455.1,450.25,452.9,56757
2026-04-29 11:05:00,452.45,453.1,451.15,451.15,25389
2026-04-29 11:15:00,451.7,454.05,451.7,453.1,11659
2026-04-29 11:25:00,453.1,453.55,452.2,452.6,10446
2026-04-29 11:35:00,452.6,453.45,452.5,452.9,4737
2026-04-29 11:45:00,452.9,454.1,452.6,453.0,16804
2026-04-29 11:55:00,453.0,454.4,452.95,453.75,18613
2026-04-29 12:05:00,453.75,455.0,453.4,454.3,26296
2026-04-29 12:15:00,454.3,454.8,453.45,453.9,15447
2026-04-29 12:25:00,453.9,454.5,453.5,454.2,9833
2026-04-29 12:35:00,454.5,454.5,453.25,453.75,15117
2026-04-29 12:45:00,453.75,453.75,452.3,453.45,11983
2026-04-29 12:55:00,453.45,453.85,453.1,453.5,5229
2026-04-29 13:05:00,453.5,456.95,453.2,455.65,91994
2026-04-29 13:15:00,455.5,457.0,455.15,455.8,38661
2026-04-29 13:25:00,455.85,456.3,455.55,456.25,13922
2026-04-29 13:35:00,456.25,456.3,453.0,453.45,33867
2026-04-29 13:45:00,453.5,454.45,453.0,454.0,12679
2026-04-29 13:55:00,454.0,454.75,451.5,451.8,21242
2026-04-29 14:05:00,451.95,453.6,451.7,452.55,12332
2026-04-29 14:15:00,452.55,452.55,450.05,451.0,33855
2026-04-29 14:25:00,451.0,451.0,449.9,449.95,11880
2026-04-29 14:35:00,449.8,450.35,449.4,449.85,29007
2026-04-29 14:45:00,450.1,450.65,449.85,450.4,8348
2026-04-29 14:55:00,450.4,452.0,449.5,450.5,40396
2026-04-29 15:05:00,450.4,451.05,450.1,450.6,17788
2026-04-29 15:15:00,450.45,450.8,449.65,450.75,20371
2026-04-29 15:25:00,450.7,451.9,450.0,450.9,14879
2026-04-30 09:15:00,452.0,455.0,445.5,445.5,87912
2026-04-30 09:25:00,445.5,450.2,445.0,449.85,35446
2026-04-30 09:35:00,450.05,450.25,447.25,449.55,27125
2026-04-30 09:45:00,449.55,449.85,447.7,447.85,24975
2026-04-30 09:55:00,447.85,447.9,446.15,446.75,14927
2026-04-30 10:05:00,446.5,447.05,444.1,444.75,41345
2026-04-30 10:15:00,444.8,445.95,441.5,441.85,19818
2026-04-30 10:25:00,441.85,442.5,440.25,440.45,30352
2026-04-30 10:35:00,440.45,442.85,440.3,441.85,17896
2026-04-30 10:45:00,441.7,441.85,437.6,438.15,29107
2026-04-30 10:55:00,438.15,438.8,437.0,437.5,17022
2026-04-30 11:05:00,437.5,438.2,436.15,436.75,23741
2026-04-30 11:15:00,436.7,438.0,436.6,437.95,7417
2026-04-30 11:25:00,437.95,438.0,437.0,437.75,24553
2026-04-30 11:35:00,437.75,438.45,437.25,438.1,10426
2026-04-30 11:45:00,438.1,438.7,437.0,438.7,14681
2026-04-30 11:55:00,438.7,438.7,437.4,438.0,7115
2026-04-30 12:05:00,438.0,440.55,437.9,440.55,13758
2026-04-30 12:15:00,440.55,441.0,439.4,440.45,14865
2026-04-30 12:25:00,440.45,441.15,440.0,440.25,6928
2026-04-30 12:35:00,440.25,440.75,439.45,440.05,12911
2026-04-30 12:45:00,439.75,440.85,439.75,440.3,12916
2026-04-30 12:55:00,440.3,441.15,439.75,440.1,9337
2026-04-30 13:05:00,440.1,440.3,439.05,439.55,8681
2026-04-30 13:15:00,439.55,439.8,438.85,439.2,14109
2026-04-30 13:25:00,438.9,441.5,438.85,440.6,14221
2026-04-30 13:35:00,440.65,441.7,439.5,439.8,32037
2026-04-30 13:45:00,440.05,441.25,439.7,440.65,21061
2026-04-30 13:55:00,440.65,442.5,440.0,440.05,17696
2026-04-30 14:05:00,440.05,441.25,439.5,440.4,10415
2026-04-30 14:15:00,440.15,440.6,439.5,439.75,9906
2026-04-30 14:25:00,439.75,440.6,439.4,440.45,17064
2026-04-30 14:35:00,440.45,441.25,440.0,440.5,18161
2026-04-30 14:45:00,440.75,440.85,440.0,440.5,10209
2026-04-30 14:55:00,440.05,440.8,437.6,437.9,55788
2026-04-30 15:05:00,437.95,438.8,437.6,438.5,38121
2026-04-30 15:15:00,438.55,438.75,437.4,437.75,55866
2026-04-30 15:25:00,437.75,438.8,437.35,438.0,31260
2026-05-04 09:15:00,443.8,448.6,440.0,447.55,96353
2026-05-04 09:25:00,447.55,449.0,446.3,446.8,34441
2026-05-04 09:35:00,447.0,448.55,446.35,447.75,10980
2026-05-04 09:45:00,447.95,448.1,446.5,446.75,11424
2026-05-04 09:55:00,446.75,447.7,444.55,444.75,23988
2026-05-04 10:05:00,444.75,445.35,443.3,443.35,8797
2026-05-04 10:15:00,443.35,443.35,441.85,442.35,36809
2026-05-04 10:25:00,442.35,444.3,441.85,443.95,9216
2026-05-04 10:35:00,444.0,444.5,443.4,443.85,7512
2026-05-04 10:45:00,443.85,444.25,443.25,443.7,2813
2026-05-04 10:55:00,443.7,444.65,443.15,444.65,3930
2026-05-04 11:05:00,444.65,445.35,444.5,444.75,3098
2026-05-04 11:15:00,445.0,445.55,444.9,444.9,4402
2026-05-04 11:25:00,444.9,445.0,444.0,444.95,4085
2026-05-04 11:35:00,444.95,444.95,444.2,444.35,2305
2026-05-04 11:45:00,444.35,444.55,443.75,443.8,5701
2026-05-04 11:55:00,443.8,444.0,443.35,443.6,2812
2026-05-04 12:05:00,443.6,443.95,442.55,442.55,15063
2026-05-04 12:15:00,442.55,443.05,442.1,442.9,5472
2026-05-04 12:25:00,443.05,443.15,442.25,442.4,4006
2026-05-04 12:35:00,442.25,442.45,441.9,442.0,18123
2026-05-04 12:45:00,441.95,442.05,441.25,441.55,15102
2026-05-04 12:55:00,441.55,442.0,441.4,441.75,2263
2026-05-04 13:05:00,441.7,442.85,441.6,442.45,1663
2026-05-04 13:15:00,442.45,443.0,441.0,441.05,5759
2026-05-04 13:25:00,441.05,441.35,439.6,439.8,11509
2026-05-04 13:35:00,439.85,442.1,439.35,441.85,12412
2026-05-04 13:45:00,441.6,442.15,441.0,441.5,7198
2026-05-04 13:55:00,441.5,441.5,440.5,440.65,4269
2026-05-04 14:05:00,440.65,442.25,440.55,442.25,4417
2026-05-04 14:15:00,441.95,442.55,441.45,441.7,6098
2026-05-04 14:25:00,441.7,441.8,441.15,441.5,2772
2026-05-04 14:35:00,441.5,441.8,440.2,440.75,8561
2026-05-04 14:45:00,440.7,441.25,440.45,440.85,10197
2026-05-04 14:55:00,441.25,442.35,440.75,442.1,21059
2026-05-04 15:05:00,442.05,442.05,440.85,441.05,15275
2026-05-04 15:15:00,441.05,441.8,440.55,441.3,19710
2026-05-04 15:25:00,441.3,443.6,440.85,442.8,23577
2026-05-05 09:15:00,441.55,443.4,439.1,439.95,40954
2026-05-05 09:25:00,440.1,442.25,440.1,441.2,16668
2026-05-05 09:35:00,441.2,441.35,439.0,440.9,9609
2026-05-05 09:45:00,440.95,441.45,440.4,441.35,1475
2026-05-05 09:55:00,441.35,441.5,440.8,440.85,4119
2026-05-05 10:05:00,440.85,441.5,440.4,440.55,4728
2026-05-05 10:15:00,440.55,440.65,439.3,439.5,15622
2026-05-05 10:25:00,439.65,439.9,439.05,439.75,13837
2026-05-05 10:35:00,439.75,439.75,439.05,439.3,3935
2026-05-05 10:45:00,439.45,439.8,439.2,439.5,1460
2026-05-05 10:55:00,439.7,439.7,439.05,439.3,1687
2026-05-05 11:05:00,439.3,439.3,439.15,439.3,1657
2026-05-05 11:15:00,439.3,439.3,439.05,439.05,4242
2026-05-05 11:25:00,439.25,439.5,439.1,439.5,2540
2026-05-05 11:35:00,439.5,439.6,439.3,439.4,2395
2026-05-05 11:45:00,439.35,439.35,437.8,437.85,23007
2026-05-05 11:55:00,437.85,438.5,437.7,438.4,3628
2026-05-05 12:05:00,438.4,439.2,438.4,439.1,2065
2026-05-05 12:15:00,439.1,439.7,438.9,439.5,2303
2026-05-05 12:25:00,439.5,439.8,439.1,439.3,953
2026-05-05 12:35:00,439.3,441.0,439.1,440.55,5960
2026-05-05 12:45:00,440.55,441.4,440.25,441.3,8036
2026-05-05 12:55:00,441.0,442.2,441.0,441.45,5798
2026-05-05 13:05:00,441.65,441.95,441.0,441.6,3487
2026-05-05 13:15:00,441.6,441.6,440.9,441.0,2068
2026-05-05 13:25:00,441.0,441.6,441.0,441.4,1265
2026-05-05 13:35:00,441.4,441.65,441.15,441.65,3689
2026-05-05 13:45:00,441.65,441.8,441.15,441.4,4159
2026-05-05 13:55:00,441.45,441.9,441.0,441.65,6418
2026-05-05 14:05:00,441.65,441.95,441.05,441.55,3406
2026-05-05 14:15:00,441.3,442.45,441.3,441.65,6369
2026-05-05 14:25:00,441.65,441.65,441.35,441.6,3845
2026-05-05 14:35:00,441.4,442.5,441.4,442.5,2729
2026-05-05 14:45:00,442.5,442.5,441.5,441.9,3930
2026-05-05 14:55:00,441.9,442.9,441.85,442.45,7693
2026-05-05 15:05:00,442.45,443.0,442.0,442.3,11712
2026-05-05 15:15:00,442.05,442.5,442.0,442.45,18124
2026-05-05 15:25:00,442.45,443.25,442.05,442.05,20504
2026-05-06 09:15:00,442.15,447.55,442.15,446.65,56762
2026-05-06 09:25:00,448.45,451.65,447.25,449.7,88849
2026-05-06 09:35:00,449.7,452.0,449.0,451.15,45508
2026-05-06 09:45:00,451.15,451.4,450.05,450.5,20217
2026-05-06 09:55:00,450.5,451.5,449.9,449.9,15436
2026-05-06 10:05:00,449.9,453.7,449.2,453.0,36874
2026-05-06 10:15:00,453.3,453.3,452.0,452.45,15934
2026-05-06 10:25:00,452.45,452.5,451.0,451.4,8467
2026-05-06 10:35:00,451.4,451.55,450.05,451.0,14154
2026-05-06 10:45:00,451.0,451.2,449.05,450.0,11703
2026-05-06 10:55:00,450.0,450.0,448.55,449.0,11360
2026-05-06 11:05:00,449.0,450.0,448.15,448.85,10384
2026-05-06 11:15:00,448.85,449.9,448.85,449.5,5013
2026-05-06 11:25:00,449.5,450.65,449.2,450.65,3891
2026-05-06 11:35:00,450.65,450.65,448.85,449.3,8516
2026-05-06 11:45:00,449.3,449.95,448.55,449.0,14903
2026-05-06 11:55:00,449.0,449.65,449.0,449.15,5198
2026-05-06 12:05:00,449.5,449.65,448.3,448.55,6257
2026-05-06 12:15:00,448.55,449.0,447.25,447.6,3744
2026-05-06 12:25:00,447.6,448.0,447.1,447.2,5289
2026-05-06 12:35:00,447.2,447.55,446.65,446.65,4215
2026-05-06 12:45:00,446.65,446.85,445.15,445.65,7987
2026-05-06 12:55:00,445.65,445.95,445.4,445.7,1883
2026-05-06 13:05:00,445.5,447.4,445.5,446.85,3633
2026-05-06 13:15:00,446.85,447.5,446.3,447.05,5013
2026-05-06 13:25:00,447.05,447.95,447.0,447.55,14252
2026-05-06 13:35:00,447.55,447.8,446.85,446.85,2967
2026-05-06 13:45:00,446.85,448.1,446.75,447.7,7842
2026-05-06 13:55:00,447.7,448.5,447.6,448.5,4276
2026-05-06 14:05:00,448.5,449.4,448.35,449.4,10470
2026-05-06 14:15:00,449.4,451.5,449.1,450.8,20198
2026-05-06 14:25:00,451.1,452.0,450.95,451.05,12963
2026-05-06 14:35:00,451.05,451.85,450.65,451.5,11795
2026-05-06 14:45:00,451.5,453.4,451.5,452.05,60945
2026-05-06 14:55:00,452.05,452.5,451.65,451.65,13597
2026-05-06 15:05:00,452.2,452.8,451.65,452.1,17424
2026-05-06 15:15:00,452.1,453.45,452.1,453.0,26033
2026-05-06 15:25:00,453.4,453.5,451.5,452.8,24919
2026-05-07 09:15:00,455.8,456.5,451.6,452.8,42956
2026-05-07 09:25:00,452.8,452.9,450.65,451.7,15995
2026-05-07 09:35:00,451.5,453.45,451.3,452.85,34470
2026-05-07 09:45:00,452.5,452.8,450.25,450.5,19305
2026-05-07 09:55:00,450.5,451.5,450.5,451.15,5891
2026-05-07 10:05:00,451.15,452.1,450.65,451.85,7830
2026-05-07 10:15:00,451.85,453.0,451.8,452.85,8913
2026-05-07 10:25:00,452.85,454.6,452.85,454.0,18494
2026-05-07 10:35:00,454.05,455.3,454.0,455.3,15073
2026-05-07 10:45:00,455.3,456.15,455.25,455.6,23222
2026-05-07 10:55:00,455.6,455.85,454.8,455.3,7570
2026-05-07 11:05:00,455.3,455.3,453.75,454.8,6771
2026-05-07 11:15:00,454.8,455.3,454.0,454.35,33023
2026-05-07 11:25:00,454.35,456.35,454.35,456.25,9573
2026-05-07 11:35:00,455.7,455.8,454.5,454.95,9874
2026-05-07 11:45:00,454.95,455.0,454.15,454.95,2279
2026-05-07 11:55:00,454.95,455.8,454.6,455.75,5497
2026-05-07 12:05:00,455.75,456.1,455.25,455.35,9638
2026-05-07 12:15:00,455.35,455.95,455.25,455.3,4529
2026-05-07 12:25:00,455.3,456.0,454.8,455.05,11777
2026-05-07 12:35:00,455.05,456.45,455.05,456.0,6143
2026-05-07 12:45:00,456.0,456.4,455.45,456.25,8897
2026-05-07 12:55:00,456.25,456.25,455.4,456.0,6430
2026-05-07 13:05:00,456.0,456.1,455.15,455.35,7596
2026-05-07 13:15:00,455.35,455.4,454.05,455.0,7884
2026-05-07 13:25:00,455.35,456.0,455.1,455.75,9226
2026-05-07 13:35:00,455.75,455.95,455.0,455.65,22717
2026-05-07 13:45:00,455.65,456.0,455.4,455.75,12525
2026-05-07 13:55:00,455.8,456.4,454.55,454.6,19838
2026-05-07 14:05:00,454.6,454.8,453.55,454.2,30430
2026-05-07 14:15:00,454.2,455.05,453.55,454.9,7196
2026-05-07 14:25:00,454.9,455.65,454.65,454.65,2587
2026-05-07 14:35:00,454.65,455.1,454.3,454.85,7851
2026-05-07 14:45:00,455.05,455.3,454.0,454.9,6904
2026-05-07 14:55:00,454.9,455.35,453.85,454.3,24563
2026-05-07 15:05:00,454.45,454.45,453.8,453.85,29019
2026-05-07 15:15:00,453.9,454.5,453.15,453.4,32185
2026-05-07 15:25:00,453.4,454.15,453.0,453.9,21599
2026-05-08 09:15:00,456.45,460.15,455.0,456.45,129042
2026-05-08 09:25:00,456.45,456.8,454.15,454.85,52188
2026-05-08 09:35:00,454.85,455.1,452.7,453.0,34972
2026-05-08 09:45:00,453.15,454.5,451.55,454.25,34565
2026-05-08 09:55:00,454.25,454.9,452.55,452.95,23657
2026-05-08 10:05:00,452.95,453.5,452.4,453.5,10319
2026-05-08 10:15:00,453.15,454.2,452.9,453.65,17508
2026-05-08 10:25:00,453.65,455.1,453.5,454.5,54073
2026-05-08 10:35:00,454.85,457.25,454.0,456.95,75813
2026-05-08 10:45:00,456.95,456.95,455.2,456.65,54548
2026-05-08 10:55:00,457.0,457.0,455.7,456.4,20324
2026-05-08 11:05:00,456.4,456.4,455.55,455.6,4295
2026-05-08 11:15:00,455.6,456.85,455.5,455.8,10649
2026-05-08 11:25:00,455.8,455.8,454.8,455.45,6699
2026-05-08 11:35:00,455.45,456.4,455.1,456.15,3777
2026-05-08 11:45:00,456.0,456.05,455.1,455.35,4321
2026-05-08 11:55:00,455.35,456.35,455.1,456.15,3836
2026-05-08 12:05:00,456.15,457.15,455.85,456.45,14419
2026-05-08 12:15:00,456.45,456.5,455.55,456.0,9415
2026-05-08 12:25:00,456.0,456.45,455.65,455.7,4114
2026-05-08 12:35:00,455.55,455.9,455.15,455.65,4188
2026-05-08 12:45:00,455.65,455.7,454.7,455.55,6772
2026-05-08 12:55:00,455.55,455.75,454.85,455.1,2484
2026-05-08 13:05:00,455.1,455.9,454.75,455.5,6683
2026-05-08 13:15:00,455.5,455.9,454.95,455.05,4105
2026-05-08 13:25:00,455.4,456.1,455.4,456.1,7389
2026-05-08 13:35:00,456.1,456.2,455.05,455.35,6872
2026-05-08 13:45:00,455.35,455.9,455.0,455.4,5466
2026-05-08 13:55:00,455.4,456.0,454.8,455.45,6094
2026-05-08 14:05:00,455.25,456.0,454.95,454.95,7144
2026-05-08 14:15:00,454.95,455.45,454.85,455.0,2139
2026-05-08 14:25:00,455.0,456.4,454.85,456.0,23754
2026-05-08 14:35:00,456.0,456.45,455.9,455.9,5372
2026-05-08 14:45:00,455.9,456.5,455.9,456.1,17930
2026-05-08 14:55:00,456.05,456.5,455.45,455.7,33361
2026-05-08 15:05:00,455.7,456.25,455.15,455.35,20691
2026-05-08 15:15:00,455.35,456.1,455.35,455.85,29220
2026-05-08 15:25:00,455.6,456.3,455.0,455.85,21454
2026-05-11 09:15:00,451.0,456.5,446.0,454.7,230670
2026-05-11 09:25:00,454.7,454.95,453.05,453.7,43805
2026-05-11 09:35:00,453.7,454.25,453.0,453.4,35823
2026-05-11 09:45:00,453.4,454.0,452.15,454.0,30667
2026-05-11 09:55:00,454.0,454.0,452.25,453.0,19950
2026-05-11 10:05:00,453.1,453.8,452.35,453.05,10525
2026-05-11 10:15:00,453.05,453.45,452.4,452.9,9369
2026-05-11 10:25:00,452.85,453.2,452.25,452.45,3190
2026-05-11 10:35:00,452.45,453.45,452.05,453.4,6522
2026-05-11 10:45:00,453.4,453.95,452.3,453.95,34085
2026-05-11 10:55:00,453.8,453.85,453.0,453.65,5511
2026-05-11 11:05:00,453.7,454.0,453.45,453.8,8346
2026-05-11 11:15:00,453.8,453.8,452.95,452.95,2900
2026-05-11 11:25:00,452.95,453.35,452.5,452.85,4303
2026-05-11 11:35:00,452.8,453.5,452.4,453.5,5543
2026-05-11 11:45:00,453.5,453.55,453.05,453.5,2624
2026-05-11 11:55:00,453.5,453.7,452.7,452.7,5457
2026-05-11 12:05:00,452.7,454.15,452.5,453.85,25855
2026-05-11 12:15:00,453.45,453.95,453.05,453.95,4035
2026-05-11 12:25:00,453.95,454.0,453.1,453.5,2248
2026-05-11 12:35:00,453.5,453.6,452.9,453.55,3556
2026-05-11 12:45:00,453.55,453.85,453.1,453.85,1533
2026-05-11 12:55:00,453.85,453.9,453.35,453.45,3977
2026-05-11 13:05:00,453.75,454.4,453.1,454.4,5540
2026-05-11 13:15:00,454.4,454.65,453.9,454.45,3815
2026-05-11 13:25:00,454.45,454.8,453.7,454.8,4796
2026-05-11 13:35:00,454.8,455.4,454.05,454.05,16920
2026-05-11 13:45:00,454.05,455.85,454.05,455.7,5597
2026-05-11 13:55:00,455.7,455.7,454.45,454.8,3368
2026-05-11 14:05:00,454.8,455.7,454.6,455.05,4976
2026-05-11 14:15:00,455.25,455.4,454.7,455.3,3361
2026-05-11 14:25:00,455.25,455.3,454.6,455.0,5707
2026-05-11 14:35:00,455.0,455.0,454.0,454.2,13764
2026-05-11 14:45:00,454.2,454.55,453.5,453.8,20893
2026-05-11 14:55:00,454.15,454.4,452.5,452.95,25646
2026-05-11 15:05:00,452.65,453.1,451.35,451.4,36465
2026-05-11 15:15:00,451.6,452.5,451.3,452.1,26111
2026-05-11 15:25:00,452.15,452.5,451.95,452.35,11560
2026-05-12 09:15:00,452.3,452.3,446.3,446.75,51505
2026-05-12 09:25:00,446.75,447.3,443.0,443.0,39168
2026-05-12 09:35:00,443.1,446.85,443.0,446.15,30003
2026-05-12 09:45:00,446.15,446.7,445.45,445.95,22233
2026-05-12 09:55:00,445.85,446.6,445.45,446.05,5651
2026-05-12 10:05:00,446.05,447.3,445.0,447.2,9346
2026-05-12 10:15:00,447.2,447.9,446.6,446.85,6126
2026-05-12 10:25:00,446.85,446.85,446.05,446.5,5429
2026-05-12 10:35:00,446.5,446.5,446.05,446.15,2429
2026-05-12 10:45:00,446.15,446.35,445.2,445.2,2632
2026-05-12 10:55:00,445.2,446.4,445.2,445.5,4885
2026-05-12 11:05:00,445.5,445.95,445.0,445.0,11221
2026-05-12 11:15:00,445.0,445.45,444.0,445.15,8301
2026-05-12 11:25:00,445.15,446.0,444.7,445.0,4982
2026-05-12 11:35:00,445.0,446.0,444.55,445.2,10597
2026-05-12 11:45:00,445.5,446.6,445.1,446.15,4082
2026-05-12 11:55:00,446.15,446.55,445.55,445.9,6216
2026-05-12 12:05:00,445.9,446.45,445.6,445.85,4988
2026-05-12 12:15:00,445.85,446.8,445.5,446.0,4731
2026-05-12 12:25:00,446.0,446.0,444.1,444.3,7955
2026-05-12 12:35:00,444.3,444.5,443.55,444.3,3475
2026-05-12 12:45:00,444.5,444.9,443.9,444.25,2445
2026-05-12 12:55:00,444.5,445.7,444.3,445.25,6259
2026-05-12 13:05:00,445.25,445.3,443.45,443.7,2544
2026-05-12 13:15:00,444.2,444.6,443.35,443.35,4073
2026-05-12 13:25:00,443.8,443.95,443.3,443.75,2793
2026-05-12 13:35:00,443.75,443.8,441.2,441.85,25891
2026-05-12 13:45:00,441.85,441.85,440.7,440.7,24815
2026-05-12 13:55:00,440.7,441.1,439.6,439.85,35339
2026-05-12 14:05:00,439.85,440.0,439.0,439.35,7150
2026-05-12 14:15:00,439.35,439.55,437.7,439.4,38807
2026-05-12 14:25:00,439.4,439.6,438.15,438.5,8082
2026-05-12 14:35:00,438.3,438.3,437.0,437.75,7602
2026-05-12 14:45:00,437.75,437.8,436.5,436.85,10369
2026-05-12 14:55:00,436.85,437.4,434.05,435.8,42207
2026-05-12 15:05:00,435.75,436.0,431.5,433.6,50806
2026-05-12 15:15:00,433.75,434.05,432.0,433.35,34487
2026-05-12 15:25:00,433.35,436.45,432.9,436.1,21329
2026-05-13 09:15:00,435.0,437.35,431.5,434.9,50204
2026-05-13 09:20:00,434.65,435.1,431.5,432.8,7587199
2026-05-13 09:25:00,434.35,434.55,431.0,431.6,31858
2026-05-13 09:35:00,431.65,432.65,429.6,432.65,28476
2026-05-13 09:45:00,432.25,432.85,430.0,431.45,18519
2026-05-13 09:55:00,431.45,432.85,430.55,432.4,14646
2026-05-13 10:05:00,432.55,433.3,431.3,433.15,12510
2026-05-13 10:15:00,433.1,434.75,432.95,433.3,21731
2026-05-13 10:25:00,433.5,433.95,433.25,433.65,7379
2026-05-13 10:35:00,433.6,434.0,432.3,432.6,9745
2026-05-13 10:45:00,432.6,433.9,432.15,432.45,24518
2026-05-13 10:55:00,432.45,432.45,429.85,430.7,29103
2026-05-13 11:05:00,430.5,430.5,429.2,429.75,13105
2026-05-13 11:15:00,429.5,431.0,429.45,431.0,7766
2026-05-13 11:25:00,430.75,431.25,430.55,430.7,6076
2026-05-13 11:35:00,430.7,432.2,430.65,431.95,12992
2026-05-13 11:45:00,432.0,432.35,430.55,430.9,15408
2026-05-13 11:55:00,430.55,431.95,430.55,431.45,6731
2026-05-13 12:05:00,431.6,432.8,431.3,432.8,6498
2026-05-13 12:15:00,433.4,433.6,431.85,432.0,10517
2026-05-13 12:25:00,432.0,432.7,431.3,432.2,6176
2026-05-13 12:35:00,432.2,432.25,431.05,431.4,9340
2026-05-13 12:45:00,431.35,432.8,431.35,432.3,5246
2026-05-13 12:55:00,432.7,433.4,432.15,432.25,7171
2026-05-13 13:05:00,432.5,432.6,431.9,432.1,7330
2026-05-13 13:15:00,432.4,432.4,431.1,431.75,9237
2026-05-13 13:25:00,431.75,432.3,431.5,431.85,4440
2026-05-13 13:35:00,431.85,432.25,431.3,431.3,13394
2026-05-13 13:45:00,431.55,431.75,431.0,431.0,7719
2026-05-13 13:55:00,431.0,431.8,430.8,430.85,8814
2026-05-13 14:05:00,431.85,431.85,431.0,431.1,11554
2026-05-13 14:15:00,431.1,431.65,430.5,430.5,7671
2026-05-13 14:25:00,430.5,431.15,430.2,430.9,6502
2026-05-13 14:35:00,430.9,431.15,430.25,430.5,6393
2026-05-13 14:45:00,430.7,431.05,430.05,430.85,11938
2026-05-13 14:55:00,430.7,430.85,428.65,428.75,36902
2026-05-13 15:05:00,429.0,429.1,428.0,428.15,23761
2026-05-13 15:15:00,428.45,428.8,427.9,428.35,37382
2026-05-13 15:25:00,428.4,429.0,427.7,428.7,17892
2026-05-14 09:15:00,432.75,434.9,431.0,433.15,27414
2026-05-14 09:25:00,433.15,434.4,432.35,432.95,12242
2026-05-14 09:35:00,432.8,433.05,429.7,429.8,23564
2026-05-14 09:45:00,429.85,431.45,429.0,429.0,17131
2026-05-14 09:55:00,429.0,429.4,426.65,429.25,18825
2026-05-14 10:05:00,429.0,430.0,428.4,429.95,8250
2026-05-14 10:15:00,429.95,430.25,427.85,428.3,6708
2026-05-14 10:25:00,428.8,429.4,428.05,429.1,3663
2026-05-14 10:35:00,429.1,429.5,428.15,428.15,3914
2026-05-14 10:45:00,428.15,428.65,427.05,428.0,13469
2026-05-14 10:55:00,428.0,428.25,427.25,427.25,5106
2026-05-14 11:05:00,427.35,428.0,426.05,427.35,9018
2026-05-14 11:15:00,427.35,428.65,427.2,428.65,6066
2026-05-14 11:25:00,428.65,428.65,426.8,427.9,5563
2026-05-14 11:35:00,427.9,429.65,427.15,429.65,7637
2026-05-14 11:45:00,429.35,430.5,428.65,429.75,15174
2026-05-14 11:55:00,429.75,431.45,429.6,429.6,13123
2026-05-14 12:05:00,429.6,431.4,429.6,430.3,7885
2026-05-14 12:15:00,430.6,431.65,430.6,431.65,5135
2026-05-14 12:25:00,431.65,431.65,430.85,431.0,4501
2026-05-14 12:35:00,431.0,432.5,430.8,432.5,7488
2026-05-14 12:45:00,432.5,432.7,431.5,432.0,4475
2026-05-14 12:55:00,432.0,432.5,431.45,432.4,11535
2026-05-14 13:05:00,432.45,433.0,432.0,432.8,4690
2026-05-14 13:15:00,432.8,433.3,432.5,432.7,4593
2026-05-14 13:25:00,432.7,433.05,432.2,432.25,5535
2026-05-14 13:35:00,432.25,433.15,430.4,431.0,15847
2026-05-14 13:45:00,431.0,431.0,429.85,429.85,6457
2026-05-14 13:55:00,429.85,430.0,429.8,429.9,4476
2026-05-14 14:05:00,429.55,430.0,429.45,429.5,17950
2026-05-14 14:15:00,429.5,429.85,429.3,429.85,2739
2026-05-14 14:25:00,429.95,430.0,427.3,427.8,28309
2026-05-14 14:35:00,427.9,428.0,426.85,427.0,23755
2026-05-14 14:45:00,427.0,427.35,426.65,426.95,8320
2026-05-14 14:55:00,426.95,427.0,424.5,424.85,54345
2026-05-14 15:00:00,424.8,425.0,422.0,424.4,65364434
2026-05-14 15:05:00,424.9,425.7,422.0,425.4,58611
2026-05-14 15:10:00,424.4,426.5,423.9,426.3,105198590
2026-05-14 15:15:00,425.35,426.5,425.25,426.3,26509
2026-05-14 15:20:00,426.3,428.0,425.25,427.0,94736753
2026-05-14 15:25:00,425.85,426.75,425.25,426.4,15935
2026-05-15 09:15:00,436.4,443.9,431.05,443.35,539283
2026-05-15 09:20:00,434.15,448.85,433.75,442.45,535016874
2026-05-15 09:25:00,443.75,448.9,437.7,438.8,604152
2026-05-15 09:30:00,442.5,443.4,436.95,438.2,515733784
2026-05-15 09:35:00,438.9,440.7,436.95,439.05,153539
2026-05-15 09:40:00,438.45,442.7,437.85,440.9,437477417
2026-05-15 09:45:00,438.8,442.7,438.3,440.85,102585
2026-05-15 09:55:00,440.45,442.8,440.3,441.65,48013
2026-05-15 10:00:00,440.2,446.0,440.2,441.4,992350415
2026-05-15 10:10:00,441.4,442.0,440.15,440.55,649776530
2026-05-15 10:20:00,440.7,441.5,438.6,439.0,488164019
2026-05-15 10:30:00,438.65,440.2,438.55,439.1,522348171
2026-05-15 10:40:00,439.1,441.5,439.1,440.5,502755932
2026-05-15 10:50:00,440.5,447.95,440.5,445.0,1018620879
2026-05-15 11:40:00,440.5,442.65,439.35,442.6,719568064
2026-05-15 11:50:00,442.6,448.3,442.6,447.25,2508156046
2026-05-15 12:00:00,447.6,448.65,445.6,447.0,2085995792
2026-05-15 12:10:00,447.35,449.9,446.35,449.4,1516995849
2026-05-15 12:20:00,449.35,457.5,448.45,456.6,4145165930
2026-05-15 12:30:00,456.7,458.95,455.0,458.15,5322818176
2026-05-15 12:40:00,458.2,458.8,453.8,454.05,5366703015
2026-05-15 12:50:00,454.05,459.1,454.0,457.45,5656447023
2026-05-15 13:00:00,457.3,458.05,455.6,456.9,5069836620
2026-05-15 13:10:00,456.9,460.0,456.3,457.7,6532313237
2026-05-15 13:20:00,457.7,457.9,455.1,457.1,6157952582
2026-05-15 13:30:00,457.1,457.4,453.0,453.15,6090469590
2026-05-15 13:40:00,453.45,455.9,453.0,455.1,4379563290
2026-05-15 13:50:00,455.1,455.25,453.0,453.25,3754105669
2026-05-15 14:00:00,452.95,453.1,450.3,451.0,4809543329
2026-05-15 14:10:00,451.0,452.4,450.6,452.1,3265589439
2026-05-15 14:20:00,452.0,454.2,449.1,449.5,4064739889
2026-05-15 14:30:00,449.5,450.6,448.7,450.5,3638967698
2026-05-15 14:40:00,450.5,450.5,446.05,446.85,2962280893
2026-05-15 14:50:00,446.85,447.75,444.9,445.95,3069924994
2026-05-15 15:00:00,445.95,448.4,444.4,445.6,2672838040
2026-05-15 15:10:00,445.5,453.15,444.25,452.55,4015923753
2026-05-15 15:20:00,452.55,454.8,451.45,452.25,4125939484
2026-05-18 12:15:00,454.65,455.3,453.8,455.25,31066
2026-05-19 09:20:00,457.4,458.5,455.35,455.35,15875968
2026-05-19 09:30:00,456.05,457.3,454.0,454.2,29186897
2026-05-19 09:40:00,454.05,455.8,453.65,453.7,33199019
2026-05-19 09:50:00,454.0,455.35,453.25,454.3,47034706
2026-05-19 10:00:00,453.9,455.0,453.2,454.9,49424401
2026-05-19 10:10:00,454.95,455.25,453.65,453.65,48315511
2026-05-19 10:20:00,453.95,457.75,453.7,457.75,89222322
2026-05-19 10:30:00,458.15,458.35,456.1,457.3,98738363
2026-05-19 10:40:00,457.45,457.95,456.4,457.2,79426724
2026-05-19 10:50:00,457.2,458.15,456.6,456.9,85579639
2026-05-19 11:00:00,457.0,457.95,456.65,457.5,83848464
2026-05-19 11:10:00,457.5,457.65,456.7,456.7,83894193
2026-05-19 11:20:00,456.7,458.15,456.5,458.15,91060282
2026-05-19 11:30:00,458.35,461.0,458.2,458.5,153669856
2026-05-19 11:40:00,458.55,459.95,456.75,457.1,165197041
2026-05-19 11:50:00,456.95,457.95,456.8,457.65,150497168
2026-05-19 12:00:00,457.65,457.95,456.7,457.4,139627162
2026-05-19 12:10:00,457.4,457.75,456.9,457.35,151898757
2026-05-19 12:20:00,457.6,458.0,457.15,457.65,121866173
2026-05-19 12:30:00,457.55,458.9,456.9,457.55,141738065
2026-05-19 12:40:00,457.55,457.95,457.2,457.3,162962054
2026-05-19 12:50:00,457.3,457.9,457.2,457.65,147178212
2026-05-19 13:00:00,457.65,457.65,456.9,456.95,137705541
2026-05-19 13:10:00,456.95,457.0,455.05,455.55,209702184
2026-05-19 13:20:00,455.55,456.5,455.5,455.8,158905706
2026-05-19 13:30:00,455.6,455.85,454.35,454.65,138238136
2026-05-19 13:40:00,454.65,455.45,454.2,454.85,157318102
2026-05-19 13:50:00,454.85,455.2,454.5,454.75,152146344
2026-05-19 14:00:00,454.75,455.5,454.5,455.0,170671389
2026-05-19 14:10:00,455.0,455.2,454.5,454.75,150314258
2026-05-19 14:20:00,454.75,454.95,454.45,454.5,140858993
2026-05-19 14:30:00,454.5,455.85,454.2,455.0,161774623
2026-05-19 14:40:00,455.0,455.15,454.25,454.55,157893923
2026-05-19 14:50:00,454.55,454.95,454.0,454.25,167618362
2026-05-19 15:00:00,454.25,454.25,453.2,453.35,206176504
2026-05-19 15:10:00,453.4,453.9,453.0,453.1,192199139
2026-05-19 15:20:00,453.0,453.8,452.15,453.65,223776916
2026-05-20 09:20:00,448.65,449.4,445.3,446.4,15573046
2026-05-20 09:30:00,446.65,447.3,444.55,445.4,35012708
2026-05-20 09:40:00,445.6,445.6,444.55,445.45,44094647
2026-05-20 09:50:00,445.25,446.5,443.35,443.8,59198862
2026-05-20 10:00:00,443.75,443.8,442.55,442.95,68948394
2026-05-20 10:10:00,442.9,443.55,442.4,443.45,65135271
2026-05-20 10:20:00,443.45,443.75,442.8,443.45,71336008
2026-05-20 10:30:00,443.45,445.3,443.3,445.2,82394690
2026-05-20 10:40:00,445.2,445.5,444.5,444.9,86981990
2026-05-20 10:50:00,444.9,447.35,444.9,445.75,99216400
2026-05-20 11:00:00,445.75,446.2,445.1,445.5,98896290
2026-05-20 11:10:00,445.5,445.85,443.5,444.55,132760594
2026-05-20 11:20:00,444.55,445.4,444.15,444.65,115703072
2026-05-20 11:30:00,444.65,445.2,444.0,445.2,112110408
2026-05-20 11:40:00,445.0,445.8,444.8,445.6,111368232
2026-05-20 11:50:00,445.8,448.3,445.2,447.45,148090016
2026-05-20 12:00:00,447.45,447.75,446.15,446.45,132480041
2026-05-20 12:10:00,446.45,446.85,445.8,446.55,98534504
2026-05-20 12:20:00,446.55,447.5,446.0,447.4,117613684
2026-05-20 12:30:00,447.35,447.75,446.45,446.8,119397866
2026-05-20 12:40:00,446.8,446.85,445.85,445.85,122010991
2026-05-20 12:50:00,445.85,446.05,444.85,445.3,172443227
2026-05-20 13:00:00,445.1,445.4,444.65,444.65,128692215
2026-05-20 13:10:00,444.65,445.0,444.65,444.8,122917129
2026-05-20 13:20:00,444.8,445.0,444.0,444.0,142100142
2026-05-20 13:30:00,444.0,444.7,444.0,444.7,142187293
2026-05-20 13:40:00,444.65,444.7,444.25,444.65,129302258
2026-05-20 13:50:00,444.65,444.65,444.2,444.55,151194765
2026-05-20 14:00:00,444.65,445.0,444.45,444.7,122584007
2026-05-20 14:10:00,444.7,445.4,444.65,445.0,121904568
2026-05-20 14:20:00,445.0,445.8,445.0,445.75,135699352
2026-05-20 14:30:00,445.75,445.75,445.05,445.3,154086637
2026-05-20 14:40:00,445.3,445.7,445.0,445.1,131938248
2026-05-20 14:50:00,445.1,445.35,444.6,444.6,177100843
2026-05-20 15:00:00,444.6,444.75,443.55,443.95,241155274
2026-05-20 15:10:00,444.15,444.8,443.9,444.25,193681829
2026-05-20 15:20:00,444.25,444.75,444.0,444.0,246060912
2026-05-21 09:20:00,452.05,453.1,450.35,450.65,9891450
2026-05-21 09:30:00,450.5,451.0,448.55,449.95,14403290
2026-05-21 09:40:00,449.95,450.5,448.9,450.0,17646154
2026-05-21 09:50:00,450.3,452.45,449.95,451.65,22154867
2026-05-21 10:00:00,451.8,452.1,451.5,451.85,26039008
2026-05-21 10:10:00,451.85,453.0,450.55,450.55,30035499
2026-05-21 10:20:00,450.55,451.8,450.55,450.85,12898449
2026-05-21 10:30:00,450.85,450.85,449.7,449.8,31266027
2026-05-21 10:40:00,449.7,450.3,449.05,449.55,39924353
2026-05-21 10:50:00,449.55,449.95,448.8,448.8,31177161
2026-05-21 11:00:00,448.85,449.2,448.2,449.1,42352536
2026-05-21 11:10:00,448.9,450.7,448.2,449.5,47569333
2026-05-21 11:20:00,449.5,449.5,447.7,448.75,47889744
2026-05-21 11:30:00,448.75,449.3,448.4,448.6,43113404
2026-05-21 11:40:00,448.6,449.0,448.25,448.4,47547723
2026-05-21 11:50:00,448.4,448.55,447.35,447.35,66512461
2026-05-21 12:00:00,447.35,448.25,447.3,448.0,52078505
2026-05-21 12:10:00,448.0,448.2,447.25,447.75,47142103
2026-05-21 12:20:00,447.75,448.0,446.45,447.05,56709983
2026-05-21 12:30:00,447.05,447.05,446.15,446.25,51102787
2026-05-21 12:40:00,446.25,446.6,445.85,446.05,52945811
2026-05-21 12:50:00,446.05,446.4,445.55,446.0,52631156
2026-05-21 13:00:00,446.0,446.95,445.2,446.6,55156342
2026-05-21 13:10:00,446.6,447.5,446.55,447.4,66679299
2026-05-21 13:20:00,447.4,447.9,447.3,447.75,63863504
2026-05-21 13:30:00,447.75,448.65,446.6,447.45,65180327
2026-05-21 13:40:00,447.45,447.45,446.5,446.9,25455357
2026-05-21 13:45:00,446.95,447.45,446.5,446.95,4001
2026-05-21 13:55:00,446.7,447.15,446.35,446.9,13191
2026-05-21 14:05:00,446.75,446.85,446.5,446.8,1549
2026-05-21 14:10:00,446.8,447.0,446.3,446.75,69827558
2026-05-21 14:40:00,446.7,447.4,446.65,447.1,28084403
2026-05-21 14:50:00,447.1,447.45,447.1,447.25,61045954
2026-05-21 15:00:00,446.95,447.4,446.35,446.65,88230324
2026-05-21 15:10:00,447.1,447.2,446.25,446.6,87776732
2026-05-21 15:20:00,446.6,446.8,445.65,446.0,91060160
